word,sentence,kannada_meaning,english_meaning,is_correct,annotator,timestamp
ಅಕ್ಷರ,"ಅವರು ಚಕ್ರವರ್ತಿ ಎನಿಸಿಕೊಂಡಳು ಮೊದಲು ಸುಧಾರಕ ತ್ಸಾರ್ ಪೀಟರ್ I ರೊಂದಿಗೆ ರಶಿಯಾದಲ್ಲಿ ಸಾಂಕೇತಿಕಾಕ್ಷರಗಳನ್ನೊಳಗೊಂಡಿದೆ ನೋಟವನ್ನು ಸಾಮಾನ್ಯವಾಗಿ ಸಂಬಂಧ, ವೈಯಕ್ತಿಕ ಸಾಂಕೇತಿಕಾಕ್ಷರಗಳ ಪೀಟರ್ ನಾನು ಲ್ಯಾಟಿನ್ ಅಕ್ಷರ ಪಿ ಪ್ರತಿಬಿಂಬದ ಒಳಗೊಂಡಿತ್ತು.",ಲಿಪಿ,Font,Yes,Darshan R K,2025-02-08 19:10:34
ಅಕ್ಷರ,"ಯಾವಾಗಲೋ ತಂದಿಟ್ಟುಕೊಂಡಿದ್ದ ಎರಡೂವರೆ ರೂಪಾಯಿಯ ತಿಳಿನೀಲಿ ಅಂತರ್ದೇಶಿ ಪತ್ರದಲ್ಲಿ, ಸಾಲು ಡೊಂಕಾಗದ ಹಾಗೆ, ಒತ್ತಕ್ಷರ ಕೆಳಗಿನ ಸಾಲಿಗೆ ಅಡ್ಡಿಪಡಿಸದ ಹಾಗೆ, ಅಕ್ಷರ ವಕ್ರ ಹೋಗದ ಹಾಗೆ, ವ್ಯಾಕರಣ ತಪ್ಪಾಗದ ಹಾಗೆ ಎಚ್ಚರಿಕೆಯಿಂದ ಯೋಚಿಸಿ ಯೋಚಿಸಿ ಬರೆಯುತ್ತಿದ್ದಾಳೆ.",ಲಿಪಿ,Font,Yes,Darshan R K,2025-02-08 19:10:34
ಅಕ್ಷರ,"ಇನ್ನು ತುಳು ಓದಲು ಬರೆಯಲು ಆಸಕ್ತಿ ಇರುವವರಿಗಾಗಿ ಸ್ವರಗಳು, ವ್ಯಂಜನಗಳು, ಇತರ ಅಕ್ಷರಗಳು, ಲೇಖನ ಚಿಹ್ನೆಗಳು, ಉದ್ಧರಣ ಚಿಹ್ನೆಗಳು ಹಾಗೂ ಅಕ್ಷರ ಬಳಕೆಯ ವಿಧಾನಗಳನ್ನು ಕೂಡ ಇದರಲ್ಲಿ ವಿವರಿಸಲಾಗಿದೆ.",ಲಿಪಿ,Font,Yes,Darshan R K,2025-02-08 19:10:34
ಅಕ್ಷರ,"ಇದರ ಜೊತೆಯಲ್ಲಿ, ಅಕ್ಷರ ಬರವಣಿಗೆಯಲ್ಲಿ ಸ್ವರಗಳ ಹೆಸರಿನ ಹಲವು ರೂಢಿಗಳು ಒತ್ತಡದ ಉಪಸ್ಥಿತಿ ಅಥವಾ ಅನುಪಸ್ಥಿತಿಯನ್ನು ಅವಲಂಬಿಸಿರುತ್ತದೆ.",ಲಿಪಿ,Font,Yes,Darshan R K,2025-02-08 19:10:35
ಅಕ್ಷರ,ಅದೇ ಯೋಜನೆಯ ಪ್ರಕಾರ ಮತ್ತು ದೊಡ್ಡ ಅಕ್ಷರ ಡಿ ಚಿತ್ರಿಸುವ ಲೋಗೋ ಮಾಸ್ಕೋ ಡೈನಮೊ ಹೋದರು.,ಲಿಪಿ,Font,Yes,Darshan R K,2025-02-08 19:10:35
ಅಕ್ಷರ,ಅದೂ ಅಕ್ಷರ ರೂಪದ ಮಾತೇ ಅಲ್ಲವೇ?,ಲಿಪಿ,Font,Yes,Darshan R K,2025-02-08 19:10:35
ಅಕ್ಷರ,ಮಕ್ಕಳು ಇಂಗ್ಲಿಷ್‌ ಅಕ್ಷರ ಗುರುತಿಸುತ್ತಾರೆ.,ಲಿಪಿ,Font,Yes,Darshan R K,2025-02-08 19:10:35
ಅಕ್ಷರ,"ಸಮಾಜ ಕಲ್ಯಾಣ ಇಲಾಖೆಯಲ್ಲಿ ಅಕ್ಷರ ಬರದವರಿಗೆ ವಾರ್ಡನ್ ಜವಾಬ್ದಾರಿ ನೀಡಿದ್ದು, ಅವರ ಬದಲಿಗೆ ಹೊಸದಾಗಿ ನೇಮಕವಾಗಿರುವ ಅಡುಗೆಯವರು ಪಿಯುಸಿ, ಪದವಿ ಶಿಕ್ಷಣ ಪಡೆದಿದ್ದು, ಅಂತಹವರಿಗೆ ಜವಾಬ್ದಾರಿ ನೀಡುವಂತೆ ಸಮಾಜ ಕಲ್ಯಾಣ ಇಲಾಖೆಯ ಜಂಟಿ ನಿರ್ದೇಶಕರಾದ ಸಿಂಧು ಅವರಿಗೆ ತಿಳಿಸಿದರು.",ಲಿಪಿ,Font,Yes,Darshan R K,2025-02-08 19:10:35
ಅಕ್ಷರ,"- ಹೆಸರು ಆರಂಭದಲ್ಲಿ ಅಕ್ಷರ ಅಥವಾ ಅಂಕಿಯ ಎಂದು, ಮತ್ತು ಇದು ಬಾಹ್ಯಾಕಾಶ ಮತ್ತು ವಿಶೇಷ ಐಟಂಗಳನ್ನು ಜೊತೆಗೆ, ಯಾವುದೇ ASCII ಅಕ್ಷರ ಹಾಜರಿದ್ದರು ಮಾಡಬಹುದು ಇನ್ ಮಾಡಬೇಕು;",ಲಿಪಿ,Font,Yes,Darshan R K,2025-02-08 19:10:35
ಅಕ್ಷರ,ಈ ಗ್ರಂಥವನ್ನು ಅಂದವಾಗಿ ಅಕ್ಷರ ಜೋಡಣೆ ಹಾಗೂ ಮುದ್ರಣ ಮಾಡಿಕೊಟ್ಟ ಮಿತ್ರರಿಗೂ ವಂದನೆಗಳು,ಲಿಪಿ,Font,Yes,Darshan R K,2025-02-08 19:10:35
ಅಕ್ಷರ,"ನೀವು ಚಿತ್ರವನ್ನು ತೆರೆಯಲು, ನೀವು ಏನು ಅರ್ಥಮಾಡಿಕೊಳ್ಳುವ, ಆದರೆ ಆಟದ ಉದಾಹರಣೆಗೆ ಕೈಯನ್ನು, ಕಣ್ಣು, ಕಿರೀಟವನ್ನು ಹೀಗೆ ಪುಟ್ಟ ಅಂಶಗಳನ್ನು ಸೆಟ್ ಲೋಡ್ ವೇಳೆ, ಕಂಪ್ಯೂಟರ್ ಅಕ್ಷರ ರೂಪ ಗುರುತಿಸುತ್ತದೆ ಮತ್ತು ನಿಮ್ಮ ಪ್ರಮುಖ ಪಾತ್ರ ಇದು ಅನ್ವಯಿಸುವುದಿಲ್ಲ.",ಲಿಪಿ,Font,Yes,Darshan R K,2025-02-08 19:10:35
ಅಕ್ಷರ,ಇತಿಹಾಸದ ಪುಟಗಳಲ್ಲಿ ಅಕ್ಷರ ಬರೆಸಿಕೊಂಡಿರುವ ಕಿತ್ತೂರನ್ನು ಅಕ್ಟೋಬರ್ 25ರಂದು 177ನೇ ತಾಲೂಕಾಗಿ ಮುಖ್ಯಮಂತ್ರಿ ಜಗದೀಶ್ ಶೆಟ್ಟರ್ ಅವರು ಘೋಷಿಸಿದ್ದಾರೆ.,ಲಿಪಿ,Font,Yes,Darshan R K,2025-02-08 19:10:35
ಅಕ್ಷರ,ಸಹಿಯ ಮೊದಲ ಅಕ್ಷರ ದೊಡ್ಡದಿದ್ದರೆ :ಹೆಚ್ಚಾಗಿ ನಾಯಕತ್ವದ ಲಕ್ಷಣಗಳನ್ನು ಹೊಂದಿರುತ್ತೀರಿ(ಮಹಾತ್ಮ ಗಾಂಧಿ ಸಹಿಯಲ್ಲಿ ಮೊದಲ ಅಕ್ಷರದ ಗಾತ್ರ ದೊಡ್ಡದಾಗಿತ್ತು),ಲಿಪಿ,Font,Yes,Darshan R K,2025-02-08 19:10:35
ಅಕ್ಷರ,ಇಂಗ್ಲೀಷ್ ಅಕ್ಷರ ಯೂ ಆಕಾರದಲ್ಲಿರುವ ಕಣಿವೆ ಪ್ರದೇಶದಲ್ಲಿದೆ.,ಲಿಪಿ,Font,Yes,Darshan R K,2025-02-08 19:10:35
ಅಕ್ಷರ,ಈ ಬಗ್ಗೆಯೂ ಕನ್ನಡ ಐಟಿ ಕಾರ್ಯಕರ್ತರೂ ಕೆಲವು ತಂತ್ರಾಂಶಗಳನ್ನು ರೂಪಿಸಿದ್ದು ಅವುಗಳನ್ನು ವಿಶೇಷವಾಗಿ ಕನ್ನಡದ ಅಕ್ಷರ ಜೋಡಣೆಯು ಬಳಕೆದಾರ ಸ್ನೇಹಿಯಾಗಿದೆ.,ಲಿಪಿ,Font,Yes,Darshan R K,2025-02-08 19:10:35
ಅಕ್ಷರ,"ಫೋನ್‌ ಪರದೆಯ ಮೇಲೆ ಮೋರ್ಸ್‌ ಸಂಕೇತಗಳನ್ನು ತಟ್ಟುವ ಮೂಲಕ ಬರೆದರೆ ಅದು ಅಕ್ಷರ ರೂಪ ಪಡೆದು, ನಂತರ ಧ್ವನಿಯಾಗಿ ಇನ್ನೊಂದು ತುದಿಯಲ್ಲಿರುವವರಿಗೆ ರವಾನೆಯಾಗುತ್ತದೆ.",ಲಿಪಿ,Font,Yes,Darshan R K,2025-02-08 19:10:35
ಅಕ್ಷರ,ಅವುಗಳಲ್ಲಿ ಮೊದಲೆರಡು (ಕ್+ಕ್) ವ್ಯಂಜನಗಳಾಗಿದ್ದು ಕೊನೆಯಲ್ಲಿರುವ ಅಕ್ಷರ (ಅ) ಸ್ವರವಾಗಿದೆ.,ಲಿಪಿ,Font,Yes,Darshan R K,2025-02-08 19:10:35
ಅಕ್ಷರ,"ಅನನುಭವಿ ಖಗೋಳಶಾಸ್ತ್ರಜ್ಞರು ಸಾಮಾನ್ಯವಾಗಿ ದೃಢವಾಗಿ ಗೊತ್ತು ಕೇವಲ 5 ಪ್ರಕಾಶಮಾನವಾದ ನಕ್ಷತ್ರಗಳು, ವಿಶಿಷ್ಟ ಆಕಾರಕ್ಕೆ ಲ್ಯಾಟಿನ್ ಅಕ್ಷರ «ವಾಟ್» ಇದೇ ರೂಪಿಸುವ.",ಲಿಪಿ,Font,Yes,Darshan R K,2025-02-08 19:10:35
ಅಕ್ಷರ,"ಟೈರ್ ಗರಿಷ್ಟ ವೇಗವರ್ಧಕವನ್ನು ಪದನಾಮವನ್ನು ರಂದು ವೇಗದ ಮಿತಿಯನ್ನು ಸೂಚಿಸುತ್ತದೆ, ಲ್ಯಾಟಿನ್ ಅಕ್ಷರಮಾಲೆಯ ಒಂದು ಅಕ್ಷರ ಗುರುತಿಸಲಾಗಿದೆ.",ಲಿಪಿ,Font,Yes,Darshan R K,2025-02-08 19:10:35
ಅಕ್ಷರ,ಈ ಟೆಂಪ್ಲೆಟ್ಗಳು ಅಕ್ಷರ ಗಾತ್ರದ ಸುದ್ದಿಪತ್ರಗಳಿಗೆ ಮಾತ್ರ ಮತ್ತು ಇವುಗಳಿಗಾಗಿ ಟೆಂಪ್ಲೆಟ್ಗಳನ್ನು ಒಳಗೊಂಡಿವೆ:,ಲಿಪಿ,Font,Yes,Darshan R K,2025-02-08 19:10:35
ಅಕ್ಷರ,"ಅಜ್ಜಿ ಹೇಳುತ್ತಿದ್ದ ರಾಜ ರಾಣಿಯರ ಕಥೆಗಳು, ಅಮೇಲೆ ಅಕ್ಷರ ಅಕ್ಷರ ಜೋಡಿಸಿಕೊಂಡು ಓದುತ್ತಿದ್ದ ಚಂದಮಾಮ, ಬಾಲಮಿತ್ರದ ಸಣ್ಣ ಕಥೆಗಳು, ತಿಂಡಿ ತಿನ್ನುವಾಗ, ಶಾಲಾ ಕಾಲೇಜಿನಿಂದ ಬಂದ ಕೂಡಲೇ, ಪಕ್ಕದ ಮನೆ ಆಂಟಿ ದೊಡ್ಡ ಮನಸ್ಸು ಮಾಡಿ ಕೊಟ್ಟಾಗ ಅವಸರವಸರವಾಗಿ ಓದುತ್ತಿದ್ದ ಸುಧಾ, ತರಂಗ, ಪ್ರಜಾಮತ, ಮಯೂರು, ತುಷಾರಗಳ ಕಥೆಗಳು, ಭಾನುವಾರಕ್ಕಾಗಿ ಕಾದು ಸಾಪ್ತಾಹಿಕದಲ್ಲಿ ಓದುತ್ತಿದ್ದ ವಾರದ ಕಥೆಗಳು ಇತ್ಯಾದಿ.",ಲಿಪಿ,Font,Yes,Darshan R K,2025-02-08 19:10:35
ಅಕ್ಷರ,"ಪಠ್ಯ ಗುರುತಿಸುವಿಕೆ ಕಾರ್ಯಕ್ರಮಗಳು ಹಲವು ಅಕ್ಷರ ಮತ್ತು ಫಾಂಟ್ಗಳನ್ನು ಗುರುತಿಸುತ್ತವೆ, ಆದರೆ ಮಾನವರು ಇನ್ನೂ ಉತ್ತಮವಾಗಿದ್ದಾರೆ.",ಲಿಪಿ,Font,Yes,Darshan R K,2025-02-08 19:10:35
ಅಕ್ಷರ,ಕಂಪ್ಯೂಟರಿನಲ್ಲಿ ಕನ್ನಡ ಅಕ್ಷರ ಕಂಪ್ಯೂಟರ್ ಪ್ರಪಂಚದಲ್ಲಿ ಕನ್ನಡ ಮೊದಲಿಗೆ ಬಳಕೆ ಯಾಗಿದ್ದು ಇಂಗ್ಲಿಷ್‌ ಲಿಪಿಯ ಮೂಲಕ.,ಲಿಪಿ,Font,Yes,Darshan R K,2025-02-08 19:10:35
ಅಕ್ಷರ,ವಾಸ್ತವವಾಗಿ ಸೈದ್ಧಾಂತಿಕ ಸೂಚ್ಯಂಕ ಸರಬರಾಜು ಗಾಳಿಯ ಆದರ್ಶ ಅನುಪಾತ ಗ್ರೀಕ್ ಅಕ್ಷರ λ (ಲಾಂಬ್ಡಾದೊಂದಿಗೆ) ಗೊತ್ತುಪಡಿಸಿದ ಮಾಡಬಹುದು.,ಲಿಪಿ,Font,Yes,Darshan R K,2025-02-08 19:10:35
ಅಕ್ಷರ,"ಅಂದರೆ, ಈವರೆಗೆ ನಾವು ಅಕ್ಷರ ವೃತ್ತ ಛಂದವನ್ನು ಆರಂಭದಲ್ಲಿ ಗಮನಿಸಿದೆವು; ಅನಂತರ ಮಾತ್ರಾಕ್ಷರ ವೃತ್ತವಾದ ಕಂದವನ್ನು ಗಮನಿಸಿದೆವು.",ಲಿಪಿ,Font,Yes,Darshan R K,2025-02-08 19:10:35
ಅಕ್ಷರ,ಚಿಕ್ಕಮಗಳೂರು: ಸೇವಾ ಭದ್ರತೆ ಸೇರಿ ವಿವಿಧ ಬೇಡಿಕೆ ಈಡೇರಿಸಲು ಆಗ್ರಹಿಸಿ ಅಕ್ಷರ ದಾಸೋಹ ಬಿಸಿಯೂಟ ಕಾರ್ಯಕರ್ತರು ಎಐಟಿಯುಸಿ ನೇತೃತ್ವದಲ್ಲಿ ಮಾ.,ವಿದ್ಯೆ,Education,Yes,Darshan R K,2025-02-08 19:19:43
ಅಕ್ಷರ,ಗಡಿಯಲ್ಲಿರುವ ಪ್ರಾಥಮಿಕ ಶಾಲೆಯ ಅನೇಕ ಮಕ್ಕಳಿಗೆ ಅಕ್ಷರ ಜ್ಞಾನವೇ ಇಲ್ಲ.,ವಿದ್ಯೆ,Education,Yes,Darshan R K,2025-02-08 19:19:43
ಅಕ್ಷರ,ಅದೂ ಸಿಕ್ಕರೆ ಉಂಟು ಇಲ್ಲದಿದ್ದರೆ ಇಲ್ಲ~ ಎಂದರು ಅಕ್ಷರ ಭಾಗ್ಯದಿಂದ ವಂಚಿತರಾದ ವೆಂಕಟೇಶ.,ವಿದ್ಯೆ,Education,Yes,Darshan R K,2025-02-08 19:19:43
ಅಕ್ಷರ,"ಮಂಟೇಸ್ವಾಮಿ, ಮಾದೇಶ್ವರರ ಕಥಾ ಪ್ರಸಂಗಗಳನ್ನು ಸೃಷ್ಟಿಸಿರುವ ಜಾನಪದರು ಅಕ್ಷರ ಕಲಿತವರಲ್ಲ.",ವಿದ್ಯೆ,Education,Yes,Darshan R K,2025-02-08 19:19:43
ಅಕ್ಷರ,"ಪಟ್ಟಣದ ತಾಲ್ಲೂಕು ಪಂಚಾಯಿತಿ ಕಚೇರಿ ಸಭಾಂಗಣದಲ್ಲಿ ಸೋಮವಾರ ಏರ್ಪಡಿಸಿದ್ದ ವಿಶ್ವ ಸಾಕ್ಷರತಾ ದಿನಾಚರಣೆ ಸಮಾರಂಭ ಉದ್ಘಾಟಿಸಿ ಮಾತನಾಡಿ, ಭೂಮಿಗೆ ಬಿದ್ದ ಬೀಜ, ಎದೆಗೆ ಬಿದ್ದ ಅಕ್ಷರ ಎಂದೂ ವ್ಯರ್ಥವಾಗುವುದಿಲ್ಲ ಎಂದುಹೇಳಿದರು.",ವಿದ್ಯೆ,Education,Yes,Darshan R K,2025-02-08 19:19:43
ಅಕ್ಷರ,Home ಕನ್ನಡ ವಾರ್ತೆಗಳು ಕರ್ನಾಟಕ ಕನ್ನಡ ಮಾತು ಅಕ್ಷರ ರೂಪಕ್ಕಿಳಿಸುವ ಆ್ಯಪ್‌…!,ವಿದ್ಯೆ,Education,Yes,Darshan R K,2025-02-08 19:19:43
ಅಕ್ಷರ,ಅಕ್ಷರ ವಂಚಿತನಾಗಿದ್ದ ನಾನು ಶಿಕ್ಷಣದ ಅರಿವಿನ ಹಂಚಿಕೆಗಾಗಿ ಹಲವರಿಂದ ಸಹಾಯ ಪಡೆದುಕೊಂಡು ಶಾಲೆಯನ್ನು ಕಟ್ಟಿದ್ದೇನೆ.,ವಿದ್ಯೆ,Education,Yes,Darshan R K,2025-02-08 19:19:43
ಅಕ್ಷರ,ಅಕ್ಷರ ತೋರುವ ವಿಕಾಸದ ಹಾದಿ,ವಿದ್ಯೆ,Education,Yes,Darshan R K,2025-02-08 19:19:43
ಅಕ್ಷರ,ಅವರೊಬ್ಬ ಅಕ್ಷರ ವಿದ್ಯಾರಣ್ಯ.,ವಿದ್ಯೆ,Education,Yes,Darshan R K,2025-02-08 19:19:43
ಅಕ್ಷರ,ಹೀಗೆ ಮುಂದುವರಿದ ಅವರ ಅಕ್ಷರ ಜ್ಞಾನ ಮೈಸೂರು ವಿಶ್ವವಿದ್ಯಾಲಯದಲ್ಲಿ ಜೀವ ವಿಜ್ಞಾನ ವಿಭಾಗದಲ್ಲಿ ಪದವಿ ಪಡೆಯುವವರೆಗೆ ಮುಂದುವರಿಯಿತು.,ವಿದ್ಯೆ,Education,Yes,Darshan R K,2025-02-08 19:19:43
ಅಕ್ಷರ,ಅಲ್ಪಸ್ವಲ್ಪ ಅಕ್ಷರ ಜ್ಞಾನವನ್ನು ಪಡೆಯುವುದರ ಮೂಲಕ ತಮ್ಮ ಹಕ್ಕುಗಳೇನು?,ವಿದ್ಯೆ,Education,Yes,Darshan R K,2025-02-08 19:19:43
ಅಕ್ಷರ,ಅಕ್ಷರ ಜ್ಞಾನದಿಂದ ಬಹುಪಾಲು ಬೇಡತಿಯರು ಬಹುಕಾಲ ವಂಚಿತರಾಗಿದ್ದಾಗಲೂ ವ್ಯವಹಾರ ಜ್ಞಾನದಲ್ಲಿ ಸಿದ್ದಿಯನ್ನು ಪಡೆದಿದ್ದಾರೆ.,ವಿದ್ಯೆ,Education,Yes,Darshan R K,2025-02-08 19:19:43
ಅಕ್ಷರ,"ತುಳಿತಕ್ಕೊಳಗಾದವರಿಗೆ ಧಾರ್ಮಿಕ ಸಂಸ್ಕಾರ, ಅಕ್ಷರ ಜ್ಞಾನ ಕೊಟ್ಟು ಅವರನ್ನು ಮುಖ್ಯವಾಹಿನಿಗೆ ತರುವ ಕೆಲಸ ಈಗಲೂ ಮಾಡುತ್ತಿದೆ.",ವಿದ್ಯೆ,Education,Yes,Darshan R K,2025-02-08 19:19:43
ಅಕ್ಷರ,ಶಿಕ್ಷಣ ಇವರಿಗೆ ಕೇವಲ ಅಕ್ಷರ ಜ್ಞಾನವಾಗಿ ಕಾಣಿಸಲಿಲ್ಲ.,ವಿದ್ಯೆ,Education,Yes,Darshan R K,2025-02-08 19:19:44
ಅಕ್ಷರ,ಅಕ್ಷರ ಜ್ಞಾನ ಇಲ್ಲದಿದ್ದರೂ ಶಾರದಾದೇವಿಗೆ ತಿಳುವಳಿಕೆ ತುಂಬಾ ಇತ್ತು.,ವಿದ್ಯೆ,Education,Yes,Darshan R K,2025-02-08 19:19:44
ಅಕ್ಷರ,"ಆದರೆ ಅಕ್ಷರ ಜ್ಞಾನ, ಕಾನೂನಿನ ಅರಿವು ಇಲ್ಲದ ನಮಗೆ ಕೆಲವರು ವಂಚಿಸಿ ಜೀವ ಬೇದರಿಕೆಯೊಡ್ಡಿ ಕಲ್ಲುಗಣಿಗಾರಿಕೆ ನಡೆಸುತ್ತಿದ್ದಾರೆ.",ವಿದ್ಯೆ,Education,Yes,Darshan R K,2025-02-08 19:19:44
ಅಕ್ಷರ,"ಅವರ ಆಶಯದಂತೆ ಗುಡಿಸಲಿನೊಳಗೆ ಅಕ್ಷರ ಜ್ಞಾನಿಗಳೇನೊ ಉದಯಿಸಿದರು, ಆದರೆ ಅದರ ನಂತರದ ಆಶಯಗಳು ಏನಾದವು ?",ವಿದ್ಯೆ,Education,Yes,Darshan R K,2025-02-08 19:19:44
ಅಕ್ಷರ,"ಹಿರಿಯ ಪತ್ರಕರ್ತ, ರಾಜ್ಯ ಮಹಿಳಾ ವಿಶ್ವವಿದ್ಯಾಲಯದ ಸಿಂಡಿಕೇಟ ಸದಸ್ಯ ರಫೀಕ್ ಬಂಡಾರಿ ಮಾತನಾಡಿ ಪ್ರತಿ ಕುಟುಂಬ ಶಿಕ್ಷಣ ಪಡೆಯಬೇಕು, ಅಕ್ಷರ ಜ್ಞಾನದಿಂದ ಬದುಕನ್ನು ಕಟ್ಟಿಕೊಳ್ಳಬೇಕು ಎಂಬುದು ಮೌಲಾನಾ ಆಝಾದರ ಕನಸಾಗಿತ್ತು, ಶಿಕ್ಷಣದ ಹಕ್ಕು ಅಸಹಾಯಕರು, ದುರ್ಬಲರು, ಹಾಗೂ ಬಡವರಿಗೆ ನಿಲುಕದ ವಿಷಯವಾಗಿದೆ ಎಂದು ವಿಷಾದಿಸಿದರು.",ವಿದ್ಯೆ,Education,Yes,Darshan R K,2025-02-08 19:19:44
ಅಕ್ಷರ,ಮನುಷ್ಯನಿಗೆ ವೀರಶೈವ ಮಠಗಳು ವಿದ್ಯಾಸಂಸ್ಥೆಗಳನ್ನು ಸ್ಥಾಪಿಸಿ ಅಕ್ಷರ ಜ್ಞಾನ ದಾಸೋಹ ನೀಡಿ ಸಮಾಜದ ಅಭ್ಯುದಯಕ್ಕೆ ಶ್ರಮಿಸದೆ ಇದ್ದರೆ ಇಂದು ಸಮಾಜ ಅಂಧಕಾರದಲ್ಲಿ ಇರಬೇಕಾಗಿತ್ತು.,ವಿದ್ಯೆ,Education,Yes,Darshan R K,2025-02-08 19:19:44
ಅಕ್ಷರ,ಕಾರಾಗೃಹದಲ್ಲಿ ಅಕ್ಷರ ಜ್ಞಾನಾರ್ಜನೆ- ಸಾಕ್ಷರ ಕೈದಿಗಳಿಂದ ಅನಕ್ಷರಸ್ಥ ಕೈದಿಗಳಿಗೆ ಪಾಠ,ವಿದ್ಯೆ,Education,Yes,Darshan R K,2025-02-08 19:19:44
ಅಕ್ಷರ,ಅಕ್ಷರ ಜ್ಞಾನದ ಮಹತ್ವ ಅರಿತು ತಮ್ಮ ಮಕ್ಕಳನ್ನು ಶಾಲೆಗೆ ಕಳುಹಿಸುತ್ತಿದ್ದಾರೆ.,ವಿದ್ಯೆ,Education,Yes,Darshan R K,2025-02-08 19:19:44
ಅಕ್ಷರ,ಅಕ್ಷರ ಜ್ಞಾನ ಮತ್ತು ಶಿಕ್ಷಣ ಅವುಗಳಷ್ಟಕ್ಕೆ ಅವು ಮಹತ್ವ ಪಡೆದಿರುವ ಸಂಗತಿಗಳಾಗಿವೆ.,ವಿದ್ಯೆ,Education,Yes,Darshan R K,2025-02-08 19:19:44
ಅಕ್ಷರ,"ಆದರೆ ಕೇಂದ್ರ ಸರ್ಕಾರ ಈಗ ಕೌಶಲ ತರಬೇತಿ ನೀಡುವುದಾಗಿ ಘೋಷಿಸಿದ ನಂತರ, ನಾವು ಕೇವಲ ಅಕ್ಷರ ಜ್ಞಾನ ನೀಡುವ ಕಡೆ ಗಮನ ಹರಿಸುತ್ತಿದ್ದೇವೆ ಎಂದರು.",ವಿದ್ಯೆ,Education,Yes,Darshan R K,2025-02-08 19:19:44
ಅಕ್ಷರ,ಕೇವಲ ಅಕ್ಷರ ಜ್ಞಾನದಿಂದ ಸಮಸ್ಯೆಗಳು ಪರಿಹಾರವಾಗುವುದಿಲ್ಲ.,ವಿದ್ಯೆ,Education,Yes,Darshan R K,2025-02-08 19:19:44
ಅಕ್ಷರ,"ರಮಾನಾಥ ರೈ, ಅಕ್ಷರ ಜ್ಞಾನದಿಂದ ಮಾತ್ರ ಶೋಷಣೆ ಮುಕ್ತ ಸಮಾಜ ನಿರ್ಮಾಣವಾಗಲಿದೆ.",ವಿದ್ಯೆ,Education,Yes,Darshan R K,2025-02-08 19:19:44
ಅಕ್ಷರ,ದಲಿತ ವಚನಕಾರರು ಅಕ್ಷರ ಜ್ಞಾನ ಪಡೆದು ಸಾಹಿತ್ಯ ರಚಿಸುವ ಮೂಲಕ ಎಲ್ಲ ಸಮುದಾಯದವರು ಒಂದೇ ಎಂದು ಸಾರಿದರು.,ವಿದ್ಯೆ,Education,Yes,Darshan R K,2025-02-08 19:19:44
ಅಕ್ಷರ,ಪ್ರತಿಯೊಬ್ಬರಿಗೂ ಅಕ್ಷರ ಜ್ಞಾನ ಸಿಗಬೇಕು ಎಂದು ಹೇಳಿದರು.,ವಿದ್ಯೆ,Education,Yes,Darshan R K,2025-02-08 19:19:44
ಅಕ್ಷರ,ಅಷ್ಟರಲ್ಲಿ ಮಕ್ಕಳು ಕಲಿತ ಅಕ್ಷರ ಜ್ಞಾನವನ್ನು ಮರೆಯುತ್ತಾರೆ.,ವಿದ್ಯೆ,Education,Yes,Darshan R K,2025-02-08 19:19:44
ಅಕ್ಷರ,ಮೂರುವರೆ ತಿಂಗಳ ಹಿಂದೆ ಅಕ್ಷರ ಜ್ಞಾನ ಹೇಳಿಕೊಟ್ಟರೆ ಸಂಕೇತನಿಗೆ ಒಮ್ಮೆಲೇ ತಲೆಗೆ ಹತ್ತುತ್ತಿರಲಿಲ್ಲ.,ವಿದ್ಯೆ,Education,Yes,Darshan R K,2025-02-08 19:19:44
ಅಕ್ಷರ,"ಎರಡು, ಆ ಕಾರಣದಿಂದ ಬಾಲ್ಯಾವಸ್ಥೆಯಲ್ಲಿಯೇ ಹುಡುಗ ತುಂಬಿ ಚುರುಕಾಗಿ ಅಕ್ಷರ ಜ್ಞಾನ ಹೊಂದಿದ್ದು.",ವಿದ್ಯೆ,Education,Yes,Darshan R K,2025-02-08 19:19:44
ಅಕ್ಷರ,ಅಕ್ಷರ ಜ್ಞಾನವಿಲ್ಲದಿದ್ದರೂ ವೈದ್ಯಕೀಯ ಕ್ಷೇತ್ರವೇ ಅಚ್ಚರಿಯಾಗುವಂತಹ ಸಾಧನೆ ಮಾಡಿರುವ ಇವರು ವಯೋಸಹಜ ಅನಾರೋಗ್ಯಕ್ಕೆ ತುತ್ತಾಗಿರುವ ಇವರಿಗೆ 36 ಮೊಮ್ಮಕ್ಕಳಿದ್ದಾರೆ.,ವಿದ್ಯೆ,Education,Yes,Darshan R K,2025-02-08 19:19:44
ಅಕ್ಷರ,"ಅಕ್ಷರ ಜ್ಞಾನದಿಂದ ವಂಚಿತವಾದ ಸಮುದಾಯದಿಂದ ಬಂದು ವಿಶ್ವಜ್ಞಾನಿಯಾಗಿ ರೂಪುಗೊಂಡ ಬಾಬಾ ಸಾಹೇಬರ ಶ್ರಮ, ಹೋರಾಟ ಹಾಗೂ ಅವರ ವ್ಯಕ್ತಿತ್ವಇಂದಿನ ದಿನ ವಿದ್ಯಾರ್ಥಿಗಳಿಗೆ ದಾರಿದೀಪವಾಗಬೇಕು ಎಂದರು.",ವಿದ್ಯೆ,Education,Yes,Darshan R K,2025-02-08 19:19:44
ಅಕ್ಷರ,"ಈ ಕಲಿಕೆ ಅಕ್ಷರ ಜ್ಞಾನರಹಿತ, ಜೀವನ ಜ್ಞಾನಭರಿತವಾಗಿದ್ದು, ಜನಪದ ಜನಸಾಮಾನ್ಯರ ಸಂಸ್ಕøತಿ ಕೋಶವಾಗಿತ್ತು ಎಂದರು.",ವಿದ್ಯೆ,Education,Yes,Darshan R K,2025-02-08 19:19:44
ಅಕ್ಷರ,"ದೇವಸ್ಥಾನಗಳಲ್ಲಿ ದೇವರು ಕಣ್ಮುಂದೆ ಇಲ್ಲದಿದ್ದರೂ ನಾವು ಭಕ್ತಿ, ನಂಬಿಕೆಯಿಂದ ಕೈ ಮುಗಿಯುತ್ತೇವೆ, ಶಾಲೆಗಳೆಂದರೆ ಅಕ್ಷರ ಜ್ಞಾನ ನೀಡುವ ಇಲ್ಲಿ ಕಲಿಸುವ ಶಿಕ್ಷಕರಿಂದಾಗಿ ಮಾತನಾಡುವ ದೇಗುಲಗಳಾಗಿದ್ದು ಭಯ, ಭಕ್ತಿ, ಗೌರವ ಅಗತ್ಯ ಎಂದು ಹೇಳಿದರು.",ವಿದ್ಯೆ,Education,Yes,Darshan R K,2025-02-08 19:19:44
ಅಕ್ಷರ,ಅನಕ್ಷರಸ್ಥರಿಗೆ ಅಕ್ಷರ ಜ್ಞಾನವನ್ನು ಕಲ್ಪಿಸುವುದು.,ವಿದ್ಯೆ,Education,Yes,Darshan R K,2025-02-08 19:19:44
ಅಕ್ಷರ,ಗರೂಡರು ನಾಟಕಗಳನ್ನು ಅಭಿನಯಿಸುತ್ತಿದ್ದ ಕಾಲದಲ್ಲಿ ನೂರ ಮಂದಿಯಲ್ಲಿ ಹತ್ತು ಮಂದಿಗೆ ಅಕ್ಷರ ಜ್ಞಾನ ಇತ್ತು.,ವಿದ್ಯೆ,Education,Yes,Darshan R K,2025-02-08 19:19:45
ಅಡಿ,"ಮುಜರಾಯಿ ಇಲಾಖೆಗೆ ಒಳಪಟ್ಟಿರುವ ಈ ದೇವಾಲಯದ ವೀರಾಂಜನೇಯ ವಿಗ್ರಹವನ್ನು ಸಾಲಿಗ್ರಾಮ ಕಲ್ಲಿನಲ್ಲಿ ಒಂಭತ್ತುವರೆ ಅಡಿ ಎತ್ತರ, ಆರುವರೆ ಅಡಿ ಅಗಲ, ಎರಡುವರೆ ಇಂಚು ದಪ್ಪದ ಕಲ್ಲಿನಲ್ಲಿ ಕೆತ್ತಲಾಗಿದ್ದು ,ಬಲಗೈ ಅಭಯ ಹಸ್ತ, ಎಡಗೈ ಸೊಂಟದ ಮೇಲೆ ಇದ್ದು ಲಾಂಗೋಲ ಮುಖದ ಪಕ್ಕದಲ್ಲಿರುವಂತೆ ಆಕರ್ಷಕವಾಗಿ ಕೆತ್ತನೆ ಮಾಡಲಾಗಿದೆ.",12 ಅಂಗುಲದ ಉದ್ದಳತೆ,Feet - 12 inches long measurement unit,Yes,Darshan R K,2025-02-07 18:25:07
ಅಡಿ,ದೇಶದ ನಾಗರಿಕರ ಆಧಾರ್​​ ಮಾಹಿತಿ 13 ಅಡಿ ಎತ್ತರದ ಕಟ್ಟಡವೊಂದರ 5 ಅಡಿ ದಪ್ಪದ ಗೋಡೆಗಳ ನಡುವೆ ಸುರಕ್ಷಿತವಾಗಿದೆ ಎಂದು ಬುಧವಾರ ಸುಪ್ರೀಂಕೋರ್ಟ್​ಗೆ ಹೇಳಿರುವ ಅಟಾರ್ನಿ ಜನರಲ್​ ಕೆ.,12 ಅಂಗುಲದ ಉದ್ದಳತೆ,Feet - 12 inches long measurement unit,Yes,Darshan R K,2025-02-07 18:25:07
ಅಡಿ,ಮೌಲ್ಯದ ಈ ವಿಗ್ರಹ 7 ಅಡಿ ಎತ್ತರವಿದೆ.,12 ಅಂಗುಲದ ಉದ್ದಳತೆ,Feet - 12 inches long measurement unit,Yes,Darshan R K,2025-02-07 18:25:07
ಅಡಿ,ವಿವೇಕರ ಕಲಾಕೃತಿ: ಪ್ರದರ್ಶನದಲ್ಲಿ ಮೈಸೂರಿನ ಕಲಾವಿದೆ ಗೌರಿ ಅವರು ಸ್ವಾಮಿ ವಿವೇಕಾನಂದರ 15 ಅಡಿ ಉದ್ದ ಮತ್ತು 15 ಅಡಿ ಎತ್ತರದ ಮರಳಿನ ಕಲಾಕೃತಿ ತಯಾರಿಸಿದ್ದಾರೆ.,12 ಅಂಗುಲದ ಉದ್ದಳತೆ,Feet - 12 inches long measurement unit,Yes,Darshan R K,2025-02-07 18:25:07
ಅಡಿ,ಗೋಕಾಕ: ತಾಲೂಕಿನ ಬೆಟಗೇರಿಗ್ರಾಮದ ಶ್ರೀ ಬಸವೇಶ್ವರ ವೃತ್ತದಲ್ಲಿ ನೂತನವಾಗಿ ಪ್ರತಿಷ್ಠಾಪಿಸಿದ 9 ಅಡಿ ಎತ್ತರದ ಸುಮಾರು 15 ಲಕ್ಷರೂಪಾಯಿ ವೆಚ್ಚದಲ್ಲಿ ನಿರ್ಮಿಸಿದ ಅಶ್ವಾರೂಢ ಶ್ರೀ ಬಸವೇಶ್ವರ ಕಂಚಿನ ಪುತ್ಥಳಿ ಅನಾವರಣ ಸಮಾರಂಭ ಇದೇ ಶುಕ್ರವಾರ ಸೆ 18 ರಂದು ಮುಂಜಾನೆ 9 ಗಂಟೆಗೆ ವಿಜೃಂಭಣೆಯಿಂದ ಜರುಗಲಿದೆ.,12 ಅಂಗುಲದ ಉದ್ದಳತೆ,Feet - 12 inches long measurement unit,Yes,Darshan R K,2025-02-07 18:25:07
ಅಡಿ,"ಇದಲ್ಲದೆ ರಿಲಯನ್ಸ್ ರಿಟೇಲ್ 6,700 ಕ್ಕೂ ಹೆಚ್ಚು ನಗರಗಳಲ್ಲಿ 10,644 ಚಿಲ್ಲರೆ ಅಂಗಡಿಗಳನ್ನು 23 ದಶಲಕ್ಷ ಚದರ ಅಡಿ ಮತ್ತು 516 ಪೆಟ್ರೋ ಚಿಲ್ಲರೆ ಮಾರಾಟ ಮಳಿಗೆಗಳನ್ನು ಹೊಂದಿದೆ.",12 ಅಂಗುಲದ ಉದ್ದಳತೆ,Feet - 12 inches long measurement unit,Yes,Darshan R K,2025-02-07 18:25:07
ಅಡಿ,ಬೆಳ್ತಂಗಡಿ: ಇಂದಬೆಟ್ಟು ಪಡಂಬಿಲ ಪಾಲೆದಬೆಟ್ಟು ಎಂಬಲ್ಲಿ ವೇಗವಾಗಿ ಚಲಿಸಿದ ರಿಕ್ಷಾವೊಂದು ಸ್ಕಿಡ್ ಆಗಿ 25 ಅಡಿ ಆಳವಾದ ಕಮರಿಗೆ ಬಿದ್ದ ಪರಿಣಾಮ ಇಬ್ಬರು ಮಹಿಳೆಯರು ಸಾವನ್ನಪ್ಪಿದ್ದಾರೆ.,12 ಅಂಗುಲದ ಉದ್ದಳತೆ,Feet - 12 inches long measurement unit,Yes,Darshan R K,2025-02-07 18:25:07
ಅಡಿ,"ನಿಮ್ಮ ಕೆಳಗಿಳಿಯುವಿಕೆಯು ಮನೆಯಿಂದ ನಾಲ್ಕರಿಂದ ಐದು ಅಡಿ ವಿಸ್ತರಿಸಿದೆ, ಇಲ್ಲದಿದ್ದರೆ ನೀರನ್ನು ನಿಮ್ಮ ನೆಲಮಾಳಿಗೆಯಲ್ಲಿ ಹಾದುಹೋಗುವುದು.",12 ಅಂಗುಲದ ಉದ್ದಳತೆ,Feet - 12 inches long measurement unit,Yes,Darshan R K,2025-02-07 18:25:07
ಅಡಿ,"ರಾಜ ಅಂದಮಾತ್ರಕ್ಕೆ, ಈತನ ಅರಮನೆಯೇನು, ಊರಿನಗಲ ಹಬ್ಬಿಲ್ಲ; ಒಂದು ಸಮುದ್ರ ತೀರದಲ್ಲಿ ಎಂಟತ್ತು ಅಡಿ ಮಾತ್ರವೇ….",12 ಅಂಗುಲದ ಉದ್ದಳತೆ,Feet - 12 inches long measurement unit,Yes,Darshan R K,2025-02-07 18:25:07
ಅಡಿ,ಇದರ ಗುಮ್ಮಟ ಭಾರತದಲ್ಲಿಯೇ ಅತ್ಯಂತ ದೊಡ್ಡದು ತಳದಲ್ಲಿ ೧೨೪ ಅಡಿ ವ್ಯಾಸ ಉಳ್ಳದ್ದಾಗಿರುತ್ತದೆ.,12 ಅಂಗುಲದ ಉದ್ದಳತೆ,Feet - 12 inches long measurement unit,Yes,Darshan R K,2025-02-07 18:25:07
ಅಡಿ,ಕರ್ನಾಟಕದ ಬೇಡಿಕೆಯನ್ನು ಮನ್ನಿಸಿರುವ ಕೇಂದ್ರ ಸರ್ಕಾರ 150 ಟಿಎಂಸಿ ಅಡಿ ನೀರನ್ನು ಹಂಚಿಕೆ ಮಾಡಲು ಒಪ್ಪಿಕೊಂಡಿದೆ.,12 ಅಂಗುಲದ ಉದ್ದಳತೆ,Feet - 12 inches long measurement unit,Yes,Darshan R K,2025-02-07 18:25:07
ಅಡಿ,"ಆದರೆ ಕೇವಲ 55 ಅಡಿ ಉದ್ದವಿರುವ (ಗೋವಾದ ಅಕ್ವೇರಿಸ್‌ ಶಿಪ್‌ಯಾರ್ಡಿನಲ್ಲಿ ನಿರ್ಮಿಸಿದ) ಸಾಮಾನ್ಯ ನೌಕೆಯಲ್ಲಿ ಸಾಗರದ ಕಠಿಣ ಪರಿಸ್ಥಿತಿಯಲ್ಲಿ ಸತತವಾಗಿ 8 ತಿಂಗಳ ಕಾಲ ಕೇವಲ ಆರು ಮಂದಿ ಮಹಿಳೆ ಯರು ಸುಮಾರು 21,600 ನಾಟಿಕಲ್‌ ಮೈಲುಗಳಷ್ಟು ದೂರ ಪ್ರಯಾಣ ಮಾಡಿ 5 ದೇಶಗಳಿಗೆ ಭೇಟಿ ನೀಡಿ, ನಾಲ್ಕು ಖಂಡಗಳನ್ನು ಹಾದು, 3 ಸಾಗರಗಳನ್ನು ದಾಟಿ ಭೂಮಧ್ಯ ರೇಖೆಯನ್ನು 2 ಬಾರಿ ದಾಟಿದ ಈ ಐತಿಹಾಸಿಕ ಸಾಧನೆಯೇ ನಾವಿಕ ಸಾಗರ್‌ ಪರಿಕ್ರಮ.",12 ಅಂಗುಲದ ಉದ್ದಳತೆ,Feet - 12 inches long measurement unit,Yes,Darshan R K,2025-02-07 18:25:07
ಅಡಿ,"ನಾಲ್ಕು ಅಡಿ ಎತ್ತರವಿದ್ದು, ಸ್ತೂಪದ ಆಕಾರದಲ್ಲಿರುತ್ತದೆ.",12 ಅಂಗುಲದ ಉದ್ದಳತೆ,Feet - 12 inches long measurement unit,Yes,Darshan R K,2025-02-07 18:25:07
ಅಡಿ,ಕಳೆದ ಕೆಲ ದಿನಗಳ ನಿರಂತರವಾಗಿ ಸುರಿದ ಮಳೆಯ ಪರಿಣಾಮ 1819 ಅಡಿ ಎತ್ತರವಿರುವ ಲಿಂಗನಮಕ್ಕಿ ಜಲಾಶಯ ಭಾಗಶಃ 1818.,12 ಅಂಗುಲದ ಉದ್ದಳತೆ,Feet - 12 inches long measurement unit,Yes,Darshan R K,2025-02-07 18:25:07
ಅಡಿ,"ಸುಮಾರು ಒಂದೂವರೆ ಅಡಿ, ಹೆಚ್ಚೆಂದರೆ ಎರಡು ಅಡಿ ಉದ್ದದ ಒಂದು ಪೀಪಿ ಥರದ ಕೊಳವೆ.",12 ಅಂಗುಲದ ಉದ್ದಳತೆ,Feet - 12 inches long measurement unit,Yes,Darshan R K,2025-02-07 18:25:07
ಅಡಿ,ಈ ಬಾರಿಗೆ ಇದನ್ನು ಹೋಲಿಕೆ ಮಾಡಿ ನೋಡಿದಾಗ ಸುಮಾರು 28 ಅಡಿ ನೀರು ಹೆಚ್ಚುವರಿಯಾಗಿ ಈ ಬಾರಿ ಸಂಗ್ರಹವಾಗಿದೆ.,12 ಅಂಗುಲದ ಉದ್ದಳತೆ,Feet - 12 inches long measurement unit,Yes,Darshan R K,2025-02-07 18:25:07
ಅಡಿ,"ಮೂರು ದಿನ ರಜಾ ಕೇಳಿದ್ದಕ್ಕೆ, ಊರುತುಂಬಾ ರಾಸುಗಳಿಗೆ ಕಾಲುಬಾಯಿ ಜ್ವರ ವ್ಯಾಪಿಸಿರುವುದರಿಂದ ಸಾಧ್ಯವಿಲ್ಲವೆಂದಿದ್ದರೂ ಬಾಸ್‍ನ ಮೂತಿಗೆ ರಜಾಚೀಟಿ ಬಿಸಾಕಿ, ಗರ್ಭಿಣಿ ಹೆಂಡತಿಯ ಆಸೆಯನ್ನು ಈಡೇರಿಸಲೆಂದು ಕರಾವಳಿಯ ದೇವಸ್ಥಾನಗಳಿಗೆಲ್ಲ ಕರೆದೊಯ್ದಿದ್ದ ಚಿದಂಬರ, ಈ ಬೆಟ್ಟದ ಇಳಿಜಾರಲ್ಲಿ ಗಾಡಿಯನ್ನು ಗೇ‍ರ್‌ನಲ್ಲೇ ಓಡಿಸಬೇಕೆಂಬ ಕಾಮನ್‍ಸೆನ್ಸ್ ಇಲ್ಲದ ಮೋಹನನಿಂದಾಗಿ ತನ್ನೊಂದಿಗೆ ಇಡೀ ಕುಟುಂಬವನ್ನು ಪರ್ವತದ ಆ ತುದಿಯಿಂದ ನೂರಾರು ಅಡಿ ಆಳದಲ್ಲಿ ಕಾಣುವ ಪ್ರಪಾತದೊಂದಿಗೆ ಸಮೀಕರಿಸುತ್ತ ಮಳೆಯಿಂದ ತಂಪಾಗಿದ್ದ ವಾತಾವರಣದಲ್ಲೂ ಸಣ್ಣಗೆ ಬೆವರಿದ.",12 ಅಂಗುಲದ ಉದ್ದಳತೆ,Feet - 12 inches long measurement unit,Yes,Darshan R K,2025-02-07 18:25:07
ಅಡಿ,ಕ್ಯಾಟ್ಮಿಂಟ್ ವಸಂತ ಮತ್ತು ಬೇಸಿಗೆಯಲ್ಲಿ ನೇರಳೆ ನೀಲಿ ಹೂವುಗಳಿಂದ ಒಡೆದಿದ್ದು ಒಂದರಿಂದ ಒಂದರಿಂದ ಮೂರು ಅಡಿ ಎತ್ತರದಿಂದ ಬೆಳೆಯುತ್ತದೆ.,12 ಅಂಗುಲದ ಉದ್ದಳತೆ,Feet - 12 inches long measurement unit,Yes,Darshan R K,2025-02-07 18:25:07
ಅಡಿ,ನದಿ ತಟದಲ್ಲಿ 15 ಅಡಿ ಎತ್ತರದ ಆಸ್ಕಾ ಲೈಟ್ಸ್ ಅಳವಡಿಕೆ ಹಾಗೂ ರಾತ್ರಿ ವೇಳೆ ಶೋಧಕ್ಕೆ ಬಳಸುವ ತೀವ್ರ ಬೆಳಕಿನ ದೀಪಗಳನ್ನು ಕಾರ್ಯಾಚರಣೆಗೆ ಅನುಕೂಲವಾಗುವಂತೆ ಅಳವಡಿಸಲಾಗಿದೆ.,12 ಅಂಗುಲದ ಉದ್ದಳತೆ,Feet - 12 inches long measurement unit,Yes,Darshan R K,2025-02-07 18:25:07
ಅಡಿ,ಕುಂಡಗಳಲ್ಲಿ ಬೆಳೆಸುವುದು: ಸ್ಥಳದ ಅಭಾವವಿದ್ದಾಗ ಮನೆಯ ಮಹಡಿಯ ಮೇಲೆ 30 ಸೆಂಟಿ ಮೀಟರ್ ಸುತ್ತಳತೆಯ ಒಂದು ಒಂದೂವರೆ ಅಡಿ ಕುಂಡಗಳ್ಲ್ಲಲಿ ಸಹ ಕಂಬೆ ಗಿಡಗಳನ್ನು ಬೆಳೆಸಲು ಸಾಧ್ಯ.,12 ಅಂಗುಲದ ಉದ್ದಳತೆ,Feet - 12 inches long measurement unit,Yes,Darshan R K,2025-02-07 18:25:07
ಅಡಿ,ಈ ಸಂದರ್ಬದಲ್ಲಿ ನಲ್ಲಾಹ್ ಬಳಿ ತಿರುವು ರಸ್ತೆಂುುಲ್ಲಿ ಸಾಗುವಾಗ ಬಸ್ ಸುಮಾರು 300 ಅಡಿ ಆಳದ ಕದಂಕಕ್ಕೆ ಬಿದ್ದಿದೆ.,12 ಅಂಗುಲದ ಉದ್ದಳತೆ,Feet - 12 inches long measurement unit,Yes,Darshan R K,2025-02-07 18:25:07
ಅಡಿ,"ಹತ್ತು ಹನ್ನೆರಡು-ದಿನ-ವಯಸ್ಸಿನ ಪೌಲ್ಟ್ಗಳನ್ನು ಬೆಳೆಸಲು ಟರ್ಕಿಗಳಿಗೆ 10 ರಿಂದ 10 ಅಡಿ ಜಾಗವನ್ನು ಅಗತ್ಯವಿದೆ, ಮತ್ತು ಅವು ದೊಡ್ಡದಾಗಿರುವುದರಿಂದ ಅವು ಹೆಚ್ಚಿನ ಸ್ಥಳಾವಕಾಶ ಬೇಕಾಗುತ್ತದೆ.",12 ಅಂಗುಲದ ಉದ್ದಳತೆ,Feet - 12 inches long measurement unit,Yes,Darshan R K,2025-02-07 18:25:07
ಅಡಿ,"ಸತ್ತಿಗನಹಳ್ಳಿ ಲಕ್ಷ್ಮಣ ಗೌಡ ಎಂಬುವವರ ಮನೆಯಲ್ಲಿ ಹಾವು ಪತ್ತೆಯಾಗಿದ್ದು, ಮನೆಯವರೆಲ್ಲಾ ಪಟ್ಟಣಕ್ಕೆ ಹೋಗಿದ್ದು, ಮಧ್ಯಾಹ್ನ ವಾಪಸ್ಸಾಗಿ ಬಾಗಿಲು ತೆಗೆದಾಗ ಕಾಳಿಂಗ ಸರ್ಪವನ್ನು ಕಂಡು ಭಯಭೀತರಾದ ಇವರು ಊರುಬಗೆ ಗ್ರಾಮ ಪಂಚಾಯಿತಿ ಅಭಿವೃದ್ಧಿ ಅಧಿಕಾರಿ ಇಂತೇಶ್ ಅವರಿಗೆ ವಿಷಯ ತಿಳಿಸಿದ್ದು, ಅವರು ತಕ್ಷಣ ಅರಣ್ಯ ಇಲಾಖೆಯ ಅಧಿಕಾರಿಗಳಿಗೆ ಮಾಹಿತಿ ನೀಡಿದ್ದು, ಕೂಡಲೇ ಸ್ಥಳಕ್ಕೆ ಆಗಮಿಸಿದ ಉರಗತಜ್ಞರಾದ ಅಹಮ್ಮದ್ ಸಹಾಯದೊಂದಿಗೆ ಮೂಡಿಗೆರೆ ಉಪ ಅರಣ್ಯಾಧಿಕಾರಿಯಾದ ಚೇತನ್ ಹಾಗೂ ಸಿಬ್ಬಂಧಿ ಆನಂದ್ ಅವರು ಸುಮಾರು 10 ಅಡಿ ಉದ್ದದ ಸರ್ಪವನ್ನು ಹಿಡಿದು ಸುರಕ್ಷಿತವಾಗಿ ಚಾರ್ಮಾಡಿ ಅರಣ್ಯದಲ್ಲಿ ಬಿಟ್ಟಿದ್ದಾರೆ.",12 ಅಂಗುಲದ ಉದ್ದಳತೆ,Feet - 12 inches long measurement unit,Yes,Darshan R K,2025-02-07 18:25:07
ಅಡಿ,ರಿಂದ 1978 ರವರೆಗೆ ಜಿಎಂಸಿ ನಿರ್ಮಿಸಿದ ಮೋಟಾರ್ಹೇಮ್ಗಳು ಎರಡು ವಿಭಿನ್ನ ಮಾದರಿಗಳನ್ನು ಉತ್ಪಾದಿಸುತ್ತಿವೆ - ಒಂದು 23 ಅಡಿ ಉದ್ದ ಮತ್ತು ಇತರ ಮೂರು ಅಡಿ ಉದ್ದ.,12 ಅಂಗುಲದ ಉದ್ದಳತೆ,Feet - 12 inches long measurement unit,Yes,Darshan R K,2025-02-07 18:25:07
ಅಡಿ,"ಹೊರಗಿನಿಂದ ಸುಮಾರು ೨೨೫ ಅಡಿ ಎತ್ತರವಿರುವ, ಅಪರೂಪದ ವಿನ್ಯಾಸದ ಚರ್ಚ್ ಒಳಗಡೆ ಸುಮಾರು ೧೮೦ ಅಡಿ ಎತ್ತರವಾಗಿದೆ.",12 ಅಂಗುಲದ ಉದ್ದಳತೆ,Feet - 12 inches long measurement unit,Yes,Darshan R K,2025-02-07 18:25:07
ಅಡಿ,50-60 ಅಡಿ ಎತ್ತರದಿಂದ ಹಾಲ್ನೊರೆಯಂತೆ ಬೀಳುತ್ತಿರುವ ಹೆಬ್ಬೆ ಫಾಲ್ಸ್,12 ಅಂಗುಲದ ಉದ್ದಳತೆ,Feet - 12 inches long measurement unit,Yes,Darshan R K,2025-02-07 18:25:07
ಅಡಿ,ಸಮುದ್ರ ಮಟ್ಟದಿಂದ ಸುಮಾರು 3600 ಅಡಿ ಎತ್ತರದಲ್ಲಿರುವ ಇದು ಪ್ರಕೃತಿದತ್ತವಾದ ಸುಂದರ ತಾಣವಾಗಿದೆ.,12 ಅಂಗುಲದ ಉದ್ದಳತೆ,Feet - 12 inches long measurement unit,Yes,Darshan R K,2025-02-07 18:25:07
ಅಡಿ,ಚಾಲಕನ ನಿಯಂತ್ರಣ ತಪ್ಪಿ 50 ಅಡಿ ಆಳದ ಗುಂಡಿಗೆ ಬಿದ್ದ ಹಾಲಿನ ಲಾರಿ,12 ಅಂಗುಲದ ಉದ್ದಳತೆ,Feet - 12 inches long measurement unit,Yes,Darshan R K,2025-02-07 18:25:07
ಅಡಿ,"ವಲಯ ಅರಣ್ಯ ಸಂರಕ್ಷಣಾಧಿಕಾರಿ ಕೃಷ್ಣ ಅಣ್ಣಯ್ಯ ಗೌಡ ಮಾತನಾಡಿ, ಜಿಂಕೆ ಸುಮಾರು 30 ಅಡಿ ಎತ್ತರದಿಂದ ಕೆಳಗೆ ಬಿದ್ದಿದರಿಂದ ಭಯಪಟ್ಟು ಹೃದಯಾಘಾತ ಸಂಭವಿಸಿ ಮೃತಪಟ್ಟಿದೆ.",12 ಅಂಗುಲದ ಉದ್ದಳತೆ,Feet - 12 inches long measurement unit,Yes,Darshan R K,2025-02-07 18:25:07
ಅಡಿ,ಈ ಸಸ್ಯವು 5 ಅಡಿ ಉದ್ದದ ದೊಡ್ಡ ಘನವನ್ನು ಹೊಂದಿರುತ್ತದೆ.,12 ಅಂಗುಲದ ಉದ್ದಳತೆ,Feet - 12 inches long measurement unit,Yes,Darshan R K,2025-02-07 18:25:07
ಅಡಿ,ಗಿಡದಿಂದ ಗಿಡಕ್ಕೆ 10 ಅಡಿ ಅಂತರ.,12 ಅಂಗುಲದ ಉದ್ದಳತೆ,Feet - 12 inches long measurement unit,Yes,Darshan R K,2025-02-07 18:25:07
ಅಡಿ,ಹೊಸದಾದ 42 ಅಡಿ ಉದ್ದದ ಶಿವಲಿಂಗ ಹಾಗೂ 5.,12 ಅಂಗುಲದ ಉದ್ದಳತೆ,Feet - 12 inches long measurement unit,Yes,Darshan R K,2025-02-07 18:25:08
ಅಡಿ,"ಮೂರು ಛತ್ರಿಗಳನ್ನು ಒಂದರ ಮೇಲೊಂದು ಅಳವಡಿಸಲಾಗಿದ್ದು ಕೆಳಗಿನ ಛತ್ರಿಯು ಹದಿನೆಂಟು ಅಡಿ, ಮಧ್ಯದಲ್ಲಿನ ಛತ್ರಿಯು ಹನ್ನೆರಡು ಅಡಿ ಹಾಗೂ ಮೇಲಿರುವ ಛತ್ರಿಯು ಒಂಬತ್ತು ಅಡಿಗಳಷ್ಟು ಅಗಲ ಇದ್ದು ಇವೆಲ್ಲದರ ಮೇಲೆ ಬಂಗಾರದ ಕಲಶವನ್ನು ಅಳವಡಿಸಲಾಗಿದೆ.",12 ಅಂಗುಲದ ಉದ್ದಳತೆ,Feet - 12 inches long measurement unit,Yes,Darshan R K,2025-02-07 18:25:08
ಅಡಿ,ಮಾತೆ ಮಹಾದೇವಿ ಗೌರವಾರ್ಥ 101 ಅಡಿ ಉದ್ದದ ಲಿಂಗಾಯತ ಧರ್ಮದ ಧ್ವಜ ಹಾರಿಸಲಾಗುತ್ತದೆ.,12 ಅಂಗುಲದ ಉದ್ದಳತೆ,Feet - 12 inches long measurement unit,Yes,Darshan R K,2025-02-07 18:25:09
ಅಡಿ,ಧಾನ್ಯಗಳು ಎಫ್ಎಫ್ಜಿ - 1345 ಎಫ್ಪಿಎಸ್ - 1728 ಅಡಿ,12 ಅಂಗುಲದ ಉದ್ದಳತೆ,Feet - 12 inches long measurement unit,Yes,Darshan R K,2025-02-07 18:25:09
ಅಡಿ,ಮಳೆಯಿಲ್ಲದೇ ಅಂತರ್ಜಲ ಬತ್ತಿ ಹೋಗಿ 1 ಸಾವಿರ ಅಡಿ ಬೋರ್ ವೆಲ್ ಕೊರೆದರೂ ನೀರು ಬರುತ್ತಿಲ್ಲ.,12 ಅಂಗುಲದ ಉದ್ದಳತೆ,Feet - 12 inches long measurement unit,Yes,Darshan R K,2025-02-07 18:25:09
ಅಡಿ,ರಾಜ ಗಾಂಭೀರ್ಯ ಹೊಂದಿರುವ ಹುಲಿ ನಾಲ್ಕೂವರೆಯಿಂದ ಒಂಬತ್ತು ಅಡಿ ಉದ್ದವಿದ್ದು 500 ಪೌಂಡ್ (ಸುಮಾರು 250 ಕೆ.,12 ಅಂಗುಲದ ಉದ್ದಳತೆ,Feet - 12 inches long measurement unit,Yes,Darshan R K,2025-02-07 18:25:09
ಅಡಿ,ವಟ್ಟಕೊಟ್ಟೈ ಕೋಟೆಯ ಗೋಡೆಗಳು ಸುಮಾರು 25 ಅಡಿ ಎತ್ತರವಾಗಿವೆ ಹಾಗು ಮುಂಭಾಗದಲ್ಲಿ 29 ಅಡಿಗಳಷ್ಟು ದಪ್ಪವಾಗಿದೆ.,12 ಅಂಗುಲದ ಉದ್ದಳತೆ,Feet - 12 inches long measurement unit,Yes,Darshan R K,2025-02-07 18:25:09
ಅಡಿ,"ಅಲ್ಲದೆ, ಲಂಬ ಫೈರಿಂಗ್ ಸ್ಪೀಕರ್ ವಿಧಾನವು 7 ರಿಂದ 14 ಅಡಿ ಎತ್ತರವಿರುವ ಫ್ಲಾಟ್ ಚಾವಣಿಯ ಅಗತ್ಯವಿರುತ್ತದೆ, ಜೊತೆಗೆ ಡಾಲ್ಬಿ ಅಟ್ಮಾಸ್-ಸಜ್ಜುಗೊಂಡ ಹೋಮ್ ಥಿಯೇಟರ್ ಸ್ವೀಕಾರಕ ಮತ್ತು ಡಾಲ್ಬಿ ಅಟ್ಮಾಸ್-ಎನ್ಕೋಡ್ ಮಾಡಲಾದ ವಿಷಯ ಎರಡಕ್ಕೂ ಅಗತ್ಯವಿರುತ್ತದೆ ಎಂದು ಗಮನಿಸುವುದು ಮುಖ್ಯವಾಗಿದೆ ಕೇಳುವ ಅನುಭವ.",12 ಅಂಗುಲದ ಉದ್ದಳತೆ,Feet - 12 inches long measurement unit,Yes,Darshan R K,2025-02-07 18:25:09
ಅಡಿ,"ಸುಬ್ರಹ್ಮಣ್ಯನಗರ ವ್ಯಾಪ್ತಿಯ ರಾಜಾಜಿನಗರ 1ನೆ ಬ್ಲಾಕ್, ಇ ಜೋನ್ ಎಲೆಕ್ಟ್ರಾನಿಕ್ ಶೋರೂಂ ಬಳಿಯ ಮನೆಯಲ್ಲಿ ಆನೆದಂತದಿಂದ ಕೆತ್ತನೆ ಮಾಡಿರುವ ಸುಮಾರು ಒಂದು ಅಡಿ ಉದ್ದದ ಶ್ರೀಕೃಷ್ಣನ ಮೂರ್ತಿಯನ್ನು ಮಾರಾಟ ಮಾಡಲು ಹೊಂಚು ಹಾಕುತ್ತಿದ್ದ ಬಗ್ಗೆ ಸಿಸಿಬಿ ಪೊಲೀಸರಿಗೆ ಮಾಹಿತಿ ಲಭಿಸಿದೆ.",12 ಅಂಗುಲದ ಉದ್ದಳತೆ,Feet - 12 inches long measurement unit,Yes,Darshan R K,2025-02-07 18:25:09
ಅಡಿ,"ಕಬ್ಬಿಣದ ರಿಪೀಸ್, ಕಟ್ಟಿಗೆ ಮತ್ತು ಪ್ಲಾಸ್ಟಿಕ್ ದಾರದಿಂದ 2 ಅಡಿ ಅಗಲ, 4 ಅಡಿ ಎತ್ತರದಲ್ಲಿ ಬೆಳೆಗೆ ನೆಟ್ ಕಟ್ಟಿಸಿದರು.",12 ಅಂಗುಲದ ಉದ್ದಳತೆ,Feet - 12 inches long measurement unit,Yes,Darshan R K,2025-02-07 18:25:09
ಅಡಿ,ನೆಲದಿಂದ ಕನಿಷ್ಠ 2 ಅಡಿ ಇರಬೇಕು.,12 ಅಂಗುಲದ ಉದ್ದಳತೆ,Feet - 12 inches long measurement unit,Yes,Darshan R K,2025-02-07 18:25:09
ಅಡಿ,"ನೀವು ಆರಂಭಿಸುವ ಮೊದಲು ಸ್ಥಳೀಯ ಕೋಡ್ಗಳನ್ನು ಪರಿಶೀಲಿಸಿ (ನೀವು ಪರವಾನಿಗೆ ಬೇಕಾಗಬಹುದು), ಆದರೆ ನೀವು 3 ಅಡಿ ಎತ್ತರದ ಅಥವಾ ಕಡಿಮೆ ಇರುವ ರಚನೆಯನ್ನು ಉಳಿಸಿಕೊಂಡರೆ ನಿಮಗೆ ತೊಂದರೆಯಾಗುವುದಿಲ್ಲ.",12 ಅಂಗುಲದ ಉದ್ದಳತೆ,Feet - 12 inches long measurement unit,Yes,Darshan R K,2025-02-07 18:25:09
ಅಡಿ,"ರಾಜಕುಮಾರ್ ಅಭಿಮಾನಿಗಳು ಅಣ್ಣಾವ್ರ 80 ಅಡಿ ಕಟೌಟ್ ಗೆ ಬೃಹತ್ ಹಾರ ಹಾಕಿ ಹಾಲಿನ ಅಭಿಷೇಕ ಮಾಡಿ ಸಂಭ್ರಮಿಸಿದರು ,ಜೊತೆಗೆ ಬಿರಿಯಾನಿ ಸವಿದು ಮನಸಾರೆ ಅಣ್ಣಾವ್ರ ದರ್ಶನ ಪಡೆದರು.",12 ಅಂಗುಲದ ಉದ್ದಳತೆ,Feet - 12 inches long measurement unit,Yes,Darshan R K,2025-02-07 18:25:09
ಅಡಿ,ಈ ಹೋಸ್ಟಾ ಸಸ್ಯಗಳು ಒಂದೇ ಅಗಲದಿಂದ 1-2 ಅಡಿ ಎತ್ತರವನ್ನು ತಲುಪುತ್ತವೆ.,12 ಅಂಗುಲದ ಉದ್ದಳತೆ,Feet - 12 inches long measurement unit,Yes,Darshan R K,2025-02-07 18:25:09
ಅಡಿ,ಗೋಪಾಲಸ್ವಾಮಿ ಬೆಟ್ಟ (ಸಮುದ್ರ ಮಟ್ಟದಿಂದ ಸುಮಾರು ೪೮೦೦ ಅಡಿ ಎತ್ತರ ಇದೆ) ಇದು ಚಾಮರಾಜನಗರ ಜಿಲ್ಲೆಯ ಗುಂಡ್ಲುಪೇಟೆ ತಾಲೂಕಿನಲ್ಲಿ ಬರುತ್ತದೆ.,12 ಅಂಗುಲದ ಉದ್ದಳತೆ,Feet - 12 inches long measurement unit,Yes,Darshan R K,2025-02-07 18:25:09
ಅಡಿ,ಅಡಿ ರಸ್ತೆಯನ್ನು 30 ಅಡಿಗೆ ವಿಸ್ತರಿಸಬೇಕಾದರೂ ಕೇಂದ್ರದ ಅನುಮತಿ ಬೇಕಾಗುತ್ತದೆ.,12 ಅಂಗುಲದ ಉದ್ದಳತೆ,Feet - 12 inches long measurement unit,Yes,Darshan R K,2025-02-07 18:25:09
ಅಡಿ,ಸಾರ್ವಜನಿಕ ಸುರಕ್ಷತಾ ಕಾಯ್ದೆಯ (ಪಿಎಸ್‍ಎ) ಅಡಿ ಈ […],ಕೆಳಗೆ,Under,Yes,Darshan R K,2025-02-07 18:17:10
ಅಡಿ,"ಪರಿಶಿಷ್ಟ ಜಾತಿ, ಪಂಗಡಗಳ ಕಾಯ್ದೆ ಅಡಿ ಹಲವು ಸವಲತ್ತುಗಳಿದ್ದು, ಅವುಗಳನ್ನು ಬಳಕೆ ಮಾಡಿಕೊಳ್ಳಬೇಕು.",ಕೆಳಗೆ,Under,Yes,Darshan R K,2025-02-07 18:17:10
ಅಡಿ,ಆರೋಪಿ ಮೋಹನ್ ವಿರುದ್ಧ ಸಿಆರ್ ಪಿ ಎಸ್ ಸೆಕ್ಷನ್ 141 ( ಡಿ) 102 ಅಡಿ ಎಪ್ ಐ ಆರ್ ದಾಖಲಿಸಲಾಗಿದೆ.,ಕೆಳಗೆ,Under,Yes,Darshan R K,2025-02-07 18:17:10
ಅಡಿ,ಸಕಾಲ ಸೇವೆಗಳ ಅಡಿ ದಾಖಲಾದ ಪ್ರಕರಣಗಳು ಬಾಕಿ ಉಳಿಯದಂತೆ ನೋಡಿಕೊಳ್ಳಬೇಕು.,ಕೆಳಗೆ,Under,Yes,Darshan R K,2025-02-07 18:17:10
ಅಡಿ,"ದೀಪೇಶ್ ವಿರುದ್ಧ ಪೋಕ್ಸೊ ಅಡಿ ಪ್ರಕರಣ ದಾಖಲಿಸಲಾಗಿದ್ದು, ನ್ಯಾಯಾಂಗ ಬಂಧನಕ್ಕೆ ಒಪ್ಪಿಸಲಾಗಿದೆ.",ಕೆಳಗೆ,Under,Yes,Darshan R K,2025-02-07 18:17:10
ಅಡಿ,ಜಿಲ್ಲಾ ಪಂಚಾಯತ್ ಆವರಣದಲ್ಲಿಂದು ನಡೆದ ಸರಳ ಸಮಾರಂಭದಲ್ಲಿ 2017-18 ನೇ ಸಾಲಿನ ಶಾಸನ ಬದ್ಧ (ಅಭಿವೃದ್ಧಿ) ಅನುದಾನದ ಯೋಜನೆ ಅಡಿ ಶೇ 3% ಅನುದಾನದಲ್ಲಿ ವಿಕಲಚೇತನ ಫಲಾನುಭವಿಗಳಿಗೆ ತ್ರಿಚಕ್ರ ವಾಹನ ವಿತರಿಸಲಾಯಿತು.,ಕೆಳಗೆ,Under,Yes,Darshan R K,2025-02-07 18:17:10
ಅಡಿ,ಷರತ್ತು ಬದ್ಧ ಜಾಮೀನಿನಲ್ಲಿದ್ದರೂ ಅನುಚಿತವಾಗಿ ಬರೆದು ಪೋಸ್ಟ್ ಗಳನ್ನು ಪ್ರಕಟಿಸಿದ್ದಾರೆ ಎನ್ನುವ ಆರೋಪದ ಅಡಿ ಶಶಿಧರ್ ಅವರನ್ನು ಸಿಸಿಬಿ ಪೊಲೀಸರು ವಶಕ್ಕೆ ಪಡೆದಿದ್ದರು.,ಕೆಳಗೆ,Under,Yes,Darshan R K,2025-02-07 18:17:10
ಅಡಿ,ಈ ಹಿನ್ನೆಲೆಯಲ್ಲಿ ಜೈಲಿನಲ್ಲಿದ್ದ ನಾಲ್ವರು ಆರೋಪಿಗಳನ್ನು ಕೈದಿಗಳ ವರ್ಗಾವಣೆಯ ವಾರೆಂಟ್‌ (ಪ್ರಿಸನರ್ ಆನ್ ಟ್ರಾನ್ಸಿಟ್) ಅಡಿ ಬಂಧಿಸಲಾಗಿದೆ.,ಕೆಳಗೆ,Under,Yes,Darshan R K,2025-02-07 18:17:10
ಅಡಿ,ಪ್ರಧಾನಮಂತ್ರಿ ಆವಾಸ ಯೋಜನೆ ಅಡಿ ಪಕ್ಕಾ ಮನೆಗಳನ್ನು ನಿರ್ಮಿಸಿಕೊಡಲಾಗುತ್ತಿದೆ,ಕೆಳಗೆ,Under,Yes,Darshan R K,2025-02-07 18:17:10
ಅಡಿ,ಮಂಗಳೂರು: ಬಡ ಕುಟುಂಬಗಳಿಗೆ ವಿತರಿಸಲಾಗುತ್ತಿರುವ ಬಿಪಿಎಲ್‌ ಪಡಿತರ ಚೀಟಿಗಳನ್ನು ಸುಳ್ಳು ಮಾಹಿತಿ ನೀಡಿ ಪಡೆದು ಸರಕಾರಕ್ಕೆ ವಂಚನೆ ಮಾಡಿರುವವರ ವಿರುದ್ಧ ಐಪಿಸಿ 420 ಅಡಿ ಕ್ರಿಮಿನಲ್‌ ಕೇಸು ದಾಖಲಿಸಲು ರಾಜ್ಯ ಸರಕಾರದ ಕಂದಾಯ ಪ್ರಧಾನ ಕಾರ್ಯದರ್ಶಿ ಹಾಗೂ ದಕ್ಷಿಣ ಕನ್ನಡ ಜಿಲ್ಲಾ ಉಸ್ತುವಾರಿ ಕಾರ್ಯದರ್ಶಿ ಎನ್‌.,ಕೆಳಗೆ,Under,Yes,Darshan R K,2025-02-07 18:17:10
ಅಡಿ,ದಾವಣಗೆರೆ: ಬಿಸಿಯೂಟ ಯೋಜನೆ ಅಡಿ ಶನಿವಾರ ಬೆಳಿಗ್ಗೆ ವಿದ್ಯಾರ್ಥಿಗಳಿಗೆ ನೀಡಿದ ಉಪಾಹಾರದಲ್ಲಿ ಹಲ್ಲಿ ಬಿದ್ದ ಪರಿಣಾಮ 20 ವಿದ್ಯಾರ್ಥಿಗಳು ದಿಢೀರ್‌ ಅಸ್ವಸ್ಥಗೊಂಡ ಘಟನೆ ಹರಪನ­ಹಳ್ಳಿ ತಾಲ್ಲೂಕಿನ ಮಜ್ಜಿಗೇರಿ ಗ್ರಾಮದ ಸರ್ಕಾರಿ ಹಿರಿಯ ಪ್ರಾಥಮಿಕ ಶಾಲೆ­ಯಲ್ಲಿ ನಡೆದಿದೆ.,ಕೆಳಗೆ,Under,Yes,Darshan R K,2025-02-07 18:17:10
ಅಡಿ,"ಬಡ ಜನರಿಗಾಗಿ 2002ರಲ್ಲಿ ಸರ್ಕಾರದ ಆಶ್ರಯ ಯೋಜನೆ ಅಡಿ ನಿರ್ಮಿಸಿರುವ ಈ ಮನೆಗಳಿಗೆ ನಿಯ­ಮಾನುಸಾರ, ಮನೆ ಕಟ್ಟಿದ ಗುತ್ತಿಗೆ­ದಾರರೇ ಎಲೆಕ್ಟ್ರಿಕಲ್‌ ವೈರಿಂಗ್‌, ಮೀಟರ್‌ ಅಳವಡಿಕೆ, ವಿದ್ಯುತ್‌ ಕಂಬ­ಗಳ ಜೋಡಣೆ ವ್ಯವಸ್ಥೆ ಮಾಡ­ಬೇಕು.",ಕೆಳಗೆ,Under,Yes,Darshan R K,2025-02-07 18:17:11
ಅಡಿ,"ನರಸಿಂಹರಾವ್ ಪ್ರಧಾನಿಯಾಗಿದ್ದಾಗ ಯೋಜನಾ ಆಯೋಗದ ಉಪಾಧ್ಯಕ್ಷರಾಗಿ, ವಿದೇಶಾಂಗ ಸಚಿವರಾಗಿ ಕಾರ್ಯನಿರ್ವಹಿಸಿದ ಪ್ರಣವ್, 2004ರಲ್ಲಿ ಕಾಂಗ್ರೆಸ್ ಅಧಿಕಾರಕ್ಕೆ ಬಂದಾಗ ಹಿಂದೊಮ್ಮೆ ತಮ್ಮ ಕೆಳಗೆ ಕೆಲಸ ಮಾಡಿದ್ದ ಮನಮೋಹನ್ ಸಿಂಗ್ ಅಡಿ ಸಚಿವರಾಗಿ ಕೆಲಸ ಮಾಡಬೇಕಾಯಿತು.",ಕೆಳಗೆ,Under,Yes,Darshan R K,2025-02-07 18:17:11
ಅಡಿ,ಯಾವೆಲ್ಲಾ ಕೈಗಾರಿಕೆಗಳು ಈ ಕಾಯ್ದೆಯ ಅಡಿ ಬರುತ್ತವೆ ಎಂಬುದನ್ನು ಕೇಂದ್ರ ಮತ್ತು ರಾಜ್ಯ ಸರ್ಕಾರಗಳು ಇನ್ನಷ್ಟೇ ನಿಗದಿಪಡಿಸಬೇಕಿದೆ.,ಕೆಳಗೆ,Under,Yes,Darshan R K,2025-02-07 18:17:11
ಅಡಿ,"ಶುಕ್ರವಾರ ಬಂಟ್ವಾಳ ಶಾಸಕರ ಕಚೇರಿಯಲ್ಲಿ ನಾನಾ ಇಲಾಖೆಗಳ ಅಧಿಕಾರಿಗಳು ಮತ್ತು ಸ್ಥಳೀಯರ ಸಮಕ್ಷಮ ಸಭೆ ನಡೆಸಿ, ಯೋಜನಾಪಟ್ಟಿ ತಯಾರಿಯ ಕುರಿತು ಚರ್ಚೆ ನಡೆಸಿದ ಸಂಸದರು, ಕುಳೂರು, ಸುರತ್ಕಲ್ ಮೇಲ್ಸೇತುವೆ ಕೆಳಭಾಗದಲ್ಲಿ ಆಟೊ, ಟೆಂಪೊ, ಪೊಲೀಸ್ ಸಹಿತ ನಾಗರಿಕರ ಅವಶ್ಯಕತೆಗೆ ಅನುಸಾರವಾಗಿ ಪಾರ್ಕಿಂಗ್, ತಂಗುದಾಣ ಹಾಗೂ ಸೌಂದರ್ಯ ವೃದ್ಧಿಗೆ ಗಾರ್ಡನ್ ಮಾಡುವ ಮೂಲಕ ಕಸ ಕೊಂಪೆಯಂತಿದ್ದ ಫ್ಲೈಓವರ್ ಅಡಿ ಸುಂದರಗೊಂಡಿದೆ.",ಕೆಳಗೆ,Under,Yes,Darshan R K,2025-02-07 18:17:11
ಅಡಿ,"ಸುವರ್ಣ ಗ್ರಾಮ ಯೋಜನೆ ಅಡಿ ಟೆಂಡರ್ ಈಗ ಕರೆಯಲಾಗಿದ್ದು, ತಕ್ಷಣ ಎಲ್ಲಾ ಪ್ರಕ್ರಿಯೆ ಪೂರ್ಣಗೊಳಿಸಿ ಕೆಲಸದ ಆದೇಶ ನೀಡಬೇಕು.",ಕೆಳಗೆ,Under,Yes,Darshan R K,2025-02-07 18:17:11
ಅಡಿ,ಬಿಸಿಯೂಟ ಯೋಜನೆ ಅಡಿ ದಾಸ್ತಾನು ಕೊಠಡಿ ನಿರ್ಮಿಸಬೇಕು.,ಕೆಳಗೆ,Under,Yes,Darshan R K,2025-02-07 18:17:11
ಅಡಿ,ಸಾಹಿತ್ಯ ನಾಯಕ ಕಾವ್ಯದ ಪ್ರೀತಿಯ ರಿಂಗಿಂಗ್ ಹೊಳೆಗಳ ಅಡಿ ಸೇರಿಸುತ್ತದೆ.,ಕೆಳಗೆ,Under,Yes,Darshan R K,2025-02-07 18:17:11
ಅಡಿ,"12,000ಕ್ಕಿಂತ ಕಡಿಮೆ ಇರುವ ಕುಟುಂಬಗಳು ಬಿಪಿಎಲ್‌ ಅಡಿ ಬರುತ್ತವೆ.",ಕೆಳಗೆ,Under,Yes,Darshan R K,2025-02-07 18:17:11
ಅಡಿ,"ನಿಮ್ಮ ಅಡಿ ಸರಿಯಾದ ಎಚ್ಚರಿಕೆಯಿಂದ, ನೀವು ಸುಲಭವಾಗಿ ಕಡಿಮೆ ಕೈಕಾಲುಗಳು ಅಸ್ವಸ್ಥತೆ ತೊಡೆದುಹಾಕಲು ಮಾಡಬಹುದು.",ಕೆಳಗೆ,Under,Yes,Darshan R K,2025-02-07 18:17:11
ಅಡಿ,ಹೊಸ ಸೈಬರ್ ಅಪರಾಧ ಕಾಯ್ದೆ ಅಡಿ ಇಂಥ ಯಾವುದೇ ಚಟುವಟಿಕೆ ಅಪರಾಧವಾಗಲಿದೆ.,ಕೆಳಗೆ,Under,Yes,Darshan R K,2025-02-07 18:17:11
ಅಡಿ,ಕೇಂದ್ರ ಸರ್ಕಾರ ಪ್ರಧಾನಮಂತ್ರಿ ರೈತ ಸಿಂಚಯಿನಿ ಯೋಜನೆ ಅಡಿ ಕೃಷಿ ಅಭಿವೃದ್ಧಿಗೆ ₹ 50 ಸಾವಿರ ಕೋಟಿ ಮೀಸಲಿಟ್ಟಿದೆ.,ಕೆಳಗೆ,Under,Yes,Darshan R K,2025-02-07 18:17:11
ಅಡಿ,"ನನಗೆ ಸ್ಫೂರ್ತಿ ತುಂಬಿದ ಮಹಿಳೆ (ವುಮನ್ ಹು ಇನ್‌ಸ್ಪೈರ್ಸ್‌ ಮಿ) ವಿಷಯದ ಅಡಿ ಕಳುಹಿಸುವ ಮೊಬೈಲ್ ಚಿತ್ರಗಳು ಮಹಿಳೆಯ ಪರಿಶ್ರಮ, ಧೈರ್ಯ ಹಾಗೂ ಪ್ರಗತಿಯನ್ನು ಪ್ರತಿಫಲಿಸುವಂತಿರಬೇಕು.",ಕೆಳಗೆ,Under,Yes,Darshan R K,2025-02-07 18:17:11
ಅಡಿ,ಆರೋಪಿ ರಾಮ್ ಆಸ್ರೆಯನ್ನು ಬಂಧಿಸಿ ಲೈಂಗಿಕ ಅಪರಾಧಗಳಿಂದ ಮಕ್ಕಳ ರಕ್ಷಣೆ (ಪೊೀಕ್ಸೊ) ಕಾಯ್ದೆಯ ವಿವಿಧ ಸೆಕ್ಷನ್‍ಗಳ ಅಡಿ ಪ್ರಕರಣ ದಾಖಲಿಸಿಕೊಂಡು ಮುಂದಿನ ಕ್ರಮ ಕೈಗೊಳ್ಳಲಾಗಿದೆ.,ಕೆಳಗೆ,Under,Yes,Darshan R K,2025-02-07 18:17:11
ಅಡಿ,"ಕರ್ನಾಟಕ ಪರಿಶಿಷ್ಟ ಜಾತಿ, ಪಂಗಡ ಹಾಗೂ ಇತರೆ ಹಿಂದುಳಿದ ವರ್ಗಗಳ ಮೀಸಲಾತಿ ಕಾಯ್ದೆಯ ಅನ್ವಯ ಹೊರ ರಾಜ್ಯಗಳ ಅಭ್ಯರ್ಥಿಗಳನ್ನು ಮೀಸಲಾತಿ ಅಡಿ ರಾಜ್ಯ ಸರ್ಕಾರದ ಕಂಪೆನಿ ಅಥವಾ ಸಂಸ್ಥೆಗಳಲ್ಲಿ ನೇಮಕ ಮಾಡಿಕೊಳ್ಳಲಾಗದು.",ಕೆಳಗೆ,Under,Yes,Darshan R K,2025-02-07 18:17:11
ಅಡಿ,ಕೂರಿಗೆ ಪದ್ಧತಿ ಅಡಿ ಭತ್ತ ಬೆಳೆದರೆ ನೀರು ಉಳಿತಾಯವಾಗುತ್ತದೆ.,ಕೆಳಗೆ,Under,Yes,Darshan R K,2025-02-07 18:17:11
ಅಡಿ,"ಬೆಂಗಳೂರು,ಮೇ 8- ಆರ್‍ಟಿಐ ಅಡಿ ದಾಖಲಾದ ಮಕ್ಕಳಿಂದ ಹೆಚ್ಚು ಶುಲ್ಕವನ್ನು ತೆಗೆದುಕೊಳ್ಳದಂತೆ ಈಗಾಗಲೇ ಸುತ್ತೋಲೆ ಹೊರಡಿಸಲಾಗಿದೆ ಎಂದು ಪ್ರಾಥಮಿಕ ಶಿಕ್ಷಣ ಇಲಾಖೆ ನಿರ್ದೇಶಕ ಬಸವರಾಜ್ ಸ್ಪಷ್ಟಪಡಿಸಿದ್ದಾರೆ.",ಕೆಳಗೆ,Under,Yes,Darshan R K,2025-02-07 18:17:11
ಅಡಿ,"ರುದ್ರೇಶ್‌, ಆರ್‌ಟಿಇ ಅಡಿ ಸೀಟು ಪಡೆದ ಮಕ್ಕಳನ್ನು ಶಾಲೆಗೆ ಸೇರಿಸಿಕೊಳ್ಳದೆ ಕೆಲವು ಶಾಲೆಗಳು ನಿರ್ಲಕ್ಷ್ಯ ಮಾಡಿವೆ.",ಕೆಳಗೆ,Under,Yes,Darshan R K,2025-02-07 18:17:11
ಅಡಿ,ಆದಾಂುು ತೆರಿಗೆ ಕಾಂುೆ್ದುಂುು 80ಸಿ ಸೆಕ್ಷನ್ ಅಡಿ ಈ ಖಾತೆಂುುಲ್ಲಿ 1 ಲಕ್ಷ ರು.,ಕೆಳಗೆ,Under,Yes,Darshan R K,2025-02-07 18:17:11
ಅಡಿ,"ಶಾಸನಬದ್ಧವಾದ ಈ ಕಾಯ್ದೆ ಅಡಿ ಪ್ರಕರಣ ದಾಖಲಿಸಿಕೊಂಡರೂ, ತನಿಖೆಗೆ ಹೈಕೋರ್ಟ್‌ಗಳು ತಡೆ ನೀಡುತ್ತಿವೆ.",ಕೆಳಗೆ,Under,Yes,Darshan R K,2025-02-07 18:17:11
ಅಡಿ,ರಾಜ್ಯ ಸರ್ಕಾರ ಮೊದಲ ಬಾರಿಗೆ 1991–92ರಲ್ಲಿ ಭೂ ಕಂದಾಯ ಕಾಯ್ದೆಗೆ ತಿದ್ದುಪಡಿ ತಂದು 94 (ಎ ) ಅಡಿ ನಮೂನೆ 50ರಲ್ಲಿ ಸಕ್ರಮಕ್ಕಾಗಿ ಅರ್ಜಿ ಸಲ್ಲಿಸಲು ಅವಕಾಶ ನೀಡಿತು.,ಕೆಳಗೆ,Under,Yes,Darshan R K,2025-02-07 18:17:11
ಅಡಿ,ಬೇರ್ ಅಡಿ ಮುಚ್ಚಲಾಗಿದೆ ಶೂಗಳನ್ನು ಧರಿಸುವುದು,ಕೆಳಗೆ,Under,Yes,Darshan R K,2025-02-07 18:17:11
ಅಡಿ,"ಪ್ರತಿ ಶುಕ್ರವಾರ ಮಾನಸಿಕ ರೋಗಿಗಳ ಶಿಬಿರ, ಪ್ರತಿ ತಿಂಗಳ 9ನೇ ದಿನಾಂಕದಂದು ಎಎಂಎಸ್‌ಎಂಎ ಯೋಜನೆ ಅಡಿ ಗರ್ಭಿಣಿಯರ ಸದೃಢ ಆರೋಗ್ಯಕ್ಕಾಗಿ ವಿವಿಧ ರೀತಿಯ ಪರೀಕ್ಷೆ ನಡೆಸಲಾಗುತ್ತದೆ.",ಕೆಳಗೆ,Under,Yes,Darshan R K,2025-02-07 18:17:11
ಅಡಿ,"ವೈ ಹಳಿಂಗಳಿ ನಮಗೆ ಶಿಕ್ಷಣ ಇಲಾಖೆಯ ಆಯುಕ್ತರಿಂದ ಸುತ್ತೋಲೆ ಬಂದಿದ್ದು, ಈ ಪ್ರಕಾರವೇ ನಾವು ಕಡ್ಡಾಯ ಶಿಕ್ಷಣ ಹಕ್ಕು ಕಾಯ್ದೆ ಅಡಿ ಮಕ್ಕಳ ಪ್ರವೇಶಾತಿ ಮಾಡಿಕೊಳ್ಳುವಂತೆ ನೋಡಿಕೊಳ್ಳುವುದಾಗಿ ಹೇಳಿದರು.",ಕೆಳಗೆ,Under,Yes,Darshan R K,2025-02-07 18:17:11
ಅಶೋಕ,ಅಶೋಕ ಗಿಡಗಳು ಶಾಲೆಯ ಎತ್ತರಕ್ಕೆ ಬೆಳೆದು ಅಂದ ಹೆಚ್ಚಿಸಿವೆ.,ಒಂದು ಜಾತಿಯ ಮರ,A species of tree,Yes,Darshan R K,2025-02-08 14:38:28
ಅಶೋಕ,Home ಕನ್ನಡ ವಾರ್ತೆಗಳು ಕರಾವಳಿ ಅಶೋಕ ಚಕ್ಕೆಯ ಚೂರ್ಣಕ್ಕೆ ಸ್ವಲ್ಪ ಕಲ್ಲುಸಕ್ಕರೆ ಪುಡಿ ಸೇರಿಸಿ ಸೇವಿಸಿದರೆ ರಕ್ತ ಪಿತ್ತ ಸಮಸ್ಯೆ ನಿವಾರಣೆ,ಒಂದು ಜಾತಿಯ ಮರ,A species of tree,Yes,Darshan R K,2025-02-08 14:38:28
ಅಶೋಕ,"ಶಾಸಕರ ಭವನದ ನಾಲ್ಕು ಮಹಡಿಗಳ ಎತ್ತರಕ್ಕೆ ಬೆಳೆದುನಿಂತಿದ್ದ ಅಶೋಕ ವೃಕ್ಷಗಳನ್ನು 4 ಅಡಿಗೆ ತುಂಡರಿಸಿ, ಮಧ್ಯೆ ಇದ್ದ ಮರಗಿಡಗಳನ್ನು ತೆರವುಗೊಳಿಸಿ ಒಂದೂವರೆ ವರ್ಷದ ಹಿಂದೆ ಇಲ್ಲಿ ಆಕರ್ಷಕ ಉದ್ಯಾನ ನಿರ್ಮಿಸಲಾಗಿತ್ತು.",ಒಂದು ಜಾತಿಯ ಮರ,A species of tree,Yes,Darshan R K,2025-02-08 14:38:29
ಅಶೋಕ,"ಈ ಆಡಿಯೊ ವಾಕ್‌ನಲ್ಲಿ ಹಲಸಿನ ಮರ, ಅಲಂಕಾರಿಕ ಅಶೋಕ ಮರ, ಆಲದ ಮರ, ಮಾವಿನ ಮರ, ಛತ್ರಿ ಮರ ಹೀಗೆ ಐದು ಮರಗಳು ತಾವು ಹೇಗೆಲ್ಲ ಬದುಕುತ್ತಿದ್ದೇವೆ ಎಂಬ ಬಗ್ಗೆ ಚಿಕ್ಕದಾಗಿ ಚೊಕ್ಕವಾಗಿ ಪರಿಚಯ ಮಾಡಿಕೊಂಡವು.",ಒಂದು ಜಾತಿಯ ಮರ,A species of tree,Yes,Darshan R K,2025-02-08 14:38:29
ಆಟ,"ಮ್ಯಾಕ್ಸ್​ವೆಲ್​ ಕೂಡ ತಂಡಕ್ಕೆ​ ಆಧಾರವಾಗದೆ 28 ರನ್​ಗೆ ನಿರ್ಗಮಿಸಿದರೆ, ಕಳೆದ ಪಂದ್ಯದಲ್ಲಿ ಮಿಂಚಿದ್ದ ಕಲ್ಟರ್ ನೇಲ್ ಆಟ ಕೇವಲ 4 ರನ್​ಗೆ ಅಂತ್ಯವಾಯಿತು.",ಕ್ರೀಡೆ,Game,Yes,Darshan R K,2025-02-08 06:24:11
ಆಟ,"ಪ್ರತಿ ರಂಗದಲ್ಲಿ ಲಿಂಬೆಹಣ್ಣು, ಕಾಯಿ, ತತ್ತಿ, ನೀರು ತುಂಬಿದ ಗಡಿಗೆಯಲ್ಲಿ ಕಳ್ಳಿಬಳ್ಳಿ, ಕುಂಬಳಕಾಯಿ ಹೀಗೆ ಒಂದೊಂದು ವಿಧದ ವಸ್ತುಗಳನ್ನಿಟ್ಟು ಆಟ ಆಡುವುದು ಮೋಡಿ ಆಟದ ವಿಶೇಷ.",ಕ್ರೀಡೆ,Game,Yes,Darshan R K,2025-02-08 06:24:11
ಆಟ,ಇದರ ನಡುವೆಯೂ ಛಲದ ಆಟ ಆಡಿದ ಘೋಷಾಲ್‌ ಪಂದ್ಯದ ಗೆದ್ದು ಬೀಗಿದರು.,ಕ್ರೀಡೆ,Game,Yes,Darshan R K,2025-02-08 06:24:11
ಆಟ,"ಮನೆ ಪಕ್ಕದಲ್ಲಿ ಹರಿಯುತ್ತಿರುವ ತೋಡು, ಕೆರೆ, ಹೊಳೆಗಳಲ್ಲಿ ನೀರು ಹರಿಯುತ್ತಿರು ವಾಗ ಆಟ ಆಡಬೇಕು ಎಂದೆನಿಸುವುದು ಸಹಜ.",ಕ್ರೀಡೆ,Game,Yes,Darshan R K,2025-02-08 06:24:11
ಆಟ,ಅವುಗಳಲ್ಲಿ ಡಾಡ್ಜ್ಬಾಲ್ ಆಟ ಮತ್ತು ಹಳೆಯ ಮಹಿಳೆ ರಸ್ತೆ ದಾಟಲು ಸಹಾಯ.,ಕ್ರೀಡೆ,Game,Yes,Darshan R K,2025-02-08 06:24:11
ಆಟ,ಇನ್ನೂ ನಾವು ಕ್ರಿಕೆಟ್‌ ಎಂದರೆ ತೀರಾ ಅನಿಶ್ಚಿತತೆಯ ಆಟ ಎಂಬ ಬ್ಯಾನರ್‌ನ ಅಡಿ ರಕ್ಷಣೆ ಪಡೆಯಲಾಗದು.,ಕ್ರೀಡೆ,Game,Yes,Darshan R K,2025-02-08 06:24:11
ಆಟ,ಆಟ ಮುಂದುವರೆದಂತೆ ಚೆಂಡನ್ನು ವೇಗವಾಗಿ ಮತ್ತು ವೇಗವಾಗಿ ಚಲಿಸುತ್ತದೆ.,ಕ್ರೀಡೆ,Game,Yes,Darshan R K,2025-02-08 06:24:11
ಆಟ,ಎರಡನೇ ಅವಧಿಯ ಆಟ ಆರಂಭವಾಗಿ ಮೂರು ನಿಮಿಷಗಳಲ್ಲಿಯೇ ಆತಿಥೇಯ ತಂಡ ಪ್ರಾಬಲ್ಯ ಮೆರೆಯಿತು.,ಕ್ರೀಡೆ,Game,Yes,Darshan R K,2025-02-08 06:24:11
ಆಟ,"ಇದು, ಕ್ರೀಡಾ ಘಟನೆಗಳು ವ್ಯವಸ್ಥೆ (ಪ್ರದೇಶದ ಇದಕ್ಕೆ ಅವಕಾಶ ನೀಡುವುದಾದರೆ), ಒಂದು ಮೋಜಿನ ಆಟ ನನಗೆ ಅರ್ಥ ಹೀಗೆ ನಗರದಲ್ಲಿ ಪ್ಲೇ ಸಾಧ್ಯ.",ಕ್ರೀಡೆ,Game,Yes,Darshan R K,2025-02-08 06:24:11
ಆಟ,"ಒಟ್ಟಾರೆ ಆಟ ಪಾಠದಲ್ಲಿ ಮುಂದಿರುವ ಅಂತಕಃರಣ 24 ಪುಸ್ತಕಗಳನ್ನ ಕನ್ನಡದಲ್ಲಿ ಬರೆದು, ಇಂಗ್ಲಿಷ್‍ನಲ್ಲಿ ಪುಸ್ತಕ ಬರೆಯುವ ಈ ಐಪಿಎಲ್ ಬಗೆಗಿನ ಪುಸ್ತಕದಿಂದ ಈಡೇರಿಸಿಕೊಂಡಿದ್ದಾನೆ.",ಕ್ರೀಡೆ,Game,Yes,Darshan R K,2025-02-08 06:24:11
ಆಟ,"ಆದರೆ ಕರುಣೆ ನಿಯಮದ ಕಲ್ಪನೆಯು ಅನೇಕ ಕ್ರೀಡೆಗಳಲ್ಲಿ ಅನಧಿಕೃತ ಸಾಮರ್ಥ್ಯದಲ್ಲಿ ಸಾಮಾನ್ಯವಾಗಿದೆ, ನ್ಯಾಯೋಚಿತ ಆಟ ಮತ್ತು ಉತ್ತಮ ಕ್ರೀಡಾಸ್ಪರ್ಧೆಯ ಪರಿಕಲ್ಪನೆಯನ್ನು ಉತ್ತೇಜಿಸುತ್ತದೆ.",ಕ್ರೀಡೆ,Game,Yes,Darshan R K,2025-02-08 06:24:11
ಆಟ,ಕರ್ನಾಟಕ ವಾಲಿಬಾಲ್ ತಂಡದ ಆಟ ನೋಡಲು ಹೋದರೆ ಮೊದಲು ಕೇಳಿಬರುತ್ತಿದುದು ಮಾದೇಗೌಡ ಅವರ ಜೋರು ಧ್ವನಿ.,ಕ್ರೀಡೆ,Game,Yes,Darshan R K,2025-02-08 06:24:11
ಆಟ,"ತಮ್ಮ ನೈಜ ಆಟ ಆಡಿದ ಅಲಿಸ್ಟಾರ್ ಕುಕ್, ಆರ್ಭಟಿಸಿದ್ರು.",ಕ್ರೀಡೆ,Game,Yes,Darshan R K,2025-02-08 06:24:11
ಆಟ,ಇದರ ಪರಿಣಾಮವಾಗಿ ರಗ್ಬಿ ಎಂಬ ಹೊಸ ಆಟ ಹುಟ್ಟಿಕೊಂಡಿತು.,ಕ್ರೀಡೆ,Game,Yes,Darshan R K,2025-02-08 06:24:11
ಆಟ,ಇನ್ನು ನಾಯಕ ರೋಹಿತ್ ಶರ್ಮಾ ಆಟ ಕೇವಲ 15 ರನ್ಗಳಿಗೆ ಸೀಮಿತವಾಯಿತು.,ಕ್ರೀಡೆ,Game,Yes,Darshan R K,2025-02-08 06:24:11
ಆಟ,"ಈಗಾಗಲೇ ಟೆಸ್ಟ್, ಏಕದಿನ ಹಾಗೂ ಟಿ20 ಮಾದರಿಗಳಿದ್ದು ಮತ್ತೊಂದು ಹೊಸ ಮಾದರಿ ಕ್ರಿಕೆಟ್ ಆಟ ಅವಶ್ಯಕತೆ ಇಲ್ಲ.",ಕ್ರೀಡೆ,Game,Yes,Darshan R K,2025-02-08 06:24:11
ಆಟ,ಮಗುವಿನ ಆಟ ಪಾಠ ನಗು ಅಳು ತುಂಟಾಟ ಎಲ್ಲವೂ ಒಂದು ರೀತಿಯ ಹೊಸ ಅನುಭವ ಮತ್ತು ಜೀವನದ ಜಂಜಾಟದಲ್ಲಿ ಈಜುತ್ತಿರುವ ಮನಸ್ಸಿಗೆ ಹಿತವಾದ ಅನುಭವ .,ಕ್ರೀಡೆ,Game,Yes,Darshan R K,2025-02-08 06:24:11
ಆಟ,ನಂತರವೂ ಅವರು ದಿಟ್ಟ ಆಟ ಆಡಿ ಸಂಭ್ರಮಿಸಿದರು.,ಕ್ರೀಡೆ,Game,Yes,Darshan R K,2025-02-08 06:24:11
ಆಟ,ಫೋಲ್ಡ್‌ ಮಾಡುವಂತಹ ಟೇಬಲನ್ನು ನಡುವಿನಲ್ಲಿ ಇಟ್ಟು ಈ ಮೂವರು ಚೇರ್ ಹಾಕಿ ಆಟ ಆಡಿದ್ದಾರೆ.,ಕ್ರೀಡೆ,Game,Yes,Darshan R K,2025-02-08 06:24:11
ಆಟ,ವಿಶ್ರಾಂತಿ ಬಯಸುವುದರಿಂದ ತಮ್ಮ ಸ್ಥಾನವನ್ನು ಬೇರೆಯವರು ಆಕ್ರಮಿಸಿಕೊಳ್ಳುತ್ತಾರೆಂಬ ಆತಂಕದಲ್ಲಿ ಕೆಲವು ಬೌಲರ್‌ಗಳು ನೋವನ್ನು ನುಂಗಿಕೊಂಡೇ ಆಟ ಮುಂದುವರಿಸುತ್ತಾರೆ.,ಕ್ರೀಡೆ,Game,Yes,Darshan R K,2025-02-08 06:24:11
ಆಟ,"ಹೀಗಾಗಿ ಇಂಥ ಕಾರ್ಯಕ್ರಮಗಳ ಉಪಯೋಗಿಸಲು ಸಾಧ್ಯವಿಲ್ಲ - ಇದು ತುಂಬಾ ಅಪಾಯಕಾರಿ, ಮತ್ತು ನೀವು ಖಂಡಿತವಾಗಿಯೂ, ಇಂತಹ ಅಪಾಯವನ್ನು ತೆಗೆದುಕೊಳ್ಳಬಾರದು ವೇಳೆ ಸಜೀವವಾಗಿ ಕ್ಲಾನ್ಸ್ ಕೇವಲ ಒಂದು ಆಟ ಕ್ಲಾಷ್ ಆಗಿದೆ.",ಕ್ರೀಡೆ,Game,Yes,Darshan R K,2025-02-08 06:24:11
ಆಟ,ಶಿಕ್ಷಕವರ್ಗದವರಿಗೆ ಮೋಜಿನ ಆಟ ಆಡಿಸುವ ಮೂಲಕ ತಾವೂ ಆನಂದಿಸಿದರು.,ಕ್ರೀಡೆ,Game,Yes,Darshan R K,2025-02-08 06:24:11
ಆಟ,ಮಕ್ಕಳಿಗೆ ಆಟ ಮಾತ್ರ ಗೊತ್ತು.,ಕ್ರೀಡೆ,Game,Yes,Darshan R K,2025-02-08 06:24:11
ಆಟ,"ABODE ಒಳ್ಳೆಯದು, ಸಣ್ಣ ಎಸ್ಕೇಪ್ ಕೊಠಡಿ ಆಟ ಕೂಡ, ಕಂಡಕ್ಟರ್ ಒಂದು ಪಝಲ್-ಸಾಹಸ ವಿಧದ ಆಟವಾಗಿದೆ.",ಕ್ರೀಡೆ,Game,Yes,Darshan R K,2025-02-08 06:24:11
ಆಟ,ವಿಜಯಾ ಕಾಲೇಜಿನಲ್ಲಿದ್ದಾಗ ನಾವು ಶಿಕ್ಷಕರು ಮತ್ತು ವಿದ್ಯಾರ್ಥಿಗಳು ಹುಣ್ಣಿಮೆ ರಾತ್ರಿ ಪೇಪರ್‌ ಚೇಸ್‌ ಅಂತ ಆಟ ಆಡುತ್ತಿದ್ದೆವು.,ಕ್ರೀಡೆ,Game,Yes,Darshan R K,2025-02-08 06:24:11
ಆಟ,ವಿಂಡೀಸ್ ಬೌಲರ್​ಗಳ ಬೆವರಿಳಿಸಿದ ಈ ಜೋಡಿ ಮೈದಾನದ ಮೂಲೆ ಮೂಲೆಗೆ ಚೆಂಡನ್ನು ಅಟ್ಟಿ ಭರ್ಜರಿ ಆಟ ಪ್ರದರ್ಶಿಸಿದರು.,ಕ್ರೀಡೆ,Game,Yes,Darshan R K,2025-02-08 06:24:11
ಆಟ,ಇದಕ್ಕೆ ಪ್ರಕೃತಿಯ ಆಟ ಎನ್ನಬಹುದೊ ಏನೋ.,ಕ್ರೀಡೆ,Game,Yes,Darshan R K,2025-02-08 06:24:11
ಆಟ,ನಾನಂತೂ ಕೆಲ ಪಂದ್ಯಗಳಿಂದ ಉತ್ತಮ ಆಟ ಪ್ರದರ್ಶಿಸಿಲ್ಲ.,ಕ್ರೀಡೆ,Game,Yes,Darshan R K,2025-02-08 06:24:11
ಆಟ,ಶಾಲೆ ಎದುರಿನ ಕಸ ಹರಡಿದ ಸ್ಥಳದಲ್ಲಿಯೇ ಆಟ ಆಡುತ್ತಾರೆ.,ಕ್ರೀಡೆ,Game,Yes,Darshan R K,2025-02-08 06:24:11
ಆಟ,ಮಕ್ಕಳಲ್ಲಿ ಆಟದ ಜತೆಗೆ ಸಾಹಿತ್ಯಾಭಿರುಚಿ ಬೆಳೆಸುವ ಉದ್ದೇಶದಿಂದ ಮಕ್ಕಳ ಆಟ ಮತ್ತು ಸಾಹಿತ್ಯ ವಿಭಾಗ ತೆರೆಯಲಾಗಿತ್ತು.,ಕ್ರೀಡೆ,Game,Yes,Darshan R K,2025-02-08 06:24:11
ಆಟ,"ಆಟ ಬಹಳ ಹಳೆಯದು, ಮತ್ತು ಅವರು ಯಾವುದೇ ರಕ್ಷಣೆ ಇರುವುದಿಲ್ಲ.",ಕ್ರೀಡೆ,Game,Yes,Darshan R K,2025-02-08 06:24:11
ಆಟ,ಹತ್ತು ವರ್ಷದಿಂದ 25 ವರ್ಷದ ವಯೋಮಾನದವರಿಗಾಗಿ ನಡೆದ ವಿವಿಧ ಪಾರಂಪರಿಕ ಆಟಗಳಲ್ಲಿ ಸಚಿವ ಹಾಗೂ ಸಂಸದರ ಇಬ್ಬರು ಆಟ ಆಡಿ ಸಂಭ್ರಮಿಸಿದ್ದಾರೆ.,ಕ್ರೀಡೆ,Game,Yes,Darshan R K,2025-02-08 06:24:11
ಆಟ,ನನ್ನ ಆಟ ಕಂಡು ನನಗೇ ಅಚ್ಚರಿಯಾಗುತ್ತಿದೆ.,ಕ್ರೀಡೆ,Game,Yes,Darshan R K,2025-02-08 06:24:11
ಆಟ,ಕರುಣ್‌ ನಾಯರ್ ಮತ್ತು ಮನೋಜ್‌ ತಿವಾರಿ ಅವರಂಥ ಆಟ ಗಾರರು ಇದ್ದಾಗಲೂ ರಾಯಲ್‌ ಎದುರಿನ ಪಂದ್ಯದಲ್ಲಿ ರವಿಚಂದ್ರನ್ ಅಶ್ವಿನ್ ಅವರನ್ನು ಮೂರನೇ ಕ್ರಮಾಂಕದಲ್ಲಿ ಕಳುಹಿಸಲಾಗಿತ್ತು.,ಕ್ರೀಡೆ,Game,Yes,Darshan R K,2025-02-08 06:24:11
ಆಟ,"ಉದಾಹರಣೆಗೆ, ವ್ಯವಸ್ಥೆ, ತಿಂಗಳಿಗೊಮ್ಮೆ, ಶಿಶುಪಾಲನಾ ಮತ್ತು ನೀವು ಒಳ್ಳೆಯ ಕೆಲಸ ಮಾಡಲು ಬಯಸುವ ಒಂದು ಆಟ ಎಂದು, ನಿಮ್ಮ ಮಗುವಿನ ನಿಯಮಗಳು ಕೇಳಲು.",ಕ್ರೀಡೆ,Game,Yes,Darshan R K,2025-02-08 06:24:11
ಆಟ,"ಅಭ್ಯಾಸದ ನಡುವೆ ನಾಯಕ ವಿರಾಟ್‌ ಕೊಹ್ಲಿ, ಧೋನಿ ಅವರು ಕೆಎಲ್‌ ರಾಹುಲ್‌, ಮೊಹಮ್ಮದ್‌ ಶಮಿ ಮತ್ತು ಉಮೇಶ್‌ ಯಾದವ್‌ ಜತೆಗೆ ಫ‌ುಟ್‌ಬಾಲ್‌ ಆಟ ಆಡಿದರು.",ಕ್ರೀಡೆ,Game,Yes,Darshan R K,2025-02-08 06:24:11
ಆಟ,"ನಿಜಾರ್ಥದಲ್ಲಿ ಭಜನೆ ಎಂದರೆ, ಭಗವಂತನ ಧ್ಯಾನ ಮಾಡುವ ಆತ್ಮಕಲೆಯಾದರೆ ಇನ್ನೊಂದರ್ಥದಲ್ಲಿ ಇದೀಗ ಕೆಲವರು ಇಸ್ಪೀಟ್ ಆಟ ಎಂಬಂತೆ ಕರೆಯುತ್ತಿದ್ದಾರೆ.",ಕ್ರೀಡೆ,Game,Yes,Darshan R K,2025-02-08 06:24:11
ಆಟ,ಹಾಗಿದ್ದರೆ ಟ್ರೀ ಸ್ಕಲ್ಪಚರ್ಸ್ ಆಟ ಆಡೋದಕ್ಕೆ ರೆಡೀನಾ?,ಕ್ರೀಡೆ,Game,Yes,Darshan R K,2025-02-08 06:24:11
ಆಟ,"ಅಂದಹಾಗೆ, ಸೆಹವಾಗ್ ಇಂಗ್ಲಂಡ್ ವಿರುದ್ಧದ ಅಹಮದಾಬಾದ್ನ ಮೊದಲ ಟೆಸ್ಟ್ನಲ್ಲಿ ಶತಕ ಬಾರಿಸಿ ನಿಟ್ಟುಸಿರು ಬಿಡುವಂತೆ ಮಾಡಿದ್ದರೂ ಆ ಆಟ ಮತ್ತೆ ಬರಲಿಲ್ಲ.",ಕ್ರೀಡೆ,Game,Yes,Darshan R K,2025-02-08 06:24:11
ಆಟ,ಆಟ ಕೊನೆಗೊಳ್ಳಲು 20 ಸೆಕೆಂಡ್‌ಗಳು ಬಾಕಿ ಇದ್ದಾಗ ದೀಪಿಕಾ ಪೆನಾಲ್ಟಿ ಕಾರ್ನರ್ ಅವಕಾಶದಲ್ಲಿ ಗೋಲು ಜಮೆ ಮಾಡಿ ತಂಡವನ್ನು ಗೆಲುವಿನ ದಡ ಸೇರಿಸಿದರು.,ಕ್ರೀಡೆ,Game,Yes,Darshan R K,2025-02-08 06:24:13
ಆಟ,ಆಟ ನಿಂತಾಗ 66 ರನ್ ಗಳಿಸಿ ಕ್ರೀಸ್‌ನಲ್ಲಿದ್ದ ಅಝರ್ ಅಲಿ ಮತ್ತು 28 ರನ್ ಗಳಿಸಿದ್ದ ಅಸದ್ ಶಫೀಕ್ ಬ್ಯಾಟಿಂಗ್ ಮುಂದುವರಿಸಿ ಐದನೆ ವಿಕೆಟ್‌ಗೆ 115 ರನ್ ದಾಖಲಿಸಿದರು.,ಕ್ರೀಡೆ,Game,Yes,Darshan R K,2025-02-08 06:24:13
ಆಟ,ಇದಕ್ಕೂ ಮುನ್ನ ಮೊದಲ ಇನ್ನಿಂಗ್ಸಲ್ಲಿ 6 ವಿಕೆಟ್ ನಷ್ಟಕ್ಕೆ 431 ರನ್ ಗಳಿಸಿದ್ದ ಮುಂಬೈ ತಂಡ ಮೂರನೇ ದಿನದ ಆರಂಭದಲ್ಲಿ ಆಟ ಮುಂದುವರಿಸಿ 8 ವಿಕೆಟ್ ನಷ್ಟಕ್ಕೆ 464 ರನ್ ಗಳಿಸಿ ಇನ್ನಿಂಗ್ಸ್ ಡಿಕ್ಲೇರ್ ಮಾಡಿಕೊಂಡಿತು.,ಕ್ರೀಡೆ,Game,Yes,Darshan R K,2025-02-08 06:24:13
ಆಟ,ಎಂದು ತನ್ನ ಗಣಿತ ಮಾಷ್ಟ್ರು ಕೊಟ್ಟಿದ್ದ ಹೋಮ್‌ವರ್ಕ್‌ ಮುಗಿಸಿ ಆಟ ಆಡಲು ಹೋಗುವ ಕಾತರ ಅವನಿಗೆ.,ಕ್ರೀಡೆ,Game,Yes,Darshan R K,2025-02-08 06:24:13
ಆಟ,"ಇದರೊಂದಿಗೆ ಟೆಸ್ಟ್ ಕ್ರಿಕೆಟ್ ನಲ್ಲಿ ತಮ್ಮ 12ನೇ ಶತಕ ಪೂರೈಸಿ, ಎರಡನೇ ದಿನಕ್ಕೆ ಆಟ ಕಾಯ್ದಿರಿಸಿದ್ದಾರೆ.",ಕ್ರೀಡೆ,Game,Yes,Darshan R K,2025-02-08 06:24:13
ಆಟ,ಇಲ್ಲಿ ಹೋಳ್ಕರ್ ಸ್ಟೇಡಿಯಂನಲ್ಲಿ ನಾಲ್ಕನೆ ದಿನವಾದ ಶುಕ್ರವಾರ ಆಟ ಕೊನೆಗೊಂಡಾಗ ಗುಜರಾತ್ ತಂಡ ವಿಕೆಟ್ ನಷ್ಟವಿಲ್ಲದೆ 13.,ಕ್ರೀಡೆ,Game,Yes,Darshan R K,2025-02-08 06:24:13
ಆಟ,"ಈ ಆಟ ಆಡಲು ಚತುರತೆ, ಎಚ್ಚರಿಕೆ, ಹೃದಯದ ಶ್ರೀಮಂತಿಕೆ, ಯೋಜಿಸುವ ಸಾಮರ್ಥ್ಯ, ತಾಳ್ಮೆ, ಸಹನೆ, ಇತ್ಯಾದಿಗಳೆಲ್ಲವೂ ಇರಬೇಕಾಗುತ್ತದೆ.",ಕ್ರೀಡೆ,Game,Yes,Darshan R K,2025-02-08 06:24:13
ಆಟ,ಪರಿಸ್ಥಿತಿ ಹೀಗೆಲ್ಲ ಇರಬೇಕಾದರೆ ನೀನು ಸುಮ್ಮನೆ ಆಟ ಆಡಬೇಡ.,ನಾಟಕ,Drama/Play/Show,Yes,Darshan R K,2025-02-08 06:38:33
ಆಟ,"ನಂತರ ಸಕ್ಸಸ್ ಹಾದಿಯಲ್ಲಿ ಮುನ್ನುಗ್ಗಿದ ಮಿತ್ರಾ ಹಾದಿಯಲ್ಲಿ ಬಂದಿದ್ದು, ಆಡು ಆಟ ಆಡು, ರಾಗ, ಹೀಗೊಂದು ದಿನ, ಕಟ್ಟು ಕಥೆ, ಪರಸಂಗ, ಗಿರ್ ಗಿಟ್ಲೆ ಹೀಗೆ ಹತ್ತು ಹಲವಾರು ಚಿತ್ರಗಳು.",ನಾಟಕ,Drama/Play/Show,Yes,Darshan R K,2025-02-08 06:38:33
ಆಟ,"ರಾಜಕೀಯ ಪಕ್ಷದ ಒಳಗೆ ನಡೆಯುವ ಮೈಂಡ್ ಗೇಮ್, ಅಧಿಕಾರ ದಾಹ ಯಾವ ಮಟ್ಟಿಗೆ ಇರುತ್ತದೆ, ಪ್ರೇಮಿಗಳ ನಡುವೆ ರಾಜಕೀಯ ಹೇಗೆ ಆಟ ಆಡುತ್ತದೆ ಎನ್ನುವುದನ್ನು ಈ ಸಿನಿಮಾ ನೋಡಿ ತಿಳಿಯಬಹುದಾಗಿದೆ.",ನಾಟಕ,Drama/Play/Show,Yes,Darshan R K,2025-02-08 06:38:33
ಆಟ,ಆದರೆ ಧೀರೇಂದ್ರರ ಮುಂದೆ ಇವರ ಆಟ ನಡೆಯಲಿಲ್ಲ.,ನಾಟಕ,Drama/Play/Show,Yes,Darshan R K,2025-02-08 06:38:33
ಆಟ,ಅಪ್ಪ-ಮಕ್ಕಳ ಆಟ ಇನ್ನು ಹೆಚ್ಚು ದಿನ ನಡೆಯೋದಿಲ್ಲ.,ನಾಟಕ,Drama/Play/Show,Yes,Darshan R K,2025-02-08 06:38:33
ಆಟ,"ಇನ್ಮೇಲೆ ನಮ್ಮಾಟ, ಬಿಜೆಪಿ ಆಟ ನಡೆಯಲ್ಲ ಎಂದ ಸಚಿವ!",ನಾಟಕ,Drama/Play/Show,Yes,Darshan R K,2025-02-08 06:38:33
ಆಟ,ಬಿಜೆಪಿಯವರ ಆಟ ಇದೇ ಮೊದಲೇನಲ್ಲ.,ನಾಟಕ,Drama/Play/Show,Yes,Darshan R K,2025-02-08 06:38:33
ಆಟ,"ಪರಮೇಶ್ವರ್, ನಿಮ್ಮ ಆಟ ಯುಪಿ ಮತ್ತೆ ಬೇರೆಡೆ ನಡೆದಿರಬಹುದು, ಆದ್ರೆ ನೀವು ಕರ್ನಾಟಕದ ಪಾಲಿಗೆ ಚಾಣಕ್ಯ ಅಲ್ಲ ಎಂದು ಲೇವಡಿ ಮಾಡಿದ್ದಾರೆ.",ನಾಟಕ,Drama/Play/Show,Yes,Darshan R K,2025-02-08 06:38:33
ಆಟ,"ಆದರೆ, ದಿನಾಂಕವನ್ನು 2018ರ ಜನವರಿ 7 ಎಂದು ನಮೂದಿಸಿರುವ ನೀವು ನ್ಯಾಯಾಲಯದೊಂದಿಗೆ ಆಟ ಆಡುತ್ತಿದ್ದೀರಾ ಎಂದು ಅಡ್ವೋಕೇಟ್‌ ಜನರಲ್‌ ಉದಯ್‌ ಹೊಳ್ಳ ಅವರನ್ನು ನ್ಯಾಯಪೀಠ ತರಾಟೆಗೆ ತೆಗೆದುಕೊಂಡಿತು.",ನಾಟಕ,Drama/Play/Show,Yes,Darshan R K,2025-02-08 06:38:33
ಆಟ,"ಮೋದಿ ,ಶಾ ಮುಂದೆ ಅವರ ಆಟ ನಡೆಯಲ್ಲ ಎಂದು ವ್ಯಂಗ್ಯ ಮಾಡಿದ್ದಾರೆ.",ನಾಟಕ,Drama/Play/Show,Yes,Darshan R K,2025-02-08 06:38:33
ಆಟ,ಈ ಮೂಲಕ ಇನ್ನು ಮುಂದೆ ಕಾಂಗ್ರೆಸ್ ಪಕ್ಷದಲ್ಲಿ ರಮ್ಯಾ ಆಟ ನಡೆಯೋದಿಲ್ಲ ಎಂಬ ಸಂದೇಶವನ್ನು ಪಕ್ಷ ಸಾರಿದೆ.,ನಾಟಕ,Drama/Play/Show,Yes,Darshan R K,2025-02-08 06:38:33
ಆಟ,ಇನ್ನು ಮೇಲೆ ನಿಮ್ಮ ಆಟ ನಡೆಯದು ಎಂದು ಪಾಕ್‌ ಗೆ ತಿರುಗೇಟು ನೀಡಿದ್ದಾರೆ.,ನಾಟಕ,Drama/Play/Show,Yes,Darshan R K,2025-02-08 06:38:33
ಆಟ,ಒಟ್ಟಿನಲ್ಲಿ ತೆರೆಮರೆಯಿಂದಲೇ ಗೋಮುಖ ವ್ಯಾಘ್ರನ ಆಟ ಆಡುತ್ತಿರುವ ಪಾಕಿಸ್ತಾನದ ಕ್ರೂರತನಕ್ಕೆ ತಕ್ಕ ಶಾಸ್ತಿ ಮಾಡಲು ಸರ್ಜಿಕಲ್ ದಾಳಿಯೇ ಸೂಕ್ತ!,ನಾಟಕ,Drama/Play/Show,Yes,Darshan R K,2025-02-08 06:38:33
ಆಟ,"ಮೋದಿ, ಅಮಿತ್ ಶಾ, ಬಿಎಸ್‌ವೈ ಮುಂದೆ ಸಿಎಂ ಆಟ ನಡೆಯಲ್ಲ: ಪ್ರತಾಪ್ ಸಿಂಹ",ನಾಟಕ,Drama/Play/Show,Yes,Darshan R K,2025-02-08 06:38:34
ಆಟ,ಕ್ರೌಂಚಪಕ್ಷಿಗಳ ಪ್ರೀತಿಯ ಆಟ ವಾಲ್ಮೀಕಿ ಮಹರ್ಷಿಗಳಿಗೆ ಆನಂದವಾಗಿ ಕಂಡಿತು; ಆದರೆ ಆ ಬೇಡನಿಗೆ ಅದು ಆಹಾರವಾಗಿ ಕಂಡಿತು!,ನಾಟಕ,Drama/Play/Show,Yes,Darshan R K,2025-02-08 06:38:34
ಆಟ,"ಸುಪ್ರೀಂಕೋರ್ಟ್‌ ತೀರ್ಪು ಅತೃಪ್ತರ ಪರ ಬರುವ ಸಾಧ್ಯತೆ ಇದ್ದು, ಇನ್ನು ಕುಮಾರಸ್ವಾಮಿ ಆಟ ನಡೆಯುವುದಿಲ್ಲ.",ನಾಟಕ,Drama/Play/Show,Yes,Darshan R K,2025-02-08 06:38:34
ಆಟ,ವಿರಾಜಪೇಟೆಯಲ್ಲಿ ಜೆಡಿಎಸ್‌ ಆಟ ನಡೆಯಲಿಲ್ಲ.,ನಾಟಕ,Drama/Play/Show,Yes,Darshan R K,2025-02-08 06:38:34
ಆಟ,ಕಹಳೆ ಬಾಬಾ ಮತ್ತೆ ಹೊಸ ಆಟ ಶುರು ಮಾಡಿದರು.,ನಾಟಕ,Drama/Play/Show,Yes,Darshan R K,2025-02-08 06:38:34
ಆಟ,ಈ ರೀತಿ ಹುಡುಗಿಯರಿಂದ ಮುಂದೆ ಇಟ್ಟುಕೊಂಡು ಆಟ ಆಡುವುದನ್ನು ನಿಲ್ಲಿಸು ಎಂದು ಒಪನ್ ಆಗಿ ಏಕವಚನದಲ್ಲಿ ಹೇಳಿದ್ದಾರೆ.,ನಾಟಕ,Drama/Play/Show,Yes,Darshan R K,2025-02-08 06:38:34
ಉತ್ತರ,"ಆಂಧ್ರಪ್ರದೇಶ, ರಾಜಸ್ಥಾನ ಮತ್ತು ಉತ್ತರ ಪ್ರದೇಶದ ಫಲಿತಾಂಶ ಕಾಂಗ್ರೆಸ್ ಹಣೆಬರಹವನ್ನು ನಿರ್ಧರಿಸಲಿದೆ.",ಉತ್ತರದಿಕ್ಕು,Direction West,Yes,Darshan N,2025-02-12 14:32:09
ಉತ್ತರ,ಮತ್ತೊಂದು ಕಡೆ ಉತ್ತರ ಕರ್ನಾಟಕ ಭಾಗದಲ್ಲಿ ಕಾಂಗ್ರೆಸ್ ಶಾಸಕರ ಬಂಡಾಯ ತೀವ್ರಗೊಂಡಿದೆ.,ಉತ್ತರದಿಕ್ಕು,Direction West,Yes,Darshan N,2025-02-12 14:32:09
ಉತ್ತರ,ಇದನ್ನು ಕೂಡ ಶಿವಮೊಗ್ಗ ತಾಲೂಕಿನ ಉತ್ತರ ಭಾಗದಲ್ಲಿನ ಮುದುವಳಲು ಗ್ರಾಮವನ್ನು ರಾಜಧಾನಿಯಾಗಿ ಹೊಂದಿದ ಪ್ರದೇಶವಾಗಿ ಸಧ್ಯಕ್ಕೆ ಗುರ್ತಿಸಬಹುದು.,ಉತ್ತರದಿಕ್ಕು,Direction West,Yes,Darshan N,2025-02-12 14:32:09
ಉತ್ತರ,ಹಂತ ಹಂತವಾಗಿ ನೀರು ಬಿಡುವ ಮೂಲಕ ಗೇರುಸೊಪ್ಪೆ ಮೊದಲಾದ ಉತ್ತರ ಕನ್ನಡದ ಭಾಗಗಳಲ್ಲಿ ಪ್ರವಾಹವನ್ನ ನಿಯಂತ್ರಿಸಬಹುದಾಗಿದೆ.,ಉತ್ತರದಿಕ್ಕು,Direction West,Yes,Darshan N,2025-02-12 14:32:09
ಉತ್ತರ,"ಬಿದಿರಿನ ಉತ್ಪನ್ನಗಳು, ಜೈಪುರದ ಪಾಟರಿ, ಪಶ್ಚಿಮ ಬಂಗಾಲದ ದೋಕ್ರಾ, ಉತ್ತರ ಪ್ರದೇಶದ ಅಮೃತಶಿಲೆ, ತಂಜಾವೂರು ಕಲಾ ಪ್ರಕಾರಗಳು, ಮೈಸೂರು ಚಿತ್ರಕಲೆ ಹಾಗೂ ಬೇರೆ ಬೇರೆ ರಾಜ್ಯಗಳ ಕೈಮಗ್ಗ, ಮಹಿಳೆಯರಿಗಾಗಿ ಅಲಂಕಾರಿಕ ವಸ್ತುಗಳು, ಬಟ್ಟೆಗಳು, ಪೀಠೋಪಕರಣಗಳು, ಫ್ಯಾಷನ್ ಮತ್ತು ಸಾಂಪ್ರದಾಯಿಕ ಶೈಲಿಯ ಆಭರಣಗಳು ಇಲ್ಲಿನ ಆಕರ್ಷಣೆ.",ಉತ್ತರದಿಕ್ಕು,Direction West,Yes,Darshan N,2025-02-12 14:32:09
ಉತ್ತರ,ಉತ್ತರ ಭಾರತದ ಸ್ಪೆಷಲ್ ತರ್ಕಾದಾಲ್,ಉತ್ತರದಿಕ್ಕು,Direction West,Yes,Darshan N,2025-02-12 14:32:09
ಉತ್ತರ,ಈ ಪೈಕಿ ಒಂದಷ್ಟು ನೀರನ್ನು ಉತ್ತರ ಕರ್ನಾಟಕ ಭಾಗದ ಜನರ ಕುಡಿಯುವ ಉದ್ದೇಶಕ್ಕೆ ಮಲಪ್ರಭಾ ನದಿಗೆ ತಿರುಗಿಸಬೇಕು.,ಉತ್ತರದಿಕ್ಕು,Direction West,Yes,Darshan N,2025-02-12 14:32:09
ಉತ್ತರ,"ಬಾಗಲಕೋಟೆ,20- ಸರ್ಕಾರಿ ಮತ್ತು ಖಾಸಗಿ ಸಂಘ-ಸಂಸ್ಥೆಗಳಲ್ಲಿ ಗುತ್ತಿಗೆ ಆಧಾರದ ಮೇಲೆ ಕೆಲಸ ಮಾಡುವ ಕಾರ್ಮಿಕರಿಗೆ ಕೆಲಸಕ್ಕೆ ತಕ್ಕ ವೇತನ ನೀಡಬೇಕು ಎಂದು ಉತ್ತರ ಕರ್ನಾಟಕ ಜಿಲ್ಲಾ ಪೌರ ಕಾರ್ಮಿಕರ ಅಧ್ಯಕ್ಷ ಹರೀಶ ನಾಯಕ ಆಗ್ರಹಿಸಿದರು.",ಉತ್ತರದಿಕ್ಕು,Direction West,Yes,Darshan N,2025-02-12 14:32:09
ಉತ್ತರ,ವೆಚ್ಚದ ಮೊದಲ ಹಂತದ ನೂತನ ಮಾರುಕಟ್ಟೆ ಕಾಮಗಾರಿಗೆ ಮಂಗಳೂರು ಉತ್ತರ ವಲಯ ಶಾಸಕ ಮೊಯ್ದಿನ್ ಬಾವಾ ಚಾಲನೆ.,ಉತ್ತರದಿಕ್ಕು,Direction West,Yes,Darshan N,2025-02-12 14:32:09
ಉತ್ತರ,ಉತ್ತರ ಪ್ರದೇಶ ಮತ್ತು ಪಂಜಾಬಿನಲ್ಲೂ ಕೆಲವೆಡೆಗಳಲ್ಲಿ ಇದನ್ನು ಬೆಳೆಯುತ್ತಾರೆ.,ಉತ್ತರದಿಕ್ಕು,Direction West,Yes,Darshan N,2025-02-12 14:32:09
ಉತ್ತರ,"ಕೇಂದ್ರ ಸರ್ಕಾರ, ಉತ್ತರ ಪ್ರದೇಶ ರಾಜ್ಯ ಸರ್ಕಾರ ಹಾಗೂ ಎಲ್ಲ ಅರ್ಜಿದಾರರ ವಾದ ಆಲಿಕೆ",ಉತ್ತರದಿಕ್ಕು,Direction West,Yes,Darshan N,2025-02-12 14:32:09
ಉತ್ತರ,ಗುಡುಗುಡುಚಂಡಕ್ಕೆ : ಉತ್ತರ ಕರ್ನಾಟಕದ ಎಳೆದಾಟದ ಒಂದು ಬಗೆ.,ಉತ್ತರದಿಕ್ಕು,Direction West,Yes,Darshan N,2025-02-12 14:32:09
ಉತ್ತರ,ಬಿಎಸ್ ವೈಗೆ ಉತ್ತರ ಕನ್ನಡ ಸಂಸದ ಅನಂತ ಕುಮಾರ ಹೆಗಡೆ ಸಾಥ್ ನೀಡಿದರು.,ಉತ್ತರದಿಕ್ಕು,Direction West,Yes,Darshan N,2025-02-12 14:32:09
ಉತ್ತರ,"ಆದ್ದರಿಂದ, ನೀವು ಈ ಉದ್ದಿಮೆಯಲ್ಲಿ ಪಡೆಯಲು ಬಯಸಿದರೆ, ನೀವು ತುಂಬಾ ದೀರ್ಘಕಾಲ ದೇಶದ ಉತ್ತರ ಪ್ರದೇಶಗಳ ಕಳುಹಿಸಲಾಗುವುದು ಎಂದು ತಯಾರಿಸಬಹುದು.",ಉತ್ತರದಿಕ್ಕು,Direction West,Yes,Darshan N,2025-02-12 14:32:09
ಉತ್ತರ,2-3 ವರ್ಷಗಳಲ್ಲಿ ವಿಶೇಷವಾಗಿ ಉತ್ತರ ಕರ್ನಾಟಕದಲ್ಲಿ ಈ ಕ್ಲಸ್ಟರ್‌ಗಳ ಮೂಲಕ ಸುಮಾರು 10ಲಕ್ಷ ಉದ್ಯೋಗಗಳನ್ನು ಸೃಷ್ಟಿ ಮಾಡುವ ವಿಶ್ವಾಸ ನನ್ನದು.,ಉತ್ತರದಿಕ್ಕು,Direction West,Yes,Darshan N,2025-02-12 14:32:09
ಉತ್ತರ,"ಉಳಿದಂತೆ ಕಳೆದ ಬಾರಿ ಉತ್ತರ ಕರ್ನಾಟಕ ಪ್ರದೇಶದಲ್ಲಿ ಸಚಿವರಾಗಿದ್ದ ವಿನಯ್‌ ಕುಲಕರ್ಣಿ, ಬಸವರಾಜ ರಾಯರೆಡ್ಡಿ, ಕೋಳಿವಾಡ, ಉಮಾಶ್ರೀ, ಶರಣ ಪ್ರಕಾಶ್ ಪಾಟೀಲ್ ಈ ಬಾರಿ ಪರಾಭವಗೊಂಡಿರುವುದು ಈ ಭಾಗದ ಜಿಲ್ಲೆಗಳಲ್ಲಿ ಸಚಿವ ಪ್ರಾತಿನಿಧ್ಯಕ್ಕೆ ಹೆಚ್ಚಿನ ಅವಕಾಶ ಇಲ್ಲವಾಗಿದೆ.",ಉತ್ತರದಿಕ್ಕು,Direction West,Yes,Darshan N,2025-02-12 14:32:09
ಉತ್ತರ,"ಈ ಕುರಿತು ಸಾಮಾಜಿಕ ಜಾಲ ತಾಣಗಳಲ್ಲಿ ಅಭಿಮಾನಿಗಳು ಹಾಗೂ ರಾಜ್ಯದ ಜನತೆಗೆ ಮನವಿ ಮಾಡಿರುವ ನಟ ದರ್ಶನ್, ನಮ್ಮ ಉತ್ತರ ಕರ್ನಾಟಕ ಭಾಗದ ಜಿಲ್ಲೆಗಳ ಹಲವು ಹಳ್ಳಿಗಳು ಪ್ರವಾಹದ ಅಬ್ಬರಕ್ಕೆ ನೀರಿನಲ್ಲಿ ಮುಳುಗಿ ಹೋಗಿವೆ.",ಉತ್ತರದಿಕ್ಕು,Direction West,Yes,Darshan N,2025-02-12 14:32:09
ಉತ್ತರ,ಉತ್ತರ ಕರ್ನಾಟಕ ಭಾಗಕ್ಕೆ ಸೇರಿದ 13 ಜಿಲ್ಲೆಗಳ ಪೈಕಿ ಎಲ್ಲೂ ಕೂಡ ಬಂದ್‌ ಆಗಲಿಲ್ಲ.,ಉತ್ತರದಿಕ್ಕು,Direction West,Yes,Darshan N,2025-02-12 14:32:09
ಉತ್ತರ,ಮೈಸೂರು ಉತ್ತರ ವಿಭಾಗದ ಶಾಲೆಗಳಲ್ಲಿ ದ್ವಿತೀಯ ಭಾಷೆ ಇಂಗ್ಲಿಷ್‌ನಲ್ಲಿ ಶೇ 78.,ಉತ್ತರದಿಕ್ಕು,Direction West,Yes,Darshan N,2025-02-12 14:32:09
ಉತ್ತರ,ನ್ಯೂಸ್ ಕನ್ನಡ ವರದಿ(21-04-2018): ದೂರನ್ನು ದಾಖಲಿಸ ಬೇಕಾದರೆ ತನಗೆ ರೆಸ್ಟೋರೆಂಟ್ ನಿಂದ ಫಿಝಾ ತಂದುಕೊಡುವಂತೆ ದೂರುಗಾರರ ಮೇಲೆ ಮಹಿಳಾ ಪೋಲೀಸ್ ಇನ್ಸ್ ಪೆಕ್ಟರ್ ಒತ್ತಡ ಹಾಕಿದ ಘಟನೆ ಉತ್ತರ ಪ್ರದೇಶದಲ್ಲಿ ನಡೆದಿದೆ.,ಉತ್ತರದಿಕ್ಕು,Direction West,Yes,Darshan N,2025-02-12 14:32:09
ಉತ್ತರ,ಕ್ರೀಟ್ ಉತ್ತರ ಕರಾವಳಿ) ವ್ಯವಸ್ಥೆ ಇದೆ.,ಉತ್ತರದಿಕ್ಕು,Direction West,Yes,Darshan N,2025-02-12 14:32:09
ಉತ್ತರ,ಪ್ರವಾಹ ಪೀಡಿತ ಉತ್ತರ ಕರ್ನಾಟಕ ಹಲವು ಪ್ರದೇಶಗಳಿಗೆ ಭೇಟಿ ನೀಡಿರುವ ಸಿದ್ದರಾಮಯ್ಯ ಅವರ ಸಂಕಷ್ಟಗಳನ್ನು ಆಲಿಸಿದ್ದಾರೆ.,ಉತ್ತರದಿಕ್ಕು,Direction West,Yes,Darshan N,2025-02-12 14:32:09
ಉತ್ತರ,"ಆಸಕ್ತಿಕರ, ಆದರೆ ಉತ್ತರ ಕೊರಿಯಾ ಯುದ್ಧ ಖೈದಿಗಳನ್ನು ಸಂದರ್ಭದಲ್ಲಿ ಸೆರೆಹಿಡಿಯಲಾದ ಸಾಮೂಹಿಕವಾಗಿ ದಕ್ಷಿಣ ಕೊರಿಯಾದ ತೆಕ್ಕೆಗೆ ಶಾಶ್ವತವಾಗಿ ಉಳಿಯುತ್ತದೆ ಹೋಗಬಯಸುವ ತಮ್ಮ ತಾಯ್ನಾಡಿನ ಮರಳಲು ನಿರಾಕರಿಸಿದರು.",ಉತ್ತರದಿಕ್ಕು,Direction West,Yes,Darshan N,2025-02-12 14:32:09
ಉತ್ತರ,ನಮ್ಮ ಬಜೆಟ್ ನಲ್ಲಿ ಉತ್ತರ ಕರ್ನಾಟಕವನ್ನು ನಿರ್ಲಕ್ಷ್ಯ ಮಾಡಿಲ್ಲ.,ಉತ್ತರದಿಕ್ಕು,Direction West,Yes,Darshan N,2025-02-12 14:32:09
ಉತ್ತರ,ಆದರೆ 19ನೇ ಶತಮಾನದುದ್ದಕ್ಕೂ ಉತ್ತರ ಅಮೆರಿಕ ಪ್ರಮುಖ ಯುದ್ಧಗಳನ್ನು ಕಂಡಿತು.,ಉತ್ತರದಿಕ್ಕು,Direction West,Yes,Darshan N,2025-02-12 14:32:09
ಉತ್ತರ,ಲಖನೌ: ಪ್ರಧಾನ ಮಂತ್ರಿ ನರೇಂದ್ರ ಮೋದಿ ಇಂದು ಉತ್ತರ ಪ್ರದೇಶದ ಲಖನೌನಲ್ಲಿ 3ನೇ ಅಂತರಾಷ್ಟ್ರೀಯ ಯೋಗ ದಿನಕ್ಕೆ ಚಾಲನೆ ನೀಡಿದರು.,ಉತ್ತರದಿಕ್ಕು,Direction West,Yes,Darshan N,2025-02-12 14:32:09
ಉತ್ತರ,ಮಾಲ್ವೇರ್ ದಾಳಿಯ ಹಿಂದೆ ಉತ್ತರ ಕೊರಿಯ: ಅಮೆರಿಕ ಆರೋಪ,ಉತ್ತರದಿಕ್ಕು,Direction West,Yes,Darshan N,2025-02-12 14:32:09
ಉತ್ತರ,ಏಕೆ ಉತ್ತರ ಮತ್ತು ದಕ್ಷಿಣ ಕೊರಿಯಾ ಯುದ್ಧದ ಇರುತ್ತದೆ?,ಉತ್ತರದಿಕ್ಕು,Direction West,Yes,Darshan N,2025-02-12 14:32:09
ಉತ್ತರ,ಉತ್ತರ ಪ್ರದೇಶ ಬಂದ್ ಹಿಂಸಾತ್ಮಕ: 4 ಸಾವು,ಉತ್ತರದಿಕ್ಕು,Direction West,Yes,Darshan N,2025-02-12 14:32:09
ಉತ್ತರ,ಕ್ಷಿಪಣಿ ಸ್ಥಳ ಬದಲಿಸುತ್ತಿರುವ ಉತ್ತರ ಕೊರಿಯಾ,ಉತ್ತರದಿಕ್ಕು,Direction West,Yes,Darshan N,2025-02-12 14:32:09
ಉತ್ತರ,"ಉತ್ತರ ಪ್ರದೇಶದ ಕಾನ್ಪುರದಲ್ಲಿರುವ ಸುಶಾಂತ್ ಮಿಶ್ರಾ ಮತ್ತು ಈತನ ತಮ್ಮ ತನ್ಮಯ್ ತಮ್ಮ ಕುಟುಂಬ ಎದುರಿಸುತ್ತಿರುವ ಕಷ್ಟಗಳು, ಖಾಯಿಲೆಗೆ ತುತ್ತಾದ ತಂದೆ ಬಗ್ಗೆ ಹೀಗೆ ಸವಿವರವಾಗಿ ಬರೆದು ಸಹಕಾರ ನೀಡಬೇಕೆಂದು ಕೋರಿ ಪ್ರಧಾನಿಗೆ ಪತ್ರ ಬರೆದಿದ್ದರು.",ಉತ್ತರದಿಕ್ಕು,Direction West,Yes,Darshan N,2025-02-12 14:32:09
ಉತ್ತರ,ಸುರೇಶ್ ರೈನಾ ಪ್ರಶ್ನೆಗೆ ಕಾಲಿವುಡ್ ಸ್ಟಾರ್ ಸೂರ್ಯ ಉತ್ತರ,ಉತ್ತರದಿಕ್ಕು,Direction West,Yes,Darshan N,2025-02-12 14:32:09
ಉತ್ತರ,"ಆಂಧ್ರಪ್ರದೇಶದ ಕೊಂಡಪಲ್ಲಿ ಮತ್ತು ಎಟಿಕೊಪ್ಪ, ಉತ್ತರ ಪ್ರದೇಶದ ವಾರಾಣಸಿ ಮತ್ತು ಅಲೀಗಢ, ಪಶ್ಚಿಮಬಂಗಾಳದ ಕೊಲ್ಕತ್ತಾ, ಕೃಷ್ಣಾ ನಗರ್‌, ಬಿಷ್ಣುಪುರ್‌, ರಾಜಾಸ್ಥಾನದ ಜೈಪುರ ಮತ್ತು ಜೋಧ್‌ಪುರ, ಮಹಾರಾಷ್ಟ್ರದ ಕೊಲ್ಹಾಪುರ ಮತ್ತು ಪೇಣ್‌ ಸೇರಿದಂತೆ ಭಾರತದ ವಿವಿಧ ಪ್ರದೇಶಗಳಿಂದ ಬೊಂಬೆ ಹಬ್ಬಕ್ಕಾಗಿ ತರಿಸಲಾಗಿರುವ ಸಾವಿರಾರು ಬೊಂಬೆಗಳು ಒಂದೇ ಸೂರಿನಡಿ ಪ್ರದರ್ಶಿತಗೊಂಡಿವೆ.",ಉತ್ತರದಿಕ್ಕು,Direction West,Yes,Darshan N,2025-02-12 14:32:09
ಉತ್ತರ,"ವಿಶೇಷ ಎಂದರೆ, ಉತ್ತರ ಕೊರಿಯಾದಲ್ಲಿ ಕೆ.",ಉತ್ತರದಿಕ್ಕು,Direction West,Yes,Darshan N,2025-02-12 14:32:09
ಉತ್ತರ,ಉತ್ತರ ಪ್ರದೇಶದ ಸಂಸದರೊಬ್ಬರು ಬಿಜೆಪಿಯ ನಾಯಕರು ದಲಿತರ ಮನೆಯಲ್ಲಿ ಊಟ ಮಾಡುವುದೆಂದರೆ ಶ್ರೀರಾಮನೇ ಊಟ ಮಾಡಿದಂತೆ ಎಂದು ಹೇಳಿದ್ದಾರೆೆ.,ಉತ್ತರದಿಕ್ಕು,Direction West,Yes,Darshan N,2025-02-12 14:32:09
ಉತ್ತರ,ಉತ್ತರ ಪ್ರದೇಶದ ಆಗ್ರಾ ಪೊಲೀಸ್ ಇಲಾಖೆಯಲ್ಲಿ ಆಕೆಗೆ ಉನ್ನತ ಹುದ್ದೆ ದೊರೆತಿದೆ.,ಉತ್ತರದಿಕ್ಕು,Direction West,Yes,Darshan N,2025-02-12 14:32:09
ಉತ್ತರ,"ಆಗ ನಮ್ಮ ಅವಿವೇಕಗಳು ನಮ್ಮನ್ನು ಪೂರ್ತಿಯಾಗಿ ನಾಶ ಮಾಡುವ ದಿನ ಇನ್ನೂ ಕೊಂಚ ದೂರ ಇದೆ ಅಂತ ನಿಟ್ಟುಸಿರು ಬಿಡಬಹುದು, ಇಲ್ಲವಾದರೆ, ನಾವು ಮತ್ತೊಂದು ಬಾಂಗ್ಲಾದೇಶ, ಪಾಕಿಸ್ತಾನ, ಉತ್ತರ ಕೊರಿಯಾ ಆಗುವ ದಿನಗಳು ದೂರವೇನಿಲ್ಲ ಅಥವಾ ಈಗಾಗಲೇ ಆಗಿ ಬಿಟ್ಟಿದ್ದೀವಾ ಗೊತ್ತಿಲ್ಲ.",ಉತ್ತರದಿಕ್ಕು,Direction West,Yes,Darshan N,2025-02-12 14:32:09
ಉತ್ತರ,"ಉತ್ತರ ಅಮೆರಿಕದಲ್ಲಿರುವ ಬ್ರೆಜಿಲ್ ದೇಶ, ವೀಸಾ ವಿನಾಯಿತಿ ನೀಡುವ ಮೂಲಕ ಭಾರತೀಯರಿಗೆ ಹತ್ತಿರವಾಗಿದೆ.",ಉತ್ತರದಿಕ್ಕು,Direction West,Yes,Darshan N,2025-02-12 14:32:09
ಉತ್ತರ,"ಬೆಳಗಾವಿ ಉತ್ತರ ಮತಕ್ಷೇತ್ರದ ಶಾಸಕ ಅನಿಲ ಬೆನಕೆ, ಲೀನಾ ಟೋಪಣ್ಣವರ ಇತರರು ಇದ್ದರು.",ಉತ್ತರದಿಕ್ಕು,Direction West,Yes,Darshan N,2025-02-12 14:32:09
ಉತ್ತರ,ಉತ್ತರ ಕೊರಿಯಾದ ಬ್ಯಾಲಿಸ್ಟಿಕ್ ಕ್ಷಿಪಣಿ ಮತ್ತು ಪರಮಾಣು ಶಸ್ತ್ರಾಸ್ತ್ರಗಳ ಬಗ್ಗೆ ವಿಶ್ವಸಂಸ್ಥೆಯ ಸಾಮಾನ್ಯ ಸಭೆಯಲ್ಲಿ ದೊಡ್ಡ ಮಟ್ಟದ ಸಮಾಲೋಚನೆ ನಡೆಯಬಹುದೆಂದು ನಿರೀಕ್ಷಿಸಲಾಗಿದೆ.,ಉತ್ತರದಿಕ್ಕು,Direction West,Yes,Darshan N,2025-02-12 14:32:09
ಉತ್ತರ,ಉತ್ತರ ಭಾರತದಲ್ಲಿರುವ ಚಂಡೀಗಢ್ ಕೇಂದ್ರಾಡಳಿತ ಪ್ರದೇಶವಾಗಿರುವುದು ಅಲ್ಲದೆ ಪಂಜಾಬ್ ಹಾಗು ಹರ್ಯಾಣ ರಾಜ್ಯಗಳಿಗೆ ರಾಜಧಾನಿಯಾಗಿಯೂ ಕಾರ್ಯನಿರ್ವಹಿಸುತ್ತದೆ.,ಉತ್ತರದಿಕ್ಕು,Direction West,Yes,Darshan N,2025-02-12 14:32:09
ಉತ್ತರ,ಕಾರವಾರ: ಅಕ್ರಮವಾಗಿ ಸಂಗ್ರಹಿಸಿಟ್ಟಿದ್ದ ಅಕ್ಕಿಯನ್ನು ಉತ್ತರ ಕನ್ನಡ ಜಿಲ್ಲೆಯ ಭಟ್ಕಳದಲ್ಲಿ ಆಹಾರ ಇಲಾಖೆ ವಶಪಡಿಸಿಕೊಂಡಿದೆ.,ಉತ್ತರದಿಕ್ಕು,Direction West,Yes,Darshan N,2025-02-12 14:32:09
ಉತ್ತರ,ಉತ್ತರ ಕರ್ನಾಟಕ ಅಷ್ಟೇ ಏಕೆ?,ಉತ್ತರದಿಕ್ಕು,Direction West,Yes,Darshan N,2025-02-12 14:32:09
ಉತ್ತರ,ಉತ್ತರ ಕರ್ನಾಟಕದಲ್ಲಿ ಪ್ರವಾಹ ಬಂದಿದ್ದರಿಂದ ಪಂಚಮಿ ಹಬ್ಬ ಮಾಡಲಿಲ್ಲ.,ಉತ್ತರದಿಕ್ಕು,Direction West,Yes,Darshan N,2025-02-12 14:32:09
ಉತ್ತರ,ಉತ್ತರ ಭಾರತದಲ್ಲಿ ವಾತಾವರಣ ಇಷ್ಟು ಹದಗೆಡಲು ಕಾರಣವೇ ಬೆಳೆಗಳನ್ನು ಸುಡುವ ಕ್ರಮ.,ಉತ್ತರದಿಕ್ಕು,Direction West,Yes,Darshan N,2025-02-12 14:32:10
ಉತ್ತರ,ಉತ್ತರ ಮತ್ತು ದಕ್ಷಿಣ ಸುಡಾನ್,ಉತ್ತರದಿಕ್ಕು,Direction West,Yes,Darshan N,2025-02-12 14:32:10
ಉತ್ತರ,ಉತ್ತರ ಭಾರತವನ್ನ ಕಾಜಲ್ ಅವಮಾನಿಸಿದ್ದಾರೆ ಎಂದು ಟೀಕಿಸುತ್ತಿದ್ದಾರೆ.,ಉತ್ತರದಿಕ್ಕು,Direction West,Yes,Darshan N,2025-02-12 14:32:10
ಉತ್ತರ,"ಆದ್ರೆ ಈ ಟೀಚರ್‌ ಪ್ರಕಾರ 9ರ ಮಗ್ಗಿ ತುಂಬಾ ಸಿಂಪಲ್‌, ಉತ್ತರ ನಮ್ಮ ಕೈಲಿರೋ ಹತ್ತು ಬೆರಳಲ್ಲೇ ಇದೆ ಅಂತ ಪಾಠ ಮಾಡ್ತಾರೆ ಟೀಚರ್‌.",ಪ್ರಶ್ನೆಗೆ ಕೊಡುವ ಮರುನುಡಿ,Answer,Yes,a,2025-02-07 10:41:11
ಉತ್ತರ,ಆದರೆ ಯಾವ ಕಾರಣಕ್ಕಾಗಿ ಕೊನೆ ಘಳಿಗೆಯಲ್ಲಿ ಬಾಖವಿಯವರು ಕಾರ್ಯಕ್ರಮಕ್ಕೆ ಬರಲು ಹಿಂದೇಟು ಹಾಕಿದ್ದಾರೆ ಎಂಬ ಬಗ್ಗೆ ಅವರು ನಮಗೆ ಉತ್ತರ ನೀಡಬೇಕು ಎಂದು ಅವರು ಒತ್ತಾಯಿಸಿದರು.,ಪ್ರಶ್ನೆಗೆ ಕೊಡುವ ಮರುನುಡಿ,Answer,Yes,a,2025-02-07 10:41:11
ಉತ್ತರ,"ನೋಡೋಣ, ಸದ್ಯದಲ್ಲೇ ಎಂಬ ಉತ್ತರ ಬಂತು.",ಪ್ರಶ್ನೆಗೆ ಕೊಡುವ ಮರುನುಡಿ,Answer,Yes,a,2025-02-07 10:41:11
ಉತ್ತರ,ಅಭಿಮಾನಿಗಳೇ ಉತ್ತರ ಕೊಡಿ.,ಪ್ರಶ್ನೆಗೆ ಕೊಡುವ ಮರುನುಡಿ,Answer,Yes,a,2025-02-07 10:41:11
ಉತ್ತರ,"ಕೆಲವು ಪ್ರಶ್ನೆಗಳಿಗೆ ಚುಟುಕಾಗಿ ಉತ್ತರ ನೀಡಿದ್ದರೆ, ಕೆಲವು ಪ್ರಶ್ನೆಗಳಿಗೆ ವಿವರವಾಗಿ ಉತ್ತರಿಸಿದ್ದಾರೆ~ ಎಂದು ತಿಳಿಸಿದರು.",ಪ್ರಶ್ನೆಗೆ ಕೊಡುವ ಮರುನುಡಿ,Answer,Yes,a,2025-02-07 10:41:11
ಉತ್ತರ,ಅದಕ್ಕೆ ಟಾರೋ ಕಾರ್ಡ್ ಮೂಲಕ ಉತ್ತರ ಹೇಳುವ ಪ್ರಯತ್ನ ಇದು.,ಪ್ರಶ್ನೆಗೆ ಕೊಡುವ ಮರುನುಡಿ,Answer,Yes,a,2025-02-07 10:41:11
ಉತ್ತರ,"ಎಂಬ ಪ್ರಶ್ನೆಗೆ ನನ್ನ ಉತ್ತರ ಱ ನನಗೇನೂ ಅನ್ನಿಸುತ್ತಿಲ್ಲ, ಏಕೆಂದರೆ ನನ್ನ ಮನಸ್ಸು ಯಾವಾಗಲೂ ಸ್ವತಂತ್ರ್ಯವಾಗಿಯೇ ಇರುತ್ತದೆಱ ನಾನು ಯಾವಾಗಲೂ ಆಂತರಿಕ ಸ್ವಾತಂತ್ರ್ಯದ ಬಗ್ಗೆ ಮಾತಾಡುತ್ತಿದ್ದೆ.",ಪ್ರಶ್ನೆಗೆ ಕೊಡುವ ಮರುನುಡಿ,Answer,Yes,a,2025-02-07 10:41:11
ಉತ್ತರ,"ಆದ್ದರಿಂದ, ಪ್ರಶ್ನೆಗೆ ಉತ್ತರಗಳು ಹುಡುಗಿಯರು ಆಡಮ್ನ ಸೇಬನ್ನು ಹೊಂದಿದೆಯೇ ಎಂಬುದು - ಉತ್ತರ ನಿಸ್ಸಂದಿಗ್ಧವಾಗಿದೆ, ಇಲ್ಲ, ಮತ್ತು ಆಡಮ್ನ ಸೇಬು ಮಹಿಳೆಯರಲ್ಲಿ ಇಲ್ಲ ಎಂದು ಅನೇಕ ಜನರು ನಂಬುತ್ತಾರೆ ಏಕೆಂದರೆ ಇದು ವ್ಯಕ್ತಪಡಿಸುವುದಿಲ್ಲ.",ಪ್ರಶ್ನೆಗೆ ಕೊಡುವ ಮರುನುಡಿ,Answer,Yes,a,2025-02-07 10:41:11
ಉತ್ತರ,ಉತ್ತರ ಪತ್ರಿಕೆಯೊಂದಿಗೆ ಪರಾರಿ,ಪ್ರಶ್ನೆಗೆ ಕೊಡುವ ಮರುನುಡಿ,Answer,Yes,a,2025-02-07 10:41:11
ಉತ್ತರ,ಕೀಳುಮಟ್ಟದ ರಾಜಕೀಯದಿಂದಾಗಿ ಅಮಾಯಕರು ಬಲಿಯಾಗುತ್ತಿರುವ ಇಂದಿನ ಸಮಾಜದಲ್ಲಿ ಹಿಂಸೆಗೆ ಹಿಂಸೆಯೇ ಉತ್ತರ ಅಲ್ಲ ಎಂಬ ಸಂದೇಶ ರಾಜರಥ ಚಿತ್ರದಲ್ಲಿದೆ.,ಪ್ರಶ್ನೆಗೆ ಕೊಡುವ ಮರುನುಡಿ,Answer,Yes,a,2025-02-07 10:41:11
ಉತ್ತರ,ಗಣಿತ ವಿಷಯದಲ್ಲಿ ಕಡಿಮೆ ಅಂಕ ಬಂದಿದ್ದಕ್ಕೆ ಶಾಲೆಯ ಶಿಕ್ಷಕರು ಉತ್ತರ ಪತ್ರಿಕೆಗೆ ಪೋಷಕರ ಸಹಿ ಹಾಕಿಸಿಕೊಂಡು ಬರುವಂತೆ ಹೇಳಿದ್ದರಿಂದ ಗಾಬರಿಯಾದ ಯುವತಿ ಮನೆಯವರಿಗೆ ತಿಳಿಸದೆ ಆಗಸ್ಟ್ 24 ರಂದು ಶಾಲೆಗೆ ಹೋಗುವುದಾಗಿ ಹೇಳಿ ಹೊರಟಿದ್ದಳು.,ಪ್ರಶ್ನೆಗೆ ಕೊಡುವ ಮರುನುಡಿ,Answer,Yes,a,2025-02-07 10:41:11
ಉತ್ತರ,": ಇದಕ್ಕೆ ಮೊದಲು, ಜಸ್‌ಪ್ರೀತ್‌ ಬೂಮ್ರಾ ಆರಂಭದಲ್ಲಿಯೇ ನೀಡಿದ ಪೆಟ್ಟಿಗೆ ಏಂಜೆಲೊ ಮ್ಯಾಥ್ಯೂಸ್ ಶತಕದ ಉತ್ತರ ನೀಡಿದರು.",ಪ್ರಶ್ನೆಗೆ ಕೊಡುವ ಮರುನುಡಿ,Answer,Yes,a,2025-02-07 10:41:11
ಉತ್ತರ,ಆರೋಪಗಳಿಗೆ ದಾಖಲೆ ಕೇಳುವ ಮುಖ್ಯಮಂತ್ರಿ ಸಿದ್ದರಾಮಯ್ಯ ಇದಕ್ಕೆ ಉತ್ತರ ನೀಡಬೇಕು ಎಂದು ಬಿಜೆಪಿ ವಕ್ತಾರ ಅಶ್ವತ್ಥನಾರಾಯಣ ಮಾಧ್ಯಮಗೋಷ್ಠಿಯಲ್ಲಿ ಬುಧವಾರ ಒತ್ತಾಯಿಸಿದರು.,ಪ್ರಶ್ನೆಗೆ ಕೊಡುವ ಮರುನುಡಿ,Answer,Yes,a,2025-02-07 10:41:11
ಉತ್ತರ,ಆದರೆ ಈಗಿನ ಪ್ರಧಾನಿ ನರೇಂದ್ರ ಮೋದಿ ಅವರು ಅಧಿಕಾರ ವಹಿಸಿಕೊಂಡ ನಂತರ ಒಂದು ದಿನವೂ ರಜೆ ಪಡೆದುಕೊಂಡಿಲ್ಲ ಎಂದು ಪ್ರಧಾನಿ ಕಾರ್ಯಾಲಯ ಉತ್ತರ ನೀಡಿದೆ.,ಪ್ರಶ್ನೆಗೆ ಕೊಡುವ ಮರುನುಡಿ,Answer,Yes,a,2025-02-07 10:41:11
ಉತ್ತರ,"ಉತ್ತರ ಕರ್ನಾಟಕದ ಬಗ್ಗೆ ಚರ್ಚೆ ನಡೆಸದೇ ಇದ್ದರೆ ಕ್ಷೇತ್ರದ ಜನರಿಗೆ ಏನು ಉತ್ತರ ನೀಡುವುದು ಎಂದು ಉಮೇಶ ಕತ್ತಿ, ಬಾಲಚಂದ್ರ ಜಾರಕಿಹೊಳಿ ಸೇರಿದಂತೆ ಹಲವು ಶಾಸಕರು ತಕರಾರು ತೆಗೆದರು.",ಪ್ರಶ್ನೆಗೆ ಕೊಡುವ ಮರುನುಡಿ,Answer,Yes,a,2025-02-07 10:41:11
ಉತ್ತರ,"ಸೌಥಗಾರ ಅವರನ್ನು ಕೇಳಿದಾಗ ನಾವು ಬೇಲೇರಿ ಗ್ರಾಮಕ್ಕೆ ಹೋಗಬೇಕಾದರೆ ಇವರ ಮನೆಯ ವಿಳಾಸ ಇರಲಿಲ್ಲ, ಬ್ಯಾಂಕಿನಲ್ಲಿ ನೋಟಿಸ್ ಬೋರ್ಡಿನಲ್ಲಿ ಹರಾಜ ಹಾಕುವ ಖಾತೆದಾರರ ಹೆಸರನ್ನು ಅಂಟಿಸಿದ್ದೇವೆ ಎಂದು ಹಾರಿಕೆ ಉತ್ತರ ನೀಡಿದರು.",ಪ್ರಶ್ನೆಗೆ ಕೊಡುವ ಮರುನುಡಿ,Answer,Yes,a,2025-02-07 10:41:11
ಉತ್ತರ,ಉತ್ತರ : ನಿಮ್ಮ ಸ್ನೇಹಿತೆ ಗರ್ಭಿಣಿಯಾಗಲು ಸಾಧ್ಯವೊ?,ಪ್ರಶ್ನೆಗೆ ಕೊಡುವ ಮರುನುಡಿ,Answer,Yes,a,2025-02-07 10:41:11
ಉತ್ತರ,"ಎನ್‌ಜಿಟಿಯ ಪ್ರಬಾರ ಮುಖ್ಯಸ್ಥ ನ್ಯಾಯಾಧೀಶ ಜವಾದ್ ರಹೀಂ ಅವರು, ಪೊಲವರಮ್ ಯೋಜನಾ ಪ್ರಾಧಿಕಾರ, ಕೇಂದ್ರ ಪರಿಸರ ಸಚಿವಾಲಯ, ಅಂತರ್ ಸಚಿವಾಲಯ ನಿಗಾ ಸಮಿತಿ, ಕೇಂದ್ರ ಆಂತರಿಕ ಮೀನುಗಾರಿಕಾ ಸಂಸ್ಥೆ, ಆಂಧ್ರ ಪ್ರದೇಶ, ಪಶ್ಚಿಮ ಗೋದಾವರಿಯ ಜಿಲ್ಲಾಯುಕ್ತರು ಹಾಗೂ ಇತರರಿಗೆ ನೊಟೀಸ್ ಜಾರಿ ಮಡಿದ್ದು ಜುಲೈ 31ರ ಒಳಗಾಗಿ ಉತ್ತರ ನೀಡುವಂತೆ ಸೂಚಿಸಿದ್ದಾರೆ.",ಪ್ರಶ್ನೆಗೆ ಕೊಡುವ ಮರುನುಡಿ,Answer,Yes,a,2025-02-07 10:41:11
ಉತ್ತರ,ಮುಂದಿನ ದಿನಗಳಲ್ಲಿ ಜನರೇ ಇದಕ್ಕೆ ತಕ್ಕ ಉತ್ತರ ನೀಡುತ್ತಾರೆ ಎಂದರು.,ಪ್ರಶ್ನೆಗೆ ಕೊಡುವ ಮರುನುಡಿ,Answer,Yes,a,2025-02-07 10:41:11
ಉತ್ತರ,"ಇದೀಗ, ಪಾಂಡ್ಯಾರಂತಹ ರಾಜಕೀಯ ನಾಯಕನೊಬ್ಬನ ಕೊಲೆಯ ಆರೋಪಿಗಳನ್ನು ಬಂಧಿಸಲು ಪೊಲೀಸ್ ಇಲಾಖೆ ಯಾಕೆ ವಿಫಲವಾಯಿತು ಎನ್ನುವುದಕ್ಕೆ ಉತ್ತರ ಸ್ಪಷ್ಟವಾಗುತ್ತಿದೆ.",ಪ್ರಶ್ನೆಗೆ ಕೊಡುವ ಮರುನುಡಿ,Answer,Yes,a,2025-02-07 10:41:12
ಉತ್ತರ,ಅವರಿಂದ ಅವರಿಂದ ಎಂದು ನಿರಾಶೆಯ ಉತ್ತರ ಬರುತ್ತಿರಲಿಲ್ಲ.,ಪ್ರಶ್ನೆಗೆ ಕೊಡುವ ಮರುನುಡಿ,Answer,Yes,a,2025-02-07 10:41:12
ಉತ್ತರ,ಗಾಢವಾಗಿ ಮನಸ್ಸನ್ನು ತೆರೆದಿಟ್ಟು ಯೋಚಿಸಿದರೆ ಉತ್ತರ ಸಿಕ್ಕೇ ಸಿಗುತ್ತದೆ.,ಪ್ರಶ್ನೆಗೆ ಕೊಡುವ ಮರುನುಡಿ,Answer,Yes,a,2025-02-07 10:41:12
ಉತ್ತರ,ಉತ್ತರ : ನೀವು ಅಭ್ಯಾಸ ಮಾಡಿದಾಗ ಮಾತ್ರ ಪರಿಪೂರ್ಣರಾಗಬಹುದು.,ಪ್ರಶ್ನೆಗೆ ಕೊಡುವ ಮರುನುಡಿ,Answer,Yes,a,2025-02-07 10:41:12
ಉತ್ತರ,ಈ ನೋಟೀಸ್‍ಗೂ ಅವರು ಸಮರ್ಪಕ ಉತ್ತರ ನೀಡಿಲ್ಲ.,ಪ್ರಶ್ನೆಗೆ ಕೊಡುವ ಮರುನುಡಿ,Answer,Yes,a,2025-02-07 10:41:12
ಉತ್ತರ,ಸಮುದ್ರ ನೋಡಿದಾಗಲೆಲ್ಲ ನನಗೆ ಎಷ್ಟೋ ಸೂಕ್ಷ್ಮಗಳನ್ನು ಬಚ್ಚಿಟ್ಟುಕೊಂಡು ಯಾವೊಂದು ಪ್ರಶ್ನೆಗೂ ಉತ್ತರ ಕೊಡದೇ ಗಂಭೀರವಾಗಿ ನನ್ನ ಎದೆಗವಚಿ ಮಲಗುತ್ತಿದ್ದ ನನ್ನಮ್ಮ ನೆನಪಾಗುತ್ತಾಳೆ.,ಪ್ರಶ್ನೆಗೆ ಕೊಡುವ ಮರುನುಡಿ,Answer,Yes,a,2025-02-07 10:41:12
ಉತ್ತರ,"ಅವರಿಗೆ ಉತ್ತರ ನೀಡಿದ್ದ ಮಟ್ಟು, ಇಂದಿರಾಗಾಂಧಿ ಅವರಿಗಾದ ಸ್ಥಿತಿಯೇ ಮೋದಿಗೂ ಆಗಬೇಕಾ ಎಂದಿದ್ದರು.",ಪ್ರಶ್ನೆಗೆ ಕೊಡುವ ಮರುನುಡಿ,Answer,Yes,a,2025-02-07 10:41:12
ಉತ್ತರ,ಈ ಎಲ್ಲದ್ದರ ನಡುವೆ ಮೇಲುಸೇತುವೆ ಕಾಮಗಾರಿ ಯಾವಾಗ ಪೂರ್ಣಗೊಳ್ಳುತ್ತದೆ ಎಂಬ ಪ್ರಶ್ನೆಗೆ ಸಮರ್ಪಕ ಉತ್ತರ ಸದ್ಯಕ್ಕೆ ಲಭ್ಯವಿಲ್ಲ.,ಪ್ರಶ್ನೆಗೆ ಕೊಡುವ ಮರುನುಡಿ,Answer,Yes,a,2025-02-07 10:41:12
ಉತ್ತರ,ಪಂಡಿತ್ ಸೋಮನಾಥ್ ಸ್ವಾಮಿ ದೈವಜ್ಞ ಜ್ಯೋತಿಷ್ಯರು ಆಧ್ಯಾತ್ಮಿಕಚಿಂತಕರು 9663218892 ನಿಮ್ಮ ಜೀವನದ ಸಮಸ್ಯೆಗಳಿಗೆ ಪರಿಹಾರ ತಿಳಿಯಲು ಹಾಗೂನಿಮ್ಮ ಮನಸ್ಸಿನಲ್ಲಿ ಆಡಚಣೆ ಉಂಟಾಗುವ ಯಾವುದೇ ಪ್ರಶ್ನೆ ಅಥವಾ ಸಮಸ್ಯೆ ಇದೆಯೇ ಮತ್ತುನೀವು ಉತ್ತರ ತಿಳಿಯಲು ಬಯಸುವಿರಾ?,ಪ್ರಶ್ನೆಗೆ ಕೊಡುವ ಮರುನುಡಿ,Answer,Yes,a,2025-02-07 10:41:12
ಉತ್ತರ,ಉತ್ತರ ಪತ್ರಿಕೆ ತಿದ್ದದೆ ವಿದ್ಯಾರ್ಥಿಗಳನ್ನು ಒತ್ತೆಯಾಳುಗಳಂತೆ ನಡೆಸುವುದು ಸರಿಯಾ?,ಪ್ರಶ್ನೆಗೆ ಕೊಡುವ ಮರುನುಡಿ,Answer,Yes,a,2025-02-07 10:41:12
ಉತ್ತರ,"ಎನ್‌ಇಟಿ ಪರೀಕ್ಷೆಯು ರಾಷ್ಟ್ರಮಟ್ಟದಲ್ಲಿ ನಡೆಯುವ ಅರ್ಹತಾ ಪರೀಕ್ಷೆಯಾಗಿದ್ದು, ಕೇವಲ ಇಂಗ್ಲಿಷ್ ಮತ್ತು ಹಿಂದಿಯಲ್ಲಿ ಉತ್ತರ ಬರೆಯಲು ಅವಕಾಶವಿದೆ.",ಪ್ರಶ್ನೆಗೆ ಕೊಡುವ ಮರುನುಡಿ,Answer,Yes,a,2025-02-07 10:41:12
ಉತ್ತರ,ಪರೀಕ್ಷೆ ಮುಗಿಸಿ ಉತ್ತರ ಪತ್ರಿಕೆಗಳನ್ನು ಕಲೆಹಾಕುತ್ತಿದ್ದ ಮುಕೇಶ್ ಕುಮಾರ್ ಅವರ ಮೇಲೆ ಹಲ್ಲೆ ಮಾಡಿದ ವಿದ್ಯಾರ್ಥಿಗಳು ಚಾಕುವಿನಿಂದ ಹಲವಾರು ಬಾರಿ ಇರಿದು ಸ್ಥಳದಿಂದ ಪರಾರಿಯಾಗಿದ್ದಾರೆ ಎನ್ನಲಾಗಿದೆ.,ಪ್ರಶ್ನೆಗೆ ಕೊಡುವ ಮರುನುಡಿ,Answer,Yes,a,2025-02-07 10:41:12
ಉತ್ತರ,ನಿನ್ನ ದೇಶದ ಮಹಾನಾಯಕರನ್ನು ಬಿಟ್ಟರೆ ಬೇರೆ ಯಾರು ಇಷ್ಟ ಎಂದು ಕೇಳಿದರೆ ಅವನ ಉತ್ತರ – ಸ್ಟಾಲಿನ್ ಮತ್ತು ಮಾವೋ!,ಪ್ರಶ್ನೆಗೆ ಕೊಡುವ ಮರುನುಡಿ,Answer,Yes,a,2025-02-07 10:41:12
ಉತ್ತರ,ರಾಹುಲ್ ಗಾಂಧಿ ನೇತೃತ್ವದಲ್ಲಿ ದೆಹಲಿಯಲ್ಲಿ ನಡೆಯುವ ಸಭೆ ನಡೆಯಲಿದ್ದು ರಾಜ್ಯ ರಾಜಕಾರಣದಲ್ಲಿ ನಡೆಯುತ್ತಿರುವ ಗೊಂದಲಗಳಿಗೆ ಉತ್ತರ ಹುಡುಕುವ ಕೆಲಸ ಮಾಡಲಾಗುತ್ತದೆ ಎನ್ನಲಾಗಿದೆ.,ಪ್ರಶ್ನೆಗೆ ಕೊಡುವ ಮರುನುಡಿ,Answer,Yes,a,2025-02-07 10:41:12
ಉತ್ತರ,ಒಟ್ಟಿನಲ್ಲಿ ಟೀಸರ್ ಮೂಲಕ ಗಾಂಧಿನಗರದಲ್ಲಿ ಗುರುತಿಸಿಕೊಂಡಿರುವ ಕೆಲವು ದಿನಗಳ ನಂತರ ರಿಲೀಸ್ ಆದ್ಮೇಲೆ ನೋಡುಗರ ಎಲ್ಲ ಪ್ರಶ್ನೆಗಳಿಗೆ ಉತ್ತರ ಸಿಗಲಿದೆ.,ಪ್ರಶ್ನೆಗೆ ಕೊಡುವ ಮರುನುಡಿ,Answer,Yes,a,2025-02-07 10:41:12
ಉತ್ತರ,ಸಹೋದರ ರಮೇಶ್ ಜಾರಕಿಹೊಳಿ ಎಲ್ಲಿ ಹೋದರು ಪ್ರಶ್ನೆಗೆ ಅಣ್ಣ ಸತೀಶ್ ಜಾರಕಿಹೊಳಿ ಉತ್ತರ,ಪ್ರಶ್ನೆಗೆ ಕೊಡುವ ಮರುನುಡಿ,Answer,Yes,a,2025-02-07 10:41:12
ಉತ್ತರ,"ಅಲ್ಲದೆ, ಕೇಳಲಾದ ಪ್ರಶ್ನೆಗಳಿಗೆ ಹಾರಿಕೆಯ ಉತ್ತರ ನೀಡಿದ್ದಾರೆ.",ಪ್ರಶ್ನೆಗೆ ಕೊಡುವ ಮರುನುಡಿ,Answer,Yes,a,2025-02-07 10:41:12
ಉತ್ತರ,ಜತೆಗೆ ನಾನು ಇನ್ನೊಂದು ದೇಶಭಕ್ತಿ ಗೀತೆ ಬರೆಯುವ ಮೂಲಕವೇ ಇವನಿಗೆ ತಕ್ಕ ಉತ್ತರ ಕೊಡಬೇಕು ಎಂದುಕೊಂಡರು.,ಪ್ರಶ್ನೆಗೆ ಕೊಡುವ ಮರುನುಡಿ,Answer,Yes,a,2025-02-07 10:41:12
ಉತ್ತರ,ಈ ಪ್ರಶ್ನೆಗಳಿಗೆ ಉತ್ತರ ಹೇಳಲೇಬೇಕು ಅಂತ ಒತ್ತಾಯವಿಲ್ಲ.,ಪ್ರಶ್ನೆಗೆ ಕೊಡುವ ಮರುನುಡಿ,Answer,Yes,a,2025-02-07 10:41:12
ಉತ್ತರ,ಈ ಎಲ್ಲಾ ಪ್ರಶ್ನೆಗಳಿಗೆ ಉತ್ತರ ಇಲ್ಲಿದೆ ಮುಂದೆ ಓದಿ.,ಪ್ರಶ್ನೆಗೆ ಕೊಡುವ ಮರುನುಡಿ,Answer,Yes,a,2025-02-07 10:41:12
ಉತ್ತರ,"ಅಲ್ಲದೇ ಈ ನಿಯಮಗಳು ಇಬ್ಬರಿಗೂ ಸಮಾನವಾಗಿ ಅನ್ವಯವಾಗುವುದರಿಂದ ಇವುಗಳಿಂದ ನುಣುಚಿಕೊಳ್ಳುವುದಾಗಲೀ, ತನಗೆ ಅನ್ವಯಿಸುವುದಿಲ್ಲವೆಂದು ಹಾರಿಕೆಯ ಉತ್ತರ ನೀಡುವುದಾಗಲೇ ಮಾಡಕೂಡದು.",ಪ್ರಶ್ನೆಗೆ ಕೊಡುವ ಮರುನುಡಿ,Answer,Yes,a,2025-02-07 10:41:13
ಎಳೆ,ತನ್ನ 16ನೇ ಎಳೆ ವಯಸ್ಸಿನಲ್ಲೇ ಮದುವೆಯಾದ ಸುಲೈಮಾನ್ ಕಷ್ಟ ತಾಳಲಾರದೇ ತನ್ನ ಸಹೋದರನ ಕರೆನ್ಸಿ ಎಕ್ಸ್ ಚೇಂಜ್ ನಲ್ಲಿ ಕೆಲಸಕ್ಕೆ ಸೇರಿಕೊಳ್ಳುತ್ತಾರೆ.,"ಎಳೆತನ, ಬಾಲ್ಯ",Immature/childhood,Yes,Darshan R K,2025-02-08 10:28:45
ಎಳೆ,"ಕಟಕಿ, ವ್ಯಂಗ್ಯ, ಲೇವಡಿ, ಗೇಲಿ, ಅಪಹಾಸ್ಯ, ಕುಟುಕುಗಳ ಚುರುಕ ಬಿಸಿಗೆ ದೂರವಾಗಿ, ಎಳೆ ಬಿಸಿಲಿನಂತೆ ಮನೋಹರವೂ ಆಪ್ಯಾಯಮಾನವೂ ಆದ ಶಾಖ ಮನಸ್ಸುನ್ನು ಬೆಚ್ಚಗೆ ಮಾಡಿ ಮುದ ನೀಡುವಂತೆ ತಿಳಿಹಾಸ್ಯದ ಕಚಗುಳಿಯನ್ನು ಜಾನಕಿ ನರಸಿಂಹಾಚಾರಿಯ ಪ್ರಮಾಣದಲ್ಲಿ ತಂದಿದ್ದಾರೆ (ಅವರಿಲ್ಲದೂಟ, ಪು.","ಎಳೆತನ, ಬಾಲ್ಯ",Immature/childhood,Yes,Darshan R K,2025-02-08 10:28:45
ಎಳೆ,ವಿಜಯ ರಾಘವೇಂದ್ರ ಈಗ ಎಳೆ ಹುಡುಗನಲ್ಲ.,"ಎಳೆತನ, ಬಾಲ್ಯ",Immature/childhood,Yes,Darshan R K,2025-02-08 10:28:45
ಎಳೆ,ಸಕಾಲಕ್ಕೆ ಆಂಬುಲೆನ್ಸ್ ಲಭ್ಯವಾಗದಿರುವುದೂ ಸಹ ಎಳೆ ಜೀವಿಗಳ ಪ್ರಾಣ ಹೋಗಲು ಕಾರಣ ಎಂದು ಗ್ರಾಮಸ್ಥರು ಆರೋಪಿಸಿದ್ದಾರೆ.,"ಎಳೆತನ, ಬಾಲ್ಯ",Immature/childhood,Yes,Darshan R K,2025-02-08 10:28:45
ಎಳೆ,ತಾಲ್ಲೂಕಿನ ಪಾತೂರು ಗ್ರಾಮದ ರೆಡ್ಡಪ್ಪ ಅವರು ಈಚೆಗೆ ಕಾಡಿನಿಂದ ಮೇಕೆಗಳ ಹಿಂಡಿನೊಂದಿಗೆ ಸಂಜೆ ಮನೆಗೆ ಬಂದಾಗ ಎಳೆ ಜಿಂಕೆ ಮರಿಯೊಂದು ಕಾಣಿಸಿಕೊಂಡಿತ್ತು.,"ಎಳೆತನ, ಬಾಲ್ಯ",Immature/childhood,Yes,Darshan R K,2025-02-08 10:28:45
ಎಳೆ,"ಇದು ಯಾವ ಹಕ್ಕಿಯ ಕೂಗು ಇದಾಗಿರಬಹುದು ಎಂಬ ಕುತೂಹಲದಿಂದ ಕೂಗನ್ನು ಆಲಿಸಿ ಮನೆಯ ಹಿತ್ತಲಲ್ಲಿ ಹುಡುಕುತ್ತ ಹೋದವಳಿಗೆ ಕಂಡದ್ದು, ಎಳೆ ತೆಂಗಿನ ಕಾಯಿಗಳನ್ನು","ಎಳೆತನ, ಬಾಲ್ಯ",Immature/childhood,Yes,Darshan R K,2025-02-08 10:28:45
ಎಳೆ,ಗುವಾಹಟಿ: ಹದಿಹರೆಯದ ತಮ್ಮ ಮಗನನ್ನು ಎಳೆ ವಯಸ್ಸಿನ ಬಾಲಕಿಯೊಂದಿಗೆ ಬಲವಂತ ವಿವಾಹ ತಡೆಯಲೆತ್ನಿಸಿದ ಅಸ್ಸಾಂನ ಧುಬ್ರಿ ಜಿಲ್ಲೆಯ ಮಹಿಳೆಯೊಬ್ಬರ ಮೇಲೆ ಗಂಭೀರ ಹಲ್ಲೆ ನಡೆದ ಪ್ರಕರಣ ವರದಿಯಾಗಿದೆ.,"ಎಳೆತನ, ಬಾಲ್ಯ",Immature/childhood,Yes,Darshan R K,2025-02-08 10:28:45
ಎಳೆ,ಈ ವಾತಾವರಣದಲ್ಲಿ ಬೆಳೆದ ಶ್ರೀ ಮಲ್ಲೇಶಪ್ಪನವರಿಗೆ ಎಳೆ ವಯಸ್ಸಿನಿಂದಲೇ ಸಂಗೀತದತ್ತ ಒಲವು ಬೆಳೆಯಿತು.,"ಎಳೆತನ, ಬಾಲ್ಯ",Immature/childhood,Yes,Darshan R K,2025-02-08 10:28:45
ಎಳೆ,ಹೀಗೆ ವೇದ ಮಂತ್ರಗಳು ಶ್ರೀಪಾದ ಸಾತವಲೇಕರರಿಗೆ ಎಳೆ ವಯಸ್ಸಿನಿಂದಲೇ ನಿತ್ಯವೂ ಕಿವಿಗೆ ಬೀಳುತ್ತಿದ್ದವು.,"ಎಳೆತನ, ಬಾಲ್ಯ",Immature/childhood,Yes,Darshan R K,2025-02-08 10:28:45
ಎಳೆ,"ಈಗಿರುವ ಕಾನೂನುಗಳ ಇತಿಮಿತಿಯನ್ನು ಗುರುತಿಸಿರುವ ಆಯೋಗವು ಇಷ್ಟೆಲ್ಲ ಗಾಢವಾದ ಸಮಸ್ಯೆಗಳಿದ್ದರೂ, ಈ ಎಳೆ ಮಕ್ಕಳ ಹಕ್ಕು-ಬಾಧ್ಯತೆಗಳ ಬಗ್ಗೆ ಯಾವುದೇ ಸ್ಪಷ್ಟವಾದ ಕಾನೂನು ಅವಕಾಶವಿಲ್ಲ.","ಎಳೆತನ, ಬಾಲ್ಯ",Immature/childhood,Yes,Darshan R K,2025-02-08 10:28:45
ಎಳೆ,ಅವಳು ಎಳೆ ವಯಸ್ಸಿನವಳಾಗಿದ್ದರಿಂದ ಆಧಾರ್‌ ಹೊರತು ಬೇರೆ ಗುರುತಿನ ಚೀಟಿ ಅವಳ ಬಳಿ ಇರಲಿಲ್ಲ.,"ಎಳೆತನ, ಬಾಲ್ಯ",Immature/childhood,Yes,Darshan R K,2025-02-08 10:28:45
ಎಳೆ,"ನಿರ್ಭಯಾ ಪ್ರಕರಣ ವಯಸ್ಕ ಹೆಣ್ಣಿನ ಮೇಲೆ ಎಸಗಿದ ಕ್ರೌರ್ಯವಾಗಿದ್ದರೆ, ಕಥುವಾದಲ್ಲಿ ಎಳೆ ಬಾಲಕಿಯ ಮೇಲೆ ದೇವಸ್ಥಾನದೊಳಗೇ ನಡೆದ ಕ್ರೌರ್ಯವಾಗಿದೆ.","ಎಳೆತನ, ಬಾಲ್ಯ",Immature/childhood,Yes,Darshan R K,2025-02-08 10:28:45
ಎಳೆ,ಇದೇ ರೀತಿ ವಿದ್ಯಾರ್ಥಿನಿ ಅಭಿಜ್ಞಾ ರಾವ್‌ ಅವರು ಎಳೆ ವಯಸ್ಸಿನಲ್ಲಿ ನಿರೀಕ್ಷೆಗೂ ಮೀರಿದ ಸಾಧನೆಗೈದಿದ್ದಾಳೆ.,"ಎಳೆತನ, ಬಾಲ್ಯ",Immature/childhood,Yes,Darshan R K,2025-02-08 10:28:45
ಎಳೆ,ಇಷ್ಟು ವಿದ್ಯಾವಂತರಾಗಿರುವ ಅವರು ತಮ್ಮ ನಂಬಿಕೆಯನ್ನು ಬಿಡಲು ಸಿದ್ಧರಿಲ್ಲ ಎನ್ನುವಾಗ ಎಳೆ ವಿದ್ಯಾರ್ಥಿನಿಯರಲ್ಲಿ ಅದನ್ನು ನಿರೀಕ್ಷಿಸುವುದು ಸರಿಯೇ?,"ಎಳೆತನ, ಬಾಲ್ಯ",Immature/childhood,Yes,Darshan R K,2025-02-08 10:28:45
ಎಳೆ,"ಚನ್ನಮ್ಮ ಎಳೆ ವಯಸ್ಸಿನಲ್ಲಿಯೇ ರಾಮಾಯಣ, ಮಹಾಭಾರತ ವಿದ್ಯಾಭ್ಯಾಸದ ಜೋತೆಗೆ ಕುದುರೆ ಸವಾರಿ, ಬಿಲ್ಲುವಿದ್ಯೆಗಳನ್ನು ಕಲಿತರು.","ಎಳೆತನ, ಬಾಲ್ಯ",Immature/childhood,Yes,Darshan R K,2025-02-08 10:28:45
ಎಳೆ,ಉನ್ನತ ವ್ಯಾಸಂಗಕ್ಕೆ ದಿಕ್ಸೂಚಿಯಾಗಿರುವ ಈ ಎರಡೂ ತರಗತಿಗಳ ಶಿಕ್ಷಣ ಎಳೆ ವಯಸ್ಸಿನ ವಿದ್ಯಾರ್ಥಿಗಳ ಮೇಲೆ ತೀವ್ರ ಒತ್ತಡ ಉಂಟು ಮಾಡುತ್ತಿದೆ.,"ಎಳೆತನ, ಬಾಲ್ಯ",Immature/childhood,Yes,Darshan R K,2025-02-08 10:28:45
ಎಳೆ,"ಎಳೆ ಪ್ರಾಯದ ಮಕ್ಕಳೇ ನೀವು ನಿಮ್ಮ ಹೆತ್ತವರನ್ನು ನಾಚಿಸುವ೦ತೆ ಎಳೆಯಿರಿ, ಮಾತಾಜಿ ತಾವು ಎಳೆಯಲು ಮರೆಯದಿರಿ, ಮರೆತು ನಿರಾಶೆಯಾಗದಿರಿ.","ಎಳೆತನ, ಬಾಲ್ಯ",Immature/childhood,Yes,Darshan R K,2025-02-08 10:28:45
ಎಳೆ,"ಲಕ್ಷಣಗಳು: ಎಳೆ ಮಕ್ಕಳಲ್ಲಿ ಜ್ವರ, ವಾಂತಿ, ವಾಕರಿಕೆ, ಭೇಧಿ, ಕಾಮಾಲೆ, ದೊಡ್ಡ ಮಕ್ಕಳಲ್ಲಿ ಪದೇ ಪದೇ ಮೂತ್ರ ವಿಸರ್ಜನೆ, ಉರಿ ಮೂತ್ರ, ಹಾಸಿಗೆಯಲ್ಲಿ ಮೂತ್ರ ವಿಸರ್ಜನೆ, ಹೊಟ್ಟೆನೋವು, ಮೂತ್ರಕ್ಕೆ ವಾಸನೆ ಇರುತ್ತದೆ.","ಎಳೆತನ, ಬಾಲ್ಯ",Immature/childhood,Yes,Darshan R K,2025-02-08 10:28:45
ಎಳೆ,ಎಳೆ ವಯಸ್ಸಿನ ಮಕ್ಕಳು ಕಳ್ಳತನಕ್ಕೆ ಇಳಿದಿದ್ದಾರೆ ಎನ್ನುವುದು ಆಶ್ಚರ್ಯ.,"ಎಳೆತನ, ಬಾಲ್ಯ",Immature/childhood,Yes,Darshan R K,2025-02-08 10:28:45
ಎಳೆ,ಎಳೆ ಮಕ್ಕಳು ಚಡ್ಡಿ ಬಿಚ್ಚಿ ತಮ್ಮ ಹಿಂಭಾಗವನ್ನು ತೋರಿಸಿದರೆ ಮಳೆ ನಿಲ್ಲುವುದು ಎಂಬ ನಂಬಿಕೆಯೂ ಇದೆ.,"ಎಳೆತನ, ಬಾಲ್ಯ",Immature/childhood,Yes,Darshan R K,2025-02-08 10:28:45
ಎಳೆ,ನಾನು ವಸಂತಕ್ಕನ ಜೊತೆ ಎಳೆ ವಯಸ್ಸಿನಲ್ಲಿ ಕುಂಟಾಬಿಲ್ಲೆ ಆಡಿದ್ದು ನೆನಪಿದೆ.,"ಎಳೆತನ, ಬಾಲ್ಯ",Immature/childhood,Yes,Darshan R K,2025-02-08 10:28:45
ಎಳೆ,ಕಿವಿ ಚುಚ್ಚಿಸದ ಎಳೆ ಮಗುವಿಗೆ ಮುತ್ತಿರುವ ಲೋಲಾಕು ಹಾಕುವುದೂ ಇದೇ ಶುಭ ಸಂದರ್ಭದಲ್ಲಿ.,"ಎಳೆತನ, ಬಾಲ್ಯ",Immature/childhood,Yes,Darshan R K,2025-02-08 10:28:45
ಎಳೆ,"ಉಪ್ಪುಮೂಟೆ-ವ್ಯಕ್ತಿಯ ಬೆನ್ನು ,ತೋಳುಗಳ ಮೇಲೆ ಎಳೆ ಮಕ್ಕಳು ಸವಾರಿ ಮಾಡುವುದು.","ಎಳೆತನ, ಬಾಲ್ಯ",Immature/childhood,Yes,Darshan R K,2025-02-08 10:28:45
ಎಳೆ,ಎಳೆ ಮಗುವಿನಲ್ಲಿ ದಿನದಿಂದ ದಿನಕ್ಕೆ ಮನೋದೈಹಿಕ ಬೆಳವಣಿಗೆ ನಡೆಯುತ್ತಿರುತ್ತದೆ.,"ಎಳೆತನ, ಬಾಲ್ಯ",Immature/childhood,Yes,Darshan R K,2025-02-08 10:28:45
ಎಳೆ,(ಹೆತ್ತವರ ಒತ್ತಾಯಕ್ಕೆಂಬಂತೆ ಪರೀಕ್ಷೆಗೆ ಓದುವ ಎಳೆ ಹುಡುಗರ ಪಾಡನ್ನು ಊಹಿಸಿಕೊಳ್ಳಿ!,"ಎಳೆತನ, ಬಾಲ್ಯ",Immature/childhood,Yes,Darshan R K,2025-02-08 10:28:45
ಎಳೆ,"ಹೊಸದಿಲ್ಲಿ: ಮಕ್ಕಳು, ಹದಿಹರಯದವರು ಮತ್ತು ಮಾನಸಿಕವಾಗಿ ದುರ್ಬಲರಾಗಿರುವ ಎಳೆ ವಯಸ್ಸಿನ ಯುವಕರನ್ನು ತನ್ನತ್ತ ಸೆಳೆದು ಆತ್ಮಹತ್ಯೆಗೆ ಪ್ರಚೋದಿಸುವ ಕುಖ್ಯಾತ ಬ್ಲೂ ವೇಲ್ ಚಾಲೆಂಜ್‌ನಂತೆ ಹೊಸದಾಗಿ ಬಂದಿರುವ ಆನ್‌ಲೈನ್‌ ಗೇಮ್‌ ಮೊಮೊ ಚಾಲೆಂಜ್‌ ವಿರುದ್ಧ ಸರಕಾರ ಕೆಲವು ಮುಂಜಾಗ್ರತಾ ಸಲಹೆಗಳನ್ನು ಬಿಡುಗಡೆ ಮಾಡಿದೆ.","ಎಳೆತನ, ಬಾಲ್ಯ",Immature/childhood,Yes,Darshan R K,2025-02-08 10:28:45
ಎಳೆ,"ಆ ದನಗಳಿಗಿರುವ ಮಹತ್ವ, ಉಸಿರಾಟಕ್ಕಾಗಿ ಒದ್ದಾಡಿ ಸತ್ತುಹೋಗಿರುವ ಎಳೆ ಮಕ್ಕಳಿಗಿಲ್ಲ ಎಂದ ಮೇಲೆ, ಆ ರಾಜ್ಯದಲ್ಲಿ ಒಂದು ಪ್ರಜಾಸತ್ತಾತ್ಮಕವಾದ ಸರಕಾರ ಅಸ್ತಿತ್ವದಲ್ಲಿದೆ ಎಂದು ನಂಬುವುದಾದರೂ ಹೇಗೆ?","ಎಳೆತನ, ಬಾಲ್ಯ",Immature/childhood,Yes,Darshan R K,2025-02-08 10:28:45
ಎಳೆ,ಪೊಲೀಸರ ಗುಂಡು ಝರೀನಾರ ಪತಿ ಹಾಗೂ ಎಳೆ ಮಗನ ಎದೆ ಸೀಳಿತ್ತು.,"ಎಳೆತನ, ಬಾಲ್ಯ",Immature/childhood,Yes,Darshan R K,2025-02-08 10:28:45
ಎಳೆ,ಆದರೆ ಇಲ್ಲಿ ಒಂದು ಗಮನಿಸಬೇಕಾದ ಅಂಶ ಎಂದರೆ ಸಾಸಿವೆ ಎಣ್ಣೆಯನ್ನು ಎಳೆ ಮಕ್ಕಳಿಗೆ ಉಪಯೋಗಿಸಬಾರದು .,"ಎಳೆತನ, ಬಾಲ್ಯ",Immature/childhood,Yes,Darshan R K,2025-02-08 10:28:45
ಎಳೆ,ನಿತ್ಯ ತೋಟದ ಜೊತೆಗಿನ ಒಡನಾಟ ಎಳೆ ಮಕ್ಕಳಿಂದ ಶುರುವಾಗಿ ಮನೆಯವರಿಗೆಲ್ಲ ಬೆಳೆಯುವುದಕ್ಕೆ ಸಸ್ಯ ಸಂಬಂಧ ಕಾರಣವಾಗಿತ್ತು.,"ಎಳೆತನ, ಬಾಲ್ಯ",Immature/childhood,Yes,Darshan R K,2025-02-08 10:28:45
ಎಳೆ,"ಕಠಿಣ ಪರಿಸ್ಥಿತಿಯಲ್ಲಿ, ತುಂಬಾ, ರೋಸಾ ಎರಡು ಎಳೆ ಮಕ್ಕಳನ್ನು ನಡುವೆಯೂ ಕುಡಿಯಲು ಪ್ರಾರಂಭಿಸಿದರು.","ಎಳೆತನ, ಬಾಲ್ಯ",Immature/childhood,Yes,Darshan R K,2025-02-08 10:28:46
ಎಳೆ,ಈ ಮೂತ್ರ ಒಂದು ಪೈನ್ ಮರದ ಮೇಲೆ ಎಳೆ ಚಿಗುರುಗಳನ್ನು ಮುರಿಯಲು ಪ್ರಾರಂಭಿಸಿದ ಮೇ ಕಾಣಿಸಿಕೊಳ್ಳುವ ಪೈನ್ ಭ್ರೂಣದ ಆಗಿದೆ.,"ಎಳೆತನ, ಬಾಲ್ಯ",Immature/childhood,Yes,Darshan R K,2025-02-08 10:28:46
ಎಳೆ,"ಆದರೆ ಇದೆಲ್ಲಾ ಕ್ಲಾಸಿನ ಬೋರ್ಡಿನ ಎದುರು, ಒಂದತ್ತು ಎಳೆ ಮನಸ್ಸುಗಳ ಎದುರು ಮಾತ್ರ ಇವನು ಹಾಕುವ ಪೊಗದಸ್ತಾದ ವೇಷ ಅನ್ನಿಸಿದಾಗ ಆ ಉಪನ್ಯಾಸಕನ ಬಗ್ಗೆ ಯಾರಿಗಾದರೂ ಗೌರವ ಉಳಿಯುತ್ತದಾ ಹೇಳಿ?","ಎಳೆತನ, ಬಾಲ್ಯ",Immature/childhood,Yes,Darshan R K,2025-02-08 10:28:46
ಎಳೆ,ಶ್ರೀಮತಿ ರತ್ನಾ ಆಚಾರ್ಯ 14ರ ಎಳೆ ವಯಸ್ಸಿನಲ್ಲಿ ಕಟಪಾಡಿ ಸಮೀಪದ ಅಚ್ಚಡದ ಗುರುರಾಜ ಆಚಾರ್ಯ ಅವರನ್ನು ವಿವಾಹವಾಗಿ ಮುಂಬಯಿಗೆ ಆಗಮಿಸಿದರು.,"ಎಳೆತನ, ಬಾಲ್ಯ",Immature/childhood,Yes,Darshan R K,2025-02-08 10:28:46
ಎಳೆ,ದಾಸರ ಕೀರ್ತನ ಸ್ಪರ್ಧೆ ಇಟ್ಟಿರುವುದರಿಂದ ಎಳೆ ಮನಸುಗಳಿಗೆ ಒಂದಷ್ಟು ಕನ್ನಡ ವ್ಯಾಕರಣ ಚಂದಸ್ಸು ಪ್ರಾವೀಣ್ಯತೆ ಬೆಳೆಸಿದಂತ್ತಾಗುತ್ತದೆ.,"ಎಳೆತನ, ಬಾಲ್ಯ",Immature/childhood,Yes,Darshan R K,2025-02-08 10:28:46
ಎಳೆ,ನನ್ನ ಎಳೆ ಮನಸ್ಸನ್ನು ಸೂಕ್ಷ್ಮವಾಗಿ ತೀವ್ರವಾಗಿ ಪ್ರಭಾವಿಸಿದ ಈ ಅಪೂರ್ವ ಕ್ಷಣಗಳನ್ನು ಕೃತಜ್ಞತೆಯಿಂದ ನೆನೆಯುತ್ತೇನೆ.,"ಎಳೆತನ, ಬಾಲ್ಯ",Immature/childhood,Yes,Darshan R K,2025-02-08 10:28:46
ಎಳೆ,ತಮ್ಮ ನೋಟವನ್ನು ತಮ್ಮ ಎಳೆ ವಯಸ್ಸಿನಲ್ಲಿ ಕಿರುನಗೆ ಮತ್ತು ನಕ್ಕು ಸಹಾಯ ಮಾಡುತ್ತದೆ.,"ಎಳೆತನ, ಬಾಲ್ಯ",Immature/childhood,Yes,Darshan R K,2025-02-08 10:28:46
ಎಳೆ,"ವಾಕ್‌ ಮಾಡುತ್ತಾ, ಎಳೆ ಬಿಸಿಲು ಕಾಯಿಸುತ್ತಾ ಕಾಲ ಕಳೆಯುತ್ತಿದ್ದರು.","ಎಳೆತನ, ಬಾಲ್ಯ",Immature/childhood,Yes,Darshan R K,2025-02-08 10:28:46
ಎಳೆ,ಈ ವಿಧಾನವು ಹೂವಿನ ಮೊಗ್ಗುಗಳು ಎಳೆ ಚಿಗುರುಗಳನ್ನು ತುದಿಗಳಲ್ಲಿ ರೂಪಿಸುವ ಪೊದೆಗಳು ಒಳ್ಳೆಯದು.,"ಎಳೆತನ, ಬಾಲ್ಯ",Immature/childhood,Yes,Darshan R K,2025-02-08 10:28:46
ಎಳೆ,"ಬೇಸಿಗೆಯಲ್ಲಿ ರಾಸ್್ಬೆರ್ರಿಸ್, ತುಂಬಾ ತಳದಲ್ಲಿ ಎಳೆ ಚಿಗುರುಗಳನ್ನು ತೆಗೆದು, ಒಪ್ಪವಾದ.","ಎಳೆತನ, ಬಾಲ್ಯ",Immature/childhood,Yes,Darshan R K,2025-02-08 10:28:46
ಎಳೆ,ಎರಡು ಎಳೆ ಬೆಳುಳ್ಳಿ ಜೊತೆಗೆ ಉಪ್ಪನ್ನು ಸೇರಿಸಿ ಅಗಿದು ಬೆಳಗ್ಗೆ ಎದ್ದ ತಕ್ಷಣ ತಿನ್ನುವುದರಿಂದ ಗಂಟಲು ನೋವು ಕಡಿಮೆಯಾಗುತ್ತದೆ.,"ಎಳೆತನ, ಬಾಲ್ಯ",Immature/childhood,Yes,Darshan R K,2025-02-08 10:28:46
ಎಳೆ,ಆ ಮರದ ಹಿಂಬದಿಯಲ್ಲಿ ಮೋಡದ ಮರೆಯಲ್ಲಿ ಇಣುಕುತ್ತಿರುವ ನೇಸರನ ಎಳೆ ಬಿಸಿಲ ಹಿನ್ನೆಲೆಯಲ್ಲಿ ಹುಣಸೆ ಮರಕ್ಕೆ ದೀಪಾಲಂಕಾರದ ಮೆರುಗು ಮೂಡಿತ್ತು.,"ಎಳೆತನ, ಬಾಲ್ಯ",Immature/childhood,Yes,Darshan R K,2025-02-08 10:28:46
ಎಳೆ,ಆ ಎಳೆ ಚಿಗುರು ಬೆರಳು ಶುರು ಮಾಡಿದ ಕಥಾ ಬರವಣಿಗೆ ನಿರಂತರವಾಗಿ ಮುಂದುವರೆಯುತ್ತ ನ್ಯೂಯಾರ್ಕ್ ಫೆಮಿನಿಸ್ಟ್ ಪ್ರೆಸ್ ಹೊರತಂದ ಜಗತ್ತಿನ ಅತ್ಯುತ್ತಮ ಮಹಿಳಾ ಕೃತಿಗಳು ಸಂಪುಟದಲ್ಲಿ ಕಥೆ ಪ್ರಕಟಿಸುವ ಮಟ್ಟಕ್ಕೆ ಯಶಸ್ಸು ಸಾಧಿಸಿದೆ.,"ಎಳೆತನ, ಬಾಲ್ಯ",Immature/childhood,Yes,Darshan R K,2025-02-08 10:28:46
ಎಳೆ,ಮಕ್ಕಳು ಆಗ ಇನ್ನೂ ಎಳೆ ವಯಸ್ಸಿನವರು.,"ಎಳೆತನ, ಬಾಲ್ಯ",Immature/childhood,Yes,Darshan R K,2025-02-08 10:28:46
ಎಳೆ,ಶ್ರುತಿಯನ್ನು ಎಳೆ ಮುದುಕಿ ಅಂದ್ರು.,"ಎಳೆತನ, ಬಾಲ್ಯ",Immature/childhood,Yes,Darshan R K,2025-02-08 10:28:46
ಎಳೆ,"ಈ ನೀರಿನಲ್ಲಿ ಔಷಧೀಯ ಗುಣವಿರುವುದರಿಂದ ಎಳೆ ಮಕ್ಕ‌ಳಲ್ಲಿ ಕಂಡುಬರುವ ಜ್ವರ, ಶೀತ ಸೇರಿದಂತೆ ಹಲವು ಕಾಯಿಲೆಗಳಿಗೆ ಮನೆ ಮದ್ದಾಗಿ ಬಳಸಲಾಗುತ್ತದೆ.","ಎಳೆತನ, ಬಾಲ್ಯ",Immature/childhood,Yes,Darshan R K,2025-02-08 10:28:46
ಎಳೆ,"ಆದಾಗ್ಯೂ, ಹೆಸರು ಲೇಯಳು ಮೌಲ್ಯವನ್ನು ತನ್ನ ಉಚ್ಚಾರಣೆ ಎಂದು ಸುಂದರವಾಗಿರುತ್ತದೆ ಹಸುವಿನ ಕರು, ಎಳೆ ಕರು.","ಎಳೆತನ, ಬಾಲ್ಯ",Immature/childhood,Yes,Darshan R K,2025-02-08 10:28:46
ಎಳೆ,"ಹತ್ತಿರದ ಹೃದಯವಂತ ವೈದ್ಯರನ್ನು ಕಾಣಿ, ಹಲವು ವಿಧದ ಔಷಧಗಳಿಂದಲೂ, ಎಳೆ ವಯಸ್ಸಿನಲ್ಲಿ ಹವ್ಯಾಸಕ್ಕೆ ತೆಗೆದುಕೊಂಡ ಡ್ರಗ್ಸ್‌ಗಳಿಂದಲೂ ನೆನಪಿನ ಶಕ್ತಿ ಕಡಿಮೆಯಾಗಬಹುದು.","ಎಳೆತನ, ಬಾಲ್ಯ",Immature/childhood,Yes,Darshan R K,2025-02-08 10:28:46
ಎಳೆ,"ಆ ನಂತರ, ಸಾಮೂಹಿಕ ಸಮಾಧಿ ಪತ್ತೆಯಾದ ನಂತರ ಇವರೆಲ್ಲಾ ಮೃತಪಟ್ಟಿರಬಹುದೆಂಬ ಸಂಶಯದ ಎಳೆ ಸಿಕ್ಕಿತ್ತು.","ನೂಲಿನ ಎಳೆ, ಸೂತ್ರ",A thread of yarn,Yes,Darshan R K,2025-02-08 10:17:56
ಎಳೆ,ಇದನ್ನೂ ಓದಿ: ಬೆಳಗಾವಿ ಗಡಿಭಾಗ ಉದ್ವಿಗ್ನ; ಶಿವಸೇನೆ ಪುಂಡಾಡಿಕೆ; ಕನ್ನಡ ಚಿತ್ರ ಪ್ರದರ್ಶನಕ್ಕೆ ಅಡ್ಡಿ; ಬೀದಿಗಿಳಿದ ಕನ್ನಡಪರ ಸಂಘಟನೆಗಳು ಕಥೆಯ ಎಳೆ ಸಿಕ್ಕಿದ್ದು ಹೇಗೆ?,"ನೂಲಿನ ಎಳೆ, ಸೂತ್ರ",A thread of yarn,Yes,Darshan R K,2025-02-08 10:17:56
ಎಳೆ,ಎಳೆ ತೀರಾ ಚಿಕ್ಕದಾಗಿದ್ದರೂ ಕನ್ನಡಕ್ಕಿದು ಹೊಚ್ಚ ಹೊಸ ಕಥೆ.,"ನೂಲಿನ ಎಳೆ, ಸೂತ್ರ",A thread of yarn,Yes,Darshan R K,2025-02-08 10:17:56
ಎಳೆ,"ಈ ಘಟನೆಯಲ್ಲಿನ ಮುಖ್ಯವಾದ ಎಳೆ ಎಂದರೆ, ಭೀಮ ಸತಾರದಿಂದ ಮುಂಬೈ ತಲುಪಿ ಬಟ್ಟೆ ಗಿರಣಿಯಲ್ಲಿ ಕೆಲಸಕ್ಕೆ ಸೇರಬೇಕೆಂಬ ಯೋಚನೆಯಾಗಲಿ ಇಲ್ಲಿ ತುಂಬ ಗೌಣವೆನಿಸುತ್ತದೆ.","ನೂಲಿನ ಎಳೆ, ಸೂತ್ರ",A thread of yarn,Yes,Darshan R K,2025-02-08 10:17:56
ಎಳೆ,"ಆ ನಟಿಯ ಬಗ್ಗೆ , ಆ ಕಾರ್ಯಕ್ರಮದ ಬಗ್ಗೆ , ಆ ವ್ಯವಸ್ಥೆಯ ಬಗ್ಗೆ ಎಳೆ ಎಳೆಯಾಗಿ ಹಂಚಿಕೊಂಡಿದ್ದಾರೆ.","ನೂಲಿನ ಎಳೆ, ಸೂತ್ರ",A thread of yarn,Yes,Darshan R K,2025-02-08 10:17:56
ಎಳೆ,"ಕಾಂಗ್ರೆಸ್ ಸರಕಾರದ ಬಗ್ಗೆ ಎಳೆ ಎಳೆಯಾಗಿ ತೆರೆದಿಟ್ಟ ನರೇಂದ್ರಮೋದಿ, ರಾಜ್ಯದಲ್ಲಿ 15 ಸಾವಿರ ಕೋಟಿ ವೆಚ್ಚದ 13 ಯೋಜನೆಗಳಿಗೆ ಸರಕಾರ ಅನುಮೋದನೆ","ನೂಲಿನ ಎಳೆ, ಸೂತ್ರ",A thread of yarn,Yes,Darshan R K,2025-02-08 10:17:56
ಎಳೆ,* ಒಂದು ಎಳೆ ಪಾಕ ಬಂದ ಮೇಲೆ ಅದಕ್ಕೆ(ಪಾಕ) ಸ್ವಲ್ಪ ಸ್ವಲ್ಪವೇ ಕಡಲೆಹಿಟ್ಟನ್ನು ಹಾಕಿಕೊಳ್ಳುತ್ತಾ ಸೌಟಿನಿಂದ ತಿರುಗಿಸುತ್ತಿರಿ.,"ನೂಲಿನ ಎಳೆ, ಸೂತ್ರ",A thread of yarn,Yes,Darshan R K,2025-02-08 10:17:56
ಎಳೆ,ಹೇಗೆ ರಾಜಕಾರಣಿಗಳು ಜನರನ್ನುದಾರಿ ತಪ್ಪಿಸುತ್ತಿದ್ದಾರೆ ಎಂಬುದನು ಎಳೆ ಎಳೆಯಾಗಿ ವಿವರಿಸಲಾಗಿದೆ ಎಂದರು.,"ನೂಲಿನ ಎಳೆ, ಸೂತ್ರ",A thread of yarn,Yes,Darshan R K,2025-02-08 10:17:56
ಎಳೆ,ಚಿತ್ರದ ಎಳೆ ಎಳೆಯಲ್ಲೂ ರತ್ನಜ ಅವರ ಶ್ರಮ ಎದ್ದು ಕಾಣುತ್ತದೆ.,"ನೂಲಿನ ಎಳೆ, ಸೂತ್ರ",A thread of yarn,Yes,Darshan R K,2025-02-08 10:17:56
ಎಳೆ,ಪುಟ್ಟನ ಕೋಳಿ ಕಥೆಯಂತೂ ಮಕ್ಕಳ ಮನಸ್ಸನ್ನು ಎಳೆ ಎಳೆಯಾಗಿ ತೆರೆದಿಡುವಲ್ಲಿ ಯಶಸ್ವಿಯಾಗಿದೆ.,"ನೂಲಿನ ಎಳೆ, ಸೂತ್ರ",A thread of yarn,Yes,Darshan R K,2025-02-08 10:17:56
ಎಳೆ,ಮಾಡುವ ವಿಧಾನ : ಸಕ್ಕರೆ ಎಳೆ ಪಾಕವನ್ನು ಮೊದಲು ತಯಾರಿಸಿಟ್ಟುಕೊಳ್ಳಬೇಕು.,"ನೂಲಿನ ಎಳೆ, ಸೂತ್ರ",A thread of yarn,Yes,Darshan R K,2025-02-08 10:17:56
ಎಳೆ,ಬೆಂಗಳೂರಿನ ಭೂಗತ ಲೋಕದ ಕರಾಳ ಚಿತ್ತಾರವನ್ನ ತೆರೆ ಮೇಲೆ ಎಳೆ ಎಳೆಯಾಗಿ ಬಿಚ್ಚಿಟ್ಟಿದ್ದ ಚಕ್ರವರ್ತಿ ಸಿನಿಮಾ ಕಿರುತೆರೆಯಲ್ಲಿ ಬರಲಿದೆ.,"ನೂಲಿನ ಎಳೆ, ಸೂತ್ರ",A thread of yarn,Yes,Darshan R K,2025-02-08 10:17:56
ಎಳೆ,ಯಾವೂದಕ್ಕೂ ಅಧಿಕೃತ ದಾಖಲೆಗಳಿಲ್ಲ ಎಂದು ಕಪಿಲ್ ಸಿಬಲ್ ಎಳೆ ಎಳೆಯಾಗಿ ವಾದ ಮಂಡಿಸಿದರು.,"ನೂಲಿನ ಎಳೆ, ಸೂತ್ರ",A thread of yarn,Yes,Darshan R K,2025-02-08 10:17:56
ಎಳೆ,ಅನಿಷ್ಟ ಪದ್ಧತಿಯನ್ನು ಬಿಚ್ಚಿಟ್ಟ ಮಹಿಳೆಯರು: ಗ್ರಾಮದಲ್ಲಿ ಇನ್ನೂ ಅಸ್ಪೃಶ್ಯತೆ ಆಚರಣೆಯಲ್ಲಿರುವುದನ್ನು ದಲಿತ ಸಮುದಾಯದ ಮಹಿಳೆಯರು ಅಧಿಕಾರಿಗಳ ಮುಂದೆ ಎಳೆ ಎಳೆಯಾಗಿ ಬಿಚ್ಚಿಟ್ಟರು.,"ನೂಲಿನ ಎಳೆ, ಸೂತ್ರ",A thread of yarn,Yes,Darshan R K,2025-02-08 10:17:56
ಎಳೆ,ಕಥೆ ಏನು ಎಂದರೆ ರವಿಚಂದ್ರನ್ ಹೇಳೋದಿಷ್ಟು ಕಥೆಯ ಸಣ್ಣದೊಂದು ಎಳೆ ಹೇಳಿದರೂ ಥ್ರಿಲ್ ಹೋಗುತ್ತೆ.,"ನೂಲಿನ ಎಳೆ, ಸೂತ್ರ",A thread of yarn,Yes,Darshan R K,2025-02-08 10:17:56
ಎಳೆ,"ಸ್ಕರ್ಟ್ (ಇಲ್ಲದಿದ್ದರೆ ಅದು ಹಾದಿಯ ಅಪಾಯವನ್ನು ಸಾಗುತ್ತದೆ, ಪ್ರಮುಖ ಬಿಂದು) ಸಾಮಾನ್ಯ ಎಳೆಗಳನ್ನು ಹೊಲಿದುಬಿಟ್ಟಿದ್ದರು, ಆದ್ದರಿಂದ, ಉತ್ಪನ್ನದ ಬಯಸಿದ ಉದ್ದ ತೆಗೆದುಕೊಳ್ಳಲು (ಖಾತೆಗೆ ಅವಕಾಶಗಳ ಅರಗು ಕೆಳಗೆ ಮತ್ತು ಅಡ್ಡ ಸ್ತರಗಳು ತೆಗೆದುಕೊಳ್ಳಲು ಇದು ಬೆಲ್ಟ್ ಮೇಲೆ ಫ್ಯಾಬ್ರಿಕ್ ಪರಿಗಣಿಸಬೇಕೆ ಕೂಡ ಮುಖ್ಯ ಅಗತ್ಯವಿದೆ, ಆದರೆ ಹೊಲಿದುಬಿಟ್ಟಿದ್ದರು ಮಾಡಬಹುದು ಹಂಚಿಕೊಂಡಿದ್ದಾರೆ, ಮತ್ತು ವ್ಯತ್ಯಸ್ತ ಎಳೆಗಳನ್ನು - ಆದ್ದರಿಂದ ಬೆಲ್ಟ್ ಸ್ವಲ್ಪ ಸೊಂಟದಿಂದ, nakushalsya tummy ಫಾರ್ ಅವಕಾಶವನ್ನು ಉಳಿಸುವುದು) ಎಳೆ ಕಾಣಿಸುತ್ತದೆ.","ನೂಲಿನ ಎಳೆ, ಸೂತ್ರ",A thread of yarn,Yes,Darshan R K,2025-02-08 10:17:56
ಎಳೆ,ಹಾಗೆಯೇ ಕಿರಿಯ ಬಸಪ್ಪನಾಯಕನು ಚಿತ್ರದುರ್ಗದ ಮದಕರಿ ನಾಯಕನ ನಾಶಕ್ಕೆ ಕಾರಣವಾದ ಕಟು ಸತ್ಯಸಂಗತಿಯನ್ನು ಎಳೆ ಎಳೆಯಾಗಿ ಹೊರಚೆಲ್ಲುತ್ತದೆ.,"ನೂಲಿನ ಎಳೆ, ಸೂತ್ರ",A thread of yarn,Yes,Darshan R K,2025-02-08 10:17:56
ಎಳೆ,ಹದಿನಾಲ್ಕು ಎಳೆ ಮತ್ತು ಹಿಡಿಯ ಹತ್ತಿಿಯ ಹಾರವನ್ನು ಅನಂತನ ಎಳೆ ಎಂದು ಕಳಶಕ್ಕೆೆ ಅರ್ಪಿಸಲಾಗುತ್ತದೆ.,"ನೂಲಿನ ಎಳೆ, ಸೂತ್ರ",A thread of yarn,Yes,Darshan R K,2025-02-08 10:17:56
ಎಳೆ,ಬಸ್‌ ಸಾರಿಗೆ ಬಲವರ್ಧನೆಯ ಅಗತ್ಯದ ಬಗ್ಗೆ ಬಸ್‌ ಪ್ರಯಾಣಿಕರ ವೇದಿಕೆ ಸಂಚಾಲಕ ವಿನಯ್‌ ಶ್ರೀನಿವಾಸ್‌ ಎಳೆ ಎಳೆಯಾಗಿ ಬಿಡಿಸಿಟ್ಟರು.,"ನೂಲಿನ ಎಳೆ, ಸೂತ್ರ",A thread of yarn,Yes,Darshan R K,2025-02-08 10:17:56
ಎಳೆ,ಇದರ ಜೊತೆಯಲ್ಲೇ ಮಹಾಭಾರತದ ಒಂದು ಎಳೆ ಕೂಡ ಇದರಲ್ಲಿ ಇರಲಿದೆಯಂತೆ.,"ನೂಲಿನ ಎಳೆ, ಸೂತ್ರ",A thread of yarn,Yes,Darshan R K,2025-02-08 10:17:56
ಎಳೆ,ಆದರೆ ಇವರುಗಳು ಬಲಪಂಥೀಯರಾಗಿದ್ದು ಹೇಗೆ ಎಂಬ ಇತಿಹಾಸ ನೋಡಿದರೆ ಒಂದು ತಮಾಷೆಯಾದ ಎಳೆ ಹೊರಬರುತ್ತದೆ.,"ನೂಲಿನ ಎಳೆ, ಸೂತ್ರ",A thread of yarn,Yes,Darshan R K,2025-02-08 10:17:56
ಎಳೆ,ವಿದ್ಯೆ ಕಲಿಯಬೇಕು ಅಂತಾ ಉತ್ಸಾಹದಿಂದ ಹೋಗುತ್ತಿದ್ದ ಮಕ್ಕಳು ನಿಧಾನವಾಗಿ ಮಂಕಾಗುತ್ತಾ ಹೋದರು… ಮನೆಯವರು ಅವರನ್ನು ಆಳವಾಗಿ ಪ್ರಶ್ನಿಸಿದ ನಂತರ ಸತ್ಯ ಎಳೆ ಎಳೆಯಾಗಿ ಮೌಲ್ವಿ ಮಾಡಿದ ಘನಾಂದಾರಿ ಕೆಲಸವನ್ನು ಬಾಯಿಬಿಟ್ಟರು.,"ನೂಲಿನ ಎಳೆ, ಸೂತ್ರ",A thread of yarn,Yes,Darshan R K,2025-02-08 10:17:56
ಎಳೆ,ಈ ಸಿನೆಮಾ ಕೋಪದ ಒಂದು ಎಳೆ ಬಿಟ್ಟರೆ ಹಿಂದಿನ ಸಿನಿಮಾಕ್ಕೆ ಬಹಳ ಭಿನ್ನವಾಗಿದೆ.,"ನೂಲಿನ ಎಳೆ, ಸೂತ್ರ",A thread of yarn,Yes,Darshan R K,2025-02-08 10:17:57
ಎಳೆ,ಜಾಲಾರ ಹೂವಿನ ಬಗ್ಗೆ ತಮ್ಮ ಬಾಲ್ಯದ ನೆನಪಿನ ಎಳೆ ಹಿಡಿದು ಅವರೂ ದೇವರಾಯನದುರ್ಗ ಹೊಕ್ಕಿಯೇಬಿಟ್ಟರು.,"ನೂಲಿನ ಎಳೆ, ಸೂತ್ರ",A thread of yarn,Yes,Darshan R K,2025-02-08 10:17:57
ಎಳೆ,ಮಾನವ ಬದುಕಿನ ಎಲ್ಲಾ ಜಂಜಾಟಗಳನ್ನು ಎಳೆ ಎಳೆಯಾಗಿ ವರ್ಣಿಸಿಯೂ ಸಂಸಾರವೆಂಬಂತ ಸೌಭಾಗ್ಯವೆನಗಿರಲಿ ಎಂದು ಸೂಜಿಗಲ್ಲಿನಂತೆ ಸೆಳೆಯುವ ಪ್ರೀತಿಯ ಸಂಸಾರವನ್ನು ಒಪ್ಪಿ ಅಪ್ಪಿಕೊಂಡ ಸುಖಸಂಸಾರಿಗಳಲ್ಲವೇ ಅವರು!,"ನೂಲಿನ ಎಳೆ, ಸೂತ್ರ",A thread of yarn,Yes,Darshan R K,2025-02-08 10:17:57
ಎಳೆ,"ಒಂದು ಸರದಲ್ಲಿ 2 ಎಳೆ, 3 ಎಳೆ ಇದ್ದು ಸಮಾರಂಭಗಳಿಗೂ ಒಂದೇ ಒಂದು ಹಾರಮ್ ಧರಿಸಿದರೆ ಸಾಕು, ಎದ್ದು ಕಾಣುವ ಗುಣ ಇದಕ್ಕಿದೆ.","ನೂಲಿನ ಎಳೆ, ಸೂತ್ರ",A thread of yarn,Yes,Darshan R K,2025-02-08 10:17:57
ಎಳೆ,"ಹಸು ಗೂಸು ಹಾಗೂ ವಯೋವೃದ್ದರು ಎಂಬ ಬೇದ ಭಾವ ಮಾಡದೆ ಎಲ್ಲರನ್ನು ಕಚ್ಚುವ ಸೊಳ್ಳೆ ಈ ರೋಗವನ್ನು ಹರಡುತ್ತದೆ ಎಂದು ವಿವರಿಸಿ, ರೋಗದ ತಡೆಗೆ ಅನುಸರಿಸಬಹುದಾದ ಕ್ರಮಗಳನ್ನು ಎಳೆ ಎಳೆಯಾಗಿ ಬಿಡಿಸಲಾಗಿದೆ.","ನೂಲಿನ ಎಳೆ, ಸೂತ್ರ",A thread of yarn,Yes,Darshan R K,2025-02-08 10:17:57
ಎಳೆ,"ನಿಜ, ರೇಷ್ಮೆ ಬಟ್ಟೆ ಉಡುವವರಿಗೆ ಇರುವ ಅದೃಷ್ಟವು ಎಳೆ ತೆಗೆಯುವವರಿಗೆ ಇಲ್ಲ.","ನೂಲಿನ ಎಳೆ, ಸೂತ್ರ",A thread of yarn,Yes,Darshan R K,2025-02-08 10:17:57
ಎಳೆ,ಒಂದೇ ಒಂದು ಎಳೆ ಅತ್ತಿತ್ತ ಆದರೂ ಅದನ್ನು ಕಾಳಜಿಯಿಂದ ಚಾಕಚಕ್ಯತೆಯಿಂದ ಸರಿಪಡಿಸಲಾಗುತ್ತಿದೆಯೋ ಅದೇ ರೀತಿ ಮನಸನ್ನು ಎಳೆ-ಎಳೆಯಾಗಿ ರೂಪಿಸಬೇಕು.,"ನೂಲಿನ ಎಳೆ, ಸೂತ್ರ",A thread of yarn,Yes,Darshan R K,2025-02-08 10:17:57
ಎಳೆ,"ನನ್ನ ಸರವನ್ನು ಕಿತ್ತುಕೊಂಡು ಹೋಗಿರುವ ಕಳ್ಳರನ್ನು ಹಾಗೂ ಸರವನ್ನು ಪತ್ತೆ ಮಾಡಿಕೊಡಿ, 55 ಗ್ರಾಂ ತೂಕದ ಎರಡು ಎಳೆ ಚಿನ್ನದ ಮಾಂಗಲ್ಯ ಸರದ ಅಂದಾಜು ಬೆಲೆ ಸುಮಾರು 1.","ನೂಲಿನ ಎಳೆ, ಸೂತ್ರ",A thread of yarn,Yes,Darshan R K,2025-02-08 10:17:58
ಎಳೆ,"ರಾಜ್ಯದ ಅದ್ಭುತ ಲೋಕೇಷನ್ ಗಳಲ್ಲಿ ನಗು, ಅಳು, ಕೋಪ, ರಹಸ್ಯ, ಭಾವನೆಗಳ ಪಯಣ ಎಳೆ ಎಳೆಯಾಗಿ ಅನಾವರಣಗೊಳ್ಳುತ್ತಾ ಹೋಗುತ್ತದೆ.","ನೂಲಿನ ಎಳೆ, ಸೂತ್ರ",A thread of yarn,Yes,Darshan R K,2025-02-08 10:17:58
ಎಳೆ,ಎಳೆ ಬರುವಂತೆ ಪಾಕ ಮಾಡಿ ಒಲೆಯಿಂದ ಇಳಿಸಿ ಆರಲು ಬಿಡಿ.,"ನೂಲಿನ ಎಳೆ, ಸೂತ್ರ",A thread of yarn,Yes,Darshan R K,2025-02-08 10:17:58
ಎಳೆ,ಕ್ಷಣಾರ್ಧದಲ್ಲಿ ಗುಂಪಿನ ಮನಸ್ಥಿತಿಯೇ ಬದಲಾಯಿತು ಎಂದು ಗುಂಪು ಉದ್ರಿಕ್ತ ರೂಪ ಪಡೆದದ್ದನ್ನು ಎಳೆ ಎಳೆಯಾಗಿ ಬಿಡಿಸಿ ಇಟ್ಟರು.,"ನೂಲಿನ ಎಳೆ, ಸೂತ್ರ",A thread of yarn,Yes,Darshan R K,2025-02-08 10:17:58
ಎಳೆ,ಕ್ಲಾಸ್- ಮಾಸ್ ಸಿನಿಮಾಗಳ ನಡುವೆ ಮಾನವ ಸಂಬಂಧಗಳ ಎಳೆ ಇಟ್ಟುಕೊಂಡು ಮಂಸೋರೆ ಕಟ್ಟಿಕೊಟ್ಟಿರೋ ಬಹಳ ವಿಭಿನ್ನ ಸಿನಿಮಾ ಇದು.,"ನೂಲಿನ ಎಳೆ, ಸೂತ್ರ",A thread of yarn,Yes,Darshan R K,2025-02-08 10:17:58
ಎಳೆ,ವೆಂಕಟಸುಬ್ಬಯ್ಯ ಅವರು ತಮ್ಮ ನೆನಪಿನ ಅಂಗಳದಿಂದ ಎಳೆ ಎಳೆಯಾಗಿ ಬಿಚ್ಚಿಟ್ಟರು.,"ನೂಲಿನ ಎಳೆ, ಸೂತ್ರ",A thread of yarn,Yes,Darshan R K,2025-02-08 10:17:58
ಎಳೆ,ಖಾಸಗಿ ಸಾರಿಗೆ ಸಂಸ್ಥೆಯೊಂದಿಗೆ ಶಾಮೀಲಾಗಿ ರಾಜ್ಯ ರಸ್ತೆ ಸಾರಿಗೆ ಸಂಸ್ಥೆಯು ಕರ್ನಾಟಕದಲ್ಲಿ ನಷ್ಠದಿಂದ ಓಡಲು ಪ್ರೋತ್ಸಾಯಿಸುತ್ತಿರುವುದನ್ನು ಅವರು ಎಳೆ ಎಳೆಯಾಗಿ ವಿವರಿಸಿದರು.,"ನೂಲಿನ ಎಳೆ, ಸೂತ್ರ",A thread of yarn,Yes,Darshan R K,2025-02-08 10:17:58
ಎಳೆ,"ನಂತರ ಸಿಪಿಐ(ಎಂ) ಮುಖಂಡರು ಭಟ್ಕಳ ತಾಲ್ಲೂಕಿನಲ್ಲಿ ಆದ ಅವೈಜ್ಞಾನಿಕ ಸರ್ವೇ, ಕಾರ್ಡು ಹಂಚಿಕೆಯಲ್ಲಿ ಭ್ರಷ್ಟಾಚಾರದ ಕುರಿತು ಎಳೆ ಎಳೆಯಾಗಿ ವಿವರಿಸಿದರು.","ನೂಲಿನ ಎಳೆ, ಸೂತ್ರ",A thread of yarn,Yes,Darshan R K,2025-02-08 10:17:58
ಎಳೆ,ಶತಮಾನದ ಹಿಂದೆ ಬ್ರಿಟಿಷ್‌ ಆಡಳಿತ ಹಾಗೂ ಮೈಸೂರು ಸಂಸ್ಥಾನಗಳು ಮಾಡಿಕೊಂಡ ಒಪ್ಪಂದವು ಈಗ ಅನ್ವಯವಾಗದು ಎಂದು ಅವರು ತಮ್ಮ ವಾದದಲ್ಲಿ ಎಳೆ ಎಳೆಯಾಗಿ ಬಿಡಿಸಿಟ್ಟರು.,"ನೂಲಿನ ಎಳೆ, ಸೂತ್ರ",A thread of yarn,Yes,Darshan R K,2025-02-08 10:17:58
ಕಣ,ಇಲ್ಲವೆ ಸ್ವತಃ ರೈತರೇ ಸಹಕಾರದ ಮೂಲಕ ಕಣ ನಿರ್ಮಿಸಿಕೊಂಡು ಈ ಸಮಸ್ಯೆ ಬಗೆಹರಿಸಿಕೊಳ್ಳಬೇಕು.,ಧಾನ್ಯಗಳನ್ನು ಒಕ್ಕುವುದಕ್ಕಾಗಿ ಸಿದ್ಧಪಡಿಸಿದ ಸ್ಥಳ,A place prepared for threshing grains,Yes,Darshan R K,2025-02-08 17:59:49
ಕಣ,ಉತ್ತರೆ ಮಳೆ ಬಂದರೆ ರಾಗಿ ಬೆಳೆ ರೈತರ ಕಣ ಸೇರುವುದು ನಿಶ್ಚಿತ ಎಂದು ಬೊಮ್ಮೆನಹಳ್ಳಿಯ ಹಿರಿಯ ರೈತ ಪರಮಶಿವಯ್ಯ ಹೇಳುತ್ತಾರೆ.,ಧಾನ್ಯಗಳನ್ನು ಒಕ್ಕುವುದಕ್ಕಾಗಿ ಸಿದ್ಧಪಡಿಸಿದ ಸ್ಥಳ,A place prepared for threshing grains,Yes,Darshan R K,2025-02-08 17:59:49
ಕಣ,ಈ ಅಕ್ರಮ ದಾಸ್ತಾನುಗಳು ಹರತಾಳು ನಾಗರಾಜ್ ಅವರ ಜಮೀನು ಸರ್ವೆ ನಂಬರ್ ಬಳಿ ಇದ್ದು ಇವರಿಗೆ ಶುಂಠಿ ಕಣ ಮಾಡಲು ಈ ಮರಗಳನ್ನ ಕತ್ತರಿಸಲಾಗಿದೆ ಎಂದು ಹರತಾಳು ನಾಗರಾಜ್ ವಿಚಾರಣೆ ವೇಳೆ ತಿಳಿಸಿರುತ್ತಾರೆ.,ಧಾನ್ಯಗಳನ್ನು ಒಕ್ಕುವುದಕ್ಕಾಗಿ ಸಿದ್ಧಪಡಿಸಿದ ಸ್ಥಳ,A place prepared for threshing grains,Yes,Darshan R K,2025-02-08 17:59:49
ಕಣ,ಅಂದರೆ ಕಣ ಸುಗ್ಗಿಯ ಸಂಭ್ರಮದ ಕ್ಷಣ.,ಧಾನ್ಯಗಳನ್ನು ಒಕ್ಕುವುದಕ್ಕಾಗಿ ಸಿದ್ಧಪಡಿಸಿದ ಸ್ಥಳ,A place prepared for threshing grains,Yes,Darshan R K,2025-02-08 17:59:49
ಕಣ,ಭತ್ತ ಬಗ ಉದುರುವ ಸ್ವಭಾವದ ಬೆಳೆಯಾದುದರಿಂದ ಅದನ್ನು ಕಣ ಮಾಡಿಯೇ ಕೊಯಲು ಮಾಡುತ್ತಾರೆ.,ಧಾನ್ಯಗಳನ್ನು ಒಕ್ಕುವುದಕ್ಕಾಗಿ ಸಿದ್ಧಪಡಿಸಿದ ಸ್ಥಳ,A place prepared for threshing grains,Yes,Darshan R K,2025-02-08 17:59:49
ಕಣ,"ತಾಲ್ಲೂಕಿನ ಗಂಗಾವತಿ, ವೆಂಕಟಗಿರಿ, ಆನೆಗೊಂದಿ, ಮರಳಿ, ಸಿದ್ದಾಪುರ ಮತ್ತು ಕಾರಟಗಿ ಹೋಬಳಿ ವ್ಯಾಪ್ತಿಯ ತುಂಗಭದ್ರಾ ಎಡದಂಡೆ ಕಾಲುವೆ ಮತ್ತು ನದಿ ಆಶ್ರಯದಲ್ಲಿ ಬೆಳೆದ ಸುಮಾರು 34 ಸಾವಿರ ಹೆಕ್ಟೇರಿನ ಪೈಕಿ 12 ಸಾವಿರ ಹೆಕ್ಟೇರ್‌ ಪ್ರದೇಶದ ಭತ್ತ ಬೆಳೆದ ರೈತರಿಗೀಗ ಕಣ ಮಾಡುವುದೇ ಸಮಸ್ಯೆ.",ಧಾನ್ಯಗಳನ್ನು ಒಕ್ಕುವುದಕ್ಕಾಗಿ ಸಿದ್ಧಪಡಿಸಿದ ಸ್ಥಳ,A place prepared for threshing grains,Yes,Darshan R K,2025-02-08 17:59:50
ಕಣ,"ಅಸಲಿಗೆ ಹೊಲದ ಕೆಲಸ, ರಾಗಿ ಕಣ ಎಂದೆಲ್ಲ ಅವರು ರಜೆ ಮುಗಿಸಿ ಕಾಲೇಜಿಗೆ ಬರುವುದೇ ನಿಧಾನವಾಗಿ.",ಧಾನ್ಯಗಳನ್ನು ಒಕ್ಕುವುದಕ್ಕಾಗಿ ಸಿದ್ಧಪಡಿಸಿದ ಸ್ಥಳ,A place prepared for threshing grains,Yes,Darshan R K,2025-02-08 17:59:50
ಕಣ,ಗಾಳಿ ಬಂದಾಗ ಎಲ್ಲರೂ ಮೊರ ಹಿಡಿದು ತೂರಿದ ನಂತರ ಉಳಿಯುವ ಶುದ್ಧ ರಾಗಿಯನ್ನು ರಾಶಿ ಹಾಕಿ ಅದರ ಮೇಲೆ ಹೂವು ಹಾಕಿ ಪೂಜೆ ಮಾಡಿ ಮನೆಗೆ ಸಾಗಿಸುವ ಕಾರ್ಯದೊಂದಿಗೆ ಕಣ ಸುಗ್ಗಿ ಮುಗಿಯುತ್ತಿತ್ತು.,ಧಾನ್ಯಗಳನ್ನು ಒಕ್ಕುವುದಕ್ಕಾಗಿ ಸಿದ್ಧಪಡಿಸಿದ ಸ್ಥಳ,A place prepared for threshing grains,Yes,Darshan R K,2025-02-08 17:59:50
ಕಣ,ಶ್ರೀಮಂಗಲ- ಕುಟ್ಟ ಹೆದ್ದಾರಿ ಬದಿಯಲ್ಲಿರುವ ಕೋಳೇರ ರವಿ ಕಾರ್ಯಪ್ಪ ಅವರ ಕಾಫಿ ಕಣ ಹಾಗೂ ಕುಟ್ಟದ ಮೇರಿಲ್ಯಾಂಡ್ ಎಸ್ಟೇಟ್‍ನ ಚೆಕ್ಕೇರ ದೇವಯ್ಯ ಅವರ ಮನೆಯ ಮುಂಭಾಗದಲ್ಲಿ ಗ್ರಹಣ ವೀಕ್ಷಣೆಗೆ ಕರ್ನಾಟಕ ರಾಜ್ಯ ವಿಜ್ಞಾನ ಪರಿಷತ್ ವತಿಯಿಂದ ಸೂಕ್ತ ವ್ಯವಸ್ಥೆ ಮಾಡಲಾಗಿತ್ತು.,ಧಾನ್ಯಗಳನ್ನು ಒಕ್ಕುವುದಕ್ಕಾಗಿ ಸಿದ್ಧಪಡಿಸಿದ ಸ್ಥಳ,A place prepared for threshing grains,Yes,Darshan R K,2025-02-08 17:59:50
ಕಣ,ಯೋಗ್ಯ ಬೆಲೆಯೂ ಸಿಗುತ್ತಿಲ್ಲ: ರೈತರು ಕಣ ಇಲ್ಲದೇ ಇರುವುದರಿಂದ ಬೆಳೆಗಳನ್ನು ತಮ್ಮೂರಿನ ರಸ್ತೆ ಮೇಲೆ ಒಂದಿಷ್ಟು ಒಣಗಿಸಿಕೊಳ್ಳುತ್ತಾರೆ.,ಧಾನ್ಯಗಳನ್ನು ಒಕ್ಕುವುದಕ್ಕಾಗಿ ಸಿದ್ಧಪಡಿಸಿದ ಸ್ಥಳ,A place prepared for threshing grains,Yes,Darshan R K,2025-02-08 17:59:50
ಕಣ,"ಜೋಳಿಗೆಯಲ್ಲಿ ಪಂಚಾಂಗ ತ್ತು ಭವಿಷ್ಯ ಹೇಳುವ ಹೊತ್ತಿಗೆಯನ್ನಿಟ್ಟುಕೊಂಡು ಊರಿನಲ್ಲಿ ಸುತ್ತಾಡುತ್ತಾ ಯಾರಾದರೂ ಮಳೆ, ಬೆಳೆ, ಬಿತ್ತುವ, ಕೊಯ್ಯುವ, ಕಣ ಮಾಡುವ, ರಾಶಿ ಮಾಡುವ, ಎತ್ತು ಖರೀದಿಸುವ ಮುಂತಾದ ವಿಷಯಗಳ ಬಗ್ಗೆ ಕೇಳಿದರೆ ಅವರಿಗೆ ವಿವರವಾದ ಮಾಹಿತಿಯನ್ನು ಹೇಳುತ್ತಾರೆ.",ಧಾನ್ಯಗಳನ್ನು ಒಕ್ಕುವುದಕ್ಕಾಗಿ ಸಿದ್ಧಪಡಿಸಿದ ಸ್ಥಳ,A place prepared for threshing grains,Yes,Darshan R K,2025-02-08 17:59:50
ಕಣ,"ಮುತ್ತೈದೆ ಮಹಾದೇವಿಯಾದ ಕನಕದುರ್ಗೆಗೆ ಅಕ್ಕಿ-ಬೇಳೆ, ಬೆಲ್ಲ-ಕೊಬ್ಬರಿ, ಕಣ ನೀಡಿ ಹರಕೆ ತೀರಿಸಿದರು",ಧಾನ್ಯಗಳನ್ನು ಒಕ್ಕುವುದಕ್ಕಾಗಿ ಸಿದ್ಧಪಡಿಸಿದ ಸ್ಥಳ,A place prepared for threshing grains,Yes,Darshan R K,2025-02-08 17:59:50
ಕಣ,"ಜೀವಸತ್ವ B9 (ಫಾಲಿಕ್ ಆಮ್ಲ) ಬಿಳಿ ರಕ್ತ ಕಣ ಅಭಿವೃದ್ಧಿಯಲ್ಲಿ ಕೋಶಗಳ ವಿಭಜನೆಯ ಪ್ರಕ್ರಿಯೆಯಲ್ಲಿ, ಚಯಾಪಚಯ ಒಳಗೊಂಡಿರುವ ಪ್ರವಾಹವನ್ನು ಸಂಶ್ಲೇಷಣೆಯಲ್ಲಿ ಕಾಣಬರುತ್ತದೆ ಇದೆ.",ಪದಾರ್ಥದ ಅತ್ಯಂತ ಸೂಕ್ಷ್ಮವಾದ ಅಂಶ/ಅಣು,Particle,Yes,Darshan R K,2025-02-08 17:55:23
ಕಣ,ಲ್ಯೂಕೊಸೈಟೊಸಿಸ್ ಪ್ರಕಾರಕ್ಕೆ ಅನುಗುಣವಾಗಿ ವಿಭಿನ್ನವಾಗಿ ರಕ್ತ ಪರೀಕ್ಷೆಯಲ್ಲಿ ಬಿಳಿ ರಕ್ತ ಕಣ ಮೌಲ್ಯವನ್ನು ಡೀಕೋಡ್ ಫಲಿತಾಂಶಗಳು ವ್ಯಾಖ್ಯಾನಿಸುವ ಅಗತ್ಯ.,ಪದಾರ್ಥದ ಅತ್ಯಂತ ಸೂಕ್ಷ್ಮವಾದ ಅಂಶ/ಅಣು,Particle,Yes,Darshan R K,2025-02-08 17:55:23
ಕಣ,"ನಿಯಮದಂತೆ, ಮಕ್ಕಳ ಬಿಳಿ ರಕ್ತ ಕಣ ವೈರಲ್ ಸೋಂಕು, ಉರಿಯೂತ, ಕರುಳಿನ ಸಮಸ್ಯೆಗಳು ವಿವಿಧ ಸೂಚಿಸುತ್ತದೆ ಹೆಚ್ಚಾಯಿತು.",ಪದಾರ್ಥದ ಅತ್ಯಂತ ಸೂಕ್ಷ್ಮವಾದ ಅಂಶ/ಅಣು,Particle,Yes,Darshan R K,2025-02-08 17:55:23
ಕಣ,ಲಿಂಫೋಸೈಟ್ಸ್ ಸಾಮಾನ್ಯ ಸಂಖ್ಯೆ ಯಾವುದೇ ವಯಸ್ಕ ರಕ್ತದ ಒಟ್ಟು ಬಿಳಿ ರಕ್ತ ಕಣ ಶೇಕಡಾ ನಲವತ್ತು ಒಳಗೆ ರಲ್ಲಿ.,ಪದಾರ್ಥದ ಅತ್ಯಂತ ಸೂಕ್ಷ್ಮವಾದ ಅಂಶ/ಅಣು,Particle,Yes,Darshan R K,2025-02-08 17:55:23
ಕಣ,ಪ್ರೋಟಾನ್ ಕಣ ತೂಕದ ಕಣ ; ಎಲೆಕ್ಟ್ರಾನ್‌ಗಿ೦ತ ಸುಮಾರು ೨೦೦೦ದಷ್ಟು ಹೆಚ್ಚು ತೂಕ.,ಪದಾರ್ಥದ ಅತ್ಯಂತ ಸೂಕ್ಷ್ಮವಾದ ಅಂಶ/ಅಣು,Particle,Yes,Darshan R K,2025-02-08 17:55:23
ಕಣ,"* ಇದರಲ್ಲಿರುವ ವಿಟಮಿನ್ ಸಿ ಜೀವಸತ್ವವು ಮೂಳೆ, ಹಲ್ಲಿನ ರಚನೆ, ಜೀರ್ಣಕ್ರಿಯೆ ಮತ್ತು ರಕ್ತ ಕಣ ರಚನೆಯಲ್ಲಿ ಪ್ರಮುಖ ಪಾತ್ರವಹಿಸುತ್ತದೆ.",ಪದಾರ್ಥದ ಅತ್ಯಂತ ಸೂಕ್ಷ್ಮವಾದ ಅಂಶ/ಅಣು,Particle,Yes,Darshan R K,2025-02-08 17:55:23
ಕಣ,"ಸ್ಥೂಲಕಾಯತೆ, ಮೂಗಿನ ಅಲರ್ಜಿಗಳು, ನರಸ್ನಾಯುಕ ರೋಗಗಳು, ನಿದ್ರಾಜನಕ ಪರಿಣಾಮಗಳೊಂದಿಗೆ ಔಷಧಿಗಳ ಬಳಕೆ, ಕುಡಗೋಲು ಕಣ ರಕ್ತಹೀನತೆ, ಮತ್ತು ಒಎಸ್ಎಯ ಕುಟುಂಬದ ಇತಿಹಾಸವು ಮಕ್ಕಳಲ್ಲಿ ಸ್ಲೀಪ್ ಅಪ್ನಿಯ ಬೆಳವಣಿಗೆಗೆ ಅಪಾಯಕಾರಿ ಅಂಶಗಳಾಗಿವೆ.",ಪದಾರ್ಥದ ಅತ್ಯಂತ ಸೂಕ್ಷ್ಮವಾದ ಅಂಶ/ಅಣು,Particle,Yes,Darshan R K,2025-02-08 17:55:23
ಕಣ,ಫಿಸಿಶಿಯನ್ಸ್ ಕೆಳಗಿನ ಮೂತ್ರದಲ್ಲಿ ಬಿಳಿ ರಕ್ತ ಕಣ ತಕ್ಷಣದ ಹೆಚ್ಚಳವನ್ನು ಉಂಟುಮಾಡುತ್ತದೆ ಇವೆ:,ಪದಾರ್ಥದ ಅತ್ಯಂತ ಸೂಕ್ಷ್ಮವಾದ ಅಂಶ/ಅಣು,Particle,Yes,Darshan R K,2025-02-08 17:55:23
ಕಣ,ಹೇಗ್ ಕೆಲ್ಸ ಮಾಡತ್ತೆ : ಆವಿ ನಮ್ ಚರ್ಮದ್ ಕಣ ಕಣಕ್ಕೂ ಆಳವಾಗಿ ತೂರತ್ತೆ.,ಪದಾರ್ಥದ ಅತ್ಯಂತ ಸೂಕ್ಷ್ಮವಾದ ಅಂಶ/ಅಣು,Particle,Yes,Darshan R K,2025-02-08 17:55:23
ಕಣ,ಬಿಳಿ ರಕ್ತ ಕಣ ಸಂಖ್ಯೆ ಮೂತ್ರ ಅಂಗಗಳಲ್ಲಿ ಉರಿಯೂತದ ಪ್ರಕ್ರಿಯೆಗಳಲ್ಲಿ ಹೆಚ್ಚಿಸುತ್ತದೆ.,ಪದಾರ್ಥದ ಅತ್ಯಂತ ಸೂಕ್ಷ್ಮವಾದ ಅಂಶ/ಅಣು,Particle,Yes,Darshan R K,2025-02-08 17:55:23
ಕಣ,ಸ್ವಯಂ ಪ್ರೇರಿತ ರಕ್ತದಾನ ಶಿಬಿರ ರಕ್ತದ ಕಣ ಕಣವೂ ಬದುಕಿನ ಜೀವಿತಾವಧಿಯ ಕುರುಹು.,ಪದಾರ್ಥದ ಅತ್ಯಂತ ಸೂಕ್ಷ್ಮವಾದ ಅಂಶ/ಅಣು,Particle,Yes,Darshan R K,2025-02-08 17:55:23
ಕಣ,"ಕೆನ್ - ಕೂದಲು ಆಳವಾಗಿ ವ್ಯಾಪಿಸಿರುವ ಮತ್ತು ಐದು ಬೃಹತ್ ಕಣ ಹೊರಹೊಮ್ಮುವ ಒಂದು ಅನನ್ಯ ಅಣು nitrone, ಒಳಗೊಂಡಿರುವ ಕೂದಲು ಡೈ.",ಪದಾರ್ಥದ ಅತ್ಯಂತ ಸೂಕ್ಷ್ಮವಾದ ಅಂಶ/ಅಣು,Particle,Yes,Darshan R K,2025-02-08 17:55:23
ಕಣ,"ಸಾಮಾನ್ಯವಾಗಿ, ರೋಗ ಉಪಸ್ಥಿತಿಯಲ್ಲಿ ಇದು, ಬಿಳಿ ರಕ್ತ ಕಣ ಅತಿ ಹೆಚ್ಚಿನ ಮಟ್ಟವನ್ನು ತೋರಿಸುತ್ತದೆ ಕ್ಷಿಪ್ರ ಇಳಿಮುಖ ಕಾಣಬರುತ್ತದೆ.",ಪದಾರ್ಥದ ಅತ್ಯಂತ ಸೂಕ್ಷ್ಮವಾದ ಅಂಶ/ಅಣು,Particle,Yes,Darshan R K,2025-02-08 17:55:23
ಕಣ,ಏಕ ಕಣ ಜೀವಿಗಳಾದ ಫ್ರೋಟೋಜೋವಾದಿಂದ ಹಿಡಿದು ಮನುಷ್ಯನವರೆಗೆ ವ್ಯಾಪಿಸಿರುವ ಹನ್ನೊಂದು ಮಿಲಿಯನ್ ಪ್ರಾಣಿಸಂಕುಲಗಳನ್ನು ಈ ಭೂಮಿ ಪೋಷಿಸುತ್ತಿದೆ.,ಪದಾರ್ಥದ ಅತ್ಯಂತ ಸೂಕ್ಷ್ಮವಾದ ಅಂಶ/ಅಣು,Particle,Yes,Darshan R K,2025-02-08 17:55:23
ಕಣ,"ಮಕ್ಕಳು ಮತ್ತು ವಯಸ್ಕರಲ್ಲಿ ವಿವರಣೆ ವೈಯಕ್ತಿಕ ರೂಪಗಳು ಬಿಳಿ ರಕ್ತ ಕಣ (ಬಾಸೊಫಿಲ್, ನ್ಯೂಟ್ರೋಫಿಲ್ಸ್ಗಳಲ್ಲಿ ಮೋನೊಸೈಟ್ಸ್, ಲಿಂಫೋಸೈಟ್ಸ್, ಇತ್ಯಾದಿ) ಡೇಟಾವನ್ನು ಹೊಂದಿರುತ್ತದೆ ನಿಯತಾಂಕಗಳನ್ನು ಲ್ಯೂಕೊಸೈಟ್ ಗುಂಪು ಸೂಚಿಸುವ ಒಳಗೊಂಡಿರುತ್ತದೆ.",ಪದಾರ್ಥದ ಅತ್ಯಂತ ಸೂಕ್ಷ್ಮವಾದ ಅಂಶ/ಅಣು,Particle,Yes,Darshan R K,2025-02-08 17:55:23
ಕಣ,Home ಕನ್ನಡ ವಾರ್ತೆಗಳು ಕರಾವಳಿ ಬಿಳಿ ರಕ್ತ ಕಣ ಹೆಚ್ಚು ಮಾಡಿಕೊಂಡರೆ ದೇಹಕ್ಕೆ ಯಾವುದೇ ಖಾಯಿಲೆ ಬರೋದಿಲ್ಲ ನಿಜಾನಾ.,ಪದಾರ್ಥದ ಅತ್ಯಂತ ಸೂಕ್ಷ್ಮವಾದ ಅಂಶ/ಅಣು,Particle,Yes,Darshan R K,2025-02-08 17:55:24
ಕಣ,"ರಕ್ತ, ಒಂದು ವಸ್ತು ವಸ್ತುವನ್ನು ರಕ್ತಪರಿಚಲನಾ ವ್ಯವಸ್ಥೆಯ ಎರಡು ಭಾಗಗಳನ್ನು ಒಳಗೊಂಡಿದೆ: ಎ ದೃವ ಅಥವಾ ಪ್ಲಾಸ್ಮಾ, ಹಾಗೂ ಒಣ ಕೋಳಿ ರೂಪುಗೊಂಡ ಅಂಶಗಳನ್ನು (ಕಿರುಬಿಲ್ಲೆಗಳು, ಬಿಳಿ ರಕ್ತ ಕಣ ಮತ್ತು ಎರಿಥ್ರೋಸೈಟ್).",ಪದಾರ್ಥದ ಅತ್ಯಂತ ಸೂಕ್ಷ್ಮವಾದ ಅಂಶ/ಅಣು,Particle,Yes,Darshan R K,2025-02-08 17:55:24
ಕಣ,ಕೆಂಪು ರಕ್ತ ಕಣಗಳು ಶ್ವಾಸಕೋಶದಿಂದ ಆಮ್ಲಜನಕವನ್ನು ದೇಹದ ಕಣ ಕಣ ಗಳಿಗೂ ಸಾಗಿಸುವ ವಾಹಕವಾದರೆ ಬಿಳಿರಕ್ತ ಕಣಗಳು ರೋಗಾಣುಗಳನ್ನು ನಾಶ ಪಡಿಸುವ ಸೈನಿಕರಾಗಿರುತ್ತವೆ.,ಪದಾರ್ಥದ ಅತ್ಯಂತ ಸೂಕ್ಷ್ಮವಾದ ಅಂಶ/ಅಣು,Particle,Yes,Darshan R K,2025-02-08 17:55:24
ಕಣ,ಬಿಳಿ ರಕ್ತ ಕಣ ಮತ್ತು ಕಿರುಬಿಲ್ಲೆಗಳು ರಚನೆಯನ್ನು ಭಿನ್ನವಾಗಿದೆ.,ಪದಾರ್ಥದ ಅತ್ಯಂತ ಸೂಕ್ಷ್ಮವಾದ ಅಂಶ/ಅಣು,Particle,Yes,Darshan R K,2025-02-08 17:55:24
ಕಣ,ತರುವಾಯ ಕ್ಯಾನ್ಸರ್ ಕಣ ರೂಪಾಂತರವು ಸಂಭವಿಸುತ್ತದೆ.,ಪದಾರ್ಥದ ಅತ್ಯಂತ ಸೂಕ್ಷ್ಮವಾದ ಅಂಶ/ಅಣು,Particle,Yes,Darshan R K,2025-02-08 17:55:24
ಕಣ,ಬಾಹ್ಯ ರಕ್ತದಲ್ಲಿ ನಾರ್ಮ ಬಿಳಿ ರಕ್ತ ಕಣ - ಸೂಚಕಗಳು ಮಾಡಬೇಕು ಮಾರ್ಗದರ್ಶನ ಮೇಲೆ,ಪದಾರ್ಥದ ಅತ್ಯಂತ ಸೂಕ್ಷ್ಮವಾದ ಅಂಶ/ಅಣು,Particle,Yes,Darshan R K,2025-02-08 17:55:24
ಕಣ,ಕ್ವಾಂಟಮ್ ಗುರುತ್ವ ಸಾಮಾನ್ಯ ಸಾಪೇಕ್ಷತೆ ಮತ್ತು ಕಣ ಭೌತಶಾಸ್ತ್ರದ ಪ್ರಮಾಣಿತ ಮಾದರಿಯನ್ನು ಒಳಗೊಂಡಿರುವ ಒಂದು ಸಿದ್ಧಾಂತವನ್ನು ರಚಿಸಲು ಸೈದ್ಧಾಂತಿಕ ಭೌತಶಾಸ್ತ್ರದ ಪ್ರಯತ್ನವಾಗಿದೆ.,ಪದಾರ್ಥದ ಅತ್ಯಂತ ಸೂಕ್ಷ್ಮವಾದ ಅಂಶ/ಅಣು,Particle,Yes,Darshan R K,2025-02-08 17:55:24
ಕಣ,Home ಪ್ರಾದೇಶಿಕ ಬೆಂಗಳೂರು 1 ತಿಂಗಳಲ್ಲಿ ಒಂದು ಕ್ಯೂಬಿಕ್ ಸೆಂಟಿಮೀಟರ್ ಧೂಳಿನ ಕಣ ಸಂಗ್ರಹ: ನಾಗರಿಕರಲ್ಲಿ ಹೆಚ್ಚಿದ ಆತಂಕ,ಪದಾರ್ಥದ ಅತ್ಯಂತ ಸೂಕ್ಷ್ಮವಾದ ಅಂಶ/ಅಣು,Particle,Yes,Darshan R K,2025-02-08 17:55:24
ಕಣ,ಒಂದು ರಕ್ತ ವಿಶ್ಲೇಷಣೆ ಹಿಮೋಗ್ಲೋಬಿನ್ಗಳು ಮತ್ತು ಪ್ಲೇಟ್ಲೆಟ್ ಮಟ್ಟದ ಕಡಿಮೆಯಾಗುತ್ತದೆ ಮತ್ತು ಬಿಳಿ ರಕ್ತ ಕಣ ಹೆಚ್ಚಾಗುತ್ತದೆ ಪರಿಮಾಣಾತ್ಮಕ ವಿಷಯ ತೋರಿಸುತ್ತದೆ.,ಪದಾರ್ಥದ ಅತ್ಯಂತ ಸೂಕ್ಷ್ಮವಾದ ಅಂಶ/ಅಣು,Particle,Yes,Darshan R K,2025-02-08 17:55:24
ಕಣ,ಮಣ್ಣಿನ ಭೌತಿಕ ಗುಣಧರ್ಮಗಳಾದ ಮಣ್ಣಿನ ಕಣ ರಚನೆಯ ಮೇಲೆ ಪ್ರಭಾವ ಬೀರಿ ನೀರು ಹಿಡಿದಿಡುವ ಸಾಮಥ್ರ್ಯವನ್ನು ಹೆಚ್ಚಿಸುತ್ತದೆ.,ಪದಾರ್ಥದ ಅತ್ಯಂತ ಸೂಕ್ಷ್ಮವಾದ ಅಂಶ/ಅಣು,Particle,Yes,Darshan R K,2025-02-08 17:55:24
ಕಣ,"ನಮ್ಮ ರಕ್ತದಲ್ಲಿ, ಬಿಳಿ ರಕ್ತ ಕಣ ಅನೇಕ ರೀತಿಯ (ಮುಂದಿನ ಭಾಗ ಇವುಗಳ ಬಗ್ಗೆ ಹೆಚ್ಚಿನ), ಮತ್ತು ಅವುಗಳನ್ನು ಪ್ರತಿಯೊಂದು ತನ್ನದೇ ಕೆಲಸವನ್ನು ಕೈಗೆತ್ತಿಕೊಳ್ಳುತ್ತದೆ.",ಪದಾರ್ಥದ ಅತ್ಯಂತ ಸೂಕ್ಷ್ಮವಾದ ಅಂಶ/ಅಣು,Particle,Yes,Darshan R K,2025-02-08 17:55:24
ಕಣ,"ಈ ಘಟನೆಗಳ ರೆಕಾರ್ಡೆಡ್ ಕಣ ಭೌತಶಾಸ್ತ್ರ, ಸಹ ವೇಗವರ್ಧಕ ಸ್ಥಾನದ ಸ್ಥಳವಾಗಿದೆ ಯಾರು ಯುರೋಪಿಯನ್ ಪ್ರಯೋಗಾಲಯ ಇದೆ ಇದು LHC ವ್ಯವಸ್ಥೆಯ ಡೇಟಾ ಸೆಂಟರ್ ಆರ್ಕೈವ್ ಇರುತ್ತದೆ.",ಪದಾರ್ಥದ ಅತ್ಯಂತ ಸೂಕ್ಷ್ಮವಾದ ಅಂಶ/ಅಣು,Particle,Yes,Darshan R K,2025-02-08 17:55:24
ಕಣ,"ಲ್ಯಾಮಿನೇಟ್ ಕೌಂಟರ್ಗಳು ಒಂದು ಕಣ ಹಲಗೆ ಬೇಸ್, ಇದು ಲ್ಯಾಮಿನೇಟ್ ಶೀಟ್ನೊಂದಿಗೆ ಅಗ್ರಸ್ಥಾನದಲ್ಲಿದೆ, ಅದು ರೆಸಿನ್-ಲೇಪಿತ ಕಾಗದದಿಂದ ಕೂಡಿದೆ.",ಪದಾರ್ಥದ ಅತ್ಯಂತ ಸೂಕ್ಷ್ಮವಾದ ಅಂಶ/ಅಣು,Particle,Yes,Darshan R K,2025-02-08 17:55:24
ಕಣ,"ಸಿಎಡಿ ರೋಗನಿರೋಧಕ ಹೆಮೋಲಿಟಿಕ್ ರಕ್ತಹೀನತೆ ಕಾರಣ, ನೇರ ಆಂಟಿಗ್ಲೋಬ್ಯುಲಿನ್ ಪರೀಕ್ಷೆ (ಡಾಟ್ ಅಥವಾ ನೇರ ಕೂಂಬ್ಸ್ ಟೆಸ್ಟ್) ಧನಾತ್ಮಕವಾಗಿರುತ್ತದೆ, ಇದು ಕೆಂಪು ರಕ್ತ ಕಣ ಪ್ರತಿಕಾಯಗಳ ಉಪಸ್ಥಿತಿಯನ್ನು ಸೂಚಿಸುತ್ತದೆ.",ಪದಾರ್ಥದ ಅತ್ಯಂತ ಸೂಕ್ಷ್ಮವಾದ ಅಂಶ/ಅಣು,Particle,Yes,Darshan R K,2025-02-08 17:55:24
ಕಣ,"ಸಿಗರೇಟ್ ಹೊಗೆ, ಗಾಳಿಯ ಮೂಲಕ ಪ್ಲಾಸ್ಮಾದಂತಹ ಏಲಿಯನ್ ಕಣ ದೇಹಕ್ಕೆ ಸೇರಿ ಮೂವರು ಸದಸ್ಯರು ಒಬ್ಬೊಬ್ಬರಾಗಿ ರಕ್ತ ಕಾರಿಕೊಂಡು ಭೀಕರವಾಗಿ ಸಾಯುತ್ತಾರೆ.",ಪದಾರ್ಥದ ಅತ್ಯಂತ ಸೂಕ್ಷ್ಮವಾದ ಅಂಶ/ಅಣು,Particle,Yes,Darshan R K,2025-02-08 17:55:24
ಕಣ,"ಒಟ್ಟಾಗಿ ಚೈನ್ಡ್, ಅವರು ಒಂದು ದೊಡ್ಡ ಬೃಹತ್ ಕಣ ರೂಪಿಸುತ್ತವೆ.",ಪದಾರ್ಥದ ಅತ್ಯಂತ ಸೂಕ್ಷ್ಮವಾದ ಅಂಶ/ಅಣು,Particle,Yes,Darshan R K,2025-02-08 17:55:24
ಕಣ,"ಸ್ಮೀಯರ್ ಸೈಟಾಲಜಿ ಬಿಳಿ ರಕ್ತ ಕಣ ಗಮನಾರ್ಹ ಸಂಖ್ಯೆಯ ತೋರಿಸಿದರು, ಈ ಉರಿಯೂತ ಸೂಚಿಸುತ್ತದೆ.",ಪದಾರ್ಥದ ಅತ್ಯಂತ ಸೂಕ್ಷ್ಮವಾದ ಅಂಶ/ಅಣು,Particle,Yes,Darshan R K,2025-02-08 17:55:24
ಕಣ,ರಕ್ತದಾನ ಮಾಡಿದ ಕೆಲವೇ ನಿಮಿಷಗಳಲ್ಲಿ ಹೊಸ ರಕ್ತ ಕಣ ಉತ್ಪತ್ತಿ ಆಗುತ್ತವೆ.,ಪದಾರ್ಥದ ಅತ್ಯಂತ ಸೂಕ್ಷ್ಮವಾದ ಅಂಶ/ಅಣು,Particle,Yes,Darshan R K,2025-02-08 17:55:24
ಕಣ,ರಕ್ತದ ಎರಿಥ್ರೋಸೈಟ್ ಮತ್ತು ಬಿಳಿ ರಕ್ತ ಕಣ ಇರುತ್ತವೆ.,ಪದಾರ್ಥದ ಅತ್ಯಂತ ಸೂಕ್ಷ್ಮವಾದ ಅಂಶ/ಅಣು,Particle,Yes,Darshan R K,2025-02-08 17:55:24
ಕಣ,ಕರ್ನಲ್ ಮೌಲ್ಯವನ್ನು ಇದು DNA ಕಣ ಕೂಡಿದೆಯೇ ದೊಡ್ಡದಾಗಿದೆ.,ಪದಾರ್ಥದ ಅತ್ಯಂತ ಸೂಕ್ಷ್ಮವಾದ ಅಂಶ/ಅಣು,Particle,Yes,Darshan R K,2025-02-08 17:55:24
ಕಣ,ಸುತ್ತೋಲೆ DNA ಕಣ ಕೆಲವು ವೈರಸ್ಗಳು ಆನುವಂಶಿಕ ಮಾಹಿತಿಯನ್ನು ಹೊಂದಬಹುದು.,ಪದಾರ್ಥದ ಅತ್ಯಂತ ಸೂಕ್ಷ್ಮವಾದ ಅಂಶ/ಅಣು,Particle,Yes,Darshan R K,2025-02-08 17:55:24
ಕಣ,ಹಿಮೋಗ್ಲೋಬಿನ್ ಪರೀಕ್ಷೆಯನ್ನು ಸಾಮಾನ್ಯವಾಗಿ ಸಂಪೂರ್ಣ ರಕ್ತ ಕಣ (ಸಿಬಿಸಿ) ಎಣಿಕೆಯಾಗಿ ಒಂದು ಭಾಗವಾಗಿ ಆದೇಶಿಸಲಾಗುತ್ತದೆ.,ಪದಾರ್ಥದ ಅತ್ಯಂತ ಸೂಕ್ಷ್ಮವಾದ ಅಂಶ/ಅಣು,Particle,Yes,Darshan R K,2025-02-08 17:55:25
ಕಣ,ಸ್ಮೀಯರ್ ರಲ್ಲಿ ಬಿಳಿ ರಕ್ತ ಕಣ ವೇಳೆ ಚಿಂತೆಯಿಲ್ಲದೆ ಹೋಗುತ್ತದೆ.,ಪದಾರ್ಥದ ಅತ್ಯಂತ ಸೂಕ್ಷ್ಮವಾದ ಅಂಶ/ಅಣು,Particle,Yes,Darshan R K,2025-02-08 17:55:25
ಕಣ,ಅಲ್ಲಿನ ರಸ್ತೆಗಳಲ್ಲಿ ಒ೦ದು ಕಣ ಧೂಳೂ ಕೂಡ ಇಲ್ಲ - ಇಲ್ಲಿ ನೋಡಿದರೆ ಎಲ್ಲೆಲ್ಲೂ ಧೂಳು ಅನ್ನುವವರೇ.,ಪದಾರ್ಥದ ಅತ್ಯಂತ ಸೂಕ್ಷ್ಮವಾದ ಅಂಶ/ಅಣು,Particle,Yes,Darshan R K,2025-02-08 17:55:25
ಕಣ,ಅಕ್ಷರದ ಎಲ್ ಬಿಳಿ ರಕ್ತ ಕಣ ಸೂಚಿಸುತ್ತದೆ.,ಪದಾರ್ಥದ ಅತ್ಯಂತ ಸೂಕ್ಷ್ಮವಾದ ಅಂಶ/ಅಣು,Particle,Yes,Darshan R K,2025-02-08 17:55:25
ಕಣ,ಯಾವುದೇ ವಯಸ್ಸಿನಲ್ಲಿ ಮಹಿಳೆಯರು ಪ್ರಮಾಣ ಮೀರಬಾರದು ಒಟ್ಟು ಬಿಳಿ ರಕ್ತ ಕಣ 10% ಆರು ತಿಂಗಳಿಗೊಮ್ಮೆ ಕನಿಷ್ಠ ರಕ್ತದಲ್ಲಿ ಏಕಕೋಶಗಳು ಪರೀಕ್ಷೆಗೊಳಪಡಿಸಲು ಅಗತ್ಯವಿದೆ.,ಪದಾರ್ಥದ ಅತ್ಯಂತ ಸೂಕ್ಷ್ಮವಾದ ಅಂಶ/ಅಣು,Particle,Yes,Darshan R K,2025-02-08 17:55:25
ಕಣ,ಚಿಕಿತ್ಸೆಯ ನಂತರ ಬಿಳಿ ರಕ್ತ ಕಣ ಸಂಖ್ಯೆಯನ್ನು ಹೆಚ್ಚಿಸಲು ಸಹಾಯ ಜನಪ್ರಿಯ ವಿಧಾನಗಳು ಸಹ ಇವೆ.,ಪದಾರ್ಥದ ಅತ್ಯಂತ ಸೂಕ್ಷ್ಮವಾದ ಅಂಶ/ಅಣು,Particle,Yes,Darshan R K,2025-02-08 17:55:25
ಕಣ,"ಆ ಸುತ್ತಲೂ ಸುತ್ತುತ್ತಿರುವ ನೆಗಟಿವ್ ವಿದ್ಯುತ್ ಕಣಗಳಲ್ಲಿ ಒಂದು ಸ್ವಲ್ಪ ಇಂಬ್ಯಾಲೆನ್ಸ್ ಆಯ್ತು ಅಂದರೆ, ಪಾಸಿಟಿವ್ ಹತ್ತು ಇದ್ದು ಅವು ಒಂಬತ್ತು ಇದ್ದವು ಅಂದರೆ, ನೆಗಟಿವ್ ಕಣ ಎಲೆಕ್ಟ್ರಾನ್ ಏನ್ಮಾಡ್ತವೆ.",ಪದಾರ್ಥದ ಅತ್ಯಂತ ಸೂಕ್ಷ್ಮವಾದ ಅಂಶ/ಅಣು,Particle,Yes,Darshan R K,2025-02-08 17:55:25
ಕಣ,"27:- ಲೋಕಸಭಾ ಚುನಾವಣಾ ಕಣ ಗರಿಗೆದರಿದ್ದು, ತೆನೆ ಕೈ ನಾಯಕರ ಭೇಟಿ ತೀವ್ರ ಕುತೂಹಲ ಮೂಡಿಸಿದೆ.",ರಣರಂಗ,Battlefield,Yes,Darshan R K,2025-02-08 17:43:02
ಕಣ,"ಹಾರೂಗೇರಿ 28: ರಾಯಬಾಗ ತಾಲೂಕಿನ ಕುಡಚಿ ಮತಕ್ಷೇತ್ರದಲ್ಲಿ ರಾಜ್ಯ ವಿಧಾನಸಭಾ ಚುನಾವಣಾ ಕಣ ರಂಗೇರಿದ್ದು, ಮತದಾನ ದಿನಾಂಕ ಸಮೀಪಿಸುತ್ತಿದ್ದಂತ್ತೆ ಬಿಜೆಪಿ ಹಾಗೂ ಬಿಎಸ್ಆರ್ ಕಾಂಗ್ರೇಸ್ ಕಾರ್ಯಕರ್ತರ ಮದ್ಯೆ ಶುಕ್ರವಾರ ರಾತ್ರಿ 11,30 ರ ಸಮಯದಲ್ಲಿ ಘರ್ಷಣೆ ನಡೆದಿದೆ.",ರಣರಂಗ,Battlefield,Yes,Darshan R K,2025-02-08 17:43:02
ಕಣ,ರಾಜ್ಯದಲ್ಲಿ ಚುನಾವಣಾ ಕಣ ರಂಗೇರುತ್ತಿವೆ.,ರಣರಂಗ,Battlefield,Yes,Darshan R K,2025-02-08 17:43:02
ಕಣ,ಕುಂದಾಪುರ: ಬೈಂದೂರು ಬಿಜೆಪಿ ಅಭ್ಯರ್ಥಿ ಹಾಗೂ ಕುಂದಾಪುರ ಕಾಂಗ್ರೆಸ್‌ ಅಭ್ಯರ್ಥಿ ಘೋಷಣೆಯಾಗದೆ ಹಚ್ಚಲಷ್ಟೇ ಬಾಕಿಯಿರುವ ಪಟಾಕಿಯಂತಿದ್ದ ಚುನಾವಣಾ ಕಣ ಸೋಮವಾರದಿಂದ ಕಳೆಗಟ್ಟತೊಡಗಿದೆ.,ರಣರಂಗ,Battlefield,Yes,Darshan R K,2025-02-08 17:43:02
ಕಣ,"ಒಟ್ಟಾರೆ ಹಾಸನ ಲೋಕಸಭಾ ಚುನಾವಣೆ ಕಣ ರಂಗೇರತೊಡಗಿದ್ದು, ಹೊಸದಾಗಿ ರಾಜಕೀಯ ಪ್ರವೇಶಿಸಿರುವ ಪ್ರಜ್ವಲ್ ಹಾಗೂ ಮಾಜಿ ಸಚಿವ ಎ.",ರಣರಂಗ,Battlefield,Yes,Darshan R K,2025-02-08 17:43:02
ಕಣ,ಕಣ ಚಿತ್ರಣ: ಮೈತ್ರಿ ಪಕ್ಷಗಳ ನಡುವಿನ ಸೀಟು ಹೊಂದಾಣಿಕೆ ವೇಳೆ ಕ್ಷೇತ್ರ ಉಳಿಸಿಕೊಂಡು ಕಾಂಗ್ರೆಸ್‌ ಅಭ್ಯರ್ಥಿಯಾಗಿ ಕಣಕ್ಕಿಳಿದಿರುವ ಎಂ.,ರಣರಂಗ,Battlefield,Yes,Darshan R K,2025-02-08 17:43:02
ಕಣ,ನಾಳೆಯಿಂದ ನಾಮಪತ್ರ ಸಲ್ಲಿಕೆ ಶುರುವಾಗುವುದರೊಂದಿಗೆ ಚುನಾವಣಾ ಕಣ ಇನ್ನಷ್ಟು ರಂಗೇರಲಿದೆ.,ರಣರಂಗ,Battlefield,Yes,Darshan R K,2025-02-08 17:43:02
ಕಣ,"ಹೈವೋಲ್ಟೇಜ್ ಕಣ ಮಂಡ್ಯದಲ್ಲಿ ಭರ್ಜರಿ ಪ್ರಚಾರ ನಡೆಯುತ್ತಿದೆ, ಇನ್ನೇನು ಬಹಿರಂಗ ಪ್ರಚಾರಕ್ಕೆ ಒಂದು ದಿನ ಮಾತ್ರ ಬಾಕಿ ಇದ್ದು, ಸಿ.",ರಣರಂಗ,Battlefield,Yes,Darshan R K,2025-02-08 17:43:02
ಕಣ,ಅಂತೆಯೇ ಭಾರಿ ಕುತೂಹಲಕ್ಕೆ ಕಾರಣವಾಗಿರುವ ಹುಣಸೂರು ಕ್ಷೇತ್ರದ ಉಪಚುನಾವಣಾ ಕಣ ರಂಗೇರಿದ್ದು ಅನರ್ಹ ಶಾಸಕ ಹೆಚ್.,ರಣರಂಗ,Battlefield,Yes,Darshan R K,2025-02-08 17:43:02
ಕಣ,"ಶಿಗ್ಗಾವಿ: ಸಂತ ಶಿಶುನಾಳ ಶರೀಫರ ನೆಲವಾದ ಶಿಗ್ಗಾವಿ-ಸವಣೂರ ಕ್ಷೇತ್ರದಲ್ಲಿ ಧಾರವಾಡ ಲೋಕಸಭಾ ಚುನಾವಣೆ ಕಣ ರಂಗೇರಿದ್ದು, ಪ್ರಚಾರ ಭರಾಟೆ ಭರಪೂರಾಗಿ ನಡೆದಿದೆ.",ರಣರಂಗ,Battlefield,Yes,Darshan R K,2025-02-08 17:43:02
ಕಣ,ಬೆಂಗಳೂರು: ರಾಜ್ಯದಲ್ಲಿ ಉಪಚುನಾವಣೆಯ ಕಣ ದಿನೇದಿನೇ ರಂಗೇರುತ್ತಿದೆ.,ರಣರಂಗ,Battlefield,Yes,Darshan R K,2025-02-08 17:43:02
ಕಣ,ಕ್ಷೇತ್ರದ ಕದನ ಕಣ ಸಾಕಷ್ಚು ಜಿದ್ದಾಜಿದ್ದಿನಿಂದ ಕೂಡಿತ್ತು.,ರಣರಂಗ,Battlefield,Yes,Darshan R K,2025-02-08 17:43:02
ಕಣ,"ಇದಕ್ಕೆ ಕಾರಣ ಬದಲಾವಣೆಗಳನ್ನು ಅಣುವಿನ ಮಟ್ಟದಲ್ಲಿ, ಒಂದು ಹೊಸ ಬೃಹತ್ ಕಣ ನಡೆಯುತ್ತಿರುವ ಸಂಗತಿಯ ಸಂಭವಿಸುತ್ತದೆ.",ರಣರಂಗ,Battlefield,Yes,Darshan R K,2025-02-08 17:43:02
ಕಣ,"ಬೆಂಗಳೂರು, ಆಗಸ್ಟ್ 18 : ಬಿಬಿಎಂಪಿ ಚುನಾವಣೆಗೆ ನಾಲ್ಕು ದಿನಗಳು ಬಾಕಿ ಇದ್ದು ಚುನಾವಣಾ ಪ್ರಚಾರ ಕಣ ರಂಗೇರಿದೆ.",ರಣರಂಗ,Battlefield,Yes,Darshan R K,2025-02-08 17:43:02
ಕಣ,ಚುನಾವಣಾ ಕಣ ರಂಗೇರುತ್ತಿದ್ದಂತೆ ಅಭ್ಯರ್ಥಿಗಳು ಆರೋಪ- ಪ್ರತ್ಯಾರೋಪಗಳಲ್ಲಿ ಮುಳುಗೇಳುತ್ತಿದ್ದಾರೆ.,ರಣರಂಗ,Battlefield,Yes,Darshan R K,2025-02-08 17:43:02
ಕಣ,18: ತನ್ನ 16 ವರ್ಷಗಳ ಉಪವಾಸ ಸತ್ಯಾಗ್ರಹದಿಂದ ಸುದ್ದಿಯಾಗಿದ್ದ ಮಣಿಪುರದ ಕಾರ್ಯಕರ್ತೆ ಇರೋಮ್ ಶರ್ಮಿಳಾ ಇದೀಗ ಚುನಾವಣಾ ಕಣ ಪ್ರವೇಶಿಸಲು ಸಜ್ಜಾಗಿದ್ದು ಮುಂಬರುವ ರಾಜ್ಯ ವಿಧಾನಸಭೆ ಚುನಾವಣೆಯಲ್ಲಿ ಸಾರ್ವಜನಿಕ ದೇಣಿಗೆಯ ಮೂಲಕ ನಿಧಿ ಸಂಗ್ರಹಿಸಿ ಮುಖ್ಯಮಂತ್ರಿ ಇಬೋಬಿ ಸಿಂಗ್ ವಿರುದ್ಧ ಸ್ಪರ್ಧಿಸುವುದಾಗಿ ತಿಳಿಸಿದ್ದಾರೆ.,ರಣರಂಗ,Battlefield,Yes,Darshan R K,2025-02-08 17:43:02
ಕಣ,ಹೊಸಕೋಟೆ ಉಪ ಚುನಾವಣೆ ಕಣ ಕುತೂಹಲಕ್ಕೆ ಕಾರಣವಾಗಿದೆ.,ರಣರಂಗ,Battlefield,Yes,Darshan R K,2025-02-08 17:43:02
ಕಣ,ರಾಜ್ಯದಲ್ಲಿ ಐದು ಕ್ಷೇತ್ರಗಳ ಉಪಚುನಾವಣೆ ಕಣ ರಂಗೇರಿರುವ ಸಮಯದಲ್ಲಿಯೇ ದೇವೇಗೌಡರು ಲಂಡನ್‌ಗೆ ತೆರಳುತ್ತಿರುವುದು ಕುತೂಹಲ ಮೂಡಿಸಿದೆ.,ರಣರಂಗ,Battlefield,Yes,Darshan R K,2025-02-08 17:43:02
ಕಣ,ಮೈಸೂರು : 2018 ರ ವಿಧಾನಸಭಾ ಚುನಾವಣೆ ಹಿನ್ನಲೆ ಚುನಾವಣಾ ಕಣ ಮೈಸೂರಿನಲ್ಲಿ ರಂಗೇರಿದೆ.,ರಣರಂಗ,Battlefield,Yes,Darshan R K,2025-02-08 17:43:02
ಕಣ,"ಈ ಮಧ್ಯೆ ಮತ ಪ್ರಚಾರದಲ್ಲಿ ಡಿಕೆ ಶಿವಕುಮಾರ್‍ ಎಂಟ್ರಿ ಕಾಂಗ್ರೆಸ್ ಕಾರ್‍ಯಕರ್ತರಲ್ಲಿ ಸಾಕಷ್ಟು ಲವಲವಿಕೆ ತುಂಬಿದ್ದು, ಪ್ರಚಾರದ ಕಣ ಜೋರು ಪಡೆದಿದೆ.",ರಣರಂಗ,Battlefield,Yes,Darshan R K,2025-02-08 17:43:02
ಕಣ,"ದೇಶದಲ್ಲಿ ಈಗ ಲೋಕಸಭಾ ಚುನಾವಣೆಯ ಕಣ ಕಾವೇರಿದ ಹಿನ್ನೆಲೆಯಲ್ಲಿ, ಫೇಸ್ ಬುಕ್ ಕೈಗೊಂಡಿರುವ ಈ ಕ್ರಮಕ್ಕೆ ಹೆಚ್ಚಿನ ಮಹತ್ವವಿದೆ.",ರಣರಂಗ,Battlefield,Yes,Darshan R K,2025-02-08 17:43:02
ಕಣ,"ಈ 14 ಕ್ಷೇತ್ರಗಳ ಪೈಕಿ ಮಂಡ್ಯ ಕಣ ಅತ್ಯಂತ ಹೈವೋಲ್ಟೇಜ್, ಹಾಟ್‍ಸೀಟ್ ಎನಿಸಿಕೊಂಡಿದೆ.",ರಣರಂಗ,Battlefield,Yes,Darshan R K,2025-02-08 17:43:02
ಕಣ,ಪಂಚ ರಾಜ್ಯಗಳ ಚುನಾವಣಾ ಕಣ ರಂಗೇರುತ್ತಿದೆ.,ರಣರಂಗ,Battlefield,Yes,Darshan R K,2025-02-08 17:43:02
ಕಣ,ಬಹುತೇಕ ಕಾಂಗ್ರೆಸ್ ಹಾಗೂ ಬಿಜೆಪಿ ಪಕ್ಷಗಳ ನಡುವೆ ನೇರ ಹೋರಾಟಕ್ಕೆ ಕಣ ಸಜ್ಜಾಗಿದೆ.,ರಣರಂಗ,Battlefield,Yes,Darshan R K,2025-02-08 17:43:02
ಕಣ,03]: ರಾಜಸ್ಥಾನ ವಿಧಾನಸಭಾ ಚುನಾವಣಾ ಕಣ ರಂಗೇರಿದೆ.,ರಣರಂಗ,Battlefield,Yes,Darshan R K,2025-02-08 17:43:02
ಕಣ,"ಈ ವೇಳೆಗಾಗಲೆ 13 ಅಕ್ಟೋಬರ್ 1998 ರಿಂದ 3 ಡಿಸೆಂಬರ್ 1998ರ ಅವಧಿಯಲ್ಲಿ ರಾಷ್ಟ್ರ ರಾಜಧಾನಿ ದೆಹಲಿಯ 5ನೇ ಮುಖ್ಯಮಂತ್ರಿಯಾಗಿ ಅಧಿಕಾರ ನಡೆಸಿದ್ದ ಸುಷ್ಮಾ ಸ್ವರಾಜ್, ಸೋನಿಯಾ ಗಾಂಧಿ ಚುನಾವಣಾ ರಾಜಕೀಯಕ್ಕೆ ಪ್ರವೇಶಿಸುತ್ತಿದ್ದಾರೆ ಎಂಬ ಸುದ್ದಿ ಹೊರ ಬಂದ ತಕ್ಷಣ ಅವರು ಯಾವ ಕ್ಷೇತ್ರದಿಂದ ಸ್ಪರ್ಧಿಸಿದರೂ ತಾನು ಅವರ ವಿರುದ್ಧ ಚುನಾವಣಾ ಕಣ ಪ್ರವೇಶಿಸುವ ಸೂಚನೆ ನೀಡಿದ್ದರು.",ರಣರಂಗ,Battlefield,Yes,Darshan R K,2025-02-08 17:43:02
ಕಣ,ಕಾವೇರಿದ್ದ ಚುನಾವಣಾ ಕಣ ಮಂಗಳವಾರ ನಡೆದ ಮತದಾನದ ನಂತರ ತಣ್ಣಗಾಗಿದೆ.,ರಣರಂಗ,Battlefield,Yes,Darshan R K,2025-02-08 17:43:02
ಕಣ,"ನವದೆಹಲಿ: ಪಶ್ಚಿಮ ಬಂಗಾಳದ ಚುನಾವಣಾ ಕಣ ದಿನದಿನಕ್ಕೂ ರಣಕಣವಾಗಿ ಮಾರ್ಪಟ್ಟು, ಬಿಜೆಪಿ ರಾಷ್ಟ್ರಾಧ್ಯಕ್ಷ ಅಮಿತ್ ಶಾ ರೋಡ್ ಶೋ ಮಾಡಿದ ಸಂದರ್ಭದಲ್ಲಿ ವ್ಯಾಪಕ ಹಿಂಸಾಚಾರ ನಡೆದ ಹಿನ್ನೆಲೆಯಲ್ಲಿ ಮತದಾನಕ್ಕೆ 48 ಗಂಟೆಗಳಿಗೆ ಮುಂಚಿತವಾಗಿಯೇ ಎಲ್ಲಾ ರೀತಿಯ ಚುನಾವಣಾ ಪ್ರಚಾರವನ್ನು ನಿಷೇಧಿಸಿ ಚುನಾವಣಾ ಆಯೋಗ ಆದೇಶ ಹೊರಡಿಸಿದೆ.",ರಣರಂಗ,Battlefield,Yes,Darshan R K,2025-02-08 17:43:02
ಕಣ,ಹೇಳಿಕೊಳ್ಳುವಂತಹ ಅಭಿವೃದ್ಧಿ ಕೆಲಸಗಳನ್ನು ಮಾಡಿಲ್ಲ - ವಿನಯ್​​ ಕುಲಕರ್ಣಿಲೋಕಸಭಾ ಕ್ಷೇತ್ರದ ಕಾಂಗ್ರೆಸ್‌ ಅಭ್ಯರ್ಥಿಯಾಗಿ ವಿನಯ ಕುಲಕರ್ಣಿಯವರು ನಾಮಪತ್ರ ಸಲ್ಲಿಸುತ್ತಿದ್ದಂತೆ ಚುನಾವಣಾ ಕಣ ರಂಗೇರಿದೆ.,ರಣರಂಗ,Battlefield,Yes,Darshan R K,2025-02-08 17:43:02
ಕಣ,"ಮಂಡ್ಯ ಲೋಕಸಭಾ ಚುನಾವಣಾ ಕಣ, ಜಿದ್ದಾಜಿದ್ದಿನ ಕಣ,ಹೈ ವೋಲ್ಟೇಜ್ ಕಣ ಹೀಗೆಲ್ಲಾ ಕರೆಯಲ್ಪಟ್ಟ ಚುನಾವಣಾ ಕಣದಲ್ಲಿ ಈಗ ಸುಮಲತಾ ಅವರಿಗೆ ಮಂಡ್ಯ ಜನ ಭರ್ಜರಿ ಜಯ ಸಾಧಿಸೋದಕ್ಕೆ ಅವರ ಬೆನ್ನಿಗೆ ನಿಂತು, ಮತ ಚಲಾಯಿಸಿ ವಿಜಯದ ಸವಿಯನ್ನು ಅವರಿಗೆ ನೀಡಿದೆ.",ರಣರಂಗ,Battlefield,Yes,Darshan R K,2025-02-08 17:43:02
ಕಣ,ಬಳ್ಳಾರಿ : ರಾಜ್ಯದಲ್ಲಿ ಉಪ ಚುನಾವಣಾ ಕಣ ರಂಗೇರುತ್ತಿದೆ.,ರಣರಂಗ,Battlefield,Yes,Darshan R K,2025-02-08 17:43:02
ಕಣ,ಬೆಂಗಳೂರು(ವಿಶ್ವ ಕನ್ನಡಿಗ ನ್ಯೂಸ್):-ಲೋಕಸಭಾ ಉಪಚುನಾವಣೆ ಕಣ ದಿನದಿಂದ ದಿನಕ್ಕೆ ರಂಗೇರುತ್ತಿದೆ.,ರಣರಂಗ,Battlefield,Yes,Darshan R K,2025-02-08 17:43:02
ಕಣ,ಚುನಾವಣಾ ನೀತಿ ಸಂಹಿತೆ ಕಟ್ಟುನಿಟ್ಟಿನ ಜಾರಿಯಿಂದ ಚಿಕ್ಕೋಡಿ-ಸದಲಗಾ ಮತ ಕ್ಷೇತದ ಉಪ ಚುನಾವಣಾ ಕಣ ಭಣಗುಡುತ್ತಿದೆ.,ರಣರಂಗ,Battlefield,Yes,Darshan R K,2025-02-08 17:43:03
ಕಣ,ಹೀಗಾಗಿ ಕಣ ರಂಗೇರುವ ಸಾಧ್ಯತೆ ಇದೆ.,ರಣರಂಗ,Battlefield,Yes,Darshan R K,2025-02-08 17:43:03
ಕಣ,12): ಹಿಂದೆಂದೂ ಕಾಣದ ರೀತಿಯಲ್ಲಿ ಈ ಬಾರಿ ರಾಜ್ಯ ವಿಧಾನಸಭಾ ಚುನಾವಣಾ ಕಣ ರಂಗೇರಿದೆ.,ರಣರಂಗ,Battlefield,Yes,Darshan R K,2025-02-08 17:43:03
ಕಣ,"ಲೋಕಸಭಾ ಚುನಾವಣಾ ಕಣ ರಂಗಾಗುತ್ತಿದ್ದು, ಮೈಸೂರು – ಕೊಡಗು ಕ್ಷೇತ್ರದ ಮೈತ್ರಿ ಅಭ್ಯರ್ಥಿ ಯಾರು ಎಂಬುದು ಇನ್ನೂ ಗೊಂದಲಮಯವಾಗಿದೆ.",ರಣರಂಗ,Battlefield,Yes,Darshan R K,2025-02-08 17:43:03
ಕಣ,ಮಂಡ್ಯದ ಚುನಾವಣಾ ಕಣ ಮುಂದಿನ ದಿನಗಳಲ್ಲಿ ಮತ್ತಷ್ಟು ರಂಗೇರಲಿದೆ .,ರಣರಂಗ,Battlefield,Yes,Darshan R K,2025-02-08 17:43:03
ಕಣ,"ಮೈಸೂರು: ನಂಜನಗೂಡು ಬೈ ಎಲೆಕ್ಷನ್‌ ಕಣ ದಿನದಿಂದ ದಿನಕ್ಕೆ ಸಾರ್ವಜನಿಕರ ಗಮನಸೆಳೆಯುತ್ತಿದ್ದು, ಗುರುವಾರ ಬಿಜೆಪಿ ಮುಖಂಡ ದಿವಂಗತ ಬೆಂಕಿ ಮಹದೇವು ಅವರ ಬೆಂಬಲಿಗರು ಕಾಂಗ್ರೆಸ್‌ ಪಕ್ಷ ಸೇರಿದ್ದಾರೆ.",ರಣರಂಗ,Battlefield,Yes,Darshan R K,2025-02-08 17:43:03
ಕಣ,"ಬೆಳಗಾವಿ: ಗೋಕಾಕ್ ಕ್ಷೇತ್ರದಲ್ಲಿ ಉಪಚುನಾವಣಾ ಕಣ ರಂಗೇರಿದ್ದು, ಕಾಂಗ್ರೆಸ್ ಅಭ್ಯರ್ಥಿ ಲಖನ್ ಜಾರಕಿಹೊಳಿ ಪರ ಪ್ರಚಾರಕ್ಕೆ ತೆರೆಳಿದ್ದ ಸತೀಶ್ ಜಾರಕಿಹೊಳಿ ಅವರಿಗೆ ಅಂಕಲಗಿ ಗ್ರಾಮದಲ್ಲಿ ಅದ್ಧೂರಿ ಸ್ವಾಗತ ಕೋರಲಾಯ್ತು.",ರಣರಂಗ,Battlefield,Yes,Darshan R K,2025-02-08 17:43:03
ಕಣ,"ಬೆಂಗಳೂರು: ಚುನಾವಣಾ ಕಣ ರಂಗೇರಿರುವ ಬೆನ್ನಲ್ಲೇ, ನಾಯಕರ ಬೆಂಬಲ ಸಿಗದೆೇ ಶಿವಾಜಿನಗರ ಕ್ಷೇತ್ರದ ಕಾಂಗ್ರೆಸ್ ಅಭ್ಯರ್ಥಿ ರಿಜ್ವಾನ್ ಅರ್ಷದ್ ಕಂಗಾಲಾಗಿದ್ದಾರೆ.",ರಣರಂಗ,Battlefield,Yes,Darshan R K,2025-02-08 17:43:03
ಕಣ,"ನಾವು ಏನನ್ನು ಗ್ರಹಿಸುತ್ತೇವೆಯೋ ಅದು ಸಂಪೂರ್ಣ ಬ್ರಹ್ಮಾಂಡವಲ್ಲ (ವಿಶ್ವವಲ್ಲ), ಆದರೆ ಕೇವಲ ಅದರ ಒಂದು ಧೂಳಿನ ಕಣ ಮಾತ್ರ ಮತ್ತದು ಮಾಯೆಯಿಂದ ಆವೃತವಾಗಿದೆ.",ರಣರಂಗ,Battlefield,Yes,Darshan R K,2025-02-08 17:43:03
ಕಣ,"ಬೇರೆ-ಬೇರೆ ಪಕ್ಷದಿಂದ ಅವರು ಚುನಾವಣೆಗೆ ಸ್ಪರ್ಧಿಸಿದ್ದು, 2018ರ ಚುನಾವಣೆಯ ಕಣ ಕುತೂಹಲಕ್ಕೆ ಕಾರಣವಾಗಿದೆ.",ರಣರಂಗ,Battlefield,Yes,Darshan R K,2025-02-08 17:43:03
ಕಣ,"ಒಟ್ಟಾರೆ ಬಿಹಾರ ಚುನಾವಣಾ ಕಣ ದಿನಕಳೆದಂತೆ ರಂಗೇರುತ್ತಿದ್ದು, ರಾಜಕೀಯ ಪಕ್ಷಗಳ ನಾಯಕರ ನಡುವಿನ ವಾಗ್ದಾಳಿ ಕೂಡ ಮುಂದುವರೆದಿದೆ.",ರಣರಂಗ,Battlefield,Yes,Darshan R K,2025-02-08 17:43:03
ಕಣ,"ಮೈಸೂರು, ಜನವರಿ 31 : ಸಾಂಸ್ಕೃತಿಕ ನಗರಿ ಮೈಸೂರಿನಲ್ಲಿ ಚುನಾವಣಾ ಕಣ ರಂಗೇರುತ್ತಿದೆ.",ರಣರಂಗ,Battlefield,Yes,Darshan R K,2025-02-08 17:43:03
ಕಣ,"ದೇಶದೆಲ್ಲೆಡೆ ಲೋಕಸಭಾ ಚುನಾವಣಾ ಕಣ ರಂಗೇರಿದ್ದು, ಮೊದಲನೇ ಹಂತದ ಯಶಸ್ವಿ ಮತದಾನದ ಬಳಿಕ ಇಂದು ಎರಡನೇ ಹಂತದ ಮತದಾನ ಆರಂಭವಾಗಿದೆ.",ರಣರಂಗ,Battlefield,Yes,Darshan R K,2025-02-08 17:43:03
ಕಣ,ನಾಳೆಯಿಂದ ಬಿಬಿಎಂಪಿ ಚುನಾವಣಾ ಕಣ ರಂಗೇರಲಿದೆ.,ರಣರಂಗ,Battlefield,Yes,Darshan R K,2025-02-08 17:43:03
ಕಣ,"ಶಿಕಾರಿಪುರ: ಪುರಸಭೆ ಚುನಾವಣಾ ಕಣ ರಂಗೇರಿದ್ದು, ಬುಧವಾರ 30 ಅಭ್ಯರ್ಥಿಗಳು ನಾಮಪತ್ರಗಳನ್ನು ಸಲ್ಲಿಸಿದರು.",ರಣರಂಗ,Battlefield,Yes,Darshan R K,2025-02-08 17:43:03
ಕರ,"ಈ ಸೌಲಭ್ಯ ಮಂಡಳಿಯ ಕ್ಯಾಶ ಕೌಂಟರಗಳಲ್ಲಿ ಲಭ್ಯವಿದ್ದು ಸಾರ್ವಜನಿಕರು ತಮ್ಮ ಡೆಬಿಟ್ ಕಾರ್ಡ, ಎಟಿಎಮ್ ಕಾರ್ಡ ಮುಖಾಂತರ ನೀರಿನ ಕರ ತುಂಬ ಬಹುದು ಎಂದು ಜಲಮಂಡಳಿ ಪ್ರಕಟಣೆಯಲ್ಲಿ ತಿಳಿಸಿದೆ.",ತೆರಿಗೆ,tax,Yes,a,2025-02-07 11:11:02
ಕರ,ಆದರೆ ಕೆಲ ಜಾಣರು ಭಾರತದಿಂದ ಹೊರಕ್ಕೆ ಹೋಗಿ ವಿಶ್ವ ಪರ್ಯಟನೆ ಮಾಡುತ್ತಾ ಯಾವುದೇ ದೇಶದ ಕರ ನಿವಾಸಿಗಳಾಗಿರುವುದಿಲ್ಲ.,ತೆರಿಗೆ,tax,Yes,a,2025-02-07 11:11:02
ಕರ,ಹತ್ತು ವರ್ಷಗಳಲ್ಲಿ ಸರ್ಕಾರಿ ವಸತಿ ಗೃಹಗಳ ನೀರಿನ ಕರ ₹15 ಲಕ್ಷದಷ್ಟು ಬಾಕಿ ಇದೆ.,ತೆರಿಗೆ,tax,Yes,a,2025-02-07 11:11:02
ಕರ,ಅವ್ಯವಹಾರ ಆರೋಪದ ಮೇಲೆ ಕರ ಸಂಗ್ರಹಕಾರ ವಾಸುದೇವ ಜಾಧವ್ ಎಂಬಾತನನ್ನು ಗ್ರಾಪಂ ಆಡಳಿತವು ಅಮಾನತುಗೊಳಿಸಿತ್ತು.,ತೆರಿಗೆ,tax,Yes,a,2025-02-07 11:11:02
ಕರ,ಈ ಅವಧಿಯಲ್ಲಿ ಕೂಡಾ ಅವರು ನಿವಾಸಿಗಳಾದರೂ ಕೂಡಾ ಅನಿವಾಸಿಗಳಂತೆಯೇ ಕರ ಕಾನೂನು ಲಾಗೂ ಆಗುತ್ತದೆ.,ತೆರಿಗೆ,tax,Yes,a,2025-02-07 11:11:02
ಕರ,ಇದೇ ವೇಳೆ ನೌಕರ ವರ್ಗ ಆದಾಯ ಕರ ಮಿತಿ ಏರಿಕೆ ನಿರೀಕ್ಷೆಯಲ್ಲಿದೆ.,ತೆರಿಗೆ,tax,Yes,a,2025-02-07 11:11:02
ಕರ,ವಿದ್ಯುತ್‌ ವಾಹನ ಬಳಸಿ-ಪರಿಸರ ಉಳಿಸಿ ಕುರಿತ ಕರ ಪತ್ರವನ್ನು ಇದೇ ಸಂದರ್ಭದಲ್ಲಿ ಬಿಡುಗಡೆ ಮಾಡಿದರು.,ತೆರಿಗೆ,tax,Yes,a,2025-02-07 11:11:02
ಕರ,"ಇದು ನೀವು ಕಟ್ಟಿದ ಕರ ಸರಿಯಾಗಿದೆಯೇ, ಕಡಿಮೆಯಾಗಿದೆಯೇ ಅಥವಾ ಹೆಚ್ಚಾಗಿದೆಯೇ ಎನ್ನುವ ಮಾಹಿತಿಯನ್ನು ನೀಡುತ್ತದೆ.",ತೆರಿಗೆ,tax,Yes,a,2025-02-07 11:11:02
ಕರ,"ಇಂತಿಪ್ಪ ಸಂದರ್ಭದಲ್ಲಿ, ಕೇವಲ ವಿಮೆಯನ್ನು ಪೋಷಿಸುವ ಉದ್ದೇಶದಿಂದ ನೀಡಲ್ಪಟ್ಟ ಕರ ವಿನಾಯಿತಿಗಳು ಇಂತಹ ಕುಡಿಕೆ ತುಂಬಿಸುವ ಯೋಜನೆಗಳಿಗೆ ದಯಮಾಡಿಸಬೇಕೇ ಎಂಬ ಮೂಲಭೂತ ಚಿಂತನೆ ನಮ್ಮ ಘನ ಸರಕಾರದ ಮಂಡೆಯೊಳಗೆ ನಿಧಾನವಾಗಿ ಹೊಳೆಯಲಾರಂಭಿಸಿತು.",ತೆರಿಗೆ,tax,Yes,a,2025-02-07 11:11:02
ಕರ,"ಕಲಬುರಗಿ: ಕಲಬುರಗಿ ಮಹಾನಗರ ಪಾಲಿಕೆ ವ್ಯಾಪ್ತಿಯಲ್ಲಿ ಪಾಲಿಕೆಯ ಕರ ವಸೂಲಾತಿಯನ್ನು ಮತ್ತಷ್ಟು ಸರಳೀಕರಣ ಮಾಡಲು ಎಲೆಕ್ಟ್ರಾನಿಕ್ ಡೇಟಾ ಮಷಿನ್ ಸಾಫ್ಟವೇರ್ ಪರಿಚಯಿಸಲಾಗಿದ್ದು, ಮನೆ ಮನೆಗೆ ತೆರಳಿ ಸ್ಥಳದಲ್ಲಿಯೆ ಕಂದಾಯ ಹಣ ಪಾವತಿಸುವ ವ್ಯವಸ್ಥೆ ಜಾರಿಗೆ ತರಲಾಗುತ್ತಿದೆ ಎಂದು ಕಲಬುರಗಿ ಮಹಾನಗರ ಪಾಲಿಕೆಯ ಆಯುಕ್ತೆ ಬಿ.",ತೆರಿಗೆ,tax,Yes,a,2025-02-07 11:11:02
ಕರ,"ನಿಗಮವು ಕಾಲುವೆ ನಿರ್ವಹಣೆಗಾಗಿ ಕೋಟ್ಯಂತರ ಹಣ ವ್ಯಯ ಮಾಡುತ್ತಿದ್ದು, ನೀರಾವರಿ ಕರ ಹೆಚ್ಚುತ್ತಾ ಹೋದರೆ ನಿಗಮಕ್ಕೆ ಮರು ಆದಾಯ ಇಲ್ಲದಂತೆ ಆಗಿದೆ ಎಂದು ನಿಗಮದ ಎಂಜಿನಿಯರ್ ಒಬ್ಬರು ತಿಳಿಸಿದರು.",ತೆರಿಗೆ,tax,Yes,a,2025-02-07 11:11:02
ಕರ,"ಕನರ್ಾಟಕ ರಾಜ್ಯದಲ್ಲಿ 5,627 ಗ್ರಾಮ ಪಂಚಾಯತ್ಗಳಲ್ಲಿ ಗುಮಾಸ್ತ, ಕರ ವಸೂಲಿಗಾರ, ಗಣಕಯಂತ್ರ, ಸಹಾಯಕ, ನೀರಗಂಟಿ, ಸಿಪಾಯಿ, ಕಸಗುಡಿಸುವವರು, ಚರಂಡಿ ಸ್ವಚ್ಛಗೊಳಿಸುವವರು ಎಂಬ ಹುದ್ದೆಗಳಲ್ಲಿ 50 ಸಾವಿರಕ್ಕಿಂತ ಹೆಚ್ಚಿನ ಜನ ಕೆಲಸ ನಿರ್ವಹಿಸುತ್ತಿದ್ದಾರೆ.",ತೆರಿಗೆ,tax,Yes,a,2025-02-07 11:11:02
ಕರ,"ಕೆಲವು ಮನೆಗಳಿಗೆ ನೀರಿನ ಕರ ವಸೂಲಿಗೆ ನಲ್ಲಿಗಳಿಗೆ ಮೀಟರ್‌ ಅಳವಡಿಸಿದರೆ, ಇನ್ನೂ ಸಾಕಷ್ಟು ಮನೆಗಳಿಗೆ ನಲ್ಲಿಗೆ ಮೀಟರ್‌ ಅಳವಡಿಸಿಲ್ಲ, ಪಟ್ಟಣದಲ್ಲಿ ಕಳೆದ 20 ವರ್ಷಗಳ ಹಿಂದೆ ಪುರಸಭೆ ಮಳಿಗೆಗಳಿಗೆ ಲೀಜ್‌ ನೀಡಿದ್ದು, ಅವುಗಳ ದರ ಹೆಚ್ಚಿಸಿಲ್ಲ ಎಂದು ಪ್ರಶ್ನಿಸಿದರು.",ತೆರಿಗೆ,tax,Yes,a,2025-02-07 11:11:02
ಕರ,"ಬಲವರ್ಧನೆಗೆ ಕರ ವಸೂಲಿ ಅಗತ್ಯವಾಗಿದ್ದು, ಈ ಬಗ್ಗೆ ಗಮನಹರಿಸಬೇಕು.",ತೆರಿಗೆ,tax,Yes,a,2025-02-07 11:11:02
ಕರ,"ಕರ ಬಾಕಿ ಇರಲಿ, ಇಲ್ಲದೆ ಇರಲಿ, ಹೊಸ ಕಾನೂನು ಪ್ರಕಾರ ತಡ ವಾಗಿ ರಿಟರ್ನ್ಸ್ ಫೈಲಿಂಗ್‌ ಮಾಡಲು ಆಯಾ ಅಸೆಸೆ¾ಂಟ್‌ ವರ್ಷದ ಮಾ.",ತೆರಿಗೆ,tax,Yes,a,2025-02-07 11:11:02
ಕರ,ಪ್ರಿಸಂಪ್ಟಿವ್‌ ಟ್ಯಾಕ್ಸೇಶನ್‌ ಅಡಿಯಲ್ಲಿ ಬರಲು ಇಚ್ಚಿಸುವವರು ಆದಾಯ ಕರ ಇಲಾಖೆಯ ಫಾರ್ಮ್ 4 ಅಥವಾ ಸುಗಮ್‌ ಫಾರ್ಮ್ ಅನ್ನು ಬಳಸಬೇಕು.,ತೆರಿಗೆ,tax,Yes,a,2025-02-07 11:11:02
ಕರ,ರೈತರ ಮೇಲೆ ಕರ ಹೆಚ್ಚಿಸಿದನ್ನು ವಿರೋಧಿಸಿದ 300 ಮಂದಿ ಲಿಂಗಾಯಿತ ಸ್ವಾಮೀಜಿಗಳನ್ನು ಇಮ್ಮಡಿ ರಾಜ ಒಡೆಯರು ಕೊಲ್ಲಿಸಿದ್ದರು.,ತೆರಿಗೆ,tax,Yes,a,2025-02-07 11:11:02
ಕರ,ತುಂಗಾಭದ್ರ ಜಲಾಶಯದ ವ್ಯಾಪ್ತಿಯಲ್ಲಿ ಬ್ಯಾಂಕ್ ಸಾಲ ಹಾಗೂ ಇನ್ನಿತರ ಸೌಲಭ್ಯವನ್ನು ಪಡೆಯುವಾಗ ಆಯಾ ಬ್ಯಾಂಕಿನ ಸಿಬ್ಬಂದಿ ಕಡ್ಡಾಯವಾಗಿ ನೀರಾವರಿ ಕರ ಪಾವತಿಸಿದ ರಸೀದಿಯನ್ನು ಪಡೆಯುತ್ತಾರೆ.,ತೆರಿಗೆ,tax,Yes,a,2025-02-07 11:11:02
ಕರ,ಇದರ ನಿರ್ವಹಣೆಗಾಗಿ ನಾಗರಿಕರ ಮನೆ ಕರ ವಸೂಲಿ ಜೊತೆಗೆ ಕಸ ವಿಲೆವಾರಿ ಶುಲ್ಕವಾಗಿ ಪ್ರತಿ ಮನೆಗೆ ವಾರ್ಷಿಕ,ತೆರಿಗೆ,tax,Yes,a,2025-02-07 11:11:02
ಕರ,ಇವರು ಅಧಿಕಾರ ಸ್ವೀಕರಿಸಿದಾಗ ಪಂಚಾಯತಿಗೆ ಬರಬೇಕಾದ ಕರ ಬಾಕಿ ಲಕ್ಷ ಲಕ್ಷ ರೂಪಾಯಿ ಆಗಿತ್ತು.,ತೆರಿಗೆ,tax,Yes,a,2025-02-07 11:11:02
ಕರ,"ಡಿ: ಇಲ್ಲೂ 80ಸಿ ಸೆಕ್ಷನ್‌ ಅನ್ವಯ, ಕರ ಉಳಿತಾಯಕ್ಕೆ ಎನ್ನುವ ಲೇಬಲ್‌ ಅಗತ್ಯ.",ತೆರಿಗೆ,tax,Yes,a,2025-02-07 11:11:02
ಕರ,"ಮನೆ, ಮನೆಗೆ ಕರ ಪತ್ರಗಳನ್ನು ಹಂಚಿ ಮಕ್ಕಳನ್ನು ಸರ್ಕಾರಿ ಶಾಲೆಗೆ ಸೇರಿಸಿ ಎಂದು ಮನವಿ ಮಾಡಿಕೊಂಡರು.",ತೆರಿಗೆ,tax,Yes,a,2025-02-07 11:11:02
ಕರ,ಸದಸ್ಯರು ಮತ್ತು ಸಿಬ್ಬಂದಿಯವರ ಸಹಕಾರದಲ್ಲಿ ಸ್ವತ್ಛತೆ ನೈರ್ಮಲೀಕರಣ ಜೊತೆಗೆ ಕರ ವಸೂಲಿಯಲ್ಲಿ ಉತ್ತಮ ಪ್ರಗತಿಸಾಧಿಸಲು ಸಾಧ್ಯವಾಗಿದೆ.,ತೆರಿಗೆ,tax,Yes,a,2025-02-07 11:11:02
ಕರ,"ಇದಲ್ಲದೆ, ಶಾಲಾ-ಕಾಲೇಜು ವಿದ್ಯಾರ್ಥಿಗಳಿಂದ ಮತದಾನದ ಬಗ್ಗೆ ಜಾಥಾ, ಕರ ಪತ್ರ ವಿತರಣೆ ಸೇರಿದಂತೆ ಸಾಮಾಜಿಕ ಜಾಲತಾಣಗಳಲ್ಲೂ ಮತದಾನದ ಬಗ್ಗೆ ಜಾಗೃತಿ ಮೂಡಿಸಲಾಗುತ್ತಿದೆ ಎಂದರು.",ತೆರಿಗೆ,tax,Yes,a,2025-02-07 11:11:03
ಕರ,"ಮೊತ್ತ ಮೊದಲನೆಯದಾಗಿ, ಕರ ಹೇಳಿಕೆಯಲ್ಲಿ ರಿಫ‌ಂಡ್‌ ಕೇಳಿದವರಿಗೆ ರಿಫ‌ಂಡ್‌ ಬರುವುದು ತಡವಾಗುತ್ತದೆ.",ತೆರಿಗೆ,tax,Yes,a,2025-02-07 11:11:03
ಕರ,ಗ್ರಂಥಾಲಯ ಕರ ಸಂಗ್ರಹ : ಸಚಿವ ತನ್ವೀರ್ ಸೇಠ್,ತೆರಿಗೆ,tax,Yes,a,2025-02-07 11:11:03
ಕರ,ಭಿಕ್ಷುಕರ ಕರ ಸಂಗ್ರಹಿಸುತ್ತಿದೆ.,ತೆರಿಗೆ,tax,Yes,a,2025-02-07 11:11:03
ಕರ,ಮರುದಿನ ಬೆಳಿಗ್ಗೆ ಗ್ರಾಮದಲ್ಲಿ ಪ್ರಚಾರ ಮಾಡಿ ಕರ ಪತ್ರಗಳನ್ನು ವಿತರಿಸಲಾಯಿತು.,ತೆರಿಗೆ,tax,Yes,a,2025-02-07 11:11:03
ಕರ,ಎಸ್ ನಂಜೇಶ್ ಹಾಗೂ ಸಹಾಯಕ ನಿರ್ದೇಶಕ ನಿಂಗಯ್ಯ ಪಂಚಾಯ್ತಿ ಅಭಿವೃದ್ಧಿ ಅಧಿಕಾರಿಗಳಾದ ಸಂತೋಷ್ ಮತ್ತು ಸ್ವಾಮಿರಾವ್ ಹಾಗೂ ಸ್ವೀಪ್ ಅಧಿಕಾರಿಗಳು ಕುಂಭಮೇಳ ಆವರಣದಲ್ಲಿ ಜನರಿಗೆ ಕರ ಪತ್ರ ನೀಡಿ ಮತದಾನದ ಬಗ್ಗೆ ಜಾಗೃತಿ ಮೂಡಿಸಿದರು.,ತೆರಿಗೆ,tax,Yes,a,2025-02-07 11:11:03
ಕರ,"ರಾಜಶೇಖರ್‌, ಸರ್ಕಾರ ಆದೇಶ ಮಾಡಿದ ತಕ್ಷಣ ನೀರಿನ ಕರ ಏರಿಕೆ ಮಾಡಬೇಕಿಲ್ಲ.",ತೆರಿಗೆ,tax,Yes,a,2025-02-07 11:11:03
ಕರ,"ಪಾಲಿಕೆ ಆವರಣದಲ್ಲಿರುವ ಕೌಂಟರ್‌ನಲ್ಲಿ ಆಸ್ತಿ ಕರ ಮತ್ತು ರಿಯಾಯಿತಿ, ಬಾಕಿಯ ಬಗ್ಗೆ ಮಾಹಿತಿ ಇರುವ ಮುದ್ರಿತ ಪ್ರತಿ ಕೊಡಲಾಗುತ್ತದೆ.",ತೆರಿಗೆ,tax,Yes,a,2025-02-07 11:11:03
ಕರ,ಗ್ರಂಥಾಲಯ ಕರ ಸಂಗ್ರಹವನ್ನು ರಾಜ್ಯದ ಯಾವ ಸ್ಥಳೀಯ ಸಂಸ್ಥೆಗಳ ಮೂಲಕ ಸಂಗ್ರಹಿಸಲಾಗುತ್ತದೆ.,ತೆರಿಗೆ,tax,Yes,a,2025-02-07 11:11:03
ಕರ,"ರಂಗಾರಾಂ ಮಾತನಾಡಿ, ಕರ ವಸೂಲಿಗೆ ಕಟ್ಟು ನಿಟ್ಟಿನ ಆದೇಶ ನೀಡಲಾಗಿದೆ.",ತೆರಿಗೆ,tax,Yes,a,2025-02-07 11:11:03
ಕರ,"ರೈತರು ಮನಃಪೂರ್ವಕವಾಗಿ ಒಪ್ಪದೇ ಇದ್ದರೆ ನೀರಿನ ಬಳಕೆ ಕಡಿಮೆ ಮಾಡಲು ನೀರಿನ ಕರ ಪರಿಷ್ಕರಣೆ, ಫಲಾನುಭವಿ ರೈತರಿಂದ ನೀರಿನ ಅಭಿವೃದ್ಧಿಗೆ ಲೆವಿ ವಿಧಿಸುವ ಮೂಲಕ ಬಳಕೆಗೆ ಕಡಿವಾಣ ಹಾಕುವ ಅವಕಾಶವೂ ಇದೆ.",ತೆರಿಗೆ,tax,Yes,a,2025-02-07 11:11:03
ಕರ,ಮೈಸೂರು: ಬಿಸಿಯೂಟ ಕಾರ್ಮಿಕರಿಗೆ ಕನಿಷ್ಠ ವೇತನ ಜಾರಿಗೆ ಒತ್ತಾಯಿಸಿ ಕರ್ನಾಟಕ ರಾಜ್ಯ ಸಂಯುಕ್ತ ಅಕ್ಷರ ದಾಸೋಹ ಕಾರ್ಮಿ ಕರ ಸಂಘದ ಜಿಲ್ಲಾ ಸಮಿತಿವತಿಯಿಂದ ಜಿಲ್ಲಾಧಿಕಾರಿ ಕಚೇರಿ ಬಳಿ ಪ್ರತಿಭಟನೆ ನಡೆಸಲಾಯಿತು.,ತೆರಿಗೆ,tax,Yes,a,2025-02-07 11:11:03
ಕರ,ವಾರ್ಷಿಕ 10 ಸಾವಿರ ರೂಪಾಯಿಗಳವರೆಗಿನ ಬಡ್ಡಿಯ ಕರ ಮುಕ್ತ ಆದಾಯ ಕೇವಲ ಎಸಿº ಖಾತೆಯ ಬಡ್ಡಿಗೆ ಮಾತ್ರವೇ ಅನ್ವಯಿಸುತ್ತದೆ.,ತೆರಿಗೆ,tax,Yes,a,2025-02-07 11:11:03
ಕರ,"ಅಲ್ಲದೆ ಬೆಳೆ ಪದ್ಧತಿ ಉಲ್ಲಂಘಿಸಿ ಅಧಿಕ ನೀರು ಬೇಕಾಗುವ ಭತ್ತ, ವಿಳ್ಯದೆಲೆ, ಕಬ್ಬು ಬೆಳೆದರೆ ನೀರಾವರಿ ಕಾಯ್ದೆಯಂತೆ ದುಪ್ಪಟ್ಟು ದಂಡ ಹಾಕಿ ಕರ ವಸೂಲಿ ಮಾಡಬೇಕು ಎಂಬ ನಿಯಮವಿದೆ.",ತೆರಿಗೆ,tax,Yes,a,2025-02-07 11:11:03
ಕರ,"ಬೆಳಗಾವಿಯಲ್ಲಿ ಮಾತನಾಡಿದ ಅವರು, ಕರ ಸೇವಕರು ಅಪರಾಧಿಗಳಲ್ಲ.",ತೆರಿಗೆ,tax,Yes,a,2025-02-07 11:11:03
ಕರ,ಅದಕ್ಕಾಗಿ ಮಂಗಳವಾರದಿಂದ ನಿರಂತರ ನೀರು ಪೂರೈಕೆ ಸಹಾಯವಾಣಿ ಕೇಂದ್ರದಲ್ಲಿಯೇ ಕರ ಸ್ವೀಕರಿಸಲು ಆರಂಭಿಸಬೇಕು.,ತೆರಿಗೆ,tax,Yes,a,2025-02-07 11:11:03
ಕರ,"ಅಲ್ಲದೆ ಕರ ಪತ್ರಗಳ ಹಂಚಿಕೆ, ಪ್ರದರ್ಶನ ಅಳವಡಿಕೆ ಸೇರಿದಂತೆ ಎಲ್ಲಾ ರೀತಿಯ ಪ್ರಚಾರವನ್ನು ನಡೆಸಲಾಗಿದ್ದು, ಜ.",ತೆರಿಗೆ,tax,Yes,a,2025-02-07 11:11:04
ಕರ,ಬೆಳಿಗ್ಗೆ ಎದ್ದ ತಕ್ಷಣ ನಮ್ಮ ಹಸ್ತವನ್ನು ನೋಡ್ತಾ ಕರಾಗ್ರೆ ವಸತೇ ಲಕ್ಷ್ಮಿ: ಕರ ಮಧ್ಯೆ ಸರಸ್ವತಿ ಕರ ಮೂಲೆ ಸ್ಥಿತೆ ಗೌರಿ: ಪ್ರಭಾತೆ ಕರ ದರ್ಶನಂ ಎಂಬ ಮಂತ್ರವನ್ನು ಪಠಿಸಬೇಕು.,ಹಸ್ತ,palm,Yes,a,2025-02-07 14:07:36
ಕರ,ಕಾಸ್ನ ಧೂಪ ಹಾಕಿ ಕರ ಎತ್ತಿ ಕೈ ಮುಗಿದು,ಹಸ್ತ,palm,Yes,a,2025-02-07 14:07:36
ಕರ,|| ಕ || ಕರಿಪತಿ ಕರ ಪುಷ್ಕರದಿಂ,ಹಸ್ತ,palm,Yes,a,2025-02-07 14:07:36
ಕರ,"ಪ್ರಜೆಗಳು, ಪ್ರಜಾಪ್ರತಿನಿಧಿಗಳು, ಸರಕಾರ, ಕೃಷಿ, ಮುಜರಾಯಿ ಇಲಾಖೆಗಳು ಕಲೆತು ವರುಣನ ಕೃಪೆ ಬೇಡಿ ಕರ ಜೋಡಿಸಿ ಮುಗಿಲತ್ತ ಕಣ್ಣುನೆಟ್ಟವು.",ಹಸ್ತ,palm,Yes,a,2025-02-07 14:07:36
ಕರ,ಬೋಲಾ ಬಚನ ಜೋರಿ ಕರ ಕೀಸಾ।।,ಹಸ್ತ,palm,Yes,a,2025-02-07 14:07:36
ಕರ,ಮಾರವೈರಿಯ ಕರ ಭಿಕ್ಷವ ಗೈದುದು | ಬೇರಾರನುಳಿಸುವುದು ||35||,ಹಸ್ತ,palm,Yes,a,2025-02-07 14:07:36
ಕರ,ಕರ ಮಿರುಗುವೈವಾಯ ಶಂಖವ ಬಲದಕೈಯಿಂದ ||,ಹಸ್ತ,palm,Yes,a,2025-02-07 14:07:36
ಕರ,ಜನು ಅಸೋಕ ಅಂಗಾರ ದೀನ್ಹಿ ಹರಷಿ ಉಠಿ ಕರ ಗಹೇಉ।।12।।,ಹಸ್ತ,palm,Yes,a,2025-02-07 14:07:36
ಕರ,ದೋ0- ಹನೂಮಾನ ತೇಹಿ ಪರಸಾ ಕರ ಪುನಿ ಕೀನ್ಹ ಪ್ರನಾಮ।,ಹಸ್ತ,palm,Yes,a,2025-02-07 14:07:36
ಕರ,ತರುಣಿಯನು ಪಣದಂತೆ ವರಿಸುವೆನೆನುತ ಕರ ಜಡಿದಾ ||೧೩೪||,ಹಸ್ತ,palm,Yes,a,2025-02-07 14:07:36
ಕರ,ಭೀಷಣನ ಕರ ಕೊಂಡು ಬಂದು ವಿ | ಲಾಸದಿಂದ ||4||,ಹಸ್ತ,palm,Yes,a,2025-02-07 14:07:36
ಕರ,"ರಾಷ್ಟ್ರೀಯ ಮತ್ತು ರಾಜ್ಯ ಪ್ರಶಸ್ತಿಗಳನ್ನು ಪಡೆದಿರುವ ದೇಶದ ವಿವಿಧ ರಾಜ್ಯಗಳ 60 ಕರ ಕುಶಲ ಕರ್ಮಿಗಳು ಕರಕುಶಲ ವಸ್ತುಪ್ರದರ್ಶನದಲ್ಲಿ ಭಾಗಿಯಾಗಿದ್ದು, ಪರಿಶಿಷ್ಟ ಜಾತಿ ಮತ್ತು ಪಂಗಡದವರು ಉದ್ಯೋಗಿಗಳಿಗೆ ಹೆಚ್ಚಿನ ಅವಕಾಶ ನೀಡಲಾಗಿದೆ.",ಹಸ್ತ,palm,Yes,a,2025-02-07 14:07:36
ಕರ,ಕ್ರಾಂತಿನಾಗಲು ಮುನಿ ನೋಡುತಲಿ | ಕರ,ಹಸ್ತ,palm,Yes,a,2025-02-07 14:07:36
ಕರ,ಜೋಡಿಸಿ ಕರ ಮುಗಿದು ಶೃಂಗಾರವಾಗಿ ನಡೆಯಲು | ಮೂರಾರು ಸಾವಿರ ಬಲದಿ || ೨೪ ||,ಹಸ್ತ,palm,Yes,a,2025-02-07 14:07:36
ಕರ,ನಿನ್ನ ಕರದಿ ದೇವನ ಕರ ಹಿಡಿದಿರಲು ಇಹುದು ಭಯವು,ಹಸ್ತ,palm,Yes,a,2025-02-07 14:07:36
ಕರ,ಹೊಡೆದರು ತಮ್ಮೆರಡು ಕರ ಮನಸು ದಣಿವಂತೆ | ಹರದಾರಿ ಅಡ್ಡಗಲ ಭೂಮಿ |,ಹಸ್ತ,palm,Yes,a,2025-02-07 14:07:36
ಕರ,ನಿಂದಿದಿರ್ಗೊಂಡು ಮಣಿದು | ಹರಿಯ ಕರ | ತಂದು ಸಂತಸದಿ ಕುಣಿದು ||೫೮||,ಹಸ್ತ,palm,Yes,a,2025-02-07 14:07:36
ಕರ,ನೋಡಿ ಪಾಡಿ ಕರ ಜೋಡಿಸಿ ದೈನ್ಯದಿ ಬೇಡಿ ಗೃಹಗೆ ತಂದಾಡುತರ್ಚಿಸುತಲಿ || ಪ ||,ಹಸ್ತ,palm,Yes,a,2025-02-07 14:07:36
ಕರ,ಕರ ಕಮಲಂಗಳ ಮುಗಿದು ಬಿನ್ನೆಯಿಸಲು,ಹಸ್ತ,palm,Yes,a,2025-02-07 14:07:36
ಕರ,ಕಡಿದು ಹಸ್ತಿಯ ನೂಂಕಲು | ಆನೆಯ ಕರ,ಹಸ್ತ,palm,Yes,a,2025-02-07 14:07:36
ಕರ,ಭುವನೇಸ್ವರ ಕಾಲಹು ಕರ ಕಾಲಾ।।,ಹಸ್ತ,palm,Yes,a,2025-02-07 14:07:36
ಕರ,"ಕೈ ಕನ್ನಡ, ಕರ ಸಂಸ್ಕೃತ ಆಗಿರುವುದೇ ಕಾರಣವೇ?",ಹಸ್ತ,palm,Yes,a,2025-02-07 14:07:36
ಕರ,"ಪೊರೆಗಳಚಿ ಹೊರಬರುವ ಕಾಳೋರಗನ ನೆ‌ನಪಿಸುವ, ಶಿಶುಶಿವನ ವರಖಡ್ಗವು ಒರೆಗಳಚಿ ಹೊರಬಂದು, ಕರ ಸೇರಿ, ಮುಗಿಲಮುಖಿಯಾಗಿ ಮೇಲೆದ್ದಿತು.",ಹಸ್ತ,palm,Yes,a,2025-02-07 14:07:36
ಕರ,ಗಿರಿಧರನ ಹಲಧರನನಾ ಭೀ | ಕರ ಖಗೇಂದ್ರನ ಪಕ್ಷ ಮೂಲದ |,ಹಸ್ತ,palm,Yes,a,2025-02-07 14:07:36
ಕರ,ಜಿಮಿ ಅಮೋಘ ರಘುಪತಿ ಕರ ಬಾನಾ।,ಹಸ್ತ,palm,Yes,a,2025-02-07 14:07:36
ಕರ,ಪೂತುರೆನುತ ಕರ | ಘಾತಿಯ ತಾಳದಿ |,ಹಸ್ತ,palm,Yes,a,2025-02-07 14:07:36
ಕರ,"ಇನ್ನು ಕೆಲವರು ಟೈಲರಿಂಗ್‌, ಕರ ಕುಶಲ ತರಬೇತಿ ಪಡೆದು ಸ್ವಂತ ಉದ್ಯೋಗ ನಿರ್ವಹಿಸುತ್ತಿದ್ದಾರೆ ಎನ್ನುತ್ತಾರೆ ಅವರು.",ಹಸ್ತ,palm,Yes,a,2025-02-07 14:07:36
ಕರ,ಕಟ್ಟಿಹ ಕೋಟೆಯ ನೋಡಿ | ಕರ | ತಟ್ಟುತ ಶಿರವೊಲೆದಾಡಿ ||,ಹಸ್ತ,palm,Yes,a,2025-02-07 14:07:36
ಕರ,"ವಿಕ್ರಮ: ಅಯ್ಯ ಮಂತ್ರಿ ಇಂದ್ರ ಭವನದಂತೆ ಸೌಂದರ‌್ಯಮಾಗಿ ಅಂದ ಚಂದಗಳಿಂದ ಹೊಂದಿ ಇರುವ ಕುಂದಣದ ಮಣಿಮಂಚದ ಮೇಲೆ ಸುಂದರ ಚಂದ್ರಕಾಂತೆ ಸಮೇತನಾಗಿ ಹೊಂದಿ ನಿದ್ರೆಯನ್ನು ಪೋಗುತ್ತಿರುವಲ್ಲಿ ಬಂದಿದ್ದ ಚೋರರು ಬೇಳ್ವೆ ಚೆಲ್ಲಿದರಾದ ಕಾರಣ, ಮಂದಮತಿ ಕವಿದಿರುವ ಸಮಯದಲ್ಲಿ ಯನ್ನ ಕರ ಕಂಕಣಕ್ಕೆ ಓಲೆಯನ್ನು ಬಂಧಿಸಿ ಧನಕನಕ ವಜ್ರ ವೈಢೂರ‌್ಯ ಮುಂತಾದ ಚಂದ್ರಾಯುಧಗಳನ್ನು ಸಹ ಕದ್ದುಕೊಂಡು ಪೋದರಾದ ಕಾರಣ ಮುಂದಿನ ಯೋಚನೆಯನ್ನು ತಿಳಿಸೋ ಪ್ರಧಾನಿ – ವಾರುಧಿ ಸಮಾನಿ ॥",ಹಸ್ತ,palm,Yes,a,2025-02-07 14:07:36
ಕರ,ಕಳುಹೆಂದೆನುತ ಕರ ಮುಗಿದು ಧರ್ಮಜಗೆರಗಿ ಭಕ್ತಿಯಲಿ॥,ಹಸ್ತ,palm,Yes,a,2025-02-07 14:07:36
ಕರ,"ವಿಜಯ ಕರ್ನಾಟಕ ಪತ್ರಿಕೆಯನ್ನು ಕೈಯಲ್ಲಿ ಹಿಡಿದು, ಓಡಾಡಿ ನನ್ನ ಕರ ಪತ್ರಗಳನ್ನು ಹಂಚಿದೆ.",ಹಸ್ತ,palm,Yes,a,2025-02-07 14:07:36
ಕರ,ಕೊಡುವೆನು ಕಪ್ಪವನೆನುತಲಿ | ತಡಗೈಯದೆ ವಾಜಿಯ ಕರ ||,ಹಸ್ತ,palm,Yes,a,2025-02-07 14:07:37
ಕರ,"ಚಿತ್ರಕಲೆ, ಕರ ಕುಶಲ ಕಲೆ ( ಕ್ರಾಫ್ಟ್), ಮುಖವಾಡ ತಯಾರಿ, ಆವೆ ಮಣ್ಣಿನ ಕಲೆ, ಸಂಗೀತ, ನೃತ್ಯ, ನಾಟಕ, ಯಕ್ಷಗಾನ, ಮುಖವರ್ಣಿಕೆ ಮತ್ತು ಆಟಗಳನ್ನು ಕಲಿಸುವ ಶಿಬಿರಗಳು ಮಕ್ಕಳಿಗೆ ಬಲು ಇಷ್ಟ.",ಹಸ್ತ,palm,Yes,a,2025-02-07 14:07:37
ಕರ,ಕರ ಕರ್ಮಾರಿಯನಿಕ್ಕಿ ಮಿಕ್ಕಜಯಮಂ ಕೆಯ್ಕೊಳ್ವೆನಾನಂತಱಿಂ || ೬೧,ಹಸ್ತ,palm,Yes,a,2025-02-07 14:07:37
ಕರ,"ನಂಗೇಲಿ ಯಾಚನೆಯ ದನಿಯಲ್ಲಿ ಅಮ್ಮನನ್ನು ಕೇಳಿದಳು, ಅಮ್ಮಾ, ನೀನು ಎಂದಾದರೊಂದು ದಿನ ಹಾಗೆಯೇ ಕರ ಕಟ್ಟಿ, ನನಗೂ ಬಟ್ಟೆ ತೊಡುವಂತೆ ಮಾಡುತ್ತೀಯಾ?",ಹಸ್ತ,palm,Yes,a,2025-02-07 14:07:37
ಕರ,ಅಷ್ಟೆ ಅಲ್ಲ ಸ್ಥಳೀಯ ಕರ ಕುಶಲ ವಸ್ತುಗಳನ್ನು ಸಹ ನಗರ ಮಾರುಕಟ್ಟೆ ಪ್ರದೇಶಗಳಲ್ಲಿ ಕೊಂಡುಕೊಳ್ಳಬಹುದು.,ಹಸ್ತ,palm,Yes,a,2025-02-07 14:07:37
ಕರ,"ಸಣ್ಣ ಸ್ಪರ್ಷವೊಂದರಿಂದಲೆ ಇಡೀ ಮೈಯಲ್ಲಿ ಬೆಂಕಿಯ ಕಿಡಿಯೆಬ್ಬಿಸಿದ ಸುಂದರಿ ಹೆಣ್ಣು ಉದ್ವೇಗ, ಉದ್ದೀಪನದ ಕುದುರೆಯೇರುವ ಮೊದಲೆ ಲಗಾಮು ಎಳೆದು ಮೊದಲು ಕರ ತೆತ್ತು ನಂತರ ಮುಂದೆ ಹೋಗೆನ್ನುವ ಸುಂಕದವಳಂತೆ ಹಣದ ಮಾತೆತ್ತಿದಾಗ, ಆ ವ್ಯವಹಾರದ ಕೌಶಲ್ಯತೆಯ ಹಿಂದಿನ ಚಾಣಾಕ್ಷತೆ ಕಂಡು ಸೋಜಿಗವೂ ಆಯ್ತು.",ಹಸ್ತ,palm,Yes,a,2025-02-07 14:07:37
ಕರ,ತಳಿರಂದದಿ ಪೊಳೆವ ಕರ ಪಿಡಿದು,ಹಸ್ತ,palm,Yes,a,2025-02-07 14:07:37
ಕರ,"ಹಿಂದಿನ ಕಾಲದಲ್ಲಿ ಬೆಳಿಗ್ಗೆ ಎದ್ದ ತಕ್ಷಣ ಜನರು ತಮ್ಮ ಎರಡು ಕೈಗಳನ್ನು ಉಜ್ಜಿ ಮುಖಕ್ಕೆ ಸ್ಪರ್ಶಿಸಿ, ಒಂದು ಕ್ಷಣ ಕರಾಗ್ರೇ ವಸತೇ ಲಕ್ಷ್ಮೀ, ಕರ ಮಧ್ಯೆ ಸರಸ್ವತಿ, ಕರ ಮೂಲೆ ತು ಗೋವಿಂದಃ, ಪ್ರಭಾತೇ ಕರದರ್ಶನಂ ಮಂತ್ರವನ್ನು ನೆನೆದು ಕೈ ನೋಡಿಕೊಳ್ಳುತ್ತಿದ್ದರು.",ಹಸ್ತ,palm,Yes,a,2025-02-07 14:07:37
ಕರ,"ತೂರ ಎಮ್ಮೆಗೆ ಕೇಳಿಸುವಂತೆ ಇರಲಿ, ನಿನಗೆ ಮಾಡುತ್ತೇವೆ, ಕರ ಎಸೀತೀಯ ಎಂದ.",ಹಸ್ತ,palm,Yes,a,2025-02-07 14:07:37
ಕರ್ಮ,ಹೀಗಾಗಿ ತಾನು ಹೆಚ್ಚೆಚ್ಚು ಉತ್ತಮ ಕರ್ಮ ಮಾಡುತ್ತಿರಬೇಕು.,ಕೆಲಸ,Work,Yes,qwerty,2025-02-05 06:21:09
ಕರ್ಮ,ಅವನು ವೈದಿಕ ಪರಂಪರೆಯ ಸಕಲ ಕರ್ಮ ಕಾಂಡವನ್ನು ನಿರಾಕರಿಸಿದ್ದನ್ನು ನಾವು ಈ ಹಿಂದೆಯೇ ಗಮನಿಸಿದ್ದೇವೆ.,ಕೆಲಸ,Work,Yes,qwerty,2025-02-05 06:21:09
ಕರ್ಮ,ಅದನ್ನು ಲೆಕ್ಕಿಸದೆ ಅನಾಸಕ್ತಿಯಿಂದ ಕರ್ಮ ಮಾಡುವುದೇ ಗಂಡು ಹೆಣ್ಣಿನ ಹುಟ್ಟುಗುಣವಾಗಿದೆ.,ಕೆಲಸ,Work,Yes,qwerty,2025-02-05 06:21:09
ಕರ್ಮ,ಪಂಚಭೂತಗಳನ್ನು ಶುದ್ಧವಾಗಿಡಲು ಕರ್ಮ ಮಾಡಬೇಕು.,ಕೆಲಸ,Work,Yes,qwerty,2025-02-05 06:21:09
ಕರ್ಮ,ಚಿಕ್ಕಬಳ್ಳಾಪುರ ಜಿಲ್ಲಾ ಕೇಂದ್ರವಾಗಿ 10 ವರ್ಷವಾಗುತ್ತ ಬಂದರೂ ನಮಗಿನ್ನೂ ಕಾಸು ನೀಡಿ ಬಿಂದಿಗೆ ನೀರು ಖರೀದಿಸಿ ಕುಡಿಯುವ ಕರ್ಮ ತಪ್ಪಿಲ್ಲ.,ಕೆಲಸ,Work,Yes,qwerty,2025-02-05 06:21:09
ಕರ್ಮ,ಹಾಗಿದ್ದೂ ಪೊಲೀಸ್ ಇಲಾಖೆ ಈ ಬಗ್ಗೆ ಯಾವುದೇ ಕರ್ಮ ಕೈಗೊಂಡಿಲ್ಲ .,ಕೆಲಸ,Work,Yes,qwerty,2025-02-05 06:21:09
ಕರ್ಮ,ಈ ದಿನ ಬೆಳಗಿನ ಜಾವವೆ ಮನೆ ಮಂದಿಯೆಲ್ಲ ಎದ್ದು ನಿತ್ಯ ಕರ್ಮ ಮುಗಿಸಿ ಮನೆಯ ಹಿತ್ತಲಿನಲ್ಲಿ ಪ್ರತಿಯೊಬ್ಬರೂ ಗರಿಕೆ ಹುಡುಕಿ ಕನಿಷ್ಟ ಇಪ್ಪತ್ತೊಂದಾದರೂ ಕೊಯ್ದು ದೇವರ ಮುಂದಿಟ್ಟು ನಮಸ್ಕರಿಸಬೇಕು.,ಕೆಲಸ,Work,Yes,qwerty,2025-02-05 06:21:09
ಕರ್ಮ,ಕಾಯಿಸುವವರಿಗಿಂತ ಕಾಯುವವರ ಕರ್ಮ ಹೇಳತೀರದು.,ಕೆಲಸ,Work,Yes,qwerty,2025-02-05 06:21:09
ಕರ್ಮ,ಅರ್ಥಸೂತ್ರ :- ಭಾರತೀಯ ಸಂಸ್ಕೃತಿಯಲ್ಲಿ ಕರ್ಮ ಅಥವಾ ಶ್ರಮಕ್ಕೆ ಸರ್ವೋಚ್ಛ ಸ್ಥಾನ ನೀಡಲಾಗಿದೆ.,ಕೆಲಸ,Work,Yes,qwerty,2025-02-05 06:21:09
ಕರ್ಮ,ಎಂತಹ ಕರ್ಮ ಮಾಡುವುದಾದರೂ ಸಹ ಸುಮ್ಮನೆ ಮಾಡುವುದಲ್ಲ.,ಕೆಲಸ,Work,Yes,qwerty,2025-02-05 06:21:10
ಕರ್ಮ,ಯುದ್ಧ ಭೂಮಿಗಿಂತ ಕರ್ಮ ಭೂಮಿಯಲ್ಲಿ ಮಡಿಯುವ ಬಿಎಸ್‌ಎಫ್ ಯೋಧರು!,ಕೆಲಸ,Work,Yes,qwerty,2025-02-05 06:21:10
ಕರ್ಮ,"ನೆನಪಿಡಿ, ಯಾವುದೇ ಗುಪ್ತಚರ ನಿರ್ದೇಶನ ಕರ್ಮ ಇಲ್ಲ ಎಂದು ನಾವು ಹೇಳಿದ್ದೇವೆ.",ಕೆಲಸ,Work,Yes,qwerty,2025-02-05 06:21:10
ಕರ್ಮ,ಲಗ್ನದ ಸಮಯ ಮೀರುತ್ತಿರುವುದನ್ನು ಗಮನಿಸಿದ ಬ್ರಹ್ಮ ಸನಿಹದಲ್ಲಿದ್ದ ಗಾಯತ್ರಿಯನ್ನು ಕರೆದು ಆರಂಭ ಕರ್ಮ ಮುಗಿಸಿದನು.,ಕೆಲಸ,Work,Yes,qwerty,2025-02-05 06:21:10
ಕರ್ಮ,ಅಂದು ಬಂಧುಗಳು ಕರ್ಮ ಮಾಡಿದವರಿಗೆ ಒಂಟಿ ಪಂಚೆ ಅಥವಾ ಟವಲ್‌ಅಥವಾ ಷರ್ಟ್‌‌ಪೀಸ್‌ಕೊಡುವುದು ವಾಡಿಕೆ.,ಕೆಲಸ,Work,Yes,qwerty,2025-02-05 06:21:10
ಕರ್ಮ,"ಪತ್ನಿಯ ನಿತ್ಯ ಕರ್ಮ ಮಾಡುವುದಕ್ಕೆ ಬೇಸತ್ತ ಕಲ್ಲಪ್ಪ, ಪತ್ನಿಯನ್ನು ಇಲ್ಲಿನ ಕಾಲುವೆಯಲ್ಲಿ ಭಾನುವಾರ ಬೆಳಗಿನ ಜಾವ ಎಸೆದಿದ್ದಾನೆ.",ಕೆಲಸ,Work,Yes,qwerty,2025-02-05 06:21:10
ಕರ್ಮ,ಬೆಳಗಿನ ನಿತ್ಯ ಕರ್ಮ ಮುಗಿಸುವುದು ಇಷ್ಟು ಕಷ್ಟವಾದರೆ ಏನು ಗತಿ ಎಂದು ಸ್ಪರ್ಧಿಗಳು ಚಿಂತಿಸಿದ್ದಾರೆ.,ಕೆಲಸ,Work,Yes,qwerty,2025-02-05 06:21:10
ಕರ್ಮ,ದಿನ ಬರೆಯುವುದು ಅನಿವಾರ್ಯ ಕರ್ಮ ಎನಗೆ.,ಕೆಲಸ,Work,Yes,qwerty,2025-02-05 06:21:10
ಕರ್ಮ,"ಬಗವದ್ಗೀತೆಯ ಕರ್ಮಯೋಗವೆಂಬ ಹೆಸರಿನ ಮೂರನೇ ಅದ್ಯಾಯದಲ್ಲಿ, ಕ್ರಿಶ್ಣನು ತಾನೇಕೆ ಕರ್ಮ ಮಾಡುತ್ತೇನೆ ಎಂದು ಅರ್ಜುನನಿಗೆ ಬೇರೆ ಬೇರೆ ಕಾರಣಗಳನ್ನು ಕೊಟ್ಟು ವಿವರಿಸುತ್ತಾನೆ.",ಕೆಲಸ,Work,Yes,qwerty,2025-02-05 06:21:10
ಕರ್ಮ,ಅದರ ಪರವಾಗಿ ವಾದ ಮಾಡುವ ಅನಿವಾರ್ಯ ಕರ್ಮ ಜಯಚಂದ್ರ ಅವರದ್ದು.,ಕೆಲಸ,Work,Yes,qwerty,2025-02-05 06:21:10
ಕರ್ಮ,ಈರುಳ್ಳಿ ಕತ್ತರಿಸುವ ಕರ್ಮ ಯಾರಿಗೆ ಬೇಕಪ್ಪ.,ಕೆಲಸ,Work,Yes,qwerty,2025-02-05 06:21:10
ಕರ್ಮ,ಅದನ್ನು ಅನುಸರಿಸುವ ಕರ್ಮ ಯಾರಿಗೇನಿದೆ?,ಕೆಲಸ,Work,Yes,qwerty,2025-02-05 06:21:10
ಕರ್ಮ,ಅಂತ್ಯ ಸಂಸ್ಕಾರ ಸೇರಿದಂತೆ ಕ್ರಿಯಾ ಕರ್ಮ ನೆರವೇರಿಸಲು ದೇಣಿಗೆ ಸಂಗ್ರಹ ಮಾಡಲಾಗ್ತಿದೆ.,ಕೆಲಸ,Work,Yes,qwerty,2025-02-05 06:21:10
ಕರ್ಮ,ಬೆಂಗಳೂರು–ಮೈಸೂರು ರಾಷ್ಟ್ರೀಯ ಹೆದ್ದಾರಿಯಲ್ಲಿರುವ ಸಾರ್ವಜನಿಕ ಶೌಚಾಲಯದಲ್ಲಿ ನಿತ್ಯ ಕರ್ಮ ಮುಗಿಸುತ್ತೇವೆ ಎಂದು ಮಳವಳ್ಳಿಯಿಂದ ಬಂದಿದ್ದ ರಾಮೇಗೌಡ ಹೇಳಿದರು.,ಕೆಲಸ,Work,Yes,qwerty,2025-02-05 06:21:10
ಕರ್ಮ,ಸಂಕಲ್ಪ ಮತ್ತು ಸಮರ್ಪಣೆಯಿಲ್ಲದ ಕರ್ಮ ಫಲಪ್ರದವಾಗುವದಿಲ್ಲ.,ಕೆಲಸ,Work,Yes,qwerty,2025-02-05 06:21:10
ಕರ್ಮ,ಮೊತ್ತೊಂದು ಕಡೆ ರಸ್ತೆಯಲ್ಲೆ ಮುಜುಗರದಿಂದ ಶೌಚ ಮಾಡಬೇಕಾದ ಕರ್ಮ ಈ ವಿದ್ಯಾರ್ಥಿಗಳದ್ದು.,ಕೆಲಸ,Work,Yes,qwerty,2025-02-05 06:21:10
ಕರ್ಮ,ಜ್ಞಾನಪ್ರಾಪ್ತಿಯ ನಂತರವೂ ಅದನ್ನು ಉಳಿಸಿಕೊಳ್ಳಲು ಜ್ಞಾನಿಗಳು ಕರ್ಮ (ಉದ್ಯೋಗ) ಮಾಡುತ್ತಿರಬೇಕು ಎಂದು ಭಗವದ್ಗೀತೆ ಹೇಳುತ್ತದೆ.,ಕೆಲಸ,Work,Yes,qwerty,2025-02-05 06:21:10
ಕರ್ಮ,ಅವರಿಗೆ ಕರ್ಮ ಮಾಡುವ ಸ್ವಾತಂತ್ರ್ಯವಿದೆ.,ಕೆಲಸ,Work,Yes,qwerty,2025-02-05 06:21:10
ಕರ್ಮ,ಏಳ ದೌಡು ಅಂದಾಗ ಸೋಗು ಮಾಡಿ ಆಕಳಿಸಿ ನಗುತ್ತಲೇ ಮೇಲೆದ್ದು ನಿತ್ಯ ಕರ್ಮ ಮುಗಿಸಿ ಎಣ್ಣೆ ಬಳಿದ ತಲೆಗೆರಡು ಶ್ಯಾಂಪು ಹಾಕಿ ತೊಳೆದೆ.,ಕೆಲಸ,Work,Yes,qwerty,2025-02-05 06:21:10
ಕರ್ಮ,ನಮ್ಮ ಕರ್ಮ ನಾವು ಮಾಡಬೇಕು,ಕೆಲಸ,Work,Yes,qwerty,2025-02-05 06:21:10
ಕರ್ಮ,ಹಜ್ ಕರ್ಮ ಇಸ್ಲಾಮಿನ ಐದು ಆಧಾರ ಸ್ತಂಭಗಳಲ್ಲಿ ಒಂದಾಗಿದೆ.,ಕೆಲಸ,Work,Yes,qwerty,2025-02-05 06:21:10
ಕರ್ಮ,ನಿಮ್ಮ ನಾಯಕ ಕರ್ಮ ಮತ್ತು ಅನುಭವವನ್ನು ನೀವು ಸೇರಿಸಬಹುದು.,ಕೆಲಸ,Work,Yes,qwerty,2025-02-05 06:21:10
ಕರ್ಮ,"ಲೋಕೇಶ್ ಸಾಗರ್ ಮಾತನಾಡಿ, ಕರ್ಮ ಎಂದರೆ ವೃತ್ತಿ ಯಾಗಿದೆ.",ಕೆಲಸ,Work,Yes,qwerty,2025-02-05 06:21:10
ಕರ್ಮ,ನಾನು ಹೋದಲ್ಲೆಲ್ಲ ಕ್ಯಾಮೆರಾ ಹಿಡಿದುಕೊಂಡು ಬರುವ ಕರ್ಮ ಅವರದಾಗಿತ್ತು.,ಕೆಲಸ,Work,Yes,qwerty,2025-02-05 06:21:10
ಕರ್ಮ,ನಿತ್ಯ ಕರ್ಮ ಮಾಡುವ ಉಪನೀತ ಕ್ಷತ್ರಿಯ ಹುಡುಗರು ದಿನಂಪ್ರತಿ ಖಡ್ಗಕ್ಕೆ ನಮಸ್ಕಾರ ಮಾಡುವ ಪದ್ಧತಿಯೂ ಇದೆ.,ಕೆಲಸ,Work,Yes,qwerty,2025-02-05 06:21:10
ಕರ್ಮ,ತನ್ನ ಕರ್ಮ ಕುಶಲತೆಯಿಂದ ವಿಶ್ವಕರ್ಮನು ತನ್ನ ತಂದೆ ತಾಯಿಯನ್ನು ಸಂತೋಷಪಡಿಸಿದನು.,ಕೆಲಸ,Work,Yes,qwerty,2025-02-05 06:21:10
ಕರ್ಮ,ನಾನು ನನ್ನ ಕರ್ಮ ಮಾಡಲು ಬಂದಿದ್ದೇನೆ.,ಕೆಲಸ,Work,Yes,qwerty,2025-02-05 06:21:10
ಕರ್ಮ,"ನಂತರ ನಾವು ಮಾಡುವ ಕರ್ಮ ಕಾರ್ಯ, ನಡತೆಗಳಿಂದ ಸಮಾಜ ನಮ್ಮನ್ನು ಗುರುತಿಸುತ್ತದೆ.",ಕೆಲಸ,Work,Yes,qwerty,2025-02-05 06:21:10
ಕರ್ಮ,ಅದೇ ಹೊತ್ತಿಗೆ ಕರ್ಮ ಮಾಡುವುದನ್ನೂ ಬಿಡಬೇಡ,ಕೆಲಸ,Work,Yes,qwerty,2025-02-05 06:21:10
ಕರ್ಮ,ಜನ್ಮಕ್ಕಿಂತ ಕರ್ಮ ಮುಖ್ಯ.,ಕೆಲಸ,Work,Yes,qwerty,2025-02-05 06:21:10
ಕರ್ಮ,ತನ್ನ ಜೀವನಕ್ಕಾಗಿ ಅನ್ಯರ ಹಿತಕ್ಕೆ ಧಕ್ಕೆಯುಂಟು ಮಾಡದಂತೆ ನಡೆಸುವ ಎಲ್ಲ ಕ್ರಿಯೆಗಳೂ ಕರ್ಮ ಎಂದು ಕರೆಯಲ್ಪಡುತ್ತವೆ.,ಕೆಲಸ,Work,Yes,qwerty,2025-02-05 06:21:10
ಕರ್ಮ,"ಸನಾತನ ಧರ್ಮದ ಪ್ರಕಾರ ಮನುಷ್ಯ ಭಗವಂತನಲ್ಲಿ ವ್ಯಕ್ತವಾಗಲು ರಾಜ ಯೋಗ, ಭಕ್ತಿ ಯೋಗ, ಕರ್ಮ ಯೋಗ, ಜ್ಞಾನ ಯೋಗದ ಮಾರ್ಗಗಳಿವೆ.",ಸುಖದುಃಖಗಳಿಗೆ ಕಾರಣವಾದ ಪೂರ್ವಜನ್ಮದ ಕಾರ್ಯ,Karma,Yes,qwerty,2025-02-04 06:20:51
ಕರ್ಮ,ನಾವು ಕರ್ಮ ಮಾರ್ಗದಲ್ಲಿ ಮಾಡುವ ತಪ್ಪುಗಳಿಗೆ ನಾವೇ ಜವಾಬ್ದಾರರು.,ಸುಖದುಃಖಗಳಿಗೆ ಕಾರಣವಾದ ಪೂರ್ವಜನ್ಮದ ಕಾರ್ಯ,Karma,Yes,qwerty,2025-02-04 06:20:51
ಕರ್ಮ,ಅದು ಅಲ್ಲಿಯ ಜನರ ಕರ್ಮ ಕೂಡ.,ಸುಖದುಃಖಗಳಿಗೆ ಕಾರಣವಾದ ಪೂರ್ವಜನ್ಮದ ಕಾರ್ಯ,Karma,Yes,qwerty,2025-02-04 06:20:51
ಕರ್ಮ,ತಂದೆಯೇನಾದರೂ ನನ್ನ ಆಯ್ಕೆಯನ್ನು ವಿರೋಧಿಸಿದರೆ ನನ್ನ ಪಾಡು ನನಗೆ ನಿನ್ನ ಕರ್ಮ ನಿನಗೆ ಅಂತ ಹೇಳಿ ಶಿವಾಪುರಕ್ಕೆ ನಾನು ಹೊರಡೋಳೇ ಎಂದು ರವಿಯೆದುರು ಸಾರಿ ಹೇಳಿಬಿಟ್ಟಳು.,ಸುಖದುಃಖಗಳಿಗೆ ಕಾರಣವಾದ ಪೂರ್ವಜನ್ಮದ ಕಾರ್ಯ,Karma,Yes,qwerty,2025-02-04 06:20:51
ಕರ್ಮ,ಕರ್ಮ ಬಂಧನವನ್ನು ಮೀರುವುದುಂಟೇ!,ಸುಖದುಃಖಗಳಿಗೆ ಕಾರಣವಾದ ಪೂರ್ವಜನ್ಮದ ಕಾರ್ಯ,Karma,Yes,qwerty,2025-02-04 06:20:51
ಕರ್ಮ,ನಮ್ಮ ಕಷ್ಟ-ಸುಖಗಳಿಗೆ ನಮ್ಮ ಕರ್ಮ ಫಲಗಳು ಹೆಚ್ಚಿನ ಪಾತ್ರವನ್ನು ವಹಿಸುತ್ತದೆ.,ಸುಖದುಃಖಗಳಿಗೆ ಕಾರಣವಾದ ಪೂರ್ವಜನ್ಮದ ಕಾರ್ಯ,Karma,Yes,qwerty,2025-02-04 06:20:51
ಕರ್ಮ,ಜೊತೆಗೆ ಈ ಹಿಂದೆ ಮಾಡಿದ ಕರ್ಮ ಫಲಗಳು ಪ್ರಸ್ತುತ ಜೀವನಕ್ಕೆ ಫಲವನ್ನು ನಡುತ್ತದೆ ಎಂದು ಹೇಳಲಾಗುವುದು.,ಸುಖದುಃಖಗಳಿಗೆ ಕಾರಣವಾದ ಪೂರ್ವಜನ್ಮದ ಕಾರ್ಯ,Karma,Yes,qwerty,2025-02-04 06:20:51
ಕರ್ಮ,"ಈ ಅನಗತ್ಯ, ಘೊರ ಅನಾಹುತಗಳಿಗೆ ಕಾರಣರಾದ ರಾಜೀವ್​ರನ್ನು ಅಂತಿಮವಾಗಿ ಅವರ ಕರ್ಮ ಹಿಂಬಾಲಿಸಿಕೊಂಡು ಬಂತು.",ಸುಖದುಃಖಗಳಿಗೆ ಕಾರಣವಾದ ಪೂರ್ವಜನ್ಮದ ಕಾರ್ಯ,Karma,Yes,qwerty,2025-02-04 06:20:51
ಕರ್ಮ,2019ರ ವರ್ಷದಲ್ಲಿ ರಾಶಿಚಕ್ರಗಳ ಅನುಸಾರ ಕರ್ಮ ಫಲಗಳು ಹೇಗಿರುತ್ತೆ ಗೊತ್ತಾ?,ಸುಖದುಃಖಗಳಿಗೆ ಕಾರಣವಾದ ಪೂರ್ವಜನ್ಮದ ಕಾರ್ಯ,Karma,Yes,qwerty,2025-02-04 06:20:51
ಕರ್ಮ,ಎಂಥ ಪಾಪ ಕರ್ಮ ಐದಿಯೋ,ಸುಖದುಃಖಗಳಿಗೆ ಕಾರಣವಾದ ಪೂರ್ವಜನ್ಮದ ಕಾರ್ಯ,Karma,Yes,qwerty,2025-02-04 06:20:51
ಕರ್ಮ,"ಕರ್ಮ ಎಂಬುದು ಎಂಥವರನ್ನೂ ಬಿಡುವುದಿಲ್ಲ, ಯಾವುದೋ ಒಂದು ರೀತಿಯಲ್ಲಿ ಖಂಡಿತ ಕಾಣಿಸಿಕೊಳ್ಳುತ್ತದೆ,",ಸುಖದುಃಖಗಳಿಗೆ ಕಾರಣವಾದ ಪೂರ್ವಜನ್ಮದ ಕಾರ್ಯ,Karma,Yes,qwerty,2025-02-04 06:20:51
ಕರ್ಮ,ದೇವಿಯು ಕರ್ಮ ನಿಯಮವನ್ನು ಮೀರಿ ಮುಕ್ತಿಯನ್ನು ದಯಪಾಲಿಸುವುದಿಲ್ಲ.,ಸುಖದುಃಖಗಳಿಗೆ ಕಾರಣವಾದ ಪೂರ್ವಜನ್ಮದ ಕಾರ್ಯ,Karma,Yes,qwerty,2025-02-04 06:20:51
ಕರ್ಮ,ಏನೋ ಧರ್ಮ ಕರ್ಮ ಸಂಯೋಗದಿಂದ ಕಲಾವಿದನಾದೆ.,ಸುಖದುಃಖಗಳಿಗೆ ಕಾರಣವಾದ ಪೂರ್ವಜನ್ಮದ ಕಾರ್ಯ,Karma,Yes,qwerty,2025-02-04 06:20:51
ಕರ್ಮ,ಕರ್ಮ ರಿಟರ್ನ್ಸ್.,ಸುಖದುಃಖಗಳಿಗೆ ಕಾರಣವಾದ ಪೂರ್ವಜನ್ಮದ ಕಾರ್ಯ,Karma,Yes,qwerty,2025-02-04 06:20:51
ಕರ್ಮ,ನನ್ ಕರ್ಮ .,ಸುಖದುಃಖಗಳಿಗೆ ಕಾರಣವಾದ ಪೂರ್ವಜನ್ಮದ ಕಾರ್ಯ,Karma,Yes,qwerty,2025-02-04 06:20:51
ಕರ್ಮ,ಸ್ಥೂಲ ಅನುವಾದ : ಅರ್ಜುನ: ನಿನಗೆ ಕರ್ಮ ಮಾಡುವುದರಲ್ಲಿ ಮಾತ್ರ ಅಧಿಕಾರವಿದೆ.,ಸುಖದುಃಖಗಳಿಗೆ ಕಾರಣವಾದ ಪೂರ್ವಜನ್ಮದ ಕಾರ್ಯ,Karma,Yes,qwerty,2025-02-04 06:20:51
ಕರ್ಮ,"ನಾನು ಕರ್ಮ ಯೋಗಿ, ಕರ್ಮ ಮಾಡುವುದಷ್ಟೇ ನನಗೆ ಗೊತ್ತು.",ಸುಖದುಃಖಗಳಿಗೆ ಕಾರಣವಾದ ಪೂರ್ವಜನ್ಮದ ಕಾರ್ಯ,Karma,Yes,qwerty,2025-02-04 06:20:52
ಕರ್ಮ,ಫಲದ ಅಪೇಕ್ಷೆ ಇಲ್ಲದೆ ಕರ್ಮ ಮಾಡು ಎನ್ನುವದು ಗೀತಾಸಿದ್ಧಾಂತ.,ಸುಖದುಃಖಗಳಿಗೆ ಕಾರಣವಾದ ಪೂರ್ವಜನ್ಮದ ಕಾರ್ಯ,Karma,Yes,qwerty,2025-02-04 06:20:52
ಕರ್ಮ,"ಅದರಲ್ಲಿಯೂ ಹಿಂದೂ ಸಂಪ್ರದಾಯದಲ್ಲಿ ಕರ್ಮ ಫಲವೆಂದು, ಹಿರಿಯರಿಗೆ ಪಿಂಡ ಪ್ರದಾನ ಮಾಡಿಯೇ ಮಾಡ್ತಾರೆ.",ಸುಖದುಃಖಗಳಿಗೆ ಕಾರಣವಾದ ಪೂರ್ವಜನ್ಮದ ಕಾರ್ಯ,Karma,Yes,qwerty,2025-02-04 06:20:52
ಕರ್ಮ,"ಕಷ್ಟ, ಬಡತನ, ಅವರವರ ಕರ್ಮ ಎನ್ನುವುದು ನಿಜವಾದರೂ, ಅವರಿಗೆ ಸಹಾಯ ಮಾಡುವುದು ನಮ್ಮ ಧರ್ಮ ಎಂಬ ಭಾವನೆ ಎಲ್ಲರನ್ನೂ ಬರಬೇಕು ಎಂದರು.",ಸುಖದುಃಖಗಳಿಗೆ ಕಾರಣವಾದ ಪೂರ್ವಜನ್ಮದ ಕಾರ್ಯ,Karma,Yes,qwerty,2025-02-04 06:20:52
ಕರ್ಮ,"ಮಕ್ಕಳು ಶತ್ರುಗಳಾಗುವರು, ಮಕ್ಕಳಿಗಾಗಿ ಸಾಲ ಮಾಡುವ ಪರಿಸ್ಥಿತಿ, ಬಂಧುಗಳಿಂದ ಅನುಕೂಲ, ಪತ್ರ ವ್ಯವಹಾರಗಳಲ್ಲಿ ಲಾಭ, ಪಾಪ ಕರ್ಮ ಕಾಡುವುದು.",ಸುಖದುಃಖಗಳಿಗೆ ಕಾರಣವಾದ ಪೂರ್ವಜನ್ಮದ ಕಾರ್ಯ,Karma,Yes,qwerty,2025-02-04 06:20:52
ಕರ್ಮ,ಏನು ಮಾಡೋದು ನಮ್ಮ ಕರ್ಮ ಅನುಭವಿಸಬೇಕಷ್ಟೆ.,ಸುಖದುಃಖಗಳಿಗೆ ಕಾರಣವಾದ ಪೂರ್ವಜನ್ಮದ ಕಾರ್ಯ,Karma,Yes,qwerty,2025-02-04 06:20:52
ಕರ್ಮ,ಇವರು ಕರ್ಮ ಮತ್ತು ಕರ್ಮ ಫಲದ ಸುಳಿಯಲ್ಲಿ ಸಿಲುಕಿ ಮತ್ತೆ ಸಂಸಾರ ಬಂಧದಲ್ಲಿ ಸಿಲುಕುತ್ತಾರೆ.,ಸುಖದುಃಖಗಳಿಗೆ ಕಾರಣವಾದ ಪೂರ್ವಜನ್ಮದ ಕಾರ್ಯ,Karma,Yes,qwerty,2025-02-04 06:20:52
ಕರ್ಮ,ಕರ್ಮ ಮಾಡು ಫಲದ ಆಸೆ ಪಡಬೇಡ!,ಸುಖದುಃಖಗಳಿಗೆ ಕಾರಣವಾದ ಪೂರ್ವಜನ್ಮದ ಕಾರ್ಯ,Karma,Yes,qwerty,2025-02-04 06:20:52
ಕರ್ಮ,ಉದಾಹರಣೆಗೆ ಕರ್ಮ ಸಿದ್ಧಾಂತದ ಪ್ರಕಾರ ಅವರವರಿಗೆ ತಕ್ಕ ಸ್ಥಿತಿ ತನ್ನಿಂದ ತಾನೇ ಉಂಟಾಗುತ್ತದೆ.,ಸುಖದುಃಖಗಳಿಗೆ ಕಾರಣವಾದ ಪೂರ್ವಜನ್ಮದ ಕಾರ್ಯ,Karma,Yes,qwerty,2025-02-04 06:20:52
ಕರ್ಮ,ಜೀವನದಲ್ಲಿ ಬರುವ ಹಲವಾರು ವ್ಯಕ್ತಿಗಳು ನಮ್ಮ ಹಿಂದಿನ ಕರ್ಮ ಫಲದಿಂದ ಸಿಕ್ಕಿರುತ್ತಾರೆ ಎಂಬುದು ಆಶ್ಚರ್ಯವಾದರೂ ಸತ್ಯ.,ಸುಖದುಃಖಗಳಿಗೆ ಕಾರಣವಾದ ಪೂರ್ವಜನ್ಮದ ಕಾರ್ಯ,Karma,Yes,qwerty,2025-02-04 06:20:52
ಕರ್ಮ,ಈ ಕರ್ಮ ಎಳೆಯ ಮಕ್ಕಳಿಗೆ ಬೇಕೆ?,ಸುಖದುಃಖಗಳಿಗೆ ಕಾರಣವಾದ ಪೂರ್ವಜನ್ಮದ ಕಾರ್ಯ,Karma,Yes,qwerty,2025-02-04 06:20:52
ಕರ್ಮ,ಆದ್ದರಿಂದ ಕರ್ಮದಿಂದ ಬಿಡುಗಡೆ ಹೊಂದದೆ ನಿಷ್ಕಾಮ ಕರ್ಮವನ್ನಾಚರಿಸುವುದು ಕರ್ಮ ಮಾರ್ಗ.,ಸುಖದುಃಖಗಳಿಗೆ ಕಾರಣವಾದ ಪೂರ್ವಜನ್ಮದ ಕಾರ್ಯ,Karma,Yes,qwerty,2025-02-04 06:20:53
ಕರ್ಮ,"ಕರ್ಮ ಮಾಡಿಸುವವನೂ ಭಗವಂತ, ಕರ್ಮದ ಫಲ ಕೊಡುವವನು ಭಗವಂತ.",ಸುಖದುಃಖಗಳಿಗೆ ಕಾರಣವಾದ ಪೂರ್ವಜನ್ಮದ ಕಾರ್ಯ,Karma,Yes,qwerty,2025-02-04 06:20:53
ಕರ್ಮ,ಅವರಾ ಕುಟುಂಬ ರೋದೀಸುವುದನ್ನು ನೋಡಿ ಇದೇನೇಂದು ಕೇಳಿದರೆ ಕರ್ಮ ಅಂದ್ರು,ಸುಖದುಃಖಗಳಿಗೆ ಕಾರಣವಾದ ಪೂರ್ವಜನ್ಮದ ಕಾರ್ಯ,Karma,Yes,qwerty,2025-02-04 06:20:53
ಕರ್ಮ,ತಿಳುವಳಿಕೆಯಿಂದ ಕರ್ಮ ಮಾಡಿದರೆ ತನ್ನ ಎಲ್ಲಾ ಪಾಪಗಳನ್ನು ಹಾಗು ಬೇಡವಾದ ಪುಣ್ಯವನ್ನು ತೊರೆದು ಭಗವಂತನನ್ನು ಸೇರುತ್ತಾನೆ.,ಸುಖದುಃಖಗಳಿಗೆ ಕಾರಣವಾದ ಪೂರ್ವಜನ್ಮದ ಕಾರ್ಯ,Karma,Yes,qwerty,2025-02-04 06:20:53
ಕರ್ಮ,ಈ ಹಂತದಲ್ಲಿಯೇ ಗರಿಷ್ಠ ಪ್ರಮಾಣದ ಕರ್ಮ ಫಲವು ಶೇಖರವಾಗುತ್ತದೆ.,ಸುಖದುಃಖಗಳಿಗೆ ಕಾರಣವಾದ ಪೂರ್ವಜನ್ಮದ ಕಾರ್ಯ,Karma,Yes,qwerty,2025-02-04 06:20:53
ಕರ್ಮ,"ನಾನೂ ಯಾರಿಗೆ ಅನ್ಯಾಯ ಮಾಡಿದ್ದೇನೊ, ಯಾವ ಕರ್ಮ ಮಾಡಿದ್ದೇನೊ.",ಸುಖದುಃಖಗಳಿಗೆ ಕಾರಣವಾದ ಪೂರ್ವಜನ್ಮದ ಕಾರ್ಯ,Karma,Yes,qwerty,2025-02-04 06:20:53
ಕರ್ಮ,ಹೀಗಿರುವಾಗ ಕರ್ಮ ಮಾಡಿಸಿದ ಭಗವಂತನಿಗೆ ಫಲ ಸೇರದೇ ನಮಗೇಕೆ ಸೇರುತ್ತದೆ?,ಸುಖದುಃಖಗಳಿಗೆ ಕಾರಣವಾದ ಪೂರ್ವಜನ್ಮದ ಕಾರ್ಯ,Karma,Yes,qwerty,2025-02-04 06:20:53
ಕರ್ಮ,ಎಲ್ಲವೂ ನಮ್ಮ ಕರ್ಮ ಎಂದು ಕೊರಗಬೇಡಿ.,ಸುಖದುಃಖಗಳಿಗೆ ಕಾರಣವಾದ ಪೂರ್ವಜನ್ಮದ ಕಾರ್ಯ,Karma,Yes,qwerty,2025-02-04 06:20:53
ಕರ್ಮ,ಮನಸ್ಸು ಬುದ್ಧಿ ಸಂಸ್ಕಾರಗಳಿಗೆ ವಶರಾಗಿ ಕರ್ಮ ಮಾಡಿದ್ದಾದರೆ ದುಃಖ ಅನುಭವಿಸಬೇಕಾಗುತ್ತದೆ.,ಸುಖದುಃಖಗಳಿಗೆ ಕಾರಣವಾದ ಪೂರ್ವಜನ್ಮದ ಕಾರ್ಯ,Karma,Yes,qwerty,2025-02-04 06:20:53
ಕರ್ಮ,ಅಂತಹ ಪಾಪ ಕರ್ಮ ಎಂದಿಗೂ ಮಾಡದೇ ಇರೋಣ.,ಸುಖದುಃಖಗಳಿಗೆ ಕಾರಣವಾದ ಪೂರ್ವಜನ್ಮದ ಕಾರ್ಯ,Karma,Yes,qwerty,2025-02-04 06:20:53
ಕರ್ಮ,ಅವರು ತಮ್ಮನ್ನಷ್ಟೇ ಅಲ್ಲದೆ ಇತರರನ್ನೂ ಕೂಡ ತಮ್ಮ ಕರ್ಮ ಬಂಧನದಲ್ಲಿ ಕಟ್ಟಿಹಾಕುತ್ತಾರೆ.,ಸುಖದುಃಖಗಳಿಗೆ ಕಾರಣವಾದ ಪೂರ್ವಜನ್ಮದ ಕಾರ್ಯ,Karma,Yes,qwerty,2025-02-04 06:20:53
ಕರ್ಮ,ಸ್ವಾಮಿಜಿ ಜದದ್ಗುರು ಕೃಪಾಳೂಜಿ ಮಹಾರಾಜ್ ಹೇಳುವ ಪ್ರಕಾರ ಕರ್ಮ ಅದಾಗಲೇ ನಿರ್ಧರಿತವಾಗಿರುವಂತದ್ದು.,ಸುಖದುಃಖಗಳಿಗೆ ಕಾರಣವಾದ ಪೂರ್ವಜನ್ಮದ ಕಾರ್ಯ,Karma,Yes,qwerty,2025-02-04 06:20:53
ಕರ್ಮ,ಇದೆಂಥ ಕರ್ಮ ಮಾರ್ರೆ!,ಸುಖದುಃಖಗಳಿಗೆ ಕಾರಣವಾದ ಪೂರ್ವಜನ್ಮದ ಕಾರ್ಯ,Karma,Yes,qwerty,2025-02-04 06:20:53
ಕಲೆ,"-ಜೀರಿಗೆಯನ್ನು ನುಣ್ಣಗೆ ಅರೆದು, ನೀರಿನಲ್ಲಿ ಬೆರೆಸಿ ಆ ನೀರಿನಿಂದ ಮುಖ ತೊಳೆಯುತ್ತಿದ್ದರೆ ಕಲೆ ಮಾಯವಾಗುತ್ತದೆ.","ಕೊಳೆ, ಕಳಂಕ","Dirt, Stain",Yes,a,2025-02-07 15:04:21
ಕಲೆ,"ಆದರೂ, ತನ್ನ ಗಾಯದ ಕಲೆ ನೋಡಿಕೊಂಡಾಗ ಜೇಗೆಲ್ ಬಿಕ್ಕಳಿಸಿ ಅಳುತ್ತಿದ್ದ.","ಕೊಳೆ, ಕಳಂಕ","Dirt, Stain",Yes,a,2025-02-07 15:04:21
ಕಲೆ,ಕಲೆ ತೆಗೆಯಲು ಮನೆ ಕೃತಕ ಕಾರ್ಪೆಟ್ ಕಷ್ಟ ಪಾಲಿಪ್ರೊಪಿಲೀನ್ ಆಗಿದೆ.,"ಕೊಳೆ, ಕಳಂಕ","Dirt, Stain",Yes,a,2025-02-07 15:04:21
ಕಲೆ,ಫುಲ್ ಕವರೇಜ್ ಮೇಕಪ್ ನಿಂದ ತ್ವಚೆಯ ಗುರುತು ಹಾಗು ಕಲೆ ನಿವಾರಣೆ ಮಾಡಬಹುದು.,"ಕೊಳೆ, ಕಳಂಕ","Dirt, Stain",Yes,a,2025-02-07 15:04:22
ಕಲೆ,ಬಾಳೆಹಣ್ಣನ್ನು ತೆಗೆದುಕೊಂಡು ಅದರ ಸಿಪ್ಪೆಯನ್ನು ಸುಳಿದುಕೊಂಡು ಅದರ ಸಿಪ್ಪಿಯಿಂದ ಕಂಕಳಲ್ಲಿನ ಕಪ್ಪು ಕಲೆಯನ್ನು ಮಸಾಜ್ ಮಾಡಿದರೆ ಕಪ್ಪು ಕಲೆ ಹೋಗುತ್ತದೆ.,"ಕೊಳೆ, ಕಳಂಕ","Dirt, Stain",Yes,a,2025-02-07 15:04:22
ಕಲೆ,ಆದರೆ ಅಡುಗೆ ಮನೆಯಲ್ಲಿ ಸಿಗುವ ಸಾಮಗ್ರಿಯನ್ನು ಬಳಸಿ ತುಂಬಾ ಪರಿಣಾಮಕಾರಿಯಾಗಿ ಕಲೆ ನಿವಾರಣೆ ಮಾಡಬಹುದು.,"ಕೊಳೆ, ಕಳಂಕ","Dirt, Stain",Yes,a,2025-02-07 15:04:22
ಕಲೆ,"ಒಂದುವೇಳೆ ಕಲೆ ಹೋಗದಿದ್ದರೆ, ಅದು ಬಾಯಿ ಹುಣ್ಣು ಆಗಿರುವ ಸಾಧ್ಯತೆಗಳಿವೆ.","ಕೊಳೆ, ಕಳಂಕ","Dirt, Stain",Yes,a,2025-02-07 15:04:22
ಕಲೆ,ಇದರೊಂದಿಗೆ ಚರ್ಮದಲ್ಲಿ ಕೆಲವೊಂದು ಕಲೆ ಹಾಗೂ ಗಾಐಗಳು ಕೂಡ ಉಂಟಾಗಬಹುದು.,"ಕೊಳೆ, ಕಳಂಕ","Dirt, Stain",Yes,a,2025-02-07 15:04:22
ಕಲೆ,ಈ ಮರದ ತುಂಬ ರಕ್ತದ ರೀತಿ ಕೆಂಪು ಬಣ್ಣ ಕಲೆ ಇದೆ.,"ಕೊಳೆ, ಕಳಂಕ","Dirt, Stain",Yes,a,2025-02-07 15:04:22
ಕಲೆ,ಈ ಪ್ರಕ್ರಿಯೆಯನ್ನು ಪ್ರತಿದಿನ ಅನುಸರಿಸಿದರೆ ನಿಮ್ಮ ಹಳದಿ ಉಗುರುಗಳ ಕಲೆ ಮಾಯವಾಗುತ್ತದೆ.,"ಕೊಳೆ, ಕಳಂಕ","Dirt, Stain",Yes,a,2025-02-07 15:04:22
ಕಲೆ,ಇತರ ಅಂಶಗಳನ್ನು ಕಲೆ ಹಾಕಬೇಕಾಗಿದೆ.,"ಕೊಳೆ, ಕಳಂಕ","Dirt, Stain",Yes,a,2025-02-07 15:04:22
ಕಲೆ,"ಈ ಹಿನ್ನಲೆ ಇದ್ದಾಗ್ಯೂ ನಾನು ನಾಲ್ಕನೆಯ ಇಯತ್ತೆಯಲ್ಲಿದ್ದಾಗ ನನ್ನ ತಂದೆಯವರ ಗಮನಕ್ಕೆ ಬಾರದಂತೆ ರಾಮ, ಕೃಷ್ಣ, ಶಿವ, ಗಣಪತಿ, ಷಣ್ಮುಖ, ವೆಂಕಟರಮಣ, ಲಕ್ಷ್ಮೀ, ಸರಸ್ವತಿ, ಪಾರ್ವತಿ ಇತ್ಯಾದಿ ಕ್ಯಾಲೆಂಡರ್‌ ದೇವಗುಳ ದಂಡನ್ನೇ ಕಲೆ ಹಾಕಿ ಅಡಿಗೆ ಮನೆಯ ಗೂಡಿನೊಳಗಿರಿಸಿದ್ದೆ.","ಕೊಳೆ, ಕಳಂಕ","Dirt, Stain",Yes,a,2025-02-07 15:04:22
ಕಲೆ,ಕನಸಿನಿಂದ ಎದ್ದು ನೋಡುವ ಬರಹಗಾರನಿಗೆ ಮಂಚದ ಕೆಳಗೆ ಬಿದ್ದ ರಕ್ತದ ಕಲೆ ಕಾಣಿಸುತ್ತದೆ.,"ಕೊಳೆ, ಕಳಂಕ","Dirt, Stain",Yes,a,2025-02-07 15:04:22
ಕಲೆ,"ತುಂಬಾ ಬಿಸಿ ನೀರು ಹಾಕಿ ತೊಳಿಯಬೇಡಿ ಕಲೆ ಇನ್ನಷ್ಟು ಅಂಟಿಕೊಳ್ಳತ್ತೆ, ಬೆಚ್ಚಗಿನ ಅಥವಾ ತಣ್ಣಿರನ್ನೇ ಉಪಯೋಗಿಸಿ","ಕೊಳೆ, ಕಳಂಕ","Dirt, Stain",Yes,a,2025-02-07 15:04:22
ಕಲೆ,ಕಲೆ ಇನ್ನೂ ಬಹಳ ಕಡಿಮೆ ಇತ್ತು.,"ಕೊಳೆ, ಕಳಂಕ","Dirt, Stain",Yes,a,2025-02-07 15:04:22
ಕಲೆ,ಕೇವಲ ಒಂದು ಕಪ್ಪು ಉಗುರು ಕಲೆ ಅತ್ಯುತ್ತಮ ಆಯ್ಕೆಯನ್ನು - ಚೂಪಾದ ತುದಿಗಳೊಂದಿಗೆ ಸ್ಕ್ವೇರ್ ಉಗುರುಗಳು.,"ಕೊಳೆ, ಕಳಂಕ","Dirt, Stain",Yes,a,2025-02-07 15:04:22
ಕಲೆ,ಕಲೆ ಪರಿಶುದ್ಧ.,"ಕೊಳೆ, ಕಳಂಕ","Dirt, Stain",Yes,a,2025-02-07 15:04:22
ಕಲೆ,ಈ ಕಲೆ ತೆಗೆಯಲು ಉದ್ದೇಶಿಸಲಾಗಿದೆ ಮಿಶ್ರಣವಾಗಿದ್ದು ಮತ್ತು ದ್ರವ ಸೇರಿವೆ.,"ಕೊಳೆ, ಕಳಂಕ","Dirt, Stain",Yes,a,2025-02-07 15:04:22
ಕಲೆ,ಕಲೆ ಗಾಢವಾಗಿ ಉಳಿಯದಂತೆ ನೋಡುವುದು.,"ಕೊಳೆ, ಕಳಂಕ","Dirt, Stain",Yes,a,2025-02-07 15:04:22
ಕಲೆ,ಆದರೆ ಇದೇ ಭಾಗದಲ್ಲಿ ನಿಮ್ಮ ವಯಸ್ಸಾಗುವ ವೇಳೆ ಕಂಡುಬರುವಂತಹ ಕಪ್ಪು ಕಲೆ ಮತ್ತು ನೆರಿಗೆ ಕಣ್ಣಿನ ಕೆಳ ಹಾಗೂ ಸುತ್ತಲಿನ ಭಾಗದಲ್ಲಿ ಗೋಚರಿಸುವುದು.,"ಕೊಳೆ, ಕಳಂಕ","Dirt, Stain",Yes,a,2025-02-07 15:04:22
ಕಲೆ,"ನೀವು ಶುಷ್ಕ, ಮೃದು ನೀಲಿಬಣ್ಣದ chalks ಕಲೆ (ಉದಾ, ಮೇಣದ) ಅಗತ್ಯವಿರುತ್ತದೆ.","ಕೊಳೆ, ಕಳಂಕ","Dirt, Stain",Yes,a,2025-02-07 15:04:22
ಕಲೆ,ಬೇಸಿಗೆಯಲ್ಲಿ ಕಾಡುವ ಕಪ್ಪು ಕಲೆ ಕಡಿಮೆಯಾಗುತ್ತದೆ.,"ಕೊಳೆ, ಕಳಂಕ","Dirt, Stain",Yes,a,2025-02-07 15:04:22
ಕಲೆ,ಈ ತಪ್ಪು ಕಲೆ ಹೋಲಿಕೆಯಾಗಿ ಆಧರಿಸಿದೆ.,"ಕೊಳೆ, ಕಳಂಕ","Dirt, Stain",Yes,a,2025-02-07 15:04:22
ಕಲೆ,* ನೆಲದ ಮೇಲೆ ಉಂಟಾದ ಕಲೆ ತೆಗೆಯಲು ಉಪ್ಪು ಮಿಶ್ರಿತ ಸೋಪು ದ್ರಾವಣ ಬಳಸಿದರೆ ಶೀಘ್ರ ಕಲೆ ನಿವಾರಣೆಯಾಗುತ್ತದೆ.,"ಕೊಳೆ, ಕಳಂಕ","Dirt, Stain",Yes,a,2025-02-07 15:04:22
ಕಲೆ,ಆದರೆ ಕತ್ತಿಗೆ ಅಂಟಿದ ರಕ್ತದ ಕಲೆ ಒರೆಸಿಕೊಳ್ಳುವಷ್ಟೇ ಸಲೀಸಲಾಗಿ ತಮ್ಮ ಮೈಮೇಲಿನ ಗಾಯಗಳನ್ನು ಒರೆಸಿ ಮತ್ತೆ ಹಣಾಹಣಿಗೆ ಸಿದ್ಧರಾಗುತ್ತಾರೆ.,"ಕೊಳೆ, ಕಳಂಕ","Dirt, Stain",Yes,a,2025-02-07 15:04:22
ಕಲೆ,ಕುತ್ತಿಗೆ ಮೇಲಿನ ಕಪ್ಪು ಕಲೆ ನಿವಾರಿಸಲು ಶಿಯಾ ಬಟರ್ ಬಳಸಿ,"ಕೊಳೆ, ಕಳಂಕ","Dirt, Stain",Yes,a,2025-02-07 15:04:22
ಕಲೆ,"ರಕ್ತದ ಕಲೆ ಕಾಣುವಂತೆ ಹಣೆಗೆ, ಕೈಗೆ ಬ್ಯಾಂಡೇಜ್‌.","ಕೊಳೆ, ಕಳಂಕ","Dirt, Stain",Yes,a,2025-02-07 15:04:22
ಕಲೆ,ಕಪ್ಪು ಕಲೆ : ಕಣ್ಣುಗಳ ಕೆಳಗಿರುವ ಕಪ್ಪು ಕಲೆಗಳನ್ನು ಹೋಗಲಾಡಿಸಲು ಆಲೂಗಡ್ಡೆ ಉತ್ತಮ ಔಷಧಿ.,"ಕೊಳೆ, ಕಳಂಕ","Dirt, Stain",Yes,a,2025-02-07 15:04:22
ಕಲೆ,ಎನ್ಕೌಂಟರ್ ಸಮಯದಲ್ಲಿ ಸೊಹ್ರಾಬುದ್ದೀನ್ ಕಿಸೆಯಿಂದ ಪಡೆಯಲಾಗಿದೆಯೆಂದು ಪೊಲೀಸರು ಹೇಳಿದ್ದ ಟಿಕೆಟ್ ನಲ್ಲಿ ರಕ್ತದ ಕಲೆ ಇಲ್ಲ ಎಂಬುದು ಪ್ರಾಸಿಕ್ಯೂಷನ್ ನ ಗಮನಸೆಳೆಯಿತು.,"ಕೊಳೆ, ಕಳಂಕ","Dirt, Stain",Yes,a,2025-02-07 15:04:22
ಕಲೆ,"ಐದು ಪೈಸೆ, ಹತ್ತು ಪೈಸೆಗೆ ಫೋಟೊ, ಐವತ್ತು ಪೈಸೆಯ ಫೋಸ್ಟ್‌ ಕಾರ್ಡ್‌, ಗ್ರೀಟೀಂಗ್ಸ್‌ ಕಾರ್ಡ್‌ಗಳನ್ನು ಕಲೆ ಹಾಕಿದೆ ಎನ್ನುತ್ತಾರೆ ಅವರು.","ಕೊಳೆ, ಕಳಂಕ","Dirt, Stain",Yes,a,2025-02-07 15:04:22
ಕಲೆ,ಪಾಲಿಯುರೇಥೇನ್ ಬಣ್ಣದ - ಬಣ್ಣದ ಕಲೆ,"ಕೊಳೆ, ಕಳಂಕ","Dirt, Stain",Yes,a,2025-02-07 15:04:22
ಕಲೆ,"ಕಲೆ ಮೊದಲ ಪ್ರಯತ್ನಗಳಲ್ಲಿ, ಅಥವಾ ಶಿಕ್ಷೆಯ ಕೋಶದಲ್ಲಿ ಕೆಲವು ದಿನಗಳ","ಕೊಳೆ, ಕಳಂಕ","Dirt, Stain",Yes,a,2025-02-07 15:04:22
ಕಲೆ,ಪರಿ ಪೂರ್ಣವಾಗಿ ರಕ್ತದ ಕಲೆ ನೆಲಕ್ಕೆ ಅಂಟಿಕೊಂಡಿತ್ತು.,"ಕೊಳೆ, ಕಳಂಕ","Dirt, Stain",Yes,a,2025-02-07 15:04:22
ಕಲೆ,ಅದರಲ್ಲೂ ಲೆದರ್ ಶೂ ವಿನ ಮೇಲೆ ಆದಂತಹ ಕಲೆ ಪಕ್ಕನೇ ಹೋಗುವುದಿಲ್ಲ.,"ಕೊಳೆ, ಕಳಂಕ","Dirt, Stain",Yes,a,2025-02-07 15:04:22
ಕಲೆ,"ಇದನ್ನು ವಾರದಲ್ಲಿ 3 ಬಾರಿ ಹಚ್ಚಿ, ಕಪ್ಪು ಕಲೆ ಮಾಯವಾಗುವುದು.","ಕೊಳೆ, ಕಳಂಕ","Dirt, Stain",Yes,a,2025-02-07 15:04:22
ಕಲೆ,ವಾರಕ್ಕೆ ಎರಡು ಬಾರಿ ಸೈಂಧವ ಲವಣದ ಪ್ಯಾಕ್ ಹಚ್ಚಿಕೊಳ್ಳುವುದ್ರಿಂದ ಕಪ್ಪು ಕಲೆ ಕಡಿಮೆಯಾಗುತ್ತದೆ.,"ಕೊಳೆ, ಕಳಂಕ","Dirt, Stain",Yes,a,2025-02-07 15:04:23
ಕಲೆ,ಕತ್ತಲೆಯಲ್ಲಿ ಚಾಪೆ ಹೆಣೆಯುವ ಕಲೆ,"ಲಲಿತವಿದ್ಯೆ, ಕುಶಲವಿದ್ಯೆ",art,Yes,a,2025-02-07 15:17:57
ಕಲೆ,"ನಟಿ, ನೃತ್ಯಗಾರ್ತಿಯಾಗಿರುವ ಶ್ರುತಿ ಹರಿಹರನ್ ಅವರು ಮಾಡಿರುವ ಆರೋಪಗಳೇನೆಂದರೆ, ವಿಸ್ಮಯ ಚಿತ್ರೀಕರಣದ ಸಂದರ್ಭದಲ್ಲಿ ಅರ್ಜುನ್ ಸರ್ಜಾ ಅವರು ರಿಹರ್ಸಲ್ ಮಾಡುವಾಗ ಕಲೆ ಮತ್ತು ಕಾಮದ ನಡುವಿನ ಗೆರೆಯನ್ನು ಮೀರಿದ್ದರು.","ಲಲಿತವಿದ್ಯೆ, ಕುಶಲವಿದ್ಯೆ",art,Yes,a,2025-02-07 15:17:57
ಕಲೆ,ದೇಶದಲ್ಲೇ ಮಲ್ಲಗಂಭ ಸಾಹಸ ಕಲೆ ಪ್ರದರ್ಶನ ನೀಡುವ ಅಂಧ ಮಕ್ಕಳ ತಂಡ ನಮ್ಮ ಶಾಲೆಯ ವಿದ್ಯಾರ್ಥಿ ತಂಡ ಒಂದೇ ಇರಬೇಕು ಎಂದು ಸಂತಸ ವ್ಯಕ್ತಪಡಿಸಿದರು.,"ಲಲಿತವಿದ್ಯೆ, ಕುಶಲವಿದ್ಯೆ",art,Yes,a,2025-02-07 15:17:57
ಕಲೆ,"ಯೋಗ, ಧ್ಯಾನ, ಸಂಗೀತ, ಕಲೆ ಇವುಗಳ ಬಗ್ಗೆ ಹೆಚ್ಚು ಆಸಕ್ತಿ ವಹಿಸುವುದರಿಂದ ಒತ್ತಡ ಕಡಿಮೆಯಾಗುತ್ತದೆ.","ಲಲಿತವಿದ್ಯೆ, ಕುಶಲವಿದ್ಯೆ",art,Yes,a,2025-02-07 15:17:57
ಕಲೆ,ಸ್ಟಿಕ್ಲೇ ಶೈಲಿ: ಕಲಾಕಾರರು ಸಂಪ್ರದಾಯದಲ್ಲಿ ಕಲೆ ಮತ್ತು ಕರಕುಶಲ ಮನೆಗಳು,"ಲಲಿತವಿದ್ಯೆ, ಕುಶಲವಿದ್ಯೆ",art,Yes,a,2025-02-07 15:17:57
ಕಲೆ,"ಅವರು ಚಟುವಟಿಕೆಗಳನ್ನು ಸಕ್ರಿಯವಾಗಿ ಬೋಧನೆ ಆಸಕ್ತಿಗೊಂಡನು ಮತ್ತು ಅವರ ಕಲೆ ಇದೀಗ ಥಿಯೇಟರ್ಗಳಲ್ಲಿ ಹಾಗೂ ದೂರದರ್ಶನದಲ್ಲಿ ಪ್ರೇಕ್ಷಕರು ಸಂತೋಷಪಡಿಸಿ ಉತ್ತಮ ನಟರು, ಸಾಕಷ್ಟು ತರಬೇತಿ ನೀಡಿದೆ.","ಲಲಿತವಿದ್ಯೆ, ಕುಶಲವಿದ್ಯೆ",art,Yes,a,2025-02-07 15:17:57
ಕಲೆ,ಕಲೆ ರೂಪದ ಆರಿಸುವಾಗ ಆಫ್ ಒರಿಗಮಿ ಕ್ರಿಸ್ಮಸ್ ಗೊಂಬೆಗಳು ಮಾಡ್ಯೂಲ್ ಎಲ್ಲಾ ಇತರರ ಹೆಚ್ಚು ಸುಂದರ ಮತ್ತು ಅಸಾಮಾನ್ಯ ಪಡೆಯಬಹುದು.,"ಲಲಿತವಿದ್ಯೆ, ಕುಶಲವಿದ್ಯೆ",art,Yes,a,2025-02-07 15:17:58
ಕಲೆ,ಅವರು ಕಲೆ ನೋಡಲು ಇಷ್ಟಪಡುತ್ತಾರೆ ಮತ್ತು ಅವರು ನಿಮ್ಮ ಕೆಲಸವನ್ನು ನೋಡುತ್ತಾರೆ.,"ಲಲಿತವಿದ್ಯೆ, ಕುಶಲವಿದ್ಯೆ",art,Yes,a,2025-02-07 15:18:00
ಕಲೆ,ಈ ಕಲೆ ಉಳಿಸಲು ಸಾಕಷ್ಟು ಹೋರಾಟ ನಡೆಸುತ್ತಿದ್ದೇನೆ.,"ಲಲಿತವಿದ್ಯೆ, ಕುಶಲವಿದ್ಯೆ",art,Yes,a,2025-02-07 15:18:00
ಕಲೆ,"ಈ ಕಲೆ ಮತ್ತು ಎಲ್ಲರೂ ಮಾಡಬಹುದು ಮಾಸ್ಟರ್, ಆದರೆ ಸಾಧಿಸು ಪ್ರಯತ್ನದಲ್ಲಿ ಮಾಡಲು ಹೊಂದಿರುತ್ತದೆ.","ಲಲಿತವಿದ್ಯೆ, ಕುಶಲವಿದ್ಯೆ",art,Yes,a,2025-02-07 15:18:00
ಕಲೆ,ಆಸ್ಟ್ರೇಲಿಯದ ನಾಟಕ ಕಲೆ ರಾಷ್ಟ್ರೀಯ ಅಕಾಡೆಮಿ ದಾಖಲೆಗಳನ್ನು ಸಲ್ಲಿಸಲು ನಟನಾ ಪರೀಕ್ಷೆ ಮತ್ತು ಸಮಾನಾಂತರವಾಗಿ ಹಾಜರಾಗುತ್ತಿದ್ದಳು ಅದೃಷ್ಟ ಪಡೆಯಲು ಆಶಯದೊಂದಿಗೆ.,"ಲಲಿತವಿದ್ಯೆ, ಕುಶಲವಿದ್ಯೆ",art,Yes,a,2025-02-07 15:18:00
ಕಲೆ,ಕರ್ನಾಟಕದಲ್ಲಿ ಪ್ರಾಚೀನ ಕಾಲದಿಂದಲು ಈ ಕಲೆ ರೂಢಿಯಲ್ಲಿದೆ.,"ಲಲಿತವಿದ್ಯೆ, ಕುಶಲವಿದ್ಯೆ",art,Yes,a,2025-02-07 15:18:00
ಕಲೆ,ನವೋದಯ ಕಲೆ ಪ್ರಭಾವಗಳು ಕ್ಯುಪಿಡ್ನ ಸ್ವರೂಪದಲ್ಲಿ ಬದಲಾವಣೆ,"ಲಲಿತವಿದ್ಯೆ, ಕುಶಲವಿದ್ಯೆ",art,Yes,a,2025-02-07 15:18:00
ಕಲೆ,"ಚಿತ್ರಕ್ಕೆ ಕಥೆ, ಸಂಭಾಷಣೆ ಚಿಂತನ್, ಛಾಯಾಗ್ರಹಣ ಸತ್ಯ, ಸಂಗೀತ ಹರಿಕೃಷ್ಣ, ಕಲೆ ಈಶ್ವರಿ ಕುಮಾರ್, ಸಾಹಸ ರವಿವರ್ಮ, ನೃತ್ಯ ಮುರುಳಿ, ಗಣೇಶ್, ಕಲೈ, ಸಂಕಲನ ಪ್ರಕಾಶ್, ನಿರ್ಮಾಣ ಮೇಲ್ವಿಚಾರಣೆ ಮೋಹನ್, ನಿರ್ಮಾಣ ನಿರ್ವಹಣೆ ಅನಿಲ್‌ಕುಮಾರ್, ಚಿತ್ರದ ಸಹ ನಿರ್ಮಾಪಕರು ಮಹೇಶ್ ನಂಜಯ್ಯ, ಎಂ.","ಲಲಿತವಿದ್ಯೆ, ಕುಶಲವಿದ್ಯೆ",art,Yes,a,2025-02-07 15:18:00
ಕಲೆ,"ಮೀಟರ್ - ಕಟ್ಟಡವು ಚಾಪ ಆಕಾರದಲ್ಲಿ ರೂಪುಗೊಳ್ಳುತ್ತದೆ, ಮುಖ್ಯ ಸ್ಥಳದಲ್ಲಿ ದೊಡ್ಡ ಕ್ಯಾನ್ವಾಸ್ ಕಲೆ ಆವರಿಸಿಕೊಂಡಿದೆ, ಇದು ಉದ್ದ 67 ಮೀಟರ್, ಎತ್ತರ ಹೊಂದಿದೆ.","ಲಲಿತವಿದ್ಯೆ, ಕುಶಲವಿದ್ಯೆ",art,Yes,a,2025-02-07 15:18:00
ಕಲೆ,ಮೃಗಾಲಯದ ಮಕ್ಕಳಿಗೆ ನಿರಂತರವಾಗಿ ಕಲೆ ತರಗತಿಗಳು ನಡೆಯಿತು.,"ಲಲಿತವಿದ್ಯೆ, ಕುಶಲವಿದ್ಯೆ",art,Yes,a,2025-02-07 15:18:00
ಕಲೆ,"ಕಾದಂಬರಿಯಲ್ಲಿ, ಹೆಸ್ಸೆ ಎಂಬುದನ್ನು ಮಧ್ಯಮವರ್ಗದ ಸಮಾಜದಲ್ಲಿ ಕಲೆ ಏನಾಗಬಹುದು ಯೋಚಿಸಿದ್ದೀರಾ, ಯಾವುದೇ ಸೃಜನಶೀಲತೆ ಆಳವಾಗಿ ಪ್ರತಿಕೂಲ?","ಲಲಿತವಿದ್ಯೆ, ಕುಶಲವಿದ್ಯೆ",art,Yes,a,2025-02-07 15:18:00
ಕಲೆ,ಹರದೇಶಿ-ನಾಗೇಶಿ: ಕಲೆ ಮತ್ತು ಕಲಾವಿದರು ಲಿಂಗಸಂಬಂಧಿ ಅಧ್ಯಯನ: ೪.,"ಲಲಿತವಿದ್ಯೆ, ಕುಶಲವಿದ್ಯೆ",art,Yes,a,2025-02-07 15:18:00
ಕಲೆ,"ಆಕಾಶಬುಟ್ಟಿಗಳ ಒಂದು ಗುಂಪನ್ನು ನೀವೇ ಹೇಗೆ ಮಾಡಬೇಕೆಂದು ನೀವು ತಿಳಿದುಕೊಳ್ಳಲು ಬಯಸಿದರೆ, ಬಲೂನ್ಗಳಿಂದ ವ್ಯಕ್ತಿಗಳನ್ನು ರಚಿಸುವ ಕಲೆ - ಇದು ನಿಮಗೆ ತಿರುಗಿಸಲು ಸಹಾಯ ಮಾಡುತ್ತದೆ.","ಲಲಿತವಿದ್ಯೆ, ಕುಶಲವಿದ್ಯೆ",art,Yes,a,2025-02-07 15:18:00
ಕಲೆ,"ರುಚಿಯಾಗಿ ಅಡುಗೆ ಮಾಡುವ ಕಲೆ ಎಲ್ಲರಿಗೂ ಸಿದ್ಧಿಸುವುದಿಲ್ಲ, ಅಡುಗೆ ರುಚಿಗಟ್ಟುವುದು ನಿರಂತರ ಅಭ್ಯಾಸದಿಂದ.","ಲಲಿತವಿದ್ಯೆ, ಕುಶಲವಿದ್ಯೆ",art,Yes,a,2025-02-07 15:18:00
ಕಲೆ,"ಕಲೆಯ ವಿಕಾಸವನ್ನು ಸಮಗ್ರವಾಗಿ ಕಲೆ ಹಾಕಲು, ಮುಂದಿನ ಪೀಳಿಗೆಗೆ ಅರ್ಥೈಸಲು ಸಾಕ್ಷಚಿತ್ರಗಳ ದಾಖಲೀಕರಣದಿಂದ ಮಾತ್ರ ಸಾಧ್ಯ ಎಂದರು.","ಲಲಿತವಿದ್ಯೆ, ಕುಶಲವಿದ್ಯೆ",art,Yes,a,2025-02-07 15:18:00
ಕಲೆ,"ಹೀಗಾಗಿ ಗ್ಯಾಲರಿ ಕಲೆ ಹೊರ ಜಗತ್ತಿಗೂ ಕಾಣಬೇಕು, ಆ ಮೂಲಕ ಜನರು ಕಲೆಯ ಬಗೆಗೆ ಚರ್ಚಿಸುವ, ಸಂವಾದ ಕೈಗೊಳ್ಳುವಂತೆ ಮಾಡಬೇಕು ಎಂಬೆಲ್ಲಾ ಆಸೆ ನನ್ನನ್ನು ಕಾಡಿತ್ತು.","ಲಲಿತವಿದ್ಯೆ, ಕುಶಲವಿದ್ಯೆ",art,Yes,a,2025-02-07 15:18:00
ಕಲೆ,ಕೇಂದ್ರಬಿಂದುವಾಗಿ ಈ ಚಿಹ್ನೆಗಳನ್ನು ಬಳಸುವುದು ಸಹ ಉತ್ತಮವಾಗಿದೆ ಏಕೆಂದರೆ ಇದು ಕಲೆ ಮತ್ತು ಚಿತ್ರಗಳ ಸಾಂಪ್ರದಾಯಿಕ ಆಯ್ಕೆಗಳಿಗೆ ಬೇರೆ ಪರ್ಯಾಯವಾಗಿದೆ.,"ಲಲಿತವಿದ್ಯೆ, ಕುಶಲವಿದ್ಯೆ",art,Yes,a,2025-02-07 15:18:00
ಕಲೆ,ಲಕ್ಕಿ ಉಗುರು ಕಲೆ ಅತ್ಯಂತ ಅವಿಧೇಯ ಮಹಿಳೆಯರ ಅಗತ್ಯಗಳನ್ನು ಪೂರೈಸಲು.,"ಲಲಿತವಿದ್ಯೆ, ಕುಶಲವಿದ್ಯೆ",art,Yes,a,2025-02-07 15:18:00
ಕಲೆ,"ಪಾತ್ರಗಳ ಘನತೆಯನ್ನು ಬಲ್ಲ ಕಲಾವಿದರು, ಸಾಹಿತಿಗಳು, ಚಿಂತಕರು ಕಾಪಿಟ್ಟ ಕಲೆ ಯಕ್ಷಗಾನ.","ಲಲಿತವಿದ್ಯೆ, ಕುಶಲವಿದ್ಯೆ",art,Yes,a,2025-02-07 15:18:00
ಕಲೆ,"ಶೀರ್ಷಿಕೆಯಲ್ಲೇ ಮುನಿರತ್ನ ಎಂಬ ಹೆಸರು ಸೇರಿಸಿಕೊಂಡು, ನಿರ್ದೇಶಕನನ್ನು ಬದಿಗೊತ್ತಿ ರಾಜಕೀಯ ಹಿನ್ನೆಲೆಯ ತನ್ನ ಹಣವಂತ ನಿರ್ಮಾಪಕನನ್ನು ಮೆರೆಸಲು ಹಾತೊರೆಯುತ್ತಿರುವ ಕುರುಕ್ಷೇತ್ರ ಸಿನೆಮಾ ಬಿಡುಗಡೆಯಾದ ನಂತರ ಒಂದೊಮ್ಮೆ ಹಣಗಳಿಕೆಯಲ್ಲಿ ಬಾಹುಬಲಿಯ ದಾಖಲೆಗಳನ್ನು ಮುರಿದುಹಾಕಿದರೂ ಸಹ ತನ್ನ ನಿರ್ದೇಶಕನನ್ನು ನಡೆಸಿಕೊಳ್ಳುವ ವಿಚಾರದಲ್ಲಿ ಸೋತುಹೋದ ಕಲೆ ಮಾತ್ರ ಯಾವತ್ತಿಗೂ ಹಾಗೇ ಉಳಿಯಲಿದೆ.","ಲಲಿತವಿದ್ಯೆ, ಕುಶಲವಿದ್ಯೆ",art,Yes,a,2025-02-07 15:18:01
ಕಲೆ,ಉನ್ನತ ಕಲೆ ಯಾವುದೇ ದೇಶ ಸಂಸ್ಕೃತಿಯ ಜನರ‍ನ್ನು ಸೆರೆ ಹಿಡಿಯಬಲ್ಲದು ಎಂಬುದಕ್ಕೆ ಸುಬ್ಬಣ್ಣನವರೇ ಸಾಕ್ಷಿ.,"ಲಲಿತವಿದ್ಯೆ, ಕುಶಲವಿದ್ಯೆ",art,Yes,a,2025-02-07 15:18:01
ಕಲೆ,ತಮ್ಮ ಮನೋಜ್ಞ ಅಭಿನಯದ ಮೂಲಕ ಎಂಥ ಪಾತ್ರವಾದರೂ ಸರಿಯೇ ಅದಕ್ಕೆ ಜೀವಕಳೆ ತುಂಬುವ ಕಲೆ ಬಲ್ಲ ಬಿ.,"ಲಲಿತವಿದ್ಯೆ, ಕುಶಲವಿದ್ಯೆ",art,Yes,a,2025-02-07 15:18:01
ಕಲೆ,"ಆರ್ಕಿಟೆಕ್ಚರ್ನಲ್ಲಿನ ಇನ್ನಿವೇಶನ್ ಮತ್ತು ಕ್ರಿಯೇಟಿವ್ ಸ್ಟ್ರಾಟಜೀಸ್ ಕಾನ್ಲ್ಯೂಯನ್ಸ್ ಇನ್ಸ್ಟಿಟ್ಯೂಟ್ ಮತ್ತು ಫ್ರಾನ್ಸ್ನ ಲಿಯಾನ್ನಲ್ಲಿದೆ, ವಾಸ್ತುಶಿಲ್ಪ ಕಾರ್ಯಕ್ರಮವು ಐದು ವಿಷಯಾಧಾರಿತ ಕ್ಷೇತ್ರಗಳ ಛೇದನದ ಸುತ್ತಲೂ ನಿರ್ಮಿಸಲಾಗಿದೆ: ನರವಿಜ್ಞಾನ, ಹೊಸ ತಂತ್ರಜ್ಞಾನಗಳು, ಸಾಮಾಜಿಕ ಕ್ರಿಯೆ, ದೃಶ್ಯ ಕಲೆ ಮತ್ತು ಭೌತಶಾಸ್ತ್ರ.","ಲಲಿತವಿದ್ಯೆ, ಕುಶಲವಿದ್ಯೆ",art,Yes,a,2025-02-07 15:18:01
ಕಲೆ,"ಇವುಗಳು ಅಟಗಳು, ಮನಸ್ಸನ್ನು ವೃದ್ಧಿಸುವ ಮೈಂಡ್ ಗೇಮ್ ಗಳು, ಕಲೆ ಸಂಸ್ಕೃತಿಯ ಪರಿಚಯ- ಇತ್ಯಾದಿಗಳನ್ನು ಒಳಗೊಂಡಿದೆ.","ಲಲಿತವಿದ್ಯೆ, ಕುಶಲವಿದ್ಯೆ",art,Yes,a,2025-02-07 15:18:01
ಕಲೆ,"ಇಲ್ಲಿ ವೃತ್ತಿಪರ ಶಿಕ್ಷಕರು, ಅವುಗಳಲ್ಲಿ ಕಲೆ ಒಂದು ಪ್ರೀತಿ ತುಂಬುವುದು, ಆಕರ್ಷಕವಾಗಿ ಸರಿಸಲು ಜವಾಬ್ದಾರಿ ಮತ್ತು ಆತ್ಮ ವಿಶ್ವಾಸ ಅವರನ್ನು ಶಿಕ್ಷಣ ತಂಡಗಳು ನೃತ್ಯ, ಕೆಲಸ, ಮಕ್ಕಳಿಗೆ ಪಾಠ.","ಲಲಿತವಿದ್ಯೆ, ಕುಶಲವಿದ್ಯೆ",art,Yes,a,2025-02-07 15:18:01
ಕಲೆ,"ಅಲ್ಲಿ ಗ್ರೂಮಿಂಗ್‌, ಮಾತನಾಡುವ ಕಲೆ ಬಗ್ಗೆ ಕಲಿತುಕೊಂಡರು.","ಲಲಿತವಿದ್ಯೆ, ಕುಶಲವಿದ್ಯೆ",art,Yes,a,2025-02-07 15:18:02
ಕಲೆ,ಮಾಸ್ಕೋ ಚಲನಚಿತ್ರ ಕಲೆ ಸಂಸ್ಥೆ ಪದವಿ - ಯಾವುದೇ ಚಿತ್ರ ರೇಜ್ ವಿಮರ್ಶೆ ಕಡೆಗಣಿಸಬೇಡಿ ಪ್ರತಿಭಾವಂತ ಕ್ಯಾಮೆರಾ ಕೆಲಸ ರೋಮನ್ Vasyanova ಬರೆದ.,"ಲಲಿತವಿದ್ಯೆ, ಕುಶಲವಿದ್ಯೆ",art,Yes,a,2025-02-07 15:18:02
ಕಲೆ,ಫೋಟೋ ಕಲೆ © [ಜೇಡಿ ನೈಟ್ಸ್],"ಲಲಿತವಿದ್ಯೆ, ಕುಶಲವಿದ್ಯೆ",art,Yes,a,2025-02-07 15:18:02
ಕಲೆ,ಕಲೆ ಎಂಬುದು ಸಂಗೀತದಂತೆ.,"ಲಲಿತವಿದ್ಯೆ, ಕುಶಲವಿದ್ಯೆ",art,Yes,a,2025-02-07 15:18:02
ಕಲೆ,ಈ ಹಿನ್ನೆಲೆಯಲ್ಲಿ ಸಿನಿಮಾ ಒಂದು ಒಕ್ಕೂಟ ಕಲೆ ಎಂದಿದ್ದಾರೆ.,"ಲಲಿತವಿದ್ಯೆ, ಕುಶಲವಿದ್ಯೆ",art,Yes,a,2025-02-07 15:18:02
ಕಲೆ,ಇದಕ್ಕೆ ಪೂರಕವಾಗಿ ಕಲೆ ವಿಭಾಗ ಕೂಡಾ ಸಹಕಾರ ನೀಡಿದೆ.,"ಲಲಿತವಿದ್ಯೆ, ಕುಶಲವಿದ್ಯೆ",art,Yes,a,2025-02-07 15:18:02
ಕಲೆ,"ಊಟ ಬಡಿಸುವುದು, ಉಣಿಸುವುದು ಕಲೆ ಅನ್ನೋದನ್ನು ಚಿಕ್ಕವಯಸ್ಸಲ್ಲೇ ಅರ್ಥ ಮಾಡಿಕೊಂಡದ್ದು ಅಮ್ಮನಿಂದಲೇ.","ಲಲಿತವಿದ್ಯೆ, ಕುಶಲವಿದ್ಯೆ",art,Yes,a,2025-02-07 15:18:02
ಕಲೆ,ಸಿನಿಮಾ ಕೈ ಹಿಡಿಯಲಿಲ್ಲ: ಕಲೆ ಎಲ್ಲರನ್ನೂ ಒಳಗೆ ಕರೆದುಕೊಳ್ಳುತ್ತದೆ.,"ಲಲಿತವಿದ್ಯೆ, ಕುಶಲವಿದ್ಯೆ",art,Yes,a,2025-02-07 15:18:02
ಕಲೆ,ವರ್ಕ್ಸ್ ಕಲೆ ಮತ್ತು ವಿವಿಧ ಆಸಕ್ತಿ ವಿರಳವಾಗಿರುತ್ತವೆ ಸಹ ಮೊದಲ ಎಸ್ಟೇಟ್ ಮಾಲೀಕರ.,"ಲಲಿತವಿದ್ಯೆ, ಕುಶಲವಿದ್ಯೆ",art,Yes,a,2025-02-07 15:18:02
ಕಳೆ,ರಾಜ್ಯೋತ್ಸವ ಸಂಭ್ರಮದ ಕಳೆ ಹೆಚ್ಚಿಸಿದ ಚಿಣ್ಣರಿವರು.,"ಕಾಂತಿ, ತೇಜಸ್ಸು",Radiance,Yes,Darshan R K,2025-02-08 08:05:44
ಕಳೆ,ತರುಣಿಯ ಬಿಂಬದಲ್ಲಿಯೂತೇಜಸ್ವಿಗಳಾಗಿ ಕಣ್ಣುಗಳಲ್ಲಿಯೂ ಆ ದಿನ ಏನೋ ಒಂದು ವಿಧವಾದ ತೃಪ್ತಿ ಸಂತೋಷಗಳ ಹೊಸ ಕಳೆ ಮೊಳೆದೋರಿತ್ತು.,"ಕಾಂತಿ, ತೇಜಸ್ಸು",Radiance,Yes,Darshan R K,2025-02-08 08:05:44
ಕಳೆ,ಪೊಲೀಸ್ ಇಲಾಖೆಯ ವಾದ್ಯವೃಂದ ಹಿಮ್ಮೇಳನ ಸಾಂಸ್ಕೃತಿಕ ಕಾರ್ಯಕ್ರಮಗಳಿಗೆ ಕಳೆ ಕಟ್ಟಿತು.,"ಕಾಂತಿ, ತೇಜಸ್ಸು",Radiance,Yes,Darshan R K,2025-02-08 08:05:44
ಕಳೆ,"ತಮಟೆ, ಮಂಗಳವಾದ್ಯ, ಡೊಳ್ಳು, ಜಾಂಚ್ ಹಾಗೂ ನಾಸಿಕ್ ಡೋಲಿನ ತಂಡ, ದಾಸ ಸಮೂಹದ ಹರಿಸೇವೆ ಕಳೆ ತಂದಿದ್ದವು.","ಕಾಂತಿ, ತೇಜಸ್ಸು",Radiance,Yes,Darshan R K,2025-02-08 08:05:44
ಕಳೆ,"ಹಂಪಿ ಉತ್ಸವಕ್ಕೆ ಈಗ ಜನಸಾಗರವೇ ಹರಿಬರುತ್ತಿದ್ದು, ಉತ್ಸವಕ್ಕೆ ಕಳೆ ಬಂದಿದೆ.","ಕಾಂತಿ, ತೇಜಸ್ಸು",Radiance,Yes,Darshan R K,2025-02-08 08:05:44
ಕಳೆ,"ಒಂದೇ ಎರಡೇ ಮೈಸೂರಿಗೆ ದಸರಾ ಕಳೆ ಬಂದಿದ್ದು, ಸಂಭ್ರಮ ಮನೆ ಮಾಡಿದೆ.","ಕಾಂತಿ, ತೇಜಸ್ಸು",Radiance,Yes,Darshan R K,2025-02-08 08:05:44
ಕಳೆ,ಮನೋಹರ್ ಕಾರ್ಯಕ್ರಮಕ್ಕೆ ಇನ್ನಷ್ಟು ಕಳೆ ಮೆರಗು ತಂದಿದ್ದಾರೆ ಎನ್ನುತ್ತಾರೆ ಜನಶ್ರೀ ಚಾನೆಲ್ ನ ಸಿಇಒ ಹಾಗೂ ಪ್ರಧಾನ ಸಂಪಾದಕರಾದ ಅನಂತ್ ಚಿನಿವಾರ್.,"ಕಾಂತಿ, ತೇಜಸ್ಸು",Radiance,Yes,Darshan R K,2025-02-08 08:05:44
ಕಳೆ,ಜೀರ್ಣೊದ್ಧಾರಗೊಳಿಸಿದ ನಂತರ ಇಡೀ ದೇಗುಲಕ್ಕೆ ವಿಶೇಷ ಕಳೆ ಬಂದಿತ್ತು.,"ಕಾಂತಿ, ತೇಜಸ್ಸು",Radiance,Yes,Darshan R K,2025-02-08 08:05:44
ಕಳೆ,ಮಂಜೂರಾಗಿದ್ದು ಸ್ಥಗಿತಗೊಂಡಿದ್ದ ಕೆರೆಯ ಹೂಳೆತ್ತುವ ಕಾರ್ಯಕ್ಕೆ ಜೀವ ಕಳೆ ಬಂದಂತಾಗಿದೆ.,"ಕಾಂತಿ, ತೇಜಸ್ಸು",Radiance,Yes,Darshan R K,2025-02-08 08:05:44
ಕಳೆ,"ಬೆಳಗಾವಿ 10: ಕಳೆದ ಸಾಲಿನಲ್ಲಿ ಮುಂಗಾರು ಹಾಗೂ ಹಿಂಗಾರು ಮಳೆ ಕೈಕೊಟ್ಟಿದ್ದರಿಂದ ಬರಗಾಲದ ಛಾಯೆಯನ್ನು ಎದುರಿಸಿದ ರೈತ ಸಮುದಾಂiÀ,ು ಕಳೆದ ಮೂರನಾಲ್ಕು ದಿನಗಳಿಂದ ಸುರಿಯುತ್ತಿರುವ ಮಳೆಯು ರೈತರ ಮುಖದಲ್ಲಿ ಸಂತೋಷದ ಕಳೆ ಮೂಡಿಸಿದೆ.","ಕಾಂತಿ, ತೇಜಸ್ಸು",Radiance,Yes,Darshan R K,2025-02-08 08:05:44
ಕಳೆ,"ಹೀಗೆ ಜನ್ನಕವಿ ತನ್ನ ಎರಡು ಕಾವ್ಯಗಳಲ್ಲಿ ಪ್ರಮುಖವಾಗಿ ಧರ್ಮವನ್ನು ಉಪದೇಶಿಸಿದರೂ ಅದಕ್ಕೆ ಕಳೆ ಕೊಡುವಂತೆ ಎರಡೂ ಕಾವ್ಯಗಳಲ್ಲೂ ಸ್ವಾರಸ್ಯವಾದ ಕಥೆಗಳನ್ನು ಹೇಳಿದ್ದಾನೆ, ಇದರಿಂದ ಕಾವ್ಯಗಳನ್ನು ಆಸಕ್ತಿಯಿಂದ ಓದಬಹುದು.","ಕಾಂತಿ, ತೇಜಸ್ಸು",Radiance,Yes,Darshan R K,2025-02-08 08:05:44
ಕಳೆ,ಕುಮಾರಸ್ವಾಮಿ ಅವರ ಆಗಮನದಿಂದ ವಿಧಾನಸಭೆಗೆ ಹೊಸ ಕಳೆ ಬಂದ ಹಾಗೆ ಆಗುತ್ತದೆ ಎಂದು ಅವರ ಆಪ್ತೇಷ್ಟರು ಹೇಳಿದ್ದಾರೆ.,"ಕಾಂತಿ, ತೇಜಸ್ಸು",Radiance,Yes,Darshan R K,2025-02-08 08:05:44
ಕಳೆ,ಸುಂದರ ಅನಿಯಮಿತ ಸಂಭಾಷಣೆಗಳ ಮೂಲಕವೇ ಕಳೆ ಕಟ್ಟಿಕೊಂಡು ಬೆಳೆದುಕೊಳ್ಳುವ ನಾಟಕವನ್ನ ನೋಡುವಾಗ ಎಲ್ಲೂ ಬೇಸರ ಅನಿಸುವುದಿಲ್ಲ.,"ಕಾಂತಿ, ತೇಜಸ್ಸು",Radiance,Yes,Darshan R K,2025-02-08 08:05:44
ಕಳೆ,"ವಿವಿಧ ಕಲಾ ಮೇಳಗಳು, ಕಲಾವಿದರು ಮೆರವಣಿಗೆಯುದ್ಧಕ್ಕೂ ತಮ್ಮ ಕಲೆ ಪ್ರದರ್ಶಿಸಿ ಹಬ್ಬಕ್ಕೆ ಕಳೆ ತಂದುಕೊಡಲಿದ್ದಾರೆ.","ಕಾಂತಿ, ತೇಜಸ್ಸು",Radiance,Yes,Darshan R K,2025-02-08 08:05:44
ಕಳೆ,ಪ್ರತಿಯೊಬ್ಬರು ಸಂಭ್ರಮದಿಂದ ಆಚರಣೆ ಮಾಡುವ ಯುಗಾದಿ ಹಬ್ಬ ಸಿನಿಮಾರಂಗದಲ್ಲಿಯೂ ಕಳೆ ಕಟ್ಟಲಿದೆ.,"ಕಾಂತಿ, ತೇಜಸ್ಸು",Radiance,Yes,Darshan R K,2025-02-08 08:05:44
ಕಳೆ,"ನಿನ್ನೆ ಮೆರವಣಿಗೆಯಲ್ಲಿ ಡೊಳ್ಳುಕುಣಿತ, ಕೀಲಿಕುದುರೆ, ಯಕ್ಷಗಾನದ ವೇಷ, ನಾನಾ ಸ್ತಬ್ಧ ಚಿತ್ರಗಳು ಮೆರವಣಿಗೆಗೆ ಕಳೆ ನೀಡಿದವು ಮೂಡುಮನೆಯಿಂದ ಪ್ರಾರಂಭವಾಗಿ ಕಟೀಲಿನಲ್ಲಿ ಸಮಾಪ್ತಿದ ಈ ಮೆರವಣಿಗೆಯಲ್ಲಿ.","ಕಾಂತಿ, ತೇಜಸ್ಸು",Radiance,Yes,Darshan R K,2025-02-08 08:05:44
ಕಳೆ,ಸದ್ಯಕ್ಕೆ ವೀರ್ ಚಿತ್ರದಲ್ಲಿ ಬ್ಯುಸಿಯಾಗಿರುವ ಸಲ್ಲು ಮುಖದಲ್ಲಿ ಮದುಮಗನ ಕಳೆ ರಾರಾಜಿಸುತ್ತಿದೆ.,"ಕಾಂತಿ, ತೇಜಸ್ಸು",Radiance,Yes,Darshan R K,2025-02-08 08:05:45
ಕಳೆ,"ಈ ಹೆಸರಲ್ಲಿಯೇ ಸಂತಸದ ಹೊಳೆ, ಹಬ್ಬದ ಕಳೆ ಇದೆ.","ಕಾಂತಿ, ತೇಜಸ್ಸು",Radiance,Yes,Darshan R K,2025-02-08 08:05:45
ಕಳೆ,ಪ್ರವಾಸೋದ್ಯಮ ವಿಭಾಗದ ವಿದ್ಯಾರ್ಥಿಗಳು ಡೊಳ್ಳು ಬಾರಿಸುವುದರ ಮೂಲಕ ಕಳೆ ತಂದರು.,"ಕಾಂತಿ, ತೇಜಸ್ಸು",Radiance,Yes,Darshan R K,2025-02-08 08:05:45
ಕಳೆ,"ತೇಜಕುಮಾರ್‌ ಭಾಗವಹಿಸಿದ್ದು, ಟೂರ್ನಿಯ ಕಳೆ ಹೆಚ್ಚಿಸಿತ್ತು.","ಕಾಂತಿ, ತೇಜಸ್ಸು",Radiance,Yes,Darshan R K,2025-02-08 08:05:45
ಕಳೆ,ಅವಳ ಸೊರಗಿದ ದೇಹದಲ್ಲಿ ಹರೆಯದ ಕಳೆ ಇತ್ತು.,"ಕಾಂತಿ, ತೇಜಸ್ಸು",Radiance,Yes,Darshan R K,2025-02-08 08:05:45
ಕಳೆ,"ಅಲ್ಲದೇ, ಅಂಗನವಾಡಿ ಕಾರ್ಯಕರ್ತೆಯರು, ಆಶಾ ಕಾರ್ಯಕರ್ತೆಯರು, ಬಿಸಿಯೂಟ ತಯಾರಕರು ಕೆಂಪು ಸೀರೆ ಉಟ್ಟು ಮೆರವಣಿಗೆಗೆ ಕೆಂಬಾವುಟದ ಕಳೆ ತಂದು ಕಟ್ಟಿಕೊಟ್ಟರು.","ಕಾಂತಿ, ತೇಜಸ್ಸು",Radiance,Yes,Darshan R K,2025-02-08 08:05:45
ಕಳೆ,ಕಳೆದ ಎರಡು ದಿನಗಳ ಹಿಂದಿನಿಂದಲೇ ಕೃಷ್ಣಮಠ ಮತ್ತು ರಥಬೀದಿಗೆ ಹಬ್ಬದ ಕಳೆ ಬಂದಿದೆ.,"ಕಾಂತಿ, ತೇಜಸ್ಸು",Radiance,Yes,Darshan R K,2025-02-08 08:05:45
ಕಳೆ,ಕರಣ್​ ಗ್ರೋವರ್ ಹೆಂಡತಿ ಬಿಪಾಶಾಗೆ ಸಿಂಧೂರ ಇಡುವ ಮೂಲಕ ಹಬ್ಬಕ್ಕೆ ಕಳೆ ಕಟ್ಟಿದ್ದಾರೆ,"ಕಾಂತಿ, ತೇಜಸ್ಸು",Radiance,Yes,Darshan R K,2025-02-08 08:05:45
ಕಳೆ,"ಭೋರೆಂದು ಸುರಿವ ಮಳೆ, ಹಸಿರು ಸೀರೆಯನುಟ್ಟು ಬಣ್ಣಬಣ್ಣದ ಹೂಗಳ ತೊಟ್ಟ ಪ್ರಕೃತಿದೇವಿಯ ವೈಭವ ಈ ಮಾಸಕ್ಕೆ ವಿಶೇಷವಾದ ಕಳೆ ನೀಡುತ್ತದೆ.","ಕಾಂತಿ, ತೇಜಸ್ಸು",Radiance,Yes,Darshan R K,2025-02-08 08:05:45
ಕಳೆ,ಜನ್ಮಾಷ್ಟಮಿಯಂದು ಪೂರ್ತಿ ನಗರಕ್ಕೇ ಹೊಸ ಕಳೆ ತುಂಬಿಕೊಳ್ಳುತ್ತದೆ.,"ಕಾಂತಿ, ತೇಜಸ್ಸು",Radiance,Yes,Darshan R K,2025-02-08 08:05:45
ಕಳೆ,"ಮಾತು ಮುಂದುವರೆಸುತ್ತಾ ಕಲಾವಿದರಿಗೆ ಬದ್ದತೆ ಇದ್ದರೆ, ಕಳೆ ತುಂಬುತ್ತೆ.","ಕಾಂತಿ, ತೇಜಸ್ಸು",Radiance,Yes,Darshan R K,2025-02-08 08:05:45
ಕಳೆ,"ಸವದತ್ತಿ ಯಲ್ಲಮ್ಮ, ಜೋತಿರ್ಲಿಂಗ, ಸಾಯಿಬಾಬಾ ಚರಿತ್ರೆ ಹಾಗೂ ಸಂತ ಶರಣ-ಶರಣೆಯರ ಜೀವನ ಹಾಗೂ ಸಂದೇಶ ಸಾರುವ ಪೌರಾಣಿಕ ಹಾಗೂ ಕಾರ್ಗಿಲ್ ಯುದ್ಧ ಮತ್ತು ನಾಡಿನ ಕಲಾವಿದರ ನೆನಪು ಮಾಡಿಕೊಡುವಂತಹ ಸನ್ನವೇಶಗಳ ಪ್ರದರ್ಶನ ಹುಬ್ಬಳ್ಳಿಯ ಗಣೇಶ ಹಬ್ಬಕ್ಕೆ ಕಳೆ ಕಟ್ಟುವಂತಹದ್ದು.","ಕಾಂತಿ, ತೇಜಸ್ಸು",Radiance,Yes,Darshan R K,2025-02-08 08:05:45
ಕಳೆ,"ತಿರುಪತಿಯ ಕಳೆ ಇಲ್ಲಿ ಬಂದಿದೆ ಎಂದರು ಮುಖ್ಯ ಅಥಿತಿಯಾಗಿ ಉಪಸ್ಥಿತರಿದ್ದ ಹೊಗೆವಡ್ಡಿ ವೀರಾಂಜನೇಯ ದೇವಸ್ಥಾನದ ದರ್ಮದರ್ಶಿ ಅನಂತ ನಾಯ್ಕ ಮಾತನಾಡಿ ಮಾನವನು ಪರಮಾತ್ಮನಾಗಲು ಸಾಧ್ಯವಿಲ್ಲ, ಧರ್ಮಾತ್ಮನಾಗಬಹುದು.","ಕಾಂತಿ, ತೇಜಸ್ಸು",Radiance,Yes,Darshan R K,2025-02-08 08:05:45
ಕಳೆ,"ಶಿಬಿರದಲ್ಲಿ ರಸ್ತೆ, ಚರಂಡಿ ಸ್ವಚ್ಛಗೊಳಿಸಿದ ಶಿಬಿರಾರ್ಥಿಗಳು ಪುಷ್ಕರಣಿಗೆ ಹೊಸ ಕಳೆ ತಂದುಕೊಂಡಿದ್ದಾರೆ.","ಕಾಂತಿ, ತೇಜಸ್ಸು",Radiance,Yes,Darshan R K,2025-02-08 08:05:45
ಕಳೆ,ಚಾಂಪಿಯನ್ಸ್ ಟ್ರೋಫಿಗೆ ಕಳೆ ನೀಡಿದ ಗೂಗಲ್ ಡೂಡಲ್,"ಕಾಂತಿ, ತೇಜಸ್ಸು",Radiance,Yes,Darshan R K,2025-02-08 08:05:45
ಕಳೆ,"ವೀರಗಾಸೆ, ಹುಲಿವೇಷ, ನಂದಿಕೋಲು ಕುಣಿತ, ಕರಡಿ ಮಜಲು, ಮುಂತಾದ ಕಲಾತಂಡಗಳು ಹಬ್ಬದ ಕಳೆ ಸೃಷ್ಟಿಸಿದವು.","ಕಾಂತಿ, ತೇಜಸ್ಸು",Radiance,Yes,Darshan R K,2025-02-08 08:05:45
ಕಳೆ,ಆದರೆ ಮನೆಗೆ ವಾಪಸ್‌ ಹೋಗುವ ಸಂತಸದ ಕಳೆ ಮಾತ್ರ ಅವರ ಮೊಗದಲ್ಲಿ ತುಂಬಿರುತ್ತದೆ.,"ಕಾಂತಿ, ತೇಜಸ್ಸು",Radiance,Yes,Darshan R K,2025-02-08 08:05:45
ಕಳೆ,ಒಂದು ವೇಳೆ ಅವರು ಸೊಂಡೂರು ಸಂಸ್ಥಾನವನ್ನು ಮರಳಿ ಪಡೆಯುವ ಯತ್ನ ಮಾಡಿದ್ದರೆ ಅರಸು ಮನೆತನವನ್ನು ವಿರೋಧಿಸುತ್ತಿದ್ದವರ ಹೋರಾಟಕ್ಕೆ ಹೊಸ ಕಳೆ ಬರುತ್ತಿತ್ತು.,"ಕಾಂತಿ, ತೇಜಸ್ಸು",Radiance,Yes,Darshan R K,2025-02-08 08:05:45
ಕಳೆ,ಮುಖಗಳಲ್ಲಿ ವಧುವಿನ ಕಳೆ ಬಂದು ಬಿಡುತ್ತದೆ.,"ಕಾಂತಿ, ತೇಜಸ್ಸು",Radiance,Yes,Darshan R K,2025-02-08 08:05:45
ಕಳೆ,"ಪರಿಣಿತಿ ಚೋಪ್ರಾ, ವರುಣ್ ಧವನ್‌, ಜಾಕ್ವೆಲಿನ್ ಫರ್ನಾಂಡಿಸ್‌, ಪ್ರಭುದೇವಾ, ಹೃತಿಕ್ ರೋಷನ್‌, ಹಿರಿಯ ಅಥ್ಲೀಟ್‌ ಮಿಲ್ಖಾ ಸಿಂಗ್‌ ಮುಂತಾದವರು ಕಾರ್ಯಕ್ರಮಕ್ಕೆ ಕಳೆ ತುಂಬಲಿದ್ದಾರೆ ಎಂದು ಅಧಿಕಾರಿಗಳು ತಿಳಿಸಿದ್ದಾರೆ.","ಕಾಂತಿ, ತೇಜಸ್ಸು",Radiance,Yes,Darshan R K,2025-02-08 08:05:45
ಕಳೆ,"ದಾಂಪತ್ಯ ಅರ್ಥಪೂರ್ಣವಾಗಿದ್ದಾಗ ಮುನಿಸಿಗೂ ಸವಿ ಬರುತ್ತದೆ, ಕನಸಿಗೂ ಕಳೆ ಬರುತ್ತದೆ, ಹಗಲು ಹೇಗೆ ಹಾರುತ್ತದೆ, ಇರುಳು ಹೇಗೆ ಜಾರುತ್ತದೆ ಎಂಬುದೂ ತಿಳಿಯದಂತೆ ಜೀವನೋತ್ಸಾಹ ನಮ್ಮನ್ನು ಆವರಿಸಿಕೊಳ್ಳುತ್ತದೆ.","ಕಾಂತಿ, ತೇಜಸ್ಸು",Radiance,Yes,Darshan R K,2025-02-08 08:05:45
ಕಳೆ,ಇಲ್ಲಿರುವ ಯಾವ ಮುಸ್ಲಿಮರಿಗೂ ಅರಬ್ ಕಳೆ ಇಲ್ಲ.,"ಕಾಂತಿ, ತೇಜಸ್ಸು",Radiance,Yes,Darshan R K,2025-02-08 08:05:45
ಕಳೆ,ಇಂತಹ ರಾಜಾಸೀಟ್‍ಗೆ ಮತ್ತಷ್ಟು ಕಳೆ ತರುವುದ್ದಕ್ಕೆ ಪ್ರವಾಸೋದ್ಯಮ ದಿನಚಾರಣೆ ಅಂಗವಾಗಿ.,"ಕಾಂತಿ, ತೇಜಸ್ಸು",Radiance,Yes,Darshan R K,2025-02-08 08:05:45
ಕಳೆ,ಮೈಸೂರು: ಈ ಬಾರಿಯ ಮೈಸೂರು ದಸರಾಕ್ಕೆ ವಿಶೇಷ ಕಳೆ ಯಾಕೆಂದರೆ ಆರು ದಶಕಗಳ ಬಳಿಕ ಯದುವಂಶದ ಯುವರಾಜ ಖಾಸಗಿ ದರ್ಬಾರ್ ನೋಡಲಿದ್ದಾರೆ.,"ಕಾಂತಿ, ತೇಜಸ್ಸು",Radiance,Yes,Darshan R K,2025-02-08 08:05:45
ಕಳೆ,"ಗುತ್ತಿನಮನೆಯ ಗತ್ತು ಹಬ್ಬಕ್ಕೆ ಕಳೆ ತಂದಿದ್ದು,ಹಳ್ಳಿಯಿಂದ ನಗರಕ್ಕೆ ಬಂದು ನಗರದ ಜಂಜಾಟದ ಜೀವನದಲ್ಲಿ ಕಳೆದು ಹೋಗಿದ್ದ ಜನ ಗುತ್ತಿನ ಮನೆಯಲ್ಲಾದ ಹಬ್ಬದಲ್ಲಿ ಪಾಲ್ಗೊಂಡು ಸಂಭ್ರಮಿಸಿದ್ರು","ಕಾಂತಿ, ತೇಜಸ್ಸು",Radiance,Yes,Darshan R K,2025-02-08 08:05:45
ಕಳೆ,"ನಂದಿಕೋಲ ಮೇಳ, ಜಾಂಜ್ ಮೇಳ, ಡೊಳ್ಳು ಕುಣಿತ ಸೇರಿ ಜಾನಪದ ಕಲಾ ತಂಡಗಳು ರಥೋತ್ಸವಕ್ಕೆ ಕಳೆ ತಂದವು.","ಕಾಂತಿ, ತೇಜಸ್ಸು",Radiance,Yes,Darshan R K,2025-02-08 08:05:45
ಕಳೆ,ತ್ವಚೆಯಲ್ಲೂ ಯಾವುದೇ ಆಕರ್ಷಣೆಯಿಲ್ಲದೆ ಮಂಕಾದ ಕಳೆ ತೋರುತ್ತದೆ.,"ಕಾಂತಿ, ತೇಜಸ್ಸು",Radiance,Yes,Darshan R K,2025-02-08 08:05:45
ಕಳೆ,ಅಧಿವೇಶನದ ನಾಲ್ಕನೆಯ ದಿನವು ಭಾರಿ ಪ್ರತಿಭಟನೆಗಳಿಗೆ ಸಾಕ್ಷಿಯಾಗದಿದ್ದರೂ ಅನೇಕ ಸಂಘಟನೆಗಳು ಪ್ರತಿಭಟನೆ ನಡೆಸಿದ ಅಲ್ಲಿಯ ಪರಿಣಾಮ ಪರಿಸರದ ಜೀವ ಕಳೆ ಮುಂದುವರೆದಿತ್ತು.,"ಕಾಂತಿ, ತೇಜಸ್ಸು",Radiance,Yes,Darshan R K,2025-02-08 08:05:46
ಕಳೆ,ಬಾಯಾಡಿಸಲು ಉಳಿದಿದ್ದ ಅವಲಕ್ಕಿಯನ್ನು ತಂದ ಮೇಲಂತೂ ಸಂಭಾಷಣೆಗೆ ಇನ್ನೂ ಕಳೆ ಕಟ್ಟಿತ್ತು.,"ಕಾಂತಿ, ತೇಜಸ್ಸು",Radiance,Yes,Darshan R K,2025-02-08 08:05:46
ಕಳೆ,"ಸಾಲು, ಡೊಳ್ಳು ಕುಣಿತ, ಮಹಿಳಾ ವೀರಗಾಸೆ, ಕರಡಿ ಮಜಲು, ಬ್ಯಾಂಜೋ ವಾದ್ಯವೃಂದ ಕಳೆ ಕಟ್ಟಿತು.","ಕಾಂತಿ, ತೇಜಸ್ಸು",Radiance,Yes,Darshan R K,2025-02-08 08:05:46
ಕಳೆ,"ಕಾರಂತರು ಹಯವದನ, ಸಂಕ್ರಾಂತಿ, ಈಡಿಪಸ್, ಜೋಕುಮಾರಸ್ವಾಮಿ, ಸತ್ತವರ ನೆರಳು, ಏವಂ ಇಂದ್ರಜಿತ್ ನಾಟಕಗಳ ಮೂಲಕ ಹವ್ಯಾಸಿ ರಂಗಭೂಮಿಗೆ ಹೊಸ ಕಳೆ ತಂದಿದ್ದರು.","ಕಾಂತಿ, ತೇಜಸ್ಸು",Radiance,Yes,Darshan R K,2025-02-08 08:05:46
ಕಳೆ,ಹಾಗಾಗಿ ಈ ಬಾರಿಯ ವಿಟಿಯು ಘಟಿಕೋತ್ಸವದಲ್ಲಿಸಾಂಪ್ರದಾಯಿಕ ಧಿರಿಸಿನ ಕಳೆ ಮೇಳೈಸಲಿದೆ.,"ಕಾಂತಿ, ತೇಜಸ್ಸು",Radiance,Yes,Darshan R K,2025-02-08 08:05:46
ಕಳೆ,ರಂಗಭೂಮಿ ಹಳೆ ಬೆಳೆ ಹೊಸ ಕಳೆ,"ಕಾಂತಿ, ತೇಜಸ್ಸು",Radiance,Yes,Darshan R K,2025-02-08 08:05:46
ಕಳೆ,"ದೇವಾಲಯ ಸುತ್ತಮುತ್ತ ಆಟಿಕೆ ಸಾಮಾಗ್ರಿ, ತಿಂಡಿತಿನಿಸುಗಳ ಅಂಗಡಿಗಳು ಜಾತ್ರೆ ಕಳೆತಂದಿದ್ದರೆ, ಪರ ಊರುಗಳಿಂದಲೂ ಬಂಧುಗಳು ಬಂದಿದ್ದರಿಂದ ಹಬ್ಬಕ್ಕೆ ಮತ್ತಷ್ಟು ಕಳೆ ಬಂದಿತ್ತು.","ಕಾಂತಿ, ತೇಜಸ್ಸು",Radiance,Yes,Darshan R K,2025-02-08 08:05:46
ಕಳೆ,ಕಟ್ಟಡದ ಹೊರ ಭಾಗದಲ್ಲಿ ಲಾನ್‌ ಹಾಗೂ ಹಚ್ಚ ಹಸಿರಿನ ಸೊಬಗು ಹೊಸ ಕಳೆ ತಂದುಕೊಟ್ಟಿದೆ.,"ಕಾಂತಿ, ತೇಜಸ್ಸು",Radiance,Yes,Darshan R K,2025-02-08 08:05:46
ಕಳೆ,ಸ್ಯಾಮ್ ಹೂಸ್ಟನ್ ನ್ಯಾಷನಲ್ ಫಾರೆಸ್ಟ್ ಲಿಟಲ್ ಲೇಕ್ ಕ್ರೀಕ್ ಲೂಪ್ ಜಾಡು ಕಪ್ಪು ಪತಂಗಗಳು ಬಿಳಿ-ಹೂವುಗಳ ಹಾಲು ಕಳೆ (Asclepias ವೆರೀಗಟಾ).,ಬೆಳೆಗಳ ನಡುವೆ ಬೆಳೆಯುವ ಹುಲ್ಲು,Weed,Yes,Darshan R K,2025-02-08 08:13:41
ಕಳೆ,"ಅವರು ಎಲ್ಲಾ ಸಸ್ಯ ಮತ್ತು ಪ್ರಾಣಿ ಹೊರಹೋಗುವ ತ್ಯಾಜ್ಯ, ಕಳೆ ಮತ್ತು ಕಸದ, ಆಹಾರ ತ್ಯಾಜ್ಯ ಬೇಸಿಗೆಯಲ್ಲಿ ಸಂಗ್ರಹಿಸಲಾಗುತ್ತದೆ.",ಬೆಳೆಗಳ ನಡುವೆ ಬೆಳೆಯುವ ಹುಲ್ಲು,Weed,Yes,Darshan R K,2025-02-08 08:13:41
ಕಳೆ,"ಇದಲ್ಲದೆ, ಈ ವಿಧಾನದ ಬಳಕೆಗೆ ಬಿಡಿಬಿಡಿಯಾಗಿಸಿ ತೋಟಗಾರರು ಕಳೆ ಕಿತ್ತಲು ಮತ್ತು ಆಗಾಗ್ಗೆ ನೀರಿನ ಅವಶ್ಯಕತೆ ಶಮನ.",ಬೆಳೆಗಳ ನಡುವೆ ಬೆಳೆಯುವ ಹುಲ್ಲು,Weed,Yes,Darshan R K,2025-02-08 08:13:41
ಕಳೆ,ಕಳೆ ನಿಯಂತ್ರಿಸಲು ಪರಿಣಾಮಕಾರಿ ಮಾರ್ಗಗಳಲ್ಲಿ ವಿವರಣೆ,ಬೆಳೆಗಳ ನಡುವೆ ಬೆಳೆಯುವ ಹುಲ್ಲು,Weed,Yes,Darshan R K,2025-02-08 08:13:41
ಕಳೆ,ಕೃಷಿಕರಿಗೆ ಅತ್ಯಂತ ಹಾನಿಕಾರಕ ಕಳೆ ಸಸ್ಯವಾಗಿರುವ ಹಾಗೂ ಅಷ್ಟೇ ಔಷಧಿಯ ಗುಣಗಳಿಂದಲು ಕುಡಿರುವಂತಹ ಸಸ್ಯ ಈ ದತ್ತುರಿಗಿಡ ಈ ಸಸ್ಯದ ಮೂಲಸ್ಥಾನ ಮೆಕ್ಸಿಕೊದ ಉಷ್ಣವಲಯವಾಗಿದ್ದು ಇಂದು ಅಮೆರಿಕ ಹಾಗೂ ಭಾರತಾದ್ಯಂತ ಕಾಣಸಿಗುತ್ತದೆ.,ಬೆಳೆಗಳ ನಡುವೆ ಬೆಳೆಯುವ ಹುಲ್ಲು,Weed,Yes,Darshan R K,2025-02-08 08:13:41
ಕಳೆ,2-3 ಬಾರಿ ಅಂತರ ಬೇಸಾಯ ಮಾಡಿ ಕಳೆ ತೆಗೆಯಬೇಕು.,ಬೆಳೆಗಳ ನಡುವೆ ಬೆಳೆಯುವ ಹುಲ್ಲು,Weed,Yes,Darshan R K,2025-02-08 08:13:41
ಕಳೆ,"ಬೇಸಿಗೆಯಲ್ಲಿ ಪ್ಲ್ಯಾಸ್ಟಿಕ್ ತುಂಬಾ ಬಿಸಿಯಾಗಿರುತ್ತದೆ ಮತ್ತು ಕಳೆ ಬೀಜಗಳನ್ನು ಹೊಡೆಯುವುದರ ಜೊತೆಗೆ, ಸಾಕಷ್ಟು ತೇವಾಂಶ ಇಲ್ಲದಿದ್ದರೆ ಸಸ್ಯದ ಬೇರುಗಳು ಸೇರಿದಂತೆ ಮಣ್ಣಿನ ಎಲ್ಲ ಒಳ್ಳೆಯ ವಸ್ತುಗಳನ್ನು ಸಹ ಕೊಲ್ಲುತ್ತದೆ.",ಬೆಳೆಗಳ ನಡುವೆ ಬೆಳೆಯುವ ಹುಲ್ಲು,Weed,Yes,Darshan R K,2025-02-08 08:13:41
ಕಳೆ,"ಭೂಮಿ ಹದ, ಬೆಳೆಗಳಿಗೆ ಪಾತಿ, ಕಳೆ ತೆಗೆದು ತರಹೇವಾರಿ ದೇಶೀ ಮತ್ತು ವಿದೇಶಿ ತಳಿಯ ಹೂ-ಹಣ್ಣು ಬೆಳೆಯುತ್ತಿದ್ದಾರೆ.",ಬೆಳೆಗಳ ನಡುವೆ ಬೆಳೆಯುವ ಹುಲ್ಲು,Weed,Yes,Darshan R K,2025-02-08 08:13:41
ಕಳೆ,ಹಸಿರು ಬಣ್ಣದ ಕಳೆ ಗಿಡಗಳ ಮೇಲೆ ಬಿಳಿಯ ಮುತ್ತಿನಂತೆ ಹರಡಿ ಕಂಗೊಳಿಸುವ ಬೆಳ್ಳಕ್ಕಿಗಳ ಹಿಂಡು ಜನರ ಕಣ್ಮನ ತಣಿಸುತ್ತವೆ.,ಬೆಳೆಗಳ ನಡುವೆ ಬೆಳೆಯುವ ಹುಲ್ಲು,Weed,Yes,Darshan R K,2025-02-08 08:13:41
ಕಳೆ,"ಚೆರ್ರಿ ಯಾವುದೇ ವಿವಿಧ, ನೀರಿನ hoeing ಇದೆ ಕಳೆ ಕಿತ್ತಲು ಫಲೀಕರಣ ಕೀಟಗಳು ಮತ್ತು ರೋಗಗಳಿಂದ ಸಮರುವಿಕೆಯನ್ನು ಮತ್ತು ರಕ್ಷಣೆ ಆರೈಕೆಯ.",ಬೆಳೆಗಳ ನಡುವೆ ಬೆಳೆಯುವ ಹುಲ್ಲು,Weed,Yes,Darshan R K,2025-02-08 08:13:41
ಕಳೆ,ಮಹಿಳೆ ಜೀವ ಉಳಿಸಿದ ಬೆಳ್ಳಂದೂರು ಕೆರೆಯ ಕಳೆ ಗಿಡಗಳು,ಬೆಳೆಗಳ ನಡುವೆ ಬೆಳೆಯುವ ಹುಲ್ಲು,Weed,Yes,Darshan R K,2025-02-08 08:13:41
ಕಳೆ,"ಕಳೆ ಕಡಿಮೆ, ಗೊಬ್ಬರ ನಿರ್ವಹಣೆಯಾಗುತ್ತದೆ.",ಬೆಳೆಗಳ ನಡುವೆ ಬೆಳೆಯುವ ಹುಲ್ಲು,Weed,Yes,Darshan R K,2025-02-08 08:13:41
ಕಳೆ,ಬಿಡಿಬಿಡಿಯಾಗಿಸಿ ಕಳೆ ಕಿತ್ತಲು ಮತ್ತು ಸಸ್ಯಗಳ ಬೆಳವಣಿಗೆಯ ಮುಖ್ಯ ಕಾಳಜಿ ಇದ್ದಾರೆ ನಿಯತಕಾಲಿಕವಾಗಿ ಫಲೀಕರಣ.,ಬೆಳೆಗಳ ನಡುವೆ ಬೆಳೆಯುವ ಹುಲ್ಲು,Weed,Yes,Darshan R K,2025-02-08 08:13:41
ಕಳೆ,ಆದ್ದರಿಂದ ತಳಿ ಅಭಿವೃದ್ಧಿ ಮತ್ತು ಇತರ ಬೇಸಾಯ ಕ್ರಮಗಳ (ಮುಖ್ಯವಾಗಿ ಕಳೆ ನಿಯಂತ್ರಣ ಮತ್ತು ನೀರಿನ ಉಪಯೋಗ) ಸಂಶೋಧನೆಗೆ ಬಹಳ ಅವಕಾಶಗಳಿವೆ.,ಬೆಳೆಗಳ ನಡುವೆ ಬೆಳೆಯುವ ಹುಲ್ಲು,Weed,Yes,Darshan R K,2025-02-08 08:13:41
ಕಳೆ,"ಅಷ್ಟೇ ಅಲ್ಲ, ಮಣ್ಣಿನಿಂದ ಮಾಡಿದ ಪುಟ್ಟ ನೀರಿನ ಚಿಲುಮೆ ತೋಟಕ್ಕೆ ಕಳೆ ತರುತ್ತದೆ.",ಬೆಳೆಗಳ ನಡುವೆ ಬೆಳೆಯುವ ಹುಲ್ಲು,Weed,Yes,Darshan R K,2025-02-08 08:13:41
ಕಳೆ,ಕಾಲೊನಿಯಲ್ಲಿ ಬೆಳೆದಿರುವ ಕಳೆ ಸ್ವಚ್ಛಗೊಳಿಸಬೇಕು.,ಬೆಳೆಗಳ ನಡುವೆ ಬೆಳೆಯುವ ಹುಲ್ಲು,Weed,Yes,Darshan R K,2025-02-08 08:13:41
ಕಳೆ,"ಇದಲ್ಲದೆ, ಕಳೆ ಮುತ್ತಿಕೊಂಡಿರುವ ಪ್ರದೇಶಗಳಿಗೆ ತಂತ್ರ, ಹೆಚ್ಚು ಕ್ಲಾಗ್ಸ್ ಗೆ, moldboard ವಿಧಾನವನ್ನು ಉಳುಮೆ ಮತ್ತು ಭಾಗವನ್ನು ಹರಡಿತು ಕಳೆ ಬೀಜಗಳು ಕಾರ್ಯಗತಗೊಳಿಸಬಹುದು ಏಕೆಂದರೆ ಕಾರಣವಾಗುತ್ತದೆ.",ಬೆಳೆಗಳ ನಡುವೆ ಬೆಳೆಯುವ ಹುಲ್ಲು,Weed,Yes,Darshan R K,2025-02-08 08:13:41
ಕಳೆ,"ರೈತರಾದ ಚಂದ್ರಶೇಖರ ಕರಜಗಿ, ಚಂದ್ರಾಮ ಬಳಗುಂಡಿ, ವಿಜಯ ಕುಮಾರ ಪಾಟೀಲ ಹೇಳುವಂತೆ, ಬೇಗ ಮಳೆಯಾಗಿ ದ್ದರಿಂದ ಲಘು ವಾಣಿಜ್ಯ ಬೆಳೆಗಳಾದ ಹೆಸರು, ಉದ್ದು, ಅಲಸಂಧಿ, ಮೆಕ್ಕೆ ಜೋಳ ಬಿತ್ತನೆ ಮಾಡಿದ್ದೇವೆ, ಯಡೆ ಹೊಡೆದು ಕಳೆ ತೆಗೆದು ಮಳೆಗಾಗಿ ಕಾಯುತ್ತಿದ್ದೇವೆ, ಮಳೆ ಬಂದರೆ ಬೆಳೆ ಚೆನ್ನಾಗಿ ಬರುತ್ತದೆ ಎಂದು ಮಾಹಿತಿ ನೀಡಿದರು.",ಬೆಳೆಗಳ ನಡುವೆ ಬೆಳೆಯುವ ಹುಲ್ಲು,Weed,Yes,Darshan R K,2025-02-08 08:13:41
ಕಳೆ,ಆರಂಭಿಕ ವಸಂತ ನೆಟ್ಟ ಎರಡು ಸಮಸ್ಯೆಗಳನ್ನು ಪರಿಹರಿಸಬಹುದು: ಇದು ಪೋಷಕಾ ಮಣ್ಣಿನ ಒದಗಿಸುತ್ತದೆ ಮತ್ತು ಬೆಳೆಯಲು ಕಳೆ ಅನುಮತಿಸುವುದಿಲ್ಲ.,ಬೆಳೆಗಳ ನಡುವೆ ಬೆಳೆಯುವ ಹುಲ್ಲು,Weed,Yes,Darshan R K,2025-02-08 08:13:41
ಕಳೆ,ರೈತರು ಬೆಳೆಯೊಳಗಿನ ಕಳೆ ಕೀಳುವ ಮೂಲಕ ಫಸಲು ಇನ್ನಷ್ಟು ಸಮೃದ್ಧ ಬೆಳವಣಿಗೆಗೆ ಅವಕಾಶ ಮಾಡಿಕೊಡಲಿದ್ದಾರೆ.,ಬೆಳೆಗಳ ನಡುವೆ ಬೆಳೆಯುವ ಹುಲ್ಲು,Weed,Yes,Darshan R K,2025-02-08 08:13:41
ಕಳೆ,ಮತ್ತು ಸಸ್ಯದ ಕಾಂಡದ ಬಗ್ಗೆ ಎಲ್ಲಾ ಕಳೆ ಸಸ್ಯವರ್ಗದ ನಾಶ ಉತ್ತಮ.,ಬೆಳೆಗಳ ನಡುವೆ ಬೆಳೆಯುವ ಹುಲ್ಲು,Weed,Yes,Darshan R K,2025-02-08 08:13:41
ಕಳೆ,"ಚಿಕ್ಕೋಡಿ: ಗದ್ದೆಯಲ್ಲಿ ಕಳೆ ತೆಗೆಯುತ್ತಿದ್ದಾಗ ವಿದ್ಯುತ್ ಸ್ಪರ್ಶಿಸಿ ತಂದೆ-ಮಗ ಸಾವನ್ನಪ್ಪಿದ್ದು, ಓರ್ವ ಗಂಭೀರವಾಗಿ ಗಾಯಗೊಂಡ ಘಟನೆ ಚಿಕ್ಕೋಡಿಯ ಅಲಖನೂರು ಗ್ರಾಮದ ಪಾವಿನ ತೋಟದಲ್ಲಿ ನಡೆದಿದೆ.",ಬೆಳೆಗಳ ನಡುವೆ ಬೆಳೆಯುವ ಹುಲ್ಲು,Weed,Yes,Darshan R K,2025-02-08 08:13:41
ಕಳೆ,"ಸಸ್ಯಗಳು ಚಿಕ್ಕ ಯಾವಾಗ, ಇದು ಕಳೆ ಕಿತ್ತಲು ಸೂಚಿಸಲಾಗುತ್ತದೆ.",ಬೆಳೆಗಳ ನಡುವೆ ಬೆಳೆಯುವ ಹುಲ್ಲು,Weed,Yes,Darshan R K,2025-02-08 08:13:41
ಕಳೆ,"ಐಮು~ ಪ್ರಯೋಜನಗಳು: ಬೇಸಿಗೆಯಲ್ಲಿ ಕಸ ಕಡ್ಡಿಗಳನ್ನು ಒಟ್ಟುಗೂಡಿಸುವುದು, ಮಳೆಗಾಲದ ಮುಂಚೆ ಮಣ್ಣು ಹದಗೊಳಿಸುವುದು, ಮಳೆಯ ನಂತರ ಬೀಜ ಬಿತ್ತನೆ, ಕಳೆ ನಾಶಪಡಿಸುವುದು, ರಸಗೊಬ್ಬರ ಕೊಡುವುದು, ಬಿತ್ತನೆಯ ನಂತರ ಭೂಮಿಯ ಬಿರುಕು ಮುಚ್ಚುವುದು ಮತ್ತು ಕ್ರಿಮಿನಾಶಕ ಸಿಂಪಡಣೆ ಮಾಡಬಹುದು.",ಬೆಳೆಗಳ ನಡುವೆ ಬೆಳೆಯುವ ಹುಲ್ಲು,Weed,Yes,Darshan R K,2025-02-08 08:13:41
ಕಳೆ,ಸಸ್ಯಗಳ ಸಾಮಾನ್ಯ ಅಭಿವೃದ್ಧಿಗೆ ಸಾಕಷ್ಟು 2-3 ಬಾರಿ ಕಳೆ ಪೊದೆಗಳು ಮತ್ತು ಖನಿಜ ರಸಗೊಬ್ಬರಗಳು ಅವುಗಳನ್ನು ಫಲವತ್ತಾಗಿಸಲು.,ಬೆಳೆಗಳ ನಡುವೆ ಬೆಳೆಯುವ ಹುಲ್ಲು,Weed,Yes,Darshan R K,2025-02-08 08:13:41
ಕಳೆ,"ಇದು ಅಪೇಕ್ಷಣೀಯವಾಗಿದೆ , ಮಲ್ಚ್ ಕಳೆ ಹೆಚ್ಚಾಗದಂತೆ ತಡೆಯುವ ಗುರಿ ಮತ್ತು ಸಾಕಷ್ಟು ತೇವಾಂಶ ನಿರ್ವಹಿಸಲು.",ಬೆಳೆಗಳ ನಡುವೆ ಬೆಳೆಯುವ ಹುಲ್ಲು,Weed,Yes,Darshan R K,2025-02-08 08:13:41
ಕಳೆ,ಅಗಲಕ್ಕೆ ಕಾಡಿನ ಕಳೆ ತೆಗೆಯಲಾಗುತ್ತಿದ್ದು ಒಣಗಿದ ಬಳಿಕ ಸುಡಲಿದ್ದಾರೆ.,ಬೆಳೆಗಳ ನಡುವೆ ಬೆಳೆಯುವ ಹುಲ್ಲು,Weed,Yes,Darshan R K,2025-02-08 08:13:41
ಕಳೆ,ಯಂತ್ರಗಳನ್ನು ಬಳಸಿಕೊಂಡು ಸಮರೋಪಾದಿಯಲ್ಲಿ ಕಳೆ ತೆಗೆಯುವ ಕೆಲಸ ಮಾಡಬೇಕಿತ್ತು ಎಂದು ಅವರು ಅಭಿಪ್ರಾಯಪಟ್ಟರು.,ಬೆಳೆಗಳ ನಡುವೆ ಬೆಳೆಯುವ ಹುಲ್ಲು,Weed,Yes,Darshan R K,2025-02-08 08:13:41
ಕಳೆ,"ಉಂಡ್ರಾಲ್ದೊಡ್ಡಿಯ ದಲಿತ ಮಹಿಳೆಯೊಬ್ಬಳು ಸಾಗುವಳಿಮಾಡುತ್ತಿದ್ದ ಭೂಮಿಯಲ್ಲಿ ಕಳೆ ತೆಗೆಯುವ ಕೆಲಸಮಾಡುತ್ತಿದಾಗ ಅರಣ್ಯ ಇಲಾಖೆಯ ಸಿಬ್ಬಂಧಿಯವರು ಬಂದು, ಅವಾಚ್ಯ ಶಬ್ದಗಳಿಂದ ಬೈದು ಅವಳ ಕೈಯಲ್ಲಿದ್ದ ಸಲಿಕೆಯನ್ನು ಕಸಿದುಕೊಂಡು ಹೋದರು.",ಬೆಳೆಗಳ ನಡುವೆ ಬೆಳೆಯುವ ಹುಲ್ಲು,Weed,Yes,Darshan R K,2025-02-08 08:13:41
ಕಳೆ,"ಆಲ್ಮಂಡ್ ಬೇರಿನ - ಆಳವಿಲ್ಲದ, ಇದು hoeing ಮತ್ತು ಕಳೆ ಕಿತ್ತಲು ಮಾಡಿದಾಗ ವಿಚಾರಿಸಿದಾಗ ಯೋಗ್ಯವಾಗಿದೆ.",ಬೆಳೆಗಳ ನಡುವೆ ಬೆಳೆಯುವ ಹುಲ್ಲು,Weed,Yes,Darshan R K,2025-02-08 08:13:41
ಕಳೆ,"ಕೃಷಿಯ ಯಾಂತ್ರಿಕ ಸಂಶೋಧನೆಗಳಲ್ಲಿ ರೈತ ಬಳಸುತ್ತಿರುವುದು ಅಪರೂಪಕ್ಕೊಂದು ಟಿಲ್ಲರ್, ಕಳೆ ಕತ್ತರಿಸು",ಬೆಳೆಗಳ ನಡುವೆ ಬೆಳೆಯುವ ಹುಲ್ಲು,Weed,Yes,Darshan R K,2025-02-08 08:13:41
ಕಳೆ,"ರೋಗರುಜಿನಗಳನ್ನು ಉಂಟುಮಾಡುವ ಬೂಷ್ಟು, ಕ್ರಿಮಿಕೀಟಗಳಿಗೆ ಕಳೆ ಆಶ್ರಯ ಕೊಟ್ಟು ಬೆಳೆಗಳ ಮೇಲೆ ಅವು ಆಕ್ರಮಣ ನಡೆಸಲು ಕಾರಣವಾಗುತ್ತದೆ.",ಬೆಳೆಗಳ ನಡುವೆ ಬೆಳೆಯುವ ಹುಲ್ಲು,Weed,Yes,Darshan R K,2025-02-08 08:13:41
ಕಳೆ,ಸಸ್ಯಗಳು ಸುಮಾರು ಕಳೆ ಕಾಣುವುದಿಲ್ಲ.,ಬೆಳೆಗಳ ನಡುವೆ ಬೆಳೆಯುವ ಹುಲ್ಲು,Weed,Yes,Darshan R K,2025-02-08 08:13:41
ಕಳೆ,ಸುಮಾರು 9 ಇಂಚು ಅಂತರದಲ್ಲಿ ಸಾಲು ನಾಟಿ ಅಥವಾ ಮುಂಗಾರು ಮಳೆಯ ಆಗಮನಕ್ಕೂ ಮುನ್ನ ಬೀಜ ಬಿತ್ತನೆ ಮಾಡಿರುವ ಕೃಷಿ ಭೂಮಿಗಳಲ್ಲಿ ಸಸಿಗಳ ನಡುವಿನ ಅಂತರದಲ್ಲಿ ಬೆಳೆದಿರುವ ಕಳೆ ಗಿಡಗಳ ಬೇರು ಸಹಿತ ತೆಗೆಯಬಲ್ಲದು .,ಬೆಳೆಗಳ ನಡುವೆ ಬೆಳೆಯುವ ಹುಲ್ಲು,Weed,Yes,Darshan R K,2025-02-08 08:13:41
ಕಳೆ,"ಕಬ್ಬಿನ ಬೆಳೆಯಲ್ಲಿ ಕಳೆ ನಿರ್ವಹಣೆ,ತೊಗರಿ ಮತ್ತು ಹೆಸರಿನಲ್ಲಿ ಅಂತರ ಬೆಳೆ ಪದ್ಧತಿ, ಹಿಂಗಾರಿ ಬೀಜದಲ್ಲಿ ಬರ ನಿರೋಧಕತೆ ವೃದ್ಧಿಸುವ ವಿಧಾನಗಳು ವಿಶೇಷವಾಗಿವೆ.",ಬೆಳೆಗಳ ನಡುವೆ ಬೆಳೆಯುವ ಹುಲ್ಲು,Weed,Yes,Darshan R K,2025-02-08 08:13:42
ಕಳೆ,ಕಳೆ ನಿಯಂತ್ರಣಕ್ಕಾಗಿ ಪೊದೆಗಳನ್ನು ಮಲ್ಚ್ ಮಾಡಿ ಮತ್ತು ಮಣ್ಣಿನಲ್ಲಿ ತೇವಾಂಶವನ್ನು ಕಾಪಾಡಿಕೊಳ್ಳಲು.,ಬೆಳೆಗಳ ನಡುವೆ ಬೆಳೆಯುವ ಹುಲ್ಲು,Weed,Yes,Darshan R K,2025-02-08 08:13:42
ಕಳೆ,"ಅವರೊಂದಿಗೆ ಹೋರಾಟ, ವಿಜ್ಞಾನಿ ಪ್ರಕಾರ, ಕಡ್ಡಾಯ ಕಳೆ ಕಿತ್ತಲು ಒಳಗೊಂಡಿರಬೇಕು!",ಬೆಳೆಗಳ ನಡುವೆ ಬೆಳೆಯುವ ಹುಲ್ಲು,Weed,Yes,Darshan R K,2025-02-08 08:13:42
ಕಳೆ,"ಕಳೆ ಕೀಳುವುದು ದೀರ್ಘ ವಿಧಾನವಾಗಿದೆ, ರಾಸಾಯನಿಕಗಳು ಸಸ್ಯಗಳ ಅಂಗಾಂಶಗಳಲ್ಲಿ ಸಂಗ್ರಹಗೊಳ್ಳುತ್ತವೆ, ಅದು ಆರೋಗ್ಯಕ್ಕೆ ತಮ್ಮ ಹಣ್ಣುಗಳನ್ನು ಅಪಾಯಕಾರಿ ಮಾಡುತ್ತದೆ.",ಬೆಳೆಗಳ ನಡುವೆ ಬೆಳೆಯುವ ಹುಲ್ಲು,Weed,Yes,Darshan R K,2025-02-08 08:13:42
ಕಳೆ,"ಸಸ್ಯಗಳ ಕಳೆ ಕಿತ್ತಲು, ಸಡಿಲಗೊಳಿಸಲು ಮತ್ತು ನೀರನ್ನು ನಿಯಮಿತವಾಗಿ ನಡೆಸಬೇಕು.",ಬೆಳೆಗಳ ನಡುವೆ ಬೆಳೆಯುವ ಹುಲ್ಲು,Weed,Yes,Darshan R K,2025-02-08 08:13:42
ಕಳೆ,ಕಾರಣವೆಂದರೆ ಇದು ಪ್ರಸ್ತುತ ಬೀಜಗಳಾಗಿರಬಹುದು ಮಾಡುತ್ತದೆ ಕಳೆ ಮತ್ತು ಹಾನಿಕಾರಕ ಸೋಂಕುಗಳು.,ಬೆಳೆಗಳ ನಡುವೆ ಬೆಳೆಯುವ ಹುಲ್ಲು,Weed,Yes,Darshan R K,2025-02-08 08:13:42
ಕಳೆ,ರಸ್ತೆ ಒಕ್ಕಣೆಯೊಂದಿಗೆ ಜಮೀನುಗಳಲ್ಲಿ ಬೆಳೆಯುತ್ತಿರುವ ಈ ಕಳೆ ಕೃಷಿ ಭೂಮಿಯ ಫಲವತ್ತತೆ ಹೀರಿ ಹಿಪ್ಪೆ ಮಾಡುತ್ತಿವೆ.,ಬೆಳೆಗಳ ನಡುವೆ ಬೆಳೆಯುವ ಹುಲ್ಲು,Weed,Yes,Darshan R K,2025-02-08 08:13:42
ಕಳೆ,"ಮರಗಳಲ್ಲಿ ಮಕ್ಕಳನ್ನು ಕಂಡ ಮಹನೀಯರು ಅತ್ತೆ ಮೈದುನರ ಜತೆ ಕಾದಾಟ, ನೆರೆಮನೆಯವರ, ಸಂಬಂಧಿಕರಿಂದ ಅನುಭವಿಸುವ ಅವಮಾನಗಳು ಗಂಡನ ಜೊತೆಗೂಡಿ ನಗು-ಅಳು, ಗೇಣು ಹೊಟ್ಟೆಗೆ ತುಂಡು ಬಟ್ಟೆಗಾಗಿ ಜಲ್ಲಿ ಹೊಡೆಯುವುದು, ಮಣ್ಣು ಹೊರುವುದು, ಬಿತ್ತುವುದು, ಕಳೆ ತೆಗೆಯುವುದು, ರಾಗಿ ಕೊಯ್ಯುವುದು, ರಾಗಿ ತುಳಿಸುವುದು, ಕಾಳುಗಳನ್ನು ಹಸನು ಮಾಡುವುದು, ಮೊದಲಾದ ನೂರೆಂಟು ಕೆಲಸಗಳನ್ನು ಮಾಡೋದು ಆ ದೇವರ ಕರೆ ಬಂದಾಗ ಹೋಗೋದು ಇದಿಷ್ಟೇ ಜೀವನವೇ?",ಬೆಳೆಗಳ ನಡುವೆ ಬೆಳೆಯುವ ಹುಲ್ಲು,Weed,Yes,Darshan R K,2025-02-08 08:13:42
ಕಳೆ,ಲಂಟಾನ ಕಳೆ ಗಿಡ ಬೆಳೆಯುವುದನ್ನು ವೈಜ್ಞಾನಿಕವಾಗಿ ನಿರ್ಮೂಲನೆ ಮಾಡುವ ಮೂಲಕ ಬಿದಿರು ಬೆಳೆಸಲು ಇಲಾಖೆ ಕ್ರಮವಹಿಸಬೇಕಾಗಿದೆ ಎನ್ನುವರು.,ಬೆಳೆಗಳ ನಡುವೆ ಬೆಳೆಯುವ ಹುಲ್ಲು,Weed,Yes,Darshan R K,2025-02-08 08:13:43
ಕಳೆ,ಸುತ್ತ ಕಳೆ ಬೆಳೆಯಲು ತಲೆಯೆತ್ತಿ ನಿಂತೆ,ಬೆಳೆಗಳ ನಡುವೆ ಬೆಳೆಯುವ ಹುಲ್ಲು,Weed,Yes,Darshan R K,2025-02-08 08:13:43
ಕಳೆ,ಇದರ ಪರಿಣಾಮವಾಗಿ ಎಲ್ಲೆಲ್ಲೂ ಕಳೆ ಗಿಡಗಳು ದಟ್ಟವಾಗಿ ಬೆಳೆದು ನಿಂತಿವೆ.,ಬೆಳೆಗಳ ನಡುವೆ ಬೆಳೆಯುವ ಹುಲ್ಲು,Weed,Yes,Darshan R K,2025-02-08 08:13:43
ಕಳೆ,ಆದ್ದರಿಂದಲೇ ರೈತರು ಯಾವುದೇ ಬೆಳೆಯಲ್ಲಿ ಕಳೆ ಇಲ್ಲದಂತೆ ಎಚ್ಚರ ವಹಿಸುತ್ತಾರೆ.,ಬೆಳೆಗಳ ನಡುವೆ ಬೆಳೆಯುವ ಹುಲ್ಲು,Weed,Yes,Darshan R K,2025-02-08 08:13:43
ಕಳೆ,"ಹಾಸಿಗೆಗಳು ಸುಮಾರು ಮಣ್ಣಿನ ಸಾವಯವ ಮಲ್ಚ್ ವಿಯೋಜಿಸಲು ಸೂಚಿಸಲಾಗುತ್ತದೆ (ಸೂರ್ಯಕಾಂತಿ ಬೀಜಗಳ ಸಿಪ್ಪೆ, rotted ಮರದ ಪುಡಿ) - ಕೇವಲ ಶೀತಲೀಕರಣ ಪೊದೆಗಳು ಸಸ್ಯಗಳು ರಕ್ಷಿಸಲು, ಆದರೆ ಕಳೆ ಬೆಳೆಗಳನ್ನು ರಕ್ಷಿಸಲು.",ಬೆಳೆಗಳ ನಡುವೆ ಬೆಳೆಯುವ ಹುಲ್ಲು,Weed,Yes,Darshan R K,2025-02-08 08:13:43
ಕಳೆ,ಗಿಜಿಗುಡುವ ಬೆಂಗಳೂರಿನಿಂದ ಐವತ್ತು ಕಿಲೋ ಮೀಟರ್ ದೂರದಲ್ಲಿರುವ ಆ ಹಳ್ಳಿಯ ಹೊಲದಲ್ಲಿ ಫಿಲಿಪ್ ಕಳೆ ಕತ್ತರಿಸುವುದು ಹೇಗೆಂಬುದನ್ನು ಕಲಿಯುತ್ತಿದ್ದ.,ಬೆಳೆಗಳ ನಡುವೆ ಬೆಳೆಯುವ ಹುಲ್ಲು,Weed,Yes,Darshan R K,2025-02-08 08:13:43
ಕಳೆ,"in ): ಕಳೆ ಎರಡು ದಿನಗಳಿಂದ ಕಡಿಮೆಯಾಗಿದ್ದ ಮಳೆರಾಯ ಮತ್ತೆ ಆರ್ಭಟ ಮುಂದುರೆಸುವ ಸೂಚನೆ ಹಿನ್ನೆಲೆ ಕೊಡಗು, ಉಡುಪಿ ಜಿಲ್ಲೆಗಳಲ್ಲಿ ರೆಡ್ ಅಲರ್ಟ್ ಘೋಷಣೆ ಮಾಡಲಾಗಿದೆ.",ಬೆಳೆಗಳ ನಡುವೆ ಬೆಳೆಯುವ ಹುಲ್ಲು,Weed,Yes,Darshan R K,2025-02-08 08:13:43
ಕಳೆ,ಮನೆಯ ಸುತ್ತಮುತ್ತ ಕಳೆ ಬೆಳೆದ ಚೆಂಡು ಹೂಗಳ ಮತ್ತು ತರಕಾರಿ ತೋಟ.,ಬೆಳೆಗಳ ನಡುವೆ ಬೆಳೆಯುವ ಹುಲ್ಲು,Weed,Yes,Darshan R K,2025-02-08 08:13:43
ಕಳೆ,ಹತ್ತಿ ಹೊಲದಲ್ಲಿ ಕಳೆ (ಸದಿ) ತೆಗೆಯಲು ಗ್ರಾಮದ ಮಹಿಳೆಯರು ಸಾಕಷ್ಟು ಸಂಖೆಯಲ್ಲಿ ಹೊಲಗಳಿಗೆ ತೆರಳುತ್ತಿದ್ದಾರೆ.,ಬೆಳೆಗಳ ನಡುವೆ ಬೆಳೆಯುವ ಹುಲ್ಲು,Weed,Yes,Darshan R K,2025-02-08 08:13:43
ಕಸರತ್ತು,ಅವರಿಗೆ ಯೋಗ ಎಂದರೆ ಕಸರತ್ತು ಅಲ್ಲ.,ವ್ಯಾಯಾಮ,Excercise,Yes,qwerty,2025-02-04 07:47:17
ಕಸರತ್ತು,ಅವರ ಸಲಹೆ ಆಧರಿಸಿ ಸಿಕ್ಸ್‌ಪ್ಯಾಕ್‌ಗೆ ಕಸರತ್ತು ನಡೆಯುತ್ತಿದೆ.,ವ್ಯಾಯಾಮ,Excercise,Yes,qwerty,2025-02-04 07:47:17
ಕಸರತ್ತು,ಅಥವಾ ಜಿಮ್‌ಗೆ ಹೋಗಿ ಒಂದಿಷ್ಟು ಕಸರತ್ತು ಮಾಡು ಎಂದು ಹೇಳಬಹುದಾ?,ವ್ಯಾಯಾಮ,Excercise,Yes,qwerty,2025-02-04 07:47:17
ಕಸರತ್ತು,ಹಾಗಾಗಿ ಮೈದಾನದಲ್ಲೇ ನನ್ನ ಕಸರತ್ತು ಜಾಸ್ತಿ.,ವ್ಯಾಯಾಮ,Excercise,Yes,qwerty,2025-02-04 07:47:17
ಕಸರತ್ತು,ವಿ ನೋಡುವ ವೇಳೆ ಸಣ್ಣ ಪುಟ್ಟ ದೈಹಿಕ ಕಸರತ್ತು ಮಾಡುವುದು ಉತ್ತಮ.,ವ್ಯಾಯಾಮ,Excercise,Yes,qwerty,2025-02-04 07:47:17
ಕಸರತ್ತು,ಮಕ್ಕಳ ಆರೋಗ್ಯ ಸದೃಢವಾಗಲು ದೈಹಿಕ ಕಸರತ್ತು ಮಾಡಿಸಲಾಗುತ್ತದೆ.,ವ್ಯಾಯಾಮ,Excercise,Yes,qwerty,2025-02-04 07:47:17
ಕಸರತ್ತು,ಧೋನಿ ರೀತಿಯಲ್ಲೇ ಮಗಳು ಝಿವಾ ಕೂಡ ಫಿಟ್ನೆಸ್ ಕಸರತ್ತು ಆರಂಭಿಸಿದ್ದಾರೆ.,ವ್ಯಾಯಾಮ,Excercise,Yes,qwerty,2025-02-04 07:47:17
ಕಸರತ್ತು,ಜಿಮ್‌ನಲ್ಲಿ ಎಷ್ಟೇ ಕಸರತ್ತು ಮಾಡಿದರೂ ಒಂದು ವ್ಯಾಯಾಮದಲ್ಲಿ ಏಕಕಾಲಕ್ಕೆ ಎರಡು ಮಸಲ್‌ಗಳ ಮೇಲೆ ಪರಿಣಾಮ ಬೀರಬಹುದು.,ವ್ಯಾಯಾಮ,Excercise,Yes,qwerty,2025-02-04 07:47:17
ಕಸರತ್ತು,ಗೇಲ್ ಮಂಗಳವಾರ ಅಭ್ಯಾಸದ ವೇಳೆ ಸಹ ಆಟಗಾರರು ದೈಹಿಕ ಕಸರತ್ತು ನಡೆಸುವುದನ್ನು ನೋಡುತ್ತಾ ನಿಂತಿದ್ದರು!,ವ್ಯಾಯಾಮ,Excercise,Yes,qwerty,2025-02-04 07:47:17
ಕಸರತ್ತು,ತೂಕ ಇಳಿಸಲು ಸಾಕಷ್ಟು ಮಂದಿ ಎನೇನೋ ಕಸರತ್ತು ಮಾಡುತ್ತಾರೆ.,ವ್ಯಾಯಾಮ,Excercise,Yes,qwerty,2025-02-04 07:47:17
ಕಸರತ್ತು,"ಚಾಕೊಲೆಟ್ ತಿಂದಾಗ, ಕಸರತ್ತು ಮಾಡಿ ಬೆವರಿಳಿಸಿದಾಗಲೂ ಇಂತಹುದೇ ಸಂಚಲನ ಉಂಟಾಗುತ್ತದೆ.",ವ್ಯಾಯಾಮ,Excercise,Yes,qwerty,2025-02-04 07:47:17
ಕಸರತ್ತು,"ಇವತ್ತಿನಿಂದ ನೀನು ಮುಂಚಿನಂತೆ ಖುಷಿಯಿಂದ ಆಟ ಆಡು, ಬೆಳಿಗ್ಗೆ ಸಂಜೆ ಮೈದಾನಕ್ಕೆ ಹೋಗಿ ಜೊತೆಗಾರರ ಜೊತೆ ಕಸರತ್ತು ಮಾಡು, ಅಡ್ಡಾಡು, ಒಳ್ಳೆಯ ಗಾಳಿ ಸೇವನೆಯಿಂದ ದೇಹಕ್ಕೆ ಒಳ್ಳೆಯದಾಗುತ್ತೆ.",ವ್ಯಾಯಾಮ,Excercise,Yes,qwerty,2025-02-04 07:47:17
ಕಸರತ್ತು,ಐರ್ಲೆಂಡ್ ವಿರುದ್ಧ ಟಿ-ಟ್ವೆಂಟಿ ಪಂದ್ಯಕ್ಕಾಗಿ ಡಬ್ಲಿನ್‌ನಲ್ಲಿ ಬೀಡುಬಿಟ್ಟಿರುವ ಭಾರತ ತಂಡ ಜಿಮ್‌ನಲ್ಲಿ ಕಸರತ್ತು ಆರಂಭಿಸಿದೆ.,ವ್ಯಾಯಾಮ,Excercise,Yes,qwerty,2025-02-04 07:47:17
ಕಸರತ್ತು,ಇದರ ನಡುವೆಯೂ ತಮ್ಮ ದೇಹ ಹಾಗೂ ಮನಸ್ಸು ಫಿಟ್‌ ಆಗಿರಲು ದಿನಕ್ಕೆ ಕನಿಷ್ಠ ಒಂದೂವರೆ ಗಂಟೆ ಅವರು ಕಸರತ್ತು ನಡೆಸುತ್ತಾರೆ.,ವ್ಯಾಯಾಮ,Excercise,Yes,qwerty,2025-02-04 07:47:17
ಕಸರತ್ತು,ದೈಹಿಕ ಕಸರತ್ತು,ವ್ಯಾಯಾಮ,Excercise,Yes,qwerty,2025-02-04 07:47:17
ಕಸರತ್ತು,ಸ್ಪರ್ಧೆ ವೇಳೆ ಸಮೀರ್ ಕಸರತ್ತು ಮಾಡುತ್ತಾ ಛಾವಣಿ ಮೇಲೆ ಭೀಳುತ್ತಿದ್ದಂತೆ ಎಡಗಾಲು ಮೊಣಗಂಟಿನ ಕೆಳಗೆ 2 ತುಂಡಾಗಿದೆ.,ವ್ಯಾಯಾಮ,Excercise,Yes,qwerty,2025-02-04 07:47:17
ಕಸರತ್ತು,"ನಿಯಮಿತ ವ್ಯಾಯಾಮ, ಕಸರತ್ತು ಜೊತೆಗೆ ಸೂಕ್ತ ಆಹಾರವಿದ್ದಲ್ಲಿ ಚರ್ಮಕ್ಕೆ ವಯಸ್ಸಾಗುವುದನ್ನು ತಡೆಯಬಹುದು.",ವ್ಯಾಯಾಮ,Excercise,Yes,qwerty,2025-02-04 07:47:17
ಕಸರತ್ತು,ಚಿತ್ರದಲ್ಲಿರುವ ಬಾಕ್ಸರ್ ಪಾತ್ರಕ್ಕೆ ಅನುಸಾರವಾಗಿ ಸುದೀಪ್ ಜಿಮ್ಗೆ ಹೋಗಿ ಕಸರತ್ತು ನಡೆಸುತ್ತಿದ್ದು ತರಬೇತಿಗಾಗಿ ತಮ್ಮ ಟ್ರೈನರ್ ಜೊತೆ ಇದೇ ವಾರ ಥೈಲ್ಯಾಂಡ್ ಗೆ ಹೆಚ್ಚಿನ ಹೋಗಲಿದ್ದಾರಂತೆ.,ವ್ಯಾಯಾಮ,Excercise,Yes,qwerty,2025-02-04 07:47:17
ಕಸರತ್ತು,ದಿನಗಳ ತರಭೇತಿ: ಇಲ್ಲಿನ ಮಕ್ಕಳು ಇಷ್ಟೆಲ್ಲಾ ಕಸರತ್ತು ಮಾಡಿದ್ದು ನಿಜ.,ವ್ಯಾಯಾಮ,Excercise,Yes,qwerty,2025-02-04 07:47:17
ಕಸರತ್ತು,ಇದು ಗೊತ್ತಿದ್ದರೂ ಅಭ್ಯಾಸದ ವೇಳೆ 1000 ಬಾರಿ ಈ ಕಸರತ್ತು ಮಾಡಿದ್ದೆ.,ವ್ಯಾಯಾಮ,Excercise,Yes,qwerty,2025-02-04 07:47:17
ಕಸರತ್ತು,"ಆದರೂ, ಛಲ ಬಿಡದೆ ಕಸರತ್ತು ಶುರು ಮಾಡಿಕೊಂಡಿದ್ದಾರೆ ಅವರು.",ವ್ಯಾಯಾಮ,Excercise,Yes,qwerty,2025-02-04 07:47:17
ಕಸರತ್ತು,"ಮತ್ತೊಂದೆಡೆ ಜಿಮ್‌, ಯೋಗ, ಏರೋಬಿಕ್ಸ್‌ ರೀತಿಯ ದೈಹಿಕ ಕಸರತ್ತು ಜಾಸ್ತಿಯಾಗುತ್ತಿದೆ.",ವ್ಯಾಯಾಮ,Excercise,Yes,qwerty,2025-02-04 07:47:18
ಕಸರತ್ತು,ಜಾಕ್ವೆಲಿನ್ ಫರ್ನಾಂಡಿಸ್ ಆರೋಗ್ಯಕರವಾಗಿ ಹಾಗೂ ಫಿಟ್ ಆಗಿರಲು ಕಸರತ್ತು ಮಾಡ್ತಾಳೆ.,ವ್ಯಾಯಾಮ,Excercise,Yes,qwerty,2025-02-04 07:47:18
ಕಸರತ್ತು,"ಮೊದಲ ಒಂದು ಗಂಟೆ ಓಡುವುದು, ಆಟ, ಹರ್ಡಲ್ಸ್‌ಗೆ ಮೀಸಲು ನಂತರ ಜಿಮ್‌ನಲ್ಲಿ ಕಸರತ್ತು ನಡೆಸುತ್ತೇನೆ.",ವ್ಯಾಯಾಮ,Excercise,Yes,qwerty,2025-02-04 07:47:18
ಕಸರತ್ತು,ಕೇವಲ ಕೆಲವೇ ನಿಮಿಷಗಳಲ್ಲಿ ಮುಗಿಸುವ ಕಸರತ್ತು ಯೋಗವಲ್ಲ.,ವ್ಯಾಯಾಮ,Excercise,Yes,qwerty,2025-02-04 07:47:18
ಕಸರತ್ತು,ಜನ ಮನೆಯೊಳಗೆ ಇರಲು ಇಷ್ಟಪಡುವುದರಿಂದ ಜನರ ದೈಹಿಕ ಕಸರತ್ತು ಕಡಿಮೆಯಾಗಿ ವೈರಸ್‌ಗಳು ವೃದ್ಧಿಯಾಗಿ ಸೋಂಕಿತ ಚಳವಳಿ ನೀಡುತ್ತವೆ.,ವ್ಯಾಯಾಮ,Excercise,Yes,qwerty,2025-02-04 07:47:18
ಕಸರತ್ತು,ಪ್ರಾಥಮಿಕ ಶಾಲೆಗಳಲ್ಲಿ ಇರಬೇಕಾದ ದೈಹಿಕ ಶಿಕ್ಷಕರು ಬೇರೊಂದು ಕೆಲಸದ ಮೇಲೆ ನಿಯೋಜನೆಗೊಂಡು ಮಕ್ಕಳಿಗೆ ದೈಹಿಕ ಕಸರತ್ತು ಇಲ್ಲದಂತಾಗಿ ಮಕ್ಕಳು ಬಳಲುತ್ತಿದ್ದಾರೆ ಎಂದರು ತಪ್ಪಿಲ್ಲ.,ವ್ಯಾಯಾಮ,Excercise,Yes,qwerty,2025-02-04 07:47:18
ಕಸರತ್ತು,ಮುಖದ ಸೌಂದರ್ಯ ಹೆಚ್ಚಿಸುವ ತುಟಿಯ ಅಂದವನ್ನು ಹೆಚ್ಚಿಸಲು ನಾನಾ ನಮೂನೆಯ ಕಸರತ್ತು ಮಾಡಬೇಕಾಗುತ್ತದೆ‌.,ವ್ಯಾಯಾಮ,Excercise,Yes,qwerty,2025-02-04 07:47:18
ಕಸರತ್ತು,ಫಿಟ್ನೆಸ್‌ ಕಾಪಾಡಿಕೊಳ್ಳುವ ಉದ್ದೇಶ ದಿಂದ ಜಿಮ್‌ನಲ್ಲೂ ಹೆಚ್ಚು ಕಸರತ್ತು ನಡೆಸುತ್ತಿದ್ದೇನೆ.,ವ್ಯಾಯಾಮ,Excercise,Yes,qwerty,2025-02-04 07:47:18
ಕಸರತ್ತು,ಝಿರೋ ಫಿಗರ್ ಮೆಂಟೇನ್ ಮಾಡಲು ಕಸರತ್ತು ಮಾಡ್ತಾರೆ.,ವ್ಯಾಯಾಮ,Excercise,Yes,qwerty,2025-02-04 07:47:18
ಕಸರತ್ತು,ನಿದ್ರೆ ಮಾಡೋದಕ್ಕೆ ಪ್ರತಿದಿನ ಕಸರತ್ತು ಮಾಡ್ಬೇಕು ಎನ್ನುವವರ ಸಾಲಿನಲ್ಲಿ ನೀವೂ ಇದ್ದೀರಾ?,ವ್ಯಾಯಾಮ,Excercise,Yes,qwerty,2025-02-04 07:47:18
ಕಸರತ್ತು,"ಏನೇ ಕಸರತ್ತು ಮಾಡಿದರೂ, ಬೊಜ್ಜು ಕರಗದಿರಲು ಕಾರಣಗಳೇನು?",ವ್ಯಾಯಾಮ,Excercise,Yes,qwerty,2025-02-04 07:47:18
ಕಸರತ್ತು,ದಾಳಿ ಇಡಲು ಹತ್ತೊರೆಯುತ್ತವೆ ಜನರು ಮನೆಯೊಳಗೆ ಬೆಚ್ಚಗಿರಲು ಇಚ್ಚಿಸುತ್ತಾರೆ ದೈಹಿಕ ಕಸರತ್ತು ಕಡಿಮೆಯಾಗುತ್ತದೆ.,ವ್ಯಾಯಾಮ,Excercise,Yes,qwerty,2025-02-04 07:47:18
ಕಸರತ್ತು,ಜಿಮ್ ನಲ್ಲಿ ಕಸರತ್ತು ಮಾಡ್ತಿರುವ ಕೆಲ ಫೋಟೋಗಳನ್ನು ನಟಿ ಅಮೃತಾ ಅರೋರಾ ಇನ್ಸ್ಟ್ರಾಗ್ರಾಮ್ ಗೆ ಅಪ್ಲೋಡ್ ಮಾಡಿದ್ದಾಳೆ.,ವ್ಯಾಯಾಮ,Excercise,Yes,qwerty,2025-02-04 07:47:18
ಕಸರತ್ತು,ಹಾಗಂತ ಕಸರತ್ತು ಮಾಡಿಯೇ ದೇಹವನ್ನು ಕರಗಿಸಿಕೊಳ್ಳಬೇಕು ಎನ್ನುವ ಅನಿವಾರ್ಯತೆ ನನಗೆ ಇಲ್ಲ.,ವ್ಯಾಯಾಮ,Excercise,Yes,qwerty,2025-02-04 07:47:18
ಕಸರತ್ತು,ಈ ವೇಳೆ ಕೆಲವರಿಗೆ ಯೋಗ ಮಾಡೋಕೆ ಗೊತ್ತಾಗದೇ ಕಸರತ್ತು ಮಾಡಿದ ಪ್ರಸಂಗವೂ ನಡೆದಿದೆ.,ವ್ಯಾಯಾಮ,Excercise,Yes,qwerty,2025-02-04 07:47:18
ಕಸರತ್ತು,ದೈಹಿಕ ಕಸರತ್ತು ಮಾಡಲು ಆರಂಭಿಸಿದ ಮೇಲೆ ಇಷ್ಟೆಲ್ಲಾ ಅವಕಾಶ ಸಿಕ್ಕಿದ್ದು.,ವ್ಯಾಯಾಮ,Excercise,Yes,qwerty,2025-02-04 07:47:18
ಕಸರತ್ತು,ಎಷ್ಟೇ ಆಹಾರ ಸೇವಿಸಲಿ ಅದಕ್ಕೆ ಪೂರಕವಾದ ಮತ್ತು ಅತಿಯಾಗದ ಕಸರತ್ತು ದೇಹಕ್ಕೆ ಒಳಿತು ಎನ್ನುವ ಮಂತ್ರ ಅವರದು.,ವ್ಯಾಯಾಮ,Excercise,Yes,qwerty,2025-02-04 07:47:18
ಕಸರತ್ತು,ಆರಂಭದಲ್ಲಿ ಸ್ವಲ್ಪ ಅಭ್ಯಾಸದ ಕಸರತ್ತು ಮಾಡುವುದು ಅಗತ್ಯ.,ವ್ಯಾಯಾಮ,Excercise,Yes,qwerty,2025-02-04 07:47:18
ಕಸರತ್ತು,ವಿಶೇಷವೆಂದರೆ ಬೌಲಿಂಗ್‌ ಮಾಡಿ ದೈಹಿಕ ಕಸರತ್ತು ನಡೆಸಿದರು.,ವ್ಯಾಯಾಮ,Excercise,Yes,qwerty,2025-02-04 07:47:18
ಕಸರತ್ತು,ಮತ್ತೊಂದೆಡೆ ಮುಖಂಡ ನವೀನ್‌ ಕಿರಣ್‌ ಅವರ ಬೆಂಬಲಿಗ ಸದಸ್ಯರು ನವೀನ್‌ ಅವರ ತಾಯಿ ನಿರ್ಮಲಾ ಪ್ರಭು ಅವರನ್ನು ಉಪಾಧ್ಯಕ್ಷೆ ಮಾಡಲು ಕಸರತ್ತು ನಡೆಸುತ್ತಿದ್ದಾರೆ.,ಶಕ್ತಿಯ ಹಾಗೂ ಚಮತ್ಕಾರದ ಪ್ರದರ್ಶನ,A show of strength and finesse,Yes,qwerty,2025-02-04 05:51:51
ಕಸರತ್ತು,"ಹೇಗಾದ್ರೂ ಮಾಡಿ ಸಮ್ಮಿಶ್ರ ಸರ್ಕಾರವನ್ನು ಪತನ ಮಾಡಿ, ಅಧಿಕಾರದ ಗದ್ದುಗೆ ಏರಲು ಕಮಲ ಪಾಳೆಯ ಕಸರತ್ತು ನಡೆಸಿದೆ.",ಶಕ್ತಿಯ ಹಾಗೂ ಚಮತ್ಕಾರದ ಪ್ರದರ್ಶನ,A show of strength and finesse,Yes,qwerty,2025-02-04 05:51:51
ಕಸರತ್ತು,29): ರಾಜ್ಯದಲ್ಲಿ ಅಧಿಕಾರಕ್ಕೆ ಬರಲು ಜೆಡಿಎಸ್ ಪಕ್ಷ ಇನ್ನಿಲ್ಲದ ಕಸರತ್ತು ನಡೆಸುತ್ತಿದೆ.,ಶಕ್ತಿಯ ಹಾಗೂ ಚಮತ್ಕಾರದ ಪ್ರದರ್ಶನ,A show of strength and finesse,Yes,qwerty,2025-02-04 05:51:51
ಕಸರತ್ತು,ಮೇಯರ್ ಹಾಗೂ ಜಿಲ್ಲಾ ಪಂಚಾಯಿತಿ ಅಧ್ಯಕ್ಷೆ ಪ್ರಶಸ್ತಿ ಪ್ರಧಾನದ ವೇಳೆ ಪ್ರಶಸ್ತಿ ಪುರಸ್ಕೃತರ ಪಕ್ಕದಲ್ಲಿ ನಿಲ್ಲಲು ಈ ಇಬ್ಬರೂ ಕಸರತ್ತು ನಡೆಸಿದರು.,ಶಕ್ತಿಯ ಹಾಗೂ ಚಮತ್ಕಾರದ ಪ್ರದರ್ಶನ,A show of strength and finesse,Yes,qwerty,2025-02-04 05:51:51
ಕಸರತ್ತು,ಅಧಿಕಾರ ಉಳಿಸಿಕೊಳ್ಳಲು ಏನೇ ಕಸರತ್ತು ಮಾಡಿದರೂ ಅದು ಫಲಿಸಲಿಲ್ಲ.,ಶಕ್ತಿಯ ಹಾಗೂ ಚಮತ್ಕಾರದ ಪ್ರದರ್ಶನ,A show of strength and finesse,Yes,qwerty,2025-02-04 05:51:51
ಕಸರತ್ತು,ಹಿಂದೆ ಸಂಗೊಳ್ಳಿ ರಾಯಣ್ಣ ಬ್ರಿಗೆಡ್ ಹುಟ್ಟಿಕೊಂಡು ಬಿಜೆಪಿ ನಾಯಕತ್ವ ಬದಲಾವಣೆಗೆ ಕಸರತ್ತು ಶುರುಮಾಡಿದ್ದ ನಾಯಕರು ಈಗ ಸಹ ನಿಧಾನಕ್ಕೆ ಮುನ್ನೆಲೆಗೆ ಬಂದರೆ ಆಶ್ಚರ್ಯವಿಲ್ಲ.,ಶಕ್ತಿಯ ಹಾಗೂ ಚಮತ್ಕಾರದ ಪ್ರದರ್ಶನ,A show of strength and finesse,Yes,qwerty,2025-02-04 05:51:51
ಕಸರತ್ತು,"ಈ ಬಾರಿಯ ಚುನಾವಣೆಯಲ್ಲಿ 18ರಿಂದ 30 ವರ್ಷದೊಳಗಿನ ಸುಮಾರು 30 ಲಕ್ಷಕ್ಕೂ ಹೆಚ್ಚು ಯುವ ಮತದಾ ರರು ಪ್ರಮುಖ ಪಕ್ಷಗಳ ಟಾರ್ಗೆಟ್ ಆಗಿದ್ದು, ಬಿಜೆಪಿ, ಕಾಂಗ್ರೆಸ್, ಜೆಡಿಎಸ್ ಸೇರಿದಂತೆ ಮತ್ತಿತರ ಪಕ್ಷಗಳು ಈ ಯುವಕರನ್ನೇ ಸೆಳೆಯಲು ನಾನಾ ರೀತಿಯ ಕಸರತ್ತು ನಡೆಸಿದ್ದಾರೆ.",ಶಕ್ತಿಯ ಹಾಗೂ ಚಮತ್ಕಾರದ ಪ್ರದರ್ಶನ,A show of strength and finesse,Yes,qwerty,2025-02-04 05:51:51
ಕಸರತ್ತು,ಮ್ಯಾಜಿಕ್ ನಂ 18 ಕ್ಕೇರಲು ಬಿಜೆಪಿ ಕಸರತ್ತು ನಡೆಸುತ್ತಿದೆ ಎಂದು ತಿಳಿಸಿದರು.,ಶಕ್ತಿಯ ಹಾಗೂ ಚಮತ್ಕಾರದ ಪ್ರದರ್ಶನ,A show of strength and finesse,Yes,qwerty,2025-02-04 05:51:51
ಕಸರತ್ತು,ಜೆಡಿಎಸ್ ಪಾಲಿನ ಒಂದು ಸ್ಥಾನಕ್ಕಾಗಿ ಕಸರತ್ತು ಆರಂಭವಾಗಿದೆ.,ಶಕ್ತಿಯ ಹಾಗೂ ಚಮತ್ಕಾರದ ಪ್ರದರ್ಶನ,A show of strength and finesse,Yes,qwerty,2025-02-04 05:51:51
ಕಸರತ್ತು,ಸಿನಿಮಾವನ್ನು ಚಿಕ್ಕಂದಿನಿಂದ ಧ್ಯಾನಿಸಿದ್ದು ಮತ್ತು ನಟನೆಯ ಕಸರತ್ತು ಕಲಿತದ್ದನ್ನು ಬಣ್ಣಿಸಿದರು ಕುಶಾಲ್.,ಶಕ್ತಿಯ ಹಾಗೂ ಚಮತ್ಕಾರದ ಪ್ರದರ್ಶನ,A show of strength and finesse,Yes,qwerty,2025-02-04 05:51:51
ಕಸರತ್ತು,ಅಧಿಕಾರಕ್ಕೆ ಕಾಂಗ್ರೆಸ್ ಇನ್ನಿಲ್ಲದ ಕಸರತ್ತು ಮಾಡ್ತಿದೆ.,ಶಕ್ತಿಯ ಹಾಗೂ ಚಮತ್ಕಾರದ ಪ್ರದರ್ಶನ,A show of strength and finesse,Yes,qwerty,2025-02-04 05:51:51
ಕಸರತ್ತು,ಕಾಂಗ್ರೆಸ್‌ ಟಿಕೆಟ್‌: ಮುಗಿಯದ ಕಸರತ್ತು,ಶಕ್ತಿಯ ಹಾಗೂ ಚಮತ್ಕಾರದ ಪ್ರದರ್ಶನ,A show of strength and finesse,Yes,qwerty,2025-02-04 05:51:51
ಕಸರತ್ತು,ಚುನಾವಣೆಯಲ್ಲಿ ತಮ್ಮ ಪಕ್ಷಗಳ ಅಭ್ಯರ್ಥಿಯನ್ನು ಗೆಲ್ಲಿಸಲು ರಾಜಕೀಯ ಪಕ್ಷಗಳ ನಾಯಕರು ಅಂತಿಮ ಕಸರತ್ತು ನಡೆಸುತ್ತಿದ್ದಾರೆ.,ಶಕ್ತಿಯ ಹಾಗೂ ಚಮತ್ಕಾರದ ಪ್ರದರ್ಶನ,A show of strength and finesse,Yes,qwerty,2025-02-04 05:51:51
ಕಸರತ್ತು,ಅದಾಗಲೇ ಲಿಂಗಾಯತರಿಂದ ಕೆಂಗಣ್ಣಿಗೆ ಗುರಿಯಾಗಿದ್ದ ಸಿದ್ದರಾಮಯ್ಯ ಮನವೊಲಿಸಲು ಮಾಡಿರುವ ಕಸರತ್ತು ಒಂದೆರಡಲ್ಲ.,ಶಕ್ತಿಯ ಹಾಗೂ ಚಮತ್ಕಾರದ ಪ್ರದರ್ಶನ,A show of strength and finesse,Yes,qwerty,2025-02-04 05:51:53
ಕಸರತ್ತು,ಚುನಾವಣೆ ಗೆಲ್ಲುವ ಭರದಲ್ಲಿ ಜೆಡಿಎಸ್ ಇಲ್ಲದ ಕಸರತ್ತು ಮಾಡುತ್ತಿದೆ.,ಶಕ್ತಿಯ ಹಾಗೂ ಚಮತ್ಕಾರದ ಪ್ರದರ್ಶನ,A show of strength and finesse,Yes,qwerty,2025-02-04 05:51:53
ಕಸರತ್ತು,ಸರಕಾರ ಉಳಿಸಿಕೊಳ್ಳಲು ಕಸರತ್ತು ನಡೆಸಿರುವ ಮುಖ್ಯಮಂತ್ರಿ ಧರ್ಮಸಿಂಗ್‌ ಗೋಳನ್ನು ನನ್ನಿಂದ ನೋಡಲು ಸಾಧ್ಯವಾಗುತ್ತಿಲ್ಲ ಎಂದು ಬಂಗಾರಪ್ಪ ಅನುಕಂಪ ವ್ಯಕ್ತಪಡಿಸಿದರು.,ಶಕ್ತಿಯ ಹಾಗೂ ಚಮತ್ಕಾರದ ಪ್ರದರ್ಶನ,A show of strength and finesse,Yes,qwerty,2025-02-04 05:51:53
ಕಸರತ್ತು,"ಬೆಂಗಳೂರು, ಜೂನ್ 05: ಕಾಂಗ್ರೆಸ್ ಹಾಗೂ ಜೆಡಿಎಸ್ ಮೈತ್ರಿ ಸರ್ಕಾರದಲ್ಲಿ ಕ್ಯಾಬಿನೆಟ್ ದರ್ಜೆ ಸ್ಥಾನ ಹೊಂದಲು ಕಸರತ್ತು ಇನ್ನೂ ನಡೆಯುತ್ತಲೇ ಇದೆ.",ಶಕ್ತಿಯ ಹಾಗೂ ಚಮತ್ಕಾರದ ಪ್ರದರ್ಶನ,A show of strength and finesse,Yes,qwerty,2025-02-04 05:51:53
ಕಸರತ್ತು,"ಒಟ್ಟಾರೆ ರಾಜ್ಯಾದ್ಯಂತ ಮತದಾನದ ಮಹತ್ವ ಸಾರಲು ಹಲವರು ನಾನಾ ರೀತಿಯ ಕಸರತ್ತು ನಡೆಸುತ್ತಿದ್ದು, ಪ್ರಜ್ಞಾವಂತರಾಗಿ ಮತದಾನ ಮಾಡುವುದು ನಮ್ಮ ಕರ್ತವ್ಯ…",ಶಕ್ತಿಯ ಹಾಗೂ ಚಮತ್ಕಾರದ ಪ್ರದರ್ಶನ,A show of strength and finesse,Yes,qwerty,2025-02-04 05:51:53
ಕಸರತ್ತು,ಇತ್ತ ಸಿಎಂ ಸರ್ಕಾರ ಉಳಿಸಿಕೊಳ್ಳಲು ಅಂತಿಮ ಕಸರತ್ತು ನಡೆಸುತ್ತಿದ್ದಾರೆ.,ಶಕ್ತಿಯ ಹಾಗೂ ಚಮತ್ಕಾರದ ಪ್ರದರ್ಶನ,A show of strength and finesse,Yes,qwerty,2025-02-04 05:51:53
ಕಸರತ್ತು,ಅದಕ್ಕೆಲ್ಲ ಸಾಕಷ್ಟು ಕಸರತ್ತು ನಡೆಯುತ್ತದೆ.,ಶಕ್ತಿಯ ಹಾಗೂ ಚಮತ್ಕಾರದ ಪ್ರದರ್ಶನ,A show of strength and finesse,Yes,qwerty,2025-02-04 05:51:53
ಕಸರತ್ತು,ಎಡಗೈಯಲ್ಲಿ ಸೆಲ್‌‍ಫೋನ್ ಹಿಡ್ಕೊಂಡು ಸೆಲ್ಫೀ ತೆಗೆಯುವ ಕಸರತ್ತು ಬಲಗೈಯಲ್ಲಿ ಕನ್ನಡ ಧ್ವಜ ಹಳದಿ-ಕೆಂಪು ರುಮಾಲು ಸುತ್ತಿಕೊಂಡು ಅಮೆರಿಕನ್ನಡಿಗರ ನಾಡು-ನುಡಿ ಅಭಿಮಾನ ನೋಡುವಂತಿತ್ತು.,ಶಕ್ತಿಯ ಹಾಗೂ ಚಮತ್ಕಾರದ ಪ್ರದರ್ಶನ,A show of strength and finesse,Yes,qwerty,2025-02-04 05:51:53
ಕಸರತ್ತು,ಇಷ್ಟೆಲ್ಲ ಪದಕಗಳನ್ನು ಪಡೆಯಲು ಚೀನಾ ಏನೆನೆಲ್ಲ ಕಸರತ್ತು ಮಾಡುತ್ತೆ ಗೊತ್ತಾ.,ಶಕ್ತಿಯ ಹಾಗೂ ಚಮತ್ಕಾರದ ಪ್ರದರ್ಶನ,A show of strength and finesse,Yes,qwerty,2025-02-04 05:51:53
ಕಸರತ್ತು,ಜೆಡಿಎಸ್ ಮತ್ತು ಬಿಜೆಪಿ ಪಕ್ಷಗಳು ಈಗಾಗಲೇ ಅಖಾಡಕ್ಕಿಳಿದು ಕಸರತ್ತು ನಡೆಸುತ್ತಿವೆ.,ಶಕ್ತಿಯ ಹಾಗೂ ಚಮತ್ಕಾರದ ಪ್ರದರ್ಶನ,A show of strength and finesse,Yes,qwerty,2025-02-04 05:51:53
ಕಸರತ್ತು,"ಆದರೂ, ಸ್ವಚ್ಛ-ಸುಂದರ ಸ್ಪರ್ಧೆ ಯಶಸ್ವಿಗಾಗಿ ಜನರನ್ನು ಪ್ರೇರೇಪಿಸಲು ಪಿಡಿಒಗಳು ನಾನಾ ಕಸರತ್ತು ನಡೆಸುತ್ತಿದ್ದಾರೆ.",ಶಕ್ತಿಯ ಹಾಗೂ ಚಮತ್ಕಾರದ ಪ್ರದರ್ಶನ,A show of strength and finesse,Yes,qwerty,2025-02-04 05:51:53
ಕಸರತ್ತು,"ಹರಿಶೇಖರನ್ ಹಾಗೂ ಬೆಂಗಳೂರು ಜಿಲ್ಲಾ ಎಸ್ಪಿ ರಮೇಶ್ ಬಾನೋತ್ ಅವರು, ರೈತರ ಮನವೊಲಿಸಲು ಭಾರಿ ಕಸರತ್ತು ನಡೆಸಿದರು.",ಶಕ್ತಿಯ ಹಾಗೂ ಚಮತ್ಕಾರದ ಪ್ರದರ್ಶನ,A show of strength and finesse,Yes,qwerty,2025-02-04 05:51:53
ಕಸರತ್ತು,ಮತದಾರರ ಮನವೊಲಿಕೆಗೆ ಅಂತಿಮ ಕಸರತ್ತು ನಡೆಸಲಾಗುತ್ತಿದೆ.,ಶಕ್ತಿಯ ಹಾಗೂ ಚಮತ್ಕಾರದ ಪ್ರದರ್ಶನ,A show of strength and finesse,Yes,qwerty,2025-02-04 05:51:53
ಕಸರತ್ತು,ಜನಮನ್ನಣೆಗಾಗಿ ಬಿಜೆಪಿ ಅಭ್ಯರ್ಥಿ ಕಸರತ್ತು,ಶಕ್ತಿಯ ಹಾಗೂ ಚಮತ್ಕಾರದ ಪ್ರದರ್ಶನ,A show of strength and finesse,Yes,qwerty,2025-02-04 05:51:53
ಕಸರತ್ತು,"ಕಳೆದ ಎರಡು ವಾರದಿಂದ ಗಡಿಯಲ್ಲಿ ಕಸರತ್ತು ಆರಂಭವಾಗಿದ್ದರೂ, ಇದೀಗ ಚುರುಕುಗೊಂಡಿದೆ.",ಶಕ್ತಿಯ ಹಾಗೂ ಚಮತ್ಕಾರದ ಪ್ರದರ್ಶನ,A show of strength and finesse,Yes,qwerty,2025-02-04 05:51:53
ಕಸರತ್ತು,"ಹೀಗಾಗಿ, ಹೆಚ್ಚೆಚ್ಚು ಪೋಷಕರನ್ನು ಸೆಳೆಯಲು ಶಾಲೆಗಳು ನಾನಾ ಕಸರತ್ತು ಮಾಡುತ್ತಿವೆ.",ಶಕ್ತಿಯ ಹಾಗೂ ಚಮತ್ಕಾರದ ಪ್ರದರ್ಶನ,A show of strength and finesse,Yes,qwerty,2025-02-04 05:51:53
ಕಸರತ್ತು,"ಜನಾಶೀರ್ವಾದ ಯಾತ್ರೆ ಅಂಗವಾಗಿ ಮಧ್ಯ ಕರ್ನಾಟಕದಲ್ಲಿ ರೋಡ್ ಶೋ, ಬಹಿರಂಗ ಸಭೆಗಳಲ್ಲಿ ಪಾಲ್ಗೊಂಡ ರಾಹುಲ್‌ ಕೈ ಪಾಳಯದಲ್ಲಿ ಹೊಸ ಹುರುಪು ತಂದರಲ್ಲದೇ, ಮತ ಬೇಟೆಯ ಕಸರತ್ತು ಮುಂದುವರಿಸಿದರು.",ಶಕ್ತಿಯ ಹಾಗೂ ಚಮತ್ಕಾರದ ಪ್ರದರ್ಶನ,A show of strength and finesse,Yes,qwerty,2025-02-04 05:51:53
ಕಸರತ್ತು,": ಜಿಲ್ಲಾ ಪಂಚಾಯಿತಿ ಚುನಾವಣಾ ಪೂರ್ವದಲ್ಲಿ ಸೆಟಗೊಂಡಿದ್ದ ಕಾಂಗ್ರೆಸ್, ಜೆಡಿಎಸ್ ಇದೀಗ ಚುನಾವಣೆ ನಂತರ ಮೈತ್ರಿಗೆ ಕಸರತ್ತು ನಡೆಸಿವೆ.",ಶಕ್ತಿಯ ಹಾಗೂ ಚಮತ್ಕಾರದ ಪ್ರದರ್ಶನ,A show of strength and finesse,Yes,qwerty,2025-02-04 05:51:53
ಕಸರತ್ತು,ಪರಮೇಶ್ವರ್ ಪ್ರಮಾಣವಚನ ಸ್ವೀಕರಿಸಿದ ಬಳಿಕ ಸಂಪುಟ ರಚನೆಯ ಕಸರತ್ತು ನಡೆಯುತ್ತಲೇ ಇದೆ.,ಶಕ್ತಿಯ ಹಾಗೂ ಚಮತ್ಕಾರದ ಪ್ರದರ್ಶನ,A show of strength and finesse,Yes,qwerty,2025-02-04 05:51:53
ಕಸರತ್ತು,ನೀವೇನೇ ಕಸರತ್ತು ಮಾಡಿದರೂ ಸದನದ ಕಲಾಪವನ್ನು ನಾನು ಮುಂದೂಡುವುದಿಲ್ಲ ಎಂದರು.,ಶಕ್ತಿಯ ಹಾಗೂ ಚಮತ್ಕಾರದ ಪ್ರದರ್ಶನ,A show of strength and finesse,Yes,qwerty,2025-02-04 05:51:53
ಕಸರತ್ತು,ಸಮ್ಮಿಶ್ರ ಸರ್ಕಾರವನ್ನು ಬೀಳಿಸುವ ವ್ಯರ್ಥ ಕಸರತ್ತು ಬಿಜೆಪಿ ಮಾಡುತ್ತಿದೆ.,ಶಕ್ತಿಯ ಹಾಗೂ ಚಮತ್ಕಾರದ ಪ್ರದರ್ಶನ,A show of strength and finesse,Yes,qwerty,2025-02-04 05:51:53
ಕಸರತ್ತು,ದೋಸ್ತಿ ಸರ್ಕಾರ ಉರುಳಿಸುವ ಕಸರತ್ತು :,ಶಕ್ತಿಯ ಹಾಗೂ ಚಮತ್ಕಾರದ ಪ್ರದರ್ಶನ,A show of strength and finesse,Yes,qwerty,2025-02-04 05:51:53
ಕಸರತ್ತು,ವಿವಿಧ ಗ್ರಾಮಗಳಲ್ಲಿ ಡಿಕೆ ಸುರೇಶ್ ರೋಡ್ ಷೋ ಮಾಡುವ ಮೂಲಕ ಮತದಾರರ ಮನವೊಲಿಸುವ ಕಸರತ್ತು ನಡೆಸುತ್ತಿದ್ದಾರೆ.,ಶಕ್ತಿಯ ಹಾಗೂ ಚಮತ್ಕಾರದ ಪ್ರದರ್ಶನ,A show of strength and finesse,Yes,qwerty,2025-02-04 05:51:53
ಕಸರತ್ತು,ಆದರೆ ಸಂಸದೆ ಶೋಭಾ ಕರಂದ್ಲಾಜೆ ತಮ್ಮ ಆಪ್ತರೊಬ್ಬರಿಗೆ ಟಿಕೆಟ್ ಕೊಡಿಸಲು ಕಸರತ್ತು ನಡೆಸಿದ್ದಾರೆ.,ಶಕ್ತಿಯ ಹಾಗೂ ಚಮತ್ಕಾರದ ಪ್ರದರ್ಶನ,A show of strength and finesse,Yes,qwerty,2025-02-04 05:51:53
ಕಸರತ್ತು,ಮೀಸಲಾತಿಗೂ ಧಕ್ಕೆ ತರುವ ಯತ್ನವು ಅಧಿಕಾರಿ ವರ್ಗಗಳಿಂದ ತೆರೆಮರೆಯಲ್ಲಿ ಕಸರತ್ತು ನಡೆದಿದೆ.,ಶಕ್ತಿಯ ಹಾಗೂ ಚಮತ್ಕಾರದ ಪ್ರದರ್ಶನ,A show of strength and finesse,Yes,qwerty,2025-02-04 05:51:53
ಕಸರತ್ತು,ಗೊಕಾಕ್ ಕ್ಷೇತ್ರದಲ್ಲಿ ಜೆಡಿಎಸ್ ಅಭ್ಯರ್ಥಿಯ ನಾಮಪತ್ರವನ್ನು ಹಿಂದಕ್ಕೆ ಪಡೆಯುವ ಬಿಜೆಪಿ ಕಸರತ್ತು ವ್ಯರ್ಥವಾಯ್ತು.,ಶಕ್ತಿಯ ಹಾಗೂ ಚಮತ್ಕಾರದ ಪ್ರದರ್ಶನ,A show of strength and finesse,Yes,qwerty,2025-02-04 05:51:54
ಕಸರತ್ತು,ಈ ಸ್ಪೆಷಲ್ ಸಾಂಗನ್ನು ಬಿಪಾಶಾಳಿಂದ್ಲೇ ಮಾಡಿಸಬೇಕು ಅಂತಾ ಚಿತ್ರದ ನಿರ್ದೇಶಕರು ಕಸರತ್ತು ನಡೆಸಿದ್ದಾರೆ.,ಶಕ್ತಿಯ ಹಾಗೂ ಚಮತ್ಕಾರದ ಪ್ರದರ್ಶನ,A show of strength and finesse,Yes,qwerty,2025-02-04 05:51:54
ಕೂಲಿ,ಕೂಲಿ ಮಾಡಿಕೊಂಡು ಜೀವನ ಸಾಗಿಸುವ ನಾವು ಬಿಂದಿಗೆ ನೀರಿಗಾಗಿ ಇಡಿ ದಿನ ಅಲೆದಾಡುವ ಸ್ಥಿತಿ ಎದುರಾಗಿದೆ ಎನ್ನುತ್ತಾರೆ ಗ್ರಾಮದ ಹೊನ್ನಮ್ಮ.,ಕೂಲಿಯಾಳು,labourer,Yes,qwerty,2025-02-07 16:22:14
ಕೂಲಿ,"ಬಾಗಲಕೋಟೆ, ಜುಲೈ, 11 : ಹುನಗುಂದ ತಾಲೂಕಿನ ಧನ್ನೂರ ಗ್ರಾಮ ಪಂಚಾಯತಿ ವ್ಯಾಪ್ತಿಯ ಇದ್ದಲಗಿ ಗ್ರಾಮದ ಕರಿಯಮ್ಮದೇವಿ ಕೂಲಿ ಕಾರ್ಮಿಕರ ಸಂಘಟನೆಯ 15 ಕುಟುಂಬಗಳ 32 ಕಾರ್ಮಿಕರಿಗೆ ಒಟ್ಟು 36960 ರೂ.",ಕೂಲಿಯಾಳು,labourer,Yes,qwerty,2025-02-07 16:22:14
ಕೂಲಿ,"ನಮ್ಮ ಕೂಲಿ ಕಾರ್ಮಿಕರು, ರಿಕ್ಷಾ ಗಾಡಿ ಎಳೆಯುವ ದೃಶ್ಯಗಳನ್ನೋ ಅಥವಾ ಗೋದಾಮುಗಳಲ್ಲಿ ತಾವು ಎತ್ತುವ ಹೆಣ ಭಾರದ ಮೂಟೆಗಳ ದೃಶ್ಯಗಳನ್ನೊ ಬಿತ್ತರಿಸಿ ತಾವೂ ಫಿಟ್- ತಮ್ಮ ದೇಶವೂ ಫಿಟ್ ಎಂದು ಘೋಷಿಸಬಹುದು.",ಕೂಲಿಯಾಳು,labourer,Yes,qwerty,2025-02-07 16:22:14
ಕೂಲಿ,ಕಳೆದ ಒಂದುವರೆ ತಿಂಗಳ ಹಿಂದೆ ಕೂಲಿ ಕೆಲಸ ಮಾಡುತ್ತಿದ್ದ ಮಹಿಳೆಯನ್ನು ಬಲಿ.,ಕೂಲಿಯಾಳು,labourer,Yes,qwerty,2025-02-07 16:22:14
ಕೂಲಿ,ಹಾಗಾಗಿ ಕೂಲಿ ಮಾಡಿದ್ರೂ ಮಕ್ಕಳಿಗೆ ಶಿಕ್ಷಣ ಕೊಡಿಸಿ ಎಂದರು.,ಕೂಲಿಯಾಳು,labourer,Yes,qwerty,2025-02-07 16:22:14
ಕೂಲಿ,ನಮ್ಮ ತಂದೆ ಅಗರ್ಭ ಶ್ರೀಮಂತರಲ್ಲ ಕೂಲಿ ಮಾಡಿ ಈ ಮಟ್ಟಿಗೆ ಬಂದಿದ್ದೇವೆ ಎಂದು ತಂದೆ-ತಾಯಿ ನೆನೆದು ಭಾವುಕರಾದರು.,ಕೂಲಿಯಾಳು,labourer,Yes,qwerty,2025-02-07 16:22:14
ಕೂಲಿ,"ಕೂಲಿ ಕೆಲಸ ಮಾಡುವವರ ಹೆಸರು, ತೆಂಗಿನ ಮರದ ಬುಡಕ್ಕೆ ಕಾಸರಕ ಮರದ ಸೊಪ್ಪು ತಂದವರ ವಿವರಗಳು ನಮಗೆ ತಿಳಿದಿದ್ದವು.",ಕೂಲಿಯಾಳು,labourer,Yes,qwerty,2025-02-07 16:22:14
ಕೂಲಿ,ಸಂಜೆ ಸಂತೆಗೆ ಬಂದ ಕೂಲಿ ಕಾರ್ಮಿಕರು ಸಂತೆಯಲ್ಲಿ ಕೊಳ್ಳಲು ಪರದಾಡುತ್ತಿದ್ದರು.,ಕೂಲಿಯಾಳು,labourer,Yes,qwerty,2025-02-07 16:22:14
ಕೂಲಿ,ಇವರೆಲ್ಲಾ ಕೂಲಿ ಕೆಲಸವನ್ನೇ ಆಶ್ರಯಿಸಿ ಜೀವನ ನಿರ್ವಹಣೆ ಮಾಡುತ್ತಿದ್ದಾರೆ.,ಕೂಲಿಯಾಳು,labourer,Yes,qwerty,2025-02-07 16:22:14
ಕೂಲಿ,"ಕರೆಗಳು ಬಂದಾಗ ಕೂಲಿ ಕೆಲಸ ಮಾಡುತ್ತಿದ್ದರೆ, ಉಳಿದ ದಿನಗಳಲ್ಲಿ ಪತ್ನಿ ಲಲಿತಾ ಅವರ ದುಡಿಮೆಯೇ ಜೀವನಕ್ಕೆ ಆಧಾರ.",ಕೂಲಿಯಾಳು,labourer,Yes,qwerty,2025-02-07 16:22:14
ಕೂಲಿ,"ನೆಮ್ಮದಿಯ ಸೂರಿಲ್ಲ: ಇಳಿ ವಯಸ್ಸಿನ ಶರಣಮ್ಮ, ಮೊದಲೆಲ್ಲಾ ಹೊಲಕ್ಕೆ ತೆರಳಿ ಕೂಲಿ ಮಾಡಿ ಜೀವನ ನಡೆಸುತ್ತಿದ್ದರು.",ಕೂಲಿಯಾಳು,labourer,Yes,qwerty,2025-02-07 16:22:14
ಕೂಲಿ,ಮತ್ತೂಂದೆಡೆ ಸಕಾಲದಲ್ಲಿ ನ್ಯಾಯಬೆಲೆ ಅಂಗಡಿಗಳು ತೆರೆಯದೇ ಗ್ರಾಮೀಣ ಭಾಗದ ರೈತಾಪಿ ಕೂಲಿ ಕಾರ್ಮಿಕರಿಗೆ ತೊಂದರೆ ಆಗುತ್ತಿದೆ.,ಕೂಲಿಯಾಳು,labourer,Yes,qwerty,2025-02-07 16:22:14
ಕೂಲಿ,"ಈ ಪ್ರದೇಶದಲ್ಲಿ ಕಾಮರ್ಿಕರು, ಹಮಾಲಿಗಳು, ಕೂಲಿ ಕೆಲಸಗಾರರು ಇರುವುದರಿಂದ ಅವರಿಗೆ ಅನುಕೂಲವಾಗಲಿದೆ.",ಕೂಲಿಯಾಳು,labourer,Yes,qwerty,2025-02-07 16:22:14
ಕೂಲಿ,"ತಂದೆ ಶರವಣನ್‌ ಕಾಸರಗೋಡಿನಲ್ಲೂ, ಮೇಲ್ಪರಂಬದಲ್ಲೂ ಕೂಲಿ ಕೆಲಸ ಮಾಡಿ ಜೀವನ ಸಾಗಿಸಿದ್ದರು.",ಕೂಲಿಯಾಳು,labourer,Yes,qwerty,2025-02-07 16:22:14
ಕೂಲಿ,ಗ್ರಾಮದ ಅಂಗಡಿವೊಂದರ ಬಳಿ ಕೂಲಿ ಕಾರ್ಮಿಕ ಬಸವರಾಜು ಅವರು ಸಿಕ್ಕಾಗ ಬಾಕಿ ಕೂಲಿ ನೀಡುವಂತೆ ಕೇಳಿದ್ದಾರೆ.,ಕೂಲಿಯಾಳು,labourer,Yes,qwerty,2025-02-07 16:22:14
ಕೂಲಿ,ರುಕ್ಮಿಣಿ ಮತ್ತು ಲಕ್ಷ್ಮೀ ಎಂಬ ಇಬ್ಬರನ್ನು ವಿವಾಹವಾಗಿರುವ ಶಿವಣ್ಣ ಪ್ರಸ್ತುತ ತನ್ನ ಎರಡನೇ ಪತ್ನಿ ಲಕ್ಷ್ಮೀಯೊಂದಿಗೆ ಅಕ್ಕಿಹೆಬ್ಬಾಳಿನಲ್ಲಿ ಕೃಷಿ ಕೂಲಿ ಕಾರ್ಮಿಕನಾಗಿ ಜೀವನ ನಡೆಸುತ್ತಿದ್ದಾನೆ.,ಕೂಲಿಯಾಳು,labourer,Yes,qwerty,2025-02-07 16:22:14
ಕೂಲಿ,"ಕೂಲಿ ಕೆಲಸಕ್ಕಾಗಿ ಬಂದ ವರ್ಗ ಈ ರೀತಿಯ ಹೇಯ ಕೃತ್ಯ ನಡೆಸುವಷ್ಟು ಮಟ್ಟಕ್ಕೆ ಬೆಳೆದಿದ್ದಾರೆ ಅಂದರೆ ನಿಜಕ್ಕೂ ಆತಂಕಕಾರಿ, ಕೊಲೆ, ಅತ್ಯಾಚಾರ, ಕಳ್ಳತನ ಎಲ್ಲಾತರಹದ ಕೃತ್ಯದಲ್ಲೂ ಭಾಗಿಯಾಗಿದ್ದಾರೆ.",ಕೂಲಿಯಾಳು,labourer,Yes,qwerty,2025-02-07 16:22:14
ಕೂಲಿ,ನರೇಗಾ ಯೋಜನೆಯಡಿ ಕೂಲಿ ಕೆಲಸ ನೀಡುವಲ್ಲಿ ವಿಫಲವಾಗಿರುವಿರಿ.,ಕೂಲಿಯಾಳು,labourer,Yes,qwerty,2025-02-07 16:22:14
ಕೂಲಿ,"ರಣ ವಿಜಯ್ ಸಿಂಗ್ (ಬಲ) ಬಿಹಾರದ ಜಾಮುಯಿಯ ಕೂಲಿ ಕಾರ್ಮಿಕ, ಹಿಸ್ಟರಿ ಪದವೀಧರ",ಕೂಲಿಯಾಳು,labourer,Yes,qwerty,2025-02-07 16:22:14
ಕೂಲಿ,ಕೂಲಿ ಕಾರ್ಮಿಕರಿಗೆ ನರೇಗಾದಡಿ ವಾರದೊಳಗೆ ಕೆಲಸ ನೀಡಲಾಗುತ್ತದೆ.,ಕೂಲಿಯಾಳು,labourer,Yes,qwerty,2025-02-07 16:22:16
ಕೂಲಿ,"ಈ ನೋಟು ನಿಷೇಧದಿಂದ ರೈತರು, ಜನಸಾಮಾನ್ಯರು, ಕೂಲಿ ಕಾರ್ಮಿಕರು ನಷ್ಟವನ್ನು ಅನುಭವಿಸುತ್ತಿದ್ದಾರೆ.",ಕೂಲಿಯಾಳು,labourer,Yes,qwerty,2025-02-07 16:22:16
ಕೂಲಿ,ನಿತ್ಯ ಕೂಲಿ ಮಾಡಿದ ಹಣದ ಲ್ಲಿಯೇ ನಮ್ಮ ಜೀವನ ನಡೆಯುತ್ತದೆ.,ಕೂಲಿಯಾಳು,labourer,Yes,qwerty,2025-02-07 16:22:16
ಕೂಲಿ,ಗಳಗಂಟ ಗಾದಶೆಟ್ಟಿ ಇವನ ಮನೆಯಲ್ಲಿ ಕೂಲಿ ಆಳಿನಂತೆ ದುಡಿಯುತ್ತಿದ್ದ.,ಕೂಲಿಯಾಳು,labourer,Yes,qwerty,2025-02-07 16:22:16
ಕೂಲಿ,ನಿರ್ಮಲಾನಂದ ಸ್ವಾಮೀಜಿಯವರು ಹಳ್ಳಿಗರ ಎಲ್ಲ ಬಡ ಮಕ್ಕಳಂತೆ ಬೆಳೆದವರು ಅವರ ತಂದೆ ತಾಯಿ ಕೂಲಿ ಮಾಡುತ್ತಿದ್ದರು .,ಕೂಲಿಯಾಳು,labourer,Yes,qwerty,2025-02-07 16:22:16
ಕೂಲಿ,ತಿರುವನಂತಪುರಂ: ಕೆಲ ತಿಂಗಳ ಹಿಂದಷ್ಟೇ ಕೇರಳಕ್ಕೆ ಕೂಲಿ ಕೆಲಸಕ್ಕೆ ಬಂದಿದ್ದ ಕಾರ್ಮಿಕನೊಬ್ಬನಿಗೆ ಲಾಟರಿಯಲ್ಲಿ 1 ಕೋಟಿ ರೂ.,ಕೂಲಿಯಾಳು,labourer,Yes,qwerty,2025-02-07 16:22:16
ಕೂಲಿ,ಒಕ್ಕೂಟದ ಅಧ್ಯಕ್ಷೆ ಶೋಭಾ ನಾಯ್ಕ ಮಾತನಾಡಿ 2001ರಿಂದ ಪ್ರಾರಂಭವಾದ ಸ್ತ್ರೀಶಕ್ತಿ ಸಂಘಗಳು ಬಡ ಕೂಲಿ ಕಾರ್ಮಿಕರೊಳಗೊಂಡು ರಚನೆ­ಯಾಗಿವೆ.,ಕೂಲಿಯಾಳು,labourer,Yes,qwerty,2025-02-07 16:22:16
ಕೂಲಿ,ಕೂಲಿ ಕೆಲಸದಿಂದ ಮರಳುವ ಸಂದರ್ಭದಲ್ಲಿ ತುಂಗಭದ್ರಾ ಕಾಲುವೆಗೆ ಟ್ರ್ಯಾಕ್ಟರ್‌ ಉರುಳಿ ಮೃತಪಟ್ಟ ಐವರು ಮಹಿಳೆಯರಲ್ಲಿ ನವಲಿ ಗ್ರಾಮದ ದುರುಗಮ್ಮಾ ಮಡಿವಾಳರ(40) ಸಹ ಒಬ್ಬರಾಗಿದ್ದಾರೆ.,ಕೂಲಿಯಾಳು,labourer,Yes,qwerty,2025-02-07 16:22:16
ಕೂಲಿ,ಇವರ ಕುಟುಂಬವು ಇನ್ನೂ ಬಡತನದಲ್ಲೇ ನಲುಗುತ್ತಿದ್ದು ಇವರು ಹೊಟ್ಟೆಪಾಡಿಗಾಗಿ ಮನರೇಗಾ ಮತ್ತು ಕೂಲಿ ಕೆಲಸವನ್ನೇ ಆಶ್ರಯಿಸಿದೆ.,ಕೂಲಿಯಾಳು,labourer,Yes,qwerty,2025-02-07 16:22:16
ಕೂಲಿ,"ತುಂಬೆದಡ್ಕ ಎಂಬ ಕುಗ್ರಾಮದ ಹುಸೈನ್ ಯಾನೆ ಹುಸೈನಾಕ ಕೂಲಿ ಕೆಲಸ ಮಾಡಿಕೊಂಡರೆ, ಬೀಫಾತಿಮಾ ಬೀಡಿ ಕಟ್ಟಿ ಮಕ್ಕಳನ್ನು ಸಾಕಿ ಸಲಹಿದ್ದರು.",ಕೂಲಿಯಾಳು,labourer,Yes,qwerty,2025-02-07 16:22:16
ಕೂಲಿ,"ಮೂಲತಃ ಮಡಿಕೇರಿಯ 12 ವರ್ಷ ಪ್ರಾಯದ ಬಾಲಕಿಯು ಬಡ ಕುಟುಂಬಕ್ಕೆ ಸೇರಿದವರಾಗಿದ್ದು, ಈಕೆಯ ಹೆತ್ತವರು ಮಡಿಕೇರಿ ರಾಜಪೇಟೆಯ ಕಾಫಿ ತೋಟದಲ್ಲಿ ಕೂಲಿ ಕೆಲಸ ಮಾಡುತ್ತಿದ್ದಾರೆ.",ಕೂಲಿಯಾಳು,labourer,Yes,qwerty,2025-02-07 16:22:16
ಕೂಲಿ,ಅವಕಾಶ ಸಿಕ್ಕರೆ ಅಲ್ಲಿ ಇಲ್ಲಿ ಕೂಲಿ ಅರಸಿಕೊಂಡು ಹೋಗುವ ದಿನಚರಿ.,ಕೂಲಿಯಾಳು,labourer,Yes,qwerty,2025-02-07 16:22:16
ಕೂಲಿ,ಕೂಲಿ ಕೆಲಸದಿಂದ ಜೀವನ ಸಾಗಿಸುವ ನನ್ನ ತಂದೆಯಿಂದ ಈ ವೆಚ್ಚ ಭರಿಸಲು ಅಸಾಧ್ಯ.,ಕೂಲಿಯಾಳು,labourer,Yes,qwerty,2025-02-07 16:22:16
ಕೂಲಿ,ಇವತ್ತು ಬೆಳಗ್ಗೆ ತಾನೆ ಕೂಲಿ ಕೆಲಸಕ್ಕೆ ಹೋಗುವ ಶ೦ಕ್ರನ ಮಗ ಹೊಸ ಹರ್ಕ್ಯುಲಸ್ ಸ್ಯೆಕಲ್ ಅಲ್ಲಿ ವ್ಹೀಲಿ೦ಗ್ ಮಾಡ್ತ ಹೋಗಿದ್ದು ನೋಡಿದ್ದೆ.,ಕೂಲಿಯಾಳು,labourer,Yes,qwerty,2025-02-07 16:22:16
ಕೂಲಿ,ಗಂಡನ ಕೂಲಿ ಸಾಕಾಗುವುದಿಲ್ಲ ಎಂದು ತಾನೂ ಕೂಡ ಕೂಲಿ ಮಾಡಿ ಜೀವನ ಸಾಗಿಸುತ್ತಿದ್ದಳು.,ಕೂಲಿಯಾಳು,labourer,Yes,qwerty,2025-02-07 16:22:16
ಕೂಲಿ,ಕೂಲಿ ಕಾರ್ಮಿಕರೂ ನೀರಾ ತಂತ್ರಜ್ಞಾನ ಕಲಿಯಬಹುದು.,ಕೂಲಿಯಾಳು,labourer,Yes,qwerty,2025-02-07 16:22:16
ಕೂಲಿ,"ಆದರೆ, ಎರಡನೇ ಹಂತದ ವಿಸ್ತರಣೆ ಕಾಮಗಾರಿಯಲ್ಲಿ ಕನಿಷ್ಠ ಕೂಲಿ ಕೆಲಸವನ್ನೂ ಸ್ಥಳೀಯ ನಿರಾಶ್ರಿತರಿಗೆ ನೀಡುತ್ತಿಲ್ಲ.",ಕೂಲಿಯಾಳು,labourer,Yes,qwerty,2025-02-07 16:22:16
ಕೂಲಿ,ಕೂಲಿ ದೊರೆಯುತ್ತದೆ.,ಕೂಲಿಯಾಳು,labourer,Yes,qwerty,2025-02-07 16:22:16
ಕೂಲಿ,ಹೆಣ್ಣು ಮಕ್ಕಳಿಬ್ಬರನ್ನು ಕೂಲಿ ಮಾಡಿ ಓದಿಸುತ್ತಿದ್ದ ತಂದೆ ತಾಯಿ ತಾವು ಪ್ರಸಾದ ತಿಂದು ತಮ್ಮ ಮಕ್ಕಳಿಗೂ ತಂದು ಕೊಟ್ಟರು.,ಕೂಲಿಯಾಳು,labourer,Yes,qwerty,2025-02-07 16:22:16
ಕೂಲಿ,"ಕೂಲಿ ಕಾರ್ಮಿಕರ ಕೊರತೆ, ಮಣ್ಣಿನ ಫಲವತ್ತತೆ ನಷ್ಟ, ಮಳೆ ವ್ಯತ್ಯಯದ ಕಾರಣಗಳನ್ನು ರೈತರು ನೀಡಿದ್ದಾರೆ ಎಂದು ತಿಳಿಸಿದರು.",ಕೂಲಿಯಾಳು,labourer,Yes,qwerty,2025-02-07 16:22:16
ಕೂಲಿ,"ದಿನೇ ದಿನೇ ಏರಿಕೆಯಾಗುತ್ತಿರುವ ಕೂಲಿ ದರ, ಹೆಚ್ಚು ಕೂಲಿ ನೀಡಿದರೂ ಸಿಗದ ಕೃಷಿ ಕಾರ್ಮಿಕರು.",ದುಡಿಮೆಗಾಗಿ ಕೊಡುವ ಪ್ರತಿ ಫಲ,reward for labor,Yes,qwerty,2025-02-07 16:49:33
ಕೂಲಿ,"ಟಿಲ್ಲರ್‌ ಖರ್ಚು, ಗೊಬ್ಬರದ ಖರ್ಚು, ಕಾರ್ಮಿಕರ ಕೂಲಿ ಇತ್ಯಾದಿಗಳನ್ನು ಲೆಕ್ಕ ಹಾಕಿದರೆ ಇವರಿಗೆ ನಷ್ಟವೇ ಅಧಿಕ.",ದುಡಿಮೆಗಾಗಿ ಕೊಡುವ ಪ್ರತಿ ಫಲ,reward for labor,Yes,qwerty,2025-02-07 16:49:33
ಕೂಲಿ,ನಮ್ಮ ಗ್ರಾಮೀಣ ಕಾರ್ಮಿಕರಿಗೆ ಸೇರಬೇಕಾದ ಕೂಲಿ ಹಣವನ್ನು ಅದೊಂದೇ ವಿದೇಶೀ ಕಂಪನಿ ಗಳಿಸುತ್ತದೆ.,ದುಡಿಮೆಗಾಗಿ ಕೊಡುವ ಪ್ರತಿ ಫಲ,reward for labor,Yes,qwerty,2025-02-07 16:49:33
ಕೂಲಿ,ಉದ್ಯೋಗ ಖಾತ್ರಿ ಕೂಲಿ ಹಣ ಕೇಳಿದರೆ ಪೊಲೀಸರಿಂದ ಬೂಟುಗಾಲಲ್ಲಿ ಒದೆಸುತ್ತಾರೆ.,ದುಡಿಮೆಗಾಗಿ ಕೊಡುವ ಪ್ರತಿ ಫಲ,reward for labor,Yes,qwerty,2025-02-07 16:49:33
ಕೂಲಿ,"ಸಿಐಟಿಯು ಜಿಲ್ಲಾ ಮುಂದಾಳು ವಸಂತ ಆಚಾರಿ ಮಾತನಾಡಿ, ಸರ್ವಾನುಮತದಲ್ಲಿ ನಿರ್ಣಯಿಸಲ್ಪಟ್ಟ ಕನಿಷ್ಠ ಕೂಲಿ ಜಾರಿಯಾಗುತ್ತಿಲ್ಲ.",ದುಡಿಮೆಗಾಗಿ ಕೊಡುವ ಪ್ರತಿ ಫಲ,reward for labor,Yes,qwerty,2025-02-07 16:49:33
ಕೂಲಿ,"17): ಅರಸೀಕೆರೆ ತಾಲ್ಲೂಕು ಕರಗುಂದ ಗ್ರಾಮ ಪಂಚಾಯ್ತಿಯಲ್ಲಿ ಮಹಾತ್ಮಗಾಂಧಿ ರಾಷ್ಟ್ರೀಯ ಗ್ರಾಮೀಣ ಉದ್ಯೋಗ ಖಾತರಿ ಯೋಜನೆಯ ಅನುಷ್ಠಾನ ಸಂಬಂಧಪಟ್ಟಂತೆ ಯೋಜನೆಯ ಮಾರ್ಗಸೂಚಿ–ನಿಯಮಗಳನ್ನು ಉಲ್ಲಂಘಿಸಿ, ಕೂಲಿ ಹಣವನ್ನು ಪಾವತಿ ಮಾಡದೆ ಸಾಮಾಗ್ರಿ ಮೊತ್ತವನ್ನು ಪಾವತಿಸಿ ಕರ್ತವ್ಯ ಲೋಪವೆಸಗಿರುವ ಬಿ.",ದುಡಿಮೆಗಾಗಿ ಕೊಡುವ ಪ್ರತಿ ಫಲ,reward for labor,Yes,qwerty,2025-02-07 16:49:33
ಕೂಲಿ,ಇದಕ್ಕೆ ನಮಗೆ ಸಿಗುತ್ತಿದ್ದ ಕೂಲಿ ಕೇವಲ 40 ರೂಪಾಯಿ.,ದುಡಿಮೆಗಾಗಿ ಕೊಡುವ ಪ್ರತಿ ಫಲ,reward for labor,Yes,qwerty,2025-02-07 16:49:33
ಕೂಲಿ,ಆಳು ಬಂದರೆ ಕೂಲಿ ಕೊಡಬೇಕಲ್ಲಾ ಯಾರು ಕೊಡ್ತಾರೆ!,ದುಡಿಮೆಗಾಗಿ ಕೊಡುವ ಪ್ರತಿ ಫಲ,reward for labor,Yes,qwerty,2025-02-07 16:49:33
ಕೂಲಿ,ಕೂಲಿ ಕೊಟ್ಟರೆ ತೆಗೆದುಕೊಳ್ಳುವುದು ಇಲ್ಲವಾದರೆ ಇಲ್ಲ!,ದುಡಿಮೆಗಾಗಿ ಕೊಡುವ ಪ್ರತಿ ಫಲ,reward for labor,Yes,qwerty,2025-02-07 16:49:33
ಕೂಲಿ,1940ರಲ್ಲೇ ಕೂಲಿ ಹೆಚ್ಚಳಕ್ಕೆ ಒತ್ತಾಯಿಸಿ ನೇಯ್ಗೆ ಕಾರ್ಮಿಕರು ಮುಷ್ಕರ ನಡೆಸಿದ್ದರು.,ದುಡಿಮೆಗಾಗಿ ಕೊಡುವ ಪ್ರತಿ ಫಲ,reward for labor,Yes,qwerty,2025-02-07 16:49:33
ಕೂಲಿ,ಗ್ರಾಮದ ಕೂಲಿ ಸಿಗದೆ ಪ್ರತಿವರ್ಷ ಗುಳೆ ಹೋಗುವುದು ಗ್ರಾಮಸ್ಥರಿಗೆ ಅನಿವಾರ್ಯ.,ದುಡಿಮೆಗಾಗಿ ಕೊಡುವ ಪ್ರತಿ ಫಲ,reward for labor,Yes,qwerty,2025-02-07 16:49:33
ಕೂಲಿ,ಸಾಮಾಜಿಕ ಪರಿವರ್ತನೆ ಮಾರ್ಗದಲ್ಲಿ ಕೃಷಿ ಕಾರ್ಮಿಕರಿಗೆ ಕನಿಷ್ಠ ಕೂಲಿ ನಿಗದಿ ಮಾಡಿ ಋಣ ಪರಿಹಾರ ಕಾರ್ಯಕ್ರಮವನ್ನು ಜಾರಿಗೊಳಿಸಿದರು.,ದುಡಿಮೆಗಾಗಿ ಕೊಡುವ ಪ್ರತಿ ಫಲ,reward for labor,Yes,qwerty,2025-02-07 16:49:33
ಕೂಲಿ,ಚದರ ಅಡಿಯ ಕಟ್ಟಡವನ್ನು ನಿರ್ಮಿಸಿದರೆ ಅಂದಾಜು ₨3 ಲಕ್ಷದವರೆಗೆ ಕೂಲಿ ಪಡೆಯಬಹುದಾಗಿದೆ ಎಂದು ತಿಳಿಸಿದರು.,ದುಡಿಮೆಗಾಗಿ ಕೊಡುವ ಪ್ರತಿ ಫಲ,reward for labor,Yes,qwerty,2025-02-07 16:49:33
ಕೂಲಿ,ಕಟ್ಟಡ ನಿರ್ಮಾಣ: ಕಟ್ಟಡ ಮತ್ತು ಇತರೆ ನಿರ್ಮಾಣ ಕ್ಷೇತ್ರದಲ್ಲೂ ಮಹಿಳೆಯರಿಗೆ ಕೂಲಿ ಕಮ್ಮಿ.,ದುಡಿಮೆಗಾಗಿ ಕೊಡುವ ಪ್ರತಿ ಫಲ,reward for labor,Yes,qwerty,2025-02-07 16:49:33
ಕೂಲಿ,ಆಳುಗಳ ಕೂಲಿ ಗಿಟ್ತಿಲ್ಲ:,ದುಡಿಮೆಗಾಗಿ ಕೊಡುವ ಪ್ರತಿ ಫಲ,reward for labor,Yes,qwerty,2025-02-07 16:49:33
ಕೂಲಿ,ನಾವು ಕೆಲಸ ನಿರ್ವಹಿಸಿದ್ದಕ್ಕೆ ಕೂಲಿ ಪಾವತಿಸದಿದ್ದರೆ ಹೋರಾಟ ನಡೆಸುತ್ತೇವೆ.,ದುಡಿಮೆಗಾಗಿ ಕೊಡುವ ಪ್ರತಿ ಫಲ,reward for labor,Yes,qwerty,2025-02-07 16:49:33
ಕೂಲಿ,ಕೂಲಿ ನೀಡುವ ಮುನ್ನ ದಾಖಲೆಗಳನ್ನು ಸಲ್ಲಿಸಬೇಕಾಗುತ್ತದೆ.,ದುಡಿಮೆಗಾಗಿ ಕೊಡುವ ಪ್ರತಿ ಫಲ,reward for labor,Yes,qwerty,2025-02-07 16:49:33
ಕೂಲಿ,ಆಳುಗಳಿಗೆ ಕೊಡುವ ಕೂಲಿ ಉಳಿತಾಯವಾಗಿದೆ.,ದುಡಿಮೆಗಾಗಿ ಕೊಡುವ ಪ್ರತಿ ಫಲ,reward for labor,Yes,qwerty,2025-02-07 16:49:33
ಕೂಲಿ,ಈ ತನಕ ಜಿಲ್ಲಾ ಆಡಳಿತ ಕೊಟ್ಟಿರುವ ಕೂಲಿ ನಾಲ್ಕು ದಿನಗಳದು !,ದುಡಿಮೆಗಾಗಿ ಕೊಡುವ ಪ್ರತಿ ಫಲ,reward for labor,Yes,qwerty,2025-02-07 16:49:33
ಕೂಲಿ,ರವಿವಾರ ಹೇಗೂ ಕೂಲಿ ಸಿಗುತ್ತಿದ್ದಿಲ್ಲ.,ದುಡಿಮೆಗಾಗಿ ಕೊಡುವ ಪ್ರತಿ ಫಲ,reward for labor,Yes,qwerty,2025-02-07 16:49:33
ಕೂಲಿ,ಅಸ್ಸಾಂ ಕಾರ್ಮಿಕರ ಕೂಲಿ ವೆಚ್ಚ ಕಡಿಮೆ ಇರುವುದರಿಂದ ಕೆಲವು ಕಾಫಿ ತೋಟದ ಮಾಲೀಕರು ತೋಟದ ಲೈನ್ ಮನೆಗಳಲ್ಲಿ ಅವರಿಗೆ ವಾಸ್ತವ್ಯ ಕಲ್ಪಿಸಿ ಕೆಲಸ ನೀಡುತ್ತಿದ್ದಾರೆ.,ದುಡಿಮೆಗಾಗಿ ಕೊಡುವ ಪ್ರತಿ ಫಲ,reward for labor,Yes,qwerty,2025-02-07 16:49:33
ಕೂಲಿ,ಕಲಬುರ್ಗಿ ಜಿಲ್ಲೆಯಲ್ಲಿ ಕೆಲಸ ಮಾಡಿದ 22 ದಿನಗಳ (ಸರಾಸರಿ ದಿನ)ನಂತರ ಕೂಲಿ ಪಾವತಿಸಲಾಗುತ್ತಿದೆ.,ದುಡಿಮೆಗಾಗಿ ಕೊಡುವ ಪ್ರತಿ ಫಲ,reward for labor,Yes,qwerty,2025-02-07 16:49:34
ಕೂಲಿ,ಮೂರು ಮನೆ ಕೆಲಸಕ್ಕೆ ರೂ 4400 ಕೂಲಿ,ದುಡಿಮೆಗಾಗಿ ಕೊಡುವ ಪ್ರತಿ ಫಲ,reward for labor,Yes,qwerty,2025-02-07 16:49:34
ಕೂಲಿ,2016ರ ಏಪ್ರಿಲ್‌ನಲ್ಲಿ ನಡೆದ ಯೋಜನೆ ಕಾಮಗಾರಿಯಲ್ಲಿ ಕೂಲಿ ನೀಡಿಲ್ಲ.,ದುಡಿಮೆಗಾಗಿ ಕೊಡುವ ಪ್ರತಿ ಫಲ,reward for labor,Yes,qwerty,2025-02-07 16:49:34
ಕೂಲಿ,ಕೂಲಿ ಪಾವತಿಯಾಗಿದೆ!,ದುಡಿಮೆಗಾಗಿ ಕೊಡುವ ಪ್ರತಿ ಫಲ,reward for labor,Yes,qwerty,2025-02-07 16:49:34
ಕೂಲಿ,ಇವರಿಗೆ ಕನಿಷ್ಠ ಕೂಲಿ ನಿಗದಿಪಡಿಸಿ 2016ರ ಆ.,ದುಡಿಮೆಗಾಗಿ ಕೊಡುವ ಪ್ರತಿ ಫಲ,reward for labor,Yes,qwerty,2025-02-07 16:49:34
ಕೂಲಿ,92ರಷ್ಟು ಕಾರ್ಮಿಕ ರಿಗೆ ಕನಿಷ್ಠ ಕೂಲಿ ನೀಡದೇ ವಂಚಿಸ ಲಾಗುತ್ತಿದೆ ಎಂದು ಆರೋಪಿಸಿದರು.,ದುಡಿಮೆಗಾಗಿ ಕೊಡುವ ಪ್ರತಿ ಫಲ,reward for labor,Yes,qwerty,2025-02-07 16:49:34
ಕೂಲಿ,ನನಗೆ ನನ್ನ ಕೂಲಿ ಕೊಟ್ಟರೆ ಸಾಕು.,ದುಡಿಮೆಗಾಗಿ ಕೊಡುವ ಪ್ರತಿ ಫಲ,reward for labor,Yes,qwerty,2025-02-07 16:49:34
ಕೂಲಿ,ಅಲ್ಲಿ ದಿನಕ್ಕೆ ರೂ 300-400 ಕೂಲಿ ಸಿಗುತ್ತದೆ.,ದುಡಿಮೆಗಾಗಿ ಕೊಡುವ ಪ್ರತಿ ಫಲ,reward for labor,Yes,qwerty,2025-02-07 16:49:34
ಕೂಲಿ,ನರೇಗಾ ಯೋಜನೆಯಡಿ ಹಾಜರಾತಿ ಲೆಕ್ಕದಲ್ಲಿ ಕೂಲಿ ಪಾವತಿಸುವಂತೆ ಒತ್ತಾಯಿಸಿ ತಾಲೂಕಿನ ಹಿರೇಬನ್ನಿಗ.,ದುಡಿಮೆಗಾಗಿ ಕೊಡುವ ಪ್ರತಿ ಫಲ,reward for labor,Yes,qwerty,2025-02-07 16:49:34
ಕೂಲಿ,ಅಸ್ಸಾಂ ಕಾರ್ಮಿಕರ ಪ್ರವೇಶದಿಂದ ಕೂಲಿ ಕಡಿಮೆಯಾಗಿದೆ.,ದುಡಿಮೆಗಾಗಿ ಕೊಡುವ ಪ್ರತಿ ಫಲ,reward for labor,Yes,qwerty,2025-02-07 16:49:34
ಕೂಲಿ,ಯೋಜನೆಯಲ್ಲಿ ಕೆಲಸ ಮಾಡಿದವರಿಗೆ ಕೂಲಿ ನೀಡುವಂತೆ ಒತ್ತಾಯಿಸಿ ಕರ್ನಾಟಕ ಪ್ರಾಂತ ರೈತ ಸಂಘದ ಸದಸ್ಯರು ಇಲ್ಲಿನ ತಾ.,ದುಡಿಮೆಗಾಗಿ ಕೊಡುವ ಪ್ರತಿ ಫಲ,reward for labor,Yes,qwerty,2025-02-07 16:49:34
ಕೂಲಿ,ಅನಾವಶ್ಯವಾಗಿ ಕೂಲಿ ನಾಲಿ ಮಾಡಿ ಬದುಕುವ ಬಡವರ ದುಡಿದು ತಿನ್ನುವ ಶ್ರಮಿಕರ ಜೀವಹಾನಿ ಆಸ್ತಿ ಪಾಸ್ತಿ ನಷ್ಟ ಆಗಬಾರದು.,ದುಡಿಮೆಗಾಗಿ ಕೊಡುವ ಪ್ರತಿ ಫಲ,reward for labor,Yes,qwerty,2025-02-07 16:49:34
ಕೂಲಿ,ಆದರೆ ಈ ಹೊಸ ಪದ್ಧತಿಯು ಕೂಲಿ ಪಾವತಿಸುವಲ್ಲಿ ಪೂರ್ತಿ ತಾಂತ್ರಿಕ ಸಮಸ್ಯೆಯಾಗಿ ಕರ್ನಾಟಕ ರಾಜ್ಯದಲ್ಲಿ ಈಗಾಗಲೇ ಕೆಲಸ ಮಾಡಿದ ಕೂಲಿ ಕಾರ್ಮಿಕರ ಕೂಲಿ ರೂ.,ದುಡಿಮೆಗಾಗಿ ಕೊಡುವ ಪ್ರತಿ ಫಲ,reward for labor,Yes,qwerty,2025-02-07 16:49:34
ಕೂಲಿ,"11-ರಾಜ್ಯ ಉಗ್ರಾಣ ನಿಗಮಗಳಲ್ಲಿ ಕಾರ್ಯನಿರ್ವಹಿಸುತ್ತಿರುವ ಅಮಾಲಿ ಕಾರ್ಮಿಕರ ಕೂಲಿ ಹೆಚ್ಚಳ, ಕಿರುಕುಳಕ್ಕೆ ಶಾಶ್ವತ ಪರಿಹಾರ ಒದಗಿಸುವಂತೆ ಆಗ್ರಹಿಸಿ ಸೆ.",ದುಡಿಮೆಗಾಗಿ ಕೊಡುವ ಪ್ರತಿ ಫಲ,reward for labor,Yes,qwerty,2025-02-07 16:49:34
ಕೂಲಿ,ಈ ಕಾರ್ಮಿಕರಿಗೆ ಕಾರ್ಮಿಕರಿಗೆ 38 ವರ್ಷಗಳಿಂದ ಸರಿಯಾದ ಕೂಲಿ ನೀಡುತ್ತಿಲ್ಲ.,ದುಡಿಮೆಗಾಗಿ ಕೊಡುವ ಪ್ರತಿ ಫಲ,reward for labor,Yes,qwerty,2025-02-07 16:49:34
ಕೂಲಿ,ಮಾನವ ದಿನಗಳ ಕೂಲಿ ಒದಗಿಸಿದ ತಿಮ್ಮಾಪೂರ ಗ್ರಾಮ ಪಂಚಾಯಿತಿಗೆ ಮೂರನೇ ಸ್ಥಾನ ಪಡೆದಿದೆ ಎಂದರು.,ದುಡಿಮೆಗಾಗಿ ಕೊಡುವ ಪ್ರತಿ ಫಲ,reward for labor,Yes,qwerty,2025-02-07 16:49:34
ಕೂಲಿ,ದುರ್ಗಿ : ಆಕಿಗೇನೂ ಕೂಲಿ ಕೊಟ್ಟಿಲ್ಲರಿ.,ದುಡಿಮೆಗಾಗಿ ಕೊಡುವ ಪ್ರತಿ ಫಲ,reward for labor,Yes,qwerty,2025-02-07 16:49:34
ಕೂಲಿ,ತಲಾ ಹತ್ತು ರೂಪಾಯಿ ಕೂಲಿ ಒಪ್ಪಿದೆವು.,ದುಡಿಮೆಗಾಗಿ ಕೊಡುವ ಪ್ರತಿ ಫಲ,reward for labor,Yes,qwerty,2025-02-07 16:49:34
ಕೂಲಿ,ದುಡಿದ ಕೈಗಳಿಗೆ ಕೂಲಿ ನೀಡಬೇಕೆಂಬ ಉದ್ದೇಶದಿಂದ ರಾಜ್ಯ ಸರ್ಕಾರವೇ 900 ಕೋಟಿ ರೂ.,ದುಡಿಮೆಗಾಗಿ ಕೊಡುವ ಪ್ರತಿ ಫಲ,reward for labor,Yes,qwerty,2025-02-07 16:49:34
ಕೇಸರಿ,ಇಂದು ಉತ್ತರ ಪ್ರದೇಶದ ಯಾವುದೇ ಟಾಯ್ಲೆಟ್‌ಗಳನ್ನು ಇಣುಕಿ ನೋಡಿದರೆ ಅವು ಕೇಸರಿ ಬಣ್ಣದಿಂದ ಕಂಗೊಳಿಸುತ್ತಿರುತ್ತವೆ.,ಕೇಸರಿ ಬಣ್ಣ,Colour Orange,Yes,Darshan R K,2025-02-08 11:12:50
ಕೇಸರಿ,71ರಷ್ಟು ಭೂ ಪ್ರದೇಶದಲ್ಲಿ ಕೇಸರಿ ಬಾವುಟ ಹಾರಾಡಿತ್ತು.,ಕೇಸರಿ ಬಣ್ಣ,Colour Orange,Yes,Darshan R K,2025-02-08 11:12:50
ಕೇಸರಿ,"ದುಂಡುಮುಖ, ಗೋಧಿ ಮೈಬಣ್ಣ, ದೃಢಕಾಯ ಶರೀರ, ಕೇಸರಿ ಬಣ್ಣದ ಸೀರೆ, ರವಿಕೆ ಧರಿಸಿದ್ದಾರೆ.",ಕೇಸರಿ ಬಣ್ಣ,Colour Orange,Yes,Darshan R K,2025-02-08 11:12:50
ಕೇಸರಿ,"9ಟು5ಮ್ಯಾಕ್ ನ ವರದಿಯ ಅನ್ವಯ ಹೇಳುವುದಾದರೆ ಆಪಲ್ ಕಂಪೆನಿಯು ಅತೀ ಕಡಿಮೆ ಬೆಲೆಯ ಐಫೋನ್ ನ್ನು ಬೂದು, ಬಿಳಿ, ನೀಲಿ, ಕೆಂಪು ಮತ್ತು ಕೇಸರಿ ಬಣ್ಣಗಳಲ್ಲಿ ಬಿಡುಗಡೆಗೊಳಿಸಲು ತಯಾರಿ ನಡೆಸುತ್ತಿದೆಯಂತೆ.",ಕೇಸರಿ ಬಣ್ಣ,Colour Orange,Yes,Darshan R K,2025-02-08 11:12:50
ಕೇಸರಿ,"ಶೋಭಾಯಾತ್ರೆ ಸಾಗುವ ಮಾರ್ಗದಲ್ಲಿನ ವೃತ್ತ, ರಸ್ತೆಗಳಲ್ಲಿ ಕೇಸರಿ ಬಟ್ಟೆ ಬಳಸಲಾಗಿದೆ.",ಕೇಸರಿ ಬಣ್ಣ,Colour Orange,Yes,Darshan R K,2025-02-08 11:12:50
ಕೇಸರಿ,ಹೀಗೆ ಸಮಾಜವಾದಿ ಹಿನ್ನೆಲೆಯ ಜೆಸಿಎಂ ಕೇಸರಿ ಪಕ್ಷದ ಪ್ರಮುಖ ನಾಯಕರಾದರು.,ಕೇಸರಿ ಬಣ್ಣ,Colour Orange,Yes,Darshan R K,2025-02-08 11:12:50
ಕೇಸರಿ,ಸಂಭ್ರಮ ಕೇಸರಿ ಬಣ್ಣದ ಆಕಾರ ಪಡೆಯಿತು.,ಕೇಸರಿ ಬಣ್ಣ,Colour Orange,Yes,Darshan R K,2025-02-08 11:12:50
ಕೇಸರಿ,ಒಂದು ಫೊಟೊದಲ್ಲಿ ಆತ ಕೇಸರಿ ಹಣೆಪಟ್ಟಿ ಧರಿಸಿದ್ದರೆ ಇನ್ನೊಂದರಲ್ಲಿ ನೀಲಿ ಹಣೆಪಟ್ಟಿ ಧರಿಸಿದ್ದಾನೆ.,ಕೇಸರಿ ಬಣ್ಣ,Colour Orange,Yes,Darshan R K,2025-02-08 11:12:50
ಕೇಸರಿ,ಕರಾವಳಿ ಭಾಗದಲ್ಲಿ ಪ್ರಬಲವಾಗಿರುವ ಕೇಸರಿ ಪಡೆಯನ್ನು ಎದುರಿಸಲು ಕಾಂಗ್ರೆಸ್‍ನ ನಿಷ್ಠಾವಂತ ಯುವ ಪಡೆಗೆ ಅವಕಾಶ ನೀಡಬೇಕೆಂಬ ಕೂಗು ಕೇಳಿಬಂದಿದೆ.,ಕೇಸರಿ ಬಣ್ಣ,Colour Orange,Yes,Darshan R K,2025-02-08 11:12:50
ಕೇಸರಿ,(ಮೈಸೂರು ಬೇಳೆ ಕೇಸರಿ ಬಣ್ಣದಲ್ಲಿರುತ್ತದೆ.,ಕೇಸರಿ ಬಣ್ಣ,Colour Orange,Yes,Darshan R K,2025-02-08 11:12:50
ಕೇಸರಿ,ಈ ಹಿನ್ನೆಲೆಯಲ್ಲಿ ಭಾನುವಾರ ಪೊಲೀಸರು ಕೋಟೆ ಮೇಲ್ಭಾಗದಲ್ಲಿ ಹಾರಾಡುತ್ತಿದ್ದ ಕೇಸರಿ ಬಾವುಟ ತೆರವುಗೊಳಿಸಿದ್ದರು.,ಕೇಸರಿ ಬಣ್ಣ,Colour Orange,Yes,Darshan R K,2025-02-08 11:12:50
ಕೇಸರಿ,"ಹಣಕ್ಕೆ ಪ್ರತಿಯಾಗಿ ಕೇಸರಿ ಪಕ್ಷದ ಪರ ರಾಜಕೀಯ ಅಭಿಯಾನಗಳನ್ನು ನಡೆಸಲು, ಅಧ್ಯಾತ್ಮಿಕತೆ ಹಾಗೂ ಧಾರ್ಮಿಕ ಸುದ್ದಿಗಳಿಗೂ ರಾಜಕೀಯ ಥಳುಕು ಹಾಕಲು ಮತ್ತು ಚುನಾವಣಾ ಲಾಭಕ್ಕಾಗಿ ಮೃದು ಹಿಂದುತ್ವ ಕಾರ್ಯಸೂಚಿಯನ್ನು ಉತ್ತೇಜಿಸಲು ಈ ಮಾಧ್ಯಮಸಂಸ್ಥೆಗಳು ಕುಟುಕುಕಾರ್ಯಾಚರಣೆಯಲ್ಲಿ ಒಪ್ಪಿಕೊಂಡಿದ್ದವು.",ಕೇಸರಿ ಬಣ್ಣ,Colour Orange,Yes,Darshan R K,2025-02-08 11:12:50
ಕೇಸರಿ,ಮಿಥುನ ರಾಶಿಯ ಜನರಿಗೆ ಹಳದಿ ಹಾಗೂ ಕೇಸರಿ ಬಣ್ಣ ಶುಭದಾಯಕವಾಗಿದೆ.,ಕೇಸರಿ ಬಣ್ಣ,Colour Orange,Yes,Darshan R K,2025-02-08 11:12:50
ಕೇಸರಿ,"ಹೀಗಾಗಿ ಅಂಬೇಡ್ಕರ್ ಕೂಡ ಹಿಂದೂ ಸಾಂಸ್ಕೃತಿಕ ನಾಯಕ ಎಂದು ಕರೆದಿದ್ದಲ್ಲದೆ, ಅಂಬೇಡ್ಕರ್ ಪ್ರತಿಮೆಗಳಿಗೆ ಕೇಸರಿ ಬಣ್ಣ ಬಳಿಯುವ ಮೂಲಕ ಬಾರಿ ವಿವಾದ ಸೃಷ್ಟಿಸಿತ್ತು.",ಕೇಸರಿ ಬಣ್ಣ,Colour Orange,Yes,Darshan R K,2025-02-08 11:12:50
ಕೇಸರಿ,ಬಿಜೆಪಿ ಒಂದೇ ಒಂದು ಕ್ಷೇತ್ರದಲ್ಲೂ ಕೇಸರಿ ಬಾವುಟ ಹಾರಿಸಲು ಸಾಧ್ಯವಿಲ್ಲ ಎಂದು ಸಮೀಕ್ಷೆ ಭವಿಷ್ಯ ಹೇಳಿದೆ.,ಕೇಸರಿ ಬಣ್ಣ,Colour Orange,Yes,Darshan R K,2025-02-08 11:12:50
ಕೇಸರಿ,"ನಮ್ಮ ರಾಷ್ಟ್ರಧ್ವಜವು ಅಗಲದುದ್ದಕ್ಕೂ ಮೇಲೆ ಕೇಸರಿ ಬಣ್ಣ, ಮಧ್ಯದಲ್ಲಿ ಬಿಳಿ ಬಣ್ಣ, ಕೊನೆಯಲ್ಲಿ ಹಸಿರು ಬಣ್ಣದ ಪಟ್ಟಿಗಳಿಂದ ಕೂಡಿದೆ.",ಕೇಸರಿ ಬಣ್ಣ,Colour Orange,Yes,Darshan R K,2025-02-08 11:12:50
ಕೇಸರಿ,ಕಾರಿನ ಹಿಂಬದಿಯಲ್ಲಿ ಕೇಸರಿ ಬಣ್ಣದ ಕುದುರೆ ರಥದಲ್ಲಿರುವ ಶ್ರೀಕೃಷ್ಣನ ಚಿತ್ರಣವಿತ್ತು ಎಂದು ನವೀನ್ ಹೇಳಿಕೆಯಲ್ಲಿ ತಿಳಿಸಿದ್ದಾನೆ.,ಕೇಸರಿ ಬಣ್ಣ,Colour Orange,Yes,Darshan R K,2025-02-08 11:12:50
ಕೇಸರಿ,"ನಿಲ್ದಾಣದ ಕಟ್ಟಡಕ್ಕೆ ಕೇಸರಿ ಬಣ್ಣ ಬಳಿಯಲಾಗಿದ್ದು, ಎಲ್ಲ ನಾಮಫಲಕಗಳಲ್ಲಿ ಹೊಸ ಹೆಸರು ಬರೆಯಲಾಗಿದ್ದು, ನಾಮಕರಣ ಸಮಾರಂಭದಲ್ಲಿ ಬಿಜೆಪಿ ಅಧ್ಯಕ್ಷ ಅಮಿತ್ ಷಾ, ರೈಲ್ವೆ ಸಚಿವ ಪಿಯೂಶ್ ಗೋಯಲ್ ಮತ್ತು ಉತ್ತರ ಪ್ರದೇಶ ಮುಖ್ಯಮಂತ್ರಿ ಆದಿತ್ಯನಾಥ್ ಪಾಲ್ಗೊಳ್ಳಲಿದ್ದರೆ.",ಕೇಸರಿ ಬಣ್ಣ,Colour Orange,Yes,Darshan R K,2025-02-08 11:12:50
ಕೇಸರಿ,"ಕೇಸರಿ ಬಣ್ಣದ ಕಾವಿ ಬಟ್ಟೆಯನ್ನು ಧರಿಸಿ, ಕೂದಲನ್ನು ಗಂಟುಕಟ್ಟಿಕೊಳ್ಳುತ್ತಿದ್ದರು.",ಕೇಸರಿ ಬಣ್ಣ,Colour Orange,Yes,Darshan R K,2025-02-08 11:12:50
ಕೇಸರಿ,ದಾರಿಯಲ್ಲಿ ಎರಡು ಹಾವುಗಳು ಮತ್ತು ಕಾಲಿನ ಹೆಬ್ಬೆರಳಿನ ಗಾತ್ರದ ಕೇಸರಿ ಕಪ್ಪು ಬಣ್ಣದ ಶತಪದಿ ನಮಗೆ ಗೋಚರಿಸಿ ಹಾಯ್ ಹೇಳಿದವು.,ಕೇಸರಿ ಬಣ್ಣ,Colour Orange,Yes,Darshan R K,2025-02-08 11:12:50
ಕೇಸರಿ,ಕಿತ್ತಳೆ ಹಣ್ಣು ಕೇಸರಿ ಬಣ್ಣದಿಂದ ಕೂಡಿರುತ್ತದೆ.,ಕೇಸರಿ ಬಣ್ಣ,Colour Orange,Yes,Darshan R K,2025-02-08 11:12:51
ಕೇಸರಿ,ಕೇಸರಿ ಅಥವಾ ಕಿತ್ತಳೆ ಬಣ್ಣದ ಬಳೆಗಳು-ಯಶಸ್ಸಿನ ಪ್ರತೀಕ.,ಕೇಸರಿ ಬಣ್ಣ,Colour Orange,Yes,Darshan R K,2025-02-08 11:12:51
ಕೇಸರಿ,ಇದನ್ನು ಖಂಡಿಸಿ ಇನ್ನೊಂದು ಕೋಮಿನ ವಿದ್ಯಾರ್ಥಿಗಳು ಮತ್ತು ವಿದ್ಯಾರ್ಥಿನಿಯರು ಕೇಸರಿ ಶಾಲು ಧರಿಸಿ ಕಾಲೇಜಿಗೆ ಬರಲಾರಂಭಿಸಿದ್ದಾರೆ.,ಕೇಸರಿ ಬಣ್ಣ,Colour Orange,Yes,Darshan R K,2025-02-08 11:12:51
ಕೇಸರಿ,ಹಾಗಾಗಿ ಮುಂಬರುವ ಚುನಾವಣೆಯಲ್ಲಿ ಕೇಸರಿ ರಂಗು ಹೆಚ್ಚಾಗಲಿದೆ ಎಂದು ಅಮಿತ್‌ ಶಾ ಸ್ಪಷ್ಟಪಡಿಸಿದರು.,ಕೇಸರಿ ಬಣ್ಣ,Colour Orange,Yes,Darshan R K,2025-02-08 11:12:51
ಕೇಸರಿ,ಕಾರ್ಯಕ್ರಮದಲ್ಲಿ ಬಿಳಿ ಬಣ್ಣದ ಜುಬ್ಬಾ ಹಾಗೂ ಕೇಸರಿ ಬಣ್ಣದ ನೆಹರು ಜಾಕೆಟ್ ನಲ್ಲಿ ಅಮಿತಾಬ್ ಮಿಂಚಿದ್ದಾರೆ.,ಕೇಸರಿ ಬಣ್ಣ,Colour Orange,Yes,Darshan R K,2025-02-08 11:12:51
ಕೇಸರಿ,"ಇಡೀ ಮೆಂಟನ್‌ ನಗರದ ರಸ್ತೆಗಳು, ಉದ್ಯಾನವನಗಳು, ಕಟ್ಟಡಗಳು ಬರೀ ನಿಂಬೆ ಹಣ್ಣುಗಳಿಂದಲೇ ಅಲಂಕಾರಗೊಂಡು, ಹಳದಿ ಮತ್ತು ಕೇಸರಿ ಬಣ್ಣದ ದೀಪಗಳಿಂದ ನೋಡುಗರ ಮನಸೂರೆಗೊಳ್ಳುತ್ತವೆ.",ಕೇಸರಿ ಬಣ್ಣ,Colour Orange,Yes,Darshan R K,2025-02-08 11:12:51
ಕೇಸರಿ,ಕೇಸರಿ ಬಣ್ಣಕ್ಕೆ ತಿರುಗಿದ್ದ ಹಜ್ ಕಟ್ಟಡಕ್ಕೆ ಮತ್ತೆ ಬಿಳಿ ಬಣ್ಣ,ಕೇಸರಿ ಬಣ್ಣ,Colour Orange,Yes,Darshan R K,2025-02-08 11:12:51
ಕೇಸರಿ,"ಕೇಸರಿ ಬಣ್ಣದ ಪ್ಲಾಸ್ಟಿಕ್ ಬಕೀಟಿಗೆ ಹಚ್ಚಿದ ತೇಪೆಯಂತೆ ಕಂದು ಕಲರ್ ಕಾಲು, ಬೂದಿ ಬಣ್ಣದ ಕೈ ಪಟ್ಟಿಯೊಂದಿಗೆ ಭಾವಿ ಎದ್ದು ನಿಂತಿದ್ದಳು.",ಕೇಸರಿ ಬಣ್ಣ,Colour Orange,Yes,Darshan R K,2025-02-08 11:12:51
ಕೇಸರಿ,"ಬಸವೇಶ್ವರ ವೃತ್ತ, ಮಹಾತ್ಮ ಪುಲೆ ರಸ್ತೆ, ರೇಲ್ವೆ ಪ್ರಥಮ ಗೇಟ್‌ ಕಡೆ ಹೋಗುವ ರಸ್ತೆ, ಲೆಲೆ ಮೈದಾನದ ಸುತ್ತಲಿನ ಭಾಗಗಳಲ್ಲಿ ಮಣಗಟ್ಟಲೆ ಗುಲಾಲ, ಕೇಸರಿ ಬಣ್ಣದ ಪುಡಿ ಎರಚಿ ಸಂಭ್ರಮ ಪಟ್ಟರು.",ಕೇಸರಿ ಬಣ್ಣ,Colour Orange,Yes,Darshan R K,2025-02-08 11:12:51
ಕೇಸರಿ,"ಸ್ಕಾರ್ಫ್, ಟೀಶರ್ಟ್‌, ಟ್ರೌಸರ್‌ಗಳಲ್ಲಿಯೂ ಕೇಸರಿ ಬಣ್ಣ ಹೆಚ್ಚಾಗಿ ಬಳಕೆಯಾಗಿತ್ತು.",ಕೇಸರಿ ಬಣ್ಣ,Colour Orange,Yes,Darshan R K,2025-02-08 11:12:51
ಕೇಸರಿ,ಪಶ್ಚಿಮಘಟ್ಟದ ಅಣಶಿಯ ದಟ್ಟಾರಣ್ಯದಲ್ಲಿ ಕೇಸರಿ ಬಣ್ಣದ ಅಣಬೆ ಕಾಣಸಿಗುತ್ತದೆ.,ಕೇಸರಿ ಬಣ್ಣ,Colour Orange,Yes,Darshan R K,2025-02-08 11:12:51
ಕೇಸರಿ,ಕೊನೆಗೆ ಕೆಳಭಾಗದಲ್ಲಿ SAVE TEMPLATE ಎಂದು ಬರೆದಿರುವ ಕೇಸರಿ ಬಣ್ಣದ ಬಟನ್ ಇರುತ್ತದೆ.,ಕೇಸರಿ ಬಣ್ಣ,Colour Orange,Yes,Darshan R K,2025-02-08 11:12:51
ಕೇಸರಿ,ಯೋಗಿ ಆದಿತ್ಯನಾಥ್ ಅವರು ಮುಖ್ಯಮಂತ್ರಿಯಾದ ಮೇಲೆ ಉತ್ತರ ಪ್ರದೇಶದ ಹಲವೆಡೆ ಕೇಸರಿ ಬಣ್ಣ ರಾರಾಜಿಸುತ್ತಿದೆ.,ಕೇಸರಿ ಬಣ್ಣ,Colour Orange,Yes,Darshan R K,2025-02-08 11:12:51
ಕೇಸರಿ,"ಕೇಸರಿ ಬಣ್ಣದ ಬಟ್ಟೆ ಹಾಗೂ ಸಾಧು, ಸಂತರು ಇಂತಹ ಬಟ್ಟೆ ಧರಿಸಲು ಹಲವಾರು ಕಾರಣಗಳು ಇವೆ.",ಕೇಸರಿ ಬಣ್ಣ,Colour Orange,Yes,Darshan R K,2025-02-08 11:12:51
ಕೇಸರಿ,"ಭಾರತವನ್ನು ತುಂಡರಿಸಲು, ಭಾರತೀಯತೆಯನ್ನು ನಿಕೃಷ್ಟವಾಗಿ ತೋರಿಸಲು ಎಡಚ್ಚರು ಹೆಣೆದಿದ್ದ ವ್ಯವಸ್ತಿತ ಜಾಲದ ಅರಿವು ಯಾವಾಗ ಅವರಿಗೆ ಆಯಿತೋ ಅವರು ಲಾಲ್ ಸಲಾಮ್ ಅನ್ನು ತ್ಯಜಿಸಿ ಸನಾತನದ ಕೇಸರಿ ಬಣ್ಣದಲ್ಲಿ ಮುಳುಗೆದ್ದರು.",ಕೇಸರಿ ಬಣ್ಣ,Colour Orange,Yes,Darshan R K,2025-02-08 11:12:51
ಕೇಸರಿ,"ಅದರಂತೆ ಬಾವುಟದ ಕೇಸರಿ ಬಣ್ಣ ತ್ಯಾಗ ಬಲಿದಾನದ ಸಂಕೇತವಾಗಿದ್ದು 86 ಮಹಾತ್ಮಾ ಗಾಂಧೀ - ನನ್ನ ತಾತ ; ಭಾಗ 2 ಬಿಳಿ ಸರಳತೆ ಮತ್ತು ಶಾಂತಿಯ ಸಂಕೇತ, ಹಸಿರು ಕೃಷಿ ಉತ್ಪನ್ನಗಳ ಮತ್ತು ಭಾರತದ ಫಲವತ್ತಾದ ಸಸ್ಯ ಶ್ಯಾಮಲಾ ಭೂಮಿಯ ಪ್ರತೀಕ.",ಕೇಸರಿ ಬಣ್ಣ,Colour Orange,Yes,Darshan R K,2025-02-08 11:12:51
ಕೇಸರಿ,ಕೇಸರಿ ಹಾಗೂ ಕಂದು ಬಣ್ಣ ಮಿಶ್ರಿತ ಈ ಮೀನಿನ ನಡಿಗೆಯನ್ನು ಫ್ರಾನ್ಸ್ ನ ಚಾಲಕನೊಬ್ಬ ಸೆರೆಹಿಡಿದಿದ್ದಾನೆ.,ಕೇಸರಿ ಬಣ್ಣ,Colour Orange,Yes,Darshan R K,2025-02-08 11:12:51
ಕೇಸರಿ,"ಹೂವುಗಳು ಮೊದಲಿಗೆ ಕೇಸರಿ ಅಥವಾ ಹಳದಿ ಮಿಶ್ರಿತ ಕೇಸರಿ ಬಣ್ಣದಲ್ಲಿರುತ್ತವೆ, ಅರಳುತ್ತಾ ಹೋದಂತೆ ಕೆಂಪು ಬಣ್ಣಕ್ಕೆ ತಿರುಗುತ್ತವೆ.",ಕೇಸರಿ ಬಣ್ಣ,Colour Orange,Yes,Darshan R K,2025-02-08 11:12:51
ಕೇಸರಿ,ಸಾರ್ವಜನಿಕ ಕ್ಷೇಮಕ್ಕಾಗಿ ಮತ್ತು ರಾಷ್ಟ್ರ ನಿರ್ಮಾಣಕ್ಕಾಗಿ ಕೇಸರಿ ಬಣ್ಣದ ಬಟ್ಟೆ ತೊಡುತ್ತಿದ್ದು ಯೋಗಿಯವರು ಅದೇ ಹಾದಿಯಲ್ಲಿ ಮುನ್ನಡೆಯುತ್ತಿದ್ದಾರೆ ಎಂದು ಟ್ವೀಟ್ ಮಾಡಿದೆ.,ಕೇಸರಿ ಬಣ್ಣ,Colour Orange,Yes,Darshan R K,2025-02-08 11:12:51
ಕೇಸರಿ,"ಹಣೆಗೆ ಆಂಜನೇಯನ ತಿಲಕ, ಕೇಸರಿ ಬಣ್ಣದ ಪೋಷಾಕು ತೊಟ್ಟು ಸುದೀಪ್​ ಮಿಂಚಿದ್ದಾರೆ.",ಕೇಸರಿ ಬಣ್ಣ,Colour Orange,Yes,Darshan R K,2025-02-08 11:12:51
ಕೇಸರಿ,ಕೇಸರಿ ಬಣ್ಣವೂ ವಿನ್ಯಾಸದ ಭಾಗವೇ ಎಂದು ಉತ್ತರಿಸುತ್ತಾರೆ.,ಕೇಸರಿ ಬಣ್ಣ,Colour Orange,Yes,Darshan R K,2025-02-08 11:12:51
ಕೇಸರಿ,"ಒಂದು ಬಣ್ಣ ಕೇಸರಿಯಾಗಿದ್ದು, ತಾನು ಕೇಸರಿ ಕ್ರಾಂತಿ ತರಬಯಸುತ್ತಿದ್ದೇನೆ.",ಕೇಸರಿ ಬಣ್ಣ,Colour Orange,Yes,Darshan R K,2025-02-08 11:12:51
ಕೇಸರಿ,ಬಿಸಿಸಿಐನಿಂದ ಕೇಸರಿ ಬಣ್ಣದ ಟೀಮ್‌ ಇಂಡಿಯಾ ಜರ್ಸಿ ಅನಾವರಣ!,ಕೇಸರಿ ಬಣ್ಣ,Colour Orange,Yes,Darshan R K,2025-02-08 11:12:51
ಕೇಸರಿ,ಉತ್ತರ ಪ್ರದೇಶದಲ್ಲಿ ಶಾಲೆಗಳಿಗೂ ಕೇಸರಿ ಬಣ್ಣ!,ಕೇಸರಿ ಬಣ್ಣ,Colour Orange,Yes,Darshan R K,2025-02-08 11:12:51
ಕೇಸರಿ,"ಮೊದ ಮೊದಲು ಎಲ್ಲಾ ಸರ್ಕಾರಿ ಕಟ್ಟೆಗಳಿಗೆ ಕೇಸರಿ ಬಣ್ಣವನ್ನ ಬಳಿಸಿದ್ರು, ಆ ನಂತರ ಮುಂದುವರೆದೂ ರಾಮ ಮಂದಿರಕ್ಕೆ ಕೈ ಹಾಕಿದ್ದು.",ಕೇಸರಿ ಬಣ್ಣ,Colour Orange,Yes,Darshan R K,2025-02-08 11:12:51
ಕೇಸರಿ,ಮುಂದಿನ ಶೈಕ್ಷಣಿಕ ವರ್ಷದಿಂದ ಎಂಟನೇ ತರಗತಿಯವರೆಗಿನ ಪಠ್ಯಪುಸ್ತಕಗಳ ಮುಖಪುಟವನ್ನು ಕೇಸರಿ ಬಣ್ಣದಲ್ಲಿ ಮುದ್ರಿಸಲು ಶಿಕ್ಷಣ ಇಲಾಖೆ ನಿರ್ಧರಿಸಿದೆ.,ಕೇಸರಿ ಬಣ್ಣ,Colour Orange,Yes,Darshan R K,2025-02-08 11:12:52
ಕೇಸರಿ,"ಅಂಬೇಡ್ಕರ್‌ ಪ್ರತಿಮೆಗೆ ಈ ಹಿಂದೆ ಕೇಸರಿ ಬಣ್ಣ ಬಳಿದಿದ್ದ ಕೇಸರಿಪ್ರಿಯರು, ಈಗ ಮಹಾತ್ಮ ಗಾಂಧೀಜಿ ಪ್ರತಿಮೆಯನ್ನೂ ಬಿಟ್ಟಿಲ್ಲ.",ಕೇಸರಿ ಬಣ್ಣ,Colour Orange,Yes,Darshan R K,2025-02-08 11:12:52
ಕೇಸರಿ,ವಿನಾಕಾರಣ ನನಗೆ ಕೇಸರಿ ಬಣ್ಣ ಬಳಿಯುವ ಪ್ರಯತ್ನಗಳು ನಡೆಯುತ್ತಿದೆ .,ಕೇಸರಿ ಬಣ್ಣ,Colour Orange,Yes,Darshan R K,2025-02-08 11:12:52
ಕೇಸರಿ,ತುಪ್ಪದಲ್ಲಿ ಹುರಿದ ದ್ರಾಕ್ಷಿ ಗೋಡಂಬಿ ಸೇರಿಸಿ ಏಲಕ್ಕಿ ಪುಡಿ ಕೇಸರಿ ಹಾಕಿ ಚೆನ್ನಾಗಿ ಮಿಕ್ಸ್‌ ಮಾಡಿ ಬಿಸಿಬಿಸಿಯಾಗಿ ಕುಡಿದರೆ ತುಂಬ ರುಚಿ.,ಮಸಾಲೆ ಪದಾರ್ಥ,Safforn,Yes,Darshan R K,2025-02-08 11:01:21
ಕೇಸರಿ,"ವೃಶ್ಚಿಕ ರಾಶಿಯವರು ಈ ಮಂತ್ರವನ್ನು ಉಚ್ಛರಿಸುವುದರಿಂದ ಉತ್ತಮ ಫಲವನ್ನು ಕಂಡುಕೊಳ್ಳಬಹುದಾಗಿದೆ: ಆಮ್ ಏಂಗ್ ಕ್ಲಿಂಗ್ ಶ್ರಿಂಗ್ ಶ್ರೀಗಂಧ, ಹವಳ, ಕೇಸರಿ ಮೊದಲಾದವನ್ನು ಈ ರಾಶಿಯವರು ದಾನ ಮಾಡಬಹುದು.",ಮಸಾಲೆ ಪದಾರ್ಥ,Safforn,Yes,Darshan R K,2025-02-08 11:01:21
ಕೇಸರಿ,"ಹುಟ್ಟುವ ಮಗು ಕೆಂಪಗೆ, ದುಂಡಗೆ ಇರಬೇಕು ಎಂದರೆ ಹಾಲಿಗೆ ಕೇಸರಿ ಹಾಕಿ ಗರ್ಭಿಣಿಯರಿಗೆ ನಮ್ಮ ಅಜ್ಜಿಯಂದಿರ ಕಾಲದಿಂದಲೂ ನೀಡುತ್ತಿದ್ದಾರೆ.",ಮಸಾಲೆ ಪದಾರ್ಥ,Safforn,Yes,Darshan R K,2025-02-08 11:01:21
ಕೇಸರಿ,2)ತುಳಸಿ ಎಲೆಗಳನ್ನು ಕೇಸರಿ ಜತೆ ಸೇರಿಸಿ ಪೇಸ್ಟ್ ಮಾಡಿಕೊಳ್ಳಿ.,ಮಸಾಲೆ ಪದಾರ್ಥ,Safforn,Yes,Darshan R K,2025-02-08 11:01:21
ಕೇಸರಿ,"ಈ ಆಲ್ಕೊಹಾಲ್‌ಯುಕ್ತ ಪಾನೀಯವನ್ನು ಡ್ರೈಫ್ರೂಟ್ಸ್‌, ಬೇರುಗಳು, ಕೇಸರಿ ಮತ್ತು ಇತರ ಮಸಾಲೆಗಳಂತಹ ವಿಲಕ್ಷಣ ಪದಾರ್ಥಗಳನ್ನು ಬಳಸಿ ತಯಾರಿಸಲಾಗುತ್ತದೆ.",ಮಸಾಲೆ ಪದಾರ್ಥ,Safforn,Yes,Darshan R K,2025-02-08 11:01:21
ಕೇಸರಿ,ನಿಯಮಿತವಾಗಿ ಕೇಸರಿ ನೀರನ್ನು ಸೇವಿಸುವುದರಿಂದ ಎಲ್ಲ ವಿಧಗಳ ಕಾಯಿಲೆಗಳಿಂದ ಮುಕ್ತಿ ಪಡೆಯಬಹುದು.,ಮಸಾಲೆ ಪದಾರ್ಥ,Safforn,Yes,Darshan R K,2025-02-08 11:01:21
ಕೇಸರಿ,ಆಲಿಕಲ್ಲು ಮಳೆಯಲ್ಲ ಇಲ್ಲಿ ಕೇಸರಿ ಹಾಗೂ ಚಂದನದ ಮಳೆಯಾಗುತ್ತಂತೆ !,ಮಸಾಲೆ ಪದಾರ್ಥ,Safforn,Yes,Darshan R K,2025-02-08 11:01:21
ಕೇಸರಿ,ಆ ಕಾಲದಿಂದ ಇಂದಿನವರೆಗೂ ಕೇಸರಿ ಹಾಲನ್ನು ಆಯುರ್ವೇದದಲ್ಲಿ ಅತ್ಯುತ್ತಮ ರೋಗ ನಿರೋಧಕ ಔಷಧ ಎಂದು ಪರಿಗಣಿಸಲಾಗುತ್ತದೆ.,ಮಸಾಲೆ ಪದಾರ್ಥ,Safforn,Yes,Darshan R K,2025-02-08 11:01:21
ಕೇಸರಿ,ನಂತರ ಒಂದು ಬಾಣಲೆಯನ್ನು ಸ್ಟವ್‌ ಮೇಲಿಟ್ಟು ಅದು ಸ್ವಲ್ಪ ಬಿಸಿಯಾಗುವಾಗ ಅದಕ್ಕೆ ಸಕ್ಕರೆ ಹಾಕಿ ಅದು ಮುಳುಗುವಷ್ಟು ನೀರು ಹಾಕಿ ಕಲಕುತ್ತ ಇರಬೇಕು ಇದು ಪಾಕ ಹದಕ್ಕೆ ಬಂದಾಗ ಅದಕ್ಕೆ ಕೇಸರಿ ಹಾಕಿ ಸ್ವಲ್ಪ ಹೊತ್ತು ಬಿಟ್ಟು ಸ್ಟವ್ ಮೇಲಿಂದ ಕೆಳಗೆ ಇಳಿಸಬೇಕು.,ಮಸಾಲೆ ಪದಾರ್ಥ,Safforn,Yes,Darshan R K,2025-02-08 11:01:21
ಕೇಸರಿ,"ಕೊನೆಯ ಪದರವಾಗಿ ಅನ್ನ ಹಾಕಿ ನಂತರ ಕೇಸರಿ ಹಾಕಿ ಹಾಲು ಹಾಕಿ, ಅದರ ಮೇಲೆ ಉಳಿದ ಗ್ರೇವಿ ಹಾಕಿ ಪಾತ್ರೆಯ ಬಾಯಿ ಮುಚ್ಚಿ ಕಡಿಮೆ ಉರಿಯಲ್ಲಿ 10 ನಿಮಿಷ ಬೇಯಿಸಿದರೆ ಕಡಲೆ ಬಿರಿಯಾನಿ ರೆಡಿ.",ಮಸಾಲೆ ಪದಾರ್ಥ,Safforn,Yes,Darshan R K,2025-02-08 11:01:21
ಕೇಸರಿ,"ಈಗ ದಪ್ಪ ತಳದ ಬಾಣಲೆಯಲ್ಲಿ ಸಕ್ಕರೆ ಹಾಗು ನೀರು ಸೇರಿಸಿ ಕುದಿಸಿ, ಅದು ಒಂದೆಳೆ ಪಾಕಕ್ಕೆ ಬಂಡ ಕೂಡಲೇ ಅದಕ್ಕೆ ಗೋಡಂಬಿ ಮತ್ತು ಬಾದಾಮಿ ಪುಡಿ , ಹುರಿದ ರವಾ, ಕೇಸರಿ ಹಾಲು,ತುಪ್ಪ ಹಾಗು ಏಲಕ್ಕಿ ಲವಂಗದ ಪುಡಿ ಸೇರಿಸಿ ಮಗುಚುತ್ತಿರಿ.",ಮಸಾಲೆ ಪದಾರ್ಥ,Safforn,Yes,Darshan R K,2025-02-08 11:01:21
ಕೇಸರಿ,ರಕ್ತ ದೋಷವೇ : ಕೇಸರಿ ಹಾಲು ಸೇವಿಸಿ.,ಮಸಾಲೆ ಪದಾರ್ಥ,Safforn,Yes,Darshan R K,2025-02-08 11:01:21
ಕೇಸರಿ,"ಕಾಶ್ಮೀರದಲ್ಲಿ ಅನೇಕ ಶತಮಾನಗಳಿಂದಲೂ ಕೃಷಿ ಮಾಡುವ ಈ ಕೇಸರಿ ಸಿರಿಯಾ, ಅರ್ಮೀನಿಯಾ, ಪರ್ಶಿಯಾ ದೇಶಗಳಲ್ಲಿ ಇದು ಸ್ವಾಭಾವಿಕ ಬೆಳೆ.",ಮಸಾಲೆ ಪದಾರ್ಥ,Safforn,Yes,Darshan R K,2025-02-08 11:01:21
ಕೇಸರಿ,"ಕೇಸರಿ ಎಸಳು, ವೈಟ್ ಟ್ರಫಲ್, ಮಡಗಾಸ್ಕರ್‌ನ ವೆನಿಲ್ಲಾ ಮತ್ತು ಚಿನ್ನದ ಫ್ಲೇಕ್ ಗಳನ್ನು ಈ ಚಾಕಲೇಟು ಹೊಂದಿದೆಯಂತೆ.",ಮಸಾಲೆ ಪದಾರ್ಥ,Safforn,Yes,Darshan R K,2025-02-08 11:01:21
ಕೇಸರಿ,ಪಾಯಸ ಸಿದ್ಧವಾದ ಮೇಲೆ ಏಲಕ್ಕಿ ಪುಡಿ ಕೇಸರಿ ಹಾಕಿದರೆ ಹಲಸಿನ ಖೀರು ಸಿದ್ಧ.,ಮಸಾಲೆ ಪದಾರ್ಥ,Safforn,Yes,Darshan R K,2025-02-08 11:01:21
ಕೇಸರಿ,"* ಅಕ್ಕಿ ಚೆನ್ನಾಗಿ ಬೆಂದ ಬಳಿಕ ಏಲಕ್ಕಿ ಪುಡಿ, ಕಟ್ ಮಾಡಿಟ್ಟುಕೊಂಡ ಬಾದಾಮಿ ಹಾಗೂ ನೆನೆಸಿಕೊಂಡ ಕೇಸರಿ ಎಳೆಗಳನ್ನು ಸೇರಿಸಿ.",ಮಸಾಲೆ ಪದಾರ್ಥ,Safforn,Yes,Darshan R K,2025-02-08 11:01:21
ಕೇಸರಿ,ಪುರುಷರಲ್ಲಿ ಫಲವತ್ತತೆಯನ್ನು ಹೆಚ್ಚಿಸಲು ಕೇಸರಿ ನೆರವಾಗುತ್ತದೆ.,ಮಸಾಲೆ ಪದಾರ್ಥ,Safforn,Yes,Darshan R K,2025-02-08 11:01:21
ಕೇಸರಿ,"ಈಗ ಏಲಕ್ಕಿ ಪುಡಿ, ಹೆಚ್ಚಿಕೊಂಡ ಬಾದಾಮಿ ಮತ್ತು ನೆನೆಸಿಕೊಂಡ ಕೇಸರಿ ಎಳೆಗಳನ್ನು ಸೇರಿಸಿ.",ಮಸಾಲೆ ಪದಾರ್ಥ,Safforn,Yes,Darshan R K,2025-02-08 11:01:21
ಕೇಸರಿ,"ಚಂದನ, ಶ್ರೀಗಂಧ, ಹಳದಿ, ಹಾಲು, ಕೇಸರಿ ಹೀಗೆ ವಿವಿಧ ಅಭಿಷೇಕಗಳನ್ನು ಬಾಹುಬಲಿಗೆ ಅರ್ಪಿಸಲಾಗುತ್ತದೆ",ಮಸಾಲೆ ಪದಾರ್ಥ,Safforn,Yes,Darshan R K,2025-02-08 11:01:22
ಕೇಸರಿ,ಕೇಸರಿ ಸೇವನೆಯನ್ನು ನಿಮ್ಮ ಎರಡನೇ ತ್ರೈಮಾಸಿಕದಿಂದ ಆರಂಭಿಸಿ ಎಂಬುದಾಗಿ ವೈದ್ಯರು ಸಲಹೆ ನೀಡುತ್ತಾರೆ.,ಮಸಾಲೆ ಪದಾರ್ಥ,Safforn,Yes,Darshan R K,2025-02-08 11:01:22
ಕೇಸರಿ,"ಬಿಳಿ ವರ್ಣದ ಮಗು ನಿಮ್ಮ ಬಯಕೆಯಾಗಿದ್ದರೆ ತೆಂಗಿನಕಾಯಿ ತಿರುಳು, ಕೇಸರಿ ಹಾಲು, ಮೊಟ್ಟೆ, ಬಾದಾಮಿ, ತುಪ್ಪ, ಕಿತ್ತಳೆ ಹಣ್ಣನ್ನು ಸೇವಿಸಬೇಕು.",ಮಸಾಲೆ ಪದಾರ್ಥ,Safforn,Yes,Darshan R K,2025-02-08 11:01:22
ಕೇಸರಿ,"ಇದಕ್ಕೂ ಮೊದಲು ಬೆಳಿಗ್ಗೆ 6 ಗಂಟೆಗೆ ನಗರದ ಎಲ್ಲ ಬಸದಿಗಳಲ್ಲಿಯ ಜಿನಪ್ರತಿಮೆಗಳಿಗೆ ಜಲ, ಎಳನೀರು, ಕ್ಷೀರ, ಗಂಧ, ಚಂದನ, ಕೇಸರಿ ಅಭಿಷೇಕ ನಡೆಯಿತು.",ಮಸಾಲೆ ಪದಾರ್ಥ,Safforn,Yes,Darshan R K,2025-02-08 11:01:22
ಕೇಸರಿ,ಥಂಡಾಯಿ ಹಾಗೂ ಕೇಸರಿ ಬಾದಾಮಿ ಮಿಲ್ಕ್‌ಶೇಕ್,ಮಸಾಲೆ ಪದಾರ್ಥ,Safforn,Yes,Darshan R K,2025-02-08 11:01:22
ಕೇಸರಿ,ಕೇಸರಿ ನೋವು ನಿವಾರಕವಾಗಿ ಕೆಲಸ ಮಾಡುವದು.,ಮಸಾಲೆ ಪದಾರ್ಥ,Safforn,Yes,Darshan R K,2025-02-08 11:01:22
ಕೇಸರಿ,ಇಲ್ಲಿ ಕೇಸರಿ ಹಾಗೂ ಚಂದನದ ಮಳೆಯಾಗುತ್ತದೆ ಎನ್ನಲಾಗುತ್ತದೆ.,ಮಸಾಲೆ ಪದಾರ್ಥ,Safforn,Yes,Darshan R K,2025-02-08 11:01:22
ಕೇಸರಿ,ಅರ್ಚನೆಯನ್ನು ಮಾಡುವಾಗ ಕೇಸರಿ ಮಿಶ್ರಿತ ಹಾಲಿನಿಂದ ಶಂಖದಲ್ಲಿ ಅಭಿಷೇಕ ಮಾಡಿದರೆ ಒಳ್ಳೆಯದು.,ಮಸಾಲೆ ಪದಾರ್ಥ,Safforn,Yes,Darshan R K,2025-02-08 11:01:22
ಕೇಸರಿ,ಕೇಸರಿ ಬೆಳೆಯುವ ವಿಶ್ವದ 3 ರಾಜ್ಯಗಳ ಪೈಕಿ ಈ ಕಾಶ್ಮೀರ ಕೂಡ ಒಂದು.,ಮಸಾಲೆ ಪದಾರ್ಥ,Safforn,Yes,Darshan R K,2025-02-08 11:01:22
ಕೇಸರಿ,"ಮಿದುಳಿನಲ್ಲಿ ಸಿರೊಟೋನಿನ್ ಹಾರ್ಮೋನ್ ಮಟ್ಟವನ್ನು ಹೆಚ್ಚಿಸುವ ಮೂಲಕ ಬೆಳಗಿನ ಬೇನೆಯು, ಆತಂಕ, ಮನಸ್ಥಿತಿ ಮತ್ತು ಗರ್ಭಧಾರಣೆಯ ಸಮಯದಲ್ಲಿ ಖಿನ್ನತೆಯನ್ನು ನಿಯಂತ್ರಿಸಲು ಕೇಸರಿ ಸಹಾಯ ಮಾಡುತ್ತದೆ.",ಮಸಾಲೆ ಪದಾರ್ಥ,Safforn,Yes,Darshan R K,2025-02-08 11:01:22
ಕೇಸರಿ,ರಾಜರ ಕಾಲದಲ್ಲಿ ಕೇಸರಿ ಹಾಲನ್ನು ನಿತ್ಯವೂ ಸೇವಿಸುತ್ತಿದ್ದರು.,ಮಸಾಲೆ ಪದಾರ್ಥ,Safforn,Yes,Darshan R K,2025-02-08 11:01:22
ಕೇಸರಿ,10-15 ಕೇಸರಿ ದಳವನ್ನು ತೆಗೆದುಕೊಂಡು ಇದಕ್ಕೆ ಸ್ವಲ್ಪ ಹಾಲಿನ ಪುಡಿಯನ್ನು ಸೇರಿಸಿ.,ಮಸಾಲೆ ಪದಾರ್ಥ,Safforn,Yes,Darshan R K,2025-02-08 11:01:22
ಕೇಸರಿ,* ಕೇಸರಿ ಎಳೆಗಳು- 6(ನೆನೆಸಿಟ್ಟುಕೊಳ್ಳಿ),ಮಸಾಲೆ ಪದಾರ್ಥ,Safforn,Yes,Darshan R K,2025-02-08 11:01:22
ಕೇಸರಿ,"ಹಚ್ಚಿಕೊಂಡ ಬಾದಾಮಿ, ಗೋಡಂಬಿ ಹಾಗೂ ಕೇಸರಿ ಎಳೆಯಿಂದ ಅಲಂಕರಿಸಿ.",ಮಸಾಲೆ ಪದಾರ್ಥ,Safforn,Yes,Darshan R K,2025-02-08 11:01:22
ಕೇಸರಿ,") ಚಾಕ್ಲೇಟ್ ಮೇಲೆ ತಿನ್ನಲು ಯೋಗ್ಯವಾದ ಚಿನ್ನದ ಪದರವಿದ್ದು, ಒಳಗೆ ಕೇಸರಿ ದಳ, ವೈಟ್.",ಮಸಾಲೆ ಪದಾರ್ಥ,Safforn,Yes,Darshan R K,2025-02-08 11:01:22
ಕೇಸರಿ,"ಒಂದು ವೇಳೆ ನೀವು ಅವಿವಾಹಿತರಾಗಿದ್ದರೆ ಈ ತಿಂಗಳಿಡೀ, ಸಾಧ್ಯವಾದರೆ ಪ್ರತಿದಿನಕ್ಕೆ ಒಂದು ಬಾರಿ ಕೇಸರಿ ಮಿಶ್ರಣ ಮಾಡಿದ ಹಾಲನ್ನು ಶಿವನಿಗೆ ಅರ್ಪಿಸಿ.",ಮಸಾಲೆ ಪದಾರ್ಥ,Safforn,Yes,Darshan R K,2025-02-08 11:01:22
ಕೇಸರಿ,10-12 ತುಳಸಿ ದಳವನ್ನು ತೆಗೆದುಕೊಂಡು ಇದಕ್ಕೆ ಸರಿಸಮನಾಗಿ ಕೇಸರಿ ದಳವನ್ನು ಮಿಶ್ರ ಮಾಡಿಕೊಳ್ಳಿ.,ಮಸಾಲೆ ಪದಾರ್ಥ,Safforn,Yes,Darshan R K,2025-02-08 11:01:22
ಕೇಸರಿ,"ಹೆಚ್ಚಿನ ಪ್ರಮಾಣದಲ್ಲಿ ಕೇಸರಿ ಸೇವನೆಯು ತಲೆಸುತ್ತುವಿಕೆ,ಅತಿಸಾರ,ಲೋಳೆಯ ಪೊರೆಗಳು,ವಾಂತಿ,ಕಣ್ಣು ಮತ್ತು ಚರ್ಮ ಹಳದಿ ಬಣ್ಣಕ್ಕೆ ತಿರುಗುವಿಕೆ ಇತ್ಯಾದಿಗಳಿಗೆ ಕಾರಣವಾಗಬಹುದು.",ಮಸಾಲೆ ಪದಾರ್ಥ,Safforn,Yes,Darshan R K,2025-02-08 11:01:22
ಕೇಸರಿ,"ಆಹಾರಕ್ಕೆ ಬಣ್ಣ, ರುಚಿ ಮತ್ತು ಸುವಾಸನೆ ನೀಡುವ ಕೇಸರಿ ವಿಶ್ವದ ಅತ್ಯಂತ ದುಬಾರಿ ಮಸಾಲೆ ಪದಾರ್ಥವಾಗಿದೆ.",ಮಸಾಲೆ ಪದಾರ್ಥ,Safforn,Yes,Darshan R K,2025-02-08 11:01:22
ಕೇಸರಿ,"ಕೇಸರಿ ದಳಗಳನ್ನು ಎದೆಯ ಹಾಲಿನಲ್ಲಿ ಬೆರಸಿ, ಅದರ ಎರಡು ಹನಿಗಳನ್ನು ಕಣ್ಣಿಗೆ ಬಿಟ್ಟರೆ, ಕೆಲವೇ ಕ್ಷಣಗಲ್ಲಿ ಕಣ್ಣಿನ ನೋವು ವಾಸಿಯಾಗುತ್ತದೆ.",ಮಸಾಲೆ ಪದಾರ್ಥ,Safforn,Yes,Darshan R K,2025-02-08 11:01:22
ಕೈಲಾಸ,ಜಲಂಧರನಿಗೆ ಶಿವನ ಕೈಲಾಸ ಎಷ್ಟು ಚೆನ್ನಾಗಿದೆ ಎಂದು ಹೇಳ್ತಾನೆ.,ಶಿವನ ನೆಲೆ,Abode of Shiva,Yes,Darshan R K,2025-02-08 16:43:09
ಕೈಲಾಸ,"ಪುರಾಣ ಕಥೆಗಳ ಪ್ರಕಾರ, ಒಂದು ದಿನ ಯಾವುದೋ ಕೆಲಸ ನಿಮಿತ್ತ ಶಿವನು ಕೈಲಾಸ ಮಂದಿರದಿಂದ ಬೇರೆಡೆಗೆ ತೆರಳಿದ್ದನು,ಇತ್ತ ಮಗ ಷಣ್ಮುಖನೂ ಕೈಲಾಸದಲ್ಲಿರಲಿಲ್ಲ.",ಶಿವನ ನೆಲೆ,Abode of Shiva,Yes,Darshan R K,2025-02-08 16:43:09
ಕೈಲಾಸ,ಪರಮಾತ್ಮ ಎಂದರೆ ಆತ ಕೈಲಾಸ ವಾಸಿಯಲ್ಲ.,ಶಿವನ ನೆಲೆ,Abode of Shiva,Yes,Darshan R K,2025-02-08 16:43:09
ಕೈಲಾಸ,ವಿಶಾಲವಾದ ಸರೋವರದ ತೀರದಲ್ಲಿ ಭವ್ಯವಗಾಗಿ ನಿರ್ಮಾಣಗೊಂಡ ಈ ದೇವಸ್ಥಾನ ಕೈಲಾಸ ಪರ್ವತದ ಶಿವ ಸನ್ನಿಧಿಯ ಕಲ್ಪನೆಯನ್ನು ಒಡಮೂಡಿಸುತ್ತದೆ.,ಶಿವನ ನೆಲೆ,Abode of Shiva,Yes,Darshan R K,2025-02-08 16:43:09
ಕೈಲಾಸ,"ಕೈಲಾಸ ಹಾಗೂ ಮಾನಸಸರೋವರ ದೇವಸ್ಥಾನಗಳ ಬಳಿಕ, ತ್ರೈಲೋಕಿನಾಥ್ ದೇವಸ್ಥಾನವು ಅತ್ಯ೦ತ ಪವಿತ್ರವಾದ ದೇವಸ್ಥಾನವೆ೦ದು ಪರಿಗಣಿತವಾಗಿದೆ.",ಶಿವನ ನೆಲೆ,Abode of Shiva,Yes,Darshan R K,2025-02-08 16:43:09
ಕೈಲಾಸ,ಶಿವನ ವಾಸಸ್ಥಾನ ಕೈಲಾಸ ಎಂದು ಹಳೆಯ ಧಾರ್ಮಿಕ ಗ್ರಂಥಗಳಲ್ಲಿ ಹೇಳಲಾಗಿದೆ.,ಶಿವನ ನೆಲೆ,Abode of Shiva,Yes,Darshan R K,2025-02-08 16:43:09
ಕೈಲಾಸ,ಶೈವಕ್ಕೆ ಕೈಲಾಸ ವೈಷ್ಣವಕ್ಕೆ ವೈಕುಂಠ,ಶಿವನ ನೆಲೆ,Abode of Shiva,Yes,Darshan R K,2025-02-08 16:43:09
ಕೈಲಾಸ,ಗಜಾಸುರನು ಇವರ ಆಟಕ್ಕೆ ಮನಸೋತು ಏನು ಬೇಕೋ ಕೇಳಿ ಎನ್ನುತ್ತಲೇ ಶಿವನನ್ನು ಹೊರಕ್ಕೆ ತೆಗೆದು ನೀನು ಕೈಲಾಸ ಸೇರಿಕೋ ಎಂದರು.,ಶಿವನ ನೆಲೆ,Abode of Shiva,Yes,Darshan R K,2025-02-08 16:43:09
ಕೈಲಾಸ,ಪರಶಿವ ಮತ್ತು ಪಾರ್ವತಿಯರಿಬ್ಬರು ಕೈಲಾಸ ಪರ್ವತದಲ್ಲಿ ನೆಲೆಸಿದ್ದಾಗ ಮತ್ತೊಂದು ದಿನ ಶಿವ ಇಲ್ಲದೆ ಇರುವ ಸಂದರ್ಭದಲ್ಲಿ ಪಾರ್ವತಿ ಸ್ನಾನಕ್ಕೆ ಅಣಿಯಾಗುತ್ತಿದ್ದಳು.,ಶಿವನ ನೆಲೆ,Abode of Shiva,Yes,Darshan R K,2025-02-08 16:43:09
ಕೈಲಾಸ,"ಶಿವರಾತ್ರಿ, ಈ ದಿನದಂದು ಕೈಲಾಸ ವಾಸ ಪರಶಿವನನ್ನು ಕೋಟಿ ಕೋಟಿ ಜನರು ಭಜಿಸಿ ಪೂಜಿಸುತ್ತಾರೆ.",ಶಿವನ ನೆಲೆ,Abode of Shiva,Yes,Darshan R K,2025-02-08 16:43:09
ಕೈಲಾಸ,"ಅಷ್ಟೇ ಅಲ್ಲದೇ ಕೈಲಾಸ ವಾಸಿ ಶಿವನ ದೃಶ್ಯಾವಳಿಗಳನ್ನು ಬಿಂಬಿಸುವ ಅಪರೂಪದ ಕಲಾ ಕೃತಿಗಳನ್ನು ಸೂರತ್‌ನಲ್ಲಿ ಕೆತ್ತಿದ್ದು, ಇದು ಸುಮಾರು 85 ಅಡಿ ಎತ್ತರವಿದೆ.",ಶಿವನ ನೆಲೆ,Abode of Shiva,Yes,Darshan R K,2025-02-08 16:43:09
ಕೈಲಾಸ,ಕೈಲಾಸ ಪರ್ವತದಲ್ಲಿ ಶಿವ ಪಾರ್ವತಿಯನ್ನು ನೋಡಿ ರೂಪಿಸಿದ ವಿಶಿಷ್ಟ ವಾದ್ಯ ಇದು ಎನ್ನುತ್ತದೆ ಪುರಾಣ.,ಶಿವನ ನೆಲೆ,Abode of Shiva,Yes,Darshan R K,2025-02-08 16:43:09
ಕೈಲಾಸ,"ಈ ಸಂದರ್ಭದಲ್ಲಿ ರಾಹುಲ್ ಕೈಲಾಸ ಶಿವನ ಬಳಿ ರಕ್ಷಿಸುವಂತೆ ಬೇಡಿಕೊಂಡಿದ್ದು, ಕೈಲಾಸ ಶಿವನ ದೇವಾಲಯಕ್ಕೆ ಭೇಟಿ ನೀಡುವುದಾಗಿ ಮನದಲ್ಲಿ ಪ್ರಾರ್ಥನೆ ಮಾಡಿಕೊಂಡಿದ್ದಾಗಿ ರಾಹುಲ್ ತಿಳಿಸುದ್ದಾರೆ.",ಶಿವನ ನೆಲೆ,Abode of Shiva,Yes,Darshan R K,2025-02-08 16:43:09
ಕೈಲಾಸ,ಈ ಕ್ಷೇತ್ರದಲ್ಲಿ ಪರಮೇಶ್ವರ ಕೈಲಾಸ ಗಿರಿಗಳಲ್ಲಿ ನೆಲೆಸಿರುವ ದಕ್ಷಿಣ ಕಾಶಿಗಳು ಸಾಕಷ್ಟು ಇವೆ.,ಶಿವನ ನೆಲೆ,Abode of Shiva,Yes,Darshan R K,2025-02-08 16:43:09
ಕೈಲಾಸ,ಇಡೀ ಜಗತ್ತಿಗೆ ಸ್ವರ್ಗ ಹಾಗೂ ಸಾಕ್ಷಾತ್ ಪರಮೇಶ್ವರನೇ ನೆಲೆಯಾಗಿರುವ ಕೈಲಾಸ ಎಂದೆನಿಸಿಕೊಂಡಿರುವ ಅತ್ಯಂತ ಸುಂದರ ಪ್ರದೇಶ.,ಶಿವನ ನೆಲೆ,Abode of Shiva,Yes,Darshan R K,2025-02-08 16:43:09
ಕೈಲಾಸ,"ಕುಬೇರ ಶಿವನ ಅನುಮತಿಯಂತೆ ಕೈಲಾಸ ಪರ್ವತದಲ್ಲಿ ಅಲಕಾನಗರಿ ನಿರ್ಮಿಸಿಕೊಂಡು, ಯಕ್ಷರಿಗೆ ಅಧಿಪತಿಯಾದನು.",ಶಿವನ ನೆಲೆ,Abode of Shiva,Yes,Darshan R K,2025-02-08 16:43:09
ಕೈಲಾಸ,ಶಿವರಾತ್ರಿಯಂದು ಕೈಲಾಸ ವಾಸ ಪರಶಿವನನ್ನು ಕೋಟಿ ಕೋಟಿ ಜನರು ಭಜಿಸಿ ಪೂಜೆ ಮಾಡುತ್ತಾರೆ.,ಶಿವನ ನೆಲೆ,Abode of Shiva,Yes,Darshan R K,2025-02-08 16:43:09
ಕೈಲಾಸ,ಹಸಿಕಾಳಿನ ಉಪ್ನಸರಿಗೆ ಬೆಣ್ಣೆ ಅಥವಾ ತುಪ್ಪ ಸೇರಿತೆಂದರೆ ಉಣ್ಣವವನು ಕೈಲಾಸ ಸೇರಿದಂತೆ ಸುಖ ಪಡುತ್ತಾನೆ.,ಶಿವನ ನೆಲೆ,Abode of Shiva,Yes,Darshan R K,2025-02-08 16:43:09
ಕೈಲಾಸ,ಸೃಷ್ಟಿಕರ್ತನಾದ ಬ್ರಹ್ಮದೇವರು ಕೈಲಾಸ ಪರ್ವತದ ಮೇಲೆ ಮಾನಸ ಸರೋವರ…,ಶಿವನ ನೆಲೆ,Abode of Shiva,Yes,Darshan R K,2025-02-08 16:43:09
ಕೈಲಾಸ,"ಆ ಪುಣ್ಯ ಕಾಲದಲ್ಲಿ ಎಲ್ಲಾ ಶಿವ ಪೂಜಾ ಸ್ಥಳಗಳಲ್ಲಿ ಸಂಕ್ರಮಣಗೊಳ್ಳುವ ಕೈಲಾಸ ಪತಿಯನ್ನು ಯಾರು ಭಕ್ತಿ ಶ್ರದ್ಧೆಯಿಂದ ಆರಾಧಿಸುವರೋ ಅವರ ಸಕಲ ಪಾಪಗಳನ್ನು ಪರಿಹರಿಸುವ ಮಹಾ ಶಿವನು, ಅವರ ಜೀವನದಲ್ಲಿ ಸುಖ , ಶಾಂತಿ ಹಾಗೂ ಸಮೃದ್ಧತೆಯನ್ನು ಅನುಗ್ರಹಿಸಿ ಕಾಪಾಡುವನು.",ಶಿವನ ನೆಲೆ,Abode of Shiva,Yes,Darshan R K,2025-02-08 16:43:09
ಕೈಲಾಸ,ಚೋಳದೆಶದ ಮಹಾಧನನೆಂಬ ವೈಶ್ಯಂ ಶಿವಭಕ್ತರ್ಗೆಲ್ಲಂ ಬೇಕಾದ ಪದಾರ್ಥ ವನೀವೆನೆಂದು ಪ್ರತಿಜ್ಞೆಯಿಂದಿರಲ್ ಆತನ ಪೆಂಡತಿಯಂ ಶಿವಂ ಬೇಡಿದೊಡೆ ಆಕೆಯ ನೊಪ್ಪಿಸಲ್ ಅವಳವನೊಯ್ವಾಗ ಅವನ ಬಂದುಗಳೆಲ್ಲಂ ಬಂದು ತಡೆದೊಡಾಕೆಯ ಗಂಡಂ ಬಂಧುಗಳೆಲ್ಲರಂ ಛೇದಿಸಲು ವೃಷಭದ ಮೇಲಾ ದಂಪತಿಗಳನೇರಿಸಿ ಕೈಲಾಸ ಕ್ಕೊಯ್ದನೆಂಬುದುಂ,ಶಿವನ ನೆಲೆ,Abode of Shiva,Yes,Darshan R K,2025-02-08 16:43:09
ಕೈಲಾಸ,ಶಿವ ಅವನಿಗೆ ಮೆಚ್ಚಿ ಅವನಿಗೆ ಕೈಲಾಸ ಪದವಿಯನ್ನಿತ್ತನು.,ಶಿವನ ನೆಲೆ,Abode of Shiva,Yes,Darshan R K,2025-02-08 16:43:09
ಕೈಲಾಸ,ಹರನ ಹೆಟ್ಟುಗೆ ಹೊಂಬೆಟ್ಟೇಱಿ ಕೈಲಾಸ | ದುರುವರ್ಣನ ನೋಡುವಂತೆ,ಶಿವನ ನೆಲೆ,Abode of Shiva,Yes,Darshan R K,2025-02-08 16:43:09
ಕೈಲಾಸ,"ಶಿವಕುಮಾರ ಸ್ವಾಮೀಜಿಗಳಂತ ದೇವರು ಅದೆಷ್ಟೊ ಮಕ್ಕಳು ವಿದ್ಯೆಯಿಂದ ಹಿಂದೆ ಸರಿಯುತ್ತಿದ್ದರೇನೋ, ಶಿವನ ಕೈಲಾಸ ಬೇರೆಲ್ಲೂ ಇಲ್ಲ.",ಶಿವನ ನೆಲೆ,Abode of Shiva,Yes,Darshan R K,2025-02-08 16:43:09
ಕೈಲಾಸ,ಕಾಯಕವೇ ಕೈಲಾಸ ಎಂದು ಕಾಂಗ್ರೆಸ್ ಪಕ್ಷವು ಸಾಕಷ್ಟು ಕೆಲಸಗಳನ್ನು ಮಾಡಿದೆ.,"ಸುಖ, ಆನಂದ","Happiness, pleasure",Yes,Darshan R K,2025-02-08 16:38:47
ಕೈಲಾಸ,ಕಾಯಕವೇ ಕೈಲಾಸ ಎಂಬ ತತ್ವಕ್ಕೆ ಮಾದರಿಯಂತೆ ಬದುಕಿ ತೋರಿಸಿದ್ದಾರೆ.,"ಸುಖ, ಆನಂದ","Happiness, pleasure",Yes,Darshan R K,2025-02-08 16:38:47
ಕೈಲಾಸ,ಸಮಾಜದಲ್ಲಿ ಸಮಾನತೆಗಾಗಿ ತಮ್ಮ ಜೀವನವನ್ನು ಮುಡಿಪಾಗಿಟ್ಟು ಎಲ್ಲಿರಿಗೂ ಕಾಯಕವೇ ಕೈಲಾಸ ಎಂಬ ಮಹಾ ಆದರ್ಶವನ್ನಿತ್ತ ಶ್ರೀ ಕ್ರಾಂತಿ ಯೋಗಿ ಬಸವಣ್ಣರ ಚರಿತ್ರೆಯನ್ನು ತೆಲಂಗಾಣದ ಸರಕಾರ ಶಾಲಾ ಪಠ್ಯದಲ್ಲಿ ಸೇರಿಸಲು ಒಪ್ಪಿಗೆ ನೀಡಿದೆ.,"ಸುಖ, ಆನಂದ","Happiness, pleasure",Yes,Darshan R K,2025-02-08 16:38:47
ಕೈಲಾಸ,ಕಾಯಕವೇ ಕೈಲಾಸ ಎಂಬ ಬಸವಣ್ಣನವರ ವಚನವನ್ನು ಉಲ್ಲೇಖಿಸಿದ ಮಾತ್ರಕ್ಕೆ ಉದ್ಯೋಗ ಸೃಷ್ಟಿಯಾಗುವುದಿಲ್ಲ ಎನ್ನುವುದು ಹಣಕಾಸ ಸಚಿವೆ ನಿರ್ಮಲಾ ಸೀತಾರಾಮನ್ ಅವರಿಗೆ ತಿಳಿದಿರಲಿ.,"ಸುಖ, ಆನಂದ","Happiness, pleasure",Yes,Darshan R K,2025-02-08 16:38:47
ಕೈಲಾಸ,"111) ಪ್ರತಿನಿತ್ಯ ಯೋಗ, ಧ್ಯಾನದ ದಿನಚರಿ, ಸರಳ ಜೀವನ, ಸೇವೆ ಮೂಲಕ ಸಮಾಜಕ್ಕೆ ಕಾಯಕವೇ ಕೈಲಾಸ ಎಂಬ ಸಂದೇಶವನ್ನು ಸಿದ್ದಗಂಗಾ ಶ್ರೀಗಳು ಸಾರಿದ್ದರು.","ಸುಖ, ಆನಂದ","Happiness, pleasure",Yes,Darshan R K,2025-02-08 16:38:47
ಕೈಲಾಸ,ಆಫೀಸಿಗೆ ಹೋಗುವ ಜನಗಳೇ ಹೆಚ್ಚು ಅವರು ಕಾಯಕವೇ ಕೈಲಾಸ ಎಂದು ತಿಳಿದಿರುವವರು ಇದ್ದರೆ.,"ಸುಖ, ಆನಂದ","Happiness, pleasure",Yes,Darshan R K,2025-02-08 16:38:47
ಕೈಲಾಸ,"ಹಣಕ್ಕಾಗಿ, ಹೆಸರಿಗಾಗಿ ಒಮ್ಮೆಯೂ ಹಂಬಲಿಸದೆ ಕೆಲಸವನ್ನೇ ಕೈಲಾಸ ಎಂದವ.","ಸುಖ, ಆನಂದ","Happiness, pleasure",Yes,Darshan R K,2025-02-08 16:38:47
ಕೈಲಾಸ,"ಕೈಲಾಸ ಎಂಬುವುದು ಮತ್ತಾವುದೂ ಅಲ್ಲ, ಅನ್ನ ದಾನ, ಸತ್ಯನಿಷ್ಠೆ, ತನ್ನಂತೆ ಪರರನ್ನೂ ಭಾವಿಸುವುದು - ಇದೇ ಕೈಲಾಸ ಎಂದು ಎಲ್ಲ ಕಾಲಕ್ಕೂ ಎಲ್ಲ ದೇಶಕ್ಕೂ ಸರಿಹೊಂದುವ ಸತ್ಯವಾದ ಮಾತನ್ನು ಆಡಿದ್ದಾನೆ.","ಸುಖ, ಆನಂದ","Happiness, pleasure",Yes,Darshan R K,2025-02-08 16:38:47
ಕೈಲಾಸ,ಕಾಯಕವೇ ಕೈಲಾಸ ಎಂಬುದು ನನ್ನ ನೀತಿ.,"ಸುಖ, ಆನಂದ","Happiness, pleasure",Yes,Darshan R K,2025-02-08 16:38:47
ಕೈಲಾಸ,"ಅದೊಂದೇ ನನ್ನ ಸ್ಟ್ರೆಂಥ್‌ ಎನ್ನುವ ಶ್ರೀಧರ್‌, ಕಾಯಕವೇ ಕೈಲಾಸ ಎಂದು ನಂಬಿದವನು ನಾನು, ನನಗೆ ಸಂಗೀತ ಬಿಟ್ಟರೆ ಬೇರೇನೂ ಗೊರತ್ತಿಲ್ಲ.","ಸುಖ, ಆನಂದ","Happiness, pleasure",Yes,Darshan R K,2025-02-08 16:38:47
ಕೈಲಾಸ,ಬಸವಾದಿ ಪ್ರಮಥರು ಕಾಯಕವೇ ಕೈಲಾಸ ಎಂದು ಪ್ರತಿಪಾದಿ ಸಿದರು.,"ಸುಖ, ಆನಂದ","Happiness, pleasure",Yes,Darshan R K,2025-02-08 16:38:47
ಕೈಲಾಸ,ಪೂಜ್ಯರು ಶ್ರೀಶ್ರೀಸಿದ್ಧಗಂಗಾಶ್ರೀ ಗಳವರು ತೂರಿದ ಸೇವಾ ಪಥದಲ್ಲಿಯೇ ನಡೆಯುತ್ತಾ ಸಮಾಜ ಮುಖಿ ಯೋಜನೆಗಳನ್ನು ಕೈಗೊಂಡು ಕಾಯಕವೇ ಕೈಲಾಸ ಎಂಬಂತೆ ತಮ್ಮ ತ್ಯಾಗ ಜೀವನವನ್ನು ನಡೆಸುತ್ತಿರುವುದು ನಿಜಕ್ಕೂ ಆಶ್ಚರ್ಯಕರ ಎಂದು ಬಣ್ಣಿಸಿದರು.,"ಸುಖ, ಆನಂದ","Happiness, pleasure",Yes,Darshan R K,2025-02-08 16:38:47
ಕೈಲಾಸ,"ಕಾಯಕವೇ ಕೈಲಾಸ ಎಂದು ಸಾರಿ ಆರ್ಥಿಕ ತಜ್ಞರಾಗಿ, ಸಾಮಾಜಿಕ ಚಿಂತಕರಾಗಿ, ಅಧ್ಯಾತ್ಮ ಗುರುವಾಗಿ ಸಕಲರನ್ನೂ ಉದ್ಧರಿಸಿದ್ದಾರೆ.","ಸುಖ, ಆನಂದ","Happiness, pleasure",Yes,Darshan R K,2025-02-08 16:38:47
ಕೈಲಾಸ,ಕಾಯಕವೇ ಕೈಲಾಸ ಎಂಬುದೇ ಅವರ ನಿಲುವು.,"ಸುಖ, ಆನಂದ","Happiness, pleasure",Yes,Darshan R K,2025-02-08 16:38:47
ಕೈಲಾಸ,ಗಳನ್ನು ಪ್ರತಿವರ್ಷ ನೀಡುತ್ತೇವೆ ಎನ್ನುತ್ತಿದ್ದಾರೆ ಕೈಲಾಗದ ಗಂಡ ಕೈಲಾಸ ಕಂಡ ಎಂಬ ಗಾಧೆಯಂತೆ ಪ್ರತಿ ಕುಟುಂಭಕ್ಕೆ 72 ಸಾವಿರ ರೂ.,"ಸುಖ, ಆನಂದ","Happiness, pleasure",Yes,Darshan R K,2025-02-08 16:38:47
ಕೈಲಾಸ,"ಇಂದಿರೇಶನ್‌ ಅವರು, ಬಸವಣ್ಣನವರ ಕಾಯಕವೇ ಕೈಲಾಸ ಆದರ್ಶ ಕನ್ನಡಿಗರ ಪ್ರಗತಿಯ ಬೀಜಮಂತ್ರವಾಗಬೇಕು ಎಂದು ಹೇಳಿದರು.","ಸುಖ, ಆನಂದ","Happiness, pleasure",Yes,Darshan R K,2025-02-08 16:38:47
ಕೈಲಾಸ,ಮೈಸೂರು: ಕಾಯಕವೇ ಕೈಲಾಸ ಎಂಬ ನೀತಿಯನ್ನು ಚಾಚೂ ತಪ್ಪದೆ ಪಾಲಿಸುತ್ತಿರುವ ಮೈಸೂರಿನ ಅಶೋಕಪುರಂ ನಿವಾಸಿಯೊಬ್ಬರು ಕಳೆದ 31 ವರ್ಷಗಳಿಂದ ಮೈಸೂರಿನ ದೇವರಾಜ ಅರಸ್ ರಸ್ತೆ ಬದಿಯಲ್ಲಿ ನಿಲ್ಲುವ ಕಾರುಗಳನ್ನು ತೊಳೆಯುವ ಕಾಯಕ ವನ್ನು ರೂಢಿಸಿಕೊಂಡು ಸಂತೃಪ್ತ ಜೀವನ ನಡೆಸುವ ಮೂಲಕ ಗಮನ ಸೆಳೆದಿದ್ದಾರೆ.,"ಸುಖ, ಆನಂದ","Happiness, pleasure",Yes,Darshan R K,2025-02-08 16:38:47
ಕೈಲಾಸ,"ಆರ್ಥಿಕ ಸ್ವಾವಲಂಬನೆ, ಮಿತವ್ಯಯ, ಸ್ವಾರ್ಥರಹಿತ ಜೀವನ, ಕಾಯಕವೇ ಕೈಲಾಸ ಇವೆಲ್ಲ ಗಾಂಧೀಜಿ ಜೀವನ ತತ್ವಗಳು.","ಸುಖ, ಆನಂದ","Happiness, pleasure",Yes,Darshan R K,2025-02-08 16:38:47
ಕೈಲಾಸ,ಕಾಯಕವೇ ಕೈಲಾಸ ಎಂಬ ವಚನ ಬದುಕಿನ ಸಾರ್ಥಕತೆಯ ಮೂಲ.,"ಸುಖ, ಆನಂದ","Happiness, pleasure",Yes,Darshan R K,2025-02-08 16:38:47
ಕೈಲಾಸ,ಕಾಯಕವೇ ಕೈಲಾಸ ಎಂದು ಅರಿತು ಹಗಲಿರುಳೆನ್ನದೇ ಶ್ರಮ ವಹಿಸಿ ಕೆಲಸ ಮಾಡುತ್ತಾರೆ.,"ಸುಖ, ಆನಂದ","Happiness, pleasure",Yes,Darshan R K,2025-02-08 16:38:47
ಕೈಲಾಸ,ಮಾಸ್ತರನ ಹೆಂಡತಿಯಾದರೂ ಆ ಗರ್ವ ಇಟ್ಟುಕೊಳ್ಳದೇ ಕಾಯಕವೇ ಕೈಲಾಸ ಎಂಬಂತೆ ಸ್ವತ: ದುಡಿದಳು.,"ಸುಖ, ಆನಂದ","Happiness, pleasure",Yes,Darshan R K,2025-02-08 16:38:47
ಕೈಲಾಸ,ನುಡಿ: ಕಾಯಕವೇ ಕೈಲಾಸ,"ಸುಖ, ಆನಂದ","Happiness, pleasure",Yes,Darshan R K,2025-02-08 16:38:47
ಕೈಲಾಸ,ಕಾಯಕವೇ ಕೈಲಾಸ ಎಂದಿದ್ದ ಬಸವಣ್ಣ.,"ಸುಖ, ಆನಂದ","Happiness, pleasure",Yes,Darshan R K,2025-02-08 16:38:47
ಕೈಲಾಸ,"ತಮ್ಮ ಬದುಕಿನಲ್ಲಿ ಬಸವಣ್ಣನವರ ತತ್ವ, ಸಿದ್ಧಾಂತ, ಆಚಾರ–ವಿಚಾರಗಳನ್ನು ಅಳವಡಿಸಿಕೊಂಡು, ಕಾಯಕವೇ ಕೈಲಾಸ ಎಂಬ ತತ್ವದಡಿ ಹೆಚ್ಚು ಕೆಲಸ ಮಾಡುವ ಮೂಲಕ ಜಯಂತಿಯನ್ನು ಅರ್ಥ­ಪೂರ್ಣ­ಗೊಳಿಸಬೇಕು ಎಂದು ಹೇಳಿದರು.","ಸುಖ, ಆನಂದ","Happiness, pleasure",Yes,Darshan R K,2025-02-08 16:38:47
ಕೈಲಾಸ,ಕಾಯಕವೇ ಕೈಲಾಸ ಎಂಬ ಬಸವಣ್ಣನವರ ವಚನವನ್ನು ಉಲ್ಲೇಖಿಸಿದ ಮಾತ್ರಕ್ಕೆ ಉದ್ಯೋಗ ಸೃಷ್ಟಿಯಾಗುವುದಿಲ್ಲ ಎನ್ನುವುದು ಹಣಕಾಸ ಸಚಿವೆ @nsitharaman ಅವರಿಗೆ ತಿಳಿದಿರಲಿ.,"ಸುಖ, ಆನಂದ","Happiness, pleasure",Yes,Darshan R K,2025-02-08 16:38:47
ಕೈಲಾಸ,ದೇವನಹಳ್ಳಿ: ಬಸವಣ್ಣ ಅವರ ಕಾಯಕವೇ ಕೈಲಾಸ ಎಂಬ ಸಂದೇಶವನ್ನು ಪ್ರತಿಯೊಬ್ಬರೂ ಪಾಲಿಸಬೇಕು ಎಂದು ಮಾಜಿ ಸಚಿವ ಹಾಗೂ ಶಾಸಕ ಬಸವರಾಜ ಬೊಮ್ಮಾಯಿ ತಿಳಿಸಿದರು.,"ಸುಖ, ಆನಂದ","Happiness, pleasure",Yes,Darshan R K,2025-02-08 16:38:47
ಕೈಲಾಸ,ಕಾಯಕವೆ ಕೈಲಾಸ ಎಂಬುದು ಎಲ್ಲ ಧರ್ಮದವರಿಗೆ ಅನ್ವಯ ಆಗುತ್ತದೆ.,"ಸುಖ, ಆನಂದ","Happiness, pleasure",Yes,Darshan R K,2025-02-08 16:38:47
ಕೈಲಾಸ,ಅವರ ಕಾಯಕವೇ ಕೈಲಾಸ ಎಂಬ ತತ್ವ ಎಲ್ಲ ನೌಕರರು ಪಾಲಿಸಬೇಕು ಎಂದು ಹೇಳಿದರು.,"ಸುಖ, ಆನಂದ","Happiness, pleasure",Yes,Darshan R K,2025-02-08 16:38:47
ಕೈಲಾಸ,ಕಾಯಕವೇ ಕೈಲಾಸ ತತ್ವದಡಿ ರೈತರಿಗಿಂತ ಉತ್ತಮವಾದ ಕೃಷಿ ಬೆಳೆಯನ್ನು ಕಾರಾಗೃಹ ಆವರಣದಲ್ಲಿ ಕೈದಿಗಳು ಬೆಳೆದಿದ್ದಾರೆ.,"ಸುಖ, ಆನಂದ","Happiness, pleasure",Yes,Darshan R K,2025-02-08 16:38:47
ಕೈಲಾಸ,"ಬಾಗಲಕೋಟ: ೧೨ನೇ ಶತಮಾನದ ಮಹಾನ್ ದಾರ್ಶನಿಕ, ಕಾಯಕವೇ ಕೈಲಾಸ ಎಂದು ಸಾರಿದ ಯೋಗಿ ಹಾಗೂ ಜಾತಿಭೇದಗಳನ್ನು ಅಳಿಸಲು ಯತ್ನಿಸಿದ ಸಮಾನತೆಯ ಸಾಧಕರಾದ ಬಸವಣ್ಣ ಅವರ ಆದರ್ಶ ಹಾಗೂ ತತ್ವಗಳನ್ನು ಪ್ರತಿಯೊಬ್ಬರು ತಮ್ಮ ಜೀವನದಲ್ಲಿ ಅಳವಡಿಸಿಕೊಳ್ಳಬೇಕು ಎಂದು ಮಾಜಿ ಸಚಿವ ವಿಧಾನ ಪರಿಷತ್ ಸದಸ್ಯ ಎಸ್.","ಸುಖ, ಆನಂದ","Happiness, pleasure",Yes,Darshan R K,2025-02-08 16:38:47
ಕೈಲಾಸ,"ಮಾರುತಿ ಶಿಡ್ಲಾಪುರ, ಕಾಯಕದಲ್ಲಿ ಕೈಲಾಸ ಕಾಣಬೇಕೆಂಬ ತತ್ವದಲ್ಲಿ ನಿಜವಾದ ಜೀವನ ಮೌಲ್ಯವಿದೆ.","ಸುಖ, ಆನಂದ","Happiness, pleasure",Yes,Darshan R K,2025-02-08 16:38:47
ಕೈಲಾಸ,ಬಸವಣ್ಣನವರ ಕಾಯಕವೆ ಕೈಲಾಸ ಸಿದ್ಧಾಂತವನ್ನು ರೂಢಿಸಿಕೊಳ್ಳುವ ಮೂಲಕ ಮೌಲ್ಯಯುತ ಬದುಕು ನಡೆಸುವುದನ್ನು ಕಲಿಯಬೇಕು ಎಂದರು.,"ಸುಖ, ಆನಂದ","Happiness, pleasure",Yes,Darshan R K,2025-02-08 16:38:47
ಕೈಲಾಸ,ದೇಶದ ಅಭಿವೃದ್ದಿ ವಾಹಿನಿಯಲ್ಲಿ ತಮ್ಮ ಕಷ್ಟ -ನಷ್ಟ ಬದುಕಿನ ಮಧ್ಯೆ ಕೆಲಸದಲ್ಲಿ ತೊಡಗಿಸಿಕೊಂಡು ದೇಶದ ವಿವಿಧ ಕೃಷಿ ಉದ್ಯಮಿಗಳ ಆರ್ಥಿಕಾಭಿವೃದ್ದಿಯಲ್ಲಿ ಮೈ ಮುರಿದು ದುಡಿದು ಅಣ್ಣ ಬಸವಣ್ಣನವರ ಕಾಯಕವೇ ಕೈಲಾಸ ಎಂಬ ನಾಣ್ನುಡಿಯಂತೆ ದುಡಿದು ಉಣ್ಣುವವರೆ ಕಾರ್ಮಿಕರಾಗಿದ್ದಾರೆ.,"ಸುಖ, ಆನಂದ","Happiness, pleasure",Yes,Darshan R K,2025-02-08 16:38:47
ಕೈಲಾಸ,ಸಮಾಜದಲ್ಲಿ ತಾಂಡವವಾಡುತ್ತಿದ್ದ ಅಸ್ಪೃಶ್ಯತೆ ಹೋಗಲಾಡಿಸಲು ನಿರಂತರ ಶ್ರಮಿಸಿದ ಮಾನವತಾವಾದಿ ಸಿದ್ದರಾಮೇಶ್ವರರು ಕಾಯಕವೇ ಕೈಲಾಸ ಎಂಬ ತತ್ವದಲ್ಲಿ ನಂಬಿಕೆ ಇಟ್ಟು ಸ್ವತಃ ತಾವೇ ಶ್ರಮವಹಿಸಿ ದುಡಿಯುತ್ತಿದ್ದರು.,"ಸುಖ, ಆನಂದ","Happiness, pleasure",Yes,Darshan R K,2025-02-08 16:38:47
ಕೈಲಾಸ,"ನೇಕಾರಿಕೆ ವೃತ್ತಿ ಮಾಡುತ್ತಾ ವಚನಗಳನ್ನು ರಚಿಸಿ, ಭಕ್ತಿ ಮಾರ್ಗದಲ್ಲಿ ಶಿವನನ್ನು ಆರಾಧಿಸಿ ಕಾಯಕವೇ ಕೈಲಾಸ ಎಂದು ಮಾಡಿ ತೋರಿಸಿದವರು.","ಸುಖ, ಆನಂದ","Happiness, pleasure",Yes,Darshan R K,2025-02-08 16:38:47
ಕೈಲಾಸ,ಬಸವಣ್ಣಾದಿಗಳು ಹೇಳಿದ್ದು ಕಾಯಕವೇ ಕೈಲಾಸ ಅನ್ನೋ ಅದ್ಭುತ ಸಂದೇಶವನ್ನೆ.,"ಸುಖ, ಆನಂದ","Happiness, pleasure",Yes,Darshan R K,2025-02-08 16:38:47
ಕೈಲಾಸ,ಆದರೆ ಬಸವಣ್ಣ ಕಾಯಕವೇ ಕೈಲಾಸ ಎಂದಿದ್ದಾರೆ.,"ಸುಖ, ಆನಂದ","Happiness, pleasure",Yes,Darshan R K,2025-02-08 16:38:48
ಕೈಲಾಸ,ಇಂತಹ ಸಂದಿಗ್ಧ ಪರಿಸ್ಥಿತಿ ಎದುರಿಸುತ್ತಿರುವಾಗ ಸಿದ್ದರಾಮಯ್ಯನಂತಹ ನಾಯಕರು ಕೂಡ ಕೈಗೆ ಕೈಲಾಸ ತೋರಿಸಿದರೆ ಅದರ ಸ್ಥಿತಿ ದೇವರಿಗೆ ಪ್ರೀತಿ ಅನ್ನುವ ಮಟ್ಟಕ್ಕೆ ಬಂದು ನಿಲ್ಲುವುದರಲ್ಲಿ ಸಂಶಯವಿಲ್ಲ.,"ಸುಖ, ಆನಂದ","Happiness, pleasure",Yes,Darshan R K,2025-02-08 16:38:48
ಕೈಲಾಸ,ಕಾರ್ಮಿಕರು ಪ್ರತಿದಿನ ಶ್ರದ್ಧೆಯಿಂದ ಕೆಲಸ ಮಾಡುವ ಮೂಲಕ ಬಸವಣ್ಣನವರ ಕಾಯಕವೇ ಕೈಲಾಸ ಎಂಬ ಮಾತಿಗೆ ಗೌರವ ತಂದಿದ್ದಾರೆ.,"ಸುಖ, ಆನಂದ","Happiness, pleasure",Yes,Darshan R K,2025-02-08 16:38:48
ಕೈಲಾಸ,ಕಾಯಕವೇ ಕೈಲಾಸ ಎಂದು ಪ್ರಾಮಾಣಿಕವಾಗಿ ಬದುಕಿ ಇತರರಿಗೆ ಮಾದರಿಯಾಗಿದ್ದಾರೆ.,"ಸುಖ, ಆನಂದ","Happiness, pleasure",Yes,Darshan R K,2025-02-08 16:38:48
ಕೈಲಾಸ,"ತಿರುಗಿ ತಿನ್ನುವ ಸೋಮಾರಿಗಳಿಗೆ ಆದರ್ಶರಾಗಿರುವ, ಕೂತು ಉಂಡರೆ ಕುಡಿಕೆ ಹೊನ್ನು ಸಾಲದು ಎಂದು ಅರಿತಿರುವ 74ರ ಹರೆಯದ, ಕಾಯಕವೇ ಕೈಲಾಸ ಎನ್ನುವ ವ್ಯಕ್ತಿಯೇ ಮಂಗಳೂರಿನ ಶೆಣೈ ಮಾಮ.","ಸುಖ, ಆನಂದ","Happiness, pleasure",Yes,Darshan R K,2025-02-08 16:38:48
ಕೈಲಾಸ,"ಬಾಗಲಕೋಟೆ, 22-ಬಸವಣ್ಣವರ ಕಾಯಕವೇ ಕೈಲಾಸ ತತ್ತ-್ವವನ್ನು ಜೀವನದಲ್ಲಿ ಅಳವಡಿಸಿಕೊಂಡಿರುವ ಈ ವಿಶ್ವಕರ್ಮ ಸಮಾಜ ತಮ್ಮ ವೃತ್ತಿ ಜೊತೆಗೆ ಮಕ್ಕಳ ಶಿಕ್ಷಣಕ್ಕೆ ಹೆಚ್ಚಿನ ಮಹತ್ವ ನೀಡಬೇಕು ಎಂದು ಅಖಿಲ ಭಾರತ ವಿಶ್ವಕರ್ಮ ಸಮಾಜದ ರಾಜ್ಯಾಧ್ಯಕ್ಷ ಪಿ.","ಸುಖ, ಆನಂದ","Happiness, pleasure",Yes,Darshan R K,2025-02-08 16:38:48
ಕೈಲಾಸ,ಕಾಯಕವೇ ಕೈಲಾಸ ಎಂಬುದು ನಿಮ್ಮ ಮೂಲ ಮಂತ್ರವಾಗಲಿ.,"ಸುಖ, ಆನಂದ","Happiness, pleasure",Yes,Darshan R K,2025-02-08 16:38:48
ಕೈಲಾಸ,ಎಲ್ಲರೂ ಕಾಯಕವೇ ಕೈಲಾಸ ಎಂಬ ತತ್ವವನ್ನು ಅಳವಡಿಸಿಕೊಂಡು ದುಡಿಮೆ ಮಾಡಬೇಕು.,"ಸುಖ, ಆನಂದ","Happiness, pleasure",Yes,Darshan R K,2025-02-08 16:38:48
ಕೈಲಾಸ,* ಕಾಯಕವೇ ಕೈಲಾಸ ಎಂದು ಜಗಜ್ಯೋತಿ ಬಸವೇಶ್ವರರ ವಚನ ಪ್ರಸ್ತಾಪಿಸಿದ ನಿರ್ಮಲಾ ಸೀತಾರಾಮನ್,"ಸುಖ, ಆನಂದ","Happiness, pleasure",Yes,Darshan R K,2025-02-08 16:38:48
ಕೈಲಾಸ,ಕಾಯಕವೇ ನಿಜವಾದ ಕೈಲಾಸ ಎಂಬ ಸಿದ್ಧಾಂತಗಳು ಎಲ್ಲ ಕಾಲಕ್ಕೂ ಸಲ್ಲುವಂತಹದ್ದಾಗಿವೆ.,"ಸುಖ, ಆನಂದ","Happiness, pleasure",Yes,Darshan R K,2025-02-08 16:38:48
ಕೈಲಾಸ,"ಕಾಯಕವೇ ಕೈಲಾಸ ವೆಂದು ಸಾರಿ, ಜನರನ್ನು ದುಡಿದು ಬದುಕುವ ಪಥದಲ್ಲಿ ಮುನ್ನೆಡೆಸಿದರು.","ಸುಖ, ಆನಂದ","Happiness, pleasure",Yes,Darshan R K,2025-02-08 16:38:48
ಕೈಲಾಸ,"ಕಾಯಕವೇ ಕೈಲಾಸ ಎಂಬ ಬಸವಣ್ಣನ ಮಾತನ್ನು ಉಲ್ಲೇಖಿಸಿದ ರಾಹುಲ್, ಮೋದಿ ಅವರು ಬಸವಣ್ಣನ ಬಗ್ಗೆ ಮಾತನಾಡುತ್ತಾರೆ.","ಸುಖ, ಆನಂದ","Happiness, pleasure",Yes,Darshan R K,2025-02-08 16:38:48
ಕೈಲಾಸ,ತಿನ್ನದಿದ್ದರೆ ನಾಲಿಗೆಗೆ ಮೋಸ ತಿಂದರೆ ದೇಹವೇ ಕೈಲಾಸ ಎಂದು ಮುದಿವಯಸ್ಸಿನ ಸಾಕಮ್ಮ ಮನಸ್ಸಿನಲ್ಲಿ ಅಂದುಕೊಳ್ಳುತ್ತಿದ್ದಾರೆ.,"ಸುಖ, ಆನಂದ","Happiness, pleasure",Yes,Darshan R K,2025-02-08 16:38:48
ಕೈಲಾಸ,ಕೆಲ ದಿನಗಳ ನಂತರ ಕೈಲಾಸ ಪರ್ವತದಿಂದ .,ಹಿಮಾಲಯ ಪರ್ವತ ಶ್ರೇಣಿಯಲ್ಲಿರುವ ಒಂದು ಬೆಟ್ಟ,A hill in the Himalayan mountain range,Yes,Darshan R K,2025-02-08 16:55:18
ಕೈಲಾಸ,ಹಾಗಾಗಿ ಕೈಲಾಸ ಪರ್ವತವನ್ನು ನನ್ನ ಕೈಲಾದಷ್ಟು ಮಟ್ಟಿಗೆ ಪ್ರದರ್ಶಿಸುವ ಸಣ್ಣ ಪ್ರಯತ್ನ ಮಾಡಿದೆ.,ಹಿಮಾಲಯ ಪರ್ವತ ಶ್ರೇಣಿಯಲ್ಲಿರುವ ಒಂದು ಬೆಟ್ಟ,A hill in the Himalayan mountain range,Yes,Darshan R K,2025-02-08 16:55:18
ಕೈಲಾಸ,"ಬೆಂಗಳೂರು, ಮೇ 31 : 2011-12 ನೇ ಸಾಲಿನಲ್ಲಿ ಕರ್ನಾಟಕ ರಾಜ್ಯದಿಂದ ಪ್ರಥಮ ಬಾರಿಗೆ ಕೈಲಾಸ ಮಾನಸ ಸರೋವರ ಯಾತ್ರೆ ಕೈಗೊಂಡ ಯಾತ್ರಿಕರಿಗೆ ಸರ್ಕಾರ ಪ್ರೋತ್ಸಾಹ ಧನ ನೀಡಲು ಮುಂದಾಗಿದೆ.",ಹಿಮಾಲಯ ಪರ್ವತ ಶ್ರೇಣಿಯಲ್ಲಿರುವ ಒಂದು ಬೆಟ್ಟ,A hill in the Himalayan mountain range,Yes,Darshan R K,2025-02-08 16:55:18
ಕೈಲಾಸ,ನಾನು ಕಳೆದ ವರ್ಷ ಕೈಲಾಸ ಮಾನಸಸರೋವರಕ್ಕೆ ಭೇಟಿ ನೀಡಿದ್ದಾಗ.,ಹಿಮಾಲಯ ಪರ್ವತ ಶ್ರೇಣಿಯಲ್ಲಿರುವ ಒಂದು ಬೆಟ್ಟ,A hill in the Himalayan mountain range,Yes,Darshan R K,2025-02-08 16:55:18
ಕೈಲಾಸ,ಇತ್ತೀಚೆಗಷ್ಟೇ ರಾಹುಲ್ ಕೈಲಾಸ ಮಾನಸ ಸರೋವರ ಯಾತ್ರೆಗೆ ಹೋಗಿಬಂದಿರುವುದರಿಂದ ಅವರಿಗೆ ಶಿವಭಕ್ತನ ಪಟ್ಟ ಸಿಕ್ಕಿದೆ.,ಹಿಮಾಲಯ ಪರ್ವತ ಶ್ರೇಣಿಯಲ್ಲಿರುವ ಒಂದು ಬೆಟ್ಟ,A hill in the Himalayan mountain range,Yes,Darshan R K,2025-02-08 16:55:18
ಕೈಲಾಸ,ಕಳೆದ ವರ್ಷ ನಾನು ಕೈಲಾಸ ಮಾನಸ ಸರೋವರಕ್ಕೆ ಭೇಟಿ ನೀಡಿದ್ದಾಗ ನನ್ನ ಜೀವನದಲ್ಲಿ ನನ್ನ ಆದ್ಯತೆಗಳನ್ನು ಉತ್ತಮಗೊಳಿಸಲು ಸಹಾಯ ಮಾಡಿತ್ತು.,ಹಿಮಾಲಯ ಪರ್ವತ ಶ್ರೇಣಿಯಲ್ಲಿರುವ ಒಂದು ಬೆಟ್ಟ,A hill in the Himalayan mountain range,Yes,Darshan R K,2025-02-08 16:55:18
ಕೈಲಾಸ,"ಕೈಲಾಸ ಮಾನಸ ಸರೋವರ ಶಿವನ ಸ್ಥಳವಾಗಿದ್ದು, ಇದು ಪ್ರಸ್ತುತ ಚೀನಾ ಹಿಡಿತದಲ್ಲಿರುವ ಟಿಬೆಟ್ ನಲ್ಲಿದೆ.",ಹಿಮಾಲಯ ಪರ್ವತ ಶ್ರೇಣಿಯಲ್ಲಿರುವ ಒಂದು ಬೆಟ್ಟ,A hill in the Himalayan mountain range,Yes,Darshan R K,2025-02-08 16:55:18
ಕೈಲಾಸ,9- ರಾಜ್ಯದ ಕೈಲಾಸ ಮಾನಸ ಸರೋವರ ಯಾತ್ರಾರ್ಥಿಗಳು ನೇಪಾಳದ ಸಿಮಿಕೋಟ್‍ನಲ್ಲಿ ಸುರಕ್ಷಿತವಾಗಿದ್ದಾರೆ.,ಹಿಮಾಲಯ ಪರ್ವತ ಶ್ರೇಣಿಯಲ್ಲಿರುವ ಒಂದು ಬೆಟ್ಟ,A hill in the Himalayan mountain range,Yes,Darshan R K,2025-02-08 16:55:18
ಕೈಲಾಸ,"ನಂಜುಂಡಸ್ವಾಮಿ ಅವರ ಪುತ್ರಿಯಾಗಿರುವ ಇವರು, 2014 ರಲ್ಲಿ ಕೈಲಾಸ ಮಾನಸ ಸರೋವರ ಯಾತ್ರೆಯನ್ನು ತನ್ನ ತಾಯಿ ಜ್ಯೋತಿಯೊಂದಿಗೆ ಪೂರೈಸಿದ್ದಾರೆ.",ಹಿಮಾಲಯ ಪರ್ವತ ಶ್ರೇಣಿಯಲ್ಲಿರುವ ಒಂದು ಬೆಟ್ಟ,A hill in the Himalayan mountain range,Yes,Darshan R K,2025-02-08 16:55:18
ಕೈಲಾಸ,ಹೀಗಾಗಿ ಆಗಸ್ಟ್ 31ರಂದು ರಾಹುಲ್ ಕೈಲಾಸ ಮಾನಸ ಸರೋವರಕ್ಕೆ ಭೇಟಿ ನೀಡಿ ಹರಕೆ ತೀರಿಸಲಿದ್ದಾರೆ.,ಹಿಮಾಲಯ ಪರ್ವತ ಶ್ರೇಣಿಯಲ್ಲಿರುವ ಒಂದು ಬೆಟ್ಟ,A hill in the Himalayan mountain range,Yes,Darshan R K,2025-02-08 16:55:18
ಕೈಲಾಸ,"ಚೀನಾ ಮೂಲಕ (ನಾಥುಲ ಪಾಸ್) ಕೈಲಾಸ ಮಾನಸ ಸರೋವರಕ್ಕೆ ಸಾಗಲು ಯಾತ್ರಾರ್ಥಿಗಳಿಗೆ ಅನುಮತಿ, ವೀಸಾ ಸಮಸ್ಯೆ ಇತ್ಯರ್ಥ, ಹೈಸ್ಪೀಡ್ ರೈಲು, ಬುಲೇಟ್ ರೈಲು, ಕೈಗಾರಿಕಾ ಪಾರ್ಕ್ ಸ್ಥಾಪನೆ ಮುಂತಾದ ಕ್ಷೇತ್ರಗಳ ಯೋಜನೆಗಳಿಗೆ ಕುರಿತಂತೆ ಒಪ್ಪಂದ ಹಾಕಲಾಗಿದೆ.",ಹಿಮಾಲಯ ಪರ್ವತ ಶ್ರೇಣಿಯಲ್ಲಿರುವ ಒಂದು ಬೆಟ್ಟ,A hill in the Himalayan mountain range,Yes,Darshan R K,2025-02-08 16:55:18
ಕೈಲಾಸ,ಕೈಲಾಸ ಮಾನಸ ಸರೋವರ ಯಶಸ್ವಿ ಯಾತ್ರೆಯಿಂದ ಹಿಂದಿರುಗಿದ ಎಐಸಿಸಿ ಅಧ್ಯಕ್ಷ ರಾಹುಲ್ ಗಾಂಧಿ ರಾಜಧಾನಿ ದೆಹಲಿಯಲ್ಲಿ ಬೆಳಗ್ಗೆಯೇ ಬಂದ್ ನೇತೃತ್ವ ವಹಿಸಿ ರಸ್ತೆಗಿಳಿದು ಪ್ರತಿಭಟನೆ ನಡೆಸಿ ಕೇಂದ್ರ ಸರ್ಕಾರದ ವಿರುದ್ಧ ವಾಗ್ದಾಳಿ ನಡೆಸಿದರು.,ಹಿಮಾಲಯ ಪರ್ವತ ಶ್ರೇಣಿಯಲ್ಲಿರುವ ಒಂದು ಬೆಟ್ಟ,A hill in the Himalayan mountain range,Yes,Darshan R K,2025-02-08 16:55:18
ಕೈಲಾಸ,"ತಾವು ಕಂಡಿದ್ದನ್ನು ತಮ್ಮಲ್ಲೇ ಬಚ್ಚಿಟ್ಟುಕೊಳ್ಳದೆ ಉಳಿದವರೊಂದಿಗೂ ಹಂಚಿಕೊಳ್ಳಬೇಕು ಎಂಬ ಅವರ ಮುಕ್ತತೆ, ಮುಗ್ಧತೆಗೆ ಸಾಕ್ಷಿಯಾಗಿರುವುದು ವೆಂಕಟಪ್ಪ ಆರ್ಟ್ ಗ್ಯಾಲರಿಯಲ್ಲಿರುವ ಕೈಲಾಸ ಪರ್ವತದ ಚಿತ್ರಗಳು.",ಹಿಮಾಲಯ ಪರ್ವತ ಶ್ರೇಣಿಯಲ್ಲಿರುವ ಒಂದು ಬೆಟ್ಟ,A hill in the Himalayan mountain range,Yes,Darshan R K,2025-02-08 16:55:18
ಕೈಲಾಸ,ನಂತರ ಕೈಲಾಸ ಮಾನಸ ಸರೋವರಕ್ಕೆ ಭೇಟಿ ನೀಡುವುದಾಗಿ ತಿಳಿಸಿದ್ದರು.,ಹಿಮಾಲಯ ಪರ್ವತ ಶ್ರೇಣಿಯಲ್ಲಿರುವ ಒಂದು ಬೆಟ್ಟ,A hill in the Himalayan mountain range,Yes,Darshan R K,2025-02-08 16:55:18
ಕೈಲಾಸ,ಈ ಹೊಸ ಬೆಳವಣಿಗೆಯಿಂದಾಗಿ ವಾರ್ಷಿಕ ಕೈಲಾಸ ಮಾನಸ ಸರೋವರ ಯಾತ್ರೆಯ ಮೇಲೆ ಅನಿಶ್ಚಿತತೆಯ ಕರಿನೆರಳು ಕವಿದಿದೆ.,ಹಿಮಾಲಯ ಪರ್ವತ ಶ್ರೇಣಿಯಲ್ಲಿರುವ ಒಂದು ಬೆಟ್ಟ,A hill in the Himalayan mountain range,Yes,Darshan R K,2025-02-08 16:55:18
ಕೈಲಾಸ,ಟಿಬೆಟ್‌ನಲ್ಲಿರುವ ಕೈಲಾಸ ಮಾನಸ ಸರೋವರ ಹಿಂದೂಗಳು ಮಾತ್ರವಲ್ಲದೆ ಬೌದ್ಧ ಹಾಗೂ ಜೈನರಿಗೂ ಪವಿತ್ರ ಕ್ಷೇತ್ರ.,ಹಿಮಾಲಯ ಪರ್ವತ ಶ್ರೇಣಿಯಲ್ಲಿರುವ ಒಂದು ಬೆಟ್ಟ,A hill in the Himalayan mountain range,Yes,Darshan R K,2025-02-08 16:55:18
ಕೈಲಾಸ,ರಾಹುಲ್ ಟೆಂಪಲ್ ರನ್ ಕೈಲಾಸ ಮಾನಸಸರೋವರಕ್ಕೆ ರಾಹುಲ್ ಗಾಂಧಿಯವರು ಕೈಗೊಂಡಿದ್ದ ತೀರ್ಥಯಾತ್ರೆಯನ್ನು ಚುನಾವಣಾ ಲಾಭಕ್ಕಾಗಿ ದುರ್ಬಳಕೆ ಮಾಡಿಕೊಳ್ಳಲು ಕಾಂಗ್ರೆಸ್ ಪಕ್ಷ ಬಯಸುತ್ತಿಲ್ಲ.,ಹಿಮಾಲಯ ಪರ್ವತ ಶ್ರೇಣಿಯಲ್ಲಿರುವ ಒಂದು ಬೆಟ್ಟ,A hill in the Himalayan mountain range,Yes,Darshan R K,2025-02-08 16:55:18
ಕೈಲಾಸ,"ಇದಕ್ಕೂ ಮುನ್ನ ವಿಷಯ ಪ್ರಸ್ತಾಪಿಸಿದ ವಿಶ್ವೇಶ್ವರ ಹೆಗಡೆ ಕಾಗೇರಿ ಅವರು, ಅಮರನಾಥ ಯಾತ್ರೆ, ಕೈಲಾಸ ಮಾನಸ ಸರೋವರ ಯಾತ್ರಾರ್ಥಿಗಳು ಅತಿಯಾದ ಮಳೆಯಿಂದಾಗಿ ಸಂಕಷ್ಟಕ್ಕೆ ಸಿಲುಕಿದ್ದಾರೆ.",ಹಿಮಾಲಯ ಪರ್ವತ ಶ್ರೇಣಿಯಲ್ಲಿರುವ ಒಂದು ಬೆಟ್ಟ,A hill in the Himalayan mountain range,Yes,Darshan R K,2025-02-08 16:55:18
ಕೈಲಾಸ,"ಕಠ್ಮಂಡು (ಪಿಟಿಐ): ಕೈಲಾಸ ಮಾನಸ ಸರೋವರ ಯಾತ್ರೆಯಿಂದ ಭಾರತಕ್ಕೆ ಮರಳುತ್ತಿದ್ದ 200 ಯಾತ್ರಿಕರು ನೇಪಾಳದ ಹುಮ್ಲಾ ಜಿಲ್ಲೆಯಲ್ಲಿ ಸಿಲುಕಿಕೊಂಡಿದ್ದು, ಈ ಅವ್ಯವಸ್ಥೆಗೆ ಖಾಸಗಿ ಪ್ರವಾಸ ವ್ಯವಸ್ಥಾಪಕರೇ ಕಾರಣ ಎಂದು ದೂರಿದ್ದಾರೆ.",ಹಿಮಾಲಯ ಪರ್ವತ ಶ್ರೇಣಿಯಲ್ಲಿರುವ ಒಂದು ಬೆಟ್ಟ,A hill in the Himalayan mountain range,Yes,Darshan R K,2025-02-08 16:55:18
ಕೈಲಾಸ,ಇದಾದ ನಂತರ ಅವರು ಕೈಲಾಸ ಮಾನಸ ಸರೋವರ ಯಾತ್ರೆ ಕೈಗೊಳ್ಳುವ ಕುರಿತು ಮಾತನಾಡಿದ್ದರು.,ಹಿಮಾಲಯ ಪರ್ವತ ಶ್ರೇಣಿಯಲ್ಲಿರುವ ಒಂದು ಬೆಟ್ಟ,A hill in the Himalayan mountain range,Yes,Darshan R K,2025-02-08 16:55:19
ಕೈಲಾಸ,ಅದಕ್ಕೆ ತಕ್ಕಂತೆ ಆ ಸಮಯದಲ್ಲಿ ಕೈಲಾಸ ಪರ್ವತದಿಂದ ಮಾನಸ ಸರೋವರದಲ್ಲಿ ಒಂದು ಬೆಳಕು ಕೂಡ ಬರುವುದನ್ನು ಕಂಡಿದ್ದೇವೆ ಎಂದು ಅನೇಕ ಮಂದಿ ಭಕ್ತರು ಹೇಳುತ್ತಾರೆ.,ಹಿಮಾಲಯ ಪರ್ವತ ಶ್ರೇಣಿಯಲ್ಲಿರುವ ಒಂದು ಬೆಟ್ಟ,A hill in the Himalayan mountain range,Yes,Darshan R K,2025-02-08 16:55:19
ಕೈಲಾಸ,ತಮ್ಮ ಭಾಷಣದ ಕೊನೆಯಲ್ಲಿ ಮತ್ತೊಮ್ಮೆ ಈ ವಿಚಾರ ಎತ್ತಿದ ರಾಹುಲ್ ಕರ್ನಾಟಕ ಚುನಾವಣೆಯ ನಂತರ ಕೈಲಾಸ ಮಾನಸಸರೋವರ ಯಾತ್ರೆಗೆ ಹೋಗಲು ನಿಮ್ಮಿಂದ ನನಗೆ 10-15 ದಿನ ರಜೆ ಬೇಕಾಗಿದೆ ಎಂದು ಹೇಳಿ ಕಾರ್ಯಕರ್ತರ ಅನುಮತಿ ಕೋರಿದರು.,ಹಿಮಾಲಯ ಪರ್ವತ ಶ್ರೇಣಿಯಲ್ಲಿರುವ ಒಂದು ಬೆಟ್ಟ,A hill in the Himalayan mountain range,Yes,Darshan R K,2025-02-08 16:55:19
ಕೈಲಾಸ,ಪ್ರತಿ ವರ್ಷ ಜೂನ್‌–ಸೆಪ್ಟೆಂಬರ್‌ ಅವಧಿಯಲ್ಲಿ ಕೈಲಾಸ ಮಾನಸ ಸರೋವರ ಯಾತ್ರೆ ನಡೆಸಲಾಗುತ್ತದೆ.,ಹಿಮಾಲಯ ಪರ್ವತ ಶ್ರೇಣಿಯಲ್ಲಿರುವ ಒಂದು ಬೆಟ್ಟ,A hill in the Himalayan mountain range,Yes,Darshan R K,2025-02-08 16:55:19
ಕೈಲಾಸ,ಬೆಂಗಳೂರು: ಕೈಲಾಸ ಮಾನಸ ಸರೋವರ ಯಾತ್ರೆಗೆ ತೆರಳಿದ್ದ ಕರ್ನಾಟಕದ 290 ಯಾತ್ರಿಗಳು ಭಾರೀ ಮಳೆಯಿಂದ ರಸ್ತೆ ಸಂಪರ್ಕ ಕಡಿತಗೊಂಡ ಹಿನ್ನೆಲೆಯಲ್ಲಿ ನೇಪಾಳದ ಸಿಮಿಕೋಟ್‌ನಲ್ಲಿ ಸಿಲುಕಿಕೊಂಡಿದ್ದಾರೆ.,ಹಿಮಾಲಯ ಪರ್ವತ ಶ್ರೇಣಿಯಲ್ಲಿರುವ ಒಂದು ಬೆಟ್ಟ,A hill in the Himalayan mountain range,Yes,Darshan R K,2025-02-08 16:55:19
ಕೈಲಾಸ,ಕೈಲಾಸ ಮಾನಸ ಸರೋವರ ಹಾಗೂ ಅಮರನಾಥದ ಯಾತ್ರೆಯಂತೆಯೇ ಮಾರ್ಚ್ ತಿಂಗಳಿನಿಂದ ಪ್ರಾರಂಭವಾಗಿ ಮುಂಗಾರಿನ ಮೊದಲ ದಿನಗಳವರೆಗೆ ನಡೆಯುತ್ತದೆ ಒಂದು ಯಾತ್ರೆ.,ಹಿಮಾಲಯ ಪರ್ವತ ಶ್ರೇಣಿಯಲ್ಲಿರುವ ಒಂದು ಬೆಟ್ಟ,A hill in the Himalayan mountain range,Yes,Darshan R K,2025-02-08 16:55:19
ಕೈಲಾಸ,"ಆಗಸ್ಟ್ 31 ರಂದು ಕೈಲಾಸ ಮಾನಸ ಸರೋವರ ಯಾತ್ರೆ ಆರಂಭಿಸಿರುವ ರಾಹುಲ್ ಗಾಂಧಿ, ಕೈಲಾಸ ಪರ್ವತ ಮತ್ತು ಮಾನಸ ಸರೋವರ ಸುಂದರ ಚಿತ್ರಗಳನ್ನು ಟ್ವಿಟ್ಟರ್ ನಲ್ಲಿ ಪೋಸ್ಟ್ ಮಾಡಿದ್ದಾರೆ.",ಹಿಮಾಲಯ ಪರ್ವತ ಶ್ರೇಣಿಯಲ್ಲಿರುವ ಒಂದು ಬೆಟ್ಟ,A hill in the Himalayan mountain range,Yes,Darshan R K,2025-02-08 16:55:19
ಕೈಲಾಸ,ಸಿಕ್ಕಿಂನ ನಾಥು ಲಾ ಪಾಸ್‌ನಿಂದ ಟಿಬೆಟ್‌ ಮೂಲಕ ಕೈಲಾಸ ಮಾನಸ ಸರೋವರ ಯಾತ್ರೆಗೆ ಮುಂದಾಗಿದ್ದ 47 ಭಾರತೀಯರಿಗೆ ಕಳೆದ ವಾರ ಚೀನಾ ಸರ್ಕಾರ ಪ್ರವೇಶ ನಿರಾಕರಿಸಿತ್ತು.,ಹಿಮಾಲಯ ಪರ್ವತ ಶ್ರೇಣಿಯಲ್ಲಿರುವ ಒಂದು ಬೆಟ್ಟ,A hill in the Himalayan mountain range,Yes,Darshan R K,2025-02-08 16:55:19
ಕೈಲಾಸ,ಚೀನದ ನಾಥೂ ಲಾ ಪಾಸ್‌ ಮಾರ್ಗವಾಗಿ ಕೈಲಾಸ ಮಾನಸ ಸರೋವರ ಯಾತ್ರೆಯನ್ನು ಕೈಗೊಳ್ಳುವುದಕ್ಕೆ ಈ ಬಾರಿ ಚೀನ ಸರಕಾರ ಸಮ್ಮತಿಸಿತ್ತು.,ಹಿಮಾಲಯ ಪರ್ವತ ಶ್ರೇಣಿಯಲ್ಲಿರುವ ಒಂದು ಬೆಟ್ಟ,A hill in the Himalayan mountain range,Yes,Darshan R K,2025-02-08 16:55:19
ಕೈಲಾಸ,ಆದರೆ ಭೂಕುಸಿತ ಹಾಗೂ ಭಾರೀ ಮಳೆಯಂತಹ ಪ್ರಾಕೃತಿಕ ವಿಕೋಪಗಳ ಹಿನ್ನೆಲೆಯಲ್ಲಿ ಭಾರತೀಯ ಯಾತ್ರಿಕರಿಗೆ ಕೈಲಾಸ ಮಾನಸ ಸರೋವರ ಪ್ರವೇಶಕ್ಕೆ ಅನುಮತಿ ನಿರಾಕರಿಸಲಾಗಿದೆಯೇ ಎಂಬ ಬಗ್ಗೆ ಅವರು ಯಾವುದೇ ವಿವರಣೆ ನೀಡಿಲ್ಲ.,ಹಿಮಾಲಯ ಪರ್ವತ ಶ್ರೇಣಿಯಲ್ಲಿರುವ ಒಂದು ಬೆಟ್ಟ,A hill in the Himalayan mountain range,Yes,Darshan R K,2025-02-08 16:55:19
ಕೈಲಾಸ,"ಪ್ರಸಾದ ಯೋಜನೆಗೆ ₹ 800 ಕೋಟಿ, ಕೈಲಾಸ ಮಾನಸಸರೋವರ ಯಾತ್ರೆಗಾಗಿ ₹ 1 ಕೋಟಿ.",ಹಿಮಾಲಯ ಪರ್ವತ ಶ್ರೇಣಿಯಲ್ಲಿರುವ ಒಂದು ಬೆಟ್ಟ,A hill in the Himalayan mountain range,Yes,Darshan R K,2025-02-08 16:55:19
ಕೈಲಾಸ,"ಬೆಂಗಳೂರು: ಹಿಮಾಲಯ ಪರ್ವತ ಪ್ರದೇಶಗಳಲ್ಲಿ ಸುರಿಯುತ್ತಿರುವ ಧಾರಾಕಾರ ಮಳೆಯಿಂದಾಗಿ, ಕೈಲಾಸ ಮಾನಸ ಸರೋವರ ಯಾತ್ರೆ ವೇಳೆ ಸಿಲುಕಿದ್ದ 299 ಕನ್ನಡಿಗರು ಸುರಕ್ಷಿತವಾಗಿದ್ದಾರೆ.",ಹಿಮಾಲಯ ಪರ್ವತ ಶ್ರೇಣಿಯಲ್ಲಿರುವ ಒಂದು ಬೆಟ್ಟ,A hill in the Himalayan mountain range,Yes,Darshan R K,2025-02-08 16:55:19
ಕೈಲಾಸ,ಸಿಕ್ಕಿಂ ಗಡಿ ವಿವಾದದಿಂದಾಗಿ ಈ ವರ್ಷ ನಾಥು ಲಾ ಮಾರ್ಗವಾಗಿ ಕೈಲಾಸ ಮಾನಸ ಸರೋವರ ಯಾತ್ರೆಯನ್ನು ಸ್ಥಗಿತಗೊಳಿಸಲಾಗಿದೆ ಎಂದು ಅಧಿಕಾರಿಗಳು ತಿಳಿಸಿದ್ದಾರೆ.,ಹಿಮಾಲಯ ಪರ್ವತ ಶ್ರೇಣಿಯಲ್ಲಿರುವ ಒಂದು ಬೆಟ್ಟ,A hill in the Himalayan mountain range,Yes,Darshan R K,2025-02-08 16:55:19
ಕೈಲಾಸ,ನವದೆಹಲಿ: ಸಿಕ್ಕಿಂನ ನಾಥು ಲಾ ಮಾರ್ಗದ ಕೈಲಾಸ ಮಾನಸ ಸರೋವರ ಯಾತ್ರೆಯನ್ನು ಸ್ಥಗಿತಗೊಳಿಸಲಾಗಿದೆ.,ಹಿಮಾಲಯ ಪರ್ವತ ಶ್ರೇಣಿಯಲ್ಲಿರುವ ಒಂದು ಬೆಟ್ಟ,A hill in the Himalayan mountain range,Yes,Darshan R K,2025-02-08 16:55:19
ಕೈಲಾಸ,ಕೈಲಾಸ ಮಾನಸ ಯಾನ ಕೃತಿ ಕನ್ನಡ ಸಾರಸ್ವತ ಲೋಕಕ್ಕೆ ಉತ್ತಮ ಕೊಡುಗೆಯಾಗಿದೆ.,ಹಿಮಾಲಯ ಪರ್ವತ ಶ್ರೇಣಿಯಲ್ಲಿರುವ ಒಂದು ಬೆಟ್ಟ,A hill in the Himalayan mountain range,Yes,Darshan R K,2025-02-08 16:55:19
ಕೈಲಾಸ,ಕೈಲಾಸ – ಮಾನಸ ಸರೋವರ ಯಾತ್ರೆ ಕೈಗೊಳ್ಳುವವರಿಗೆ ರಾಜ್ಯ ಸರ್ಕಾರ ₹ 1 ಲಕ್ಷ ನೆರವು ನೀಡಲಿದೆ.,ಹಿಮಾಲಯ ಪರ್ವತ ಶ್ರೇಣಿಯಲ್ಲಿರುವ ಒಂದು ಬೆಟ್ಟ,A hill in the Himalayan mountain range,Yes,Darshan R K,2025-02-08 16:55:19
ಕೈಲಾಸ,"ನೇಪಾಳದ ಪರ್ವತ ಪ್ರದೇಶ ಸಿಮಿಕೋಟ್‌ನಲ್ಲಿ ಮಳೆಯಿಂದಾಗಿ ಉಂಟಾಗಿರುವ ಭೂಕುಸಿತದಿಂದ ಕೈಲಾಸ ಮಾನಸಸರೋವರ ಯಾತ್ರೆಗೆ ಅಡಚಣೆಯಾಗಿದ್ದು, 500ಕ್ಕೂ ಹೆಚ್ಚು ಯಾತ್ರಿಕರು ಮಾರ್ಗಮಧ್ಯೆ ಯಾತನೆ ಅನುಭವಿಸುತ್ತಿದ್ದಾರೆ.",ಹಿಮಾಲಯ ಪರ್ವತ ಶ್ರೇಣಿಯಲ್ಲಿರುವ ಒಂದು ಬೆಟ್ಟ,A hill in the Himalayan mountain range,Yes,Darshan R K,2025-02-08 16:55:19
ಕೈಲಾಸ,ಪ್ರಸಕ್ತ ಸಾಲಿನ ಐತಿಹಾಸಿಕ ಕೈಲಾಸ ಮಾನಸ ಸರೋವರ ಯಾತ್ರೆ ಕೈಗೊಂಡಿರುವ ಮೊದಲ ತಂಡದ ಪ್ರಯಾಣಕ್ಕೆ ವಿದೇಶಾಂಗ ಸಚಿವ ಡಾ.,ಹಿಮಾಲಯ ಪರ್ವತ ಶ್ರೇಣಿಯಲ್ಲಿರುವ ಒಂದು ಬೆಟ್ಟ,A hill in the Himalayan mountain range,Yes,Darshan R K,2025-02-08 16:55:19
ಕೈಲಾಸ,"ಕಠ್ಮಂಡು: ಕೈಲಾಸ ಮಾನಸ ಸರೋವರ ಯಾತ್ರೆಯಿಂದ ಹಿಂತಿರುಗುತ್ತಿದ್ದ ಸಂದರ್ಭದಲ್ಲಿ ಸಿಲುಕಿಕೊಂಡಿದ್ದ ಭಾರತದ ಎಲ್ಲ 1,430 ಯಾತ್ರಾರ್ಥಿಗಳನ್ನು ಸುರಕ್ಷಿತ ಸ್ಥಳಕ್ಕೆ ವಿಮಾನದ ಮೂಲಕ ಕರೆದೊಯ್ಯಲಾಗಿದೆ.",ಹಿಮಾಲಯ ಪರ್ವತ ಶ್ರೇಣಿಯಲ್ಲಿರುವ ಒಂದು ಬೆಟ್ಟ,A hill in the Himalayan mountain range,Yes,Darshan R K,2025-02-08 16:55:19
ಕೈಲಾಸ,31): ಕಾಂಗ್ರೆಸ್ ಅಧ್ಯಕ್ಷ ರಾಹುಲ್ ಗಾಂಧಿ ಕೈಲಾಸ ಮಾನಸ ಸರೋವರ ಯಾತ್ರೆ ಕೈಗೊಂಡಿದ್ದಾರೆ.,ಹಿಮಾಲಯ ಪರ್ವತ ಶ್ರೇಣಿಯಲ್ಲಿರುವ ಒಂದು ಬೆಟ್ಟ,A hill in the Himalayan mountain range,Yes,Darshan R K,2025-02-08 16:55:19
ಕೈಲಾಸ,ಭಾರತದಿಂದ ಸಿಕ್ಕಿಂನಲ್ಲಿ ತನ್ನ ಗಡಿ ಪ್ರದೇಶದ ಉಲ್ಲಂಘನೆಯಾಗಿದೆ ಎಂದು ಚೀನಾ ಕ್ಯಾತೆ ತೆಗೆದಿರುವುದು ಹಾಗೂ ಕೈಲಾಸ ಮಾನಸಸರೋವರ ಯಾತ್ರೆ ನಿಂತಿರುವುದು ಗೊತ್ತಿರುವ ಸಂಗತಿ.,ಹಿಮಾಲಯ ಪರ್ವತ ಶ್ರೇಣಿಯಲ್ಲಿರುವ ಒಂದು ಬೆಟ್ಟ,A hill in the Himalayan mountain range,Yes,Darshan R K,2025-02-08 16:55:19
ಕೈಲಾಸ,"ನವದೆಹಲಿ: ಕೈಲಾಸ ಮಾನಸ ಸರೋವರ ಯಾತ್ರೆಯಲ್ಲಿರುವ ಕಾಂಗ್ರೆಸ್ ಅಧ್ಯಕ್ಷ ರಾಹುಲ್ ಗಾಂಧಿ, ಗಂಭೀರ ಮತ್ತು ಶಾಂತವಾಗಿರುವ ಸರೋವರದ ಎರಡು ಚಿತ್ರಗಳ ಜೊತೆಗೆ, ಇಲ್ಲಿ ಯಾರೂ ದ್ವೇಷಿಗಳಿಲ್ಲ ಎಂಬ ಹೇಳಿಕೆಯನ್ನು ಟ್ವೀಟ್ ಮಾಡಿದ್ದಾರೆ.",ಹಿಮಾಲಯ ಪರ್ವತ ಶ್ರೇಣಿಯಲ್ಲಿರುವ ಒಂದು ಬೆಟ್ಟ,A hill in the Himalayan mountain range,Yes,Darshan R K,2025-02-08 16:55:19
ಕೈಲಾಸ,3;- ಧಾರಾಕಾರ ಮಳೆಯಿಂದಾಗಿ ಕೈಲಾಸ ಮಾನಸ ಸರೋವರ ಯಾತ್ರೆ ವೇಳೆ ಸಂಕಷ್ಟಕ್ಕೆ ಸಿಲುಕಿದ್ದ 200ಕ್ಕೂ ಹೆಚ್ಚು ಕನ್ನಡಿಗರು ಸುರಕ್ಷಿತವಾಗಿದ್ದಾರೆ.,ಹಿಮಾಲಯ ಪರ್ವತ ಶ್ರೇಣಿಯಲ್ಲಿರುವ ಒಂದು ಬೆಟ್ಟ,A hill in the Himalayan mountain range,Yes,Darshan R K,2025-02-08 16:55:19
ಕೈಲಾಸ,"ಕೈಲಾಸ ಮಾನಸ ಸರೋವರದ ಬದಿಯಲ್ಲಿಯೇ ಅಂದರೆ, ಉತ್ತರಭಾಗದ ಅನ್ನಪೂರ್ಣ ಪರ್ವತ ಶ್ರೇಣಿಯಲ್ಲಿರುವ ಮುಕ್ತಿನಾಥ (ಮುಕ್ತಿನಾರಾಯಣ) ಎಂದು ಕರೆಸಿಕೊಳ್ಳುವ ಪುಣ್ಯಕ್ಷೇತ್ರಕ್ಕೂ ಹೋಗಿ ಬರಬೇಕೆಂಬುವ ಹಂಬಲ ದಿನೇದಿನೇ ಹೆಚ್ಚಾಗುತ್ತಲೇ ಇತ್ತು.",ಹಿಮಾಲಯ ಪರ್ವತ ಶ್ರೇಣಿಯಲ್ಲಿರುವ ಒಂದು ಬೆಟ್ಟ,A hill in the Himalayan mountain range,Yes,Darshan R K,2025-02-08 16:55:19
ಕೈಲಾಸ,ಟಿಬೆಟ್ ಮೂಲಕ ಭಾರತೀಯರು ಹೋಗುವ ಕೈಲಾಸ ಮಾನಸ ಸರೋವರದ ದಾರಿಯನ್ನು ಬಂದ್ ಮಾಡಿತು.,ಹಿಮಾಲಯ ಪರ್ವತ ಶ್ರೇಣಿಯಲ್ಲಿರುವ ಒಂದು ಬೆಟ್ಟ,A hill in the Himalayan mountain range,Yes,Darshan R K,2025-02-08 16:55:19
ಕೈಲಾಸ,ಕಳೆದ ಆಗಸ್ಟ್ 31ರಂದು ಕೈಲಾಸ ಮಾನಸ ಸರೋವರ ಯಾತ್ರೆಗೆ ತೆರಳಿದ್ದ ಕಾಂಗ್ರೆಸ್ ಅಧ್ಯಕ್ಷ ರಾಹುಲ್ ಗಾಂಧಿ ಸೆಪ್ಟೆಂಬರ್ 12ರಂದು ವಾಪಸ್ ಆಗಮಿಸಬೇಕಿತ್ತು.,ಹಿಮಾಲಯ ಪರ್ವತ ಶ್ರೇಣಿಯಲ್ಲಿರುವ ಒಂದು ಬೆಟ್ಟ,A hill in the Himalayan mountain range,Yes,Darshan R K,2025-02-08 16:55:19
ಕೈಲಾಸ,4- ಟಿಬೆಟ್‍ನಲ್ಲಿರುವ ಕೈಲಾಸ ಮಾನಸ ಸರೋವರ ಪವಿತ್ರ ಯಾತ್ರೆಯಿಂದ ಹಿಂದಿರುಗುತ್ತಿದ್ದಾಗ ಭಾರೀ ಮಳೆಯಿಂದ ನೇಪಾಳದ ಪರ್ವತಮಯ ಪ್ರದೇಶದಲ್ಲಿ ಅತಂತ್ರ ಪರಿಸ್ಥಿತಿಯಲ್ಲಿ ಸಿಲುಕಿದ್ದ 100ಕ್ಕೂ ಹೆಚ್ಚು ಮಂದಿ [more],ಹಿಮಾಲಯ ಪರ್ವತ ಶ್ರೇಣಿಯಲ್ಲಿರುವ ಒಂದು ಬೆಟ್ಟ,A hill in the Himalayan mountain range,Yes,Darshan R K,2025-02-08 16:55:19
ಗಜ,"ನೀವೇನಾದರೂ ಅಲ್ಲಿದ್ದಲ್ಲಿ , ಗುಲಾಮ್ ಅಲಿಯ ಗೋರಿಯನ್ನು ಪರಿಶೀಲಿಸಬಹುದು, ಈ ಹಿರಿಮೆಯ ಗಜ ಸುಮಾರು 1565 ರಲ್ಲಿ ನಡೆದ ವಿಜಯನಗರ ರಾಜರ ವಿರುದ್ಧದ ಯುದ್ಧದಲ್ಲಿ ತನ್ನ ಕೊನೆಯುಸಿರೆಳೆಯಿತು.",ಆನೆ,Elephant,Yes,a,2025-02-04 17:01:51
ಗಜ,ಚಿನ್ನದ ಅಂಬಾರಿ ಹಾಗೂ ಅದರಲ್ಲಿ ಚಾಮುಂಡೇಶ್ವರಿಯ ವಿಗ್ರಹ ಹೊತ್ತ ಗಜ ಪಡೆಯು ನಂದಿ ಧ್ವಜ ಪೂಜೆಯ ನಂತರ ಮೈಸೂರು ಅರಮನೆಯಿಂದ ಸಾಗುತ್ತದೆ.,ಆನೆ,Elephant,Yes,a,2025-02-04 17:01:51
ಗಜ,"ಗಜ ಚರ್ಮಾಂಬರನಾದ ಶಿವನ ವೇಶ, ಭುಜಕೀರ್ತಿ ಮುಂತಾದ ದಿರಿಸುಗಳಿಂದ ಪರಂಪರೆಯ ಶಿವನ ವೇಶ, ಕೆಲವು ಕಡೆ ಸನ್ಯಾಸಿ ವೇಶವನ್ನೇ ಅಲ್ಪ ಸ್ವಲ್ಪ ಮಾರ್ಪಾಟು ಮಾಡಿ ಶಿವನ ವೇಶ ಧರಿಸುವುದು ಇದೆ.",ಆನೆ,Elephant,Yes,a,2025-02-04 17:01:51
ಗಜ,ಗಾಂಭೀರ್ಯದಲ್ಲಿ ಗಜ,ಆನೆ,Elephant,Yes,a,2025-02-04 17:01:51
ಗಜ,"ದೇವಸ್ಥಾನ ಕಟ್ಟುವ ಕಲೆ, ಗಜ ಲಕ್ಷಣ ಶಾಸ್ತ್ರ, ಶಕುನ ಶಾಸ್ತ್ರ ಹೀಗೆ ನಾನಾ ಬಗೆಯನ್ನು ಒಂದೇ ಕೃತಿಯಲ್ಲಿ ಹೇಳಲಾಗುತ್ತದೆ.",ಆನೆ,Elephant,Yes,a,2025-02-04 17:01:51
ಗಜ,"ಜಿಲ್ಲಾಡಳಿತದಿಂದ ಗಜ ಪಡೆಗೆ ಸ್ವಾಗತ ಸಮಾರಂಭ ಏರ್ಪಡಿಸಲಾಗುತ್ತಿದ್ದು, ಜಿಲ್ಲಾ ಉಸ್ತುವಾರಿ ಸಚಿವ ಜಿ.",ಆನೆ,Elephant,Yes,a,2025-02-04 17:01:51
ಗಜ,ಮೈಸೂರು: ಗಜ ಪಡೆಯ ಆಗಮಕ್ಕೆ ಕೆಲವೇ ಕ್ಷಣಗಳಲ್ಲಿ ಚಾಲನೆ,ಆನೆ,Elephant,Yes,a,2025-02-04 17:01:51
ಗಜ,"ಹಾಸನ: ಜಿಲ್ಲೆಯ ಮಲೆನಾಡು ಭಾಗದಲ್ಲಿ ಉಪಟಳ ನೀಡುತ್ತಿದ್ದ ಗಜ ಗಲಾಟೆ, ಈಗ ನಗರಕ್ಕೂ ವ್ಯಾಪಿಸಿದೆ.",ಆನೆ,Elephant,Yes,a,2025-02-04 17:01:51
ಗಜ,ಗಜ ನೋಡಿದರೆ ನಿಮಗೆ ಹಾಗನ್ನಿಸುತ್ತದೆ.,ಆನೆ,Elephant,Yes,a,2025-02-04 17:01:51
ಗಜ,ಗಜ ಪಡೆಯ ಮೂರು ಆನೆಗಳನ್ನು ನಿನ್ನೆಯೇ ಚಾಮರಾಜನಗರಕ್ಕೆ ಹುಲಿ ಹಿಡಿಯುವ ಕಾರ್ಯಾಚರಣೆಗಾಗಿ ಕಳುಹಿಸಲಾಗಿದೆ.,ಆನೆ,Elephant,Yes,a,2025-02-04 17:01:51
ಗಜ,"6: ನಾಗರಹೊಳೆ ಅರಣ್ಯ ಪ್ರದೇಶದಿಂದ ಮೈಸೂರು ಅರಮನೆಗೆ ಗಜ ಪಯಣ ಯಾವುದೇ ತೊಂದರೆಯಿಲ್ಲದೆ ನೆರವೇರಿದ್ದು, ಜಂಬೂ ಸವಾರಿಗೆ ಆನೆಗಳನ್ನು ಸಜ್ಜುಗೊಳಿಸಲಾಗುತ್ತಿದೆ.",ಆನೆ,Elephant,Yes,a,2025-02-04 17:01:51
ಗಜ,"ಹೌದು ನಿನ್ನೆ ರಾತ್ರಿ ಮದ ಗಜ ಲಕ್ಷ್ಮೀಶನನ್ನು ಪಳಗಿಸುವ, ಹದ್ದುಬಸ್ತಿಗೆ ತರುವ ಪ್ರಯತ್ನದಲ್ಲಿದ್ದಾಗ ರೊಚ್ಚಿಗೆದ್ದು ಚಂದ್ರನ್ ಎಂಬ 45 ವರ್ಷದ ಮಾವುತನ ಮೇಲೆ ತಿರುಗಿಬಿದ್ದು, ಆತನನ್ನು ಸ್ಥಳದಲ್ಲೇ ಹೊಸಕಿಹಾಕಿದೆ.",ಆನೆ,Elephant,Yes,a,2025-02-04 17:01:51
ಗಜ,ಗಜ ಚರ್ಮವನ್ನು ಧರಿಸಿರುವ ನಿನಗೆ ಒರೆಸಿಕೊಳ್ಳಲು ಒಂದು ಒಳ್ಳೆಯ ಬಟ್ಟೆಯಿಲ್ಲವೆಂದು ಕೋಪವೇ?,ಆನೆ,Elephant,Yes,a,2025-02-04 17:01:51
ಗಜ,ಬಂದರಾಹವಕೆ ಖಳರಾಗ | ಕುದುರೆ | ಮಂದಿ ಗಜ ರಥ ಚತುರ್ಬಲ ನೆರಹಿ ಬೇಗ || ಪ ||,ಆನೆ,Elephant,Yes,a,2025-02-04 17:01:52
ಗಜ,ಗಜ ಚರ್ಮಾಂಬರ ವ್ಯೋಮಕೇಶನಾ,ಆನೆ,Elephant,Yes,a,2025-02-04 17:01:52
ಗಜ,ಈ ಗಜ ಕ್ರೀಡೆಯನ್ನು ನಾವೂ ನೋಡೋಣವೇ.,ಆನೆ,Elephant,Yes,a,2025-02-04 17:01:52
ಗಜ,ಕುಂಜರಗಳಿಗೆ ಗಜ ಸಿಂಹ || ನಾಗೆಂದು,ಆನೆ,Elephant,Yes,a,2025-02-04 17:01:52
ಗಜ,ಹುಣಸೂರು: ಮೈಸೂರು ದಸರಾದ ಪ್ರಮುಖ ಆಕರ್ಷಣೆ ಗಜ ಪಯಣಕ್ಕೆ ನಾಗರಹೊಳೆ ರಾಷ್ಟ್ರೀಯ ಉದ್ಯಾನದಂಚಿನ ನಾಗಾಪುರ ಪುನರ್ವಸತಿ ಕೇಂದ್ರದ ಆಶ್ರಮ ಶಾಲೆ ಬಳಿ ಸರ್ವಸಿದ್ಧತೆ ನಡೆದಿದೆ.,ಆನೆ,Elephant,Yes,a,2025-02-04 17:01:52
ಗಜ,ಗಜದಳದ ಮುಖ್ಯಸ್ಥ - ಗಜ ಸಹನಿ,ಆನೆ,Elephant,Yes,a,2025-02-04 17:01:52
ಗಜ,13ರಂದು ಗಜ ವಾಹನೋತ್ಸವ(ಪಂಕ್ತಿಸೇವೆ) ಹಾಗೂ ಜ.,ಆನೆ,Elephant,Yes,a,2025-02-04 17:01:52
ಗಜ,ಗಜ ಪಡೆಗೆ ಪುಪ್ಪಾರ್ಚನೆ ಮಾಡಿ ಶುಭ ಹಾರೈಸಿದರು.,ಆನೆ,Elephant,Yes,a,2025-02-04 17:01:52
ಗಜ,ನಾಗಾಪುರ ಗಿರಿಜನ ಆಶ್ರಮ ಶಾಲೆಯಿಂದ ಹೊರಟಿತು ಗಜ ಪಯಣ,ಆನೆ,Elephant,Yes,a,2025-02-04 17:01:52
ಗಜ,ದಸರಾ-2018ರ ಜಂಬೂಸವಾರಿಯಲ್ಲಿ ಭಾಗವಹಿಸಲು ಮೊದಲ ಹಂತದಲ್ಲಿ 5 ಆನೆಗಳು ಹುಣಸೂರು ತಾಲೂಕಿನ ವೀರನಹೊಸಹಳ್ಳಿಯ ಹಾಡಿಯಿಂದ ಗಜ ಪಯಣದ ಮೂಲಕ ಮೈಸೂರಿಗೆ ಆಗಮಿಸಲಿದೆ.,ಆನೆ,Elephant,Yes,a,2025-02-04 17:01:52
ಗಜ,"23ರಂದು ಆರಂಭವಾಗಬೇಕಿದ್ದ ಗಜ ಪಯಣವನ್ನು, ಉನ್ನತ ಮಟ್ಟದ ಸಮಿತಿ ಸಭೆ ನಡೆಯದ ಹಿನ್ನೆಲೆಯಲ್ಲಿ ಆ.",ಆನೆ,Elephant,Yes,a,2025-02-04 17:01:52
ಗಜ,"ಅದರಂತೆ ಇಂದು ನಡೆದ ಗಜ ಪಯಣ ಕಾರ್ಯಕ್ರಮದಲ್ಲಿ ಬಿಜೆಪಿ, ಕಾಂಗ್ರೆಸ್ ಮತ್ತು ಜೆಡಿಎಸ್ ಮೂರು ಪಕ್ಷಗಳು ಸೇರಿ ಪಕ್ಷಾತೀತವಾಗಿ ನಾಡ ಹಬ್ಬವಾಗಿ ಅಚರಿಸುತ್ತಿರುವುದು ಈ ಬಾರಿಯ ವಿಶೇಷವಾಗಿದೆ ಎಂದರು.",ಆನೆ,Elephant,Yes,a,2025-02-04 17:01:52
ಗಜ,ಇಂದು ಬೆಳಗ್ಗೆ ಗಜಪಡೆಗಳಿಗೆ ಹಾಗೂ ಮರಳು ಮೂಟೆಗೆ ವಿಶೇಷ ಪೂಜೆ ಸಲ್ಲಿಸಿ ನಂತರ ಗಜ ಪಡೆಯ ಕ್ಯಾಪ್ಟನ್ ಹಾಗೂ ಅಂಬಾರಿ ಹೊರುವ ಅರ್ಜುನನ ಬೆನ್ನಿಗೆ ಸುಮಾರು 350 ಕೆ.,ಆನೆ,Elephant,Yes,a,2025-02-04 17:01:52
ಗಜ,ಈಶ್ವರ-ಪಾರ್ವತಿ ಮೆರವಣಿಗೆ ಹಾಗೂ ಗಜ ವಾಹನೋತ್ಸವ ನಡೆಯಿತು.,ಆನೆ,Elephant,Yes,a,2025-02-04 17:01:52
ಗಜ,"ಮೊದಲ ಅಕ್ಷರಗಳು ಗಜ (ವೇಣು), ಹಯ (ಹುಣ್ಣಿಮೆ) ಹಾಗೂ ಶರಭಪ್ರಾಸಗಳ (ಪೂರ್ಣ) ಸಂಕರವಾಗಿದೆ.",ಆನೆ,Elephant,Yes,a,2025-02-04 17:01:52
ಗಜ,ಮೈಸೂರು: ದಸರಾ ಮಹೋತ್ಸವ ಪ್ರಮುಖ ಆಕರ್ಷಣೆ ಯಾದ ಜಂಬೂಸವಾರಿಯ ಪೂರ್ವಭಾವಿಯಾಗಿ ಗಜ ಪಡೆಗೆ ಭಾರ ಹೊರುವ ತಾಲೀಮು ಆರಂಭಿಸಲಾಯಿತು.,ಆನೆ,Elephant,Yes,a,2025-02-04 17:01:52
ಗಜ,ಬೌದ್ಧರ ನಾಡಿನಲ್ಲಿರುವ ಸಾಕಾನೆಗಳಿಗೆ ಹಣ ಕ್ರೋಢೀಕರಿಸುವ ಉದ್ದೇಶದೊಂದಿಗೆ ಧರ್ಮಾರ್ಥ ಗಜ ಕ್ರೀಡೆ ನಡೆಯಿತು.,ಆನೆ,Elephant,Yes,a,2025-02-04 17:01:52
ಗಜ,ಮೈಸೂರಿನಲ್ಲಿ ಗಜ ಪಡೆಯೊಂದಿಗೆ ಆಸ್ಟ್ರೇಲಿಯಾ ತಂಡದ ಮಾಜಿ ಕ್ರಿಕೆಟಿಗ ಬ್ರೆಟ್‌ ಲೀ,ಆನೆ,Elephant,Yes,a,2025-02-04 17:01:52
ಗಜ,"ಪಲ್ಲಕ್ಕಿ ಉತ್ಸವ, ಕುದುರೆ ಉತ್ಸವ, ನವಿಲು ಉತ್ಸವ, ಸಿಂಹ ಉತ್ಸವ, ಅಂಬಾರಿ ಉತ್ಸವ, ಮಾವಿನತೇರು ಉತ್ಸವ, ಗಜ ಸೇವೆಗಳು ನಡೆಯುತ್ತಿವೆ.",ಆನೆ,Elephant,Yes,a,2025-02-04 17:01:52
ಗಜ,ಕಣ್ಣೂರಿನ ನಾರಾಯಣನ್ ಪೆಟ್ಟರಿ (66) ಮತ್ತು ಮುರುಗನ್(60) ಎಂಬ ಅತಿಥಿಗಳು ಗಜ ಆಕ್ರೋಶಕ್ಕೆ ಬಲಿಯಾಗಿದ್ದಾರೆ.,ಆನೆ,Elephant,Yes,a,2025-02-04 17:01:52
ಗಜ,"ಇದೇ ವೇಳೆ ಕಾಡಿನಲ್ಲಿ ಆನೆಗಳ ಜೊತೆ ನಿಂತುಕೊಂಡು ಸ್ಯಾಂಡಲ್‌ವುಡ್‌ನ ಗಜ ಫೋಟೋ ತೆಗೆಸಿಕೊಂಡಿದ್ದು, ಪ್ರಾಣಿಪ್ರಿಯರು ಸೇರಿದಂತೆ ದರ್ಶನ್‌ ಅಭಿಮಾನಿಗಳೆಲ್ಲರೂ ಸಂತಸ ವ್ಯಕ್ತಪಡಿಸಿದ್ದಾರೆ.",ಆನೆ,Elephant,Yes,a,2025-02-04 17:01:52
ಗಜ,"ದೇವೇಗೌಡ ಅವರು ಅರ್ಜುನ ನೇತೃತ್ವದ ಗಜ ಪಡೆಗೆ ಹಣ್ಣು, ಬೆಲ್ಲ, ಕಬ್ಬು ನೀಡಿ ಸ್ವಾಗತ ಕೋರಲಿದ್ದಾರೆ ಎಂಬ ಮಾಹಿತಿ ಲಭ್ಯವಾಗಿದೆ.",ಆನೆ,Elephant,Yes,a,2025-02-04 17:01:52
ಗಜ,ಆಕರ್ಷಕವಾಗಿ ಕಾಣಿಸಿಕೊಂಡಿದ್ದ ಗಜ ರಾಣಿ,ಆನೆ,Elephant,Yes,a,2025-02-04 17:01:52
ಗಜ,ಗಜ ಗಾಂಭೀರ್ಯದಿಂದ ರಸ್ತೆಯಲ್ಲಿ ಸಾಗುತ್ತಿದ್ದ ಅರ್ಜುನನಿಗೆ ಆರ್‍ಎಂಪಿ ವೃತ್ತದ ಬಳಿ ವಿದ್ಯುತ್ ತಂತಿ ತಡೆಯೊಡ್ಡಿತು.,ಆನೆ,Elephant,Yes,a,2025-02-04 17:01:52
ಗಜ,"ಆದ್ದರಿಂದ, ಚಕ್ರವರ್ತಿಗಳ ಆಡಳಿತ ನಂತರ ಉರುಳಿಬಿದ್ದರೆ, ಮತ್ತು ಗಜ ಅಂತರ್ಯುದ್ಧ ಉಲ್ಬಣವಾಗುತ್ತಿರುವ ನಗರದ ಅನೌಪಚಾರಿಕವಾಗಿ Sicheslav ಕರೆಯಲಾಗುತ್ತದೆ.",ಆನೆ,Elephant,Yes,a,2025-02-04 17:01:52
ಗಜ,: ನಾಡ ಹಬ್ಬ ದಸರಾ ಗಜ ಪಯಣವು ನಾಗಾಪುರ ಗಿರಿಜನ ಆಶ್ರಮ ಶಾಲೆ ಆವರಣದಿಂದ ಆ.,ಆನೆ,Elephant,Yes,a,2025-02-04 17:01:52
ಗಜ,ಹಸಿರ ಕಾನನದಿ ಮೆರೆದಿದ್ದ ಗಜ ಸಮೂಹ !,ಆನೆ,Elephant,Yes,a,2025-02-04 17:01:52
ಗಜ,"ವಿಭಿನ್ನ ಅಂಶಗಳನ್ನು ಪರಿಗಣಿಸಿ, ಪಕ್ಷಿದಾರರು ತಮ್ಮ ಗಜ ವಿನ್ಯಾಸವನ್ನು ಮೌಲ್ಯಮಾಪನ ಮಾಡಬಹುದು ಮತ್ತು ಸ್ಥಳೀಯ ಪಕ್ಷಿಗಳ ಆದರ್ಶ ಉದ್ಯೋಗವನ್ನು ಆಯ್ಕೆ ಮಾಡಬೇಕಾಗುತ್ತದೆ.","ಒಂದು ಅಳತೆ, ಎರಡು ಮೊಳ, ಮೂರಡಿ ಉದ್ದ","ಒಂದು ಅಳತೆ, ಎರಡು ಮೊಳ, ಮೂರಡಿ ಉದ್ದ",Yes,a,2025-02-04 13:59:29
ಗಜ,ಕ್ರೀಡಾಂಗಣದ ಎರಡೂ ಅಂಚುಗಳಲ್ಲಿ ಬಗ್ಗಿಸಬಹುದಾದ ೮ ಗಜ ಅಗಲವಾದ ಗೋಲ್‌ಪೋಸ್ಟ್‌ಗಳನ್ನು ನಿರ್ಮಿಸಲಾಗಿರುತ್ತದೆ.,"ಒಂದು ಅಳತೆ, ಎರಡು ಮೊಳ, ಮೂರಡಿ ಉದ್ದ","ಒಂದು ಅಳತೆ, ಎರಡು ಮೊಳ, ಮೂರಡಿ ಉದ್ದ",Yes,a,2025-02-04 13:59:29
ಗಜ,ಪಾದ ಮತ್ತು ಗಜ - ಹಳೆಯ ಅಳತೆ ಕ್ರಮಗಳನ್ನು ಪರಸ್ಪರ ಸಂಬಂಧಿಸಿವೆ.,"ಒಂದು ಅಳತೆ, ಎರಡು ಮೊಳ, ಮೂರಡಿ ಉದ್ದ","ಒಂದು ಅಳತೆ, ಎರಡು ಮೊಳ, ಮೂರಡಿ ಉದ್ದ",Yes,a,2025-02-04 13:59:29
ಗಜ,ಹೀಗಾಗಿ ಕೆಪಿಸಿಸಿ ಗಜ ಗಾತ್ರದ ಹೊಂದಿತ್ತು.,"ಒಂದು ಅಳತೆ, ಎರಡು ಮೊಳ, ಮೂರಡಿ ಉದ್ದ","ಒಂದು ಅಳತೆ, ಎರಡು ಮೊಳ, ಮೂರಡಿ ಉದ್ದ",Yes,a,2025-02-04 13:59:29
ಗಜ,"ಸ್ವಿಂಗ್ ಮಕ್ಕಳಿಗೆ ಮನರಂಜನೆ ಮಾತ್ರ, ಆದರೆ ನಿಮ್ಮ ಗಜ ಅಥವಾ ತೋಟದ ಉತ್ತಮ ಅಲಂಕಾರ ತಿನ್ನುವೆ.","ಒಂದು ಅಳತೆ, ಎರಡು ಮೊಳ, ಮೂರಡಿ ಉದ್ದ","ಒಂದು ಅಳತೆ, ಎರಡು ಮೊಳ, ಮೂರಡಿ ಉದ್ದ",Yes,a,2025-02-04 13:59:29
ಗಜ,"ನೀವು ಗ್ಯಾರೇಜ್ ಅಥವಾ ಅಂಗಳ ಮಾರಾಟವನ್ನು ಹೊಂದಿದ್ದರೆ, ಮಗುವನ್ನು ಇತರ ಗೊಂಬೆಗಳೊಂದಿಗೆ ಆಕರ್ಷಕವಾಗಿ ಪ್ರದರ್ಶಿಸಿರಿ ಆದರೆ ಗ್ಯಾರೆಜ್ ಅಥವಾ ಗಜ ಮಾರಾಟದಲ್ಲಿ ನೀವು ಮಾರಾಟವಾಗುವ ಯಾವುದೇ ಆಟಿಕೆಗೆ ನೀವು ತುಂಬಾ ಕಡಿಮೆ ಪಡೆಯುತ್ತೀರಿ ಎಂದು ತಿಳಿದಿರಲಿ.","ಒಂದು ಅಳತೆ, ಎರಡು ಮೊಳ, ಮೂರಡಿ ಉದ್ದ","ಒಂದು ಅಳತೆ, ಎರಡು ಮೊಳ, ಮೂರಡಿ ಉದ್ದ",Yes,a,2025-02-04 13:59:29
ಗಜ,ಚೆಂಡನ್ನು ಡ್ರಿಬಲ್‌ ಮಾಡುತ್ತಾ ಎದುರಾಳಿ ತಂಡದ ಆವರಣ ಪ್ರವೇಶಿಸಿದ ಮಿಚಿ ಬತ್ಸುಯಾಯಿ ಅದನ್ನು 30 ಗಜ ದೂರದಿಂದ ಮಿಂಚಿನ ಗತಿಯಲ್ಲಿ ಒದ್ದು ಗುರಿ ಮುಟ್ಟಿಸಿದರು.,"ಒಂದು ಅಳತೆ, ಎರಡು ಮೊಳ, ಮೂರಡಿ ಉದ್ದ","ಒಂದು ಅಳತೆ, ಎರಡು ಮೊಳ, ಮೂರಡಿ ಉದ್ದ",Yes,a,2025-02-04 13:59:29
ಗಜ,"ಹ್ಯೂಸ್ ಕುರುಹುಗಳು ಇವೆ, ನೀವು ತುರ್ತು ಬ್ರೇಕ್ ಮಾಡಿದ ನೀವು ಸುರಕ್ಷಿತವಾಗಿ ತನ್ನ ಕುಶಲ ಪೂರ್ಣಗೊಳಿಸಲು ಅವಕಾಶ ಆದ್ದರಿಂದ ಮಾಡಿಲ್ಲ, (ಹಸ್ತಕ್ಷೇಪ ಸರಣಿ ಮತ್ತೆ, ಗಜ ಕಾರು ಅಥವಾ ಬಿಟ್ಟು ಮುಂಭಾಗದ ಆಫ್ ಪ್ರಯಾಣ ಘರ್ಷಣೆಯನ್ನು ತಪ್ಪಿಸುವ ಅನುಮತಿಸಲಾಗುವುದಿಲ್ಲ) ಎಂದು ಬಗ್ಗೆ ಮರೆಯಬೇಡಿ.","ಒಂದು ಅಳತೆ, ಎರಡು ಮೊಳ, ಮೂರಡಿ ಉದ್ದ","ಒಂದು ಅಳತೆ, ಎರಡು ಮೊಳ, ಮೂರಡಿ ಉದ್ದ",Yes,a,2025-02-04 13:59:29
ಗಜ,ಸಿಂಗ್‌ ಮತ್ತು ಚಿಂತನ್‌ ಗಜ ಬೌಲಿಂಗ್‌ನಲ್ಲೂ ಚೆಂಡನ್ನು ಬೌಂಡರಿ ಗೆರೆ ದಾಟಿಸಿ ಮಿಂಚಿದರು.,"ಒಂದು ಅಳತೆ, ಎರಡು ಮೊಳ, ಮೂರಡಿ ಉದ್ದ","ಒಂದು ಅಳತೆ, ಎರಡು ಮೊಳ, ಮೂರಡಿ ಉದ್ದ",Yes,a,2025-02-04 13:59:29
ಗಜ,ಪಲ್ಲಿಗೆ ಪೋಪಾಸೆಯ ಗಜ,"ಒಂದು ಅಳತೆ, ಎರಡು ಮೊಳ, ಮೂರಡಿ ಉದ್ದ","ಒಂದು ಅಳತೆ, ಎರಡು ಮೊಳ, ಮೂರಡಿ ಉದ್ದ",Yes,a,2025-02-04 13:59:29
ಗಜ,ಗಜ ದೂರದಿಂದ ಮಾರಿಯೊ ಒದ್ದ ಚೆಂಡು ನಿಖರವಾಗಿ ಗುರಿ ಸೇರಿತು; ಅರ್ಜೆಂಟೀನಾ ಬಳಗದಲ್ಲಿ ಸಂಭ್ರಮ ಮನೆ ನಾಡಿತು.,"ಒಂದು ಅಳತೆ, ಎರಡು ಮೊಳ, ಮೂರಡಿ ಉದ್ದ","ಒಂದು ಅಳತೆ, ಎರಡು ಮೊಳ, ಮೂರಡಿ ಉದ್ದ",Yes,a,2025-02-04 13:59:29
ಗಜ,ಆಟದ ಮೈದಾನ ೩೦೦ ಗಜ ಉದ್ದ ಮತ್ತು ೨೦೦ ಗಜ ಅಗಲವಿರುತ್ತದೆ.,"ಒಂದು ಅಳತೆ, ಎರಡು ಮೊಳ, ಮೂರಡಿ ಉದ್ದ","ಒಂದು ಅಳತೆ, ಎರಡು ಮೊಳ, ಮೂರಡಿ ಉದ್ದ",Yes,a,2025-02-04 13:59:29
ಗಜ,ಅಲ್ಲದೇ ಹೊರಗೋಡೆಯ ಪ್ರತಿಯೊಂದು ಮೂಲೆಯಲ್ಲಿ ಗಜ (ಉಬ್ಬು) ಶಿಲ್ಪಗಳನ್ನು ಅಳವಡಿಸಲಾಗಿದೆ.,"ಒಂದು ಅಳತೆ, ಎರಡು ಮೊಳ, ಮೂರಡಿ ಉದ್ದ","ಒಂದು ಅಳತೆ, ಎರಡು ಮೊಳ, ಮೂರಡಿ ಉದ್ದ",Yes,a,2025-02-04 13:59:29
ಗಜ,ಎಡಗೈಯ ಗಜ ಕಟ್ಟಿಗೆ ಬಲಗೈಯ ದವೂತಿ,"ಒಂದು ಅಳತೆ, ಎರಡು ಮೊಳ, ಮೂರಡಿ ಉದ್ದ","ಒಂದು ಅಳತೆ, ಎರಡು ಮೊಳ, ಮೂರಡಿ ಉದ್ದ",Yes,a,2025-02-04 13:59:29
ಗಜ,7-9 ವರ್ಷಗಳ - ಒಂದು ವೈಯಕ್ತಿಕ ಗಜ ಮೇಕೆಯ ಬಳಕೆಯ ಸರಾಸರಿ ಕಾಲಾವಧಿ.,"ಒಂದು ಅಳತೆ, ಎರಡು ಮೊಳ, ಮೂರಡಿ ಉದ್ದ","ಒಂದು ಅಳತೆ, ಎರಡು ಮೊಳ, ಮೂರಡಿ ಉದ್ದ",Yes,a,2025-02-04 13:59:30
ಗಜ,ಮೊದಲ ಕುದುರೆ ಮುಂದಿನ ಅತಿಥಿ ಆಹಾರ: ಗಜ ಉದ್ದ ಲಂಡನ್ ಹೋಟೆಲ್ಗಳಲ್ಲಿ ಒಂದು 21 ನೇ ಶತಮಾನದ ಹೈಟೆಕ್ ಮತ್ತು ವೈಜ್ಞಾನಿಕ ಸಾಧನೆಗಳು ಬಂದಿದೆ ವಾಸ್ತವವಾಗಿ ನಿಯಮ.,"ಒಂದು ಅಳತೆ, ಎರಡು ಮೊಳ, ಮೂರಡಿ ಉದ್ದ","ಒಂದು ಅಳತೆ, ಎರಡು ಮೊಳ, ಮೂರಡಿ ಉದ್ದ",Yes,a,2025-02-04 13:59:30
ಗಜ,ನೆರೆಹೊರೆಯ ಚಾಲನೆ ಮಾಡಿ ಮತ್ತು ನಿಮ್ಮ ಗಜ ಮಾರಾಟ ಚಿಹ್ನೆಗಳನ್ನು ಎಲ್ಲಿ ಇರಿಸಬೇಕೆಂದು ನಿರ್ಧರಿಸಿ,"ಒಂದು ಅಳತೆ, ಎರಡು ಮೊಳ, ಮೂರಡಿ ಉದ್ದ","ಒಂದು ಅಳತೆ, ಎರಡು ಮೊಳ, ಮೂರಡಿ ಉದ್ದ",Yes,a,2025-02-04 13:59:30
ಗಜ,"ವಾಸ್ತವವಾಗಿ, 23 ಇಂಚು ಹ್ಯಾಂಡಲ್ ಉದ್ದ ಮತ್ತು 10 ಅಡಿ ಅನಿಲ ಮೆದುಗೊಳವೆ ನಿಮ್ಮ ಗಜ ಅಥವಾ ಉದ್ಯಾನದ ಪ್ರತಿ ಮೂಲೆಯಲ್ಲಿ ತಲುಪಲು ಒಂದು ಕ್ಷಿಪ್ರ ಮಾಡಿ ಆದ್ದರಿಂದ ನೀವು ನಿಖರವಾಗಿ ಗುರಿಯಿರಿಸಿ ನಿಖರವಾಗಿ ನೀವು ಅಗತ್ಯವಿರುವ ಅಲ್ಲಿ ಸೂಕ್ತ ವ್ಯಾಪ್ತಿ ಪಡೆಯಬಹುದು.","ಒಂದು ಅಳತೆ, ಎರಡು ಮೊಳ, ಮೂರಡಿ ಉದ್ದ","ಒಂದು ಅಳತೆ, ಎರಡು ಮೊಳ, ಮೂರಡಿ ಉದ್ದ",Yes,a,2025-02-04 13:59:30
ಗಜ,ನಾವು ತನ್ನ ಕೈಗಳಿಂದ ಗಜ ಅಲಂಕರಿಸಲು ವಿಶೇಷವಾಗಿ.,"ಒಂದು ಅಳತೆ, ಎರಡು ಮೊಳ, ಮೂರಡಿ ಉದ್ದ","ಒಂದು ಅಳತೆ, ಎರಡು ಮೊಳ, ಮೂರಡಿ ಉದ್ದ",Yes,a,2025-02-04 13:59:30
ಗಜ,ಪಗ್ರಿ - ಐದರಿಂದ ಆರು ಗಜ ಅಥವಾ ಮೀಟರ್ನ ಡಬಲ್ ಅಗಲವಾದ ಪೇಟ.,"ಒಂದು ಅಳತೆ, ಎರಡು ಮೊಳ, ಮೂರಡಿ ಉದ್ದ","ಒಂದು ಅಳತೆ, ಎರಡು ಮೊಳ, ಮೂರಡಿ ಉದ್ದ",Yes,a,2025-02-04 13:59:30
ಗಜ,ಈ ಮೈದಾನ 60ಮೀ ಉದ್ದ ಹಾಗೆಯೇ 40ಮೀ ಅಗಲವಿದೆ ಜತೆಯಲ್ಲಿ ಬ್ಯಾಟ್ಸ್‌ಮನ್ ಹಿಂದೆ ಕೇವಲ 25 ಗಜ ದೂರ ಒಳಗೊಂಡಿದೆ.,"ಒಂದು ಅಳತೆ, ಎರಡು ಮೊಳ, ಮೂರಡಿ ಉದ್ದ","ಒಂದು ಅಳತೆ, ಎರಡು ಮೊಳ, ಮೂರಡಿ ಉದ್ದ",Yes,a,2025-02-04 13:59:30
ಗಜ,ಸಹ ಆಟಗಾರ ನೇಮರ್‌ ತಮ್ಮತ್ತ ಒದ್ದು ಕಳುಹಿಸಿದ ಚೆಂಡನ್ನು ತಡೆದ ಅವರು ಅದನ್ನು 18 ಗಜ ದೂರ ದಿಂದ ಒದ್ದು ಎದುರಾಳಿ ಗೋಲು ಪೆಟ್ಟಿಗೆಯೊಳಗೆ ಸೇರಿಸಿದರು.,"ಒಂದು ಅಳತೆ, ಎರಡು ಮೊಳ, ಮೂರಡಿ ಉದ್ದ","ಒಂದು ಅಳತೆ, ಎರಡು ಮೊಳ, ಮೂರಡಿ ಉದ್ದ",Yes,a,2025-02-04 13:59:30
ಗಜ,ಅಡಗಿ ಮಾಡಿ ಗಡಗಿ ಮೇಲ ಇಟ್ಟರು ಐದು ಗಜ,"ಒಂದು ಅಳತೆ, ಎರಡು ಮೊಳ, ಮೂರಡಿ ಉದ್ದ","ಒಂದು ಅಳತೆ, ಎರಡು ಮೊಳ, ಮೂರಡಿ ಉದ್ದ",Yes,a,2025-02-04 13:59:30
ಗಜ,"ಪಾಟ್ಕಾ - ಒಂದು ಗಜ ಅಥವಾ ಮೀಟರ್ಗೆ ಅರ್ಧದಷ್ಟು ಚದರ, ಜೊರಾ ( ಮೇಲಿನ ಗಂಟು ) ಮತ್ತು ತಲೆಯ ಮೇಲೆ ಕಟ್ಟಲಾಗುತ್ತದೆ.","ಒಂದು ಅಳತೆ, ಎರಡು ಮೊಳ, ಮೂರಡಿ ಉದ್ದ","ಒಂದು ಅಳತೆ, ಎರಡು ಮೊಳ, ಮೂರಡಿ ಉದ್ದ",Yes,a,2025-02-04 13:59:30
ಗಜ,"ಚಳಿಗಾಲದಲ್ಲಿ, ಐಸ್ ಬಣ್ಣದ ಕಾಯಿಗಳ ಗಜ ಅಲಂಕರಿಸಲು ಅಥವಾ ಹಿಮದಲ್ಲಿ ಮಾದರಿಯನ್ನು ಮೊಟ್ಟ ಏನಾದರೂ ಮಾಡಬಹುದು.","ಒಂದು ಅಳತೆ, ಎರಡು ಮೊಳ, ಮೂರಡಿ ಉದ್ದ","ಒಂದು ಅಳತೆ, ಎರಡು ಮೊಳ, ಮೂರಡಿ ಉದ್ದ",Yes,a,2025-02-04 13:59:30
ಗಜ,"ಕೆನಡಿಯನ್‌ ಫುಟ್‌ಬಾಲ್‌ನಲ್ಲಿ, ಹತ್ತು ಗಜ ಮುಂದೆ ಸಾಗಲು, ತಂಡಗಳಿಗೆ ಮೂರು ಡೌನ್‌ಗಳಿಗೆ ಅವಕಾಶವಿದೆ.","ಒಂದು ಅಳತೆ, ಎರಡು ಮೊಳ, ಮೂರಡಿ ಉದ್ದ","ಒಂದು ಅಳತೆ, ಎರಡು ಮೊಳ, ಮೂರಡಿ ಉದ್ದ",Yes,a,2025-02-04 13:59:30
ಗಜ,ಈ ಔಟ್ ಹೌಸಿನ ಹಿಂದೆ ೧೦೦ ಗಜ ದೂರದಲ್ಲಿದ್ದ ಹಾಳುಬಾವಿಯನ್ನು ಅವರು ಹುಡುಕಿದರು.,"ಒಂದು ಅಳತೆ, ಎರಡು ಮೊಳ, ಮೂರಡಿ ಉದ್ದ","ಒಂದು ಅಳತೆ, ಎರಡು ಮೊಳ, ಮೂರಡಿ ಉದ್ದ",Yes,a,2025-02-04 13:59:30
ಗಜ,ಇದು ನೆನಸಿಕೊಂಡು ನೀರಿನ ಗಜ ಒಳಗೆ ಪೂರೈಸಲು ಎಂದು ಖಚಿತಪಡಿಸಿಕೊಳ್ಳಲು ಅಗತ್ಯ.,"ಒಂದು ಅಳತೆ, ಎರಡು ಮೊಳ, ಮೂರಡಿ ಉದ್ದ","ಒಂದು ಅಳತೆ, ಎರಡು ಮೊಳ, ಮೂರಡಿ ಉದ್ದ",Yes,a,2025-02-04 13:59:30
ಗಜ,ಒಂದು ಮಿತವ್ಯಯ ಅಂಗಡಿಯಲ್ಲಿ ಅಥವಾ ಗಜ ಮಾರಾಟದಲ್ಲಿ ಅಥವಾ $ 600 ಅಥವಾ ಅದಕ್ಕಿಂತ ಹೆಚ್ಚು ವರೆಗೆ ಬಳಸಿದ ಕ್ಲಬ್ಗಾಗಿ $ 2 ರಷ್ಟು ಕಡಿಮೆ ವೆಚ್ಚದ ಹೊಸ ಬ್ರಾಂಡ್ ಹೊಸ ಚಾಲಕಕ್ಕೆ ನೀವು ಖರ್ಚು ಮಾಡಬಹುದು.,"ಒಂದು ಅಳತೆ, ಎರಡು ಮೊಳ, ಮೂರಡಿ ಉದ್ದ","ಒಂದು ಅಳತೆ, ಎರಡು ಮೊಳ, ಮೂರಡಿ ಉದ್ದ",Yes,a,2025-02-04 13:59:30
ಗಜ,ಶಾಲೆಯ ನೂರು ಗಜ ಅಂತರದಲ್ಲಿ ತಂಬಾಕು ಉತ್ಪನ್ನ ಮಾರಾಟ ಮಾಡಲು ಯಾವುದೇ ಕಾರಣಕ್ಕೂ ಅವಕಾಶ ನೀಡಬಾರದು ಎಂದು ಡಿಸಿ ಸಿಂಧು ರೂಪೇಶ್ ಹೇಳಿದರು.,"ಒಂದು ಅಳತೆ, ಎರಡು ಮೊಳ, ಮೂರಡಿ ಉದ್ದ","ಒಂದು ಅಳತೆ, ಎರಡು ಮೊಳ, ಮೂರಡಿ ಉದ್ದ",Yes,a,2025-02-04 13:59:30
ಗಜ,ಕೈಲಾಸವಿರುವುದೆ ನಾಲ್ಕು ಗಜ ||ಪ||,"ಒಂದು ಅಳತೆ, ಎರಡು ಮೊಳ, ಮೂರಡಿ ಉದ್ದ","ಒಂದು ಅಳತೆ, ಎರಡು ಮೊಳ, ಮೂರಡಿ ಉದ್ದ",Yes,a,2025-02-04 13:59:30
ಗಜ,"ನೀವು ಕೊಳದ ಒಂದು ಗೋಡೆಯಿಂದ ತಳ್ಳಲು ಮತ್ತು ಇನ್ನೊಂದು ತುದಿಯಲ್ಲಿ ಈಜುವುದರಿಂದ, ಪೂಲ್ 25 ಮೀಟರ್ ಅಥವಾ ಗಜ ಉದ್ದವಿದೆ ಎಂದು ಊಹಿಸಿ.","ಒಂದು ಅಳತೆ, ಎರಡು ಮೊಳ, ಮೂರಡಿ ಉದ್ದ","ಒಂದು ಅಳತೆ, ಎರಡು ಮೊಳ, ಮೂರಡಿ ಉದ್ದ",Yes,a,2025-02-04 13:59:30
ಗಜ,ನಾವು ಐದು ಗಜ ದೂರದಲ್ಲಿ ಕಾಯುತ್ತ ನಿಂತೆವು.,"ಒಂದು ಅಳತೆ, ಎರಡು ಮೊಳ, ಮೂರಡಿ ಉದ್ದ","ಒಂದು ಅಳತೆ, ಎರಡು ಮೊಳ, ಮೂರಡಿ ಉದ್ದ",Yes,a,2025-02-04 13:59:30
ಗಜ,ಗುಂಟೆ = 220 ಚದರ ಗಜ,"ಒಂದು ಅಳತೆ, ಎರಡು ಮೊಳ, ಮೂರಡಿ ಉದ್ದ","ಒಂದು ಅಳತೆ, ಎರಡು ಮೊಳ, ಮೂರಡಿ ಉದ್ದ",Yes,a,2025-02-04 13:59:30
ಗಜ,ಅಲ್ಲಿಂದ ಸುಮರು ಮುನ್ನೂರು ಗಜ ದೂರದಲ್ಲಿ ನಾವು ಹಿಂದೆ ವಾಸವಾಗಿದ್ದ ಹಳೆಯ ಮನೆ.,"ಒಂದು ಅಳತೆ, ಎರಡು ಮೊಳ, ಮೂರಡಿ ಉದ್ದ","ಒಂದು ಅಳತೆ, ಎರಡು ಮೊಳ, ಮೂರಡಿ ಉದ್ದ",Yes,a,2025-02-04 13:59:30
ಗಜ,ಡೊಮಲ್ಲಾ - 10 ಅಥವಾ ಹೆಚ್ಚಿನ ಗಜ ಅಥವಾ ಮೀಟರ್ಗಳ ಡಬಲ್ ಉದ್ದದ ಪೇಟ.,"ಒಂದು ಅಳತೆ, ಎರಡು ಮೊಳ, ಮೂರಡಿ ಉದ್ದ","ಒಂದು ಅಳತೆ, ಎರಡು ಮೊಳ, ಮೂರಡಿ ಉದ್ದ",Yes,a,2025-02-04 13:59:30
ಗಜ,ಖಾಸಗಿ ಮನೆಗಳು ಅಥವಾ ಕುಟೀರಗಳು ಮಾಲೀಕರು ನಿಮ್ಮ ಗಜ ಅಥವಾ ಬಯಸುವ ಸುಂದರವಾದ ತೋಟ ಮತ್ತು ಸ್ನೇಹಶೀಲ.,"ಒಂದು ಅಳತೆ, ಎರಡು ಮೊಳ, ಮೂರಡಿ ಉದ್ದ","ಒಂದು ಅಳತೆ, ಎರಡು ಮೊಳ, ಮೂರಡಿ ಉದ್ದ",Yes,a,2025-02-04 13:59:30
ಗಜ,"ಈ ಸಂದರ್ಭದಲ್ಲಿ, ಗಜ ಅಲಂಕರಿಸಲು ಹೇಗೆ ಪ್ರಶ್ನೆ, ಸುಲಭವಾಗಿ ಪರಿಹಾರ ಇದೆ.","ಒಂದು ಅಳತೆ, ಎರಡು ಮೊಳ, ಮೂರಡಿ ಉದ್ದ","ಒಂದು ಅಳತೆ, ಎರಡು ಮೊಳ, ಮೂರಡಿ ಉದ್ದ",Yes,a,2025-02-04 13:59:30
ಗಜ,ಸೃಜನಾತ್ಮಕವಾಗಿ ತನ್ನ ಕೈಗಳಿಂದ ನಿಮ್ಮ ಗಜ ಅಲಂಕರಿಸಲು,"ಒಂದು ಅಳತೆ, ಎರಡು ಮೊಳ, ಮೂರಡಿ ಉದ್ದ","ಒಂದು ಅಳತೆ, ಎರಡು ಮೊಳ, ಮೂರಡಿ ಉದ್ದ",Yes,a,2025-02-04 13:59:30
ಗಜ,ಅವರು ಶೀಘ್ರದಲ್ಲೇ ಗಜ ಅಲಂಕರಿಸಲು ಕಾಣಿಸುತ್ತದೆ.,"ಒಂದು ಅಳತೆ, ಎರಡು ಮೊಳ, ಮೂರಡಿ ಉದ್ದ","ಒಂದು ಅಳತೆ, ಎರಡು ಮೊಳ, ಮೂರಡಿ ಉದ್ದ",Yes,a,2025-02-04 13:59:30
ಗುಂಡಿ,ಈಗ ಅವಳು ತನ್ನ ಬ್ಲೌಸಿನ ಒಂದೊಂದೇ ಗುಂಡಿ ಬಿಚ್ಚಿ ಪಕ್ಕಕ್ಕೆ ತೆಗೆದು ಇಟ್ಟಳು.,ಅಂಗಿ ಗುಂಡಿ,Shirt button,Yes,a,2025-02-07 14:26:38
ಗುಂಡಿ,ಗುಂಡಿ ಬಿಚ್ಚಿದ ಫೋಟೋ,ಅಂಗಿ ಗುಂಡಿ,Shirt button,Yes,a,2025-02-07 14:26:38
ಗುಂಡಿ,"ಸಾಕಷ್ಟು ಉದ್ದವಾದ ಛೇದನವನ್ನು ಬೇರ್ಪಡಿಸುವ ಅಗತ್ಯವಿದ್ದಲ್ಲಿ, ವೆಲ್ಕ್ರೋಗೆ ಆದ್ಯತೆ ನೀಡುವುದು ಉತ್ತಮ, ಮತ್ತು ಅದು ತೆಳುವಾದ ಬಟ್ಟೆಯೊಂದರ ವೇಳೆ, ನಂತರ ಸಣ್ಣ ಗುಂಡಿ ಅಥವಾ ಕೊಕ್ಕೆ ಮಾಡುತ್ತದೆ.",ಅಂಗಿ ಗುಂಡಿ,Shirt button,Yes,a,2025-02-07 14:26:38
ಗುಂಡಿ,ಕಿಂಗ್ ಲಿಯರ್‌ನಲ್ಲಿ ಲಿಯರ್ ಮಗಳು ಕಾರ್ಡೀಲಿಯಾಗೆ ಪ್ರೇ ಅನ್‌ಬಟನ್‌ಮಿ (ದಯೆಯಿಟ್ಟು ಗುಂಡಿ ಬಿಚ್ಚು) ಎಂದು ಹೇಳುತ್ತಾನೆ.,ಅಂಗಿ ಗುಂಡಿ,Shirt button,Yes,a,2025-02-07 14:26:38
ಗುಂಡಿ,ಹೀಗೆ ಹೇಳಿ ಕೋಟಿಗೆ ಗುಂಡಿ ಹೊಲಿಯಲು ಪ್ರಾರಂಭಿಸಿದರು.,ಅಂಗಿ ಗುಂಡಿ,Shirt button,Yes,a,2025-02-07 14:26:38
ಗುಂಡಿ,ಎಷ್ಟೇ ನಿಗಾ ವಹಿಸಿದರೂ ಪ್ಯಾಂಟನ್ನು ಏರಿಸಿ ಸೊಂಟದ ಗುಂಡಿ ಹಾಕುವಾಗ ಆಗುವ ಬಿಗಿತ.,ಅಂಗಿ ಗುಂಡಿ,Shirt button,Yes,a,2025-02-07 14:26:38
ಗುಂಡಿ,ಈ ಗುಂಡಿ ತಪ್ಪಿದ ಅಂಗಿ,ಅಂಗಿ ಗುಂಡಿ,Shirt button,Yes,a,2025-02-07 14:26:38
ಗುಂಡಿ,"ಕತ್ತರಿಸುವವನು ಯಾರೋ, ಗುಂಡಿ ಹಾಕುವವನು ಯಾರೋ, ಇನ್ನು ಅದೆಷ್ಟು ಜನರ ಶ್ರಮ ಅಡಗಿದೆಯೋ, ಅಂತೂ ಇದ ನನ್ನ ಶರ್ಟ್ ಎಂದು ಬೀಗುವವರು ನಾವು.",ಅಂಗಿ ಗುಂಡಿ,Shirt button,Yes,a,2025-02-07 14:26:38
ಗುಂಡಿ,ಗುಂಡಿ ಹಾಕದೆ ತೆರೆದಿದ್ದ ಬಿಳಿಯ ಕೋಟಿನ ಒಳಗೆ ಧರಿಸಿದ್ದ ಶರಟಿನ ಗುಂಡಿಗಳನ್ನು ಬಿಸಿಲಿಗೆ ಹೊಳೆಯುತ್ತಿದ್ದುವು.,ಅಂಗಿ ಗುಂಡಿ,Shirt button,Yes,a,2025-02-07 14:26:38
ಗುಂಡಿ,ಇವತ್ತು ಟೈಲರ್ ಅಂಗಡಿಯವನು ಕೊಟ್ಟ ಗುಂಡಿ ಕಾಜದ ಕೆಲಸ ಮುಗಿಸಿ ಬಿಡಬೇಕು.,ಅಂಗಿ ಗುಂಡಿ,Shirt button,Yes,a,2025-02-07 14:26:38
ಗುಂಡಿ,"ಮನೆಯಲ್ಲಿ ತಯಾರಿಸಿದ ಉಡುಗೊರೆ ಸಲಹೆಗಳೆಂದರೆ knitted mittens, ಕಸೂತಿ ಹಾಸಿಗೆ ಚಪ್ಪಲಿಗಳು ಮತ್ತು ಕೈಚೀಲಗಳು, ಕೊರೆಯಚ್ಚು ಲ್ಯಾಂಪ್ಶೇಡ್ಸ್, ಕೈಯಿಂದ ಚಿತ್ರಿಸಿದ ಗುಂಡಿ ಪೆಟ್ಟಿಗೆಗಳು ಮತ್ತು ಬಹುಶಃ ವಿಕ್ಟೋರಿಯನ್ ಗಿಫ್ಟ್ ಪಟ್ಟಿಯಲ್ಲಿ ದುಃಖಿಸುವ ಮಹಿಳೆಯ ಕೈಯಿಂದ ಹೊಲಿಯಲ್ಪಟ್ಟ ಕಪ್ಪು ಆಪ್ರೋನ್.",ಅಂಗಿ ಗುಂಡಿ,Shirt button,Yes,a,2025-02-07 14:26:38
ಗುಂಡಿ,"ವಿದ್ಯುನ್ಮಾನ ಮತ ಯಂತ್ರದ (ಇವಿಎಂ) ಮೂಲಕ ಮತ ಚಲಾಯಿಸುವಾಗ, ಅಭ್ಯರ್ಥಿ ಹೆಸರಿನ ಮುಂದೆ ಗುಂಡಿ ಒತ್ತಿದಾಗ ಆಯ್ಕೆ ಮಾಡಿಕೊಂಡ ಅಭ್ಯರ್ಥಿ ಹಾಗೂ ಪಕ್ಷದ ಚಿಹ್ನೆ ಒಳಗೊಂಡ ಕಾಗದದ ತುಂಡೊಂದು ಇದೇ ಯಂತ್ರದಿಂದ ಕಾಣಿಸಿಕೊಳ್ಳುತ್ತದೆ.",ಒತ್ತುವ ಗುಬುಟು,Button - to press,Yes,a,2025-02-07 14:22:24
ಗುಂಡಿ,"ಮಹಿಳಾ ಸಹಾಯವಾಣಿ, ಪೊಲೀಸ್‌ ಇಲಾಖೆಯಲ್ಲಿ ಮಹಿಳೆಯರಿಗೆ ಮೀಸಲಾತಿ, ತುರ್ತು ಸಂದರ್ಭಗಳಲ್ಲಿ ನೆರವು ಪಡೆಯಲು ಅನುಕೂಲವಾಗುವಂತೆ ಮೊಬೈಲ್‌ಗಳಲ್ಲಿ ಎಚ್ಚರಿಕೆಯ ಗುಂಡಿ ಒದಗಿಸುವುದು– ಮುಂತಾದ ಕ್ರಮಗಳನ್ನು ಜಾರಿಗೊಳಿಸುವ ಪ್ರಸ್ತಾವ ನೀತಿಯಲ್ಲಿದೆ ಎಂದು ತಿಳಿಸಿದರು.",ಒತ್ತುವ ಗುಬುಟು,Button - to press,Yes,a,2025-02-07 14:22:24
ಗುಂಡಿ,"ನಾವು ಈಗಾಗಲೇ ಟೊರೆಂಟ್ ಒಂದು ಮ್ಯಾಗ್ನೆಟ್ ಗುಂಡಿ ಕೋಡ್ ಒಳಗೊಂಡಿರುವ, ಮತ್ತು ಕ್ಲೈಂಟ್ ಕಾನ್ಫಿಗರ್ ಮಾಡಬೇಕು ಉಲ್ಲೇಖಿಸಿರುವ.",ಒತ್ತುವ ಗುಬುಟು,Button - to press,Yes,a,2025-02-07 14:22:24
ಗುಂಡಿ,"ಕನ್ನೇಗೌಡನಕೊಪ್ಪಲಿನಲ್ಲಿನ ಕಾಮಾಕ್ಷಿ ಆಸ್ಪತ್ರೆಯ ಬಳಿ ಒಂದನೇ ಕ್ರಾಸ್ ನಲ್ಲಿ ಬ್ರಾಹ್ಮಣ ಸೊಸೈಟಿ ವತಿಯಿಂದ ಸ್ಥಾಪಿಸಲಾದ ಶುದ್ಧ ನೀರಿನ ಘಟಕಕ್ಕೆ ಆದಿಚುಂಚನಗಿರಿ ಶಾಖಾಮಠದ ಸೋಮನಾಥ ಸ್ವಾಮೀಜಿ ರಿಬ್ಬನ್ ಕತ್ತರಿಸಿ, ಘಟಕದ ಗುಂಡಿ ಒತ್ತುವ ಮೂಲಕ ಚಾಲನೆ ನೀಡಿದರು.",ಒತ್ತುವ ಗುಬುಟು,Button - to press,Yes,a,2025-02-07 14:22:24
ಗುಂಡಿ,ಅದನ್ನು ದೃಢಪಡಿಸಲು ಬೋರ್ಡ್‌ನ ಬಲಬದಿಯಲ್ಲಿರುವ ಡನ್ ಎಂಬ ಗುಂಡಿ ಒತ್ತಬೇಕು.,ಒತ್ತುವ ಗುಬುಟು,Button - to press,Yes,a,2025-02-07 14:22:25
ಗುಂಡಿ,ಯಾವುದೇ ಪಕ್ಷದ ಗುಂಡಿ ಒತ್ತಿದರೂ ಬಿಜೆಪಿಗೆ ಮತ ಬೀಳುವ ವಿದ್ಯಮಾನ ನಡೆದಿದೆ ಎಂಬ ವಿಷಯ ಜನರ ಮನಸ್ಸಿನಲ್ಲಿ ನೂರಾರು ಪ್ರಶ್ನೆಗಳನ್ನು ಹುಟ್ಟುಹಾಕಿದೆ.,ಒತ್ತುವ ಗುಬುಟು,Button - to press,Yes,a,2025-02-07 14:22:25
ಗುಂಡಿ,"ಮತಯಂತ್ರಗಳನ್ನು ತಿರುಚಲು ಸಾಧ್ಯವಿದೆ, ಯಾವುದೇ ಗುಂಡಿ ಒತ್ತಿದರೂ ಒಬ್ಬನೇ ಅಭ್ಯರ್ಥಿಗೆ ಮತ ಬೀಳುವಂತೆ ಅದರಲ್ಲಿರುವ ಆಂತರಿಕ ವ್ಯವಸ್ಥೆಯನ್ನು ಬದಲಾ­ಯಿಸಿ­ಕೊಳ್ಳ­ಬಹುದು ಎಂಬ ಆರೋಪವನ್ನು ಪ್ರತಿಪಕ್ಷಗಳು ಮಾಡಿದಾಗ…",ಒತ್ತುವ ಗುಬುಟು,Button - to press,Yes,a,2025-02-07 14:22:25
ಗುಂಡಿ,ಯಾವುದೇ ಗುಂಡಿ ಒತ್ತಿದರೂ ಬಿಜೆಪಿಗೆ ಮತ ಚಲಾವಣೆಯಾಗಿರುವ ರಸೀದಿ ಬರುತ್ತಿತ್ತು.,ಒತ್ತುವ ಗುಬುಟು,Button - to press,Yes,a,2025-02-07 14:22:25
ಗುಂಡಿ,ಬಹಳಷ್ಟು ಮೊಬೈಲ್ ಮತ್ತು ವೆಬ್ಸೈಟ್ ಗುಂಡಿ ವಿನ್ಯಾಸಗಳು ಅಥವಾ ಪುಟ ಘಟಕಗಳಲ್ಲಿ ಕಾರ್ಬನ್ ಫೈಬರ್ ಫಿಲ್ ಅನ್ನು ನೀವು ಬಳಸಿದ್ದೀರಿ.,ಒತ್ತುವ ಗುಬುಟು,Button - to press,Yes,a,2025-02-07 14:22:25
ಗುಂಡಿ,ದೋಣಿಯಲ್ಲಿ ಬೆಂಕಿ ಕಾಣಿಸಿಕೊಂಡರೆ ತಕ್ಷಣ 1ನೇ ಗುಂಡಿ ಒತ್ತಬೇಕು.,ಒತ್ತುವ ಗುಬುಟು,Button - to press,Yes,a,2025-02-07 14:22:25
ಗುಂಡಿ,"ಎಲ್ಲಾ ಸರಿಯಾಗಿ ನಡೆಯುತ್ತಿದ್ದರೆ ಕಂಪ್ಯೂಟರಿನಲ್ಲಿ ಆಯ್ಕೆಯ ಗುಂಡಿ ಒತ್ತಿ, ಎಡಗಡೆಯಿಂದ ಪ್ರಿಂಟಾದ ಇನ್ವಾಯ್ಸ್ , ಡೆಲಿವರಿ ನೋಟ್, ವೇ ಬಿಲ್ ಸಂಗ್ರಹಿಸಿ ಅದರ ಮೇಲಿನ ಸೂಚನೆಗನುಸಾರವಾಗಿ ಬಲ ಪಕ್ಕದಲ್ಲಿ ಲೇಬಲ್ ಮುದ್ರಿಸಿಕೊಂಡು ಮತ್ತೆ ಕಂಪ್ಯೂಟರಿಗೆ ವಾಪಸ್ ಬಂದು ಇನ್ನೊಂದು ಆಪ್ಶನ್ನಿನ್ನ ಕನ್ಫರಮ್ ಗುಂಡಿ ಒತ್ತಿದರೆ ಅದು ನೇರ ಆಚೆಯಿರುವ ಮತ್ತೊಂದು ಲೇಸರ್ ಪ್ರಿಂಟರಿನಲ್ಲಿ ಪಿಕ್ ಸ್ಲಿಪ್ ಪುಟ್ ಅವೇ ಸ್ಲಿಪ್ ಗಳನ್ನು ಮುದ್ರಿಸುತ್ತದೆ - ಅದು ಅಲ್ಲಿನ ಕೆಲಸದವರಿಗೆ ಸರಕನ್ನು ಭೌತಿಕವಾಗಿ ಆಯ್ದು ತರಲು ಅಥವಾ ಒಯ್ದು ಒಳಗಿಡಲು ಕೊಟ್ಟ ಸೂಚನೆ.",ಒತ್ತುವ ಗುಬುಟು,Button - to press,Yes,a,2025-02-07 14:22:25
ಗುಂಡಿ,"ಬೆಂಗಳೂರಿನ ಆರ್‍ಎಂವಿ 2ನೇ ಹಂತ ದಲ್ಲಿ 5 ಬೂತ್ ಗಳಿದ್ದು, ಎರಡನೇ ಬೂತ್ ನಲ್ಲಿ ಯಾವುದೇ ಗುಂಡಿ ಒತ್ತಿದರೂ ಮತ ಕಮಲಕ್ಕೆ ಹೋಗುತ್ತಿದೆ ಎಂದು ಆರೋಪಿಸಿ ಟ್ವಿಟ್ ಮಾಡಿದ್ದಾರೆ.",ಒತ್ತುವ ಗುಬುಟು,Button - to press,Yes,a,2025-02-07 14:22:25
ಗುಂಡಿ,ಇದರಲ್ಲಿ ಕ್ಯಾಮರಾದ ಷಟರ್ ಗುಂಡಿ ಒತ್ತಿ ಹಿಡಿದಷ್ಟು ಕಾಲ ಷಟರ್ ತೆರೆದಿರುತ್ತದೆ.,ಒತ್ತುವ ಗುಬುಟು,Button - to press,Yes,a,2025-02-07 14:22:25
ಗುಂಡಿ,ಇದರ ಗುಂಡಿ ಒತ್ತಿಯೇ ಮುಂದಿನ ಹಾಡನ್ನು ಆಯ್ಕೆ ಮಾಡಿಕೊಳ್ಳಬಹುದು.,ಒತ್ತುವ ಗುಬುಟು,Button - to press,Yes,a,2025-02-07 14:22:25
ಗುಂಡಿ,"ಯಾರಾದರೂ ದಾಳಿ ಮಾಡಿದರೆ ಬ್ಯಾಟ್‌ನ ಗುಂಡಿ ಒತ್ತಿದರೆ ಸಾಕು, ದಾಳಿಕೋರನಿಗೆ ಶಾಕ್‌ ಹೊಡೆಯುತ್ತದೆ.",ಒತ್ತುವ ಗುಬುಟು,Button - to press,Yes,a,2025-02-07 14:22:25
ಗುಂಡಿ,25ನೇ ವಾರ್ಡ್‌ನಲ್ಲಿ 29 ಮತದಾರರು ನೋಟಾ ಗುಂಡಿ ಒತ್ತಿದ್ದಾರೆ.,ಒತ್ತುವ ಗುಬುಟು,Button - to press,Yes,a,2025-02-07 14:22:25
ಗುಂಡಿ,"ತನ್ನ ಕಾರು ಇದ್ದ ಗ್ಯಾರೇಜಿನ ಗೇಟನ್ನು ತೆರೆಯಲು ಗುಂಡಿ ಒತ್ತಿ, ಕಾರನ್ನು ಹೊರಗೆ ತೆಗೆಯುತ್ತಿದ್ದಾಗ ಅವಳ ಸೆಲ್‌ ಫೋನ್‌ ರಿಂಗುಣಿಸಿತು.",ಒತ್ತುವ ಗುಬುಟು,Button - to press,Yes,a,2025-02-07 14:22:25
ಗುಂಡಿ,"ಕೆಲವೇ ಗುಂಡಿ ಕ್ಲಿಕ್ಗಳೊಂದಿಗೆ ಮೂರು-ದಾರಿ ಕರೆಗಳನ್ನು ಪ್ರಾರಂಭಿಸಬಹುದು , ನಾನು ನೋಡಿದ ಸರಳವಾದ ಮೂರು-ದಾರಿ ಕರೆಗಳ ವೈಶಿಷ್ಟ್ಯವನ್ನು ನೀಡುತ್ತಿದ್ದೇನೆ.",ಒತ್ತುವ ಗುಬುಟು,Button - to press,Yes,a,2025-02-07 14:22:25
ಗುಂಡಿ,"ಮೋದಿಗಾದರೂ ಮತ ನೀಡಿ; ಮನೋಹರ್‌ಗಾದರೂ ಮತ ನೀಡಿ, ನೀವು ಒತ್ತಬೇಕಾಗಿರುವ ಗುಂಡಿ ಕಮಲದ ಚಿಹ್ನೆ ಎಂದು ಚುನಾವಣಾ ರ್ಯಾಲಿಯಲ್ಲಿ ಖಟ್ಟರ್ ಹೇಳಿದರು.",ಒತ್ತುವ ಗುಬುಟು,Button - to press,Yes,a,2025-02-07 14:22:25
ಗುಂಡಿ,ಸದಸ್ಯರು ಮೊದಲು ಗುಂಡಿ ಒತ್ತಿದಾಗ ಚಲಾವಣೆಯಾದ ಮತಗಳು.,ಒತ್ತುವ ಗುಬುಟು,Button - to press,Yes,a,2025-02-07 14:22:25
ಗುಂಡಿ,ಸುರುಳಿಬಿಚ್ಚಿದ ಮತ್ತು ಪುರಸ್ಕೃತರಾಗುವಿರಿ ಇರುವ ಖಾತೆಯನ್ನು URL ಅನ್ನು ಗುಂಡಿ ಸೇರಿಸಿ.,ಒತ್ತುವ ಗುಬುಟು,Button - to press,Yes,a,2025-02-07 14:22:25
ಗುಂಡಿ,ಮತದಾರರು ಯಾವುದರ ಮೇಲೆ ಗುಂಡಿ ಒತ್ತುತ್ತಾರೋ ಅದರ ಮೇಲ್ಭಾಗದಲ್ಲಿರುವ ಕೆಂಪು ದೀಪ ಹತ್ತಿಕೊಳ್ಳುತ್ತದೆ.,ಒತ್ತುವ ಗುಬುಟು,Button - to press,Yes,a,2025-02-07 14:22:25
ಗುಂಡಿ,ಆದರೆ ನನ್ನವಳು ನನ್ನ ಪ್ಯಾಂಟ್ ಗುಂಡಿ ಬಿಚ್ಚಿ ನನ್ನ ಚೆಡ್ಡಿಯನ್ನು ನನ್ನ ದೇಹದಿಂದ ಬೇರ್ಪಡಿಸಿದೊಡನೆ ಮಲಗಿದ್ದ ಯಜಮಾನ ಎದ್ದು ನಿಂತ.,ಒತ್ತುವ ಗುಬುಟು,Button - to press,Yes,a,2025-02-07 14:22:25
ಗುಂಡಿ,ನನ್ನ ಕೈ ಹಿಡಿದು ಕೈ ಗುರುತಿನ ಗುಂಡಿ ಒತ್ತುವಂತೆ ಒತ್ತಾಯಿಸಿದರು.,ಒತ್ತುವ ಗುಬುಟು,Button - to press,Yes,a,2025-02-07 14:22:25
ಗುಂಡಿ,ಈ ಸಂದರ್ಭದಲ್ಲಿ ಚುನಾವಣಾ ನಿಯಮಗಳನ್ನು ಉಲ್ಲಂಘಟನೆಯ ಮಾಹಿತಿ ನೀಡಲು ಫೇಸ್‌ಬುಕ್ ಪುಟದಲ್ಲಿ ಒಂದು ಗುಂಡಿ ಇಲ್ಲವೇ ವಿಂಡೋ ಸೃಷ್ಟಿಸುವ ಬಗ್ಗೆ ಒಪ್ಪಿಗೆ ಸೂಚಿಸಲಾಗಿತ್ತು.,ಒತ್ತುವ ಗುಬುಟು,Button - to press,Yes,a,2025-02-07 14:22:25
ಗುಂಡಿ,ಪಟ್ಟಣದ ಪುರಸಭೆಯಲ್ಲಿ ಶುಕ್ರುವಾರ ಬಯೋಮೆಟ್ರಿಕ್ ಯಂತ್ರವನ್ನು ಗುಂಡಿ ಅದುವಿಮುವ ಮೂಲಕ ಉದ್ಘಾಟಿಸಿ ಅವರು ಮಾತನಾಡಿದರು.,ಒತ್ತುವ ಗುಬುಟು,Button - to press,Yes,a,2025-02-07 14:22:25
ಗುಂಡಿ,"ಅನೇಕ ಪ್ರಯೋಗಗಳನ್ನು ಸ್ವತಃ ಮಾಡುವ, ಗುಂಡಿ ಒತ್ತಿ ವಿಷಯಗಳನ್ನು ತಿಳಿದುಕೊಳ್ಳುವ ಸಾಧ್ಯತೆಗಳನ್ನು ಸಹ ಇಲ್ಲಿ ಕಲ್ಪಿಸಲಾಗಿದೆ.",ಒತ್ತುವ ಗುಬುಟು,Button - to press,Yes,a,2025-02-07 14:22:25
ಗುಂಡಿ,ಮೊಬೈಲ್ ನಲ್ಲಿ ಕರೆ ಸ್ವೀಕರಿಸುವ ಗುಂಡಿ ಬಿಟ್ಟರೆ ಬೇರೇನೂ ಒತ್ತಲು ಗೊತ್ತಿಲ್ಲ.,ಒತ್ತುವ ಗುಬುಟು,Button - to press,Yes,a,2025-02-07 14:22:25
ಗುಂಡಿ,ಆದರೆ ನಾವು ಮತಯಂತ್ರದ ಗುಂಡಿ ಯನ್ನು ಒತ್ತಿದ ಬಳಿಕ ಬೀಳುವ ಮತವನ್ನು ಕಬಳಿಸುವ ಷಡ್ಯಂತ್ರದಲ್ಲಿ ಕೆಲ ಅಧಿಕಾರಮೋಹಿ ಗಳು ಮುಂದಾಗಿದ್ದಾರೆ ಎನ್ನುವುದು ಇದರಿಂದ ಬಹಿರಂಗವಾಗಿದೆ.,ಒತ್ತುವ ಗುಬುಟು,Button - to press,Yes,a,2025-02-07 14:22:25
ಗುಂಡಿ,"ನಂತರ ಗುಂಡಿ ಒತ್ತಿ, ಕಾಲುವೆಗಳ ಗೇಟ್‌ ತೆರೆದರು.",ಒತ್ತುವ ಗುಬುಟು,Button - to press,Yes,a,2025-02-07 14:22:25
ಗುಂಡಿ,ಕಂದಹಾರ್‍ಗೆ ತೆರಳುತ್ತಿದ್ದ ವಿಮಾನದ ಸಿಬ್ಬಂದಿ ಪ್ರಮಾದವಶಾತ್ ಹೈಜಾಕ್ ಗುಂಡಿ ಒತ್ತಿದ್ದರಿಂದ ಆತಂಕ ಉಂಟಾಯಿತು.,ಒತ್ತುವ ಗುಬುಟು,Button - to press,Yes,a,2025-02-07 14:22:25
ಗುಂಡಿ,"ಹೆಸರು, ಗಾತ್ರ ಮತ್ತು ಹೀಗೆ: - ಸರಳ ಪದಗಳಲ್ಲಿ, ಒಂದು ಮ್ಯಾಗ್ನೆಟ್ ಗುಂಡಿ ಈ ಹೊಕ್ಕುಳಬಳ್ಳಿ ಬಗ್ಗೆ ಮಾಹಿತಿಯನ್ನು ವಿವಿಧ ಒಯ್ಯುತ್ತದೆ ಸಾಮಾನ್ಯ ಕೋಡ್ ಆಗಿದೆ.",ಒತ್ತುವ ಗುಬುಟು,Button - to press,Yes,a,2025-02-07 14:22:25
ಗುಂಡಿ,ಹೊಸ ಸಂದೇಶಗಳನ್ನು ಕೇಳಲು ಗುಂಡಿ ಒತ್ತಿದಳು.,ಒತ್ತುವ ಗುಬುಟು,Button - to press,Yes,a,2025-02-07 14:22:25
ಗುಂಡಿ,"ನಾಗಮೋಹನ್‌ ಅವರು ಪೂಜೆ ಸಲ್ಲಿಸಿ, ಗುಂಡಿ ಒತ್ತುವ ಮೂಲಕ ಕಾಲುವೆಗೆ ನೀರು ಹರಿಸಿದರು.",ಒತ್ತುವ ಗುಬುಟು,Button - to press,Yes,a,2025-02-07 14:22:25
ಗುಂಡಿ,ಜಿಲ್ಲಾಧಿಕಾರಿ ಮೊಹಮ್ಮದ್‌ ಮೊಹಸೀನ್‌ ಹಾಗೂ ಸೆಷನ್ಸ್‌ ಜಡ್ಜ್‌ ಪ್ರಕಾಶ್‌ ಹುಕ್ಕೇರಿ ಏಕಕಾಲದಲ್ಲಿ ಗುಂಡಿ ಒತ್ತುವ ಮೂಲಕ ವಿಡಿಯೋ ಕಾನ್ಫರೆನ್ಸಿಂಗ್‌ ಸೌಲಭ್ಯವನ್ನು ಬುಧವಾರ ಅನಾವರಣಗೊಳಿಸಿದರು.,ಒತ್ತುವ ಗುಬುಟು,Button - to press,Yes,a,2025-02-07 14:22:25
ಗುಂಡಿ,"ಸಿಬ್ಬಂದಿ ತನಗೆ ಅಗತ್ಯವಾದ ರಜೆ (ಸಿಎಲ್, ಸಿಎಂಎಲ್, ಇಎಲ್), ಬೇಕಾದ ಅವಧಿ ಆಯ್ಕೆಮಾಡಿ ಗುಂಡಿ ಒತ್ತಬೇಕು.",ಒತ್ತುವ ಗುಬುಟು,Button - to press,Yes,a,2025-02-07 14:22:25
ಗುಂಡಿ,ಮತದಾನದ ವೇಳೆ ನೋಟಾ ಗುಂಡಿ ಒತ್ತುವ ಮೂಲಕ ಪ್ರತಿಭಟನೆ ನಡೆಸಲಾಗುವುದು ಎಂದು ಸಾಮಾಜಿಕ ಜಾಲತಾಣಗಳಲ್ಲಿ ಕಿಡಿಕಾರಿದ್ದಾರೆ.,ಒತ್ತುವ ಗುಬುಟು,Button - to press,Yes,a,2025-02-07 14:22:25
ಗುಂಡಿ,"ಸರಿ ಹಾಗಾದರೆ, ಈಗ ಒಂದೊಂದೇ ಫ್ಲೋರಿಗೂ ಹೋಗಿ ನೋಡೇಬಿಡೋಣ~ ಎಂದು ನಿರ್ಧರಿಸಿ, ಮತ್ತೆ ಕೆಳಗೆ ಬಂದು 1~ ಎಂದು ಗುಂಡಿ ಒತ್ತಿದ.",ಒತ್ತುವ ಗುಬುಟು,Button - to press,Yes,a,2025-02-07 14:22:25
ಗುಂಡಿ,ಕುಳಿತಲ್ಲೇ ಗುಂಡಿ ಒತ್ತಿದರೆ ನ್ಯಾಯ ಸಿಗುವ ದಿನ ಬರಬೇಕು.,ಒತ್ತುವ ಗುಬುಟು,Button - to press,Yes,a,2025-02-07 14:22:25
ಗುಂಡಿ,ಮಲಗಿದೆಡೆಯೇ ಒಂದು ಗುಂಡಿ ಒತ್ತಿದರೆ ಕಿಟಕಿಯ ಪರದೆ ತೆರೆದುಕೊಳ್ಳುತ್ತದೆ.,ಒತ್ತುವ ಗುಬುಟು,Button - to press,Yes,a,2025-02-07 14:22:25
ಗುಂಡಿ,ಗುಂಡಿ ಪದ್ಧತಿ : ನೆಲದಲ್ಲಿ ಸಾಮಾನ್ಯವಾಗಿ 3 ರಿಂದ 4 ಅಡಿ ಅಗಲ.,"ಬಿಲ, ಡೊಗರು, ಗುಣಿ","Hole, Pothole",Yes,a,2025-02-07 14:16:57
ಗುಂಡಿ,ಕೃಷ್ಣ ನಗರದಲ್ಲೊಂದು ಕೊಳಚೆ ಗುಂಡಿ,"ಬಿಲ, ಡೊಗರು, ಗುಣಿ","Hole, Pothole",Yes,a,2025-02-07 14:16:57
ಗುಂಡಿ,"ಆದರೆ, ನಗರದ ಮುಖ್ಯ ಭಾಗದಲ್ಲಿ ಗುಂಡಿ ಬಿದ್ದಿದ್ದು, ವಾಹನ ಸವಾರರಿಗೆ ತಲೆನೋವಾಗಿದೆ.","ಬಿಲ, ಡೊಗರು, ಗುಣಿ","Hole, Pothole",Yes,a,2025-02-07 14:16:57
ಗುಂಡಿ,"ಸಂಚಾರ ಸಮಸ್ಯೆ, ಗುಂಡಿ ಬಿದ್ದ ರಸ್ತೆಗಳು, ಕೆರೆಗಳ ಸಂರಕ್ಷಣೆ ಹೀಗೆ ಹಲವಾರು ಪ್ರಚಲಿತ ಸಮಸ್ಯೆಗಳ ಕುರಿತು ವಿದ್ಯಾರ್ಥಿಗಳೊಂದಿಗೆ ಸಂವಾದವನ್ನು ನಡೆಸಲಾಯಿತು.","ಬಿಲ, ಡೊಗರು, ಗುಣಿ","Hole, Pothole",Yes,a,2025-02-07 14:16:57
ಗುಂಡಿ,ಆಗ ರಸ್ತೆ ಗುಂಡಿ ಸಮಸ್ಯೆ ಇರುವುದಿಲ್ಲ ಎಂದರು.,"ಬಿಲ, ಡೊಗರು, ಗುಣಿ","Hole, Pothole",Yes,a,2025-02-07 14:16:57
ಗುಂಡಿ,ಗುಂಡಿ ಬಿದ್ದು ಹದಗೆಟ್ಟಿರುವ ರಸ್ತೆಯ ಅರ್ಧ ಭಾಗವನ್ನು ರಸ್ತೆ ದುರಸ್ತಿಗೆ ಬಂದ್ ಮಾಡಿದ ಕಾರಣ ವಾಹನ ಸವಾರರು ಅಕ್ಷರಶಃ ಪರದಾಡಬೇಕಾಯಿತು.,"ಬಿಲ, ಡೊಗರು, ಗುಣಿ","Hole, Pothole",Yes,a,2025-02-07 14:16:57
ಗುಂಡಿ,"ಭಾಗಮಂಡಲ, ಅಪ್ಪಂಗಾಲ, ಉಡೋತ್‌ ಮೊಟ್ಟೆ, ಹಾಗೂ ಚೇರಂಬಾಣೆಯಲ್ಲಿ ವರ್ಷಕ್ಕೆ ಮೂರು ಬಾರಿಯಾದರೂ ರಸ್ತೆ ಗುಂಡಿ ಬೀಳುತ್ತಿದೆ ಎಂದು ಸ್ಥಳೀಯ ಗ್ರಾಮಸ್ಥರು ಆರೋಪಿಸುತ್ತಾರೆ.","ಬಿಲ, ಡೊಗರು, ಗುಣಿ","Hole, Pothole",Yes,a,2025-02-07 14:16:57
ಗುಂಡಿ,"ಇದರ ಜೊತೆಗೆ ಆರು ಅಡಿ ಉದ್ದ, ನಾಲ್ಕು ಅಡಿ ಅಗಲದ ಆಳವಾದ ಗುಂಡಿ ತೋಡಿದ್ದಾರೆ.","ಬಿಲ, ಡೊಗರು, ಗುಣಿ","Hole, Pothole",Yes,a,2025-02-07 14:16:57
ಗುಂಡಿ,"ರಸ್ತೆ ಕ್ಲೀನ್, ಪೇಂಟಿಂಗ್, ಗುಂಡಿ ಮುಚ್ಚಲು ಬಿಬಿಎಂಪಿ ಎರಡೂವರೆ ಕೋಟಿ ಖರ್ಚು ಮಾಡಿದೆ.","ಬಿಲ, ಡೊಗರು, ಗುಣಿ","Hole, Pothole",Yes,a,2025-02-07 14:16:57
ಗುಂಡಿ,ಹೊಸ ಬಸ್‌ ನಿಲ್ದಾಣ ಪರಿಸರದಲ್ಲೂ ಬೃಹತ್‌ ಗುಂಡಿ ನಿರ್ಮಾಣವಾಗಿದೆ.,"ಬಿಲ, ಡೊಗರು, ಗುಣಿ","Hole, Pothole",Yes,a,2025-02-07 14:16:57
ಗುಂಡಿ,15ರಮದು ಮುಂಜಾನೆ ಗುಂಡಿ ಹಾರಿಸಿದ ಘಟನೆಗೆ ಸಂಬಂಧಿಸಿದಂತೆ ಪ್ರಮುಖ ಆರೋಪಿಯ ಸಹಿತ ನಾಲ್ವರನ್ನು ಕುಂಬಳೆ ಪೊಲೀಸರು ವಶಕ್ಕೆ ತೆಗೆದುಕೊಂಡಿದ್ದಾರೆ.,"ಬಿಲ, ಡೊಗರು, ಗುಣಿ","Hole, Pothole",Yes,a,2025-02-07 14:16:57
ಗುಂಡಿ,ಹುಳಿಯಾರಿನ ಗುಂಡಿ ಬಿದ್ದು ಓಡಾಡಲು ದುಸ್ತರವಾಗಿರುವ ಡಾಂಬರ್ ಕಾಣದ ರಸ್ತೆಗಳಿಗೆ ಕಾಯಕಲ್ಪ ನೀಡಲು ತಾವು ಮುಂದಾಗಿದ್ದು ಸದ್ಯಕ್ಕೆ ಮುಖ್ಯಮಂತ್ರಿ ಗ್ರಾಮ ವಿಕಾಸ ಯೋಜನೆಯಡಿ ಗಾಂಧಿ ಪೇಟೆ ರಸ್ತೆ ಹಾಗೂ 14 ನೇ ಹಣಕಾಸು ಯೋಜನೆ ಅಡಿ ರಾಜಕುಮಾರ್ ರಸ್ತೆಯ ಆಸ್ಪತ್ರೆ ಕಾಂಪೌಂಡ್ ಪಕ್ಕದ ರಸ್ತೆಗಳನ್ನು ಕಾಂಕ್ರೀಟ್ ರಸ್ತೆ ಮಾಡಲು ಹಣ ಬಿಡುಗಡೆಗೊಳಿಸುವಂತೆ ಪತ್ರ ಬರೆಯಲಾಗಿದೆ ಎಂದು ಶಾಸಕ ಜೆ.,"ಬಿಲ, ಡೊಗರು, ಗುಣಿ","Hole, Pothole",Yes,a,2025-02-07 14:16:57
ಗುಂಡಿ,"ಜಿಲ್ಲೆಯ ಸಾರ್ವಜನಿಕ ವಲಯದಲ್ಲಿ ರಸ್ತೆಗಳ ಅವ್ಯವಸ್ಥೆ ಬಗ್ಗೆ ಸಾಕಷ್ಟು ದೂರು ಕೇಳಿ ಬರುತ್ತಿದ್ದು, ಈ ಬಗ್ಗೆ ಲೋಕೋಯೋಗಿ ಇಲಾಖೆ ಅಧಿಕಾರಿಗಳು, ಕೂಡಲೇ ರಸ್ತೆಗಳಲ್ಲಿನ ಗುಂಡಿ ಮುಚ್ಚಿ ಸುಗಮ ಸಂಚಾರಕ್ಕೆ ಅನುಕೂಲ ಮಾಡಿಕೊಡಬೇಕೆಂದು ತಾಕೀತು ಮಾಡಿದರು.","ಬಿಲ, ಡೊಗರು, ಗುಣಿ","Hole, Pothole",Yes,a,2025-02-07 14:16:57
ಗುಂಡಿ,ರಸ್ತೆಗಳ ನಡುವೆ ಗುಂಡಿ ಬಿದ್ದಿವೆ.,"ಬಿಲ, ಡೊಗರು, ಗುಣಿ","Hole, Pothole",Yes,a,2025-02-07 14:16:57
ಗುಂಡಿ,"ಪರದೆಯ ಎಡ ಮೂಲೆಯಲ್ಲಿ ಕೆಳಭಾಗದಲ್ಲಿ, ನಿಮಗೆ ತಿಳಿದಿರುವಂತೆ, ಪ್ರಾರಂಭ ಎಂಬ ದೊಡ್ಡ ಗುಂಡಿ ಇದೆ.","ಬಿಲ, ಡೊಗರು, ಗುಣಿ","Hole, Pothole",Yes,a,2025-02-07 14:16:57
ಗುಂಡಿ,ಇಂಗು ಗುಂಡಿ ಮಾಡಿ ಬೇಸಿಗೆ ಗೆದ್ದವರು.,"ಬಿಲ, ಡೊಗರು, ಗುಣಿ","Hole, Pothole",Yes,a,2025-02-07 14:16:57
ಗುಂಡಿ,"ಘಟನಾ ಸ್ಥಳದಲ್ಲಿ ಅಪಾರ್ಟ್‌ ಮೆಂಟ್‌ ನಿರ್ಮಾಣವಾಗುತ್ತಿದ್ದು, ವಾಹನ ನಿಲುಗಡೆ ಪ್ರದೇಶಕ್ಕಾಗಿ ಆ ಜಾಗದಲ್ಲಿ ಸುಮಾರು 20 ಅಡಿ ಆಳದ ಗುಂಡಿ ತೆಗೆಯಲಾಗಿದೆ.","ಬಿಲ, ಡೊಗರು, ಗುಣಿ","Hole, Pothole",Yes,a,2025-02-07 14:16:57
ಗುಂಡಿ,"ಹೀಗಾಗಿ, ಗುಂಡಿ ಮುಚ್ಚಲು ಸಾಧ್ಯವಾಗಲಿಲ್ಲ ಎಂದು ರೈಲ್ವೆ ಕಾರ್ಮಿಕರೊಬ್ಬರು ತಿಳಿಸಿದರು.","ಬಿಲ, ಡೊಗರು, ಗುಣಿ","Hole, Pothole",Yes,a,2025-02-07 14:16:57
ಗುಂಡಿ,ಗ್ರಾಮೀಣ ಭಾಗದಲ್ಲಿ ಗುಂಡಿ ಬಿದ್ದ ರಸ್ತೆಗಳನ್ನು ದುರಸ್ತಿಪಡಿಸಲು ಕ್ರಮಕೈಗೊಳ್ಳಲಾಗುವುದು ಎಂದು ಜಿಲ್ಲಾ ಪಂಚಾಯಿತಿ ಸದಸ್ಯ ಪಿ.,"ಬಿಲ, ಡೊಗರು, ಗುಣಿ","Hole, Pothole",Yes,a,2025-02-07 14:16:57
ಗುಂಡಿ,ಬದಲಿಗೆ ಇಳಿಜಾರಿಗೆ ಅಡ್ಡಲಾಗಿ ಸಮರೇಖೆಯಲ್ಲಿಯೇ ಉಳುಮೆ ಮಾಡಬೇಕು ಅಥವಾ ಇಳಿಜಾರಿಗೆ ಅಡ್ಡಲಾಗಿ ಎರಡು ಅಡಿ ಆಳದ ಗುಂಡಿ ತೆಗೆಯುತ್ತಾ ಬರಬೇಕು.,"ಬಿಲ, ಡೊಗರು, ಗುಣಿ","Hole, Pothole",Yes,a,2025-02-07 14:16:57
ಗುಂಡಿ,ಶೌಚಾಲಯ ಗುಂಡಿ ತೆಗೆಯಲು ತೊಂದರೆ: ಮಳೆಗಾಲದಲ್ಲಿ ಪಕ್ಕದಲ್ಲಿರುವ ಯಮಸಂಧಿ ಚಾನಲ್‌ ತುಂಬಿ ಗ್ರಾಮದೊಳಗೆ ನೀರು ನುಗ್ಗುತ್ತದೆ.,"ಬಿಲ, ಡೊಗರು, ಗುಣಿ","Hole, Pothole",Yes,a,2025-02-07 14:16:57
ಗುಂಡಿ,ಇದರಿಂದ ಗುಂಡಿ ಸೃಷ್ಟಿಯಾಗಿದೆ.,"ಬಿಲ, ಡೊಗರು, ಗುಣಿ","Hole, Pothole",Yes,a,2025-02-07 14:16:57
ಗುಂಡಿ,ಸ್ಪೋಟದ ತೀವ್ರತೆ 10 ಅಡಿ ಗುಂಡಿ ಸೃಷ್ಟಿಯಾಯಿತು.,"ಬಿಲ, ಡೊಗರು, ಗುಣಿ","Hole, Pothole",Yes,a,2025-02-07 14:16:57
ಗುಂಡಿ,ಕೆಲವು ಕಡೆ ಗುಂಡಿ ಬಿದ್ದಿರುವ ರಸ್ತೆಗಳಿಗೆ ತೇಪೆ ಹಾಕುವ ಕೆಲಸ ನಡೆಯುತ್ತಿದೆ.,"ಬಿಲ, ಡೊಗರು, ಗುಣಿ","Hole, Pothole",Yes,a,2025-02-07 14:16:57
ಗುಂಡಿ,ಉದ್ದದ ಈ ರಸ್ತೆ ಗುಂಡಿ ಬಿದ್ದು ಎರಡು ದಶಕಗಳು ಕಳೆದಿವೆ.,"ಬಿಲ, ಡೊಗರು, ಗುಣಿ","Hole, Pothole",Yes,a,2025-02-07 14:16:57
ಗುಂಡಿ,ರಿಂದ 6 ರಿಂಗ್‌ಗಳನ್ನು ಬಳಸಿದರೆ ಆರು ಅಡಿ ಉದ್ದದ ಶೌಚ ಗುಂಡಿ ಸಿದ್ಧವಾಗುತ್ತದೆ.,"ಬಿಲ, ಡೊಗರು, ಗುಣಿ","Hole, Pothole",Yes,a,2025-02-07 14:16:57
ಗುಂಡಿ,ಗುಂಡಿ ಸರಿಪಡಿಸಲು ಸ್ವತಃ ರಸ್ತೆಗೆ ಬಂದಿಳಿದ್ವು ಬೃಹತ್ ಕಟ್ಟಿರುವೆಗಳು!,"ಬಿಲ, ಡೊಗರು, ಗುಣಿ","Hole, Pothole",Yes,a,2025-02-07 14:16:57
ಗುಂಡಿ,"ಬುಟ್ಟಿಯಿಂದ ಹಿಡಿದು ಗುದ್ದಲಿ, ಗುಂಡಿ ತೆಗೆಯುವ, ಬಿತ್ತನೆ, ಗೊಬ್ಬರ ವಿತರಿಸುವ ಯಂತ್ರದವರೆಗೆ 6 ಲಕ್ಷ ಮೌಲ್ಯದ 20 ಉಪಕರಣಗಳು ಬಾಡಿಗೆಗೆ ದೊರೆಯುತ್ತವೆ.","ಬಿಲ, ಡೊಗರು, ಗುಣಿ","Hole, Pothole",Yes,a,2025-02-07 14:16:57
ಗುಂಡಿ,ಮಗುವನ್ನು ಹೂಳಲು ಗುಂಡಿ ತೋಡಿದಾಗ ಗುದ್ದಲಿಗೆ ಮಡಿಕೆಯೊಂದು ಸಿಕ್ಕಿಹಾಕಿಕೊಂಡಿದೆ.,"ಬಿಲ, ಡೊಗರು, ಗುಣಿ","Hole, Pothole",Yes,a,2025-02-07 14:16:59
ಗುಂಡಿ,"ಪ್ರತಿ ಬೂತ್‍ನಲ್ಲಿಯೂ ಹತ್ತು ಸಸಿಗಳನ್ನು ನೆಡುವುದು, ಜಲಸಂರಕ್ಷಣೆಗೆ ಒತ್ತು ನೀಡುವುದಕ್ಕಾಗಿ ಬೋರ್‍ವೆಲ್‍ಗಳು ಎಲ್ಲೆಲ್ಲಿದೆಯೋ ಅಲ್ಲೆಲ್ಲಾ ಪಕ್ಕದಲ್ಲಿ ಗುಂಡಿ ತೆಗೆದು ನೀರು ಇಂಗಿಸುವಂತೆ ಮಾಡುವುದು, ಕೊಳಗೇರಿ ಪ್ರದೇಶ, ಆಸ್ಪತ್ರೆ, ಸಾರ್ವಜನಿಕ ಸ್ಥಳಗಳಲ್ಲಿ ಸ್ವಚ್ಚತೆ ಕೈಗೊಳ್ಳಲಾಗುವುದು.","ಬಿಲ, ಡೊಗರು, ಗುಣಿ","Hole, Pothole",Yes,a,2025-02-07 14:16:59
ಗುಂಡಿ,"ಅದರಂತೆ ಶಾಲಾ ಆಡಳಿತ ಮಂಡಳಿ, ಮುಖ್ಯೋಪಾಧ್ಯಾಯಿನಿ ಜಯಲಕ್ಷ್ಮಿ ದಾಮ್ಲೆ ಮತ್ತು ಶಿಕ್ಷಕರು ಮಕ್ಕಳಿಗೆ ಜಲ ಸಂರಕ್ಷಿಸಬೇಕಾದ ಅಗತ್ಯತೆ ಮತ್ತು ಇಂಗು ಗುಂಡಿಗಳ ಮಹತ್ವವನ್ನು ವಿವರಿಸಿದಾಗ ಮಕ್ಕಳು ಉತ್ಸಾಹದಿಂದ ಇಂಗು ಗುಂಡಿ ನರ್ಮಾಣ ಕಾರ್ಯದಲ್ಲಿ ತೊಡಗಿಕೊಂಡರು.","ಬಿಲ, ಡೊಗರು, ಗುಣಿ","Hole, Pothole",Yes,a,2025-02-07 14:16:59
ಗುಂಡಿ,ಅದು ಕೈಗಾರಿಕಾ ಪ್ರದೇಶಕ್ಕೆ ಹೋಗದಂತೆ ಮುನ್ನೆಚ್ಚರಿಕೆಯಾಗಿ ಜೆಸಿಬಿ ಮೂಲಕ ಗುಂಡಿ ತೋಡಲಾಗಿದೆ.,"ಬಿಲ, ಡೊಗರು, ಗುಣಿ","Hole, Pothole",Yes,a,2025-02-07 14:16:59
ಗುಂಡಿ,"ಹೀಗಾಗಿ ಎಕ್ಸ್‌ಯುವಿಗೆ ಹೋಲಿಸಿದಲ್ಲಿ ಕಚ್ಚಾ ರಸ್ತೆ, ಗುಂಡಿ ಹಾಗೂ ರಸ್ತೆ ಉಬ್ಬು ರಸ್ತೆಯಲ್ಲೂ ಹೆಚ್ಚು ಕುಲುಕದ ಪ್ರಯಾಣದಲ್ಲಿ ಡಸ್ಟರ್ ಮುಂದಿದೆ.","ಬಿಲ, ಡೊಗರು, ಗುಣಿ","Hole, Pothole",Yes,a,2025-02-07 14:16:59
ಗುಂಡಿ,ಜಿಲ್ಲಾಧಿಕಾರಿಗಳ ಕಚೇರಿ ಸಭಾಂಗಣದಲ್ಲಿಂದು ಸ್ಥಳಿಯ ಸಂಸ್ಥೆಗಳ ಪ್ರಗತಿ ಪರಿಶೀಲನಾ ಸಭೆ ನಡೆಸಿ ಮಾತನಾಡಿದ ಅವರು ಇತ್ತೀಚೆಗೆ ನಗರದ ಖಾಸಗಿ ಕಟ್ಟಡದ ಶೌಚಾಲಯ ಗುಂಡಿ ಸ್ವಚ್ಛ ಗೊಳಿಸುವಾಗ ಪೌರಕಾರ್ಮಿಕ ಕೋಟಯ್ಯ ಪೆದ್ದಬಾಲಯ್ಯ ಬುನಾದಿ ಮೃತಪಟ್ಟಿರುವುದು ಅತ್ಯಂತ ವಿಷಾದನೀಯ ಸಂಗತಿ.,"ಬಿಲ, ಡೊಗರು, ಗುಣಿ","Hole, Pothole",Yes,a,2025-02-07 14:16:59
ಗುಂಡಿ,Home ಕನ್ನಡ ವಾರ್ತೆಗಳು ಕರ್ನಾಟಕ 15 ದಿನದಲ್ಲಿ ಗುಂಡಿ ಮುಕ್ತವಾಗಲಿವೆ ಬೆಂಗಳೂರಿನ ರಸ್ತೆಗಳು,"ಬಿಲ, ಡೊಗರು, ಗುಣಿ","Hole, Pothole",Yes,a,2025-02-07 14:16:59
ಗುಂಡಿ,ಮಡಿಕೇರಿಯಿಂದ ತಲಕಾವೇರಿವರೆಗೆ ಗುಂಡಿ ಬಿದ್ದಿರುವ ರಸ್ತೆಯನ್ನು ಡಾಂಬರೀಕರಣ ಮಾಡಬೇಕು.,"ಬಿಲ, ಡೊಗರು, ಗುಣಿ","Hole, Pothole",Yes,a,2025-02-07 14:16:59
ಗುಂಡಿ,ಈ ಚಾರ್ಜ್ ಶೀಟ್ ನಲ್ಲಿ ನೇಪಾಳದ ಕಠ್ಮಂಡುವಿನಲ್ಲಿ ಎಲ್ಲೆಂದರಲ್ಲಿ ಹರಡಿ ಬಿದ್ದಿರುವ ಕಸದ ರಾಶಿಯ ಫೋಟೋ ಹಾಗೂ ಮಿಜೋರೋಂನ ಗುಂಡಿ ಬಿದ್ದ ರಸ್ತೆಯ ಚಿತ್ರಗಳನ್ನು ಬಳಸಿಕೊಂಡು ಬೆಂಗಳೂರಿನದ್ದೆಂದು ಬಿಂಬಿಸಿರುವುದು ಬಹಿರಂಗವಾಗುತ್ತಿದ್ದಂತೆಯೇ ಬಿಜೆಪಿ ತೀವ್ರ ಮುಜುಗರಕ್ಕೊಳಗಾಗಿದೆ.,"ಬಿಲ, ಡೊಗರು, ಗುಣಿ","Hole, Pothole",Yes,a,2025-02-07 14:16:59
ಗುಂಡಿ,"ಗಡುವಿನ ನಂತರ ತಾವೇ ಖುದ್ದಾಗಿ ರಸ್ತೆ ಗುಂಡಿ ಮುಚ್ಚಿರುವ ಬಗ್ಗೆ ಪರಿಶೀಲನೆ ನಡೆಸುತ್ತೇನೆ, ರಸ್ತೆಗುಂಡಿ ಕಾಣಿಸಿಕೊಂಡರೆ ಸಂಬಂಧಪಟ್ಟ ಮುಖ್ಯ ಎಂಜಿನಿಯರ್‌ಗಳ ವಿರುದ್ಧ ಶಿಸ್ತುಕ್ರಮ ಕೈಗೊಳ್ಳುವುದಾಗಿ ಮುಖ್ಯಮಂತ್ರಿ ಎಚ್ಚರಿಕೆ ನೀಡಿದ್ದರು.","ಬಿಲ, ಡೊಗರು, ಗುಣಿ","Hole, Pothole",Yes,a,2025-02-07 14:16:59
ಗುಂಡಿ,"ನಗರದಲ್ಲಿ ಕಸದ ಸಮಸ್ಯೆಗೆ ಒಂದು ದಿನ, ಬೀದಿ ದೀಪಗಳ ದುರಸ್ಥಿಗೆ 2 ದಿನ ಮತ್ತು ರಸ್ತೆ ಗುಂಡಿ ದೀಪ ಮುಚ್ಚಲು ವಾರದ ಗಡುವು ನಿಗದಿ ಮಾಡಲಾಗಿದೆ.","ಬಿಲ, ಡೊಗರು, ಗುಣಿ","Hole, Pothole",Yes,a,2025-02-07 14:16:59
ಗುಂಡಿ,ಚಿಕ್ಕಮಗಳೂರು ಜಿಲ್ಲೆಯ ಮೂಡಿಗೆರೆ ತಾಲೂಕಿನ ಕಳಸ ಹೋಬಳಿಯಲ್ಲಿ ರಸ್ತೆಗಳನ್ನು ನಿರ್ಮಾಣ ಮಾಡಿದ ಕೆಲವೇ ತಿಂಗಳಲ್ಲಿ ಆ ರಸ್ತೆಗಳಲ್ಲಿ ಗುಂಡಿ ಬಿದ್ದು ಹದಗೆಟ್ಟಿದೆ.,"ಬಿಲ, ಡೊಗರು, ಗುಣಿ","Hole, Pothole",Yes,a,2025-02-07 14:16:59
ಗುಂಡು,ಗಡಿ ಬೇಲಿಯ ತುಂಬಾ ಸಮೀಪಕ್ಕೆ ಬರುವ ಫೆಲೆಸ್ತೀನಿಯರ ಮೇಲೆ ಇಸ್ರೇಲಿ ಪಡೆಗಳು ಗುಂಡು ಹಾರಿಸಿವೆ.,ತುಪಾಕಿಯ ಗೋಲಿ,Bullet,Yes,Darshan R K,2025-02-07 17:06:23
ಗುಂಡು,ಗೋಡೆಯ ಮೇಲೆ ಅವರು ಗುಂಡು ಹಾರಿಸುತ್ತಾರೆ.,ತುಪಾಕಿಯ ಗೋಲಿ,Bullet,Yes,Darshan R K,2025-02-07 17:06:23
ಗುಂಡು,ಆ ದಿನ ಸಾಧ್ವಿಯೊಬ್ಬಳ ನೇತೃತ್ವದ ಮತಾಂಧರ ಗುಂಪು ಗಾಂಧೀಜಿ ಭಾವಚಿತ್ರಕ್ಕೆ ಗುಂಡು ಹಾರಿಸಿ ಗೋಡ್ಸೆಗೆ ಜಯವಾಗಲಿ ಎಂದು ಕೂಗಿ ಸಂಭ್ರಮಿಸಿತು.,ತುಪಾಕಿಯ ಗೋಲಿ,Bullet,Yes,Darshan R K,2025-02-07 17:06:23
ಗುಂಡು,ಆದರೆ ರಾತ್ರಿ 8:30 ರ ಸುಮಾರಿಗೆ ಜಾಟ್ ಸಮುದಾಯದ ಸುಮಾರು 100 ಮಂದಿ ಆ ಬಾಲಕಿಯ ಮನೆಯನ್ನು ಸುತ್ತುವರಿದು ಗುಂಡು ಹಾರಿಸಿದ್ದಾರೆ.,ತುಪಾಕಿಯ ಗೋಲಿ,Bullet,Yes,Darshan R K,2025-02-07 17:06:23
ಗುಂಡು,ಗುಂಪಿನ ಮೇಲೆ ಗುಂಡು ಹಾರಿಸಲು ಸೇನೆಗೆ ಆದೇಶಿಸುವಂತಿಲ್ಲ: ಸುಪ್ರೀಂ,ತುಪಾಕಿಯ ಗೋಲಿ,Bullet,Yes,Darshan R K,2025-02-07 17:06:23
ಗುಂಡು,"5: ಹವಾಯಿಯ ಇತಿಹಾಸ ಪ್ರಸಿದ್ಧ ಪರ್ಲ್ ಹಾರ್ಬರ್ ನೌಕಾನೆಲೆಯಲ್ಲಿ ಬುಧವಾರ ಅಮೆರಿಕದ ಯೋಧನೊಬ್ಬ ಮನಬಂದಂತೆ ಗುಂಡು ಹಾರಿಸಿ ಇಬ್ಬರನ್ನು ಹತ್ಯೆಗೈದು, ಇನ್ನೊಬ್ಬನನ್ನು ಗಾಯಗೊಳಿಸಿದ್ದಾನೆ.",ತುಪಾಕಿಯ ಗೋಲಿ,Bullet,Yes,Darshan R K,2025-02-07 17:06:23
ಗುಂಡು,ಪೊಲೀಸರ ಮೇಲೆ ಹಲ್ಲೆ : ಆರೋಪಿ ಕಾಲಿಗೆ ಗುಂಡು,ತುಪಾಕಿಯ ಗೋಲಿ,Bullet,Yes,Darshan R K,2025-02-07 17:06:23
ಗುಂಡು,"ಈತ ರ್ಯಾಂಪ್ ಸಂಗೀತಗಾರನಾಗಿದ್ದು, ಪ್ರಸ್ತುತ ಹೆಚ್ಚು ಜನಪ್ರಿಯವಾಗಿರುವ ಸಾಮಾಜಿಕ ಜಾಲತಾಣಗಳಲ್ಲಿ ದಿಢೀರ್ ಫೇಮಸ್ ಆಗಬೇಕೆಂಬ ಉದ್ದೇಶದಿಂದ ತನ್ನ ಕೆನ್ನೆಗೆ ತಾನೇ ಗುಂಡು ಹಾರಿಸಿಕೊಂಡಿದ್ದಾನೆ.",ತುಪಾಕಿಯ ಗೋಲಿ,Bullet,Yes,Darshan R K,2025-02-07 17:06:23
ಗುಂಡು,1ರಂದು ಬಿಜೆಪಿ ರಾಜ್ಯ ಕಾರ್ಯದರ್ಶಿ ಅನಿಲ್‌ ಪರಿಹಾರ್‌ ಮತ್ತು ಅವರ ಸಹೋದರ ಅಜಿತ್‌ರನ್ನು ಇದೇ ಪ್ರದೇಶದಲ್ಲಿ ಭಯೋತ್ಪಾದಕರು ಗುಂಡು ಹಾರಿಸಿ ಹತ್ಯೆಗೈದಿದ್ದರು.,ತುಪಾಕಿಯ ಗೋಲಿ,Bullet,Yes,Darshan R K,2025-02-07 17:06:23
ಗುಂಡು,ಕಾಲಿಗೆ ಗುಂಡು ತಗುಲಿದ್ದರಿಂದ ಸುಲಭವಾಗಿ ಪೊಲೀಸರಿಗೆ ಸಿಕ್ಕಿಬಿದಿದ್ದಾನೆ.,ತುಪಾಕಿಯ ಗೋಲಿ,Bullet,Yes,Darshan R K,2025-02-07 17:06:23
ಗುಂಡು,ಈ ವೇಳೆ ಹನುಮಂತಗೌಡ ತನ್ನ ಬಳಿ ಇದ್ದ ರಿವಾಲ್ವರ್ ನಿಂದ ಎರಡು ಸುತ್ತು ಗಾಳಿಯಲ್ಲಿ ಗುಂಡು ಹಾರಿಸಿದ್ದಾನೆ.,ತುಪಾಕಿಯ ಗೋಲಿ,Bullet,Yes,Darshan R K,2025-02-07 17:06:23
ಗುಂಡು,ಇಂತಹ ಸಂದರ್ಭದಲ್ಲೇ ಕ್ಷೇತ್ರದ ಕಾಣಿಕೆ ಡಬ್ಬಿಯೊಳಗೆ ಗುಂಡು ಪತ್ತೆಯಾಗಿರುವುದು ಭಕ್ತರನ್ನು ಮಾತ್ರವಲ್ಲ ಪೊಲೀಸರನ್ನೂ ಆತಂಕಕ್ಕೊಳಪಡಿಸಿದೆ.,ತುಪಾಕಿಯ ಗೋಲಿ,Bullet,Yes,Darshan R K,2025-02-07 17:06:23
ಗುಂಡು,ಬೈಕ್‌ನಲ್ಲಿದ್ದ ಬಂದಿದ್ದ ದುಷ್ಕರ್ಮಿಗಳು ಗೌರಿ ಲಂಕೇಶ್ ಅವರ ಎದೆ ಭಾಗಕ್ಕೆ ಎರಡು ಗುಂಡು ಸೇರಿ ಹಣೆ ಮತ್ತು ದೇಹಕ್ಕೆ ನಾಲ್ಕು ಗುಂಡು ಹಾರಿಸಿದ್ದಾರೆ.,ತುಪಾಕಿಯ ಗೋಲಿ,Bullet,Yes,Darshan R K,2025-02-07 17:06:23
ಗುಂಡು,"ರಾಜ್ ಕೋಟ್: ಟೀಂ ಇಂಡಿಯಾ ಆಲ್ ರೌಂಡರ್ ರವೀಂದ್ರ ಜಡೇಜಾ ವಿವಾಹ ಅದ್ಧೂರಿಯಾಗಿ ನೆರವೇರಿದ್ದು, ಸಾಂಪ್ರದಾಯದಂತೆ ಜಡೇಜಾ ಕುದುರೆ ಏರಿ ಬರುತ್ತಿದ್ದ ಸಂದರ್ಭದಲ್ಲಿ ಸಂಬಂಧಿಕನೊರ್ವ ಗಾಳಿಯಲ್ಲಿ ಗುಂಡು ಹಾರಿಸಿದ್ದು, ಕೆಲ ಕಾಲ ಆತಂಕದ ವಾತಾವರಣ ಸೃಷ್ಠಿಯಾಗಿತ್ತು.",ತುಪಾಕಿಯ ಗೋಲಿ,Bullet,Yes,Darshan R K,2025-02-07 17:06:23
ಗುಂಡು,ದುಷ್ಕರ್ಮಿಯು ಗುಂಡು ಹಾರಿಸುವ ಮೊದಲು ಜನರ ಧರ್ಮ ಯಾವುದೆಂದು ಕೇಳುತ್ತಿದ್ದನು ಎಂದು ಪ್ರತ್ಯಕ್ಷದರ್ಶಿಯೊಬ್ಬರು ತಿಳಿಸಿದರು.,ತುಪಾಕಿಯ ಗೋಲಿ,Bullet,Yes,Darshan R K,2025-02-07 17:06:23
ಗುಂಡು,"ಆರೋಪಿ ಉದ್ದೇಶಪೂರ್ವಕ್ಕಾಗಿ ಗುಂಡು ಹಾರಿಸಿದ್ದು, ಆತನ ಉದ್ದೇಶ ಏನೆಂಬುದುವುದು ತಿಳಿದು ಬಂದಿಲ್ಲ.",ತುಪಾಕಿಯ ಗೋಲಿ,Bullet,Yes,Darshan R K,2025-02-07 17:06:23
ಗುಂಡು,: ಕಾಡು ಹಂದಿ ಎಂದು ಭಾವಿಸಿ ಬಂದೂಕಿನಿಂದ ಹಾರಿಸಿದ ಗುಂಡು ಮತ್ತೋರ್ವ ಬೇಟೆಗಾರನಿಗೆ ತಗುಲಿ ಗಾಯ ಗೊಂಡು ಘಟನೆ ಭಾಗಮಂಡಲ ಪೊಲೀಸ್ ಠಾಣಾ ವ್ಯಾಪ್ತಿಯಲ್ಲಿ ನಡೆದಿದೆ.,ತುಪಾಕಿಯ ಗೋಲಿ,Bullet,Yes,Darshan R K,2025-02-07 17:06:23
ಗುಂಡು,"ಪಾಕಿಸ್ತಾನಿ ರೇಂಜರ್‍ಗಳು ಜಮ್ಮು ಮತ್ತು ಕಾಶ್ಮೀರದ ಅರ್ನಿಯಾ, ರಾಮ್‍ಗಢ್, ಸಾಂಬಾ ಮತ್ತು ಹೀರಾನಗರ್ ವಲಯಗಳಲ್ಲಿ ನಿನ್ನೆ ರಾತ್ರಿಯಿಂದ ಇಂದು ಮುಂಜಾನೆ 5 ಗಂಟೆವರೆಗೆ ಪಾಕಿಸ್ತಾನದಿಂದ ಗುಂಡು ಮತ್ತು ಷೆಲ್ ದಾಳಿಗಳು ನಡೆಯಿತು ಎಂದು ಬಿಎಸ್‍ಎಫ್ ಹಿರಿಯ ಅಧಿಕಾರಿಯೊಬ್ಬರು ತಿಳಿಸಿದ್ದಾರೆ.",ತುಪಾಕಿಯ ಗೋಲಿ,Bullet,Yes,Darshan R K,2025-02-07 17:06:23
ಗುಂಡು,ಈ ಸಂದರ್ಭದಲ್ಲಿ ಆದ ಯಡವಟ್ಟಿನಿಂದ ಮೂವರಿಗೆ ಗುಂಡು ತಗುಲಿದೆ.,ತುಪಾಕಿಯ ಗೋಲಿ,Bullet,Yes,Darshan R K,2025-02-07 17:06:23
ಗುಂಡು,ಬಳಿಕ ತನ್ನ ಬಳಿಯಿದ್ದ ಪಿಸ್ತೂಲ್‌ನಿಂದ ಸುನೈನಾ ಅವರ ತಲೆಗೆ ಗುಂಡು ಹಾರಿಸಿದ್ದಾನೆ ಎಂದು ಪೊಲೀಸರು ತಿಳಿಸಿದ್ದಾರೆ.,ತುಪಾಕಿಯ ಗೋಲಿ,Bullet,Yes,Darshan R K,2025-02-07 17:06:23
ಗುಂಡು,ಪೊಲೀಸರು ಅಲ್ಲೇ ಕಾರ್ಯ ನಿರತರಾಗಿದ್ದರೂ ಪಂಚಾಯತ್ ಚುನಾವಣೆಯಲ್ಲಿ ನಫೀಸಾ ಎಂಬಾಕೆ ಗೆಲವು ಸಾಧಿಸಿದ್ದಕ್ಕೆ ಸಮಾಜವಾದಿ ಪಕ್ಷದ ಕಾರ್ಯಕರ್ತರು ಗುಂಡು ಹಾರಿಸಿ ಸಂಭ್ರಮಾಚರಣೆ ನಡೆಸಿದ್ದರು.,ತುಪಾಕಿಯ ಗೋಲಿ,Bullet,Yes,Darshan R K,2025-02-07 17:06:23
ಗುಂಡು,ಕೂಡಲೇ ಎರಡು ಹೆಜ್ಜೆ ಮುಂದೆ ಹೋಗಿ ಮತ್ತೆ ಆತ ಕೆಳಗೆ ಬಿದ್ದು ನರಳಾಡುತ್ತಿದ್ದ ಗೌರಿ ಅವರಿಗೆ ಮತ್ತೊಂದು ಗುಂಡು ಹೊಡೆಯುತ್ತಾನೆ.,ತುಪಾಕಿಯ ಗೋಲಿ,Bullet,Yes,Darshan R K,2025-02-07 17:06:23
ಗುಂಡು,ಮಧ್ಯಾಹ್ನದ ಹೊತ್ತಿಗೆ ಬರ್ನ್ಸ್ ಇನ್ನೂ ಕಾಡಿನಲ್ಲಿ ಗುಂಡು ಹಾರಿಸುತ್ತಿದ್ದಾಗ ಅವನ ಸುತ್ತಲಿನ ಯೂನಿಯನ್ ರೆಜಿಮೆಂಟ್ಸ್ ಹಿಂತೆಗೆದುಕೊಳ್ಳಲು ಆರಂಭಿಸಿದರು.,ತುಪಾಕಿಯ ಗೋಲಿ,Bullet,Yes,Darshan R K,2025-02-07 17:06:23
ಗುಂಡು,"ದಾಸರಹಳ್ಳಿ: ಸುಲಿಗೆ, ಕೊಲೆ ಯತ್ನದಂತಹ ಗಂಭೀರ ಅಪರಾಧ ಪ್ರಕರಣಗಳಲ್ಲಿ ಭಾಗಿಯಾಗಿ ತಲೆಮರೆಸಿಕೊಂಡಿದ್ದ ಕುಖ್ಯಾತ ರೌಡಿಶೀಟರನ್ನು ಪೀಣ್ಯ ಪೊಲೀಸರು ಕಾಲಿಗೆ ಗುಂಡು ಹಾರಿಸಿ ಬಂಧಿಸಿದ್ದಾರೆ.",ತುಪಾಕಿಯ ಗೋಲಿ,Bullet,Yes,Darshan R K,2025-02-07 17:06:24
ಗುಂಡು,"ಕಾವಲು ಸೈನಿಕ ಗುಂಡು ಹಾರಿಸಲು ಆರಂಭಿಸಿದ್ದರಿಂದ, ಪಕ್ಕದ ಸೇನಾ ಶಿಬಿರದಲ್ಲಿರುವ 46 ರಾಷ್ಟ್ರೀಯ ರೈಫಲ್ಸ್‌ನ ಯೋಧರೂ ಅದೇ ದಿಕ್ಕಿನ ಕಡೆ ಗುಂಡು ಹಾರಿಸಿದರು.",ತುಪಾಕಿಯ ಗೋಲಿ,Bullet,Yes,Darshan R K,2025-02-07 17:06:24
ಗುಂಡು,ನಿಮ್ಹಾನ್ಸ್ ಆಸ್ಪತ್ರೆಗೆ ಚಿಕಿತ್ಸೆಗಾಗಿ ಬಂದಿದ್ದ ಮಾನಸಿಕ ಅಸ್ವಸ್ಥ ಕೈದಿಯೊಬ್ಬ ಗಾರ್ಡ್ ರೂಂನಲ್ಲಿದ್ದ ಬಂದೂಕು ಎತ್ತಿಕೊಂಡು ಗುಂಡು ಹಾರಿಸಿ ಕೊನೆಗೆ ಕಮಾಂಡೊ ಪೊಲೀಸರ ಗುಂಡೇಟು ಮೃತಪಟ್ಟಿದ್ದಾನೆ.,ತುಪಾಕಿಯ ಗೋಲಿ,Bullet,Yes,Darshan R K,2025-02-07 17:06:24
ಗುಂಡು,ಪೊಲೀಸರು ಚಳವಳಿಕಾರರ ಮೇಲೆ ಸಿಕ್ಕಸಿಕ್ಕಲ್ಲಿ ಗುಂಡು ಹಾರಿಸಿದ ಪ್ರಕರಣಗಳು ನಡೆದವು.,ತುಪಾಕಿಯ ಗೋಲಿ,Bullet,Yes,Darshan R K,2025-02-07 17:06:24
ಗುಂಡು,ಗುಂಡು ಹೊಡೆದರೂ ಒಬ್ಬರು ಸತ್ತಿಲ್ಲ ಎನ್ನುವ ಪೊಲೀಸ್ ಅಧಿಕಾರಿ ಇಲಾಖೆಗೆ ಅನರ್ಹ.,ತುಪಾಕಿಯ ಗೋಲಿ,Bullet,Yes,Darshan R K,2025-02-07 17:06:24
ಗುಂಡು,ಮುಸ್ಲಿಮ್ ಮತದಾರರಿದ್ದ ಬಸ್‌ಗಳ ಮೇಲೆ ಗುಂಡು,ತುಪಾಕಿಯ ಗೋಲಿ,Bullet,Yes,Darshan R K,2025-02-07 17:06:24
ಗುಂಡು,ವೇದಿಕೆಯ ಎಡಭಾಗದಲ್ಲಿದ್ದ ಗುಂಡು ನಿರೋಧಕ ಗಾಜು ಅಳವಡಿಸಿದ್ದ ಪೋಡಿಯಂ ಇದ್ದರೂ ಬಲಭಾಗದಲ್ಲಿ ಅರಳಿ ನಿಂತ ತಾವರೆಯ ಮಧ್ಯೆ ಅಳವಡಿಸಿದ್ದ ಪೋಡಿಯಂನಲ್ಲಿಯೇ ನಿಂತು ಮೋದಿ ಮಾತು ಆರಂಭಿಸಿದರು.,ತುಪಾಕಿಯ ಗೋಲಿ,Bullet,Yes,Darshan R K,2025-02-07 17:06:24
ಗುಂಡು,ಗುಂಡು ಹಾರಿಸಿ ಓಡಿ ಹೋದರು: ಕಾರು ಚಲಿಸುತ್ತಿತ್ತು.,ತುಪಾಕಿಯ ಗೋಲಿ,Bullet,Yes,Darshan R K,2025-02-07 17:06:24
ಗುಂಡು,ಸಿಆರ್ ಪಿಎಫ್ ಪಡೆಯವರು ಕೂಡ ನಾವು ಗುಂಡು ಹಾರಿಸಿಲ್ಲ ಅನ್ನುತ್ತಿದ್ದಾರೆ.,ತುಪಾಕಿಯ ಗೋಲಿ,Bullet,Yes,Darshan R K,2025-02-07 17:06:24
ಗುಂಡು,ಆದರೆ ಮೂರು ತಿಂಗಳ ಹಿಂದೆ ನೈಸ್ ರೋಡ್ ಬಳಿ ಆರೋಪಿ ಅಚ್ಯುತ್ ಕಾಲಿಗೆ ಗುಂಡು ಹಾರಿಸಿ ಆತನನ್ನು ಕೆಂಗೇರಿ ಪೊಲೀಸರು ಬಂಧಿಸಿದ್ದಾರೆ.,ತುಪಾಕಿಯ ಗೋಲಿ,Bullet,Yes,Darshan R K,2025-02-07 17:06:26
ಗುಂಡು,ಮನುಷ್ಯನ ರಕ್ತದ ರುಚಿ ಕಂಡಿರುವ ಈ ಹುಲಿ ಬೇರೆ ಪ್ರಾಣಿಗಳನ್ನು ಬಿಟ್ಟು ಮನುಷ್ಯನ ಮೇಲೆಯೇ ದಾಳಿ ಮಾಡಲು ಆರಂಭಿಸಿರುವುದರಿಂದ ಅರಣ್ಯ ಇಲಾಖೆ ಅಧಿಕಾರಿಗಳು ಸೆರೆಗೆ ಸಿಗದಿದ್ದರೆ ಗುಂಡು ಹಾರಿಸಿ ಸಾಯಿಸುವ ತೀರ್ಮಾನಕ್ಕೆ ಬಂದಂತೆ ಕಾಣುತ್ತಿದೆ.,ತುಪಾಕಿಯ ಗೋಲಿ,Bullet,Yes,Darshan R K,2025-02-07 17:06:26
ಗುಂಡು,ಗ್ಯಾಂಗ್‌ಸ್ಟರ್‌ಗಳು ಮಾಡುವ ಹತ್ಯೆಗಳ ಮಾದರಿಯಲ್ಲಿ ಗುಂಡು ಹಾರಿಸಿ ಕ್ಯಾಸ್ಟ್ರೊ ರನ್ನು ಕೊಲ್ಲುವ ಬಗ್ಗೆ ಸಿಐಎ ಯೋಚಿಸಿತ್ತು.,ತುಪಾಕಿಯ ಗೋಲಿ,Bullet,Yes,Darshan R K,2025-02-07 17:06:26
ಗುಂಡು,ಅಸಾರಾಮ್ ಬಾಪು ವಿರುದ್ಧದ ಅತ್ಯಾಚಾರ ಪ್ರಕರಣ: ಸಾಕ್ಷಿ ಮೇಲೆ ಗುಂಡು,ತುಪಾಕಿಯ ಗೋಲಿ,Bullet,Yes,Darshan R K,2025-02-07 17:06:26
ಗುಂಡು,ತಕ್ಷಣ ಉಳಿದ ಉಗ್ರರು ಭದ್ರತಾ ಪಡೆಗಳತ್ತ ಗುಂಡು ಹಾರಿಸುತ್ತಾ ವಾಯುನೆಲೆಗೆ ನುಗ್ಗಿ ಅಡಗಿ ಕುಳಿತರು.,ತುಪಾಕಿಯ ಗೋಲಿ,Bullet,Yes,Darshan R K,2025-02-07 17:06:26
ಗುಂಡು,"ಪರಶುರಾಮ್ ವಾಗ್ಮೋರೆ ಅವರ ವಿಚಾರಣೆ ನಡೆಯುತ್ತಿದ್ದು, ಆತನೇ ಗೌರಿ ಲಂಕೇಶ್ ಅವರ ಮೇಲೆ ಗುಂಡು ಹಾರಿಸಿದವ ಎಂದು ಎಸ್‌ಐಟಿ ಹೇಳುತ್ತಿದೆ.",ತುಪಾಕಿಯ ಗೋಲಿ,Bullet,Yes,Darshan R K,2025-02-07 17:06:26
ಗುಂಡು,ಈ ವೇಳೆ ಪೊಲೀಸರು ಉದ್ರಿಕ್ತರನ್ನ ಚದುರಿಸಲು ಪೊಲೀಸರು ಗಾಳಿಯಲ್ಲಿ ಗುಂಡು ಹಾರಿಸಿದ್ದರು.,ತುಪಾಕಿಯ ಗೋಲಿ,Bullet,Yes,Darshan R K,2025-02-07 17:06:26
ಗುಂಡು,ಮೊದಲಿಗೆ ಮೂವರನ್ನು ಬೆದರಿಸಲು ಗಾಳಿಯಲ್ಲಿ ಗುಂಡು ಹಾರಿಸಲಾಯಿತು.,ತುಪಾಕಿಯ ಗೋಲಿ,Bullet,Yes,Darshan R K,2025-02-07 17:06:26
ಗುಂಡು,"ಆಗ ಸ್ಥಳೀಯ ಗ್ರಾಮಸ್ಥರು ವಿರೋಧಿಸಿದಾಗ, ಅವರು ಗುಂಡು ಹಾರಿಸಿ ನಾಲ್ಕು ಮಹಿಳೆಯರು ಸೇರಿದಂತೆ ಒಂಬತ್ತು ಗ್ರಾಮಸ್ಥರ ಸಾವಿಗೆ ಕಾರಣರಾದರು.",ತುಪಾಕಿಯ ಗೋಲಿ,Bullet,Yes,Darshan R K,2025-02-07 17:06:26
ಗುಂಡು,ಆ ಸ್ಥಳವನ್ನು ಯೋಧರು ಸುತ್ತುವರೆದಾಗ ಅಡಗಿದ್ದ ಉಗ್ರರು ಗುಂಡು ಹಾರಿಸಿದರು.,ತುಪಾಕಿಯ ಗೋಲಿ,Bullet,Yes,Darshan R K,2025-02-07 17:06:26
ಗುಂಡು,ರೆಸಾರ್ಟ್ ನಲ್ಲಿ ಗಾಳಿಯಲ್ಲಿ ಗುಂಡು ಹಾರಿಸಿದ ಇಬ್ಬರು ವ್ಯಕ್ತಿಗಳ ಬಂಧನ,ತುಪಾಕಿಯ ಗೋಲಿ,Bullet,Yes,Darshan R K,2025-02-07 17:06:26
ಗುಂಡು,"ಭಾರತದ ಸೇನೆಗೆ ಮಾತ್ರವಲ್ಲದೇ, 100 ದೇಶಗಳಿಗೂ ಸಂಸ್ಥೆ ಗುಂಡು ನಿರೋಧಕ ಜಾಕೆಟ್‌ಗಳನ್ನು ತಯಾರಿಸಿ ಕೊಡುತ್ತಿದೆ.",ತುಪಾಕಿಯ ಗೋಲಿ,Bullet,Yes,Darshan R K,2025-02-07 17:06:26
ಗುಂಡು,ನಂತರ ಅತ್ಯಾಧುನಿಕ ಶಸ್ತ್ರಾಸ್ತ್ರಗಳಿಂದ ಮನಬಂದಂತೆ ಗುಂಡು ಹಾರಿಸಿ ನರಮೇಧ ನಡೆಸಿದ್ದರು.,ತುಪಾಕಿಯ ಗೋಲಿ,Bullet,Yes,Darshan R K,2025-02-07 17:06:26
ಗುಂಡು,ಆರೋಪಿಗಳನ್ನು ಪೊಲೀಸರು ತಮ್ಮ ವಶಕ್ಕೆ ಪಡೆ ಯುವುದಕ್ಕೂ ಮುನ್ನ ಪೊಲೀಸರು ಆರೋಪಿಗಳು ಕುಳಿತಿದ್ದ ಕಾರಿನತ್ತ ನಾಲ್ಕೈದು ಬಾರಿ ಗುಂಡು ಹಾರಿಸುವ ಮೂಲಕ ಆರೋಪಿಗಳು ಇಳಿದು ಪರಾರಿ ಯಾಗದಂತೆ ಭಯ ಹುಟ್ಟಿಸಿದ್ದರು.,ತುಪಾಕಿಯ ಗೋಲಿ,Bullet,Yes,Darshan R K,2025-02-07 17:06:26
ಗುಂಡು,ಮದುವೆಯಾದ ದಿನದಂದು ಸ್ವಲ್ಪ ಹೆಚ್ಚೂ ಕಡಿಮೆ ಗುಂಡು ಗುಂಡಾಗಿದ್ದ ಚಂದ್ರನು ರಾತ್ರಿಯೆಲ್ಲಾ ಕಾಣಿಸಿಕೊಂಡರೆ ಮದುವೆ ವಾರ್ಷಿಕೋತ್ಸವ ಆಚರಿಸಿಕೊಂಡ ಈ ದಿವಸ ಚಂದ್ರನು ಕಾಣಿಸಿಕೊಳ್ಳದ ಅಮಾವಾಸ್ಯೆಯಾಗಿತ್ತು.,ದುಂಡನೆಯ,Circular,Yes,Darshan R K,2025-02-07 15:22:35
ಗುಂಡು,ಜೋಳದ ಕಾಳಿನ ಗಾತ್ರದ ಚಿನ್ನದ ಗುಂಡು ಬಿತ್ತು!,ದುಂಡನೆಯ,Circular,Yes,Darshan R K,2025-02-07 15:22:36
ಗುಂಡು,"ಗಳು ಎರಡು ಚಿನ್ನ ಬಳೆಗಳು 22 ಗ್ರಾಂ, ಎರಡು ಜೊತೆ ಚಿನ್ನದಓಲೆಗಳು, ಒಂದು ಜೊತೆ ಚಿನ್ನ -ಮುತ್ತಿನ ಓಲೆ ಎಲ್ಲಾ ಸೇರಿ 16 ಗ್ರಾಂ ಎರಡು ಚಿನ್ನದ ಉಂಗುರಗಳು ಸುಮಾರು ಗ್ರಾಂ, ಒಂದು ಚಿನ್ನದ ಮಾಟಿ ಸುಮಾರು 3 ಗ್ರಾಂ, ಒಂದು ಜೊತೆ ಚಿನ್ನದ ಡಿಂಗ್ ಡಾಂಗ್ ಗುಂಡು ಸುಮಾರು 3 ಗ್ರಾಂ, ಮಕ್ಕಳ ಚಿನ್ನದ ಎರಡು ಉಂಗುರಗಳು 2 ಗ್ರಾಂ, ಮತ್ತು ಬೆಳ್ಳಿಯ ಗಣಪತಿ ಇರುವ ನಾಣ್ಯಗಳು ಎರಡು ಜೊತೆ ಕಾಲು ಚೈನ್ ಒಟ್ಟು 60 ಗ್ರಾಂಗಳು, ಅಂದಾಜು ಬೆಲೆ 1,50,000ರೂ.",ದುಂಡನೆಯ,Circular,Yes,Darshan R K,2025-02-07 15:22:36
ಗುಂಡು,ಸರ್ಕಾರಿ ಐಬಿಯಲ್ಲಿ ಹಾಸನ ತಹಶೀಲ್ದಾರ್​ಗಳ ಗುಂಡು ತುಂಡು ಪಾರ್ಟಿ,ದುಂಡನೆಯ,Circular,Yes,Darshan R K,2025-02-07 15:22:36
ಗುಂಡು,"ದಷ್ಟ ಪುಷ್ಟ ವ್ಯಕ್ತಿಗಳು, ಗಿಡ್ಡ ವ್ಯಕ್ತಿಗಳು ತಮ್ಮ ತಮ್ಮ ತಾಕತ್ತನ್ನು ಗುಂಡು ಎತ್ತುವುದರ ಮೂಲಕ ತೋರಿಸಿದರು.",ದುಂಡನೆಯ,Circular,Yes,Darshan R K,2025-02-07 15:22:36
ಗುಂಡು,"ಇಂದು ಸಮಾರೋಪ: ಕ್ರೀಡಾಕೂಟದಲ್ಲಿ 100 ಮೀ, 200 ಮೀ, 400 ಮೀ, 1500ಮೀ, 3000ಮೀ ಓಟ ಸ್ಪರ್ಧೆಗಳು, ಎತ್ತರ ಜಿಗಿತ, ಉದ್ದ ಜಿಗಿತ, ಡಿಸ್ಕಸ್ ಎಸೆತ, ಗುಂಡು ಎಸೆತ, ಹಗ್ಗ ಜಗ್ಗಾಟ, ಹರ್ಡಲ್ಸ ಓಟ, 4ಘಿ100 ಮೀ ರಿಲೆ ಮೊದಲಾದ ಸ್ಪರ್ಧೆಗಳನ್ನು ವಿದ್ಯಾರ್ಥಿಗಳಿಗೆ ಆಯೋಜಿಸಲಾಗಿದ್ದು, ಗುರುವಾರ ಸಂಜೆ ನಡೆಯಲಿರುವ ಸಮಾರೋಪ ಸಮಾರಂಭದಲ್ಲಿ ಅಂತರಾಷ್ಟ್ರೀಯ ಕ್ರೀಡಾಪಟು ಅರ್ಜುನ್ ದೇವಯ್ಯ ಮುಖ್ಯ ಅತಿಥಿಗಳಾಗಿ ಆಗಮಿಸಲಿದ್ದಾರೆ.",ದುಂಡನೆಯ,Circular,Yes,Darshan R K,2025-02-07 15:22:36
ಗುಂಡು,ಅವರ ಕಣ್ಣು ಗುಂಡು ಗುಂಡಾಗಿದ್ದ ವಿಧವೆಯ ಮೇಲೆ ನೆಟ್ಟಿತ್ತು.,ದುಂಡನೆಯ,Circular,Yes,Darshan R K,2025-02-07 15:22:36
ಗುಂಡು,"ತಂತಿ ಬೇಲಿ: ಜಿಲ್ಲೆಯಲ್ಲಿರುವ ಗೋಮಾಳ, ಸ್ಮಶಾನ, ಕೆರೆ ಅಂಗಳ, ಗುಂಡು ತೋಪು ಸೇರಿದಂತೆ ಸರ್ಕಾರಿ ಆಸ್ತಿಗಳ ಬಗ್ಗೆ ತಹಶೀಲ್ದಾರ್‌ ಸರ್ವೇ ಮಾಡಿ ತಾ.",ದುಂಡನೆಯ,Circular,Yes,Darshan R K,2025-02-07 15:22:36
ಗುಂಡು,ಬೀಳಗಿ: ತಾಲ್ಲೂಕಿನ ಬಾಡಗಿ ಹಾಗೂ ಬೂದಿಹಾಳ ಗ್ರಾಮಗಳಿಗೆ ಬಸ್‌ನಲ್ಲಿ ಹೋಗುತ್ತಿರುವಾಗ ಬೇರೆ ಬೇರೆ ಸೈಜಿನ ಗುಂಡು ಕಲ್ಲುಗಳನ್ನು ಗುಡ್ಡದೋಪಾದಿಯಲ್ಲಿ ಪೇರಿಸಿಟ್ಟ ದೃಶ್ಯ ಪ್ರಯಾಣಿಕರಿಗೆ ಕಾಣಿಸುತ್ತದೆ.,ದುಂಡನೆಯ,Circular,Yes,Darshan R K,2025-02-07 15:22:36
ಗುಂಡು,"ಪುರುಷರಿಗಾಗಿ 100ಮೀ ಓಟ,ಗುಂಡು ಎಸೆತ, ಚೆಸ್, ವಾಲಿಬಾಲ್, ಕೇರಂ ಸಿಂಗಲ್ಸ್ ಮತ್ತು ಡಬಲ್ಸ್, 40ವರ್ಷ ಮೇಲ್ಪಟ್ಟ ಪುರುಷರಿಗೆ ಮಡಿಕೆ ಒಡೆಯುವುದು, ಗುಂಡು ಎಸೆತ, ಮಹಿಳೆಯರಿಗೆ 100 ಮೀಟರ್ ಓಟ, ರಿಂಗ್ ಎಸೆಯುವುದು, ಥ್ರೋ ಬಾಲ್, ಮ್ಯೂಸಿಕಲ್ ಚೇರ್, ಕೇರಂ ಸಿಂಗಲ್,40 ವರ್ಷ ಮೇಲ್ಪಟ್ಟ ಮಹಿಳೆಯರಿಗೆ ಮಡಿಕೆ ಒಡೆಯುವುದು, ಹಗ್ಗ ಜಗ್ಗಾಟ ಕ್ರೀಡೆಗಳನ್ನು ಆಯೋಜಿಸಲಾಗಿತ್ತು.",ದುಂಡನೆಯ,Circular,Yes,Darshan R K,2025-02-07 15:22:36
ಗುಂಡು,"ಜಿಲ್ಲಾ ಘಟಕ ಅಧ್ಯಕ್ಷ ಮರಗಲ್ ಶ್ರೀನಿವಾಸ್ ಮಾತನಾಡಿ, ಗ್ರಾಮಗಳ ವ್ಯಾಪ್ತಿಯ ಗುಂಡು ತೋಪು, ಖರಾಬು, ಗೋಮಾಳದ ಸರ್ಕಾರಿ ಜಮೀನಿನ ರಕ್ಷಣೆ ಅಧಿಕಾರಿಗಳ ಹೊಣೆ.",ದುಂಡನೆಯ,Circular,Yes,Darshan R K,2025-02-07 15:22:36
ಗುಂಡು,"ವೈದ್ಯ ಪೋಲ್ ವಾಲ್ಟ್‍ನಲ್ಲಿ ಪ್ರಥಮ, ಅಂಕಿತ್ ಪೈ ದ್ವಿತೀಯ, ಮಹಮ್ಮದ್ ತನ್ಸಿಫ್, ದೇವೇಂದ್ರ ಖಾರ್ವಿ ಗುಡ್ಡಗಾಡು ಓಟದಲ್ಲಿ ತೃತೀಯ ಮತ್ತು ಚತುರ್ಥ, ಫರ್ದಿನ್ ಚಕ್ರ ಎಸೆತ, ಗುಂಡು ಎಸೆತ ದ್ವಿತೀಯ, ಹ್ಯಾಮರ್ ಥ್ರೋದಲ್ಲಿ ತೃತಿಯ ಸ್ಥಾನವನ್ನು ಗಳಿಸಿದ್ದಾನೆ.",ದುಂಡನೆಯ,Circular,Yes,Darshan R K,2025-02-07 15:22:36
ಗುಂಡು,ಈ ಹಂತದ ಕೋವಿಮದ್ದಿನ ಸಂಪೂರ್ಣ ಉಷ್ಣ ವಿಕಸನದ ಗುಂಡು ಕೊಳವೆಯ ಚಾನಲ್ ಗೋಚರಕ್ಕೆ ತನಕ ಇರುತ್ತದೆ.,ದುಂಡನೆಯ,Circular,Yes,Darshan R K,2025-02-07 15:22:36
ಗುಂಡು,"ಗುಂಡು ಎಸೆತ: ಕಾರ್ಕಳದ ಸರ್ಕಾರಿ ಪಾಲಿಟೆಕ್ನಿಕ್‌ನ ಸುಚಿತ್ರಾ (ಪ್ರಥಮ), ಭದ್ರಾವತಿಯ ಸರ್ಕಾರಿ ಪಾಲಿಟೆಕ್ನಿಕ್‌ನ ಮುಕಾಂಬಿಕೆ (ದ್ವಿತೀಯ) ಹಾಗೂ ನಿಟ್ಟೆಯ ಎನ್.",ದುಂಡನೆಯ,Circular,Yes,Darshan R K,2025-02-07 15:22:36
ಗುಂಡು,ಕೇತೂಳ ಬಾಯಿ ಅವನ ತುಣ್ಣೆಯ ಮೂಂದೊಗಲು ಸರಿಸಿ ಆ ಮೆತ್ತನೆಯ ಗುಂಡು ತಲೆಯನ್ನು ಹಲ್ಲಿನ ಮಧ್ಯೆ ಕಚ್ಚಿ ಇವನು ಸೀಟಿನಲ್ಲೇ ಎಗರುವಂತೆ ಮಾಡಿತು.,ದುಂಡನೆಯ,Circular,Yes,Darshan R K,2025-02-07 15:22:36
ಗುಂಡು,ಗುಂಡು ಎಸೆತ: ಪ್ರಥಮ– ಸಿ.,ದುಂಡನೆಯ,Circular,Yes,Darshan R K,2025-02-07 15:22:36
ಗುಂಡು,"ತಿರುವನಂತಪುರದ ಪೞಙಾಡಿ, ಕೊಟ್ಟಾರಕರ, ವಾಳಪ್ಪಳ್ಳಿ ಮೊದಲಾದೆಡೆಗಳಲ್ಲಿನ ಗಣಪತಿ ದೇವಾಲಯಗಳಲ್ಲಿನ ಅಪ್ಪಂನೈವೆದ್ಯಂ (ಒಂದು ತೆರನ ಸಿಹಿ ಗುಂಡು ಪೊಂಗಲ್) ವಿಶೇಷವಾದದ್ದು.",ದುಂಡನೆಯ,Circular,Yes,Darshan R K,2025-02-07 15:22:36
ಗುಂಡು,"ಆಗಿನಿಂದಲೇ ಶಾಲಾ ಮಟ್ಟದಲ್ಲಿ ಕಬಡ್ಡಿ, ಗುಂಡು ಎಸೆತ, ಓಟದ ಸ್ಪರ್ಧೆಗಳಲ್ಲಿ ಪ್ರಶಸ್ತಿಗಳನ್ನು ಪಡೆದಿದ್ದಾರೆ.",ದುಂಡನೆಯ,Circular,Yes,Darshan R K,2025-02-07 15:22:36
ಗುಂಡು,ಆ ಗುಂಡು ಮೂರ್ತಿಗೆ ತಾಗಿದ್ದು ಅಂದಿನಿಂದ ಈ ಮೂರ್ತಿಯ ಕುತ್ತಿಗೆ ಎಡಗಡೆಗೆ ತಿರುಗಿದೆ ಎನ್ನುತ್ತಾರೆ.,ದುಂಡನೆಯ,Circular,Yes,Darshan R K,2025-02-07 15:22:36
ಗುಂಡು,ಮಲ್ಲನು ನೆರೆಗಲಿ ವಜ್ರದ ಗುಂಡು ||೨೧||೩,ದುಂಡನೆಯ,Circular,Yes,Darshan R K,2025-02-07 15:22:36
ಗುಂಡು,"ಗುಂಡು ಮುಖ, ಸಾಧಾರಣ ಮೈಕಟ್ಟು, ಎಣ್ಣೆಗೆಂಪು ಮೈಬಣ್ಣ ಹೊಂದಿದ್ದು ನೀಲಿ ಬಣ್ಣದ ಜೀನ್ಸ್ ಪ್ಯಾಂಟ್, ಚೆಕ್ಸ್ ಕಾಪಿ ಕಲರ್ ಶರ್ಟ್ ಧರಿಸಿರುತ್ತಾರೆ.",ದುಂಡನೆಯ,Circular,Yes,Darshan R K,2025-02-07 15:22:36
ಗುಡುಗು,ಎಸ್ ಯಡಿಯೂರಪ್ಪ ಅವರ ಬಗ್ಗೆ ಮಾತನಾಡುತ್ತಾ ಮೊದಲಿನ ಯಡಿಯೂರಪ್ಪ ಈಗ ಇಲ್ಲ ಮೊದಲೆಲ್ಲ ಯಡಿಯೂರಪ್ಪ ಮಾತನಾಡಿದರೆ ಗುಡುಗು-ಮಿಂಚು ಎಂಬ ಮಾತುಗಳು ಬರುತ್ತಿತ್ತು ಆದರೆ ಈಗ ಯಡಿಯೂರಪ್ಪನನ್ನು ನೋಡಿದರೆ ಗುಡುಗು ಇಲ್ಲ ಮಿಂಚೂ ಇಲ್ಲಾ ಎಂದು ವಿಧಾನಸೌಧದಲ್ಲಿ ಮಾತನಾಡಿದರು.,ಆರ್ಭಟ,uproar,Yes,k,2025-02-02 07:23:10
ಗುಡುಗು,ಜಮ್ಮು ಕಾಶ್ಮೀರ ಚೇತರಿಸಿಕೊಳ್ಳಲು ಸಮಯ ಬೇಡವೇ – ರಾಹುಲ್ ವಿರುದ್ಧ ಮಾಯಾವತಿ ಗುಡುಗು,ಆರ್ಭಟ,uproar,Yes,k,2025-02-02 07:23:10
ಗುಡುಗು,"ನಮಗೆ ದೇಶ ಮೊದಲು, ನಂತ್ರ ವೋಟ್ ಬ್ಯಾಂಕ್: ಮಮತಾ ವಿರುದ್ಧ ಶಾ ಗುಡುಗು",ಆರ್ಭಟ,uproar,Yes,k,2025-02-02 07:23:10
ಗುಡುಗು,"ಪರಭಾಷೆ ಚಿತ್ರಗಳ ವಿರುದ್ಧ ಸಿದ್ಲಿಂಗು, ಕೋ ಕೋ ಗುಡುಗು",ಆರ್ಭಟ,uproar,Yes,k,2025-02-02 07:23:10
ಗುಡುಗು,ಸಿಎಂ ವಿರುದ್ಧ ಏಕವಚನದಲ್ಲಿ ಗುಡುಗು,ಆರ್ಭಟ,uproar,Yes,k,2025-02-02 07:23:10
ಗುಡುಗು,ನಾವು ಪಕ್ಷಕ್ಕೆ ಹಿಂದಿರುಗುವ ಪ್ರಶ್ನೆಯೇ ಇಲ್ಲ: ಅತೃಪ್ತರ ಪರ ವಿಶ್ವನಾಥ್ ಗುಡುಗು,ಆರ್ಭಟ,uproar,Yes,k,2025-02-02 07:23:10
ಗುಡುಗು,ಇದನ್ನೂ ಓದಿ: ಸೋಲಿನ ಭಯದಲ್ಲಿ ಕೇಂದ್ರದಿಂದ ಐಟಿ ರೇಡ್: ಮೈತ್ರಿ ಪಕ್ಷಗಳ ನಾಯಕರ ಗುಡುಗು,ಆರ್ಭಟ,uproar,Yes,k,2025-02-02 07:23:10
ಗುಡುಗು,"ನಾಚಿಕೆ ಆಗ್ಬೇಕು, ನಿಮ್ಮ ವಿರುದ್ಧ ಕಾನೂನು ಸಮರ: ಬ್ರಿಜೇಶ್ ಕಾಳಪ್ಪ ವಿರುದ್ಧ ಸೋಮ್ ದತ್ತಾ ಗುಡುಗು",ಆರ್ಭಟ,uproar,Yes,k,2025-02-02 07:23:10
ಗುಡುಗು,ಡ್ರೀಮ್ ಮಾಡುವಾಗ ಗುಡುಗು ಕೇಳಲು ಕೋಪ ಅಥವಾ ಆಕ್ರಮಣಗಳ ಹಿಂಸಾತ್ಮಕ ಪ್ರಕೋಪವನ್ನು ಸೂಚಿಸುತ್ತದೆ.,ಆರ್ಭಟ,uproar,Yes,k,2025-02-02 07:23:10
ಗುಡುಗು,ಸರ್ಕಾರದ ವಿರುದ್ಧ ಎಚ್ಡಿಕೆ ಗುಡುಗು,ಆರ್ಭಟ,uproar,Yes,k,2025-02-02 07:23:10
ಗುಡುಗು,ನಿಮಿಷ ಕಳೆದರೂ ಸದನಕ್ಕೆ ಬಾರದ ಆಡಳಿತ ಸದಸ್ಯರು : ಕೋಟ್ ಶ್ರಿÃನಿವಾಸ್ ಗುಡುಗು,ಆರ್ಭಟ,uproar,Yes,k,2025-02-02 07:23:10
ಗುಡುಗು,2019ರ ಲೋಕಸಭಾ ಚುನಾವಣೆಯಲ್ಲಿ ಮೋದಿ ಮುಕ್ತ ಭಾರತ: ಮುಂಬೈನ ಶಿವಾಜಿ ಪಾರ್ಕ್​ನಲ್ಲಿ ರಾಜ್​ ಠಾಕ್ರೆ ಗುಡುಗು,ಆರ್ಭಟ,uproar,Yes,k,2025-02-02 07:23:10
ಗುಡುಗು,"ಸಿದ್ದರಾಮಯ್ಯ ಗುಡುಗು : ಯಡಿಯೂರಪ್ಪನಂಥ ಭಂಡ, ಢೋಂಗಿ, ಮಹಾನ್ ಸುಳ್ಳುಗಾರ, ಸೋಗಲಾಡಿ ಮುಖ್ಯಮಂತ್ರಿಯನ್ನು ನೋಡಿಲ್ಲ, ನೋಡಲೂ ಸಾಧ್ಯವಿಲ್ಲ.",ಆರ್ಭಟ,uproar,Yes,k,2025-02-02 07:23:10
ಗುಡುಗು,"ರಸ್ತೆ, ರಸ್ತೆಗಳಲ್ಲಿ ಸಿಎಂ, ಸಚಿವರ ಮಾನ ಹರಾಜು ಹಾಕ್ತೇನೆ: ಯಡ್ಡಿ ಗುಡುಗು",ಆರ್ಭಟ,uproar,Yes,k,2025-02-02 07:23:10
ಗುಡುಗು,ಕಾಶ್ಮಿರ ಯಾವತ್ತೂ ಫಾಕಿಸ್ತಾನದ ಭಾಗವಾಗುವುದಿಲ್ಲ: ಸುಷ್ಮಾ ಸ್ವರಾಜ್ ಗುಡುಗು,ಆರ್ಭಟ,uproar,Yes,k,2025-02-02 07:23:10
ಗುಡುಗು,ಯಡಿಯೂರಪ್ಪ ವಿರುದ್ಧ ಸಿಎಂ ಗುಡುಗು,ಆರ್ಭಟ,uproar,Yes,k,2025-02-02 07:23:10
ಗುಡುಗು,ಎಂಬ ಮೂರಕ್ಷಗಳ ಗುಡುಗು ಹೆದರಿದ ವಿದ್ಯಾರ್ಥಿಗಳ ಧೈರ್ಯವನ್ನೆಲ್ಲ ದ್ರವೀಕರಿಸುತ್ತಿತ್ತು.,ಆರ್ಭಟ,uproar,Yes,k,2025-02-02 07:23:10
ಗುಡುಗು,ರೇವಣ್ಣ ಆರೋಪ – ಬಿಜೆಪಿ ಸರ್ಕಾರದ ವಿರುದ್ಧ ಗುಡುಗು,ಆರ್ಭಟ,uproar,Yes,k,2025-02-02 07:23:10
ಗುಡುಗು,ವಿಧಾನಸಭೆಯಲ್ಲಿ ಗುಡುಗು ಹಾಕುತ್ತಿದ್ದ ಇವರು ಸ್ವಕ್ಷೇತ್ರದ ಕಡೆಗೆ ಕಿಂಚತ್ತು ಕಾಳಜಿ ಇರಲಿಲ್ಲ.,ಆರ್ಭಟ,uproar,Yes,k,2025-02-02 07:23:10
ಗುಡುಗು,ದೇವಯ್ಯ ಗರಂ : ನಿಮ್ಮನ್ನು ಗೆಲ್ಲಿಸಿ ಕಳುಹಿಸಿದ್ದೇ ದುರಂತವೆಂದು ಗುಡುಗು,ಆರ್ಭಟ,uproar,Yes,k,2025-02-02 07:23:10
ಗುಡುಗು,ಮೌನಕ್ಕೆ ಜಾರಿದ ಸಿಎಂ-ಇತ್ತ ಕನಕಪುರ ಬಂಡೆಯ ಗುಡುಗು !,ಆರ್ಭಟ,uproar,Yes,k,2025-02-02 07:23:10
ಗುಡುಗು,ಮತ್ತೆ ಸಿಎಂ ವಿರುದ್ಧ ಯತ್ನಾಳ ಗುಡುಗು,ಆರ್ಭಟ,uproar,Yes,k,2025-02-02 07:23:10
ಗುಡುಗು,ಮಿಂಚಿನ ಬೋಲ್ಟ್ ನಂತೆ ಸ್ಫೂರ್ತಿ ಗುಡುಗು ದೇವರು ಹಿಟ್.,ಆರ್ಭಟ,uproar,Yes,k,2025-02-02 07:23:10
ಗುಡುಗು,"ರಾಜ್ಯದಲ್ಲಿ ಮಳೆಗಾಳಿಯ ಅಬ್ಬರ ತಣ್ಣಗಿದ್ದರೂ, ಇಪ್ಪತ್ತ ಮೂರು ದಿನಗಳ ಈ ಅಧಿವೇಶನದಲ್ಲಿ ಪ್ರತಿಪಕ್ಷಗಳು ಮಿಂಚು ಗುಡುಗು ಹರಿಸುವ ನಿರೀಕ್ಷೆಯಿದೆ.",ಆರ್ಭಟ,uproar,Yes,k,2025-02-02 07:23:10
ಗುಡುಗು,ಇದನ್ನೂ ಓದಿ: ಅಧಿಕಾರ ಇಲ್ಲ ಅಂದ ಮಾತ್ರಕ್ಕೆ ಪಕ್ಷವನ್ನು ಮುಗಿಸಲು ಸಾಧ್ಯವಿಲ್ಲ; ದೇವೇಗೌಡ ಗುಡುಗು,ಆರ್ಭಟ,uproar,Yes,k,2025-02-02 07:23:10
ಗುಡುಗು,ಆಪ್ ಸಿದ್ಧಾಂತ ತ್ಯಜಿಸುವ ಬದಲು ಸಾಯಲೂ ಸಿದ್ಧ: ಕೇಜ್ರಿ ಗುಡುಗು,ಆರ್ಭಟ,uproar,Yes,k,2025-02-02 07:23:10
ಗುಡುಗು,ಸಿದ್ದು ನೀಚ ಸಿಎಂ-ನೀಚನನ್ನು ಬೆಳೆಸಿದ್ದು ನನ್ನ ತಪ್ಪು : ದೇವೇಗೌಡ ಗುಡುಗು,ಆರ್ಭಟ,uproar,Yes,k,2025-02-02 07:23:10
ಗುಡುಗು,ಸಾರ್ವಜನಿಕವಾಗಿ ಕ್ಷಮೆ ಕೇಳಿದ್ರೂ ನಾನು ತಾರ್ಕಿಕ ಅಂತ್ಯ ಸಿಗೋವರೆಗೆ ಹೋರಾಡ್ತೀನಿ: ಶೃತಿ ಗುಡುಗು,ಆರ್ಭಟ,uproar,Yes,k,2025-02-02 07:23:10
ಗುಡುಗು,"ನಾವೇನು ಮಾಡ್ತೀವಿ ಅಂತ ಹೇಳಲ್ಲ, ಕಾದು ನೋಡಿ: ದುನಿಯಾ ವಿಜಿ ಗುಡುಗು",ಆರ್ಭಟ,uproar,Yes,k,2025-02-02 07:23:10
ಗುಡುಗು,ಮುಂದೆ ಏನೆಲ್ಲಾ ಆಗುತ್ತೆ ಕಾದುನೋಡಿ- ಸಿದ್ದು ಭೇಟಿ ಬಳಿಕ ಶಾಸಕ ಎಂಟಿಬಿ ಗುಡುಗು,ಆರ್ಭಟ,uproar,Yes,k,2025-02-02 07:23:10
ಗುಡುಗು,ಪಿಕ್ಚರ್ ಅಭಿ ಬಾಕಿ ಹೈ – ಭ್ರಷ್ಟಾಚಾರಿಗಳ ವಿರುದ್ಧ ಮೋದಿ ಗುಡುಗು,ಆರ್ಭಟ,uproar,Yes,k,2025-02-02 07:23:10
ಗುಡುಗು,ಸಂಸದೆ ಶಾಂತಾ ಗುಡುಗು,ಆರ್ಭಟ,uproar,Yes,k,2025-02-02 07:23:10
ಗುಡುಗು,[ ದೇಗುಲದ ವಿರುದ್ಧ ಮೋದಿ ಗುಡುಗು ],ಆರ್ಭಟ,uproar,Yes,k,2025-02-02 07:23:11
ಗುಡುಗು,ನೈಸ್ ವಿರುದ್ಧ ಮತ್ತೆ ದೇವೇಗೌಡರ ಗುಡುಗು,ಆರ್ಭಟ,uproar,Yes,k,2025-02-02 07:23:11
ಗುಡುಗು,ನೀವ್ಯಾರೂ ದೇವನಿಗಿಂತ ಮೇಲಲ್ಲ: ಬಿಸಿಸಿಐ ವಿರುದ್ಧ ಶ್ರೀಶಾಂತ್ ಗುಡುಗು,ಆರ್ಭಟ,uproar,Yes,k,2025-02-02 07:23:11
ಗುಡುಗು,ಅಮೇರಿಕದ ಹ್ಯೂಸ್ಟನ್ ನಲ್ಲಿ ಮೋಡಿ ಮಾಡಿದ ಮೋದಿ : ಭಯೋತ್ಪಾದನೆ ಅದರ ಬೆಂಬಲಿಗರ ವಿರುದ್ಧ ಹೋರಾಟ ; ಪಾಕ್ ವಿರುದ್ಧ ಗುಡುಗು,ಆರ್ಭಟ,uproar,Yes,k,2025-02-02 07:23:11
ಗುಡುಗು,ಕೇಂದ್ರದ ವಿರುದ್ಧ ಗುಡುಗು,ಆರ್ಭಟ,uproar,Yes,k,2025-02-02 07:23:11
ಗುಡುಗು,ಹಿಂದಿನ ಅಧ್ಯಕ್ಷ ಒಬಾಮ ಆಗಾಗ ಸಿರಿಯಾ ವಿರುದ್ಧ ಗುಡುಗು ಹಾಕುಧಿತ್ತಿದ್ದರೂ ದಾಳಿ ನಡೆಸುವ ಸಾಹಸಕ್ಕೆ ಮುಂದಾಗಿರಲಿಲ್ಲ.,ಆರ್ಭಟ,uproar,Yes,k,2025-02-02 07:23:11
ಗುಡುಗು,"ಮೋದಿ, ಬಿಎಸ್‍ವೈಯನ್ನು ಮತ್ತೆ ಹೊಗಳಿ ಗೌಡ್ರ ಕುಟುಂಬದ ವಿರುದ್ಧ ಜಿಟಿಡಿ ಗುಡುಗು",ಆರ್ಭಟ,uproar,Yes,k,2025-02-02 07:23:11
ಗುಡುಗು,"ನನ್ ತಂಟೆಗೆ ಬಂದ್ರೆ ಸುಮ್ನೆ ಬಿಡಲ್ಲ, ಭೀಮಾ ತೀರದಲ್ಲಿ ಮತ್ತೆ ಹಂತಕರ ಗುಡುಗು",ಆರ್ಭಟ,uproar,Yes,k,2025-02-02 07:23:11
ಗುಡುಗು,"ಹವಾಮಾನ ಕಚ್ಚುವಿಕೆ ಬದಲಾವಣೆ ಮೊದಲು ಗುಡುಗು ಅದರ ಬಲಪಡಿಸುವ ಆಚರಿಸಲಾಗುತ್ತದೆ ಸಮಯದಲ್ಲಿ, ದುರ್ಬಲಗೊಳಿಸುತ್ತದೆ.",ಮೇಘಗರ್ಜನೆ,Thunder,Yes,k,2025-02-02 07:10:50
ಗುಡುಗು,ಗುಡುಗು ಸಿಡಿಲು ಕಾರ್ಗತ್ತಲು,ಮೇಘಗರ್ಜನೆ,Thunder,Yes,k,2025-02-02 07:10:50
ಗುಡುಗು,"ಸಂಜೆ ವೇಳೆ ಭಾರಿ ಬಿರುಗಾಳಿ, ಗುಡುಗು ಮಿಂಚಿನ ಆರ್ಭಟ ಶುರುವಾಯಿತು.",ಮೇಘಗರ್ಜನೆ,Thunder,Yes,k,2025-02-02 07:10:50
ಗುಡುಗು,ಗುಡುಗು ಕಾಲದಲ್ಲಿ ಸರಿಯಾದ ನಡವಳಿಕೆ ವಾಸ್ತವವಾಗಿ ಕೆಲವೊಮ್ಮೆ ಜೀವನ ಮತ್ತು ಮರಣದ ಬಗ್ಗೆ ನಿರ್ಧರಿಸುತ್ತದೆ.,ಮೇಘಗರ್ಜನೆ,Thunder,Yes,k,2025-02-02 07:10:50
ಗುಡುಗು,"ಮಹಾನಗರ: ಅರಬ್ಬಿ ಸಮುದ್ರದಲ್ಲಿ ವಾಯುಭಾರ ಕುಸಿತ ಉಂಟಾದ ಪರಿಣಾಮದಿಂದಾಗಿ ನಗರದಲ್ಲಿ ಗುರುವಾರ ಸಂಜೆ ವೇಳೆಗೆ ಗುಡುಗು ಸಿಡಿಲಿನಿಂದ ಕೂಡಿದ ಭಾರೀ ಗಾಳಿ ಮಳೆಯಾಗಿದ್ದು, ಜನಜೀವನ ಕೂಡ ಸ್ವಲ್ಪ ಮಟ್ಟಿಗೆ ಅಸ್ತವ್ಯಸ್ಥಗೊಂಡಿತ್ತು.",ಮೇಘಗರ್ಜನೆ,Thunder,Yes,k,2025-02-02 07:10:50
ಗುಡುಗು,100ಕ್ಕೂ ಹೆಚ್ಚು ಮನೆಗೆ ನೀರು: ಗುಡುಗು -ಮಿಂಚಿನೊಂದಿಗೆ ಗುರುವಾರ ರಾತ್ರಿ 11 ಗಂಟೆಗೆ ಆರಂಭವಾದ ಮಳೆ ಬಿರುಸಾಗಿಯೇ ಸುರಿಯಿತು.,ಮೇಘಗರ್ಜನೆ,Thunder,Yes,k,2025-02-02 07:10:50
ಗುಡುಗು,ರಾಜ್ಯದ ವಿವಿಧ ಪ್ರದೇಶಗಳಲ್ಲಿ ಗುಡುಗು ಸಹಿತ ಭಾರೀ ಮಳೆ ಅಬ್ಬರಿಸಲಿದೆ ಎಂದು ಹವಾಮಾನ ಇಲಾಖೆ ಎಚ್ಚರಿಕೆ ನೀಡಿದೆ.,ಮೇಘಗರ್ಜನೆ,Thunder,Yes,k,2025-02-02 07:10:50
ಗುಡುಗು,"ಕಟ್ಟಡ ಕುಸಿತಕ್ಕೆ ಮಳೆ, ಸಿಡಿಲು, ಗುಡುಗು ಕಾರಣವಲ್ಲ, ಕಳಪೆ ಕಾಮಗಾರಿಯೇ ಕಾರಣ ಎಂದು ಪೊಲೀಸರು ಹೇಳಿದ್ದಾರೆ.",ಮೇಘಗರ್ಜನೆ,Thunder,Yes,k,2025-02-02 07:10:50
ಗುಡುಗು,"ಶುಕ್ರವಾರ ಕೂಡ ಕೆಲವು ಗಂಟೆ ಕಾಲ ಗುಡುಗು ಸಹಿತ ಮಳೆಯಾಗಿದ್ದು, ನಿರೀಕ್ಷೆ ಹೆಚ್ಚಿಸಿದೆ.",ಮೇಘಗರ್ಜನೆ,Thunder,Yes,k,2025-02-02 07:10:50
ಗುಡುಗು,"ಒಂದು ದಿನ ಸಾಧಾರಣ ಮಳೆಯಾದರೆ ಇನ್ನೊಂದು ದಿನ ಆಲಿಕಲ್ಲು, ಗುಡುಗು ಸಹಿತ ಮಳೆ ಬೀಳುತ್ತಿದೆ.",ಮೇಘಗರ್ಜನೆ,Thunder,Yes,k,2025-02-02 07:10:50
ಗುಡುಗು,ತಡರಾತ್ರಿ ಗುಡುಗು ಸಹಿತ ವರ್ಷಧಾರೆ-ಮನೆಗಳಿಗೆ ನುಗ್ಗಿದ ಮಳೆ ನೀರು,ಮೇಘಗರ್ಜನೆ,Thunder,Yes,k,2025-02-02 07:10:50
ಗುಡುಗು,ಈ ಭಾನುವಾರದಂದು ಭಾರೀ ಗುಡುಗು ಉಂಟಾಗುತ್ತದೆ ಎಂದು ನಿರೀಕ್ಷಿಸಲಾಗಿದೆ.,ಮೇಘಗರ್ಜನೆ,Thunder,Yes,k,2025-02-02 07:10:50
ಗುಡುಗು,ನಿತ್ಯ ಗುಡುಗು ಸಹಿತ ಮಳೆ ಬಿದ್ದರೂ ಕೇವಲ ಒಂದು ಅಡಿಯಷ್ಟು ನೀರು ತಳಭಾಗದಲ್ಲಿ ನಿಂತಿದೆ.,ಮೇಘಗರ್ಜನೆ,Thunder,Yes,k,2025-02-02 07:10:50
ಗುಡುಗು,ಚಿಂಚೋಳಿ ಸುತ್ತ ಗುಡುಗು ಸಹಿತ ಮಳೆ,ಮೇಘಗರ್ಜನೆ,Thunder,Yes,k,2025-02-02 07:10:50
ಗುಡುಗು,ಇತರೆ ಗುಡುಗು ಬಿರುಗಾಳಿ ನೈಸರ್ಗಿಕ ವಿದ್ಯಮಾನಗಳು,ಮೇಘಗರ್ಜನೆ,Thunder,Yes,k,2025-02-02 07:10:50
ಗುಡುಗು,"ಉಳ್ಳಾಲ: ಗುಡುಗು ಸಹಿತ ಮಳೆ, ವಿವಿಧೆಡೆ ಹಾನಿ",ಮೇಘಗರ್ಜನೆ,Thunder,Yes,k,2025-02-02 07:10:50
ಗುಡುಗು,"ತಕ್ಷಣ ಭಾರೀ ಮಳೆ ಬೇಸಿಗೆ, ಗುಡುಗು ಜೊತೆಗೂಡಿ ನಂತರ ರಸ್ತೆಯಲ್ಲಿ ಉಸಿರಾಡಲು ಹೇಗೆ ಉತ್ತಮ ನೆನಪಿಡಿ!",ಮೇಘಗರ್ಜನೆ,Thunder,Yes,k,2025-02-02 07:10:50
ಗುಡುಗು,ಗೃಹಬಳಕೆಯ ಉಪಕರಣಗಳು ಕೂಡ ಗುಡುಗು ಸಿಡಿಲಿಗೆ ಸುಟ್ಟು ಹೋಗಿವೆ ಎಂದು ತಿಳಿದು ಬಂದಿದೆ.,ಮೇಘಗರ್ಜನೆ,Thunder,Yes,k,2025-02-02 07:10:50
ಗುಡುಗು,ಸಂಜೆಯಿಂದ ರಾತ್ರಿವರೆಗೂ ವ್ಯಾಪಕ ಗುಡುಗು ಸಹಿತ ಭಾರೀ ಮಳೆಯಾಗಲಿದೆ ಎಂದು ಹವಾಮಾನ ಇಲಾಖೆ ಎಚ್ಚರಿಸಿದೆ.,ಮೇಘಗರ್ಜನೆ,Thunder,Yes,k,2025-02-02 07:10:50
ಗುಡುಗು,ದಕ್ಷಿಣ ಒಳನಾಡಿನಲ್ಲಿ ಗುಡುಗು ಸಹಿತ ಸುರಿಮಳೆ ಬೀಳುವ ಮುನ್ಸೂಚನೆ ದೊರಕಿದೆ.,ಮೇಘಗರ್ಜನೆ,Thunder,Yes,k,2025-02-02 07:10:50
ಗುಡುಗು,ಶನಿವಾರ ಮುಂಜಾನೆಯವರೆಗೆ ರಾಜ್ಯದ ಬಹುತೇಕ ಕಡೆಗಳಲ್ಲಿ ಗುಡುಗು ಸಹಿತ ಮಳೆಯಾಗಲಿದೆ ಎಂದು ಇಲಾಖೆ ತಿಳಿಸಿದೆ.,ಮೇಘಗರ್ಜನೆ,Thunder,Yes,k,2025-02-02 07:10:50
ಗುಡುಗು,ಗಾಳಿ ಮತ್ತು ಗುಡುಗು ಜೋರಾಗಿತ್ತು.,ಮೇಘಗರ್ಜನೆ,Thunder,Yes,k,2025-02-02 07:10:51
ಗುಡುಗು,ಗುಡುಗು ಸಹಿತ ಮಳೆ,ಮೇಘಗರ್ಜನೆ,Thunder,Yes,k,2025-02-02 07:10:51
ಗುಡುಗು,"ರಾಯಚೂರು ಜಿಲ್ಲೆ ಮಸ್ಕಿ ಪಟ್ಟಣದಲ್ಲಿ ಬುಧವಾರ ಸಂಜೆ ಗಾಳಿ, ಗುಡುಗು ಸಹಿತ ಎರಡು ಗಂಟೆ ಸುರಿದ ಮಳೆಯಿಂದಾಗಿ ಪಟ್ಟಣದಲ್ಲಿ ಜನಜೀವನ ಅಸ್ತವ್ಯಸ್ತಗೊಂಡಿತ್ತು.",ಮೇಘಗರ್ಜನೆ,Thunder,Yes,k,2025-02-02 07:10:51
ಗುಡುಗು,ಪ್ರತಿ ವರ್ಷ ರಾಜ್ಯ ಗುಡುಗು ಸಿಡಲಿನ ದಾಳಿಗೆ ಕನಿಷ್ಠ 70 ರಿಂದ 80 ಮಂದಿ ಸಾಯುತ್ತಿದ್ದಾರೆ.,ಮೇಘಗರ್ಜನೆ,Thunder,Yes,k,2025-02-02 07:10:51
ಗುಡುಗು,ಅಕಾಲದಲ್ಲಿ ಗುಡುಗು ಕಾಣಿಸಿ ಮಳೆಯಾಗುತ್ತದೆ.,ಮೇಘಗರ್ಜನೆ,Thunder,Yes,k,2025-02-02 07:10:52
ಗುಡುಗು,ಬೆಂಗಳೂರು: ಇಂದಿನಿಂದ ಶುಕ್ರವಾರದವರೆಗೆ ಹಲವೆಡೆ ಗುಡುಗು ಸಹಿತ ಮಳೆಯಾಗುವ ಸಾಧ್ಯತೆ ಇದೆ.,ಮೇಘಗರ್ಜನೆ,Thunder,Yes,k,2025-02-02 07:10:52
ಗುಡುಗು,ಸುಂಟಿಕೊಪ್ಪ: ಗ್ರಾಮ ಹಾಗೂ ಸುತ್ತಮುತ್ತಲಿನ ಗ್ರಾಮಗಳಲ್ಲಿ ಸೋಮವಾರ ರಾತ್ರಿ ಗುಡುಗು ಸಹಿತ ಉತ್ತಮ ಮಳೆ ಸುರಿಯಿತು.,ಮೇಘಗರ್ಜನೆ,Thunder,Yes,k,2025-02-02 07:10:52
ಗುಡುಗು,ಜಿಲ್ಲೆಯಾದ್ಯಂತ ಗುಡುಗು ಸಹಿತ ಬಾರೀ ಮಳೆ: ಜನಜೀವನ ಮತ್ತು ಸಂಚಾರ ಅಸ್ತವ್ಯಸ್ತ – ಕಹಳೆ ನ್ಯೂಸ್,ಮೇಘಗರ್ಜನೆ,Thunder,Yes,k,2025-02-02 07:10:52
ಗುಡುಗು,ಅಂದಿನ ಗುಡುಗು ಹೊಸಹುಟ್ಟಿನ ಸಂಭ್ರಮಕ್ಕೆ ಮಂಗಳವಾದ್ಯವನ್ನು ಭಾರಿಸಿದಂತಿತ್ತು.,ಮೇಘಗರ್ಜನೆ,Thunder,Yes,k,2025-02-02 07:10:52
ಗುಡುಗು,"ಹಂಗೆ ಸಿಕ್ಕಾಪಟ್ಟೆ ಮಳೆ‌ಬಂತೂ, ಅದೂ ಕೂಡ ಭಾರಿ ಸದ್ದಿನ ಗುಡುಗು ಸಿಡಿಲಿನ ಮಳೆ…ಇವತ್ ಇನ್ನೇನ್ ಮನಿಕಳತೋ.",ಮೇಘಗರ್ಜನೆ,Thunder,Yes,k,2025-02-02 07:10:52
ಗುಡುಗು,ರಾಜ್ಯದ ಹಲವೆಡೆ ಇನ್ನೆರಡು ದಿನ ಗುಡುಗು ಸಹಿತ ಮಳೆಯಾಗುವ ಸೂಚನೆ,ಮೇಘಗರ್ಜನೆ,Thunder,Yes,k,2025-02-02 07:10:52
ಗುಡುಗು,ಕೊನೆಯ ಹಂತದ ಶೂಟಿಂಗ್ ನಲ್ಲಿ ಗುಡುಗು,ಮೇಘಗರ್ಜನೆ,Thunder,Yes,k,2025-02-02 07:10:52
ಗುಡುಗು,ದಕ್ಷಿಣ ಒಳನಾಡಿನಲ್ಲಿ ಶುಕ್ರವಾರದವರೆಗೂ ಗುಡುಗು ಸಹಿತ ಮಳೆಯಾಗುವ ನಿರೀಕ್ಷೆ ಇದೆ ಎಂದು ಹವಾಮಾನ ಇಲಾಖೆ ಮುನ್ಸೂಚನೆ ನೀಡಿದೆ.,ಮೇಘಗರ್ಜನೆ,Thunder,Yes,k,2025-02-02 07:10:52
ಗುಡುಗು,"ಮಂಡ್ಯ ಜಿಲ್ಲೆಯಲ್ಲಿ ಗುಡುಗು ಮಿಂಚು ಸಹಿತ ಮಳೆಯಾಗಿದ್ದು, ಹಲವು ಭಾಗದಲ್ಲಿ ವಿದ್ಯುತ್ ಕಡಿತವಾಗಿದೆ.",ಮೇಘಗರ್ಜನೆ,Thunder,Yes,k,2025-02-02 07:10:52
ಗುಡುಗು,ಗುಡುಗು ಸಿಡಿಲುಗಳು ಎಲ್ಲರನ್ನೂ ಆತಂಕಕ್ಕೆ,ಮೇಘಗರ್ಜನೆ,Thunder,Yes,k,2025-02-02 07:10:52
ಗುಡುಗು,"ಉದಾಹರಣೆಗೆ, ಆಕಾಶ, ಡ್ರಾಪ್ ಅಥವಾ ಬ್ರೇಕ್ ಕೂಲಂಕಷವಾಗಿ, ಗುಡುಗು ಚಂಡಮಾರುತದ ಹಿಡಿಯಲು.",ಮೇಘಗರ್ಜನೆ,Thunder,Yes,k,2025-02-02 07:10:52
ಗುಡುಗು,"ಗುಡುಗು ಮತ್ತು ಸಿಡಿಲಿಗೆ 94 ಮಂದಿ ಸತ್ತಿದ್ದು, 10 ಮಂದಿ ನೀರಿನಲ್ಲಿ ಕೊಚ್ಚಿ ಹೋಗಿದ್ದಾರೆ.",ಮೇಘಗರ್ಜನೆ,Thunder,Yes,k,2025-02-02 07:10:52
ಗುಡುಗು,"ಗುರುವಾರ ರಾತ್ರಿ ಸುರಿದ ಗುಡುಗು ಸಹಿತ ಭಾರೀ ಗಾಳಿ ಮಳೆಗೆ ಭೂಮಿಗೆ ತಂಪಾದರೂ, ಜನತೆ ಬೆದರಿದ್ದಾರೆ.",ಮೇಘಗರ್ಜನೆ,Thunder,Yes,k,2025-02-02 07:10:52
ಗುಡುಗು,ಚಳ್ಳಕೆರೆ ತಾಲೂಕಿನ ಹಲವು ಗ್ರಾಮಗಳಲ್ಲಿ ಗುಡುಗು ಮಿಂಚು ಸಹಿತ ಭಾರೀ ಮಳೆಯಾಗಿದೆ.,ಮೇಘಗರ್ಜನೆ,Thunder,Yes,k,2025-02-02 07:10:52
ಗುರು,ಇದರ ಉದ್ದೇಶ ಅನೇಕ ಯುವ ಗುರು ಮತ್ತು ಯುವ ಕಲಾವಿದರಿಗೆ ನೃತ್ಯ ಪ್ರಸುತ್ತಪಡಿಸಲು ಅವಕಾಶ ಮಾಡಿಕೊಡುವುದು.,ಉಪಾಧ್ಯಾಯ,Teacher,Yes,a,2025-02-06 13:34:28
ಗುರು,ಉಪೇಂದ್ರ ತಮ್ಮ ಗುರು ಕಾಶೀನಾಥ್ ಬಗ್ಗೆ ಮಾತನಾಡಿದ ಒಂದು ಪ್ರೋಮೋ ದೊಡ್ಡ ಮಟ್ಟದಲ್ಲಿ ಕ್ಲಿಕ್ ಆಗಿತ್ತು.,ಉಪಾಧ್ಯಾಯ,Teacher,Yes,a,2025-02-06 13:34:28
ಗುರು,ಪರಿಹಾರದ ಅಕೌಂಟ್​ ಗುರು ತಮ್ಮ ನೋಡಿಕೊಳ್ಳುತ್ತಾನೆ.,ಉಪಾಧ್ಯಾಯ,Teacher,Yes,a,2025-02-06 13:34:28
ಗುರು,ಮೇಘನಾದನು ಸ್ವತಃ ದೈತ್ಯ ಗುರು ಶುಕ್ರಾಚಾರ್ಯರಿಂದಲೇ ಶಿಕ್ಷಣವನ್ನು ಪಡೆದಿದ್ದ.,ಉಪಾಧ್ಯಾಯ,Teacher,Yes,a,2025-02-06 13:34:28
ಗುರು,ಎಂಬ ವಿಲಕ್ಷಣ ಪ್ರಶ್ನೆಗೆ ಉತ್ತರ ನೀಡಲು ಗುರು ಬೇಕಿಲ್ಲ.,ಉಪಾಧ್ಯಾಯ,Teacher,Yes,a,2025-02-06 13:34:28
ಗುರು,"ಪ್ರವೇಶ ಪತ್ರ, ಗುರು ತಿನ ಚೀಟಿ ನಿಮಗೆ ತಲುಪುತ್ತದೆ.",ಉಪಾಧ್ಯಾಯ,Teacher,Yes,a,2025-02-06 13:34:28
ಗುರು,"ಯೋಗ ಗುರು ರಾಘವೇಂದ್ರ ಶೆಣೈ, ಸುದೀಂದ್ರ ಹೊಳ್ಳ, ಜನಾರ್ಧನ ಹಂದೆ, ಸುಜಯೀಂದ್ರ ಹಂದೆ, ಕೃಷ್ಣಮೂರ್ತಿ ಉಪ್ಪೂರ ಮತ್ತು ವಿಶ್ವಾನಾಥ ಉಪಸ್ಥಿತರಿದ್ದರು.",ಉಪಾಧ್ಯಾಯ,Teacher,Yes,a,2025-02-06 13:34:28
ಗುರು,ಕಬಡ್ಡಿ ಆಟದಲ್ಲಿ ಗುರು ಶಿಷ್ಯ ಪರಂಪರೆಗೆ ಉನ್ನತ ಸ್ಥಾನವಿದೆ.,ಉಪಾಧ್ಯಾಯ,Teacher,Yes,a,2025-02-06 13:34:28
ಗುರು,ಗುರು ಪರಂಪರೆಯ ಹಿನ್ನೆಲೆಯೊಂದಿಗೆ ಉಪ್ಪಿನಂಗಡಿ ಪರಿಸರಕ್ಕೆ ಆಗಮಿಸಿದ ಸಿಮಾಮ್ ಮುಕ್ರಿ ಎಂಬವರ ಕುಟುಂಬ ವೃಕ್ಷವು ಧಾರ್ಮಿಕ ಹಾಗೂ ಶೈಕ್ಷಣಿಕ ಕ್ಷೇತ್ರಗಳಲ್ಲಿ ಅನುಪಮ ಕೊಡುಗೆ ಸಲ್ಲಿಸುತ್ತಾ ಬದಲಾದ ಕಾಲಘಟ್ಟದಲ್ಲಿ ಅನನ್ಯ ಕ್ಷೇತ್ರಗಳಲ್ಲಿ ಗುರುತಿಸಿಕೊಂಡು ದೇಶ ಹಾಗೂ ಹೊರದೇಶಗಳಲ್ಲಿ ನೆಲೆಸಿಕೊಂಡಿದ್ದಾರೆ.,ಉಪಾಧ್ಯಾಯ,Teacher,Yes,a,2025-02-06 13:34:28
ಗುರು,ಕಮಲಾ ಅವರ ಸಂಶೋಧನೆ ಹಾಗೂ ಚಿಂತನೆಗಳು ಅವರಿಗೆ ಕಲಿಸಿದ ಬಹುದೊಡ್ಡ ಗುರು ಪರಂಪರೆಯಿಂದ ಪ್ರೇರಿತವಾಗಿದೆ.,ಉಪಾಧ್ಯಾಯ,Teacher,Yes,a,2025-02-06 13:34:28
ಗುರು,"ಕ್ಷೇತ್ರ ಶಿಕ್ಷಣಾಧಿಕಾರಿ ಸಿದ್ದವೀರಯ್ನಾ ರುದನೂರ ಕಾರ್ಯಕ್ರಮ ಉದ್ಘಾಟಿಸಿ ಮಾತನಾಡಿ, ವಿದ್ಯಾರ್ಥಿಗಳು ಸದಾ ಸಕಾರತ್ಮಕ ವಿಚಾರಗಳನ್ನು ಮಾಡಿ, ಗುರು ಹಿರಿಯರನ್ನು ಶ್ರದ್ಧೆ, ಭಕ್ತಿಯಿಂದ ಕಾಣಬೇಕು.",ಉಪಾಧ್ಯಾಯ,Teacher,Yes,a,2025-02-06 13:34:28
ಗುರು,"13ನೇ ವಯಸ್ಸಿನಲ್ಲೇ ಕಲಾರಂಗ ಪ್ರವೇಶಿಸಿದ ರಾಯರು, ಓದಿದ್ದು 8ನೇ ತರಗತಿಯವರೆಗೇ ಆದರೂ, ನೂರಾರು ಶಿಷ್ಯರಿಂದ ಅತ್ಯುತ್ತಮ ಯಕ್ಷಗಾನ ಗುರು ಎಂದು ಹೊಗಳಿಸಿಕೊಂಡಿದ್ದಾರೆ.",ಉಪಾಧ್ಯಾಯ,Teacher,Yes,a,2025-02-06 13:34:28
ಗುರು,ಇವರ ಗುರು ಶುಭ ಧನಂಜಯ ನಾಡಿನ ಹೆಮ್ಮೆಯ ನೃತ್ಯ ಕಲಾವಿದೆ ಹಾಗೂ ಸಮರ್ಥ ನೃತ್ಯ ಸಂಯೋಜಕಿ.,ಉಪಾಧ್ಯಾಯ,Teacher,Yes,a,2025-02-06 13:34:28
ಗುರು,ತಮ್ಮ ಏಕತಾನತೆಯ ಭಾಷಣ ಗುರು ಧ್ವನಿ ಕೇವಲ ತೆಗೆದುಕೊಳ್ಳಲು ಮತ್ತು ನಿದ್ರೆ ಹೋಗಿ ಬಯಸುವ ಇಂತಹ ಶಿಕ್ಷಕರ ವಾಸ್ತವವಾಗಿ ಇವೆ!,ಉಪಾಧ್ಯಾಯ,Teacher,Yes,a,2025-02-06 13:34:28
ಗುರು,ಗುರು ಅರ್ಥ ಮಾರ್ಗದರ್ಶಿ ಅಥವಾ ಜ್ಞಾನೋದಯ.,ಉಪಾಧ್ಯಾಯ,Teacher,Yes,a,2025-02-06 13:34:28
ಗುರು,ದೆನುತ ಗುರು ರಚಿಸಿದನು ಲಕ್ಷ್ಯವನೊಂದು ವೃಕ್ಷದಲಿ ೫,ಉಪಾಧ್ಯಾಯ,Teacher,Yes,a,2025-02-06 13:34:28
ಗುರು,ಅವನು ಮಹಾನ್ ಗುರು ಮಾಡುತ್ತದೆ.,ಉಪಾಧ್ಯಾಯ,Teacher,Yes,a,2025-02-06 13:34:28
ಗುರು,ಗುರು ಶ್ರೀ ರಾಘವೇಂದ್ರ ದಯೆ ತೋರೋ,ಉಪಾಧ್ಯಾಯ,Teacher,Yes,a,2025-02-06 13:34:28
ಗುರು,27:- ಇಂದು ಗುರುಪೂರ್ಣಿಮೆ ಅಂಗವಾಗಿ ಜೀವನದಲ್ಲಿ ಒಂದಲ್ಲ ಒಂದು ಪಾಠ ಕಲಿಸಿದ ಗುರು ಸಮಾನರಿಗೆ ಕೃತಜ್ಞತೆ ಅರ್ಪಿಸುವ ಸಲುವಾಗಿ ಮೈಸೂರಿನ ಅರ್ಜುನ ಅವಧೂತ ಮಹಾರಾಜರ ದಿವ್ಯಸಾನಿಧ್ಯದಲ್ಲಿ ಗುರುಪೂರ್ಣಿಮಾ…,ಉಪಾಧ್ಯಾಯ,Teacher,Yes,a,2025-02-06 13:34:28
ಗುರು,ಆಗ ಸುಬ್ರಹ್ಮಣ್ಯ ನೀನು ಗುರು ದ್ರೋಹ ಮಾಡಿರುವೆ ಈಗ ಶರಣಾಗಿದ್ದರಿಂದ ನಿನ್ನ ಪಾಪ ವಿಮೋಚನೆ ಆಗಬೇಕಿದೆ.,ಉಪಾಧ್ಯಾಯ,Teacher,Yes,a,2025-02-06 13:34:29
ಗುರು,ಗುರು ಹಿರಿಯರು ಮತ್ತು ಮಿತ್ರರಿಂದ ಹಣದ ಲಾಭ ಪಡೆಯುತ್ತೀರಿ.,ಉಪಾಧ್ಯಾಯ,Teacher,Yes,a,2025-02-06 13:34:29
ಗುರು,ಅರುಣಾಚಲಾ ಪ್ರದೇಶದ ಗಡಿಭಾಗಕ್ಕೆ ನಾನು ಮತ್ತು ಬೌದ್ದ ಧರ್ಮದ ಗುರು ದಲೈಲಾಮ ಹೋಗಿದ್ದೆವು.,ಉಪಾಧ್ಯಾಯ,Teacher,Yes,a,2025-02-06 13:34:29
ಗುರು,ಹೀಗೆ ಶಿಷ್ಯನ ಮೂಲ ಉದ್ದೇಶವೇ ಹಳ್ಳ ಹಿಡಿದಿರುವುದು ಒಂದು ಕಡೆಯಾದರೆ ಮಹಾಪಾಪ ಎಂದು ಭಾವಿಸುವ ಗುರು ಈಗ ಇಲ್ಲ.,ಉಪಾಧ್ಯಾಯ,Teacher,Yes,a,2025-02-06 13:34:29
ಗುರು,ಅದೇ ರೀತಿ ಸ್ನೇಹ ಸಂಬಂಧ ಒಂದು ಹಂತದಲ್ಲಿ ಮತ್ತೆ ಗುರು ಶಿಷ್ಯರ ಸಂಬಂಧವಾಗಿ ಪರಿವರ್ತನೆಯಾಗುತ್ತದೆ.,ಉಪಾಧ್ಯಾಯ,Teacher,Yes,a,2025-02-06 13:34:29
ಗುರು,ಗುರು ಪೂರ್ಣಿಮೆ ಹಿಂದುಗಳ ಪಾಲಿಗೆ ಅತಿ ಪವಿತ್ರವಾದ ದಿನ.,ಉಪಾಧ್ಯಾಯ,Teacher,Yes,a,2025-02-06 13:34:29
ಗುರು,"ಮಧ್ವಾಚಾರ್ಯರನ್ನೂ ಗುರು ಎಂದಾಗಲೀ, ಅವತಾರ ಪುರುಷರೆಂದಾಗಲೀ ಪರಿಗಣಿಸುವಂತಿಲ್ಲ ಎಂದೇ ಅರ್ಥ.",ಉಪಾಧ್ಯಾಯ,Teacher,Yes,a,2025-02-06 13:34:29
ಗುರು,ಒಂದು ಗುರು ದೈವಿಕ ಶಕ್ತಿಯನ್ನು ಮಂತ್ರಕ್ಕೆ ಸೇರಿಸುತ್ತಾನೆ.,ಉಪಾಧ್ಯಾಯ,Teacher,Yes,a,2025-02-06 13:34:29
ಗುರು,ಮುಂದಿರುವ ಗುರು ಭೀಷ್ಮ | ರಿಂದೆಸವ ಸಭೆಗೇ ||179||,ಉಪಾಧ್ಯಾಯ,Teacher,Yes,a,2025-02-06 13:34:29
ಗುರು,"ಈಗ, ನನ್ನ ಗುರು ನೀಡಿದ ಮಂತ್ರವನ್ನು ಓಂ ಗಮ್ ಗಣಪಟಾಯ ನಮ ಎಂದು ಎರಡು ದಶಕಗಳ ಕಾಲ ಹಾಡಿದ ನನ್ನ ಆಧಾರದ ಮೇಲೆ ನಾನು ನಿಮಗೆ ತಿಳಿಸುತ್ತೇನೆ.",ಉಪಾಧ್ಯಾಯ,Teacher,Yes,a,2025-02-06 13:34:29
ಗುರು,೯ರಲ್ಲಿ ಶಿಕ್ಷಣ ಇಲಾಖೆ ವತಿಯಿಂದ ನಡೆದಿರುವ ಗುರು ಪ್ರೆÃರಣಾ ತರಬೇತಿಯಲ್ಲಿ ರಾಜ್ಯ ಪ್ರಾಥಮಿಕ ಪದವೀಧರ ಶಿಕ್ಷಕರ ಸಂಘದ ತಾಲೂಕು ಘಟಕದ ಪದಾಧಿಕಾರಿಗಳು ಹಾಗೂ ತರಬೇತಿದಾರ ಶಿಕ್ಷಕರು ಒತ್ತಾಯಿಸಿ ಬಿಇಒ ಎನ್.,ಉಪಾಧ್ಯಾಯ,Teacher,Yes,a,2025-02-06 13:34:29
ಗುರು,"ಆ ರೀತಿ ಇರುವಾಗ ಜೀವನದಲ್ಲಿ ಮಾಡಲು ಬೇಕಾಗಿರುವುದು ಪ್ರತಿಯೊಬ್ಬ ವಿದ್ಯಾರ್ಥಿಗೆ ಶಿಸ್ತು, ಪ್ರಾಮಾಣಿಕತನ, ಅಥವಾ ವಿಧೇಯತೆ ಶಿಸ್ತು ಮತ್ತು ವಿಧೇಯತೆ ಒಂದು ನಾಣ್ಯದ ಎರಡು ಮುಖಗಳಂತೆ, ಜ್ಞಾನವನ್ನು ಜಾಗೃತಗೊಳಿಸುವವನು ಗುರು ಅಥವಾ ಶಿಕ್ಷಕನಾಗಿರುತ್ತಾನೆ.",ಉಪಾಧ್ಯಾಯ,Teacher,Yes,a,2025-02-06 13:34:29
ಗುರು,ಆತನೆಯೆ ಗುರು ರೂಪದಲ್ಲಿ ನನ್ನ ಹೃದಯದಲ್ಲಿ ಕುಳಿತು ಭಕ್ತರಿಗೆ ಕೃಪೆ ಮಾಡುತ್ತಾನೆ.,ಉಪಾಧ್ಯಾಯ,Teacher,Yes,a,2025-02-06 13:34:29
ಗುರು,ಅಧ್ಯಯನ ಕೇಂದ್ರ ಸ್ಥಾಪಿಸಿದರೆ ಅವರ ಜೀವನ ಚರಿತ್ರೆ ಹಾಗೂ ಹಿಂದಿನ ಗುರು ಪರಂಪರೆ ಹಾಗೂ ಶಿಷ್ಯ ಪರಂಪರೆಯಲ್ಲಿ ಅನೇಕ ಸಾಹಿತಿಗಳು ಬೆಳೆದು ಬಂದಿದ್ದು ತಿಳಿಸಬಹುದು.,ಉಪಾಧ್ಯಾಯ,Teacher,Yes,a,2025-02-06 13:34:29
ಗುರು,ನಾವು ನಮ್ಮ ವೆಬ್ಸೈಟ್ ನಲ್ಲಿ ಈಗಾಗಲೇ ಹಲವು ಬಾರಿ ಗುರು ರಾಘವೇಂದ್ರ ಸ್ವಾಮಿಗಳ ಪವಾಡದ ಬಗ್ಗೆ ತಿಳಿಸಿದ್ದೇವೆ.,ಉಪಾಧ್ಯಾಯ,Teacher,Yes,a,2025-02-06 13:34:29
ಗುರು,ಮೂವರು ಸದಸ್ಯರ ಸಂಧಾನ ಸಮಿತಿಯ ನೇತೃತ್ವವನ್ನುನಿವೃತ್ತ ನ್ಯಾಯಮೂರ್ತಿ ಎಫ್‌ಎಂಐ ಖಲಿಫುಲ್ಲಾ ಮತ್ತು ಬೆಂಗಳೂರು ಮೂಲದ ಆಧ್ಯಾತ್ಮಿಕ ಗುರು ರವಿಶಂಕರ್ ಹಾಗೂ ಹಿರಿಯ ವಕೀಲ ಶ್ರೀರಾಮ್ ಪಂಚು ವಹಿಸಿದ್ದರು.,ಉಪಾಧ್ಯಾಯ,Teacher,Yes,a,2025-02-06 13:34:29
ಗುರು,ಗುರು ಅನುಗ್ರಹದಿಂದ ಪಾರಾಗುವಿರಿ,ಉಪಾಧ್ಯಾಯ,Teacher,Yes,a,2025-02-06 13:34:29
ಗುರು,ಒಂದು ನ್ಯಾವಿಗೇಟ್ ವ್ಯಾಪಾರ ಪ್ರಪಂಚದಲ್ಲಿ ಹೂಡಿಕೆದಾರರು ಅಥವಾ ಉತ್ತಮ ಗುರು ಸಹಾಯ ಮಾಡುವುದು.,ಉಪಾಧ್ಯಾಯ,Teacher,Yes,a,2025-02-06 13:34:29
ಗುರು,ಸುಧಾಕರ್ ಕಾಮತ್ ಸ್ವಾಗತಿಸಿ ಯೋಗ ಗುರು ಡಾ.,ಉಪಾಧ್ಯಾಯ,Teacher,Yes,a,2025-02-06 13:34:29
ಗುರು,ಸದ್ಗುರು ಜಗ್ಗಿ ವಾಸುದೇವ ಆಧ್ಯಾತ್ಮಿಕ ಗುರು,ಉಪಾಧ್ಯಾಯ,Teacher,Yes,a,2025-02-06 13:34:29
ಗುರು,"ಚಾಣಕ್ಯ, ಸಮರ್ಥ ಗುರು ರಾಮದಾಸರು ಮುಂತಾದ ನೂರಾರು ಮಾರ್ಗದರ್ಶಕರ ನೆರವಿನಿಂದ ಸನಾತನ ಸಂಸ್ಕೃತಿ ಜೀವಂತವಾಗಿದೆ.",ಉಪಾಧ್ಯಾಯ,Teacher,Yes,a,2025-02-06 13:34:29
ಗುರು,ಅಕ್ಟೋಬರ್ 11ಕ್ಕೆ ಗುರು ಗ್ರಹವು ವೃಶ್ಚಿಕ ರಾಶಿಗೆ ಪ್ರವೇಶ ಮಾಡುವ ವಿಚಾರ ನಿಮಗೆ ಈಗಾಗಲೇ ಗೊತ್ತಾಗಿರಬಹುದು.,ನವ ಗ್ರಹಗಳಲ್ಲಿ ಒಂದು,One of the planets,Yes,a,2025-02-06 13:47:51
ಗುರು,"ಏಪ್ರಿಲ್ ಮಧ್ಯದಿಂದ ಜೂನ್‌ವರೆಗೆ ಮತ್ತು ನವೆಂಬರ್ ಮಧ್ಯದಿಂದ ವರ್ಷದ ಅಂತ್ಯದವರೆಗೆ ಏಳನೇ ಮನೆಯಲ್ಲಿ ಗುರು ಮತ್ತು ಶನಿಯ ಸಂಯೋಜಿತ ಸಾಗಣೆಯಿಂದಾಗಿ, ನಿಮಗೆ ಮದುವೆಯ ಯೋಗವು ರೂಪುಗೊಳ್ಳುತ್ತದೆ ಮತ್ತು ನೀವು ಇದಕ್ಕೆ ಪ್ರಯತ್ನಿಸುತ್ತಿದ್ದರೆ, ನೀವು ಯಶಸ್ಸನ್ನು ಪಡೆಯಬಹುದು.",ನವ ಗ್ರಹಗಳಲ್ಲಿ ಒಂದು,One of the planets,Yes,a,2025-02-06 13:47:51
ಗುರು,"ಜುಲೈ 29, 1938 11:01 PM ಗುರು ರಾಕ್ಸ್ ಅಕ್ವೇರಿಯಸ್ಗೆ ಪ್ರವೇಶಿಸುತ್ತಾನೆ",ನವ ಗ್ರಹಗಳಲ್ಲಿ ಒಂದು,One of the planets,Yes,a,2025-02-06 13:47:51
ಗುರು,* ಗುರು ಚಾಂಡಾಲ ಯೋಗ ಇರುವಾಗ ಎಷ್ಟು ಎತ್ತರಕ್ಕೆ ಏರಿದರೂ ಮತ್ತೆ ಕೆಳ ಮಟ್ಟಕ್ಕೆ ತಲುಪುತ್ತದೆ,ನವ ಗ್ರಹಗಳಲ್ಲಿ ಒಂದು,One of the planets,Yes,a,2025-02-06 13:47:51
ಗುರು,ಲಗ್ನಾಧಿಪತಿ ಗುರು ಪಂಚಮದಲ್ಲಿ ಉಚ್ಛಾಂಶದಲ್ಲಿ ರವಿಯೊಡನೆ ಸ್ಥಿತರಿದ್ದಾರೆ.,ನವ ಗ್ರಹಗಳಲ್ಲಿ ಒಂದು,One of the planets,Yes,a,2025-02-06 13:47:51
ಗುರು,1989ರಲ್ಲಿ ಹಾರಿಸಲಾದ ಗಲೀಲಿಯೊ ಸುಮಾರು ಒಂದು ದಶಕದ ಕಾಲ ಗುರು ಗ್ರಹಕ್ಕೆ ಪ್ರದಕ್ಷಿಣೆ ಬಂದಿತ್ತು.,ನವ ಗ್ರಹಗಳಲ್ಲಿ ಒಂದು,One of the planets,Yes,a,2025-02-06 13:47:51
ಗುರು,"ಪ್ರತೀ ವರ್ಷ ಗುರು ಬ್ರುಹಸ್ಪತಿಯು ತನ್ನ ಪಥವನ್ನು ಬದಲಿಸಿದಾಗ, ಭಕ್ತಾದಿಗಳು ಒಳ್ಳೆಯದನ್ನು ಬರಮಾಡಿಕೊಳ್ಳುತ್ತಾ ಮತ್ತು ಕೆಡಕುಗಳನ್ನು ನಿವಾರಿಸಿಕೊಳ್ಳುವ ಉದ್ದೇಶದಿಂದ ಈ ದೇವಸ್ಥಾನಕ್ಕೆ, ಗುರು ಬ್ರುಹಸ್ಪತಿಯನ್ನು ಪೂಜಿಸಲು ತಂಡೊಪತಂಡವಾಗಿ ಬರುತ್ತಾರೆ.",ನವ ಗ್ರಹಗಳಲ್ಲಿ ಒಂದು,One of the planets,Yes,a,2025-02-06 13:47:51
ಗುರು,"ಮಿಥುನ ರಾಶಿಯಲ್ಲಿ ರವಿ ಇದ್ದು, ಕರ್ಕಟಕ ರಾಶಿಯಲ್ಲಿ ಬುಧ, ಶುಕ್ರ, ರಾಹುಗಳಿದ್ದು, ತುಲಾ ರಾಶಿಯಲ್ಲಿ ಗುರು ಇದ್ದು, ಇಂದೂ ಕೂಡ ಧನಸ್ಸು ರಾಶಿಯಲ್ಲಿ ಶನಿಯರು ಹಾಗೂ ಮಕರ ರಾಶಿಯಲ್ಲಿ ಚಂದ್ರ-ಕುಜ-ಕೇತುಗಳ ಯುತಿ ಇದೆ.",ನವ ಗ್ರಹಗಳಲ್ಲಿ ಒಂದು,One of the planets,Yes,a,2025-02-06 13:47:51
ಗುರು,"ಅವರು ಪ್ರಮುಖ ಗ್ರಹಗಳ ರಚನೆಯ ನಂತರ ಕಾಸ್ಮಿಕ್ ಮ್ಯಾಟರ್ ಅವಶೇಷಗಳನ್ನು ರೂಪುಗೊಂಡ ಭಾವಿಸಲಾಗಿದೆ, ಅಥವಾ ಇದು ಮಂಗಳ ಮತ್ತು ಗುರು ಗ್ರಹಗಳ ನಡುವಿನ ಇದೆ ಗ್ರಹದ ತುಣುಕುಗಳನ್ನು ಇದೆ.",ನವ ಗ್ರಹಗಳಲ್ಲಿ ಒಂದು,One of the planets,Yes,a,2025-02-06 13:47:51
ಗುರು,ಗುರು ಎರಡನೇ ಮನೆಯಲ್ಲಿದ್ದರೆ ಕುಟುಂಬ ಸೌಖ್ಯ.,ನವ ಗ್ರಹಗಳಲ್ಲಿ ಒಂದು,One of the planets,Yes,a,2025-02-06 13:47:51
ಗುರು,ಲಾಭ ಸ್ಥಾನದ ಗುರು ನಿಮ್ಮ ಮನೋಕಾಮನೆಯನ್ನು ಪೂರ್ಣಗೊಳಿಸಿಧಿಯಾನು.,ನವ ಗ್ರಹಗಳಲ್ಲಿ ಒಂದು,One of the planets,Yes,a,2025-02-06 13:47:51
ಗುರು,ಗುರು ಗ್ರಹವು ಸಾಮಾಜಿಕ ಗೌರವ ಮತ್ತು ಅದೃಷ್ಟ ಪಡೆಯಲು ನೆರವಾಗುವುದು.,ನವ ಗ್ರಹಗಳಲ್ಲಿ ಒಂದು,One of the planets,Yes,a,2025-02-06 13:47:51
ಗುರು,ತುಲಾ:ಈ ರಾಶಿಯಿಂದ 2ನೇ ರಾಶಿಗೆ ಗುರು ಪ್ರವೇಶ.,ನವ ಗ್ರಹಗಳಲ್ಲಿ ಒಂದು,One of the planets,Yes,a,2025-02-06 13:47:51
ಗುರು,"ಗುರು ಬೃಹತ್ ಗಾತ್ರದಿಂದಾಗಿ ಕೀಳು ಮತ್ತು ಚಲನಚಿತ್ರಗಳು, ಟಿವಿ ಪ್ರದರ್ಶನಗಳು, ವಿಡಿಯೋ ಆಟಗಳು ಮತ್ತು ಕಾಮಿಕ್ಸ್ ಸೇರಿದಂತೆ ಜನಪ್ರಿಯ ಸಂಸ್ಕೃತಿ, ತನ್ನ ಮಹತ್ವದ ಅಸ್ತಿತ್ವ ಇವೆ.",ನವ ಗ್ರಹಗಳಲ್ಲಿ ಒಂದು,One of the planets,Yes,a,2025-02-06 13:47:51
ಗುರು,ಇಪ್ಪತ್ತೇಳು ವರ್ಷಗಳ ನಂತರ ಗುರು ಗ್ರಹವು ಚಿತ್ರಾ ನಕ್ಷತ್ರದಲ್ಲಿ ಸ್ಥಿತನಿದ್ದು.,ನವ ಗ್ರಹಗಳಲ್ಲಿ ಒಂದು,One of the planets,Yes,a,2025-02-06 13:47:51
ಗುರು,"ಗುರು - ಉದಾರತೆ, ಉದಾರತೆಗಾಗಿ ಮತ್ತು ಆತ್ಮ ವಿಶ್ವಾಸವನ್ನು ಗ್ರಹದ.",ನವ ಗ್ರಹಗಳಲ್ಲಿ ಒಂದು,One of the planets,Yes,a,2025-02-06 13:47:51
ಗುರು,ಇಲ್ಲದಿದ್ದರೆ ಆ ನಂತರ ಶನಿ ದಶೆ ಗುರು ಭಕ್ತಿ ಆರಂಭವಾಗುತ್ತದೆ.,ನವ ಗ್ರಹಗಳಲ್ಲಿ ಒಂದು,One of the planets,Yes,a,2025-02-06 13:47:51
ಗುರು,ಇದಕ್ಕೆ ಗಂಗೆಯು ಒಪ್ಪಿ ಅವರನ್ನು ಕುರಿತು ನೀವು ನನ್ನ ಜೊತೆ ನೆಲೆಸಬೇಕೆಂದು ವಿನಂತಿಸಿದಾಗ ಅದಕ್ಕೊವರೊಪ್ಪಿ ಯಾವಾಗ ಸೂರ್ಯ ಹಾಗೂ ಗುರು ಸೀಂಹ ರಾಶಿಯನ್ನು ಪ್ರವೇಶಿಸುತ್ತಾರೊ ಅಂದು ನಾವು ನಿನ್ನ ಜೊತೆ ಭೂಮಿಯ ಮೇಲಿರುತ್ತೇವೆಂದು ಅಭಯ ನೀಡಿದರು.,ನವ ಗ್ರಹಗಳಲ್ಲಿ ಒಂದು,One of the planets,Yes,a,2025-02-06 13:47:51
ಗುರು,"ಗುರು ನೀಚನಾಗಿರುವುದರಿಂದ ಶುಭ ಕಾರ್ಯಗಳು ಹಿನ್ನಡೆ, ಸ್ಥಗಿತ ಅಥವಾ ಕಾರ್ಯಗಳು ಕೈಗೊಡದಿರುವಿಕೆ ಆಗುತ್ತದೆ.",ನವ ಗ್ರಹಗಳಲ್ಲಿ ಒಂದು,One of the planets,Yes,a,2025-02-06 13:47:51
ಗುರು,"ವರ್ಷದ ಆರಂಭದಲ್ಲಿ, ಜನವರಿ 24 ರಂದು ಶನಿದೇವ ನಿಮ್ಮ ಮೂರನೇ ಮನೆಗೆ ಪ್ರವೇಶಿಸಲಿದ್ದಾರೆ, ಮತ್ತೊಂದೆಡೆ, ಗುರು ಮಾರ್ಚ್ 30 ರಂದು ಮೂರನೇ ಮನೆಗೆ ಪ್ರವೇಶಿಸಲಿದ್ದಾರೆ ಮತ್ತು ಮೇ 14 ವಕ್ರೀಯರಾಗುತ್ತಾರೆ.",ನವ ಗ್ರಹಗಳಲ್ಲಿ ಒಂದು,One of the planets,Yes,a,2025-02-06 13:47:51
ಗುರು,ಶನಿಯು ಜೂನ್‌ 2017ರಿಂದ ನವೆಂಬರ್‌ 2017ರವರೆಗೆ ಧನು ರಾಶಿಯಿಂದ ವ್ಯಯ ಭಾವದಲ್ಲಿ ಇರುವುದರಿಂದ ಈ ಸಮಯದಲ್ಲಿ ಗುರು ಅನುಗ್ರಹಿಸಿದ ಲಾಭಾದಿಗಳು ಖರ್ಚಾಗುತ್ತವೆ ಎಂದು ತಿಳಿಯಬೇಕು.,ನವ ಗ್ರಹಗಳಲ್ಲಿ ಒಂದು,One of the planets,Yes,a,2025-02-06 13:47:51
ಗುರು,"ಮೀನ : ಹಣಕಾಸಿನ ತೊಂದರೆ, ಲಾಭಕ್ಕೆ ಕತ್ತರಿ ಬೀಳಲಿದೆ, ಉದ್ಯೋಗದಲ್ಲಿ ಅಸಮಾಧಾನ, ಗುರು ಪ್ರಾರ್ಥನೆ ಮಾಡಿ",ನವ ಗ್ರಹಗಳಲ್ಲಿ ಒಂದು,One of the planets,Yes,a,2025-02-06 13:47:51
ಗುರು,ಲಗ್ನಾಧಿಪತಿ ಶನಿ ಪುಷ್ಕರ ನವಾಂಶದಲ್ಲಿ ಗುರು ಒಡನೆ ಅಷ್ಟಮಸ್ಥಿತರಿದ್ದಾರೆ.,ನವ ಗ್ರಹಗಳಲ್ಲಿ ಒಂದು,One of the planets,Yes,a,2025-02-06 13:47:51
ಗುರು,ಅಕ್ಟೋಬರ್ ನಲ್ಲಿ ಗುರು ಏಳನೇ ಮನೆಗೆ ಬಂದಾಗ ಸ್ವಲ್ಪ ಮಟ್ಟಗಿನ ಅನುಕೂಲ ನಿರೀಕ್ಷೆ ಮಾಡಬಹುದು.,ನವ ಗ್ರಹಗಳಲ್ಲಿ ಒಂದು,One of the planets,Yes,a,2025-02-06 13:47:51
ಗುರು,ಇದ್ರಿಂದ ಗುರು ಗ್ರಹದ ದೋಷ ನಿವಾರಣೆಯಾಗುತ್ತದೆ.,ನವ ಗ್ರಹಗಳಲ್ಲಿ ಒಂದು,One of the planets,Yes,a,2025-02-06 13:47:51
ಗುರು,"ನವೆಂಬರ್ 24, 2006 -1: 43 ಎಎಮ್ ಗುರು ಧೂಮಕೇತು ಪ್ರವೇಶಿಸುತ್ತದೆ",ನವ ಗ್ರಹಗಳಲ್ಲಿ ಒಂದು,One of the planets,Yes,a,2025-02-06 13:47:51
ಗುರು,ಲಾಭ ಸ್ಥಾನಕ್ಕೆ ಗುರು ಅನಿಷ್ಟ ಸ್ಥಿತಿಯೂ ಷಷ್ಟಾಧಿಪತಿಯೂ ಆಗಿರುವಂತಹ ಮುಹೂರ್ತ ಕಾಲ.,ನವ ಗ್ರಹಗಳಲ್ಲಿ ಒಂದು,One of the planets,Yes,a,2025-02-06 13:47:52
ಗುರು,"ನಾನು ಹೇಗೆ ಖಗೋಳಶಾಸ್ತ್ರಜ್ಞರು ಪತ್ತೆ ಇಲ್ಲ, ಅವುಗಳೆಂದರೆ ಗುರು ಅಯೊಲೈಟ್ ನಿಯಮಗಳು.",ನವ ಗ್ರಹಗಳಲ್ಲಿ ಒಂದು,One of the planets,Yes,a,2025-02-06 13:47:52
ಗುರು,ಕೊನೆಯದಾಗಿ ಜನ್ಮ ರಾಶಿಯಲ್ಲಿನ ಗುರು ಇತರರ ಸಹಾಯದಿಂದಾಗಿ ನಿಮಗೆ ಉದ್ಯೋಗ ಸಿಗುವಂತೆ ಮಾಡುತ್ತದೆ.,ನವ ಗ್ರಹಗಳಲ್ಲಿ ಒಂದು,One of the planets,Yes,a,2025-02-06 13:47:52
ಗುರು,ನಿಮ್ಮ ಜನ್ಮ ಜಾತಕದಲ್ಲಿ ಗುರು ಯಾವ ಸ್ಥಾನದಲ್ಲಿದ್ದಾನೆ ಎಂಬುದನ್ನು ನೋಡಿಕೊಳ್ಳಿ.,ನವ ಗ್ರಹಗಳಲ್ಲಿ ಒಂದು,One of the planets,Yes,a,2025-02-06 13:47:52
ಗುರು,ಈ ವರ್ಷದ ಅಕ್ಟೋಬರ್ ನಲ್ಲಿ ಗುರು ಬಲ ಬರುತ್ತದೆ.,ನವ ಗ್ರಹಗಳಲ್ಲಿ ಒಂದು,One of the planets,Yes,a,2025-02-06 13:47:52
ಗುರು,"ಇಷ್ಟಲ್ಲದೇ ಸಪ್ತಮಾಧಿಪತಿಯ ದೆಸೆ ಮತ್ತು ಸಪ್ತಮ ಸ್ಥಾನದಲ್ಲಿರುವ ಗ್ರಹಗಳ ಅಂತರ್ದೆಸೆ ಶುಕ್ರಯುಕ್ತನಾಗಿರುವ ಸಪ್ತಮಾಧಿಪತಿಯು ದಶಾಭುಕ್ತಿ, ಸಪ್ತಮಾಧಿಪತಿಯ ಮೇಲೆ ಗುರು ಸಂಚಾರ ಮಾಡುವ ಕಾಲದಲ್ಲಿ ಅಥವಾ ಸಪ್ತಮಾಧಿಪತಿಯು ಯಾವ ನಕ್ಷತ್ರದಲ್ಲಿರುತ್ತಾನೋ, ಆ ದಶಾ ನಕ್ಷತ್ರಗಳ ಮೇಲೆ ಗುರು ಸಂಚಾರ ಮಾಡುವ ಕಾಲದಲ್ಲಿ, ವಿವಾಹ ಸಮಯವನ್ನು ನಿಗದಿಪಡಿಸುವ ಕ್ರಮವೂ ಇದೆ.",ನವ ಗ್ರಹಗಳಲ್ಲಿ ಒಂದು,One of the planets,Yes,a,2025-02-06 13:47:52
ಗುರು,"ಅಕ್ಟೋಬರ್ 16, 1976 4:24 PM ಗುರು ರಾಕ್ಸ್ ಟಾರಸ್ಗೆ ಪ್ರವೇಶಿಸುತ್ತಾನೆ",ನವ ಗ್ರಹಗಳಲ್ಲಿ ಒಂದು,One of the planets,Yes,a,2025-02-06 13:47:52
ಗುರು,"ಪ್ರತಿ ಗುರುವಾರ ಗುರು ಗ್ರಹವನ್ನು ಅರ್ಚಿಸಿ, ನವಗ್ರಹ ಸುತ್ತಿರಿ.",ನವ ಗ್ರಹಗಳಲ್ಲಿ ಒಂದು,One of the planets,Yes,a,2025-02-06 13:47:52
ಗುರು,ಅಲ್ಲದೇ ಈ ನಕ್ಷತ್ರದ ಅಧಿಪತಿ ಗುರು ಆಗಿರುವುದರಿಂದ ಇವರಲ್ಲಿ ಕಲಿಯುವುದು ಮತ್ತು ಕಲಿಸುವ ಗುಣ ಜನ್ಮದಿಂದಲೇ ಬಂದಿರುತ್ತದೆ.,ನವ ಗ್ರಹಗಳಲ್ಲಿ ಒಂದು,One of the planets,Yes,a,2025-02-06 13:47:52
ಗುರು,ಪರಿಹಾರ :- ಆಜ್ಯಕ್ತ ತಿಲ ವ್ರೀಹಿ ದ್ರವ್ಯದಲ್ಲಿ ರುದ್ರ ಹವನ ಸಹಿತ ಗುರು ಶಾಂತಿ ಹವನವನ್ನು ಮಾಡಿಸಿದರೆ ಉತ್ತಮ.,ನವ ಗ್ರಹಗಳಲ್ಲಿ ಒಂದು,One of the planets,Yes,a,2025-02-06 13:47:52
ಗುರು,"ಸೆಪ್ಟಂಬರ್ 9, 2010 12:49 ಎಎಮ್ ಗುರು ರಾಕ್ಸ್ ಮೀನುಗಳಿಗೆ ಪ್ರವೇಶಿಸುತ್ತಾನೆ",ನವ ಗ್ರಹಗಳಲ್ಲಿ ಒಂದು,One of the planets,Yes,a,2025-02-06 13:47:52
ತಿಳಿ,ನಿನ್ನೆಲ್ಲ ಕಷ್ಟಗಳು ತೀರಿದವೆಂದು ತಿಳಿ,"ಜ್ಞಾನ, ಅರಿವು","Knowledge, awareness",Yes,a,2025-02-05 18:49:35
ತಿಳಿ,"ಆದರೆ, ಇಂಗ್ಲಿಷ್‌ ಹೊರತುಪಡಿಸಿ ಕನ್ನಡ ಸೇರಿದ ದೇಶೀಯ ಭಾಷೆಯಲ್ಲಿ ಈ ಬಗ್ಗೆ ತಿಳಿ ಹೇಳುವ ಸಾಹಿತ್ಯ, ಮನಸ್ಥಿತಿ ಬಂದಿಲ್ಲ ಎಂದರು.","ಜ್ಞಾನ, ಅರಿವು","Knowledge, awareness",Yes,a,2025-02-05 18:49:35
ತಿಳಿ,ಸವಾರರಿಗೆ ರಸ್ತೆ ಸುರಕ್ಷತೆಯ ಬಗ್ಗೆ ತಿಳಿ ಹೇಳಲಾಯಿತು.,"ಜ್ಞಾನ, ಅರಿವು","Knowledge, awareness",Yes,a,2025-02-05 18:49:35
ತಿಳಿ,ಮಕ್ಕಳಿಗೂ ಈ ಕುರಿತು ತಿಳಿ ಹೇಳಬೇಕು ಎಂದರು.,"ಜ್ಞಾನ, ಅರಿವು","Knowledge, awareness",Yes,a,2025-02-05 18:49:35
ತಿಳಿ,ಸಂಚಾರ ಠಾಣೆ ಪೊಲೀಸರು ಕೆಲವೆಡೆ ಯುವಕರಿಗೆ ತಿಳಿ ಹೇಳಿದರು.,"ಜ್ಞಾನ, ಅರಿವು","Knowledge, awareness",Yes,a,2025-02-05 18:49:35
ತಿಳಿ,ಇದು ಘನವೆಂದು | ತಿಳಿ ಮಂಗಳಾಂಗಿ || ೧ ||,"ಜ್ಞಾನ, ಅರಿವು","Knowledge, awareness",Yes,a,2025-02-05 18:49:35
ತಿಳಿ,ಆದ್ದರಿಂದ ಆ ರಾಶಿಯ ಪೋಷಕರು ಸರಿ-ತಪ್ಪುಗಳ ಬಗ್ಗೆ ಅವರಿಗೆ ತಿಳಿ ಹೇಳಬೇಕು.,"ಜ್ಞಾನ, ಅರಿವು","Knowledge, awareness",Yes,a,2025-02-05 18:49:35
ತಿಳಿ,"ಅವರು ನನ್ನೆಲ್ಲಾ ಇತಿಹಾಸ, ದಾಖಲೆ ಪರಿಶೀಲಿಸಿ ನನಗೆ ಮಾಡಬೇಕಾದ, ಮಾಡ ಬಾರದ ಕೆಲಸಗಳ ಬಗ್ಗೆ ತಿಳಿ ಹೇಳಿದರು.","ಜ್ಞಾನ, ಅರಿವು","Knowledge, awareness",Yes,a,2025-02-05 18:49:35
ತಿಳಿ,ಇದಕ್ಕೆ ಬುದ್ದಿವಾದ ಹೇಳಿದ ಪೋಷಕರು ವಿದ್ಯಾಭ್ಯಾಸ ಪೂರ್ತಿಗೊಳಿಸಿ ಬಳಿಕ ಕೆಲಸಕ್ಕೆ ಹೋಗು ಎಂದು ತಿಳಿ ಹೇಳಿದರು.,"ಜ್ಞಾನ, ಅರಿವು","Knowledge, awareness",Yes,a,2025-02-05 18:49:35
ತಿಳಿ,ಇದನ್ನು ಗಮನಿಸಿದ್ದ ಪೋಷಕರು ಫೋನ್ ಹೆಚ್ಚು ಬಳಸದಂತೆ ತಿಳಿ ಹೇಳಿದ್ದರು.,"ಜ್ಞಾನ, ಅರಿವು","Knowledge, awareness",Yes,a,2025-02-05 18:49:35
ತಿಳಿ,"ಮಕ್ಕಳಿಗೆ ಹೊಡೆಯದೆ, ಬಯ್ಯದೆ, ಅವಹೇಳನ ಮಾಡದೇ ತಿಳಿ ಹೇಳಬೇಕು.","ಜ್ಞಾನ, ಅರಿವು","Knowledge, awareness",Yes,a,2025-02-05 18:49:35
ತಿಳಿ,ಕೆಲವೊಂದು ಪದ್ಧತಿಗಳಲ್ಲಿರುವ ಕೆಡುಕನ್ನು ತಿಳಿ ಹೇಳಿ ತಿದ್ದಲು ಇದು ತೀರಾ ಚಿಕ್ಕ ವಯಸ್ಸು.,"ಜ್ಞಾನ, ಅರಿವು","Knowledge, awareness",Yes,a,2025-02-05 18:49:35
ತಿಳಿ,ಕಾರಣ ಸರಕಾರ ಇತ್ತ ಕಡೆ ಗಮನ ಕೊಟ್ಟು ತೈಲ ಕಂಪನಿಗಳಿಗೆ ತಿಳಿ ಹೇಳಬೇಕು.,"ಜ್ಞಾನ, ಅರಿವು","Knowledge, awareness",Yes,a,2025-02-05 18:49:35
ತಿಳಿ,ಗೋಕಾಕ್‌ ಅವರು ಆ ವೇಳೆಗಾಗಲೇ ರಾಷ್ಟ್ರ­ಮಟ್ಟದ ಸಮಿತಿಗಳಲ್ಲಿ ಕಾರ್ಯ ನಿರ್ವಹಿಸಿದ್ದ­ರಿಂದ ಒಬ್ಬ ವಿದ್ಯಾರ್ಥಿಗೆ ತಿಳಿ ಹೇಳುವಂತೆ ಪ್ರತಿ ಕ್ರಮವನ್ನು ವಿವರಿಸಿ ಹೇಳುತ್ತಿದ್ದರು.,"ಜ್ಞಾನ, ಅರಿವು","Knowledge, awareness",Yes,a,2025-02-05 18:49:35
ತಿಳಿ,ಸ್ವಚ್ಛವಾಗಿಲ್ಲದಿರುವಿಕೆ ಹಾಗೂ ಎಲ್ಲೆಂದರಲ್ಲಿ ಸಿಗುವ ನೀರು ಹಾಗೂ ಆಹಾರಪದಾರ್ಥಗಳ ಸೇವನೆಯಿಂದ ಆಗುವ ದುಷ್ಪರಿಣಾಮಗಳನ್ನು ಮಕ್ಕಳಿಗೆ ತಿಳಿ ಹೇಳಬೇಕು.,"ಜ್ಞಾನ, ಅರಿವು","Knowledge, awareness",Yes,a,2025-02-05 18:49:35
ತಿಳಿ,ಅವರ ಸಮಾಜದ ಜತೆ ತಮ್ಮ ಭಯಂಕರ ತತ್ವಗಳನ್ನು ಹರಡುವುದಕ್ಕೆ ಕಡಿವಾಣ ಹಾಕಬೇಕು ಎಂದು ಡಾನ್ ತಿಳಿ ಹೇಳಿದೆ.,"ಜ್ಞಾನ, ಅರಿವು","Knowledge, awareness",Yes,a,2025-02-05 18:49:35
ತಿಳಿ,"ಎಕ್ಲಾಂಪ್ಸಿಯಾ ಪ್ರಮುಖ ಆತಂಕಕ್ಕೆ ಕಾರಣವಾಗಿದ್ದು, ಈ ಕುರಿತು ಜಾಗೃತಿ ಬಹಳ ಮುಖ್ಯವಾಗಿರುತ್ತದೆ ಎಂದು ಅಂಕಿ-ಅಂಶಗಳು ತಿಳಿ ಸಿವೆ.","ಜ್ಞಾನ, ಅರಿವು","Knowledge, awareness",Yes,a,2025-02-05 18:49:35
ತಿಳಿ,ಮೊದಲು ನಿಮ್ಮ ನಡುವಳಿಕೆ ಬದಲು ಮಾಡಿಕೊಂಡು ನಮಗೆ ತಿಳಿ ಹೇಳಿ; ಎಚ್​ಡಿಕೆಗೆ ಚಲುವರಾಯಸ್ವಾಮಿ ಟಾಂಗ್​​,"ಜ್ಞಾನ, ಅರಿವು","Knowledge, awareness",Yes,a,2025-02-05 18:49:35
ತಿಳಿ,ಮನುಕುಲದ ಕವಿಯಾಗು ಕುಲಕೋಟಿಗಳನು ತಿಳಿ,"ಜ್ಞಾನ, ಅರಿವು","Knowledge, awareness",Yes,a,2025-02-05 18:49:35
ತಿಳಿ,ಇದಕ್ಕೆ ತಾನು ಜಾಗೃತರಾಗಿರುವಂತೆ ಅವರಿಗೆ ತಿಳಿ ಹೇಳಿದ್ದೆ.,"ಜ್ಞಾನ, ಅರಿವು","Knowledge, awareness",Yes,a,2025-02-05 18:49:35
ತಿಳಿ,ಯಾರಾದರೂ ಬೈದರೂ ಸಹಿತ ಅವರಿಗೆ ತಿಳಿ ಹೇಳಿ ಮಾತಿಗೆ ವಿರಾಮ ನೀಡಬೇಕು.,"ಜ್ಞಾನ, ಅರಿವು","Knowledge, awareness",Yes,a,2025-02-05 18:49:35
ತಿಳಿ,"ಡೆಂಗಿ, ಮಲೇರಿಯಾ ಮುಂತಾದ ಸಾಂಕ್ರಾಮಿಕ ರೋಗಗಳು ಹರಡುವಿಕೆ, ನಿಯಂತ್ರಣದ ಬಗ್ಗೆ ತಿಳಿ ಹೇಳುವ ಮಳಿಗೆಯನ್ನು ಆರೋಗ್ಯ ಇಲಾಖೆ ತೆರೆದಿದೆ.","ಜ್ಞಾನ, ಅರಿವು","Knowledge, awareness",Yes,a,2025-02-05 18:49:35
ತಿಳಿ,ಹಿಂದೆ ಈ ಬಗ್ಗೆ ವಯಸ್ಸಿಗೆ ಬಂದ ಮಗಳಿಗೆ ತಿಳಿ ಹೇಳುವುದು ಹೇಗೆ ಎಂಬುದು ಎಲ್ಲಾ ತಾಯಂದಿರ ಸಂಕೋಚ ಹಾಗೂ ಕಳವಳವೂ ಆಗಿತ್ತು.,"ಜ್ಞಾನ, ಅರಿವು","Knowledge, awareness",Yes,a,2025-02-05 18:49:35
ತಿಳಿ,ಮಕ್ಕಳನ್ನು ಈ ರೀತಿ ಕೆಟ್ಟದಾಗಿ ಶಿಕ್ಷಿಸುವುದಕ್ಕಿಂತ ಪೋಷಕರಿಗೆ ತಿಳಿ ಹೇಳುವುದು ಉತ್ತಮ.,"ಜ್ಞಾನ, ಅರಿವು","Knowledge, awareness",Yes,a,2025-02-05 18:49:35
ತಿಳಿ,ಪ್ರಮುಖ ರಸ್ತೆಗಳಲ್ಲಿಯೇ ಇಂತಹ ದಶ್ಯ ಕಂಡುಬರುತ್ತಿದ್ದರೂ ತಿಳಿ ಹೇಳುವ ಅಥವಾ ಕ್ರಮ ಜರುಗಿಸುವ ಕಾರ್ಯ ನಡದೇ ಇಲ್ಲ ಎಂಬ ಅಸಮಾಧಾನ ವಾಹನ ಸವಾರರಿಂದ ವ್ಯಕ್ತವಾಗುತ್ತಿದೆ.,"ಜ್ಞಾನ, ಅರಿವು","Knowledge, awareness",Yes,a,2025-02-05 18:49:36
ತಿಳಿ,ಆ ಹಿನ್ನಲೆಯ ವಿಷಯಗಳನ್ನು ಸಹ ಇಂದು ಜಾನಪದ ಕಲಾವಿದರು ಜನರಿಗೆ ತಿಳಿ ಹೇಳುವುದು ಅವಶ್ಯವಿದೆ ಎಂದು ಹೇಳಿದರು.,"ಜ್ಞಾನ, ಅರಿವು","Knowledge, awareness",Yes,a,2025-02-05 18:49:36
ತಿಳಿ,ಎಂದು ಹಳ್ಳಿ ಹಳ್ಳಿಗಳಿಗೆ ಹೋಗಿ ತಿಳಿ ಹೇಳಿ ಜಾಗ್ರತಿ ಮೂಡಿಸುವ ಇವರಿಂದಾಗಿ ಇತ್ತೀಚೆಗೆ ಮನೆಯಲ್ಲಿ ಕಟ್ಟಿರುವ ಜೇಡದ ಬಲೆ ತೆಗೆಯಲೂ ನಾನು ನೂರು ಸಲ ಯೋಚಿಸುವಂತಾಗಿ ಬಿಟ್ಟಿದೆ.,"ಜ್ಞಾನ, ಅರಿವು","Knowledge, awareness",Yes,a,2025-02-05 18:49:36
ತಿಳಿ,"ಇದಕ್ಕೆ ಉತ್ತರಿಸಿದ ರೈಲ್ವೆ ಇಲಾಖೆ, IRCTC ವೆಬ್‌ಸೈಟ್‌ನಲ್ಲಿ ಇಂತಹ ಅಶ್ಲೀಲ ಜಾಹಿರಾತುಗಳು ಕಾಣಿಸಿಕೊಳ್ಳಲು ನೀವೇ ಕಾರಣ ಎಂಬುದನ್ನು ಟೀಕೆ ಮಾಡಿದ್ದ ವ್ಯಕ್ತಿಗೆ ತಿಳಿ ಹೇಳಿದೆ.","ಜ್ಞಾನ, ಅರಿವು","Knowledge, awareness",Yes,a,2025-02-05 18:49:36
ತಿಳಿ,ಸ್ಕ್ರೀನ್ ಮತ್ತು ಕಣ್ಣುಗಳ ನಡುವೆ ಸೂಕ್ತ ಅಂತರ ಇಟ್ಟು ಕುಳಿತುಕೊಳ್ಳುವಂತೆ ನಿಮ್ಮ ಮಕ್ಕಳಿಗೆ ವಿವರಿಸಬೇಕು ಮತ್ತು ಹೀಗೆ ಮಾಡುವುದರಿಂದ ಕಣ್ಣಿಗೆ ಆಗುವ ಆಯಾಸವನ್ನು ತಡೆಗಟ್ಟಬಹುದು ಎಂಬುದನ್ನು ತಿಳಿ ಹೇಳಿ.,"ಜ್ಞಾನ, ಅರಿವು","Knowledge, awareness",Yes,a,2025-02-05 18:49:36
ತಿಳಿ,ಹಸಿ ಮತ್ತು ಒಣ ಕಸವನ್ನು ಪ್ರತ್ಯೇಕವಾಗಿ ವಿಂಗಡಿಸಿ ನಗರಸಭೆಯ ವಾಹನಗಳಿಗೆ ಹಾಕಬೇಕು ಎಂದು ತಿಳಿ ಹೇಳಿದರು.,"ಜ್ಞಾನ, ಅರಿವು","Knowledge, awareness",Yes,a,2025-02-05 18:49:36
ತಿಳಿ,"ಆದ್ದರಿಂದ ನಿಮ್ಮ ಕುಟುಂಬದಲ್ಲಿ ಯಾರೇಷ್ಟೆ ದೊಡ್ಡವರಿರಲಿ ದೊಡ್ಡ ಹುದ್ದೆಯಲ್ಲಿರಲಿ ಅನ್ಯಾಯ, ಅನೀತಿಯ ಹಾದಿ ತುಳಿಯುತ್ತಿದ್ದರೆ ತಿಳಿ ಹೇಳಿ.","ಜ್ಞಾನ, ಅರಿವು","Knowledge, awareness",Yes,a,2025-02-05 18:49:36
ತಿಳಿ,ಆ ದೇವರು ಮಾಡುತ್ತಾನೆ ನಿರ್ಮಾಣವನ್ನಾ ಈ ಮನುಷಾ ಮಾಡುತ್ತಾನೆ ನಿರ್ನಾಮವನ್ನಾ ಪರಿಸರ ಅಂದ್ರೆ ಇವರಿಗೆ ಕೇರೇ ಇಲ್ಲಾ ಪರಿಸರ ಇಲ್ದೇ ಇವರ ಉಸಿರೇ ಇಲ್ಲಾ ತಿಳಿ ತಿಳಿ ಈ ಸತ್ಯಾ ಓ ಮನುಜಾ ನೀ ನಿತ್ಯಾ ಇದು ಪರಿಸರದಾ ಹಾಡು ಇದು ಪರಿಸರದಾ ಪಾಡು,"ಜ್ಞಾನ, ಅರಿವು","Knowledge, awareness",Yes,a,2025-02-05 18:49:36
ತಿಳಿ,"ತಮ್ಮ ಮಗಳನ್ನು ಪ್ರತಿನಿತ್ಯ ಶಾಲೆಗೆ ಬಿಡಲು ಕರೆದುಕೊಂಡು ಹೋಗುತ್ತಿದ್ದ ಗಿರೀಶ್ ಪಾಟೀಲ್, ಇದನ್ನು ಗಮನಿಸಿ ವಾಹನ ಸವಾರರಿಗೆ ತಿಳಿ ಹೇಳಲು ಈ ಕಾರ್ಯ ಮಾಡುತ್ತಿದ್ದಾರೆ.","ಜ್ಞಾನ, ಅರಿವು","Knowledge, awareness",Yes,a,2025-02-05 18:49:36
ತಿಳಿ,ಉಪನ್ಯಾಸಕರಿಂದ ಉತ್ತಮವಾದ ಶಿಕ್ಷಣವನ್ನು ಪಡೆದಾಗ ಪರೀಕ್ಷೆಯಲ್ಲಿ ಉತ್ತಮವಾದ ಆಂಕಗಳನ್ನು ಪಡೆಯಲು ಸಾಧ್ಯವಿದೆ ಎಂದು ತಿಳಿ ಹೇಳಿದರು.,"ಜ್ಞಾನ, ಅರಿವು","Knowledge, awareness",Yes,a,2025-02-05 18:49:36
ತಿಳಿ,"ಕಂಡಿದ್ದೆಲ್ಲ ಕೇಳಬಹುದು, ಕೇಳಿದ್ದೆಲ್ಲ ಸಿಗುತ್ತದೆ ಎಂಬ ಭಾವನೆ ಮೂಡಿಸೋದಕ್ಕಿಂತ ಅನುಕೂಲ ಇದ್ದಾಗ ಮಾತ್ರ ಲಭ್ಯತೆ ಅನ್ನೋದನ್ನ ತಿಳಿ ಹೇಳಬೇಕಿತ್ತಷ್ಟೇ ನಾನು.","ಜ್ಞಾನ, ಅರಿವು","Knowledge, awareness",Yes,a,2025-02-05 18:49:36
ತಿಳಿ,ನೈತಿಕವಾಗಿ ತಮ್ಮನ್ನು ಕುಗ್ಗಿಸುವ ಪಾಪಕಾರ್ಯಗಳಿಂದ ದೂರವಿರುವಂತೆ ತಿಳಿ ಹೇಳಬೇಕಾಗಿದೆ.,"ಜ್ಞಾನ, ಅರಿವು","Knowledge, awareness",Yes,a,2025-02-05 18:49:36
ತಿಳಿ,ರಾಹುಲ್ ಗಾಂಧಿಗೆ ತಿಳಿ ಹೇಳಿದ ಕುಮಾರಣ್ಣ.,"ಜ್ಞಾನ, ಅರಿವು","Knowledge, awareness",Yes,a,2025-02-05 18:49:36
ತಿಳಿ,"ಮೋದಿಯವರ ಫೋಟೊವನ್ನು ತನ್ನ ಜಾಹೀರಾತಿಗೆ ಬಳಸಿಕೊಂಡ ರಿಲಯನ್ಸ್ ಕಂಪೆನಿಯ ವಿರುದ್ಧ ಕ್ರಮ ಕೈಗೊಳ್ಳದೇ ಇದ್ದರೆ, ಯಾವ ತಿರಂಗ ಯಾತ್ರೆಯೂ ಈ ದೇಶದ ಘನತೆಯನ್ನು ಉಳಿಸಲಾರದು ಎನ್ನುವುದನ್ನು ಬಿಜೆಪಿಯ ಹಿರಿಯ ನಾಯಕರು ಮೋದಿ ಅವರಿಗೆ ತಿಳಿ ಹೇಳುವ ಅಗತ್ಯವಿದೆ.","ಜ್ಞಾನ, ಅರಿವು","Knowledge, awareness",Yes,a,2025-02-05 18:49:36
ತಿಳಿ,ಕರಾವಳಿ ಭಾಗದ ವಿದ್ಯಾರ್ಥಿಗಳ ಜತೆ ಎರಡು ದಿನಗಳ ಸಂವಾದ ನಡೆಸಿದ ಅಬ್ದುಲ್ ಕಲಾಂ ಅವರು ಮತದಾನದ ಮಹತ್ವದ ಬಗ್ಗೆ ಕೂಡಾ ಯುವ ವಿದ್ಯಾರ್ಥಿಗಳಿಗೆ ತಿಳಿ ಹೇಳಿದರು.,"ಜ್ಞಾನ, ಅರಿವು","Knowledge, awareness",Yes,a,2025-02-05 18:49:36
ತಿಳಿ,ಇಷ್ಟು ಮಾತ್ರವಲ್ಲ ಈ ಜಗತ್ತಿಗೆ ಮಾಲಿನ್ಯದಿಂದ ಆಗುವ ತೊಂದರೆಯನ್ನು ತಿಳಿ ಹೇಳಿ ಅದರ ವಿರುದ್ಧ ಹೋರಾಟಕ್ಕಿಳಿದರು.,"ಜ್ಞಾನ, ಅರಿವು","Knowledge, awareness",Yes,a,2025-02-05 18:49:36
ತಿಳಿ,"ಮಾತುಮಾತಿಗೆ ಉರಿದು ಬೀಳುವ ಅಣ್ಣನ ಎದುರೇ, ತಂಗಿಗೆ ತಿಳಿ ಗುಲಾಬಿ ಪಾರದರ್ಶಕ ನಾಜೂಕು ರೆಕ್ಕೆಗಳು ಮೂಡಿ ಅವಳು ಮೆಲ್ಲಗೆ ಅಂತರಿಕ್ಷದಲ್ಲಿ ಏರುತ್ತ ಫ್ಯಾನಿನ ರೆಕ್ಕೆ ತಗುಲಿದ್ದೇ ಶಾಪವಿಮೋಚನೆಗೊಂಡು ಯಾವುದೋ ನಿರ್ಜನ ರೈಲೊಂದರ ಧಡೂತಿ ಡೀಸೆಲ್ ಎಂಜಿನ್ ಡ್ರೈವರ್ ಆಗುವಳು.","ಸ್ವಚ್ಛತೆ, ನೈರ್ಮಲ್ಯ","Cleanliness, hygiene",Yes,Darshan N,2025-02-12 14:44:27
ತಿಳಿ,"ಡಿಎಫ್‌ಆರ್‌ಎಲ್‌ ಸಂಸ್ಥೆಯ ತಂತ್ರಜ್ಞಾನದಿಂದ ಟೊಮೆಟೊವನ್ನು ಸಂಸ್ಕರಿಸುವುದಲ್ಲದೆ ಅದನ್ನು ಬಳಕೆ ಮಾಡಿಕೊಂಡು ಟೊಮೆಟೊ ಸಾಂಬಾರ್‌, ಚಟ್ನಿ, ಸಾಸ್‌, ತಿಳಿ ಸಾಂಬಾರ್‌ ಪೇಸ್ಟ್‌, ಪಲ್ಫ್‌, ಹಸಿರು ಟೊಮೆಟೊ ಪೇಸ್ಟ್‌ನಂತಹ ಆಹಾರ ಪದಾರ್ಥಗಳನ್ನು ತಯಾರಿಸಬಹುದು.","ಸ್ವಚ್ಛತೆ, ನೈರ್ಮಲ್ಯ","Cleanliness, hygiene",Yes,Darshan N,2025-02-12 14:44:27
ತಿಳಿ,"ಕಾಳುಗಳು ತಿಳಿ ಕಂದು ಬಣ್ಣ ಹೊಂದಿದ್ದು, ಬೇಳೆ ತಯಾರಿಸಲು ಉತ್ತಮವಾಗಿರುತ್ತದೆ.","ಸ್ವಚ್ಛತೆ, ನೈರ್ಮಲ್ಯ","Cleanliness, hygiene",Yes,Darshan N,2025-02-12 14:44:27
ತಿಳಿ,ಹೀಗೆ ಎಲ್ಲವನ್ನೂ ತಿಳಿ ಹಾಸ್ಯದಿಂದ ನಿರ್ದೇಶಕರು ಅಚ್ಚುಕಟ್ಟಾಗಿ ಕಟ್ಟಿಕೊಟ್ಟಿದ್ದಾರೆ.,"ಸ್ವಚ್ಛತೆ, ನೈರ್ಮಲ್ಯ","Cleanliness, hygiene",Yes,Darshan N,2025-02-12 14:44:27
ತಿಳಿ,ಅದು ಹಣ್ಣಾಗಿ ತುಂಬಿದ ಬಸುರಿಯ ಪರಿಮಳದಂತೆ ತಿಳಿ ಅರಶಿನ ಬಣ್ಣಕ್ಕೆ ತಿರುಗಿ ಅದರೊಳಗಿನ ನಸುಗೆಂಪು ಹಣ್ಣನ್ನು ಅಳಿಲುಗಳು ತಿನ್ನುತ್ತಿದ್ದವು.,"ಸ್ವಚ್ಛತೆ, ನೈರ್ಮಲ್ಯ","Cleanliness, hygiene",Yes,Darshan N,2025-02-12 14:44:27
ತಿಳಿ,ತಿಳಿ ನೀಲಿ ಬಣ್ಣವು ಸ್ವಾಭಾವಿಕ ಸೌಂದರ್ಯದ ಪ್ರತೀಕ.,"ಸ್ವಚ್ಛತೆ, ನೈರ್ಮಲ್ಯ","Cleanliness, hygiene",Yes,Darshan N,2025-02-12 14:44:27
ತಿಳಿ,ಶ್ರಾವಣದಲ್ಲಿ ಅವೆಲ್ಲಾ ಮಾಯವಾಗಿ ಸಣ್ಣಗಿನ ತಿಳಿ ಜಲ ಜುಳು ಜುಳನೆ ಹರಿಯುತ್ತದೆ.,"ಸ್ವಚ್ಛತೆ, ನೈರ್ಮಲ್ಯ","Cleanliness, hygiene",Yes,Darshan N,2025-02-12 14:44:27
ತಿಳಿ,"ತಿಳಿ ಗುಲಾಬಿ ಬಣ್ಣದ, ಸಿಲ್ವರ್ ಮತ್ತು ಗೋಲ್ಡ್ ಕಂಬಿನೇಷನ್ ನಲ್ಲಿ ಪರ್ಲ್ ಮತ್ತು ಬೀಡ್ಸ್ ಗಳೊಂದಿಗೆ ತಯಾರಿಸಿದ ಸಬ್ಯಾಸಾಚಿ ಲೆಹಂಗಾದಲ್ಲಿ ಅನುಷ್ಕಾ ಕಂಗೊಳಿಸುತ್ತಿದ್ದರು.","ಸ್ವಚ್ಛತೆ, ನೈರ್ಮಲ್ಯ","Cleanliness, hygiene",Yes,Darshan N,2025-02-12 14:44:27
ತಿಳಿ,"ತಿಳಿ ಹಾಸ್ಯದೊಂದಿಗೆ ಸಾಗುವ ಚಿತ್ರವು ಮಧುರವಾದ ಪ್ರೇಮದ ಘಮಲಿನ ಸ್ಪರ್ಶದೊಂದಿಗೆ ಹೆಣ್ಣಿನ ಅಸಾಹಯಕತೆಯನ್ನು ತೆರೆದಿಡುತ್ತಾ, ಮಾಧ್ಯಮಗಳ ಹುಚ್ಚುತನವನ್ನು ಬಯಲಿಗೆಳೆಯುತ್ತಾ ಹೆಣ್ಣುಮಗಳ ಮೌಲ್ಯವನ್ನು ತಿಳಿಸುವುದರೊಂದಿಗೆ ಕೊನೆಯಾಗುತ್ತದೆ.","ಸ್ವಚ್ಛತೆ, ನೈರ್ಮಲ್ಯ","Cleanliness, hygiene",Yes,Darshan N,2025-02-12 14:44:27
ತಿಳಿ,"ತಿಳಿ ಹಸಿರು ಎಂಬುದು ವಸಂತ ಮನಸ್ಥಿತಿ, ಗಾಳಿ, ಶುದ್ಧತೆ ಮತ್ತು ತಣ್ಣನೆಯ ಬಣ್ಣವಾಗಿದೆ.","ಸ್ವಚ್ಛತೆ, ನೈರ್ಮಲ್ಯ","Cleanliness, hygiene",Yes,Darshan N,2025-02-12 14:44:27
ತಿಳಿ,ಬೇಸಿಗೆ ಕಳ್ಳಿ ಕೊಠಡಿ ತೊಡಗಿಸಿಕೊಳ್ಳಲು ತಿಳಿ ಛಾಯೆಯನ್ನು ಅಥವಾ ವಿಂಡೋ ಅಡಿ ರಚಿಸಲು ಆಗಿದೆ.,"ಸ್ವಚ್ಛತೆ, ನೈರ್ಮಲ್ಯ","Cleanliness, hygiene",Yes,Darshan N,2025-02-12 14:44:27
ತಿಳಿ,"ಮೈಬಣ್ಣ ತಿಳಿ ಕಂದು, ಕಡುಗೆಂಪಾಗಿದ್ದು, ಕಿವಿಗಳು ದೊಡ್ಡದಾಗಿವೆ.","ಸ್ವಚ್ಛತೆ, ನೈರ್ಮಲ್ಯ","Cleanliness, hygiene",Yes,Darshan N,2025-02-12 14:44:27
ತಿಳಿ,"ಇದು ತಿಳಿ ಕಪ್ಪು ಬಣ್ಣದ ಶೂಗಳು ತೆಗೆದುಕೊಂಡಿಲ್ಲ ವೇಳೆ, ಸಹಜವಾಗಿ, ಧರಿಸಲು ಉತ್ತಮ.","ಸ್ವಚ್ಛತೆ, ನೈರ್ಮಲ್ಯ","Cleanliness, hygiene",Yes,Darshan N,2025-02-12 14:44:27
ತಿಳಿ,"ಮೊದಲ ಪ್ರಕರಣದಲ್ಲಿ, ಅಪಾರ್ಟ್ಮೆಂಟ್ ಒಂದು ಚಿಕ್ ಮತ್ತು ದುಬಾರಿ ಆಂತರಿಕ ರಚಿಸಲು ತಂತ್ರಜ್ಞಾನವನ್ನು ಬಳಸಿಕೊಂಡು ಗೋಡೆಗಳ ತಿಳಿ ಹಸಿರು ಬಣ್ಣವನ್ನು ಬಳಿಯಲಾಗಿದೆ, ಮತ್ತು ಪೀಠೋಪಕರಣ ನಾವು ಭಾರಿ, ಬಿಳಿಯ ಖರೀದಿ.","ಸ್ವಚ್ಛತೆ, ನೈರ್ಮಲ್ಯ","Cleanliness, hygiene",Yes,Darshan N,2025-02-12 14:44:27
ತಿಳಿ,ಒಣಗಿದ ಕಲ್ಲಂಗಡಿ ತಯಾರಿಸಿದ ಚೂರುಗಳು ಎಲಾಸ್ಟಿಕ್ ಆಗಿರಬೇಕು ಮತ್ತು ಬೆಳಕಿನ ಹಳದಿ ಬಣ್ಣದಿಂದ ತಿಳಿ ಕಂದು ಬಣ್ಣ ಹೊಂದಿರುತ್ತವೆ.,"ಸ್ವಚ್ಛತೆ, ನೈರ್ಮಲ್ಯ","Cleanliness, hygiene",Yes,Darshan N,2025-02-12 14:44:27
ತಿಳಿ,"ದ್ರವ ತಿಳಿ ಹಳದಿ ಮಲ, ಕೆಲವೊಮ್ಮೆ ಜೀರ್ಣಗೊಳ್ಳದ ಆಹಾರ, ಅನಿಲ ಗುಳ್ಳೆಗಳು ಮತ್ತು ಫೋಮ್ ಸಂಗ್ರಹಗಳನ್ನು.","ಸ್ವಚ್ಛತೆ, ನೈರ್ಮಲ್ಯ","Cleanliness, hygiene",Yes,Darshan N,2025-02-12 14:44:27
ತಿಳಿ,"ಮಾತ್ರವಲ್ಲ, ತಿಳಿ ಅಥವಾ ಬಿಳಿಬಣ್ಣದ ಬಟ್ಟೆಗಳು ನೀರು ತಗಲಿದಂತೆ ಹೆಚ್ಚು ಪಾರದರ್ಶಕವೆನಿಸಿ ಇರುಸುಮುರುಸುಂಟಾಗಿಸುವ ಸಾಧ್ಯತೆಯಿರುತ್ತದೆ.","ಸ್ವಚ್ಛತೆ, ನೈರ್ಮಲ್ಯ","Cleanliness, hygiene",Yes,Darshan N,2025-02-12 14:44:27
ತಿಳಿ,ಟೂ ಬಿಸಿ ಮತ್ತು ಬಿಸಿಲು ಕೊಠಡಿ ತಿಳಿ ನೀಲಿ ಮತ್ತು ನೀಲಿ ತಂಪು.,"ಸ್ವಚ್ಛತೆ, ನೈರ್ಮಲ್ಯ","Cleanliness, hygiene",Yes,Darshan N,2025-02-12 14:44:27
ತಿಳಿ,"ಆಕ್ವಾಮರೀನ್, ತಿಳಿ ನೀಲಿ ನೀಲಮಣಿ, ತಿಳಿ ನೀಲಿ ನೀಲಮಣಿ, ಮತ್ತು ವೈಡೂರ್ಯವು ಆ ಶಕ್ತಿಗೆ ಸಂಬಂಧಿಸಿರುವ ಕೆಲವು ಹರಳುಗಳು.","ಸ್ವಚ್ಛತೆ, ನೈರ್ಮಲ್ಯ","Cleanliness, hygiene",Yes,Darshan N,2025-02-12 14:44:27
ತಿಳಿ,ಮದುವೆಯಲ್ಲಿ ಅನುಷ್ಕಾ ತಿಳಿ ಗುಲಾಬಿ ಬಣ್ಣ ಲೆಹಂಗಾ ಅದಕ್ಕೊಪ್ಪುವ ಸುಂದರ ಒಡವೆಗಳನ್ನು ಧರಿಸಿದ್ದರು.,"ಸ್ವಚ್ಛತೆ, ನೈರ್ಮಲ್ಯ","Cleanliness, hygiene",Yes,Darshan N,2025-02-12 14:44:27
ತಿಳಿ,ತಮ್ಮನ್ನು ಆಹಾರ ಮೊದಲು ಹಾಲಿನ ಕೆಲವು ಹನಿಗಳನ್ನು ತಿಳಿ ಸುರಿ.,"ಸ್ವಚ್ಛತೆ, ನೈರ್ಮಲ್ಯ","Cleanliness, hygiene",Yes,Darshan N,2025-02-12 14:44:27
ತಿಳಿ,ಈ ಸರಣಿಗಳು ಬೆಳಕಿನ ಅಥವಾ ತಿಳಿ ಕೂದಲು ಹೊಂದಲು ಬಯಸುವವರಿಗೆ 19 ಛಾಯೆಗಳು ಹೊಂದಿದೆ.,"ಸ್ವಚ್ಛತೆ, ನೈರ್ಮಲ್ಯ","Cleanliness, hygiene",Yes,Darshan N,2025-02-12 14:44:27
ತಿಳಿ,ಈ ಸಿದ್ಧತೆಯಲ್ಲಿ ತಿಳಿ ಹಳದಿ ಬಣ್ಣದ 1 ಪ್ರತಿಶತ ಒಳಹೊಗಿಸುವ ಸ್ಪಷ್ಟ ಪರಿಹಾರವಾಗಿ ಉತ್ಪಾದಿಸಲಾದ ಪಶು ರಾಜ್ಯಗಳ ಬಳಕೆಗೆ ಸೂಚನೆಗಳು.,"ಸ್ವಚ್ಛತೆ, ನೈರ್ಮಲ್ಯ","Cleanliness, hygiene",Yes,Darshan N,2025-02-12 14:44:27
ತಿಳಿ,"ತಿಳಿ ಹಸಿರು ಮಿಶ್ರಿತ ಬಣ್ಣದ ಸೀರೆಯಲ್ಲಿ ರವಿಚಂದ್ರನ್ ಪುತ್ರಿ ಗೀತಾಂಜಲಿ ಮಿಂಚಿದ್ರೆ, ಕಡು ನೀಲಿ ಬಣ್ಣದ ಸೂಟ್ ನಲ್ಲಿ ರವಿ ಭಾವಿ ಅಳಿಯ, ಉದ್ಯಮಿ ಅಜಯ್ ಕಂಗೊಳಿಸುತ್ತಿದ್ದರು.","ಸ್ವಚ್ಛತೆ, ನೈರ್ಮಲ್ಯ","Cleanliness, hygiene",Yes,Darshan N,2025-02-12 14:44:27
ತಿಳಿ,"ಅನೇಕ ಮಾಂತ್ರಿಕ ಸಂಪ್ರದಾಯಗಳಲ್ಲಿ, ಇದು ಮೃದು ನೀಲಿಬಣ್ಣದ ಛಾಯೆಗಳ ಸಮಯವಾಗಿದೆ - ತಿಳಿ ನೀಲಿ ಮತ್ತು ಕೆನ್ನೀಲಿಗಳು, ತಿಳಿ ಹಳದಿ ಬಣ್ಣಗಳು ಮತ್ತು ಪಿಂಕ್ಗಳು.","ಸ್ವಚ್ಛತೆ, ನೈರ್ಮಲ್ಯ","Cleanliness, hygiene",Yes,Darshan N,2025-02-12 14:44:27
ತಿಳಿ,"ಅಂಡಾಕಾರದ ಆಕಾರದಲ್ಲಿರುವ ಮೊಟ್ಟೆಗಳು ಕೆನೆ ಬಿಳಿ ಅಥವಾ ತಿಳಿ ಹಸಿರು ಮತ್ತು ಕಂದು, ಬೂದು ಅಥವಾ ನೇರಳೆ ಕಲೆಗಳು, ಗೆರೆಗಳು ಮತ್ತು ಸ್ಪ್ಲಾಟ್ಗಳೊಂದಿಗೆ ಗುರುತಿಸಲಾಗಿದೆ.","ಸ್ವಚ್ಛತೆ, ನೈರ್ಮಲ್ಯ","Cleanliness, hygiene",Yes,Darshan N,2025-02-12 14:44:27
ತಿಳಿ,"ಇದು ಬಣ್ಣವಿಲ್ಲದ, ವಿಷಕಾರಿ, ನಾಶಕಾರಿ ಅನಿಲ ಅಥವಾ ತಿಳಿ ಹಸಿರು-ಹಳದಿ ದ್ರವವಾಗಿದೆ, ಇದು ನೀವು ಪ್ರತಿಕ್ರಿಯಾತ್ಮಕವಾಗಿದ್ದು, ನೀವು ಹೆಸರಿಸಬಹುದಾದ ಯಾವುದಾದರೂ ವಸ್ತುವಿನ ಬಗ್ಗೆ ಕೇವಲ ದಹನವನ್ನು ಉಂಟುಮಾಡುತ್ತದೆ ಮತ್ತು ಬೆಂಕಿಯನ್ನು ಪ್ರಾರಂಭಿಸಲು ದಹನ ಮೂಲದ ಅಗತ್ಯವಿರುವುದಿಲ್ಲ!","ಸ್ವಚ್ಛತೆ, ನೈರ್ಮಲ್ಯ","Cleanliness, hygiene",Yes,Darshan N,2025-02-12 14:44:27
ತಿಳಿ,"ನೆರಳುಗಳಿಗೆ ಗಮನ ಕೊಡಿ, ಇದು ಸಾಮಾನ್ಯವಾಗಿ ಶಿಷ್ಯರಿಗೆ ಹತ್ತಿರದಲ್ಲಿದೆ ಮತ್ತು ಕಣ್ಣುಗುಡ್ಡೆಯ ಅಂಚುಗಳ ಸುತ್ತಲೂ ತಿಳಿ ಬಣ್ಣಗಳಿಗೆ ಕೆಲಸ ಮಾಡುತ್ತದೆ.","ಸ್ವಚ್ಛತೆ, ನೈರ್ಮಲ್ಯ","Cleanliness, hygiene",Yes,Darshan N,2025-02-12 14:44:27
ತಿಳಿ,"ಈ ಸರೋವರಗಳ ಒಂದು ವೈಶಿಷ್ಟ್ಯವನ್ನು ನೀರಿನ ಕೇವಲ ಅದ್ಭುತ ನೆರಳು, ಆದರೆ ಬಣ್ಣಗಳ ವಿವಿಧ ತಿಳಿ ನೀಲಿ, ವೈಡೂರ್ಯ ಆಸಿಡ್ ಹಸಿರು ಅಲ್ಲ.","ಸ್ವಚ್ಛತೆ, ನೈರ್ಮಲ್ಯ","Cleanliness, hygiene",Yes,Darshan N,2025-02-12 14:44:27
ತಿಳಿ,ನಾನು ಮದುವೆಗೆ ಆ್ಯಂಟಿಕ್‌ ಆಭರಣ ಮತ್ತು ತಿಳಿ ಗುಲಾಬಿ ಬಣ್ಣದ ಸೀರೆ ಉಟ್ಟಿದ್ದರಿಂದ ಅದಕ್ಕೆ ಹೊಂದಿಕೆಯಾಗುವಂತೆಯೇ ಮೊಗ್ಗಿನ ಜಡೆ ಧರಿಸಿದ್ದೆ.,"ಸ್ವಚ್ಛತೆ, ನೈರ್ಮಲ್ಯ","Cleanliness, hygiene",Yes,Darshan N,2025-02-12 14:44:27
ತಿಳಿ,ಒರೆ ಬಣ್ಣ - ತಿಳಿ ಹಳದಿ.,"ಸ್ವಚ್ಛತೆ, ನೈರ್ಮಲ್ಯ","Cleanliness, hygiene",Yes,Darshan N,2025-02-12 14:44:27
ತಿಳಿ,"ಎಲೆಗಳು ಬಣ್ಣ - ತಿಳಿ ಹಸಿರು, ಪ್ರಕಾಶಮಾನವಾದ ಹಸಿರು ಬೆಳ್ಳಿ.","ಸ್ವಚ್ಛತೆ, ನೈರ್ಮಲ್ಯ","Cleanliness, hygiene",Yes,Darshan N,2025-02-12 14:44:27
ತಿಳಿ,ಅದು ಗಾಢ ಜೇನುತುಪ್ಪ ಬಣ್ಣದಿಂದ ತಿಳಿ ಹಳದಿ(ಸ್ಟ್ರಾ ಹಳದಿ) ಬಣ್ಣವನ್ನು ಹೊಂದಿದೆ.,"ಸ್ವಚ್ಛತೆ, ನೈರ್ಮಲ್ಯ","Cleanliness, hygiene",Yes,Darshan N,2025-02-12 14:44:27
ತಿಳಿ,"ಗುಲಾಬಿಗಳು, ಸ್ಟೆತಾನೊಟಿಸ್, ಬಿಳಿ ಬಣ್ಣ ಬಣ್ಣದ ಹೂವುಳ್ಳ ಗಿಡ, ಸೊಗಸಾದ ಬಿಳಿ ಕ್ಯಾಲಾ ಲಿಲ್ಲಿಗಳು, ಬೃಹತ್ ಮತ್ತು ಪರಿಮಳಯುಕ್ತ ಕ್ಯಾಸಾ ಬ್ಲಾಂಕಾ ಲಿಲ್ಲಿಗಳು, ಹೈಡ್ರೇಂಜ, ಸ್ನೋಬಾಲ್ ಮಾಮ್ಸ್, ಮತ್ತು ಡೈಸಿಗಳು (ಶಾಸ್ತಾ ಡೈಸಿಗಳು ಎಂದು ಕೂಡ ಕರೆಯಲ್ಪಡುತ್ತವೆ) ಮುಂತಾದ ಬಿಳಿ ಮತ್ತು ತಿಳಿ ಬಣ್ಣದ ಹೂವುಗಳು, .","ಸ್ವಚ್ಛತೆ, ನೈರ್ಮಲ್ಯ","Cleanliness, hygiene",Yes,Darshan N,2025-02-12 14:44:27
ತಿಳಿ,"ಫ್ಯಾಷನ್ ಪ್ರವೃತ್ತಿಗಳು ಹಾಗೂ ಋತುಗಳ ಅನುಗುಣವಾಗಿ, ಮಹಿಳೆಯರು ಬೇಸಿಗೆಯಲ್ಲಿ ಬಟ್ಟೆಗಳನ್ನು ಗಾಢ ಬಣ್ಣಗಳು ಆರಿಸಿಕೊಳ್ಳಬಹುದು (ತಿಳಿ ಗುಲಾಬಿ, ತಿಳಿ ಹಸಿರು ಅಥವಾ ಆಕಾಶ ನೀಲಿ), ಅಥವಾ ಚಳಿಗಾಲದ - ಒಂದು ಮ್ಯೂಟ್ ಮತ್ತು ಆಳವಾದ (ಕಪ್ಪು, ನೀಲಿ ಬೂದು, ಕಪ್ಪು ಅಥವಾ ಕಂದು).","ಸ್ವಚ್ಛತೆ, ನೈರ್ಮಲ್ಯ","Cleanliness, hygiene",Yes,Darshan N,2025-02-12 14:44:27
ತಿಳಿ,"ತಿಳಿ ಗುಲಾಬಿ ಬಣ್ಣದ ಬ್ರೈಡಲ್ ಲೆಹೆಂಗಾ ತೊಟ್ಟಿದ್ದ ಅನುಷ್ಕಾ ಸುರಸುಂದರಿಯಾಗಿ ಕಂಗೊಳಿಸಿದ್ದರೆ, ಅದಕ್ಕೆ ಸೂಟ್ ಆಗುವಂಥದೇ ಶೆರ್ವಾನಿ ಧರಿಸಿದ್ದ ಕೋಹ್ಲಿ ಸಹ ತಾವೂ ಕಡಿಮೆ ಇಲ್ಲ ಎಂಬಂತೆ ಕಂಡುಬಂದರು.","ಸ್ವಚ್ಛತೆ, ನೈರ್ಮಲ್ಯ","Cleanliness, hygiene",Yes,Darshan N,2025-02-12 14:44:27
ತಿಳಿ,"ತಿಳಿ ಹಸಿರು ತೊಟ್ಟಿನಿಂದ ಕೂಡಿದ ಅಚ್ಚ ಬಿಳಿ ಬಣ್ಣದ ಉಗುನಿ ಹೂವು ಆಕರ್ಷಕ ರಚನೆ ಹೊಂದಿದ್ದು, ಮುಳ್ಳಿಗೆ ಜೋಡಿಸಿದ ಅವುಗಳನ್ನು ನೋಡುವುದೇ ಒಂದು ಚಂದ.","ಸ್ವಚ್ಛತೆ, ನೈರ್ಮಲ್ಯ","Cleanliness, hygiene",Yes,Darshan N,2025-02-12 14:44:27
ತಿಳಿ,"ರೈಟ್ ಇನ್ ದ ರೈನ್ ನಿಂದ ಬಿಳಿ, ಕಂದು, ಮತ್ತು ತಿಳಿ ಹಸಿರುಗಳಲ್ಲಿ ಲಭ್ಯವಿರುವ ಎಲ್ಲಾ-ಹವಾಮಾನ ಕಾಪಿಯರ್ (ಮತ್ತು ಲೇಸರ್ ಮುದ್ರಕ) ಕಾಗದದಲ್ಲೂ ನನಗೆ ತುಂಬಾ ಸಂತೋಷವಾಗಿದೆ.","ಸ್ವಚ್ಛತೆ, ನೈರ್ಮಲ್ಯ","Cleanliness, hygiene",Yes,Darshan N,2025-02-12 14:44:27
ತಿಳಿ,ಅವರು ಟಚ್ ಸುಗಮ ಮತ್ತು ತಿಳಿ ಹಸಿರು ಬಣ್ಣವನ್ನು ಬಳಿಯಲಾಗಿದೆ ಇವೆ.,"ಸ್ವಚ್ಛತೆ, ನೈರ್ಮಲ್ಯ","Cleanliness, hygiene",Yes,Darshan N,2025-02-12 14:44:27
ತಿಳಿ,"ಮದುವೆಯ ಉಡುಪುಗಳು ಹೆಚ್ಚು ವೈವಿಧ್ಯಮಯವಾಗುತ್ತಿವೆ - ಕೆಂಪು, ನೇರಳೆ, ಗುಲಾಬಿ, ಸಹ ಹಳದಿ ಅಥವಾ ತಿಳಿ ಹಸಿರು - ನೀವು ಸಾಮಾನ್ಯ ಬಿಳಿ ಅಥವಾ ಕೆನೆಗೆ ನಿಮ್ಮನ್ನು ಮಿತಿಗೊಳಿಸಲು ಅಗತ್ಯವಿಲ್ಲ - ಎಲ್ಲಾ ಮತ್ತು ಅನೇಕ ಇತರ ಬಣ್ಣಗಳನ್ನು ಮದುವೆಯ ಫ್ಯಾಷನ್ 2013 ರಲ್ಲಿ ಬಳಸಲಾಗುತ್ತದೆ.","ಸ್ವಚ್ಛತೆ, ನೈರ್ಮಲ್ಯ","Cleanliness, hygiene",Yes,Darshan N,2025-02-12 14:44:27
ತಿಳಿ,ಹುಬ್ಬು ತಿಳಿ ಹಳದಿಕಂದು.,"ಸ್ವಚ್ಛತೆ, ನೈರ್ಮಲ್ಯ","Cleanliness, hygiene",Yes,Darshan N,2025-02-12 14:44:27
ತಿಳಿ,"ಅವರಿಗೆ, ಎಲ್ಲಾ ಅಂಶಗಳು ಪೂರ್ವ ಮುಖ ಲಘುವಾಗಿ ಉಪ್ಪುಸಹಿತ ನೀರಿನಲ್ಲಿ ಕುದಿ, ಮತ್ತು ನಂತರ ಒಂದು ಕಡಾಯಿ ಮತ್ತು ತಿಳಿ ಸಾರನ್ನು ಸೇರಿಸಿ ಆಗಿ ಬದಲಾಯಿಸುವಂತೆ ಅಗತ್ಯವಿದೆ, ಔಟ್ ಮುಚ್ಚಳವನ್ನು ಅಡಿಯಲ್ಲಿ ನಂತರ ಕತ್ತರಿಸಿದ ಗಿಡಮೂಲಿಕೆಗಳೊಂದಿಗೆ ತುಂತುರು ಅರ್ಧ ಗಂಟೆ ಮುಚ್ಚಲಾಗಿದೆ ಪುಟ್.","ಸ್ವಚ್ಛತೆ, ನೈರ್ಮಲ್ಯ","Cleanliness, hygiene",Yes,Darshan N,2025-02-12 14:44:28
ತಿಳಿ,ಮರಳು ಅಥವಾ ಮಣ್ಣಿನಲ್ಲಿ ತಟ್ಟೆಯಂತಹ ಹೊಂಡದಲ್ಲಿ ಮೊಟ್ಟೆ ಕಂದು ಚುಕ್ಕೆ ಗಳಿರುವ ಮರುಳು ಬಣ್ಣದ ಅಥವಾ ತಿಳಿ ಹಸಿರಿನ ೨-೩ ಮೊಟ್ಟೆಗಳು.,"ಸ್ವಚ್ಛತೆ, ನೈರ್ಮಲ್ಯ","Cleanliness, hygiene",Yes,Darshan N,2025-02-12 14:44:28
ತಿಳಿ,"ಕಾಯಿಗಳು ಉದ್ದ, ತಿಳಿ ಹಸಿರು ಬಣ್ಣ, ಹೆಕ್ಟೇರಿಗೆ ಸುಮಾರು ೨೬ ಟನ್ನುಗಳವರೆಗೆ ಪಸಲು.","ಸ್ವಚ್ಛತೆ, ನೈರ್ಮಲ್ಯ","Cleanliness, hygiene",Yes,Darshan N,2025-02-12 14:44:28
ತಿಳಿ,ಹಾಗೆಯೇ ಹಿನ್ನೆಲೆಯ ತಿಳಿ ನೀರಲ್ಲಿ ಹೊಳೆಯುವ ಮೋಡಗಳು ಪ್ರತಿಫಲನಗೊಂಡಾಗಿನ ಈ ಸುಂದರ ದೃಶವನ್ನು ಕ್ಯಾಮೆರಾ ಕಣ್ಣಲ್ಲಿ ಸೆರೆಹಿಡಿದವರು ಭಾಗ್ಯ.,"ಸ್ವಚ್ಛತೆ, ನೈರ್ಮಲ್ಯ","Cleanliness, hygiene",Yes,Darshan N,2025-02-12 14:44:28
ತಿಳಿ,"ಹಳದಿ-ಹಸಿರು, ಮೂರನೇ - - ತಿಳಿ ಕೆಂಪು ಕೆಲವು ಪ್ರಭೇದಗಳಲ್ಲಿ, ಗರಿಯಂಥ ಎಲೆಗಳು ತಿಳಿ ಹಸಿರು, ಇತರರು.","ಸ್ವಚ್ಛತೆ, ನೈರ್ಮಲ್ಯ","Cleanliness, hygiene",Yes,Darshan N,2025-02-12 14:44:28
ತಿಳಿ,"ಹೆಣ್ಣು ಹಕ್ಕಿಯ ಬೆನ್ನು ಕಂದು ಗೆಂಪು ಇದ್ದು -ರೆಕ್ಕೆ ಹೊಟ್ಟೆ, ಬಾಲದ ಅಡಿಯಲ್ಲಿ ಕಂದು ಕೆಂಪು ತಿಳಿ ಬಣ್ಣವನ್ನು ಕೂಡಿದೆ.","ಸ್ವಚ್ಛತೆ, ನೈರ್ಮಲ್ಯ","Cleanliness, hygiene",Yes,Darshan N,2025-02-12 14:44:28
ತಿಳಿ,"ಬಿಳಿ, ತಿಳಿ ಗುಲಾಬಿ ಬಣ್ಣದ ಪಟ್ಟಾ–ಪಟ್ಟಿಯ ಬ್ಲೇಜರ್ ಧರಿಸಿನಲ್ಲಿ ಕಂಗೊಳಿಸಿದ ಪ್ರಿಯಾಂಕ ಎಲ್ಲರ ಮೆಚ್ಚುಗೆಗೆ ಪಾತ್ರರಾಗಿದ್ದಾರೆ.","ಸ್ವಚ್ಛತೆ, ನೈರ್ಮಲ್ಯ","Cleanliness, hygiene",Yes,Darshan N,2025-02-12 14:44:28
ತಿಳಿ,"ಲ್ಯಾಶಸ್ ಕೇವಲ ಕಲ್ಲಿದ್ದಲಿನ ಕಪ್ಪು, ತಿಳಿ ಕಣ್ಣುಗಳು ಹೊಂದಿದೆ ಎಂದು ತೋರುತ್ತಿಲ್ಲ.","ಸ್ವಚ್ಛತೆ, ನೈರ್ಮಲ್ಯ","Cleanliness, hygiene",Yes,Darshan N,2025-02-12 14:44:28
ತಿಳಿ,", ತಿಳಿ ಹಸಿರು ಅಥವಾ ಕೆಂಪು ಮಣ್ಣಿನ ಟೇಕ್ ಒಂದು ಸಣ್ಣ ತುಂಡು ಮಾಡಿ.","ಸ್ವಚ್ಛತೆ, ನೈರ್ಮಲ್ಯ","Cleanliness, hygiene",Yes,Darshan N,2025-02-12 14:44:28
ತೀರ್ಥ,"ಒಟ್ಟಿನಲ್ಲಿ ನದಿ ಮೂಲ, ಅರಣ್ಯ ವಿಶೇಷ, ವನ್ಯಸಂಕುಲ, ಜಲಚರ, ನದಿ ದಂಡೆಯ ಕಾಡು, ತೀರ್ಥ ಕ್ಷೇತ್ರ, ಮಳೆಯ ಸ್ಥಿತಿ, ಕೃಷಿ ವಿಶೇಷ ಬಿತ್ತರಿಸಬೇಕು.","ಕೊಳ, ನದಿ ಜಲಪ್ರದೇಶವಿರುವ ಪುಣ್ಯ ಕ್ಷೇತ್ರ",A holy place with pond and river water area,Yes,Darshan R K,2025-02-07 06:31:26
ತೀರ್ಥ,ವಾರಕರಿ ಸಂಪ್ರದಾಯದವರಿಗೆ ಆಳಂದಿ ಒಂದು ತೀರ್ಥ ಕ್ಷೇತ್ರ.,"ಕೊಳ, ನದಿ ಜಲಪ್ರದೇಶವಿರುವ ಪುಣ್ಯ ಕ್ಷೇತ್ರ",A holy place with pond and river water area,Yes,Darshan R K,2025-02-07 06:31:26
ತೀರ್ಥ,ಬೆಂಗಳೂರು: ಅಯೋಧ್ಯೆಯಲ್ಲಿ ಶ್ರೀರಾಮ ಜನ್ಮ ಭೂಮಿಯಲ್ಲಿ ರಾಮಮಂದಿರ ನಿರ್ಮಾಣ ಹಾಗೂ ಸಂಬಂಧಪಟ್ಟ ವಿಷಯಗಳ ಮೇಲ್ವಿಚಾರಣೆಗಾಗಿ ಸುಪ್ರೀಂ ಕೋರ್ಟ್‌ ಮಾರ್ಗಸೂಚಿಯಂತೆ ಕೇಂದ್ರ ಸರ್ಕಾರ ಶ್ರೀರಾಮ ಜನ್ಮಭೂಮಿ ತೀರ್ಥ ಕ್ಷೇತ್ರ ಟ್ರಸ್ಟ್‌ ರಚಿಸುವುದಾಗಿ ಪ್ರಕಟಿಸಿರುವುದನ್ನು ಮುಖ್ಯಮಂತ್ರಿ ಬಿ.,"ಕೊಳ, ನದಿ ಜಲಪ್ರದೇಶವಿರುವ ಪುಣ್ಯ ಕ್ಷೇತ್ರ",A holy place with pond and river water area,Yes,Darshan R K,2025-02-07 06:31:26
ತೀರ್ಥ,ನೇ ಶತಮಾನದಲ್ಲಿ ಸಾಂತರಸರು ಕುಮಧ್ವತಿ ನದಿಯ ಉಗಮ ಸ್ಥಾನದಲ್ಲಿ ತೀರ್ಥ ಕೋಳವನ್ನ ನಿರ್ಮಿಸಿರುವುದು ಪುರಾತತ್ವ ಸಂಗ್ರಾಹಲಯ ಮತ್ತು ಪರಂಪರೆ ಇಲಾಖೆಯ ಸಹಾಯಕ ನಿರ್ದೇಶಕ ಆರ್.,"ಕೊಳ, ನದಿ ಜಲಪ್ರದೇಶವಿರುವ ಪುಣ್ಯ ಕ್ಷೇತ್ರ",A holy place with pond and river water area,Yes,Darshan R K,2025-02-07 06:31:26
ತೀರ್ಥ,ಅಂದು ಮುಂಜಾನೆಯಿಂದಲೇ ನವ ವಧು ವರರು ಪರ್ವತವೇರಿ ಪವಿತ್ರ ತೀರ್ಥ ಕೆರೆಗಳಲ್ಲಿ ಮಿಂದು ಶ್ರೀದೇವರಿಗೆ ಸೇವೆ ಸಲ್ಲಿಸಿ ಪುನೀತರಾಗುತ್ತಾರೆ.,"ಕೊಳ, ನದಿ ಜಲಪ್ರದೇಶವಿರುವ ಪುಣ್ಯ ಕ್ಷೇತ್ರ",A holy place with pond and river water area,Yes,Darshan R K,2025-02-07 06:31:26
ತೀರ್ಥ,ತೀರ್ಥ ಕ್ಷೇತ್ರಗಳ ಸಂದರ್ಶನ ಆತ್ಮ ತೃಪ್ತಿ ಕೊಡಲಿದೆ.,"ಕೊಳ, ನದಿ ಜಲಪ್ರದೇಶವಿರುವ ಪುಣ್ಯ ಕ್ಷೇತ್ರ",A holy place with pond and river water area,Yes,Darshan R K,2025-02-07 06:31:26
ತೀರ್ಥ,೪)ಗೆ ಹೊಂದಿಕೊಮಡು ಸುಮಾರು ೪೦ ಎಕರೆ ಜಮೀನು ಹೊಂದಿರುವ ನವಗ್ರಹ ತೀರ್ಥ ಕ್ಷೇತ್ರವು ತುಂಬಾ ಪ್ರಸಿದ್ಧಿಯನ್ನು ಪಡೆದಿದೆ.,"ಕೊಳ, ನದಿ ಜಲಪ್ರದೇಶವಿರುವ ಪುಣ್ಯ ಕ್ಷೇತ್ರ",A holy place with pond and river water area,Yes,Darshan R K,2025-02-07 06:31:26
ತೀರ್ಥ,"ಭಾರತ ದೇಶವು ಸಾಕಷ್ಟು ಪುಣ್ಯ ಕ್ಷೇತ್ರಗಳು, ತೀರ್ಥ ಕ್ಷೇತ್ರಗಳಿಂದ ಕೂಡಿರುವ ನೆಲೆಬೀಡಾಗಿದೆ.","ಕೊಳ, ನದಿ ಜಲಪ್ರದೇಶವಿರುವ ಪುಣ್ಯ ಕ್ಷೇತ್ರ",A holy place with pond and river water area,Yes,Darshan R K,2025-02-07 06:31:26
ತೀರ್ಥ,ಮುಳಬಾಗಿಲು: ಇಲ್ಲಿನ ನರಸಿಂಹ ತೀರ್ಥ ಸಮೀಪ ರಾಷ್ಟ್ರೀಯ ಹೆದ್ದಾರಿಯಲ್ಲಿ ಜೈಲೋ ಕಾರಿಗೆ ಹಾಲಿನ ಲಾರಿ ಡಿಕ್ಕಿ ಹೊಡೆದು ಪರಿಣಾಮ ಮೂವರು ಮೃತಪಟ್ಟಿರುವ ಘಟನೆ ನಡೆದಿದೆ.,"ಕೊಳ, ನದಿ ಜಲಪ್ರದೇಶವಿರುವ ಪುಣ್ಯ ಕ್ಷೇತ್ರ",A holy place with pond and river water area,Yes,Darshan R K,2025-02-07 06:31:26
ತೀರ್ಥ,"ಡೆಹ್ರಾಡೂನ್: ಪ್ರಸಿದ್ಧ ತೀರ್ಥ ಕ್ಷೇತ್ರ ಬದರಿನಾಥ, ಕೇದಾರನಾಥ​ ದೇಗುಲ ಸಮಿತಿಗೆ ಉತ್ತರಾಖಂಡ ಮುಖ್ಯಮಂತ್ರಿ ತ್ರಿವೇಂದ್ರ ಸಿಂಗ್​ಅವರು ಉದ್ಯಮಿ ಮುಖೇಶ್ ಅಂಬಾನಿ ಅವರ ಪುತ್ರ ಅನಂತ್​ ಅಂಬಾನಿ ಅವರನ್ನು ನೇಮಕ ಮಾಡಿದ್ದಾರೆ.","ಕೊಳ, ನದಿ ಜಲಪ್ರದೇಶವಿರುವ ಪುಣ್ಯ ಕ್ಷೇತ್ರ",A holy place with pond and river water area,Yes,Darshan R K,2025-02-07 06:31:26
ತೀರ್ಥ,ಅಂತೆಯೆ ಇದೊಂದು ಐದು ಸಂಗಮಗಳ ತೀರ್ಥ ಯಾತ್ರೆ ಎಂದೆ ಜನಜನಿತವಾಗಿದೆ ಹಾಗೂ ಯೋಗ್ಯವಾದ ಋತುಮಾನದಲ್ಲಿ ಈ ತಾಣಗಳನ್ನು ದರ್ಶಿಸಲು ದೇಶದೆಲ್ಲೆಡೆಯಿಂದ ಅಪಾರ ಸಂಖ್ಯೆಯಲ್ಲಿ ಭಕ್ತರು ಉತ್ತರಾಖಂಡ ರಾಜ್ಯಕ್ಕೆ ಭೇಟಿ ನೀಡುತ್ತಾರೆ.,"ಕೊಳ, ನದಿ ಜಲಪ್ರದೇಶವಿರುವ ಪುಣ್ಯ ಕ್ಷೇತ್ರ",A holy place with pond and river water area,Yes,Darshan R K,2025-02-07 06:31:26
ತೀರ್ಥ,ಆ ಜಲಧಾರೆಯೇ ಲಕ್ಷ್ಮಣ ತೀರ್ಥ ಎಂದು ಜನ ನಂಬಿದ್ದಾರೆ.,"ಕೊಳ, ನದಿ ಜಲಪ್ರದೇಶವಿರುವ ಪುಣ್ಯ ಕ್ಷೇತ್ರ",A holy place with pond and river water area,Yes,Darshan R K,2025-02-07 06:31:26
ತೀರ್ಥ,ರಾಜ್ಯದ ಪ್ರಸಿದ್ದ ತೀರ್ಥ ಕ್ಷೇತ್ರಗಳಲ್ಲಿ ಒಂದಾದ ಕುಕ್ಕೆ ಸುಬ್ರಮಣ್ಯ ದೇವಸ್ಥಾನದ ತೀರ್ಥ ಬಾವಿಯಲ್ಲಿ ದಿನೇ ದಿನೇ ನೀರು ಬರಿದಾಗುತ್ತಿರುವ ಕಾರಣ ದೇವಸ್ಥಾನದಿಂದ 2 ಕಿ.,"ಕೊಳ, ನದಿ ಜಲಪ್ರದೇಶವಿರುವ ಪುಣ್ಯ ಕ್ಷೇತ್ರ",A holy place with pond and river water area,Yes,Darshan R K,2025-02-07 06:31:26
ತೀರ್ಥ,ಸಿದ್ಧನಾಥ ತೀರ್ಥ ಮಧ್ಯಪ್ರದೇಶದ ಉಜ್ಜೈನಿಯಲ್ಲಿ ಶಿಪ್ರ ನದಿ ತೀರದಲ್ಲಿದೆ.,"ಕೊಳ, ನದಿ ಜಲಪ್ರದೇಶವಿರುವ ಪುಣ್ಯ ಕ್ಷೇತ್ರ",A holy place with pond and river water area,Yes,Darshan R K,2025-02-07 06:31:26
ತೀರ್ಥ,ಮಿ ದೂರದಲ್ಲಿ ಇರುವ ಭಗವಾನ್ ವಾಲ್ಮೀಕಿ ತೀರ್ಥ ಸ್ಥಳವಾಗಿತ್ತು.,"ಕೊಳ, ನದಿ ಜಲಪ್ರದೇಶವಿರುವ ಪುಣ್ಯ ಕ್ಷೇತ್ರ",A holy place with pond and river water area,Yes,Darshan R K,2025-02-07 06:31:26
ತೀರ್ಥ,ನಮಗೆ ಬಾಪೂ ಭಕ್ತರಿಗೆ ಶ್ರೀ ಅನಿರುದ್ಧ ಗುರುಕ್ಪೇತ್ರಂ ಎಂದರೆ ಈ ಸಂಸಾರದ ಸರ್ವೋಚ್ಚ ತೀರ್ಥ ಸ್ಥಳವೇ ಸರಿ.,"ಕೊಳ, ನದಿ ಜಲಪ್ರದೇಶವಿರುವ ಪುಣ್ಯ ಕ್ಷೇತ್ರ",A holy place with pond and river water area,Yes,Darshan R K,2025-02-07 06:31:26
ತೀರ್ಥ,ಉಡುಪಿ: ಅಯೋಧ್ಯೆಯಲ್ಲಿ ರಾಮ ಮಂದಿರ ನಿರ್ಮಾಣ ಹಾಗೂ ಕ್ಷೇತ್ರದ ಅಭಿವೃದ್ಧಿಗಾಗಿ ಸುಪ್ರೀಂ ಕೋರ್ಟ್ ಆದೇಶದಂತೆ ಕೇಂದ್ರ ಸರ್ಕಾರ ಶ್ರೀರಾಮ ಜನ್ಮಭೂಮಿ ತೀರ್ಥ ಕ್ಷೇತ್ರ ಟ್ರಸ್ಟ್‌ ರಚಿಸಿದೆ.,"ಕೊಳ, ನದಿ ಜಲಪ್ರದೇಶವಿರುವ ಪುಣ್ಯ ಕ್ಷೇತ್ರ",A holy place with pond and river water area,Yes,Darshan R K,2025-02-07 06:31:26
ತೀರ್ಥ,ಲಕ್ನೋ : ಉತ್ತರ ಪ್ರದೇಶ ಮುಖ್ಯಮಂತ್ರಿ ಯೋಗಿ ಆದಿತ್ಯನಾಥ್‌ ಅವರು ವೃಂದಾವನ ಮತ್ತು ಬಾರ್‌ಸಾನಾ ವನ್ನು ಪವಿತ್ರ ತೀರ್ಥ ಕ್ಷೇತ್ರಗಳೆಂದು ಘೋಷಿಸಿದ್ದಾರೆ.,"ಕೊಳ, ನದಿ ಜಲಪ್ರದೇಶವಿರುವ ಪುಣ್ಯ ಕ್ಷೇತ್ರ",A holy place with pond and river water area,Yes,Darshan R K,2025-02-07 06:31:26
ತೀರ್ಥ,ಯಾವುದಾದ್ರೂ ತೀರ್ಥ ಕ್ಷೇತ್ರಕ್ಕೆ ತೆರಳುವ ಸಾಧ್ಯತೆ ಇದೆ.,"ಕೊಳ, ನದಿ ಜಲಪ್ರದೇಶವಿರುವ ಪುಣ್ಯ ಕ್ಷೇತ್ರ",A holy place with pond and river water area,Yes,Darshan R K,2025-02-07 06:31:26
ತೀರ್ಥ,ಹಾಗೆಯೇ ದಕ್ಷಿಣ ಭಾರತದ ಪ್ರಸಿದ್ದ ತೀರ್ಥ ಕ್ಷೇತ್ರಗಳಾದ,"ಕೊಳ, ನದಿ ಜಲಪ್ರದೇಶವಿರುವ ಪುಣ್ಯ ಕ್ಷೇತ್ರ",A holy place with pond and river water area,Yes,Darshan R K,2025-02-07 06:31:26
ತೀರ್ಥ,"ಈ ಹಿನ್ನೆಲೆಯಲ್ಲಿ ಪಂಚ ತೀರ್ಥ ಸಪ್ತ ಕ್ಷೇತ್ರ ರಥಯಾತ್ರೆಗೆ ಭಾರತೀಯ ಜನಾತ ಪಾರ್ಟಿ ಬೆಂಬಲ ನೀಡುತ್ತಿದ್ದು, ರಥಯಾತ್ರೆ ಸಂದರ್ಭ ಆಯಾ ಕ್ಷೇತ್ರ ವ್ಯಾಪ್ತಿಯಲ್ಲಿ ಬಿಜೆಪಿ ಕಾರ್ಯಕರ್ತರು ಪಾಲ್ಗೊಂಡು ಹೋರಾಟಕ್ಕೆ ಬೆಂಬಲ ವ್ಯಕ್ತಪಡಿಸಲಿದ್ದಾರೆ ಎಂದರು.","ಕೊಳ, ನದಿ ಜಲಪ್ರದೇಶವಿರುವ ಪುಣ್ಯ ಕ್ಷೇತ್ರ",A holy place with pond and river water area,Yes,Darshan R K,2025-02-07 06:31:26
ತೀರ್ಥ,ರಾಷ್ಟ್ರಕೂಟರು ಈ ಊರನ್ನು ಆಳುತ್ತಿದ್ದಾಗ ಮುಳಗುಂದ ಜೈನರ ತೀರ್ಥ ಕ್ಷೇತ್ರವಾಗಿತ್ತು.,"ಕೊಳ, ನದಿ ಜಲಪ್ರದೇಶವಿರುವ ಪುಣ್ಯ ಕ್ಷೇತ್ರ",A holy place with pond and river water area,Yes,Darshan R K,2025-02-07 06:31:26
ತೀರ್ಥ,ಹಿರಿಯರ ತೀರ್ಥ ಯಾತ್ರೆಗೆ ಏರ್ಪಾಟು ಮಾಡುವಿರಿ.,"ಕೊಳ, ನದಿ ಜಲಪ್ರದೇಶವಿರುವ ಪುಣ್ಯ ಕ್ಷೇತ್ರ",A holy place with pond and river water area,Yes,Darshan R K,2025-02-07 06:31:26
ತೀರ್ಥ,"ಡೆಹರಾಡೂನ್‌,ಮೇ 9-ಸುಪ್ರಸಿದ್ಧ, ಹಿಂದುಗಳ ಪಾಲಿನ ಪವಿತ್ರ ತೀರ್ಥ ಕ್ಷೇತ್ರಗಳಲ್ಲಿ ಒಂದಾಗಿರುವ ಕೇದಾರನಾಥ ದೇಗುಲದ ಬಾಗಿಲನ್ನು ಆರು ತಿಂಗಳ ನಂತರ ಮತ್ತೆ ತೆರೆಯಲಾಗಿದೆ.","ಕೊಳ, ನದಿ ಜಲಪ್ರದೇಶವಿರುವ ಪುಣ್ಯ ಕ್ಷೇತ್ರ",A holy place with pond and river water area,Yes,Darshan R K,2025-02-07 06:31:26
ತೀರ್ಥ,ಭದ್ರಾಚಲಂ ದೇವಸ್ಥಾನ : ಭದ್ರಾಚಲಂ ಭಾರತದ ದಕ್ಷಿಣ ಭಾಗದ ತೆಲಂಗಾಣ ರಾಜ್ಯದ ಖಮ್ಮಮ್ ಜಿಲ್ಲೆಯಲ್ಲಿರುವ ಒಂದು ಸಣ್ಣ ಪಟ್ಟಣ ಹಾಗೂ ಪ್ರಬುದ್ಧ ತೀರ್ಥ ಕ್ಷೇತ್ರ.,"ಕೊಳ, ನದಿ ಜಲಪ್ರದೇಶವಿರುವ ಪುಣ್ಯ ಕ್ಷೇತ್ರ",A holy place with pond and river water area,Yes,Darshan R K,2025-02-07 06:31:26
ತೀರ್ಥ,ತೀರ್ಥ ಕ್ಷೇತ್ರಗಳಿಗೆ ಯಾತ್ರೆ ಮಾಡುವ ಯೋಗ ಇದೆ ಜೊತೆಗೆ ನಿಮಗೆ ಪುಣ್ಯ ಲಭ್ಯ ಆಗುತ್ತದೆ.,"ಕೊಳ, ನದಿ ಜಲಪ್ರದೇಶವಿರುವ ಪುಣ್ಯ ಕ್ಷೇತ್ರ",A holy place with pond and river water area,Yes,Darshan R K,2025-02-07 06:31:26
ತೀರ್ಥ,ಬುಧವಾರ ಕೇಂದ್ರ ಸರ್ಕಾರ ರಾಮ ಮಂದಿರ ನಿರ್ಮಾಣ ಸಂಬಂಧ ಸುಪ್ರೀಂ ನಿರ್ದೇಶನದಂತೆ ಶ್ರೀರಾಮ ಜನ್ಮಭೂಮಿ ತೀರ್ಥ ಕ್ಷೇತ್ರ ಹೆಸರಿನ ಟ್ರಸ್ಟ್ ಸ್ಥಾಪಿಸಿತ್ತು.,"ಕೊಳ, ನದಿ ಜಲಪ್ರದೇಶವಿರುವ ಪುಣ್ಯ ಕ್ಷೇತ್ರ",A holy place with pond and river water area,Yes,Darshan R K,2025-02-07 06:31:26
ತೀರ್ಥ,ಮಹರ್ಷಿ ವಾಲ್ಮೀಕಿಗೆ ಸಮರ್ಪಿಸಲಾಗಿರುವ ಭಗವಾನ್ ವಾಲ್ಮೀಕಿ ತೀರ್ಥ ಸ್ಥಳವು ಅಮೃತಸರದಿಂದ 11 ಕಿ.,"ಕೊಳ, ನದಿ ಜಲಪ್ರದೇಶವಿರುವ ಪುಣ್ಯ ಕ್ಷೇತ್ರ",A holy place with pond and river water area,Yes,Darshan R K,2025-02-07 06:31:26
ತೀರ್ಥ,ಸನಾತನ ಧರ್ಮದ ಅಷ್ಟೂ ತೀರ್ಥ ಕ್ಷೇತ್ರಗಳ ರಾಜ ಈ ಪ್ರಯಾಗ.,"ಕೊಳ, ನದಿ ಜಲಪ್ರದೇಶವಿರುವ ಪುಣ್ಯ ಕ್ಷೇತ್ರ",A holy place with pond and river water area,Yes,Darshan R K,2025-02-07 06:31:27
ತೀರ್ಥ,ಕಂಖಲ : ವಾಯು ಪುರಾಣ ಹಾಗೂ ಮಹಾಭಾರತದಲ್ಲಿ ಕನಖಲ ಎಂದು ಕರೆಯಲ್ಪಟ್ಟಿದ್ದ ಈ ಸ್ಥಳವು ಉತ್ತರಾಖಂಡ ರಾಜ್ಯದ ಪ್ರಸಿದ್ಧ ತೀರ್ಥ ಕ್ಷೇತ್ರ ಹರಿದ್ವಾರದಲ್ಲಿದೆ.,"ಕೊಳ, ನದಿ ಜಲಪ್ರದೇಶವಿರುವ ಪುಣ್ಯ ಕ್ಷೇತ್ರ",A holy place with pond and river water area,Yes,Darshan R K,2025-02-07 06:31:27
ತೀರ್ಥ,"ರಾಯಚೂರು: ಹೊಸ ವರ್ಷಾಚರಣೆ ನೆಪದಲ್ಲಿ ಡಿಸೆಂಬರ್ 31ರಂದು ರಾಜ್ಯದ ವಿವಿಧ ತೀರ್ಥ ಕ್ಷೇತ್ರ, ಸಾರ್ವಜನಿಕ ಸ್ಥಳ ಮತ್ತು ಪ್ರೇಕ್ಷಣೀಯ ಪ್ರದೇಶದಲ್ಲಿ ನಡೆಯುವ ಕುಸಂಸ್ಕೃತಿಯನ್ನು ತಡೆಗಟ್ಟಬೇಕು.","ಕೊಳ, ನದಿ ಜಲಪ್ರದೇಶವಿರುವ ಪುಣ್ಯ ಕ್ಷೇತ್ರ",A holy place with pond and river water area,Yes,Darshan R K,2025-02-07 06:31:27
ತೀರ್ಥ,"ತದನಂತರ ಅವರು ಅಲ್ಲಿ ಇಲ್ಲಿ ಅಲೆಮಾರಿಯಾಗಿ, ಧಾರ್ಮಿಕತೆಯಲ್ಲಿ ಆಸಕ್ತಿಯನ್ನು ಬೆಳೆಸಿಕೊಳ್ಳುತ್ತ ಸನ್ಯಾಸಿ ಜೀವನ ನಡೆಸುತ್ತ, ಕಾಶಿ, ಹರಿದ್ವಾರ, ಬದರಿ, ಪುರಿ, ದ್ವಾರಕಾಗಳಂತಹ ತೀರ್ಥ ಕ್ಷೇತ್ರಗಳಿಗೆಲ್ಲ ಭೇಟಿ ನೀಡಿದರು.","ಕೊಳ, ನದಿ ಜಲಪ್ರದೇಶವಿರುವ ಪುಣ್ಯ ಕ್ಷೇತ್ರ",A holy place with pond and river water area,Yes,Darshan R K,2025-02-07 06:31:27
ತೀರ್ಥ,"ಅಂದು ಬೆಳಗ್ಗೆ 6 ಗಂಟೆಗೆ ಮೂಲದೇವರಿಗೆ ಪಂಚಾಮೃತ ಅಭಿಷೇಕ, 11 ಗಂಟೆಗೆ ಪೂರ್ಣಾಹುತಿ, ನಂತರ ಕುಂಬಾಭಿಷೇಕ, 1 ಗಂಟೆಗೆ ಮಹಾಮಂಗಳಾರತಿ ತೀರ್ಥ ಪ್ರಸಾದ ವಿನಿಯೋಗವಿರಲಿದೆ.",ಪವಿತ್ರ ಜಲ,Holy Water,Yes,Darshan R K,2025-02-07 05:29:25
ತೀರ್ಥ,"ನಂತರ 11 ರಿಂದ 11-30ರವರಗೆ ತಪ್ತ ಮುದ್ರಾಧಾರಣಿ, ಮಧ್ಯಾಹ್ನ 1 ಗಂಟೆಗೆ ಶ್ರೀ ಮಠದ ಸಂಸ್ಥಾನ ಪೂಜೆ ಮತ್ತು ಮಹಾ ನೈವೇದ್ಯ ಹಾಗೂ ತೀರ್ಥ ಪ್ರಸಾದ ಕಾರ್ಯಕ್ರಮ ನೆರವೇರುವವು.",ಪವಿತ್ರ ಜಲ,Holy Water,Yes,Darshan R K,2025-02-07 05:29:25
ತೀರ್ಥ,ನಿತ್ಯವೂ ದೇವಾಲಯದ ಆರ್ಚಕರು ಕಲ್ಯಾಣಿಯಿಂದ ತೀರ್ಥ ತೆಗೆದುಕೊಂಡು ಹೋಗಿ ದೇವರಿಗೆ ಅಭಿಷೇಕ ನಡೆಸುತ್ತಾರೆ.,ಪವಿತ್ರ ಜಲ,Holy Water,Yes,Darshan R K,2025-02-07 05:29:25
ತೀರ್ಥ,ಬಳಿಕ ಮಹಾಮಂಗಳಾರತಿ ನಡೆದು ನೆರೆದಿದ್ದ ಭಕ್ತರು ದೇವರ ದರ್ಶನ ಪಡೆದು ತೀರ್ಥ ಪ್ರಸಾದ ಸ್ವೀಕರಿಸಿದರು.,ಪವಿತ್ರ ಜಲ,Holy Water,Yes,Darshan R K,2025-02-07 05:29:25
ತೀರ್ಥ,"ಉದಯ­ರಾಗ, ಅಷ್ಟೋತ್ತರ, ಅಲಂಕಾರ ಸೇವಾ, ವಿಶೇಷ ಪಂಚಾಮೃತ ಅಭಿಷೇಕ ರಜತ ರಥೋತ್ಸವ, ಕನಕಾಭಿಷೇಕ, ಪುಷ್ಪಾಲಂಕಾರ, ತೀರ್ಥ ಪ್ರಸಾದ ವಿತರಣೆಗಳು ನಡೆದವು.",ಪವಿತ್ರ ಜಲ,Holy Water,Yes,Darshan R K,2025-02-07 05:29:25
ತೀರ್ಥ,"ಮಂಗಳಾರತಿ ತೆಗೆದುಕೊಂಡರೆ ಉಷ್ಣ, ತೀರ್ಥ ತೆಗೆದುಕೊಂಡರೆ ಶೀತ.",ಪವಿತ್ರ ಜಲ,Holy Water,Yes,Darshan R K,2025-02-07 05:29:25
ತೀರ್ಥ,"ಈ ಸಂದರ್ಭದಲ್ಲಿ ಭಜನೆ, ನಾರಾಯಣ ಗುರುಗಳ ಸಹಸ್ರ ನಾಮಾವಳಿ ಹಾಗೂ ತೀರ್ಥ ಪ್ರಸಾದ ವಿತರಿಸಲಾಯಿತು.",ಪವಿತ್ರ ಜಲ,Holy Water,Yes,Darshan R K,2025-02-07 05:29:25
ತೀರ್ಥ,ಕನಕದಾಸರ ಮೇಲೆ ಅವರ ಗುರುಗಳಾದ ವ್ಯಾಸರಾಯ ಸ್ವಾಮಿಗಳಿಗೆ ಅಭಿಮಾನ ಪ್ರೀತಿ ಗುರುಗಳು ತಮ್ಮ ಈ ಶಿಷ್ಯನಲ್ಲಿ ಇಷ್ಟೊಂದು ಅಭಿಮಾನವಿಟ್ಟಿರುವುದನ್ನು ಕಂಡು ಇತರ ಶಿಷ್ಯರಿಗೆ ಅಸಮಾಧಾನ ಜಾತಿಯಲ್ಲಿ ವಿದ್ಯೆಯಲ್ಲೂ ತಮಗಿಂತಲೂ ಕಡಿಮೆ ಮಟ್ಟದ ಕನಕದಾಸನಿಗೆ ಗುರುಗಳು ಮೊದಲು ತೀರ್ಥ ಕೊಡುತ್ತಿದ್ದುದು ಬೇಸರವನ್ನುಂಟು ಮಾಡಿತು.,ಪವಿತ್ರ ಜಲ,Holy Water,Yes,Darshan R K,2025-02-07 05:29:25
ತೀರ್ಥ,"ಬೆಳಗ್ಗೆ ಬೇಗನೇ ಎದ್ದು, ಕೆರೆಯಲ್ಲಿ ಎರಡು ಮುಳುಗು ಹಾಕಿ, ವರಂಗ ಪೇಟೆ, ಬಸದಿ ಮಾರ್ಗದಲ್ಲಿ ಸುತ್ತಾಡಿ ಮನೆಗೆ ಮರಳಿ, ತಿಂಡಿ ತೀರ್ಥ ಮುಗಿಸಿ ಬೇರೆಯವರ ತೋಟದ ಕೆಲಸಕ್ಕೆ ಹೋಗೋದು ಅವನ ದಿನಚರಿಯಂತೆ.",ಪವಿತ್ರ ಜಲ,Holy Water,Yes,Darshan R K,2025-02-07 05:29:25
ತೀರ್ಥ,ಹಿಂದೆಲ್ಲ ಪ್ರತಿ ದಿನ ಹೋಗುತ್ತಿದ್ದ ತನ್ನೂರಿನ ಏಕಮಾತ್ರ ದೇವಸ್ಥಾನಕ್ಕೆ ಹೋಗಿ ನಮಸ್ಕರಿಸಿ ತೀರ್ಥ ಪ್ರಸಾದ ಸ್ವೀಕರಿಸಿ ಬಂದಳು.,ಪವಿತ್ರ ಜಲ,Holy Water,Yes,Darshan R K,2025-02-07 05:29:25
ತೀರ್ಥ,ಭಕ್ತರಿಗೆ ಸುಲಭಸಾಧ್ಯವಾಗುವಂತೆ ಇತ್ತೀಚಿನ ವರ್ಷಗಳಲ್ಲಿ ತೀರ್ಥ ಬಾಟಲಿಗಳ ವಿತರಣಾ ವ್ಯವಸ್ಥೆ ಅಳವಡಿಸಲಾಗಿದೆಯೇ ಹೊರತು ಪೂರ್ವಕಾಲದಲ್ಲಿ ತೀರ್ಥಬಾಟಲಿಗಳೇ ಇರಲಿಲ್ಲ.,ಪವಿತ್ರ ಜಲ,Holy Water,Yes,Darshan R K,2025-02-07 05:29:25
ತೀರ್ಥ,"ಮನೆಯಲ್ಲಿ ಪೂಜೆಗಳನ್ನು ಮಾಡಿದಾಗ, ದೇವಸ್ಥಾನದಲ್ಲೋ ಅಥವಾ ಇನ್ನೆಲ್ಲಾದರೂ ದೇವರ ದರ್ಶನ ಪಡೆದ ಬಳಿಕ ತೀರ್ಥ ಸ್ವೀಕರಿಸುತ್ತೇವೆ.",ಪವಿತ್ರ ಜಲ,Holy Water,Yes,Darshan R K,2025-02-07 05:29:25
ತೀರ್ಥ,ಪುರಾತನವಾದ ಈ ಅಗಸ್ತ್ಯೇಶ್ವರ ದೇವಾಲಯದಲ್ಲಿರುವ ಲಿಂಗದ ಶಿಖರದಲ್ಲಿ ರಂಧ್ರವಿದ್ದು ಅದರಿಂದ ಕಾರಂಜಿಯ ತೀರ್ಥ ಬರುತ್ತದೆ.,ಪವಿತ್ರ ಜಲ,Holy Water,Yes,Darshan R K,2025-02-07 05:29:25
ತೀರ್ಥ,ಇಲ್ಲಿನ ಬೆಟ್ಟದಲ್ಲಿ ಒಳಕಲ್ಲು ತೀರ್ಥ ಇದೆ ಆ ತೀರ್ಥದಲ್ಲಿ ನೀರು ಕಂಡರೂ ಅದು ನಮ್ಮ ಕೈಗೆ ಸಿಗುವುದಿಲ್ಲ.,ಪವಿತ್ರ ಜಲ,Holy Water,Yes,Darshan R K,2025-02-07 05:29:25
ತೀರ್ಥ,"ಹಾಗೆ ಸಣ್ಣ ಎಚ್ಚರಿಕೆ - ಹಾಗೆ ಎಗ್ಗುಸಿಗ್ಗಿಲ್ಲದೆ ಎಕ್ಕಮುಕ್ಕ ಎರಡು ಮೂರು ಹಣ್ಣು ತಿನ್ನಲು ಹೋಗಬೇಡಿ ; ನಂತರದ ಫಾರಿನ್ ಯಾತ್ರೆಯಲ್ಲಿ ಕೆಲವೊಮ್ಮೆ ಕೆಂಪು ತೀರ್ಥ ವಿಸರ್ಜನೆಯಾಗಿದ್ದು ಕಂಡು ರಕ್ತವೊ ಏನೋ ಅಂತ ಗಾಬರಿಬಿದ್ದು , ಡಾಕ್ಟರ ಹತ್ತಿರ ಹೋಗಿ.",ಪವಿತ್ರ ಜಲ,Holy Water,Yes,Darshan R K,2025-02-07 05:29:25
ತೀರ್ಥ,"ಬೆಳಗಾವಿ,5: ವರ್ಷದುದ್ದ ಬೆಳೆದುಬಂದ ತೀರ್ಥ ಪ್ರಸಾದದ ದುರಾಭ್ಯಾಸಕ್ಕೆ ಶ್ರಾವಣ ಎನ್ನುವ ಹಿಂದೂಗಳ ಪವಿತ್ರ ಮಾಸ ತಿಂಗಳ ಕಾಲ ವಿರಾಮ ನೀಡಲಿದೆ.",ಪವಿತ್ರ ಜಲ,Holy Water,Yes,Darshan R K,2025-02-07 05:29:25
ತೀರ್ಥ,ಚುಂಬಕ ಶಕ್ತಿಯ ಕಲ್ಲಿನ ಮೇಲೆ ಹರಿದಾಡಿ ನಂತರ ಗಿಡ ಮೂಲಿಕೆಗಳ ಲೇಪನದ ಅಂಶಗಳನ್ನು ಹೊಂದಿರುವುದರಿಂದ ಆ ತೀರ್ಥ ಸಾಕಷ್ಟು ಒಷಧೀಯ ಗುಣಗಳನ್ನು ಹೊಂದಿರುತ್ತದೆ ಎನ್ನಲಾಗುತ್ತದೆ ಹಾಗೂ ಎಲ್ಲ ದೈಹಿಕ ಹೀನತೆಗಳನ್ನು ಹೋಗಲಾಡೈಸಬಲ್ಲುದು ಎಂದು ಬಕ್ತರು ನಂಬುತ್ತಾರೆ.,ಪವಿತ್ರ ಜಲ,Holy Water,Yes,Darshan R K,2025-02-07 05:29:25
ತೀರ್ಥ,"ಆನಂತರ ಅರಮನೆ ಆವರಣದಲ್ಲಿನ ಎಲ್ಲ ದೇವಾಲಯಗಳು, ಚಾಮುಂಡಿಬೆಟ್ಟದ ದೇಗುಲ, ಶೃಂಗೇರಿಪೀಠ, ನಗರದ ಕಾಮಕಾಮೇಶ್ವರಿ ದೇವಸ್ಥಾನ, ತಿರುಪತಿ ದೇವಸ್ಥಾನ, ತಮಿಳುನಾಡಿನ ಶ್ರೀರಂಗಂ ದೇವಾಲಯಗಳಲ್ಲಿ ವಿಶೇಷ ಪೂಜೆ ಸಲ್ಲಿಸಿ ತಂದ ತೀರ್ಥ ಪ್ರಸಾದಗಳನ್ನು ಯದುವೀರರಿಗೆ ದೇವಾಲಯದವರು ನೀಡಿದರು.",ಪವಿತ್ರ ಜಲ,Holy Water,Yes,Darshan R K,2025-02-07 05:29:25
ತೀರ್ಥ,l ಗರ್ಭಗುಡಿ ಪ್ರವೇಶಿಸುವ ಮುಜಾವರ್ರಿಂದಲೇ ಭಕ್ತರಿಗೆ ತೀರ್ಥ ವಿತರಣೆ,ಪವಿತ್ರ ಜಲ,Holy Water,Yes,Darshan R K,2025-02-07 05:29:25
ತೀರ್ಥ,"ಮೊದಲ ದಿನವಾದ ಇಂದು(ಭಾನುವಾರ) ರಾತ್ರಿ 7 ಗಂಟೆಗೆ ಮಹಾ ಗಣಪತಿ ಹೋಮ, ಸುದರ್ಶನ ಹೋಮ, ನವಗ್ರಹ ಹೋಮ ನಡೆದ ನಂತರ 10 ಗಂಟೆಗೆ ಪೂರ್ಣಾ ಹುತಿ, ಮಹಾಮಂಗಳಾರತಿ ನಡೆದು ತೀರ್ಥ ಪ್ರಸಾದ ವಿನಿ ಯೋಗಿಸಲಾಯಿತು.",ಪವಿತ್ರ ಜಲ,Holy Water,Yes,Darshan R K,2025-02-07 05:29:25
ತೀರ್ಥ,ಮಡಿಕೇರಿ: ದೇವಾಲಯದ ಹೆಸರಿನಲ್ಲಿ ಕೊರಿಯರ್ ಮೂಲಕ ಬಂದ ತೀರ್ಥ ಸೇವಿಸಿದ ವ್ಯಕ್ತಿಯೊಬ್ಬರು ಮೃತ ಪಟ್ಟಿರುವ ಘಟನೆ ಸೋಮವಾರ ಪೇಟೆಯಲ್ಲಿ ನಡೆದಿದೆ.,ಪವಿತ್ರ ಜಲ,Holy Water,Yes,Darshan R K,2025-02-07 05:29:25
ತೀರ್ಥ,ತೀರ್ಥ ಹೇಗೆ ಸ್ವೀಕರಿಸಬೇಕು?,ಪವಿತ್ರ ಜಲ,Holy Water,Yes,Darshan R K,2025-02-07 05:29:25
ತೀರ್ಥ,ದೇಗುಲಕ್ಕೆ ಬಂದಿದ್ದ ಭಕ್ತರಿಗೆ ಸರಾಯಿ ತೀರ್ಥ ವನ್ನು ನೀಡಲಾಯ್ತು.,ಪವಿತ್ರ ಜಲ,Holy Water,Yes,Darshan R K,2025-02-07 05:29:25
ತೀರ್ಥ,»ಈ ಕೂಷ್ಮಾಂಡಿನಿ ದೇವಿಯ ತೀರ್ಥ ಸೇವಿಸಿದ್ರೆ ಕಾಯಿಲೆ ವಾಸಿಯಾಗುತ್ತಂತೆ !,ಪವಿತ್ರ ಜಲ,Holy Water,Yes,Darshan R K,2025-02-07 05:29:25
ತೀರ್ಥ,"ಹೋಮ–ಹವನ; ಕ್ಷೀರಾಭಿಷೇಕ, ತೀರ್ಥ ಪ್ರಸಾದ ವಿನಿಯೋಗ",ಪವಿತ್ರ ಜಲ,Holy Water,Yes,Darshan R K,2025-02-07 05:29:25
ತೀರ್ಥ,"ಶ್ರೀ ಕ್ಷೇತ್ರದಲ್ಲಿ ಮೇ 31 ರಂದು ಬೆಳಗ್ಗೆ 6 ರಿಂದ ದೀಪಬಲಿ, ಮಹಾಪೂಜೆ, ಸಂಜೆ 6 ರಿಂದ ಕೃಷ್ಣ ಕಲಾ ಡಾನ್ಸ್‌ ಅಕಾಡೆಮಿ ದಹಿಸರ್‌ ಇವರಿಂದ ಭರತನಾಟ್ಯ, ಸಂಜೆ 7 ರಿಂದ ಉತ್ಸವ ಬಲಿ, ವಸಂತ ಕಟ್ಟೆ ಪೂಜೆ, ಮಹಾಪೂಜೆ, ತೀರ್ಥ ಪ್ರಸಾದ ವಿತರಣೆ, ನಿತ್ಯ ಬಲಿ ನಡೆಯಿತು.",ಪವಿತ್ರ ಜಲ,Holy Water,Yes,Darshan R K,2025-02-07 05:29:25
ತೀರ್ಥ,"ವಾಸವಿ ರಸ್ತೆಯಲ್ಲಿ ನೆಲೆಸಿದ ಗಂಗಮ್ಮ ದೇವಿ ಹಾಗೂ ಮಾರಮ್ಮ ದೇವಿಗೆ ವಿಶೇಷ ಹೂವಿನ ಅಲಂಕಾರ ಮಾಡಿ , ತೀರ್ಥ ಪ್ರಸಾದ ವಿನಿಯೋಗ ನಡೆಯಿತು.",ಪವಿತ್ರ ಜಲ,Holy Water,Yes,Darshan R K,2025-02-07 05:29:25
ತೀರ್ಥ,"ಅಲ್ಲಿ ಏಸುಕ್ರಿಸ್ತನ ಫೋಟೋಗೆ ಪುಷ್ಪಾರ್ಚನೆ, ಚಾಮರ, ಆರತಿ, ಶಂಖ, ತೀರ್ಥ ಇತ್ಯಾದಿಗಳ ಮೂಲಕ ಪಂಚೋಪಚಾರ ಪೂಜೆ ಸಲ್ಲಿಸಲಾಗುತ್ತದೆ.",ಪವಿತ್ರ ಜಲ,Holy Water,Yes,Darshan R K,2025-02-07 05:29:25
ತೀರ್ಥ,ಮಹದೇಶ್ವರ ಭಕ್ತರು ಉಘೇ ಉಘೇ ಉಘೇ ಮಾದಪ್ಪ ಎನ್ನುವ ಜೈಕಾರದೊಡನೆ ಮುದ್ದು ಮಾದಪ್ಪನ ದರ್ಶನ ಪಡೆದು ಸರದಿ ಸಾಲಿನಲ್ಲಿ ಬಂದು ತೀರ್ಥ ಪ್ರಸಾದ ಹಾಗೂ ಎಣ್ಣೆ ಮಜ್ಜನ ಪ್ರಸಾದವನ್ನು ಸ್ವೀಕರಿಸಿದರು.,ಪವಿತ್ರ ಜಲ,Holy Water,Yes,Darshan R K,2025-02-07 05:29:26
ತೀರ್ಥ,"ಹೌದು, ದೇವರ ತೀರ್ಥ ಹಾಕಿದಾಗ ಮೇಕೆ ತನ್ನ ದೇಹ ಅಲುಗಾಡಿಸಿದರೆ ಹರಕೆ ಈಡೇರುತ್ತದೆ ಎಂಬುದು ನಂಬಿಕೆ.",ಪವಿತ್ರ ಜಲ,Holy Water,Yes,Darshan R K,2025-02-07 05:29:26
ತೀರ್ಥ,"ಊರಿನ ಅಧಿದೈವಗಳಾದ ದೇವಮ್ಮ, ಮಾದೇಶ್ವರ ಗುಡಿ ಅಲ್ಲದೆ ಬಸವಣ್ಣನ ಮಂಟಪದ ಬಳಿಯೂ ಬಂಡಿಗಳೂ ಬಂದು ಪೂಜೆ ಸಲ್ಲಿಸಿ, ತೀರ್ಥ ಹಾಕಿಸಿಕೊಂಡ ನಂತರ ಅವರು ಹೊತ್ತ ಹರಕೆ ತೀರಿದಂತಾಗುತ್ತದೆ.",ಪವಿತ್ರ ಜಲ,Holy Water,Yes,Darshan R K,2025-02-07 05:29:26
ತೀರ್ಥ,"ತಾಯಿಯ ಪಾದದ ಬಳಿ ಬಿಸಾಕಿದರೆ, ಆಮೇಲೆ ನಿನಗೆ ಮುಂದೆಂದೂ ಅನ್ನನೀರು ಸಿಗುವುದಿಲ್ಲ ಎಂದು ಎಚ್ಚರಿಕೆ ನೀಡಿ ಯುವತಿಗೆ ತೀರ್ಥ ಪ್ರೋಕ್ಷಣೆ ಮಾಡಿದಾಗ ಕ್ಷಣಾರ್ಧದಲ್ಲಿ ಸಹೋದರನ ಆತ್ಮ ಯುವತಿಯ ಮೈಯಿಂದ ದೂರಾವಾದದ್ದು, ಘಟನೆ ನಡೆದು ಎರಡ್ಮೂರು ದಿನವಾದರೂ ಕಣ್ಣಮುಂದೆ ಬಂದು ನಿಲ್ಲುತ್ತದೆ.",ಪವಿತ್ರ ಜಲ,Holy Water,Yes,Darshan R K,2025-02-07 05:29:26
ತೀರ್ಥ,"ಈ ಮುರುಘಾ ಮೂರ್ತಿಗೆ ಹಾಲು, ಪವಿತ್ರ ತೀರ್ಥ ಮತ್ತು ಪಂಚಾಮೃತದ ಅಭಿಷೇಕ ಮಾಡಲಾಗುತ್ತದೆ ಹೀಗೆ ನಿತ್ಯ ಅಭಿಷೇಕ ಮಾಡುವುದರಿಂದ ಮುರುಘ ಮೂರ್ತಿಗೆ ಯಾವುದೇ ಹಾನಿಯಾಗುವುದಿಲ್ಲ.",ಪವಿತ್ರ ಜಲ,Holy Water,Yes,Darshan R K,2025-02-07 05:29:26
ತೀರ್ಥ,"ರಂದು ಬೆಳಗ್ಗೆ ಗುರುಗಣಪತಿ ಪೂಜೆ, ಪುಣ್ಯಾಹ, ಗಣಪತಿ ಹೋಮ, ಕಲಾ ಹೋಮ, ತತ್ವ ಹೋಮ, ತತ್ವ ಶಾಂತಿ ಹೋಮ, ದುರ್ಗಾ ಹೋಮ, ತತ್ವಕಲಶಾಭಿಷೇಕ, ಮಹಾಪೂಜೆ, ತೀರ್ಥ ಪ್ರಸಾದ ವಿನಿಯೋಗ ನಡೆಯಲಿದ್ದು, ಮಧ್ಯಾಹ್ನ 12.",ಪವಿತ್ರ ಜಲ,Holy Water,Yes,Darshan R K,2025-02-07 05:29:26
ತೀರ್ಥ,"ತೀರ್ಥೋದ್ಭವದ ಹಂತದಲ್ಲಿ ಯಾವುದೇ ನೂಕು ನುಗ್ಗಲಿಗೆ ಅವಕಾಶವಾಗದಂತೆ ಪೊಲೀಸರು ಅಗತ್ಯ ಬ್ಯಾರಿಕೇಡ್‌ಗಳನ್ನು ನಿರ್ಮಿಸಿದ್ದರಾದರು, ತೀರ್ಥೋದ್ಭವದ ಬಳಿಕ ಭಕ್ತ ಸಮೂಹಕ್ಕೆ ತೀರ್ಥ ಸ್ವೀಕಾರಕ್ಕೆ ಅನುವುಮಾಡಿಕೊಡುವುದರೊಂದಿಗೆ ಕೊಳ ಭಕ್ತರಿಂದ ತುಂಬಿತ್ತಾದರೆ ಕಾವೇರಿ ಮಾತಾ ಘೋಷಣೆ ಮುಗಿಲು ಮುಟ್ಟಿತ್ತು.",ಪವಿತ್ರ ಜಲ,Holy Water,Yes,Darshan R K,2025-02-07 05:29:26
ತೀರ್ಥ,ಇದರಿಂದ ಆ ತೀರ್ಥ ಅತ್ಯಂತ ಪವಿತ್ರವಾಗಿ ಬದಲಾಗುತ್ತದೆ.,ಪವಿತ್ರ ಜಲ,Holy Water,Yes,Darshan R K,2025-02-07 05:29:26
ತೀರ್ಥ,ದೇಗುಲಕ್ಕೆ ಬಂದ 13 ಮಂದಿ ಮುಸ್ಲಿಂ ಮುಖಂಡರು ತೀರ್ಥ ಪ್ರಸಾದ ಸ್ವೀಕರಿಸಿದರು.,ಪವಿತ್ರ ಜಲ,Holy Water,Yes,Darshan R K,2025-02-07 05:29:26
ತುರಿ,ಈರುಳ್ಳಿ ಮತ್ತು ತುರಿದ ಈರುಳ್ಳಿ ರಸ ತುರಿ ದೈನಂದಿನ ಚರ್ಮದ ಪೀಡಿತ ಪ್ರದೇಶದಲ್ಲಿ ತೊಡೆ.,ಒಂದು ಬಗೆಯ ಚರ್ಮರೋಗ,Itch,Yes,Darshan R K,2025-02-05 19:10:21
ತುರಿ,"ನಾವು ಫ್ರಿಜ್ನ ಶೆಲ್ಫ್ನಲ್ಲಿ ಹಲವಾರು ಗಂಟೆಗಳ ಕಾಲ ಹಂದಿ ಮಾಂಸವನ್ನು ಬಿಡುತ್ತೇವೆ, ಅದರ ನಂತರ ನಾವು ಚೂರುಗಳನ್ನು ಮರದ ಚರ್ಮದ ಮೇಲೆ ನೀರಿನಲ್ಲಿ ನೆನೆಸಿ, ತುರಿ ಮೇಲೆ ಇರಿಸಿ.",ಒಂದು ಬಗೆಯ ಚರ್ಮರೋಗ,Itch,Yes,Darshan R K,2025-02-05 19:10:21
ತುರಿ,"ಮೂಲಂಗಿ ಬೀಜವನ್ನು ನಿಂಬೆರಸದಲ್ಲಿ ಅರೆದು ಹಚ್ಚುವುದರಿಂದ ಹುಳುಕಡ್ಡಿ, ತುರಿ ರೋಗಗಳು ಗುಣವಾಗುತ್ತದೆ.",ಒಂದು ಬಗೆಯ ಚರ್ಮರೋಗ,Itch,Yes,Darshan R K,2025-02-05 19:10:21
ತುರಿ,ಅರಿವಿಲ್ಲದೇ ನಾಲ್ಕು ಸಲ ಅಡ್ಡಾದಿಡ್ಡೀ ಕಡಿ ಆಡಿಸಿದ್ದಕ್ಕೆ ಸ್ವಲ್ಪ ತುರಿ ಬೀಳುವುದು ಇರಬಹುದು.,ಒಂದು ಬಗೆಯ ಚರ್ಮರೋಗ,Itch,Yes,Darshan R K,2025-02-05 19:10:21
ತುರಿ,"ಏತನ್ಮಧ್ಯೆ ಕಜ್ಜೀ ಕುರು, ತುರಿ ಆದ್ರೆ",ಒಂದು ಬಗೆಯ ಚರ್ಮರೋಗ,Itch,Yes,Darshan R K,2025-02-05 19:10:21
ತುರಿ,"ಮನೆ ಚಿಕಿತ್ಸೆಯ ಮತ್ತೊಂದು ರೂಪಾಂತರ ಬೀಟ್ಗೆಡ್ಡೆಗಳು ತುರಿ ಎಂದು, ಒಂದು ನೋಯುತ್ತಿರುವ ಕೈಯಿಂದ ಕಿವಿ ಕಾಲುವೆ ನಮೂದಿಸುವ ಮಡಿಸಿದ ಬ್ಯಾಂಡೇಜ್ ಹಲವು ಪದರಗಳ ಪುಟ್.",ಒಂದು ಬಗೆಯ ಚರ್ಮರೋಗ,Itch,Yes,Darshan R K,2025-02-05 19:10:21
ತುರಿ,*ಆಲೂಗಡ್ಡೆಯನ್ನು ನಿಂಬೆ ರಸದಲ್ಲಿ ನುಣ್ಣಗೆ ಅರೆದು ಚರ್ಮದ ಮೇಲೆ ಲೇಪಿಸಿದರೆ ತುರಿ ಕಜ್ಜಿ ನಿವಾರಣೆಯಗುವದು.,ಒಂದು ಬಗೆಯ ಚರ್ಮರೋಗ,Itch,Yes,Darshan R K,2025-02-05 19:10:21
ತುರಿ,ಇದರೊಂದಿಗೆ ಚರ್ಮದಲ್ಲಿ ಉಂಟಾಗುವ ತುರಿ ಕಜ್ಜಿಯನ್ನು ಕೂಡ ಇದು ವಾಸಿ ಮಾಡುತ್ತದೆ.,ಒಂದು ಬಗೆಯ ಚರ್ಮರೋಗ,Itch,Yes,Darshan R K,2025-02-05 19:10:22
ತುರಿ,"- ತುರಿ ಮತ್ತು ಯಾತನೆಯಿಂದ ಇವೆ ಸ್ಥಳಗಳಲ್ಲಿ ಇರಿಸಬೇಕಾಗುತ್ತದೆ ಕಚ್ಚಾ ಆಲೂಗಡ್ಡೆ,, ಇದು ಉರಿಯೂತ ಕಡಿಮೆ ಸಹಾಯ ಮಾಡುತ್ತದೆ;",ಒಂದು ಬಗೆಯ ಚರ್ಮರೋಗ,Itch,Yes,Darshan R K,2025-02-05 19:10:22
ತುರಿ,ತುರಿ ಸಿಪ್ಪೆ - ಬಿಳಿ ಭಾಗ ಸ್ಪರ್ಶಕ್ಕೆ ಅಲ್ಲ ಆದ್ದರಿಂದ ಜಾಗರೂಕತೆಯಿಂದ.,ಒಂದು ಬಗೆಯ ಚರ್ಮರೋಗ,Itch,Yes,Darshan R K,2025-02-05 19:10:22
ತುರಿ,"ನಾವು ಕ್ಯಾರೆಟ್ ಮತ್ತು ಈರುಳ್ಳಿವನ್ನು ಸ್ವಚ್ಛಗೊಳಿಸಿ, ಈರುಳ್ಳಿ ಚೆನ್ನಾಗಿ ನುಣ್ಣಗೆ ಹಾಕಿ ಸಣ್ಣ ಕ್ಯಾರಟ್ನಲ್ಲಿ ಕ್ಯಾರೆಟ್ ತುರಿ ಮಾಡಿ ಟೊಮ್ಯಾಟೊ ಮಾಂಸ ಬೀಸುವ ಮೂಲಕ ಹಾದುಹೋಗಲಿ.",ತೆಂಗಿನಕಾಯಿ ಕೊಬ್ಬರಿ ಹೆರೆ,Grated,Yes,Darshan R K,2025-02-05 19:21:02
ತುರಿ,"ಅದೇ ಬಾಣಲಿಗೆ ಸೇಬುಹಣ್ಣಿನ ತುರಿ ಹಾಕಿ, ಚೆನ್ನಾಗಿ ಮಗುಚಿ, ಅದಕ್ಕೆ ಸಕ್ಕರೆ ಬೆರೆಸಿ.",ತೆಂಗಿನಕಾಯಿ ಕೊಬ್ಬರಿ ಹೆರೆ,Grated,Yes,Darshan R K,2025-02-05 19:21:02
ತುರಿ,"ನಂತರ ಅದಕ್ಕೆ ಹದವಾಗಿ ಒಗ್ಗರಣೆ ಹಾಕಿ, ಮೇಲೆ ನಾಲ್ಕಾರು ಕೊಬ್ಬರಿ ತುರಿ ಉದುರಿಸಿದರೆ ರುಚಿ ರುಚಿ ಹುಳಿಯನ್ನ ಸಿದ್ದ.",ತೆಂಗಿನಕಾಯಿ ಕೊಬ್ಬರಿ ಹೆರೆ,Grated,Yes,Darshan R K,2025-02-05 19:21:02
ತುರಿ,", ಸಂಸ್ಕರಿಸಿದ ಚೀಸ್ ತುರಿ ಸಾರು ಅವುಗಳನ್ನು ಕಳುಹಿಸಿ.",ತೆಂಗಿನಕಾಯಿ ಕೊಬ್ಬರಿ ಹೆರೆ,Grated,Yes,Darshan R K,2025-02-05 19:21:02
ತುರಿ,ಈಗ ದಂಡ ತುರಿಯುವ ಮಣೆ ಮೇಲೆ ಚೀಸ್ ತುರಿ ಮತ್ತು ಹಾಳೆಯ ನಿಮ್ಮ ಹಾಳೆಯಲ್ಲಿ ಚೀಸ್ ಮೂರನೇ ಒಂದು ಸುರಿಯುತ್ತಾರೆ (ಉದ್ದ ರೋಲ್ ಉದ್ದಕ್ಕೆ ಸಮನಾಗಿರುವುದು ಇರಬೇಕು).,ತೆಂಗಿನಕಾಯಿ ಕೊಬ್ಬರಿ ಹೆರೆ,Grated,Yes,Darshan R K,2025-02-05 19:21:02
ತುರಿ,ಮೊಟ್ಟೆಗಳನ್ನು ಕುದಿಸಿ ಮತ್ತು ಅವುಗಳನ್ನು ತುರಿ ಮಾಡಿ.,ತೆಂಗಿನಕಾಯಿ ಕೊಬ್ಬರಿ ಹೆರೆ,Grated,Yes,Darshan R K,2025-02-05 19:21:02
ತುರಿ,"ದಟ್ಟಣೆ ಮತ್ತು ಮೂಗಿನ ಊತ ತೆಗೆದುಹಾಕಲು, ಬಹಳ ಉತ್ತಮ ತುರಿಯುವ ಮಣೆ ಮೇಲೆ ತಾಜಾ ಶುಂಠಿ ಮೂಲ ತುರಿ ಮತ್ತು ರಸ ಹಿಂಡು.",ತೆಂಗಿನಕಾಯಿ ಕೊಬ್ಬರಿ ಹೆರೆ,Grated,Yes,Darshan R K,2025-02-05 19:21:02
ತುರಿ,"ನೆನೆಸಿದ ಕುಚ್ಚಿಗೆ ಅಕ್ಕಿ 2 ಕಪ್, ನೆನೆಸಿದ ಬೆಳ್ತಿಗೆ ಅಕ್ಕಿ (ದೋಸೆ ಅಕ್ಕಿ) 1 ಕಪ್, ತೆಂಗಿನಕಾಯಿ ತುರಿ 1 ಕಪ್, ಈರುಳ್ಳಿ 2, ಹಸಿಮೆಣಸಿನಕಾಯಿ 2, ಶುಂಠಿ ಒಂದು ಇಂಚು, ಕರಿಬೇವಿನ ಎಲೆಗಳು 10, ಉಪ್ಪು ರುಚಿಗೆ ತಕ್ಕಷ್ಟು.",ತೆಂಗಿನಕಾಯಿ ಕೊಬ್ಬರಿ ಹೆರೆ,Grated,Yes,Darshan R K,2025-02-05 19:21:02
ತುರಿ,"ನೀವು ಮೊದಲ ಒರಟಾದ ತುರಿಯುವ ಮಣೆ ಮೇಲೆ, ಬೆಣ್ಣೆ ತುರಿ ಮಾಡಬೇಕು ನಂತರ ಸಕ್ಕರೆ, ಮೊಟ್ಟೆ ಮತ್ತು ಹಿಟ್ಟಿನ ಪುಟ್.",ತೆಂಗಿನಕಾಯಿ ಕೊಬ್ಬರಿ ಹೆರೆ,Grated,Yes,Darshan R K,2025-02-05 19:21:02
ತುರಿ,ಕ್ಯಾರೆಟ್ ತುರಿ ಮತ್ತು ತರಕಾರಿ ಎಣ್ಣೆಯಲ್ಲಿ ಆರಿಸು.,ತೆಂಗಿನಕಾಯಿ ಕೊಬ್ಬರಿ ಹೆರೆ,Grated,Yes,Darshan R K,2025-02-05 19:21:02
ತುರಿ,ಕಾಯಿ ತುರಿ - 2 ಚಮಚ,ತೆಂಗಿನಕಾಯಿ ಕೊಬ್ಬರಿ ಹೆರೆ,Grated,Yes,Darshan R K,2025-02-05 19:21:02
ತುರಿ,"ಕ್ಯಾರೆಟ್ ಕ್ಲೀನ್, ತುರಿ ಒರಟಾಗಿ ಇವೆ.",ತೆಂಗಿನಕಾಯಿ ಕೊಬ್ಬರಿ ಹೆರೆ,Grated,Yes,Darshan R K,2025-02-05 19:21:02
ತುರಿ,ಇಳಿಸುವ ಮುನ್ನ ತೆಂಗಿನ ಕಾಯಿ ತುರಿ ಸೇರಿಸಿದರೆ ರುಚಿ ಇನ್ನಷ್ಟು ಹೆಚ್ಚುತ್ತದೆ.,ತೆಂಗಿನಕಾಯಿ ಕೊಬ್ಬರಿ ಹೆರೆ,Grated,Yes,Darshan R K,2025-02-05 19:21:02
ತುರಿ,", ಸೌತೆಕಾಯಿ ತಿರುಳು ತುರಿ ಪಾರ್ಸ್ಲಿ ಮತ್ತು ಹಾಲೊಡಕು ಸೇರಿಸಿ.",ತೆಂಗಿನಕಾಯಿ ಕೊಬ್ಬರಿ ಹೆರೆ,Grated,Yes,Darshan R K,2025-02-05 19:21:02
ತುರಿ,"ತರಕಾರಿಗಳನ್ನು ತಯಾರಿಸಿ, ಶುಂಠಿ ಮತ್ತು ಬೆಳ್ಳುಳ್ಳಿಯನ್ನು ತುರಿ ಮಾಡಿ, ಎಲ್ಲವೂ ಸಿದ್ಧವಾಗುತ್ತವೆ.",ತೆಂಗಿನಕಾಯಿ ಕೊಬ್ಬರಿ ಹೆರೆ,Grated,Yes,Darshan R K,2025-02-05 19:21:02
ತುರಿ,ಆಲೂಗಡ್ಡೆ ತುರಿ,ತೆಂಗಿನಕಾಯಿ ಕೊಬ್ಬರಿ ಹೆರೆ,Grated,Yes,Darshan R K,2025-02-05 19:21:02
ತುರಿ,"ಒರಟಾಗಿ, ಒಂದು ತುರಿಯುವ ಮಣೆ ಮೇಲೆ ಹಣ್ಣು ತುರಿ ಸಾಸ್ ಮತ್ತು ಚೂರುಚೂರು ಮೂಲಂಗಿ ಸೇರಿಸಿ.",ತೆಂಗಿನಕಾಯಿ ಕೊಬ್ಬರಿ ಹೆರೆ,Grated,Yes,Darshan R K,2025-02-05 19:21:02
ತುರಿ,"ನೀವು ಒಂದು ದೊಡ್ಡ ತುರಿಯುವ ಮಣೆ ಮೇಲೆ ಚೀಸ್ ತುರಿ ಮಾಡಬೇಕು ನಂತರ, ಒಂದು ಚಾಕುವಿನಿಂದ ಬೆಳ್ಳುಳ್ಳಿ ಕೊಚ್ಚು ಅಥವಾ ಪತ್ರಿಕಾ ಮೂಲಕ ಹಾದುಹೋಗುತ್ತವೆ.",ತೆಂಗಿನಕಾಯಿ ಕೊಬ್ಬರಿ ಹೆರೆ,Grated,Yes,Darshan R K,2025-02-05 19:21:02
ತುರಿ,"ಘನ ಚೀಸ್ ತುರಿ 100-150 ಗ್ರಾಂ ಟೊಮ್ಯಾಟೊ, ಟಕ್ ಮೇಯನೇಸ್, ಮೆಣಸು ಸಂಪರ್ಕ.",ತೆಂಗಿನಕಾಯಿ ಕೊಬ್ಬರಿ ಹೆರೆ,Grated,Yes,Darshan R K,2025-02-05 19:21:02
ತುರಿ,ಕೊಬ್ಬರಿ ತುರಿ – 1 ಕಪ್,ತೆಂಗಿನಕಾಯಿ ಕೊಬ್ಬರಿ ಹೆರೆ,Grated,Yes,Darshan R K,2025-02-05 19:21:02
ತುರಿ,"ಮಾರ್ಜಕಗಳ ನೂರು ಗ್ರಾಂ ತುರಿ ಒಂದು ತುರಿಯುವ ಮಣೆ ಮೇಲೆ ಇದನ್ನು ಮಾಡಲು, ನೀರಿನ ಒಂದು ಲೀಟರ್ ಮೇಲೆ ಸುರಿಯುತ್ತಾರೆ.",ತೆಂಗಿನಕಾಯಿ ಕೊಬ್ಬರಿ ಹೆರೆ,Grated,Yes,Darshan R K,2025-02-05 19:21:02
ತುರಿ,ಈಗ ನೀವು ಕ್ಯಾರೆಟ್ ತುರಿ ಮತ್ತು ಮೊಟ್ಟೆ ಮೇಲೆ ಲೇ ಅಗತ್ಯವಿದೆ.,ತೆಂಗಿನಕಾಯಿ ಕೊಬ್ಬರಿ ಹೆರೆ,Grated,Yes,Darshan R K,2025-02-05 19:21:02
ತುರಿ,"ಮುಖ್ಯವಾಗಿ ಇದಕ್ಕೆ ಬೇಕಿರುವುದು ಬ್ರೆಡ್‌ ಪೀಸ್‌ ನಾಲ್ಕು, ಕ್ಯಾರೆಟ್‌ ಎರಡು, ಒಣಮೆಣಸು ಮೂರು, ಉಪ್ಪು ರುಚಿಗೆ ತಕ್ಕಷ್ಟು, ಪುದೀನಾ ಸೊಪ್ಪು ಒಂದು ಹಿಡಿ, ಹಸಿ ಮೆಣಸು ಎರಡು, ಕಾಯಿ ತುರಿ ಎರಡು ಚಮಚ, ಲಿಂಬೆ ರಸ ಒಂದು ಚಮಚ, ತುರಿದ ಪನ್ನೀರ್‌ ದೊಡ್ಡ ಚಮಚದಲ್ಲಿ ಎರಡು.",ತೆಂಗಿನಕಾಯಿ ಕೊಬ್ಬರಿ ಹೆರೆ,Grated,Yes,Darshan R K,2025-02-05 19:21:02
ತುರಿ,"ತೊಟ್ಟುಗಳನ್ನು ಬೀಟ್ ಎಲೆಗಳು ತೊಟ್ಟುಗಳನ್ನು ಅಡುಗೆಯ ಕೊನೆಯಲ್ಲಿ ಎಲೆಗಳನ್ನು ಸೇರಿಸಿ, ತರಕಾರಿ ತೈಲ ಒಂದು ಪ್ಯಾನ್ ವಿನೆಗರ್, ಬೀಟ್ಗೆಡ್ಡೆಗಳು ತುರಿ ಮತ್ತು ಸ್ಟ್ಯೂ ಬೇಯಿಸಲಾದ ಮಾಡಬೇಕು.",ತೆಂಗಿನಕಾಯಿ ಕೊಬ್ಬರಿ ಹೆರೆ,Grated,Yes,Darshan R K,2025-02-05 19:21:03
ತುರಿ,ಚೀಸ್ ತುರಿ ಅಥವಾ ಚಾಪ್ ಉತ್ತಮ ಅದರೊಂದಿಗೇ.,ತೆಂಗಿನಕಾಯಿ ಕೊಬ್ಬರಿ ಹೆರೆ,Grated,Yes,Darshan R K,2025-02-05 19:21:03
ತುರಿ,ಸಹ ಪ್ರತ್ಯೇಕವಾಗಿ ತಾಜಾ ಗಿಡಮೂಲಿಕೆಗಳು ಮತ್ತು ತುರಿ ಚೀಸ್ ಕೊಚ್ಚು ಅಗತ್ಯವಿದೆ.,ತೆಂಗಿನಕಾಯಿ ಕೊಬ್ಬರಿ ಹೆರೆ,Grated,Yes,Darshan R K,2025-02-05 19:21:03
ತುರಿ,ಆಲೂಗಡ್ಡೆಗಳು ಮತ್ತು ಈರುಳ್ಳಿ ಸಣ್ಣ ತುಂಡುಗಳನ್ನು ಮತ್ತು ಕ್ಯಾರೆಟ್ ತುರಿ ಕತ್ತರಿಸಿದ್ದನ್ನು.,ತೆಂಗಿನಕಾಯಿ ಕೊಬ್ಬರಿ ಹೆರೆ,Grated,Yes,Darshan R K,2025-02-05 19:21:03
ತುರಿ,"ಇದಕ್ಕೆ ಹೆಚ್ಚಿದ ಗುಜ್ಜೆಯನ್ನು ಹಾಕಿ ನೀರು, ಉಪ್ಪು, ಅರಸಿನ ಹುಡಿ ಹಾಕಿ ಮೆತ್ತಗೆ ಬೆಂದ ನಂತರ ಬೆಲ್ಲ, ಹುಳಿ ಹಾಕಿ ನೀರು ಆರುವವರೆಗೆ ಬೇಯಿಸಿ ತೆಂಗಿನ ತುರಿ ಹಾಕಿ ಎರಡು ನಿಮಿಷ ಹುರಿದುಕೊಂಡು ಇಳಿಸಿ.",ತೆಂಗಿನಕಾಯಿ ಕೊಬ್ಬರಿ ಹೆರೆ,Grated,Yes,Darshan R K,2025-02-05 19:21:03
ತುರಿ,"ಇದನ್ನು ಮಾಡಲು, ನೀವು ಒಂದು ಉತ್ಪನ್ನವನ್ನು ತೆಗೆದುಕೊಳ್ಳಬೇಕು, ಉದಾಹರಣೆಗೆ, ಮೀನು ಅಥವಾ ಮಾಂಸ, ಮಸಾಲೆಗಳೊಂದಿಗೆ ಅದನ್ನು ತುರಿ ಮಾಡಿ, ಅದನ್ನು ಒಂದು ಚಿತ್ರದಲ್ಲಿ ಪ್ಯಾಕ್ ಮಾಡಿ ಮತ್ತು ಬೇಕಾದ ತಾಪಮಾನಕ್ಕೆ ಪೂರ್ವಭಾವಿಯಾಗಿ ನೀರಿನಲ್ಲಿ ಒಂದು ಪ್ಯಾನ್ ನಲ್ಲಿ ಇರಿಸಿ.",ತೆಂಗಿನಕಾಯಿ ಕೊಬ್ಬರಿ ಹೆರೆ,Grated,Yes,Darshan R K,2025-02-05 19:21:03
ತುರಿ,"ಬೇಯಿಸಿದ ಮೊಟ್ಟೆಗಳು, ಚೀಸ್, ಬೀಜಗಳು, ಬೆಳ್ಳುಳ್ಳಿ ತುರಿ ಮತ್ತು ನಯವಾದ ಮೇಯನೇಸ್ ರವರೆಗೆ ಸಂಪೂರ್ಣವಾಗಿ ಮಿಶ್ರಣ.",ತೆಂಗಿನಕಾಯಿ ಕೊಬ್ಬರಿ ಹೆರೆ,Grated,Yes,Darshan R K,2025-02-05 19:21:03
ತುರಿ,ಹಾಲನ್ನು ಕ್ಯಾರಟ್ ನ ತುರಿ ಪೂರ್ಣವಾಗಿ ಹೀರಿಕೊಂಡ ಬಳಿಕ ಉರಿಯನ್ನು ಚಿಕ್ಕದಾಗಿಸಿ ಇನ್ನೂ ಎರಡು ದೊಡ್ಡ ಚಮಚ ತುಪ್ಪವನ್ನು ಹಾಕಿ ತಿರುವಿ.,ತೆಂಗಿನಕಾಯಿ ಕೊಬ್ಬರಿ ಹೆರೆ,Grated,Yes,Darshan R K,2025-02-05 19:21:03
ತುರಿ,"ಬೆಣ್ಣೆಯನ್ನು ಒಳಗೆ ನಯಗೊಳಿಸಿ ಕುಂಬಳಕಾಯಿ, ತುರಿ ಬೆಳ್ಳುಳ್ಳಿ ಎಂದು ಕೆಲವು ನೀರಿನ ತುಂಬಲು ಮತ್ತು ಒಲೆಯಲ್ಲಿ 180 ಡಿಗ್ರಿಗಳಷ್ಟು ತಯಾರಿಸಲು ತರಬೇಕಿರುವ.",ತೆಂಗಿನಕಾಯಿ ಕೊಬ್ಬರಿ ಹೆರೆ,Grated,Yes,Darshan R K,2025-02-05 19:21:03
ತುರಿ,"ಮೊಟ್ಟೆಗಳ ಕುದಿಯುತ್ತವೆ, ಶೆಲ್ನಿಂದ ಸಿಪ್ಪೆ, ಅಂದವಾಗಿ ಅಳಿಲುಗಳು ಮತ್ತು ಹಳದಿಗಳನ್ನು ವಿಭಜಿಸಿ ವಿಭಿನ್ನ ಬಟ್ಟಲುಗಳಲ್ಲಿ ಅವುಗಳನ್ನು ತುರಿ ಮಾಡಿ.",ತೆಂಗಿನಕಾಯಿ ಕೊಬ್ಬರಿ ಹೆರೆ,Grated,Yes,Darshan R K,2025-02-05 19:21:03
ತುರಿ,* ರವೆಯ ಮಿಶ್ರಣ ಊರ್ಣಕ್ಕೆ ಕೊಬ್ಬರಿ ತುರಿ ಸೇರಿಸಿ ಸಣ್ಣ ಸಣ್ಣ ಉಂಡೆಯನ್ನಾಗಿ ಮಾಡಿಟ್ಟುಕೊಳ್ಳಿ.,ತೆಂಗಿನಕಾಯಿ ಕೊಬ್ಬರಿ ಹೆರೆ,Grated,Yes,Darshan R K,2025-02-05 19:21:04
ತುರಿ,"ನಂತರ ಎರಡೂವರೆ ಲೋಟ ನೀರು ಹಾಕಿ, ರುಚಿಗೆ ತಕ್ಕಷ್ಟು ಉಪ್ಪು ಹಾಕಿ ನೀರು ಕುದಿಯುವಾಗ ರವೆ ಹಾಕಿ ಮಗುಚಿ ಕೊನೆಗೆ ತೆಂಗಿನ ತುರಿ ಹಾಕಿದರೆ ರುಚಿಕರವಾದ ವಾಂಗೀ ಭಾತ್ ಸವಿಯಲು ಸಿದ್ಧ.",ತೆಂಗಿನಕಾಯಿ ಕೊಬ್ಬರಿ ಹೆರೆ,Grated,Yes,Darshan R K,2025-02-05 19:21:04
ತುರಿ,ಅದು ತಣ್ಣಗಾದ ಬಳಿಕ 2 ಚಮಚ ತೆಂಗಿನ ತುರಿ ಸೇರಿಸಿ ನುಣ್ಣಗೆ ರುಬ್ಬಿಕೊಳ್ಳಿ.,ತೆಂಗಿನಕಾಯಿ ಕೊಬ್ಬರಿ ಹೆರೆ,Grated,Yes,Darshan R K,2025-02-05 19:21:04
ತುರಿ,"ಬೇಕಾಗುವ ಸಾಮಗ್ರಿ: ಕೆಸುವಿನ ಗಡ್ಡೆ 5-6, ಬ್ಯಾಡಗಿ ಮೆಣಸು 8, ಎಣ್ಣೆ, ಕೊತ್ತಂಬರಿ ಬೀಜ- 2 ಚಮಚ, ಕಡ್ಲೆ ಬೇಳೆ- 2 ಚಮಚ, ಮೆಂತ್ಯೆ- 1 ಚಮಚ, ಜೀರಿಗೆ -1 ಚಮಚ, ಸಾಸಿವೆ, ಅರಿಶಿನ- 1 ಚಮಚ, ಇಂಗು, ಉಪ್ಪು ರುಚಿಗೆ ತಕ್ಕಷ್ಟು, ತೆಂಗಿನ ತುರಿ - ಅರ್ಧ ಕಪ್‌, ಹುಣಸೆ ಹಣ್ಣು- ಲಿಂಬೆ ಗಾತ್ರ, ಬೆಲ್ಲ ರುಚಿಗೆ ತಕ್ಕಷ್ಟು, ಕರಿಬೇವು.",ತೆಂಗಿನಕಾಯಿ ಕೊಬ್ಬರಿ ಹೆರೆ,Grated,Yes,Darshan R K,2025-02-05 19:21:04
ತುರಿ,ಟೊಮ್ಯಾಟೋಸ್ ಸುಲಿದ ಮತ್ತು ಬ್ಲೆಂಡರ್ (ಚೆನ್ನಾಗಿ ಅಥವಾ ತುರಿ ಒರಟಾಗಿ) ನುಣ್ಣಗೆ ಕೆನೆಯಂತೆ ಬದಲಾಗುತ್ತವೆ.,ತೆಂಗಿನಕಾಯಿ ಕೊಬ್ಬರಿ ಹೆರೆ,Grated,Yes,Darshan R K,2025-02-05 19:21:04
ತುರಿ,"ನಂತರ ಅರಿಶಿಣ, ಉಪ್ಪು, ತೆಂಗಿನ ತುರಿ ಸೇರಿಸಬೇಕು.",ತೆಂಗಿನಕಾಯಿ ಕೊಬ್ಬರಿ ಹೆರೆ,Grated,Yes,Darshan R K,2025-02-05 19:21:04
ತುರಿ,"ತಣ್ಣಗಾದ ಮೇಲೆ ಕಾಲು ಬಾಗ ತೆಂಗಿನಕಾಯಿ ತುರಿ ಎರಡು ಹಸಿಮೆಣಸು, ಹತ್ತು ಚಮಚ ಆಗುವಷ್ಟು ಮೊಸರು ಸೇರಿಸಿ ರುಬ್ಬಿಕೊಳ್ಳಬೇಕು.",ತೆಂಗಿನಕಾಯಿ ಕೊಬ್ಬರಿ ಹೆರೆ,Grated,Yes,Darshan R K,2025-02-05 19:21:04
ತುರಿ,ಲಿಟಲ್ ಕಿಟನ್ ತುರಿ ತೆಗೆದು ಟ್ರೇ ಫಿಲ್ಲರ್ ಒಳಗೆ ಸುರಿಯುತ್ತಾರೆ ಉತ್ತಮ.,ತೆಂಗಿನಕಾಯಿ ಕೊಬ್ಬರಿ ಹೆರೆ,Grated,Yes,Darshan R K,2025-02-05 19:21:04
ತುರಿ,ಕೆಳಗಿಳಿಸಿದ ನಂತರ ತೆಂಗಿನ ತುರಿ ಹಾಕಿ ಬಾಡಿಸಿ.,ತೆಂಗಿನಕಾಯಿ ಕೊಬ್ಬರಿ ಹೆರೆ,Grated,Yes,Darshan R K,2025-02-05 19:21:04
ತುರಿ,ಒಣ ಕೊಬ್ಬರಿ - ಒಂದು ಹೋಳು ಅಥವಾ ತೆಂಗಿನಕಾಯಿ ತುರಿ,ತೆಂಗಿನಕಾಯಿ ಕೊಬ್ಬರಿ ಹೆರೆ,Grated,Yes,Darshan R K,2025-02-05 19:21:04
ತುರಿ,ಅರ್ಧ ಕಪ್ ಒಣ ಕೊಬ್ಬರಿ ತುರಿ ಬೆಚ್ಚಗೆ ಮಾಡಿ ಇದರೊಂದಿಗೆ ಸೇರಿಸಿ ಇಡಿ.,ತೆಂಗಿನಕಾಯಿ ಕೊಬ್ಬರಿ ಹೆರೆ,Grated,Yes,Darshan R K,2025-02-05 19:21:05
ತುರಿ,ಆಳವಿಲ್ಲದ ತುರಿಯುವಿಕೆಯೊಂದಿಗೆ ಮುಲ್ಲಂಗಿ ಮೂಲವನ್ನು ತುರಿ ಮಾಡಿ.,ತೆಂಗಿನಕಾಯಿ ಕೊಬ್ಬರಿ ಹೆರೆ,Grated,Yes,Darshan R K,2025-02-05 19:21:05
ತುರಿ,"ನುಣ್ಣಗೆ ತುರಿ ಚೀಸ್, ಟೊಮೆಟೋಗಳು ಮತ್ತು ಹೋಳುಗಳಾಗಿ ಕತ್ತರಿಸಿ.",ತೆಂಗಿನಕಾಯಿ ಕೊಬ್ಬರಿ ಹೆರೆ,Grated,Yes,Darshan R K,2025-02-05 19:21:05
ತುರಿ,ಇದು ಪಡೆಯಬಹುದು ಮತ್ತು ಸ್ವತಂತ್ರ ದಾರಿ - ಒಂದು ತುರಿಯುವ ಮಣೆ ಮೇಲೆ ಈರುಳ್ಳಿ ತುರಿ ಮತ್ತು ರಸ ಹಿಂಡು.,ತೆಂಗಿನಕಾಯಿ ಕೊಬ್ಬರಿ ಹೆರೆ,Grated,Yes,Darshan R K,2025-02-05 19:21:05
ದಂತ,ಗುಲಾಮ ಮತ್ತು ದಂತ ವ್ಯಾಪಾರಿಗಳ ಮೂಲಕ ನೈರೋಪಿಕ್ ಸೂಡಾನ್‌ನಲ್ಲಿ ಈಜಿಪ್ಟ್ ಆಕ್ರಮಿಸಿತು.,ಆನೆಯ ಕೋರೆ,An elephant's tusk,Yes,Darshan R K,2025-02-08 06:56:30
ದಂತ,ಆನೆ ದಂತ ಕಳ್ಳತನ: ಆರೋಪಿ ಬಂಧನ,ಆನೆಯ ಕೋರೆ,An elephant's tusk,Yes,Darshan R K,2025-02-08 06:56:30
ದಂತ,ಇಲ್ಲಿನ ಅರಣ್ಯ ಭವನದಲ್ಲಿರುವ ಆನೆದಂತ ಸಂಗ್ರಹಾಲಯ ಇಡೀ ರಾಜ್ಯದಲ್ಲಿ ದಂತ ದಾಸ್ತಾನು ಮಾಡುವ ಏಕಮಾತ್ರ ಸ್ಥಳ.,ಆನೆಯ ಕೋರೆ,An elephant's tusk,Yes,Darshan R K,2025-02-08 06:56:30
ದಂತ,ಕಾಡಾನೆ ಸತ್ತಿದ್ದ ಸಂದರ್ಭ ಸ್ಥಳಕ್ಕೆ ತೆರಳಿದ ಅಧಿಕಾರಿಗಳಿಗೆ ಆನೆಯ ದಂತ ಅಪಹರಿಸಿದ್ದು ಬೆಳಕಿಗೆ ಬಂದಿತ್ತು.,ಆನೆಯ ಕೋರೆ,An elephant's tusk,Yes,Darshan R K,2025-02-08 06:56:30
ದಂತ,"ದಕ್ಷಿಣ ಭಾರತದಲ್ಲಿ ತಾಂಡವವಾಡುತ್ತಿದ್ದ ಭಯೋತ್ಪಾದನೆ, ಆನೆಗಳ ಸಾವು, ದಂತ ಕಳ್ಳತನ, ಶ್ರೀಗಂಧದ ಮರ ಕಳ್ಳ ಸಾಗಾಣಿಕೆ ಮತ್ತು ಎಲ್ಲಕ್ಕಿಂತ ಹೆಚ್ಚಾಗಿ ನಿರಪರಾಧಿ, ಕರ್ತವ್ಯ ನಿರತ ಪೊಲೀಸ್ ಮತ್ತು ಅಮಾಯಕ ಪ್ರಜೆಗಳ ದಾರುಣ ಹತ್ಯೆಯನ್ನು ಸಾಂಕೇತಿಕವಾಗಿ ವಿರೋಧಿಸುವ ಸಂದರ್ಭ ಇದಾಗಿದೆ.",ಆನೆಯ ಕೋರೆ,An elephant's tusk,Yes,Darshan R K,2025-02-08 06:56:30
ದಂತ,"ಆದರೆ ಆಧುನಿಕ ಫ್ಯಾಶನ್ ನೈಸರ್ಗಿಕ ವೆಲ್ವೆಟ್ ಹುಡುಕಲು ಬಹಳ ಕಷ್ಟ, ಕಸೂತಿ ಕೈಯಾರೆ ರಚಿಸಲಾಗಿದೆ ಅಥವಾ ಆಭರಣ, ದಂತ ಮಾಡಿದ ಮದರ್ ಆಫ್ ಪರ್ಲ್.",ಆನೆಯ ಕೋರೆ,An elephant's tusk,Yes,Darshan R K,2025-02-08 06:56:30
ದಂತ,ಮೌಲ್ಯದ ಜೋಡಿ ಆನೆ ದಂತ ನಾಪತ್ತೆ ಪ್ರಕರಣವನ್ನು ರಾಜ್ಯ ಸರ್ಕಾರ ಕೊನೆಗೂ ಸಿಐಡಿಗೆ ವಹಿಸಿದೆ.,ಆನೆಯ ಕೋರೆ,An elephant's tusk,Yes,Darshan R K,2025-02-08 06:56:30
ದಂತ,ಕಾಡಾನೆ ಕೊಂದು ಅಪಹರಿಸಲಾಗಿದ್ದ ದಂತ ವಶಪಡಿಸಿಕೊಂಡ ಅರಣ್ಯಾಧಿಕಾರಿಗಳು,ಆನೆಯ ಕೋರೆ,An elephant's tusk,Yes,Darshan R K,2025-02-08 06:56:30
ದಂತ,25: ಮೈಸೂರಿನ ಸುಭಾಷ್‌ನಗರದಲ್ಲಿ ಆನೆ ದಂತ ಮಾರಾಟ ಮಾಡಲು ಯತ್ನ.,ಆನೆಯ ಕೋರೆ,An elephant's tusk,Yes,Darshan R K,2025-02-08 06:56:30
ದಂತ,"ವರಮಾನ ಅದರ ದುಡಿಮೆಯಿಂದ ದೊರಕಿದರೆ, ಆನೆ ಸತ್ತಮೇಲೆ ಅದರ ದಂತ ಮತ್ತು ಅಂಗಾಗಳಿಂದ ಕೋಟಿ ರೂ.",ಆನೆಯ ಕೋರೆ,An elephant's tusk,Yes,Darshan R K,2025-02-08 06:56:30
ದಂತ,– ಎರಡು ಆನೆ ದಂತ ವಶಕ್ಕೆ ಪಡೆದ ಅಧಿಕಾರಿಗಳು,ಆನೆಯ ಕೋರೆ,An elephant's tusk,Yes,Darshan R K,2025-02-08 06:56:30
ದಂತ,ರೂ ಮೌಲ್ಯದ ಎರಡು ದಂತ ಸೇರಿ ಇಬ್ಬರ ವಶ,ಆನೆಯ ಕೋರೆ,An elephant's tusk,Yes,Darshan R K,2025-02-08 06:56:30
ದಂತ,"ಈಗಿನ ಆನೆಗಳ ಪೂರ್ವಜ ಪ್ರಭೇದಗಳೂ ಕೂಡ ಭವ್ಯವಾದ ಬೃಹದಾಕಾರದ ದಂತ ಜೋಡಿಯನ್ನು ಪಡೆದಿದ್ದುವು ಎಂಬುದು (ಚಿತ್ರ 3,5) ಪಳೆಯುಳಿಕೆಗಳಿಂದ ನಿಚ್ಚಳ.",ಆನೆಯ ಕೋರೆ,An elephant's tusk,Yes,Darshan R K,2025-02-08 06:56:31
ದಂತ,ಈ ವೇಳೆ ಗೌರಮ್ಮ ಎಂಬ ಸಿಬ್ಬಂದಿಗೆ ಪೇಪರ್‌ನಲ್ಲಿ ಸುತ್ತಿಟ್ಟ ರೀತಿಯಲ್ಲಿ ಆನೆ ದಂತ ಪತ್ತೆಯಾಗಿದೆ.,ಆನೆಯ ಕೋರೆ,An elephant's tusk,Yes,Darshan R K,2025-02-08 06:56:31
ದಂತ,ಪ್ರವಾಸಿಗರ ಹುಡುಗಾಟಕ್ಕೆ ಮಡಿಕೇರಿಯಲ್ಲಿ ಆನೆ ದಂತ ಭಗ್ನ!,ಆನೆಯ ಕೋರೆ,An elephant's tusk,Yes,Darshan R K,2025-02-08 06:56:31
ದಂತ,ಶಿವಮೊಗ್ಗ: ರಾಜ್ಯದಲ್ಲಿ ತೀವ್ರ ಸಂಚಲನ ಮೂಡಿಸಿದ್ದ ನಗರದ ಎಸ್‌ಪಿ ಕಚೇರಿಯ ಜೋಡಿ ಆನೆ ದಂತ ನಾಪತ್ತೆ ಪ್ರಕರಣದ ಕುರಿತು ಯಾವುದೇ ಸುಳಿವು ಇದುವರೆಗೆ ಪೊಲೀಸರಿಗೆ ಸಿಕ್ಕಿಲ್ಲ.,ಆನೆಯ ಕೋರೆ,An elephant's tusk,Yes,Darshan R K,2025-02-08 06:56:31
ದಂತ,"ಖಚಿತ ಮಾಹಿತಿ ಮೇರೆಗೆ ವಲಯ ಅರಣ್ಯಾಧಿಕಾರಿ ಸುಂದರ್ ನೇತೃತ್ವದ ತಂಡ ದಾಳಿ ಮಾಡಿ ಎರಡು ದಂತ ವಶಪಡಿಸಿಕೊಂಡು, ಆರೋಪಿಯನ್ನು ಬಂಧಿಸಿದ್ದಾರೆ.",ಆನೆಯ ಕೋರೆ,An elephant's tusk,Yes,Darshan R K,2025-02-08 06:56:31
ದಂತ,ಕೆಜಿ ತೂಕದ 10 ಆನೆ ದಂತ ವಶ – ಮೂವರು ಅರೆಸ್ಟ್,ಆನೆಯ ಕೋರೆ,An elephant's tusk,Yes,Darshan R K,2025-02-08 06:56:31
ದಂತ,"ನಿಯಮದಂತೆ, ಅವರು ಬೂದು, ಆನೆ ದಂತ ಮತ್ತು ಮರಳಿನ ವಿವಿಧ ಛಾಯೆಗಳನ್ನು ಕೂಡ ಸಂಯೋಜಿಸುತ್ತಾರೆ, ಜೊತೆಗೆ ಮಸುಕಾದ ನೀಲಿ ಬಣ್ಣವನ್ನು ಹೆಚ್ಚು ತೀವ್ರವಾದ ಛಾಯೆಗಳೊಂದಿಗೆ ಸಂಯೋಜಿಸುತ್ತಾರೆ.",ಆನೆಯ ಕೋರೆ,An elephant's tusk,Yes,Darshan R K,2025-02-08 06:56:31
ದಂತ,ಪರಶುರಾಮನ ಕೊಡಲಿಯಿಂದ ಗಣೇಶನ ದಂತ ತುಂಡಾದ ಸ್ಥಳ ಇದು ಎನ್ನಲಾಗಿದೆ.,ಆನೆಯ ಕೋರೆ,An elephant's tusk,Yes,Darshan R K,2025-02-08 06:56:31
ದಂತ,ಸೂರ್ಯ ರಾಗ ಆದಿತಾಳದ ಪುಷ್ಪಾಂಜಲಿಯ ಜೊತೆ ಅಡಕವಾಗಿದ್ದ ವಿಘ್ನವಿನಾಯಕ ಸಿದ್ಧಿಬುದ್ಧಿ ಪ್ರದಾಯಕನಾದ ಗಣೇಶನ ಪ್ರಾರ್ಥನೆಯಲ್ಲಿ ಗಣೇಶ ತನ್ನ ದಂತ ಮುರಿದು ವೇದವ್ಯಾಸರಿಗೆ ಮಹಾಭಾರತ ಬರೆದುಕೊಟ್ಟಂಟಹ ಪ್ರಸಂಗವನ್ನು ಒಳಗೊಂಡಿತ್ತು.,ಆನೆಯ ಕೋರೆ,An elephant's tusk,Yes,Darshan R K,2025-02-08 06:56:31
ದಂತ,"ಮೂವರು ಆರೋಪಿಗಳು ಕಾಡುಮನೆ ಎಸ್ಟೇಟ್‍ನಲ್ಲಿ ಕೆಲಸ ಮಾಡುತ್ತಿದ್ದು, ಆನೆ ದಂತ ಕಿತ್ತ ನಂತರ ಆನೆಯನ್ನು ಭೂಮಿಯಲ್ಲಿ ಹೂಳಲು ಯತ್ನಿಸಿದ್ದರು.",ಆನೆಯ ಕೋರೆ,An elephant's tusk,Yes,Darshan R K,2025-02-08 06:56:31
ದಂತ,ಶ್ರೀನಿವಾಸ್ ಅವರು ದಂತ ಚೋರ ವೀರಪ್ಪನ್ ಅವರಿಂದ ಹುತಾತ್ಮರಾದರು.,ಆನೆಯ ಕೋರೆ,An elephant's tusk,Yes,Darshan R K,2025-02-08 06:56:31
ದಂತ,ಎಸ್ ಪಿ ಕಚೇರಿಯಲ್ಲಿ ಆನೆ ದಂತ ಕಾಣೆಯಾದ ಪ್ರಕರಣ.,ಆನೆಯ ಕೋರೆ,An elephant's tusk,Yes,Darshan R K,2025-02-08 06:56:31
ದಂತ,ಆನೆ ದಂತ ಕಲಾಕೃತಿಗಳನ್ನು ಅಕ್ರಮವಾಗಿ ಹೊಂದಿದ್ದಕ್ಕಾಗಿ ನಟನ ವಿರುದ್ಧ ಚಾರ್ಜ್‌ಶೀಟ್ ಸಲ್ಲಿಸಲಾಗಿದೆ.,ಆನೆಯ ಕೋರೆ,An elephant's tusk,Yes,Darshan R K,2025-02-08 06:56:31
ದಂತ,ಆಕಸ್ಮಿಕವಾಗಿ ಸತ್ತ ಆನೆಯಿಂದ ಮೂವರು ಆರೋಪಿಗಳು ದಂತ ಕಿತ್ತಿದ್ದರು.,ಆನೆಯ ಕೋರೆ,An elephant's tusk,Yes,Darshan R K,2025-02-08 06:56:31
ದಂತ,ಪರಶುರಾಮನ ಕೊಡಲಿಯಿಂದ ಗಣೇಶನ ದಂತ ತುಂಡಾದ ಸ್ಥಳ ಇದಾಗಿದೆ ಎನ್ನಲಾಗುತ್ತದೆ.,ಆನೆಯ ಕೋರೆ,An elephant's tusk,Yes,Darshan R K,2025-02-08 06:56:31
ದಂತ,"ಸ್ಥಳಕ್ಕೆ ಎಸಿಎಫ್ ನೆಹರು ಭೇಟಿ ನೀಡಿ ಪರಿಶೀಲಿಸಿದ್ದು, ಸ್ವಾಭಾವಿಕವಾಗಿ ಕಾಡಾನೆ ಸಾವನ್ನಪ್ಪಿರುವುದು ಮೇಲ್ನೊಟಕ್ಕೆ ಕಂಡು ಬಂದಿದ್ದು, ದುಷ್ಕರ್ಮಿಗಳೇನಾದರೂ ಕೊಂದಿದ್ದರೆ ಆನೆಯ ದಂತ ಇರುತ್ತಿರಲಿಲ್ಲ.",ಆನೆಯ ಕೋರೆ,An elephant's tusk,Yes,Darshan R K,2025-02-08 06:56:31
ದಂತ,ಬೆಳ್ತಂಗಡಿಯಲ್ಲಿ ಆನೆ ದಂತ ಚೋರರ ಸೆರೆ 51 ಕೆಜಿ ತೂಕದ 10 ದಂತ ವಶ,ಆನೆಯ ಕೋರೆ,An elephant's tusk,Yes,Darshan R K,2025-02-08 06:56:31
ದಂತ,ಈ ಕಾಳಗದಲ್ಲಿ ಕಾಡಾನೆಯ ದಂತ ತುಂಡಾಗಿತ್ತು.,ಆನೆಯ ಕೋರೆ,An elephant's tusk,Yes,Darshan R K,2025-02-08 06:56:31
ದಂತ,ಈ ಗುಂಪನ್ನು ಯುರೋಪಿಯನ್ನರೊಂದಿಗೆ ದಂತ ಮತ್ತು ಚರ್ಮವನ್ನು ಗನ್ಗಳಿಗೆ ವಿನಿಮಯ ಮಾಡಿಕೊಂಡು ಮಿಷನರಿಗಳು ಕ್ರೈಸ್ತಧರ್ಮ ಮಾಡಿದರು.,ಆನೆಯ ಕೋರೆ,An elephant's tusk,Yes,Darshan R K,2025-02-08 06:56:31
ದಂತ,ಬರೋಬ್ಬರಿ 8 ಸಾವಿರ ಆನೆಗಳ ದಂತ ಹಾಗೂ 343 ಘೇಂಡಾಮೃಗಗಳ ಕೊಂಬು.,ಆನೆಯ ಕೋರೆ,An elephant's tusk,Yes,Darshan R K,2025-02-08 06:56:31
ದಂತ,ಮಾರುಕಟ್ಟೆಯಲ್ಲಿ ಈ ದಂತ ಒಂದು ಕೋಟಿ ಬೆಲೆ ಬಾಳುತ್ತದೆ.,ಆನೆಯ ಕೋರೆ,An elephant's tusk,Yes,Darshan R K,2025-02-08 06:56:31
ದಂತ,ಆಗ ಪೊಲೀಸರು ದಂತ ಮಾರಾಟಕ್ಕೆ ಮದ್ಯವರ್ತಿಯಾಗಿದ್ದ ಕೃಷ್ಣರಾಜು ಸಂಬಂಧಿಯನ್ನು ವಶಕ್ಕೆ ಪಡೆದು ವಿಚಾರಿಸಿದ ವೇಳೆ ಆರೋಪಿಗಳ ವಿವರ ಬಹಿರಂಗಪಡಿಸಿದ್ದಾನೆ.,ಆನೆಯ ಕೋರೆ,An elephant's tusk,Yes,Darshan R K,2025-02-08 06:56:31
ದಂತ,"ಕಾಡುಗಳ್ಳ, ದಂತ ಚೋರ ವೀರಪ್ಪನ್ ಮತ್ತು ಆತನ ಸಹಚರರನ್ನು ಸದೆಬಡೆಯುವಲ್ಲಿ ಪ್ರಮುಖ ಪಾತ್ರ ವಹಿಸಿದ್ದ ಖಡಕ್ ನಿವೃತ್ತ ಐಪಿಎಸ್ ಅಧಿಕಾರಿ ಶಂಕರ ಬಿದರಿ ಅವರು ವಿಧಾನಸಭೆ ಚುನಾವಣೆಯಲ್ಲಿ ಸ್ಪರ್ಧಿಸಲು ಸಜ್ಜಾಗಿದ್ದಾರೆ.",ಆನೆಯ ಕೋರೆ,An elephant's tusk,Yes,Darshan R K,2025-02-08 06:56:31
ದಂತ,ಈ ದಂತ ನಾಪತ್ತೆ ಪ್ರಕರಣವನ್ನು ರಾಜ್ಯ ಸರ್ಕಾರವು ಕಳೆದ ಜನವರಿಯಲ್ಲಿ ಸಿಐಡಿ ತನಿಖೆ ಒಪ್ಪಿಸಿದೆ.,ಆನೆಯ ಕೋರೆ,An elephant's tusk,Yes,Darshan R K,2025-02-08 06:56:31
ದಂತ,"ದಂತ ಒಂದು ಟನ್ ಪಡೆಯಲು, ಸುಮಾರು 113 ಆನೆಗಳು ನಾಶ ಅಗತ್ಯ.",ಆನೆಯ ಕೋರೆ,An elephant's tusk,Yes,Darshan R K,2025-02-08 06:56:31
ದಂತ,ಕರ್ನಾಟಕ ಸರ್ಕಾರ ಎಂದು ಬೋರ್ಡ್ ಹಾಕಿದ ಕಾರಿನಲ್ಲಿ ದಂತ ಸಾಗಾಟ ಮಾಡುತ್ತಿದ್ದರು.,ಆನೆಯ ಕೋರೆ,An elephant's tusk,Yes,Darshan R K,2025-02-08 06:56:31
ದಂತ,"ಯಾಕುಟ್ಸ್ ಮತ್ತು ಹೆಚ್ಚಿನ ಗೌರವ ನಲ್ಲಿ toboltsev ಮಹಾಗಜ ದಂತ ಉತ್ಪನ್ನಗಳಾಗಿದ್ದರು ಏಕೆ ಹೀಗೆ, ಇದನ್ನು ಅರ್ಥವಾಗುವಂತಹದ್ದಾಗಿದೆ.",ಆನೆಯ ಕೋರೆ,An elephant's tusk,Yes,Darshan R K,2025-02-08 06:56:31
ದಂತ,"ಬೆಳಗಾವಿ: ಇಲ್ಲಿನ ಶೆಟ್ಟಿಗಲ್ಲಿಯ ಮನೆಯೊಂದರಲ್ಲಿ ಅಕ್ರಮವಾಗಿ ಸಂಗ್ರಹಿಸಲಾಗಿದ್ದ ಕೋಟ್ಯಂತರ ರೂಪಾಯಿ ಬೆಲೆಬಾಳುವ ಸಾರಂಗ ಹಾಗೂ ಜಿಂಕೆ ಕೊಂಬುಗಳು, ಒಂದು ಜೊತೆ ಆನೆ ದಂತ ಮತ್ತು ಚಿಪ್ಪುಹಂದಿಯ ಚಿಪ್ಪುಗಳನ್ನು ಪೊಲೀಸರು ಮಂಗಳವಾರ ವಶಪಡ.",ಆನೆಯ ಕೋರೆ,An elephant's tusk,Yes,Darshan R K,2025-02-08 06:56:31
ದಂತ,ದಂತ ಮಾರಾಟದ ಖಚಿತ ಮಾಹಿತಿಯನ್ನು ಆಧರಿಸಿ ಭಾನುವಾರ ಸಂಜೆ ಕಾರ್ಯಾಚರಣೆ ನಡೆಸಿದ ಪಟ್ಟಣ ಠಾಣೆ ಪೊಲೀಸರು ಮತ್ತು ರಾಜ್ಯ ಅರಣ್ಯ ಘಟಕದ ಇನ್ಸ್ ಪೆಕ್ಟರ್ ನೇತೃತ್ವದ ಸಿಬ್ಬಂದಿಗಳ ತಂಡ ಪಟ್ಟಣದ ಹೊರವಲಯದ ಕೆ.,ಆನೆಯ ಕೋರೆ,An elephant's tusk,Yes,Darshan R K,2025-02-08 06:56:31
ದಂತ,"ಈ ಮೇಲಿನ ವಾಲ್ರಸ್ ದಂತ ಕಾಲಾನಂತರದಲ್ಲಿ ಅದರ ಆಕಾರ, ಆದರೆ ಡೆಸ್ಟಿನಿ ಕೇವಲ ಬದಲಾಗಿದೆ ಏಕೆಂದರೆ, ಸಂಪೂರ್ಣವಾಗಿ ಸತ್ಯವಲ್ಲ: ಅವರು ನಿಜವಾದ ದಂತ ಆಗಿತ್ತು.",ಆನೆಯ ಕೋರೆ,An elephant's tusk,Yes,Darshan R K,2025-02-08 06:56:31
ದಂತ,ಮೋಜಿನ ಬದುಕಿಗೆ ಆನೆ ಕೊಂದು ದಂತ ಅಪಹರಣ ಮಾಡುವ ಸ್ಥಿತಿ ನಿರ್ಮಾಣವಾದಾಗ ದಶಕದ ಹಿಂದೆಯೇ ದಂತ ಬಳಕೆಯ ನಿಷೇಧದ ಆದೇಶ ಹೊರ ಬಿದ್ದಿತು.,ಆನೆಯ ಕೋರೆ,An elephant's tusk,Yes,Darshan R K,2025-02-08 06:56:31
ದಂತ,ಗಣೇಶನ ಒಂದು ದಂತ ಮುರಿದು ಊಟವೆಲ್ಲಾ ಚೆಲ್ಲಿತ್ತಂತೆ.,ಆನೆಯ ಕೋರೆ,An elephant's tusk,Yes,Darshan R K,2025-02-08 06:56:31
ದಂತ,ಕಳೆದು ಮೂರು ತಿಂಗಳಿಂದ ಆನೆ ದಂತ ದಾಸ್ತಾನು ಇರಿಸಿದ್ದು ಮಾತ್ರವಲ್ಲದೆ ಮಾರಾಟ ಜಾಲದ ಕುರಿತು ಇಲಾಖೆಗೆ ಮಾಹಿತಿ ಲಭಿಸಿತ್ತು.,ಆನೆಯ ಕೋರೆ,An elephant's tusk,Yes,Darshan R K,2025-02-08 06:56:31
ದಂತ,"ಸೈದ್ಧಾಂತಿಕವಾಗಿ, ದಂತ ನರಗಳು ಮಾತ್ರ ತಜ್ಞ ಅಪಾಯಿಂಟ್ಮೆಂಟ್ ಸಂಪೂರ್ಣವಾಗಿ ಅಗತ್ಯ ತೆಗೆದುಹಾಕಲಾಗುತ್ತದೆ.","ಹಲ್ಲು, ರದನ",Tooth,Yes,Darshan R K,2025-02-08 06:48:07
ದಂತ,"ಹರಿಯಾಣ, ಹಿಮಾಚಲ ಪ್ರದೇಶ, ಮಧ್ಯಪ್ರದೇಶ, ಮಣಿಪುರ, ರಾಜಸ್ತಾನ, ಒಡಿಶಾ ಮತ್ತು ಬಿಹಾರ ರಾಜ್ಯಗಳು ನೀಟ್‌ ಮೂಲಕವೇ ವೈದ್ಯಕೀಯ ಮತ್ತು ದಂತ ವೈದ್ಯ ಕೋರ್ಸು ಸೀಟುಗಳನ್ನು ಭರ್ತಿ ಮಾಡಲು ನಿರ್ಧರಿಸಿವೆ.","ಹಲ್ಲು, ರದನ",Tooth,Yes,Darshan R K,2025-02-08 06:48:07
ದಂತ,ಕಾರ್ಯಕ್ರಮದಲ್ಲಿ ದಂತ ವೈದ್ಯಕೀಯ ಪರಿಷತ್‌ ಸದಸ್ಯೆ ಡಾ.,"ಹಲ್ಲು, ರದನ",Tooth,Yes,Darshan R K,2025-02-08 06:48:07
ದಂತ,ನಾಲಿಗೆಯನ್ನು ಸರಿಯಾಗಿ ಸ್ವಚ್ಛಗೊಳಿಸದಿರುವುದು ಬಾಯಿಯ ಮತ್ತು ದಂತ ಸಮಸ್ಯೆಗಳಿಗೆ ಶೇ.,"ಹಲ್ಲು, ರದನ",Tooth,Yes,Darshan R K,2025-02-08 06:48:07
ದಂತ,ತ್ಯಾಜ್ಯ ಮಿಶ್ರಣವನ್ನು ದಂತ ಕ್ಲೀನರ್ ತೆಗೆದು ಹಾಕಲ್ಪಡುತ್ತದೆ.,"ಹಲ್ಲು, ರದನ",Tooth,Yes,Darshan R K,2025-02-08 06:48:07
ದಂತ,ಶೆಟ್ಟಿ ಮೆಮೋರಿಯಲ್ ಇನ್‌ಸ್ಟಿಟ್ಯೂಟ್ ಆ್ ಡೆಂಟಲ್ ಸಯನ್ಸಸ್ ವತಿಯಿಂದ ಶಾಲಾ ಮಕ್ಕಳಿಗಾಗಿ ದಂತ ಆರೋಗ್ಯ ಮೇಳವನ್ನು ೆ.,"ಹಲ್ಲು, ರದನ",Tooth,Yes,Darshan R K,2025-02-08 06:48:07
ದಂತ,"ಆದರೆ ದಂತವೈದ್ಯರು ಕೂಡ ಪುದೀನ-ಸುವಾಸನೆಯ ದಂತ ನೈರ್ಮಲ್ಯ ಉತ್ಪನ್ನಗಳನ್ನು ಕಾಯಿಲೆ ಪಡೆಯಬೇಕು, ಬಲ?","ಹಲ್ಲು, ರದನ",Tooth,Yes,Darshan R K,2025-02-08 06:48:07
ದಂತ,"ಇದು ದಂತ ಇಲಾಖೆಯ ಮುಖ್ಯಸ್ಥ, ಅತ್ಯುನ್ನತ ವರ್ಗದಲ್ಲಿ ವೈದ್ಯರು.","ಹಲ್ಲು, ರದನ",Tooth,Yes,Darshan R K,2025-02-08 06:48:07
ದಂತ,ಜನರಲ್ ದಂತವೈದ್ಯರು ವಿಶಿಷ್ಟವಾಗಿ ಅವರು ಯಾವ ದಂತ ಶಾಲೆಗೆ ಹಾಜರಾಗುತ್ತಾರೆ ಎಂಬ ಆಧಾರದ ಮೇಲೆ ಡಿಡಿಎಸ್ ಅಥವಾ ಡಿಎಂಡಿ ಪದವಿಯನ್ನು ಪಡೆದುಕೊಳ್ಳುತ್ತಾರೆ.,"ಹಲ್ಲು, ರದನ",Tooth,Yes,Darshan R K,2025-02-08 06:48:07
ದಂತ,ವೈದ್ಯಕೀಯ ಮತ್ತು ದಂತ ವೈದ್ಯಕೀಯ ಕೋರ್ಸ್ ಪ್ರವೇಶಕ್ಕೆ ಅವಕಾಶ ಕಲ್ಪಿಸುವ ರಾಷ್ಟ್ರೀಯ ಅರ್ಹತಾ ಮತ್ತು ಪ್ರವೇಶ ಪರೀಕ್ಷೆ (ನೀಟ್) ಮೇ 7 ರಂದು ನಡೆಯಲಿವೆ.,"ಹಲ್ಲು, ರದನ",Tooth,Yes,Darshan R K,2025-02-08 06:48:07
ದಂತ,ಹಲ್ಲಿನ ಸಂದುಗಳಲ್ಲಿ ಸಿಕ್ಕಿಕೊಳ್ಳುವ ತಂಬಾಕು ದಂತ ದಳಗಳನ್ನು ನಾಶಪಡಿಸುತ್ತದೆ.,"ಹಲ್ಲು, ರದನ",Tooth,Yes,Darshan R K,2025-02-08 06:48:07
ದಂತ,"ಜಿಂಗೈವಿಟಿಸ್, ಪೇರೆರೋಂಟಿಟಿಸ್, ಮತ್ತು ಹಲ್ಲಿನ ನಷ್ಟಗಳಂತಹ ದಂತ ಸಮಸ್ಯೆಗಳು ಎಲ್ಲಾ ಉರಿಯೂತ, ಮತ್ತು ಕೆಲವೊಮ್ಮೆ ಸೋಂಕಿನೊಂದಿಗೆ ಸಂಬಂಧಿಸಿವೆ.","ಹಲ್ಲು, ರದನ",Tooth,Yes,Darshan R K,2025-02-08 06:48:07
ದಂತ,"ಮಾಧ್ಯಮಗಳ ವರದಿ ಪ್ರಕಾರ ಪ್ರೀತಿ ಜೊತೆ ಹೋಟೆಲ್​ನಲ್ಲಿ ತಂಗಿದ್ದ ವ್ಯಕ್ತಿ ಕೂಡ ದಂತ ವೈದ್ಯನಾಗಿದ್ದು, ಆಕೆಯ ಮಾಜಿ ಪ್ರಿಯಕರ ಡಾ.","ಹಲ್ಲು, ರದನ",Tooth,Yes,Darshan R K,2025-02-08 06:48:07
ದಂತ,ಶಾಲಾ ಗ್ರಂಥಾಲಯಕ್ಕೆ ಇದೇ ಸಂದರ್ಭದಲ್ಲಿ ದಂತ ಆರೋಗ್ಯದ ಬಗೆಗಿನ ಪುಸ್ತಕಗಳನ್ನು ಹಸ್ತಾಂತರಿಸಲಾಯಿತು.,"ಹಲ್ಲು, ರದನ",Tooth,Yes,Darshan R K,2025-02-08 06:48:07
ದಂತ,ಬಳಿಕ ಮಂಗಳೂರಿನ ಯೆನಪೋಯ ಆಸ್ಪತ್ರೆ ಮತ್ತು ಯೆನಪೋಯ ದಂತ ಮಹಾ ವಿದ್ಯಾಲಯದ ವತಿಯಿಂದ ಸುಮಾರು 35 ವೈದ್ಯರ ತಂಡದಿಂದ ಸಾರ್ವಜನಿಕರಿಗೆ ಉಚಿತ ವೈದ್ಯಕೀಯ ತಪಾಸಣೆ ಮತ್ತು ಸೌಲಭ್ಯಗಳ ವಿತರಣೆ ನಡೆಯಿತು.,"ಹಲ್ಲು, ರದನ",Tooth,Yes,Darshan R K,2025-02-08 06:48:07
ದಂತ,ತೀವ್ರ ದಂತ ನೋವಿನ ಮರೆಯಾಗಬಹುದು ಮತ್ತು ಗೋಚರತೆಯನ್ನು ಕಾರಣವು ಇದುವರೆಗೂ ಉಳಿಯುತ್ತದೆ.,"ಹಲ್ಲು, ರದನ",Tooth,Yes,Darshan R K,2025-02-08 06:48:07
ದಂತ,ಸರಿಯಾದ ದಂತ ಆರೈಕೆ ಆದ್ಯತೆ ದಿನಕ್ಕೆ ಎರಡು ಬಾರಿ - - ಬೆಳಿಗ್ಗೆ ಮತ್ತು ಸಂಜೆ ಅವುಗಳನ್ನು ಸರಿಪಡಿಸುವ ಆರಂಭವಾಗುತ್ತದೆ.,"ಹಲ್ಲು, ರದನ",Tooth,Yes,Darshan R K,2025-02-08 06:48:07
ದಂತ,ವೈದ್ಯಕೀಯ ಮತ್ತು ದಂತ ವೈದ್ಯಕೀಯ ಕೋರ್ಸುಗಳಿಗಾಗಿ ಈಗ ಯಾವ ಪ್ರವೇಶಪರೀಕ್ಷೆಯನ್ನು ಬರೆಯಬೇಕು?,"ಹಲ್ಲು, ರದನ",Tooth,Yes,Darshan R K,2025-02-08 06:48:07
ದಂತ,ಹೆಚ್ಚಿನ ದಂತ ಶಾಲೆಗಳು ಪ್ರಮುಖ ನಗರಗಳಲ್ಲಿವೆ.,"ಹಲ್ಲು, ರದನ",Tooth,Yes,Darshan R K,2025-02-08 06:48:07
ದಂತ,ಬೆಂಗಳೂರು: ವೈದ್ಯಕೀಯ ಮತ್ತು ದಂತ ವೈದ್ಯ ಕೋರ್ಸ್ ಪ್ರವೇಶಕ್ಕೆ ಇಂದು ರಾಜ್ಯದ 4 ನಗರಗಳಲ್ಲಿ ನೀಟ್ ಪರೀಕ್ಷೆ ನಡೆದಿದೆ.,"ಹಲ್ಲು, ರದನ",Tooth,Yes,Darshan R K,2025-02-08 06:48:07
ದಂತ,ಉಚಿತ ಆರೋಗ್ಯ ತಪಾಸಣಾ ಶಿಬಿರದಲ್ಲಿ ಬೆಳಗಾವಿಯ ವಿಜಯ ಆಸ್ಪತ್ರೆಯ ದಂತ ವೈದ್ಯರಾದ ಡಾ.,"ಹಲ್ಲು, ರದನ",Tooth,Yes,Darshan R K,2025-02-08 06:48:07
ದಂತ,ಈ ಪರಿಣಾಮಗಳು ಇನ್ನೂ ಸರಿಪಡಿಸಬಹುದು ಅಥವಾ ದಂತ ಕ್ಲಿನಿಕ್ ಪರಿಗಣಿಸಬೇಕೆಂದರೆ ಹೊಂದಿರುತ್ತದೆ.,"ಹಲ್ಲು, ರದನ",Tooth,Yes,Darshan R K,2025-02-08 06:48:07
ದಂತ,ಸಮುದ್ರದ ಉಪ್ಪನ್ನು ಸೇವಿಸುವುದರಿಂದ ನಿಮ್ಮ ತ್ವಚೆಯನ್ನು ಸಂರಕ್ಷಿಸಬಹುದು ಮತ್ತು ನಿಮ್ಮ ದಂತ ಆರೋಗ್ಯವನ್ನು ಸುಧಾರಿಸಿಕೊಳ್ಳಬಹುದು.,"ಹಲ್ಲು, ರದನ",Tooth,Yes,Darshan R K,2025-02-08 06:48:07
ದಂತ,16ರಂದು ಸುಳ್ಯ ಕೆವಿಜಿ ದಂತ ಮಹಾವಿದ್ಯಾಲಯದಲ್ಲಿ ಉಚಿತವಾಗಿ ಚಿಕಿತ್ಸೆ ನೀಡಲಾಗುತ್ತದೆ.,"ಹಲ್ಲು, ರದನ",Tooth,Yes,Darshan R K,2025-02-08 06:48:07
ದಂತ,ಆಧುನಿಕ ದಂತ ಚಿಕಿತ್ಸಾಲಯಗಳು ನಿಮ್ಮ ಹಲ್ಲುಗಳ ಒಟ್ಟಾರೆ ಪರಿಸ್ಥಿತಿ ಮತ್ತು ಸೊಬಗು ಅನುಮತಿಸುವ ಹಲವಾರು ಸೇವೆಗಳನ್ನು ಒದಗಿಸುತ್ತವೆ.,"ಹಲ್ಲು, ರದನ",Tooth,Yes,Darshan R K,2025-02-08 06:48:07
ದಂತ,9: ವೈದ್ಯಕೀಯ ಮತ್ತು ದಂತ ವೈದ್ಯಕೀಯ ಸ್ನಾತಕೋತ್ತರ ಕೋರ್ಸ್‌ಗಳ ಪ್ರವೇಶಾತಿಗಾಗಿ ನಡೆಯುತ್ತಿರುವ ಕೌನ್ಸಿಲಿಂಗ್‌ನಲ್ಲಿ ಮೀಸಲಾತಿ ನೀಡಿಲ್ಲ ಎಂದು ಆರೋಪಿಸಿ ಮಲ್ಲೇಶ್ವರದಲ್ಲಿರುವ ಸಿಇಟಿ ಕಚೇರಿ ಮುಂದೆ ನೂರಾರು ವಿದ್ಯಾರ್ಥಿಗಳು ಪ್ರತಿಭಟನೆ ನಡೆಸಿದರು.,"ಹಲ್ಲು, ರದನ",Tooth,Yes,Darshan R K,2025-02-08 06:48:07
ದಂತ,"ತಂಪಿನ ವ್ಯಕ್ತಿಗಳು ಪದೇ ಪದೇ ದಂತ ಸಮಸ್ಯೆಗಳು, ಪ್ರಾಥಮಿಕ ಹಲ್ಲುಗಳು ಮತ್ತು ಹಲ್ಲಿನ ಕ್ಷಯ ಕಳೆದುಕೊಳ್ಳಬೇಕಾಗುತ್ತದೆ ನಂತರ.","ಹಲ್ಲು, ರದನ",Tooth,Yes,Darshan R K,2025-02-08 06:48:07
ದಂತ,"(ವಿಶ್ವ ಕನ್ನಡಿಗ ನ್ಯೂಸ್) : ಸುರಕ್ಷಾ – ದಂತ ಆರೋಗ್ಯ ಮಾರ್ಗದರ್ಶಿ ಅನೇಕ ಮಾಹಿತಿಗಳನ್ನೊಳಗೊಂಡ ಒಂದು ಉಪಯುಕ್ತ ಕೃತಿ ತುಂಬ ವ್ಯಾಪ್ತವಾದ ವಿಷಯವನ್ನು ಸಮಗ್ರವಾಗಿ ಸಂಕ್ಷಿಪ್ತವಾಗಿ ಸರಳವಾಗಿ ಮತ್ತು ಸ್ವಾರಸ್ಯವಾಗಿ ಹೇಳಿರುವುದು ಇದರ ಹೆಗ್ಗಳಿಕೆ, ಆರೋಗ್ಯಕ್ಕೆ ಸಂಬಂಧಿಸಿದ ಲೇಖನಗಳು ಸಮಾಜಮುಖಿಯಾಗಿರಬೇಕೆನ್ನುವ ಆರೋಗ್ಯಪೂರ್ಣ ಧೋರಣೆ ಕೃತಿಯ ಉದ್ದಕ್ಕೂ ವ್ಯಕ್ತವಾಗುವಂತಿದೆ.","ಹಲ್ಲು, ರದನ",Tooth,Yes,Darshan R K,2025-02-08 06:48:07
ದಂತ,"ನಾಡಗೌಡ ಸ್ಮಾರಕ ದಂತ ವೈದ್ಯಕೀಯ ಮಹಾವಿದ್ಯಾಲಯ ಮತ್ತು ಆಸ್ಪತ್ರೆ, ಹಳೆಯ ಬಾಗಲಕೋಟೆಯಿಂದ ನವನಗರದ ಎಸ್.","ಹಲ್ಲು, ರದನ",Tooth,Yes,Darshan R K,2025-02-08 06:48:07
ದಂತ,"ರೋಗಿಯ, ಅವನ ಜೀವನಶೈಲಿ ಆಹಾರ, ಆಹಾರ, ಸಂಬಂಧಿಸಿದ ದಂತ ರೋಗಲಕ್ಷಣಗಳನ್ನು ಮತ್ತು ಇತರ ವ್ಯಾಧಿಗಳಿಗೆ ಸಮ್ಮುಖದಲ್ಲಿ ವಯಸ್ಸು: ಕಾಯಿಲೆಯುಂಟಾಗಲು ವಿವಿಧ ಅಂಶಗಳು ಇದೆ, ಕೇವಲ ತಜ್ಞ ಒಂದು ರಾಜ್ಯದಲ್ಲಿ ಮೂಳೆಗಳ ಯಾ ಹಲ್ಲಿನ ಸವೆತ ಕಾರಣ ದರವನ್ನು.","ಹಲ್ಲು, ರದನ",Tooth,Yes,Darshan R K,2025-02-08 06:48:07
ದಂತ,ಈ ವೃತ್ತಿಪರರು ಸವೆದ ಮತ್ತು ಸವೆದ ಅಲ್ಲದ ದಂತ ರೋಗಗಳು ಮತ್ತು ದಂತ ಗಾಯಗಳು ಮತ್ತು ಬಾಯಿಯ ಲೋಳೆಪೊರೆಯ ರೋಗಗಳು ಎರಡೂ ಪರಿಗಣಿಸುತ್ತಿದ್ದಾರೆ.,"ಹಲ್ಲು, ರದನ",Tooth,Yes,Darshan R K,2025-02-08 06:48:07
ದಂತ,ಶೆಟ್ಟಿ ಸ್ಮಾರಕ ದಂತ ಮಹಾವಿದ್ಯಾಲಯದ ಹಳೆ ವಿದ್ಯಾರ್ಥಿ ಸಂಘದ ವತಿಯಿಂದ ದೇರಳಕಟ್ಟೆ ಕ್ಷೇಮ ಸಭಾಂಗಣದಲ್ಲಿ ಸೋಮವಾರ ನಡೆದ ಡಾ.,"ಹಲ್ಲು, ರದನ",Tooth,Yes,Darshan R K,2025-02-08 06:48:07
ದಂತ,ಕಿರೀಟದ ಹೆಚ್ಚು ಅನುಕೂಲವಾಗಿರುವ ದೇಹರಚನೆ ಹಲ್ಲು ಮತ್ತು ವಿಶೇಷ ದಂತ ಸಿಮೆಂಟ್ ಬಳಸಿ ಅದರ ಸ್ಥಿರೀಕರಣಕ್ಕೆ ಫಾರ್.,"ಹಲ್ಲು, ರದನ",Tooth,Yes,Darshan R K,2025-02-08 06:48:07
ದಂತ,"ಎಂಜಿನಿಯರಿಂಗ್, ಬಯೋ ಟೆಕ್ನಾಲಜಿ, ವೈದ್ಯಕೀಯ, ದಂತ ವೈದ್ಯಕೀಯ ಕೋರ್ಸ್‌ನ ಪಠ್ಯಪುಸ್ತಕಗಳು ಈಗ amazon.","ಹಲ್ಲು, ರದನ",Tooth,Yes,Darshan R K,2025-02-08 06:48:07
ದಂತ,"ವಿವಿಧ ಕಾರಣಗಳು ಪೆರಿಯೊಸ್ಟಿಟಿಸ್ಗೆ ಕಾರಣವಾಗುತ್ತವೆ: ಕಳಪೆ-ಗುಣಮಟ್ಟದ ದಂತ ಚಿಕಿತ್ಸೆ, ಸಾಕಷ್ಟು ಆಂಟಿಸ್ಸೆಪ್ಟಿಕ್ ಚಿಕಿತ್ಸೆ, ಸೀಲ್ನ ಅನುಚಿತ ಭರ್ತಿ; ದ್ವಿತೀಯಕ ಕಾರಣಗಳು: ಒತ್ತಡ, ದೇಹದ ಪ್ರತಿರಕ್ಷಣಾ ವ್ಯವಸ್ಥೆಯ ದುರ್ಬಲಗೊಳ್ಳುವಿಕೆ, ಲಘೂಷ್ಣತೆ.","ಹಲ್ಲು, ರದನ",Tooth,Yes,Darshan R K,2025-02-08 06:48:07
ದಂತ,ದಂತ ಮಹಾವಿದ್ಯಾಲಯದಲ್ಲಿ ರೀಡರ್ ಆಗಿ ಕೆಲಸ ಮಾಡುತ್ತಿರುವ ಅವರು ಬರೆದ ಈ ಪುಸ್ತಕ ಸರಳವಾಗಿ ಓದಿಸಿಕೊಂಡು ಹೋಗುತ್ತದೆ.,"ಹಲ್ಲು, ರದನ",Tooth,Yes,Darshan R K,2025-02-08 06:48:07
ದಂತ,ಇದರಂತೆ ದಂತ ಸಮಸ್ಯೆಗಳಿಗೆ ಅನುಗುಣವಾಗಿ ಪ್ರಿಮಿಯಂ ಪಾವತಿಸಬೇಕು.,"ಹಲ್ಲು, ರದನ",Tooth,Yes,Darshan R K,2025-02-08 06:48:07
ದಂತ,ಆಧುನಿಕ ವೈದ್ಯಕೀಯ ದಂತ ಕಚೇರಿಗಳು ಮತ್ತು ಚಿಕಿತ್ಸಾಲಯಗಳು ಕ್ಷಿಪ್ರ ಧನ್ಯವಾದಗಳು ಯಾವುದೇ ಜನರು ಸುತ್ತಿನಲ್ಲಿ ಪಡೆಯಲು ಪ್ರಯತ್ನಿಸಿದ್ದಾರೆ ಮತ್ತು ಆದರ್ಶಪ್ರಾಯ ಭೇಟಿ ಎಂದಿಗೂ ಆ ಅಸಹ್ಯ ಸ್ಥಳಗಳಲ್ಲಿ ಮುಂದೆ.,"ಹಲ್ಲು, ರದನ",Tooth,Yes,Darshan R K,2025-02-08 06:48:08
ದಂತ,"ವೈದ್ಯಕೀಯ, ದಂತ ವೈದ್ಯಕೀಯ ಪದವಿ ಕೋರ್ಸ್‌ಗಳ ಪ್ರವೇಶ ಬಯಸುವ ವಿದ್ಯಾರ್ಥಿಗಳು ಭಾನುವಾರದ ಎನ್‌ಇಇಟಿಗೆ ಹೆಸರು ನೋಂದಾಯಿಸದಿದ್ದರೆ ಜುಲೈ 24ರಂದು ನಡೆಯುವ ಎರಡನೇ ಹಂತದ ಎನ್‌ಇಇಟಿಗೆ ಹಾಜರಾಗಬೇಕು ಎಂದರು.","ಹಲ್ಲು, ರದನ",Tooth,Yes,Darshan R K,2025-02-08 06:48:08
ದಂತ,"ದಂತವೈದ್ಯರು ಆಸ್ಪತ್ರೆಗಳಿಗೆ ಸಂಬಂಧಿಸಬೇಕಾಗಿಲ್ಲವಾದ್ದರಿಂದ, ಅಭ್ಯಾಸದ ಪರಿಸರದ ಆಯ್ಕೆಗಳು ಪ್ರಾಥಮಿಕವಾಗಿ ದಂತ ಕಚೇರಿಗಳಿಗೆ ಸೀಮಿತವಾಗಿವೆ.","ಹಲ್ಲು, ರದನ",Tooth,Yes,Darshan R K,2025-02-08 06:48:08
ದಂತ,ಅದೇ ಐಸ್ ಕ್ವಿನೈನ್ ಅನ್ನು ಬಳಸುವಾಗ ಅರಿವಳಿಕೆಯೊಂದಿಗೆ ಗರ್ಭಾವಸ್ಥೆಯಲ್ಲಿ ದಂತ ಚಿಕಿತ್ಸೆಯು ಸ್ವೀಕಾರಾರ್ಹವಾಗಿರುತ್ತದೆ.,"ಹಲ್ಲು, ರದನ",Tooth,Yes,Darshan R K,2025-02-08 06:48:08
ದಂತ,"ವೈದ್ಯಕೀಯದಲ್ಲಿ, ಶಸ್ತ್ರಚಿಕಿತ್ಸೆಗಳು, ದಂತ ಶುಚಿಗೊಳಿಸುವಿಕೆಗಳು , ಲಸಿಕೆಗಳು, ಜನನ ನಿಯಂತ್ರಣ ಮತ್ತು ಹಲವಾರು ರೀತಿಯ ವಿಧಾನಗಳು ಮತ್ತು ಚಿಕಿತ್ಸೆಗಳ ಬಗ್ಗೆ ವಿವರಿಸಲು ಪದವಿ ರೋಗನಿರೋಧಕವನ್ನು ಬಳಸಲಾಗುತ್ತದೆ.","ಹಲ್ಲು, ರದನ",Tooth,Yes,Darshan R K,2025-02-08 06:48:08
ದಂತ,ಶಕ್ತಿ ರೆಸಿಡೆನ್ಶಿಯಲ್ ಶಾಲೆ ಮತ್ತು ಶಕ್ತಿ ಪ ಪೂ ಕಾಲೇಜಿನ ವತಿಯಿಂದ ವಿದ್ಯಾರ್ಥಿಗಳಿಗೆ ದಂತ ತಪಾಸಣಾ ಶಿಬಿರ,"ಹಲ್ಲು, ರದನ",Tooth,Yes,Darshan R K,2025-02-08 06:48:08
ದಂತ,ವೈದ್ಯಕೀಯ ಮತ್ತು ದಂತ ವೈದ್ಯ ಕೋರ್ಸ್‌ಗೆ ಸೇರುವವರು ಈ ವರ್ಷ ರಾಜ್ಯ ಸರ್ಕಾರ ನಡೆಸುವ ಸಿಇಟಿ ಮತ್ತು ದೇಶವ್ಯಾಪಿ ನಡೆಯಲಿರುವ ನೀಟ್‌ (ರಾಷ್ಟ್ರೀಯ ಅರ್ಹತಾ ಪ್ರವೇಶ ಪರೀಕ್ಷೆ) ಎರಡನ್ನೂ ಬರೆಯುವುದು ಕಡ್ಡಾಯವಾಗಿದೆ.,"ಹಲ್ಲು, ರದನ",Tooth,Yes,Darshan R K,2025-02-08 06:48:08
ದಂತ,"ಸದ್ಯಕ್ಕೆ ಆಸ್ಪತ್ರೆಯಲ್ಲಿ ಸರ್ಜನ್, ಸ್ತ್ರೀರೋಗ ತಜ್ಞ, ಅರಿವಳಿಕೆ ತಜ್ಞ, ಕಣ್ಣಿನ ವೈದ್ಯರು ಹಾಗೂ ದಂತ ವೈದ್ಯರು ಮಾತ್ರ ಇಲ್ಲಿ ಕಾರ್ಯನಿರ್ವಹಿಸುತ್ತಿದ್ದು, ಮುಖ್ಯ ವೈದ್ಯ, ಮೂಳೆ ತಜ್ಞ, ಫಿಜಿಶಿ­ಯನ್, ಮಕ್ಕಳ ತಜ್ಞ, ಕಿವಿ, ಗಂಟಲು ತಜ್ಞ, ಸಾಮಾನ್ಯ ವೈದ್ಯಾಧಿಕಾರಿಗಳು (ಜಿಡಿಎಂಡಿ) ಹಾಗೂ ಮತ್ತೊಬ್ಬ ದಂತವೈದ್ಯ ಹಾಗೂ ಸ್ತ್ರೀರೋಗ ತಜ್ಞರ ಹುದ್ದೆಗಳು ಖಾಲಿ ಇವೆ.","ಹಲ್ಲು, ರದನ",Tooth,Yes,Darshan R K,2025-02-08 06:48:08
ದಂತ,ದಂತ ಮತ್ತು ಬಾಯಿಯ ಸಮಸ್ಯೆಗಳು,"ಹಲ್ಲು, ರದನ",Tooth,Yes,Darshan R K,2025-02-08 06:48:08
ದಂತ,ದಂತ ಕ್ಷಯ ಸಹ ಸಂಪೂರ್ಣವಾಗಿ ಕ್ಲೀನ್ ಹಲ್ಲುಗಳಿಗೆ ಬೆಳೆಯಬಹುದು.,"ಹಲ್ಲು, ರದನ",Tooth,Yes,Darshan R K,2025-02-08 06:48:08
ದಂತ,"2013ರ ನವೆಂಬರ್‌ನಿಂದ ಗಾಜಿಯಾಬಾದ್‌ನ ದಸ್ನಾ ಜೈಲಿನಲ್ಲಿರುವ ತಲ್ವಾರ್ ದಂಪತಿ, ಜೈಲುವಾಸಿಗಳಿಗೆ ದಂತ ಚಿಕಿತ್ಸೆ ನೀಡುತ್ತಿದ್ದಾರೆ.","ಹಲ್ಲು, ರದನ",Tooth,Yes,Darshan R K,2025-02-08 06:48:08
ದಂತ,ಬ್ರೀಡಿಂಗ್ ಅಂತರ ದಂತ ಸೂಕ್ಷ್ಮಜೀವಿಗಳನ್ನು ಪ್ರೇರೇಪಿಸುವ ಒಸಡಿನ ಉರಿಯೂತ ದಂತ ರೋಗ ಉಂಟುಮಾಡಬಹುದು.,"ಹಲ್ಲು, ರದನ",Tooth,Yes,Darshan R K,2025-02-08 06:48:08
ದಳ,"ದಾನ, ದಕ್ಷಿಣೆ ಕೊಡುವಾಗ ತುಳಸಿ ದಳ ಯಾಕೆ?",ಎಲೆ,Leaf,Yes,Darshan R K,2025-02-08 15:05:15
ದಳ,ಮುಂದಿನ ಈ ಅಂಟದಂತೆ ಉತ್ಪನ್ನದ ತಪ್ಪು ಬದಿಯಲ್ಲಿ ಪ್ರತಿ ದಳ ಕೋರ್ ಒಂದು ಹೂವಿನ ಆಯ್ಕೆ.,ಎಲೆ,Leaf,Yes,Darshan R K,2025-02-08 15:05:16
ದಳ,ಅದರಲ್ಲಿ ಒಂದು ಬೆಳಿಗ್ಗೆ ದುಂಡಗೆ ದಪ್ಪಗೆ ಬೆಳ್ಳಗೆ ದಳ ತೆರೆದು ಅರಳಿದ ಒಂದೇ ಒಂದು ಹೂವು ಕಾಣಿಸಿಕೊಂಡಿತು.,ಎಲೆ,Leaf,Yes,Darshan R K,2025-02-08 15:05:16
ದಳ,ಒಂದು ದಳ ಶ್ರೀತುಳಸಿಯಿಂದ ತೃಪ್ತನಾಗುವ ಕೃಷ್ಣನಂತೆಯೇ ಅಲ್ಲವೇ ಇತರ ದೇವರುಗಳೂ ಕೂಡಾ?,ಎಲೆ,Leaf,Yes,Darshan R K,2025-02-08 15:05:16
ದಳ,ರೈತರ ಆದಾಯವನ್ನು ದ್ವಿಗುಣಗೊಳಿಸಬೇಕಾದಲ್ಲಿ ಮೊದಲು ಭಾರತದ ಅತಿ ದೊಡ್ಡ ಕೃಷಿಯಾಗಿರುವ ದ್ವಿ ದಳ ಹಾಗೂ ಎಣ್ಣೆ ಕಾಳುಗಳ ಮಾರುಕಟ್ಟೆಯನ್ನು ದೇಶದ ಒಳಗೆ ಹಾಗೂ ಜಾಗತಿಕವಾಗಿ ವಿಸ್ತರಿಸುವ ನಿಟ್ಟಿನಲ್ಲಿ ಕ್ರಮ ಕೈಗೊಳ್ಳುವ ಅಗತ್ಯವಿದೆ.,ಎಲೆ,Leaf,Yes,Darshan R K,2025-02-08 15:05:16
ದಳ,"ನಕಲಿ ನಾಣ್ಯ ವದಂತಿ: ನಾಣ್ಯದ ಒಂದು ಬದಿಯಲ್ಲಿ ₹ ಚಿಹ್ನೆ ಇರದ, ದೊಡ್ಡದಾಗಿ 10 ಎಂದು ಬರೆದ, ಮೇಲ್ಭಾಗದಲ್ಲಿ 15 ತೆಳ್ಳಗಿನ ದಳ ಆಕಾರದ ಚಿಹ್ನೆಗಳಿದ್ದರೆ ಆ ನಾಣ್ಯ ನಕಲಿ ಎಂದು ವಾಟ್ಸ್‌ಆ್ಯಪ್‌ನಲ್ಲಿ ಕಿಡಿಗೇಡಿಗಳು ಸಂದೇಶ ರವಾನಿಸಿದ್ದರು.",ಎಲೆ,Leaf,Yes,Darshan R K,2025-02-08 15:05:16
ದಳ,ತುಳಸಿ ದಳ ಬಳಸಿ ರೇಡಿಯೇಷನ್​ನಿಂದ ರಕ್ಷಣೆ ಪಡೆಯಬಹುದು ಎಂಬ ವಿಚಾರವನ್ನು ಇದೇ ಮೊದಲ ಬಾರಿಗೆ ಬಹಿರಂಗಪಡಿಸುತ್ತಿರುವುದಾಗಿಯೂ ಬಾಬಾ ರಾಮದೇವ್ ಹೇಳಿದರು.,ಎಲೆ,Leaf,Yes,Darshan R K,2025-02-08 15:05:16
ದಳ,"ಸ್ನಾನ ಮಾಡುವ ನೀರಿಗೆ ಕೆಲವು ಹನಿ ಬಾದಾಮಿ ಎಣ್ಣೆ, ಗುಲಾಬಿ ಹೂವಿನ ದಳ ಮತ್ತು ಸ್ನಾನಕ್ಕೆಂದು ದೊರೆಯುವ ಉಪ್ಪನ್ನು ಬೆರೆಸಿ ಸ್ನಾನ ಮಾಡಬಹುದು.",ಎಲೆ,Leaf,Yes,Darshan R K,2025-02-08 15:05:16
ದಳ,"ಆರು ದಳಗಳು ಬಿಡಿಬಿಡಿ ಇದ್ದು ಹಿಂದಕ್ಕೆ ಮುದುರಿದಂತಿರುವುದು ಒಂದು ಬಗೆಯಾದರೆ, ಇನ್ನೊಂದು ದಳ ಅಗಲವಿದ್ದು ಒಂದಕ್ಕೊಂದು ಸೇರಿದಂತಿರುತ್ತದೆ.",ಎಲೆ,Leaf,Yes,Darshan R K,2025-02-08 15:05:16
ದಳ,"ಹೂವು, ದಳ ಅಥವಾ ಹೃದಯದ ರೂಪದಲ್ಲಿ ಮಾಡಿದ ಅತ್ಯಂತ ಸುಂದರವಾದ ನೋಟ ಸಂಯೋಜಿತ ಅಲಂಕಾರ.",ಎಲೆ,Leaf,Yes,Darshan R K,2025-02-08 15:05:16
ದಳ,"ಬೆಳಗಾದರೆ ಹಚ್ಚ ಹಸುರಿನ ಗಿಡದಲ್ಲಿ ಬೆಳ್ಳನೆಯ ದಳ ತೆರೆದು ಕಣ್ಣನ್ನು ತುಂಬುವ ಹೂವು, ಬಾನಗಲಕ್ಕೂ ಸಪ್ತವರ್ಣದ ಕಮಾನು ಕಟ್ಟುವ ಕಾಮನ ಬಿಲ್ಲು; ದಂಡುದುಂಡಾಗಿ, ಬೆಟ್ಟಬೆಟ್ಟವಾಗಿ ಆಕಾಶದ ನೀಲಿಯಲ್ಲಿ ದಟ್ಟೈಸುವ ಮೋಡಗಳು ಮಿಂಚು ಗುಡುಗುಗಳಿಂದ ಹುಟ್ಟಿಸುವ ಬೆರಗು ಭಯಗಳು; ಹಸುರು ಹುಲ್ಲಿನ ಮೇಲೆ ಕಿಡಿಕಿಡಿ ಮಿರುಗುವ ಅಸಂಖ್ಯಾತ ಹಿಮಮಣಿಗಳು- ಇತ್ಯಾದಿ ಇತ್ಯಾದಿ ಅನಂತ ಸಂಖ್ಯೆಯ ಸಂಗತಿಗಳು, ಆಶ್ಚರ್ಯಪೂರ್ವಕವಾದ ಅಘಟಿತ ಘಟನೆಗಳಂತೆ ತೋರುವುದರಿಂದ ಇವೆಲ್ಲವನ್ನೂ ಪವಾಡಗಳೆಂದೇ ಹೇಳಬಹುದಲ್ಲವೆ?",ಎಲೆ,Leaf,Yes,Darshan R K,2025-02-08 15:05:16
ದಳ,ಸಾವಿರ ಪುಷ್ಪಗಳಿಗೆ ಒಂದು ತುಳಸಿ ದಳ ಸಮವೆಂದು ನಂಬಿಕೆ.,ಎಲೆ,Leaf,Yes,Darshan R K,2025-02-08 15:05:16
ದಳ,"ಹಾಗಾಗಿ ಯಾವುದೇ ದಾನ ನೀಡುವುದಿದ್ದರೂ, ತುಳಸಿ ದಳ ಸಹಿತ ನೀಡಬೇಕು ಎನ್ನುತ್ತಾರೆ.",ಎಲೆ,Leaf,Yes,Darshan R K,2025-02-08 15:05:16
ದಳ,ಈ ತುಳಸಿ ಗಿಡಕ್ಕೆ ಆಧ್ಯಾತ್ಮಿಕವಾಗಿ ತುಳಸಿ ಮಾತೇ ಎಂದು ಕೂಡ ನಾವು ಕರೆಯುತ್ತೇವೆ ತುಳಸಿ ಮಾತೆಯ ಒಂದು ದಳ ಕೂಡ ಇಲ್ಲದೆ ಇದ್ದರೆ ಶ್ರೀ ಕೃಷ್ಣನ ಪೂಜೆ ಆಗುವುದಿಲ್ಲ ಶ್ರೀ ಕೃಷ್ಣನಿಗೆ ತುಳಸಿ ಇಲ್ಲದೆ ಪೂಜೆ ಸಲ್ಲದು ಎಂದು ಹೇಳುತ್ತಾರೆ.,ಎಲೆ,Leaf,Yes,Darshan R K,2025-02-08 15:05:16
ದಳ,ಪ್ರತಿ ಹೂವಿನ ದಳ ಪ್ರತ್ಯೇಕವಾಗಿ ಹೊಲಿದು ಇದೆ.,ಎಲೆ,Leaf,Yes,Darshan R K,2025-02-08 15:05:16
ದಳ,ಮೂರನೇ ಮನೆಮದ್ದು ಪುದಿನ ಕೊತ್ತಂಬರಿ ಸೊಪ್ಪು ಹಾಗೆ ತುಳಸಿ ದಳ ಈ ಮೂರನ್ನು ಸೇರಿಸಿ ರಸವನ್ನು ತೆಗೆದುಕೊಂಡು ಇದನ್ನು ವಾರದಲ್ಲಿ ಒಂದರಿಂದ ಎರಡು ಬಾರಿ ಕುಡಿದರೆ ತುಂಬಾ ಒಳ್ಳೆಯದು ಹಾಗೇನೇ ಕರಿಬೇವು ನುಗ್ಗೆಸೊಪ್ಪಿನ ನೀರನ್ನು ಸಹ ವಾರದಲ್ಲಿ ಒಂದರಿಂದ ಎರಡು ಬಾರಿ ಕುಡಿಯಿರಿ.,ಎಲೆ,Leaf,Yes,Darshan R K,2025-02-08 15:05:16
ದಳ,"ವಿಷೇಷ ಅಪರಾಧ ಪತ್ತೆ ದಳ ಪೊಲೀಸರಿಗೆ ದೊರೆತ ಖಚಿತ ಮಾಹಿತಿ ಮೇರೆಗೆ ಮೂಡುಬಿದ್ರೆ ತೋಡಾರ್ ನಿವಾಸಿ, ದನಕಳ್ಳತನ ಪ್ರಕರಣಗಳಲ್ಲಿ ತಲೆಮರೆಸಿಕೊಂಡಿದ್ದ ಆರೋಪಿ ಬಶೀರ್ ಯಾನೆ ಆರ್ಗಾ ಬಶೀರ್ ಎಂಬಾತನನ್ನು ಬಂಧಿಸಿದ್ದಾರೆ.","ಪಡೆ, ಸೈನ್ಯ",Army,Yes,Darshan R K,2025-02-08 14:45:44
ದಳ,ಕಪ್ಪುಹಣದ ಮೇಲಿನ ವಿಶೇಷ ತನಿಖಾ ದಳ ಈಗಾಗಲೇ 3 ಲಕ್ಷ ರೂಪಾಯಿಗೂ ಹೆಚ್ಚಿನ ನಗದು ವಹಿವಾಟನ್ನು ನಿಷೇಧಿಸಬೇಕು.,"ಪಡೆ, ಸೈನ್ಯ",Army,Yes,Darshan R K,2025-02-08 14:45:44
ದಳ,ಆದಾಯಕ್ಕಿಂತ ಹೆಚ್ಚು ಆಸ್ತಿ ಗಳಿಕೆ ಆರೋಪದ ಮೇಲೆ ಕೆಐಎಡಿಬಿ ಮತ್ತು ಬಿಡಿಎ ಅಧಿಕಾರಿಗಳಿಬ್ಬರ ನಿವಾಸದ ಮೇಲೆ ಭ್ರಷ್ಟಾಚಾರ ನಿಗ್ರಹ ದಳ (ಎಸಿಬಿ) ಅಧಿಕಾರಿಗಳು ದಾಳಿ ನಡೆಸಿದ್ದಾರೆ.,"ಪಡೆ, ಸೈನ್ಯ",Army,Yes,Darshan R K,2025-02-08 14:45:44
ದಳ,ಮಡಿಕೇರಿ : ಚಿಪ್ಪುಹಂದಿಯನ್ನು ಅಕ್ರಮ ಬೇಟೆಯಾಡಿ ಕೊಂದು ಮಾರಾಟಕ್ಕೆ ಯತ್ನಿಸಿದ್ದ ಆರೋಪಿಗಳಿಬ್ಬರನ್ನು ವೀರಾಜಪೇಟೆ ಅರಣ್ಯ ದಳ ಪೊಲೀಸರು ಪತ್ತೆಹಚ್ಚಿ ತನಿಖೆ ನಡೆಸುತ್ತಿದ್ದಾರೆ.,"ಪಡೆ, ಸೈನ್ಯ",Army,Yes,Darshan R K,2025-02-08 14:45:44
ದಳ,ಧಾರವಾಡ ಜಿಲ್ಲೆಯ ನವಲಗುಂದ ತಾಲೂಕಿನ ಜಾವುರು ಗ್ರಾಮದಲ್ಲಿ ಸಿಲುಕಿದ್ದ ದಂಪತಿಗಳನ್ನ ಅಗ್ನಿ ಶಾಮಕ ದಳ ರಕ್ಷಣೆ ಮಾಡಿದೆ.,"ಪಡೆ, ಸೈನ್ಯ",Army,Yes,Darshan R K,2025-02-08 14:45:44
ದಳ,"ಮಹಾರಾಷ್ಟ್ರದ ವಿಚಾರವಾದಿ ಗೋವಿಂದ ಪನ್ಸಾರೆ ಅವರ ಕೊಲೆ ಪ್ರಕರಣದ ಕಿಂಗ್ ಪಿನ್ ಆಗಿರುವ ರುದ್ರೇಗೌಡ ಪಾಟೀಲ್‌ಗೆ ರಾಷ್ಟ್ರೀಯ ತನಿಖಾ ದಳ ರೆಡ್‌ಕಾರ್ನರ್ ನೋಟಿಸ್ ನೀಡಿದ್ದು, ಕಲ್ಬುರ್ಗಿ ಹತ್ಯೆಯಲ್ಲೂ ಈತನ ಕೈವಾಡ ಇರುವ ಬಲವಾದ ಶಂಕೆ ವ್ಯಕ್ತವಾಗಿದೆ.","ಪಡೆ, ಸೈನ್ಯ",Army,Yes,Darshan R K,2025-02-08 14:45:44
ದಳ,": ಸಂಘ ಸಂಸ್ಥೆಗಳು ಹಾಗೂ ಜನರು ಸಾರ್ವಜನಿಕ ಸ್ಥಳಗಳಲ್ಲಿ ಗಣೇಶನ ವಿಗ್ರಹಗಳನ್ನು ಇಡಲು ಬಿಬಿಎಂಪಿ, ಬೆಸ್ಕಾಂ, ಅಗ್ನಿಶಾಮಕ ದಳ ಹಾಗೂ ಸಂಚಾರಿ ಪೊಲೀಸರಿಂದ ಅನುಮತಿ ಪತ್ರ ಪಡೆಯುವುದು ಕಡ್ಡಾಯ ಎಂದು ಪೊಲೀಸ್ ಪ್ರಕಟಣೆ ತಿಳಿಸಿದೆ.","ಪಡೆ, ಸೈನ್ಯ",Army,Yes,Darshan R K,2025-02-08 14:45:44
ದಳ,: ಹೆಬ್ಬಲಸು ಮರದ ತುಂಡುಗಳನ್ನು ಅಕ್ರಮವಾಗಿ ಸಾಗಿಸುತ್ತಿದ್ದ ಪ್ರಕರಣವನ್ನು ಪತ್ತೆ ಹಚ್ಚಿರುವ ಕೊಡಗು ಜಿಲ್ಲಾ ಅಪರಾಧ ಪತ್ತೆ ದಳ ಒಟ್ಟು ೩.,"ಪಡೆ, ಸೈನ್ಯ",Army,Yes,Darshan R K,2025-02-08 14:45:44
ದಳ,"ಮಾಹಿತಿ ತಿಳಿದು ಸ್ಥಳಕ್ಕಾಗಮಿಸಿದ ಕಾಸರಗೋಡು ಅಗ್ನಿಶಾಮಕ ದಳ ಮತ್ತು ಪೊಲೀಸರು ಮೃತದೇಹವನ್ನು ಮೇಲಕ್ಕೆತ್ತಿ ಮಹಜರು ನಡೆಸಿದ್ದು ,ಮೃತದೇಹವನ್ನು ಮರಣೋತ್ತರ ಪರೀಕ್ಷೆಗಾಗಿ ಪರಿಯಾರಂ ವೈದ್ಯಕೀಯ ಕಾಲೇಜು, ಆಸ್ಪತ್ರೆಗೆ ಕೊಂಡೊಯ್ಯಲಾಗಿದೆ .","ಪಡೆ, ಸೈನ್ಯ",Army,Yes,Darshan R K,2025-02-08 14:45:44
ದಳ,"ಮನೆಯಲ್ಲಿದ್ದ ಗೃಹಪಯೋಗಿ ವಸ್ತುಗಳು ಸಂಪೂರ್ಣ ಬೆಂಕಿಗಾಹುತಿಯಾಗಿದ್ದು, ಸ್ಥಳಕ್ಕೆ ಅಗ್ನಿಶಾಮಕ ದಳ ಸಿಬ್ಬಂದಿ ಭೇಟಿ ನೀಡಿ ಬೆಂಕಿ ನಂದಿಸುವ ಕಾರ್ಯ ನಡೆಸಿದ್ದಾರೆ.","ಪಡೆ, ಸೈನ್ಯ",Army,Yes,Darshan R K,2025-02-08 14:45:44
ದಳ,ಶ್ವಾನ ದಳ,"ಪಡೆ, ಸೈನ್ಯ",Army,Yes,Darshan R K,2025-02-08 14:45:44
ದಳ,"ಈ ಸಂದರ್ಭದಲ್ಲಿ ಭಜರಂಗ ದಳ ಶ್ರೀರಾಮ ಸೇನಾದ, ಕಾರ್ಯಕರ್ತರು ಇದ್ದರು.","ಪಡೆ, ಸೈನ್ಯ",Army,Yes,Darshan R K,2025-02-08 14:45:44
ದಳ,ಉಡುಪಿ: ಕರ್ನಾಟಕ ಪದವಿಪೂರ್ವ ಶಿಕ್ಷಣ ಇಲಾಖೆಯ ಬೆಂಗಳೂರು ಮಲ್ಲೇಶ್ವರಂನಲ್ಲಿರುವ ಕಚೇರಿಯಲ್ಲಿರುವ ಜಂಟಿ ನಿರ್ದೇಶಕರ ವಿರುದ್ಧ ಬೆಂಗಳೂರಲ್ಲಿರುವ ಭ್ರಚ್ಟಾಚಾರ ನಿಗ್ರಹ ದಳ (ಎಸಿಬಿ)ದ ಹೆಚ್ಚುವರಿ.,"ಪಡೆ, ಸೈನ್ಯ",Army,Yes,Darshan R K,2025-02-08 14:45:44
ದಳ,"ಬೆಂಗಳೂರು, ಜುಲೈ 22 : ಲೋಕಾಯುಕ್ತದಲ್ಲಿ ನಡೆದ ಲಂಚದ ಹಗರಣದ ತನಿಖೆ ನಡೆಸುತ್ತಿರುವ ವಿಶೇಷ ತನಿಖಾ ದಳ ಅಶೋಕ್ ಕುಮಾರ್ ಎಂಬುವವರನ್ನು ಬಂಧಿಸಿದೆ.","ಪಡೆ, ಸೈನ್ಯ",Army,Yes,Darshan R K,2025-02-08 14:45:44
ದಳ,ಸ್ಥಳಕ್ಕೆ ದೌಡಾಯಿಸಿದ ಅಗ್ನಿಶಾಮಕ ದಳ,"ಪಡೆ, ಸೈನ್ಯ",Army,Yes,Darshan R K,2025-02-08 14:45:44
ದಳ,ರಾಷ್ಟ್ರೀಯ ವಿಪತ್ತು ದಳ ಮತ್ತು ರಾಜ್ಯ ವಿಪತ್ತು ದಳ ಜಂಟಿಯಾಗಿ ಮಾಡಿದ ಕಾರ್ಯಾಚರಣೆಯಿಂದ ಪುಟ್ಟ ಬಾಲಕಿ ಸನಾಳ ಜೀವ ಉಳಿದಿದೆ.,"ಪಡೆ, ಸೈನ್ಯ",Army,Yes,Darshan R K,2025-02-08 14:45:44
ದಳ,"ಕುಸಿದು ಬಿದ್ದ ಅವಶೇಷಗಳಡಿಯಲ್ಲಿ ಸಿಲುಕಿದ್ದ ವರನ್ನು ಅಗ್ನಿಶಾಮಕ ದಳ , ಸ್ಥಳೀಯರು , ಪೊಲೀಸರು ಹೊರತೆಗೆದು ಆಸ್ಪತ್ರೆಗೆ ಸಾಗಿಸಿದರು.","ಪಡೆ, ಸೈನ್ಯ",Army,Yes,Darshan R K,2025-02-08 14:45:44
ದಳ,"ನಿನ್ನೆ ಮಧ್ಯಾಹ್ನ ಪಾತನಡ್ಕದ ಕೊಳದ ಬದಿಯಲ್ಲಿ ಪ್ರಶಾಂತರ ಕಾರು, ಚಪ್ಪಲಿ ಕಂಡು ಬಂದಿದ್ದು, ಸ್ಥಳೀಯರು ಶಂಕೆಗೊಂಡು ನೀಡಿದ ಮಾಹಿತಿಯಂತೆ ಅಗ್ನಿಶಾಮಕ ದಳ ಹಾಗೂ ಊರವರು ಸೇರಿ ನಡೆಸಿದ ಪರಿಶೀಲನೆಯಲ್ಲಿ ಮೃತದೇಹ ಕಂಡು ಬಂದಿದೆ.","ಪಡೆ, ಸೈನ್ಯ",Army,Yes,Darshan R K,2025-02-08 14:45:45
ದಳ,"ಇನ್ನು ಸ್ಥಳಕ್ಕೆ ಅಗ್ನಿಶಾಮಕ ದಳ ಮತ್ತು ಚಿಕ್ಕಜಾಲ ಪೊಲೀಸರು ಆಗಮಿಸಿ, ಪರಿಶೀಲನೆ ನಡೆಸಿದ್ದಾರೆ.","ಪಡೆ, ಸೈನ್ಯ",Army,Yes,Darshan R K,2025-02-08 14:45:45
ದಳ,"ನವದೆಹಲಿ: ಕರ್ನಾಟದ ಗೋರಕ್ಷಾ ದಳ ಪ್ರಧಾನಿ ನರೇಂದ್ರ ಮೋದಿಗೆ ಪತ್ರ ಬರೆದಿದ್ದು, ಗೋಹತ್ಯೆಯಲ್ಲಿ ತೊಡಗಿರುವವರಿಗೆ ಕಠಿಣ ಶಿಕ್ಷೆ ವಿಧಿಸಬೇಕೆಂದು ಮನವಿ ಮಾಡಿದೆ.","ಪಡೆ, ಸೈನ್ಯ",Army,Yes,Darshan R K,2025-02-08 14:45:45
ದಳ,"ಸ್ಥಳದಲ್ಲಿ ಬಾಂಬ್ ಪತ್ತೆ ದಳ ಹಾಗೂ ಶ್ವಾನ ದಳ ಆಗಮಿಸಿದ್ದು, ಶೋಧ ಕಾರ್ಯ ನಡೆಸುತ್ತಿವೆ.","ಪಡೆ, ಸೈನ್ಯ",Army,Yes,Darshan R K,2025-02-08 14:45:45
ದಳ,ಬೆಂಕಿ ಅವಘಡ ಕುರಿತು ಜಾಗೃತಿ: ಸರ ಸ್ವತಿಪುರಂ ಅಗ್ನಿಶಾಮಕ ದಳ ಅಧಿಕಾರಿ ಸೋಮಶೇಖರ್ ಅವರು ಸಾರ್ವಜನಿಕ ಆಸ್ತಿಪಾಸ್ತಿಗೆ ಬೆಂಕಿ ತಗುಲಿದರೆ ಸಾಧ್ಯ ವಾದಷ್ಟು ನಂದಿಸಲು ಪ್ರಯತ್ನಿಸಬೇಕು.,"ಪಡೆ, ಸೈನ್ಯ",Army,Yes,Darshan R K,2025-02-08 14:45:45
ದಳ,"ಬ್ರೆಸ್ಟ್ ಫೋರ್ಟ್ರೆಸ್, 1941, ರಕ್ಷಣೆ ಒಂಭತ್ತು ಸೋವಿಯತ್ ಬೆಟಾಲಿಯನ್ಗಳು, ಎರಡು ಫಿರಂಗಿ ದಳ ಮತ್ತು ಪ್ರತ್ಯೇಕ ಘಟಕಗಳು ಹೆಗಲ ಮೇಲೆ ಬಿದ್ದಿತು.","ಪಡೆ, ಸೈನ್ಯ",Army,Yes,Darshan R K,2025-02-08 14:45:45
ದಳ,"ನವದೆಹಲಿ, ಜನವರಿ 23: ಭೂಗತ ಪಾತಕಿ ಛೋಟಾ ರಾಜನ್ ವಿರುದ್ಧ ಕೇಂದ್ರೀಯ ತನಿಖಾ ದಳ (ಸಿಬಿಐ) ಮೂರು ಹೊಸ ಪ್ರಕರಣಗಳನ್ನು ದಾಖಲಿಸಲಾಗಿದೆ.","ಪಡೆ, ಸೈನ್ಯ",Army,Yes,Darshan R K,2025-02-08 14:45:45
ದಳ,ಬಾಂಬ್ ನಿಷ್ಕ್ರಿಯ ದಳ ಹಾಗೂ ರಿಜರ್ವ್ ಪೋಲಿಸ್ ತುಕಡಿಗಳಿದ್ದು ಯಾತ್ರಾರ್ಥಿಗಳ ಸುರಕ್ಷಿತೆಯ ಹೊಣೆ ನಿರ್ವಹಿಸಲಿರುವರು.,"ಪಡೆ, ಸೈನ್ಯ",Army,Yes,Darshan R K,2025-02-08 14:45:45
ದಳ,"ವಿಶ್ವ ಹಿಂದೂ ಪರಿಷತ್‌, ಭಜರಂಗ ದಳ ಹಾಗೂ ಸ್ಥಳೀಯ ಸ್ವಯಂ ಘೋಷಿತ ಗೋರಕ್ಷಕರು ಈ ದಾಳಿಗಳನ್ನು ನಡೆಸಿದ್ದಾರೆ.","ಪಡೆ, ಸೈನ್ಯ",Army,Yes,Darshan R K,2025-02-08 14:45:45
ದಳ,"ಮಾತ್ರವಲ್ಲದೇ, ರಾಷ್ಟ್ರೀಯ ತನಿಖಾ ದಳ ತಮಿಳುನಾಡು, ಕೇರಳ, ಕಾಸರ ಗೋಡು ಹಾಗೂ ಕಣ್ಣೂರಿನಲ್ಲಿ ಕೆಲವು ಶಂಕಿತರ ಮನೆಗಳ ಮೇಲೆ ದಾಳಿ ನಡೆ ಸಿದೆ.","ಪಡೆ, ಸೈನ್ಯ",Army,Yes,Darshan R K,2025-02-08 14:45:45
ದಳ,"ರಕ್ಷಣಾ ಕಾರ್ಯಾಚರಣೆ ನಡೆಸಿದ ಅಗ್ನಿಶಾಮಕ ದಳ ಸಿಬ್ಬಂದಿ, ಪೊಲೀಸ್ ಅಧಿಕಾರಿಗಳಿಗೆ ಧನ್ಯವಾದ ತಿಳಿಸದರು.","ಪಡೆ, ಸೈನ್ಯ",Army,Yes,Darshan R K,2025-02-08 14:45:45
ದಳ,"ಕೊಡಗಿನಲ್ಲಿ ಮಳೆ ಕಡಿಮೆಯಾಗಿದ್ದರೂ, ಜನಜೀವನ ಅಸ್ತವ್ಯಸ್ತಗೊಂಡಿದ್ದು, ಜಿಲ್ಲಾ ಉಸ್ತುವಾರಿ ಸಚಿವರು, ಜಿಲ್ಲಾ ಉಸ್ತುವಾರಿ ಕಾರ್ಯದರ್ಶಿಗಳು, ಅಗ್ನಿ ಶಾಮಕ ದಳ ಡಿಜಿಪಿ, ಇಬ್ಬರು ಎಡಿಜಿಪಿಗಳು, ಇಬ್ಬರು ಹೆಚ್ಚುವರಿ ಮುಖ್ಯ ಕಾರ್ಯದರ್ಶಿಗಳು ಸ್ಥಳದಲ್ಲೇ ಮೊಕ್ಕಾಂ ಮಾಡಿ, ಪರಿಹಾರ ಕಾರ್ಯನಿರ್ವಹಿಸುತ್ತಿದ್ದಾರೆ","ಪಡೆ, ಸೈನ್ಯ",Army,Yes,Darshan R K,2025-02-08 14:45:45
ದಳ,"ಕಾಶ್ಮೀರ ವಿಚಾರದಲ್ಲಿ ಕೇಂದ್ರ ಸರಕಾರ ಕೈಗೊಂಡ ನಿರ್ಧಾರದ ಬಳಿಕ ಕಾಶ್ಮೀರಕ್ಕೆ ಭೇಟಿ ನೀಡಿದ ದೋವೆಲ್, ಸೇನೆ, ಗುಪ್ತಚರ ದಳ ಹಾಗೂ ಪೊಲೀಸ್‌ ಇಲಾಖೆಯ ಹಿರಿಯ ಅಧಿಕಾರಿಗಳ ಜತೆ ಸಭೆ ನಡೆಸಿ ಭದ್ರತಾ ಪರಿಶೀಲನೆ ನಡೆಸಿದರು.","ಪಡೆ, ಸೈನ್ಯ",Army,Yes,Darshan R K,2025-02-08 14:45:45
ದಳ,"ಈ ಪ್ರಕರಣದಲ್ಲೂ ಪಿಎಫ್‍ಐ ಸಂಘಟನೆ ಇದ್ದಿರುವ ಸಾಧ್ಯತೆ ಇದ್ದು, ತನಿಖಾ ದಳ ಈ ಪ್ರಕರಣವನ್ನು ಗಂಭೀರವಾಗಿ ಪರಿಗಣಿಸಬೇಕಿದೆ.","ಪಡೆ, ಸೈನ್ಯ",Army,Yes,Darshan R K,2025-02-08 14:45:45
ದಳ,"ಘಟನಾ ಸ್ಥಳಕ್ಕೆ ದೌಡಾಯಿಸಿದ ಪೊಲೀಸರು, ಅಗ್ನಿ ಶಾಮಕ ದಳ ಸಿಬ್ಬಂದಿಗಳು ಜನರನ್ನು ನಿಯಂತ್ರಿಸಲು ಹರಸಾಹಸಪಟ್ಟರು.","ಪಡೆ, ಸೈನ್ಯ",Army,Yes,Darshan R K,2025-02-08 14:45:45
ದಳ,ವರದರಾಜನ್‌ ಅವರು ಭಾಗವಹಿಸಿ ಜನರ ಸೇವೆಯೇ ನಮ್ಮ ಮುಖ್ಯ ಕರ್ತ್ಯವ್ಯ ಎಂಬ ಮನೋಭಾವದಿಂದ ಸೇವೆ ಸಲ್ಲಿಸುತ್ತಿರುವ ಗೃಹರಕ್ಷಕ ದಳ ಹಾಗೂ ಸಮಾಜದ ಸ್ವಾಸ್ಥ ಕಾಪಾಡುವಲ್ಲಿ ಗೃಹರಕ್ಷಕ ದಳದ ಕಾರ್ಯ ಶ್ಲಾಘನೀಯ ಎಂದರು.,"ಪಡೆ, ಸೈನ್ಯ",Army,Yes,Darshan R K,2025-02-08 14:45:45
ದಳ,"ಪ್ರತಿ ಕೆರೆಗಳಲ್ಲಿ ಯಾವುದೇ ಅಹಿತಕರ ಘಟನೆ ಉಂಟಾಗದಂತೆ, ಅಗ್ನಿಶಾಮಕ ದಳ ಸಿಬ್ಬಂದಿಗಳನ್ನು ನಿಯೋಜಿಸಲಾಗಿದೆ.","ಪಡೆ, ಸೈನ್ಯ",Army,Yes,Darshan R K,2025-02-08 14:45:45
ದಿವಾಳಿ,"ನವಕರ್ನಾಟಕ ದ ಹೆಸರಿನಲ್ಲಿ ಸರ್ಕಾರವನ್ನು ದಿವಾಳಿ ಮಾಡುತ್ತಿದ್ದಾರೆ, ಇದುವರೆಗೂ ಒಂದು ಎಕರೆ ಭೂಮಿಗೆ ನೀರು ಕೊಟ್ಟಿಲ್ಲ.",ಎಲ್ಲವನ್ನೂ ಕಳೆದುಕೊಳ್ಳುವಿಕೆ,Losing everything,Yes,Darshan R K,2025-02-05 18:12:38
ದಿವಾಳಿ,"ಭಾರತ ಮತ್ತು ಚೀನಾ ಸ್ಮಾರ್ಟ್‌ಫೋನ್ ಮಾರುಕಟ್ಟೆಗಳಲ್ಲಿ ಭಾರೀ ಹೆಸರುಗಳಿಸಿದ್ದ ಜಿಯೋನಿ ದಿವಾಳಿ ಕೋರಿ ಅರ್ಜಿ ಸಲ್ಲಿಸಿ ಸಲ್ಲಿಸಿದ್ದು, ನನ್ನನ್ನು ದಿವಾಳಿ ಎಂದು ಪರಿಗಣಿಸುವಂತೆ ಕೋರಿ ಕಂಪೆನಿ ಸಲ್ಲಿಸಿದ ಅರ್ಜಿಯನ್ನು ಕೋರ್ಟ್‌ ಮಾನ್ಯ ಮಾಡಿದೆ.",ಎಲ್ಲವನ್ನೂ ಕಳೆದುಕೊಳ್ಳುವಿಕೆ,Losing everything,Yes,Darshan R K,2025-02-05 18:12:38
ದಿವಾಳಿ,ಕೆಲಸ ಮಾಡದೇ ಇದ್ದುದರಿಂದಲೇ ಉಳಿದ ಬ್ಯಾಂಕುಗಳು ದಿವಾಳಿ ಎದ್ದಿವೆ.,ಎಲ್ಲವನ್ನೂ ಕಳೆದುಕೊಳ್ಳುವಿಕೆ,Losing everything,Yes,Darshan R K,2025-02-05 18:12:38
ದಿವಾಳಿ,"2018ರಲ್ಲಿ ತನ್ನನ್ನ ದಿವಾಳಿ ಎಂದು ಘೋಷಿಸಿಕೊಂಡಿದ್ದ, ಹೆಚ್ಚು ಕಡಿಮೆ ಸ್ಮಾರ್ಟ್‌ಫೋನ್‌ ಮಾರುಕಟ್ಟೆಯಿಂದಲೆ ಮರೆಯಾಗಿತ್ತು ಜಿಯೋನಿ ಕಂಪೆನಿ.",ಎಲ್ಲವನ್ನೂ ಕಳೆದುಕೊಳ್ಳುವಿಕೆ,Losing everything,Yes,Darshan R K,2025-02-05 18:12:38
ದಿವಾಳಿ,ಕಿಂಗ್ ಫಿಶರ್ ಏರ್ಲೈನ್ಸ್ ದಿವಾಳಿ ಸಮಯದಲ್ಲಿ ಮಲ್ಯ ಬ್ಯಾಂಕ್ ನಿಂದ ಸಾಲ ಪಡೆದಿದ್ದರು.,ಎಲ್ಲವನ್ನೂ ಕಳೆದುಕೊಳ್ಳುವಿಕೆ,Losing everything,Yes,Darshan R K,2025-02-05 18:12:38
ದಿವಾಳಿ,ಸಾಮರಾ (ರಷ್ಯಾ): ರಷ್ಯಾದ ಸಾಮರಾದಲ್ಲಿನ ಆಲ್ವಿ ಗ್ಯಾಸ್​ ಸ್ಟೇಷನ್​ ಎಂಬ ಪೆಟ್ರೋಲ್​ ಬಂಕ್​ ಮಾಲೀಕ ಬಿಸಿನೆಸ್​ ಇಲ್ಲದೆ ದಿವಾಳಿ ಏಳುವ ಭೀತಿಗೆ ಸಿಲುಕಿದ್ದ.,ಎಲ್ಲವನ್ನೂ ಕಳೆದುಕೊಳ್ಳುವಿಕೆ,Losing everything,Yes,Darshan R K,2025-02-05 18:12:38
ದಿವಾಳಿ,"₹2 ಸಾವಿರ ಕೋಟಿ ಮೊತ್ತಕ್ಕಿಂತ ಹೆಚ್ಚಿನ ಸುಸ್ತಿಸಾಲದ ಪ್ರಕರಣಗಳಲ್ಲಿ 180 ದಿನಗಳಲ್ಲಿ ಪರಿಹಾರ ಕಂಡುಕೊಳ್ಳದಿದ್ದರೆ, ಅಂತಹ ಸಾಲದ ಖಾತೆಗಳನ್ನು ರಾಷ್ಟ್ರೀಯ ಕಂಪನಿ ಕಾಯ್ದೆ ನ್ಯಾಯಮಂಡಳಿಗೆ ಇಲ್ಲವೇ ದಿವಾಳಿ ಕೋರ್ಟ್‌ಗೆ ಕಡ್ಡಾಯವಾಗಿ ಶಿಫಾರಸು ಮಾಡಬೇಕಾಗಿತ್ತು.",ಎಲ್ಲವನ್ನೂ ಕಳೆದುಕೊಳ್ಳುವಿಕೆ,Losing everything,Yes,Darshan R K,2025-02-05 18:12:38
ದಿವಾಳಿ,"ಅರ್ಧಲಕ್ಷ ಕೋಟಿಗೂ ಹೆಚ್ಚು ನಷ್ಟ ಘೋಷಣೆ ಮಾಡಿದ ವೋಡಾಫೋನ್- ಐಡಿಯಾ ಕೇಂದ್ರ ಸರ್ಕಾರ ನೆರವು ನೀಡದಿದ್ದರೆ, ದಿವಾಳಿ ಸಂಹಿತೆ ಮಂಡಳಿ (ಐಬಿಸಿ) ಮುಂದೆ ಹೋಗುವುದಾಗಿ ಹೇಳಿದೆ.",ಎಲ್ಲವನ್ನೂ ಕಳೆದುಕೊಳ್ಳುವಿಕೆ,Losing everything,Yes,Darshan R K,2025-02-05 18:12:38
ದಿವಾಳಿ,ವಿಜಯ್ ಮಲ್ಯರನ್ನು ದಿವಾಳಿ ಎಂದು ಘೋಷಿಸಲು ಬ್ಯಾಂಕ್ ಅಪೀಲು,ಎಲ್ಲವನ್ನೂ ಕಳೆದುಕೊಳ್ಳುವಿಕೆ,Losing everything,Yes,Darshan R K,2025-02-05 18:12:38
ದಿವಾಳಿ,"ಗುಜರಾತ್‌ನಲ್ಲಿ ಹಿಂದಿನ 22 ವರ್ಷಗಳಲ್ಲಿ ಹಲವು ಸಾವಿರ ರೈತರು ಆತ್ಮಹತ್ಯೆ ಮಾಡಿಕೊಂಡಿದ್ದಾರೆ, ಈಗ 60 ಲಕ್ಷ ಯುವಕರು ನಿರುದ್ಯೋಗಿಯಾಗಿದ್ದಾರೆ, ನೋಟು ರದ್ದತಿಯಿಂದ ಗುಜರಾತ್‌ಒಂದರಲ್ಲಿಯೇ 15 ಲಕ್ಷ ಕಾರ್ಮಿಕರು ಕೆಲಸ ಕಳೆದುಕೊಂಡು ಬೀದಿಗೆ ಬಿದ್ದಿದ್ದಾರೆ ಹಾಗೂ 10 ಲಕ್ಷ ಸಣ್ಣ ವ್ಯಾಪಾರಿಗಳು ದಿವಾಳಿ ಎದ್ದು ತಮ್ಮ ವ್ಯಾಪಾರ ಬಂದ್ ಮಾಡಿ ಮನೆ ಸೇರಿದ್ದಾರೆ.",ಎಲ್ಲವನ್ನೂ ಕಳೆದುಕೊಳ್ಳುವಿಕೆ,Losing everything,Yes,Darshan R K,2025-02-05 18:12:38
ದಿವಾಳಿ,ಇದೇ ವೇಳೆ ದಿವಾಳಿ ಕಾಯ್ದೆಗೆ ಏಳು ತಿದ್ದುಪಡಿಗೆ ಸಂಪುಟ ಸಭೆ ಸಮ್ಮತಿ ಸೂಚಿಸಿದೆ.,ಎಲ್ಲವನ್ನೂ ಕಳೆದುಕೊಳ್ಳುವಿಕೆ,Losing everything,Yes,Darshan R K,2025-02-05 18:12:38
ದಿವಾಳಿ,"ಇನ್ನು ಸ್ವತಃ ರಾಹುಲ್, ಬ್ಯಾಂಕಿನ ಸಾಲ ಪಡೆದು ದಿವಾಳಿ ಎನ್ನಿಸಿಕೊಂಡಿರುವವರಿಂದ ಹಣ ವಸೂಲು ಮಾಡಿ ಅದನ್ನು ಹಂಚುತ್ತೇವೆ ಎಂದಿದ್ದಾರೆ.",ಎಲ್ಲವನ್ನೂ ಕಳೆದುಕೊಳ್ಳುವಿಕೆ,Losing everything,Yes,Darshan R K,2025-02-05 18:12:38
ದಿವಾಳಿ,"ಮಂಗಳವಾರ ಧರಣಿ ಉದ್ದೇಶಿಸಿ ಮಾತನಾಡಿದ ಸಹಕಾರಿ ಸಾರಿಗೆ ಸಂಸ್ಥೆಯ ಮಾಲಕರು, ಇತ್ತೀಚಿನ ಆರ್ಥಿಕ ಸಂಕಷ್ಟ, ಬಿಡಿ ಬಾಗಗಳ ಬೆಲೆ ಏರಿಕೆ, ತೈಲಬೆಲೆ ಏರಿಕೆ, ಜಿಎಸ್‌ಟಿ, ಸಿಬ್ಬಂದಿ ವೇತನ ವೆಚ್ಚ ಏರಿಕೆಯ ಹೊಡೆತ ಸಹಿಸಲಾಗದೆ ಸಾರಿಗೆ ಸಂಸ್ಥೆ ದಿವಾಳಿ ಹಂತಕ್ಕೆ ತಲುಪಿದೆ.",ಎಲ್ಲವನ್ನೂ ಕಳೆದುಕೊಳ್ಳುವಿಕೆ,Losing everything,Yes,Darshan R K,2025-02-05 18:12:38
ದಿವಾಳಿ,"₹ 2 ಸಾವಿರ ಕೋಟಿಗಿಂತ ಹೆಚ್ಚಿನ ಸುಸ್ತಿಸಾಲದ ಪ್ರಕರಣಗಳಲ್ಲಿ 180 ದಿನಗಳಲ್ಲಿ ಪರಿಹಾರ ಕಂಡುಕೊಳ್ಳದಿದ್ದರೆ, ಅಂತಹ ಸಾಲದ ಖಾತೆಗಳನ್ನು ರಾಷ್ಟ್ರೀಯ ಕಂಪನಿ ಕಾಯ್ದೆ ನ್ಯಾಯಮಂಡಳಿಗೆ ಇಲ್ಲವೆ ದಿವಾಳಿ ಕೋರ್ಟ್‌ಗೆ ಕಡ್ಡಾಯವಾಗಿ ಶಿಫಾರಸು ಮಾಡಬೇಕಾಗಿತ್ತು.",ಎಲ್ಲವನ್ನೂ ಕಳೆದುಕೊಳ್ಳುವಿಕೆ,Losing everything,Yes,Darshan R K,2025-02-05 18:12:38
ದಿವಾಳಿ,2008ರ ಅಮೆರಿಕದ ಲೆಮನ್ಸ್ ಬ್ರದರ್ಸ್ ಬ್ಯಾಂಕ್ ದಿವಾಳಿ ನಂತರ ಆರ್ಥಿಕ ಮುಗ್ಗಟ್ಟು ಈಗ ಮತ್ತೇ ತೀವ್ರವಾಗುತ್ತಾ ಹೋಗುತ್ತಿದೆ.,ಎಲ್ಲವನ್ನೂ ಕಳೆದುಕೊಳ್ಳುವಿಕೆ,Losing everything,Yes,Darshan R K,2025-02-05 18:12:38
ದಿವಾಳಿ,ಶಾಲೆಗಳು ಪ್ರಾರಂಭವಾಗುವಾಗಲೇ ಸಮವಸ್ತ್ರ-ಸೈಕಲ್ ವಿತರಿಸಲು ಮುಂದಾಗುವ ಬದಲು ವರ್ಷದ ಕೊನೆಯಲ್ಲಿ ಈ ಬಗ್ಗೆ ಚಿಂತಿಸುವ ಸರ್ಕಾರ ಶಿಕ್ಷಣ ಕ್ಷೇತ್ರವನ್ನು ದಿವಾಳಿ ಎಬ್ಬಿಸಲು ಮುಂದಾಗುತ್ತಿದೆ.,ಎಲ್ಲವನ್ನೂ ಕಳೆದುಕೊಳ್ಳುವಿಕೆ,Losing everything,Yes,Darshan R K,2025-02-05 18:12:38
ದಿವಾಳಿ,"ಗೃಹ ಮಂಡಳಿಗೆ ರೂ 450 ಕೋಟಿಗೂ ಅಧಿಕ ಮೊತ್ತದ ಸಾಲ ಇದ್ದು, ದಿವಾಳಿ ಅಂಚಿನಲ್ಲಿದೆ.",ಎಲ್ಲವನ್ನೂ ಕಳೆದುಕೊಳ್ಳುವಿಕೆ,Losing everything,Yes,Darshan R K,2025-02-05 18:12:40
ದಿವಾಳಿ,"ಬಗೆಹರಿಸಲು ಸಾಧ್ಯವಾಗದ ಸವಾಲುಗಳು,ಸರ್ವೋಚ್ಚ ಮತ್ತು ಉಚ್ಚ ನ್ಯಾಯಾಲಯಗಳಲ್ಲಿ ಬಾಕಿ ಇರುವ ಪ್ರಕರಣಗಳು ಇವು ದಿವಾಳಿ ಪ್ರಕ್ರಿಯೆಗೆ ಕಾರಣಗಳಾಗಿವೆ ಎಂದು ಅದು ಹೇಳಿದೆ.",ಎಲ್ಲವನ್ನೂ ಕಳೆದುಕೊಳ್ಳುವಿಕೆ,Losing everything,Yes,Darshan R K,2025-02-05 18:12:40
ದಿವಾಳಿ,"ರಲ್ಲಿ ವರ್ಲ್ಡ್ ಕಾಮ್, 2008 ರಲ್ಲಿ ಲೆಹ್ಮನ್ ಬ್ರದರ್ಸ್ ಮತ್ತು ವಾಷಿಂಗ್ಟನ್ ಮ್ಯೂಚ್ಯುಯಲ್ ನಂತರ ಅಮೆರಿಕಾದ ಅತಿ ದೊಡ್ಡ ದಿವಾಳಿ ಪ್ರಕರಣ ಇದಾಗಿದೆ.",ಎಲ್ಲವನ್ನೂ ಕಳೆದುಕೊಳ್ಳುವಿಕೆ,Losing everything,Yes,Darshan R K,2025-02-05 18:12:40
ದಿವಾಳಿ,ಈಗಾಗಲೇ ಕಳೆದ 60 ವರ್ಷಗಳಿಂದ ದೇಶವನ್ನು ಆಳಿದ ಕಾಂಗ್ರೇಸ್ ಹಾಗೂ ಬಿಜೆಪಿ ಸರ್ಕಾರಗಳು ದೇಶದ ಆರ್ಥಿಕ ಪರಿಸ್ಥಿತಿಯನ್ನು ದಿವಾಳಿ ಅಂಚಿನಲ್ಲಿ ತಳ್ಳಿವೆ.,ಎಲ್ಲವನ್ನೂ ಕಳೆದುಕೊಳ್ಳುವಿಕೆ,Losing everything,Yes,Darshan R K,2025-02-05 18:12:40
ದಿವಾಳಿ,"ಆರ್ಥಿಕ ಕುಸಿತದಿಂದ ಕಂಗೆಟ್ಟು ದಿವಾಳಿ ಅಂಚಿನಲ್ಲಿರುವ ಪಾಕಿಸ್ತಾನ ಇತ್ತೀಚೆಗೆ ಸರಕಾರಿ ಸಭೆಯಲ್ಲಿ ಟೀ, ಕಾಫಿ, ತಿಂಡಿ ಬಿಸ್ಕೆಟ್ ನಿಷೇಧಿಸಿರುವುದಾಗಿ ಸ್ವತಃ ಪಾಕ್ ಪ್ರಧಾನಿ ಇಮ್ರಾನ್ ಖಾನ್ ಘೋಷಿಸಿದ್ದನ್ನು ಇಲ್ಲಿ ನೆನಪಿಸಿಕೊಳ್ಳಬಹುದು.",ಎಲ್ಲವನ್ನೂ ಕಳೆದುಕೊಳ್ಳುವಿಕೆ,Losing everything,Yes,Darshan R K,2025-02-05 18:12:40
ದಿವಾಳಿ,ಕಾಂಗ್ರೆಸ್ ಮತ್ತು ಬಿಜೆಪಿ ಸರ್ಕಾರಗಳ ಆರ್ಥಿಕ ನೀತಿ ಯಿಂದಾಗಿ ಬ್ಯಾಂಕ್‍ಗಳು ಇಂದು ದಿವಾಳಿ ಅಂಚಿನತ್ತ ತಲುಪುತ್ತಿದ್ದು ಸಾರ್ವಜನಿಕರು ತೊಂದರೆ ಅನುಭವಿಸು ವಂತಾಗಿದೆ.,ಎಲ್ಲವನ್ನೂ ಕಳೆದುಕೊಳ್ಳುವಿಕೆ,Losing everything,Yes,Darshan R K,2025-02-05 18:12:40
ದಿವಾಳಿ,"ಪ್ರಪಂಚದ ಅತಿ ಹೆಚ್ಚು ಪ್ರಸಾರವುಳ್ಳ ಪತ್ರಿಕೆಯ ಖ್ಯಾತಿಯ ಡೈಜೆಸ್ಟ್, ಅಮೆರಿಕಾದಲ್ಲಿ ದಿವಾಳಿ ಘೋಷಿಸಲು ನಿರ್ಧರಿಸಿದೆ.",ಎಲ್ಲವನ್ನೂ ಕಳೆದುಕೊಳ್ಳುವಿಕೆ,Losing everything,Yes,Darshan R K,2025-02-05 18:12:40
ದಿವಾಳಿ,"ದಿವಾಳಿ ಕಾಯ್ದೆಯಡಿಯಲ್ಲಿ 57,382 ಕೋಟಿ ರೂಪಾಯಿ ಪಾವಿಸುವಂತೆ ಕೋರಿರುವ ಹಣಕಾಸು ಸಂಸ್ಥೆಗಳ ಪಟ್ಟಿಯನ್ನು ರಿಲಯನ್ಸ್ ಕಮ್ಯನಿಕೇಶನ್ಸ್ ಸೋಮವಾರ ಬಿಡುಗಡೆ ಮಾಡಿದೆ.",ಎಲ್ಲವನ್ನೂ ಕಳೆದುಕೊಳ್ಳುವಿಕೆ,Losing everything,Yes,Darshan R K,2025-02-05 18:12:40
ದಿವಾಳಿ,ಅವರು ಕಂಪನಿಯು ತನ್ನ ದಿವಾಳಿ ಗುರುತಿಸುವಂತಹ ಅಪ್ಲಿಕೇಶನ್ ಸಲ್ಲಿಕೆ ದಿನಾಂಕ ಸಂಫೂರ್ಣವಾಗಿ ಸಾಲಗಾರರಿಗೆ ಜವಾಬ್ದಾರಿಗಳನ್ನು ಮರುಪಾವತಿಸಲು ನಿಜವಾದ ಸಾಮರ್ಥ್ಯವನ್ನು ಹೊಂದಿದೆ ಎಂದು ಪ್ರತಿನಿಧಿಸುತ್ತದೆ.,ಎಲ್ಲವನ್ನೂ ಕಳೆದುಕೊಳ್ಳುವಿಕೆ,Losing everything,Yes,Darshan R K,2025-02-05 18:12:41
ದಿವಾಳಿ,"ಸುಗ್ರೀವಾಜ್ಞೆ ಫಲವಾಗಿ, ಹಣಕಾಸು ನಷ್ಟ ಮತ್ತು ದಿವಾಳಿ ಸಂಹಿತೆ ಪ್ರಕ್ರಿಯೆ ಆರಂಭಿಸುವುದಕ್ಕೆ ಪೂರಕವಾಗಿ ಸಾಲಗಾರರ ಪಟ್ಟಿ ಸಿದ್ಧಪಡಿಸಲಾಗುವುದು.",ಎಲ್ಲವನ್ನೂ ಕಳೆದುಕೊಳ್ಳುವಿಕೆ,Losing everything,Yes,Darshan R K,2025-02-05 18:12:41
ದಿವಾಳಿ,"ಅಸ್ತಿತ್ವದ ಮೊದಲ 65 ವರ್ಷಗಳವರೆಗೆ, ಭವಿಷ್ಯದ Kirov ಸ್ಥಾವರ (ಸೇಂಟ್ ಪೀಟರ್ಸ್ಬರ್ಗ್) ಹಲವಾರು ಬಾರಿ ದಿವಾಳಿ ವಾಸ್ತವವಾಗಿ ಆಗಿತ್ತು ಹೆಸರುಗಳು ಮತ್ತು ಮಾಲೀಕರು ವಿವಿಧ ಬದಲಿಸಲಾಯಿತು.",ಎಲ್ಲವನ್ನೂ ಕಳೆದುಕೊಳ್ಳುವಿಕೆ,Losing everything,Yes,Darshan R K,2025-02-05 18:12:41
ದಿವಾಳಿ,"ಬೆಂಗಳೂರು, ಮೇ 2: ಕಿಂಗ್‌ಫಿಶರ್‌ ಏರ್‌ಲೈನ್ಸ್‌ ದಿವಾಳಿ ಹಂತಕ್ಕೆ ತಲುಪಿದ್ದು ಮದ್ಯದ ದೊರೆ ವಿಜಯ್‌ ಮಲ್ಯ ಅವರು ಇತ್ತೀಚೆಗೆ ಒಂದೇ ಸಮನೆ ದೇವರುದಿಂಡಿರು ಎನ್ನುತ್ತಾ ಸಂಕಷ್ಟಹರ ಜಪ ಮಾಡುತ್ತಿದ್ದಾರೆ.",ಎಲ್ಲವನ್ನೂ ಕಳೆದುಕೊಳ್ಳುವಿಕೆ,Losing everything,Yes,Darshan R K,2025-02-05 18:12:41
ದಿವಾಳಿ,"ತಮ್ಮ ಉತ್ಪನ್ನಗಳು ಮಾರಾಟವಾಗದೆ ಸಾಲ ಮರುಪಾವತಿ ಸಾಧ್ಯವಾಗದೆ ಕಂಪೆನಿಗಳು, ಮಾರಾಟ ಸಂಸ್ಥೆಗಳು ದಿವಾಳಿ ಅಂಚಿಗೆ ಬಂದು ನಿಂತಿವೆ.",ಎಲ್ಲವನ್ನೂ ಕಳೆದುಕೊಳ್ಳುವಿಕೆ,Losing everything,Yes,Darshan R K,2025-02-05 18:12:41
ದಿವಾಳಿ,ಇಂತಹ ವ್ಯಕ್ತಿ ನಗರಕ್ಕೆ ಬಂದು ಕಾಂಗ್ರೆಸ್ ಪಕ್ಷ ಭೌತಿಕವಾಗಿ ವೈಚಾರಿಕವಾಗಿ ದಿವಾಳಿ ಎದ್ದಿದೆ ಎಂದು ಹೇಳಿಕೆ ನೀಡುವ ಮೂಲಕ ದೇಶದ ಸ್ವಾತಂತ್ರ್ಯಕ್ಕಾಗಿ 1885ರಲ್ಲಿ ಜನಿಸಿದ ಪಕ್ಷಕ್ಕೆ ಅಪಮಾನಿಸಿದ್ದಾರೆ.,ಎಲ್ಲವನ್ನೂ ಕಳೆದುಕೊಳ್ಳುವಿಕೆ,Losing everything,Yes,Darshan R K,2025-02-05 18:12:41
ದಿವಾಳಿ,"ಹೀಗೆ ಬ್ಯಾಂಕ್ ಗಳೇ ದಿವಾಳಿ ಏಳುವ ಸ್ಥಿತಿ ತಪ್ಪಿಸಲು, ಜನರ ಮನದಲ್ಲಿ, ಹೂಡಿಕೆದಾರರ ಮನಸ್ಸಿನಲ್ಲಿ ನಂಬಿಕೆ ಸೃಷ್ಟಿಸಲು ಸರಕಾರ ಆಗಾಗ್ಗೆ ಸಾಕಷ್ಟು ಹಣವನ್ನು ಬ್ಯಾಂಕ್ ಗಳಿಗೆ ಬಂಡವಾಳದ ರೂಪದಲ್ಲಿಹೂಡುತ್ತದೆ.",ಎಲ್ಲವನ್ನೂ ಕಳೆದುಕೊಳ್ಳುವಿಕೆ,Losing everything,Yes,Darshan R K,2025-02-05 18:12:41
ದಿವಾಳಿ,ಆಗಿನ ಕಾಲದಲ್ಲೇ 20 ಮಿಲಿಯನ್ ಅಮೆರಿಕನ್ ಡಾಲರ್‌ ಕೆಲವೇ ತಿಂಗಳುಗಳಲ್ಲಿ ಸಂಗ್ರಹಿಸಿದ್ದರು ಆದರೆ ಆತ ದಿವಾಳಿ ಆಗುವುದರ ಜೊತೆಗೆ ಸಾವಿರಾರು ಹೂಡಿಕೆದಾರರು ಆತನನ್ನು ನಂಬಿ ಗುಂಡಿಗೆ ಬಿದ್ದರು.,ಎಲ್ಲವನ್ನೂ ಕಳೆದುಕೊಳ್ಳುವಿಕೆ,Losing everything,Yes,Darshan R K,2025-02-05 18:12:41
ದಿವಾಳಿ,ಖಜಾನೆ ಖಾಲಿಯಾಗಿದ್ದು ಸರ್ಕಾರ ದಿವಾಳಿ ಎದ್ದಿದೆ ಎಂದು ರಾಜ್ಯ ಸರ್ಕಾರದ ವಿರುದ್ಧ ವಾಗ್ದಾಳಿ ನಡೆಸಿದರು.,ಎಲ್ಲವನ್ನೂ ಕಳೆದುಕೊಳ್ಳುವಿಕೆ,Losing everything,Yes,Darshan R K,2025-02-05 18:12:41
ದಿವಾಳಿ,ಹಾಗಾಗಿ ನ್ಯಾಯಾಲಯಲ್ಲಿ ಪೌಲ್‌ ದಿವಾಳಿ ಪತ್ರಕ್ಕೆ ಅರ್ಜಿ ಗುಜರಾಯಿಸಿದ್ದಾರೆ.,ಎಲ್ಲವನ್ನೂ ಕಳೆದುಕೊಳ್ಳುವಿಕೆ,Losing everything,Yes,Darshan R K,2025-02-05 18:12:41
ದಿವಾಳಿ,"ಹಣಕಾಸು ಸೇವೆಯ ದೈತ್ಯ ಸಂಸ್ಥೆ ಲೀಮನ್‌್ ಬ್ರದರ್ಸ್‌, ವಸತಿ ಯೋಜನೆಗಳಲ್ಲಿ ಬಂಡವಾಳ ಹೂಡಿಕೆ ಮಾಡಲು ಗಮನಾರ್ಹ ಪ್ರಮಾಣದಲ್ಲಿ ಸಾಲ ಎತ್ತಿ ದಿವಾಳಿ ಅಂಚಿಗೆ ತಲುಪಿತ್ತು.",ಎಲ್ಲವನ್ನೂ ಕಳೆದುಕೊಳ್ಳುವಿಕೆ,Losing everything,Yes,Darshan R K,2025-02-05 18:12:41
ದಿವಾಳಿ,"ನೀವು ಸಾಧಕ ಮತ್ತು ಕಾನ್ಸ್ ತೂಕ, ಮತ್ತು ದಿವಾಳಿ ಆಗಲು ನಿರ್ಧರಿಸಿದರು, ಇದು ಅಪ್ಲಿಕೇಶನ್ ಬರೆಯಲು ಅಗತ್ಯ.",ಎಲ್ಲವನ್ನೂ ಕಳೆದುಕೊಳ್ಳುವಿಕೆ,Losing everything,Yes,Darshan R K,2025-02-05 18:12:41
ದಿವಾಳಿ,ಜಿಲ್ಲೆಯ ಹಳ್ಳಿಗಳಲ್ಲಿಯೂ ಕೆಳವರ್ಗದ ಜನ ದಿವಾಳಿ ಎದ್ದು ಒಂದೇ ಸಮನೆ ತಮ್ಮ ನೆಲದ ನೀರಿನ ಋಣ ಕಡಿದುಕೊಂಡು ನಗರಗಳಿಗೆ ವಲಸೆ,ಎಲ್ಲವನ್ನೂ ಕಳೆದುಕೊಳ್ಳುವಿಕೆ,Losing everything,Yes,Darshan R K,2025-02-05 18:12:41
ದಿವಾಳಿ,"ನಮ್ಮ ಎಲ್ಲಾ ಈ ಸಂಪ್ರದಾಯ, ನಮ್ಮ ಹಾಡುಗಳು, ನಮ್ಮ ಶಾಲೆ ಇತಿಹಾಸ, ಈ ದೇಶದ ಇತಿಹಾಸದ ಈ ಭಾಗವನ್ನು ಹೋದರು ಮತ್ತು ಮುಗಿಸಿದರು ಮತ್ತು ದಿವಾಳಿ ಮಾಡಲಾಗಿದೆ ಇಂದು ವಿಭಿನ್ನವಾಗಿದೆ.",ಎಲ್ಲವನ್ನೂ ಕಳೆದುಕೊಳ್ಳುವಿಕೆ,Losing everything,Yes,Darshan R K,2025-02-05 18:12:41
ದಿವಾಳಿ,ಪ್ರಜಾಪ್ರಭುತ್ವ ವ್ಯವಸ್ತೆಗೆ ಎಳ್ಳು ನೀರು ಬಿಟ್ಟು ಹಿಂದೂಗಳನ್ನು ನಿರ್ನಾಮ ಮಾಡಿ ಮಿಲಿಟರಿ ಪ್ರೇರಿತ ಇಸ್ಲಾಮಿಕ್ ಮೂಲಭೂತವಾದಿ ಆಡಳಿತವನ್ನು ನೆಚ್ಚಿಕೊಂಡ ಪಾಕಿಸ್ತಾನವೀಗ ದಿವಾಳಿ ಏಳಲು ಹೆಚ್ಚು ಸಮಯವಿಲ್ಲ.,ಎಲ್ಲವನ್ನೂ ಕಳೆದುಕೊಳ್ಳುವಿಕೆ,Losing everything,Yes,Darshan R K,2025-02-05 18:12:41
ದಿವಾಳಿ,"ರಚಿಸಿದ ನಾಟಕಗಳು-ಗಗ್ಗಯ್ಯನ ಗಡಿಬಿಡಿ\, ಕಾಡಾನೆ\, ವರಪರೀಕ್ಷೆ\, ರಾಮಕೃಷ್ಣಯ್ಯನ ದರ್ಬಾರು\, ಹೋಳು-ಬಾಳು\, ಬ್ಯಾಂಕಿನ ದಿವಾಳಿ ಮುಂತಾದುವು.",ಎಲ್ಲವನ್ನೂ ಕಳೆದುಕೊಳ್ಳುವಿಕೆ,Losing everything,Yes,Darshan R K,2025-02-05 18:12:41
ದಿವಾಳಿ,"ಈ ನಿಯಮದಡಿ, ಸುಸ್ತಿ ಸಾಲದಾರರಿಗೆ ದಿವಾಳಿ ಸಂಹಿತೆ (ಐಬಿಸಿ- ಒಂದು ಕಂಪನಿಯು ತಾನು ದಿವಾಳಿಯಾಗಿದ್ದೇನೆ ಎಂದು ಘೋಷಿಸಿಕೊಂಡು ನಿಯಮಬದ್ಧವಾಗಿ ತನ್ನ ಆಸ್ತಿಗಳನ್ನು ಹರಾಜು ಹಾಕಿ ಸಾಲ ತೀರಿಸುವ ಪ್ರಕ್ರಿಯೆ) ಅನ್ವಯವಾಗಲಿದೆ.",ಎಲ್ಲವನ್ನೂ ಕಳೆದುಕೊಳ್ಳುವಿಕೆ,Losing everything,Yes,Darshan R K,2025-02-05 18:12:41
ದಿವಾಳಿ,Home ಪ್ರಾದೇಶಿಕ ಬೆಂಗಳೂರು ಕಾಂಗ್ರೆಸ್ ನಾಯಕರಿಲ್ಲದೆ ದಿವಾಳಿ ಸ್ಥಿತಿ ತಲುಪಿದೆ: ಕೇಂದ್ರ ಸಚಿವ ಅನಂತಕುಮಾರ್ ವಾಗ್ದಾಳಿ,ಎಲ್ಲವನ್ನೂ ಕಳೆದುಕೊಳ್ಳುವಿಕೆ,Losing everything,Yes,Darshan R K,2025-02-05 18:12:41
ದಿವಾಳಿ,ಕಿಂಗ್ ಫಿಶರ್ ಸಂಸ್ಥೆ ದಿವಾಳಿ ಎದ್ದಿದ್ದರೂ ಐಡಿಬಿಐನಿಂದ ಮಲ್ಯ ಅವರು 900 ಕೋಟಿ ರು ಸಾಲ ಪಡೆದಿದ್ದರು.,ಎಲ್ಲವನ್ನೂ ಕಳೆದುಕೊಳ್ಳುವಿಕೆ,Losing everything,Yes,Darshan R K,2025-02-05 18:12:41
ದಿವಾಳಿ,ಅವನು ಗುಳ್ಳೆಗಳಿಂದ ಓಡಿಹೋಗದಿದ್ದರೆ ಅವನು ಹಳ್ಳಿಯಲ್ಲಿ ಪ್ರತಿ ಹುಡುಗನನ್ನು ದಿವಾಳಿ ಮಾಡುತ್ತಾನೆ.,ಎಲ್ಲವನ್ನೂ ಕಳೆದುಕೊಳ್ಳುವಿಕೆ,Losing everything,Yes,Darshan R K,2025-02-05 18:12:41
ದಿವಾಳಿ,"ರಾಯಚೂರು ; ತಾಲೂಕಿನ ಇಡಪನೂರು ಪ್ರಾಥಮಿಕ ಆರೋಗ್ಯ ಕೇಂದ್ರದ ವ್ಯಾಪ್ತಿಗೆ ಬರುವ ಹಳ್ಳಿಗಳಲ್ಲಿ ಆರ್‌ಎಂಪಿಗಳ ಹಾವಳಿ ಹೆಚ್ಚಾಗಿದ್ದು, ಇದರಿಂದಾಗಿ ಕಡಿಮೆ ಜನರು ಈ ಕೇಂದ್ರಕ್ಕೆ ಬರುವುದರಿಂದ ಅಲ್ಲಿನ ಆರೋಗ್ಯ ಸೇವೆ ದಿವಾಳಿ ಹಂತ ತಲುಪಿದೆ.",ಎಲ್ಲವನ್ನೂ ಕಳೆದುಕೊಳ್ಳುವಿಕೆ,Losing everything,Yes,Darshan R K,2025-02-05 18:12:41
ದಿವಾಳಿ,ಸ್ಥಳೀಯ ಸಂಸ್ಥೆಯೊಂದು ದಿವಾಳಿ ಏಳುವುದರ ವಿರುದ್ಧ ರಕ್ಷಣೆಗೆ ಮೊರೆ ಹೋಗಿರುವುದು ಅಮೆರಿಕದ ಇತಿಹಾಸದಲ್ಲಿಯೇ ಅತಿ ದೊಡ್ಡ ಪ್ರಕರಣವಾಗಿದೆ.,ಎಲ್ಲವನ್ನೂ ಕಳೆದುಕೊಳ್ಳುವಿಕೆ,Losing everything,Yes,Darshan R K,2025-02-05 18:12:41
ದಿವಾಳಿ,ದಿವಾಳಿ ಅಥವಾ ದೀಪ ಉತ್ಸವ ಎಂಬ ಹೆಸರು ಸಂಸ್ಕೃತದಿಂದ ದೀಪಗಳ ಸಾಲು ಗೆ ಬರುತ್ತದೆ ಎಂದು ಕ್ರೂಕೆ ಹೇಳುತ್ತಾರೆ.,ದೀಪಾವಳಿ ಹಬ್ಬ,Diwali Festival,Yes,Darshan R K,2025-02-05 14:18:22
ದಿವಾಳಿ,ದೇಶವಿಡೀ ದಿವಾಳಿ ದಿವಾಳಿ ಎಂದು ಸಂಭ್ರಮಿಸುತ್ತಿರುವುದನ್ನು ನೋಡಿ ಪ್ರಧಾನಿ ನರೇಂದ್ರ ಮೋದಿಯವರು ಆನಂದಬಾಷ್ಪ ಸುರಿಸಿದರು.,ದೀಪಾವಳಿ ಹಬ್ಬ,Diwali Festival,Yes,Darshan R K,2025-02-05 14:18:23
ದಿವಾಳಿ,• ಮೊದಲನೆಯದಾಗಿ ದೀಪಾವಳಿಯ ಶುಭಾಶಯಗಳನ್ನು ಕೋರುವಾಗ ದಿವಾಲಿ ಅಥವಾ ದಿವಾಳಿ ಎಂದು ದಯವಿಟ್ಟು ಬಳಸಬೇಡಿ.,ದೀಪಾವಳಿ ಹಬ್ಬ,Diwali Festival,Yes,Darshan R K,2025-02-05 14:18:23
ದಿವಾಳಿ,ನೀವೇ ನಿರ್ಧರಿಸಿ ನಿಮಗೆ ದೀಪಾವಳಿ ಆಚರಿಸಬೇಕೋ ಅಥವಾ ದಿವಾಳಿ ಆಗಬೇಕೋ ?,ದೀಪಾವಳಿ ಹಬ್ಬ,Diwali Festival,Yes,Darshan R K,2025-02-05 14:18:23
ದಿವಾಳಿ,ದೀಪಾವಳಿ ಎಂಬ ಸುಂದರ ಅಕ್ಷರಪುಂಜವಿರುವಾಗ ನಾವ್ಯಾಕೆ ಮತ್ತೊಬ್ಬರಿಂದ ದಿವಾಳಿ ಎಂಬ ಪದವನ್ನು ಎರವಲು ಪಡೆಯಬೇಕು?,ದೀಪಾವಳಿ ಹಬ್ಬ,Diwali Festival,Yes,Darshan R K,2025-02-05 14:18:23
ಧರಣಿ,ಧರಣಿ ಈರೇಳುಗಳಾ | ತನ್ನುದರದಿ | ಧರಿಸಿ ರಕ್ಷಿಪನೀಗಳು ||,ಭೂಮಿ,Earth,Yes,Darshan R K,2025-02-05 18:26:03
ಧರಣಿ,ತಾಶನಾಂಬುಧಿ ಗಿರಿಸಹಿತಲೀ ಧರಣಿ ಪಾರ್ಥನಲಿ,ಭೂಮಿ,Earth,Yes,Darshan R K,2025-02-05 18:26:03
ಧರಣಿ,19ರಂದು ಪುರಭವನ ಹುಡುಕಿಕೊಡಿ ಅಹೋರಾತ್ರಿ ಧರಣಿ,ಮು‍‍ಷ್ಕರ,Protest,Yes,Darshan R K,2025-02-05 18:36:53
ಧರಣಿ,"15: ಗಡವನಹಳ್ಳಿ ಗ್ರಾಮದ ದಲಿತ ಮಹಿಳೆಯೋರ್ವರ ಹೆಣವನ್ನು ಅತ್ತ ಹೂಳಲೂ ಆಗದೆ, ಇತ್ತ ಸುಡಲೂ ಆಗದ ದಲಿತ ಕುಟುಂಬವೊಂದು ನಗರದ ಜಿಲ್ಲಾಕಾರಿ ಕಚೇರಿ ಮುಂದೆ ಶವವಿಟ್ಟು ಧರಣಿ ನಡೆಸಿದ ಘಟನೆ ರವಿವಾರ ನಡೆದಿದೆ.",ಮು‍‍ಷ್ಕರ,Protest,Yes,Darshan R K,2025-02-05 18:36:53
ಧರಣಿ,ಶನಿವಾರ ಹೊಸದಿಲ್ಲಿಯಲ್ಲಿ ಪ್ರಧಾನಿ ನಿವಾಸದೆದುರು ಅಣ್ಣಾ ಬೆಂಬಲಿಗರು ಧರಣಿ ನಡೆಸಿದ್ದರು.,ಮು‍‍ಷ್ಕರ,Protest,Yes,Darshan R K,2025-02-05 18:36:53
ಧರಣಿ,"ಆದರೂ ವೆಬ್‌ಸೈಟ್, ಫೇಸ್‌ಬುಕ್, ವಾಟ್ಸಪ್‌ಗಳಲ್ಲಿ ಅವಹೇಳನಕಾರಿಯಾಗಿ ನಮ್ಮ ಕಸುಬನ್ನು ಅವಹೇಳನ ಮಾಡುತ್ತಾ ವೆಬ್‌ಸೈಟ್, ಫೇಸ್‌ಬುಕ್‌ಗಳಲ್ಲಿ ನಿರಂತರವಾಗಿ ಅಪಪ್ರಚಾರ ನಡೆಸಲಾಗುತ್ತಿದೆ, ಆದುದರಿಂದ ನ್ಯಾಯಾಲಯದಲ್ಲಿ ಕಾನೂನು ಹೋರಾಟ ಮಾಡುವುದರ ಜತೆಗೆ ಜನತಾ ನ್ಯಾಯಾಲಯದ ಮುಂದೆ ಬಂದಿವೆ ಎಂದು ಈ ಸಂದರ್ಭದಲ್ಲಿ ಧರಣಿ ನಿರತ ವರದಿಗಾರರು ಅಲ್ಲಿಗೆ ಆಗಮಿಸಿದ್ದ ಜನಪ್ರತಿನಿಧಿಗಳು, ರಾಜಕೀಯ ಪಕ್ಷಗಳ ಪ್ರಮುಖರು, ವೈದ್ಯರುಗಳು, ನ್ಯಾಯವಾದಿಗಳು, ಸಂಘ-ಸಂಸ್ಥೆಗಳ ಪ್ರಮುಖರು ಸೇರಿದಂತೆ ನೂರಾರು ಮಂದಿಯ ಎದುರು ಹೇಳುತ್ತಿದ್ದಾರೆ.",ಮು‍‍ಷ್ಕರ,Protest,Yes,Darshan R K,2025-02-05 18:36:53
ಧರಣಿ,ಪೌರತ್ವ ಕಾಯ್ದೆ ಕಿಚ್ಚು- ಇಂಡಿಯಾ ಗೇಟ್ ಬಳಿ ಪ್ರಿಯಾಂಕಾ ಧರಣಿ,ಮು‍‍ಷ್ಕರ,Protest,Yes,Darshan R K,2025-02-05 18:36:53
ಧರಣಿ,ಆದರೆ 10 ದಿನ ಕಳೆದು ಹೋದರು ಬಾಕಿ ಹಣ ಕೊಟ್ಟಿಲ್ಲ ಎಂದು ಕರ್ನಾಟಕ ರಾಜ್ಯ ರೈತ ಸಂಘ ಹಾಗೂ ಹಸಿರು ಸೇನೆ ನೇತೃತ್ವದಲ್ಲಿ ಗುರುವಾರ ಜಿಲ್ಲಾಧಿಕಾರಿ ಕಚೇರಿ ಎದುರು ರೈತರು ಪ್ರತಿಭಟನಾ ಧರಣಿ ನಡೆಸಿದರು.,ಮು‍‍ಷ್ಕರ,Protest,Yes,Darshan R K,2025-02-05 18:36:53
ಧರಣಿ,19ರವರೆಗಿನ ಸಾಂಕೇತಿಕ ಧರಣಿ ನಡೆಯಲಿದೆ.,ಮು‍‍ಷ್ಕರ,Protest,Yes,Darshan R K,2025-02-05 18:36:53
ಧರಣಿ,ತ್ಯಾವಣಿಗೆ: ಸೂಳೆಕೆರೆ ಸಿದ್ದನನಾಲಾ ದುರಸ್ತಿ ಹಾಗೂ ಕಾಲುವೆಯಲ್ಲಿ ಸಮರ್ಪಕವಾಗಿ ನೀರು ಹರಿಸುವಂತೆ ಒತ್ತಾಯಿಸಿ ರೈತರು ತ್ಯಾವಣಿಗೆ ನೀರಾವರಿ ಇಲಾಖೆಯ ಸಹಾಯಕ ಕಾರ್ಯಪಾಲಕ ಎಂಜಿನಿಯರ್ ಕಚೇರಿ ಎದುರು ಮಂಗಳವಾರ ಸಾಂಕೇತಿಕ ಧರಣಿ ನಡೆಸಿದರು.,ಮು‍‍ಷ್ಕರ,Protest,Yes,Darshan R K,2025-02-05 18:36:53
ಧರಣಿ,ಹಾಗಾಗಿ ತಮಿಳು ರೈತರು ಉತ್ತರಪ್ರದೇಶದ ರೈತರಿಗೆ ಸಬ್ಸಿಡಿ ಕೊಡುವಂತಾಗಿದೆ ಎಂದು ವರ್ಷದ ಕೆಳಗೆ ಧರಣಿ ನಡೆಸುತ್ತಿದ್ದ ರೈತರಲ್ಲದ ತಮಿಳು ಎಡಪಂಥೀಯರ ವಾದದಲ್ಲಿ ಯಾವುದೇ ಹುರುಳಿಲ್ಲ.,ಮು‍‍ಷ್ಕರ,Protest,Yes,Darshan R K,2025-02-05 18:36:53
ಧರಣಿ,"ಈ ಸಂದಭ೯ದಲ್ಲಿ ಅಪರಜಿಲ್ಲಾಧಿಕಾರಿ ಮನವಿ ಸ್ವೀಕರಿಸಿ ಧರಣಿ ನಿರತರನ್ನುದ್ದೇಶಿಸಿ ಮಾತನಾಡಿ,ಇದೇ 29,ನವಂಬರ್ 2019ರಂದು ಮಾನ್ಯ ಜಿಲ್ಲಾಧಿಕಾರಿಯವರ ಅಧ್ಯಕ್ಷತೆಯಲ್ಲಿ ಕೃಷಿಕೂಲಿಕಾರ ಮುಖಂಡರ ಜತೆಅಧಿಕಾರಿಗಳ ಜಂಟಿ ಸಭೆ ನಡೆಸಿ,ಬೇಡಿಕೆ ಈಡೇರಿಸಲಾಗುವುದು ಎಂಬ ಭರವಸೆ ಹಿನ್ನೆಲೆಯಲ್ಲಿ ಧರಣಿ ಮುಷ್ಕರವನ್ನು ಹಿಂಪಡೆಯಲಾಯಿತು.",ಮು‍‍ಷ್ಕರ,Protest,Yes,Darshan R K,2025-02-05 18:36:53
ಧರಣಿ,ಅಲ್ಲಿತನಕ ಧರಣಿ ಕೈಬಿಡುವಂತೆ ಮನವಿ ಮಾಡಿಕೊಂಡರು.,ಮು‍‍ಷ್ಕರ,Protest,Yes,Darshan R K,2025-02-05 18:36:53
ಧರಣಿ,ಕನ್ನಡಮ್ಮ ಸುದ್ದಿ-ವಿಜಯಪುರ : ಕರ್ನಾಟಕ ಗೃಹ ಮಂಡಳಿ ಕಛೇರಿಯಲ್ಲಿನ ಅಧಿಕಾರಿಗಳು ನೂರಾರು ಕೋಟಿ ರೂಪಾಯಿ ಅವ್ಯವಹಾರ ನಡಿಸಿದ್ದಾರೆ ಎಂದು ರವಿವಾರ ಕರ್ನಾಟಕ ರಕ್ಷಣಾ ವೇದಿಕೆ (ಪ್ರವೀಣಶೆಟ್ಟಿ ಬಣ) ನೇತೃತ್ವದಲ್ಲಿ ಧರಣಿ ಸತ್ಯಾಗ್ರಹ ನಡೆಸಿದ್ದರು.,ಮು‍‍ಷ್ಕರ,Protest,Yes,Darshan R K,2025-02-05 18:36:53
ಧರಣಿ,ನಿರಾಶ್ರಿತರಿಗೆ ಪುನರ್ವಸತಿ ಅನುದಾನಕ್ಕಾಗಿ ರಸ್ತೆ ತೆಡದು ಧರಣಿ,ಮು‍‍ಷ್ಕರ,Protest,Yes,Darshan R K,2025-02-05 18:36:53
ಧರಣಿ,ಜಿಲ್ಲಾ ದಲಿತ್ ಸೇವಾ ಸಮಿತಿಯ ನೇತೃತ್ವದಲ್ಲಿ ಧರಣಿ ಸಡೆಯಿತು.,ಮು‍‍ಷ್ಕರ,Protest,Yes,Darshan R K,2025-02-05 18:36:53
ಧರಣಿ,"ಎರಡೂ ಮಸೂದೆಗಳನ್ನು ಸೋಮವಾರ ವಿಧಾನಸಭೆಯಲ್ಲಿ ಮಂಡಿ­ಸ­­ಲಿದ್ದು, ಬಿಜೆಪಿ ಧರಣಿ ಮುಂದು­ವರೆಸಿದರೆ ಅವುಗಳನ್ನು ಚರ್ಚೆಯಿಲ್ಲದೇ ಅಂಗೀಕರಿಸುವ ಸಾಧ್ಯತೆ ಇದೆ.",ಮು‍‍ಷ್ಕರ,Protest,Yes,Darshan R K,2025-02-05 18:36:53
ಧರಣಿ,ಇಂದಿನಿಂದ ನೌಕರರು ಹಲವು ಬೇಡಿಕೆಗಳ ಈಡೇರಿಕೆಗೆ ಆಗ್ರಹಿಸಿ ಅನಿರ್ದಿಷ್ಟಾವಧಿ ಧರಣಿ ಆರಂಭಿಸಿದ್ದರು.,ಮು‍‍ಷ್ಕರ,Protest,Yes,Darshan R K,2025-02-05 18:36:53
ಧರಣಿ,"ನಾಳೆಯಿಂದ ಜಿಲ್ಲೆಯ ಎಲ್ಲಾ ಶಾಸಕರು, ಸಂಸದರ ಮನೆಗಳ ಎದುರು ಧರಣಿ ನಡೆಸಲು ರೈತರು ಸಿದ್ದರಾಗಿ ಎಂದು ತಿಳಿಸಿದರು.",ಮು‍‍ಷ್ಕರ,Protest,Yes,Darshan R K,2025-02-05 18:36:53
ಧರಣಿ,"ಉತ್ತರ ಕರ್ನಾಟಕ ಅಭಿವೃದ್ಧಿ ಹೋರಾಟ ಸಮಿತಿಯ ಕಾರ್ಯಕರ್ತರು ಜಿಲ್ಲಾ, ತಾಲೂಕು ಮಟ್ಟದ ಕಚೇರಿಗಳ ಆವರಣದಲ್ಲಿ ಸಾಂಕೇತಿಕ ಧರಣಿ ನಡೆಸಿ ಸರ್ಕಾರಕ್ಕೆ ಮನವಿ ಸಲ್ಲಿಸಿದ್ದಾರೆ.",ಮು‍‍ಷ್ಕರ,Protest,Yes,Darshan R K,2025-02-05 18:36:53
ಧರಣಿ,"ಆರ್ ಮಾತನಾಡಿ, ಸರಕಾರಿ ಕಚೇರಿಯಲ್ಲಿ ರಾತ್ರಿ ಕುಳಿತು ಧರಣಿ ನಡೆಸಲು ಅವಕಾಶವಿದೆಯೇ.",ಮು‍‍ಷ್ಕರ,Protest,Yes,Darshan R K,2025-02-05 18:36:53
ಧರಣಿ,ನಡುಗುವ ಚಳಿಯಲ್ಲಿ ರೈತರ ಅಹೋರಾತ್ರಿ ಧರಣಿ – ಬಿಜೆಪಿಗೆ ಉಲ್ಟಾ ಹೊಡಿತಾ ಮಹಾ ಸಂಚು.,ಮು‍‍ಷ್ಕರ,Protest,Yes,Darshan R K,2025-02-05 18:36:53
ಧರಣಿ,"ರಾಜ್ಯ ಸರಕಾರವು ಲೋಕೋಪಯೋಗಿ, ನೀರಾವರಿ, ಅಬಕಾರಿ, ಅರಣ್ಯ, ಹೊಟೇಲ್ ಮ್ಯಾನೇಜ್‌ಮೆಂಟ್, ಪ್ರವಾಸೋದ್ಯಮ ಮೊದಲಾದ ಕ್ಷೇತ್ರಗಳಲ್ಲಿ ನೀಡುವ ಗುತ್ತಿಗೆಗಳಲ್ಲಿ ಒಬಿಸಿ, ಎಸ್ಸಿ, ಎಸ್ಟಿ ಸಮುದಾಯಗಳಿಗೆ ಜನಸಂಖ್ಯೆ ಅನುಗುಣವಾಗಿ ಮೀಸಲಾತಿ ನೀಡುವ ಮೂಲಕ ಸಾಮಾಜಿಕ ನ್ಯಾಯವನ್ನು ಕಾಪಾಡಬೇಕು ಎಂದು ಧರಣಿ ನಿರತರು ಆಗ್ರಹಿಸಿದರು.",ಮು‍‍ಷ್ಕರ,Protest,Yes,Darshan R K,2025-02-05 18:36:53
ಧರಣಿ,ಚಿಕ್ಕಬಳ್ಳಾಪುರ: ಕಂದಾಯ ಇಲಾಖೆಯ ಅಧಿಕಾರಿಗಳ ನಿರ್ಲಕ್ಷ್ಯಕ್ಕೆ ಬೇಸತ್ತ ಬಡ ರೈತ ಕುಟುಂಬವೊಂದು ದಯಾಮರಣ ಕೋರಿ ಧರಣಿ ನಡೆಸಿದ ಘಟನೆ ಬೆಂಗಳೂರು ಗ್ರಾಮಾಂತರ ಜಿಲ್ಲೆಯ ದೇವನಹಳ್ಳಿಯಲ್ಲಿ ನಡೆದಿದೆ.,ಮು‍‍ಷ್ಕರ,Protest,Yes,Darshan R K,2025-02-05 18:36:53
ಧರಣಿ,29:- ಕಬ್ಬಿಗೆ ವೈಜ್ಞಾನಿಕ ದರ ನಿಗದಿ ಮಾಡಬೇಕು ಹಾಗೂ ಸಕ್ಕರೆ ಕಾರ್ಖಾನೆಗಳು ಕಬ್ಬು ಬೆಳೆಗಾರರಿಗೆ ನೀಡಬೇಕಿರುವ ಬಾಕಿ ಹಣ ಪಾವತಿಸುವಂತೆ ಒತ್ತಾಯಿಸಿ ಮೈಸೂರಿನ ಜಿಲ್ಲಾಧಿಕಾರಿ ಕಚೇರಿ ಬಳಿ ರೈತರು ನಡೆಸುತ್ತಿರುವ ಅಹೋರಾತ್ರಿ ಧರಣಿ ಪ್ರತಿಭಟನೆ ಮುಂದುವರಿದಿದೆ.,ಮು‍‍ಷ್ಕರ,Protest,Yes,Darshan R K,2025-02-05 18:36:53
ಧರಣಿ,"ಬಳಿಕ ಅಲ್ಲೇ ಧರಣಿ ಆರಂಭಿಸಿ, ತಹಶೀಲ್ದಾರ್ ಮೂಲಕ ಮುಖ್ಯಮಂತ್ರಿಗೆ ಮನವಿ ಸಲ್ಲಿಸಿದರು.",ಮು‍‍ಷ್ಕರ,Protest,Yes,Darshan R K,2025-02-05 18:36:53
ಧರಣಿ,ರಿಂದ ಬೆಂಗಳೂರಿನಲ್ಲಿ ಅನಿರ್ದಿಷ್ಟಾವಧಿ ಧರಣಿ ನಡೆಸಲಾಗುವುದು ಎಂದು ರಾಜ್ಯ ಸಂಯುಕ್ತ ಆಶಾ ಕಾರ್ಯಕರ್ತೆಯರ ಸಂಘದ ರಾಜ್ಯ ಕಾರ್ಯದರ್ಶಿ ಡಿ.,ಮು‍‍ಷ್ಕರ,Protest,Yes,Darshan R K,2025-02-05 18:36:53
ಧರಣಿ,ಪರಿಹಾರ ಹಾಗೂ ಕುಟುಂಬದ ಓರ್ವರಿಗೆ ಸರಕಾರಿ ಉದ್ಯೋಗ ನೀಡುವಂತೆ ಒತ್ತಾಯಿಸಿ ಅಂಗವಿಕಲರ ಕಲ್ಯಾಣ ವೇದಿಕೆಯಿಂದ ಬುಧವಾರ ಜಿಲ್ಲಾಧಿಕಾರಿಗಳ ಕಚೇರಿ ಎದುರು ಧರಣಿ ಹಮ್ಮಿಕೊಳ್ಳಲಾಗಿತ್ತು.,ಮು‍‍ಷ್ಕರ,Protest,Yes,Darshan R K,2025-02-05 18:36:53
ಧರಣಿ,30– ನೈಸ್ ಸಂಸ್ಥೆಯ ಅಕ್ರಮದ ಕುರಿತು ಅಧ್ಯಯನ ನಡೆಸಿ ಸದನ ಸಮಿತಿ ನೀಡಿರುವ ವರದಿಯನ್ನು ವಿಧಾನಸಭೆಯಲ್ಲಿ ಮಂಡಿಸುವಂತೆ ಒತ್ತಾಯಿಸಿ ಬಿಜೆಪಿ ಮತ್ತು ಜೆಡಿಎಸ್ ಸದಸ್ಯರು ಇಂದು ಸಭಾಧ್ಯಕ್ಷರ ಮುಂದಿನ ಬಾವಿಗಿಳಿದು ಧರಣಿ ನಡೆಸಿದರು.,ಮು‍‍ಷ್ಕರ,Protest,Yes,Darshan R K,2025-02-05 18:36:53
ಧರಣಿ,ಆದೇಶ ಪಾಲಿಸದ ಕ್ಷೇತ್ರ ಶಿಕ್ಷಣಾಧಿಕಾರಿ ಧೋರಣೆ ಖಂಡಿಸಿ ಧರಣಿ,ಮು‍‍ಷ್ಕರ,Protest,Yes,Darshan R K,2025-02-05 18:36:53
ಧರಣಿ,"ನಗರದಲ್ಲಿ 10 ಬಿಜೆಪಿ ಶಾಸಕರು, ಪಾಲಿಕೆಯಲ್ಲಿ 100 ಸದಸ್ಯರಿದ್ದರೂ ಧರಣಿ ನಡೆಯಲಿಲ್ಲ.",ಮು‍‍ಷ್ಕರ,Protest,Yes,Darshan R K,2025-02-05 18:36:53
ಧರಣಿ,"ವಿಷಯ ತಿಳಿದು ಸತ್ಯಾಗ್ರಹ ಸ್ಥಳಕ್ಕೆ ಭೇಟಿ ನೀಡಿ ಧರಣಿ ನಡೆಸುತ್ತಿರುವವರನ್ನು ಉದ್ದೇಶಿಸಿ ಮತಾನಾಡಿದ ಸಚಿವರು, ತಾಲ್ಲೂಕಿನಲ್ಲಿ ಮಳೆಯಾಗಿಲ್ಲದ ಕಾರಣ ತಾಲ್ಲೂಕು ಬರಕ್ಕೆ ತುತ್ತಾಗಿದೆ.",ಮು‍‍ಷ್ಕರ,Protest,Yes,Darshan R K,2025-02-05 18:36:53
ಧರಣಿ,"ಭಾರತೀನಗರ: ಇಲ್ಲಿನ ಚಾಂಷುಗರ್‌ ಕಾರ್ಖಾನೆಯಲ್ಲಿ ಹಂಗಾಮಿ ನೌಕರರಾಗಿ ಕಾರ್ಯನಿರ್ವಹಿಸುತ್ತಿದ್ದ ಐದು ಮಂದಿ ಕಾರ್ಮಿಕರು ಕೆಲಸ ನೀಡದಿರುವುದನ್ನು ಖಂಡಿಸಿ, ಕಾರ್ಖಾನೆ ಮುಂಭಾಗ ಅನಿರ್ದಿಷ್ಟಾವಧಿ ಧರಣಿ ಸತ್ಯಾಗ್ರಹ ಶುಕ್ರವಾರವೂ ಮುಂದುವರಿಯಿತು.",ಮು‍‍ಷ್ಕರ,Protest,Yes,Darshan R K,2025-02-05 18:36:53
ಧರಣಿ,"ಶುಕ್ರವಾರ ರಾತ್ರಿ ಧರಣಿ ನಿರತ ಸ್ಥಳದಲ್ಲೇ ನಾಯಕರು ಮಲಗಿದ್ದರೂ, ತಂಪಾದ ಗಾಳಿಗೆ 4 ಕೂಲರ್‌ಗಳ ವ್ಯವಸ್ಥೆ ಮಾಡಲಾಗಿತ್ತು.",ಮು‍‍ಷ್ಕರ,Protest,Yes,Darshan R K,2025-02-05 18:36:53
ಧರಣಿ,ಇದನ್ನೂ ಓದಿ: ಕೊಲ್ಕತಾ ಹೈಡ್ರಾಮ; ಕೇಂದ್ರ ಸರ್ಕಾರದ ವಿರುದ್ಧ ಧರಣಿ ಕುಳಿತ ಸಿಎಂ ಮಮತಾ ಬ್ಯಾನರ್ಜಿ,ಮು‍‍ಷ್ಕರ,Protest,Yes,Darshan R K,2025-02-05 18:36:53
ಧರಣಿ,"ತಮ್ಮನ್ನು ನಿವೃತ್ತಿಯವರೆಗೆ ಉದ್ಯೋಗದಲ್ಲಿ ಮುಂದುವರೆಸಬೇಕು, 8 ತಿಂಗಳ ಬಾಕಿ ವೇತನವನ್ನು ಪಾವತಿಸಬೇಕು ಎಂದು ಆಗ್ರಹಿಸಿ ಹಾಸ್ಟೆಲ್ ಮತ್ತು ವಸತಿ ಶಾಲಾ ಹೊರಗುತ್ತಿಗೆ ನೌಕರರು ಧರಣಿ ನಡೆಸುತ್ತಿದ್ದಾರೆ.",ಮು‍‍ಷ್ಕರ,Protest,Yes,Darshan R K,2025-02-05 18:36:53
ಧರಣಿ,ಕಳೆದ ಎರಡು ದಿನಗಳ ಹಿಂದೆ ಚಿಕ್ಕೋಡಿ ಜಿಲ್ಲಾ ರಚನೆ ವಿಷಯವಾಗಿ ಸಚಿವರೊಬ್ಬರು ಸುಳಿವು ನೀಡಿದ್ದಕ್ಕೆ ದೊಡ್ಡ ಹೋರಾಟಕ್ಕೆ ಮುಂದಾಗಿದ್ದ ಗೋಕಾಕ ತಾಲೂಕಿನ ಸಂಘಟನೆಗಳಂತೆ ಚಿಕ್ಕೋಡಿಯಲ್ಲಿ ಹೋರಾಟಕ್ಕೆ ಮುಂದಾಗದ ಸಂಘಟನೆಗಳಿಗೆ ತೊಡೆತಟ್ಟಿರುವ ಸಮಾಜಸೇವಕ ಚಂದ್ರಕಾಂತ ಹುಕ್ಕೇರಿ ಅವರು ಶನಿವಾರ ಬೆಳಗ್ಗೆಯಿಂದ ಪಟ್ಟಣದ ಮಹಾವೀರ ಸರ್ಕಲ್‌ ಬಳಿ ಧರಣಿ ಸತ್ಯಾಗ್ರಹ ಆರಂಭಿಸಿರುವುದು ಸಾರ್ವಜನಿಕ ವಲಯದಲ್ಲಿ ಅಚ್ಚರಿ ಮೂಡಿಸಿದೆ.,ಮು‍‍ಷ್ಕರ,Protest,Yes,Darshan R K,2025-02-05 18:36:53
ಧರಣಿ,ಧರಣಿಯ ಉದ್ದೇಶ ಜೆಡಿಎಸ್ ಬೆಂಬಲಿತ ಕ್ಷೇತ್ರಗಳಿಗೆ ಅತಿ ಹೆಚ್ಚು ಅನುದಾನವನ್ನು ಕೊಡಲಾಗುತ್ತಿದ್ದು ಕಾಂಗ್ರೆಸ್ ಸದಸ್ಯರಿಗೆ ಯಾವುದೇ ಅನುದಾನ ಕೊಡುತ್ತಿಲ್ಲ ಎಂದು ಆರೋಪಿಸಿ ಧರಣಿ ನಡೆಸುತ್ತಿರುವುದಾಗಿ ಪ್ರತಿಭಟನಾನಿರತರು ಹೇಳಿದ್ದಾರೆ.,ಮು‍‍ಷ್ಕರ,Protest,Yes,Darshan R K,2025-02-05 18:36:54
ಧರಣಿ,"ಡಿಸೆಂಬರ್​ನಲ್ಲಿ ನಡೆದ ಬೆಳಗಾವಿ ಅಧಿವೇಶನ ವೇಳೆ ಧರಣಿ ನಡೆಸಲು ಶಿಕ್ಷಕರು ಮುಂದಾದಾಗ, ಸರ್ಕಾರ ಸಭೆ ಕರೆದು ರ್ಚಚಿಸಿತ್ತು.",ಮು‍‍ಷ್ಕರ,Protest,Yes,Darshan R K,2025-02-05 18:36:54
ಧರಣಿ,"ಧರಣಿ ಸತ್ಯಾಗ್ರಹದಲ್ಲಿ ಯೂನಿಯನ್‌ನ ಸಂಚಾಲಕ ವಿನೋದ್‌ಪೈ, ಎಐಬಿಇಎ ಹಿರಣ್ಣಯ್ಯ, ಎಐಬಿಒಸಿ ಲೋಕೇಶ್ವರನ್, ಎನ್‌ಸಿಬಿಇ ಪ್ರಾಣೇಶ್, ಎಐಬಿಒಎನ ಗೋಕುಲ್ ರಾಜ್ ಎಒಬಿಡಬ್ಲ್ಯೂ ಭಾಸ್ಕರ್ ಶೆಟ್ಟಿ, ಎನ್‌ಒಬಿಒ ಹೆಚ್.",ಮು‍‍ಷ್ಕರ,Protest,Yes,Darshan R K,2025-02-05 18:36:56
ಧರಣಿ,ವಿಧಾನಸಭೆ ಮತ್ತು ವಿಧಾನ ಪರಿಷತ್‌ನ ಸದಸ್ಯರು ಧರಣಿ ನಡೆಸದೇ ಅಭಿವೃದ್ಧಿ ಪರ ಚರ್ಚೆಗೆ ಮುಂದಾಗಬೇಕು ಎಂದು ಅವರು ಮನವಿ ಮಾಡಿದರು.,ಮು‍‍ಷ್ಕರ,Protest,Yes,Darshan R K,2025-02-05 18:36:56
ಧರಣಿ,7ರಂದು ಏಕಾಂಗಿಯಾಗಿ ಕಾರ್ಕಳ ವನ್ಯಜೀವಿ ವಿಭಾಗದ ಡಿಎ್ ಕಚೇರಿಯ ಮುಂಭಾಗದಲ್ಲಿ ಧರಣಿ ನಡೆಸಿದ್ದರು.,ಮು‍‍ಷ್ಕರ,Protest,Yes,Darshan R K,2025-02-05 18:36:56
ಧರಣಿ,ಬೆಂಗಳೂರು: ಶಾಶ್ವತ ನೀರಾವರಿ ಯೋಜನೆಯನ್ನು ಅನುಷ್ಠಾನಕ್ಕೆ ತರುವಂತೆ ಸರ್ಕಾರವನ್ನು ಒತ್ತಾಯಿಸಿ ಶಾಶ್ವತ ನೀರಾವರಿ ಹೋರಾಟ ಸಮಿತಿ ಸದಸ್ಯರು ನಗರ ಸ್ವಾತಂತ್ರ್ಯ ಉದ್ಯಾನದ ಬಳಿ ಮಂಗಳವಾರ ಧರಣಿ ನಡೆಸಿದರು.,ಮು‍‍ಷ್ಕರ,Protest,Yes,Darshan R K,2025-02-05 18:36:56
ಧರಣಿ,ಆ ಬಳಿಕ ವಿಧಾನಸೌಧದ ಎದುರು ನಾಲ್ಕೈದು ಶಾಸಕರ ಜತೆಗೆ ಧರಣಿ ಕೂರುತ್ತೇನೆ ಎಂದು ಯಡಿಯೂರಪ್ಪ ಹೇಳಿದರು.,ಮು‍‍ಷ್ಕರ,Protest,Yes,Darshan R K,2025-02-05 18:36:56
ಧರಣಿ,ಕಾವೇರಿಗಾಗಿ ಮೌನ ಪ್ರತಿಭಟನೆ: ಮೈಸೂರು ನಗರ ಪಾಲಿಕೆ ಸದಸ್ಯರಿಂದ ಕಪ್ಪುಪಟ್ಟಿ ಧರಿಸಿ ಧರಣಿ,ಮು‍‍ಷ್ಕರ,Protest,Yes,Darshan R K,2025-02-05 18:36:56
ಧರಣಿ,"ಕೋಲಾರ: ಪ್ರೌಢ ಶಾಲಾ ಶಿಕ್ಷಕರ ನಾಲ್ಕು ತಿಂಗಳ ಬಾಕಿ ವೇತನ ಪಾವತಿ ಮಾಡುವಂತೆ ಒತ್ತಾಯಿಸಿ, ನಗರದ ಸಾರ್ವಜನಿಕ ಶಿಕ್ಷಣ ಇಲಾಖೆ ಕಚೇರಿ ಎದುರು ಶನಿವಾರ ಶಿಕ್ಷಕರು ಧರಣಿ ನಡೆಸಿದರು.",ಮು‍‍ಷ್ಕರ,Protest,Yes,Darshan R K,2025-02-05 18:36:56
ಧರಣಿ,ಪವರ್ ಗ್ರಿಡ್ ಬದಲಿಸಿ ಇಲ್ಲವೇ ನಮಗೆ ವಿಷ ಕುಡಿಸಿ : ರೈತರಿಂದ ಅನಿರ್ದಿಷ್ಟಾವಧಿ ಕಾಲ ಧರಣಿ ಸತ್ಯಾಗ್ರಹ,ಮು‍‍ಷ್ಕರ,Protest,Yes,Darshan R K,2025-02-05 18:36:56
ಧರಣಿ,"ಅದೇ ರೀತಿ ಚಿಕ್ಕೋಡಿಯಲ್ಲೂ ಪ್ರತಿಭಟನೆ ಹಮ್ಮಿಕೊಳ್ಳಲಾಗಿದ್ದು, ಮಂಗಳವಾರ ಬೆಳಗ್ಗೆ 11 ಗಂಟೆಗೆ ಚಿಕ್ಕೋಡಿ ಪಟ್ಟಣದಲ್ಲಿನ ಡಯಟ್‌ ಆವರಣದಲ್ಲಿ ಧರಣಿ ನಡೆಸಲಾಗುವುದು.",ಮು‍‍ಷ್ಕರ,Protest,Yes,Darshan R K,2025-02-05 18:36:56
ನರ,"ನಮ್ಮ ಪರವಾಗಿ ಶತಕೋಟಿ ನರ ಕೋಶಗಳು ಕಾರ್ಯನಿರ್ವಹಿಸುತ್ತಿವೆ, ಬುದ್ಧಿವಂತಿಕೆಯಿಂದ ಯೋಚಿಸಲು, ಮಾಹಿತಿಯನ್ನು ಪ್ರಕ್ರಿಯೆಗೊಳಿಸಲು ಮತ್ತು ನಿರ್ಧಾರಗಳನ್ನು ತೆಗೆದುಕೊಳ್ಳಲು ನಮಗೆ ಅನುವು ಮಾಡಿಕೊಡುತ್ತದೆ.","ಅವಯವಗಳಿಂದ ಸಂವೇದನೆಗಳನ್ನೂ, ಮೆದುಳಿನಿಂದ ಅವಯವಗಳಿಗೆ ಸೂಚನೆಗಳನ್ನು ಒಯ್ಯುವ - ತಂತು, ಸೆರೆ",Nerve,Yes,a,2025-02-07 15:39:56
ನರ,"ಕೇಂದ್ರ ನರ ವ್ಯವಸ್ಥೆಯ ರೋಗ ಮಕ್ಕಳು - ತಜ್ಞರು ಅವುಗಳಲ್ಲಿ, Sevoran ಅಸ್ತಿತ್ವದ ಸಮಯದಲ್ಲಿ ಔಷಧ ಮಕ್ಕಳ ದೊಡ್ಡ ಸಂಖ್ಯೆಯಲ್ಲಿ ಚಿಕಿತ್ಸೆ ಗಮನಿಸಿ.","ಅವಯವಗಳಿಂದ ಸಂವೇದನೆಗಳನ್ನೂ, ಮೆದುಳಿನಿಂದ ಅವಯವಗಳಿಗೆ ಸೂಚನೆಗಳನ್ನು ಒಯ್ಯುವ - ತಂತು, ಸೆರೆ",Nerve,Yes,a,2025-02-07 15:39:56
ನರ,ದೇಹದ (ಫೀನೈಲ್ಕೀನೋಟ್ಯೂರಿಯ) ವಿಷ ವಸ್ತುಗಳನ್ನು ಕ್ರೋಢೀಕರಣ ಅನುವಂಶೀಯ ನರ ಹಾನಿ.,"ಅವಯವಗಳಿಂದ ಸಂವೇದನೆಗಳನ್ನೂ, ಮೆದುಳಿನಿಂದ ಅವಯವಗಳಿಗೆ ಸೂಚನೆಗಳನ್ನು ಒಯ್ಯುವ - ತಂತು, ಸೆರೆ",Nerve,Yes,a,2025-02-07 15:39:56
ನರ,ಅತ್ಯಂತ ಸೂಕ್ಷ್ಮ ನರ ಮತ್ತು ನಿರ್ನಾಳ ಸಿಸ್ಟಮ್ಸ್.,"ಅವಯವಗಳಿಂದ ಸಂವೇದನೆಗಳನ್ನೂ, ಮೆದುಳಿನಿಂದ ಅವಯವಗಳಿಗೆ ಸೂಚನೆಗಳನ್ನು ಒಯ್ಯುವ - ತಂತು, ಸೆರೆ",Nerve,Yes,a,2025-02-07 15:39:56
ನರ,ನರ ಮತ್ತು ಒತ್ತಡ ಸಂಬಂಧಿ ಪರಿಸ್ಥಿತಿಗಳಲ್ಲಿ ಅತ್ಯಂತ ಪ್ರಯೋಜನಕಾರಿಯಾಗಿ ಬಳಸಲ್ಪಡುತ್ತದೆ.,"ಅವಯವಗಳಿಂದ ಸಂವೇದನೆಗಳನ್ನೂ, ಮೆದುಳಿನಿಂದ ಅವಯವಗಳಿಗೆ ಸೂಚನೆಗಳನ್ನು ಒಯ್ಯುವ - ತಂತು, ಸೆರೆ",Nerve,Yes,a,2025-02-07 15:39:56
ನರ,"ಮೆದುಳಿನ ಸಂಭವಿಸುವ ನರ ಸಂಪರ್ಕಗಳನ್ನು, ಅಂದರೆ, ಆಲೋಚನೆಗಳು ನರಮಂಡಲದ ವಾಸ್ತವ ಘಟನೆ ರೀತಿಯಲ್ಲಿ ಉತ್ತೇಜಿಸುತ್ತದೆ.","ಅವಯವಗಳಿಂದ ಸಂವೇದನೆಗಳನ್ನೂ, ಮೆದುಳಿನಿಂದ ಅವಯವಗಳಿಗೆ ಸೂಚನೆಗಳನ್ನು ಒಯ್ಯುವ - ತಂತು, ಸೆರೆ",Nerve,Yes,a,2025-02-07 15:39:56
ನರ,"ಮಾನವ ಶಕ್ತಿ, ಇದು ನರ ಮತ್ತು ಸ್ನಾಯು ಶಕ್ತಿ ಸಂಗ್ರಹವಾಗಿದೆ, ಸಾಮರಸ್ಯ ಅಭಿವೃದ್ಧಿ ಮತ್ತು ನಮ್ಮ ಜೀವನಾಧಾರ ಪ್ರಚಾರ.","ಅವಯವಗಳಿಂದ ಸಂವೇದನೆಗಳನ್ನೂ, ಮೆದುಳಿನಿಂದ ಅವಯವಗಳಿಗೆ ಸೂಚನೆಗಳನ್ನು ಒಯ್ಯುವ - ತಂತು, ಸೆರೆ",Nerve,Yes,a,2025-02-07 15:39:56
ನರ,"ವಿಶೇಷವಾಗಿ ಜಠರದುರಿತ, ಅಧಿಕ ರಕ್ತದೊತ್ತಡ, ಬಳಲಿಕೆ, ರಕ್ತಹೀನತೆ, ಮಧುಮೇಹ ಮತ್ತು enterocolitis ಫಾರ್ ನರ ಮತ್ತು ಹೃದಯರಕ್ತನಾಳದ ವ್ಯವಸ್ಥೆಯ ಕಾಯಿಲೆಗಳನ್ನು, ಅವುಗಳನ್ನು ಬಳಸಲು ಶಿಫಾರಸು.","ಅವಯವಗಳಿಂದ ಸಂವೇದನೆಗಳನ್ನೂ, ಮೆದುಳಿನಿಂದ ಅವಯವಗಳಿಗೆ ಸೂಚನೆಗಳನ್ನು ಒಯ್ಯುವ - ತಂತು, ಸೆರೆ",Nerve,Yes,a,2025-02-07 15:39:56
ನರ,ಸಾಮಾನ್ಯವಾಗಿ ನರ ಬೇರುಗಳು ಎಂದು ಕರೆಯಲ್ಪಡುವ ಡರ್ಮಟೊಮ್ಗಳು ನಿಮ್ಮ ನರಮಂಡಲದ ಬಗ್ಗೆ ನಿಮ್ಮ ಚರ್ಮದಲ್ಲಿ ಭಾವನೆ ಮೂಡಿಸುವ ಬಗ್ಗೆ ಮಾಹಿತಿಯನ್ನು ನೀಡುತ್ತದೆ.,"ಅವಯವಗಳಿಂದ ಸಂವೇದನೆಗಳನ್ನೂ, ಮೆದುಳಿನಿಂದ ಅವಯವಗಳಿಗೆ ಸೂಚನೆಗಳನ್ನು ಒಯ್ಯುವ - ತಂತು, ಸೆರೆ",Nerve,Yes,a,2025-02-07 15:39:56
ನರ,"ಕೆಲವು ತಜ್ಞರು ಚಿತ್ತ, ಚೇತರಿಕೆ, ಯುದ್ಧ ನಿದ್ರಾಹೀನತೆ ಮತ್ತು ನರ ಜೀವಕೋಶಗಳ ಸಾಮಾನ್ಯ ಸೆಟ್ ಮೀನು ತಿನ್ನುವ ಶಿಫಾರಸು.","ಅವಯವಗಳಿಂದ ಸಂವೇದನೆಗಳನ್ನೂ, ಮೆದುಳಿನಿಂದ ಅವಯವಗಳಿಗೆ ಸೂಚನೆಗಳನ್ನು ಒಯ್ಯುವ - ತಂತು, ಸೆರೆ",Nerve,Yes,a,2025-02-07 15:39:56
ನರ,"ದೇಹಕ್ಕೆ ಪ್ರವೇಶಿಸಿ, ವೈರಸ್ ತ್ವರಿತವಾಗಿ ಅಂಗಾಂಶ ತಡೆಗಳನ್ನು ಮೀರಿಸುತ್ತದೆ, ಮತ್ತು ರಕ್ತ ಮತ್ತು ದುಗ್ಧರಸಕ್ಕೆ ಒಳಗಾಗುತ್ತದೆ, ಎಲ್ಲಾ ಆಂತರಿಕ ಅಂಗಗಳ ಮೂಲಕ ಹರಡುತ್ತದೆ, ನರ ತುದಿಗಳಿಗೆ ವ್ಯಾಪಿಸುತ್ತದೆ, ಇದು DNA ಗೆ ಪರಿಚಯಿಸಲ್ಪಟ್ಟಿದೆ.","ಅವಯವಗಳಿಂದ ಸಂವೇದನೆಗಳನ್ನೂ, ಮೆದುಳಿನಿಂದ ಅವಯವಗಳಿಗೆ ಸೂಚನೆಗಳನ್ನು ಒಯ್ಯುವ - ತಂತು, ಸೆರೆ",Nerve,Yes,a,2025-02-07 15:39:56
ನರ,"ಆಮ್ಲಜನಕ ಮತ್ತು ಪೋಷಕಾಂಶಗಳ ದೀರ್ಘಕಾಲದ ಪೂರೈಕೆಯು ದೀರ್ಘಾವಧಿಯ ರಕ್ತದೊತ್ತಡವನ್ನು ಉಂಟುಮಾಡುತ್ತದೆ, ಇದು ನರ ಕೋಶಗಳ ಸಾವು ಮತ್ತು ಮೆದುಳಿನ ಅಸಮರ್ಪಕ ಕ್ರಿಯೆಗಳನ್ನು ಪ್ರೇರೇಪಿಸುತ್ತದೆ ಮತ್ತು ಮೆದುಳಿನ ಅಂಗಾಂಶಕ್ಕೆ ರಕ್ತದ ಹರಿವಿನ ಹಠಾತ್ ಉಲ್ಲಂಘನೆಯು ಒಂದು ಸ್ಟ್ರೋಕ್ಗೆ ಕಾರಣವಾಗುತ್ತದೆ.","ಅವಯವಗಳಿಂದ ಸಂವೇದನೆಗಳನ್ನೂ, ಮೆದುಳಿನಿಂದ ಅವಯವಗಳಿಗೆ ಸೂಚನೆಗಳನ್ನು ಒಯ್ಯುವ - ತಂತು, ಸೆರೆ",Nerve,Yes,a,2025-02-07 15:39:56
ನರ,ಮತ್ತು ಮಾನವರ ಮತ್ತು ಪ್ರಾಣಿಗಳ ಒಂದು ಸಂಪೂರ್ಣವಾಗಿ ಬೇಷರತ್ತಾದ ಪ್ರತಿಕ್ರಿಯೆಗಳು ಪರಿಸರದ ಕೆಲವು ಕೆರಳಿಕೆಯನ್ನು ನರ ವ್ಯವಸ್ಥೆಯನ್ನು ಪ್ರಾಮುಖ್ಯತೆಯನ್ನು ಏನು?,"ಅವಯವಗಳಿಂದ ಸಂವೇದನೆಗಳನ್ನೂ, ಮೆದುಳಿನಿಂದ ಅವಯವಗಳಿಗೆ ಸೂಚನೆಗಳನ್ನು ಒಯ್ಯುವ - ತಂತು, ಸೆರೆ",Nerve,Yes,a,2025-02-07 15:39:56
ನರ,"ಆದರೆ ರೋಗಿಗಳು ಮತ್ತು ದಂತವೈದ್ಯರು ನೀವು ಸತ್ತ ನರ ತೆಗೆದು ಹಲ್ಲಿನಲ್ಲಿರುವ ಬಿಳುಪುಗೊಳಿಸುವಲ್ಲಿ ಬಯಸಿದರೆ, ನೀವು ವ್ಯರ್ಥವಾಗಿ ಸಮಯ ವ್ಯರ್ಥ ಎಂದು ಹೇಳುತ್ತಾರೆ.","ಅವಯವಗಳಿಂದ ಸಂವೇದನೆಗಳನ್ನೂ, ಮೆದುಳಿನಿಂದ ಅವಯವಗಳಿಗೆ ಸೂಚನೆಗಳನ್ನು ಒಯ್ಯುವ - ತಂತು, ಸೆರೆ",Nerve,Yes,a,2025-02-07 15:39:56
ನರ,ಅನಾವಶ್ಯಕವಾಗಿ ಬೊಜ್ಜು ಬೆಳೆಯುವುದು ಚರ್ಮದ ಸುಕ್ಕುಗಳು ಅಥವಾ ನಮ್ಮ ದೇಹದ ನರ ವ್ಯವಸ್ಥೆ ಸುಧಾರಿಸುವುದು ಹಾಗೆಯೇ ಮಾಂಸಖಂಡಗಳನ್ನು ಬಲಪಡಿಸುತ್ತದೆ ನಮ್ಮ ಜೀರ್ಣ ವ್ಯವಸ್ಥೆ ಸುಧಾರಣೆ ಮಾಡುತ್ತದೆ,"ಅವಯವಗಳಿಂದ ಸಂವೇದನೆಗಳನ್ನೂ, ಮೆದುಳಿನಿಂದ ಅವಯವಗಳಿಗೆ ಸೂಚನೆಗಳನ್ನು ಒಯ್ಯುವ - ತಂತು, ಸೆರೆ",Nerve,Yes,a,2025-02-07 15:39:56
ನರ,ನರ ಕೋಶದ ಕಾರ್ಯಚಟುವಟಿಕೆಯನ್ನು ಪುನಃಸ್ಥಾಪಿಸಲು ಸಹಾಯ ಮಾಡುವ 3 ಸಪ್ಲಿಮೆಂಟ್ಸ್,"ಅವಯವಗಳಿಂದ ಸಂವೇದನೆಗಳನ್ನೂ, ಮೆದುಳಿನಿಂದ ಅವಯವಗಳಿಗೆ ಸೂಚನೆಗಳನ್ನು ಒಯ್ಯುವ - ತಂತು, ಸೆರೆ",Nerve,Yes,a,2025-02-07 15:39:56
ನರ,"ಈ ಪ್ರಕ್ರಿಯೆಯು ನರಗಳ ದೌರ್ಬಲ್ಯಕ್ಕೆ ಕಾರಣವಾಗುತ್ತದೆ, ಇದು ನರ ಕೋಶಗಳ ನಡುವೆ ಸಂವಹನವನ್ನು ತೀವ್ರವಾಗಿ ಅಡ್ಡಿಪಡಿಸುತ್ತದೆ.","ಅವಯವಗಳಿಂದ ಸಂವೇದನೆಗಳನ್ನೂ, ಮೆದುಳಿನಿಂದ ಅವಯವಗಳಿಗೆ ಸೂಚನೆಗಳನ್ನು ಒಯ್ಯುವ - ತಂತು, ಸೆರೆ",Nerve,Yes,a,2025-02-07 15:39:56
ನರ,"ಈ ವ್ಯಾಖ್ಯಾನವು, ಸ್ವಲ್ಪ ತಪ್ಪು ಇದು ಅತ್ಯಂತ ನರ ತುದಿಗಳಿಂದ ಇಲ್ಲದಿರುವುದರಿ, ಅದನ್ನು ಮುಚ್ಚಲಾಗುತ್ತದೆ ಮಾತ್ರ ಚಿಪ್ಪುಗಳನ್ನು ಇವೆ.","ಅವಯವಗಳಿಂದ ಸಂವೇದನೆಗಳನ್ನೂ, ಮೆದುಳಿನಿಂದ ಅವಯವಗಳಿಗೆ ಸೂಚನೆಗಳನ್ನು ಒಯ್ಯುವ - ತಂತು, ಸೆರೆ",Nerve,Yes,a,2025-02-07 15:39:56
ನರ,ಸ್ವಲ್ಪ ನೀರು ಕುಡಿದು ದೀರ್ಘವಾಗಿ ಉಸಿರಾಡಿ ಮತ್ತು ನಿಮ್ಮ ನರ ವ್ಯವಸ್ಥೆಯನ್ನು ಶಾಂತಗೊಳಿಸಿ.,"ಅವಯವಗಳಿಂದ ಸಂವೇದನೆಗಳನ್ನೂ, ಮೆದುಳಿನಿಂದ ಅವಯವಗಳಿಗೆ ಸೂಚನೆಗಳನ್ನು ಒಯ್ಯುವ - ತಂತು, ಸೆರೆ",Nerve,Yes,a,2025-02-07 15:39:56
ನರ,"ಹೇಗಾದರೂ, ರಾಶ್ ಒಂದು ಡರ್ಮಟೊಮಲ್ ವಿತರಣೆ ಎಂದು ಕರೆಯಲ್ಪಡುವ ಮೇಲೆ ಹರಡುತ್ತದೆ, ಅಂದರೆ ಒಂದು ನಿರ್ದಿಷ್ಟ ನರ ಮೂಲದಿಂದ ನರಗಳ ಚರ್ಮದ ಪ್ರದೇಶ.","ಅವಯವಗಳಿಂದ ಸಂವೇದನೆಗಳನ್ನೂ, ಮೆದುಳಿನಿಂದ ಅವಯವಗಳಿಗೆ ಸೂಚನೆಗಳನ್ನು ಒಯ್ಯುವ - ತಂತು, ಸೆರೆ",Nerve,Yes,a,2025-02-07 15:39:56
ನರ,"ಹೀರಿಕೊಳ್ಳುವ ಆಫ್ ಉಪದ್ರವಕಾರಿಗಳನ್ನು ಸಹಾಯ ಋಣಾತ್ಮಕ ಪರಿಣಾಮಗಳಿಂದ ಮ್ಯೂಕಸ್ ಇದೆ ನರ ತುದಿಗಳಿಂದ, ರಕ್ಷಿಸಿ.","ಅವಯವಗಳಿಂದ ಸಂವೇದನೆಗಳನ್ನೂ, ಮೆದುಳಿನಿಂದ ಅವಯವಗಳಿಗೆ ಸೂಚನೆಗಳನ್ನು ಒಯ್ಯುವ - ತಂತು, ಸೆರೆ",Nerve,Yes,a,2025-02-07 15:39:56
ನರ,ರೋಗದ ಸಂಭವ ಇದು ಒಂದು ಸಾಂದರ್ಭಿಕ ರೋಗನಿರ್ಣಯ ಮಾಡಲು ಅಗತ್ಯ ನರಶೂಲೆಯ ಮುಖದ ನರ ಕೋಶದಿಂದ ಹಲ್ಲಿನ ಅಥವಾ ಸೈನುಟಿಸ್ ಇತರ ರೂಪ.,"ಅವಯವಗಳಿಂದ ಸಂವೇದನೆಗಳನ್ನೂ, ಮೆದುಳಿನಿಂದ ಅವಯವಗಳಿಗೆ ಸೂಚನೆಗಳನ್ನು ಒಯ್ಯುವ - ತಂತು, ಸೆರೆ",Nerve,Yes,a,2025-02-07 15:39:56
ನರ,ಒಂದು ನರ ಹಾಯಿಸುವಿಕೆ ಮಾನವ ದೇಹದ ವಿವಿಧ ಭಾಗಗಳಲ್ಲಿ ಸಂಭವಿಸಬಹುದು.,"ಅವಯವಗಳಿಂದ ಸಂವೇದನೆಗಳನ್ನೂ, ಮೆದುಳಿನಿಂದ ಅವಯವಗಳಿಗೆ ಸೂಚನೆಗಳನ್ನು ಒಯ್ಯುವ - ತಂತು, ಸೆರೆ",Nerve,Yes,a,2025-02-07 15:39:56
ನರ,ಕ್ಷೀಣಿಸುವಂತೆ ಆಪ್ಟಿಕ್ ನರ ಮತ್ತು ಅಕ್ಷಿಪಟಲದ ಪ್ರದೇಶದಲ್ಲಿ ಸ್ಪಾಟ್.,"ಅವಯವಗಳಿಂದ ಸಂವೇದನೆಗಳನ್ನೂ, ಮೆದುಳಿನಿಂದ ಅವಯವಗಳಿಗೆ ಸೂಚನೆಗಳನ್ನು ಒಯ್ಯುವ - ತಂತು, ಸೆರೆ",Nerve,Yes,a,2025-02-07 15:39:56
ನರ,ನರ ದೋಷಗಳನ್ನು ತಡೆಗಟ್ಟಲು ಬೇಳೆಗಳನ್ನು ಮೊದಲ ತ್ರೈಮಾಸಿಕದಲ್ಲಿ ಸಾಮಾನ್ಯಕ್ಕಿಂತ ಹೆಚ್ಚಿನ ಪ್ರಮಾಣದಲ್ಲಿ ಸೇವನೆ ಮಾಡಲು ಶಿಫಾರಸು ಮಾಡಲಾಗಿದೆ.,"ಅವಯವಗಳಿಂದ ಸಂವೇದನೆಗಳನ್ನೂ, ಮೆದುಳಿನಿಂದ ಅವಯವಗಳಿಗೆ ಸೂಚನೆಗಳನ್ನು ಒಯ್ಯುವ - ತಂತು, ಸೆರೆ",Nerve,Yes,a,2025-02-07 15:39:56
ನರ,ಸೋಂಕಿತ ಪ್ರಾಣಿ ಅಥವಾ ಮಾನವರ ನರ ಜೀವಕೋಶಗಳಲ್ಲಿ ಉರಿಯೂತವು ಹೆಚ್ಚಿನ ಸಾಂದ್ರತೆಗಳಲ್ಲಿ ಕಂಡುಬರುತ್ತದೆ.,"ಅವಯವಗಳಿಂದ ಸಂವೇದನೆಗಳನ್ನೂ, ಮೆದುಳಿನಿಂದ ಅವಯವಗಳಿಗೆ ಸೂಚನೆಗಳನ್ನು ಒಯ್ಯುವ - ತಂತು, ಸೆರೆ",Nerve,Yes,a,2025-02-07 15:39:56
ನರ,ಟ್ರಾನ್ಸ್ಕ್ಯುಟನಿಯಸ್ ಎಲೆಕ್ಟ್ರಿಕಲ್ ನರ ಸ್ಟಿಮ್ಯುಲೇಷನ್ (TENS),"ಅವಯವಗಳಿಂದ ಸಂವೇದನೆಗಳನ್ನೂ, ಮೆದುಳಿನಿಂದ ಅವಯವಗಳಿಗೆ ಸೂಚನೆಗಳನ್ನು ಒಯ್ಯುವ - ತಂತು, ಸೆರೆ",Nerve,Yes,a,2025-02-07 15:39:56
ನರ,ಯಾಕೆಂದರೆ ನರ ದೌರ್ಬಲ್ಯ ಮತ್ತು ಕಿಡ್ನಿ ಸಮಸ್ಯೆಯಿಂದ ಬಳಲುತ್ತಿದ್ದ ಈ ಮಹಿಳೆಗೆ ಅಂಬರೀಶ್​ ವಿದೇಶದಿಂದ ಖ್ಯಾತ ವೈದ್ಯ ರಾಮಕೃಷ್ಣ ಎಂಬುವರನ್ನು ಕರೆಯಿಸಿ ಶಸ್ತ್ರ ಚಿಕಿತ್ಸೆ ಮಾಡಿಸಿದ್ದರು.,"ಅವಯವಗಳಿಂದ ಸಂವೇದನೆಗಳನ್ನೂ, ಮೆದುಳಿನಿಂದ ಅವಯವಗಳಿಗೆ ಸೂಚನೆಗಳನ್ನು ಒಯ್ಯುವ - ತಂತು, ಸೆರೆ",Nerve,Yes,a,2025-02-07 15:39:56
ನರ,"ಅಪರೂಪದ ಸಂದರ್ಭಗಳಲ್ಲಿ, ನರ ಒತ್ತಡ ನಿವಾರಿಸಲು ಸಹಾಯ ಮಾಡುತ್ತದೆ.","ಅವಯವಗಳಿಂದ ಸಂವೇದನೆಗಳನ್ನೂ, ಮೆದುಳಿನಿಂದ ಅವಯವಗಳಿಗೆ ಸೂಚನೆಗಳನ್ನು ಒಯ್ಯುವ - ತಂತು, ಸೆರೆ",Nerve,Yes,a,2025-02-07 15:39:56
ನರ,ಸ್ಥಳವನ್ನು ಅವಲಂಬಿಸಿ ಮಿದುಳಿನಲ್ಲಿರುವ ನರ ಕೋಶಗಳನ್ನು ವಿವಿಧ ಫ್ಯಾಶನ್ಗಳಲ್ಲಿ ಆಯೋಜಿಸಲಾಗುತ್ತದೆ.,"ಅವಯವಗಳಿಂದ ಸಂವೇದನೆಗಳನ್ನೂ, ಮೆದುಳಿನಿಂದ ಅವಯವಗಳಿಗೆ ಸೂಚನೆಗಳನ್ನು ಒಯ್ಯುವ - ತಂತು, ಸೆರೆ",Nerve,Yes,a,2025-02-07 15:39:58
ನರ,"ಮೇಷ: ಬಂಧುಗಳಿಂದ ಸಹಾಯ ಕೇಳುವಿರಿ, ಚರ್ಮ ತುರಿಕೆ, ನರ ದೌರ್ಬಲ್ಯ,ತಲೆ ನೋವು, ತಾಯಿಯ ಆರೋಗ್ಯದಲ್ಲಿ ಏರುಪೇರು, ಸಾಲ ಮಾಡುವ ಪರಿಸ್ಥಿತಿ.","ಅವಯವಗಳಿಂದ ಸಂವೇದನೆಗಳನ್ನೂ, ಮೆದುಳಿನಿಂದ ಅವಯವಗಳಿಗೆ ಸೂಚನೆಗಳನ್ನು ಒಯ್ಯುವ - ತಂತು, ಸೆರೆ",Nerve,Yes,a,2025-02-07 15:39:58
ನರ,"ಶ್ರೇಣಿ 3: ಚರ್ಮದ ಕಿತ್ತುಬಂದಿರುತ್ತವೆ ಆಫ್, ಅಥವಾ ಸತ್ತಾಗ, ನರ ತುದಿಗಳಿಂದ ನಾಶವಾಗುತ್ತವೆ, ಹಾನಿಗೊಳಗಾದ ಚರ್ಮ, ಆದರೆ ಕೊಬ್ಬಿನ ಅಂಗಾಂಶ ಮತ್ತು ಸ್ನಾಯು, ಮತ್ತು ಮೂಳೆಯು.","ಅವಯವಗಳಿಂದ ಸಂವೇದನೆಗಳನ್ನೂ, ಮೆದುಳಿನಿಂದ ಅವಯವಗಳಿಗೆ ಸೂಚನೆಗಳನ್ನು ಒಯ್ಯುವ - ತಂತು, ಸೆರೆ",Nerve,Yes,a,2025-02-07 15:39:58
ನರ,ನೀವು ಗರ್ಭಿಣಿ ಮಹಿಳೆಯರಿಗೆ ನರ ಸಾಧ್ಯವಿಲ್ಲ ಏಕೆ ವಿವರಿಸುವ ಅತ್ಯಂತ ಅಪಾಯಕಾರಿ ಪರಿಣಾಮವಾಗಿ - ಒಂದು ಸಂಭವನೀಯ ವಿಫಲತೆ.,"ಅವಯವಗಳಿಂದ ಸಂವೇದನೆಗಳನ್ನೂ, ಮೆದುಳಿನಿಂದ ಅವಯವಗಳಿಗೆ ಸೂಚನೆಗಳನ್ನು ಒಯ್ಯುವ - ತಂತು, ಸೆರೆ",Nerve,Yes,a,2025-02-07 15:39:58
ನರ,ಇಡೀ ಜೀವಿಯ ಸಂಬಂಧಿಸಿದ ನರ ತುದಿಗಳಿಂದ ಮೂಲಕ ಬೆನ್ನುಮೂಳೆಯ.,"ಅವಯವಗಳಿಂದ ಸಂವೇದನೆಗಳನ್ನೂ, ಮೆದುಳಿನಿಂದ ಅವಯವಗಳಿಗೆ ಸೂಚನೆಗಳನ್ನು ಒಯ್ಯುವ - ತಂತು, ಸೆರೆ",Nerve,Yes,a,2025-02-07 15:39:58
ನರ,"ಇದು ನರಮಂಡಲದ ಮತ್ತು ಭ್ರೂಣದ ಸರಿಯಾದ ರಚನೆ, ವಿಶೇಷವಾಗಿ ನರ ನಾಳದ ಅನಿವಾರ್ಯ ಇದೆ.","ಅವಯವಗಳಿಂದ ಸಂವೇದನೆಗಳನ್ನೂ, ಮೆದುಳಿನಿಂದ ಅವಯವಗಳಿಗೆ ಸೂಚನೆಗಳನ್ನು ಒಯ್ಯುವ - ತಂತು, ಸೆರೆ",Nerve,Yes,a,2025-02-07 15:39:59
ನರ,"ಇದು ಒತ್ತಡ, ನರ ಕುಸಿತಗಳು, ಖಿನ್ನತೆ ನಿಭಾಯಿಸಲು ಸಹಾಯ ಮಾಡುತ್ತದೆ.","ಅವಯವಗಳಿಂದ ಸಂವೇದನೆಗಳನ್ನೂ, ಮೆದುಳಿನಿಂದ ಅವಯವಗಳಿಗೆ ಸೂಚನೆಗಳನ್ನು ಒಯ್ಯುವ - ತಂತು, ಸೆರೆ",Nerve,Yes,a,2025-02-07 15:39:59
ನರ,"ನಿಮ್ಮ ಮೈಗ್ರೇನ್ಗಳು ಸಾಂಪ್ರದಾಯಿಕ ಮೈಗ್ರೇನ್ಗೆ ತಡೆಗಟ್ಟುವ ಮತ್ತು ನಿಷೇಧಿತ ಔಷಧಿಗಳಿಗೆ ಪ್ರತಿಕ್ರಿಯಿಸುತ್ತಿಲ್ಲವಾದರೆ, ನಿಮ್ಮ ತಲೆನೋವು ತಜ್ಞರು ನರರೋಗ ನಿರೋಧಕ ಎಂಬ ಪರ್ಯಾಯ ಚಿಕಿತ್ಸೆಯನ್ನು ಪರಿಗಣಿಸಬಹುದು - ನರ ಕೋಶಗಳನ್ನು ಉತ್ತೇಜಿಸಲು ವಿದ್ಯುತ್ ಪ್ರವಾಹವನ್ನು ಬಳಸಿಕೊಳ್ಳುವ ತಂತ್ರಜ್ಞಾನವು ನೋವು ಸಂಕೇತಗಳನ್ನು ಹರಡುವುದನ್ನು ನಿಲ್ಲಿಸುತ್ತದೆ.","ಅವಯವಗಳಿಂದ ಸಂವೇದನೆಗಳನ್ನೂ, ಮೆದುಳಿನಿಂದ ಅವಯವಗಳಿಗೆ ಸೂಚನೆಗಳನ್ನು ಒಯ್ಯುವ - ತಂತು, ಸೆರೆ",Nerve,Yes,a,2025-02-07 15:39:59
ನರ,"ಇದು ಕಾಯಿಲೆಯ ಲಕ್ಷಣಗಳನ್ನು ಒಂದಾಗಿದೆ, ಪ್ರಕ್ರಿಯೆಯಲ್ಲಿ ನರ ಜೀವಕೋಶಗಳ ನೆಕ್ರೋಸಿಸ್ ವರದಿ.","ಅವಯವಗಳಿಂದ ಸಂವೇದನೆಗಳನ್ನೂ, ಮೆದುಳಿನಿಂದ ಅವಯವಗಳಿಗೆ ಸೂಚನೆಗಳನ್ನು ಒಯ್ಯುವ - ತಂತು, ಸೆರೆ",Nerve,Yes,a,2025-02-07 15:39:59
ನರ,ನರ ಕೊನೆಗೊಂಡಂತೆಯೇ ಏಕೆಂದರೆ ಟ್ರೈಫಲ್ಸ್ ಖಿನ್ನತೆಗೊಳಗಾಗುತ್ತೇನೆ ಇಲ್ಲ.,"ಅವಯವಗಳಿಂದ ಸಂವೇದನೆಗಳನ್ನೂ, ಮೆದುಳಿನಿಂದ ಅವಯವಗಳಿಗೆ ಸೂಚನೆಗಳನ್ನು ಒಯ್ಯುವ - ತಂತು, ಸೆರೆ",Nerve,Yes,a,2025-02-07 15:39:59
ನರ,ಬೆಂಗಳೂರು: ನರ ಸಂಬಂಧಿ ಸಮಸ್ಯೆಗಳಿಂದ ಬಳಲುತ್ತಿರುವ ಹಾಗೂ ಕೈ ಚಲನೆ ಕಡಿಮೆ ಇರುವ ರೋಗಿಗಳ ಬೆರಳು ಮತ್ತು ಮಣಿಕಟ್ಟುಗಳ ಚಲನೆಗೆ ಸಹಾಯ ಮಾಡುವಂತಹ ರೋಬೊಟಿಕ್‌ ಸಾಧನವನ್ನು ಬೆಂಗಳೂರು ಇಂಟರ್‌ನ್ಯಾಷನಲ್‌ ಇನ್‌ಸ್ಟಿಟ್ಯೂಟ್‌ ಆಫ್‌ ಇನ್ಫಾರ್ಮೆಷನ್‌ ಟೆಕ್ನಾಲಜಿ (ಐಐಐಟಿ–ಬಿ) ಹಾಗೂ ನಿಮ್ಹಾನ್ಸ್‌ ಸಂಸ್ಥೆಗಳು ಜಂಟಿಯಾಗಿ ಅಭಿವೃದ್ಧಿಪಡಿಸಿವೆ.,"ಅವಯವಗಳಿಂದ ಸಂವೇದನೆಗಳನ್ನೂ, ಮೆದುಳಿನಿಂದ ಅವಯವಗಳಿಗೆ ಸೂಚನೆಗಳನ್ನು ಒಯ್ಯುವ - ತಂತು, ಸೆರೆ",Nerve,Yes,a,2025-02-07 15:39:59
ನರ,ನರ ಸತ್ತ ನಪುಸಂಕರಾಗಬೇಡಿ…ಕೆಚ್ಚೆದೆಯ ವೀರ ಸಿಂಹಗಳಾಗಿ ದೇಶ -ಧರ್ಮದ ರಕ್ಷಣೆ ಮಾಡಿ ಹಿಂದೂಗಳೆ.,ಮನುಷ್ಯ,Human,Yes,a,2025-02-07 18:36:04
ನರ,"ವಾನರ ನರನಾದದ್ದು, ನರ ಮಾನವನಾದದ್ದು ಒಂದು ಘಟ್ಟವಾದರೆ ವ್ಯಕ್ತಿಗತ ಸ್ವಾರ್ಥಕ್ಕೆ ತನ್ನನ್ನು ಒಡ್ಡಿಕೊಂಡ ಮನುಷ್ಯ ಮಾನವತೆಯನ್ನು ಮರೆತು ಅನಾಗರೀಕತೆಯ ಕಡೆಗೆ ಸರಿದಿದ್ದು ಸಂಸ್ಕೃತಿಯ ವಿರೂಪಗಳಿಗೆ ಹೇಗೆ ಕಾರಣವಾಯಿತು ಎಂಬುದು ಅವರ ಅಧ್ಯಯನದ ಇನ್ನೊಂದು ಘಟ್ಟ.",ಮನುಷ್ಯ,Human,Yes,a,2025-02-07 18:36:04
ನರ,ಇದೇ ಅಕ್ಟೋಬರ್ ೯ ರಂದು ನರ ರಾಕ್ಷಸ ತಾಲಿಬಾನಿಗರಿಂದ ಗುಂಡೇಟು ತಿಂದು ಸದ್ಯ ಜೀವನ್ಮರಣ ಹೋರಾಟದಲ್ಲಿರುವ 14ರ ಹರೆಯದ ಪುಟ್ಟ ಪಾಕಿಸ್ತಾನಿ ಮಾನವ ಹಕ್ಕುಗಳ ಹೋರಾಟಗಾರ್ತಿಯದು.,ಮನುಷ್ಯ,Human,Yes,a,2025-02-07 18:36:04
ನರ,ಆರನೆ ದಿನಕ್ಕೆ ನಾವೆಲ್ಲ ನರ ಮುನಿಯ ತಪದ ಜಾಗದಿಂದ ಅರ್ಧ ಯೋಜನ ದೂರದಲ್ಲಿರುತ್ತೇವೆ.,ಮನುಷ್ಯ,Human,Yes,a,2025-02-07 18:36:04
ನರ,ಇಲ್ಲಿ ನರ ಶಬ್ಧವು ಪುರುಷ ಅಂತಲೂ ಮುಡಿ ಶಬ್ಧವು ಸ್ತ್ರೀ ಅಂತಲೂ ಇಲ್ಲಿನ ಸ್ಥಳೀಯ ಭಾಷೆಯಲ್ಲಿ ಪರಿಗಣಿಸಲಾಗುತ್ತದೆ.,ಮನುಷ್ಯ,Human,Yes,a,2025-02-07 18:36:04
ನರ,ಇವರು ತಮ್ಮ ನಿಜ ಜೀವನದಲ್ಲಿ ಒಬ್ಬ ನರ ರೂಪ ರಾಕ್ಷಸರು ಮತ್ತು ಸರಣಿ ಕೊಲೆಗಾರ.,ಮನುಷ್ಯ,Human,Yes,a,2025-02-07 18:36:04
ನರ,ಬಾಯ ಹೊಗಳಿಕೆ ಬಿಡು ವಥಾ ನರ |,ಮನುಷ್ಯ,Human,Yes,a,2025-02-07 18:36:04
ನರ,ನರ ವೃಕೋದರರೌಡುಗಚ್ಚುತ,ಮನುಷ್ಯ,Human,Yes,a,2025-02-07 18:36:04
ನರ,ಆ ನರ ರಾಕ್ಷಸರ ಹಿಂದೆ ಯಾರೆಲ್ಲ ಇದ್ದಾರೆ.,ಮನುಷ್ಯ,Human,Yes,a,2025-02-07 18:36:04
ನರ,ತಿಳಿದಿಲ್ಲ ನರ ಚಂದ ಜನಸ್ಥಾನದ ಬಗೆಯ | ಹರನಿಂದ ಪಡೆದು ಬಂದಿಹನು |,ಮನುಷ್ಯ,Human,Yes,a,2025-02-07 18:36:04
ನರ,ನರ ವೃಕೋದರ ನಕುಲ ಧೃಷ್ಟದ್ಯುಮ್ನ ಮೊದಲಾದ,ಮನುಷ್ಯ,Human,Yes,a,2025-02-07 18:36:04
ನರ,ವರಪುತ್ರ ಮಾನವಗೆ ನರ ಅನ್ನದಿರು |,ಮನುಷ್ಯ,Human,Yes,a,2025-02-07 18:36:04
ನರ,ನರ ಲೋಕದಿ ಸಂಸಾರದೊಳು ಸುಖವಿಲ್ಲ ||ಪ||,ಮನುಷ್ಯ,Human,Yes,a,2025-02-07 18:36:04
ನರ,"ರಾಜ್ಯಪಾಲರ ವಿವೇಚನಾಧಿಕಾರವನ್ನು ಮೊಟಕುಗೊಳಿಸುವ ಮೂಲಕ ಶಾಸಕಾಂಗದ ಮೇಲೆ ನ್ಯಾಯಾಂಗ ಸವಾರಿ ಮಾಡುತ್ತಿದೆ ಎಂದು ಟೀಕಿಸಿದ ಬಿಜೆಪಿ ಮಾಧುಸ್ವಾಮಿ, ನಾವು ನರ ಸತ್ತವರು.",ಮನುಷ್ಯ,Human,Yes,a,2025-02-07 18:36:04
ನರ,ನರ ಹರೀಂದ್ರನು ಪೇಳಿದಾಶಯ |,ಮನುಷ್ಯ,Human,Yes,a,2025-02-07 18:36:04
ನರ,ನರ ಬಲಿ ಕಾಯ್ದಿತ್ತೇ ದೇವರು; ಸಾಕೆನಿಸಲಿಲ್ಲ ಹೂ ಹಣ್ಣು.,ಮನುಷ್ಯ,Human,Yes,a,2025-02-07 18:36:04
ನರ,ಕೇಳೆಲೆ ತಂಗಿ ವಿ | ಶಾಲದ ನರ ಗಂ | ಧಾಳಿ ಬರುವದಿಂ | ದೇಳೆತ್ತಣದೆಂ ||,ಮನುಷ್ಯ,Human,Yes,a,2025-02-07 18:36:04
ನರ,ಅಲರುವಿಲ್ಲನ ಬಿಜ್ಜೆಯಂಬಾ | ಗಲದ ಬಿನ್ನಣಿ ಸವೆದ ನರ ಪು |,ಮನುಷ್ಯ,Human,Yes,a,2025-02-07 18:36:04
ನರ,ಹಾಗೆಂದು ನರ ನಾರಾಯಣರ ಪೂರ್ಣ ಹಿನ್ನಲೆಯೇನು ಅಪಾರದರ್ಶಕದಲ್ಲಡಗಿಕೊಂಡ ಊಹಾಪ್ರಪಂಚವೇನಲ್ಲ.,ಮನುಷ್ಯ,Human,Yes,a,2025-02-07 18:36:04
ನರ,ಅಂಬುಜಾಕ್ಷನ ನುಡಿಗೆ ನರ ಹೈ | ಡಿಂಬಿಯನು ಕರೆದೆಂದ ವೈರಿ ಕ |,ಮನುಷ್ಯ,Human,Yes,a,2025-02-07 18:36:04
ನರ,ಬಾಲಕನನ್ನ ಬಲಿ ಪಡೆದಿದ್ದ ನರ ಭಕ್ಷಕ ಚಿರತೆಯ ಚಲನವಲನ ಕ್ಯಾಮೆರಾದಲ್ಲಿ ಸೆರೆ,ಮನುಷ್ಯ,Human,Yes,a,2025-02-07 18:36:04
ನರ,ನರ ನಾರಾಯಣರು ತನ್ನ ಅಧಿಕಾರಕ್ಕೆ ಕುತ್ತಾಗುವ ಕ್ಷುಲ್ಲಕ ಮಟ್ಟಕ್ಕಿಳಿಯಲಾರರು ಎಂದೆ ನಿರಾಳವಾಗಿದ್ದವನಿಗೆ ಈಗ ಇದ್ದಕ್ಕಿದ್ದಂತೆ ಸಂಶಯದ ಕೀಟ ಕೊರೆಯಹತ್ತಿದೆ.,ಮನುಷ್ಯ,Human,Yes,a,2025-02-07 18:36:04
ನರ,"ನರ ಸಿಂಹ, ಕವಿರಾಜ್ ಮೊದಲಾದವರು ಉಪಸ್ಥಿತರಿದ್ದರು.",ಮನುಷ್ಯ,Human,Yes,a,2025-02-07 18:36:04
ನರ,ಹುಬ್ಬಳ್ಳಿಯಲ್ಲಿ ತಮ್ಮ ಹುಟ್ಟುಹಬ್ಬ ಆಚರಿಸಿಕೊಂಡು ಮಾತನಾಡಿದ ಶಿವಕುಮಾರ್ ಕಾಂಗ್ರೆಸ್‍ನವರೆಲ್ಲ ನರ ಸತ್ತವರು ಎಂಬ ಈಶ್ವರಪ್ಪ ಅವರ ಹೇಳಿಕೆಗೆ ತಿರುಗೇಟು ನೀಡಿದರು.,ಮನುಷ್ಯ,Human,Yes,a,2025-02-07 18:36:04
ನರ,ನರ ಮನುಷ್ಯರು ನೀವು,ಮನುಷ್ಯ,Human,Yes,a,2025-02-07 18:36:04
ನರ,ಕ್ವಜಲ್-ನಾಟಲ್ ಪ್ರಾಂತ್ಯದ ಎಸ್ಕೋರ್ಟ್ ಗ್ರಾಮದ ನಿವಾಸಿಗಳಾದ ಈ ನರ ಭಕ್ಷಕರನ್ನು ಒಂದು ವಾರದ ಹಿಂದೆ ಪೊಲೀಸರು ಬಂಧಿಸಿದರು.,ಮನುಷ್ಯ,Human,Yes,a,2025-02-07 18:36:04
ನರ,ದೇವರು ಧರ್ಮದ ಹೆಸರಿನ ನರ ರಾಕ್ಷಸರ ಅಟ್ಟಹಾಸ ದಿನದಿಂದ ದಿನಕ್ಕೆ ಕೊಬ್ಬಿ ಕೆನೆಯುತ್ತಿದೆ.,ಮನುಷ್ಯ,Human,Yes,a,2025-02-07 18:36:04
ನರ,ಅವರ ಮಧ್ಯೆ ಪ್ರಚಲಿತವಿದ್ದ ನರ ಬಲಿ ಪದ್ಧತಿಯನ್ನೂ ನಿಲ್ಲಿಸಲು ಶ್ರಮ ಪಡಬೇಕಾಯಿತು ಎಂದು ಡಾ.,ಮನುಷ್ಯ,Human,Yes,a,2025-02-07 18:36:04
ನರ,ಪಾಕಿಸ್ತಾನ ಮೂಲದ ಇಸ್ಲಾಂ ಉಗ್ರಗಾಮಿ ಗುಂಪು ಜೈಷ್- ಎ – ಮೊಹಮದ್ ಈ ಹತ್ಯೆಯ ಮೂಲ ನರ ರಾಕ್ಷಸರು ಎನ್ನಲಾಗಿತ್ತು.,ಮನುಷ್ಯ,Human,Yes,a,2025-02-07 18:36:04
ನರ,"ಇದನ್ನು ಮಾಡಲು, ನೀವು ನಮ್ಮ ಪ್ರಕೃತಿ ಹೆಚ್ಚು ನರ ಮತ್ತು ಕಚ್ಚುವಿಕೆ ಪ್ರಾಣಿಯ ತಿಳಿದಿರುವುದಿಲ್ಲ ಏಕೆಂದರೆ, ಹಾರ್ಡ್ ಕೆಲಸ ಮಾಡಬೇಕು!",ಮನುಷ್ಯ,Human,Yes,a,2025-02-07 18:36:04
ನರ,ಸುರ ನರ ವಿದ್ಯಾಧರ ಜನ,ಮನುಷ್ಯ,Human,Yes,a,2025-02-07 18:36:04
ನರ,ನರ ಭಕ್ಷಕ ಚಿರತೆಗೆ ಬಾಲೆ ಬಲಿ,ಮನುಷ್ಯ,Human,Yes,a,2025-02-07 18:36:05
ನರ,", ಇವೆಲ್ಲವೂ ನರ ಹೊರತುಪಡಿಸಿ, ಜೀವಿಗಳು ಪ್ರತಿಯಾಗಿ ಗುರುಗಳು.",ಮನುಷ್ಯ,Human,Yes,a,2025-02-07 18:36:05
ನರ,"ಅವರು ನರ ಎಂದು ವ್ಯಕ್ತಿಯ ಬಲವಂತ ಮಾಡುವುದಿಲ್ಲ, ಆದರೆ ಅವುಗಳನ್ನು ಸಮಯ ಕಳೆಯುವ ಅಗತ್ಯವಿದೆ.",ಮನುಷ್ಯ,Human,Yes,a,2025-02-07 18:36:05
ನಾಮ,"ಬದಲಿಗೆ ಕ್ರಿಕೆಟ್ ಬೆಟ್ಟಿಂಗ್, ಬ್ಲಾಕ್ ಅಂಡ್ ವೈಟ್ ದಂಧೆಯಲ್ಲೂ ಎಕ್ಸ್ ಪರ್ಟ್ ಆಗಿದ್ದು, ದೊಡ್ಡ ಕುಳಗಳಿಗೆ ನಾಮ ಇಟ್ಟಿದ್ದಾನೆ.",ಮೋಸ,cheating,Yes,qwerty,2025-02-05 15:07:16
ನಾಮ,ಅಣ್ಣಾರವರ ಆಂದೋಲನವನ್ನು ಮೊದ ಮೊದಲು ಅವಗಣನೆ ಮಾಡಿ ನಂತರ ಪರಿಸ್ಥಿತಿ ವಿಕೋಪಕ್ಕೆ ಹೋಗಬಹುದು ಎಂದು ಭಯ ಬಿದ್ದು ಲೋಕಪಾಲ್ ಮಸೂದೆಗೆ ಒಪ್ಪುವ ನಾಟಕ ಆಡಿ ಅಣ್ಣಾ ರಿಗೆ ಸೊಗಸಾಗಿ ನಾಮ ಬಳಿದರು.,ಮೋಸ,cheating,Yes,qwerty,2025-02-05 15:07:16
ನಾಮ,ನೀರವ್ ಮೋದಿಗಿಂತಲೂ ಸಂದೇಸರಾ ಸೋದರರು ಬ್ಯಾಂಕುಗಳಿಗೆ ಹಾಕಿದ ನಾಮ ದೊಡ್ಡದು!,ಮೋಸ,cheating,Yes,qwerty,2025-02-05 15:07:16
ನಾಮ,ಲಕ್ಷ ನಾಮ ಹಾಕಿದ ಕನ್ನಡದ ನಟಿ ಈಗ ಪೊಲೀಸ್ ವಶಕ್ಕೆ.,ಮೋಸ,cheating,Yes,qwerty,2025-02-05 15:07:16
ನಾಮ,"ಯಾವುದೇ ಮೂಲಸೌಲಭ್ಯಗಳಿಲ್ಲದೇ ಅಗತ್ಯ ಪರಿಣಿತರಿಲ್ಲದೇ ಕನ್ನಡ ಮಾಧ್ಯಮದ ಶಾಲೆಗಳೆಂದು ಪರವಾನಗಿ ಪಡೆದು ಸರಕಾರಕ್ಕೆ ಮತ್ತು ಸರಕಾರದ ನಿಯಮಾವಳಿಗಳಿಗೆ ನಾಮ ಹಾಕಿ ಇಂಗ್ಲಿಷ್‌ ಮಾಧ್ಯಮ ಶಾಲೆಗಳಾಗಿ ಪರಿವರ್ತಿಸಿ ಜನತೆಯನ್ನು ಲೂಟಿ ಮಾಡುತ್ತಿದ್ದು, ಇವುಗಳನ್ನು ತಡೆಯುವಲ್ಲಿ ಸರಕಾರ ಕಣ್ಣಿದ್ದು ಕುರುಡನಂತೆ ವರ್ತಿಸುತ್ತಿದೆ.",ಮೋಸ,cheating,Yes,qwerty,2025-02-05 15:07:16
ನಾಮ,ಆಸ್ಪತ್ರೆಯ ಸಿಬ್ಬಂದ್ದಿಗಳು ಪೋಲೀಸರಿಗೆ ಉಂಡೆ ನಾಮ ತಿಕ್ಕಿದ್ದಾರೆ.,ಮೋಸ,cheating,Yes,qwerty,2025-02-05 15:07:16
ನಾಮ,ಕೆಲಸದ ಆಮೀಷ ಒಡ್ಡಿ 5 ಲಕ್ಷಕ್ಕೆ ನಾಮ ಹಾಕಿದ ನಟ,ಮೋಸ,cheating,Yes,qwerty,2025-02-05 15:07:16
ನಾಮ,ನಕಲಿ ಚಿನ್ನಾಭರಣ ನೀಡಿ ಮಲಬಾರ್ ಗೋಲ್ಡ್ ಸಂಸ್ಥೆಗೆ ನಾಮ ಹಾಕಿದ ಮಹಿಳೆ!,ಮೋಸ,cheating,Yes,qwerty,2025-02-05 15:07:16
ನಾಮ,"17ಟಿಎಂಸಿ ಬದಲಿಗೆ 45 ಟಿಎಂಸಿ ನೀರನ್ನು ಉಪಯೋಗಿಸಿಕೊಂಡು ಎಲ್ಲರಿಗೂ ನಾಮ ಹಾಕ್ಕೊಂಡು, ನಾಲೆ ಒಡೆಯುವಂಥವರಿಗೆ ನಾವು ಬಲಿಯಾಗಲ್ಲ , ಅವರಂತೆ ಸ್ವಾರ್ಥಕ್ಕಾಗಿ ಮೂರ್ಖತನದ ಪರಮಾವಧಿ ಮಾಡಲ್ಲ ಎಂದು ಆಕ್ರೋಶ ಹೊರಹಾಕಿದರು.",ಮೋಸ,cheating,Yes,qwerty,2025-02-05 15:07:16
ನಾಮ,"ಆಸ್ತಿ ತೆರಿಗೆ: ಮಧ್ಯವರ್ತಿಗಳಿಂದ ವಂಚನೆ, ನಗರಸಭೆ ಸದಸ್ಯನಿಗೇ ನಾಮ",ಮೋಸ,cheating,Yes,qwerty,2025-02-05 15:07:16
ನಾಮ,ಈ ಸಂಸ್ಥೆ ಸಹ ಸುಮಾರು ಒಂದು ಸಾವಿರಕ್ಕೂ ಅಧಿಕ ಮಂದಿಗೆ ಹಣ ವಸೂಲಿಗೆ ಮಾಡಿ ನಾಮ ಹಾಕಿದ ಆ ಆರೋಪಕ್ಕೆ ತುತ್ತಾಗಿದೆ.,ಮೋಸ,cheating,Yes,qwerty,2025-02-05 15:07:16
ನಾಮ,ಬ್ಯಾಂಕ್​ಗಳಿಗೆ 9000 ಸಾವಿರ ಕೋಟಿ ನಾಮ ಹಾಕಿ ಪರಾರಿಯಾದ ಮಲ್ಯನಿಗೆ ಮೂರನೇ ಮದುವೆ.,ಮೋಸ,cheating,Yes,qwerty,2025-02-05 15:07:16
ನಾಮ,"ಇವರು ಎಲ್ಲರೊಂದಿಗೂ ನಗುನಗುತ್ತಾ ಮಾತನಾಡುತ್ತಾ, ನಿನ್ನನ್ನೇ ಮದುವೆಯಾಗುತ್ತೇನೆ ಎಂದೆಲ್ಲಾ ಹೇಳಿ ಈ ಭರವಸೆಯ ತಪ್ಪು ಪ್ರಯೋಜನ ಪಡೆಯುತ್ತಾ ಕಡೆಗೊಂದು ದಿನ ಎಲ್ಲರಿಗೂ ಮೂರು ನಾಮ ಹಾಕಿ ಇನ್ನೋರ್ವ ವ್ಯಕ್ತಿಯ ಹಿಂದೆ ಹೋಗುತ್ತಾರೆ.",ಮೋಸ,cheating,Yes,qwerty,2025-02-05 15:07:16
ನಾಮ,ಕೊನೆಗೆ ಜನರೇ ಅವರಿಗೆ ನಾಮ ಹಾಕಿದ್ದಾರೆ.,ಮೋಸ,cheating,Yes,qwerty,2025-02-05 15:07:16
ನಾಮ,ನನಗೆ ನೀವೆಲ್ಲ ನಾಮ ಹಾಕಿದ್ರಿ – ಕಾರ್ಯಕರ್ತರಿಗೆ ಸನ್ನೆ ಮೂಲಕ ಸಿದ್ದು ಟಾಂಗ್,ಮೋಸ,cheating,Yes,qwerty,2025-02-05 15:07:16
ನಾಮ,ಡೇಟಿಂಗ್ ಮಾಡಲು ಹೋಗಿ 60ಲಕ್ಷ ನಾಮ ಹಾಕಿಸಿಕೊಂಡ!,ಮೋಸ,cheating,Yes,qwerty,2025-02-05 15:07:16
ನಾಮ,"ಪ್ರ : ಅವನು ರೀಲು ಬಿಡ್ತಾನೆ ಅಂತ ಎಲ್ಲರೂ ಹೇಳ್ತಾರೆ, ನಂಬಿ ನಾಮ ಹಾಕಿಸಿಕೊಳ್ಳಬೇಡ",ಮೋಸ,cheating,Yes,qwerty,2025-02-05 15:07:16
ನಾಮ,ಈ ವಿಡಿಯೋದಲ್ಲಿ ಸೈಬರ್ ಡಕಾಯತರು ಹೇಗೆ ನಿಮ್ಮ ಸೆಲ್ಫಿಗಳನ್ನು ದುರುಪಯೋಗ ಮಾಡಿಕೊಂಡು ನಿಮ್ಮ ಹಣಕ್ಕೆ ಉಂಡೆ ನಾಮ ಬಳಿಯುತ್ತಾರೆ ಎಂಬುದನ್ನು ವಿವರಿಸಲಾಗಿದೆ.,ಮೋಸ,cheating,Yes,qwerty,2025-02-05 15:07:16
ನಾಮ,ರಿಸರ್ವ್ ಬ್ಯಾಂಕಿನ ಗವರ್ನರ್ ಆಗಿದ್ದ ರಘುರಾಮ್ ರಾಜನ್ ಅವರು ಸರಕಾರಕ್ಕೆ 2017ರಲ್ಲಿ ಕೊಟ್ಟ ವರದಿಯ ಪ್ರಕಾರವೇ ಕೇವಲ 100 ದೊಡ್ಡ ಕಂಪೆನಿಗಳು ಭಾರತದ ಬ್ಯಾಂಕುಗಳಿಗೆ ಏನಿಲ್ಲವೆಂದರೂ 11 ಲಕ್ಷ ಕೋಟಿ ರೂಪಾಯಿಗಳಷ್ಟು ನಾಮ ಹಾಕಿವೆ.,ಮೋಸ,cheating,Yes,qwerty,2025-02-05 15:07:16
ನಾಮ,Home ಕನ್ನಡ ವಾರ್ತೆಗಳು ಕರಾವಳಿ ಕೆಲಸ ಕೊಡಿಸುವುದಾಗಿ ಯುವತಿಗೆ 4 ಲಕ್ಷ ನಾಮ ಹಾಕಿ ತಲೆಮರೆಸಿಕೊಂಡ ಕೊಕ್ಕರ್ಣೆಯ ಯುವಕ,ಮೋಸ,cheating,Yes,qwerty,2025-02-05 15:07:16
ನಾಮ,"ಮಾತನಾಡಿದ ಅವರು, ನೌಕರರ ವೇತನದ ಹಣವನ್ನು ಷೇರು ಮಾರುಕಟ್ಟೆಗೆ ಹಾಕುವ ಮೂಲಕ ರಾಜ್ಯ ಸರ್ಕಾರ ನಾಮ ಹಚ್ಚುವ ಹುನ್ನಾರ ನಡೆಸಿದೆ.",ಮೋಸ,cheating,Yes,qwerty,2025-02-05 15:07:16
ನಾಮ,ರಿಯಲ್ ಎಸ್ಟೇಟ್ ವ್ಯವಹಾರ ಮಾಡುವ ನೆಪದಲ್ಲಿ ಕೋಟಿಗಟ್ಟಲೆ ಹಣ ಪಡೆದು ನಾಮ ಇಕ್ಕಿದ್ದ.,ಮೋಸ,cheating,Yes,qwerty,2025-02-05 15:07:16
ನಾಮ,ಹೀಗೆ ನಿಮ್ಮ ಮೊಬೈಲ್‍ಗೇ ಬಂದ ಈ ರಂಬೆ-ಮೆನಕೆಯರಂತಹ ಫೋಟೋಗಳು ನೋಡಿ ನೀವು ಯಾಮಾರಿದ್ರೆ ನಿಮಗೆ ಮೂರು ನಾಮ ಬಿಳುವುದು ಮಾತ್ರ ಗ್ಯಾರಂಟಿಯಾಗಿದೆ.,ಮೋಸ,cheating,Yes,qwerty,2025-02-05 15:07:16
ನಾಮ,ಬಿಡಿಎ ಆವರಣದಲ್ಲಿ ನಾಮ ಹಾಕುವರ ಜಾಲ ತಲೆ ಎತ್ತಿದೆ.,ಮೋಸ,cheating,Yes,qwerty,2025-02-05 15:07:16
ನಾಮ,ಹೀಗೆ ಮಧ್ಯವರ್ತಿಗಳಿಂದ ನಾಮ ಹಾಕಿಸಿಕೊಂಡವರ ಪೈಕಿ ನಗರಸಭೆ ಸದಸ್ಯರೊಬ್ಬರೂ ಸೇರಿದ್ದಾರೆ.,ಮೋಸ,cheating,Yes,qwerty,2025-02-05 15:07:16
ನಾಮ,"ಓಟಿಗಾಗಿ ಡ್ರಾಮಾ, ಜನರಿಗೆ ನಾಮ ಹಾಕುವ ಮೋದಿ ಶ್ರೀಮಂತರ ಸಾಲಮನ್ನಾ ಮಾಡಿ, ರೈತರ ಸಾಲಮನ್ನಾ ಮಾಡಲಿಲ್ಲ.",ಮೋಸ,cheating,Yes,qwerty,2025-02-05 15:07:16
ನಾಮ,"ನೋಡಿದರೆ, ದುಡ್ಡು ಕೊಟ್ಟು ನಾಮ ಹಾಕಿಸಿಕೊಂಡ ವ್ಯಕ್ತಿಯೇ ಅಡ್ಮಿನ್‌ ಜಾಗದಲ್ಲಿ ಇದ್ದಾರೆ.",ಮೋಸ,cheating,Yes,qwerty,2025-02-05 15:07:16
ನಾಮ,ಅವನು ಭಾಗ ಮಾಡ್ತೀನಿ ಅಂತ ಚಿನ್ನದ ಗಟ್ಟೀನ ಪೂರ್ತಿಯಾಗಿ ಕರಗಿಸಿ ಕಳ್ಳರಿಗೆ ನಾಮ ಹಾಕಿ ಕಳಿಸ್ತಾನೆ.,ಮೋಸ,cheating,Yes,qwerty,2025-02-05 15:07:16
ನಾಮ,"ಈ ಹಿಂದೆ ಯಾವುದೇ ಸಮಾರಂಭ, ಪೂಜೆ ಅಥವಾ ಜಾತ್ರಾ ಮಹೋತ್ಸವಗಳಲ್ಲಿ ಭಾಗಿಯಾದರೆ ನಾಮ ಹಾಕಿಕೊಳ್ಳುವುದಿಲ್ಲ ಎನ್ನುವ ಮೂಲಕ ಮೂಲಭೂತವಾದ ಮತ್ತು ಕಠೋರ ಹಿಂದುತ್ವದ ವಿರುದ್ಧ ನಿಲುವು ತಾಳುತ್ತಿದ್ದ ಸಿದ್ದರಾಮಯ್ಯ ಈಗ ಬದಲಿಗಾದ್ದಾರ?",ಹಣೆಯಲ್ಲಿ ಧರಿಸುವ ಲಾಂಛನ,An emblem worn on the forehead,Yes,qwerty,2025-02-05 15:25:36
ನಾಮ,ಮಂಗಳೂರಿನ style ನಲ್ಲಿ ಉದ್ದನೆ ಕುಂಕುಮ ನಾಮ ಬೇರೆ ಹಾಕಿದ್ವಿ (ಅಲ್ಲಿದ್ದಾಗ ಯಾಕೋ ದೈವ ಭಕ್ತಿ ಜಾಸ್ತಿನೇ ಉಕ್ಕಿ ಬಂದಿತ್ತು !).,ಹಣೆಯಲ್ಲಿ ಧರಿಸುವ ಲಾಂಛನ,An emblem worn on the forehead,Yes,qwerty,2025-02-05 15:25:36
ನಾಮ,ನಾಮಪತ್ರ ಹಾಕುವಾಗ ಸಿದ್ದರಾಮಯ್ಯ ನಾಮ ಧರಿಸಿದ್ದನ್ನು ಕಂಡಿದ್ದೇನೆ.,ಹಣೆಯಲ್ಲಿ ಧರಿಸುವ ಲಾಂಛನ,An emblem worn on the forehead,Yes,qwerty,2025-02-05 15:25:36
ನಾಮ,"ಟೌನ್‍ಹಾಲ್ ಸಮೀಪ ಕನ್ನಡಪರ ಹೋರಾಟಗಾರರು ಹಾಗೂ ಚಾಲಕರು ಕಾರುಗಳಿಗೆ ಹಗ್ಗ ಕಟ್ಟಿ ಎಳೆಯುವ ಮೂಲಕ ವಿನೂತನವಾಗಿ ಪ್ರತಿಭಟನೆ ನಡೆಸಿದರೆ, ಇನ್ನೂ ಕೆಲವರು ಗ್ಯಾಸ್ ಸಿಲಿಂಡರ್‍ಗಳಿಗೆ ತಿರುಪತಿ ನಾಮ ಬಳಿದು ತಾವೂ ನಾಮ ಹಾಕಿಕೊಂಡು ಪ್ರತಿಭಟನೆ ನಡೆಸಿದರು.",ಹಣೆಯಲ್ಲಿ ಧರಿಸುವ ಲಾಂಛನ,An emblem worn on the forehead,Yes,qwerty,2025-02-05 15:25:36
ನಾಮ,ಯಾಕೆಂದರೆ ಮೂರು ನಾಮ ಇಟ್ಟುಕೊಂಡು ದೇವೇಗೌಡರು ತಿರುಪತಿಯ ಬೆಟ್ಟ ಹತ್ತಿದರೂ ಅನಂತಮೂರ್ತಿಗಳಿಗೆ ನೋಬೆಲ್ ಅವಾರ್ಡು ಕೊಡಿಸಲು ಸಾಧ್ಯವಿಲ್ಲ.,ಹಣೆಯಲ್ಲಿ ಧರಿಸುವ ಲಾಂಛನ,An emblem worn on the forehead,Yes,qwerty,2025-02-05 15:25:36
ನಾಮ,"ಬದಲಾಗಿ ನಾನಾ ತರಹದ ವೇಷಭೂಷಣಗಳಿಂದ ಕಂಗೊಳಿಸುವಂತಹ, ಹಣೆಗೆ ಅಡ್ಡನಾಮ, ಉದ್ದುದ್ದ ನಾಮ (ಕೆಲವರದ್ದು ಯು ಆಕಾರದ ನಾಮವಾದರೆ, ಕೆಲವರದ್ದು ವಿ ನಾಮ, ಇನ್ನು ಕೆಲವರದ್ದು ಸೂರ್ಯ ನಾಮ!) ಇಂಥಹ ತರಾತರದ ನಾಮಗಳಿಂದ ಅಲಂಕೃತವಾದ ವಿಧ ವಿಧದ ಸೈಜುಗಳ ದೇಹದ ಜ್ಯೋತಿಷಿಗಳು.",ಹಣೆಯಲ್ಲಿ ಧರಿಸುವ ಲಾಂಛನ,An emblem worn on the forehead,Yes,qwerty,2025-02-05 15:25:36
ನಾಮ,"ನೀಲಿ ಬಣ್ಣದ ಜರಿಯಂಚಿನ ಕಚ್ಚೆ ಉಟ್ಟು ನಾಮ ಹಾಕಿಕೊಂಡ ನನಗೆ, ತುಳುನಾಡಿನ ದೈವ ಸಿರಿಯ ಮಗ ಕುಮಾರನೇ ಮೈಹೊಕ್ಕ ಹಾಗೆ ಅನ್ನಿಸುತ್ತಿತ್ತು.",ಹಣೆಯಲ್ಲಿ ಧರಿಸುವ ಲಾಂಛನ,An emblem worn on the forehead,Yes,qwerty,2025-02-05 15:25:36
ನಾಮ,"ಹಣೆ ತುಂಬ ನಾಮ ಹಾಕುವವನು, ದೇವರ ಹೆಸರನ್ನೇ ಎಲ್ಲ ಕಡೆ, ಎಲ್ಲ ಕಾಲ ಉಸಿರುವವನು, ಇನ್ನೊಬ್ಬರನ್ನು ಕ್ರೂರವಾಗಿ ಟೀಕಿಸುವುದರಲ್ಲಿ ಹಿಂದೆ ಬಿದ್ದಿಲ್ಲ ಮಾತ್ರವಲ್ಲ, ಎಲ್ಲರಿಗಿಂತ ಮುಂದೆ ಇದ್ದಾನೆ.",ಹಣೆಯಲ್ಲಿ ಧರಿಸುವ ಲಾಂಛನ,An emblem worn on the forehead,Yes,qwerty,2025-02-05 15:25:36
ನಾಮ,ನಾಮ ಇಟ್ಟವರನ್ನ ಕಂಡ್ರೆ ಭಯವಾಗುತ್ತೆ – ಪರೋಕ್ಷವಾಗಿ ಬಿಜೆಪಿಗರನ್ನ ಕಿಚಾಯಿಸಿದ ಸಿದ್ದರಾಮಯ್ಯ,ಹಣೆಯಲ್ಲಿ ಧರಿಸುವ ಲಾಂಛನ,An emblem worn on the forehead,Yes,qwerty,2025-02-05 15:25:36
ನಾಮ,"ಕಾವಿ ಹಾಕಲಿಲ್ಲ, ನಾಮ ಬಳಿದುಕೊಳ್ಳಲಿಲ್ಲ ಆದರೆ ಅವರುಗಳು ನಾಚಿಸುವ ರೀತಿಯಲ್ಲಿ ಹಿಂದುತ್ವದ ವಿಚಾರಧಾರೆಗಳನ್ನು ಸಮರ್ಥವಾಗಿ , ತಲೆದೂಗುವಂತೆ ಮಂಡಿಸಿ ಸೈ ಎನಿಸಿಕೊಂಡವರು.",ಹಣೆಯಲ್ಲಿ ಧರಿಸುವ ಲಾಂಛನ,An emblem worn on the forehead,Yes,qwerty,2025-02-05 15:25:36
ನಾಮ,ಇದನ್ನೂ ಓದಿ: ಉದ್ದಕ್ಕೆ ನಾಮ ಹಾಕಿದವ್ರನ್ನ ಕಂಡ್ರೆ ನನಗೆ ಭಯ; ಮಾಜಿ ಸಿಎಂ ಸಿದ್ದರಾಮಯ್ಯ!,ಹಣೆಯಲ್ಲಿ ಧರಿಸುವ ಲಾಂಛನ,An emblem worn on the forehead,Yes,qwerty,2025-02-05 15:25:36
ನಾಮ,ನಾಮ ಇಟ್ಟುಕೊಂಡವರನ್ನು ಕಂಡರೆ ನನಗೆ ಭಯವಾಗತ್ತೆ ಎಂದಿದ್ದ ಕರ್ನಾಟಕ ಮಾಜಿ ಮುಖ್ಯಮಂತ್ರಿ ಸಿದ್ದರಾಮಯ್ಯ ಹೇಳಿಕೆಗೆ ವ್ಯಾಪಕ ಚರ್ಚೆಯಾಗುತ್ತಿದ್ದಂತೆ ಅವರು ತಮ್ಮ ಹೇಳಿಎಕೆ ಸಂಬಂಧ ಸ್ಪಷ್ಟನೆ.,ಹಣೆಯಲ್ಲಿ ಧರಿಸುವ ಲಾಂಛನ,An emblem worn on the forehead,Yes,qwerty,2025-02-05 15:25:36
ನಾಮ,ಇನ್ನು ಮುಂದೆ ದೇವಾಲಯದಲ್ಲಿ ಕಾರ್ಯ ನಿರ್ವಹಿಸುವ ಎಲ್ಲಾ ಸಿಬ್ಬಂದಿ ನಾಮ ಹಾಕಬೇಕೆಂಬ ನಿಯಮ ಜಾರಿಗೆ ಚಿಂತನೆ ನಡೆದಿದೆ.,ಹಣೆಯಲ್ಲಿ ಧರಿಸುವ ಲಾಂಛನ,An emblem worn on the forehead,Yes,qwerty,2025-02-05 15:25:36
ನಾಮ,ಮಾಸ್ತಿಯವರ ಹಣೆಯ ಮೇಲಿನ ನಾಮ ಎದ್ದುಕಂಡರೂ ಕೂಡ ಅವರ ಮೊಸರಿನ ಮಂಗಮ್ಮನ ಮೇಲೆ ಅದು ಬೇರೆಯ ಸಂಕೇತವಿದೆ.,ಹಣೆಯಲ್ಲಿ ಧರಿಸುವ ಲಾಂಛನ,An emblem worn on the forehead,Yes,qwerty,2025-02-05 15:25:36
ನಾಮ,"ಬಿಜೆಪಿ ನಾಯಕರು, ಹಿಂದೂ ಪರ ಕಾರ್ಯಕರ್ತರು ಉದ್ದದ ನಾಮ ಬಳಿದುಕೊಂಡು ನಾನೂ ಹಿಂದೂ ಸಾಮಾಜಿಕ ಜಾಲತಾಣದಲ್ಲಿ ಫೋಟೋ ಹಾಕಿದ್ದರು.",ಹಣೆಯಲ್ಲಿ ಧರಿಸುವ ಲಾಂಛನ,An emblem worn on the forehead,Yes,qwerty,2025-02-05 15:25:36
ನಾಮ,ಶಶಾಂಕ್ ತಮ್ಮ ಸ್ಟುಡಿಯೋದ ಕಂಪ್ಯೂಟರ್‌ ನಲ್ಲಿ ಫೋಟೋಶಾಪ್ ನಲ್ಲಿ ಬಿಳಿಯ ಖಾಲಿ ಪುಟಕ್ಕೆ ಕಪ್ಪು ಬಣ್ಣ ಹಾಕಿ ಮೂರು ನಾಮ ಬಿಡಿಸಿದರು.,ಹಣೆಯಲ್ಲಿ ಧರಿಸುವ ಲಾಂಛನ,An emblem worn on the forehead,Yes,qwerty,2025-02-05 15:25:36
ನಾಮ,"ಅವರವರ ಭಾವಕ್ಕೆ ಬಕುತಿಗೆ ತಕ್ಕಂತೆ ಕೆಲವರು ನಾಮ ಎಂದರೆ, ಕೆಲವರು ತ್ರಿನೇತ್ರ ಎಂದು, ಇನ್ನೂ ಕೆಲವರು ತಿಲಕ ಎಂದು ಕರೆಯುವಂತಾಯಿತು.",ಹಣೆಯಲ್ಲಿ ಧರಿಸುವ ಲಾಂಛನ,An emblem worn on the forehead,Yes,qwerty,2025-02-05 15:25:36
ನಾಮ,ಶಿಕಾರಿಪುರ: ಹಣೆಗೆ ಕುಂಕುಮದ ನಾಮ ಹಾಕಿ ಧರ್ಮದ ಆಧಾರದ ಮೇಲೆ ಯುವಕರನ್ನು ದಾರಿ ತಪ್ಪಿಸುವುದೇ ಬಿಜೆಪಿಯ ಉದ್ದೇಶ ವಾಗಿದೆ ಎಂದು ಮಾಜಿ ಸಚಿವ ಕುಮಾರ್‌ ಬಂಗಾರಪ್ಪ ಲೇವಡಿ ಮಾಡಿದರು.,ಹಣೆಯಲ್ಲಿ ಧರಿಸುವ ಲಾಂಛನ,An emblem worn on the forehead,Yes,qwerty,2025-02-05 15:25:36
ನಾಮ,ಇದನ್ನು ಓದಿ: ಉದ್ದನೆಯ ನಾಮ ಕಂಡ್ರೆ ಭಯ ಅಂದಿದ್ದ ಸಿದ್ದರಾಮಯ್ಯ ಕಡೆಗೂ ನಾಮ ಹಾಕಿಸಿಕೊಂಡೇ ಬಿಟ್ರು.,ಹಣೆಯಲ್ಲಿ ಧರಿಸುವ ಲಾಂಛನ,An emblem worn on the forehead,Yes,qwerty,2025-02-05 15:25:36
ನಾಮ,"ಗಡ್ಡ ಬಿಡುವುದು, ನಾಮ ಹಾಕುವುದು, ಟೋಪಿ ಧರಿಸುವುದು, ಮಸೀದಿ-ಮಂದಿರಗಳಿಗೆ ಹೋಗುವುದು, ನಿರ್ದಿಷ್ಟ ಉಡುಪು ಧರಿಸುವುದು ಮುಂತಾದುವುಗಳೆಲ್ಲ ಧರ್ಮದ ಗುರುತುಗಳೇ ಹೊರತು ಒಳ್ಳೆಯವರು ಮತ್ತು ಕೆಟ್ಟವರು ಅನ್ನುವುದರ ಗುರುತುಗಳಲ್ಲ.",ಹಣೆಯಲ್ಲಿ ಧರಿಸುವ ಲಾಂಛನ,An emblem worn on the forehead,Yes,qwerty,2025-02-05 15:25:36
ನಾಮ,"ಬೆಂಗಳೂರು: ಮಾಜಿ ಸಿಎಂ ಸಿದ್ದರಾಮಯ್ಯ ಅವರು ನಾಮ ಇಟ್ಕೊಂಡವರನ್ನು ಕಂಡ್ರೆ ಭಯ ಆಗುತ್ತೆ ಎಂಬ ಹೇಳಿಕೆಯನ್ನು ನೀಡಿದ್ದು, ಇದೀಗ ಸಿದ್ದರಾಮಯ್ಯ ಅವರ ಹೇಳಿಕೆ ವಿರುದ್ಧ ಬಿಜೆಪಿ ತಿಲಕದೊಂದಿಗೆ ಸೆಲ್ಫಿ ಎಂಬ ಅಭಿಯಾನ ಶುರು ಮಾಡಿದೆ.",ಹಣೆಯಲ್ಲಿ ಧರಿಸುವ ಲಾಂಛನ,An emblem worn on the forehead,Yes,qwerty,2025-02-05 15:25:36
ನಾಮ,"ಹುಬ್ಬು ಮತ್ತು ಕಣ್ಣಿನ ಎವೆಗಳಿಗೆ ಕಪ್ಪು ತುಟಿಗೆ ಕೆಂಪು ಕಿವಿಯಿಂದ ಗದ್ದದ ಬದಿಯಲ್ಲಿ ಕಪ್ಪು ಗೆರೆ, ಹಣೆಯಲ್ಲಿ ನಾಮ ಅಥವಾ ತಿಲಕ ಇವು ಬೂತಕೋಲದ ಮುಖವರ್ಣಿಕೆಯ ಸಾಮಾನ್ಯ ಸ್ವರೂಪ.",ಹಣೆಯಲ್ಲಿ ಧರಿಸುವ ಲಾಂಛನ,An emblem worn on the forehead,Yes,qwerty,2025-02-05 15:25:36
ನಾಮ,"ಕೆಂಪು ಪಂಚೆಯನ್ನು ತೊಟ್ಟಿದ್ದ, ಎದೆಯ ಮೇಲೆ ಕಪ್ಪಗಿನ ರೋಮ, ತಲೆಯ ಮೇಲಿಂದ ಉದ್ದನೆಯ ಕೂದಲನ್ನು ಹಿಂದೆ ಚಾಚಿದ್ದ, ಹಣೆಯ ಮೇಲೆ ಬಿಳಿಯ ಅಡ್ಡ ನಾಮ ಮತ್ತು ಅದರ ಮಧ್ಯ ಭಾಗದಲ್ಲಿ ಕಡು ಕೆಂಪಗಿನ ಕುಂಕುಮವನ್ನು ಹಾಕಿರುವ ವ್ಯಕ್ತಿಯನ್ನು ನೋಡಿ ಸ್ವಲ್ಪ ಗಾಬಾರಿಯಾಯಿತು ಚಂದ್ರುವಿಗೆ.",ಹಣೆಯಲ್ಲಿ ಧರಿಸುವ ಲಾಂಛನ,An emblem worn on the forehead,Yes,qwerty,2025-02-05 15:25:36
ನಾಮ,ಧರಿಸಿ ಕುಂಕುಮವ ಕ | ಸ್ತುರಿಯ ನಾಮ ಹಣೆಯೊಳಿಟ್ಟು || ರಂಗ ||೨೬೦||,ಹಣೆಯಲ್ಲಿ ಧರಿಸುವ ಲಾಂಛನ,An emblem worn on the forehead,Yes,qwerty,2025-02-05 15:25:36
ನಾಮ,"ಬೆಂಗಳೂರು, ಮಾರ್ಚ್ 7: ನಾಮ ಕಂಡರೆ ಭಯ ಎಂದಿದ್ದ ಮಾಜಿ ಸಿಎಂ ಸಿದ್ದರಾಮಯ್ಯನವರ ವಿರುದ್ದ ತಿರುಗಿ ಬಿದ್ದಿದ್ದ ಟ್ವಿಟ್ಟಿಗರು, ಸಾಕುಸಾಕು ಅನಿಸುವಷ್ಟು ತಿಲಕ ಹಾಕಿಕೊಂಡ ಫೋಟೋವಿರುವ ಪೋಸ್ಟುಗಳನ್ನು ಹಾಕಿದ್ದರು.",ಹಣೆಯಲ್ಲಿ ಧರಿಸುವ ಲಾಂಛನ,An emblem worn on the forehead,Yes,qwerty,2025-02-05 15:25:36
ನಾಮ,ಆಗ ನಾವು ವಿಭೂತಿ ಮತ್ತು ನಾಮ ಮೂಢನಂಬಿಕೆಯ ಸಂಕೇತವೆಂದು ಸ್ಪಷ್ಟೀಕರಣ ನೀಡಿದಾಗ ಸಭೆ ಶಾಂತವಾಯಿತು.,ಹಣೆಯಲ್ಲಿ ಧರಿಸುವ ಲಾಂಛನ,An emblem worn on the forehead,Yes,qwerty,2025-02-05 15:25:36
ನಾಮ,ಹೀಗೆ ತನ್ನ ಪಾಡಿಗೆ ತಾನು ತಲೆಗೆ ಹಳದಿಟೇಪು ಕಟ್ಟಿಕೊಂಡು ಹಣೆಗೆ ನಾಮ ಎಳೆದುಕೊಂಡು ಕುಣಿತದ ಹೆಸರಿನಲ್ಲಿ ತಟ್ಟಾಡುತ್ತಿದ್ದ ಪುರ್ರನೆದುರು ಕರೆಂಟು ಆಫೀಸಿನ ವಿಜಿಲೆನ್ಸ್ ತಂಡದ ಒಂದು ಜೀಪು ಬಂದು ನಿಂತಿತ್ತು.,ಹಣೆಯಲ್ಲಿ ಧರಿಸುವ ಲಾಂಛನ,An emblem worn on the forehead,Yes,qwerty,2025-02-05 15:25:36
ನಾಮ,ಹಣೆಯಲ್ಲಿ ನಾಮ ಅಥವಾ ಅರ್ಧಚಂದ್ರಾಕೃತಿಯನ್ನು ಕೆಂಪು ಬಣ್ಣದಿಂದ ಅಗಲವಾಗಿ ಬರೆಯುತ್ತಾರೆ.,ಹಣೆಯಲ್ಲಿ ಧರಿಸುವ ಲಾಂಛನ,An emblem worn on the forehead,Yes,qwerty,2025-02-05 15:25:36
ನಾಮ,"ಈ ಹಣವನ್ನು ನಿರುದ್ಯೋಗ ನಿವಾರಿಸಲು ಮತ್ತು ಉನ್ನತ ವಿದ್ಯಾಭ್ಯಾಸಕ್ಕಾಗಿ ಬಳಸುವಂತಾಗಬೇಕಿದೆ ಎಂದ ಮೂರ್ತಿಯವರು ಹಿಂದೆ ಶಿಲುಬೆ ಹಾಕಿಕೊಂಡು ತಿರುಗಾಡುತ್ತಿದ್ದವರು ಈಗ ಜನಿವಾರ ಮತ್ತು ನಾಮ ಹಾಕಿಕೊಂಡು ಓಡಾಡುತ್ತಿದ್ದಾರೆ, ಮುಂದಿನ ಚುನಾವಣೆಯಲ್ಲಿ ಯಾರನ್ನು ಆಯ್ಕೆ ಮಾಡಬೇಕು ಎಂಬುದನ್ನು ನಾವು ನಿಶ್ಚಯ ಮಾಡಬೇಕಿದೆ ಎಂದರು.",ಹಣೆಯಲ್ಲಿ ಧರಿಸುವ ಲಾಂಛನ,An emblem worn on the forehead,Yes,qwerty,2025-02-05 15:25:36
ನಾಮ,"ಬಾಗಲಕೋಟೆ: ಅಯ್ಯೋ ನನಗೆ ನಾಮ ಕಂಡರೆ ಭಯ, ನಾನು ನಾಮ ಹಚ್ಚಿಕೊಳ್ಳಲ್ಲ ಎನ್ನುತ್ತಿದ್ದ ಮಾಜಿ ಮುಖ್ಯಮಂತ್ರಿ ಸಿದ್ದರಾಮಯ್ಯ ಈಗ ಹಣೆಗೆ ನಾಮ ಇಡಿಸಿಕೊಂಡಿದ್ದಾರೆ.",ಹಣೆಯಲ್ಲಿ ಧರಿಸುವ ಲಾಂಛನ,An emblem worn on the forehead,Yes,qwerty,2025-02-05 15:25:36
ನಾಮ,"ಅದ್ಯಾಕೋ ಏನೋ ಗೊತ್ತಿಲ್ಲ, ಹೀಗೆ ನಾಮ ಹಾಕಿಕೊಂಡವರನ್ನ ಕಂಡ್ರೆ ಭಯವಾಗುತ್ತೇ ಎಂದ ಮಾಜಿ ಸಿಎಂ ಸಿದ್ದರಾಮಯ್ಯನವರ ಹೇಳಿಕೆ ಸುತ್ತ ಭಾರೀ ಚರ್ಚೆ ನಡೆಯುತ್ತಿದೆ.",ಹಣೆಯಲ್ಲಿ ಧರಿಸುವ ಲಾಂಛನ,An emblem worn on the forehead,Yes,qwerty,2025-02-05 15:25:36
ನಾಮ,ಈ ಹಿಂದಿನಂತೆ ನಾಮ ಹಚ್ಚಬೇಡ ಅನ್ನುತ್ತಾರೆ ಎಂದು ಎಲ್ಲರೂ ಅಂದುಕೊಂಡಿದ್ದರೆ ಸಿದ್ದರಾಮಯ್ಯ ಹಣೆ ಮುಂದೆ ಮಾಡಿದರು.,ಹಣೆಯಲ್ಲಿ ಧರಿಸುವ ಲಾಂಛನ,An emblem worn on the forehead,Yes,qwerty,2025-02-05 15:25:36
ನಾಮ,ಈ ಗುಣವನ್ನು ಇದುವರೆಗಾಗಲೇ ನಾಮ ೬೩ ಹಾಗು ೫೬೭ರಲ್ಲಿ ಚರ್ಚಿಸಲಾಗಿದೆ.,ಹೆಸರು,Name,Yes,qwerty,2025-02-05 06:41:22
ನಾಮ,ಕಾರಿನ ನಾಮ ಫಲಕ ತೆಗೆದ ಅಧಿಕಾರಿಗೆ ಥಳಿಸಿದ ಬಿಜೆಪಿ ನಾಯಕ!,ಹೆಸರು,Name,Yes,qwerty,2025-02-05 06:41:22
ನಾಮ,ಅಷ್ಟೇ ಅಲ್ಲ ವಿಠ್ಠಲನ ನಾಮ ಸದಾಕಾಲ ಶುಭದಾಯಕ.,ಹೆಸರು,Name,Yes,qwerty,2025-02-05 06:41:22
ನಾಮ,ಇಂದು ಮನೆಯಲ್ಲಿ ಇರೋ ಶಿವಲಿಂಗಕ್ಕೆ ತಪ್ಪದೆ ನಾಲ್ಕು ಉದ್ದರಣೆ ಹಾಲು ಮತ್ತು ಎಂಟು ಉದ್ದರಣೆ ನೀರಿನಿಂದ ಅಭಿಷೇಕ ಮಾಡುತ್ತಾ ಓಂ ನಮಃ ಶಿವಾಯ ಪಂಚಾಕ್ಷರಿ ನಾಮ ಪಾರಾಯಣ ಮಾಡುವುದು ಮರೆಯಬೇಡಿ.,ಹೆಸರು,Name,Yes,qwerty,2025-02-05 06:41:22
ನಾಮ,ಓಂ ನಾಮ ಸ್ಮರಣೆಯೊಂದಿಗೆ ಅಕ್ಷರ ಲೋಕಕ್ಕೆ ಕಾಲಿರಿಸಿದ ಪುಟಾಣಿಗಳು – ಕಹಳೆ ನ್ಯೂಸ್,ಹೆಸರು,Name,Yes,qwerty,2025-02-05 06:41:23
ನಾಮ,ರಾಮಾ ನಿನ್ನ ನಾಮ ಸ್ಮರಣೆಯೇ ಸಾಕು,ಹೆಸರು,Name,Yes,qwerty,2025-02-05 06:41:24
ನಾಮ,"ಇದು ಗಮನಿಸಬೇಕು, BRIC ಆ - ಇದು ಅವರು ವೇದಿಕೆ ನಾಮ ನಂತರ ಬಳಸಿದ ಹೆಸರು ನಟಿ ಅಜ್ಜಿ.",ಹೆಸರು,Name,Yes,qwerty,2025-02-05 06:41:24
ನಾಮ,"ದೇವನೊಬ್ಬನೇ ನಾಮ ಹಲವು ಎಂದು ನಂಬಿದವನು, ಎಂದು ಸಿದ್ದರಾಮಯ್ಯ ವಿವರಿಸಿದರು.",ಹೆಸರು,Name,Yes,qwerty,2025-02-05 06:41:24
ನಾಮ,"ಗಕಾರ ಗಣಪತಿ ಸಹಸ್ರ ನಾಮ ಪಾರಾಯಣ, ಗಣಪತಿ ಬೀಜ ಮಂತ್ರ ಪಠಿಸಬೇಕು.",ಹೆಸರು,Name,Yes,qwerty,2025-02-05 06:41:24
ನಾಮ,ಹಿಂದು ಗೋತ್ರವು ನಾಮ ಮಾತ್ರದೊಳಗೇನು ||೧||,ಹೆಸರು,Name,Yes,qwerty,2025-02-05 06:41:24
ನಾಮ,ಪುತ್ರಿ ಹುಟ್ಟುಹಬ್ಬದ ಸಂದರ್ಭ 2019ರ ವರ್ಷ ರೋಹಿತ್​ ಶರ್ಮಾ ನಾಮ ಸಂವತ್ಸರ ಆಗಿ ರೂಪುಗೊಂಡಿದೆ.,ಹೆಸರು,Name,Yes,qwerty,2025-02-05 06:41:24
ನಾಮ,ಕೃಷ್ಣ ನಾಮ ಸ್ಮರಣೆಯ ಜತೆಗೆ ನಂಬಿದೆ ನಿನ್ನ ನಾದ ದೇವತೆಯೆ~ ಎಂದು ಹಾಡಿದ ಗಾಯಕ ನಿಶಾಂತ್ ಅವರ ಗಾಯನದಿಂದ ಇಡೀ ಸಭಾಂಗಣವು ನಾದ ಲೋಕದಲ್ಲಿ ಮುಳುಗಿ ಹೋಯಿತು.,ಹೆಸರು,Name,Yes,qwerty,2025-02-05 06:41:24
ನಾಮ,ನಮ್ಮಲ್ಲಿ ಪ್ರತಿಯೊಬ್ಬರೂ ಈ ಸಂಸಾರದಲ್ಲಿ ನಾಮ ರೂಪ ಜಗತ್ತಿನಲ್ಲಿ ಇದ್ದೇವೆ.,ಹೆಸರು,Name,Yes,qwerty,2025-02-05 06:41:24
ನಾಮ,ರಾಜ್ಯ ಸಭೆಗೆ ವಿವಿಧ ಕ್ಷೇತ್ರಗಳಲ್ಲಿ ಸೇವೆ ಸಲ್ಲಿಸಿರುವ 12 ಮಂದಿಯನ್ನು ನಾಮ ನಿರ್ದೇಶನ ಮಾಡಲಾಗುತ್ತದೆ.,ಹೆಸರು,Name,Yes,qwerty,2025-02-05 06:41:24
ನಾಮ,ನಾಮ ಸ್ಮರಣೆ,ಹೆಸರು,Name,Yes,qwerty,2025-02-05 06:41:24
ನಾಮ,ಅದೇನೆಂದರೆ ಈ ಆಲಯದಲ್ಲಿ ಹನುಮಂತನ ವಿಗ್ರಹದ ಸುತ್ತ ಸದಾ ಕಾಲ ರಾಮ ನಾಮ ಕೇಳಿ ಬರುತ್ತಲೇ ಇರುತ್ತದೆ.,ಹೆಸರು,Name,Yes,qwerty,2025-02-05 06:41:24
ನಾಮ,ಭಜನೆ ಮತ್ತು ದೇವರ ನಾಮ,ಹೆಸರು,Name,Yes,qwerty,2025-02-05 06:41:24
ನಾಮ,ಚಂದ್ರನ ನಿಜ ನಾಮ ಲೂನಾ.,ಹೆಸರು,Name,Yes,qwerty,2025-02-05 06:41:24
ನಾಮ,ದೇವರ ನಾಮ ಗಾಯನ- ದೀಪಾ ಕೃಷ್ಣಮೂರ್ತಿ ಮತ್ತು ರೂಪಾ ಕಿರಣ್.,ಹೆಸರು,Name,Yes,qwerty,2025-02-05 06:41:24
ನಾಮ,ದೋಷ ಪರಿಹಾರ : ಇಷ್ಟ ದೇವರ ದರ್ಶನ ಅಥವ ನಾಮ ಸ್ಮರಣೆ ಮಾಡಿದರೆ ದಿನವು ಶುಭದಾಯಕವಾಗಿರಲಿದೆ.,ಹೆಸರು,Name,Yes,qwerty,2025-02-05 06:41:24
ನಾಮ,ನಾಮ ಪತ್ರಗಳ ಪರಿ­ಶೀಲನೆ ಫೆ.,ಹೆಸರು,Name,Yes,qwerty,2025-02-05 06:41:24
ನಾಮ,"ಕೂಡಲ ಸಂಗಮದಿಂದ ತಂದ ನೀರನ್ನು ಸಸಿಗಳಿಗೆ ಹಾಕುವ ಮೂಲಕ ಇಳಕಲ್ ಚಿತ್ತರಗಿ ವಿಜಯ ಮಹಾಂತೇ ಶ್ವರ ಸಂಸ್ಥಾನಮಠದ ಮಹಾಂತಪ್ಪ ನವರು, ಬಸವ ಸಸಿಗಳು ಎಂದು ನಾಮ ಕರಣ ಮಾಡಿದರು.",ಹೆಸರು,Name,Yes,qwerty,2025-02-05 06:41:24
ನಾಮ,ಅವನ ನಾಮ ನೋಡಿ ಶಿವರಾಮ ಕಾರಂತರು ಕೆರಳಿಬಿಟ್ಟರು.,ಹೆಸರು,Name,Yes,qwerty,2025-02-05 06:41:24
ನಾಮ,ಹಗಲಿರುಳು ನಿನ್ನ ನಾಮ,ಹೆಸರು,Name,Yes,qwerty,2025-02-05 06:41:24
ನಾಮ,ಹೊಗೆಯ ಒತ್ತಡಕ್ಕೆ ಬಲೂನು ದೀಪದ ಸಮೇತವಾಗಿ ದೇವರ ನಾಮ ಸ್ಮರಣೆ ಮಾಡಿ ಆಕಾಶದೆತ್ತರಕ್ಕೆ ಹಾರಿ ಬಿಡಲಾಗುದೆ.,ಹೆಸರು,Name,Yes,qwerty,2025-02-05 06:41:24
ನಾಮ,ಬೆಳಗ್ಗೆ 6ಕ್ಕೆ ಭಗವಾನ ನಿತ್ಯಾನಂದರ ಪಾದುಕಾ ಪೂಜೆ ಹಾಗೂ ಅಖಂಡ ನಾಮ ಸ್ಮರಣೆ ಜರುಗಿತು.,ಹೆಸರು,Name,Yes,qwerty,2025-02-05 06:41:24
ನಾಮ,ನಿನ್ನ ನಾಮ ಹಿಡಿದುಕೊಂಡೆ ಜಯವು ನಿನಗೆ ನಾನೆಂದೆ,ಹೆಸರು,Name,Yes,qwerty,2025-02-05 06:41:24
ನಾಮ,ಜೋಗಯ್ಯ ಎಲ್ಲಮ್ಮನ ನಾಮ ಸ್ಮರಿಸುತ ಜೋಕಿಲೆ ಹೊಕ್ಕಾರ ||,ಹೆಸರು,Name,Yes,qwerty,2025-02-05 06:41:24
ನಾಮ,ಕನ್ನಡ ಸಂಘದ ಪರದೆಯ ಹಿಂದೆ ಕೆಲಸ ಮಾಡಿ ಯಾವುದೇ ಪ್ರಚಾರವನ್ನು ಒಲ್ಲದ ಇವರ ಮುಖಪರಿಚಯವಿದ್ದರೂ ಬಹಳಷ್ಟು ಸದಸ್ಯರಿಗೆ ನಾಮ ಪರಿಚಯ ಕಮ್ಮಿ.,ಹೆಸರು,Name,Yes,qwerty,2025-02-05 06:41:24
ನಾಮ,ಜೊತೆಗೆ ಈ ನಾಮಕ್ಕೆ ಸಮಾನವಾದ ನಾಮ ಯಾವುದು ಇಲ್ಲ,ಹೆಸರು,Name,Yes,qwerty,2025-02-05 06:41:24
ನಾಮ,ರಾಮ ನಾಮ ಅಂಕಿತ ಅತಿ ಸುಂದರ।।,ಹೆಸರು,Name,Yes,qwerty,2025-02-05 06:41:24
ನಾಮ,ಒಬ್ಬೊಬ್ಬರಿಗೆ ಒಂದೊಂದು ನಾಮ,ಹೆಸರು,Name,Yes,qwerty,2025-02-05 06:41:24
ನಾಮ,ದೇವನೊಬ್ಬನೇ ನಾಮ ಹಲವು ಎನ್ನುವ ವಾಣಿಯನ್ನು ಎಲ್ಲ ಧರ್ಮಗಳು ಅರ್ಥ ಮಾಡಿಕೊಂಡು ಬದುಕಬೇಕಿದೆ.,ಹೆಸರು,Name,Yes,qwerty,2025-02-05 06:41:24
ನಾಮ,ಶಿವನ ನಾಮ ಸ್ಮರಿಸಿ ಕೋಟಿ ಶಿವಲಿಂಗ ದರ್ಶನ ಪಡೆದ್ರೆ ಒಳ್ಳೆಯದಾಗುತ್ತೆ.,ಹೆಸರು,Name,Yes,qwerty,2025-02-05 06:41:25
ನಾಮ,ಚಿತ್ರ ವಿಚಿತ್ರ ನಾಮ ಫಲಕ- ಮೊದಲು ಹಾರುವುದನ್ನು ಕಳಿತುಕೊಳ್ಳಿ,ಹೆಸರು,Name,Yes,qwerty,2025-02-05 06:41:25
ನಾಮ,ದೇವನೊಬ್ಬ ನಾಮ ಹಲವು ಎಂಬ ಮಾತಿದೆ.,ಹೆಸರು,Name,Yes,qwerty,2025-02-05 06:41:25
ನಾಮ,ಸಾಹಸ-ಶೌರ್ಯ ಪ್ರಶಸ್ತಿಗೆ ನಾಮ ನಿರ್ದೇಶನಕ್ಕೆ ಅರ್ಜಿ ಆಹ್ವಾನ,ಹೆಸರು,Name,Yes,qwerty,2025-02-05 06:41:25
ನಾಮ,ದೇವನೊಬ್ಬ ನಾಮ ಹಲವು ಎಂಬುದು ಇದರಿಂದಲೇ ಸೃಷ್ಟಿಯಾಗಿರಬಹುದೇ ಎಂಬುದರ ಬಗ್ಗೆ ನನ್ನ ಗೊಂದಲ ಇದ್ದೇಯಿದೆ.,ಹೆಸರು,Name,Yes,qwerty,2025-02-05 06:41:25
ನಾಮ,14): ರಾಷ್ಟ್ರಪತಿ ರಾಮನಾಥ್​ ಕೋವಿಂದ್​ ರಾಜ್ಯಸಭೆಗೆ ನಾಲ್ವರ ಹೆಸರನ್ನು ನಾಮ ನಿರ್ದೇಶನ ಮಾಡಿದ್ದಾರೆ.,ಹೆಸರು,Name,Yes,qwerty,2025-02-05 06:41:25
ನಾಮ,ಆದರೆ ನಾಮ ನಿರ್ದೇಶನ ಸದಸ್ಯರ ನೇಮಕದಿಂದ ಕಾಂಗ್ರೆಸ್ ಬಹುಮತ ಪಡೆದಿದೆ.,ಹೆಸರು,Name,Yes,qwerty,2025-02-05 06:41:25
ನಿರ್ಮಾಪಕ,"ನಿರ್ಮಾಪಕ ತರುಣ್ ಶಿವಪ್ಪ ಮಾತನಾಡಿ, ಚಿತ್ರಕ್ಕೆ ಯುಎ ಸರ್ಟಿಫಿಕೆಟ್ ದೊರಕಿದೆ.","ಚಲನಚಿತ್ರ, ನಾಟಕ ಮುಂ.ವುಗಳ ನಿರ್ಮಾಣಕ್ಕೆ ಹಣವನ್ನು ಒದಗಿಸುವವನು, ಬಂಡವಾಳ ಹಾಕುವವನು",Film/Drama Producer,Yes,Darshan R K,2025-02-08 17:07:52
ನಿರ್ಮಾಪಕ,ಚಿತ್ರೋತ್ಸವದ ಸ್ಮರಣ ಸಂಚಿಕೆಯನ್ನು ಹಿರಿಯ ಚಲನಚಿತ್ರ ನಿರ್ದೇಶಕ ಹಾಗೂ ನಿರ್ಮಾಪಕ ಶ್ರೀ ಸಂಜಯ್‌ ಲೀಲಾ ಬನ್ಸಾಲಿ ಬಿಡುಗಡೆ ಮಾಡುವರು.,"ಚಲನಚಿತ್ರ, ನಾಟಕ ಮುಂ.ವುಗಳ ನಿರ್ಮಾಣಕ್ಕೆ ಹಣವನ್ನು ಒದಗಿಸುವವನು, ಬಂಡವಾಳ ಹಾಕುವವನು",Film/Drama Producer,Yes,Darshan R K,2025-02-08 17:07:52
ನಿರ್ಮಾಪಕ,"ತೆಲುಗಿನ ಖ್ಯಾತ ನಟ, ನಿರ್ಮಾಪಕ ಅಕ್ಕಿನೇನಿ ನಾಗಾರ್ಜುನ್ ಅವರು ಶಿವಣ್ಣ ಮಗಳ ಮದುವೆಯ ಸಡಗರದಲ್ಲಿ ಪಾಲ್ಗೊಂಡು ಸಂಭ್ರಮಿಸಿದರು.","ಚಲನಚಿತ್ರ, ನಾಟಕ ಮುಂ.ವುಗಳ ನಿರ್ಮಾಣಕ್ಕೆ ಹಣವನ್ನು ಒದಗಿಸುವವನು, ಬಂಡವಾಳ ಹಾಕುವವನು",Film/Drama Producer,Yes,Darshan R K,2025-02-08 17:07:52
ನಿರ್ಮಾಪಕ,ತಮಿಳು ಚಿತ್ರರಂಗದ ನಿರ್ದೇಶಕ ಹಾಗೂ ನಿರ್ಮಾಪಕ ಎಸ್.,"ಚಲನಚಿತ್ರ, ನಾಟಕ ಮುಂ.ವುಗಳ ನಿರ್ಮಾಣಕ್ಕೆ ಹಣವನ್ನು ಒದಗಿಸುವವನು, ಬಂಡವಾಳ ಹಾಕುವವನು",Film/Drama Producer,Yes,Darshan R K,2025-02-08 17:07:52
ನಿರ್ಮಾಪಕ,ನಟ ಕುಮಾರ್ ಗೋವಿಂದು ಒಂದು ವೇಳೆ ಸೋತರೂ ನಿರ್ಮಾಪಕ ಗೋವಿಂದು ಗೋತಾ ಹೊಡೆಯಲ್ಲ ಬಿಡಿ ಎಂದು ಗಾಂಧಿನಗರದ ಮಂದಿ ಆಡಿಕೊಳ್ಳುತ್ತಿದ್ದರು.,"ಚಲನಚಿತ್ರ, ನಾಟಕ ಮುಂ.ವುಗಳ ನಿರ್ಮಾಣಕ್ಕೆ ಹಣವನ್ನು ಒದಗಿಸುವವನು, ಬಂಡವಾಳ ಹಾಕುವವನು",Film/Drama Producer,Yes,Darshan R K,2025-02-08 17:07:52
ನಿರ್ಮಾಪಕ,ಕುರುಕ್ಷೇತ್ರ ಸಿನಿಮಾದ ಚಿತ್ರೀಕರಣ ಜುಲೈ 27 ರಿಂದ ಮಾಡಲು ನಿರ್ಮಾಪಕ ಮುನಿರತ್ನ ಪ್ಲಾನ್ ಮಾಡಿದ್ದಾರೆ.,"ಚಲನಚಿತ್ರ, ನಾಟಕ ಮುಂ.ವುಗಳ ನಿರ್ಮಾಣಕ್ಕೆ ಹಣವನ್ನು ಒದಗಿಸುವವನು, ಬಂಡವಾಳ ಹಾಕುವವನು",Film/Drama Producer,Yes,Darshan R K,2025-02-08 17:07:52
ನಿರ್ಮಾಪಕ,"ಪತ್ನಿ ಗೀತಾಶಿವರಾಜ್‌ಕುಮಾರ್, ಶಿವಲಿಂಗ ನಿರ್ಮಾಪಕ ಸುರೇಶ್ ಉಪಸ್ತಿತರಿದ್ದರು.","ಚಲನಚಿತ್ರ, ನಾಟಕ ಮುಂ.ವುಗಳ ನಿರ್ಮಾಣಕ್ಕೆ ಹಣವನ್ನು ಒದಗಿಸುವವನು, ಬಂಡವಾಳ ಹಾಕುವವನು",Film/Drama Producer,Yes,Darshan R K,2025-02-08 17:07:52
ನಿರ್ಮಾಪಕ,"ಯೂರಿ Ilienko (1936-2010) - ಉಕ್ರೇನ್ ಪೀಪಲ್ಸ್ ಕಲಾವಿದ, ಅಕಾಡೆಮಿ ಉಕ್ರೇನ್, ಚಿತ್ರಕಥೆಗಾರ, ಕ್ಯಾಮರಾಮನ್, ನಿರ್ಮಾಪಕ ಆಫ್ ಆರ್ಟ್ಸ್ ನಲ್ಲಿನ ಶಿಕ್ಷಣತಜ್ಞ.","ಚಲನಚಿತ್ರ, ನಾಟಕ ಮುಂ.ವುಗಳ ನಿರ್ಮಾಣಕ್ಕೆ ಹಣವನ್ನು ಒದಗಿಸುವವನು, ಬಂಡವಾಳ ಹಾಕುವವನು",Film/Drama Producer,Yes,Darshan R K,2025-02-08 17:07:52
ನಿರ್ಮಾಪಕ,ಕೋಟಿ ಹಣವನ್ನು ನೀಡುವಂತೆ ಹೇಳಿದ್ದ ಮಹಾರಾಷ್ಟ್ರ ನವನಿರ್ಮಾಣ ಸೇನೆಯ ಆಗ್ರಹದ ವಿರುದ್ಧ ನಿರ್ದೇಶಕ ಹಾಗ ನಿರ್ಮಾಪಕ ಅಶೋಕ್ ಪಂಡಿತ್ ಗರಂ ಆಗಿದ್ದಾರೆ.,"ಚಲನಚಿತ್ರ, ನಾಟಕ ಮುಂ.ವುಗಳ ನಿರ್ಮಾಣಕ್ಕೆ ಹಣವನ್ನು ಒದಗಿಸುವವನು, ಬಂಡವಾಳ ಹಾಕುವವನು",Film/Drama Producer,Yes,Darshan R K,2025-02-08 17:07:52
ನಿರ್ಮಾಪಕ,ಈ ಚಿತ್ರದ ಮೂಲಕ ನಿರ್ಮಾಪಕ ವಿಜಯ್ ಸದಾನಂದ್ ತಮ್ಮ ಪುತ್ರ ಆಕಾಶ್‌ನನ್ನು ಹೀರೋ ಮಾಡಿದ ಖುಷಿಯಲ್ಲಿದ್ದಾರೆ.,"ಚಲನಚಿತ್ರ, ನಾಟಕ ಮುಂ.ವುಗಳ ನಿರ್ಮಾಣಕ್ಕೆ ಹಣವನ್ನು ಒದಗಿಸುವವನು, ಬಂಡವಾಳ ಹಾಕುವವನು",Film/Drama Producer,Yes,Darshan R K,2025-02-08 17:07:52
ನಿರ್ಮಾಪಕ,ಸಿನಿಮಾವನ್ನು ಮುಂದಿನ ವಾರ ಬಿಡುಗಡೆ ಮಾಡುವ ಸಾಧ್ಯತೆ ಇದೆ ಎಂದು ನಿರ್ಮಾಪಕ ದೇವರಾಜ್ ಹೇಳಿದ್ದಾರೆ.,"ಚಲನಚಿತ್ರ, ನಾಟಕ ಮುಂ.ವುಗಳ ನಿರ್ಮಾಣಕ್ಕೆ ಹಣವನ್ನು ಒದಗಿಸುವವನು, ಬಂಡವಾಳ ಹಾಕುವವನು",Film/Drama Producer,Yes,Darshan R K,2025-02-08 17:07:52
ನಿರ್ಮಾಪಕ,ಚಿತ್ರ ಅದ್ದೂರಿಯಾಗಿ ಬರುವುದಕ್ಕೆ ನಿರ್ಮಾಪಕ ಗಂಗಾಧರ್ ಅವರು ಎಲ್ಲ ರೀತಿಯಲ್ಲೂ ಸಾಥ್ ನೀಡುತ್ತಿದ್ದಾರೆ.,"ಚಲನಚಿತ್ರ, ನಾಟಕ ಮುಂ.ವುಗಳ ನಿರ್ಮಾಣಕ್ಕೆ ಹಣವನ್ನು ಒದಗಿಸುವವನು, ಬಂಡವಾಳ ಹಾಕುವವನು",Film/Drama Producer,Yes,Darshan R K,2025-02-08 17:07:52
ನಿರ್ಮಾಪಕ,ಸಂಗೀತಗಾರ ಗಂಭೀರವಾಗಿ ಗಾಯಗೊಂಡರು ಮತ್ತು ಅವರ ಪ್ರಯಾಣಿಕರ - 34 ವರ್ಷದ ನಿರ್ಮಾಪಕ Amirov - ನಿಧನರಾದರು.,"ಚಲನಚಿತ್ರ, ನಾಟಕ ಮುಂ.ವುಗಳ ನಿರ್ಮಾಣಕ್ಕೆ ಹಣವನ್ನು ಒದಗಿಸುವವನು, ಬಂಡವಾಳ ಹಾಕುವವನು",Film/Drama Producer,Yes,Darshan R K,2025-02-08 17:07:52
ನಿರ್ಮಾಪಕ,"* ಅನಾಥರು ಸಿನಿಮಾ ಮಾಡುತ್ತಿದ್ದಾಗಲೇ ನಿರ್ಮಾಪಕ ಮುನಿರತ್ನ ಅವರು, ಕುರುಕ್ಷೇತ್ರ ಮಾಡೋಣ ಅಂದಾಗ, ನಾನು ನಕ್ಕುಬಿಟ್ಟು, ಹೋಗಣ್ಣ ಅಂದಿದ್ದೆ.","ಚಲನಚಿತ್ರ, ನಾಟಕ ಮುಂ.ವುಗಳ ನಿರ್ಮಾಣಕ್ಕೆ ಹಣವನ್ನು ಒದಗಿಸುವವನು, ಬಂಡವಾಳ ಹಾಕುವವನು",Film/Drama Producer,Yes,Darshan R K,2025-02-08 17:07:52
ನಿರ್ಮಾಪಕ,ಇನ್ನು ಚಿತ್ರದ ನಿರ್ಮಾಪಕ ಆನಂದ್ ಅಪ್ಪುಗೋಳ್ ಅವರಂತೂ ಚಿತ್ರೀಕರಣ ಸುಸೂತ್ರವಾಗಿ ನಡೆದರೆ ಸಾಕಪ್ಪಾ ಎಂದು ದೇವರಿಗೆ ಮೊರೆ ಹೋಗಿದ್ದಾರೆ.,"ಚಲನಚಿತ್ರ, ನಾಟಕ ಮುಂ.ವುಗಳ ನಿರ್ಮಾಣಕ್ಕೆ ಹಣವನ್ನು ಒದಗಿಸುವವನು, ಬಂಡವಾಳ ಹಾಕುವವನು",Film/Drama Producer,Yes,Darshan R K,2025-02-08 17:07:52
ನಿರ್ಮಾಪಕ,ಸಹ ನಿರ್ಮಾಪಕ ನಾಗೇಶ್ ಹಾಗೂ ಗೌರಿ ಎಂಬಾಕೆಯ ಪತ್ತೆಗಾಗಿ ಪೊಲೀಸರು ಬಲೆ ಬೀಸಿದ್ದಾರೆ.,"ಚಲನಚಿತ್ರ, ನಾಟಕ ಮುಂ.ವುಗಳ ನಿರ್ಮಾಣಕ್ಕೆ ಹಣವನ್ನು ಒದಗಿಸುವವನು, ಬಂಡವಾಳ ಹಾಕುವವನು",Film/Drama Producer,Yes,Darshan R K,2025-02-08 17:07:52
ನಿರ್ಮಾಪಕ,"ಅವರು ನಿರ್ಮಾಪಕ ಜೇ ಜಾಯ್ಸ್ಗೆ ಪರಿಚಯಿಸಲ್ಪಟ್ಟರು ಮತ್ತು ಪ್ರದರ್ಶನವನ್ನು ಪ್ರದರ್ಶಿಸಿದ ನಂತರ ಕ್ಯಾಪಿಟಲ್ ರೆಕಾರ್ಡ್ಸ್ ಸಹಿ ಮಾಡಿದರು, ಜಾಯ್ಸ್ ತನ್ನ ಆಲ್ಬಮ್ ಅನ್ನು ತಯಾರಿಸಿದರು.","ಚಲನಚಿತ್ರ, ನಾಟಕ ಮುಂ.ವುಗಳ ನಿರ್ಮಾಣಕ್ಕೆ ಹಣವನ್ನು ಒದಗಿಸುವವನು, ಬಂಡವಾಳ ಹಾಕುವವನು",Film/Drama Producer,Yes,Darshan R K,2025-02-08 17:07:52
ನಿರ್ಮಾಪಕ,"ನಟ, ನಿರ್ಮಾಪಕ ರಾಘವೇಂದ್ರ ರಾಜ್‌ಕುಮಾರ್‌ ಅವರು ಮರಳಿ ಬಂದಳು ಸೀತೆ ಧಾರಾವಾಹಿಯ ಪತ್ರಿಕಾಗೋಷ್ಠಿ ಮುಗಿಸಿ ಕುಳಿತಿದ್ದರು.","ಚಲನಚಿತ್ರ, ನಾಟಕ ಮುಂ.ವುಗಳ ನಿರ್ಮಾಣಕ್ಕೆ ಹಣವನ್ನು ಒದಗಿಸುವವನು, ಬಂಡವಾಳ ಹಾಕುವವನು",Film/Drama Producer,Yes,Darshan R K,2025-02-08 17:07:52
ನಿರ್ಮಾಪಕ,ಚಿತ್ರ ನಿರ್ಮಾಪಕ ಆಶಿಸಿದ್ದರು ಚಿಗುರು ಎರಡನೇ ಭಾಗ ಮೊದಲ ಕೆಟ್ಟದಾಗಿದೆ ಎಂಬುದನ್ನು.,"ಚಲನಚಿತ್ರ, ನಾಟಕ ಮುಂ.ವುಗಳ ನಿರ್ಮಾಣಕ್ಕೆ ಹಣವನ್ನು ಒದಗಿಸುವವನು, ಬಂಡವಾಳ ಹಾಕುವವನು",Film/Drama Producer,Yes,Darshan R K,2025-02-08 17:07:52
ನಿರ್ಮಾಪಕ,ಆಗ ಬಾಬು ರಾಣಿ ಮಹಾರಾಣಿಯಲ್ಲಿ ನಿರ್ಮಾಪಕ ಜೈಜಗದೀಶ್ ಮ್ಯಾನೇಜರ್ ಅಗಿ ಪರಿಚಯವಿತ್ತು.,"ಚಲನಚಿತ್ರ, ನಾಟಕ ಮುಂ.ವುಗಳ ನಿರ್ಮಾಣಕ್ಕೆ ಹಣವನ್ನು ಒದಗಿಸುವವನು, ಬಂಡವಾಳ ಹಾಕುವವನು",Film/Drama Producer,Yes,Darshan R K,2025-02-08 17:07:52
ನಿರ್ಮಾಪಕ,": ಹಾಯ್ ಕೃಷ್ಣ ಚಿತ್ರದ ನಾಯಕ, ನಿರ್ಮಾಪಕ ನವೀನ್ ಕೊಲೆ ಪ್ರಕರಣಕ್ಕೆ ಸಂಬಂಧಿಸಿದಂತೆ ಇಬ್ಬರು ಆರೋಪಿಗಳನ್ನು ಬಂಧಿಸಲಾಗಿದೆ.","ಚಲನಚಿತ್ರ, ನಾಟಕ ಮುಂ.ವುಗಳ ನಿರ್ಮಾಣಕ್ಕೆ ಹಣವನ್ನು ಒದಗಿಸುವವನು, ಬಂಡವಾಳ ಹಾಕುವವನು",Film/Drama Producer,Yes,Darshan R K,2025-02-08 17:07:52
ನಿರ್ಮಾಪಕ,"ಮಳಲಿಗೌಡ, ಕೋಶಾಧ್ಯಕ್ಷ ಪುಂಡಲೀಕಹಾಲಂಬಿ, ಬಿಜೆಪಿ ಮುಖಂಡ ಬಾಲೇನಹಳ್ಳಿ ಶಿವಣ್ಣ, ಚಲನಚಿತ್ರ ನಿರ್ಮಾಪಕ ಮುರಳೀಧರ ಹಾಲಪ್ಪ, ಪುರಸಭಾಧ್ಯಕ್ಷ ಎಂ.","ಚಲನಚಿತ್ರ, ನಾಟಕ ಮುಂ.ವುಗಳ ನಿರ್ಮಾಣಕ್ಕೆ ಹಣವನ್ನು ಒದಗಿಸುವವನು, ಬಂಡವಾಳ ಹಾಕುವವನು",Film/Drama Producer,Yes,Darshan R K,2025-02-08 17:07:52
ನಿರ್ಮಾಪಕ,"ನಿರ್ಮಾಪಕ ರಾಜೇಶ್ ಭಟ್ ರಿಷಬ್ ಅವರ ಕಥೆಯನ್ನು ಇಷ್ಟಪಟ್ಟಿದ್ದು, ಸಿನಿಮಾ ನಿರ್ಮಾಣಕ್ಕೆ ಒಪ್ಪಿದ್ದಾರೆ ಅನ್ನಲಾಗ್ತಿದ್ದು, ಏಪ್ರಿಲ್ ಅಥವಾ ಮೇ ವೇಳೆಗೆ ಚಿತ್ರಕ್ಕೆ ಚಾಲನೆ ಸಿಗಲಿದೆ.","ಚಲನಚಿತ್ರ, ನಾಟಕ ಮುಂ.ವುಗಳ ನಿರ್ಮಾಣಕ್ಕೆ ಹಣವನ್ನು ಒದಗಿಸುವವನು, ಬಂಡವಾಳ ಹಾಕುವವನು",Film/Drama Producer,Yes,Darshan R K,2025-02-08 17:07:52
ನಿರ್ಮಾಪಕ,"ಟ್ರೇಲರ್‌ ಲಾಂಚ್‌ ಮತ್ತು ರಿಲೀಸ್‌ ಸುದ್ದಿಗೋಷ್ಠಿಗೆ ಪುನೀತ್‌ ರಾಜ್‌ಕುಮಾರ್‌, ಯಶ್‌ ಹಾಗೂ ಕೆಜಿಎಫ್‌ ಚಿತ್ರದ ನಿರ್ಮಾಪಕ ವಿಜಯ್‌ ಕಿರಗಂದೂರು ಅತಿಥಿಗಳಾಗಿ ಆಗಮಿಸಿದ್ದರು.","ಚಲನಚಿತ್ರ, ನಾಟಕ ಮುಂ.ವುಗಳ ನಿರ್ಮಾಣಕ್ಕೆ ಹಣವನ್ನು ಒದಗಿಸುವವನು, ಬಂಡವಾಳ ಹಾಕುವವನು",Film/Drama Producer,Yes,Darshan R K,2025-02-08 17:07:52
ನಿರ್ಮಾಪಕ,"ಸೀರಿಯಲ್ ಸ್ಟಾರ್ ನಿರ್ಮಾಪಕ ಚಿಟ್ಟೇಸ್ವಾಮಿಗೆ ಕನ್ನಡದಲ್ಲಿ ಮಹಾಭಾರತ ಸೀರಿಯಲ್ ಮಾಡಬೇಕು, ಅತ್ಯಂತ ಡಿಫೆರೆಂಟಾಗಿ ಮಾಡಬೇಕು ಅನ್ನೋ ಆಸೆ ಒದ್ಗೊಂಡ್ ಬಂದಿತ್ತು .","ಚಲನಚಿತ್ರ, ನಾಟಕ ಮುಂ.ವುಗಳ ನಿರ್ಮಾಣಕ್ಕೆ ಹಣವನ್ನು ಒದಗಿಸುವವನು, ಬಂಡವಾಳ ಹಾಕುವವನು",Film/Drama Producer,Yes,Darshan R K,2025-02-08 17:07:52
ನಿರ್ಮಾಪಕ,ಐಟಿ ದಾಳಿ ಬಳಿಕ ಕೆಜಿಎಫ್ ನಿರ್ಮಾಪಕ ವಿಜಯ್ ಕಿರಗಂದೂರು ಮೊದಲ ಪ್ರತಿಕ್ರಿಯೆ,"ಚಲನಚಿತ್ರ, ನಾಟಕ ಮುಂ.ವುಗಳ ನಿರ್ಮಾಣಕ್ಕೆ ಹಣವನ್ನು ಒದಗಿಸುವವನು, ಬಂಡವಾಳ ಹಾಕುವವನು",Film/Drama Producer,Yes,Darshan R K,2025-02-08 17:07:52
ನಿರ್ಮಾಪಕ,ರಾಷ್ಟ್ರೀಯ ಚಲನಚಿತ್ರ ಪ್ರಶಸ್ತಿ ವಿಜೇತ ಚಿತ್ರ ನಿರ್ಮಾಪಕ ಆನಂದ್ ಗಾಂಧಿ ಸಾಕ್ಷ್ಯಚಿತ್ರ ನಿರ್ಮಾಣ ಮಾಡಿದ್ದಾರೆ.,"ಚಲನಚಿತ್ರ, ನಾಟಕ ಮುಂ.ವುಗಳ ನಿರ್ಮಾಣಕ್ಕೆ ಹಣವನ್ನು ಒದಗಿಸುವವನು, ಬಂಡವಾಳ ಹಾಕುವವನು",Film/Drama Producer,Yes,Darshan R K,2025-02-08 17:07:52
ನಿರ್ಮಾಪಕ,ಮಾಸ್ತಿಗುಡಿ ಚಿತ್ರದ ನಿರ್ಮಾಪಕ ಸುಂದರ್ ಗೌಡ ಹಾಗೂ ಮಾಯಕೊಂಡ ಕ್ಷೇತ್ರದ ಕಾಂಗ್ರೆಸ್ ಶಾಸಕ ಶಿವಮೂರ್ತಿ ನಾಯ್ಕ್ ಅವರ ಪುತ್ರಿ ಲಕ್ಷ್ಮೀ ನಾಯ್ಕ್ ಗುರುವಾರದಂದು ಮೈಸೂರಿನ ದೇವಾಲಯವೊಂದರಲ್ಲಿ ವೈವಾಹಿಕ ಬದುಕಿಗೆ Read more…,"ಚಲನಚಿತ್ರ, ನಾಟಕ ಮುಂ.ವುಗಳ ನಿರ್ಮಾಣಕ್ಕೆ ಹಣವನ್ನು ಒದಗಿಸುವವನು, ಬಂಡವಾಳ ಹಾಕುವವನು",Film/Drama Producer,Yes,Darshan R K,2025-02-08 17:07:52
ನಿರ್ಮಾಪಕ,"ಚೆನ್ನೈ: ರಜನೀಕಾಂತ್‌ರ ಮುಂದಿನ ಚಿತ್ರ ಮುಂಬೈ ಭೂಗತ ಲೋಕದ ಮಾಜಿ ಡಾನ್‌ ದಿ| ಹಾಜಿ ಮಸ್ತಾನ್‌ ಜೀವನ ಆಧರಿಸಿಲ್ಲ ಎಂದು ರಜನಿ ಅಳಿಯ, ಚಿತ್ರದ ನಿರ್ಮಾಪಕ ಧನುಷ್‌ ಸ್ಪಷ್ಟಪಡಿಸಿದ್ದಾರೆ.","ಚಲನಚಿತ್ರ, ನಾಟಕ ಮುಂ.ವುಗಳ ನಿರ್ಮಾಣಕ್ಕೆ ಹಣವನ್ನು ಒದಗಿಸುವವನು, ಬಂಡವಾಳ ಹಾಕುವವನು",Film/Drama Producer,Yes,Darshan R K,2025-02-08 17:07:52
ನಿರ್ಮಾಪಕ,"ನಿರ್ದೇಶಕ ಮುರಳಿ ಮಾತನಾಡಿ, ನಿರ್ಮಾಪಕ ಸುಧಾಕರ್ ನನ್ನ ಹಳೇ ಗೆಳೆಯರಾಗಿದ್ದರಿಂದ ಚಿತ್ರವು ತುಂಬಾ ಚೆನ್ನಾಗಿ ಮೂಡಿದೆ.","ಚಲನಚಿತ್ರ, ನಾಟಕ ಮುಂ.ವುಗಳ ನಿರ್ಮಾಣಕ್ಕೆ ಹಣವನ್ನು ಒದಗಿಸುವವನು, ಬಂಡವಾಳ ಹಾಕುವವನು",Film/Drama Producer,Yes,Darshan R K,2025-02-08 17:07:52
ನಿರ್ಮಾಪಕ,"ಇನ್ನು, ನಿರ್ಮಾಪಕ ವೆಂಕಟ್‌ ಚಿತ್ರದಲ್ಲಿ ಎಸಿಪಿ ಪಾತ್ರ ನಿರ್ವಹಿಸಿದ್ದಾರೆ.","ಚಲನಚಿತ್ರ, ನಾಟಕ ಮುಂ.ವುಗಳ ನಿರ್ಮಾಣಕ್ಕೆ ಹಣವನ್ನು ಒದಗಿಸುವವನು, ಬಂಡವಾಳ ಹಾಕುವವನು",Film/Drama Producer,Yes,Darshan R K,2025-02-08 17:07:52
ನಿರ್ಮಾಪಕ,"04: ಕನ್ನಡ ಹಾಗೂ ತುಳು ಸಿನಿಮಾದ ಖ್ಯಾತ ನಾಯಕ ನಟ ದುಬೈಯ ಖ್ಯಾತ ಉದ್ಯಮಿ, ಚಲನ ಚಿತ್ರ ನಿರ್ಮಾಪಕ ಶ್ರೀ ಹರೀಶ್ ಶೇರಿಗಾರ್ ಹಾಗೂ ಶ್ರೀಮತಿ ಶರ್ಮಿಳಾ ಶೇರಿಗಾರ್ ನಿರ್ಮಾಣದ ಸೂರಾಜ್ ಶೆಟ್ಟಿ ನಿರ್ದೇಶನದ ಇಂಗ್ಲೀಷ್ ತುಳು ಚಿತ್ರದ ನಾಯಕ ನಟ ಚಿ| ನಾಗರಾಜ್ (ಪೃಥ್ವಿ ಅಂಬಾರ್) ಇವರ ವಿವಾಹವು ಚಿ| ಸೌ| ಪಾರುಲ್ ಶುಕ್ಲಾ (ಬೆಂಗಳೂರು ಶ್ರೀ ಅಜಯ್ ಶುಕ್ಲಾ ಮತ್ತು ಶ್ರೀಮತಿ ಇಂದಿರಾ ಶುಕ್ಲಾ ದಂಪತಿಗಳ ಪುತ್ರಿ) ಇವರ ಜೊತೆ ನವೆಂಬರ್ 3, ರವಿವಾರ ಮಂಜೇಶ್ವರ ಸಮೀಪದ ಉಪ್ಪಳ ಐಲ ಶ್ರೀ ದುರ್ಗಾಪರಮೇಶ್ವರೀ ಕಲಾ ಭವನದಲ್ಲಿ ನೆರವೇರಿತು.","ಚಲನಚಿತ್ರ, ನಾಟಕ ಮುಂ.ವುಗಳ ನಿರ್ಮಾಣಕ್ಕೆ ಹಣವನ್ನು ಒದಗಿಸುವವನು, ಬಂಡವಾಳ ಹಾಕುವವನು",Film/Drama Producer,Yes,Darshan R K,2025-02-08 17:07:52
ನಿರ್ಮಾಪಕ,ನಾಯಕ ದರ್ಶನ್ ಅವರು ಅಂದು ನಿರ್ಮಾಪಕ ಎಂ ಜಿ ರಾಮಮೂರ್ತಿ ಅವರು ಬಳಸುತ್ತಾ ಇದ್ದ ಮಾರುತಿ 800 ಕಾರನ್ನು ಅವರಿಂದ ಪಡೆದದ್ದು ವಿಶೇಷವಾಗಿತ್ತು.,"ಚಲನಚಿತ್ರ, ನಾಟಕ ಮುಂ.ವುಗಳ ನಿರ್ಮಾಣಕ್ಕೆ ಹಣವನ್ನು ಒದಗಿಸುವವನು, ಬಂಡವಾಳ ಹಾಕುವವನು",Film/Drama Producer,Yes,Darshan R K,2025-02-08 17:07:52
ನಿರ್ಮಾಪಕ,ಜನರ ನಿರೀಕ್ಷೆಗೆ ನಿರ್ದೇಶಕ ಅರ್ಜುನ್ ಹಾಗೂ ನಿರ್ಮಾಪಕ ಶಂಕರ್ ಸ್ಪಂದಿಸುವ ಭರವಸೆ ಎಲ್ಲರದು.,"ಚಲನಚಿತ್ರ, ನಾಟಕ ಮುಂ.ವುಗಳ ನಿರ್ಮಾಣಕ್ಕೆ ಹಣವನ್ನು ಒದಗಿಸುವವನು, ಬಂಡವಾಳ ಹಾಕುವವನು",Film/Drama Producer,Yes,Darshan R K,2025-02-08 17:07:52
ನಿರ್ಮಾಪಕ,ಮಾಸ್ತಿಗುಡಿ ಚಿತ್ರಕ್ಕಾಗಿ ತಿಪ್ಪಗೊಂಡನಹಳ್ಳಿ ಜಲಾಶಯದಲ್ಲಿ ಹೆಲಿಕಾಪ್ಟರ್‍ನಿಂದ ಜಿಗಿಯುವ ದೃಶ್ಯ ಚಿತ್ರೀಕರಿಸುವಾಗ ಆಕಸ್ಮಿಕವಾಗಿ ನೀರು ಪಾಲಾದ ನಟರಾದ ಅನಿಲ್ ಮತ್ತು ಉದಯ್ ಪ್ರಕರಣಕ್ಕೆ ಸಂಬಂಧಿಸಿದಂತೆ ಈಗಾಗಲೇ ನಿರ್ಮಾಪಕ ಸುಂದರ್ ಪಿ.,"ಚಲನಚಿತ್ರ, ನಾಟಕ ಮುಂ.ವುಗಳ ನಿರ್ಮಾಣಕ್ಕೆ ಹಣವನ್ನು ಒದಗಿಸುವವನು, ಬಂಡವಾಳ ಹಾಕುವವನು",Film/Drama Producer,Yes,Darshan R K,2025-02-08 17:07:52
ನಿರ್ಮಾಪಕ,"ಹಾಲಿವುಡ್‌ ನಂತರ ಸೋಲಿನ ಸಂಕಷ್ಟಕ್ಕೆ ಸಿಲುಕಿದ್ದ ನಿರ್ಮಾಪಕ ರಾಮುಗೆ ಮಲ್ಲ, ದುರ್ಗಿ, ಕಲಾಸಿಪಾಳ್ಯ ಯಶಸ್ಸಿನ ರುಚಿ ತೋರಿಸಿದ್ದವು.","ಚಲನಚಿತ್ರ, ನಾಟಕ ಮುಂ.ವುಗಳ ನಿರ್ಮಾಣಕ್ಕೆ ಹಣವನ್ನು ಒದಗಿಸುವವನು, ಬಂಡವಾಳ ಹಾಕುವವನು",Film/Drama Producer,Yes,Darshan R K,2025-02-08 17:07:52
ನಿರ್ಮಾಪಕ,ಖ್ಯಾತ ಚಲನ ಚಿತ್ರ ನಟ ಹಾಗೂ ನಿರ್ಮಾಪಕ ರಾಜ ಶೇಖರ ಕೋಟ್ಯಾನ್ ಈ ಅದ್ದೂರಿ ಕಾರ್ಯಕ್ರಮವನ್ನು ಉದ್ಘಾಟಿಸಲಿದ್ದಾರೆ.,"ಚಲನಚಿತ್ರ, ನಾಟಕ ಮುಂ.ವುಗಳ ನಿರ್ಮಾಣಕ್ಕೆ ಹಣವನ್ನು ಒದಗಿಸುವವನು, ಬಂಡವಾಳ ಹಾಕುವವನು",Film/Drama Producer,Yes,Darshan R K,2025-02-08 17:07:52
ನಿರ್ಮಾಪಕ,ಕೊನೆಗೂ ಆಕೆ ಒಪ್ಪಿಕೊಂಡಿರೋದು ಖುಷಿ ತಂದಿದೆ ಅಂತಾ ನಿರ್ಮಾಪಕ ಕಾರ್ತಿಕ್ ಗೌಡ ತಿಳಿಸಿದ್ದಾರೆ.,"ಚಲನಚಿತ್ರ, ನಾಟಕ ಮುಂ.ವುಗಳ ನಿರ್ಮಾಣಕ್ಕೆ ಹಣವನ್ನು ಒದಗಿಸುವವನು, ಬಂಡವಾಳ ಹಾಕುವವನು",Film/Drama Producer,Yes,Darshan R K,2025-02-08 17:07:52
ನಿರ್ಮಾಪಕ,ಮಳೆಯ ಕಾರಣಕ್ಕೋ ಅಥವಾ ಇನ್ಯಾವುದೋ ಕಾರಣಕ್ಕೋ ಸದ್ರಿ ನಿರ್ಮಾಪಕ ಅಂದುಕೊಂಡಂತೆ ಅವನ ಸಿನಿಮಾ ಫ್ಲಾಪ್ ಆಗುತ್ತದೆ.,"ಚಲನಚಿತ್ರ, ನಾಟಕ ಮುಂ.ವುಗಳ ನಿರ್ಮಾಣಕ್ಕೆ ಹಣವನ್ನು ಒದಗಿಸುವವನು, ಬಂಡವಾಳ ಹಾಕುವವನು",Film/Drama Producer,Yes,Darshan R K,2025-02-08 17:07:52
ನಿರ್ಮಾಪಕ,ನಿರ್ಮಾಪಕ ಸ್ಟೀಫನ್ ಡೌಗ್ಲಾಸ್ ಅವರೊಂದಿಗೆ ಸಾಂದರ್ಭಿಕ ಪರಿಚಯದಿಂದಾಗಿ ವೃತ್ತಿಜೀವನದಲ್ಲಿ ಬ್ರಿಯಾನ್ ಪ್ರಾರಂಭವಾಯಿತು.,"ಚಲನಚಿತ್ರ, ನಾಟಕ ಮುಂ.ವುಗಳ ನಿರ್ಮಾಣಕ್ಕೆ ಹಣವನ್ನು ಒದಗಿಸುವವನು, ಬಂಡವಾಳ ಹಾಕುವವನು",Film/Drama Producer,Yes,Darshan R K,2025-02-08 17:07:52
ನಿರ್ಮಾಪಕ,ಆದರೆ ಇಲ್ಲಿನವರು ಕಥೆಯಿಲ್ಲ ಎಂದು ಬೊಬ್ಬೆ ಹೊಡೆಯುತ್ತಿದ್ದಾರೆ ಎಂಬ ಬೇಸರ ನಿರ್ಮಾಪಕ ಬಸಂತ್‌ ಕುಮಾರ್‌ ಪಾಟೀಲ್ ಅವರಲ್ಲಿತ್ತು.,"ಚಲನಚಿತ್ರ, ನಾಟಕ ಮುಂ.ವುಗಳ ನಿರ್ಮಾಣಕ್ಕೆ ಹಣವನ್ನು ಒದಗಿಸುವವನು, ಬಂಡವಾಳ ಹಾಕುವವನು",Film/Drama Producer,Yes,Darshan R K,2025-02-08 17:07:54
ನಿರ್ಮಾಪಕ,ಇನ್ನು ಆ್ಯಕ್ಷನ್‌ ದೃಶ್ಯಗಳನ್ನಂತೂ ಜನ ಎಂಜಾಯ್‌ ಮಾಡಿಕೊಂಡು ನೋಡುತ್ತಿದ್ದಾರೆ ಎನ್ನುತ್ತಾರೆ ನಿರ್ಮಾಪಕ ಜಯಣ್ಣ.,"ಚಲನಚಿತ್ರ, ನಾಟಕ ಮುಂ.ವುಗಳ ನಿರ್ಮಾಣಕ್ಕೆ ಹಣವನ್ನು ಒದಗಿಸುವವನು, ಬಂಡವಾಳ ಹಾಕುವವನು",Film/Drama Producer,Yes,Darshan R K,2025-02-08 17:07:54
ನಿರ್ಮಾಪಕ,"ಸಂಗೀತ ಉದ್ಯಮವನ್ನು ತಿಳಿದಿರುವ ಯಾರಾದರೂ ಇದ್ದರೆ, ಇದು ಪ್ರಸಿದ್ಧ ನಿರ್ಮಾಪಕ ಕ್ವಿನ್ಸಿ ಜೋನ್ಸ್.","ಚಲನಚಿತ್ರ, ನಾಟಕ ಮುಂ.ವುಗಳ ನಿರ್ಮಾಣಕ್ಕೆ ಹಣವನ್ನು ಒದಗಿಸುವವನು, ಬಂಡವಾಳ ಹಾಕುವವನು",Film/Drama Producer,Yes,Darshan R K,2025-02-08 17:07:54
ನಿರ್ಮಾಪಕ,ಇದರಿಂದ ಎಚ್ಚೆತ್ತುಕೊಂಡ ನಿರ್ಮಾಪಕ ಮಾರುತಿ ಜಡೆಯರ್ ಹಾಗೂ ವಿತರಕ ಮಹೇಶ್ ಕೊಠಾರಿ ಸುಮಾರು 22 ನಿಮಿಷಗಳಷ್ಟು ಸಿನಿಮಾವನ್ನು ಎಡಿಟ್ ಮಾಡಿದ್ದರು.,"ಚಲನಚಿತ್ರ, ನಾಟಕ ಮುಂ.ವುಗಳ ನಿರ್ಮಾಣಕ್ಕೆ ಹಣವನ್ನು ಒದಗಿಸುವವನು, ಬಂಡವಾಳ ಹಾಕುವವನು",Film/Drama Producer,Yes,Darshan R K,2025-02-08 17:07:54
ನಿರ್ಮಾಪಕ,ಯಶ್‌ ಸ್ಥಾಪಿಸಿದ ಯಶೋಮಾರ್ಗ ಫೌಂಡೇಷನ್‌ ಗೆ ನಿರ್ಮಾಪಕ ಚೇತನ್‌ ಅವರು ಹತ್ತು ಲಕ್ಷ ರೂ.,"ಚಲನಚಿತ್ರ, ನಾಟಕ ಮುಂ.ವುಗಳ ನಿರ್ಮಾಣಕ್ಕೆ ಹಣವನ್ನು ಒದಗಿಸುವವನು, ಬಂಡವಾಳ ಹಾಕುವವನು",Film/Drama Producer,Yes,Darshan R K,2025-02-08 17:07:54
ನಿರ್ಮಾಪಕ,ಚಂದ್ರಶೇಖರ್ ನಿರ್ಮಾಪಕ ಅಗ್ನಿ ಶ್ರೀಧರ್‌ಗೆ ಫೋನಾಯಿಸಿದ್ದಾರೆ.,"ಚಲನಚಿತ್ರ, ನಾಟಕ ಮುಂ.ವುಗಳ ನಿರ್ಮಾಣಕ್ಕೆ ಹಣವನ್ನು ಒದಗಿಸುವವನು, ಬಂಡವಾಳ ಹಾಕುವವನು",Film/Drama Producer,Yes,Darshan R K,2025-02-08 17:07:54
ನಿರ್ಮಾಪಕ,ಚೀಲಗಳು ಮಾದರಿಗಳು ಮ್ಯಾಟ್ರಿಕ್ಸ್ ನಿರ್ಮಾಪಕ ಗುರುತಿಸಬಹುದು.,ಸೃಷ್ಟಿ ಮಾಡುವವನು,Creator,Yes,Darshan R K,2025-02-08 17:15:47
ನಿರ್ಮಾಪಕ,ಬೆಲೆ ಖರೀದಿ ಮತ್ತು ನಿರ್ಮಾಪಕ ಸ್ಥಳದ ಮೇಲೆ ಅವಲಂಬಿಸಿ ಬದಲಾಗುತ್ತದೆ.,ಸೃಷ್ಟಿ ಮಾಡುವವನು,Creator,Yes,Darshan R K,2025-02-08 17:15:47
ನಿರ್ಮಾಪಕ,ರಹಸ್ಯ ಸಾಮಾನ್ಯವಾಗಿ ನಿರ್ಮಾಪಕ ದೇಶೀಯ ವಸ್ತುಗಳನ್ನು ಬಳಸುತ್ತದೆ ಎಂದು ವಾಸ್ತವವಾಗಿ ಇರುತ್ತದೆ.,ಸೃಷ್ಟಿ ಮಾಡುವವನು,Creator,Yes,Darshan R K,2025-02-08 17:15:47
ನಿರ್ಮಾಪಕ,"ಕೆಲವು ಸಮಯದ ನಂತರ, ನಿರ್ಮಾಪಕ ಉತ್ತಮ ಭಾವಿಸಿದರು ಮತ್ತು ಅವರು ಮನೆಗೆ ಕಳುಹಿಸಲಾಯಿತು.",ಸೃಷ್ಟಿ ಮಾಡುವವನು,Creator,Yes,Darshan R K,2025-02-08 17:15:47
ನಿರ್ಮಾಪಕ,ಈ ನಿರ್ಮಾಪಕ ಮಾರುಕಟ್ಟೆಯಲ್ಲಿ ಒಂದು ಬಹಳ ಸಮಯ ಮತ್ತು ಉತ್ಪನ್ನದ ಶ್ರೇಣಿಯನ್ನು ಶುದ್ಧೀಕರಣ ಅಂಶಗಳು ಒಳಗೊಂಡಿದೆ.,ಸೃಷ್ಟಿ ಮಾಡುವವನು,Creator,Yes,Darshan R K,2025-02-08 17:15:47
ನಿರ್ಮಾಪಕ,ಓವರ್ಲಾಕಿಂಗ್ ಗ್ರಾಫಿಕ್ಸ್ ಕೋರ್ನ ನಿರ್ಮಾಪಕ ಮಾಲೀಕರು ಈ ಅವಕಾಶವನ್ನು ನೀಡುವ ಮೂಲಕ ಮಾಡಲಿಲ್ಲ.,ಸೃಷ್ಟಿ ಮಾಡುವವನು,Creator,Yes,Darshan R K,2025-02-08 17:15:47
ನಿರ್ಮಾಪಕ,ಮತ್ತು 2011 ರಲ್ಲಿ ನೆಲೆಗೊಂಡ ಮೊಕದ್ದಮೆಯಲ್ಲಿ ಒಂದು ತೆಂಗಿನ ನೀರಿನ ನಿರ್ಮಾಪಕ ತಮ್ಮ ಉತ್ಪನ್ನದ ಆರೋಗ್ಯದ ಬಗ್ಗೆ ಉಬ್ಬಿಕೊಳ್ಳುವ ಹಕ್ಕುಗಳನ್ನು ನಿಲ್ಲಿಸುವ ಅಗತ್ಯವಿದೆ.,ಸೃಷ್ಟಿ ಮಾಡುವವನು,Creator,Yes,Darshan R K,2025-02-08 17:15:48
ನಿರ್ಮಾಪಕ,"ಶೀತ-ವಿರೂಪಗೊಂಡ ಬಲವರ್ಧನೆಯ ಆಯ್ಕೆ, ಗುಣಮಟ್ಟ ಅನೇಕ ಪ್ರಭಾವಿತವಾಗಿರುತ್ತದೆ ಏಕೆಂದರೆ, ನಿರ್ಮಾಪಕ ಗಮನ ಕೊಡುತ್ತೇನೆ ಮರೆಯಬೇಡಿ.",ಸೃಷ್ಟಿ ಮಾಡುವವನು,Creator,Yes,Darshan R K,2025-02-08 17:15:48
ನಿರ್ಮಾಪಕ,ಕೆಎಫ್ ಸಿಸಿ ಕದ ತಟ್ಟಿದ ರಂಗಿತರಂಗದ ನಿರ್ಮಾಪಕ,ಸೃಷ್ಟಿ ಮಾಡುವವನು,Creator,Yes,Darshan R K,2025-02-08 17:15:48
ನಿರ್ಮಾಪಕ,ಈ ವಿಮಾನದ ನಿರ್ಮಾಪಕ ಮೈಕ್ರೋಸಾಫ್ಟ್‌ ಸಂಸ್ಥೆಯ ಸಹ ಸಂಸ್ಥಾಪಕ ಪೌಲ್‌ ಅಲೇನ್‌.,ಸೃಷ್ಟಿ ಮಾಡುವವನು,Creator,Yes,Darshan R K,2025-02-08 17:15:48
ನಿರ್ಮಾಪಕ,ವಿಷನ್ ಎನ್ವಿಡಿಯಾ ನಿರ್ಮಾಪಕ,ಸೃಷ್ಟಿ ಮಾಡುವವನು,Creator,Yes,Darshan R K,2025-02-08 17:15:48
ನಿರ್ಮಾಪಕ,"ಆದ್ದರಿಂದ, ಏನು ಒಳ್ಳೆಯದು ಬ್ರೇಕ್ ಪ್ಯಾಡ್, ವಿವಿಧ ಮಾನದಂಡಗಳನ್ನು ಮೂಲಕ ಕಂಡುಹಿಡಿಯಬಹುದು, ನಿರ್ದಿಷ್ಟವಾಗಿ ನಿರ್ಮಾಪಕ ತರಗತಿಯಲ್ಲಿ, ಇತರ ವಾಹನ ಸವಾರರ ಅಭಿಪ್ರಾಯ, ಸ್ವತಂತ್ರ ಪ್ರಯೋಗಗಳ ಫಲಿತಾಂಶಗಳು.",ಸೃಷ್ಟಿ ಮಾಡುವವನು,Creator,Yes,Darshan R K,2025-02-08 17:15:48
ನೆರೆ,"ಜಾಮೀಯಾ ಮಸೀದಿ ಮುತ್ತುವಲ್ಲಿ ಇದಾಯತ್‌ವುಲ್ಲಾ ಷರೀಫ್‌ ಮಾತನಾಡಿ, ಪವಿತ್ರ ಬಕ್ರೀದ್‌ ಹಬ್ಬದ ದಿನ ನಾವೆಲ್ಲರೂ ಪಟ್ಟಣದಲ್ಲಿ ನೆರೆ ಸಂತ್ರಸ್ತರಿಗಾಗಿ ಸ್ವಾಮೀಜಿಗಳ ಜತೆಗೂಡಿ ಬಿಕ್ಷಾಟನೆ ಮಾಡುತ್ತಿದ್ದೇವೆ.",ತುಂಬು ಪ್ರವಾಹ,Flooding,Yes,Darshan R K,2025-02-08 14:34:40
ನೆರೆ,ನೆರೆ ಸಂತ್ರಸ್ತರು ಎಷ್ಟು ನೋವಿನಿಂದ ಅಳುತ್ತಿದ್ದಾರೆ.,ತುಂಬು ಪ್ರವಾಹ,Flooding,Yes,Darshan R K,2025-02-08 14:34:40
ನೆರೆ,ಆದ್ದರಿಂದ ಸರಕಾರ ಹಾಗೂ ಜಿಲ್ಲಾಡಳಿತದ ವತಿಯಿಂದ ನೆರೆ ಹಾವಳಿಗೆ ಸಿಲುಕಿರುವ ಜನರಿಗೆ ನ್ಯಾಯ ಸಮ್ಮತವಾಗಿ ತಾತ್ಕಾಲಿಕ ಪರಿಹಾರವನ್ನು ನೀಡದೆ.,ತುಂಬು ಪ್ರವಾಹ,Flooding,Yes,Darshan R K,2025-02-08 14:34:40
ನೆರೆ,ಅಲ್ಲಿ ಅಮಿತ್ ಶಾ ಪ್ರಭಾವ ಬಳಸಿ ಅನರ್ಹರ ಹಿತಾಸಕ್ತಿ ಕಾಪಾಡೋದು ಬಿಎಸ್‍ವೈ ಉದ್ದೇಶವೇ ವಿನಃ ನೆರೆ ಸಂತ್ರಸ್ಥರ ರಕ್ಷಣೆಯಲ್ಲ ಎಂದು ಎಚ್‍ಡಿಕೆ ಆರೋಪಿಸಿದ್ದಾರೆ.,ತುಂಬು ಪ್ರವಾಹ,Flooding,Yes,Darshan R K,2025-02-08 14:34:40
ನೆರೆ,ಅಂಕಲಿ ಗ್ರಾಮದ ಪರಿಹಾರಕೇಂದ್ರಕ್ಕೆ ತೆರಳಿ ನೆರೆ ಸಂತ್ರಸ್ತರ ಕುಂದುಕೊರತೆಗಳನ್ನು ಆಲಿಸಿದರು.,ತುಂಬು ಪ್ರವಾಹ,Flooding,Yes,Darshan R K,2025-02-08 14:34:40
ನೆರೆ,"ಇನ್ಫೋಸಿಸ್ ಉತ್ತರ ಕರ್ನಾಟಕ ನೆರೆ ಪರಿಹಾರ ಯೋಜನೆಯ ಮುಖ್ಯಸ್ಥ ವಾಸುದೇವ ದೇಶಪಾಂಡೆ ಮಾತನಾಡಿ, ವ್ಯಸನಮುಕ್ತ ಗ್ರಾಮವೆಂಬ ಹೆಗ್ಗಳಿಕೆಗೆ ಪಾತ್ರವಾಗಿರುವ ಬೀರನಗಡ್ಡಿಯಲ್ಲಿ 100 ಶೌಚಾಲಯಗಳನ್ನು ನಿರ್ಮಿಸಲು ಇನ್ಫೋಸಿಸ್ ಮುಂದಾಗಿದೆ.",ತುಂಬು ಪ್ರವಾಹ,Flooding,Yes,Darshan R K,2025-02-08 14:34:40
ನೆರೆ,ನೆರೆ ನಿರ್ವಹಣೆಗೆ ಮುಂದಾಗಿರುವ ಸರ್ಕಾರವು ಸಂಕಷ್ಟ ಸ್ಥಿತಿಯಲ್ಲಿದೆ.,ತುಂಬು ಪ್ರವಾಹ,Flooding,Yes,Darshan R K,2025-02-08 14:34:40
ನೆರೆ,ನೆರೆ ಪರಿಹಾರದಲ್ಲಿ ಮಂಜೂರಾದ ಸುಮಾರು 1.,ತುಂಬು ಪ್ರವಾಹ,Flooding,Yes,Darshan R K,2025-02-08 14:34:40
ನೆರೆ,ಬೆಳಗಾವಿ ಜಿಲ್ಲೆ ಅರಭಾವಿ ಶಾಸಕ ಬಾಲಚಂದ್ರ ಜಾರಕಿಹೊಳಿ ಇಂದು ಕ್ಷೇತ್ರದ ವಿವಿಧ ಹಳ್ಳಿಗಳಗೆ ಭೇಟಿ ನೀಡಿ ನೆರೆ ಸಂತ್ರಸ್ತರ ಸಮಸ್ಯೆ ಆಲಿಸಿದರು.,ತುಂಬು ಪ್ರವಾಹ,Flooding,Yes,Darshan R K,2025-02-08 14:34:40
ನೆರೆ,ನೆರೆ ಪರಿಹಾರ ವಿಳಂಬ ನೀತಿ ಕುರಿತಂತೆ ಸ್ವಪಕ್ಷದ ವಿರುದ್ಧವೇ ಟೀಕೆ ಮಾಡಿದ್ದ ಹಿನ್ನಲೆಯಲ್ಲಿ ಯತ್ನಾಳ್ ಅವರಿಗೆ ಬಿಜೆಪಿ ಶೋಕಾಸ್ ನೋಟಿಸ್ ಜಾರಿ ಮಾಡಿದೆ ಎಂದು ಹೇಳಲಾಗುತ್ತಿತ್ತು.,ತುಂಬು ಪ್ರವಾಹ,Flooding,Yes,Darshan R K,2025-02-08 14:34:40
ನೆರೆ,"ಪ್ರತಿಪಕ್ಷಗಳ ಆರೋಪಗಳಿಗೆ ತಕ್ಕ ಪ್ರತ್ಯುತ್ತರ ನೀಡುವುದು, ಕೇಂದ್ರ ಸರ್ಕಾರದ ನಡೆ ಸಮರ್ಥಿಸಿಕೊಳ್ಳುವುದು, ನೆರೆ ಪರಿಹಾರ ಕಾರ್ಯದಲ್ಲಿ ರಾಜ್ಯ ಸರ್ಕಾರ ವಿಫ‌ಲವಾಗಿಲ್ಲ ಎಂದು ಬಲವಾಗಿ ಪ್ರತಿಪಾದಿಸುವ ಬಗ್ಗೆ ಚರ್ಚೆ ನಡೆಯುವ ಸಾಧ್ಯತೆ ಇದೆ.",ತುಂಬು ಪ್ರವಾಹ,Flooding,Yes,Darshan R K,2025-02-08 14:34:40
ನೆರೆ,ಕೇಂದ್ರ ವಿಶೇಷ ಪ್ಯಾಕೇಜ್ ಘೋಷಿಸಲು ರಾಜ್ಯದಲ್ಲಿ ಉಂಟಾಗಿರುವ ನೆರೆ ಹಾವಳಿ ಪರಿಸ್ಥಿತಿ ಹಿನ್ನಲೆಯಲ್ಲಿ ಶಾಸಕನಾಗಿ ನನ್ನ ಒಂದು ತಿಂಗಳ ಸಂಬಳ ಹಾಗೂ ಸಿದ್ದಾರ್ಥ ಶಿಕ್ಷಣ 10 ಲಕ್ಷ ರುಪಾಯಿಗಳನ್ನು ಮುಖ್ಯಮಂತ್ರಿಗಳ ಪರಿಹಾರ ನಿಧಿಗೆ ನೀಡಲಾಗುವುದು ಎಂದು ಮಾಜಿ ಉಪಮುಖ್ಯಮಂತ್ರಿಡಾ.,ತುಂಬು ಪ್ರವಾಹ,Flooding,Yes,Darshan R K,2025-02-08 14:34:40
ನೆರೆ,"ಗಣೇಶ ಶೇಟ್, ಮಗನಾದ ಸಂತೋಷ ಶೇಟ್, ತಮ್ಮನಾದ ಸತೀಶ ಕುರಡೇಕರ್ ಇವರು ತಾವೇ ಖುದ್ದಾಗಿ ನೆರೆ ಹಾಳಿ ಹಳ್ಳಿಗಳಾದ ಹಲಸೂರ, ನಾಗನೂರ, ವರದಾಹಳ್ಳಿ, ಕಡೊಳ್ಳಿ, ಸವೂರ, ಮೇಲ್ಮುರಿ, ವದರ್ಿ ಮಲ್ಲಾಪೂರ, ಮೂಗೂರ, ಮುಂತಾದ ಹಳ್ಳಿಗಳಿಗೆ ಪ್ರವಾಸ ಮಾಡಿ ನೆರೆ ಸಂತ್ರಸ್ಥರಿಗೆ ಬಟ್ಟೆ, ಬೆಡ್ಶೀಟ್ ಊಟ, ಬಿಸ್ಕೇಟ್, ಹಾಲು ದಿನಬಳಕೆ ಸಾಮಗ್ರಿಗಳನ್ನು ನೀಡಿ ತಮ್ಮ ಮಾನವೀಯತೆಯನ್ನು ಮೆರೆದಿದ್ದಾರೆ.",ತುಂಬು ಪ್ರವಾಹ,Flooding,Yes,Darshan R K,2025-02-08 14:34:40
ನೆರೆ,ಬೆಂಗಳೂರು: ರಾಜ್ಯಕ್ಕೆ ನೆರೆ ಪರಿಹಾರ ನೀಡದ ಪ್ರಧಾನಿ ನರೇಂದ್ರ ಮೋದಿ ಅವರನ್ನು ತುಘಲಕ್ ಎಂದು ಟೀಕಿಸಿರುವ ಕರ್ನಾಟಕ ಕಾಂಗ್ರೆಸ್ ರಾಜ್ಯಕ್ಕೆ ಪರಿಹಾರ ತರುವಲ್ಲಿ ವಿಫಲರಾದ ಮುಖ್ಯಮಂತ್ರಿ ಬಿ ಎಸ್ ಯಡಿಯೂರಪ್ಪ ಅವರು ನಾಲಾಯಕ್ ಎಂದು ಕರ್ನಾಟಕ ಕಾಂಗ್ರೆಸ್ ಟೀಕೆ ಮಾಡಿದೆ.,ತುಂಬು ಪ್ರವಾಹ,Flooding,Yes,Darshan R K,2025-02-08 14:34:40
ನೆರೆ,ಶ್ರೀಶೈಲಂ ಭಯಾನಕ ನೆರೆ ಹಾವಳಿಯಿಂದ ಬೀದಿಪಾಲಾದ ಸಂತ್ರಸ್ತರಿಗೆ ಎಲ್ಲ ರೀತಿಯಿಂದಲೂ ನೆರವು ನೀಡುವುದು ಸರ್ವರ ಆಧ್ಯ ಕರ್ತವ್ಯವಾಗಿದೆ ಎಂದು ಶ್ರೀಶೈಲ ಜಗದ್ಗುರು ಡಾ ಚನ್ನಸಿದ್ಧರಾಮ ಪಂಡಿತಾರಾಧ್ಯ ಶಿವಾಚಾರ್ಯ ಮಹಾಸ್ವಾಮಿ ಹೇಳಿದರು.,ತುಂಬು ಪ್ರವಾಹ,Flooding,Yes,Darshan R K,2025-02-08 14:34:40
ನೆರೆ,"ಈ ಮಧ್ಯೆ ಸ್ಥಳೀಯ ಯುವಕರ ತಂಡವೊಂದು ಮಕ್ಕಂದೂರು ಭಾಗದಲ್ಲಿ ಡ್ರೋನ್ ಕ್ಯಾಮರಾ ಮೂಲಕ ಭೂ ಕುಸಿತ ಹಾಗೂ ನೆರೆ ಪ್ರದೇಶಗಳ ದೃಶ್ಯಗಳನ್ನು ಸೆರೆ ಹಿಡಿದಿದ್ದು, ಅವು ಸಾಮಾಜಿಕ ಜಾಲತಾಣಗಳಲ್ಲಿ ಹರಿದಾಡುತ್ತಿವೆ.",ತುಂಬು ಪ್ರವಾಹ,Flooding,Yes,Darshan R K,2025-02-08 14:34:40
ನೆರೆ,"ಚಿಕ್ಕಬಳ್ಳಾಪುರ: ನಗರದ ಕಾಲೇಜು ಉಪನ್ಯಾಸಕರೊಬ್ಬರು ತಮ್ಮ ಗೃಹ ಪ್ರವೇಶ ಕಾರ್ಯಕ್ರಮದಲ್ಲಿ ಸ್ನೇಹಿತರ, ಬಂಧು ಬಳಗದಿಂದ ಉಡುಗೊರೆಯಾಗಿ ಬಂದ ಹಣವನ್ನು ಉತ್ತರ ಕರ್ನಾಟಕದ ಪ್ರವಾಹ ಪೀಡಿತ ನೆರೆ ಸಂತ್ರಸ್ತರಿಗೆ ನೀಡಲು ಮುಂದಾಗಿ ಮಾನವೀಯತೆ ಮೆರೆದ್ದಿದ್ದಾರೆ.",ತುಂಬು ಪ್ರವಾಹ,Flooding,Yes,Darshan R K,2025-02-08 14:34:40
ನೆರೆ,ನೆರೆ ಪೀಡಿತ ಸ್ಥಳಗಳಲ್ಲಿ ಜನ ಜೀವನ ಸಾಮಾನ್ಯ ಪರಿಸ್ಥಿತಿಗೆ ಮರಳುತ್ತಿದೆ ಆದರೂ ಅಲ್ಲಿ ಎಲ್ಲವೂ ಹಿಂದಿನಂತಾಗುವುದು.,ತುಂಬು ಪ್ರವಾಹ,Flooding,Yes,Darshan R K,2025-02-08 14:34:40
ನೆರೆ,"ಈಗಾಗಲೇ ಮಳೆಗಾಲ ಆರಂಭವಾಗಿದ್ದು, 34 ನೇ ನೆಕ್ಕಿಲಾಡಿಯು ಕುಮಾರಧಾರ ಹಾಗೂ ನೇತ್ರಾವತಿ ನದಿ ತೀರದಲ್ಲಿ ಇರುವುದರಿಂದ ಇದು ನೆರೆ ಬಾಧಿತ ಪ್ರದೇಶವೂ ಹೌದು.",ತುಂಬು ಪ್ರವಾಹ,Flooding,Yes,Darshan R K,2025-02-08 14:34:40
ನೆರೆ,: ನೆರೆ ಪೀಡಿತ ಪ್ರದೇಶಕ್ಕೆ ಕೇಂದ್ರದಿಂದ ಹೆಚ್ಚಿನ ನೆರವು ಪಡೆಯುವುದಕ್ಕೆ ಸಂಬಂಧಿಸಿದಂತೆ ಆಂಧ್ರಪ್ರದೇಶದ ಮುಖ್ಯಮಂತ್ರಿ ಕೆ ರೋಸಯ್ಯ ಇಂದು ಬೆಂಗಳೂರಿಗೆ ಭೇಟಿ ನೀಡಿ ಮುಖ್ಯಮಂತ್ರಿ ಯಡಿಯೂರಪ್ಪ ಅವರೊಂದಿಗೆ ಚರ್ಚೆ ನಡೆಸಿದರು.,ತುಂಬು ಪ್ರವಾಹ,Flooding,Yes,Darshan R K,2025-02-08 14:34:40
ನೆರೆ,"ಅರಕಲಗೂಡು ತಾಲ್ಲೂಕಿನ ರಾಮನಾಥಪುರದ ನೆರೆ ಸಂತ್ರಸ್ತರಿಗೆ 3 ಸಾವಿರ ಲೀಟರ್ ಹಾಲು, ಒಂದು ಸಾವಿರ ಬಿಸ್ಕತ್‌ ಪ್ಯಾಕ್‌ ಹಾಗೂ ಹೊದಿಕೆ ನೀಡಲಾಗುತ್ತಿದೆ.",ತುಂಬು ಪ್ರವಾಹ,Flooding,Yes,Darshan R K,2025-02-08 14:34:40
ನೆರೆ,ನೆರೆ ಸಂತ್ರಸ್ತರ ನೆರವಿಗೆ ಮೈಸೂರು ಪಾಲಿಕೆ: ಹುಂಡಿ ಹಿಡಿದು ಹಣ ಸಂಗ್ರಹಕ್ಕೆ ಮುಂದಾದ ಮೇಯರ್.,ತುಂಬು ಪ್ರವಾಹ,Flooding,Yes,Darshan R K,2025-02-08 14:34:40
ನೆರೆ,ಜಿಲ್ಲೆಯ ವಿವಿಧೆಡೆ ನೆರೆ ನೀರು ವ್ಯಾಪಿಸಿ ನೂರಾರು ಜನರು ಸಂಕಷ್ಟ ಅನುಭವಿಸುವ ದೃಶ್ಯದಿಂದ ಬೇಸರಗೊಂಡ ಸಿನೆಮಾ ತಂಡ…,ತುಂಬು ಪ್ರವಾಹ,Flooding,Yes,Darshan R K,2025-02-08 14:34:40
ನೆರೆ,ಮೈಸೂರು: ಜಿಲ್ಲೆಯ ನೆರೆ ಪ್ರದೇಶದ ನಿವಾಸಿಗಳಿಗೆ ಬ್ಯಾಂಕ್ ಸಾಲ ಮರುಪಾವತಿಸಲು 1 ವರ್ಷ ಸಮಯ ಅವಕಾಶ ನೀಡಲಾಗುವುದು ಎಂದು ಮೈಸೂರು ಅಪಾರ ಜಿಲ್ಲಾಧಿಕಾರಿ ಪೂರ್ಣಿಮಾ ಹೇಳಿದ್ದಾರೆ.,ತುಂಬು ಪ್ರವಾಹ,Flooding,Yes,Darshan R K,2025-02-08 14:34:40
ನೆರೆ,"ಭೂಕಂಪ, ಜ್ವಾಲಾಮುಖಿ, ಸುನಾಮಿ, ಚಂಡಮಾರುತ, ನೆರೆ ಹೀಗೆ ವಸುಧೆ ಬಳಿ ಹತ್ತು ಹಲವು ವಿನಾಶಕಾರಿ ಬತ್ತಳಿಕೆಗಳಿವೆ.",ತುಂಬು ಪ್ರವಾಹ,Flooding,Yes,Darshan R K,2025-02-08 14:34:40
ನೆರೆ,ಅಲ್ಲದೆ ಇಡೀ ಪರಿಸರದಲ್ಲಿ ದಿಢೀರ್ ಸುರಿದ ಮಳೆಯಿಂದ ನೀರು ತೋಡಿನಲ್ಲಿ ಹರಿದು ಹೋಗಲು ಸಾಧ್ಯವಾಗದೆ ಹಲವು ಕಡೆಗಳಲ್ಲಿ ಕೃತಕ ನೆರೆ ಉಂಟಾಯಿತು.,ತುಂಬು ಪ್ರವಾಹ,Flooding,Yes,Darshan R K,2025-02-08 14:34:40
ನೆರೆ,"ಪ್ರತಿಭಟನೆಯನ್ನುದ್ದೇಶಿಸಿ ಮಾತನಾಡಿದ ಕೆಪಿಸಿಸಿ ಕಾರ್ಯಾಧ್ಯಕ್ಷ ಈಶ್ವರ್ ಖಂಡ್ರೆ, ನೆರೆ ಪರಿಹಾರಕ್ಕಾಗಿ ಅನೇಕ ಬಾರಿ ಮನವಿ ಸಲ್ಲಿಸಿದರೂ ಕೇಂದ್ರ ಮತ್ತು ರಾಜ್ಯ ಸರಕಾರಗಳು ಯಾವುದೇ ಕ್ರಮ ಕೈಗೊಂಡಿಲ್ಲ.",ತುಂಬು ಪ್ರವಾಹ,Flooding,Yes,Darshan R K,2025-02-08 14:34:41
ನೆರೆ,"ಇದಕ್ಕೆ ಸಮಾಜದ ಸಹಮತವಿದ್ದು, ಚೆನ್ನಮ್ಮ ಜಯಂತಿಗೆ ಮೀಸಲಿಟ್ಟ ಹಣವನ್ನು ನೆರೆ ಸಂತ್ರಸ್ತರ ನಿಧಿಗೆ ಬಳಸಿಕೊಳ್ಳಬೇಕು.",ತುಂಬು ಪ್ರವಾಹ,Flooding,Yes,Darshan R K,2025-02-08 14:34:41
ನೆರೆ,"ಇನ್ನು, ನೆರೆ ಪರಿಹಾರದ ವಿಚಾರದಲ್ಲಿ ಸರ್ಕಾರವನ್ನು ಸಮರ್ಥನೆ ಮಾಡಿಕೊಳ್ಳಲು ಸಂಸದ ತೇಜಸ್ವಿ ಸೂರ್ಯ ವಿಫಲರಾಗಿದ್ದಾರೆ.",ತುಂಬು ಪ್ರವಾಹ,Flooding,Yes,Darshan R K,2025-02-08 14:34:41
ನೆರೆ,ರಾಜ್ಯದಲ್ಲಿ ಬರ ಹಾಗೂ ನೆರೆ ಸಮಸ್ಯೆಯಿದ್ದರೂ ಯಾವುದೇ ಪ್ಯಾಕೇಜ್ ಘೋಷಿಸಿಲ್ಲ ಎಂದು ಅವರು ಹೇಳಿದರು.,ತುಂಬು ಪ್ರವಾಹ,Flooding,Yes,Darshan R K,2025-02-08 14:34:41
ನೆರೆ,24- ಕೊಡಗಿನ ನೆರೆ ಸಂತ್ರಸ್ತರ ಪುನರ್ ವಸತಿಗೆ ಒಂದು ಕೋಟಿ ರೂ.,ತುಂಬು ಪ್ರವಾಹ,Flooding,Yes,Darshan R K,2025-02-08 14:34:41
ನೆರೆ,ನೆರೆ ಪರಿಹಾರದ ವಿಚಾರದಲ್ಲಿ ಕರ್ನಾಟಕವನ್ನು ಕಡೆಗಣಿಸಿತಾ ಕೇಂದ್ರ ಸರ್ಕಾರ…?,ತುಂಬು ಪ್ರವಾಹ,Flooding,Yes,Darshan R K,2025-02-08 14:34:41
ನೆರೆ,"ಅಶ್ವತ್ಥ್ ನಾರಾಯಣ್‌, ಲಕ್ಷ್ಮಣ್ ಸವದಿ ಹೀಗೆ ಸಾಲು ಸಾಲು ನಾಯಕರುಗಳು ಬೇರೆ ರಾಜ್ಯದ ಚುನಾವಣಾ ಆಖಾಡದ ಪ್ರಚಾರದಲ್ಲಿ ಭಾಗಿಯಾದ್ರೆ, ಇಲ್ಲಿನ ನೆರೆ ಸಂತ್ರಸ್ತರ ಪಾಡೇನು?",ತುಂಬು ಪ್ರವಾಹ,Flooding,Yes,Darshan R K,2025-02-08 14:34:41
ನೆರೆ,ಇನ್ನೂ 10 ದಿನಗಳು ನೆರೆ ಪರಿಹಾರ ಕೇಂದ್ರಗಳು ಮುಂದುವರಿಯುತ್ತವೆ.,ತುಂಬು ಪ್ರವಾಹ,Flooding,Yes,Darshan R K,2025-02-08 14:34:41
ನೆರೆ,13]: ರಾಜ್ಯದಲ್ಲಿ ಭೀಕರ ಪ್ರವಾಹ ಪರಿಸ್ಥಿತಿ ನಡುವೆ ನೆರೆ ಪೀಡಿತ ಪ್ರದೇಶಕ್ಕೆ ತೆರಳಿದ ಬಿಜೆಪಿ ಶಾಸಕರೋರ್ವರ ಕಷ್ಟದ ಸಮಯದಲ್ಲೂ ತಮ್ಮ ರಾಜಕೀಯ ನಡೆ ಪ್ರದರ್ಶಿಸಿದ್ದಾರೆ.,ತುಂಬು ಪ್ರವಾಹ,Flooding,Yes,Darshan R K,2025-02-08 14:34:41
ನೆರೆ,ಈ ಮಾದರಿಯನ್ನು ಈಗಾಗಲೇ ನೆರೆ ರಾಜ್ಯಗಳಾದ ತಮಿಳುನಾಡು ಹಾಗೂ ಮಹಾರಾಷ್ಟ್ರ ಸರ್ಕಾರಗಳು ಅನುಷ್ಠಾನಗೊಳಿಸಿವೆ.,ಪಕ್ಕ,Side,Yes,Darshan R K,2025-02-08 14:59:42
ನೆರೆ,"ಹುಬ್ಬಳ್ಳಿಯ ಪತ್ರಿಕಾ ಛಾಯಾಗ್ರಾಹಕರ ವತಿಯಿಂದ ನೆರೆ ಛಾಯಾ ಛಾಯಾಚಿತ್ರ ಪ್ರದರ್ಶನವನ್ನು ಅಕ್ಟೋಬರ್ 19, 20 ಕ್ಕೆ ಇಂದಿರಾ ಗಾಜಿನ ಮನೆಯಲ್ಲಿ ಪ್ರದರ್ಶನ ಮಾಡಲಾಗುತ್ತಿದೆ.",ಪಕ್ಕ,Side,Yes,Darshan R K,2025-02-08 14:59:42
ನೆರೆ,ರಾಜ್ಯ ಮತ್ತು ನೆರೆ ರಾಜ್ಯಗಳಿಂದ ಹೆಸರಾಂತ ಜಟ್ಟಿಗಳು ಭಾಗವಹಿಸುತ್ತಾರೆ.,ಪಕ್ಕ,Side,Yes,Darshan R K,2025-02-08 14:59:42
ನೆರೆ,ಇದೇ ವೇಳೆ ನೆರೆ ದೇಶಗಳ ನಡುವಿನ ಬಂಡವಾಳ ಹರಿವಿನ ಸಮಗ್ರತೆಗೆ ಸಂಬಂಧಿಸಿದಂತೆ ಯಾವುದೇ ರಾಜಿ ಮಾಡಿಕೊಳ್ಳದೆ,ಪಕ್ಕ,Side,Yes,Darshan R K,2025-02-08 14:59:42
ನೆರೆ,ವಿಶ್ವ ಸಂಸ್ಥೆಯ ಮಹಾಧಿವೇಶನದಲ್ಲಿ ಮಾತನಾಡಿದ ಪಾಕಿಸ್ಥಾನವು ತನ್ನ ನೆಲದಲ್ಲಿನ ಜಿಹಾದಿ ಮೂಲಭೂತವಾದವನ್ನು ಮತ್ತು ನೆರೆ ಪ್ರದೇಶಗಳಲ್ಲಿನ ಉಗ್ರವಾದವನ್ನು ಕೊನೆಗೊಳಿಸುವುದಾಗಿ ಭರವಸೆ ನೀಡಿದೆ.,ಪಕ್ಕ,Side,Yes,Darshan R K,2025-02-08 14:59:42
ನೆರೆ,"ಸಿಡ್ರಿಕ್ ಜಾಕೋಬ ಮಾತನಾಡಿ, ಇತರರ ಓರೆಕೋರೆ ಬದಲಿಸುವ ಮೊದಲು ತನ್ನನ್ನು ತಾನು ಬದಲಿಸಬೇಕು, ನೆರೆ ಹೊರೆಯವರನ್ನು ಪ್ರೀತಿಸು, ಸಮರ್ಪಣಾ ಭಾವನೆ, ನಮ್ಮಲ್ಲಿ ಅಳವಡಿಸಿಕೊಳ್ಳಬೇಕೆಂದರು.",ಪಕ್ಕ,Side,Yes,Darshan R K,2025-02-08 14:59:42
ನೆರೆ,"ಈ ಬೆಳವಣಿಗೆ, ಗೊಂದಲಕ್ಕೆ ಕಾಂಗ್ರೆಸ್ ಕಾರಣ ನಾವಲ್ಲ, ಈ ವಿವಾದ ಸುಪ್ರೀಮ್ ಕೋರ್ಟಗೆ ಕಾರಣರಾದ ಕಾಂಗ್ರೆಸ್‌ನವರೊಂದಿಗೆ ಹೋಗಿ ನೆರೆ ರಾಜ್ಯಗಳ ಒಪ್ಪಿಸಲು ಸಿದ್ದರಿದ್ದೇವೆ ಎಂದರು.",ಪಕ್ಕ,Side,Yes,Darshan R K,2025-02-08 14:59:42
ನೆರೆ,ಪ್ರಕರಣದ ತನಿಖೆಯನ್ನು ತೀವ್ರಗೊಳಿಸಿ ಇವರ ಮನೆ ಪಕ್ಕದಲ್ಲಿನ ಟೈಲರ್ ಅಂಗಡಿಯಲ್ಲಿ ಕೆಲಸ ಮಾಡುತ್ತಿದ್ದ ಆಸೀಫ್ ಮೇಲೆ ನೆರೆ ಮನೆಯವರು ಸಂಶಯ ವ್ಯಕ್ತಪಡಿಸಿದ್ದರು.,ಪಕ್ಕ,Side,Yes,Darshan R K,2025-02-08 14:59:42
ನೆರೆ,ನೆರೆ ರಾಜ್ಯದ ವ್ಯಾಪಾರಿಗಳಂತೆ ನಮ್ಮ ತಾಲೂಕಿನ ವ್ಯಾಪಾರಿಗಳು ಕೂಡ ರೈತರಿಗ ಗಂಟೆಯಲ್ಲಿ ಹಣ ನೀಡಲು ಮುಂದಾಗಬೇಕು.,ಪಕ್ಕ,Side,Yes,Darshan R K,2025-02-08 14:59:42
ನೆರೆ,"ಅಥ್ಲೀಟ್‌ಗಳಿಗೆ ಅಂತಿಮ ಪ್ರವೇಶಾತಿಗೆ ಮಂಗಳವಾರ ಕೊನೆಗೊಂಡಿದ್ದು, ನೆರೆ ರಾಷ್ಟ್ರಗಳ ಅಥ್ಲೀಟ್‌ಗಳು ಇನ್ನು ಕೆಲವೇ ದಿನಗಳಲ್ಲಿ ಭಾರತಕ್ಕೆ ಆಗಮಿಸಲಿದ್ದಾರೆ.",ಪಕ್ಕ,Side,Yes,Darshan R K,2025-02-08 14:59:42
ನೆರೆ,"ಉತ್ತಮ ಗುರುವಾಗಿ ಇವರು ತರಬೇತಿ ನೀಡಿದ್ದ ಶಿಷ್ಯರಲ್ಲನೇಕರು ರಾಜಮಹೇಂದ್ರಿ, ರಂಗಾಪುರ, ಕೃಷ್ಣಗಿರಿ, ಪಾಂಡಿಚೇರಿ ಮುಂತಾದ ನೆರೆ ರಾಜ್ಯಗಳ ಸ್ಥಳಗಳಲ್ಲಿಯೂ, ನಮ್ಮ ನಾಡಿನ ಹಲವೆಡೆಯಲ್ಲಿಯೂ ವ್ಯಾಪಕವಾಗಿ ನೆಲೆಸಿ ಗುರುಗಳ ಪರಂಪರೆಯನ್ನು ಮುಂದುವರೆಸುತ್ತಿದ್ದಾರೆ.",ಪಕ್ಕ,Side,Yes,Darshan R K,2025-02-08 14:59:42
ನೆರೆ,"ಪೌರತ್ವ ತಿದ್ದುಪಡಿ ಕಾಯ್ದೆ ಕುರಿತು ಪ್ರತಿಕ್ರಿಯಿಸಿದ ಅವರು, ನೆರೆ ದೇಶದ ಅಲ್ಪಸಂಖ್ಯಾತರಿಗೆ ರಕ್ಷಣೆ ನೀಡುವ ಬದಲು, ದೇಶದಲ್ಲಿನ ಅಲ್ಪಸಂಖ್ಯಾತ ಸಮುದಾಯಕ್ಕೆ ರಕ್ಷಣೆ ನೀಡಬೇಕು.",ಪಕ್ಕ,Side,Yes,Darshan R K,2025-02-08 14:59:42
ನೆರೆ,ಈ ಎಲ್ಲ ನೌಕರರು ತಾವು ಶೌಚಾಲಯ ನಿರ್ಮಿಸಿಕೊಳ್ಳುವುದುಲ್ಲದೇ ತಮ್ಮ ನೆರೆ ಹೊರೆಯವರಿಗೆ ಶೌಚಾಲಯ ನಿರ್ಮಿಸಿಕೊಳ್ಳುವಂತೆ ಮನವೊಲಿಸಬೇಕು.,ಪಕ್ಕ,Side,Yes,Darshan R K,2025-02-08 14:59:42
ನೆರೆ,ನಮ್ಮ ನೆರೆ ರಾಷ್ಟ್ರವಾದ ಚೀನಾದ ಅಧ್ಯಕ್ಷ.,ಪಕ್ಕ,Side,Yes,Darshan R K,2025-02-08 14:59:42
ನೆರೆ,ನೆರೆ ರಾಷ್ಟ್ರಗಳು ಒಂದಿಲ್ಲೊಂದು ರೀತಿಯ ಉಪಟಳ ನೀಡುತ್ತಿವೆ.,ಪಕ್ಕ,Side,Yes,Darshan R K,2025-02-08 14:59:42
ನೆರೆ,ಈ ಸಂಘಟನೆ ನೆರೆ ಹೊರೆಯ ದೇಶಗಳ ಪ್ರಾದೇಶಿಕ ಬಾಂಧವ್ಯಗಳನ್ನು ಅತ್ಯಂತ ದುರ್ಭರಗೊಳಿಸಿದೆ ಎಂದು ಅಮೆರಿಕ ವಿದೇಶಾಂಗ ಇಲಾಖೆ ತಿಳಿಸಿದೆ.,ಪಕ್ಕ,Side,Yes,Darshan R K,2025-02-08 14:59:42
ನೆರೆ,ನಮ್ಮಲ್ಲೇ ನೀರಿಲ್ಲದೇ ಇರುವಾಗ ನೆರೆ ರಾಜ್ಯಕ್ಕೆ ನೀರು ಬಿಡುವುದು ಎಲ್ಲಿಂದ ಎಂದು ಪ್ರಶ್ನಿಸಿದರು.,ಪಕ್ಕ,Side,Yes,Darshan R K,2025-02-08 14:59:42
ನೆರೆ,ಭಾರತದ ನೆರೆ ರಾಷ್ಟ್ರ ಬಾಂಗ್ಲಾದೇಶದ ಶೇ.,ಪಕ್ಕ,Side,Yes,Darshan R K,2025-02-08 14:59:42
ನೆರೆ,"* ಕರ್ನಾಟಕದ ನೆರೆ ರಾಜ್ಯಗಳಾದ ತಮಿಳುನಾಡು, ಆಂಧ್ರಪ್ರದೇಶ, ಮಹಾರಾಷ್ಟ್ರದಲ್ಲಿ ಲಕ್ಷಾಂತರ ಕನ್ನಡಿಗರು ನೆಲೆಸಿದ್ದರೂ ಅಲ್ಲಿ ಕನ್ನಡ ಚಿತ್ರಗಳ ಮಾರುಕಟ್ಟೆ ಇಲ್ಲ.",ಪಕ್ಕ,Side,Yes,Darshan R K,2025-02-08 14:59:42
ನೆರೆ,ಇಂದಿಗೂ ಕರಗಕ್ಕೆ ದೇಶ-ವಿದೇಶ ಹಾಗೂ ನೆರೆ ರಾಜ್ಯಗಳಿಂದ ಸಾವಿರಾರು ಭಕ್ತರು ಆಗಮಿಸಿ ದೇವಿ ಸ್ವರೂಪಿಯಾದ ಕರಗಕ್ಕೆ ಬಿಡಿ ಮಲ್ಲಿಗೆ ಹೂವುಗಳನ್ನು ಎಸೆದು ಭಕ್ತಿ ಪರಾಕಾಷ್ಠೆ ಮೆರೆಯುತ್ತಾರೆ.,ಪಕ್ಕ,Side,Yes,Darshan R K,2025-02-08 14:59:42
ನೆರೆ,ಇಂಥ ಕಾಡಿನ ಅಕ್ಕಪಕ್ಕದಲ್ಲಿರುವ ಗ್ರಾಮಗಳಿಗೆ ಹೇಗೆ ಅಪಾಯ ಇರುತ್ತದೋ ಹಾಗೇಯೇ ಕಮ್ಯುನಿಸಂ ರಾಷ್ಟ್ರಗಳನ್ನು ನೆರೆ ರಾಷ್ಟ್ರಗಳನ್ನಾಗಿ ಹೊಂದಿದ ಎಲ್ಲಾ ರಾಷ್ಟ್ರಗಳಿಗೆ ಅಪಾಯ ಕಟ್ಟಿಟ್ಟದ್ದು ಎಂದು ಎಚ್ಚರಿಸಿದ್ದರು.,ಪಕ್ಕ,Side,Yes,Darshan R K,2025-02-08 14:59:42
ನೆರೆ,ನೆರೆ ರಾಜ್ಯದಂತೆ ಪಕ್ಷಾಂತರಿಗಳಿಗೆ ತಕ್ಕ ಪಾಠ : ಆರ್.,ಪಕ್ಕ,Side,Yes,Darshan R K,2025-02-08 14:59:42
ನೆರೆ,ಘಟನೆ ಸಂಬಂಧ ಈತನ ನೆರೆ ಮನೆ ನಿವಾಸಿಯಾದ ಸ್ನೇಹಿತನಾದ ಯುವಕನನ್ನು ಬೇಕಲ ಪೊಲೀಸರು ಕಸ್ಟಡಿಗೆ ತೆಗೆದು ತನಿಖೆಗೊಳ ಪಡಿಸಿದ್ದಾರೆ.,ಪಕ್ಕ,Side,Yes,Darshan R K,2025-02-08 14:59:42
ನೆರೆ,ನಾಗರಹೊಳೆ ಅಭಯಾರಣ್ಯದ ಕಾಡಂಚಿನ ಹಾಡಿ ಹುಣಸೂರು ತಾಲೂಕಿನ ವೀರನಹೊಸಹಳ್ಳಿ ಗೇಟ್ ಬಳಿ ನಾಳೆ ಬೆಳಿಗ್ಗೆ 11ಕ್ಕೆ ದಸರಾ ಗಜಪಡೆಗೆ ಮೈಸೂರು ಜಿಲ್ಲೆ ನೆರೆ ಪರಿಹಾರ ಉಸ್ತುವಾರಿಯಾಗಿ ನಿಯೋಜನೆಗೊಂಡಿರುವ ಸಚಿವ ಆರ್.,ಪಕ್ಕ,Side,Yes,Darshan R K,2025-02-08 14:59:42
ನೆರೆ,ನೆರೆ ರಾಜ್ಯದ ಭಕ್ತರ ದಂಡು,ಪಕ್ಕ,Side,Yes,Darshan R K,2025-02-08 14:59:42
ನೆರೆ,"ನೆರೆ ರಾಜ್ಯದವರು ಆ ಕಾರ್ಯವನ್ನು ನಿಷ್ಠೆಯಿಂದ ಮಾಡುತ್ತಿದ್ದರೆ, ನಮ್ಮ ರಾಜ್ಯದಲ್ಲಿ ಕನ್ನಡ ವಿರೋಧಿ ಧೋರಣೆ ಮುಂದುವರಿಯುತ್ತಿದೆ ಎಂದು ಬೇಸರ ವ್ಯಕ್ತಪಡಿಸಿದರು.",ಪಕ್ಕ,Side,Yes,Darshan R K,2025-02-08 14:59:42
ನೆರೆ,ಆದರೆ ವಿದೇಶಿ ಜೀವನದಲ್ಲಿ ಹೆಣಗಬೇಕಾದವರ ಕಥೆ ಅಷ್ಟು ಸುಲಭವಲ್ಲ - ಮೊದಲಿಗೆ ನೆರೆ ಹೊರೆಯ ಆಯ್ಕೆ ನಿರ್ಧರಿಸುವುದು ಸುಲಭವಲ್ಲ.,ಪಕ್ಕ,Side,Yes,Darshan R K,2025-02-08 14:59:42
ನೆರೆ,ನೆರೆ ದೇಶಗಳೊಂದಿಗೆ ನಮ್ಮ ರಾಜ್ಯದ ಸಂಬಂಧಗಳ ನಿರ್ದಿಷ್ಟತೆಯನ್ನು ಸಂಶೋಧಕರು ವಿಶ್ಲೇಷಿಸುತ್ತಿದ್ದಾರೆ.,ಪಕ್ಕ,Side,Yes,Darshan R K,2025-02-08 14:59:42
ನೆರೆ,"ಮಹಾರಾಷ್ಟ್ರ, ಆಂಧ್ರಪ್ರದೇಶ, ತೆಲಂಗಾಣ, ಗೋವಾ, ಕೇರಳ, ತಮಿಳುನಾಡು ಹೀಗೆ ನೆರೆ ರಾಜ್ಯಗಳ ಅಂಚಿನಲ್ಲಿರುವ ಗಡಿ ಗ್ರಾಮಗಳ ಗೋಳು ನಿರಂತರ ಕಣ್ಣೀರಧಾರೆ.",ಪಕ್ಕ,Side,Yes,Darshan R K,2025-02-08 14:59:42
ನೆರೆ,ರಾಮಸ್ವರೂಪ್ ಅವರ ನೆರೆ ಮನೆಯಾತ ಸಂಜಯ್ ಯಾದವ್ ಅವರ 21 ವರ್ಷ ಮಗಳು ಯೋಗಿತಾಳಿಗೆ ಗಂಡು ಹುಡುಕುತ್ತಿದ್ದಾರೆ.,ಪಕ್ಕ,Side,Yes,Darshan R K,2025-02-08 14:59:42
ನೆರೆ,"ಸಮರ ಛಾಯೆ ತೀವ್ರವಾಗುತ್ತಿದ್ದಂತೆಯೇ, ಇರಾಕ್‌ ಮತ್ತು ನೆರೆ ದೇಶಗಳಲ್ಲಿರುವ ತನ್ನೆಲ್ಲ ಪ್ರಜೆಗಳೂ ಕೂಡಲೇ ಸ್ವದೇಶಕ್ಕೆ ಮರಳಬೇಕು ಎಂದು ಅಮೆರಿಕ ಶುಕ್ರವಾರ ಸೂಚಿಸಿದೆ.",ಪಕ್ಕ,Side,Yes,Darshan R K,2025-02-08 14:59:42
ನೆರೆ,ಇದರಿಂದ ಜಿಲ್ಲೆ ಹಾಗೂ ನೆರೆ ಹೊರೆಯ ಜಿಲ್ಲೆಯ ರಫ್ತು ಉದ್ದಿಮೆದಾರರಿಗೆ ಅಗತ್ಯ ಸೌಲಭ್ಯ ಕಲ್ಪಿಸಿದಂತಾಗಿ ರಫ್ತು ಉತ್ತೇಜನಕ್ಕೆ ಒತ್ತು ಕೊಟ್ಟಂತಾಗುತ್ತದೆ.,ಪಕ್ಕ,Side,Yes,Darshan R K,2025-02-08 14:59:42
ನೆರೆ,ಆದುದರಿಂದ ಮಹಾರಾಷ್ಟ್ರೀಯರು ಸೊಲ್ಲಾಪುರ ನಗರವನ್ನು ಆ ತಾಲ್ಲೂಕಿನಿಂದ ಬೇರ್ಪಡಿಸಿ ನಗರ ಸುತ್ತಲೂ ಇರುವ ಸುಮಾರು ಇಪ್ಪತ್ತು ಗ್ರಾಮಗಳನ್ನು ನೆರೆ ತಾಲ್ಲೂಕಿನಲ್ಲಿನ ಮರಾಠಿ ಪ್ರಾಧಾನ್ಯವಿರುವ ನಲ್ವತ್ತು ಗ್ರಾಮಗಳೊಂದಿಗೆ ಸೊಲ್ಲಾಪುರ ನಗರವನ್ನು ಸೇರಿಸಿ ಅದಕ್ಕೆ ಉತ್ತರ ಸೊಲ್ಲಾಪುರ ತಾಲ್ಲೂಕೆಂದು ಹೆಸರಿಸಿದ್ದಾರೆ.,ಪಕ್ಕ,Side,Yes,Darshan R K,2025-02-08 14:59:42
ನೆರೆ,"ನಗರದ ಕೈಗಾರಿಕಾ ಪ್ರದೇಶದ ಹಿಂಭಾಗದಲ್ಲಿ ಅರಣ್ಯ ಇಲಾಖೆ ಇಟ್ಟಿದ್ದ ಬೋನಿಗೆ ಬಿದ್ದ ಚಿರತೆ ಎರಡು ವರ್ಷ ಪ್ರಾಯದ ಗಂಡು ಚಿರತೆಯಾಗಿದ್ದು, ಕೂಡಲೇ ಇದನ್ನು ಗಮನಿಸಿಕೊಂಡ ನೆರೆ ಹೊರೆಯರು ಅರಣ್ಯ ಇಲಾಖೆ ಸಿಬ್ಬಂದಿಗೆ ಮಾಹಿತಿ ನೀಡಿದ್ದಾರೆ.",ಪಕ್ಕ,Side,Yes,Darshan R K,2025-02-08 14:59:42
ನೆರೆ,"ಜಾತ್ರೆಗೆ ಆಗಮಿಸಿದ್ದ ನೆರೆ ರಾಜ್ಯ ಹಾಗೂ ವಿವಿಧ ಜಿಲ್ಲೆಗಳಿಂದ ಆಗಮಿಸಿದ್ದ ಎತ್ತುಗಳು, ಕೃಷಿ ಪರಿಕರಗಳು ರೈತರನ್ನು ಆಕರ್ಷಿಸುತ್ತಿದ್ದವು.",ಪಕ್ಕ,Side,Yes,Darshan R K,2025-02-08 14:59:42
ನೆರೆ,ಮೀ ದೂರದ ವಾಯವ್ಯ ದಿಕ್ಕಿನಲ್ಲಿ ನೆಲೆಸಿದ್ದು ಇತರರ ನೆರೆ ರಾಜ್ಯಗಳಾದ ಮಹಾರಾಷ್ಟ್ತ್ರದ ರಾಜಧಾನಿ ಮುಂಬೈಯಿಂದ ದಕ್ಷಿಣಕ್ಕೆ 550 ಕಿ.,ಪಕ್ಕ,Side,Yes,Darshan R K,2025-02-08 14:59:42
ನೆರೆ,ಭಾರತದ ನೆರೆ ರಾಷ್ಟ್ರ ಪಾಕಿಸ್ತಾನ 72ನೇ ಸ್ಥಾನದಲ್ಲಿದೆ.,ಪಕ್ಕ,Side,Yes,Darshan R K,2025-02-08 14:59:42
ನೆರೆ,ಆದರೆ ಈ ಬಾರಿ ನಮ್ಮ ನೆರೆ ದೇಶ ಚೀನಾ ದಿನೇ ದಿನೇ ತನ್ನ ಸೇನಾ ಸಾಮರ್ಥ್ಯವನ್ನು ವೃದ್ಧಿಸಿಕೊಂಡು ದಕ್ಷಿಣ ಚೀನಾ ಸಮುದ್ರ ಸೇರಿದಂತೆ ಹಿಂದೂ ಮಹಾಸಾಗರದ ಮೇಲೆ ಪ್ರಭುತ್ವ ಸಾಧಿಸಲು ಪ್ರಯತ್ನಿಸುತ್ತಿದೆ.,ಪಕ್ಕ,Side,Yes,Darshan R K,2025-02-08 14:59:42
ನೆರೆ,- ಕೇಂದ್ರ ಸರಕಾರ ನೆರೆ ರಾಜ್ಯಗಳೊಂದಿಗೆ ಉತ್ತಮ ಸಂಬಂಧ ಇಟ್ಟುಕೊಂಡರೆ ರಾಜ್ಯಕ್ಕೂ ಒಳಿತಾಗುತ್ತದೆ ಎಂಬ ತಿಳಿವಳಿಕೆ ಹೊಂದಿರಬೇಕು.,ಪಕ್ಕ,Side,Yes,Darshan R K,2025-02-08 14:59:42
ನೇರ,ಕಾಲಕಳೆದಂತೆ ಬುದ್ಧನ ನೇರ ಅನುಯಾಯಿಗಳ ಹೀನಯಾನ ಪಂಥವು ಕಣ್ಮರೆಯಾಗಿ ಮಹಾಯಾನ ಪಂಥವು ಬೇರು ಬಿಟ್ಟು ಬೆಳೆಯತೊಡಗಿತು.,"ನಿಜ, ಸತ್ಯ, ಕಾಲ, ಸಮಯ",Live,Yes,a,2025-02-07 21:11:50
ನೇರ,ಡ್ರಾಪ್ಬಾಕ್ಸ್ನಂತಹ ಸೇವೆಗಳು ವಿಭಿನ್ನ ಫೋಲ್ಡರ್ಗಳಿಗೆ ಚಿತ್ರಗಳನ್ನು ಮತ್ತು ವೀಡಿಯೊಗಳನ್ನು ಅಪ್ಲೋಡ್ ಮಾಡಲು ಮಾತ್ರವಲ್ಲದೆ ನಿಮಗೆ ವಿಷಯವನ್ನು ತೋರಿಸಲು ನೀವು ಬಯಸುವಂತಹ ನೇರ ಡೌನ್ಲೋಡ್ ಲಿಂಕ್ಗಳನ್ನು ನಿಮಗೆ ಒದಗಿಸುತ್ತದೆ.,"ನಿಜ, ಸತ್ಯ, ಕಾಲ, ಸಮಯ",Live,Yes,a,2025-02-07 21:11:50
ನೇರ,"ಇದು ಹದಿಮೂರು ವಸಾಹತುಗಳ ಮೇಲೆ ನೇರ ಪರಿಣಾಮವನ್ನು ಹೊಂದಿಲ್ಲವಾದರೂ, ಕ್ವಿಬೆಕ್ ಆಕ್ಟ್ ಅನ್ನು ಅಮೆರಿಕನ್ ವಸಾಹತುಗಾರರು ಅಸಹನೀಯ ಕಾಯಿದೆಗಳ ಭಾಗವೆಂದು ಪರಿಗಣಿಸಲಾಯಿತು.","ನಿಜ, ಸತ್ಯ, ಕಾಲ, ಸಮಯ",Live,Yes,a,2025-02-07 21:11:51
ನೇರ,"ಮಿನಿ ಉದ್ಯೋಗ ಮೇಳೆದಲ್ಲಿ ಬೆಂಗಳೂರಿನ ಅಪೋಲೋ ಆಸ್ಪತ್ರೆಯಲ್ಲಿ ಖಾಲಿಯಿರುವ ಸ್ಟಾಫ್‍ನರ್ಸ್ ಹುದ್ದೆಗೆ ಪುರುಷ, ಮಹಿಳಾ ಅಭ್ಯರ್ಥಿಗಳನ್ನು ನೇರ ಸಂದರ್ಶನದ ಮೂಲಕ ಆಯ್ಕೆ ಮಾಡಿಕೊಳ್ಳಲಾಗುತ್ತದೆ.","ನಿಜ, ಸತ್ಯ, ಕಾಲ, ಸಮಯ",Live,Yes,a,2025-02-07 21:11:51
ನೇರ,ಬಿಜೆಪಿ ಹಾಗೂ ಕಾಂಗ್ರೆಸ್ ನಡುವಿನ ನೇರ ಹೋರಾಟದ ಈ ಕಣದಲ್ಲಿ ಜಾ.,"ನಿಜ, ಸತ್ಯ, ಕಾಲ, ಸಮಯ",Live,Yes,a,2025-02-07 21:11:51
ನೇರ,"ಜಿಲ್ಲಾಧಿಕಾರಿಯಾಗಿ ತುಮಕೂರು ಜಿಲ್ಲೆಯಲ್ಲಿ ಕರ್ತವ್ಯ ವಹಿಸಿಕೊಂಡ ನಂತರ ಚುನಾವಣಾ ಕರ್ತವ್ಯದ ಜೊತೆಯಲ್ಲಿ ಜಿಲ್ಲೆಯಲ್ಲಿ 174ಮಂದಿ ನೇರ ನೇಮಕಾತಿಯಡಿ ಹಾಗೂ 549 ಮಂದಿ ನೇರ ಪಾವತಿ, ಒಟ್ಟು 723 ಮಂದಿ ಪೌರ ನೌಕರರಿಗೆ ಆದೇಶ ನೀಡಲಾಗಿದೆ.","ನಿಜ, ಸತ್ಯ, ಕಾಲ, ಸಮಯ",Live,Yes,a,2025-02-07 21:11:51
ನೇರ,"ಕಾರ್ಯಕ್ರಮದ ಮುಖ್ಯ ಅತಿಥಿಗಳಾಗಿ ಆಗಮಿಸಿದ್ದ ಕೇಂದ್ರ ರಸಗೊಬ್ಬರ ಖಾತೆ ಸಚಿವ ಅನಂತ ಕುಮಾರ್ ಅವರು ಮಾತನಾಡಿ 7 ದಶಕಗಳಿಂದ ಗಾಂಧಿ ತತ್ವಗಳನ್ನು ಪಾಲನೆ ಮಾಡಿಕೊಂಡು ಅದರಂತೆ ಬದುಕುತ್ತಿರುವ ಚನ್ನಮ್ಮ ನಂತವರು ನಮಗೆ ಗಾಂಧಿಜಿಯ ನೇರ ಬಾತ್ಮೀದಾರರಿದ್ದಂತೆ, ಇವತ್ತಿನ ನೆಡೆದಾಡುವ ಗಾಂಧಿ ಅವರು, ಅವರಿಗೆ ಪ್ರಶಸ್ತಿಯನ್ನು ನೀಡಿ ಗೌರವಿಸುತ್ತಿರುವುದು ಕರ್ನಾಟಕ ಸರಕಾರದ ಗೌರವ ಹೆಚ್ಚಿಸಿದೆ ಎಂದು ಹೇಳಿದರು.","ನಿಜ, ಸತ್ಯ, ಕಾಲ, ಸಮಯ",Live,Yes,a,2025-02-07 21:11:51
ನೇರ,ಹೀಗಾಗಿ ನನ್ನಂಥವರ ಅನುಕೂಲಕ್ಕಾಗಿ ಸಮ್ಮೇಳನವನ್ನು ಯೂ-ಟ್ಯೂಬ್‌ನಲ್ಲಿ ನೇರ ಪ್ರಸಾರ ಗೊಳಿಸುವಂತೆ ಮನು ಬಳಿಗಾರ್ ಅವರಿಗೆ ಮೊಬೈಲ್ ಸಂದೇಶವನ್ನು ಕಳುಹಿಸಿದ್ದೆ.,"ನಿಜ, ಸತ್ಯ, ಕಾಲ, ಸಮಯ",Live,Yes,a,2025-02-07 21:11:51
ನೇರ,ಹುಮನಾಬಾದ್: ಬೀದರ್ ಜಿಲ್ಲೆಯಲ್ಲಿ ಕಾಂಗ್ರೆಸ್ ಪಕ್ಷ ಹೀನಾಯ ಸೋಲು ಅನುಭವಿಸುವುದಕ್ಕೆ ಸಂಸದ ಹಾಗೂ ಮಾಜಿ ಮುಖ್ಯಮಂತ್ರಿ ಧರ್ಮಸಿಂಗ್ ಹಾಗೂ ಜಿಲ್ಲಾ ಕಾಂಗ್ರೆಸ್ ಅಧ್ಯಕ್ಷ ಈಶ್ವರ ಖಂಡ್ರೆ ನೇರ ಹೊಣೆಗಾರರು ಎಂದು ಶಾಸಕ ರಾಜಶೇಖರ ಪಾಟೀಲ ಆರೋಪಿಸಿದರು.,"ನಿಜ, ಸತ್ಯ, ಕಾಲ, ಸಮಯ",Live,Yes,a,2025-02-07 21:11:51
ನೇರ,"ನೇರ ವ್ಯಾಪಾರವು ನಿರ್ಮಾಪಕರ ಪಾಕೆಟ್ಸ್ ಮತ್ತು ಸಮುದಾಯಗಳಿಗೆ ಹೆಚ್ಚು ಹಣವನ್ನು ಪೂರೈಕೆ ಸರಪಳಿಯಿಂದ ಮಧ್ಯವರ್ತಿಗಳನ್ನು ಕಡಿತಗೊಳಿಸಿ, ಮತ್ತು ನ್ಯಾಯೋಚಿತ ವ್ಯಾಪಾರ ಬೆಲೆಗಿಂತ ಹೆಚ್ಚಾಗಿ ಪಾವತಿಸುವ ಮೂಲಕ ಇರಿಸುತ್ತದೆ.","ನಿಜ, ಸತ್ಯ, ಕಾಲ, ಸಮಯ",Live,Yes,a,2025-02-07 21:11:51
ನೇರ,"ಹಾಗಾಗಿ, ತರಬೇತುದಾರರು ನೇರ ಚೆನ್ನೈಗೆ ಬಂದು ಆಮಿಗೆ ಆಕ್ಷನ್ ಪಾಠ ಹೇಳಿಕೊಡುತ್ತಿದ್ದರಂತೆ!","ನಿಜ, ಸತ್ಯ, ಕಾಲ, ಸಮಯ",Live,Yes,a,2025-02-07 21:11:51
ನೇರ,ದೇಗುಲದ ಚೈತನ್ಯಕ್ಕೂ ಬಿ ಕೊಠಡಿಗೂ ನೇರ ಸಂಬಂಧವಿದೆ.,"ನಿಜ, ಸತ್ಯ, ಕಾಲ, ಸಮಯ",Live,Yes,a,2025-02-07 21:11:51
ನೇರ,ಕಾನೂನಿನ ಯಾವುದೇ ನೇರ ಕಡಿವಾಣಗಳು ಈ ವೇದಿಕೆಗಳಿಗಿಲ್ಲ.,"ನಿಜ, ಸತ್ಯ, ಕಾಲ, ಸಮಯ",Live,Yes,a,2025-02-07 21:11:51
ನೇರ,ಹೊಸದಿಲ್ಲಿ: ತೆರಿಗೆ ವಂಚನೆಯನ್ನು ಪತ್ತೆ ಮಾಡಲು ಜನರ ಸೋಷಿಯಲ್‌ ಮೀಡಿಯಾ ಖಾತೆಗಳ ಮೇಲೆಯೂ ಆದಾಯ ತೆರಿಗೆ ಇಲಾಖೆ ಕಣ್ಣಿಟ್ಟಿದೆ ಎಂಬುದು ತಪ್ಪು ಕಲ್ಪನೆ ಎಂದು ನೇರ ತೆರಿಗೆ ಮಂಡಳಿ ಅಧ್ಯಕ್ಷ ಪಿ.,"ನಿಜ, ಸತ್ಯ, ಕಾಲ, ಸಮಯ",Live,Yes,a,2025-02-07 21:11:51
ನೇರ,"ಸಕ್ರಾಂತಿ ಹಬ್ಬದ ಪ್ರಯುಕ್ತ ಈ ವಸ್ತ್ರ ಮೇಳದಲ್ಲಿ ರೇಷ್ಮೆ ಸೀರೆ, ಟವೆಲ್, ಗುಡಾರ, ಲುಂಗಿ, ಬೆಡ್‍ಸೀಟ್, ಬೆಡ್‍ಸ್ಟ್ರೇಡ್, ಮೊಳಕಾಲ್ಮೂರು ಸೀರೆ, ಚಿಂತಾಮಣಿ ಸೀರೆಗಳು, ಕೈ ವಸ್ತ್ರ, ಕಂಬಳಿ, ಉಣ್ಣೆ ರಗ್ಗು, ಶಾಲು, ಡೋರ್‍ಮ್ಯಾಟ್, ವಾಲ್ ಹ್ಯಾಂಗಿಂಗ್ಸ್, ಡ್ರೆಸ್ ಮೆಟಿರಿಯಲ್, ಖಾದಿ ಬಟ್ಟೆಗಳು ಹಾಗೂ ಇಲಕಲ್ ಸೀರೆಗಳು ಇತ್ಯಾದಿಗಳು ಕೈಮಗ್ಗ ನೇಕಾರರಿಂದ ನೇರ ಮಾರಾಟಕ್ಕೆ ಯೋಗ್ಯಬೆಲೆಯಲ್ಲಿ ಲಭಿಸಲಿದೆ.","ನಿಜ, ಸತ್ಯ, ಕಾಲ, ಸಮಯ",Live,Yes,a,2025-02-07 21:11:51
ನೇರ,ರೈ- ಕಾಂಗ್ರೆಸ್‌ ನಡುವೆ ನೇರ ಸ್ಪರ್ಧೆ ಇದ್ದು ಕುತೂಹಲ ಕೆರಳಿಸಿದೆ.,"ನಿಜ, ಸತ್ಯ, ಕಾಲ, ಸಮಯ",Live,Yes,a,2025-02-07 21:11:51
ನೇರ,ಗುರುತ್ವಾಕರ್ಷಣೆಯ ಮೂಲ ನೇರ ವಾಗಿ ಭೌತಿಕ ಹಾಗೂ ಪ್ರತಿ ಭೌತಿಕ ತತ್ವ ಗಳ ಜೊತೆಗೆ ಸಂಬಂಧ ಹೊಂದಿದೆ.,"ನಿಜ, ಸತ್ಯ, ಕಾಲ, ಸಮಯ",Live,Yes,a,2025-02-07 21:11:51
ನೇರ,"ನಾವು ಯಾವುದೇ ಹೊಸವಿಚಾರಗಳನ್ನು ಹೇಳಬೇಕಾಗಿ ಬಂದಾಗಲೂ, ಅದನ್ನು ಎಲ್ಲರಿಗೂ ಈಗಾಗಲೇ ತಿಳಿದಿರುವ ವಿಚಾರಗಳ ಮುಖಾಂತರವೇ ಹೇಳಬೇಕಾಗುತ್ತದೆಯೇ ಹೊರತು, ನೇರ ಹೊಸ ಪರಿಭಾಷೆಯಲ್ಲಿ ಹೊಸವಿಚಾರಗಳನ್ನು ಹೇಳುವುದು ಸಾಧ್ಯವಿಲ್ಲ, ಸಾಧುವೂ ಅಲ್ಲ; ಒಂದು ವೇಳೆ ಹಾಗೆ ಮಾಡಲು ಯತ್ನಿಸಿದರೆ ಅದು ಯಾರಿಗೂ ಅರ್ಥವೂ ಆಗುವುದಿಲ್ಲ.","ನಿಜ, ಸತ್ಯ, ಕಾಲ, ಸಮಯ",Live,Yes,a,2025-02-07 21:11:51
ನೇರ,ಪತ್ರಿಕಾಗೋಷ್ಠಿ ಫೇಸ್‌ಬುಕ್‌ನಲ್ಲಿ ನೇರ ಪ್ರಸಾರವಾಗುತ್ತಿದ್ದಂತೆ ಅಧಿಕಾರಿ ಮುಖದ ಮೇಲೆ,"ನಿಜ, ಸತ್ಯ, ಕಾಲ, ಸಮಯ",Live,Yes,a,2025-02-07 21:11:51
ನೇರ,"ಬಾಂಗ್ಲಾದೇಶದಲ್ಲಿಯೂ ಹೆಚ್ಚುತ್ತಿರುವ ದೌರ್ಜನ್ಯಗಳು, ಜನವಿರೋಧಿ ನೀತಿಗಳ ನೇರ ಬಲಿ ಮಹಿಳೆಯರು ಎಂಬಿತ್ಯಾದಿ ಮಾತುಗಳಿಂದ ವಿಶ್ವದಾದ್ಯಂತ ಕಟ್ಟಬೇಕಾದ ಮಹಿಳಾ ಚಳುವಳಿಯ ಸಣ್ಣ ಕಲ್ಪನೆಯನ್ನು ಪಡೆಯಲು ಸಾಧ್ಯವಾಯಿತು.","ನಿಜ, ಸತ್ಯ, ಕಾಲ, ಸಮಯ",Live,Yes,a,2025-02-07 21:11:51
ನೇರ,ಇಮ್ರಾನ್‌ ಖಾನ್‌ ಚೀನಾದ ಬೀಜಿಂಗ್‌ನ ಶಾಲೆ ಯೊಂದರಲ್ಲಿ ಭಾಷಣ ಮಾಡುತ್ತಿರುವುದನ್ನು ನೇರ ಪ್ರಸಾರ ಮಾಡಿರುವ ಪಾಕಿಸ್ತಾನ ಟೆಲಿವಿಷನ್‌ ಕಾರ್ಪೊರೇಷನ್‌(ಪಿಟಿವಿ)ಬೀಜಿಂಗ್‌ನಿಂದ ನೇರ ಪ್ರಸಾರ ಎಂದು ನಮೂದಿಸುವ ಕಡೆ ಬೀಜಿಂಗ್‌ ಬದಲು ಬೆಗ್ಗಿಂಗ್‌ (ಭಿಕ್ಷಾಟನೆ) ಎಂದು ನಮೂದಿಸಿದೆ.,"ನಿಜ, ಸತ್ಯ, ಕಾಲ, ಸಮಯ",Live,Yes,a,2025-02-07 21:11:51
ನೇರ,ಹೀಗೆ ಸಮಾಧಿಗಳ ಕಲ್ಪನೆಗೂ ದೇವಾಲಯದ ನಿರ್ಮಾಣಕ್ಕೂ ನೇರ ಸಂಬಂಧವಿದೆ.,"ನಿಜ, ಸತ್ಯ, ಕಾಲ, ಸಮಯ",Live,Yes,a,2025-02-07 21:11:51
ನೇರ,"49ರಷ್ಟು ನೇರ ಹೂಡಿಕೆಗೆ ಮಾತ್ರ ಅವಕಾಶವಿದ್ದು, ಶೇ.","ನಿಜ, ಸತ್ಯ, ಕಾಲ, ಸಮಯ",Live,Yes,a,2025-02-07 21:11:51
ನೇರ,"ಯಾವುದೇ ನೇರ ಕಸುಬಿ ವೈದ್ಯ ಮತ್ತು ವಿಜ್ಞಾನಪುಟಗಳು ಡೆಂಗಿಯಾದಿ ವೈರಲ್ ಜ್ವರಗಳಿಗೆ ಯಾವುದೇ ಔಷಧವನ್ನು, ನಿರಂತರ ರಕ್ತಕಣಗಳ ಪರೀಕ್ಷೆ ಮತ್ತು ಅಗತ್ಯ ಬಂದರೆ ಪೂರಣವನ್ನು ಹೇಳುವುದಿಲ್ಲ.","ನಿಜ, ಸತ್ಯ, ಕಾಲ, ಸಮಯ",Live,Yes,a,2025-02-07 21:11:51
ನೇರ,"ಮಂಗಳೂರು, ಉಡುಪಿ, ಶಿವಮೊಗ್ಗ, ಮೈಸೂರು, ದಾವಣಗೆರೆ, ಬಳ್ಳಾರಿ, ರಾಯಚೂರು, ಹುಬ್ಬಳ್ಳಿಯಿಂದಲೂ ನೇರ ಬಸ್‌ ಸೌಲಭ್ಯ ಇದೆ.","ನಿಜ, ಸತ್ಯ, ಕಾಲ, ಸಮಯ",Live,Yes,a,2025-02-07 21:11:51
ನೇರ,ಸೂರ್ಯನು ಸಂಧ್ಯೋಪಾಸನೆಯಂತಹ ನಿತ್ಯಾನುಷ್ಠಾನದ ನೇರ ವಿಸ್ತರಣೆಯಂತಿರುವುದರಿಂದ ಅವನಿಗೆ ಪ್ರಾಥಮ್ಯ.,"ನಿಜ, ಸತ್ಯ, ಕಾಲ, ಸಮಯ",Live,Yes,a,2025-02-07 21:11:51
ನೇರ,ನೂತನ ಜವಳಿ ನೀತಿಯಡಿ ಬ್ಯಾಂಕ್ಗಳಿಗೆ ನೇರ ಸಾಲಪಡೆಯಲು ನೂತನ ಉದ್ಯಮಿದಾರರಿಗೆ ಇಲಾಖೆ ನೆರವು ಒದಗಿಸುತ್ತಿದೆ ಹಾಗೂ ಜವಳಿ ಕ್ಷೇತ್ರದಲ್ಲಿ ಆಸಕ್ತಿ ಹೊಂದಿವದಿರಗೆ ಇಲಾಖೆಯಿಂದ ತರಬೇತಿ ಸಹ ನೀಡಲಾಗುತ್ತಿದೆ.,"ನಿಜ, ಸತ್ಯ, ಕಾಲ, ಸಮಯ",Live,Yes,a,2025-02-07 21:11:51
ನೇರ,"ಹೈಕಮಾಂಡ್ ನೇರ ಸಂಪರ್ಕದಿಂದ ಕಾಂಗ್ರೆಸ್ ಗೆ ಬಂದ, ಅದೇ ಸಂಪರ್ಕದಿಂದಲೇ ವಿಧಾನಸಭೆ ಪ್ರತಿಪಕ್ಷ ನಾಯಕ, ಮುಖ್ಯಮಂತ್ರಿ ಪಟ್ಟವನ್ನೂ ಅಲಂಕರಿಸಿದ ಸಿದ್ದರಾಮಯ್ಯ ಅವರನ್ನು ಈವರೆಗೂ ಯಾರು ಪ್ರಶ್ನೆ ಮಾಡಿರಲಿಲ್ಲ.","ನಿಜ, ಸತ್ಯ, ಕಾಲ, ಸಮಯ",Live,Yes,a,2025-02-07 21:11:51
ನೇರ,ಇಲ್ಲಿ ಪಿಂಡದಾನ ಮಾಡಿದರೆ ನೇರ ವೈಕುಂಠ ಮೋಕ್ಷ ದೊರೆಯುತ್ತದೆ ಎನ್ನಲಾಗುತ್ತದೆ.,"ನಿಜ, ಸತ್ಯ, ಕಾಲ, ಸಮಯ",Live,Yes,a,2025-02-07 21:11:51
ನೇರ,"ಹೀಗಿರುತ್ತಾ ಅದೊಂದು ದಿನ ದೃಢ ನಿರ್ಧಾರಕ್ಕೆ ಬಂದವರಂತೆ ಶೈಲಜಾ ಅವರು ಸ್ನಾತಕೋತ್ತರ ಪದವಿ ಪಡೆದುಕೊಳ್ಳುವ ನಿರ್ಧಾರ ಮಾಡಿಯೇ ಬಿಟ್ಟರು, ಅದೂ ಅಂಚೆ ತೆರಪಿನ (Distance course) ಮೂಲಕವಲ್ಲ, ಬದಲಾಗಿ ಇವರ ಮನೆಯಿಂದ 20 ಕಿಲೋಮೀಟರ್ ದೂರದಲ್ಲಿದ್ದ ವಿಶ್ವವಿದ್ಯಾನಿಲಯಕ್ಕೆ ಪ್ರತೀದಿನ ರೈಲಿನಲ್ಲಿ ಸಾಗಿ ನೇರ ತರಗತಿಗಳಿಗೆ ಪ್ರವೇಶ ಪಡೆದು ನಿತ್ಯ ತರಗತಿಗಳಿಗೆ ಹಾಜರಾಗುವ ಮೂಲಕ.","ನಿಜ, ಸತ್ಯ, ಕಾಲ, ಸಮಯ",Live,Yes,a,2025-02-07 21:11:51
ನೇರ,ಪುಸ್ತಕದಿಂದ ದೊರೆಯುವ ಮಾಹಿತಿಯನ್ನು ಪಡೆಯುವುದು ಕಸುಬಿನ ನೇರ ಅನುಭವಕ್ಕಿಂತ ಮುಖ್ಯ ಅನ್ನುವ ಧೋರಣೆ ಬೆಳೆಯಿತು.,"ನಿಜ, ಸತ್ಯ, ಕಾಲ, ಸಮಯ",Live,Yes,a,2025-02-07 21:11:51
ನೇರ,"ನವದೆಹಲಿ: ದೇಶದ ಆರ್ಥಿಕ ವ್ಯವಸ್ಥೆಯ ಸ್ವರೂಪ ನಿರ್ಧರಿಸುವ ನೇರ ತೆರಿಗೆ ಸಂಗ್ರಹ ಮೊತ್ತ, ಆದಾಯ ಮತ್ತು ಬಳಕೆ ವಿಧಾನದಲ್ಲಿ ಭಾರಿ ವ್ಯತ್ಯಾಸ ಕಾಣುತ್ತಿದ್ದು ಒಂದೊಕ್ಕೊಂದು ತಾಳೆಯಾಗುತ್ತಿಲ್ಲ.","ನಿಜ, ಸತ್ಯ, ಕಾಲ, ಸಮಯ",Live,Yes,a,2025-02-07 21:11:51
ನೇರ,ಪತ್ರಕರ್ತ ವಿಶ್ವಕಪ್ ನಡೆಯುತ್ತಿದ್ದ ರಸ್ತೆಯಲ್ಲಿ ನೇರ ಪ್ರಸಾರ ಮಾಡುತ್ತಿದ್ದರು.,"ನಿಜ, ಸತ್ಯ, ಕಾಲ, ಸಮಯ",Live,Yes,a,2025-02-07 21:11:51
ನೇರ,ವಿಶ್ವನಾಥರೆ ನಿಮ್ಮ ಸೋಲಿಗೆ ಇವಿಎಂ ನೇರ ಕಾರಣ.,"ನಿಜ, ಸತ್ಯ, ಕಾಲ, ಸಮಯ",Live,Yes,a,2025-02-07 21:11:51
ನೇರ,ಕರ್ನಾಟಕ ರಾಜ್ಯ ರಸ್ತೆ ಸಾರಿಗೆ ನಿಗಮದ ವತಿಯಿಂದ ಮೇಲ್ವಿಚಾರಕೇತರ ವರ್ಗದ ವಿವಿಧ ವೃಂದಗಳ ಒಟ್ಟು 1116 ಹುದ್ದೆಗಳಿಗೆ ಮೆರಿಟ್ ಆಧಾರದ ಮೇಲೆ ನೇರ ನೇಮಕಾತಿಗಾಗಿ ಆನ್‌ಲೈನ್ ಮೂಲಕ ಅರ್ಜಿಯನ್ನು ಆಹ್ವಾನಿಸಲಾಗಿತ್ತು.,"ನಿಜ, ಸತ್ಯ, ಕಾಲ, ಸಮಯ",Live,Yes,a,2025-02-07 21:11:51
ನೇರ,"ಮೂಡುಬಿದಿರೆ: ರಾಜ್ಯದ 19 ಇಲಾಖೆಗಳಲ್ಲಿ 1ನೇ, 2ನೇ ದರ್ಜೆಯ ಹುದ್ದೆಗಳಿಗೆ ರಾಷ್ಟ್ರಮಟ್ಟದಲ್ಲಿ ಸಾಧನೆ ತೋರಿದ ಕ್ರೀಡಾಳುಗಳಿಗೆ ನೇರ ನೇಮಕಾತಿ ನಡೆಸಲು ಕ್ರಮ ಕೈಗೊಳ್ಳಲಾಗುತ್ತಿದೆ ಎಂದು ರಾಜ್ಯ ಗ್ರಾಮೀಣಾಭಿವೃದ್ಧಿ, ಪಂಚಾಯತ್‌ರಾಜ್‌ ಮತ್ತು ಕ್ರೀಡಾ ಸಚಿವ ಈಶ್ವರಪ್ಪ ಹೇಳಿದರು.","ನಿಜ, ಸತ್ಯ, ಕಾಲ, ಸಮಯ",Live,Yes,a,2025-02-07 21:11:52
ನೇರ,"ಆದರೆ ವಿರೋಧ ಪಕ್ಷವಾದ ಬಿಜೆಪಿ, ಅಭ್ಯರ್ಥಿ ಯನ್ನು ಕಣಕ್ಕಿಳಿಸಿದ್ದು, ನೇರ ಪೈಪೋಟಿಯನ್ನು ನಡೆಸಲು ಮುಂದಾಗಿದೆ.","ನಿಜ, ಸತ್ಯ, ಕಾಲ, ಸಮಯ",Live,Yes,a,2025-02-07 21:11:52
ನೇರ,ಲೈಂಗಿಕ ಕಿರುಕುಳದ ರೂಪವನ್ನು ತೆಗೆದುಕೊಳ್ಳುವ ಲೈಂಗಿಕ ಕಿರುಕುಳದ ಸ್ವರೂಪವನ್ನು ಎದುರಿಸುವ ವ್ಯಕ್ತಿಗಳಿಗೆ ಲೈಂಗಿಕ VIEI ಸಹ ಲೈಂಗಿಕ ಸಂಬಳದ ನೇರ ವಿನಂತಿಗಳನ್ನು ತೆಗೆದುಕೊಳ್ಳುವ ವ್ಯಕ್ತಿಗಳಿಗೆ ರಕ್ಷಣೆ ನೀಡುವಂತಹುದಾಗಿದೆ.,"ನಿಜ, ಸತ್ಯ, ಕಾಲ, ಸಮಯ",Live,Yes,a,2025-02-07 21:11:52
ನೇರ,ಈ ಬಾರಿ ನೇರ ಸ್ಪರ್ಧೆ ಇರುವುದರಿಂದ ಇಲ್ಲಿ ಬಿ.,"ನಿಜ, ಸತ್ಯ, ಕಾಲ, ಸಮಯ",Live,Yes,a,2025-02-07 21:11:52
ನೇರ,ಪೊಲೀಸ್‌ ಇಲಾಖೆಯಲ್ಲಿ ಕ್ರೀಡಾ ಕೋಟಾದಲ್ಲಿ ನೇರ ನೇಮಕಾತಿ ಇತ್ತು.,"ನಿಜ, ಸತ್ಯ, ಕಾಲ, ಸಮಯ",Live,Yes,a,2025-02-07 21:11:52
ನೇರ,"ವಿಜ್ಞಾನ ವಿಷಯಕ್ಕೆ ತಕ್ಕಂತೆ ನೇರ ಚಲನೆ, ವಕ್ರ ಚಲನೆ, ಗ್ರಹಣ ಸೇರಿದಂತೆ ವಿವಿಧ ವಿಷಯಗಳಿಗೆ ಸಂಬಂಧಿಸಿದಂತೆ ಪ್ರಯೋಗಗಳನ್ನು ಮಾಡಿಸಿದ್ದಾರೆ ಎನ್ನುತ್ತಾರೆ 5ನೇ ತರಗತಿ ವಿದ್ಯಾರ್ಥಿನಿ ಪವಿತ್ರಾ ಬೆಟಗೇರಿ.","ನೆಟ್ಟಗಿರುವಿಕೆ, ಡೊಂಕಿಲ್ಲದಿರುವಿಕೆ","Erect, not bent",Yes,a,2025-02-07 21:18:59
ನೇರ,ತಮ್ಮ ವ್ಯವಹಾರವನ್ನು ನೇರ ಮತ್ತು ಸರಾಸರಿ ಮತ್ತು ತೇಲುವಂತೆ ಇರಿಸಿಕೊಳ್ಳಲು ಅಗ್ಗದ ಮಾರ್ಗವನ್ನು ಹುಡುಕುತ್ತಾರೆ.,"ನೆಟ್ಟಗಿರುವಿಕೆ, ಡೊಂಕಿಲ್ಲದಿರುವಿಕೆ","Erect, not bent",Yes,a,2025-02-07 21:18:59
ನೇರ,"in) : ಉತ್ತಮ ನಡೆ ನುಡಿಯ ನೇರ ವ್ಯಕ್ತಿತ್ವವನ್ನು ಹೊಂದಿರುವ ಒಬ್ಬ ನಿಷ್ಟಾವಂತ ನ್ಯಾಯಾವಾದಿಯಾಗಿ ಕಳೆದ ಹಲವಾರು ವರ್ಷದಿಂದ ಪುತ್ತೂರು ವರ್ತಕ ಸಂಘದಲ್ಲಿ ಕಾನೂನು ಸಲಹೆಗಾರರಾಗಿ, ಹಲವು ಸಂಘ ಸಂಸ್ಥೆಗಳಲ್ಲಿ ಹಲವಾರು ಹುದ್ದೆಗಳನ್ನು ಅಲಂಕರಿಸಿ ಸಕ್ರೀಯ ಜನಸೆವಕರಾಗಿ ಇದೀಗ ರಾಜ್ಯ ಕಾನೂನು ಮತ್ತು ಮಾನವ ಹಕ್ಕುಗಳ ವಿಬಾಗದ ರಾಜ್ಯ ಸಂಘಟನಾ ಕಾರ್ಯದರ್ಶಿಯಾಗಿ ನೆಮಕಗೊಂಡ ಫ಼ಜ಼ಲ್ ರಹೀಮ್ ರವರಿಗೆ ವಾಣಿಜ್ಯ ಮತ್ತು ಕೈಗಾರಿಕಾ ಸಂಘದ ವತಿಯಿಂದ ಅವರ ಕಚೇರಿಯಲ್ಲಿ ಸನ್ಮಾನಿಸಲಾಯಿತು.","ನೆಟ್ಟಗಿರುವಿಕೆ, ಡೊಂಕಿಲ್ಲದಿರುವಿಕೆ","Erect, not bent",Yes,a,2025-02-07 21:18:59
ನೇರ,ಕುದುಮುಸರಿಗೆ ಯಾವುದೇ ನೇರ ರಸ್ತೆ ಸಂಪರ್ಕವಿಲ್ಲ.,"ನೆಟ್ಟಗಿರುವಿಕೆ, ಡೊಂಕಿಲ್ಲದಿರುವಿಕೆ","Erect, not bent",Yes,a,2025-02-07 21:18:59
ನೇರ,"ವಿಜಯಪುರದಿಂದ ಮುಂಬಯಿಗೆ ದಿನನಿತ್ಯ ಸಾವಿರಾರು ಸಂಖ್ಯೆಯಲ್ಲಿ ಪ್ರಯಾಣಿಕರು ಪ್ರಯಾಣ ಬೆಳೆಸುತ್ತಾರೆ, ವ್ಯಾಪಾರೋದ್ಯಮಿಗಳು ಸಹ ದಿನನಿತ್ಯ ತಮ್ಮ ವ್ಯಾಪಾರ-ವಹಿವಾಟು ಉದ್ದೇಶದಿಂದ ಮುಂಬಯಿಗೆ ತೆರಳುತ್ತಾರೆ, ಹಿಂದೆ ಮುಂಬಯಿಗೆ ನೇರ ರೈಲು ಸಂಪರ್ಕವಿಲ್ಲದೇ ಪ್ರಯಾಣಿಕರು ಪರದಾಡುವಂತಹ ಪರಿಸ್ಥಿತಿ ನಿರ್ಮಾಣವಾಗಿತ್ತು, ಸೊಲ್ಲಾಪೂರಕ್ಕೆ ತೆರಳಿ ಅಲ್ಲಿಂದ ಮುಂಬಯಿ ಟ್ರೇನ್‌ ಹಿಡಿಯುವ ಅನಿವಾರ್ಯತೆ ಇತ್ತು.","ನೆಟ್ಟಗಿರುವಿಕೆ, ಡೊಂಕಿಲ್ಲದಿರುವಿಕೆ","Erect, not bent",Yes,a,2025-02-07 21:18:59
ನೇರ,ಹಾಗಾಗಿ ಸೂರ್ಯನ ನೇರ ಬೆಳಕಿನಿಂದ ದೂರವಿಡುವುದು ಉತ್ತಮ.,"ನೆಟ್ಟಗಿರುವಿಕೆ, ಡೊಂಕಿಲ್ಲದಿರುವಿಕೆ","Erect, not bent",Yes,a,2025-02-07 21:18:59
ನೇರ,"ಕೇಸ್ ರೂಪದಲ್ಲಿ ನೇರ ಶೈಲಿಗಳಂತೆ ಉತ್ತಮವಾಗಿ ನೋಡಿ, ಮತ್ತು ಭುಗಿಲೆದ್ದಿತು.","ನೆಟ್ಟಗಿರುವಿಕೆ, ಡೊಂಕಿಲ್ಲದಿರುವಿಕೆ","Erect, not bent",Yes,a,2025-02-07 21:18:59
ನೇರ,ನೇರ ಸಂಚಾರ ಸ್ಥಗಿತ: ಪ್ರಯಾಣಿಕರ ಪರದಾಟ,"ನೆಟ್ಟಗಿರುವಿಕೆ, ಡೊಂಕಿಲ್ಲದಿರುವಿಕೆ","Erect, not bent",Yes,a,2025-02-07 21:18:59
ನೇರ,"ಈ ಸಂದರ್ಭದಲ್ಲಿ, ಹಲವಾರು ಗಂಟೆಗಳು ತೆಗೆದುಕೊಳ್ಳುತ್ತದೆ, ಚಂದ್ರನ ಮೇಲ್ಮೈಗೆ ತಲುಪಲು ಭೂಮಿಯು ನೇರ ಸೂರ್ಯನ ಬೆಳಕನ್ನು ನಿರ್ಬಂಧಿಸುತ್ತದೆ, ಆದರೂ ಚಂದ್ರನನ್ನು ಇನ್ನೂ ಮಸುಕಾದ ಪ್ರತಿಬಿಂಬದ ಬೆಳಕಿನಲ್ಲಿ ಕಾಣಬಹುದು.","ನೆಟ್ಟಗಿರುವಿಕೆ, ಡೊಂಕಿಲ್ಲದಿರುವಿಕೆ","Erect, not bent",Yes,a,2025-02-07 21:18:59
ನೇರ,ಹಿಂದಿನ ಉದ್ವಿಗ್ನದಲ್ಲಿ ನೇರ ವಸ್ತು ಸರ್ವನಾಮಗಳನ್ನು ಬಳಸುವುದಕ್ಕೆ ನಾಲ್ಕು ಚಲಿಸುವ ಭಾಗಗಳು ಇವೆ.,"ನೆಟ್ಟಗಿರುವಿಕೆ, ಡೊಂಕಿಲ್ಲದಿರುವಿಕೆ","Erect, not bent",Yes,a,2025-02-07 21:18:59
ನೇರ,"ಸಹಜವಾಗಿ, ಡೆನಿಮ್ ಸ್ಕರ್ಟ್ ಅನ್ನು ಹೊಲಿಯಲು ಸಾಕಷ್ಟು ಆಯ್ಕೆಗಳಿವೆ - ಡೆನಿಮ್ ಮತ್ತು ಚಿಫನ್ ಅಥವಾ ಸ್ಯಾಟಿನ್ಗಳನ್ನು ಸಂಯೋಜಿಸುವ ಸರಳ ನೇರ ಕಟ್ನಿಂದ ಮಾದರಿಗಳು.","ನೆಟ್ಟಗಿರುವಿಕೆ, ಡೊಂಕಿಲ್ಲದಿರುವಿಕೆ","Erect, not bent",Yes,a,2025-02-07 21:18:59
ನೇರ,"ಜಿಲ್ಲೆಯ ಭದ್ರಾ, ಶಾಂತಿಸಾಗರ, ತುಂಗಾಭದ್ರಾ ಸೇರಿದಂತೆ ನೀರಾವರಿ ಅಚ್ಚುಕಟ್ಟು ಭಾಗದ ರೈತರು ಹಾಗೂ ಕೊನೆ ಭಾಗಕ್ಕೆ ಕಡಿಮೆ ಪ್ರಮಾಣದಲ್ಲಿ ನೀರು ದೊರೆಯುವ ರೈತರು ನೇರ ಕೂರಿಗೆ ಭತ್ತದ ಬಿತ್ತನೆ ಅಳವಡಿಸಿಕೊಂಡರೆ ಹೆಚ್ಚು ಅನುಕೂಲ.","ನೆಟ್ಟಗಿರುವಿಕೆ, ಡೊಂಕಿಲ್ಲದಿರುವಿಕೆ","Erect, not bent",Yes,a,2025-02-07 21:18:59
ನೇರ,"ದಿನನಿತ್ಯದ ಮೆನುವಿನಲ್ಲಿ ನೀವು ಬ್ರೆಡ್, ಧಾನ್ಯಗಳು, ಹಣ್ಣುಗಳು, ತರಕಾರಿಗಳೊಂದಿಗೆ, ಹುಳಿ-ಹಾಲು ಉತ್ಪನ್ನಗಳು, ನೇರ ಮಾಂಸ, ಕೋಳಿಗಳನ್ನು ಸೇರಿಸಿಕೊಳ್ಳಬೇಕು.","ನೆಟ್ಟಗಿರುವಿಕೆ, ಡೊಂಕಿಲ್ಲದಿರುವಿಕೆ","Erect, not bent",Yes,a,2025-02-07 21:18:59
ನೇರ,ನೈಸರ್ಗಿಕವಾಗಿ ನೇರ ಕೂದಲನ್ನು ಪಡೆದುಕೊಳ್ಳುವ ಹಂಬಲ ಇದ್ದಲ್ಲಿ ಇಲ್ಲಿದೆ ನೈಸರ್ಗಿಕ ಪರಿಹಾರ.,"ನೆಟ್ಟಗಿರುವಿಕೆ, ಡೊಂಕಿಲ್ಲದಿರುವಿಕೆ","Erect, not bent",Yes,a,2025-02-07 21:18:59
ನೇರ,"ಅತ್ಯುತ್ತಮ ಬೇಸಿಗೆ ಲಘು ಟೊಮೆಟೊಗಳೊಂದಿಗೆ ನೇರ ಸ್ಯಾಂಡ್ವಿಚ್ಗಳಾಗಿರುತ್ತದೆ , ನೀವು ಹೆಚ್ಚು ಯುವ ಕುಂಬಳಕಾಯಿಯನ್ನು ಹೋಲುವ ಚೀನೀಕಾಯಿ ಅಥವಾ ಕುಂಬಳಕಾಯಿಯನ್ನು ಹೋಲುವ ಚೀನೀಕಾಯಿ ಸೇರಿಸಿ ಅದು ತುಂಬಾ ಟೇಸ್ಟಿ ಎಂದು ಕಾಣಿಸುತ್ತದೆ.","ನೆಟ್ಟಗಿರುವಿಕೆ, ಡೊಂಕಿಲ್ಲದಿರುವಿಕೆ","Erect, not bent",Yes,a,2025-02-07 21:18:59
ನೇರ,"ಅಲ್ಮಾಗ್ರೊ ಚಿಕ್ಕವರನ್ನು ತ್ವರಿತವಾಗಿ ಸೆಳೆಯಿತು ಮತ್ತು ಮರಣದಂಡನೆ ಮಾಡಿ, ಅಲ್ಮಾಗ್ರೊನ ನೇರ ರೇಖೆಯನ್ನು ಕೊನೆಗೊಳಿಸಿದನು.","ನೆಟ್ಟಗಿರುವಿಕೆ, ಡೊಂಕಿಲ್ಲದಿರುವಿಕೆ","Erect, not bent",Yes,a,2025-02-07 21:18:59
ನೇರ,"ಅಲರ್ಜಿಗಳು ಮತ್ತು ಆಸ್ತಮಾ ಹೊಂದಿರುವವರಿಗೆ, ಪ್ರತಿ ದಿನವೂ ಕಣ್ಣುಗಳು, ಮೂಗು ಮತ್ತು ಬಾಯಿಯೊಂದಿಗೆ ನೇರ ಸಂಪರ್ಕದಲ್ಲಿರುವುದರಿಂದ ಹೆಚ್ಚಾಗಿ ಮೆತ್ತೆ ಪ್ರಕರಣಗಳನ್ನು ಬದಲಿಸುವುದನ್ನು ಪರಿಗಣಿಸುತ್ತಾರೆ.","ನೆಟ್ಟಗಿರುವಿಕೆ, ಡೊಂಕಿಲ್ಲದಿರುವಿಕೆ","Erect, not bent",Yes,a,2025-02-07 21:18:59
ನೇರ,ಇಂಪಾವಿಡ್ ಹ್ಯಾಟ್ರಿಕ್ ಗೆಲುವು ಪಡೆದ ನಂತರ ಕೋಲ್ಟ್ಸ್ ಚಾಂಪಿಯನ್‌ಶಿಪ್‌ ಸ್ಟೇಕ್ಸ್‌ನಲ್ಲಿ ವಾರ್ ಹ್ಯಾಮರ್ಗೆ ನೇರ ಅಂತರದಲ್ಲಿ ಸೋತಿದೆ.,"ನೆಟ್ಟಗಿರುವಿಕೆ, ಡೊಂಕಿಲ್ಲದಿರುವಿಕೆ","Erect, not bent",Yes,a,2025-02-07 21:18:59
ನೇರ,ಆದರೆ ಅದು ಪ್ರವಾಸಿಗರಿಗೆ ಗೋಚರಿಸದಿರುವುದರಿಂದ ವಾಹನ ಚಾಲಕರು ನೇರ ಬಂಡೀಪುರಕ್ಕೆ ಹೋಗಿ ಅಲ್ಲಿ ವಿಚಾರಿಸಿ ಹಿಂತಿರುಗಿ ಬರುವಂತಾಗಿದೆ.,"ನೆಟ್ಟಗಿರುವಿಕೆ, ಡೊಂಕಿಲ್ಲದಿರುವಿಕೆ","Erect, not bent",Yes,a,2025-02-07 21:18:59
ನೇರ,ಟಾಪ್ ಲೂಯಿನ್ ಸ್ಟೀಕ್: ನ್ಯೂಯಾರ್ಕ್ ಸಿಟಿ ಅಥವಾ ಕಾನ್ಸಾಸ್ ಸಿಟಿಯ ಸ್ಟ್ರಿಪ್ ಸ್ಟೀಕ್ ಆಗಿ ಮಾರಾಟ ಮಾಡಲ್ಪಟ್ಟ ಈ ಕಟ್ ನೇರ ಮತ್ತು ಪೂರ್ಣ ಪರಿಮಳವನ್ನು ಹೊಂದಿದೆ.,"ನೆಟ್ಟಗಿರುವಿಕೆ, ಡೊಂಕಿಲ್ಲದಿರುವಿಕೆ","Erect, not bent",Yes,a,2025-02-07 21:18:59
ನೇರ,ನೇರ ಆದರೆ ಸಭ್ಯರಾಗಿರಿ.,"ನೆಟ್ಟಗಿರುವಿಕೆ, ಡೊಂಕಿಲ್ಲದಿರುವಿಕೆ","Erect, not bent",Yes,a,2025-02-07 21:18:59
ನೇರ,ನೇರ ಸೂರ್ಯನ ಬೆಳಕಿನಿಂದ ಹೊರಗಿಡಲು ಇದು ಉತ್ತಮವಾಗಿದೆ.,"ನೆಟ್ಟಗಿರುವಿಕೆ, ಡೊಂಕಿಲ್ಲದಿರುವಿಕೆ","Erect, not bent",Yes,a,2025-02-07 21:18:59
ನೇರ,ಚಾಪೆ ಒಂದು ಬಟ್ಟೆ ನೆಲದ ಮೇಲೆ ಒಣಗಲು ಅಥವಾ ನೇರ ಸೂರ್ಯ ಮತ್ತು ಶಾಖದಿಂದ ಹಲ್ಲುಗಾಡಿ ಒಣಗಲು ಅನುಮತಿಸಿ.,"ನೆಟ್ಟಗಿರುವಿಕೆ, ಡೊಂಕಿಲ್ಲದಿರುವಿಕೆ","Erect, not bent",Yes,a,2025-02-07 21:18:59
ನೇರ,ವೆಂಟ್-ಮುಕ್ತ ಮಾದರಿಗಳು ಜ್ವಾಲೆಗಳು ನೇರ ಹೊಂಡದ ಅನಿಲ ಅಥವಾ ಮರದ ಸುಡುವ ಬೆಂಕಿಯ ಸ್ಥಳಗಳಿಗಿಂತ ಕಡಿಮೆ ನೈಜವಾಗಿ ಕಾಣುತ್ತವೆ.,"ನೆಟ್ಟಗಿರುವಿಕೆ, ಡೊಂಕಿಲ್ಲದಿರುವಿಕೆ","Erect, not bent",Yes,a,2025-02-07 21:18:59
ನೇರ,"ಆದಾಗ್ಯೂ, ನೇರ ಶೈಲಿ ಒಂದೇ ಪರಿಹಾರಕ್ಕೆ ಸೀಮಿತವಾಗಿರಲಿಲ್ಲ.","ನೆಟ್ಟಗಿರುವಿಕೆ, ಡೊಂಕಿಲ್ಲದಿರುವಿಕೆ","Erect, not bent",Yes,a,2025-02-07 21:18:59
ನೇರ,"ನೇರ ಬೆನ್ನಿನಿಂದ, ನಿಮ್ಮ ಮುಂದಕ್ಕೆ ನೇರ ಮುಂದಕ್ಕೆ ಮುನ್ನಡೆಯುವುದು.","ನೆಟ್ಟಗಿರುವಿಕೆ, ಡೊಂಕಿಲ್ಲದಿರುವಿಕೆ","Erect, not bent",Yes,a,2025-02-07 21:18:59
ನೇರ,"ನಿಷ್ಪಕ್ಷಪಾತಿ, ನ್ಯಾಯನಿಷ್ಠುರ ಮತ್ತು ನೇರ ಮಾತಿನ ಸಭ್ಯ ವ್ಯಕ್ತಿ ಎಂದೂ ಅವರು ಹೇಳುತ್ತಾರೆ.","ನೆಟ್ಟಗಿರುವಿಕೆ, ಡೊಂಕಿಲ್ಲದಿರುವಿಕೆ","Erect, not bent",Yes,a,2025-02-07 21:18:59
ನೇರ,"ಒಂದು ಸೂಟ್ ಜಾಕೆಟ್, ನೇರ ಕೋಟ್, ಪಂಪ್ಗಳು, ಕಟ್ಟುನಿಟ್ಟಾದ ಚೀಲ - ನೀವು ಒಂದು ಲೇಸ್ ಡ್ರೆಸ್-ಸಂಯೋಜನೆಯನ್ನು ಬಳಸಿದರೆ, ವ್ಯಾಪಾರದ ಸಜ್ಜುಯಾಗಿ, ಆಗ ವಾರ್ಡ್ರೋಬ್ ಮತ್ತು ಅದರ ಪರಿಕರಗಳನ್ನು ಕ್ಲಾಸಿಕ್ ಆಯ್ಕೆ ಮಾಡಬೇಕು.","ನೆಟ್ಟಗಿರುವಿಕೆ, ಡೊಂಕಿಲ್ಲದಿರುವಿಕೆ","Erect, not bent",Yes,a,2025-02-07 21:18:59
ನೇರ,ನೇರ ಮಿಡಿ ಉಡುಗೆ ಅಥವಾ ಲ್ಯಾಕ್ ಡಾರ್ಕ್ ಮಾದರಿಗಳನ್ನು ಆಯ್ಕೆ ಮಾಡುವುದು ಉತ್ತಮ.,"ನೆಟ್ಟಗಿರುವಿಕೆ, ಡೊಂಕಿಲ್ಲದಿರುವಿಕೆ","Erect, not bent",Yes,a,2025-02-07 21:18:59
ನೇರ,"ಸೊಂಪಾದ ಗ್ರೀನ್ಸ್ ಮತ್ತು ಸುಂದರ ಕಲ್ಲುಗಳ ಸಂಯೋಜನೆಯೊಂದಿಗೆ ಮುಂಭಾಗದ ಬಾಗಿಲಕ್ಕೆ ಬಾಗಿದ ರೋಮಾಂಚಕ ಪ್ರತಿಕ್ರಿಯಾ ಸರಣಿಯನ್ನು ರಚಿಸುವಲ್ಲಿ ನೀವು ಉತ್ತಮವಾದರೆ, ಯಾವುದೇ ಪಾತ್ರವಿಲ್ಲದೆಯೇ ನೇರ ಮಾರ್ಗಕ್ಕಿಂತ ಉತ್ತಮ ಗುಣಮಟ್ಟದ ಶಕ್ತಿಯನ್ನು ಇದು ಆಕರ್ಷಿಸುತ್ತದೆ.","ನೆಟ್ಟಗಿರುವಿಕೆ, ಡೊಂಕಿಲ್ಲದಿರುವಿಕೆ","Erect, not bent",Yes,a,2025-02-07 21:18:59
ನೇರ,"ಕ್ವಾರ್ಟರ್‌ ಫೈನಲ್‌ನಲ್ಲಿ ಫೆಡರರ್‌ ದಕ್ಷಿಣ ಆಫ್ರಿಕಾದ ಕೆವಿನ್‌ ಆ್ಯಂಡರ್ಸನ್‌ ಅವರನ್ನು 6-0, 6-4 ನೇರ ಸೆಟ್‌ಗಳಿಂದ ಸೋಲಿಸಿದರು.","ನೆಟ್ಟಗಿರುವಿಕೆ, ಡೊಂಕಿಲ್ಲದಿರುವಿಕೆ","Erect, not bent",Yes,a,2025-02-07 21:18:59
ನೇರ,"ನಾಲ್ಕು ಮಾದರಿ ಪ್ರಕಾರಗಳಿವೆ - ಯಾದೃಚ್ಛಿಕ ಪಂದ್ಯ, ಡ್ರಾಪ್ ಪಂದ್ಯ, ನೇರ ಪಂದ್ಯ ಮತ್ತು ಮುಕ್ತ ಪಂದ್ಯ.","ನೆಟ್ಟಗಿರುವಿಕೆ, ಡೊಂಕಿಲ್ಲದಿರುವಿಕೆ","Erect, not bent",Yes,a,2025-02-07 21:19:00
ನೇರ,"ಪ್ರತಿದಿನ ಸಂಚರಿಸಲಿರುವ ವಿಶ್ವಮಾನವ ಎಕ್ಸ್ ಪ್ರೆಸ್ ರೈಲು ಮೈಸೂರು ಹಾಗೂ ತುಮಕೂರು ನಡುವೆ ನೇರ ಸಂಪರ್ಕ ಹೊಂದಿರುವ ಮೊದಲ ರೈಲಾಗಿದ್ದು, ಬೆಂಗಳೂರು-ಮೈಸೂರು ನಡುವೆ ಸಂಚರಿಸುವ ಜನರಿಗೆ ಅತಿ ಹೆಚ್ಚು ಪ್ರಯೋಜನವಾಗಲಿದೆ.","ನೆಟ್ಟಗಿರುವಿಕೆ, ಡೊಂಕಿಲ್ಲದಿರುವಿಕೆ","Erect, not bent",Yes,a,2025-02-07 21:19:00
ನೇರ,ನಿಮ್ಮ ವಾರ್ಡ್ರೋಬ್ನಲ್ಲಿ ಇಂತಹ ಘಟನೆಗಾಗಿ ಮಿಡಿ-ಸ್ಕರ್ಟ್ ಅಥವಾ ಪ್ಯಾಂಟ್ ನೇರ ಕಟ್ ಆಗಿರಬೇಕು.,"ನೆಟ್ಟಗಿರುವಿಕೆ, ಡೊಂಕಿಲ್ಲದಿರುವಿಕೆ","Erect, not bent",Yes,a,2025-02-07 21:19:00
ನೇರ,"ಯಾವುದೇ ಪಬ್ನಂತೆ ಆರೋಗ್ಯಕರ ಆಯ್ಕೆಗಳು ಹುರಿಯಲಾಗುವುದಿಲ್ಲ, ಭಾರೀ ಸಾಸ್ಗಳೊಂದಿಗೆ ಬರುವುದಿಲ್ಲ, ಮತ್ತು ಆರೋಗ್ಯಕರ ತರಕಾರಿಗಳು ಮತ್ತು ನೇರ ಮಾಂಸವನ್ನು ಒಳಗೊಂಡಿರುತ್ತದೆ.","ನೆಟ್ಟಗಿರುವಿಕೆ, ಡೊಂಕಿಲ್ಲದಿರುವಿಕೆ","Erect, not bent",Yes,a,2025-02-07 21:19:00
ನೇರ,"ಇದೀಗ ನೀವು ಉಲ್ಲೇಖದ ಒಂದು ಬಿಂದುವಾಗಿ ಬಳಸಲು ನೇರ ರೇಖೆ ಇದೆ, ಮತ್ತು ಇದು ಬಾಗಿದ ನೆಟ್ಟ ಹಾಸಿಗೆ ಹತ್ತಿರದಲ್ಲಿದೆ.","ನೆಟ್ಟಗಿರುವಿಕೆ, ಡೊಂಕಿಲ್ಲದಿರುವಿಕೆ","Erect, not bent",Yes,a,2025-02-07 21:19:00
ನೇರ,"ಮಂಗಳವಾರ ರಾತ್ರಿ ನಡೆದ ಪಂದ್ಯದಲ್ಲಿ ಫ್ರಾನ್ಸ್‌ನ ಕ್ರಿಸ್ಟಿನಾ ಲಾಡೆನೊವಿಕ್ ವಿರುದ್ಧ 3-6, 3-6 ನೇರ ಸೆಟ್‌ಗಳಿಂದ ಆಘಾತ ಅನುಭವಿಸಿದ ಆಸ್ಟ್ರೇಲಿಯನ್ ಓಪನ್ ಚಾಂಪಿಯನ್ ಜಪಾನ್‌ನ ನವೊಮಿ ಒಸಾಕಾ, ದುಬೈ ಟೆನಿಸ್ ಚಾಂಪಿಯನ್‌ಶಿಪ್‌ನಿಂದ ಮೊದಲ ಸುತ್ತಿನಲ್ಲೇ ಹೊರಬಿದ್ದಿದ್ದಾರೆ.","ನೆಟ್ಟಗಿರುವಿಕೆ, ಡೊಂಕಿಲ್ಲದಿರುವಿಕೆ","Erect, not bent",Yes,a,2025-02-07 21:19:00
ನೇರ,"ಇಂದು, ಬಹುತೇಕ ಪ್ಯಾಲೆಯೊಂಟೊಲಜಿಸ್ಟ್ಗಳು, ರಾಪಿಪಿಥೆಕಸ್ಗೆ ಕಾರಣವಾದ ಪಳೆಯುಳಿಕೆಗಳು ವಾಸ್ತವವಾಗಿ ಶಿವಪಿಥೆಕಸ್ನ (ಲಿಂಗ ಭಿನ್ನತೆಗಳು ಪೂರ್ವಜ ಕೋತಿಗಳು ಮತ್ತು ಹೋಮಿನಿಡ್ಗಳ ಅಪರೂಪದ ಲಕ್ಷಣವಲ್ಲ) ಸ್ವಲ್ಪ ಚಿಕ್ಕ ಹೆಣ್ಣುಮಕ್ಕಳನ್ನು ಪ್ರತಿನಿಧಿಸುತ್ತವೆ ಎಂದು ನಂಬುತ್ತವೆ, ಮತ್ತು ಯಾವುದೇ ಜನಾಂಗವು ನೇರ ಹೋಮೋ ಸೇಪಿಯನ್ಸ್ ಪೂರ್ವಜರಲ್ಲ.","ನೆಟ್ಟಗಿರುವಿಕೆ, ಡೊಂಕಿಲ್ಲದಿರುವಿಕೆ","Erect, not bent",Yes,a,2025-02-07 21:19:00
ನೇರ,"ಇವುಗಳ ಯಾದಿಗೆ ಭೂಮಿ, ಯುರೇನಸ್‌, ನೆಪ್ಚೂನ್‌ಮತ್ತು ಪ್ಲೂಟೊ ಗ್ರಹಗಳನ್ನು ಸೇರಿಸಬೇಕು) ನಮ್ಮ ಸುತ್ತ ನಿರಂತರವಾಗಿ ಪರಿಭ್ರಮಿಸುತ್ತಿವೆ; ಪರಿಭ್ರಮಣದ ದಿಶೆ (ರಾಹು, ಕೇತು ಹೊರತಾಗಿ) ಪಶ್ಚಿಮ – ಪೂರ್ವ: ಇವುಗಳ ಕಕ್ಷೆಗಳು, ಸ್ಥಿರನಕ್ಷತ್ರ ಚಿತ್ರಗಳ ಮುನ್ನೆಲೆಯಲ್ಲಿ , ಒಂದು ಇಕ್ಕಟ್ಟು ಪಟ್ಟಿಗೆ ಸೀಮಿತವಾಗಿರುವಂತೆ ಭಾಸವಾಗುತ್ತವೆ; ಎಂದೇ ಇದರ ನೇರ ಅದೇ ದಿಶೆಯಲ್ಲಿ ಮೇಷದಿಂದ ಮೀನದವರೆಗಿನ 12 ರಾಶಿಗಳನ್ನು ಗುರುತಿಸಿದೆ; ಈ ಪಟ್ಟಿಗೆ ರಾಶಿಚಕ್ರವೆಂದು ಹೆಸರು.","ನೆಟ್ಟಗಿರುವಿಕೆ, ಡೊಂಕಿಲ್ಲದಿರುವಿಕೆ","Erect, not bent",Yes,a,2025-02-07 21:19:00
ನೇರ,ನೇರ ವಿದ್ಯುತ್ ತಂತಿಯಿಂದ ನೀರಿನ ಕೊಳವೆಗಳಿಗೆ ಏನನ್ನಾದರೂ ತಪ್ಪಿಸಲು ನೀವು ಖಂಡಿತವಾಗಿ ತಪ್ಪಿಸಲು ಬಯಸುವ ಸರ್ಪ್ರೈಸಸ್.,"ನೆಟ್ಟಗಿರುವಿಕೆ, ಡೊಂಕಿಲ್ಲದಿರುವಿಕೆ","Erect, not bent",Yes,a,2025-02-07 21:19:00
ಪೂರ್ವ,ಆಫ್ಘಾನಿ ಪ್ಯಾಂಟ್ ಪೂರ್ವ ದೇಶಗಳ ಅತಿಥಿಗಳು.,ಮೂಡಣ ದಿಕ್ಕು,Direction East,Yes,Darshan R K,2025-02-08 09:37:31
ಪೂರ್ವ,ಬಾಯಿ (Yenissei ರಲ್ಲಿ ಸಂಗಮ) - 66 ಡಿಗ್ರಿ 29 ನಿಮಿಷದ ಉತ್ತರ ಅಕ್ಷಾಂಶ ಮತ್ತು 87 ಡಿಗ್ರಿ ಮತ್ತು 14 ನಿಮಿಷಗಳ ಪೂರ್ವ ರೇಖಾಂಶದ.,ಮೂಡಣ ದಿಕ್ಕು,Direction East,Yes,Darshan R K,2025-02-08 09:37:31
ಪೂರ್ವ,"ಮೂಲಗಳ ಪ್ರಕಾರ ಪೂರ್ವ ಉತ್ತರ ಪ್ರದೇಶ ರಾಮ್ ನಗರ್ ಪಟ್ಟಣದಲ್ಲಿ ಈ ಘಟನೆ ನಡೆದಿದ್ದು, ರಾಮನಗರ್ ಪಟ್ಟಣದಲ್ಲಿ ಸ್ಥಳೀಯ ಜಿಲ್ಲಾಡಳಿತ ಶೌಚಾಲಯಗಳ ನಿರ್ಮಾಣ ಮಾಡಿತ್ತು.",ಮೂಡಣ ದಿಕ್ಕು,Direction East,Yes,Darshan R K,2025-02-08 09:37:32
ಪೂರ್ವ,"ಫೀಸ್ಟ್ ಡೇ: ಪಶ್ಚಿಮ ಚರ್ಚ್ನಲ್ಲಿ ಆಗಸ್ಟ್ 19, ಮತ್ತು ಮೇ 21 ರಂದು ಪೂರ್ವ ಚರ್ಚ್ನಲ್ಲಿ",ಮೂಡಣ ದಿಕ್ಕು,Direction East,Yes,Darshan R K,2025-02-08 09:37:32
ಪೂರ್ವ,ಈಸ್ಟ್ ಕೋಸ್ಟ್ ರೋಡ್ (ಇ ಸಿ ಆರ್) ಅಥವಾ ಪೂರ್ವ ಕರಾವಳಿ ಹೆದ್ದಾರಿಯು ತಮಿಳುನಾಡು ರಾಜ್ಯದಲ್ಲಿರುವ ಒಂದು ಸುಂದರ ಹಾಗೂ ಅದ್ಭುತವಾಗಿ ಹರಡಿದ ರಾಜ್ಯ ಹೆದ್ದಾರಿಯಾಗಿದೆ.,ಮೂಡಣ ದಿಕ್ಕು,Direction East,Yes,Darshan R K,2025-02-08 09:37:32
ಪೂರ್ವ,"ಅವುಗಳು ದಕ್ಷಿಣ ಅಮೆರಿಕಾದಲ್ಲಿ ವ್ಯಾಪಕವಾಗಿ ಹರಡಿವೆ, ಅಲ್ಲಿ ಅವು ಪೂರ್ವ ಬ್ರೆಜಿಲ್ ಮತ್ತು ಉತ್ತರ ಅರ್ಜೆಂಟೈನಾದ ದಟ್ಟವಾದ ಕಾಡುಗಳಲ್ಲಿ ವಿಶೇಷವಾಗಿ ಜನಸಂಖ್ಯೆಯನ್ನು ಹೊಂದಿವೆ.",ಮೂಡಣ ದಿಕ್ಕು,Direction East,Yes,Darshan R K,2025-02-08 09:37:32
ಪೂರ್ವ,"ವಿಶ್ವ-ಪ್ರಸಿದ್ಧ ಎಂಎಂಆರ್ಪಿಪಿ ವರ್ಲ್ಡ್ ಆಫ್ ವಾರ್ಕ್ರಾಫ್ಟ್ನ ದೊಡ್ಡ ಮತ್ತು ವೈವಿಧ್ಯಮಯ ಪ್ರಪಂಚವು ಪಾಂಡೇರಿಯಾ ಇಲ್ಲದೆ ತುಂಬಾ ಆಸಕ್ತಿದಾಯಕವಾಗಿರಲಿಲ್ಲ - ಸುಂದರವಾದ ಮತ್ತು ಅದೇ ಸಮಯದಲ್ಲಿ ಅದರ ಭೂದೃಶ್ಯಗಳು ಮತ್ತು ವಾಸ್ತುಶಿಲ್ಪವು ಪೂರ್ವ ದೇಶಗಳಾದ ಚೀನಾ, ಭಾರತ ಮತ್ತು ಜಪಾನ್ಗಳನ್ನು ಹೋಲುತ್ತದೆ.",ಮೂಡಣ ದಿಕ್ಕು,Direction East,Yes,Darshan R K,2025-02-08 09:37:32
ಪೂರ್ವ,"ಶೀತಲ ಸಮರ ನೀತಿಗಳಿಗೆ ಹೋದಂತೆ, ಬ್ರೆಝ್ನೆವ್ ಸಿದ್ಧಾಂತವು ಸಂಪೂರ್ಣವಾಗಿ ಯಶಸ್ವಿಯಾಯಿತು, ರಷ್ಯಾವು ಕೊಡುಗೆಯನ್ನು ತನಕ ಈಸ್ಟರ್ನ್ ಬ್ಲಾಕ್ನ ವ್ಯವಹಾರಗಳಲ್ಲಿ ಮುಚ್ಚಳವನ್ನು ಇರಿಸಿಕೊಂಡು ಶೀತಲ ಸಮರವನ್ನು ಕೊನೆಗೊಳಿಸಿತು, ಈ ಸಮಯದಲ್ಲಿ ಪೂರ್ವ ಯೂರೋಪ್ ಮತ್ತೊಮ್ಮೆ ತನ್ನನ್ನು ಒತ್ತಾಯಿಸಿತು.",ಮೂಡಣ ದಿಕ್ಕು,Direction East,Yes,Darshan R K,2025-02-08 09:37:32
ಪೂರ್ವ,ಈ ಬಂದರು ನಗರಿ ನಯನ ಮನೋಹರ ಪೂರ್ವ ಕರಾವಳಿ ರೈಲು ಮಾರ್ಗ ಹಾಗೂ ವಿಶ್ವವಿಖ್ಯಾತ ಟೊರೊಕೊ ಕಣಿವೆಗೆ ಸಮೀಪದಲ್ಲಿದೆ.,ಮೂಡಣ ದಿಕ್ಕು,Direction East,Yes,Darshan R K,2025-02-08 09:37:32
ಪೂರ್ವ,"ಇಂಡೋನೇಷ್ಯಾದಲ್ಲಿ ಸುನಾಮಿಯ ಎಚ್ಚರಿಕೆ ನೀಡಲಾಗಿದ್ದು, ಜಪಾನ್, ಪಾಕಿಸ್ತಾನ, ಬಾಂಗ್ಲಾದೇಶ, ಮಲೇಶಿಯಾ, ಥೈಲ್ಯಾಂಡ್, ಶ್ರೀಲಂಕಾ ಮತ್ತು ಭಾರತದ ಪೂರ್ವ ಮತ್ತು ಪಶ್ಚಿಮ ಕರಾವಳಿಯಲ್ಲಿಯೂ ಜನ ಎಚ್ಚರದಿಂದ ಇರುವಂತೆ ಸೂಚಿಸಲಾಗಿದೆ.",ಮೂಡಣ ದಿಕ್ಕು,Direction East,Yes,Darshan R K,2025-02-08 09:37:32
ಪೂರ್ವ,ಇದು ಪೂರ್ವ ಸೈಬೀರಿಯಾದಲ್ಲಿ ಇದೆ ಮತ್ತು ಸಿಹಿ ನೀರನ್ನು ಜಲಾಶಯದ ಇದೆ.,ಮೂಡಣ ದಿಕ್ಕು,Direction East,Yes,Darshan R K,2025-02-08 09:37:32
ಪೂರ್ವ,28- ಪಾಕಿಸ್ತಾನದ ಪರಮಾಣು ಅಸ್ತ್ರದ ಗುಮ್ಮನಿಗೆ ನಾವು ಹೆದರುವ ಪ್ರಶ್ನೆಯೇ ಇಲ್ಲ ಎಂದು ಭಾರತೀಯ ಸೇನೆಯ ಪೂರ್ವ ವಿಭಾಗದ ಸೇನಾ ಮುಖ್ಯಸ್ಥ ಲೆಫ್ಟಿನೆಂಟ್ ಜನರಲ್ ಎಂ.,ಮೂಡಣ ದಿಕ್ಕು,Direction East,Yes,Darshan R K,2025-02-08 09:37:32
ಪೂರ್ವ,ಏಳನೇ ಆಗ್ನೇಯ ಏಷ್ಯಾ ದೇಶಗಳ ಶೃಂಗಸಭೆ (ಏಷ್ಯಾನ್)ಮತ್ತು ನಾಲ್ಕನೆಯ ಪೂರ್ವ ಏಷ್ಯಾ ಶೃಂಗಸಭೆಗಳಲ್ಲಿ ಭಾಗವಹಿಸುವ ಸಲುವಾಗಿ ಪ್ರಧಾನಿ ಮನಮೋಹನ್ ಸಿಂಗ್ ಅವರು ಥಾಯ್ಲೆಂಡಿಗೆ ಭೇಟಿ ನೀಡಿದ್ದಾರೆ.,ಮೂಡಣ ದಿಕ್ಕು,Direction East,Yes,Darshan R K,2025-02-08 09:37:32
ಪೂರ್ವ,"ಪಂಚಕದಂತಹ ಸಂದರ್ಭದಲ್ಲಿ (ಧನಿಷ್ಠ, ಶತತಾರ, ಪೂರ್ವ ಭಾದ್ರಪದ, ಉತ್ತರ ಭಾದ್ರಪದ, ರೇವತಿ ನಕ್ಷತ್ರಗಳಲ್ಲಿ) ಬಣಿವೆಗಳಿಗೆ ಪಾಯ ಹಾಕುವುದಾಗಲೀ, ಬಣಿವೆ ಒಟ್ಟಲು ಪ್ರಾರಂಭಿಸುವದಾಗಲೀ, ಬಾಯಿ ಮಾಡುವುದಾಗಲೀ ಮಾಡಿದ್ದಲ್ಲಿ ಬಣಿವೆಗಳು ಆಕಸ್ಮಿತವಾಗಿ ಬೆಂಕಿ ಹೊತ್ತಿ ಸುಟ್ಟು ಹೋಗುತ್ತವೆ ಎಂದು ಗ್ರಾಮೀಣ ಜನರ ನಂಬಿಕೆ.",ಮೂಡಣ ದಿಕ್ಕು,Direction East,Yes,Darshan R K,2025-02-08 09:37:32
ಪೂರ್ವ,ಮುಂಚಿತವಾಗಿ 200 ಡಿಗ್ರಿ ಪೂರ್ವ ಶಾಖ ಒಲೆಯಲ್ಲಿ.,ಮೂಡಣ ದಿಕ್ಕು,Direction East,Yes,Darshan R K,2025-02-08 09:37:32
ಪೂರ್ವ,"ಶ್ರೀಕಾಕುಳಂ (ಎಪಿ): ಪೂರ್ವ ಕರಾವಳಿಗೆ ಮೂರು ದಿನದ ಹಿಂದೆ ಅಪ್ಪಳಿಸಿದ ಫೈಲಿನ್‌ ಚಂಡಮಾರುತ ಜೀವ ಹಾನಿ, ಅಪಾರ ಆಸ್ತಿಪಾಸ್ತಿ ನಷ್ಟಮಾಡಿದೆ.",ಮೂಡಣ ದಿಕ್ಕು,Direction East,Yes,Darshan R K,2025-02-08 09:37:32
ಪೂರ್ವ,"ಅಲ್ಲಿಯವರೆಗೆ ಬೆಳಗಿನ ಆಕಾಶದಲ್ಲಿ ಪೂರ್ವದಲ್ಲಿ ಕಂಡರೆ, ಜುಲೈ ನಂತರ ಸಂಜೆ ಪೂರ್ವ ಆಕಾಶದಲ್ಲಿ ಕಾಣುವುದು.",ಮೂಡಣ ದಿಕ್ಕು,Direction East,Yes,Darshan R K,2025-02-08 09:37:32
ಪೂರ್ವ,"ಮಧ್ಯಪ್ರದೇಶದ ಸೆನ್ ನದಿ ಮತ್ತು ಜೋಹಿಲಾ ನದಿ ಪೂರ್ವ ದಿಕ್ಕಿನ ಕಡೆಗೆ ಹರಿದರೆ, ಬಂಧ್ವಾಗಢ್ ಮತ್ತು ಉಮರ್ ನದಿ ಪಶ್ಚಿಮ ಪ್ರದೇಶದಲ್ಲಿ ಹರಿಯುತ್ತದೆ.",ಮೂಡಣ ದಿಕ್ಕು,Direction East,Yes,Darshan R K,2025-02-08 09:37:32
ಪೂರ್ವ,ನೀವು ಶುಕ್ರವಾರ ಸಂಜೆ ತಾಯಿ ಚಾಮುಂಡಿ ದರ್ಶನ ಪಡೆದುಕೊಂಡು ಪೂರ್ವ ದಿಕ್ಕಿನಲ್ಲಿ ಕಾಣುವ ಒಬ್ಬ ಬಡವನಿಗೆ ನಿಮ್ಮ ಕೈಲಾದಷ್ಟು ಆಹಾರ ನೀಡಿದರೆ ನಿಮಗೆ ಶುಭಆಗಲಿದೆ.,ಮೂಡಣ ದಿಕ್ಕು,Direction East,Yes,Darshan R K,2025-02-08 09:37:32
ಪೂರ್ವ,ಅವರ ಅಜ್ಜಿಯರು ಮೊದಲು ಪೂರ್ವ ಆಫ್ರಿಕಾಕ್ಕೆ ಮತ್ತು ನಂತರ ಯುಕೆಗೆ ಪಂಜಾಬ್‌ನಿಂದ ತೆರಳಿದರು.,ಮೂಡಣ ದಿಕ್ಕು,Direction East,Yes,Darshan R K,2025-02-08 09:37:32
ಪೂರ್ವ,ತೆಲಂಗಾಣದ ವಾಡಪಲ್ಲಿಯಲ್ಲಿರುವ ಈ ಮಹಿಮಾನ್ವಿತವಾದ ದೇವಾಲಯವು ಪೂರ್ವ ದಿಕ್ಕಿನಲ್ಲಿದೆ.,ಮೂಡಣ ದಿಕ್ಕು,Direction East,Yes,Darshan R K,2025-02-08 09:37:32
ಪೂರ್ವ,ಮೇ 2 ಮತ್ತು 3 ರಂದು ರಾಜಸ್ಥಾನದ ಪೂರ್ವ ಭಾಗದಲ್ಲಿ ಧೂಳಿನ ಚಂಡಮಾರುತದಿಂದ ಕನಿಷ್ಠ 36 ಮಂದಿ ಸಾವನ್ನಪ್ಪಿದ್ದಾರೆ ಮತ್ತು ಸುಮಾರು 200 ಜನ ಗಾಯಗೊಂಡಿದ್ದಾರೆ ಎನ್ನಲಾಗಿದೆ,ಮೂಡಣ ದಿಕ್ಕು,Direction East,Yes,Darshan R K,2025-02-08 09:37:32
ಪೂರ್ವ,"ದಕ್ಷಿಣ ಅಮೆರಿಕಾದ ಮೇಲ್ಭಾಗದಲ್ಲಿ ಈಕ್ವಡಾರ್, ಕೊಲಂಬಿಯಾ, ವೆನುಜೆವೆಲಾ, ಗುಯಾನಾ, ಸುರಿಮಾನ್, ಫ್ರೆಂಚ್ ಗುಯಾನಾ, ಪಶ್ಚಿಮ ಕರಾವಳಿಯಲ್ಲಿ ಪೆರು ಮತ್ತು ಚಿಲಿ; ಮಧ್ಯ ಭಾಗದಲ್ಲಿ ಬೊಲಿವಿಯಾ ಮತ್ತು ಪರಾಗುವೆ; ಪೂರ್ವ ಕರಾವಳಿಯಲ್ಲಿ ಬ್ರೆಜಿಲ್, ಉರುಗ್ವೆ ಮತ್ತು ಅರ್ಜೆಂಟೀನಾ ದೇಶಗಳಿವೆ.",ಮೂಡಣ ದಿಕ್ಕು,Direction East,Yes,Darshan R K,2025-02-08 09:37:32
ಪೂರ್ವ,"ರಾಜ್ಯದ ಧ್ವಜ ವಿಚಾರ ಐದು ಬಿಂದುವಿನ ನಕ್ಷತ್ರದ ಹೊಂದಿದೆ, ಒಂದು ಮಹಾನ್ ಪೂರ್ವ ದೇಶದ ಸುಮಾರು ಮರೆಯಬೇಡಿ.",ಮೂಡಣ ದಿಕ್ಕು,Direction East,Yes,Darshan R K,2025-02-08 09:37:32
ಪೂರ್ವ,ಪೂರ್ವ ಕೇರಳದ ಜಿಲ್ಲೆಗಳಲ್ಲಿ ಪ್ರವಾಹ ತೀವ್ರವಾಗಿದೆ.,ಮೂಡಣ ದಿಕ್ಕು,Direction East,Yes,Darshan R K,2025-02-08 09:37:32
ಪೂರ್ವ,"ಅವನ ಪ್ರಕಾರ, ನಮ್ಮ ದೇಶದ ಪ್ರಭಾವದಿಂದ ಪೂರ್ವ ಯುರೋಪ್ ಪ್ರದೇಶವನ್ನು ಹೊರಟಿತು.",ಮೂಡಣ ದಿಕ್ಕು,Direction East,Yes,Darshan R K,2025-02-08 09:37:32
ಪೂರ್ವ,"ಆರೋಪಿಗಳ ಪತ್ತೆ ಕಾರ್ಯವನ್ನು ಪೂರ್ವ ವಿಭಾಗದ ಹೆಚ್ಚುವರಿ ಪೊಲೀಸ್ ಆಯುಕ್ತ ಸೀಮಂತ್‍ಕುಮಾರ್ ಸಿಂಗ್, ಉಪ ಪೊಲೀಸ್ ಆಯುಕ್ತರಾದ ಕಲಾಕೃಷ್ಣಸ್ವಾಮಿ, ಎಸಿಪಿ ಶ್ರೀನಿವಾಸ್ ಅವರ ಮಾರ್ಗದರ್ಶನದಲ್ಲಿ ಇನ್ಸ್‍ಪೆಕ್ಟರ್ ರಾಮಮೂರ್ತಿ ಅವರನ್ನೊಳಗೊಂಡ ತಂಡ ಕೈಗೊಂಡು ಆರೋಪಿಗಳನ್ನು ಬಂಧಿಸುವಲ್ಲಿ ಯಶಸ್ವಿಯಾಗಿದೆ.",ಮೂಡಣ ದಿಕ್ಕು,Direction East,Yes,Darshan R K,2025-02-08 09:37:32
ಪೂರ್ವ,"ಆದರೆ, ಊಬರ್ ಯುಎಸ್, ಕೆನಡಾ, ಮಧ್ಯ ಮತ್ತು ದಕ್ಷಿಣ ಅಮೆರಿಕಾ, ಯುರೋಪ್, ಮಧ್ಯಪ್ರಾಚ್ಯ, ಆಫ್ರಿಕಾ, ಪೂರ್ವ ಏಷ್ಯಾ, ದಕ್ಷಿಣ ಏಷ್ಯಾ, ಆಗ್ನೇಯ ಏಷ್ಯಾ, ಆಸ್ಟ್ರೇಲಿಯಾ ಮತ್ತು ನ್ಯೂಜಿಲೆಂಡ್‌ಗಳಲ್ಲಿ ಕಾರ್ಯನಿರ್ವಹಿಸುತ್ತದೆ.",ಮೂಡಣ ದಿಕ್ಕು,Direction East,Yes,Darshan R K,2025-02-08 09:37:32
ಪೂರ್ವ,ಸ್ಯಾಂಡಿ ಚಂಡಮಾರುತದ ಪೂರ್ವ ಭಾಗವು ಹಡ್ಸನ್ ನದಿಗೆ ಪ್ರವೇಶಿಸಿತು ಮತ್ತು ಪೂರ್ವದಿಂದ ಪಶ್ಚಿಮಕ್ಕೆ ನೀರನ್ನು 90 ಡಿಗ್ರಿ ಕೋನವನ್ನು ಮಾಡುವ ಪ್ರದೇಶಕ್ಕೆ ತಳ್ಳಿತು.,ಮೂಡಣ ದಿಕ್ಕು,Direction East,Yes,Darshan R K,2025-02-08 09:37:32
ಪೂರ್ವ,ಪೂರ್ವ ಸ್ಲಾವ್ಸ್ ಸಂಸ್ಕೃತಿಯ ಮೇಲೆ ಅವರ ಪ್ರಭಾವದಿಂದ ಇಂದಿಗೂ ಅಧ್ಯಯನ.,ಮೂಡಣ ದಿಕ್ಕು,Direction East,Yes,Darshan R K,2025-02-08 09:37:32
ಪೂರ್ವ,ಪೂರ್ವ ಏಷಿಯಾ ದೇಶಗಳ ವಿದೇಶಾಂತ ಸಚಿವ 6ನೆ ಸಮಾವೇಶ ಸೇರಿದಂತೆ ಕೆಲವು ಅಂತಾರಾಷ್ಟ್ರೀಯ ಮಟ್ಟದ ಸಭೆ ಸಮಾರಂಭಗಳು ನಡೆಯುತ್ತಿವೆ.,ಮೂಡಣ ದಿಕ್ಕು,Direction East,Yes,Darshan R K,2025-02-08 09:37:32
ಪೂರ್ವ,"ಪುರದ ವಿಧಾನಸಭೆ ಕ್ಷೇತ್ರದ ಮತಗಟ್ಟೆಗಳ ವೀಕ್ಷಣೆಗೆ ಆಗಮಿಸಿದ ಹೆಚ್ಚುವರಿ ಪೊಲೀಸ್ ಆಯುಕ್ತ ಪೂರ್ವ ವಿಭಾಗದ ಮುರುಗನ್, ಕೆ.",ಮೂಡಣ ದಿಕ್ಕು,Direction East,Yes,Darshan R K,2025-02-08 09:37:32
ಪೂರ್ವ,ಈ ಮಳೆ ಪ್ರಮಾಣ ರಾಜ್ಯದ ಪೂರ್ವ ಭಾಗದಲ್ಲಿ ಕಡಿಮೆ ಇದ್ದರೆ ಪಶ್ಚಿಮ ಭಾಗದಲ್ಲಿ ಹೆಚ್ಚಾಗಿರುತ್ತದೆ.,ಮೂಡಣ ದಿಕ್ಕು,Direction East,Yes,Darshan R K,2025-02-08 09:37:32
ಪೂರ್ವ,ಬೆಂಗಳೂರಿನ 106 ಪೊಲೀಸ್‌ಠಾಣೆಗಳ ಪೈಕಿ 33 ಪೊಲೀಸ್‌ಠಾಣೆಗಳನ್ನು(ಪಶ್ಚಿಮ ವಿಭಾಗದ 26 ಹಾಗೂ ಪೂರ್ವ ವಿಭಾಗದ 7) ಸೂಕ್ಷ್ಮ ಎಂದು ಗುರುತಿಸಲಾಗಿದೆ.,ಮೂಡಣ ದಿಕ್ಕು,Direction East,Yes,Darshan R K,2025-02-08 09:37:32
ಪೂರ್ವ,ಅಫ್ಘಾನಿಸ್ತಾನದ ಪೂರ್ವ ಖೋಸ್ಟ್ ಪ್ರಾಂತ್ಯದಲ್ಲಿ ಮಂಗಳವಾರ ಸಂಭವಿಸಿದ ನೆಲಬಾಂಬ್‌ ಸ್ಫೋಟದಲ್ಲಿ ಮೂವರು ಮಕ್ಕಳು ಸೇರಿದಂತೆ ಹತ್ತು ನಾಗರಿಕರು ಸಾವನ್ನಪ್ಪಿದ್ದಾರೆ ಎಂದು ಪೊಲೀಸ್ ವಕ್ತಾರರು ಖಚಿತಪಡಿಸಿದ್ದಾರೆ.,ಮೂಡಣ ದಿಕ್ಕು,Direction East,Yes,Darshan R K,2025-02-08 09:37:32
ಪೂರ್ವ,ದಕ್ಷಿಣ ಮತ್ತು ಪೂರ್ವ ಏಷ್ಯಾಗಳಲ್ಲಿ ದಿನಕ್ಕೆ 400 ಗ್ರಾಂಗಳಿಗಿಂತಲೂ ಕಡಿಮೆ ಕ್ಯಾಲ್ಸಿಯಂ ಸೇವಿಸುತ್ತಾರೆ.,ಮೂಡಣ ದಿಕ್ಕು,Direction East,Yes,Darshan R K,2025-02-08 09:37:32
ಪೂರ್ವ,ಆಂಧ್ರಪ್ರದೇಶದ ಪೂರ್ವ ಗೋದಾವರಿ ಜಿಲ್ಲೆಯ ನಿವಾಸಿ.,ಮೂಡಣ ದಿಕ್ಕು,Direction East,Yes,Darshan R K,2025-02-08 09:37:32
ಪೂರ್ವ,"ಪೂರ್ವ ನ್ಯೂ ಆರ್ಲಿಯನ್ಸ್, ಲೂಯಿಸಿಯಾನ, ಮೇ 26, 2006",ಮೂಡಣ ದಿಕ್ಕು,Direction East,Yes,Darshan R K,2025-02-08 09:37:32
ಪೂರ್ವ,ರಲ್ಲಿ ಅತ್ಯಂತ ಪೂರ್ವ ಭಾಗದ ರಸ್ತೆ ಜಾಲ ಮೂರು ಜನರು ಸತ್ತರು 18 ತುರ್ತುಸ್ಥಿತಿಗಳಲ್ಲಿ ನೋಂದಾಯಿಸಲಾಗಿದೆ.,ಮೂಡಣ ದಿಕ್ಕು,Direction East,Yes,Darshan R K,2025-02-08 09:37:32
ಪೂರ್ವ,"ಪರಿಸರ ಸಂರಕ್ಷಣೆ, ಪ್ಲಾಸ್ಟಿಕ್ ಬಳಕೆ ನಿಷೇಧ, ಕಸ ವಿಂಗಡಣೆ ಕುರಿತಂತೆ ಸರ್ಕಾರಿ ಹಾಗೂ ಖಾಸಗಿ ಶಾಲಾ ಮಕ್ಕಳೊಂದಿಗೆ ಪೂರ್ವ ವಲಯದಲ್ಲಿ ಹಮ್ಮಿಕೊಳ್ಳಲಾಗಿದ್ದ ಜಾಗೃತಿ ಜಾಥಾಕ್ಕೆ ಚಾಲನೆ ನೀಡಿ ಅವರು ಮಾತನಾಡಿದರು.",ಮೂಡಣ ದಿಕ್ಕು,Direction East,Yes,Darshan R K,2025-02-08 09:37:33
ಪೂರ್ವ,"ಬೇಸಿಗೆ ಮತ್ತು ಶರತ್ಕಾಲದ ವೇಳೆಗೆ, ಯುದ್ಧನೌಕೆಗಳ ಬಂದೂಕುಗಳು ಕೊರಿಯಾದ ಪೂರ್ವ ಕರಾವಳಿಯಲ್ಲಿ ಗುರಿಗಳನ್ನು ಮುಟ್ಟುತ್ತವೆ.",ಮೂಡಣ ದಿಕ್ಕು,Direction East,Yes,Darshan R K,2025-02-08 09:37:33
ಪೂರ್ವ,"ವ್ಯಾಪಕವಾದ ಯೋಜನೆಗಳ ನಂತರ, ಅಕ್ಟೋಬರ್ 20, 1944 ರಂದು ಮಿತ್ರಪಕ್ಷಗಳು ಪೂರ್ವ ಫಿಲಿಪೈನ್ಸ್ನ ಲೇಯ್ಟೆ ದ್ವೀಪದಿಂದ ಹೊರಬಂದವು.",ಮೂಡಣ ದಿಕ್ಕು,Direction East,Yes,Darshan R K,2025-02-08 09:37:33
ಪೂರ್ವ,ಹೀಗಾಗಿ ತಮ್ಮ ತೋಟದ ಪೂರ್ವ ಹಾಗೂ ಪಶ್ಚಿಮ ದಿಕ್ಕಿನ ಬದುಗಳಲ್ಲಿ 250 ಸಾಗುವಾನಿ ಮರಗಳನ್ನು ಗಾಳಿ ತಡೆಯಾಗಿ ಬಳಸಿಕೊಂಡಿದ್ದಾರೆ.,ಮೂಡಣ ದಿಕ್ಕು,Direction East,Yes,Darshan R K,2025-02-08 09:37:33
ಪೂರ್ವ,"ಅಂದರೆ ಆಧುನಿಕ ಯುಗದ ೨೦೦ ವರ್ಷಗಳಲ್ಲಿ ಜಾಗತಿಕ ಮಟ್ಟದಲ್ಲಿ ಐರೋಪ್ಯ ರಾಷ್ಟ್ರಗಳು ಬೆಳೆಯುತ್ತಿರುವ ಬಂಡವಾಳಶಾಹಿ ರಾಷ್ಟ್ರಗಳಾಗಿ ಪರಿಣಮಿಸಿದರೆ, ಪೂರ್ವ ಮತ್ತು ದಕ್ಷಿಣ ಪೂರ್ವ(ಜಪಾನನ್ನು ಹೊರತುಪಡಿಸಿ) ಏಷ್ಯಾ ದೇಶಗಳೆಲ್ಲವೂ ಇಡೀ ಜಗತ್ತಿನಲ್ಲಿ ಅನಭಿವೃದ್ದಿ ಹೊಂದಿದ.",ಮೂಡಣ ದಿಕ್ಕು,Direction East,Yes,Darshan R K,2025-02-08 09:37:33
ಪೂರ್ವ,"ಸೀಮಾಂಧ್ರವ್ಯಾಪ್ತಿಗೆ ಒಳಪಡುವ ಕೃಷ್ಣಾ, ಗುಂಟೂರು, ಪ್ರಕಾಶಂ, ನೆಲ್ಲೂರು, ಶ್ರೀಕಾಕುಳಂ, ವಿಜಯನಗರಂ, ವಿಶಾಖಪಟ್ಟಣ, ಪೂರ್ವ ಗೋದಾವರಿ, ಪಶ್ಚಿಮ ಗೋದಾವರಿ, ಚಿತ್ತೂರು, ಕರ್ನೂಲು, ಕಡಪ, ಅನಂತಪುರ ಸೇರಿದಂತೆ ಬಹುತೇಕ ಎಲ್ಲ ಕಡೆ ಬಂದ್ ಗೆ ಉತ್ತಮ ಪ್ರತಿಕ್ರಿಯೆ ಕಂಡು ಬಂದಿದೆ.",ಮೂಡಣ ದಿಕ್ಕು,Direction East,Yes,Darshan R K,2025-02-08 09:37:33
ಪೂರ್ವ,ಸೋನ್​ಭದ್ರಾದ ಶೂಟೌಟ್​ ಪ್ರಕರಣದಲ್ಲಿ ಹತರಾದವರ ಕುಟುಂಬ ವರ್ಗದವರನ್ನು ಭೇಟಿಯಾಗಿ ಸಾಂತ್ವನ ಹೇಳಬೇಕು ಎಂಬ ಜವಾಬ್ದಾರಿಯನ್ನು ಈಗಲಾದರೂ ಅರ್ಥ ಮಾಡಿಕೊಂಡರಲ್ಲಾ… ಎಂದು ಹೇಳಿ ಟ್ವೀಟ್​ ಮಾಡುವ ಮೂಲಕ ಉತ್ತರ ಪ್ರದೇಶ ಕಾಂಗ್ರೆಸ್​ನ ಪೂರ್ವ ವಿಭಾಗದ ಪ್ರಧಾನ ಕಾರ್ಯದರ್ಶಿ ಪ್ರಿಯಾಂಕಾ ಗಾಂಧಿ ಉತ್ತರ ಪ್ರದೇಶ ಸಿಎಂ ಯೋಗಿ ಆದಿತ್ಯನಾಥ ಅವರ ಕಾಲೆಳೆದಿದ್ದಾರೆ.,ಮೂಡಣ ದಿಕ್ಕು,Direction East,Yes,Darshan R K,2025-02-08 09:37:33
ಪೂರ್ವ,"ಬೆಂಗಳೂರಿನ ಪೂರ್ವ ಭಾಗದಲ್ಲಿರುವ ಈ ಬಡಾವಣೆಯ ಮೊದಲಿನ ಹೆಸರು ಭಗತ್ ಸಿಂಗ್ ನಗರ, ಆದರೆ ಈಗ ದೊಮ್ಮಲೂರು ಎಂದು ಕರೆಯಲು ನಿಖರ ಕಾರಣ ಗೊತ್ತಿಲ್ಲ.",ಮೂಡಣ ದಿಕ್ಕು,Direction East,Yes,Darshan R K,2025-02-08 09:37:33
ಪೂರ್ವ,"ಸೋಮವಾರ ಜಿಲ್ಲಾಧಿಕಾರಿ ಕಚೇರಿಯಲ್ಲಿ ಮುಂಗಾರು ಮಳೆ ಕುರಿತು ಪೂರ್ವ ಸಿದ್ಧತೆಗಳ ಪರಿಶೀಲನೆ ಸಭೆಯ ಅಧ್ಯಕ್ಷತೆ ವಹಿಸಿ ಮಾತನಾಡಿದ ಅವರು, ಮರಳುಗಾರಿಕೆ ನಿಷೇಧ ಹಿನ್ನೆಲೆಯಲ್ಲಿ ಅಗತ್ಯವಿರುವ ಮರಳನ್ನು ಸಂಗ್ರಹಿಸಿಟ್ಟುಕೊಳ್ಳಬೇಕು.",ಹಿಂದೆ,Before,Yes,Darshan R K,2025-02-08 09:54:17
ಪೂರ್ವ,ಇದು ಪೂರ್ವ ಯೋಜಿತ ಕೃತ್ಯ.,ಹಿಂದೆ,Before,Yes,Darshan R K,2025-02-08 09:54:17
ಪೂರ್ವ,ಪ್ರೌಢ ಶಿಕ್ಷಣ ಪರೀಕ್ಷಾ ಮಂಡಳಿ ಪೂರ್ವ ಸಿದ್ಧತಾ ಪರೀಕ್ಷೆ ನಡೆಸುವುದಾಗಿ ಹೇಳುತ್ತಿದೆ.,ಹಿಂದೆ,Before,Yes,Darshan R K,2025-02-08 09:54:17
ಪೂರ್ವ,"ವೈದ್ಯರ ಕನಿಷ್ಠ ಇಲ್ಲ ಕಾರನ್ನು ಚಲಾಯಿಸಲು ಸಾಧ್ಯವಾಗುತ್ತದೆ ಚಾಲಕ ಪೂರ್ವ ಟ್ರಿಪ್ ವೈದ್ಯಕೀಯ ಪರೀಕ್ಷೆ ಸಮಯದಲ್ಲಿ ಅನುಮಾನಗಳನ್ನು ವೇಳೆ, ಇದು ಕರ್ತವ್ಯದಿಂದ ಅಮಾನತುಗೊಳಿಸಲಾಗಿದೆ.",ಹಿಂದೆ,Before,Yes,Darshan R K,2025-02-08 09:54:17
ಪೂರ್ವ,"ನಿಮ್ಮ ಮಣಿಕಟ್ಟಿನ ಮೇಲೆ cleanser ಮೂಲಕ ಅರ್ಜಿ ಮತ್ತು ಅರ್ಧ ಗಂಟೆ ನಿರೀಕ್ಷಿಸಿ: ಆದ್ದರಿಂದ, ಇದು ಪೂರ್ವ ಪರೀಕ್ಷೆ ನಡೆಸಲು ಅಗತ್ಯ.",ಹಿಂದೆ,Before,Yes,Darshan R K,2025-02-08 09:54:17
ಪೂರ್ವ,ಇನ್ನೂ ವಿದ್ಯಾವಂತ ಯುವತಿ ವಿವಾಹ ಪೂರ್ವ ಲೈಂಗಿಕತೆ ವಿಷಯದಲ್ಲಿ ಜವಾಬ್ದಾರಿ ವಹಿಸಬೇಕು.,ಹಿಂದೆ,Before,Yes,Darshan R K,2025-02-08 09:54:17
ಪೂರ್ವ,"ಪೂರ್ವ ಸಿದ್ಧತೆ ಸರಿಯಾಗಿದ್ದು, ದಿನಾಂಕವನ್ನು ಪ್ರಕಟಿಸಲಾಗಿದೆ ಎಂದು ಫೀಫಾ ಅಂಡರ್ 17 ವಿಶ್ವಕಪ್ ಇವೆಂಟ್ ಮ್ಯಾನೇಜರ್ ಎಂಎಸ್ ಮಾರಿಯಾನ್ ಹೇಳಿದ್ದಾರೆ.",ಹಿಂದೆ,Before,Yes,Darshan R K,2025-02-08 09:54:17
ಪೂರ್ವ,ಇದಕ್ಕೆ ಪೂರ್ವ ಸಿದ್ಧತೆ ಮಾಡಿಕೊಳ್ಳಲಾಗುತ್ತಿದೆ.,ಹಿಂದೆ,Before,Yes,Darshan R K,2025-02-08 09:54:17
ಪೂರ್ವ,"ಈ ವಾದವನ್ನು ಒಪ್ಪಿದರೆ, ವಸಾಹತು ಪೂರ್ವ ಯುಗದಲ್ಲಿ, ಇಂತಹ ವಿಸ್ಮೃತಿ ಇರಲಿಲ್ಲ; ಮತ್ತು ಆ ಯುಗದಲ್ಲಿ ಅವೈದಿಕ ಚಿಂತನೆಗೂ ಪ್ರಮುಖ ಸ್ಥಾನವಿತ್ತು ಎಂದು ಒಪ್ಪಬೇಕಾಗುತ್ತದೆ.",ಹಿಂದೆ,Before,Yes,Darshan R K,2025-02-08 09:54:17
ಪೂರ್ವ,"ಬೆಂಗಳೂರು ಪೂರ್ವ ತಾಲ್ಲೂಕು ಸೀಗೇಹಳ್ಳಿ ಗ್ರಾಮ ಪಂಚಾಯಿತಿ ಅಧ್ಯಕ್ಷ, 2007ರಿಂದ 2012ರವರೆಗೆ ಕೆಪಿಸಿಸಿ ರಾಜ್ಯ ಸಂಚಾಲಕರಾಗಿ ಸೇವೆ ಸಲ್ಲಿಸಿದ್ದಾರೆ.",ಹಿಂದೆ,Before,Yes,Darshan R K,2025-02-08 09:54:17
ಪೂರ್ವ,"ಸತ್ಯನಾರಾಯಣರಾವ್ ಅವರು ಹಿಂದೆ ಪೂರ್ವ ವಲಯದ ಐಜಿಪಿಯಾಗಿದ್ದಾಗ, ಅವರ ಅಧೀನದಲ್ಲಿ ರೂಪಾ ಹೆಚ್ಚುವರಿ ಪೊಲೀಸ್ ವರಿಷ್ಠಾಧಿಕಾರಿಯಾಗಿ ಕೆಲಸ ಮಾಡಿದ್ದರು.",ಹಿಂದೆ,Before,Yes,Darshan R K,2025-02-08 09:54:17
ಪೂರ್ವ,7: ಕೆಲವೇ ದಿನಗಳಲ್ಲಿ ಘೋಷಣೆಯಾಗುವ ಸಾರ್ವತ್ರಿಕ ಲೋಕಸಭಾ ಚುನಾವಣೆಗೆ ಸಂಬಂಧಿಸಿದಂತೆ ಉಡುಪಿ ಜಿಲ್ಲೆಯಲ್ಲಿ ಎಲ್ಲಾ ಪೂರ್ವ ಸಿದ್ಧತೆಗಳನ್ನು ಮಾಡಲಾಗಿದೆ ಎಂದು ಉಡುಪಿ ಜಿಲ್ಲಾಧಿಕಾರಿ ಹೆಪ್ಸಿಬಾ ರಾಣಿ ಕೊರ್ಲಪಾಟಿ ತಿಳಿಸಿದ್ದಾರೆ.,ಹಿಂದೆ,Before,Yes,Darshan R K,2025-02-08 09:54:17
ಪೂರ್ವ,ಪೂರ್ವ ಸಿದ್ಧತಾ ಪರಿಕ್ಷೆಯಲ್ಲಿಯೇ ಈ ಪರಿಸ್ಥಿತಿಯಾದರೇ ಅಂತಿಮ ಪರೀಕ್ಷೆಯಲ್ಲಿ ಏನಾಗಬಹುದು ಎಂಬ ಆತಂಕ ಪೋಷಕರನ್ನು ಇದೀಗ ಕಾಡಲು ಆರಂಭಿಸಿದೆ.,ಹಿಂದೆ,Before,Yes,Darshan R K,2025-02-08 09:54:17
ಪೂರ್ವ,"ಕ್ಷಣದಲ್ಲಿ, ಕಾರಣ ಉಕ್ರೇನ್ ಪೂರ್ವ ಅಮಾನತುಗೊಳಿಸಲಾಗಿದೆ ರಲ್ಲಿ ಕರಿಕು ಕಲ್ಲಿದ್ದಲಿನ ರಾಜಕೀಯ ಅಸ್ಥಿರತೆಯ.",ಹಿಂದೆ,Before,Yes,Darshan R K,2025-02-08 09:54:17
ಪೂರ್ವ,"ಅಲ್ಲದೇ, ಈ ಒಪ್ಪಂದಕ್ಕೆ ರಕ್ಷಣಾ ಸಂಪುಟ ಸಮಿತಿಯ ಪೂರ್ವ ಅನುಮೋದನೆಯನ್ನು ಪಡೆದುಕೊಂಡಿರಲಿಲ್ಲ.",ಹಿಂದೆ,Before,Yes,Darshan R K,2025-02-08 09:54:17
ಪೂರ್ವ,"ಅವಧಿ ಪೂರ್ವ ವರ್ಗಾವಣೆ ಪ್ರಶ್ನಿಸಿ ರೋಹಿಣಿ, ಮೊದಲು ಸಿಎಟಿ, ಬಳಿಕ ಹೈಕೋರ್ಟ್ ಮೆಟ್ಟಿಲೇರಿ ಎರಡು ಸುತ್ತಿನ ಹೋರಾಟ ನಡೆಸಿದ್ದರು.",ಹಿಂದೆ,Before,Yes,Darshan R K,2025-02-08 09:54:17
ಪೂರ್ವ,"ಡಿಸೆಂಬರ್ 5 ರಂದು ಜರ್ಮನಿ ಮತ್ತು ಬವೇರಿಯಾದ ಕೆಲವು ಪ್ರದೇಶಗಳು ಕ್ರಾಂಪ್ಸ್ನಾಚ್ಟ್ನ್ನು ಆಚರಿಸುತ್ತಾರೆ, ಇದು ಕ್ರಿಶ್ಚಿಯನ್ ಪೂರ್ವ ಸಂಪ್ರದಾಯಕ್ಕೆ ಥ್ರೋಬ್ಯಾಕ್ ಆಗಿರುತ್ತದೆ.",ಹಿಂದೆ,Before,Yes,Darshan R K,2025-02-08 09:54:17
ಪೂರ್ವ,"ಪಟ್ಟದ ಚಾವಡಿಯಲ್ಲಿ ನಡೆಯುತ್ತಿರುವ ನೇಮ ನಡಾವಳಿಗಳು ಪ್ರಕೃತ ಯಥೋಚಿತವಾಗಿ ನಡೆಯುತ್ತಿದ್ದು, ಪೂರ್ವ ಸಂಪ್ರದಾಯದಂತೆ ಮೂರು ಮುಡಿ ಗದ್ದೆಗೆ ದೀಪೋತ್ಸವ, ಅರಿಯಡ್ಕ ಬೀಡಿನಿಂದ ಎರುಮಾನಿ ವಿಜೃಂಭಣೆಯಿಂದ ಬರುವುದು, ಎಳೆಯುವ ಬಂಡಿಯಲ್ಲಿ ಗದ್ದೆಗೆ ಪೂಕರೆ ಹಾಕುವುದು, ನೇಮ ನಡಾವಳಿ, ಕೆದಂಬಾಡಿ ಗ್ರಾಮ ಜಾತ್ರೆಯು ಊರ ಪರವೂರವರ ಭಾಗವಹಿಸುವಿಕೆಯಿಂದ ನಡೆಯುತ್ತಿದೆ.",ಹಿಂದೆ,Before,Yes,Darshan R K,2025-02-08 09:54:17
ಪೂರ್ವ,"ಹುಡುಗಿಯರಿಗೆ ಮಕ್ಕಳ ಕೊಠಡಿಗಳನ್ನು ಆವರಣ ಆಯ್ಕೆ ಮಾಡುವಾಗ, ಪೋಷಕರು ಖಾತೆಗೆ ನೈಸರ್ಗಿಕ predilections ಸ್ವಲ್ಪ ರಾಜಕುಮಾರಿಯರು ತೆಗೆದುಕೊಳ್ಳಬೇಕು - ಅವರು ಬಹಳ ಪೂರ್ವ ವಯಸ್ಸಿನ ಒಂದು, ಪ್ರಣಯ ಸೊಗಸಾದ ಮತ್ತು ಅಸಾಧಾರಣ ವಿಷಯಗಳನ್ನು ಬಯಸುತ್ತಾರೆ.",ಹಿಂದೆ,Before,Yes,Darshan R K,2025-02-08 09:54:17
ಪೂರ್ವ,ಆದರೂ ರೈಲ್ವೆ ತನ್ನ ಪೂರ್ವ ತಯಾರಿಯನ್ನು ಪತ್ರಿಕೆಗಳಿಗೆ ತಿಳಿಸುತ್ತದೆ.,ಹಿಂದೆ,Before,Yes,Darshan R K,2025-02-08 09:54:17
ಪೂರ್ವ,"ಇತ್ತೀಚಿನ ಕೈಸರ್ ಫ್ಯಾಮಿಲಿ ಫೌಂಡೇಷನ್ ಡೇಟಾವು ಅಮೆರಿಕದಲ್ಲಿ 27 ವರ್ಷ ವಯಸ್ಕರ ವಯಸ್ಕರ ವಯಸ್ಕರಲ್ಲಿ ಪೂರ್ವ ಅಸ್ತಿತ್ವದಲ್ಲಿರುವ ಪರಿಸ್ಥಿತಿಗಳನ್ನು ಹೊಂದಿದ್ದು ಅದು ವೈಯಕ್ತಿಕ ಮಾರುಕಟ್ಟೆಯಲ್ಲಿ ಅಸಮರ್ಪಕವಾಗಬಹುದು ಎಂದು ನಾವು ಸೂಚಿಸುತ್ತೇವೆ, ನಾವು ವೈದ್ಯಕೀಯ ಅಂಡರ್ರೈಟಿಂಗ್ ಮಾನದಂಡಗಳಿಗೆ ಹಿಂತಿರುಗಿದರೆ ಅದು 2014 ಕ್ಕೂ ಮುಂಚೆಯೇ ಪ್ರತಿಯೊಂದು ರಾಜ್ಯದಲ್ಲಿದೆ.",ಹಿಂದೆ,Before,Yes,Darshan R K,2025-02-08 09:54:17
ಪೂರ್ವ,"ಹೇಗೆ ತಂಪಾದ, ಆದರೆ ಅರ್ಥಮಾಡಿಕೊಳ್ಳಲು ಈ ಅಸಂಗತ ಕಾರಣ ಮಾತ್ರ ಪೂರ್ವ ನಿರ್ಮಿತ ಪ್ರಯೋಗಾಲಯದ ಅಧ್ಯಯನಗಳ ಆಧಾರದ ಮೇಲೆ ಜ್ಞಾನವನ್ನು ತಜ್ಞ ಮಾಡಬಹುದು.",ಹಿಂದೆ,Before,Yes,Darshan R K,2025-02-08 09:54:17
ಪೂರ್ವ,ಪೂರ್ವ ಮಹಾಭಾರತ ಕಾಲದಲ್ಲಿ ಪಾಂಡವರು ಅರಣ್ಯವಾಸ ಮಾಡುವ ಸಮಯದಲ್ಲಿಇಲ್ಲಿ ಕೆಲವು ದಿನಗಳು ಕಳೆದ್ದಿದ್ದರಂತೆ ಎಂದು ಮಲ್ಲರೆಡ್ಡಿ ಪ್ರದೇಶವುಗುರುತಿಸಿಕೊಂಡಿದೆ.,ಹಿಂದೆ,Before,Yes,Darshan R K,2025-02-08 09:54:17
ಪೂರ್ವ,"ಆದ್ದರಿಂದ ಅವುಗಳನ್ನು ನಿರೀಕ್ಷಣಾ ಚಿಂತನೆ, ಹಾಗೂ ಪೂರ್ವ ಸಂಶೋಧನೆ ಯೋಜನೆಗೆ.",ಹಿಂದೆ,Before,Yes,Darshan R K,2025-02-08 09:54:17
ಪೂರ್ವ,"ಒಂದು ಮಗುವನ್ನು ಅನೇಕವೇಳೆ ಸಂಗೀತ ಶಾಲೆಗೆ ಹೊರಹಾಕಬೇಕೆಂದು ಬಯಸಿದರೆ, ನಂತರ ಪೂರ್ವ ನೃತ್ಯಗಳು ಮಕ್ಕಳನ್ನು ಬಯಕೆ ಮತ್ತು ಸಂತೋಷದಿಂದ ನೃತ್ಯ ಮಾಡುತ್ತವೆ ಮತ್ತು ಬಲದ ಮೂಲಕವಲ್ಲ;",ಹಿಂದೆ,Before,Yes,Darshan R K,2025-02-08 09:54:17
ಪೂರ್ವ,ಆರ್ ಬಿಐ ತಜ್ಞರೊಂದಿಗೆ ಚರ್ಚಿಸಿ ಪೂರ್ವ ತಯಾರಿ ಇಲ್ಲದೇ ನೋಟ್ ಬ್ಯಾನ್ ಮಾಡಿರೋದ್ರಿಂದ ಏನೂ ತಪ್ಪು ಮಾಡದ ಜನಸಾಮಾನ್ಯರೂ ಸಹ ದಿನನಿತ್ಯ ಕಷ್ಟ ಅನುಭವಿಸುತ್ತಿದ್ದಾರೆ ಎಂದು ಲೋಕಸಭೆ ಪ್ರತಿಪಕ್ಷ ನಾಯಕ ಮಲ್ಲಿಕಾರ್ಜುನ ಖರ್ಗೆ ತಿಳಿಸಿದ್ದಾರೆ.,ಹಿಂದೆ,Before,Yes,Darshan R K,2025-02-08 09:54:18
ಪೂರ್ವ,"ಬೆಂಗಳೂರು, ಸೆಪ್ಟೆಂಬರ್ 15: ಮುಂಗಾರು ಪೂರ್ವ ಮಳೆ ಹೊಯ್ದು ಮರೆಯಾಗಿದ್ದ ಮಳೆರಾಯ ಮತ್ತೆ ಬೆಂಗಳೂರಿಗೆ ಬಂದು ತಂಪೆರೆದಿದ್ದಾನೆ.",ಹಿಂದೆ,Before,Yes,Darshan R K,2025-02-08 09:54:18
ಪೂರ್ವ,ವಿಜಯಕುಮಾರ್ ಸರಿಯಾದ ಪೂರ್ವ ತಯಾರಿಯೊಂದಿಗೆ ಪರೀಕ್ಷೆ ಎದುರಿಸುವ ಮೂಲಕ ವಿದ್ಯಾರ್ಥಿಗಳು ಸಂಸ್ಥೆಗೆ ಕೀರ್ತಿ ತರಬೇಕು ಎಂದರು.,ಹಿಂದೆ,Before,Yes,Darshan R K,2025-02-08 09:54:18
ಪೂರ್ವ,ರಸ್ತೆ ವಿಸ್ತರಣೆಗೆ ಬೇಕಾದ ಪೂರ್ವ ಸಿದ್ಧತೆ.,ಹಿಂದೆ,Before,Yes,Darshan R K,2025-02-08 09:54:18
ಪೂರ್ವ,ಹಿಂದೆ ಸುಲಿದ ಬೆಳ್ಳುಳ್ಳಿಹಿಳುಕು ನೆನೆಸಿ ಬಿಗಿಯಾಗಿ ಒಂದು ಪೂರ್ವ ತಯಾರಾದ ಗಾಜಿನ ಜಾರ್ ಇಡಿ.,ಹಿಂದೆ,Before,Yes,Darshan R K,2025-02-08 09:54:18
ಪೂರ್ವ,"ಆದರೆ, ಈ ಬಗ್ಗೆ ಪೂರ್ವ ಮಾಹಿತಿ ಇಲ್ಲದೆ ಸ್ನಾನ ಘಟ್ಟದ ಬಳಿ ಬಂದ ಫೋಟೋ ಜರ್ನಲಿಸ್ಟ್, ಮಾಧ್ಯಮ ಪ್ರತಿನಿಧಿಗಳು, ಉತ್ಸಾಹಿ ಫೋಟೋಗ್ರಾಫರ್ ಗಳು ಫೋಟೋಗ್ರಾಫಿ ನಿಷೇಧ ಬೋರ್ಡ್ ನೋಡಿ ಕಂಗಾಲಾಗಿದ್ದಾರೆ.",ಹಿಂದೆ,Before,Yes,Darshan R K,2025-02-08 09:54:19
ಬಂಡವಾಳ,ಶೇರು ಮಾರುಕಟ್ಟೆಯಲ್ಲಿ ಬಂಡವಾಳ ಹೂಡಿದರೆ ಕೆಲವೇ ದಿನಗಳಲ್ಲಿ ಹಣ ದ್ವಿಗುಣಗೊಳ್ಳುತ್ತದೆ ಎಂದು ನಂಬಿಸಿ 183 ಜನರಿಂದ ಸುಮಾರು ನಾಲ್ಕವರೆ ಕೋಟಿಯಷ್ಟು ಹಣವನ್ನು ವಸೂಲಿ ಮಾಡಿ ವಂಚನೆ ಮಾಡಿದ್ದಾನೆ.,"ಬೆಲೆ, ಮೌಲ್ಯ","Price, value",Yes,Darshan R K,2025-02-08 15:04:00
ಬಂಡವಾಳ,"ಅನಿಕ್ಸ್ಟರ್ ಹೂಡಿಕೆಯು ಜೆಲ್ನ ಕಾರ್ಯತಂತ್ರದ ವಿಶಿಷ್ಟ ಲಕ್ಷಣವಾಗಿತ್ತು, ಏಕೆಂದರೆ ಅವರು ಅನಾಮಧೇಯ ಗುಣಲಕ್ಷಣಗಳಲ್ಲಿ ಬಂಡವಾಳ ಹೂಡಲು ಒಲವು ತೋರಿದರು.","ಬೆಲೆ, ಮೌಲ್ಯ","Price, value",Yes,Darshan R K,2025-02-08 15:04:00
ಬಂಡವಾಳ,", ಮತ್ತು ಆರ್ಥಿಕ ಭದ್ರತೆ ಗಾತ್ರ ಒಂದು ನಿಯಮದಂತೆ, ಕೇವಲ ಒಂದು ಕಡಿಮೆ ಬೌಂಡ್ ಹೊಂದಿದೆ - ಅಧಿಕೃತ ಬಂಡವಾಳ ಅಥವಾ ಆಸ್ತಿ - ಅನೇಕ ದೇಶಗಳಲ್ಲಿ ಕಂಪನಿಯ ಒಂದು ಪೂರ್ವಾಪೇಕ್ಷಿತ ರಚನೆಗೆ ಒಂದು ನಿರ್ದಿಷ್ಟ ಆರ್ಥಿಕ ಭದ್ರತೆ ಹೊಂದಲಿದೆ.","ಬೆಲೆ, ಮೌಲ್ಯ","Price, value",Yes,Darshan R K,2025-02-08 15:04:00
ಬಂಡವಾಳ,"ರೊಬೋಟಿಕ್ ನೌಕರರನ್ನು ಹೊಂದಿದ ಕಂಪೆನಿಗಳ ಸ್ಥಾಪನೆಗೆ ಹೆಚ್ಚಿನ ಬಂಡವಾಳ ಬೇಕು,ಆದರಿವು ಹತ್ತು ಹನ್ನೆರಡು ವರ್ಷಗಳ ಅವಧಿಯಲ್ಲಿ ಖರ್ಚನ್ನು ಪೂರ್ಣ ಹಿಂದಿರುಗಿಸಿ,ಪೂರ್ತಿ ಲಾಭ ತಂದುಕೊಡುವ ಘಟಕಗಳಾಗಬಲ್ಲುವು.","ಬೆಲೆ, ಮೌಲ್ಯ","Price, value",Yes,Darshan R K,2025-02-08 15:04:00
ಬಂಡವಾಳ,ಕೆಳಗಿನವುಗಳನ್ನು ನಾವು ಉಲ್ಲೇಖಿಸಿದಂತೆ ತೆಗೆದುಕೊಳ್ಳುತ್ತೇವೆ: ಹೂಡಿಕೆ ಬ್ಯಾಂಕುಗಳು ಸಾಂಸ್ಥಿಕ ಮತ್ತು ಸರ್ಕಾರಿ ಭದ್ರತೆಗಳ ವ್ಯಾಪಾರದೊಂದಿಗೆ ಮುಖ್ಯವಾಗಿ ದೊಡ್ಡ ಪ್ಯಾಕೇಜ್ಗಳ ಮೂಲಕ ಕಾರ್ಯನಿರ್ವಹಿಸುವ ಉದ್ಯಮಗಳಾಗಿವೆ; ಅವರು ಷೇರುಗಳನ್ನು ಮತ್ತು ಬಾಂಡ್ಗಳಿಗೆ ಬಂಡವಾಳ ಹೂಡುವ ರೂಪದಲ್ಲಿ ಅಥವಾ ದೀರ್ಘಕಾಲೀನ ಹೂಡಿಕೆಯ ಸಾಲವನ್ನು ನೀಡುವ ಮೂಲಕ ಕಾರ್ಪೊರೇಟ್ ಹಣಕಾಸು ವ್ಯವಹಾರದಲ್ಲಿ ಸಹ ತೊಡಗುತ್ತಾರೆ.,"ಬೆಲೆ, ಮೌಲ್ಯ","Price, value",Yes,Darshan R K,2025-02-08 15:04:00
ಬಂಡವಾಳ,"ಹಣಕಾಸು ಸಚಿವ ನಿರ್ಮಲಾ ಸೀತಾರಾಮನ್ ಅವರ ಮೊದಲ ಬಜೆಟ್ ಮುಂದಿನ ಐದು ವರ್ಷಗಳಲ್ಲಿ ಸುಧಾರಣೆಗಳಿಗೆ ವೇದಿಕೆ ಕಲ್ಪಿಸಲಿದ್ದು, ಹೂಡಿಕೆ, ಆಕರ್ಷಣೆಯನ್ನು ಹೆಚ್ಚಿಸಲು ಭೂಮಿ, ಕಾರ್ಮಿಕ, ಬಂಡವಾಳ ಮತ್ತು ಉದ್ಯಮಶೀಲತೆ ಮುಂತಾದ ಕ್ಷೇತ್ರಗಳಲ್ಲಿ ರಚನಾತ್ಮಕ ನೀತಿ ಬದಲಾವಣೆಗಳನ್ನು ಕಾಣಬಹುದು, ಬಳಕೆಯನ್ನು ಹೆಚ್ಚಿಸಲು ಪ್ರೋತ್ಸಾಹಕಗಳನ್ನು ನೀಡುತ್ತದೆ ಮತ್ತು ಸಾರ್ವಜನಿಕ ಹಣವನ್ನು ಸಾಮಾಜಿಕಕ್ಕಾಗಿ ಖರ್ಚು ಮಾಡುತ್ತದೆ ಸಮಾನ ಬೆಳವಣಿಗೆಗೆ ಮೂಲಸೌಕರ್ಯ, ಈ ವಿಷಯದ ಬಗ್ಗೆ ತಿಳಿದಿರುವ ಅಧಿಕಾರಿಗಳು ಹೇಳಿದರು.","ಬೆಲೆ, ಮೌಲ್ಯ","Price, value",Yes,Darshan R K,2025-02-08 15:04:00
ಬಂಡವಾಳ,ವಸೂಲಿಯಾಗದ ಸಾಲ ತಗ್ಗಿಸಲು ಬ್ಯಾಂಕ್‌ಗಳಿಗೆ ಬಂಡವಾಳ ಮರುಪೂರಣ ಯೋಜನೆ ಪ್ರಕಟಿಸಲಾಗಿದೆ.,"ಬೆಲೆ, ಮೌಲ್ಯ","Price, value",Yes,Darshan R K,2025-02-08 15:04:00
ಬಂಡವಾಳ,ಯುರೋಸ್ ಒಂದು ಆರ್ಥಿಕ ಬಂಡವಾಳ ಉತ್ತಮ ಗುಣಮಟ್ಟದ ಮತ್ತು ಹಸಿರು ಹೊದಿಕೆಯ ಬಾಳಿಕೆ ಪಾವತಿಸುತ್ತದೆ.,"ಬೆಲೆ, ಮೌಲ್ಯ","Price, value",Yes,Darshan R K,2025-02-08 15:04:00
ಬಂಡವಾಳ,"ಅದರಂತೆಯೇ, ಹಿಂದಿನ ಸರ್ಕಾರ ಡಸಾಲ್ಟ್ ಕಂಪನಿ ಸರ್ಕಾರಿ ಸ್ವಾಮ್ಯದ ಊಂಐ ನಲ್ಲಿ ಬಂಡವಾಳ ಮತ್ತು ತಂತ್ರಜ್ಞಾನ ತೊಡಗಿಸಬೇಕೆಂಬ ಒಪ್ಪಂದ ಮಾಡಿಕೊಂಡಿದ್ದು.","ಬೆಲೆ, ಮೌಲ್ಯ","Price, value",Yes,Darshan R K,2025-02-08 15:04:00
ಬಂಡವಾಳ,70ರಷ್ಟು ಬಂಡವಾಳ ಹೂಡಿಕೆಯಾಗಲಿದೆ ಎಂದು ವಿವರಿಸಿದರು.,"ಬೆಲೆ, ಮೌಲ್ಯ","Price, value",Yes,Darshan R K,2025-02-08 15:04:00
ಬಂಡವಾಳ,"ಟಾವೊಯುನ್‍ನಲ್ಲಿ ಬಂಡವಾಳ ಹೂಡುವಂತೆ ಭಾರತದ ಅದರಲ್ಲೂ ಕರ್ನಾಟಕದ ಉದ್ಯಮಿಗಳಿಗೆ ಮುಕ್ತ ಆಹ್ವಾನ ನೀಡಿದ ಅವರು, 2017ರಲ್ಲಿ ತೈವಾನ್ ಭಾರತದೊಂದಿಗೆ ತೈವಾನ್ 240 ದಶಲಕ್ಷ ಡಾಲರ್‍ಗಳ ವ್ಯಾಪಾರ ವಹಿವಾಟು ನಡೆಸಿದೆ.","ಬೆಲೆ, ಮೌಲ್ಯ","Price, value",Yes,Darshan R K,2025-02-08 15:04:00
ಬಂಡವಾಳ,ಮೊದಲು ನಾನೇ ಬಂಡವಾಳ ಹಾಕಿ ವ್ಯಾಪಾರ ಮಾಡುವಾಗ ಮಾಲು ಉಳಿದ್ರೆ ಆಕಾಶಾನೇ ತಲೆ ಮೇಲೆ ಬಿದ್ದಂಗೆ ಆಗ್ತಿತ್ತು.,"ಬೆಲೆ, ಮೌಲ್ಯ","Price, value",Yes,Darshan R K,2025-02-08 15:04:00
ಬಂಡವಾಳ,"ಹಸಿವು ಮುಕ್ತ ರಾಜ್ಯ , ಕೃಷಿ, ಉದ್ಯೋಗ, ಶಿಕ್ಷಣ, ಕೈಗಾರಿಕೋದ್ಯಮ, ವಿದೇಶಿ ಬಂಡವಾಳ ಹೂಡಿಕೆ, ಗ್ರಾಮಗಳ ಅಭಿವೃದ್ಧಿ ಸೇರಿ ಎಲ್ಲ ಕ್ಷೇತ್ರಗಳಲ್ಲಿ ಉತ್ತಮ ಸಾಧನೆ ಮಾಡುವ ಮೂಲಕ ದೇಶಕ್ಕೆ ಮಾದರಿ ರಾಜ್ಯವಾಗಿದೆ ಎಂದರು.","ಬೆಲೆ, ಮೌಲ್ಯ","Price, value",Yes,Darshan R K,2025-02-08 15:04:00
ಬಂಡವಾಳ,ಬಂಡವಾಳ ಹೂಡಿಕೆಗೆ ಆಸಕ್ತಿ,"ಬೆಲೆ, ಮೌಲ್ಯ","Price, value",Yes,Darshan R K,2025-02-08 15:04:00
ಬಂಡವಾಳ,"ಆದರೆ, ಬಂಡವಾಳ ಹೂಡಿಕೆಯ ನಿರ್ಧಾರ ಯಶಸ್ವಿಯಾಗಬೇಕಾದರೆ ಇದಕ್ಕೆ ವಿಭಿನ್ನವಾಗಿ ಆಲೋಚಿಸಿ ಹೂಡಿಕೆ ಮೊತ್ತವನ್ನು ಪ್ರತ್ಯೇಕಗೊಳಿಸುವ ನಿರ್ಧಾರಕ್ಕೆ ಬರುವುದು ಮುಖ್ಯವಾಗಿರುತ್ತದೆ.","ಬೆಲೆ, ಮೌಲ್ಯ","Price, value",Yes,Darshan R K,2025-02-08 15:04:01
ಬಂಡವಾಳ,"ಮೈಸೂರು ಮಹಾನಗರ ಪಾಲಿಕೆ ವತಿಯಿಂದ ವಿಕಲ ಚೇತನರಿಗೆ ಪೆಟ್ಟಿಗೆ ಅಂಗಡಿ ಮಂಜೂರು ಮಾಡಿ ಯಾವುದೇ ಸಮಸ್ಯೆ ಇಲ್ಲದಂತೆ ಅವರು ನಿರ್ವಹಿಸಿಕೊಂಡು ಹೋಗುತ್ತಿದ್ದರೂ ಪಾಲಿಕೆಯ ಕೆಲ ಸಿಬ್ಬಂದಿ ಅಕ್ಕಪಕ್ಕದ ಅಂಗಡಿಗಳ ಬಂಡವಾಳ ಶಾಹಿಗಳ ಮಾತನ್ನು ಆಲಿಸಿ ಅಂಗವಿಕಲರಿಗೆ ವ್ಯಾಪಾರ ವಹಿವಾಟು ನಡೆಸಲು ಅಡ್ಡಿಯುಂಟು ಮಾಡುತ್ತಿದ್ದು, ಕೂಡಲೇ ಈ ಸಮಸ್ಯೆ ಬಗೆಹರಿಸಬೇಕೆಂದು ಆಗ್ರಹಿಸಿ ನಗರದ ವಿಕಲಚೇತನರ ಅಭ್ಯುದಯ ವೇದಿಕೆವತಿಯಿಂದ ಪಾಲಿಕೆ ಎದುರು ಪ್ರತಿಭಟನೆ ನಡೆಸಲಾಯಿತು.","ಬೆಲೆ, ಮೌಲ್ಯ","Price, value",Yes,Darshan R K,2025-02-08 15:04:01
ಬಂಡವಾಳ,ನಿನ್ನೆ ಮುಖ್ಯಮಂತ್ರಿ ಸಿದ್ದರಾಮಯ್ಯ ತಮ್ಮ ಭಾಷಣದಲ್ಲಿ ಬಂಡವಾಳ ಹೂಡಿಕೆದಾರರಿಗೆ ವಿಶೇಷ ಸವಲತ್ತು ನೀಡುವುದಾಗಿ ಘೋಷಣೆ ಮಾಡಿದ್ದರು.,"ಬೆಲೆ, ಮೌಲ್ಯ","Price, value",Yes,Darshan R K,2025-02-08 15:04:01
ಬಂಡವಾಳ,ವೆಚ್ಚದಲ್ಲಿ ಅಳವಡಿಸುವ ಬಯೋ ಗ್ಯಾಸ್ ಘಟಕದಿಂದ ಕೇವಲ 2 ವರ್ಷದಲ್ಲಿ ಹಾಕಿದ ಬಂಡವಾಳ ವಾಪಸ್ ಬರುತ್ತದೆ.,"ಬೆಲೆ, ಮೌಲ್ಯ","Price, value",Yes,Darshan R K,2025-02-08 15:04:01
ಬಂಡವಾಳ,ಸ್ವಂತ ಬಂಡವಾಳ ಹೊಂದಿರುವವರು ಕಲಾವಿದರಾಗುತ್ತಿದ್ದಾರೆ.,"ಬೆಲೆ, ಮೌಲ್ಯ","Price, value",Yes,Darshan R K,2025-02-08 15:04:01
ಬಂಡವಾಳ,ಘಟಕ ಆರಂಭಕ್ಕೆ ರೂ 250 ಕೋಟಿ ಬಂಡವಾಳ ಹೂಡಿಕೆಯಾಗಲಿದೆ ಎಂದು ನಗರಸಭೆ ಎಂಜಿನಿಯರೊಬ್ಬರು ತಿಳಿಸಿದರು.,"ಬೆಲೆ, ಮೌಲ್ಯ","Price, value",Yes,Darshan R K,2025-02-08 15:04:01
ಬಂಡವಾಳ,"ಉಪ್ಪುಂದ: ಶಿಕ್ಷಣ ಕ್ಷೇತ್ರವನ್ನು ವ್ಯವಹಾರಿಕವಾಗಿ ಮಾಡಿಕೊಂಡು ಬಂಡವಾಳ ಶಾಹಿಗಳು ನಿಯಂತ್ರಿಸುತ್ತಿರುವುದರಿಂದ ಗ್ರಾಮೀಣ ಭಾಗದ ಪ್ರತಿಭಾವಂತರಿಗೆ, ಬಡವರಿಗೆ ಹಾಗೂ ಮದ್ಯಮ ವರ್ಗದ ವಿದ್ಯಾರ್ಥಿಗಳಿಗೆ ಉನ್ನತ ಶಿಕ್ಷಣದಿಂದ ವಂಚಿತರಾಗುತ್ತಿದ್ದಾರೆ ಎಂದು ಸಂಪನ್ಮೂಲ ವ್ಯಕ್ತಿ ಹಾಗೂ ಸಾಹಿತಿ ಯು.","ಬೆಲೆ, ಮೌಲ್ಯ","Price, value",Yes,Darshan R K,2025-02-08 15:04:01
ಬಂಡವಾಳ,"ಕಳೆದ ವಾರ ಮೂರು ದಿನಗಳ ಭಾರತ ಭೇಟಿ ಕೈಗೊಂಡಿದ್ದ ಅಮೆಜಾನ್ ಮುಖ್ಯಸ್ಥ ಹಾಗೂ ಜಗತ್ತಿನ ಕೆಲವೇ ಕೆಲವು ಕೋಟ್ಯಾಧಿಪತಿಗಳಲ್ಲಿ ಒಬ್ಬರಾದ ಜೆಫ್ ಬಿಜೋಸ್ ಅವರು ಭಾರತದಲ್ಲಿ 7,100 ಕೋಟಿ ರುಪಾಯಿ ಬಂಡವಾಳ ಹೂಡುವುದರ ಜೊತೆಗೆ 10 ಲಕ್ಷ ಉದ್ಯೋಗ ಸೃಷ್ಟಿಸುವುದಾಗಿ ಹೇಳಿಕೆ ನೀಡಿದ್ದರು.","ಬೆಲೆ, ಮೌಲ್ಯ","Price, value",Yes,Darshan R K,2025-02-08 15:04:01
ಬಂಡವಾಳ,ಇನ್ನು ಈ ರೀತಿಯ ವ್ಯಕ್ತಿಗಳಿಗೆ ಅಥವಾ ಸಂಸ್ಥೆಗೆ ಇಂತಹ ಸೇವೆ ನೀಡಲು ಮುಂದಾಗುವ ದೇಶಗಳಿಗೆ ತಮ್ಮ ದೇಶದ ಅಭಿವೃದ್ಧಿಗೆ ಬೇಕಾದ ಬಂಡವಾಳ ದೊರಕುತ್ತದೆ.,"ಬೆಲೆ, ಮೌಲ್ಯ","Price, value",Yes,Darshan R K,2025-02-08 15:04:01
ಬಂಡವಾಳ,"ಹಣಕಾಸಿನ ಯಾವುದೂ, ಅತ್ಯಂತ ಅಭಿವೃದ್ಧಿ ರಾಷ್ಟ್ರಗಳ ಸರ್ಕಾರದ ಬಾಂಡ್ಗಳನ್ನು ವಿರುದ್ಧವಾಗಿ, ಯಾವುದೇ ಖಾತ್ರಿ, ಅಂದರೆ, ನೀವು ಕೇವಲ ನಿರೀಕ್ಷಿಸಲಾಗಿದೆ ಹೆಚ್ಚಿನ ಲಾಭ ಶೇಕಡಾವಾರು ಪಡೆಯಬಹುದು ಇಲ್ಲ, ಆದರೆ ಎಲ್ಲಾ ನಿಮ್ಮ ಬಂಡವಾಳ ಕಳೆದುಕೊಳ್ಳುವ ಎಂದು.","ಬೆಲೆ, ಮೌಲ್ಯ","Price, value",Yes,Darshan R K,2025-02-08 15:04:01
ಬಂಡವಾಳ,ಆರ್‌ ಮಧುಗಿರಿ ವಿಜಯರಥ ಚಿತ್ರಕ್ಕೆ ಬಂಡವಾಳ ಹೂಡಿ ನಿರ್ಮಿಸಿದ್ದಾರೆ.,"ಬೆಲೆ, ಮೌಲ್ಯ","Price, value",Yes,Darshan R K,2025-02-08 15:04:01
ಬಂಡವಾಳ,ಆದರೆ ಅದನ್ನೇ ನಂಬಿ ಹೆಚ್ಚಿನ ಸಾಲ ಮಾಡಿ ಬಂಡವಾಳ ಹೂಡಿದರೆ ಮಾತ್ರ ವರ್ಷಾಂತ್ಯದಲ್ಲಿ ನಷ್ಟ ಕಟಿಟ್ಟ ಬುತ್ತಿ ಆಗುತ್ತದೆ.,"ಬೆಲೆ, ಮೌಲ್ಯ","Price, value",Yes,Darshan R K,2025-02-08 15:04:01
ಬಂಡವಾಳ,"ಈ ಚಿತ್ರಕ್ಕೆ ಪುಷ್ಕರ್ ಮಲ್ಲಿಕಾರ್ಜುನಯ್ಯ ಬಂಡವಾಳ ಹೂಡಿದ್ದು, ಈಗಾಗಲೇ ಚಿತ್ರ ಸಾಕಷ್ಟು ಹೈಪ್‌ ಕ್ರಿಯೇಟ್ ಮಾಡಿದೆ.","ಬೆಲೆ, ಮೌಲ್ಯ","Price, value",Yes,Darshan R K,2025-02-08 15:04:01
ಬಂಡವಾಳ,"ಕನ್ನಡದ ಸಿನಿಮಾ ಮಾರುಕಟ್ಟೆ ವಿಸ್ತಾರವಾಗಿದ್ದು, ಬಂಡವಾಳ ಹೂಡಿಕೆ ಹೆಚ್ಚಾಗಿದೆ ಎನ್ನಲಾಗಿದೆ.","ಬೆಲೆ, ಮೌಲ್ಯ","Price, value",Yes,Darshan R K,2025-02-08 15:04:01
ಬಂಡವಾಳ,ವಿದೇಶಿ ಸಾಂಸ್ಥಿಕ ಹೂಡಿಕೆದಾರರು (ಎಫ್‌ಐಐ) ಷೇರುಪೇಟೆಯಿಂದ ಬೃಹತ್‌ ಪ್ರಮಾಣದಲ್ಲಿ ಬಂಡವಾಳ ವಾಪಸ್‌ ಪಡೆದ ಕಾರಣ ಕಳೆದ ವಾರ ಸೂಚ್ಯಂಕ ಒಟ್ಟಾರೆ 619 ಅಂಶಗಳಷ್ಟು ಕುಸಿತ ಕಂಡಿದೆ.,"ಬೆಲೆ, ಮೌಲ್ಯ","Price, value",Yes,Darshan R K,2025-02-08 15:04:01
ಬಂಡವಾಳ,ಇದರಿಂದ ಭಾರತದಂತಹ ಪ್ರವರ್ಧಮಾನಕ್ಕೆ ಬರುತ್ತಿರುವ ದೇಶಗಳಿಗೆ ಹೆಚ್ಚಿನ ವಿದೇಶಿ ಬಂಡವಾಳ ಹರಿದು ಬರಲಿದೆ ಎಂದು ಜಿಯೋಜಿತ್ ಬಿಎನ್‌ಪಿ ಪರಿಬಾಸ್‌ ಫೈನಾನ್ಶಿಯಲ್‌ ಸರ್ವೀಸಸ್‌ನ ಸಂಶೋಧನಾ ಮುಖ್ಯಸ್ಥ ವಿನೋದ್‌ ನಾಯರ್‌ ಹೇಳಿದ್ದಾರೆ.,"ಬೆಲೆ, ಮೌಲ್ಯ","Price, value",Yes,Darshan R K,2025-02-08 15:04:01
ಬಂಡವಾಳ,"ಜನವರಿಯಲ್ಲಿ ಅದ್ದೂರಿಯಾಗಿ ಶ್ರೀಕಂಠ ಚಿತ್ರಕ್ಕೆ ಚಾಲನೆ ಸಿಗಲಿದ್ದು, ಚಿಂಗಾರಿ ಚಿತ್ರವನ್ನ ನಿರ್ಮಿಸಿದ್ದ ಮಹದೇವ್ ಬಂಡವಾಳ ಹಾಕ್ತಿದ್ದಾರೆ.","ಬೆಲೆ, ಮೌಲ್ಯ","Price, value",Yes,Darshan R K,2025-02-08 15:04:01
ಬಂಡವಾಳ,ಹೆಚ್ಚು ಬಂಡವಾಳ ಇರುವವರು ಸಣ್ಣ ಪುಟ್ಟ ಅಂಗಡಿಗಳನ್ನು ಹಾಕಿಕೊಂಡಿದ್ದಾರೆ.,"ಬೆಲೆ, ಮೌಲ್ಯ","Price, value",Yes,Darshan R K,2025-02-08 15:04:01
ಬಂಡವಾಳ,ಬಂಡವಾಳ ಮೇಲೆ ರಿಟರ್ನ್ ಯಾಂತ್ರಿಕ ಬಹಿರಂಗಪಡಿಸಲು ಮತ್ತು ಬಗ್ಗೆ ಮಾತನಾಡಲು ಮರೆಯಬೇಡಿ ಮರುಪಾವತಿಯ ಅವಧಿಯು.,"ಬೆಲೆ, ಮೌಲ್ಯ","Price, value",Yes,Darshan R K,2025-02-08 15:04:02
ಬಂಡವಾಳ,ತೋಟಗಾರಿಕೆ ಉತ್ಪನ್ನಗಳ ಮೌಲ್ಯವರ್ಧನೆ ಮತ್ತು ಸಂಸ್ಕರಣೆ ಕ್ಷೇತ್ರದಲ್ಲಿ ಬಂಡವಾಳ ಹೂಡಲು ಮುಕ್ತ ಆಹ್ವಾನ ನೀಡಲಾಗಿದೆ.,"ಬೆಲೆ, ಮೌಲ್ಯ","Price, value",Yes,Darshan R K,2025-02-08 15:04:02
ಬಂಡವಾಳ,"ಇಂದು, ಮಾತೃತ್ವ ಬಂಡವಾಳ 453 ಸಾವಿರ.","ಬೆಲೆ, ಮೌಲ್ಯ","Price, value",Yes,Darshan R K,2025-02-08 15:04:02
ಬಂಡವಾಳ,ಚಿಲ್ಲರೆ ವ್ಯಾಪಾರದಲ್ಲಿ ವಿದೇಶಿ ಬಂಡವಾಳ ಕುರಿತು ಕಾಂಗ್ರೆಸ್ ಸರಕಾರವಿದ್ದಾಗ ಸುಷ್ಮಾ ಸ್ವರಾಜ್ ಅವರು ಸದನದಲ್ಲಿ ಮಾಡಿದ ಭಾಷಣ ಅದ್ಬುತ ಮತ್ತು ದಾಖಲಾರ್ಹ.,"ಬೆಲೆ, ಮೌಲ್ಯ","Price, value",Yes,Darshan R K,2025-02-08 15:04:02
ಬಂಡವಾಳ,ಅದಕ್ಕಾಗಿ ವಿಶ್ವ ಬಂಡವಾಳ ಆಕರ್ಷಣೆಯ ಮೂಲಕ ದೇಶದಲ್ಲಿ ಇತರೆ ಕ್ಷೇತ್ರಗಳ ಅಭ್ಯುದಯಕ್ಕೆ ಅವರು ಅಪಾರ ಆಸಕ್ತಿ ತೋರಿದ್ದಾರೆ.,"ಬೆಲೆ, ಮೌಲ್ಯ","Price, value",Yes,Darshan R K,2025-02-08 15:04:02
ಬಂಡವಾಳ,ಕಳೆದ ವರ್ಷ ನಡೆದ ಜಾಗತಿಕ ಬಂಡವಾಳ ಹೂಡಿಕೆದಾರರ ಸಮಾವೇಶದಲ್ಲಿ ರೂ.,"ಬೆಲೆ, ಮೌಲ್ಯ","Price, value",Yes,Darshan R K,2025-02-08 15:04:02
ಬಂಡವಾಳ,"ಜಾಗತಿಕ ಬಂಡವಾಳ ಹೂಡಿಕೆದಾರರ ಸಮಾವೇಶದಲ್ಲಿ ಪಡೆದ ₹ 14,520 ಕೋಟಿ ಮೊತ್ತದ ವಿಮಾನಯಾನ ಉದ್ಯಮದ 33 ಪ್ರಸ್ತಾವನೆಗಳಿಗೆ ಒಪ್ಪಿಗೆ.","ಬೆಲೆ, ಮೌಲ್ಯ","Price, value",Yes,Darshan R K,2025-02-08 15:04:02
ಬಂಡವಾಳ,ನೀವು ತೊಡಗಿಸಿದ ಬಂಡವಾಳ ಕೂಡ ಅದೇ ವೇಗದಿಂದ ಬೆಳೆಯುತ್ತಿರುತ್ತದೆ.,"ಬೆಲೆ, ಮೌಲ್ಯ","Price, value",Yes,Darshan R K,2025-02-08 15:04:02
ಬಂಡವಾಳ,"ಜಿಎಸ್‌ಟಿ ಜತೆಗೆ, ಕೇಂದ್ರದಿಂದ ಹೆಚ್ಚಿನಅನುದಾನ, ವಿದೇಶೀ ಬಂಡವಾಳ ಹೂಡಿಕೆಯಿಂದ ಸಂಪನ್ಮೂಲ ಕ್ರೋಡೀಕರಣ ಮಾಡುವ ದಾರಿ ಹುಡುಕಬೇಕಾಗಿದೆ.","ಬೆಲೆ, ಮೌಲ್ಯ","Price, value",Yes,Darshan R K,2025-02-08 15:04:03
ಬಂಡವಾಳ,"ಅಮೀನ್, ಶ್ರೀನಿವಾಸ ಶಿವಮೊಗ್ಗ ಚಿತ್ರಕ್ಕೆ ಬಂಡವಾಳ ಹೂಡುವ ಮೂಲಕ ಹೊಸ ತಂಡಕ್ಕೆ ಬೆನ್ನೆಲುಬಾಗಿದ್ದಾರೆ.","ಬೆಲೆ, ಮೌಲ್ಯ","Price, value",Yes,Darshan R K,2025-02-08 15:04:03
ಬಂಡವಾಳ,ಇದನ್ನೇ ಬಂಡವಾಳ ಮಾಡಿಕೊಂಡಿರುವ ಇಂತಹ ಕೆಲವೊಂದು ಕೋಮುವಾದಿ ನಾಯಕರುಗಳು ಒಬ್ಬರಿಗಿಂತ ಒಬ್ಬರು ಮುಸ್ಲಿಂ ಸಮುದಾಯದ ವಿರುದ್ಧ ವಿವಾದಾತ್ಮಕ ಹೇಳಿಕೆಗಳನ್ನು ನೀಡಿ ರಾಜಕೀಯ ಲಾಭವನ್ನು ಪಡೆಯಲು ಎಲ್ಲಾ ರೀತಿಯ ಪ್ರಯತ್ನಗಳನ್ನು ಮಾಡುತ್ತಿದ್ದಾರೆ.,"ಸತ್ವ, ತಿರುಳು","Essence, core",Yes,Darshan R K,2025-02-08 14:54:56
ಬಂಡವಾಳ,ಬಂಡವಾಳ ಮೀಸಲು (ಅನಿಶ್ಚಯತೆ ಫಾರ್ ಉದ್ಯಮದ ಲಾಭ ಶಾಶ್ವತ ತೀರ್ಮಾನಗಳನ್ನು ಪರಿಣಾಮವಾಗಿ ರಚಿಸಿದರು).,"ಸತ್ವ, ತಿರುಳು","Essence, core",Yes,Darshan R K,2025-02-08 14:54:56
ಬಂಡವಾಳ,"ಸಂತ್ರಸ್ತ ಮಹಿಳೆ ಪತಿ ಅನಾರೋಗ್ಯ ಪೀಡಿತರಾಗಿದ್ದು, ಇದನ್ನೇ ಬಂಡವಾಳ ಮಾಡಿಕೊಂಡಿದ್ದಾರೆ.","ಸತ್ವ, ತಿರುಳು","Essence, core",Yes,Darshan R K,2025-02-08 14:54:56
ಬಂಡವಾಳ,"ಇವರು ತಮ್ಮ ಬಂಡವಾಳ ಬಯಲಿಗೆ ಬರಬಾರದು ಎಂಬ ನಿಟ್ಟಿನಲ್ಲಿ ಮುಸ್ಲಿಮರು, ಕ್ರೈಸ್ತರು ಹಿಂದೂಗಳ ಶತ್ರುಗಳು ಎಂಬಂತೆ ಬಿಂಬಿಸಲು ಹೊರಟಿದ್ದಾರೆ ಎಂದು ನುಡಿದರು.","ಸತ್ವ, ತಿರುಳು","Essence, core",Yes,Darshan R K,2025-02-08 14:54:57
ಬಂಡವಾಳ,ಇನ್ನು ಬಂಡವಾಳ ಬಯಲಾಗುತ್ತದೆ ಎಂದುಕೊಂಡರು ರಾಜೀವ್.,"ಸತ್ವ, ತಿರುಳು","Essence, core",Yes,Darshan R K,2025-02-08 14:54:57
ಬಂಡವಾಳ,ಅನಗತ್ಯ ಬಂಡವಾಳ ಹೂಡಬೇಕಿಲ್ಲ.,"ಸತ್ವ, ತಿರುಳು","Essence, core",Yes,Darshan R K,2025-02-08 14:54:57
ಬಂಡವಾಳ,ರಾಜೇಶ್‌ ಭಾಟಿಯ ಮತ್ತು ಕಿರಣ್ ಭಾಟಿಯ ಬಂಡವಾಳ ಹೂಡುತ್ತಿರುವ ಈ ಚಿತ್ರಕ್ಕೆ ನವಾಜುದ್ದೀನ್‌ ಸಹೋದರ ಶಮಾಸ್‌ ಸಿದ್ದಿಕಿ ಆ್ಯಕ್ಷನ್ ಕಟ್‌ ಹೇಳಲಿದ್ದಾರೆ.,"ಸತ್ವ, ತಿರುಳು","Essence, core",Yes,Darshan R K,2025-02-08 14:54:57
ಬಂಡವಾಳ,"ಅದರ ಮೂಲ ಬಂಡವಾಳ ಭಕ್ತಿ, ಜ್ಞಾನ, ಕರ್ಮ, ವೈಚಾರಿಕತೆ, ಶರಣರು ತಮ್ಮ ಸಾಧನೆಯಿಂದ ಅನುಭಾವ, ಭಕ್ತಿ, ಜ್ಞಾನ, ವಿಚಾರ ಮುಂತಾದ ಮೌಲ್ಯಗಳನ್ನು ಗಳಿಸಿ ಅನುಭವ ಮಂಟಪದಲ್ಲಿ ಒಟ್ಟು ಕೂಡಿಸುತ್ತಿದ್ದರು; ಅಲ್ಲಿಂದ ಆ ಮೌಲ್ಯಗಳನ್ನು ವಚನಗಳ ರೂಪದಲ್ಲಿ ರಾಷ್ಟ್ರದ ತುಂಬ ಪ್ರಸಾರಗೊಳಿಸುತ್ತಿದ್ದರು.","ಸತ್ವ, ತಿರುಳು","Essence, core",Yes,Darshan R K,2025-02-08 14:54:57
ಬಂಡವಾಳ,"ಒಂದು ಮಹಾನ್ ಸಾಮರ್ಥ್ಯವನ್ನು ಮಾರಾಟ ಮಾರುಕಟ್ಟೆಯಲ್ಲಿ ಅಗ್ಗದ ದುಡಿಮೆಯ ಲಭ್ಯತೆ ಸಂಯೋಜಿಸಲ್ಪಟ್ಟ ಮತ್ತು ಕಚ್ಚಾ ವಸ್ತುಗಳ ಮೂಲ, ಜಪಾನೀಸ್ ಬಂಡವಾಳ ಹೂಡಿಕೆ ಮಾಡುವ ಭರವಸೆಯ ವಸ್ತು ಆಗ್ನೇಯ ಏಷ್ಯಾದ ದೇಶಗಳಲ್ಲಿ ಎಂದು.","ಸತ್ವ, ತಿರುಳು","Essence, core",Yes,Darshan R K,2025-02-08 14:54:57
ಬಂಡವಾಳ,ಮೈತ್ರಿ ಪಕ್ಷಗಳ ನಡುವಿನ ಈ ತಿಕ್ಕಾಟವನ್ನೇ ಬಂಡವಾಳ ಮಾಡಿಕೊಂಡಿರುವ ಬಿಜೆಪಿ ಬಿನ್ನಿಪೇಟೆಯಲ್ಲಿ ಗೆಲುವು ಸಾಧಿಸಲು ರಣತಂತ್ರ ರೂಪಿಸಿ ಸ್ಥಳೀಯ ಕಾರ್ಯಕರ್ತೆ ಚಾಮುಂಡೇಶ್ವರಿ ಅವರಿಗೆ ಟಿಕೆಟ್ ನೀಡಿದೆ.,"ಸತ್ವ, ತಿರುಳು","Essence, core",Yes,Darshan R K,2025-02-08 14:54:57
ಬಂಡವಾಳ,ಆದ್ರೆ ಕೆಲವರು ಇದನ್ನೆ ಬಂಡವಾಳ ಮಾಡಿಕೊಳ್ಳುತ್ತಾರೆ ಏನು ಮಾಡೋದು?,"ಸತ್ವ, ತಿರುಳು","Essence, core",Yes,Darshan R K,2025-02-08 14:54:57
ಬಂಡವಾಳ,ದಂಪತಿಯ ನಂಬಿಕೆಯನ್ನೇ ಬಂಡವಾಳ ಮಾಡಿಕೊಂಡ ಚಂದ್ರಪ್ಪ ಚೆಕ್ ಪಡೆದು ನಕಲಿ ಸಹಿ ಮಾಡಿ ಹಣ ವಿತ್ ಮಾಡಿದ್ದಾನೆ ಅನ್ನೋದು ದಂಪತಿ ಆರೋಪವಾಗಿದೆ.,"ಸತ್ವ, ತಿರುಳು","Essence, core",Yes,Darshan R K,2025-02-08 14:54:57
ಬಂಡವಾಳ,ಅವುಗಳ ಬಂಡವಾಳ ಮನುಷ್ಯನ ಭಾವುಕತೆಯ ದೌರ್ಬಲ್ಯ.,"ಸತ್ವ, ತಿರುಳು","Essence, core",Yes,Darshan R K,2025-02-08 14:54:57
ಬಂಡವಾಳ,"ಯಂಗ್ ಟಟಿಯಾನಾ ಅವರು ಬಂಡವಾಳ ಪ್ರವಾಸಕ್ಕೆ ಹೊರಟಿದ್ದ ತನ್ನ ತಂದೆ ಹಾಗೂ ತಾಯಿ ಹೇಳುತ್ತಾರೆ, ಆದರೆ ವಾಸ್ತವವಾಗಿ ಅವರು ನಾಟಕ ರಲ್ಲಿ ಪ್ರವೇಶ ಪರೀಕ್ಷೆಗಳನ್ನು ತೆಗೆದುಕೊಳ್ಳಲು ಮಾಸ್ಕೋ ಹೋದರು.","ಸತ್ವ, ತಿರುಳು","Essence, core",Yes,Darshan R K,2025-02-08 14:54:57
ಬಂಡವಾಳ,"ಮಾತಿನ ವೈಖರಿ, ಜ್ಞಾನದ ಹರಿವು, ಸಾಹಿತ್ಯದ ಅರಿವು, ಸಂಭಾಷಣೆಯ ಬಂಡವಾಳ ವೃದ್ಧಿಯಾಗುವಲ್ಲಿ ಯಕ್ಷ ತಾಳಮದ್ದಳೆಯ ಅಭ್ಯಸಿಸುವಿಕೆ ಉತ್ತಮ ವಾದುದು.","ಸತ್ವ, ತಿರುಳು","Essence, core",Yes,Darshan R K,2025-02-08 14:54:57
ಬಂಡವಾಳ,ಹೈದರಾಬಾದ್‌ : ಪ್ರಿಯತಮನಿಗಾಗಿ ತನ್ನ ಪತಿಯನ್ನು ಕೊಂದು ಲವರ್‌ ಮುಖವನ್ನು ಗಂಡನ ಮುಖದಂತೆ ಪ್ಲಾಸ್ಟಿಕ್ ಸರ್ಜರಿ ಮಾಡಿಸಿದ್ದ ಪತ್ನಿಯ ಬಂಡವಾಳ ಬೆಳಕಿಗೆ ಬಂದಿದೆ.,"ಸತ್ವ, ತಿರುಳು","Essence, core",Yes,Darshan R K,2025-02-08 14:54:57
ಬಂಡವಾಳ,"ಸ್ನಾತಕ ನೋಟವನ್ನು ರೂಪಾಂತರಿಸಿ, ಮತ್ತು ತನ್ನ ವೈಯಕ್ತಿಕ ಜೀವನದ ಬಂಡವಾಳ ಬೀದಿಗಳಲ್ಲಿ ಸ್ವಲ್ಪ ponofeletiv ವ್ಯವಸ್ಥೆ ಮಾಡಲು ಪ್ರಯತ್ನಿಸಿದರು, ಗಿನಾ ಇದ್ದಕ್ಕಿದ್ದಂತೆ ಭೂಮಿಗೆ ಅಪ್ಪಳಿಸಿದ.","ಸತ್ವ, ತಿರುಳು","Essence, core",Yes,Darshan R K,2025-02-08 14:54:57
ಬಂಡವಾಳ,ಆ ಜನರ ಸಾವನ್ನೇ ಬಂಡವಾಳ ಮಾಡಿಕೊಂಡು ಮತ್ತಷ್ಟು ಜನರ ಯೋಚನಾಶಕ್ತಿ ಕಸಿಯುವಲ್ಲಿ ಧರ್ಮಾಂಧರಿಗೆ ಅನುಕೂಲವಾಗುತ್ತದೆಯಷ್ಟೇ,"ಸತ್ವ, ತಿರುಳು","Essence, core",Yes,Darshan R K,2025-02-08 14:54:57
ಬಂಡವಾಳ,"ಅವರು ತೆಳುವಾದ ಅರ್ಧ ಆಕಾಶದಲ್ಲಿ ನೋಡಿದಾಗ, ಅವರಿಗೆ ಕೆಲವು ಮಸೂದೆಗಳು ತೋರಿಸಲು ಮತ್ತು ಬಂಡವಾಳ ಹೆಚ್ಚಿಸಲು ಹೊಂದಿವೆ.","ಸತ್ವ, ತಿರುಳು","Essence, core",Yes,Darshan R K,2025-02-08 14:54:57
ಬಂಡವಾಳ,# ಸತ್ಯವನ್ನು ಬಂಡವಾಳ ಮಾಡೋಕೆ ನಿಮಗಾಗುತ್ತಿಲ್ಲವಲ್ಲ ?,"ಸತ್ವ, ತಿರುಳು","Essence, core",Yes,Darshan R K,2025-02-08 14:54:57
ಬಂಡವಾಳ,"ಜಾರಕಿಹೊಳಿ ಸಹೋದರರ ಮಧ್ಯೆ ಇದ್ದ ಭಿನ್ನಾಭಿಪ್ರಾಯಗಳನ್ನೇ ಬಂಡವಾಳ ಮಾಡಿಕೊಂಡ ಬಾಲಚಂದ್ರ ಜಾರಕಿಹೊಳಿ, ರಮೇಶ್ ಜಾರಕಿಹೊಳಿ ಅವರನ್ನೇ ಅಸ್ತ್ರವಾಗಿ ಬಳಸಿಕೊಂಡು ಸಮ್ಮಿಶ್ರ ಸರ್ಕಾರವನ್ನ ಕೆಡವಿಸಿ, ತನಗೂ,‌ ಸರ್ಕಾರ ಬೀಳುವುದಕ್ಕೂ ಯಾವುದೇ ಸಂಬಂಧವಿಲ್ಲ ಎಂಬಂತೆ ನಡೆದುಕೊಂಡರಂತೆ.","ಸತ್ವ, ತಿರುಳು","Essence, core",Yes,Darshan R K,2025-02-08 14:54:57
ಬದಿ,ಸೇತುವೆಯ ಎರಡೂ ಬದಿ ಈಗ ರಸ್ತೆ ಸಂಪೂರ್ಣ ಕೆಸರುಮಯವಾಗಿದೆ.,ಕೆಸರು,mud,Yes,a,2025-02-07 14:38:29
ಬದಿ,ಹಬ್ಬಕ್ಕೆ ಒಂದು ತಿಂಗಳು ಇರುವಂತೆಯೇ ಗಣೇಶ ಮೂರ್ತಿಗಳನ್ನು ರಸ್ತೆ ಬದಿ ಯಲ್ಲಿ ತಾತ್ಕಾಲಿಕ ಶೆಡ್‌ ಹಾಕಿ ಮಾರಾಟಕ್ಕೆ ಸಜ್ಜುಗೊಳಿ ಸುವುದು ವಾಡಿಕೆ.,"ಪಕ್ಕ, ಮಗ್ಗಲು",Beside,Yes,a,2025-02-07 14:36:04
ಬದಿ,"ಅಸ್ಸಾಂ ರಾಜ್ಯದ ಗುವಾಹಟಿಯಲ್ಲಿ ಬೆಳೆದು ಆಂಧ್ರದ ನೆಲ್ಲೂರಿನಲ್ಲಿ ಬಳುಕಿ, ಬಾಗಿ, ಸುಂದರ ರೂಪ ಪಡೆದ ಬೆತ್ತಗಳು ತುಳುನಾಡಿನ ರಸ್ತೆ ಬದಿ ಪ್ರಪ್ರಥಮವಾಗಿ ಕುರ್ಚಿಯ ರೂಪದಲ್ಲಿ ಸಾರ್ವಜನಿಕರನ್ನು ತನ್ನತ್ತ ಸೆಳೆಯುತ್ತಿವೆ.","ಪಕ್ಕ, ಮಗ್ಗಲು",Beside,Yes,a,2025-02-07 14:36:04
ಬದಿ,20ರಂದು ಬೆಟ್ಟದ ಮೇಲೆ ನಿರ್ಮಿಸಿರುವ ಮಲ್ಟಿಲೆವೆಲ್ ಪಾರ್ಕಿಂಗ್ ಕಟ್ಟಡ ಉದ್ಘಾಟನೆ ಹಾಗೂ ವಾಣಿಜ್ಯ ಸಂಕಿರ್ಣಕ್ಕೆ ಬೀದಿ ಬದಿ ವ್ಯಾಪಾರಿ ಗಳನ್ನು ಸ್ಥಳಾಂತರ ಮಾಡಲು ಕ್ರಮ ಕೈ ಗೊಳ್ಳಲಾಗಿದೆ ಎಂದು ಮೈಸೂರು ಜಿಲ್ಲಾ ಉಸ್ತು ವಾರಿ ಸಚಿವ ವಿ.,"ಪಕ್ಕ, ಮಗ್ಗಲು",Beside,Yes,a,2025-02-07 14:36:04
ಬದಿ,"ಕಚೇರಿ ಬಳಿ, ಹೊರಪೇಟೆ ಮೊದಲಾದ ಸ್ಥಳಗಳಿಗೆ ಅನಿರೀಕ್ಷಿತ ಭೇಟಿ ನೀಡಿ, ರಸ್ತೆ ಬದಿ ಬೆಳಗಿನ ಉಪಹಾರ ಮಾರಾಟ ಮಾಡುತ್ತಿದ್ದವರನ್ನು ಪರಿಶೀಲನೆ ನಡೆಸಿದ್ದಾರೆ.","ಪಕ್ಕ, ಮಗ್ಗಲು",Beside,Yes,a,2025-02-07 14:36:04
ಬದಿ,ಪುತ್ತೂರು:ಬಲ್ನಾಡು ಗ್ರಾಮದ ಮುದಲಾಜೆ ಎಂಬಲ್ಲಿ ರಸ್ತೆ ಬದಿ ನಡೆದುಕೊಂಡು ಹೋಗುತ್ತಿದ್ದ ವಿವಾಹಿತ ಮಹಿಳೆಯ ಮಾನಭಂಗಕ್ಕೆ ಯತ್ನಿಸಿರುವ ಆರೋಪಿಯನ್ನು ನ್ಯಾಯಾಲಯ ಜಾಮೀನಿನ ಮೇಲೆ ಬಿಡುಗಡೆಗೊಳಿಸಿದೆ.,"ಪಕ್ಕ, ಮಗ್ಗಲು",Beside,Yes,a,2025-02-07 14:36:04
ಬದಿ,"ಮಂಗಳೂರು : ನಗರದ ಬೀದಿ ಬದಿ ವ್ಯಾಪಾರಸ್ಥರಿಗೆ ಪ್ರಥಮ ಹಂತವಾಗಿ ಮಂಗಳೂರು ಮಹಾನಗರ ಪಾಲಿಕೆ ವತಿಯಿಂದ 208 ಮಂದಿಗೆ ಗುರುತಿನ ಚೀಟಿಯನ್ನು ವಿತರಿಸಲಾಗಿದ್ದು, ಈ ಸಂಬಂಧ ಮಂಗಳವಾರ ಸಿಐಟಿಯು ಬೆಂಬಲಿತ ಬೀದಿಬದಿ ವ್ಯಾಪಾರಸ್ಥರ ಸಂಘದಿಂದ ಸಂಭ್ರಮಾಚರಿಸಲಾಯಿತು.","ಪಕ್ಕ, ಮಗ್ಗಲು",Beside,Yes,a,2025-02-07 14:36:04
ಬದಿ,ರಸ್ತೆ ಬದಿ ಮಾರಾಟಗಾರರ ಮೇಲೂ ನಿಗಾವಹಿಸಲಾಗಿದೆ.,"ಪಕ್ಕ, ಮಗ್ಗಲು",Beside,Yes,a,2025-02-07 14:36:04
ಬದಿ,ಇತ್ತೀಚೆಗೆ ಲಾಲ್‌ಭಾಗ್‌ ಸಮೀಪ ಕೆಎಸ್ಸಾರ್ಟಿಸಿ ಕಡೆಗೆ ಹೋಗುವ ಬಲ ಭಾಗದ ರಸ್ತೆ ಬದಿ ಕೂಡ ಇದೇ ರೀತಿ ಫ‌ುಟ್‌ಪಾತ್‌ ನಿರ್ಮಿಸಲಾಗಿದೆ.,"ಪಕ್ಕ, ಮಗ್ಗಲು",Beside,Yes,a,2025-02-07 14:36:04
ಬದಿ,ರಸ್ತೆ ಬದಿ ಅಂದರ್- ಬಾಹರ್ ಆಡುತ್ತಿದ್ದ ಖಚಿತ ಮಾಹಿತಿ ಮೇರೆಗೆ ಸಿಇಎನ್ ಪಿಐ ಮಹದೇವ ಶೆಟ್ಟಿ ನೇತೃತ್ವದ ತಂಡ ದಾಳಿ ನಡೆಸಿ ಜೂಜುಕೋರರನ್ನು ಬಂಧಿಸಿ ಹನೂರು ಪೊಲೀಸರ ವಶಕ್ಕೆ ನೀಡಿದ್ದಾರೆ.,"ಪಕ್ಕ, ಮಗ್ಗಲು",Beside,Yes,a,2025-02-07 14:36:04
ಬದಿ,"ವೃತ್ತ, ಪೇಟೆ ಬೀದಿಯ ಇಕ್ಕೆಲ ಸೇರಿದಂತೆ ಮೈಸೂರು ಬೆಂಗಳೂರು ಹೆದ್ದಾರಿ ಬದಿ ಯಲ್ಲಿ ರೈತರು ಎಂದಿನ ಉತ್ಸಾಹದಲ್ಲಿ ತಮ್ಮ ಜಾನುವಾರುಗಳನ್ನು ಕಟ್ಟಿದ್ದಾರೆ.","ಪಕ್ಕ, ಮಗ್ಗಲು",Beside,Yes,a,2025-02-07 14:36:04
ಬದಿ,ರಸ್ತೆ ಬದಿ ವ್ಯಾಪಾರಿಗಳಿಗೂ ಇದರ ಬಿಸಿ ತಟ್ಟಿದೆ.,"ಪಕ್ಕ, ಮಗ್ಗಲು",Beside,Yes,a,2025-02-07 14:36:04
ಬದಿ,"ಸಲ್ಲಿಸಬೇಕಾದ ದಾಖಲೆಗಳು:-ಬೀದಿ ಬದಿ ವ್ಯಾಪಾರಿ ಗುರುತಿನ ಚೀಟಿ, ಪಂಚಾಯತ್ ಅಭಿವೃಧ್ಧಿ ಅಧಿಕಾರಿಗಳ ದೃಢೀಕರಣ, ಆಧಾರ್ ಕಾರ್ಡ್, ಬಿಪಿಎಲ್ ಕಾರ್ಡ್, ಚುನಾವಣಾ ಗುರುತಿನ ಚೀಟಿ, ಬ್ಯಾಂಕ್ ಪಾಸ್‍ಪುಸ್ತಕದ ಪ್ರತಿ, ಚಟುವಟಿಕೆ ಮಾಡುತ್ತಿರುವ ಪೋಟೋ, 2 ಪಾಸ್‍ಪೋರ್ಟ್ ಅಳತೆಯ ಭಾವಚಿತ್ರ.","ಪಕ್ಕ, ಮಗ್ಗಲು",Beside,Yes,a,2025-02-07 14:36:04
ಬದಿ,"ಹೀಗಾಗಿ ಜನ ರಸ್ತೆ ಬದಿ ಗೋಡೆ, ಬಯಲಲ್ಲೇ ಮೂತ್ರ ವಿಸರ್ಜಿಸುವಂತಾಗಿದೆ.","ಪಕ್ಕ, ಮಗ್ಗಲು",Beside,Yes,a,2025-02-07 14:36:04
ಬದಿ,ಹೆದ್ದಾರಿ ಬದಿ ಮದ್ಯದಂಗಡಿ ನಿಷೇಧ ವಿಫಲ: ಶೇ 70ರಷ್ಟು ವಹಿವಾಟು ಅಬಾಧಿತ,"ಪಕ್ಕ, ಮಗ್ಗಲು",Beside,Yes,a,2025-02-07 14:36:04
ಬದಿ,"ಆಚೆ ಬದಿ ಮತ್ತು ಈಚೆ ಬದಿ ಎತ್ತರದ ಪ್ರದೇಶವಾಗಿದ್ದು, ಈ 4 ಮನೆಗಳಿರುವುದು ತಗ್ಗು ಪ್ರದೇಶದಲ್ಲಿ.","ಪಕ್ಕ, ಮಗ್ಗಲು",Beside,Yes,a,2025-02-07 14:36:04
ಬದಿ,ಪರೀಕ್ಷೆಗಾಗಿ ಹಿಮ್ಮುಖ ಮುಮ್ಮುಖ ಎರಡೂ ಬದಿ ಕಾಣುತ್ತಿದೆ ನೋಡಿ.,"ಪಕ್ಕ, ಮಗ್ಗಲು",Beside,Yes,a,2025-02-07 14:36:04
ಬದಿ,ಶಾಲೆಯಿಂದ ಬಂದ ಬಳಿಕ ದೂರದಲ್ಲಿರುವ ಮನೆಯಿಂದ ನೀರು ತರುವ ಕೆಲಸ ಮಾಡಿದ ಬಳಿಕ ಓದಲು ರಸ್ತೆ ಬದಿ ಇರುವ ಬೀದಿ ದೀಪ ಅಥವಾ ಮನೆಯಲ್ಲಿ ಚಿಮಣಿಯನ್ನು ಅವಲಂಬಿಸುತ್ತಾರೆ.,"ಪಕ್ಕ, ಮಗ್ಗಲು",Beside,Yes,a,2025-02-07 14:36:04
ಬದಿ,"ಬೆಳ್ಳುಳ್ಳಿ ಸಾಮಾನ್ಯವಾಗಿ ಅನೇಕ ವಿಧದ ಸೂಪ್ಗಳಿಗೆ, ಹಾಗೆಯೇ ಬದಿ ಮತ್ತು ಎಂಟ್ರೀಗಳಿಗೆ ಸೇರಿಸಲ್ಪಡುತ್ತದೆ.","ಪಕ್ಕ, ಮಗ್ಗಲು",Beside,Yes,a,2025-02-07 14:36:04
ಬದಿ,"ಆದರೆ, ಮೂಲ ಸೌಕರ್ಯ ನಿರ್ಮಾಣ, ಪ್ರವಾಸಿಗರಿಗೆ ವ್ಯವಸ್ಥೆ, ನಗರ ಸೌಂದರ್ಯ ವೃದ್ಧಿ ಮುಂತಾದ ಆಲೋಚನೆಯಲ್ಲಿ ತೇಲುತ್ತಿರುವ ಇಲ್ಲಿನ ಕ್ರಿಕೆಟ್ ಮಂಡಳಿ, ಸ್ಥಳೀಯ ತಿರುಕರಿಗೆ, ಉಂಡಾಡಿಗಳಿಗೆ, ಬೀದಿ ಬದಿ ವ್ಯಾಪಾರಿಗಳನ್ನು ಹೊರದೂಡಲು ತೊಡಗಿದ್ದಾರೆ.","ಪಕ್ಕ, ಮಗ್ಗಲು",Beside,Yes,a,2025-02-07 14:36:04
ಬದಿ,"ಏತಕ್ಕಾಗಿ ವಾಹನಗಳ ಉಪಕರ: ಮಹಾನಗರ ಪಾಲಿಕೆ ವ್ಯಾಪ್ತಿಯ ವಾರ್ಡ್‌ಗಳಲ್ಲಿ ವಾಹನಗಳ ಸುಗಮ ಸಂಚಾರಕ್ಕೆ ಅಗತ್ಯ ರಸ್ತೆ ನಿರ್ಮಾಣ, ಬೀದಿ ಬದಿ ವಿದ್ಯುತ್‌ ದೀಪಗಳ ಅಳವಡಿಕೆ, ರಸ್ತೆಗಳ ದುರಸ್ತಿ ಸೇರಿದಂತೆ ಅಗತ್ಯ ಮೂಲಸೌಕರ್ಯಗಳನ್ನು ಕಲ್ಪಿಸಲಾಗುತ್ತದೆ.","ಪಕ್ಕ, ಮಗ್ಗಲು",Beside,Yes,a,2025-02-07 14:36:04
ಬದಿ,ರಸ್ತೆ ಬದಿ ಕಸ ಎಸೆಯುವುದು ಸ್ವಚ್ಛ ಭಾರತ ಎಂಬ ದೊಡ್ಡ ದೊಡ್ಡ ಮಾತುಗಳಿಗೆ ತಲೆ ಅಲ್ಲಾಡಿಸುವ ನಮಗೆ ನಮ್ಮ ಕಸದ ವಿಷಯ ಬಂದಾಗ ಮಾತ್ರ ಅತಿ ಸೋಮಾರಿಗಳಾಗುತ್ತೇವೆ.,"ಪಕ್ಕ, ಮಗ್ಗಲು",Beside,Yes,a,2025-02-07 14:36:04
ಬದಿ,ರಸ್ತೆ ಬದಿ ಬೆಳೆದು ನಿಂತ ಮರಗಳು ವಾಹನ ಗಳಿಗೆ ಬೆದರಿಕೆಯಾಗಿ ಪರಿಣಮಿಸಿದೆ.,"ಪಕ್ಕ, ಮಗ್ಗಲು",Beside,Yes,a,2025-02-07 14:36:04
ಬದಿ,ಪಲ್ಟಿಯಾಗಿ ರಸ್ತೆ ಬದಿ ಕಂದಕಕ್ಕೆ ಉರುಳಿದ ಇಂಡಿಕಾ ಕಾರ್,"ಪಕ್ಕ, ಮಗ್ಗಲು",Beside,Yes,a,2025-02-07 14:36:04
ಬದಿ,ಬೀದಿ ಬದಿ ವ್ಯಾಪಾರಿಗಳ ಹಾವಳಿ,"ಪಕ್ಕ, ಮಗ್ಗಲು",Beside,Yes,a,2025-02-07 14:36:04
ಬದಿ,"ರಸ್ತೆ ಬದಿ ಸತ್ತು ಬಿದ್ದ ಕುಡುಕನನ್ನೂ ಮರಣೋತ್ತರ ಪರೀಕ್ಷೆ ಮಾಡದೆ ಸುಡುವುದಿಲ್ಲ, ಆದರೆ…!","ಪಕ್ಕ, ಮಗ್ಗಲು",Beside,Yes,a,2025-02-07 14:36:04
ಬದಿ,ಈ ಹಿನ್ನೆಲೆಯಲ್ಲಿ ರಸ್ತೆ ಬದಿ ಹಾಳಾದ ವಾಹನ ನಿಲ್ಲಿಸುವ ಸಮಯದ ಆಧಾರದ ಮೇಲೆ ದಂಡ ಹಾಕಲಾಗುವುದು ಎಂದು ಹೇಳಲಾಗಿದೆ.,"ಪಕ್ಕ, ಮಗ್ಗಲು",Beside,Yes,a,2025-02-07 14:36:04
ಬದಿ,"ಬೆಂಗಳೂರು: ಅಪ್ರಾಪ್ತ ಬಾಲಕನೊಬ್ಬ ಕಾರನ್ನು ಅಡ್ಡಾದಿಡ್ಡಿ ಚಾಲನೆ ಮಾಡಿ, ರಸ್ತೆ ಬದಿ ನಿಂತಿದ್ದ ಆಟೋಗೆ ಗುದ್ದಿದ ಪರಿಣಾಮ ವ್ಯಕ್ತಿಯೊರ್ವ ಮೃತಪಟ್ಟು, ಮತ್ತೊರ್ವ ಗಾಯಗೊಂಡ ಘಟನೆ ರಾಜಧಾನಿಯ ಭೂಪಸಂದ್ರದ ಬಳಿ ಶುಕ್ರವಾರ ಸಂಜೆ ನಡೆದಿದೆ.","ಪಕ್ಕ, ಮಗ್ಗಲು",Beside,Yes,a,2025-02-07 14:36:04
ಬದಿ,ಆದರೆ ಕಾಂಕ್ರಿಟ್ ರಸ್ತೆಗಳ ಎರಡು ಬದಿ ಸಾಕಷ್ಟು ಎತ್ತರಿಂದ ಕೂಡಿದ್ದು ಅವೈಜ್ಞಾನಿಕವಾ ಗಿರುವುದರಿಂದ ವಾಹನ ಹಾಗೂ ಜನರ ಓಡಾಟಕ್ಕೆ ಸಮಸ್ಯೆಯಾಗಿದ್ದನ್ನು ಗಮನಿ ಸಿದ್ದ ಈ ಬಡಾವಣೆ ನಿವಾಸಿಗಳು ರಸ್ತೆಯನ್ನು ವೈಜ್ಞಾನಿಕವಾಗಿ ನಿರ್ಮಿಸಬೇ ಕೆಂದು ಕಾಂಕ್ರಿಟ್ ರಸ್ತೆ ನಿರ್ಮಾಣ ಮಾಡದಂತೆ ತಡೆದಿದ್ದರು ಎಂಬ ಆರೋಪವು ಕೇಳಿಬರುತ್ತಿದೆ.,"ಪಕ್ಕ, ಮಗ್ಗಲು",Beside,Yes,a,2025-02-07 14:36:04
ಬದಿ,ಪುತ್ತೂರು:ಬಲ್ನಾಡು ಗ್ರಾಮದ ಮುದಲಾಜೆ ಎಂಬಲ್ಲಿ ರಸ್ತೆ ಬದಿ ನಡೆದುಕೊಂಡು ಹೋಗುತ್ತಿದ್ದ ವಿವಾಹಿತ ಮಹಿಳೆಯ ಮಾನಭಂಗಕ್ಕೆ ಯತ್ನಿಸ .,"ಪಕ್ಕ, ಮಗ್ಗಲು",Beside,Yes,a,2025-02-07 14:36:04
ಬದಿ,"ನೀವು, ಬಾಬೆಟ್ಸ್ ಸಾಮಾನ್ಯ ರೀತಿಯಲ್ಲಿ ಒಂದು ಪ್ರಮುಖ ಘಟಕ ಪ್ರತ್ಯೇಕಿಸಲ್ಪಟ್ಟ ಕೊನೆಗಾಲದ ಎರಡೂ ಹಣೆಯ ನಲ್ಲಿ ಮೊದಲು, ಕಿರಣದ ಅವುಗಳನ್ನು ದಾಟಿ, ಇದನ್ನು ಮಾಡಲು, ಎರಡು ಬದಿ ಅದನ್ನು entwine ಮತ್ತು ಕೋನ್ ಅಡಿಯಲ್ಲಿ ತುದಿಗಳನ್ನು ಮರೆಮಾಡಲು.","ಪಕ್ಕ, ಮಗ್ಗಲು",Beside,Yes,a,2025-02-07 14:36:06
ಬದಿ,Home ದಕ್ಷಿಣ ಕನ್ನಡ ರಸ್ತೆ ಬದಿ ಹಾಡುತ್ತಿದ್ದ ಮಕ್ಕಳಿಗೆ ಧನ ಸಹಾಯ ಮಾಡಿದ ಸೂಪರ್ ಸ್ಟಾರ್ ಉಪೇಂದ್ರ,"ಪಕ್ಕ, ಮಗ್ಗಲು",Beside,Yes,a,2025-02-07 14:36:07
ಬದಿ,"ಯೂತ್ ಫಾರ್ ನೇಶನ್ ಎಂಬ ಸಂಘಟನೆ ಮಾಡಿಕೊಂಡಿರುವ ಈ ವಿದ್ಯಾರ್ಥಿಗಳಿಗೆ, ಬೀದಿ ಬದಿ ನೆಲೆಸಿರುವ ಬಡ ಜನ ಚಳಿಯಿಂದ ಪಾರಾಗಲು ಪೇಪರ್ ನ್ನು ತಮ್ಮ ಮೈಗೆ ಸುತ್ತಿಕೊಂಡಿದ್ದನ್ನು ನೋಡಿ ಮನ ಕರಗಿದೆ.","ಪಕ್ಕ, ಮಗ್ಗಲು",Beside,Yes,a,2025-02-07 14:36:07
ಬದಿ,"ನಂತರ, ಎರಡೂ ಬ್ರೆಡ್ ತುಣುಕುಗಳನ್ನು ಮಿಶ್ರಣವನ್ನು ಅದ್ದಿ, ಇದು ಅವರನ್ನು ಬೆಳ್ಳುಳ್ಳಿ ತೆಗೆದು, ಎರಡು ಬದಿ ತರಕಾರಿ ಎಣ್ಣೆಯಲ್ಲಿ ಫ್ರೈ ಅಗತ್ಯ.","ಪಕ್ಕ, ಮಗ್ಗಲು",Beside,Yes,a,2025-02-07 14:36:07
ಬದಿ,"ಟೈರ್‌ ಸ್ಫೋಟ, ರಸ್ತೆ ಬದಿ ನಿಂತವರಿಗೆ ಗುದ್ದಿದ ಕಾರು;ನಾಲ್ವರು ಬಲಿ","ಪಕ್ಕ, ಮಗ್ಗಲು",Beside,Yes,a,2025-02-07 14:36:07
ಬದಿ,"ಪುತ್ತೂರು: ಅಕ್ರಮ ಗಾಂಜಾ ಮಾರಾಟಕ್ಕೆ ವ್ಯವಹಾರ ಕುದುರಿಸಲು ಮುರ ರೈಲ್ವೇ ಓವರ್ ಬ್ರಿಡ್ಜ್ ಸಮೀಪ ಸಾರ್ವಜನಿಕ ರಸ್ತೆಯ ಬದಿ ಸ್ಕೂಟರ್‌ವೊಂದರ ಪಕ್ಕದಲ್ಲಿ ನಿಂತಿದ್ದ ವ್ಯಕ್ತಿಯೋರ್ವರನ್ನು ಪುತ್ತೂರು ನಗರ ಠಾಣೆಯ ಪೊಲೀಸರು ಬಂಧಿಸಿ, ಆತನದಲ್ಲಿದ್ದ ಗಾಂಜಾವನ್ನು ವಶಕ್ಕೆ ಪಡೆದು ಕೊಂಡಿದ್ದಾರೆ.","ಪಕ್ಕ, ಮಗ್ಗಲು",Beside,Yes,a,2025-02-07 14:36:07
ಬದಿ,ಅವರನ್ನನುಸರಿಸಿ ಹಾಗೆಯೆ ಮುಂದೆ ಸಾಗಿದ ಅತನಿಗೆ ಪಕ್ಕದಲ್ಲಿ ಕೊಳಚೆ ಹೊಂಡದ ಒಂದು ಬದಿ ಕಳ್ಳಿಯ ಜಾತಿಗೆ ಸೇರಿದ ನಾಲ್ಕೈದು ಮೆಳೆಗಳು ಮತ್ರ ಇದ್ದವು.,"ಪಕ್ಕ, ಮಗ್ಗಲು",Beside,Yes,a,2025-02-07 14:36:07
ಬದಿ,ಬೀದಿ ಬದಿ ವ್ಯಾಪಾರಿಗಳಿಗೆ ಇನ್ಮುಂದೆ ಸಿಗಲಿದೆ ಬಡ್ಡಿಯೇ ಇಲ್ಲದ ದಿನದ ಸಾಲ: ಏನಿದು ಬಡವರ ಬಂಧು ಯೋಜನೆ?,"ಪಕ್ಕ, ಮಗ್ಗಲು",Beside,Yes,a,2025-02-07 14:36:07
ಬದಿ,– ರಸ್ತೆ ಬದಿ ತಿನಿಸು ಅಥವಾ ಸ್ಟಾರ್‌ ಹೋಟೆಲ್‌ ತಿನಿಸು.,"ಪಕ್ಕ, ಮಗ್ಗಲು",Beside,Yes,a,2025-02-07 14:36:07
ಬದಿ,"ರಸ್ತೆ ಬದಿ ನಿಲ್ಲಿಸಲ್ಪಟ್ಟ ಘನ ಲಾರಿಗಳಿಂದಲೂ ಅಪಘಾತಕ್ಕೆ ಆಹ್ವಾನ–ಸ್ಥಳೀಯರಿಂದ ದೂರು: ಒಂದೆಡೆ ಅಪಘಾತಗಳು, ಮತ್ತೊಂದೆಡೆ ಎಮ್‌ಎಸ್‌ಐಎಲ್‌ಗೆ ಮತ್ತು ಕ್ಯಾಂಪ್ಕೋ ಫ್ಯಾಕ್ಟರಿಗೆ ಆಗಮಿಸುವ ಘನ ಲಾರಿಗಳನ್ನು ಪಕ್ಕದ ರಸ್ತೆ ಬದಿಯಲ್ಲೇ ನಿಲ್ಲಿಸುವುದೂ ಅಪಘಾತಗಳಿಗೆ ಕಾರಣ ವಾಗುತ್ತಿದೆ ಎಂದು ಸ್ಥಳದಲ್ಲಿದ್ದವರಿಂದ ದೂರು ವ್ಯಕ್ತವಾಯಿತು.","ಪಕ್ಕ, ಮಗ್ಗಲು",Beside,Yes,a,2025-02-07 14:36:07
ಬದಿ,"ಇದರಿಂದ ರಸ್ತೆ ಬದಿ ನಿಲ್ಲಿಸಿದ್ದ ಸುಮಾರು ಮೂರಕ್ಕೂ ಅಧಿಕ ಕಾರುಗಳು, 10 ಕ್ಕೂ ಅಧಿಕ ವಿದ್ಯುತ್ ಕಂಬಗಳು ಜಖಂಗೊಂಡಿರುವ ಮಾಹಿತಿಗಳು ಲಭ್ಯವಾಗಿವೆ.","ಪಕ್ಕ, ಮಗ್ಗಲು",Beside,Yes,a,2025-02-07 14:36:07
ಬಯಲು,ಆದರೂ ಆತ ಪವಾಡ ರಹಸ್ಯ ಬಯಲು ಮಾಡಲು ಕಲಿತಿದ್ದ!,ಬಹಿರಂಗ,Reveal,Yes,Darshan R K,2025-02-08 11:45:57
ಬಯಲು,ಫೇಸ್‍ಬುಕ್ ಮೂಲಕ ಪತಿಯ ರಹಸ್ಯ ಬಯಲು,ಬಹಿರಂಗ,Reveal,Yes,Darshan R K,2025-02-08 11:45:57
ಬಯಲು,16: ಸ್ವಾಮಿ ನಿತ್ಯಾನಂದನ ಲೈಂಗಿಕ ಹಗರಣ ಬಯಲು ಮಾಡುವಲ್ಲಿ ಕ್ರೈಸ್ತ ಮಿಷನರಿಗಳ ಪಾತ್ರ ಇದೇ ಎಂಬ ಪ್ರಮೋದ್ ಮುತಾಲಿಕ್ ಅವರ ಆರೋಪವನ್ನು ರಾಜ್ಯ ದ ಕ್ಯಾಥೋಲಿಕ್ ಚರ್ಚ್ ಗಳ ಸಂಘಟನೆ ಅಲ್ಲಗೆಳೆದಿದೆ.,ಬಹಿರಂಗ,Reveal,Yes,Darshan R K,2025-02-08 11:45:57
ಬಯಲು,ಉತ್ತರದಿಂದ ದಕ್ಷಿಣಕ್ಕೆ ದಿಕ್ಕಿನಲ್ಲಿ ಕ್ರಮೇಣವಾಗಿ ತಾಪಮಾನ ಬಯಲು ಸ್ಪಷ್ಟ ಅಕ್ಷಾಂಶದ ಸಸ್ಯವಲಯೀಕರಣ ಉಪಸ್ಥಿತಿಯಲ್ಲಿ ಪತ್ತೆಹಚ್ಚಿದೆ.,ಬಹಿರಂಗ,Reveal,Yes,Darshan R K,2025-02-08 11:45:57
ಬಯಲು,ಪಬ್ಲಿಕ್ ಟಿವಿ ರಿಯಾಲಿಟಿ ಚೆಕ್‍ನಲ್ಲಿ ಸರ್ಕಾರಿ ಆಸ್ಪತ್ರೆಯ ಕರ್ಮಕಾಂಡ ಬಯಲು,ಬಹಿರಂಗ,Reveal,Yes,Darshan R K,2025-02-08 11:45:57
ಬಯಲು,ಚುನಾವಣೆಯಲ್ಲಿ ಹೀನಾಯವಾಗಿ ಸೋತಿದ್ದರೂ ಅವಕಾಶವಾದಿ ರಾಜಕಾರಣ ಮಾಡುತ್ತಿರುವ ಕಾಂಗ್ರೆಸ್-ಜೆಡಿಎಸ್‍ನ ನಿಜ ಬಣ್ಣವನ್ನು ಬಯಲು ಮಾಡಬೇಕೆಂದು ಕಾರ್ಯಕರ್ತರಿಗೆ ಮನವಿ ಮಾಡಿದರು.,ಬಹಿರಂಗ,Reveal,Yes,Darshan R K,2025-02-08 11:45:57
ಬಯಲು,"ಉಚಿತ ವಿದ್ಯುತ್ ಎನ್ನುವುದು ಒಂದು ಖೊಟ್ಟಿ ಭರವಸೆ ಎಂದು ತಿಳಿದಿದ್ದರೂ, ಬಿಜೆಪಿ ಆ ಸುಳ್ಳನ್ನು ಎಲ್ಲರ ಎದುರು ಬಯಲು ಮಾಡಲು ವಿಫಲವಾಯಿತು.",ಬಹಿರಂಗ,Reveal,Yes,Darshan R K,2025-02-08 11:45:57
ಬಯಲು,ಅಂಥದ್ದೇ ಉಗ್ರ ಸ್ಫೋಟದ ಕೃತ್ಯವನ್ನು ದೇಶದ ಹಲವೆಡೆ ನಡೆಸುವ ಸುಸಜ್ಜಿತ ಪ್ರಯತ್ನ ನಡೆದಿತ್ತು ಎನ್ನುವುದನ್ನು ರಾಷ್ಟ್ರೀಯ ತನಿಖಾ ಸಂಸ್ಥೆ ಬಯಲು ಮಾಡಿದೆ.,ಬಹಿರಂಗ,Reveal,Yes,Darshan R K,2025-02-08 11:45:57
ಬಯಲು,ಈ ಕುರಿತು ವಿದೇಶದಲ್ಲಿ ಎಲ್ಲ ನಾಯಕರ ಮುಂದೆ ಅವರ ಬಂಡವಾಳ ಬಯಲು ಮಾಡಿದ್ದೇನೆಂದು ತಿಳಿಸಿದರು.,ಬಹಿರಂಗ,Reveal,Yes,Darshan R K,2025-02-08 11:45:57
ಬಯಲು,ದೇವರು ಅರೆಸ್ಟ್ ಆದ ಕತೆಯು ಬರಹಕ್ಕೂ ಬದುಕಿಗೂ ಸಂಬಂಧವಿಲ್ಲದೆ ನಾಡಿಗೆ ಬುದ್ಧಿ ಹೇಳುವ ಆಷಾಡಭೂತಿಗಳ ಬಣ್ಣ ಬಯಲು ಮಾಡುತ್ತದೆ.,ಬಹಿರಂಗ,Reveal,Yes,Darshan R K,2025-02-08 11:45:57
ಬಯಲು,"» ಧೋನಿಗೆ ನಾಯಕತ್ವ, ಕೊಹ್ಲಿ ಕಡೆಗಣನೆ ರಹಸ್ಯ ಬಯಲು",ಬಹಿರಂಗ,Reveal,Yes,Darshan R K,2025-02-08 11:45:57
ಬಯಲು,ಹನಿಟ್ರ್ಯಾಪ್ ಮೂಲಕ ಸೇನಾ ಗೌಪ್ಯತೆ ಬಯಲು !,ಬಹಿರಂಗ,Reveal,Yes,Darshan R K,2025-02-08 11:45:57
ಬಯಲು,ಸರ್ವ ಪಕ್ಷಗಳ ಸಭೆಯಲ್ಲಿ ತೆಹಲ್ಕಾ ಬಯಲು ಮಾಡಿದ ರಕ್ಷಣಾ ಒಪ್ಪಂದಗಳ ಹಗರಣ ಪ್ರಕರಣಕ್ಕೆ ಸಂಬಂಧಿಸಿದಂತೆ ಜಿಪಿಸಿ ತನಿಖೆ ನಡೆಸಲು ಸರ್ಕಾರ ಮುಕ್ತ ಮನಸ್ಸಿನಿಂದಿರುವುದಾಗಿ ಪ್ರಧಾನಿ ವಾಜಪೇಯಿ ಹೇಳಿದ್ದರು.,ಬಹಿರಂಗ,Reveal,Yes,Darshan R K,2025-02-08 11:45:57
ಬಯಲು,"ಎಡ-ಪ್ರಜಾಸತ್ತಾತ್ಮಕ ಶಕ್ತಿಗಳು ಭ್ರಷ್ಟಾಚಾರ-ವಿರೋಧಿ ಅಸ್ತ್ರವಾಗಿ ಉತ್ತಮ ಲೋಕಾಯುಕ್ತ ವ್ಯವಸ್ಥೆ ಬಗ್ಗೆ ಚಳುವಳಿ ನಡೆಸುತ್ತಲೇ, ಅದರ ವಿಫಲತೆಯ ಹಿಂದಿನ ಮೂಲಕಾರಣವಾದ ಭ್ರಷ್ಟಾತಿಭ್ರಷ್ಟ ನವ-ಉದಾರವಾದಿ ಘಟ್ಟದ ಬಂಡವಾಳಶಾಹಿ ವ್ಯವಸ್ಥೆಯನ್ನು ಬಯಲು ಮಾಡಬೇಕು.",ಬಹಿರಂಗ,Reveal,Yes,Darshan R K,2025-02-08 11:45:57
ಬಯಲು,ಕಾಂಗ್ರೆಸ್ ಹುಳುಕು ತೋರಿಸಲು ಹೋದ ಬಿಜೆಪಿ ಬಣ್ಣ ಬಯಲು,ಬಹಿರಂಗ,Reveal,Yes,Darshan R K,2025-02-08 11:45:57
ಬಯಲು,ಆದಷ್ಟೂ ಬೇಗ ಬಯಲು ಮಾಡುತ್ತೇನೆ.,ಬಹಿರಂಗ,Reveal,Yes,Darshan R K,2025-02-08 11:45:57
ಬಯಲು,ಅಲ್ಲದೆ ತನ್ನ ಕೃತ್ಯವನ್ನು ಬಯಲು ಮಾಡಿದರೆ ಗುಂಡಿಕ್ಕಿ ಕೊಲ್ಲುವುದಾಗಿ ಬೆದರಿಕೆ ಹಾಕಿದ್ದಾನೆಂದು ಆಕೆ ಆರೋಪಿಸಿದ್ದಾಳೆ.,ಬಹಿರಂಗ,Reveal,Yes,Darshan R K,2025-02-08 11:45:57
ಬಯಲು,ಇದಕ್ಕಾಗಿ ಬೃಹತ್ ಮೊತ್ತದ ಹಣದ ಆಮಿಷವೊಡ್ಡಲಾಗಿತ್ತು ಎಂದು ಆರೋಪಿಸುವ ಮೂಲಕ ಬಿಜೆಪಿ ಮುಖಂಡರ ಆಪರೇಷನ್ ಕಮಲದ ಸಂಚನ್ನು ಬಯಲು ಮಾಡಿದ್ದಾರೆ.,ಬಹಿರಂಗ,Reveal,Yes,Darshan R K,2025-02-08 11:45:58
ಬಯಲು,"ರವಿವಾರ ನಗರದ ಬೆನ್ಸನ್ ಟೌನ್‌ನ ಇಂಡಿಯನ್ ಸೋಶಿಯಲ್ ಇನ್ಸ್‌ಟ್ಯೂಟ್ ಸಭಾಂಗಣದಲ್ಲಿ ಬಹುಜನ ಕ್ರಾಂತಿ ಮೋರ್ಚಾ ಆಯೋಜಿಸಿದ್ದ, ವಾಮನ ಮೆಶ್ರಾಮ ನೇತೃತ್ವದಲ್ಲಿ ಇವಿಎಂ ರಹಸ್ಯ ಬಯಲು ಸಮಾರೋಪ ಸಮಾರಂಭವನ್ನುದ್ದೇಶಿಸಿ ಅವರು ಮಾತನಾಡಿದರು.",ಬಹಿರಂಗ,Reveal,Yes,Darshan R K,2025-02-08 11:45:58
ಬಯಲು,ನಿಮ್ಮನ್ನು ನೀವೇ ಬಯಲು ಮಾಡಿಕೊಳ್ಳುತ್ತಿದ್ದೀರಿ ಎಂದು ವಾಗ್ದಾಳಿ ನಡೆಸಿದರು.,ಬಹಿರಂಗ,Reveal,Yes,Darshan R K,2025-02-08 11:45:58
ಬಯಲು,ವಾಟ್ಸಾಪ್ ಗುಂಪುಗಳ ಹೆಸರು ನಿಮ್ಮ ಹಿನ್ನೆಲೆಯನ್ನೇ ಬಯಲು ಮಾಡಬಹುದು.,ಬಹಿರಂಗ,Reveal,Yes,Darshan R K,2025-02-08 11:45:58
ಬಯಲು,ಚಾದರ್‌ ತೆಗೆಯಲು ಅಲ್ಲಿನ ಮೌಲ್ವಿಗಳು ಅವಕಾಶ ನೀಡದ ಕಾರಣ ಪವಾಡ ರಹಸ್ಯ ಬಯಲು ಮಾಡಲು ಸಾಧ್ಯವಾಗಲಿಲ್ಲ ಎಂದು ಅವರು ಪ್ರಜಾವಾಣಿಗೆ ವಿವರಿಸಿದರು.,ಬಹಿರಂಗ,Reveal,Yes,Darshan R K,2025-02-08 11:45:58
ಬಯಲು,ಅಜ್ಞಾನ ಕಳಚಿದಪವಾಡ ರಹಸ್ಯ ಬಯಲು,ಬಹಿರಂಗ,Reveal,Yes,Darshan R K,2025-02-08 11:45:58
ಬಯಲು,"ಜಾಣತನದ, ಅತೀ ಬುದ್ದಿವಂತಿಕೆಯ ಮೌನ, ತಮ್ಮ ನಿಜಬಣ್ಣವನ್ನು ಬಯಲು ಮಾಡಬಹುದಾದ, ಮುಖವಾಡವನ್ನು ಕಳಚಿ ಹಾಕಬಹುದಾದ ಪ್ರಕರಣಗಳ ಬಗ್ಗೆ ಮಾತ್ರ ಮೋದಿ ಮೌನೇಂದ್ರ !",ಬಹಿರಂಗ,Reveal,Yes,Darshan R K,2025-02-08 11:45:58
ಬಯಲು,ಈ ಘಟನೆ ಬಿಜೆಪಿಯ ನಿಜಮುಖವನ್ನು ಬಯಲು ಮಾಡಿದೆ.,ಬಹಿರಂಗ,Reveal,Yes,Darshan R K,2025-02-08 11:45:58
ಬಯಲು,ಅಕ್ರಮ ಬಯಲು ಮಾಡುತ್ತಾ ಬ್ಲಾಕ್ ಡೈರಿ.,ಬಹಿರಂಗ,Reveal,Yes,Darshan R K,2025-02-08 11:45:58
ಬಯಲು,ಶ್ವೇತಾ ಬಗ್ಗೆಯೇ ಟಿವಿ ಚಾನೆಲ್‌ವೊಂದು ಸ್ಟಿಂಗ್ ಆಪರೇಷನ್ ನಡೆಸಿ ನಿಜ ಬಣ್ಣ ಬಯಲು ಮಾಡಿತ್ತು.,ಬಹಿರಂಗ,Reveal,Yes,Darshan R K,2025-02-08 11:45:58
ಬಯಲು,"ಸ್ಟೆರ್ನ್‌ ಅವರಿಗೆ ನೀಡಿರುವ ಸಂದರ್ಶನದಲ್ಲಿ ಟ್ರಂಪ್‌, ಪುತ್ರಿ ವಿರುದ್ಧ ಅವಹೇಳನಕಾರಿಯಾಗಿ ಮಾತನಾಡಿರುವುದನ್ನು ಸಿಎನ್‌ಎನ್‌ ಬಯಲು ಮಾಡಿದೆ.",ಬಹಿರಂಗ,Reveal,Yes,Darshan R K,2025-02-08 11:45:58
ಬಯಲು,ಅನೇಕ ಬಾರಿ ನನ್ಗಳ ಕೋಣೆಯೊಳಕ್ಕೆ ಹೊಕ್ಕರೆ ಅಸಹ್ಯವೆನಿಸುವ ಸ್ಥಿತಿ ಇರುತ್ತದೆ ಒಟ್ಟಾರೆ ಚಚರ್ುಗಳ ಬಣ್ಣ ಬಯಲು ಮಾಡುವ ಕೃತಿ ಮಿಷನರೀಸ್ ಇನ್ ಇಂಡಿಯಾ ಎಂಬ ಕೃತಿಯನ್ನು ಅರುಣ್ ಶೌರಿಯವರು ಬರೆದಿದ್ದಾರೆ.,ಬಹಿರಂಗ,Reveal,Yes,Darshan R K,2025-02-08 11:45:58
ಬಯಲು,ಹುಚ್ಚ ವೆಂಕಟ್ ಮದುವೆ ಆಗಿರುವ ಸಂಗತಿಯನ್ನ ಈಟಿವಿ ನ್ಯೂಸ್ ಕನ್ನಡ ವಾಹಿನಿ ಫೋಟೋ ಸಮೇತ ಬಯಲು ಮಾಡಿತು.,ಬಹಿರಂಗ,Reveal,Yes,Darshan R K,2025-02-08 11:45:58
ಬಯಲು,ಪವಾಡಗಳ ಬದಲಿಗೆ ಅಂಬೇಡ್ಕರ್ ಸತ್ಯವನ್ನು ಬಯಲು ಮಾಡಿದರು.,ಬಹಿರಂಗ,Reveal,Yes,Darshan R K,2025-02-08 11:45:58
ಬಯಲು,[ ಮೈಸೂರು : ಬಿಜೆಪಿ ಕಾರ್ಯಕರ್ತ ರಾಜು ಹತ್ಯೆ ರಹಸ್ಯ ಬಯಲು ],ಬಹಿರಂಗ,Reveal,Yes,Darshan R K,2025-02-08 11:45:58
ಬಯಲು,ಸಿನಿಮಾ ನೋಡಿ ಪತ್ನಿ ಹತ್ಯೆ – ಒಂದು ವರ್ಷದ ಬಳಿಕ ಕೊಲೆ ರಹಸ್ಯ ಬಯಲು,ಬಹಿರಂಗ,Reveal,Yes,Darshan R K,2025-02-08 11:45:58
ಬಯಲು,ಪವಾಡಗಳ ರಹಸ್ಯ ಬಯಲು : ಶೂನ್ಯದಿಂದ ವಸ್ತುಗಳನ್ನು ಸೃಷ್ಟಿಸುವುದು,ಬಹಿರಂಗ,Reveal,Yes,Darshan R K,2025-02-08 11:45:58
ಬಯಲು,ನಮ್ಮಂಥವರು ಮುಂದೆ ಬಂದು ಬಣ್ಣ ಬಯಲು ಮಾಡಬೇಕು ನಂತರ ಪೊಲೀಸರ ಮೊರೆ ಹೊಕ್ಕಬೇಕು ಎಂದು ಶ್ವೇತಾ ಸಮಜಾಯಿಸಿ ನೀಡಿದ್ದಾರೆ.,ಬಹಿರಂಗ,Reveal,Yes,Darshan R K,2025-02-08 11:45:58
ಬಯಲು,"ಗೆಲುವಿಗಾಗಿ ದೇವರ ಮೊರೆ ಹೋದವರು, ಹರಕೆ ಕಟ್ಟಿಕೊಂಡವರ ಪೈಕಿ ಕೆಲವರು ಆಗೊಮ್ಮೆ ಈಗೊಮ್ಮೆ ಸಮಯ ಸಂದರ್ಭಕ್ಕನುಸಾರವಾಗಿ ಆ ಗುಟ್ಟನ್ನು ಸಾರ್ವಜನಿಕವಾಗಿ ಬಯಲು ಮಾಡುತ್ತಾರೆ.",ಬಹಿರಂಗ,Reveal,Yes,Darshan R K,2025-02-08 11:45:58
ಬಯಲು,ಕಾರ್ಪೊರೇಟರ್ಗಳ ಬಣ್ಣ ಬಯಲು ಮಾಡಿದ ಎಡಿಆರ್,ಬಹಿರಂಗ,Reveal,Yes,Darshan R K,2025-02-08 11:45:58
ಬಯಲು,ಈ ಒಂದು ಅಂಶವೇ ಜಗತ್ತಿನಲ್ಲೇ ಅತಿ ದೊಡ್ಡ ಆರೋಗ್ಯ ವಿಮೆಯ ನಿಜ ಸ್ವರೂಪವನ್ನು ಬಯಲು ಮಾಡಿತ್ತು.,ಬಹಿರಂಗ,Reveal,Yes,Darshan R K,2025-02-08 11:45:58
ಬಯಲು,"ಲಾಹೋರ್: ಜಮ್ಮು ಕಾಶ್ಮೀರದ ಉರಿಯಲ್ಲಿ ಪಾಕ್ ಪ್ರಚೋದನೆಯಿಂದ ಉಗ್ರರು ದಾಳಿ ಮಾಡಿದ ನಂತರ, ವಿಶ್ವ ಸಮುದಾಯದ ಎದುರು ಪಾಕ್ ಬಣ್ಣವನ್ನು ಭಾರತ ಬಯಲು ಮಾಡತೊಡಗಿದೆ.",ಬಹಿರಂಗ,Reveal,Yes,Darshan R K,2025-02-08 11:45:58
ಬಯಲು,ಇತ್ತೀಚೆಗೆ ಜನಾರ್ದನ ಪೂಜಾರಿಗೆ ರಮಾನಾಥ ರೈ ಅವಾಚ್ಯ ಶಬ್ಧಗಳಿಂದ ನಿಂದಿಸಿದ್ದನ್ನೂ ಹರಿಕೃಷ್ಣ ಬಂಟ್ವಾಳ್ ಬಯಲು ಮಾಡಿದ್ದರು.,ಬಹಿರಂಗ,Reveal,Yes,Darshan R K,2025-02-08 11:45:58
ಬಯಲು,"ಮಹಿಳೆಯರು ದೀರ್ಘ ಕಲಾವಿದರ ರಹಸ್ಯವನ್ನು ಬಯಲು ಮಾಡಿದ್ದಾರೆ: ಬೆಳಕು ಮತ್ತು ನೆರಳು, ಮಲ್ಟಿಡೈರೆಕ್ಷನಲ್ ಲೈನ್ಗಳು, ಮತ್ತು ಬಣ್ಣದ ವ್ಯತ್ಯಾಸಗಳು ನಾಟಕವು ಒಬ್ಬ ವ್ಯಕ್ತಿಯ ಮುಖವನ್ನು ಮಾರ್ಪಡಿಸುತ್ತದೆ, ಸುಕ್ಕುಗಳು ಕಲೆಯ ನಿಜವಾದ ಕೆಲಸ ಮತ್ತು ಮೆಚ್ಚುಗೆಗೆ ನಿಜವಾದ ವಸ್ತುಗಳೊಂದಿಗೆ ಅಸಹನೆಯ ಮುಖವನ್ನುಂಟುಮಾಡುತ್ತದೆ.",ಬಹಿರಂಗ,Reveal,Yes,Darshan R K,2025-02-08 11:45:58
ಬಯಲು,ನಿಧಿ ಆಸೆಗೆ ಮಗು ಬಲಿಯಾಯ್ತೆಂದು ತಪ್ಪು ಭಾವಿಸಿದ ಜನರು; ಪೊಲೀಸ್ ತನಿಖೆಯಲ್ಲಿ ನಿಜಾಂಶ ಬಯಲು,ಬಹಿರಂಗ,Reveal,Yes,Darshan R K,2025-02-08 11:45:58
ಬಯಲು,"ತಾರತವ್ಮ್ಯ, ಬಾಲವ್ಯ ವಿವಾಹ, ಮೂಢನಂಬಿಕೆಗಳು, ಬಯಲು",ಬಹಿರಂಗ,Reveal,Yes,Darshan R K,2025-02-08 11:45:58
ಬಯಲು,ಮುಂದಿನ ಚುನಾವಣೆಯಲ್ಲಿ ನಿಜ ಬಣ್ಣ ಬಯಲು,ಬಹಿರಂಗ,Reveal,Yes,Darshan R K,2025-02-08 11:45:58
ಬಯಲು,ಕೃಷಿಯ ಹೆಸರಲ್ಲಿ ತೆರಿಗೆ ವಂಚನೆ ಮಾಡುತ್ತಿದ್ದವರ ಬಣ್ಣ ಬಯಲು ಮಾಡಲು ತೆರಿಗೆ ಇಲಾಖೆ ಅಧಿಕಾರಿಗಳು ಇಂಥದ್ದೊಂದು ವಿನೂತನ ತಂತ್ರ ಬಳಸಿದ್ದಾರೆ.,ಬಹಿರಂಗ,Reveal,Yes,Darshan R K,2025-02-08 11:45:59
ಬಯಲು,ಒಟ್ಟು 30 ಕ್ಕೂ ಹೆಚ್ಚು ಪವಾಡಗಳ ರಹಸ್ಯ ಬಯಲು ಮಾಡಿ ಸಭಿಕರಿಂದ ಚಪ್ಪಾಳೆ ಗಿಟ್ಟಿಸಿಕೊಂಡರು.,ಬಹಿರಂಗ,Reveal,Yes,Darshan R K,2025-02-08 11:45:59
ಬಯಲು,ಬಯಲು ಶೌಚಾಲಯ ಉದ್ಘಾಟನೆಯ ಅಣಕು ಪ್ರದರ್ಶನ,ಮೈದಾನ,Arena,Yes,Darshan R K,2025-02-08 11:34:21
ಬಯಲು,ಸಂಗಮೇಶ್ವರ ದೇವಾಲಯ ಹೊರ ಆವರಣದ ರಥ ಬೀದಿಯ ರಸ್ತೆ ಬಯಲು ಜಾಗದಲ್ಲಿ ಹಮ್ಮಿಕೊಂಡಿದ್ದ ಹೋರಾಟದಲ್ಲಿ ರಾಜ್ಯದ 15…,ಮೈದಾನ,Arena,Yes,Darshan R K,2025-02-08 11:34:21
ಬಯಲು,ಹೆಚ್ಚು ಕಡಿಮೆ ಇಡೀ ಬಳ್ಳಾರಿಯ ಬಯಲು ಸೀಮೆಯೇ ಇದೇ ರೀತಿ.,ಮೈದಾನ,Arena,Yes,Darshan R K,2025-02-08 11:34:21
ಬಯಲು,ಸಾಮ್ರಾಜ್ಯಗಳು ಬಯಲು ಪ್ರದೇಶ ಗಳಲ್ಲಿ ಶತ್ರುಗಳ ನೇರ ದಾಳಿಗೆ ಸಿಲುಕಿ ನಾಶವಾಗುತ್ತಿದ್ದವು.,ಮೈದಾನ,Arena,Yes,Darshan R K,2025-02-08 11:34:21
ಬಯಲು,ರಸ್ತೆ ಅಂಚಿನ ಜಾಗ ಬಯಲು ಶೌಚಾಲಯವಾಗಿದೆ.,ಮೈದಾನ,Arena,Yes,Darshan R K,2025-02-08 11:34:21
ಬಯಲು,ಮೂಡಬಿದಿರೆ ಅಲಂಗಾರಿನ ಶ್ರೀಮಹಾಲಿಂಗೇಶ್ವರ ದೇವಸ್ಥಾನದ ಬಯಲು ರಂಗಮಂಟಪದಲ್ಲಿ ಇತ್ತೀಚೆಗೆ ನಡೆದ 9ನೇ ಅಖಿಲ ಕರ್ನಾಟಕ ಬೆಳದಿಂಗಳ ಸಾಹಿತ್ಯ ಸಮ್ಮೇಳನದ ಅಧ್ಯಕ್ಷತೆಯನ್ನು ವಹಿಸಿ ಅವರು ಮಾತನಾಡುತಿದ್ದರು.,ಮೈದಾನ,Arena,Yes,Darshan R K,2025-02-08 11:34:21
ಬಯಲು,"ಆದರೆ, ಬಯಲು ಸೀಮೆಯಲ್ಲಿ ಮಳೆ ಇಲ್ಲದೆ ರೈತರು ಕಂಗಾಲಾಗಿದ್ದಾರೆ.",ಮೈದಾನ,Arena,Yes,Darshan R K,2025-02-08 11:34:21
ಬಯಲು,"ಮಳೆ ಬಂದರೆ ಇವರನ್ನು ದೇವರೇ ಕಾಪಾಡಬೇಕು, ಬೆಳಿಗ್ಗೆ ಬಯಲು ಶೌಚ, ಸ್ನಾನವೂ ಇಲ್ಲದೆ ವಾಹನ ದಟ್ಟಣೆ ಹೆಚ್ಚಾಗಿರುವ ಈ ಪ್ರದೇಶದಲ್ಲಿ ಕುಡಿಯಲು ನೀರು ಸಿಗುವುದಿಲ್ಲ, ಕನಿಷ್ಠ ಸ್ಥಳಿಯವಾಗಿ ಶುಲ್ಕ ಪಾವತಿ ಶೌಚಾಲಯ ಮತ್ತು ಸ್ನಾನ ಗೃಹಗಳನ್ನಾದರೂ ನಿರ್ಮಿಸಿದರೆ ದೇಶ ಕಾಯ್ದಷ್ಟೆ ಸಾರ್ಥಕತೆ ಬರುವುದೆನೊ.",ಮೈದಾನ,Arena,Yes,Darshan R K,2025-02-08 11:34:21
ಬಯಲು,"ನೈಸರ್ಗಿಕ ಪ್ರಧೇಶವಾದ ಮಲೆನಾಡಿನಲ್ಲಿ ಈಗಾ ಗಲೇ ಉಷ್ಣಾಂಶದಲ್ಲಿ ಏರಿಕೆಯಾಗಿದ್ದು, ಹತ್ತಾರು ಸಾವಿರ ಸಂಖ್ಯೆಯಲ್ಲಿ ಮರಗಳನ್ನು ಕಡಿದಲ್ಲಿ ಮುಂದಿನ ದಿನಗಳಲ್ಲಿ ಬಯಲು ಸೀಮೆಯ ವಾತಾವರಣ ಸೃಷ್ಟಿಯಾಗಲಿದೆ.",ಮೈದಾನ,Arena,Yes,Darshan R K,2025-02-08 11:34:21
ಬಯಲು,ಎರಡು ತಾಲ್ಲೂಕು ಶೀಘ್ರ: ಡಿಸೆಂಬರ್‌ ಒಳಗೆ ಹಡಗಲಿ ಮತ್ತು ಹೊಸಪೇಟೆಯನ್ನು ಸಂಪೂರ್ಣ ಬಯಲು ಶೌಚ ಮುಕ್ತ ತಾಲ್ಲೂಕೆಂದು ಘೋಷಿಸಲು ನಿರ್ಧರಿಸಲಾಗಿದೆ.,ಮೈದಾನ,Arena,Yes,Darshan R K,2025-02-08 11:34:21
ಬಯಲು,"ಚಿತ್ರದುರ್ಗ, ಮಾರ್ಚ್ 18: ನಮ್ಮ ರಾಜ್ಯದ ಹಳೇ ಮೈಸೂರಿಗೆ ಸೇರಿದ ಬಯಲು ಸೀಮೆಯ ಜಿಲ್ಲೆಗಳಲ್ಲಿ ಚಿತ್ರದುರ್ಗ ಪ್ರಮುಖವಾದದ್ದು.",ಮೈದಾನ,Arena,Yes,Darshan R K,2025-02-08 11:34:21
ಬಯಲು,ಪ್ರವೇಶದ್ವಾರ ದಾಟುತ್ತಿದ್ದಂತೆಯೇ ವಿಶಾಲವಾದ ಬಯಲು ರಂಗಮಂದಿರದ ಮಧ್ಯೆ 40 ಅಡಿ ಎತ್ತರದ ಲೋಹದ ಕಮಲಸ್ತಂಭವೊಂದು ಕಾಣುತ್ತದೆ.,ಮೈದಾನ,Arena,Yes,Darshan R K,2025-02-08 11:34:21
ಬಯಲು,"ಬಯಲು ಮಲ ವಿಸರ್ಜನಾಮುಕ್ತ ನಗರಗಳನ್ನಾಗಿ ಘೋಷಿಸಲು ಈ ಯೋಜನೆ ಸಹಕಾರಿಯಾಗಿದ್ದು, ಪರಿಸರ ಸ್ನೇಹಿ ಕಾರ್ಯಕ್ರಮಗಳನ್ನು ಹಮ್ಮಿಕೊಳ್ಳಲಾಗಿದೆ.",ಮೈದಾನ,Arena,Yes,Darshan R K,2025-02-08 11:34:21
ಬಯಲು,"ನಂತರ ಗ್ರಂಥಾಲಯ, ವಿದ್ಯಾರ್ಥಿನಿಲಯಗಳು, ಅತಿಥಿಗೃಹ, ಪಾರ್ಕಿಂಗ್, ಆಟದ ಮೈದಾನ, ಬಯಲು ರಂಗಮಂದಿರ, ಉದ್ಯಾನ, ಉದ್ಯಾನದೊಳಗೆ ಅಲ್ಲಲ್ಲಿ ಕುಳಿತು ನಿಸರ್ಗದೊಂದಿಗೆ ವಿದ್ಯಾರ್ಥಿಗಳು ಸಂಗೀತದ ತಾಲೀಮು ನಡೆಸಲು ಅನುಕೂಲವಾಗುವಂಥ ಆಸನಗಳು, ಆಡಿಯೊ–ವಿಡಿಯೊ ಒಳಗೊಂಡ ಸ್ಟುಡಿಯೊ, ಸಂಶೋಧನ ಕೇಂದ್ರ, ಪ್ರಸಾರಾಂಗ, ಉಪಾಹಾರಗೃಹ, ಬ್ಯಾಂಕ್‌, ಅಂಚೆಕಚೇರಿ.",ಮೈದಾನ,Arena,Yes,Darshan R K,2025-02-08 11:34:21
ಬಯಲು,ಕೊಂಡ್ಲಹಳ್ಳಿ: ವೀರಭದ್ರಸ್ವಾಮಿ ರಥೋತ್ಸವ ಪ್ರಯುಕ್ತ ಮೊಗಲಹಳ್ಳಿಯಲ್ಲಿ ಶುಕ್ರವಾರ ರಾತ್ರಿ ವಿರಾಟ ಪರ್ವ ಯಕ್ಷಗಾನ ಬಯಲು ನಾಟಕದ ಪ್ರದರ್ಶನ ನಡೆಯಿತು.,ಮೈದಾನ,Arena,Yes,Darshan R K,2025-02-08 11:34:21
ಬಯಲು,ಇಂದು ಗುರುವಾರ ಮುಂಜಾನೆ ಸುಮರು 4 ಗಂಟೆಗೆ ನಿರಂಜನ್ ಸಶೀಹ್ ಎಂಬವರು ಪುರುಲಿಯಾದ ಅಯೋಧ್ಯಾ ಹಿಲ್ಸ್ ಬಳಿಯ ಹಳ್ಳಿಯಲ್ಲಿರುವ ತನ್ನ ಮನೆ ಬಳಿ ಬಯಲು ಶೌಚಕ್ಕೆಂದು ತೆರಳಿದ್ದರು.,ಮೈದಾನ,Arena,Yes,Darshan R K,2025-02-08 11:34:21
ಬಯಲು,ಇನ್ನು ಕೆಲವೊಮ್ಮೆ ಅನಿವಾರ್ಯ ಪ್ರಸಂಗದಲ್ಲಿ ಮರ ಗಿಡಗಳಿಲ್ಲದ ಬಯಲು ಪ್ರದೇಶದಲ್ಲಿ ಇಳಿಸಿದ ಘಟನೆಗಳೂ ಇವೆ.,ಮೈದಾನ,Arena,Yes,Darshan R K,2025-02-08 11:34:22
ಬಯಲು,ಸತತ 70 ವರ್ಷಗಳಿಂದ ಮಳೆಯನ್ನೇ ನಂಬಿ ಜೀವನ ನಡೆಸುವ ತಾಲೂಕಿನ ರೈತರಿಗೆ ಭದ್ರೆ ನೀರನ್ನು ಹರಿಸಿ ಬರಪೀಡಿತ ಬಯಲು ಸೀಮೆಯನ್ನು ಹಸಿರುನಾಡನ್ನಾಗಿ ಪರಿವರ್ತನೆ ಮಾಡದಿದ್ದರೆ ಮುಂಬರುವ ದಿನಗಳಲ್ಲಿ ಉಗ್ರ ಹೋರಾಟ ಹಮ್ಮಿಕೊಳ್ಳಲಾಗುವುದೆಂದು ಎಚ್ಚರಿಕೆ ನೀಡಿದರು.,ಮೈದಾನ,Arena,Yes,Darshan R K,2025-02-08 11:34:22
ಬಯಲು,"ಘನೀಕರಿಸಿದ ಪರ್ವತದ ತೊರೆಗಳು, ಎತ್ತರದ ವೈಭವದ ಹಾದಿಗಳು, ಭವ್ಯವಾಗಿ ತುಂಬಿದ ಬಯಲು ಪ್ರದೇಶಗಳು ಮತ್ತು ಅಗಾಧವಾದ ಪರ್ವತ ಸರೋವರಗಳಿಂದ ಹಿಮಾಲಯ ಪರ್ವತವು ಕೂಡಿರುತ್ತದೆ.",ಮೈದಾನ,Arena,Yes,Darshan R K,2025-02-08 11:34:22
ಬಯಲು,ಗುರುವಾರ ನಗರದ ಮಾನಸ ಗಂಗೋತ್ರಿ ಬಯಲು ರಂಗಮಂದಿರದಲ್ಲಿ ನಡೆದ ಕಾವೇರಿ ಕೂಗು ಅಭಿಯಾನದಲ್ಲಿ…,ಮೈದಾನ,Arena,Yes,Darshan R K,2025-02-08 11:34:22
ಬಯಲು,ಸಮೀಕ್ಷೆಯಲ್ಲಿ ನೀಡಲಾದ ಬಯಲು ಶೌಚಾಲಯ ಮುಕ್ತತೆಯ ಸಂಭಾವ್ಯ ಸ್ಥಳಗಳನ್ನು ಖಚಿತಪಡಿಸಿಕೊಳ್ಳಲು ನಿರ್ದಿಷ್ಟ ನಿಯಮಾವಳಿಗಳ ಪ್ರಕಾರ ಆಯ್ಕೆ ಮಾಡಲಾಗುತ್ತದೆ ಎಂದು ಪುರಸಭೆ ಅಧಿಕಾರಿಗಳು ತಿಳಿಸಿದ್ದಾರೆ.,ಮೈದಾನ,Arena,Yes,Darshan R K,2025-02-08 11:34:22
ಬಯಲು,ಮೋದಿಯವರ ಬಯಲು ಶೌಚ ಮುಕ್ತ ಆಂದೋಲನದ ಸಮಾರೋಪ ಅತ್ಯಂತ ಕ್ರೂರ ರೀತಿಯಲ್ಲಿ ಅಕ್ಟೋಬರ್ 3ರಂದು ನಡೆಯಿತು.,ಮೈದಾನ,Arena,Yes,Darshan R K,2025-02-08 11:34:22
ಬಯಲು,ಐತಿಹಾಸಿಕ ಹಿನ್ನೆಲೆ: ದಾವಣಗೆರೆ ಜಿಲ್ಲೆ ಹರಪನಹಳ್ಳಿ ಪಾಳೇಗಾರರಿಗೆ ಹೆಸರಾದ ತಾಲೂಕು ಪಾಳೇಗಾರಿಕೆಗಳು ಎತ್ತರದ ಗುಡ್ಡ ಬೆಟ್ಟಗಳಲ್ಲಿ ಕೋಟೆ ನಿರ್ಮಾಣ ಮಾಡಿ ಆಳ್ವಿಕೆ ನಡಿಸಿದರೆ ಹರಪನಹಳ್ಳಿ ಪಾಳೇಗಾರರು ಬಯಲು ಪ್ರದೇಶದಲ್ಲಿ ಕೋಟೆ ನಿರ್ಮಿಸಿ ಪಾಳೇಗಾರಿಕೆ ನಡೆಸಿದ ಅಪ್ರತಿಮ ವೀರರಾಗಿದ್ದರು.,ಮೈದಾನ,Arena,Yes,Darshan R K,2025-02-08 11:34:22
ಬಯಲು,ಬಯಲು ಶೌಚಮುಕ್ತ ಗ್ರಾಮವಾಗುವತ್ತ ಹಾಸನದ \ಕೊಂಡಜ್ಜಿ ಗ್ರಾಮ\,ಮೈದಾನ,Arena,Yes,Darshan R K,2025-02-08 11:34:22
ಬಯಲು,"ನಾವು ಪರ್ವತಗಳು, ಬಯಲು ಮತ್ತು ಸರೋವರದೊಂದಿಗೆ ಭೂದೃಶ್ಯವನ್ನು ಬಣ್ಣ ಮಾಡುತ್ತೇವೆ.",ಮೈದಾನ,Arena,Yes,Darshan R K,2025-02-08 11:34:22
ಬಯಲು,ಶ್ರೀಮಂತ ಕಲಾಪರಂಪರೆಯ ಬಯಲು ಪ್ರದರ್ಶನಾಲಯವೆಂದು ಪರಿಗಣಿಸಲಾಗಿರುವ ವಿಜಯ ನಗರ ಸಾಮ್ರಾಜ್ಯದ ವೈಭವಕ್ಕೆ ಸಾಕ್ಷಿಯಾಗಿರುವ ಹಂಪಿಯಲ್ಲಿ ಈ ಬಾರಿ ಕಲೆ ಹಾಗೂ ಸಾಂಸ್ಕೃತಿಕ ಸಾಮ್ರಾಜ್ಯವೇ ಮೇಳೈಸಲಿದೆ.,ಮೈದಾನ,Arena,Yes,Darshan R K,2025-02-08 11:34:22
ಬಯಲು,ಸ್ವಚ್ಛ ಭಾರತ ಅಭಿಯಾನದಡಿ ಬಯಲು ಮಲ ವಿಸರ್ಜನೆಯನ್ನು ನಿಷೇಧಿಸಲಾಗಿದೆ.,ಮೈದಾನ,Arena,Yes,Darshan R K,2025-02-08 11:34:22
ಬಯಲು,"ಉಳಿದಂತೆ ಕಲ್ಲು, ತ್ಯಾಜ್ಯಗುಂಡಿ, ಬಯಲು ಪ್ರದೇಶ, ಕಟ್ಟಡ ನಿವೇಶನ, ಟಾರು ಹಾಕದ ರಸ್ತೆ, ಕೃಷಿ ಪ್ರದೇಶ, ಗಿಡಗಳನ್ನು ಬೆಳೆಸುವ ನರ್ಸರಿ ಹಾಗೂ ಉಳಿಕೆ ಭೂ ಪ್ರದೇಶ ಇತರ ವರ್ಗದಲ್ಲಿ ಸೇರುತ್ತದೆ.",ಮೈದಾನ,Arena,Yes,Darshan R K,2025-02-08 11:34:22
ಬಯಲು,ಪಸಲ್‌ವೇಡ ೧೦ – ೮೩ (ಗ) ಹಸಿರು ಹುಲ್ಲಿನ ಬಯಲು,ಮೈದಾನ,Arena,Yes,Darshan R K,2025-02-08 11:34:22
ಬಯಲು,ಇಲ್ಲಿ ಕೆಲವು ಬಯಲು ರಂಗಮಂದಿರಗಳಿದ್ದರೂ ಅವುಗಳಲ್ಲಿ ಸಾಂಸ್ಕ್ರತಿಕ ಚಟುವಟಿಕೆಗಳು ನಡೆ ಯುವುದೇ ಅಪರೂಪ.,ಮೈದಾನ,Arena,Yes,Darshan R K,2025-02-08 11:34:22
ಬಯಲು,"ಮಹಿಳೆಯರು ದಾರಿ ಪಕ್ಕ, ಬಯಲು ಜಾಗದಲ್ಲಿ ಬೆಳೆದ ಮುಳ್ಳಿನ ಗಿಡಗಂಟಿ ಆಸರೆಯಲ್ಲಿ ಶೌಚಕ್ಕೆ ಆಶ್ರಯಿಸುತ್ತಾರೆ.",ಮೈದಾನ,Arena,Yes,Darshan R K,2025-02-08 11:34:22
ಬಯಲು,ಡೆಲ್ಟಾದ ಮಧ್ಯಭಾಗವು ಕೆಳ ಡೆಲ್ಟಾ ಬಯಲು ಪ್ರದೇಶವಾಗಿದೆ.,ಮೈದಾನ,Arena,Yes,Darshan R K,2025-02-08 11:34:22
ಬಯಲು,"ಕಾಕಸಸ್ ಪರ್ವತಗಳು, ತಪ್ಪಲಿನಲ್ಲಿ, ಬಯಲು ಪ್ರದೇಶ ವಿಂಗಡಿಸಲಾಗಿದೆ.",ಮೈದಾನ,Arena,Yes,Darshan R K,2025-02-08 11:34:22
ಬಯಲು,"ಈ ದೊಡ್ಡ ಮರಕುಟಿಗಗಳು ಸೂಕ್ತವಾದ ಆವಾಸಸ್ಥಾನಕ್ಕೆ ದೊಡ್ಡದಾದ, ಪ್ರಬುದ್ಧ ಮರಗಳನ್ನು ಅವಲಂಬಿಸಿರುವುದರಿಂದ, ಬಯಲು ಪ್ರದೇಶಗಳು ಮತ್ತು ಹುಲ್ಲುಗಾವಲು ಪ್ರದೇಶಗಳಿಂದ ಅವು ಇರುವುದಿಲ್ಲ.",ಮೈದಾನ,Arena,Yes,Darshan R K,2025-02-08 11:34:22
ಬಯಲು,ಬಯಲು ಮುಕ್ತ ಶೌಚಾಲಯದ ಹೆಸರಿನಲ್ಲಿ ಬಹುದೊಡ್ಡ ಕಾಂತ್ರಿ ನಡೆದಿದೆ ಎಂದು ಹೊಗಳಿದರು.,ಮೈದಾನ,Arena,Yes,Darshan R K,2025-02-08 11:34:22
ಬಯಲು,ಬಯಲು ಸೀಮೆಯ ಬಲು ಮಾಡಿಕೊಳ್ಳುತ್ತಿರುವ ರೈತರನ್ನು ಗಮನಿಸಿದರೆ ಅತಿ ನೀರಿನ ಲಭ್ಯತೆಯೂ ಶಾಪವೇ.,ಮೈದಾನ,Arena,Yes,Darshan R K,2025-02-08 11:34:22
ಬಯಲು,ಪರ್ವತಗಳನ್ನು ಕೊರೆದು ಅವುಗಳೊಳಗೆ ಕಟ್ಟಡಗಳನ್ನು ಮತ್ತು ಬಯಲು ಪ್ರದೇಶಗಳಲ್ಲಿ ಭವ್ಯ ಅರಮನೆಗಳನ್ನು ನಿರ್ಮಿಸುವುದು ಸಮೂದ್ ಜನಾಂಗದ ವೈಶಿಷ್ಟ್ಯವಾಗಿತ್ತು.,ಮೈದಾನ,Arena,Yes,Darshan R K,2025-02-08 11:34:22
ಬಯಲು,ಉಳಿದಂತೆ ಬಹುತೇಕರಿಗೆ ಬಯಲು ಶೌಚವೇ ಗತಿಯಾಗಿದೆ.,ಮೈದಾನ,Arena,Yes,Darshan R K,2025-02-08 11:34:22
ಬಯಲು,"ಬಯಲು ಸೀಮೆಗೆ ಭಯಂಕರ ನೀರಿನ ಸಮಸ್ಯೆ ಇದೆ, ಬರವಿದ್ದರೂ ರೈತರ ಸಾಲಮನ್ನಾ ಮಾಡಿಲ್ಲ, ಕಳಸಾ ಬಂಡೂರಿ ನಾಲಾ ಯೋಜನೆ ಜಾರಿಗೊಳಿಸುತ್ತಿಲ್ಲ, ಕಾಸರಗೋಡಿನಲ್ಲಿ ಕನ್ನಡಿಗರ ಮೇಲೆ ದಾಳಿ ನಡೆಯುತ್ತಿದೆ ಸರ್ಕಾರ ತಲೆಕೆಡಿಸಿಕೊಳ್ಳುತ್ತಿಲ್ಲ ಎಂದು ವಾಗ್ದಾಳಿ ನಡೆಸಿದರು.",ಮೈದಾನ,Arena,Yes,Darshan R K,2025-02-08 11:34:22
ಬಯಲು,"ಪ್ರತಿ ವರ್ಷ ಪ್ರೇಕ್ಷಕ ಸ್ನೇಹಿ ಹಂತ ಹೊರತುಪಡಿಸಿ ಉಳಿದ ಎರಡು ವಿಶೇಷ ಹಂತದ ಸ್ಪರ್ಧೆ ಬಯಲು ಸೀಮೆಯಾದ ಕಡೂರು, ಬೀರೂರು, ತರೀಕೆರೆ ರಸ್ತೆಗಳಲ್ಲಿ ನಡೆಯುತ್ತಿತ್ತು.",ಮೈದಾನ,Arena,Yes,Darshan R K,2025-02-08 11:34:22
ಬಯಲು,"ಮಾರ್ಚ್‌ನಲ್ಲಿ ಘೋಷಣೆ ಖಚಿತ: ಜಿಲ್ಲೆಯನ್ನು ಮಾರ್ಚ್‌ 8ರ ವೇಳೆಗೆ ಬಯಲು ಶೌಚ ಮುಕ್ತಗೊಳಿಸಿ, ಘೋಷಣೆ ಹೊರಡಿಸಲಾಗುವುದು ಎಂದು ಜಿಲ್ಲಾ ಪಂಚಾಯಿತಿ ಮುಖ್ಯ ಕಾರ್ಯನಿರ್ವಾಹಕ ಅಧಿಕಾರಿ ಡಾ.",ಮೈದಾನ,Arena,Yes,Darshan R K,2025-02-08 11:34:22
ಬಯಲು,ಜನಪದ ಕ್ರೀಡೆಗಳಲ್ಲಿ ಒಂದಾದ ಹೋರಿಬೇದರಿಸುವ ಕ್ರೀಡೆ ಗ್ರಾಮಾಂತರ ಕ್ರೀಡೆಯಾಗಿದ್ದು ಈ ಬಯಲು ಸೀಮೆಗಳಲ್ಲಿ ಹೆಚ್ಚಾಗಿ ಕಂಡು ಬರುವ ಹಬ್ಬ ಮುಂಡಗೋಡ ನಲ್ಲಿ ಪ್ರತಿ ದೀಪಾವಳಿಯ ಹಬ್ಬದ ಪಾಡ್ಯ ಹಬ್ಬದ ದಿನದೊಂದು ದನಬೇದರಿಸುವ ಕಾರ್ಯಕ್ರಮ ಆಯೋಜಿಸಲಾಗುತ್ತಿದೆ.,ಮೈದಾನ,Arena,Yes,Darshan R K,2025-02-08 11:34:22
ಬಯಲು,ಬಿತ್ತನೆ ಮಾಡುವ ಗದ್ದೆಗಳು ಒಣಗಿ ಬಯಲು ಸೀಮೆಯ ಹೊಲದಂತಾಗಿವೆ.,ಮೈದಾನ,Arena,Yes,Darshan R K,2025-02-08 11:34:22
ಬಯಲು,ಜಿಲ್ಲೆಯ ಇನ್ನೊಂದು ಬಹುದೊಡ್ಡ ಸಮಸ್ಯೆ ಎಂದರೆ ಬಯಲು ಶೌಚಾಲಯ.,ಮೈದಾನ,Arena,Yes,Darshan R K,2025-02-08 11:34:22
ಬಯಲು,"ಕಲಾಧಾಮದಲ್ಲೊಂದು ಸುತ್ತು ಹಾಕುವಾಗ ಅಲ್ಲಿಯ ಬಯಲು ಮಂದಿರ, ಸಾಂಸ್ಕೃತಿಕ ಚಟುವಟಿಕೆಗಳಿಗಾಗಿಯೇ ನಿರ್ಮಿಸಿರುವ ಸಭಾಂಗಣ, ನಮ್ಮಲ್ಲಿಯೂ ಹೊಸ ಜೋಷ್ ಹುಟ್ಟುಹಾಕುತ್ತದೆ.",ಮೈದಾನ,Arena,Yes,Darshan R K,2025-02-08 11:34:22
ಬಯಲು,ಆಟದ ಬಯಲು ವಿಶಾಲವಾದ ಶಾಲೆಯಿದ್ದಂತೆ – ಶ್ರೀ ಚಿದಾನಂದ ನಂದಾರ್,ಮೈದಾನ,Arena,Yes,Darshan R K,2025-02-08 11:34:22
ಬರೆ,ಎತ್ತಿಗೆ ಜ್ವರ ಬಂದ್ರೆ ಎಮ್ಮೆಗೆ ಬರೆ ಹಾಕಿದ್ರು ಅಂತ.,ಕಾದ ಕುಳದಿಂದ ಮೈಮೇಲೆ ಎಳೆದ ಗೆರೆ,burn,Yes,a,2025-02-03 11:19:51
ಬರೆ,ಎರಡು ತಿಂಗಳು ಕಳೆಯುವುದೊರಳಗೆ ಮತ್ತೊಮ್ಮೆ ರೈತರಿಗೆ ಬರೆ ಎಳೆಯಲು ಹೊರಟ ಕೆಎಂಎಫ್‌ಗೆ ಸಭೆಯಲ್ಲಿ ತೀವ್ರ ವಿರೋಧ ವ್ಯಕ್ತವಾಯಿತು.,ಕಾದ ಕುಳದಿಂದ ಮೈಮೇಲೆ ಎಳೆದ ಗೆರೆ,burn,Yes,a,2025-02-03 11:19:51
ಬರೆ,ಎತ್ತಿಗೆ ಜ್ವರ ಬಂತೆಂದು ಎಲ್ಲೆಗೂ ಬರೆ ಎಳೆದರು~ ಎಂಬ ಗಾದೆ ಮಾತಿದೆ.,ಕಾದ ಕುಳದಿಂದ ಮೈಮೇಲೆ ಎಳೆದ ಗೆರೆ,burn,Yes,a,2025-02-03 11:19:51
ಬರೆ,ಮೇಲಿಂದ ಮೇಲೆ ಬರಗಾಲ ಹಾಗೂ ಅಕಾಲಿಕ ಮಳೆಯಿಂದಾಗಿ ಈಗಾಗಲೇ ಬೆಳೆ ನಷ್ಟದಿಂದ ಕಂಗೆಟ್ಟಿರುವ ರೈತರ ಪಾಲಿಗಂತೂ ಇದು ಗಾಯದ ಮೇಲೆ ಬರೆ ಎಳೆದಂತಾಗಿದೆ.,ಕಾದ ಕುಳದಿಂದ ಮೈಮೇಲೆ ಎಳೆದ ಗೆರೆ,burn,Yes,a,2025-02-03 11:19:51
ಬರೆ,ಗಾಯದ ಮೇಲೆ ಬರೆ ಎಳೆದಂತೆ ಕಾರ್ಮಿಕರ ಸಮಸ್ಯೆಯೂ ಬೆಳೆಗಾರರನ್ನು ಚಿಂತೆಗೆ ತಳ್ಳಿದೆ.,ಕಾದ ಕುಳದಿಂದ ಮೈಮೇಲೆ ಎಳೆದ ಗೆರೆ,burn,Yes,a,2025-02-03 11:19:51
ಬರೆ,"ಸುಟಿಗೆ ಹಾಕು = ಚುರುಕು ಮುಟ್ಟಿಸು, ಬರೆ ಹಾಕು",ಕಾದ ಕುಳದಿಂದ ಮೈಮೇಲೆ ಎಳೆದ ಗೆರೆ,burn,Yes,a,2025-02-03 11:19:51
ಬರೆ,ಮುಂಜಾನೆ ಬರೆ ಬಿದ್ದಾಗ ಮೊದಲು ಅಯ್ಯಯ್ಯೋ ಎಂದದ್ದು ಗಂಡ ಅವಳು ಎದ್ದು ಕೂತು ನಂಗೆರಡು ನಿಂಗೊಂದು ಅಂದಳು ಬಂದವರಿಗೆ ಏನೊಂದು ಅರ್ಥವಾಗಲಿಲ್ಲ ಅವಳು ಎಲ್ಲವನ್ನು ಹೇಳಿದಳು.,ಕಾದ ಕುಳದಿಂದ ಮೈಮೇಲೆ ಎಳೆದ ಗೆರೆ,burn,Yes,a,2025-02-03 11:19:51
ಬರೆ,"ಗಾಯದ ಮೇಲೆ ಬರೆ ಹಾಕು = ನೋವನ್ನು ದ್ವಿಗುಣಗೊಳಿಸು, ಉರಿಯುವುದರ ಮೇಲೆ ಉಪ್ಪು ಹಾಕು",ಕಾದ ಕುಳದಿಂದ ಮೈಮೇಲೆ ಎಳೆದ ಗೆರೆ,burn,Yes,a,2025-02-03 11:19:51
ಬರೆ,ಇನ್ನು ರಾಜಿನಾಮೆ ಕೇಳಿದರೆ ಗಾಯದ ಮೇಲೆ ಬರೆ ಎಳೆದಂತಾಗುತ್ತದೆ ಎಂದು ಸಮಿತಿಯ ಗೌರವಾಧ್ಯಕ್ಷ ಮಾರೆಪ್ಪ ಹಾಗೂ ಪದಾಧಿಕಾರಿಗಳು ಆಕ್ರೋಶ ವ್ಯಕ್ತಪಡಿಸಿದ್ದಾರೆ.,ಕಾದ ಕುಳದಿಂದ ಮೈಮೇಲೆ ಎಳೆದ ಗೆರೆ,burn,Yes,a,2025-02-03 11:19:51
ಬರೆ,ನೋಟು ರದ್ದತಿ ಆದೇಶ ಎತ್ತಿಗೆ ಜ್ವರ ಬಂದರೆ ಎಮ್ಮೆಗೆ ಬರೆ ಹಾಕಿದಂತೆ ಆಗಿದೆ.,ಕಾದ ಕುಳದಿಂದ ಮೈಮೇಲೆ ಎಳೆದ ಗೆರೆ,burn,Yes,a,2025-02-03 11:19:51
ಬರೆ,ಅಲ್ಲಿಗೆ ಗಾಯದ ಮೇಲೆ ಬರೆ ಎಳೆದಂತಾಗುತ್ತದೆ.,ಕಾದ ಕುಳದಿಂದ ಮೈಮೇಲೆ ಎಳೆದ ಗೆರೆ,burn,Yes,a,2025-02-03 11:19:52
ಬರೆ,ಗಾಯದ ಮೇಲೆ ಬರೆ ಎಂಬಂತೆ ರೈತ ಶರಣಪ್ಪ ಕಣ್ಣಿರಿನಲ್ಲಿ ಕೈ ತೊಳೆಯುವ ಪರಿಸ್ಥಿತಿ ನಿರ್ಮಾಣವಾಗಿದೆ.,ಕಾದ ಕುಳದಿಂದ ಮೈಮೇಲೆ ಎಳೆದ ಗೆರೆ,burn,Yes,a,2025-02-03 11:19:52
ಬರೆ,ಇದೊಂತರ ಎತ್ತಿಗೆ ಜ್ವರ ಬಂದ್ರೆ ಎಮ್ಮೆಗೆ ಬರೆ ಎಳೆದ್ರು ಅಂತಾರಲ್ಲ ಹಾಗಾಗಿದೆ.,ಕಾದ ಕುಳದಿಂದ ಮೈಮೇಲೆ ಎಳೆದ ಗೆರೆ,burn,Yes,a,2025-02-03 11:19:52
ಬರೆ,ಅದರ ಮೇಲೆ ಬರೆ ಎಳೆದಂತೆ ಬಂದಿದ್ದು ಜಿಎಸ್ ಟಿ ಜಾರಿ.,ಕಾದ ಕುಳದಿಂದ ಮೈಮೇಲೆ ಎಳೆದ ಗೆರೆ,burn,Yes,a,2025-02-03 11:19:52
ಬರೆ,"ಆದರೆ, ಗಾಯದ ಮೇಲೆ ಬರೆ ಎಳೆದಂತೆ ಮತ್ತೆ ಹೊಸ ಹೊಸ ವಿದ್ಯುತ್ ಯೋಜನೆಗಳು ಇವರ ಬದುಕಿನ ನೆಮ್ಮದಿಯನ್ನು ಕೆಡಿಸಿ ಆತಂಕದಿಂದ ದಿನದೂಡುವಂತಹ ವಾತವರಣ ನಿರ್ಮಾಣವಾಗುತ್ತಿದೆ.",ಕಾದ ಕುಳದಿಂದ ಮೈಮೇಲೆ ಎಳೆದ ಗೆರೆ,burn,Yes,a,2025-02-03 11:19:52
ಬರೆ,ಗಾಯದ ಮೇಲೆ ಬರೆ ಎಳೆದರು ಎನ್ನುವಂತೆ ಮಲಪ್ರಭಾ ನದಿಯಲ್ಲಿ ಮತ್ತೊಮ್ಮೆ ಪ್ರವಾಹ ಭೀತಿ ಕಾಣಿಸಿಕೊಂಡಿದೆ.,ಕಾದ ಕುಳದಿಂದ ಮೈಮೇಲೆ ಎಳೆದ ಗೆರೆ,burn,Yes,a,2025-02-03 11:19:52
ಬರೆ,ಎಲ್‍ಪಿಜಿ ದರ ಮತ್ತೆ ಏರಿಕೆ – ಗ್ರಾಹಕರಿಗೆ ಬರೆ ಎಳೆದ ಕೇಂದ್ರ ಸರ್ಕಾರ,ಕಾದ ಕುಳದಿಂದ ಮೈಮೇಲೆ ಎಳೆದ ಗೆರೆ,burn,Yes,a,2025-02-03 11:19:52
ಬರೆ,ಕಬ್ಬಿಣ ಕಾಯಿಸಿ ಬರೆ ಹಾಕಿದ,ಕಾದ ಕುಳದಿಂದ ಮೈಮೇಲೆ ಎಳೆದ ಗೆರೆ,burn,Yes,a,2025-02-03 11:19:52
ಬರೆ,"ಆರು ತಿಂಗಳ ಹಿಂದೆ, ಗಾಯದ ಮೇಲೆ ಬರೆ ಎಂಬಂತೆ ಫಯಾಝ್ ನನ್ನು ಜಮ್ಮು ಪೊಲೀಸರು ಮಾದಕ ವಸ್ತು ಕಳ್ಳಸಾಗಾಣಿಕೆ ಆರೋಪದಲ್ಲಿ ಬಂಧಿಸಿದರು.",ಕಾದ ಕುಳದಿಂದ ಮೈಮೇಲೆ ಎಳೆದ ಗೆರೆ,burn,Yes,a,2025-02-03 11:19:52
ಬರೆ,ಒಟ್ಟಿನಲ್ಲಿ ಗಾಯದ ಮೇಲೆ ಬರೆ ಎಳೆದಂತಾಗಿದೆ ಈಗಿನ ಬದುಕು.,ಕಾದ ಕುಳದಿಂದ ಮೈಮೇಲೆ ಎಳೆದ ಗೆರೆ,burn,Yes,a,2025-02-03 11:19:52
ಬರೆ,ಎತ್ತಿಗೆ ಜ್ವರ ಬಂದ್ರೆ ಎಮ್ಮೆಗೆ ಬರೆ ಹಾಕುವವನು ಯಾರು?,ಕಾದ ಕುಳದಿಂದ ಮೈಮೇಲೆ ಎಳೆದ ಗೆರೆ,burn,Yes,a,2025-02-03 11:19:52
ಬರೆ,ಮರಳು ಕೊರತೆಯ ಹೊರೆ ಸ್ಥಳೀಯ ಆರ್ಥಿಕತೆಗೆ ಬರೆ,ಕಾದ ಕುಳದಿಂದ ಮೈಮೇಲೆ ಎಳೆದ ಗೆರೆ,burn,Yes,a,2025-02-03 11:19:52
ಬರೆ,ಗಾಯದ ಮೇಲೆ ಬರೆ ಎಳೆದಂತೆ ಪ್ರಯಾಣ ದರವನ್ನು ಕೂಡ ರಾಜ್ಯ ಸರಕಾರ ಏರಿಸಿ.,ಕಾದ ಕುಳದಿಂದ ಮೈಮೇಲೆ ಎಳೆದ ಗೆರೆ,burn,Yes,a,2025-02-03 11:19:53
ಬರೆ,"ಹಣದುಬ್ಬರದಿಂದ ಜನತೆ ತತ್ತರಿಸುತ್ತಿರುವ ಸಂದರ್ಭದಲ್ಲಿ, ಗಾಯದ ಮೇಲೆ ಬರೆ ಎಳೆಯುವಂತೆ ಈರುಳ್ಳಿ ದರ ಅಕ್ಟೋಬರ್ ವೇಳೆಗೆ ಪ್ರತಿ ಕೆ.",ಕಾದ ಕುಳದಿಂದ ಮೈಮೇಲೆ ಎಳೆದ ಗೆರೆ,burn,Yes,a,2025-02-03 11:19:53
ಬರೆ,"ಅಮ್ಮ ಬೇಕು ಅಂತ ಹಠಹಿಡಿದಿದ್ದ 4ರ ಕಂದಮ್ಮನ ಬೆನ್ನಿಗೆ ಬರೆ ಎಳೆದ ಶಿಕ್ಷಕ, ಆಯಾ!",ಕಾದ ಕುಳದಿಂದ ಮೈಮೇಲೆ ಎಳೆದ ಗೆರೆ,burn,Yes,a,2025-02-03 11:19:53
ಬರೆ,ಇದನ್ನು ಓದಿ: ಬೆಲೆ ಕುಸಿತದಿಂದ ಕಂಗೆಟ್ಟಿದ್ದ ರೈತರ ಗಾಯದ ಮೇಲೆ ಬರೆ ಎಳೆದ ಮಳೆರಾಯ!,ಕಾದ ಕುಳದಿಂದ ಮೈಮೇಲೆ ಎಳೆದ ಗೆರೆ,burn,Yes,a,2025-02-03 11:19:53
ಬರೆ,ನೋವಿನ ಮೇಲೆ ಬರೆ ಎಂಬಂತೆ ಫರ್ಝಾನ ರಕ್ತ ಕ್ಯಾನ್ಸರ್‌ನಿಂದ ಬಳಲುತ್ತಿದ್ದರೆ ಉಳಿದ ಇಬ್ಬರು ಮಕ್ಕಳಲ್ಲಿ ಓರ್ವ ಪುತ್ರ ಎಂಡೋಪೀಡಿತರಾಗಿ ಬಳಲುತ್ತಿದ್ದಾರೆ.,ಕಾದ ಕುಳದಿಂದ ಮೈಮೇಲೆ ಎಳೆದ ಗೆರೆ,burn,Yes,a,2025-02-03 11:19:53
ಬರೆ,ಎಲ್ಲಾ ಎಮ್ಮೆಗಳಿಗೂ ಒಂದೇ ಬರೆ ಎಳೆಯಬಾರದು.,ಕಾದ ಕುಳದಿಂದ ಮೈಮೇಲೆ ಎಳೆದ ಗೆರೆ,burn,Yes,a,2025-02-03 11:19:53
ಬರೆ,: ಹೆಂಡತಿ ಶೀಲ ಶಂಕಿಸಿ ಪತಿಯೊಬ್ಬ ಆಕೆಯ ಗುಪ್ತಾಂಗದ ಮೇಲೆ ಬರೆ ಹಾಕಿ ಕಬ್ಬಿಣದ ವೈರ್ ನಿಂದ ಗುಪ್ತಾಂಗವನ್ನು ಹೊಲಿದ ಪೈಶಾಚಿಕೆ ಕೃತ್ಯ ಜಾರ್ಖಂಡ್ ನ ಧನಬಾದ್ ಜಿಲ್ಲೆಯಲ್ಲಿ ನಡೆದಿದೆ.,ಕಾದ ಕುಳದಿಂದ ಮೈಮೇಲೆ ಎಳೆದ ಗೆರೆ,burn,Yes,a,2025-02-03 11:19:53
ಬರೆ,"ಎರಡನೇಯದನ್ನು ಹಡೆದು, ಎಷ್ಟೇ ತಿಪ್ಪರಲಾಗ ಹಾಕಿದರೂ ಹೊಟ್ಟೆಯ ಮೇಲಿನ ಬರೆ ಹಾಗೂ, ಬಸುರಿಯಂತಹ ಹೊಟ್ಟೆ ಹೋಗಲೇ ಇಲ್ಲ.",ಕಾದ ಕುಳದಿಂದ ಮೈಮೇಲೆ ಎಳೆದ ಗೆರೆ,burn,Yes,a,2025-02-03 11:19:53
ಬರೆ,ಅಲ್ಲದೆ ಗಾಯದ ಮೇಲೆ ಬರೆ ಎಂಬಂತೆ ಭಾರತ ತಂಡ ಆಸಿಸ್ ಮೇಲೆ ಫಾಲೋ ಆನ್ ಹೇರಿತು.,ಕಾದ ಕುಳದಿಂದ ಮೈಮೇಲೆ ಎಳೆದ ಗೆರೆ,burn,Yes,a,2025-02-03 11:19:53
ಬರೆ,"ಯುವತಿಯ ಮೈ, ಕೈಗೆ ಬೆಂಕಿಯಿಂದ ಬರೆ ಹಾಕಿ ಹಲ್ಲೆ ನಡೆಸಿರೋ ಆರೋಪ ಕೇಳಿಬಂದಿದೆ.",ಕಾದ ಕುಳದಿಂದ ಮೈಮೇಲೆ ಎಳೆದ ಗೆರೆ,burn,Yes,a,2025-02-03 11:19:53
ಬರೆ,ಈ ಮಧ್ಯೆ ಪಾಕ್​ ಪ್ರಧಾನಿ ಸೇರಿದಂತೆ ಅವರ ಸಚಿವರುಗಳ ಹೇಳಿಕೆಗಳು ಕಂಗಾಲಾಗಿರುವ ಪಾಕಿಸ್ತಾನಕ್ಕೆ ಗಾಯದ ಮೇಲೆ ಬರೆ ಎಳೆಯುತ್ತಿವೆ.,ಕಾದ ಕುಳದಿಂದ ಮೈಮೇಲೆ ಎಳೆದ ಗೆರೆ,burn,Yes,a,2025-02-03 11:19:53
ಬರೆ,13- ನೆರೆ ತಗ್ಗಿದೆ; ಆದರೆ ಬದುಕಿಗೆ ದೊಡ್ಡ ಬರೆ ಎಳೆದಿದೆ.,ಕಾದ ಕುಳದಿಂದ ಮೈಮೇಲೆ ಎಳೆದ ಗೆರೆ,burn,Yes,a,2025-02-03 11:19:53
ಬರೆ,ಮಗು ಅಂಗನವಾಡಿಯಲ್ಲಿ ಮೂತ್ರ ವಿಸರ್ಜನೆ ಮಾಡಿತೆಂದು ಚಾಕುವಿನಿಂದ ಬರೆ,ಕಾದ ಕುಳದಿಂದ ಮೈಮೇಲೆ ಎಳೆದ ಗೆರೆ,burn,Yes,a,2025-02-03 11:19:53
ಬರೆ,ಗಾಯದ ಮೇಲೆ ಬರೆ ಎಳೆದಂತಾದ ವಾರ್ನರ್ ಪರಿಸ್ಥಿತಿ.,ಕಾದ ಕುಳದಿಂದ ಮೈಮೇಲೆ ಎಳೆದ ಗೆರೆ,burn,Yes,a,2025-02-03 11:19:53
ಬರೆ,ಎತ್ತಿಗೆ ಬಂದ ಜ್ವರಕ್ಕೆ ಎಮ್ಮೆಗೆ ಬರೆ ಎಳೆದು ನಗೆ ಪಾಟಲಿಗೆ ಗುರಿ ಆಗಿದೆ.,ಕಾದ ಕುಳದಿಂದ ಮೈಮೇಲೆ ಎಳೆದ ಗೆರೆ,burn,Yes,a,2025-02-03 11:19:53
ಬರೆ,ಎತ್ತಿಗೆ ಜ್ವರ ಬಂದರೆ ಎಮ್ಮೆಗೆ ಬರೆ ಹಾಕಿದಂತೆ~ ಹೋಟೆಲ್ ಮಾಲೀಕರಿಗೆ ತೊಂದರೆಯಾದರೆ ಸರ್ಕಾರವನ್ನು ಕೇಳಿ ಅನುಕೂಲ ಮಾಡಿಸಿಕೊಳ್ಳಲಿ.,ಕಾದ ಕುಳದಿಂದ ಮೈಮೇಲೆ ಎಳೆದ ಗೆರೆ,burn,Yes,a,2025-02-03 11:19:53
ಬರೆ,"ತಮಗೆ ಅನುಕೂಲವಾಗುವಂತೆ ದರಪಟ್ಟಿಯನ್ನು ಬದಲಿಸಿಕೊಂಡಿದ್ದು, ಗ್ರಾಹಕರಿಗೆ ಬರೆ ಹಾಕುತ್ತಿದ್ದಾರೆ ಎಂಬ ದೂರುಗಳು ಕೇಳಿಬಂದಿವೆ.",ಕಾದ ಕುಳದಿಂದ ಮೈಮೇಲೆ ಎಳೆದ ಗೆರೆ,burn,Yes,a,2025-02-03 11:19:53
ಬರೆ,ಆದರೂ ಗುಂಡುಸೂಜಿಯು ಕೈಗೆ ಬರೆ ಎಳೆಯುತ್ತದೆ; ಚರ್ಮ ಸುಡುತ್ತದೆ.,ಕಾದ ಕುಳದಿಂದ ಮೈಮೇಲೆ ಎಳೆದ ಗೆರೆ,burn,Yes,a,2025-02-03 11:19:53
ಬರೆ,ಅಡಿಗೆ ವಿಚಾರವಾಗಿ ಬರೆ ಸೂಪಶಾಸ್ತ್ರವೆಂಬ ಕೃತಿಯಿದೆ.,ರೇಖೆ,line,Yes,a,2025-02-03 14:13:25
ಬರೆ,* ಕಡಿಮೆ ಅಥವಾ ಅರೆ ಬರೆ ನಿದ್ರೆಯಿಂದ ದೇಹದ ತೂಕ ಹೆಚ್ಚಾಗುವ ಸಂಭವ ಇರುತ್ತದೆ.,ರೇಖೆ,line,Yes,a,2025-02-03 14:13:25
ಬರೆ,"ಪಾಕ್ ನಾಗರಿಕರನ್ನು ಉದ್ದೇಶಿಸಿ ಪತ್ರ ಬರೆ ದಿರುವ ಸಿನ್ಹಾ, ಹಿಂದು ಮತ್ತು ಮುಸ್ಲಿಂ ಶಾಂತಿ ಸಾರುವ ಸಂದೇಶ ಚಿತ್ರದಲ್ಲಿದೆ.",ರೇಖೆ,line,Yes,a,2025-02-03 14:13:25
ಬರೆ,ಸಾಮಾನ್ಯ ಬಸ್‍ಗಳಲ್ಲಿ ದರ ಇಳಿಕೆ ಮಾಡಿರೋದಾಗಿ ಹೇಳ್ತಿರೋ ಬಿಎಂಟಿಸಿ ಒಂದು ಕೈಯಲ್ಲಿ ಕೊಟ್ಟು ಮತ್ತೊಂದು ಕೈಯಲ್ಲಿ ಕಂಡು ಕಾಣದ ಹಾಗೆ ದರ ಏರಿಕೆ ಬರೆ ಹಾಕಿದೆ.,ರೇಖೆ,line,Yes,a,2025-02-03 14:13:25
ಬರೆ,ಹೀಗಾಗಿ ವಾಹನ ಖರೀದಿದಾರರಿಗೆ ಮತ್ತೊಮ್ಮೆ ದರ ಏರಿಕೆಯ ಬರೆ ಬೀಳುವ ನಿರೀಕ್ಷೆಯಿದೆ.,ರೇಖೆ,line,Yes,a,2025-02-03 14:13:25
ಬರೆ,ಮದ್ಯದ ಅಂಗಡಿಗಳಿಗೆ ಬರೆ,ರೇಖೆ,line,Yes,a,2025-02-03 14:13:25
ಬರೆ,ಆದಾಯ ವೃದ್ಧಿಗೆ ಶಿಕ್ಷಣ ಸಂಸ್ಥೆಗಳಿಗೆ ಬರೆ,ರೇಖೆ,line,Yes,a,2025-02-03 14:13:25
ಬರೆ,"ಇನ್ನು, ಪ್ಯಾರಿಸ್‌ನಲ್ಲಿ ನಡೆದ ಎಫ್‌ಎಟಿಎಫ್‌ನ ಮಹತ್ವದ ಸರ್ವ ಸದಸ್ಯರ ಸಭೆಯಲ್ಲಿ ಪಾಕ್​ಗೆ ಬರೆ ಎಳೆಯಲಾಗಿದೆ.",ರೇಖೆ,line,Yes,a,2025-02-03 14:13:25
ಬರೆ,ಪೆಟ್ರೋಲ್​​​​-ಡೀಸೆಲ್​​ ಬೆಲೆ ಏರಿಕೆ ಬೆನ್ನಲ್ಲೇ ಸುಂಕದ ಬರೆ ಹಾಕಲು ಮುಂದಾದ ಕೇಂದ್ರ ಸರ್ಕಾರ,ರೇಖೆ,line,Yes,a,2025-02-03 14:13:25
ಬರೆ,ಹೀಗೆ ವರ್ಷದಿಂದ ವರ್ಷ ಉಪನ್ಯಾಸಕರು ಮತ್ತು ಶಿಕ್ಷಕರು ಸರ್ಕಾರವನ್ನು ಬ್ಲಾಕ್‍ಮೇಲ್ ಮಾಡುವ ಹಂತ ತಲುಪಿರುವುದರಿಂದ ರಾಜ್ಯ ಸರ್ಕಾರ ಬಹಿಷ್ಕರಿಸುವವರಿಗೆ ಬರೆ ಎಳೆಯಲು ಮುಂದಾಗಿದೆ.,ರೇಖೆ,line,Yes,a,2025-02-03 14:13:25
ಬರೆ,ಕೇಂದ್ರ ಸಕರ್ಾರದ ಬೆಲೆ ಏರಿಕೆಯಂತಹ ನೀತಿಗಳು ಬರೆ ಎಳೆಯುತ್ತಲೇ ಇವೆ.,ರೇಖೆ,line,Yes,a,2025-02-03 14:13:25
ಬರೆ,ಇನ್ನು ಜಿಎಸ್​ಟಿಯ ಈ ತೆರಿಗೆ ಪದ್ಧತಿಯಿಂದಾಗಿ ಒಂದೊಡೆ ಹೋಟೆಲ್​ಗಳಿಗೆ ನಷ್ಟವಾದರೆ ಮತ್ತೊಂದೆಡೆ ಗ್ರಾಹಕರಿಗೂ ಬರೆ ಬೀಳಲಿದೆ ಎಂದು ಆರೋಪಿಸಿ ಬಂದ್​ಗೆ ಕರೆ ನೀಡಲಾಗಿದೆ.,ರೇಖೆ,line,Yes,a,2025-02-03 14:13:25
ಬರೆ,"ಪೆಟ್ರೋಲ್‌ ಮತ್ತು ಡೀಸೆಲ್‌ ಮೇಲಿನ ಸೆಸ್‌ ಏರಿಕೆ ಮಾಡಲಾಗಿದ್ದು, ಬಂಗಾರದ ಮೇಲಿನ ಆಮದು ಸುಂಕವನ್ನು ಹೆಚ್ಚಿಸುವ ಮೂಲಕ ನಿರ್ಮಲಾ ಸೀತಾರಾಮನ್‌ ಚೊಚ್ಚಲ ಬಜೆಟ್‌ನಲ್ಲಿ ಬರೆ ನೀಡಿದ್ದಾರೆ.",ರೇಖೆ,line,Yes,a,2025-02-03 14:13:25
ಬರೆ,ಜನಸಾಮಾನ್ಯರು ಪಾದಚಾರಿ ಮಾರ್ಗದ ಸಮಸ್ಯೆಯನ್ನು ಎದುರಿಸುತ್ತಿರುವ ಹೊತ್ತಿನಲ್ಲಿಯೇ ಈ ರೀತಿ ಎಲ್ಲೆಂದರಲ್ಲಿ ತ್ಯಾಜ್ಯ ಸುರಿಯುತ್ತಿರುವುದು ಪಾದಚಾರಿಗಳಿಗೆ ಗಾಯದ ಮೇಲೆ ಬರೆ ಎಳೆದಂತಾಗಿದೆ ಎಂದು ಎಂ.,ರೇಖೆ,line,Yes,a,2025-02-03 14:13:26
ಬರೆ,"ಬೆಂಗಳೂರು, ಫೆಬ್ರವರಿ 04: ಈಗಾಗಲೇ ಹಣಕಾಸು ಕೊರತೆಯಿಂದ ಬಳಲುತ್ತಿರುವ ಕರ್ನಾಟಕಕ್ಕೆ ಕೇಂದ್ರ ಬಜೆಟ್ 9000 ಕೋಟಿ ಬರೆ ಎಳೆದಿದೆ.",ರೇಖೆ,line,Yes,a,2025-02-03 14:13:26
ಬರೆ,"ಸಂಪನ್ಮೂಲದ ಕ್ರೋಡೀಕರಣಕ್ಕೆ ಮದ್ಯದ ಮೇಲಿನ ಸುಂಕ ಹೆಚ್ಚಿಸುವ ರೂಢಿಗತ ದಾರಿಯನ್ನು ಬಿಟ್ಟಿರುವ ಕುಮಾರಸ್ವಾಮಿ, ಬಿಯರ್ ಮೇಲೆ ತೆರಿಗೆಯ ಬರೆ ಹಾಕಿದ್ದು, ತಣ್ಣಗೆ ಕುಳಿತು ಕುಡಿಯುವವರಿಗೆ ಮತ್ತೇರದಂತೆ ಮಾಡಿದ್ದಾರೆ.",ರೇಖೆ,line,Yes,a,2025-02-03 14:13:26
ಬರೆ,ಮ್ಯಾಂಚೆಸ್ಟರ್‌ ಖ್ಯಾತಿ ನಗರಕ್ಕೂ ಜಿಎಸ್‌ಟಿ ಬರೆ,ರೇಖೆ,line,Yes,a,2025-02-03 14:13:26
ಬರೆ,ನೋಟು ನಿಷೇಧದ ಹೊಡೆತದ ಮೇಲೆ ಜಿಎಸ್ ಟಿ ಬರೆ,ರೇಖೆ,line,Yes,a,2025-02-03 14:13:26
ಬರೆ,ಅಂಡರ್-19 ವಿಶ್ವಕಪ್ ತಂಡದ ಸ್ಟಾರ್ ಆಟಗಾರನಿಗೆ 1 ವರ್ಷದ ನಿಷೇಧದ ಬರೆ,ರೇಖೆ,line,Yes,a,2025-02-03 14:13:26
ಬರೆ,"ಆದರೆ, ದರ ಏರಿಕೆ ಬರೆ ಮಾತ್ರ ಮಧ್ಯರಾತ್ರಿಯಿಂದಲೇ ಜಾರಿಗೆ ಬರುತ್ತವೆ ಎಂದು ಜನರು ಆಕ್ರೌಶ ವ್ಯಕ್ತಪಡಿಸುತ್ತಾರೆ.",ರೇಖೆ,line,Yes,a,2025-02-03 14:13:26
ಬರೆ,ಖಾದಿಗೂ ಬಂತು GST: ಸ್ವಾತಂತ್ರ್ಯ ನಂತರ ಮೊದಲ ಬಾರಿಗೆ ತೆರಿಗೆ ಬರೆ,ರೇಖೆ,line,Yes,a,2025-02-03 14:13:26
ಬರೆ,"ದಾನಿಗಳಿಂದ ಪಡೆಯಲಾಗಿರುವ ವಸ್ತುಗಳನ್ನು ಪರಿಹಾರದ ಕಿಟ್‍ಗಳಾಗಿ ರೂಪಿಸಲಾಗಿದ್ದು, ಮಹಿಳೆಯರಿಗೆ ಹಾಗೂ ಪುರುಷರಿಗೆ ಪ್ರತ್ಯೇಕವಾಗಿ ಬಟ್ಟೆ ಬರೆ ಕಿಟ್ ಸಿದ್ಧಪಡಿಸಲಾಗಿದೆ.",ರೇಖೆ,line,Yes,a,2025-02-03 14:13:26
ಬರೆ,ಸೋದರದೊಳಾದರವು ಮತ್ತಮ | ನಾದರವು ಬರೆ ಪೂರ್ವಕೃತ ಕ |,ರೇಖೆ,line,Yes,a,2025-02-03 14:13:26
ಬರೆ,ಒತ್ತಿ ಬರೆ ಮಾಗಧ ಸುತನ ಬಲ | ವಿತ್ತರದಿ ನುಗ್ಗಾಗುತಿದ್ದುದ |,ರೇಖೆ,line,Yes,a,2025-02-03 14:13:26
ಬರೆ,ಭರದಿ ಪಾಂಚಾಲಪುರಕೈತಂದು ಕುಂಭಕಾರರ ಗಹಕೆ ಬರೆ ಕಾಣುತ ||,ರೇಖೆ,line,Yes,a,2025-02-03 14:13:26
ಬರೆ,ಯಲಹಂಕ: ವಿದ್ಯುತ್ ಕಡಿತದ ಬರೆ,ರೇಖೆ,line,Yes,a,2025-02-03 14:13:26
ಬರೆ,ಮನೆಬಾಗಿಲಿಗೆ ನಾಕವೊಲಿದು ಬರೆ,ರೇಖೆ,line,Yes,a,2025-02-03 14:13:26
ಬರೆ,"ಬೆಂಗಳೂರು: ಪ್ರವಾಹ ಪರಿಸ್ಥಿತಿಯನ್ನು ನಿರ್ವಹಿಸಲು, ಪರಿಹಾರ ಕಾರ್ಯಗಳಿಗೆ ಹಾಗೂ ನೆರೆ ಸಂತ್ರಸ್ತರಿಗೆ ಬಟ್ಟೆ ಬರೆ ಮತ್ತಿತರ ಸೌಲಭ್ಯ ಒದಗಿಸಲು ರಾಜ್ಯ ಸರ್ಕಾರ ಒಟ್ಟು 195 ಕೋಟಿ ರೂ.",ರೇಖೆ,line,Yes,a,2025-02-03 14:13:26
ಬರೆ,ಸೆಳೆದು ಮುಷ್ಟಿಯ ಕೆನ್ನೆಗಡಿಯಂಬಿನಲಿ ಬರೆ ಕಂಡು,ರೇಖೆ,line,Yes,a,2025-02-03 14:13:26
ಬರೆ,ಕಳುಹಿನಿಖಿಳಾಮರರು ತನ್ನನೆ | ಬಳಸಿ ಬರೆ ಸೌಧರ್ಮಪತಿ ನಿಜ |,ರೇಖೆ,line,Yes,a,2025-02-03 14:13:26
ಬರೆ,ಸುಂದರವಾದ ಸ್ವಚ್ಛಂದ ಪರಿಸರದಲ್ಲಿ ಕುಳಿತು ಪರಿಸರ ಸಂರಕ್ಷಣೆಯ ಕುರಿತು ಚಿತ್ರ ಬರೆ ಯುತ್ತಿರುವುದು ಅವರಲ್ಲಿ ಪರಿಸರ ಬಗ್ಗೆ ಹೆಚ್ಚು ಆಸಕ್ತಿ ಮೂಡಿಸಲಿದೆ.,ರೇಖೆ,line,Yes,a,2025-02-03 14:13:26
ಬರೆ,ಪಡಿಯಱನಿತ್ತಳೇ ನಿನಗೆ ಮತ್ಪ್ರಿಯೆಯಾಂ ಬರೆ ಬಾರಿಸೆಂದು ನೀಂ,ರೇಖೆ,line,Yes,a,2025-02-03 14:13:26
ಬರೆ,ಶೇಕ್ಸ್ ಪಿಯರ್ ಕೊನೆಯದಾಗಿ ಐತಿಹಾಸಿಕ ನಾಟಕಕ್ಕೆ ಮರಳಿ ಹೆನ್ರಿ ಬರೆ ಯುತ್ತಾನೆ.,ರೇಖೆ,line,Yes,a,2025-02-03 14:13:26
ಬರೆ,ಹೆಚ್ಚಿನ ಇಂಗ್ಲಿಷ್ ಪತ್ರಕರ್ತರಂತೆ ಅವರಿಗೂ ಕನ್ನಡ ಓದಲು ಬರೆ ಯಲು ಬರುತ್ತಿದ್ದಿಲ್ಲ.,ರೇಖೆ,line,Yes,a,2025-02-03 14:13:26
ಬೆಳೆ,ಬಳ್ಳಿ ವೇಗವಾಗಿ ಬೆಳೆಯುತ್ತಿರುವ ಮತ್ತು 2-3 ವರ್ಷದ ಬೆಳೆ ನೀಡುತ್ತದೆ ಬುಷ್ ಪ್ರಬಲ ಬೆಳೆಯುತ್ತಿರುವ.,ದೊಡ್ಡದಾಗು,to grow,Yes,qwerty,2025-02-07 06:16:14
ಬೆಳೆ,"ಬಳೆ ಎಂದರೆ ಬೆಳೆ ಎಂದೂ, ಹೌದು ಹೆಣ್ಣೋ ಗಂಡೋ ಹುಟ್ಟಿದ ಮೇಲೆ ಬೆಳೆಯಬೇಕು ತಾನೆ?",ದೊಡ್ಡದಾಗು,to grow,Yes,qwerty,2025-02-07 06:16:14
ಬೆಳೆ,"ಆದರೆ, ಇದು ಒಂದು ಉತ್ತಮ ಬೆಳೆ ಬೆಳೆಯಲು, ಆದರೆ ಚಳಿಗಾಲದಲ್ಲಿ ತಮ್ಮ ಅದನ್ನು ಸಂರಕ್ಷಿಸುವ ಮುಖ್ಯ.",ದೊಡ್ಡದಾಗು,to grow,Yes,qwerty,2025-02-07 06:16:14
ಬೆಳೆ,"ಇಳಿಜಾರಿನಲ್ಲಿ ಬೆಳೆಯುವಿಕೆಯನ್ನು ಕೈಗೊಳ್ಳುವುದರಿಂದ, ರಾಗಿಯ ಸಸಿಗಳು ಹತ್ತಿರವಿರುವ ಕಾರಣ,ಮಣ್ಣಿನ ಸವಕಳಿ ಕಡಿಮೆಯಾಗುತ್ತದೆ.",ದೊಡ್ಡದಾಗು,to grow,Yes,qwerty,2025-02-07 06:16:14
ಬೆಳೆ,"ವಿದ್ಯಾರ್ಥಿಗಳ ಜ್ಞಾನ, ಅರ್ಹತೆ ಬೆಳೆ ಸುವ ಸಲುವಾಗಿ ಈ ಹೆಚ್ಚುವರಿ ಪರೀಕ್ಷೆಗಳನ್ನು ಮಾಡಲಾಗುತ್ತದೆ.",ದೊಡ್ಡದಾಗು,to grow,Yes,qwerty,2025-02-07 06:16:14
ಬೆಳೆ,ಬರ ಪರಿಸ್ಥಿತಿಗೂ ಎದೆಗುಂದದೆ ಬೆಳೆ ಬೆಳೆಯುತ್ತಿದ್ದಾರೆ.,ದೊಡ್ಡದಾಗು,to grow,Yes,qwerty,2025-02-07 06:16:14
ಬೆಳೆ,ರೈತರಿಗೆ ಸಕಾಲದಲ್ಲಿ ಬಿತ್ತನೆ ಬೀಜ ಹಾಗೂ ರಸಗೊಬ್ಬರ ಸೇರಿದಂತೆ ಅಗತ್ಯ ಸೌಲಭ್ಯ ಕಲ್ಪಿಸಿದರೆ ಉತ್ತಮ ಬೆಳೆ ಬೆಳೆಯಲು ಅನುಕೂಲವಾಗಲಿದೆ ಎಂದು ಕೃಷಿ ಇಲಾಖೆ ನಿರ್ದೇಶಕ ಬಿ.,ದೊಡ್ಡದಾಗು,to grow,Yes,qwerty,2025-02-07 06:16:14
ಬೆಳೆ,ನೀರು ಹರಿಸುವ ವೇಳೆಗೆ ಅನುಗುಣವಾಗಿ ಬೆಳೆ ಬೆಳೆಯುವ ಆಲೋಚನೆಯಿದೆ.,ದೊಡ್ಡದಾಗು,to grow,Yes,qwerty,2025-02-07 06:16:14
ಬೆಳೆ,"ಈ ಪರಿಹಾರ ಕ್ಯಾರೆಟ್ ಹೆಚ್ಚು ಸ್ಥಳವನ್ನು ತೆಗೆದುಕೊಳ್ಳುವುದಿಲ್ಲ ಜೊತೆಗೆ, ಸಂಪೂರ್ಣವಾಗಿ ಪೂರಕವಾಗಿದೆ ನೋಟ ಹೂವಿನ ಹಾಸಿಗೆಗಳು ಮತ್ತು ತುಂಬಾ ಸಾಮಾನ್ಯವಾಗಿ ಒಂದು ಘನ ಹಾಸಿಗೆಯ ರೂಪದಲ್ಲಿ ಬಿತ್ತನೆಯ ಮಾಡಿದಾಗ ಸಾಮಾನ್ಯವಾಗಿ ಸಂಭವಿಸುತ್ತದೆ ಎಂದು ಬೆಳೆಯುತ್ತದೆ ಏಕೆಂದರೆ ಅತ್ಯುತ್ತಮ ಬೆಳೆ ಒದಗಿಸುತ್ತದೆ.",ದೊಡ್ಡದಾಗು,to grow,Yes,qwerty,2025-02-07 06:16:14
ಬೆಳೆ,ಇದರಿಂದ ಬೆಳೆ ಬೆಳೆಯುವ ಲೆಕ್ಕಾಚಾರದಲ್ಲಿ ರೈತ ಗೊಂದಲಕ್ಕೀಡಾಗಿದ್ದಾನೆ.,ದೊಡ್ಡದಾಗು,to grow,Yes,qwerty,2025-02-07 06:16:14
ಬೆಳೆ,ಅಲ್ಲದೆಮ ಎಲ್ಲರೂ ಒಂದೇ ರೀತಿಯ ಬೆಳೆ ಬೆಳೆಯುತ್ತಿರುವುದರಿಂದ ಸೂಕ್ತ ಬೆಲೆ ಸಿಗದೆ ನಷ್ಟ ಅನುಭ ವಿಸುತ್ತಿದ್ದಾರೆ ಎಂದರು.,ದೊಡ್ಡದಾಗು,to grow,Yes,qwerty,2025-02-07 06:16:14
ಬೆಳೆ,"ರೈತರ ಹೆಸರಿನಲ್ಲಿ ರಾಜಕಾರನ ಮಾಡುವ ಮಂಡ್ಯದ ಪುಟ್ಟಣ್ಣಯ್ಯ, ಮೈಸುರಿನ ಕುರುಬರ ಶಾಂತಕುಮಾರ ಹಾಗೂ ಹಾಸನದ ಕೋಡಿಹಳ್ಳಿ ಚಂದ್ರಶೇಖರ ಇವರುಗಳು ಉತ್ತರ ಕರ್ನಾಟಕದ ರೈತರ ಸಮಸ್ಯೆ ಅರಿತೆ ಇಲ್ಲ ಅಧಿವೇಶನದಲ್ಲಿ ತಮ್ಮ ಸ್ವಾರ್ಥ ರಾಜಕಾರಣವನ್ನು ಮಾಡಿಕೊಂಡು ಬೆಳೆ ಬೆಳಿಸಿಕೊಳ್ಳುತ್ತಿದ್ದಾರೆ.",ದೊಡ್ಡದಾಗು,to grow,Yes,qwerty,2025-02-07 06:16:14
ಬೆಳೆ,ತೊಟ್ಟಿಗಳನ್ನು ನಿಯಮಿತವಾಗಿ ಸ್ವಚ್ಛ ಗೊಳಿಸದೆ ಇರುವುದರಿಂದ ಅದರಲ್ಲಿ ಹುಲ್ಲು ಹಾಗೂ ಗಿಡಗಂಟೆಗಳು ಬೆಳೆ ದಿವೆ.,ದೊಡ್ಡದಾಗು,to grow,Yes,qwerty,2025-02-07 06:16:14
ಬೆಳೆ,"ಆದರೆ, ವ್ಯಕ್ತಿ ಬೆಳೆ ದಂತೆಲ್ಲಾ ಆತನ ನಿರೀಕ್ಷೆಗಳು ದೊಡ್ಡದಾಗಿ ಬೆಳೆಯುತ್ತವೆ.",ದೊಡ್ಡದಾಗು,to grow,Yes,qwerty,2025-02-07 06:16:14
ಬೆಳೆ,"ಶಾಂತಿ ಎಂಬ ಬೆಳೆ ಬೆಳೆಯೋಣ, ಮನಸು ಹೇಳುತ್ತದೆ ನನ್ನನ್ನು ಚನ್ನಾಗಿ ಬಳಸು ನಿನ್ನನ್ನು ದೇವರನ್ನಾಗಿಸುತ್ತೇನೆ.",ದೊಡ್ಡದಾಗು,to grow,Yes,qwerty,2025-02-07 06:16:14
ಬೆಳೆ,ಹಾರಂಗಿ ನದಿ ನೀರನ್ನು ಆಶ್ರಯಿಸಿ ಬೆಳೆ ಬೆಳೆಯುವ ಜಿಲ್ಲೆಯ ಮತ್ತು ಗಡಿಭಾಗದ ರೈತರು ಜಲಾಶಯ ಭರ್ತಿಯಾಗಿದ್ದರಿಂದ ನೀರು ಹರಿಸಬಹುದೆಂದು ಖುಷಿಯಾಗಿದ್ದರು.,ದೊಡ್ಡದಾಗು,to grow,Yes,qwerty,2025-02-07 06:16:14
ಬೆಳೆ,"ಪ್ರತಿ ಋತುವಿನಲ್ಲಿ, ನೀವು ಬೆಳೆ ಬೆಳೆಯಲು, ಆಹಾರ ಕೊಯ್ಲು, ಬೀಜಗಳು ಉಳಿಸಲು, ಮತ್ತು ಮುಂದಿನ ವರ್ಷದ ಉದ್ಯಾನ ಬೆಳೆಯಲು ಅವುಗಳನ್ನು ಸಂಗ್ರಹಿಸಲು ಮಾಡಬಹುದು.",ದೊಡ್ಡದಾಗು,to grow,Yes,qwerty,2025-02-07 06:16:14
ಬೆಳೆ,ಜತೆಗೆ ಇಲ್ಲಿನ ಕೃಷಿಕರು ಬರದಿಂದಾಗಿ ಬೆಳೆ ಬೆಳೆಯಲಾಗದೆ ಕೆಲಸ ಹುಡುಕಿಕೊಂಡು ಕೇರಳಕ್ಕೆ ಹೋಗುವ ಪರಿಸ್ಥಿತಿ ನಿರ್ಮಾಣವಾಗಿತ್ತು.,ದೊಡ್ಡದಾಗು,to grow,Yes,qwerty,2025-02-07 06:16:14
ಬೆಳೆ,ಜೂನ್‌ ಕೊನೆ ವಾರ ಮತ್ತು ಜುಲೈ ಮೊದಲ ವಾರದಲ್ಲಿ ಅಲ್ಲಲ್ಲಿ ಸುರಿದ ಮಳೆಯಿಂದಾಗಿ ಬಿತ್ತನೆ ಮಾಡಿದ ಭೂಮಿಯಲ್ಲಿ ಬೆಳೆ ಬೆಳೆದಿವೆ.,ದೊಡ್ಡದಾಗು,to grow,Yes,qwerty,2025-02-07 06:16:14
ಬೆಳೆ,"ನಿವೃತ್ತ ಪ್ರಾಧ್ಯಾಪಕಿ ಸುಧಾ ಪ್ರಕಾಶ್ ಮಾತನಾಡಿ, ಬರೀ ಅಂಕಗಳಿಂದ ಬೆಳೆ ಯಲು ಸಾಧ್ಯವಿಲ್ಲ ಎಂಬುದನ್ನು ಶಿಕ್ಷಕರು ವಿದ್ಯಾರ್ಥಿಗಳಿಗೆ ಮನದಟ್ಟು ಮಾಡಬೇಕು.",ದೊಡ್ಡದಾಗು,to grow,Yes,qwerty,2025-02-07 06:16:14
ಬೆಳೆ,"ನಾನು ಪ್ರಾರ್ಥಿಸುವುದಿಷ್ಟೇ, ದೇವರೇ ಬೇವು ಸ್ವಲ್ಪವೇ ಕೊಡು,ಆ ನಿನ್ನ ಮಡಿಲಲ್ಲಿ ಬೆಳೆ ಬೆಳೆದು ಸಾವಿರಾರು ಜನಗಳಿಗೆ ಅನ್ನ ನೀಡುವ, ನಿನ್ನನ್ನೇ ನಂಬಿದ ಜನರ ಕೈಬಿಡದಿರು.",ದೊಡ್ಡದಾಗು,to grow,Yes,qwerty,2025-02-07 06:16:14
ಬೆಳೆ,ಐದು ವರ್ಷದ ಹಿಂದೆ ಚಿನ್ನದ ಧಾರಣೆ ಕಂಡು ಎಲ್ಲರಲ್ಲೂ ಸಂಚಲನ ಮೂಡಿಸಿದ್ದ ವೆನಿಲ್ಲಾ ಬೆಳೆ ಬೆಲೆ ಸ್ವಲ್ಪ ಚೇತರಿಕೆ ಕಂಡಿದೆ.,"ಬೆಳೆದುದು; ಮರ, ಗಿಡ, ಪೈರು",Agriclute Crop Yield,Yes,qwerty,2025-02-07 06:11:01
ಬೆಳೆ,ಮಕ್ಕಳ ಎಡವಟ್ಟಿಗೆ ಲಕ್ಷಾಂತರ ರೂಪಾಯಿಯ ತಂಬಾಕು ಬೆಳೆ ನಾಶ,"ಬೆಳೆದುದು; ಮರ, ಗಿಡ, ಪೈರು",Agriclute Crop Yield,Yes,qwerty,2025-02-07 06:11:01
ಬೆಳೆ,"ಮಾರುತಿ ಮಾಹಿತಿ ನೀಡಿ, ಪ್ರಸ್ತುತ ಮುಂಗಾರು ಹಂಗಾಮಿನಲ್ಲಿ 45 ಸಾವಿರ ರೈತರು ಬೆಳೆ ವಿಮೆ ಮಾಡಿಸಿದ್ದು, 56.","ಬೆಳೆದುದು; ಮರ, ಗಿಡ, ಪೈರು",Agriclute Crop Yield,Yes,qwerty,2025-02-07 06:11:01
ಬೆಳೆ,"ಹಳೇಬೀಡು ಭಾಗದಲ್ಲಿ ಸೂರ್ಯ ಕಾಂತಿ, ಹತ್ತಿ ಪ್ರಮುಖ ವಾಣಿಜ್ಯ ಬೆಳೆ ಗಳಾದರೂ ಈ ವರ್ಷ ಬಿತ್ತನೆ ಪ್ರಮಾಣ ಕಡಿಮೆಯಾಗಿದೆ.","ಬೆಳೆದುದು; ಮರ, ಗಿಡ, ಪೈರು",Agriclute Crop Yield,Yes,qwerty,2025-02-07 06:11:01
ಬೆಳೆ,ಜಮೀನುಗಳಿಗೆ ನುಗ್ಗುತ್ತಿರುವ ಭೀಮಾನದಿ ಪ್ರವಾಹದ ನೀರು ಅಪಾರ ಪ್ರಮಾಣದ ಬೆಳೆ ನಾಶವಾಗಿದೆ.,"ಬೆಳೆದುದು; ಮರ, ಗಿಡ, ಪೈರು",Agriclute Crop Yield,Yes,qwerty,2025-02-07 06:11:01
ಬೆಳೆ,ಒಂದಿಷ್ಟು ಬಡತವನ್ನು ಮೆಟ್ಟಿನಿಲ್ಲಿಸುವಂತಹ ಬೆಳೆ ಹತ್ತಿ­.,"ಬೆಳೆದುದು; ಮರ, ಗಿಡ, ಪೈರು",Agriclute Crop Yield,Yes,qwerty,2025-02-07 06:11:01
ಬೆಳೆ,ಆಲಮೇಲ: ಎಲ್ಲರೂ ಬೆನ್ನತ್ತುವ ಬೆಳೆಗೆ ಜೋತು ಬೀಳದೆ ಹೊಸ ಬೆಳೆ ಬೆಳೆಯಬೇಕು ಎಂಬ ಆಲೋಚನೆ ಮೂಡಿತು.,"ಬೆಳೆದುದು; ಮರ, ಗಿಡ, ಪೈರು",Agriclute Crop Yield,Yes,qwerty,2025-02-07 06:11:01
ಬೆಳೆ,ಬೆಳೆ ನಷ್ಟದ ಕುರಿತು ಸಮೀಕ್ಷೆಯಲ್ಲಷ್ಟೇ ನಿಖರವಾದ ಅಂಕಿ ಅಂಶಗಳು ಸಿಗಲಿದೆ ಎಂದರು.,"ಬೆಳೆದುದು; ಮರ, ಗಿಡ, ಪೈರು",Agriclute Crop Yield,Yes,qwerty,2025-02-07 06:11:01
ಬೆಳೆ,"ಕೃಷಿ ಇಲಾಖೆ ಜಂಟಿ ನಿರ್ದೆÃಶಕರು ೨೦೧೫-೧೬ನೇ ಸಾಲಿನ ಬೆಳೆ ವಿಮೆ ಕುರಿತಂತೆ ಮಾಹಿತಿ ನೀಡಿ, ೮೩೭೬೬ ಫಲಾನುಭವಿಗಳಿಗೆ ೧೨೩ ಕೋಟಿ ರೂ.","ಬೆಳೆದುದು; ಮರ, ಗಿಡ, ಪೈರು",Agriclute Crop Yield,Yes,qwerty,2025-02-07 06:11:01
ಬೆಳೆ,ಬೆಳೆ ಉತ್ತಮವಾಗಿ ಬೆಳೆಯಲು ಕನಿಷ್ಠ ಆರು ತಾಸುಗಳವರೆಗೆ ಭೂಮಿಯು ಮರದ ನೆರಳಿನಲ್ಲಿರಬೇಕು.,"ಬೆಳೆದುದು; ಮರ, ಗಿಡ, ಪೈರು",Agriclute Crop Yield,Yes,qwerty,2025-02-07 06:11:01
ಬೆಳೆ,"ಓದಿದ್ದು ಸೈಕಾಲಜಿ, ಕಂಪ್ಯೂಟರ್ ಸೈನ್ಸ್- ಆದ್ರೂ, ಬರಡು ಭೂಮಿಯಲ್ಲಿ ಬೆಳೆದ್ರು ಬಂಗಾರದ ಬೆಳೆ","ಬೆಳೆದುದು; ಮರ, ಗಿಡ, ಪೈರು",Agriclute Crop Yield,Yes,qwerty,2025-02-07 06:11:01
ಬೆಳೆ,ಭತ್ತದ ಇಳುವರಿ ಕಡಿಮೆಯಾಗಿ ದ್ದರಿಂದ ಗದ್ದೆಗಳನ್ನು ಶುಂಠಿ ಬೆಳೆ ಆವರಿಸಿದೆ.,"ಬೆಳೆದುದು; ಮರ, ಗಿಡ, ಪೈರು",Agriclute Crop Yield,Yes,qwerty,2025-02-07 06:11:01
ಬೆಳೆ,"ತುಮಕೂರು ಜಿಲ್ಲೆಯಲ್ಲಿ ನೀರಿನ ಅಭಾವವಿದೆ, ರೈತರು ಬೆಳೆ ಇಲ್ಲದೆ ಸಂಕಷ್ಟದಲ್ಲಿದ್ದಾರೆ, ಎಲ್ಲಾ ಸಮಸ್ಯೆಗಳು ನನ್ನ ಅರಿವಿಗೆ ಬಂದಿವೆ.","ಬೆಳೆದುದು; ಮರ, ಗಿಡ, ಪೈರು",Agriclute Crop Yield,Yes,qwerty,2025-02-07 06:11:01
ಬೆಳೆ,ಪ್ರತಿ ಬೆಳೆ ಮುಗಿದಾಗ ಸಾಕಾಣಿಕಾ ಮನೆಯನ್ನು ಬ್ಲೀಚಿಂಗ್ ಮತ್ತು ಡೆಟಾಲ್‌ ಹಾಕಿ ನಾಲ್ಕು ಸಲ ತೊಳೆಯುತ್ತಾರೆ.,"ಬೆಳೆದುದು; ಮರ, ಗಿಡ, ಪೈರು",Agriclute Crop Yield,Yes,qwerty,2025-02-07 06:11:01
ಬೆಳೆ,ಬೆಳೆ ಹಾನಿ ಸಮೀಕ್ಷೆಗೆ ಬಂತು ಡ್ರೋನ್ ಸರ್ವೆ.,"ಬೆಳೆದುದು; ಮರ, ಗಿಡ, ಪೈರು",Agriclute Crop Yield,Yes,qwerty,2025-02-07 06:11:01
ಬೆಳೆ,"ಇದನ್ನು ಗಮನಿಸಿದರೆ ಅವರು ಈ ಬಿಳಿ ಜೋಳ, ಗೋದಿ ಇತ್ಯಾದಿ ಹಿಂಗಾರಿ ಬೆಳೆ ಬೆಳೆಯುವ ನೆಲದಲ್ಲಿ ಇದ್ದರು.","ಬೆಳೆದುದು; ಮರ, ಗಿಡ, ಪೈರು",Agriclute Crop Yield,Yes,qwerty,2025-02-07 06:11:01
ಬೆಳೆ,ಬೆಳೆ ಸಹಿತ ಮಣ್ಣನ್ನೂ ಕಿತ್ತುಕೊಂಡು ಹೋಗಿರುವ ಈ ಹಳ್ಳದ ನೀರು ಸದ್ಯ ಸಂಪೂರ್ಣ ಇಳಿಮುಖವಾಗಿದೆ.,"ಬೆಳೆದುದು; ಮರ, ಗಿಡ, ಪೈರು",Agriclute Crop Yield,Yes,qwerty,2025-02-07 06:11:01
ಬೆಳೆ,ಬಿತ್ತನೆ ಮಾಡಿದ ಬೆಳೆ ಹೊಲದಲ್ಲೇ ಕಮರಿ ಹೋಗುತ್ತಿದೆ.,"ಬೆಳೆದುದು; ಮರ, ಗಿಡ, ಪೈರು",Agriclute Crop Yield,Yes,qwerty,2025-02-07 06:11:01
ಬೆಳೆ,ರಾಗಿ ಬೆಳೆ ನಷ್ಟದ ಸರ್ವೆಗೆ ಸೂಚನೆ,"ಬೆಳೆದುದು; ಮರ, ಗಿಡ, ಪೈರು",Agriclute Crop Yield,Yes,qwerty,2025-02-07 06:11:01
ಬೆಳೆ,ತಮಿಳುನಾಡಿನಲ್ಲಿ ವರ್ಷಕ್ಕೆ ಮೂರು ಬೆಳೆ ಬೆಳೆಯಲಾಗುತ್ತಿದೆ.,"ಬೆಳೆದುದು; ಮರ, ಗಿಡ, ಪೈರು",Agriclute Crop Yield,Yes,qwerty,2025-02-07 06:11:01
ಬೆಳೆ,"ಆದರೆ ರಕ್ತ, ಬೆವರು ಸುರಿಸಿ, ಗಿಡ ಗೆಂಟೆ ಕಡಿದು, ಕಲ್ಲುಮಣ್ಣು ಸುರಿದು ಭೂಮಿಯನ್ನು ಹಸನುಗೊಳಿಸಿ, ಬೀಜ ಬಿತ್ತಿ, ಬೆಳೆ ಬೆಳೆದು ಅನ್ನ ನೀಡುವ ರೈತನಿಗೆ .","ಬೆಳೆದುದು; ಮರ, ಗಿಡ, ಪೈರು",Agriclute Crop Yield,Yes,qwerty,2025-02-07 06:11:01
ಬೆಳೆ,ತೊಗರಿ ಬೆಳೆ ಖರೀದಿ ಕೇಂದ್ರ ಆರಂಭ ಮಾಡುವಂತೆ ಒತ್ತಾಯಿಸಿ ರೈತ ಪರ ಸಂಘಟನೆಗಳಿಗೆ ಇಂದು ಬೀದರ್ ಬಂದ್ ಗೆ ಕರೆನೀಡಿವೆ.,"ಬೆಳೆದುದು; ಮರ, ಗಿಡ, ಪೈರು",Agriclute Crop Yield,Yes,qwerty,2025-02-07 06:11:01
ಬೆಳೆ,ಬೆಳೆ ವೈಫಲ್ಯ ಮತ್ತು ಸಾಲದ ಬಾಧೆಯಿಂದ ಆತ್ಮಹತ್ಯೆ ಮಾಡಿಕೊಂಡಿದ್ದ ರೈತ ಶೇಕ್ ಫರೀದ್ ಮನೆಯಲ್ಲಿ ಇಂದಿಗೂ ನಿರವಮೌನ ಆವರಿಸಿದೆ.,"ಬೆಳೆದುದು; ಮರ, ಗಿಡ, ಪೈರು",Agriclute Crop Yield,Yes,qwerty,2025-02-07 06:11:01
ಬೆಳೆ,ಅನ್ನದಾತರಿಗೆ ಪುಡಿಗಾಸು ಪರಿಹಾರ- ನದಿಯಲ್ಲಿ ನೀರಿಲ್ಲದಿದ್ರೂ ಸಮೃದ್ಧ ಬೆಳೆ ಎಂದು ಸರ್ಕಾರಕ್ಕೆ ವರದಿ,"ಬೆಳೆದುದು; ಮರ, ಗಿಡ, ಪೈರು",Agriclute Crop Yield,Yes,qwerty,2025-02-07 06:11:01
ಬೆಳೆ,"ಅಷ್ಟೇ ಅಲ್ಲದೆ, ಮಣ್ಣಿನ ತೇವಾಂಶ ಗಣನೀಯ ಇಳಿದಿರುವುದರಿಂದ ಕೀಟ ಮತ್ತು ರೋಗಗಳ ಗಂಭೀರ ದಾಳಿಗೆ ತೆಂಗು ಬೆಳೆ ಒಳಗಾಗಿದೆ.","ಬೆಳೆದುದು; ಮರ, ಗಿಡ, ಪೈರು",Agriclute Crop Yield,Yes,qwerty,2025-02-07 06:11:01
ಬೆಳೆ,"ಸಾಧ್ಯವಾದರೆ, ಕಾಟೇಜ್ ಅಥವಾ ತೋಟದ ಕಥಾವಸ್ತುವಿನ ಒಟ್ಟಿಗೆ ಬೆಳೆ ಸಂಗ್ರಹಿಸಲು.","ಬೆಳೆದುದು; ಮರ, ಗಿಡ, ಪೈರು",Agriclute Crop Yield,Yes,qwerty,2025-02-07 06:11:01
ಬೆಳೆ,ನಾಲ್ಕು ದಿನಗಳಿಂದ ಹೊಲಮನಿ ಕೆಲಸ ಬಿಟ್ಟು ಬೆಳೆ ವಿಮೆ ತುಂಬಲು ಬುತ್ತಿ ಸಮೇತ ಬಂದಿದ್ದೇನೆ.,"ಬೆಳೆದುದು; ಮರ, ಗಿಡ, ಪೈರು",Agriclute Crop Yield,Yes,qwerty,2025-02-07 06:11:01
ಬೆಳೆ,ಬೆಳೆ ನಷ್ಟ ತುಂಬಿಕೊಡಲು,"ಬೆಳೆದುದು; ಮರ, ಗಿಡ, ಪೈರು",Agriclute Crop Yield,Yes,qwerty,2025-02-07 06:11:02
ಬೆಳೆ,ಹೀಗಾಗಿ ಆಹಾರ ಧಾನ್ಯ ಮತ್ತು ವಾಣಿಜ್ಯ ಬೆಳೆ ಎರಡರಲ್ಲೂ ಬಿತ್ತನೆಗೆ ಹಿನ್ನಡೆಯಾಗಿದೆ.,"ಬೆಳೆದುದು; ಮರ, ಗಿಡ, ಪೈರು",Agriclute Crop Yield,Yes,qwerty,2025-02-07 06:11:02
ಬೆಳೆ,ಆನೆ ದಾಳಿ: ರಾಗಿ ಬೆಳೆ ನಾಶ,"ಬೆಳೆದುದು; ಮರ, ಗಿಡ, ಪೈರು",Agriclute Crop Yield,Yes,qwerty,2025-02-07 06:11:02
ಬೆಳೆ,ಒಟ್ನಲ್ಲಿ ಪ್ರವಾಹದಿಂದ ನೊಂದು ಬೆಂದ ಹೋಗಿದ್ದ ರೈತರಿಗೆ ಹಿಂಗಾರು ಬೆಳೆ ಕೈಹಿಡಿದಿದೆ.,"ಬೆಳೆದುದು; ಮರ, ಗಿಡ, ಪೈರು",Agriclute Crop Yield,Yes,qwerty,2025-02-07 06:11:02
ಬೆಳೆ,ಮೆಣಸಿನಕಾಯಿ ಬೆಳೆ ದರ ನೆಲಕ್ಕಚ್ಚಿದೆ.,"ಬೆಳೆದುದು; ಮರ, ಗಿಡ, ಪೈರು",Agriclute Crop Yield,Yes,qwerty,2025-02-07 06:11:02
ಬೆಳೆ,ಕಳೆದ ವರ್ಷದ ಅತಿವೃಷ್ಟಿಯಿಂದ ಬಹುತೇಕ ರೈತರು ಬೆಳೆ ಕಳೆದುಕೊಂಡಿದ್ದರು.,"ಬೆಳೆದುದು; ಮರ, ಗಿಡ, ಪೈರು",Agriclute Crop Yield,Yes,qwerty,2025-02-07 06:11:02
ಬೆಳೆ,ವಿಶೇಷ ಪ್ಯಾಕೇಜ್: ಅತಿವೃಷ್ಟಿಯಿಂದ ರಾಜ್ಯದಲ್ಲಿ ಬೆಳೆ ನಷ್ಟವಾಗಿದೆ.,"ಬೆಳೆದುದು; ಮರ, ಗಿಡ, ಪೈರು",Agriclute Crop Yield,Yes,qwerty,2025-02-07 06:11:02
ಬೆಳೆ,ರಾಜ್ಯದಲ್ಲಿ ಕುಡಿಯಲು ನೀರಿಲ್ಲದ ಸಂಕಷ್ಟದ ಸ್ಥಿತಿಯಲ್ಲಿ ಬೆಳೆ ಬೆಳೆಯಲು ನೀರು ಹರಿಸಲು ಹೇಗೆ ಸಾಧ್ಯ?,"ಬೆಳೆದುದು; ಮರ, ಗಿಡ, ಪೈರು",Agriclute Crop Yield,Yes,qwerty,2025-02-07 06:11:02
ಬೆಳೆ,ಆದರೆ ಬೆಳೆ ಇಲ್ಲದೆ ಮನನೊಂದು ಈಕೆ ನೇಣು ಬಿಗಿದುಕೊಂಡು ಆತ್ಮಹತ್ಯೆಗೆ ಶರಣಾಗಿದ್ದಾರೆ.,"ಬೆಳೆದುದು; ಮರ, ಗಿಡ, ಪೈರು",Agriclute Crop Yield,Yes,qwerty,2025-02-07 06:11:02
ಬೆಳೆ,ಅಲ್ಲದೆ ಕೃಷಿ ಇಲಾಖೆಯ ಅಧಿಕಾರಿಗಳು ಬೆಳೆ ಹಾನಿ ಪ್ರಮಾಣವನ್ನು ಲೆಕ್ಕ ಹಾಕುತ್ತಿದ್ದಾರೆ.,"ಬೆಳೆದುದು; ಮರ, ಗಿಡ, ಪೈರು",Agriclute Crop Yield,Yes,qwerty,2025-02-07 06:11:04
ಬೆಳೆ,"ಬೆಣ್ಣೆಹಳ್ಳ, ತುಪ್ಪರಿಹಳ್ಳ, ಯರೇಹಳ್ಳದ ಪ್ರವಾಹದಿಂದಾಗಿ ಹುಬ್ಬಳ್ಳಿ, ನವಲಗುಂದ, ಕುಂದಗೋಳ ಮೊದಲಾದ ಕಡೆ ಸಾವಿರಾರು ಕೃಷಿ ಭೂಮಿಗೆ ನೀರು ನುಗ್ಗಿ ಬೆಳೆ ನಾಶವಾಗಿದೆ.","ಬೆಳೆದುದು; ಮರ, ಗಿಡ, ಪೈರು",Agriclute Crop Yield,Yes,qwerty,2025-02-07 06:11:04
ಬೆಳೆ,ಮಾರುಕಟ್ಟೆಯಲ್ಲಿ ಉತ್ತಮ ಬೆಲೆ ಸಿಗದೇ ರೈತರು ಪರ್ಯಾಯ ಬೆಳೆ ಕಡೆಗೆ ಮುಖ ಮಾಡಿದ್ದಾರೆ.,"ಬೆಳೆದುದು; ಮರ, ಗಿಡ, ಪೈರು",Agriclute Crop Yield,Yes,qwerty,2025-02-07 06:11:04
ಬೆಳೆ,"39,368 ಹೆಕ್ಟೇರ್ ಪ್ರದೇಶದಲ್ಲಿ ತೋಟಗಾರಿಕಾ ಬೆಳೆ","ಬೆಳೆದುದು; ಮರ, ಗಿಡ, ಪೈರು",Agriclute Crop Yield,Yes,qwerty,2025-02-07 06:11:04
ಭಾವ,"ಭಾಗವತರು: ಕೇಳಿದರೇನಯ್ಯ ಭಾಗವತರೇ ಈ ಪ್ರಕಾರವಾಗಿ ನೀಲಧ್ವಜ ಭೂಪಾಲನು ಅಗ್ನಿದೇವನ ವಚನದಂತೆ ದೇವಪುರ ನಿವಾಸ ಶ್ರೀ ಲಕ್ಷ್ಮೀಕಾಂತನ ಭಾವ ಮೈದುನನಾದ ಅರ್ಜುನನಿಗೆ ಯಾಗದ ಕುದುರೆಯನ್ನು ಒಪ್ಪಿಸಿ ತನ್ನಯ ಗಜರಥ, ಅಶ್ವ ಪದಾತಿಗಳನ್ನೂ, ಅಮಲಮಣಿ ವಿವಿಧ ದುಕೂಲಂಗಳು, ಅನೇಕ ಗೋವುಗಳು, ಮಹಿಷಿಗಳು, ಉತ್ತಮ ಸ್ತ್ರೀಯರು, ಗುಡ ತೈಲ ಧಾನ್ಯಗಳನ್ನೂ ಅಷ್ಟೇಕೆ ಭಂಡಾರದರ್ಥವೆಲ್ಲವನ್ನೂ, ಫಲುಗುಣನ ಪದತಲಕ್ಕೆ ಅರ್ಪಿಸಿ ಶರಣಾಗತನಾಗಲು, ಪಾರ್ಥನು ನೀಲಧ್ವಜನನ್ನು ಪ್ರೀತಿಯಿಂದ ಮನ್ನಿಸಿ ಪರಮ ಸಂತೋಷದಿಂದ ಆತನೊಡಗೂಡಿ ಯಾಗದ ಕುದುರೆಯು ಮುಂದೆ ಹೊರಡಲು, ಈ ಧರಣಿಯೊಳು ಅತಿರಮ್ಯವಾಗಿರುವ ಹಿರಿಯ ಬಳ್ಳಾಪುರದ ಶ್ರೀ ಸೋಮೇಶ್ವರನ ಆಶೀರ್ವಾದವಂ ಶಿರಗಳಲ್ಲಿ ತಳೆದು ಯಾಗದ ಕುದುರೆಯ ಬೆಂಗಾವಲಿಗಾಗಿ ಮುಂದಕ್ಕೆ ಹೊರಟರೆಂಬುದಾಗಿ ಜನಮೇಜಯನರಾಯನಿಗೆ ಜೈಮಿನೀ ಋಷಿಗಳು ಪೇಳಿದರಯ್ಯ ಭಾಗವತರೇ॥",ಅಕ್ಕನ ಗಂಡ,Sister's Husband,Yes,Darshan R K,2025-02-03 11:16:42
ಭಾವ,"ಉಳಿದಂತೆ ಆ ಮನೆಯಲ್ಲಿ ಅವರ ಅಕ್ಕ, ಭಾವ ಮತ್ತು ಅವರ ಮಕ್ಕಳು ವಾಸವಾಗಿದ್ದರು.",ಅಕ್ಕನ ಗಂಡ,Sister's Husband,Yes,Darshan R K,2025-02-03 11:16:42
ಭಾವ,ಭಾವ ಪಕ್ಕದ ಮನೆಗೆ ಫೋನಾಯಿಸಿ ಸುದ್ದಿ ತಿಳಿಸಿದರು; ಖ್ವಾಜಾ ಹೋಗಿಬಿಟ್ಟ!,ಅಕ್ಕನ ಗಂಡ,Sister's Husband,Yes,Darshan R K,2025-02-03 11:16:42
ಭಾವ,ಭಾವ ವೀಸಾ ತೆಗೆಸಿಕೊಟ್ಟ ಬಳಿಕ ಬಾಳು ಅರಸಿ ಅಜ್ಮಾನ್ಗೆ ಬಂದಿದ್ದರು.,ಅಕ್ಕನ ಗಂಡ,Sister's Husband,Yes,Darshan R K,2025-02-03 11:16:42
ಭಾವ,(ಪ್ರತಿ ಭಾನುವಾರ ನಮ್ಮ ತಂದೆ ಊರಿಗೆ ಹೋಗುತ್ತಾರೆ ಹಾಗಾಗಿ ಭಾನುವಾರ ಅಮ್ಮನನ್ನು ಒಪ್ಪಿಸಿದರೆ ಹೋಗಬಹುದೆಂದುಕೊಂಡೆವು)ಭಾನುವಾರ ಅಕ್ಕ ಭಾವ ಇಬ್ಬರು ಬಂದರು.,ಅಕ್ಕನ ಗಂಡ,Sister's Husband,Yes,Darshan R K,2025-02-03 11:16:42
ಭಾವ,"ಹಾಗೆ ನನ್ನ ಜೀವನದಲ್ಲೂ ಒಂದು ಘಟನೆ ನಡೆದಿತ್ತು, ನಾನು ನನ್ನ ಭಾವ ಇಬ್ಬರು, ನಮ್ಮ ತಿರುಪತಿ ತಿಮ್ಮಪ್ಪನ ದರ್ಶನಕ್ಕೆ ಹೋಗಿದ್ವಿ.",ಅಕ್ಕನ ಗಂಡ,Sister's Husband,Yes,Darshan R K,2025-02-03 11:16:42
ಭಾವ,"ಗುರುವಾರ ಸಂಜೆ ಸುಲ್ತಾನ್‌ನ ತಂದೆ, ಭಾವ ಹಾಗೂ ಇತರ ಮೂವರು ಸ್ನೇಹಿತರು ಸಂಬಂಧ ಬೆಳೆಸಲು ಸೈಯದ್ ಪಾಷ ಅವರ ಮನೆಗೆ ಹೋಗಿದ್ದರು.",ಅಕ್ಕನ ಗಂಡ,Sister's Husband,Yes,Darshan R K,2025-02-03 11:16:42
ಭಾವ,ನನಗೆ ಭಾವ ಒಬ್ಬರಿದ್ದಾರೆ (ಪರಿಚಯ),ಅಕ್ಕನ ಗಂಡ,Sister's Husband,Yes,Darshan R K,2025-02-03 11:16:42
ಭಾವ,"ಭಾವ ರಾತ್ರಿ ಬಸ್ಸಿನಲ್ಲಿ ಬೆಂಗಳೂರಿನಿಂದ ಬಂದರೆ, ನಮ್ಮ ನಾಯಿಗೆ ಹೆದರಿ ಶಿವಮೊಗ್ಗಾವರೆಗೂ ಹೋಗಿ, ಬೆಳಗಾಗಿ, ನಾವು ನಾಯಿಯನ್ನು ಕಟ್ಟಿಹಾಕಿದ ಮೇಲೆ ಭದ್ರಾವತಿಗೆ ಬರುತ್ತಿದ್ದರು.",ಅಕ್ಕನ ಗಂಡ,Sister's Husband,Yes,Darshan R K,2025-02-03 11:16:42
ಭಾವ,ನಿಮ್ಮ ತಂಗಿಯ ಒಪ್ಪಿಗೆ ಇಲ್ಲದೇ ಹಾಗೂ ಪತ್ನಿ ಜೀವಂತ ಇರೋವಾಗ ನಿಮ್ಮ ಭಾವ ಮತ್ತೊಂದು ಮದುವೆಯಾಗಿರುವುದು ಸರಿಯಲ್ಲ.,ಅಕ್ಕನ ಗಂಡ,Sister's Husband,Yes,Darshan R K,2025-02-03 11:16:42
ಭಾವ,"ಇತ್ತೀಚೆಗೆ ಭರತ್‌ನ ಸ್ನೇಹ ತೊರೆದ ಶರವಣ, ತನ್ನ ಭಾವ ವೇಲು ಗ್ಯಾಂಗನ್ನೇ ಸೇರಿಕೊಂಡಿದ್ದ.",ಅಕ್ಕನ ಗಂಡ,Sister's Husband,Yes,Darshan R K,2025-02-03 11:16:42
ಭಾವ,ಇದರಿಂದ ಕೆರಳಿದ ಶ್ಯಾಮಸುಂದರ್ ತನ್ನ ಭಾವ ಮೈದುನನ ಮೂಲಕ ಯಶಸ್ವಿನಿಗೆ ಪ್ರಾಣ ಬೆದರಿಕೆ ಹಾಕಿದ್ದ.,ಅಕ್ಕನ ಗಂಡ,Sister's Husband,Yes,Darshan R K,2025-02-03 11:16:42
ಭಾವ,ನನ್ನ ಭಾವ ಮೈದುನ ವಲಿಗ್ಯಾನೆ ಮಲ್ಲಯ್ಯ,ಅಕ್ಕನ ಗಂಡ,Sister's Husband,Yes,Darshan R K,2025-02-03 11:16:42
ಭಾವ,"ಈಗ ನಮ್ಮಕ್ಕ, ಭಾವ ಡೆಲ್ಲಿಗೆ ಹೋದ್ರು.",ಅಕ್ಕನ ಗಂಡ,Sister's Husband,Yes,Darshan R K,2025-02-03 11:16:42
ಭಾವ,ಪ್ರಕರಣದಲ್ಲಿ ಜಯಚಂದ್ರ ನೀಡಿದ ಮಾಹಿತಿ ಮೇರೆಗೆ ಜಯಚಂದ್ರ ಮತ್ತು ಅವರ ಭಾವ ಸೇರಿ ಈವರೆಗೆ ಒಟ್ಟು 8 ಮಂದಿಯನ್ನು ಬಂಧಿಸಲಾಗಿದೆ ಎಂದು ಜಾರಿ ನಿರ್ದೇಶನಾಲಯ ತಿಳಿಸಿದೆ.,ಅಕ್ಕನ ಗಂಡ,Sister's Husband,Yes,Darshan R K,2025-02-03 11:16:42
ಭಾವ,"ಆ ಮೇಲೆ, ಅಮ್ಮ ಟ್ರೈನಿಂಗ್ ಹಾಸ್ಟೆಲಿನಿಂದ ತನ್ನ ಭಾವ ಮತ್ತು ಭಾವನ ಮಕ್ಕಳಿದ್ದ ಮುದಲಿಯಾರ್ ಸ್ಟ್ರೀಟ್‌ನ ಮನೆಗೆ ಬದಲಾದಳು.",ಅಕ್ಕನ ಗಂಡ,Sister's Husband,Yes,Darshan R K,2025-02-03 11:16:42
ಭಾವ,ಎಸ್ಕೇಪ್ ಗೆ ಆತನ ಸಹೋದರಿ ಚೈತನ್ಯ ಮತ್ತು ಭಾವ ರಾಜೇಶ್ ನಾಯ್ಡು ಸಹಾಯ ಮಾಡಿರುವುದು ಸೆರೆಯಾಗಿದೆ.,ಅಕ್ಕನ ಗಂಡ,Sister's Husband,Yes,Darshan R K,2025-02-03 11:16:42
ಭಾವ,ಅಂಥ ಅಧಿಕಾರಿಗಳ ಊಟ-ವಸತಿಗಳ ವ್ಯವಸ್ಥೆ ನೈತಿಕ ಹೊಣೆ ಎಂಬ ಭಾವ ಕರ್ನಾಟಕದ ಗೌಡರಲ್ಲಿ ಸಾಮಾನ್ಯವಾಗಿತ್ತು.,ಅಭಿಪ್ರಾಯ,Feeling,Yes,Darshan R K,2025-02-02 18:31:24
ಭಾವ,ಜ್ಯೋತೊಷ್ಯ ಶಾಸ್ತ್ರದ ಪ್ರಕಾರ ಎಲ್ಲಾ ರಾಶಿಚಕ್ರದವರಲ್ಲಿಯೂ ನಿರಾಶೆಯ ಭಾವ ಎನ್ನುವುದು ಇದ್ದೇ ಇರುತ್ತದೆ.,ಅಭಿಪ್ರಾಯ,Feeling,Yes,Darshan R K,2025-02-02 18:31:24
ಭಾವ,"ಬಹುಷಃ, ನಾವು ಅಷ್ಟು ಚಿಕ್ಕವರಿದ್ದಾಗಲೇ ನಮ್ಮ ಪಾಲಿಗೆ ರೈತಾಪಿ ಎಂಬುದು ಅಕ್ಷರವಿದ್ಯೆ ಕಲಿಯಲಾಗದವರ ಪಾಲಿನ ಕೊನೆಯ ಆಯ್ಕೆಯ ವೃತ್ತಿ ಎಂಬ ಭಾವ ಗಟ್ಟಿಯಾಗಿ ಮನೆಮಾಡಿತ್ತು.",ಅಭಿಪ್ರಾಯ,Feeling,Yes,Darshan R K,2025-02-02 18:31:24
ಭಾವ,ತಾನು ಏನೆ ಸಾಧಿಸಿದರೂ ಅದು ಕೇವಲ ತಾತ್ಕಾಲಿಕವಷ್ಟೆ ಎಂಬ ಭಾವ ಯಾಕೊ ಅವನನ್ನು ಮಾನಸಿಕವಾಗಿ ಕುಗ್ಗಿಸಿ ಅಸಂತುಷ್ಟನನ್ನಾಗಿಸಿತ್ತು.,ಅಭಿಪ್ರಾಯ,Feeling,Yes,Darshan R K,2025-02-02 18:31:24
ಭಾವ,ಅದ್ದರಿಂದ ನನ್ನ ಮಾತನ್ನು ನಂಬಿ ನಾವು ಬೇಧ ಭಾವ ತೋರಿಸುತ್ತಿಲ್ಲ.,ಅಭಿಪ್ರಾಯ,Feeling,Yes,Darshan R K,2025-02-02 18:31:24
ಭಾವ,ಅಂದಿನ ದಿನಗಳಲ್ಲಿ ಗುರುಗಳ ಕುರಿತು ಅಷ್ಟೊಂದು ಧನ್ಯತೆಯ ಭಾವ ಮನೆ ಮಾಡಿತ್ತು.,ಅಭಿಪ್ರಾಯ,Feeling,Yes,Darshan R K,2025-02-02 18:31:24
ಭಾವ,ಇನ್ನೂ ಮೂಕ ಪ್ರೇಕ್ಷಕರಾಗಿ ನಾವುಳಿದರೆ -ಆ ಅಪರಾಧಗಳಿಗೆ -ಅನ್ಯಾಯಕ್ಕೆ ನಾವೂ ಕಾರಣರು ಎಂಬ ಭಾವ ನನ್ನಲ್ಲಿ ಮೂಡುತಿದೆ.,ಅಭಿಪ್ರಾಯ,Feeling,Yes,Darshan R K,2025-02-02 18:31:24
ಭಾವ,ಮತ್ತೊಮ್ಮೆ ಆ ಕ್ಷಣದಲ್ಲಿ ಅಲ್ಲಿದ್ದ ಎಲ್ಲರಿಗೂ ಮಗುವಾಗಬೇಕೆಂದ ಭಾವ ಒಮ್ಮೆಲೆ ಅಡಿಯಿಡುತ್ತದೆ.,ಅಭಿಪ್ರಾಯ,Feeling,Yes,Darshan R K,2025-02-02 18:31:24
ಭಾವ,ಎಂಜಿಆರ್‍ ಅವರ ನಿಧನ ನಂತರ ಏಕಾಂಗಿ ಎಂಬ ಭಾವ ಮೂಡಿ ಜಯಾ ಮಂಕಾಗಿದ್ದ ದಿನಗಳಲ್ಲಿ ಆಕೆಗೆ ಧೈರ್ಯ ತುಂಬಿದ ಗೆಳತಿ ಈ ಶಶಿಕಲಾ.,ಅಭಿಪ್ರಾಯ,Feeling,Yes,Darshan R K,2025-02-02 18:31:24
ಭಾವ,ಬಸವಣ್ಣ ಈ ಲೋಕಕ್ಕೆ ಅತೀ ಅಗತ್ಯವಾದ ಕ್ಷಮೆಯ ಭಾವ ಬಿತ್ತಿದರು.,ಅಭಿಪ್ರಾಯ,Feeling,Yes,Darshan R K,2025-02-02 18:31:24
ಭಾವ,"ನಿಮ್ಮ ಅನುಪಸ್ಥಿತಿ ಅವಳ ಆತ್ಮಬಲವನ್ನು ಕುಗ್ಗಿಸದಿರಲಿ, ತನ್ನೆಲ್ಲ ತಳಮಳ, ಬೇಗುದಿಗಳಲ್ಲಿ ತಾನೊಬ್ಬಳೇ, ತನ್ನೊಂದಿಗೆ ಯಾರೂ ಇಲ್ಲ ಎಂಬ ಭಾವ ಅವಳನ್ನು ಹತಾಶೆಗೆ ನೂಕದಿರಲಿ.",ಅಭಿಪ್ರಾಯ,Feeling,Yes,Darshan R K,2025-02-02 18:31:24
ಭಾವ,ಬುದ್ಧಿ ಮನುಷ್ಯನಿಗೆ ಬದುಕನ್ನು ಕಲಿಸಿದರೆ ಭಾವ ಜೀವ ನೀಡುತ್ತದೆ ಎಂದರು.,ಅಭಿಪ್ರಾಯ,Feeling,Yes,Darshan R K,2025-02-02 18:31:24
ಭಾವ,"ನಾಗರಹಾವು ನೋಡಿದಾಗ ಒಳ್ಳೆಯ ಊಟ, ಆದರೂ ಯಾಕೋ ರುಚಿ ಕೆಟ್ಟಿದೆಯಲ್ಲ ಎಂಬ ಭಾವ ಮೂಡುತ್ತದೆ.",ಅಭಿಪ್ರಾಯ,Feeling,Yes,Darshan R K,2025-02-02 18:31:24
ಭಾವ,ಈ ಸೌಂದರ್ಯದ ಅರಿವು ಭಾವ (ಫೀಲಿಂಗ್) ರೂಪವಾದದ್ದು; ವೈಜ್ಞಾನಿಕ ತಿಳಿವಿನಂತೆ ವಿಕಲ್ಪರೂಪವಾದ್ದಲ್ಲ.,ಅಭಿಪ್ರಾಯ,Feeling,Yes,Darshan R K,2025-02-02 18:31:24
ಭಾವ,ಆ ಕ್ಷಣದಿಂದಲೇ ಆತನ ಜೀವನದಲ್ಲೊಂದು ವಿಚಿತ್ರ ಭಾವ ಹೊಕ್ಕಿಬಿಟ್ಟಿತು.,ಅಭಿಪ್ರಾಯ,Feeling,Yes,Darshan R K,2025-02-02 18:31:24
ಭಾವ,ಆದರೆ ಧರ್ಮದ ಅರ್ಥ ವ್ಯಾಪಕವಾಗಿದೆ ಮತ್ತು ಈ ವ್ಯಾಪಕವಾದ ಅರ್ಥ ಹಿಂದೆ ಯಾವ ಭಾವವಿದೆಯೋ ಅದೇ ಭಾವ ಭಾರತದ ಕೋಟಿ ಕೋಟಿ ಜನರಲ್ಲಿ ಧರ್ಮ ಶಬ್ದವನ್ನು ಕೇಳಿ ಉತ್ಪತ್ತಿಯಾಗುತ್ತದೆ.,ಅಭಿಪ್ರಾಯ,Feeling,Yes,Darshan R K,2025-02-02 18:31:24
ಭಾವ,ಸುನಿಲ್‌ ಗಾವಸ್ಕರ್ ನಿವೃತ್ತಿಯಂಚಿನಲ್ಲಿದ್ದಾಗ ಭಾರತದ ಕ್ರಿಕೆಟ್‌ನಲ್ಲಿ ಶೂನ್ಯ ಭಾವ ಆವರಿಸಿತ್ತು.,ಅಭಿಪ್ರಾಯ,Feeling,Yes,Darshan R K,2025-02-02 18:31:24
ಭಾವ,ಶರೀರಕ್ರಿಯಾ ಮೂಲಗಳು ಕೆಲವೊಮ್ಮೆ ಗಂಡಸಿನ ಅಹಂ ಗೆ ಪೆಟ್ಟುಕೊಡುತ್ತವೆ ಎನ್ನುವುದು ವಿಜ್ಞಾನ ಅರಿತ ಭಾವ ಬಂಧ ಸ್ಫಂದನದ ಅರಿವಿನ ಒಳಮನಸ್ಸಿಗೆ ವೇದ್ಯವಾಗುತ್ತದೆ.,ಅಭಿಪ್ರಾಯ,Feeling,Yes,Darshan R K,2025-02-02 18:31:24
ಭಾವ,ಯಾಕಂದ್ರೆ ಕ್ಯಾಮರಗಳ ಮುಂದೆ ದೋವಲ್​ರ ನಗು ನೂರು ಭಾವ ಸೂಸಿ ಮಾಯವಾಗಿದೆ.,ಅಭಿಪ್ರಾಯ,Feeling,Yes,Darshan R K,2025-02-02 18:31:24
ಭಾವ,"ಹತಾಶೆ, ಹುಚ್ಚು ಮತ್ತು ಸಂಪೂರ್ಣ ಕತ್ತಲೆ - ಇದು ಈ ಆಟದ ಮತ್ತು ಭಾವ ಅಭಿವ್ಯಕ್ತಿ ಹೊಂದಿದೆ.",ಅಭಿಪ್ರಾಯ,Feeling,Yes,Darshan R K,2025-02-02 18:31:24
ಭಾವ,ಯಾರಲ್ಲಿ ಭಕ್ತಿಯ ಭಾವ ಇರುತ್ತದೆಯೋ ಅವರು ಸಮಸ್ಯೆಯನ್ನು ಸರಳವಾಗಿ ಪರಿಹರಿಸಿಕೊಳ್ಳುತ್ತಾರೆ.,ಅಭಿಪ್ರಾಯ,Feeling,Yes,Darshan R K,2025-02-02 18:31:24
ಭಾವ,ಸೋಮನಾಥ್ ಏನು ಮಾಡಬಲ್ಲರು ಎಂಬ ಭಾವ ಜನರ ಕಣ್ಣಲ್ಲಿ ಕಾಣ್ತಾ ಇತ್ತು.,ಅಭಿಪ್ರಾಯ,Feeling,Yes,Darshan R K,2025-02-02 18:31:24
ಭಾವ,ಭಾರತ ಎಷ್ಟೇ ಮುಂದುವರೆದಿದ್ದರೂ ಹೆಣ್ಣು- ಗಂಡಿನ ಭೇದ ಭಾವ ಇನ್ನೂ ಮುಂದುವರೆದಿದೆ.,ಅಭಿಪ್ರಾಯ,Feeling,Yes,Darshan R K,2025-02-02 18:31:26
ಭಾವ,"ಹಲವು ಮಿತ್ರರು, ಬಾಂಧವರು ಈ ಹೊಸ ಆಶ್ರಮದ ಭಜಕರಾಗುತ್ತಿದ್ದಂತೆ, ನನಗೇನೋ ಕಳೆದುಕೊಂಡ ಭಾವ ಕಾಡಿತ್ತು.",ಅಭಿಪ್ರಾಯ,Feeling,Yes,Darshan R K,2025-02-02 18:31:26
ಭಾವ,"ಬಾಳಿನಲ್ಲಿ ನೆಮ್ಮದಿ ಸಿಕ್ಕಿದೆ,ಬದುಕು ಸಾರ್ಥಕವಾಯಿತು ಎಂಬ ತೃಪ್ತಿಯ ಭಾವ ಈ ಹಿರಿಯ ದಂಪತಿಗಳದು.",ಅಭಿಪ್ರಾಯ,Feeling,Yes,Darshan R K,2025-02-02 18:31:26
ಭಾವ,"ಖುಷಿಯಿದೆಯೊ, ಖಿನ್ನ ಭಾವ ಆವರಿಸಿದೆಯೊ ಎನ್ನುವುದಂತೂ ಯಾರಿಗೂ ತಿಳಿಯುತ್ತದೆ.",ಅಭಿಪ್ರಾಯ,Feeling,Yes,Darshan R K,2025-02-02 18:31:26
ಭಾವ,"ಮನದಲ್ಲಿ ದುಃಖದ ಭಾವ ತುಂಬಿ ಬರುತ್ತಿತ್ತು, ಅಮ್ಮನನ್ನು ಕಳೆದುಕೊಂಡ ನೋವು ಮನವನ್ನು ತುಂಬುತ್ತಿರುವಂತೆ, ಅಳು ತುಂಬಿ ಬಿಕ್ಕಿ ಬಿಕ್ಕಿ ಬರುತ್ತಿತ್ತು.",ಅಭಿಪ್ರಾಯ,Feeling,Yes,Darshan R K,2025-02-02 18:31:26
ಭಾವ,ಸಾಂಸ್ಕೃತಿಕ ವೈವಿಧ್ಯವೆಂದು ಗುರುತಿಸುವ ಕಲಾ ಪ್ರಕಾರಗಳು ಜಾತಿಗೆ ಸೀಮಿತವಾಗುವ ವ್ಯಂಗ್ಯವೊಂದು ನಮ್ಮ ಮುಂದಿರುವಂತೆಯೇ ಜಾತಿಯನ್ನು ಮೀರಿವೆ ಎಂಬ ಭಾವ ಹುಟ್ಟಿಸುವ ಕಲಾ ಪ್ರಕಾರಗಳೊಳಗೆ ಜಾತೀಯತೆ ಸುಪ್ತವಾಗಿರುವ ವಾಸ್ತವವೂ ನಮ್ಮೆದುರು ಇದೆ.,ಅಭಿಪ್ರಾಯ,Feeling,Yes,Darshan R K,2025-02-02 18:31:26
ಭಾವ,ಉದ್ಯೋಗ-ಹಣವಿದ್ದೂ ನೆರೆಹೊರೆಗಳಿದ್ದೂ ಅಸುರಕ್ಷಿತ ಭಾವ ಈ ದಂಪತಿಯನ್ನು ಕಾಡುತ್ತದೆ.,ಅಭಿಪ್ರಾಯ,Feeling,Yes,Darshan R K,2025-02-02 18:31:26
ಭಾವ,ಆ ಸ್ಥಿತಿಯಲ್ಲಿ ಸತ್ಯವು ಸೌಂದರ್ಯದ ಆಚಾರವಾಗಿರುತ್ತದೆ; ಸೌಂದರ್ಯವು ಸತ್ಯದ ಆಚಾರ್ಯನಾಗಿರುತ್ತದೆ; ಸತ್ಯ ಸೌಂದರ್ಯಗಳಿಗೆ ಅಭೇದ ಭಾವ ಉಂಟಾಗುತ್ತದೆ.,ಅಭಿಪ್ರಾಯ,Feeling,Yes,Darshan R K,2025-02-02 18:31:26
ಭಾವ,ನನ್ನ ಆತ್ಮೀಯ ಸ್ನೇಹಿತನನ್ನು ಕಳೆದುಕೊಂಡ ಭಾವ ಕಾಡುತ್ತಿದೆ.,ಅಭಿಪ್ರಾಯ,Feeling,Yes,Darshan R K,2025-02-02 18:31:26
ಭಾವ,ಯಾವುದೋ ಸಿಂಪಲ್‌ ಪ್ರಶ್ನೆ ಕೇಳಿದಾಗ ಇದೆಂಥ ಸಿಲ್ಲಿ ಪ್ರಶ್ನೆಯಪ್ಪ ಎಂದು ನಿಮ್ಮ ಮುಖದಲ್ಲಿ ಉದಾಸೀನ ಭಾವ ಕಾಣಿಸಬೇಡಿ.,ಅಭಿಪ್ರಾಯ,Feeling,Yes,Darshan R K,2025-02-02 18:31:26
ಭಾವ,ಅಂಶಾಂಶಿಯಲ್ಲಿರುವ ಎಲ್ಲವೂ ಸಮಾನ ಎಂಬ ಭಾವ ಇಲ್ಲೂ ಇರಬೇಕಾಗಿತ್ತಾದರೂ ಸಾಮಾಜಿಕ ರಚನೆ ಇದಕ್ಕೆ ಅನುವು ಮಾಡಿಕೊಡುವುದಿಲ್ಲ.,ಅಭಿಪ್ರಾಯ,Feeling,Yes,Darshan R K,2025-02-02 18:31:26
ಭಾವ,"ಜನಪದಸಾಹಿತ್ಯವೂ ಗಂಡಹೆಂಡಿರ ಸಂಬಂಧವನ್ನು ಗಂಧತೀಡಿದಂತೆ ಎಂದಿರುವುದನ್ನು ಪ್ರಸ್ತಾಪಿಸಿದ ಅವರು, ಜೀವ ಬೇರಾದರೂ ಭಾವ ಒಂದೇ.",ಅಭಿಪ್ರಾಯ,Feeling,Yes,Darshan R K,2025-02-02 18:31:26
ಭಾವ,ಆಗೆಲ್ಲ ನನ್ನ ಎಡಚತನದ ಬಗ್ಗೆ ಕೀಳರಿಮೆಯಿಂದ ತಪ್ಪಿತಸ್ಥ ಭಾವ ಕಾಡುತ್ತಿತ್ತು.,ಅಭಿಪ್ರಾಯ,Feeling,Yes,Darshan R K,2025-02-02 18:31:27
ಭಾವ,ಇಂಥ ಪಾತ್ರಕ್ಕೆಂದೇ ಕಾದು ಕುಳಿತಿದ್ದೆ ಎಂಬ ಭಾವ ನಟಿ ದೀಪಾ ಸನ್ನಿಧಿ ಅವರದು.,ಅಭಿಪ್ರಾಯ,Feeling,Yes,Darshan R K,2025-02-02 18:31:27
ಭಾವ,ಇದರಿಂದ ನಮಗೂ ಒಂದು ಬಗೆಯ ಮುಜುಗರ ಹಾಗೂ ಕಿರಿಕಿರಿಯ ಭಾವ ಕಾಡುತ್ತಿರುತ್ತದೆ.,ಅಭಿಪ್ರಾಯ,Feeling,Yes,Darshan R K,2025-02-02 18:31:27
ಭಾವ,"ಆದರೆ, ಅದರಲ್ಲಿ ಶ್ರದ್ಧೆ, ಬದ್ಧತೆ, ಸಾರ್ಥಕ್ಯ ಭಾವ ಮತ್ತು ತೃಪ್ತಿ ಇರಬೇಕು.",ಅಭಿಪ್ರಾಯ,Feeling,Yes,Darshan R K,2025-02-02 18:31:27
ಭಾವ,"ಆದರೆ ನೇರವಾಗಿ ನೋಡಲು, ಅವಳ ನಗುವಿನೊಳಗೆ ತುಂಟತನಕ್ಕಿಂತಲೂ ಬೇರೇನೋ ಭಾವ ಗೋಚರಿಸಿದಂತಾಯಿತು.",ಅಭಿಪ್ರಾಯ,Feeling,Yes,Darshan R K,2025-02-02 18:31:27
ಭಾವ,"ಜೈನ ಸಮುದಾಯದವರು, ಸುತ್ತಲಿನ ಹಳ್ಳಿಗರ ಮುಖದಲ್ಲಿ ಸಾಕ್ಷಾತ್‌ ಆನೆ ಅಂಬಾರಿ ನೋಡಿದ ಧನ್ಯತಾ ಭಾವ ಕಾಣುತ್ತಿತ್ತು.",ಅಭಿಪ್ರಾಯ,Feeling,Yes,Darshan R K,2025-02-02 18:31:27
ಭಾವ,"ಇವರು ಭಾವ ಮತ್ತು ಭಾವ ಮೈದುನರಾಗಿದ್ದು, ಸ್ನೇಹ, ನಿಷ್ಠೆ ಹಾಗೂ ಭಕ್ತಿಗೆ ಖ್ಯಾತರಾಗಿದ್ದರು.",ಗಂಡನ ಅಣ್ಣ,Husband's elder brother,Yes,Darshan R K,2025-02-02 18:44:52
ಭಾವ,ದಾಳಿಯಲ್ಲಿ ಮಸೂದ್ ಅಝರ್‌ನ ಭಾವ ವೌಲಾನ ಯೂಸುಫ್ ಅಝರ್ ಹತ್ಯೆಯಾಗಿದ್ದಾನೆಂದು ವರದಿಯಾಗಿದೆ.,ಗಂಡನ ಅಣ್ಣ,Husband's elder brother,Yes,Darshan R K,2025-02-02 18:44:52
ಭಾವ,ಈ ಪ್ರಕಾರದಿಂದ ಸೌಭದ್ರೆಯು ದ್ವಾರಕೆಯಿಂದಯ್ತಂದು ಮಗನಂ ಮನ್ನಿಸಿ ಪತಿಯಂತರಂಗಮಂ ಸಂತಸಂಬಡಿಸಿ ಭಾವ ಮಯ್ದುನಾದಿಗಳಾವತ್ತೆಯರಿಗಭಿನಮಿಸಿ ದ್ರೌಪದಿಗಂ ಕಯ್ ಮುಗಿದು ವಿಲಾಸದಿಂದಿರುತಿರಲಿತ್ತಲಾ ಬಲಭದ್ರನದೇಂ ಗೆಯ್ದನೆನೆ –,ಗಂಡನ ಅಣ್ಣ,Husband's elder brother,Yes,Darshan R K,2025-02-02 18:44:52
ಭಾವ,ಹಾಗಾಗಿ ಸೂರಮ್ಮದೇವಿ ಭಾವ ಭರಮದೇವನಿಗೆ ಈ ಮಗುವಿನಿಂದ ಕೆಡುಕಾಗುತ್ತದೆಂದು ಸುಳ್ಳು ಜ್ಯೋತಿಷ್ಯ ಹೇಳಿ ಬೀರಪ್ಪ ಹುಟ್ಟಿದ ೧೩ನೆ ದಿನಕ್ಕೆ ಕಾಡಿಗೆ ಬಿಡಬೇಕೆಂದು ತಿಳಿಸಿದನು.,ಗಂಡನ ಅಣ್ಣ,Husband's elder brother,Yes,Darshan R K,2025-02-02 18:44:52
ಭಾವ,ನಿನ್ನ ಅಣ್ಣನಂತಿರೋ ಭಾವ ಇದ್ದಾರೆ ನಿಂಗೆ.,ಗಂಡನ ಅಣ್ಣ,Husband's elder brother,Yes,Darshan R K,2025-02-02 18:44:52
ಭಾವ,ಸರಿ ಭಾವ ನಾನು ಬೆಳಿಗ್ಗೆ ೮ ಘಂಟೆಗೆಲ್ಲ ಅಲ್ಲಿರ್ತೀನಿ.,ಗಂಡನ ಅಣ್ಣ,Husband's elder brother,Yes,Darshan R K,2025-02-02 18:44:52
ಭಾವ,"20: ಕೆಂಜೂರಿನ ಪ್ರವೀಣ್ ಪೂಜಾರಿ ಹತ್ಯೆಗೂ ಹಿಂಜಾವೇ ಸಂಘ ಟನೆಗೂ ಯಾವುದೇ ಸಂಬಂಧವಿಲ್ಲ ಎಂಬ ಜಗದೀಶ್ ಕಾರಂತ್ ಹೇಳಿಕೆ ಯನ್ನು ತೀವ್ರವಾಗಿ ಖಂಡಿಸಿರುವ ಮೃತ ಪ್ರವೀಣ್ ಪೂಜಾರಿಯವರ ಭಾವ ಪ್ರಸಾದ್ ಪೂಜಾರಿ ಸಾಣೂರು, ಹಾಗಾದರೆ ಪ್ರವೀಣ್‌ನನ್ನು ಕೊಂದ ವರು ಭಯೋತ್ಪಾದಕರೇ, ನಕ್ಸಲರೇ ಅಥವಾ ಐಸಿಸ್ ಉಗ್ರರೇ ಎಂದು ಪ್ರಶ್ನಿಸಿದ್ದಾರೆ.",ಹೆಂಡತಿಯ ಅಣ್ಣ,Wife's elder brother,Yes,Darshan R K,2025-02-02 18:17:58
ಭಾವ,ಇದಕ್ಕೂ ಮುನ್ನ ರಾಹುಲ್ನ ಭಾವ ವಾದ್ರಾನಿಗೆ ಸಂಜಯ್ ಭಂಡಾರಿ ಲಂಡನ್ನಿನಲ್ಲಿ 19 ಕೋಟಿ ರೂಪಾಯಿಯ ಆಸ್ತಿಯನ್ನು ಕೊಡುಗೆಯಾಗಿ ಕೊಟ್ಟಿದ್ದನೆಂಬ ವಿವರಗಳು ಈಮೇಲ್ಗಳ ಮೂಲಕ ಸಿಕ್ಕಿದೆ.,ಹೆಂಡತಿಯ ಅಣ್ಣ,Wife's elder brother,Yes,Darshan R K,2025-02-02 18:17:58
ಭೂತ,ಕೆಲ ಸ್ಥಳಗಳು ಭೂತ ಪಿಶಾಚಗ್ರಸ್ಥವಾದವುಗಳು ಎಂದು ಕುಖ್ಯಾತಿ ಪಡೆದಿದ್ದರೆ ಇನ್ನೂ ಹಲವು ದೈವಿಕ ಅಚ್ಚರಿಗಳನ್ನು ಒಳಗೊಂಡಿರುವುದನ್ನು ಕಾಣಬಹುದು.,"ದೆವ್ವ, ಪಿಶಾಚಿ",Devil,Yes,Darshan R K,2025-02-08 07:45:32
ಭೂತ,ಗಂಗೂಲಿಗೆ ಕಾಡಿದ್ದ ಭೂತ ವಿರಾಟ್ ಕೊಹ್ಲಿಗೂ ಕಾಡಿತಾ?,"ದೆವ್ವ, ಪಿಶಾಚಿ",Devil,Yes,Darshan R K,2025-02-08 07:45:32
ಭೂತ,ಅದರ ದರ ಕಂಡು ಕೆಲವರು ಭೂತ ಹಿಡಿದಂತೆ ನಡುಗುತ್ತಾರೆ.,"ದೆವ್ವ, ಪಿಶಾಚಿ",Devil,Yes,Darshan R K,2025-02-08 07:45:32
ಭೂತ,ಹಾಗಂತ ಅಲ್ಲಿ ಭೂತ ಇದಿಯೋ ಇಲ್ವೋ ಅಂತ ಇನ್ವೆಸ್ಟಿಗೇಶನ್‌ ಮಾಡೋವಷ್ಟು ಧೈರ್ಯಾನೂ ಇಲ್ಲ.,"ದೆವ್ವ, ಪಿಶಾಚಿ",Devil,Yes,Darshan R K,2025-02-08 07:45:32
ಭೂತ,ಅಥವಾ ದಕ್ಷಿಣ ಕನ್ನಡದ ಭೂತ ಕೋಲಕ್ಕೆ ಇರುವ ಸಾಮಾಜಿಕ ಆಯಾಮವನ್ನು ಬೆಂಗಳೂರಿನಿಂದ ಬಂದಿದ್ದ ಉತ್ಸಾಹಿಗಳ ಗುಂಪು ಅರ್ಥ ಮಾಡಿಕೊಳ್ಳಲಿಲ್ಲವೇನೋ?,"ದೆವ್ವ, ಪಿಶಾಚಿ",Devil,Yes,Darshan R K,2025-02-08 07:45:32
ಭೂತ,ಅಲ್ಲಿನ 10 ಹುಡುಗರು ಭೂತ ಹುಡುಕಲು ಸ್ಮಶಾನಕ್ಕೆ ಬಂದಿದ್ದಾರೆ.,"ದೆವ್ವ, ಪಿಶಾಚಿ",Devil,Yes,Darshan R K,2025-02-08 07:45:32
ಭೂತ,"ಹೇಗಾದರೂ, ಒಂದು ಪುಟ್ಟ ತುಂಟ ಭೂತ ಹಿಡಿಯುವಿಕೆಯು ತೋರುತ್ತದೆ ಎಂದು ಸುಮಾರು ಸುಲಭ ಅಲ್ಲ.","ದೆವ್ವ, ಪಿಶಾಚಿ",Devil,Yes,Darshan R K,2025-02-08 07:45:32
ಭೂತ,ಇಷ್ಟೇ ಅಲ್ಲ ಭೂತ ಬಿಡಿಸುವ ಪ್ರಯತ್ನ ಕೂಡ ನಡೆಯುತ್ತದೆ.,"ದೆವ್ವ, ಪಿಶಾಚಿ",Devil,Yes,Darshan R K,2025-02-08 07:45:32
ಭೂತ,ಮಹಾವೀರ ಹನುಮನ ನಾಮ ಕೇಳದರೆ ಭೂತ ಪ್ರೇತಗಳು ಹತ್ತಿರ ಸುಳಿಯುವುದಿಲ್ಲ ನೀವು ಇಲ್ಲಿ ಬಂದು ಕೇಳಿಕೊಂಡಿರುವುದು ನೆರವೇರಿದಲ್ಲಿ ಪುನಃ ಬಂದು ದೇವಸ್ಥಾನಕ್ಕೆ ಭೇಟಿಕೊಡಬೇಕು ಎಂಬುದು ಕಡ್ಡಾಯವಾಗಿದೆ.,"ದೆವ್ವ, ಪಿಶಾಚಿ",Devil,Yes,Darshan R K,2025-02-08 07:45:32
ಭೂತ,ಭೂತ ಪ್ರೇತ ಪಿಶಾಚ ಗಣಕು ಅರಿವಿಲ್ಲ,"ದೆವ್ವ, ಪಿಶಾಚಿ",Devil,Yes,Darshan R K,2025-02-08 07:45:32
ಭೂತ,"ಭೂತ ಇದೆ ಎಂದು ನಂಬುವ ಜನರು, ಭೂತ ಮೈಮೇಲೆ ಬರುತ್ತೆ ಎಂಬುದನ್ನು ನಂಬುತ್ತಾರೆ.","ದೆವ್ವ, ಪಿಶಾಚಿ",Devil,Yes,Darshan R K,2025-02-08 07:45:32
ಭೂತ,": ಮಾಟ, ಮಂತ್ರ , ದೆವ್ವ, ಭೂತ ಎಂದೆಲ್ಲಾ ಢೋಂಗಿ ಬಿಡುತ್ತಾ ಮುಸ್ಲಿಂ ಧರ್ಮಗುರುವಿನ ವೇಷ ಧರಿಸಿ ಜನರನ್ನು ವಂಚಿಸುತ್ತಿದ್ದ ಬಂಟ್ವಾಳದ ಬಾಬಾ ಅಬೂಬಕರ್ ಮಸ್ತಾನ್ ಪೊಲೀಸರಿಗೆ ಶರಣಾಗಿದ್ದಾನೆ.","ದೆವ್ವ, ಪಿಶಾಚಿ",Devil,Yes,Darshan R K,2025-02-08 07:45:32
ಭೂತ,"ಒಂದೂವರೆ ದಶಕಗಳ ಹಿಂದೆ ಅತ್ಯಂತ ಸುಸಜ್ಜಿತ ಕಟ್ಟಡಗಳು, ಕುಕ್ಕುಟೋದ್ಯಮಕ್ಕೆ ಅಗತ್ಯವಿರುವ ಪರಿಕರಗಳು ಜತೆಗೆ ಪ್ರಾತ್ಯಕ್ಷಿಕೆ ಕೇಂದ್ರದ ರೀತಿಯಲ್ಲಿ ಸದಾ ಜನ ಜಂಗುಳಿಯಿಂದ ಕೂಡಿರುತ್ತಿದ್ದ ಈ ಆವರಣ ಇಂದು ಭೂತ ಬಂಗಲೆಯಂತೆ ಭಾಸವಾಗಿದೆ.","ದೆವ್ವ, ಪಿಶಾಚಿ",Devil,Yes,Darshan R K,2025-02-08 07:45:32
ಭೂತ,"ಭಯ ಪಡಬೇಡಿ, ಅದು ದೆವ್ವ ಭೂತ ಅಲ್ಲ.","ದೆವ್ವ, ಪಿಶಾಚಿ",Devil,Yes,Darshan R K,2025-02-08 07:45:32
ಭೂತ,ಬೆನ್ನು ಬಿಡದ ಬೇತಾಳ-ಪೋಂಜಿ ಭೂತ,"ದೆವ್ವ, ಪಿಶಾಚಿ",Devil,Yes,Darshan R K,2025-02-08 07:45:32
ಭೂತ,"ಮನೆಗೆ ಬಂದು ಮತ್ತೆ ಊಟ ಮಾಡಿದೆ, ನನ್ನ ಹೊಟ್ಟೇಲಿ ಭೂತ ಸೇರಿಕೊಂಡಿದೆ ಅನ್ನಿಸ್ತಾ ಇದೆ.","ದೆವ್ವ, ಪಿಶಾಚಿ",Devil,Yes,Darshan R K,2025-02-08 07:45:32
ಭೂತ,ಭೂತ ಬಂಗಲೆಯಂತೆ ಗೋಚರಿಸುವ ಈ ದೂರವಾಣಿ ಕೇಂದ್ರದಲ್ಲಿ ಸ್ಮಶಾನ ಮೌನ ಆವರಿಸಿದೆ.,"ದೆವ್ವ, ಪಿಶಾಚಿ",Devil,Yes,Darshan R K,2025-02-08 07:45:32
ಭೂತ,ಇಲ್ಲಿಗೂ ಬಿಟ್ಟಿಲ್ಲ ಪ್ಲಾಸ್ಟಿಕ್‌ ಭೂತ,"ದೆವ್ವ, ಪಿಶಾಚಿ",Devil,Yes,Darshan R K,2025-02-08 07:45:32
ಭೂತ,"ಮಿಥ್ಯಾಪವಾದದಿಂದ ಕಲಂಕಿತವಾದ ಕೀರ್ತಿಯಂತೆ, ಒಂದು ಕಡೆ ಇಷ್ಟವಾದವರು ಜೊತೆಯಿಲ್ಲದ ದುಃಖ, ಇನ್ನೊಂದು ಕಡೆ ಅನಿಷ್ಟವಾದ ಭೂತ ಪಕ್ಕದಲ್ಲಿರುವ ಕಷ್ಟ.","ದೆವ್ವ, ಪಿಶಾಚಿ",Devil,Yes,Darshan R K,2025-02-08 07:45:32
ಭೂತ,ಭೂತ ಮತ್ತು ಕೋಲ ನಡೆಯುವ ಸ್ಥಳಕ್ಕೆ ಅನುಗುಣವಾಗಿ ಈ ವಿಧಿ-ವಿಧಾನಗಳು ಬೇರೆಯಾಗಬಹುದು.,"ದೆವ್ವ, ಪಿಶಾಚಿ",Devil,Yes,Darshan R K,2025-02-08 07:45:32
ಭೂತ,ಸ್ಥಳೀಯ ಹಿರಿಯರು ಹೇಳುವಂತೆ ಕಾಜು ಕುಜುಂಬ ಭೂತ ಸ್ಥಳದಲ್ಲಿ ನಿಧಿ ಎಳೆದು ತಂದು ಹಾಕಿದೆ.,"ದೆವ್ವ, ಪಿಶಾಚಿ",Devil,Yes,Darshan R K,2025-02-08 07:45:32
ಭೂತ,ಆದರೆ ಸದ್ಯ ಅಧಿಕಾರಿಗಳ ನಿರ್ಲಕ್ಷ್ಯದಿಂದ ಪಾಳು ಬಿದ್ದಿರುವ ಭೂತ ಬಂಗಲೆಯಂತಾಗಿದೆ.,"ದೆವ್ವ, ಪಿಶಾಚಿ",Devil,Yes,Darshan R K,2025-02-08 07:45:32
ಭೂತ,"ಭೂತ ಎಂದಾಕ್ಷಣ ದೆವ್ವ, ಪ್ರೇತ, ಪಿಶಾಚಿ, ಇತ್ಯಾದಿಗಳ ಕಲ್ಪನೆಯ ರೂಪ ಕಣ್ಣು ಮುಂದೆ ಬರುತ್ತದೆ.","ದೆವ್ವ, ಪಿಶಾಚಿ",Devil,Yes,Darshan R K,2025-02-08 07:45:32
ಭೂತ,"ನಿನ್ನೆ ಅನೇಕರು ಮೈಮೇಲೆ ಭೂತ ಬಂದಂತೆ ಆಡಿದ್ರು, ಇದಕ್ಕೆ ಕಾರಣ ನಾಳೆಯಿಂದ ಎಟಿಎಂ ಬಂದ್ ಆಗುತ್ತೆ ಎಂದೂ ದೂರಿದ್ದಾರೆ.","ದೆವ್ವ, ಪಿಶಾಚಿ",Devil,Yes,Darshan R K,2025-02-08 07:45:33
ಭೂತ,ಉಕ್ರೇನ್ನಿನ ಕೀವ್ ನಲ್ಲಿ ಯುವಕರು ಮೈ ಮೇಲೆ ಭೂತ ಬಂದಂತೆ ಹಿಟ್ಟು ಸುರಿದುಕೊಂಡಿದ್ದಾರೆ.,"ದೆವ್ವ, ಪಿಶಾಚಿ",Devil,Yes,Darshan R K,2025-02-08 07:45:33
ಭೂತ,"ಭೂತಾವೇಶಗೊಂಡಾಗ ಉತ್ಸವದ ಕೇಂದ್ರಬಿಂದುಗಳಾಗಿ, ಪೂರ್ತಿ ಸನ್ನಿವೇಶವನ್ನು ಆಳುವ ಇವರು ಭೂತ ವೇಷ ಕಳಚಿದೊಡನೆ ಸವರ್ಣೀಯರ ಮನೆಯ ಹೊಸ್ತಿಲು ದಾಟಿ ಜಗಲಿ ಏರುವ ಸ್ವಾತಂತ್ರ್ಯವನ್ನು ಕೂಡಾ ಕಳೆದುಕೊಳ್ಳುತ್ತಾರೆ.","ದೆವ್ವ, ಪಿಶಾಚಿ",Devil,Yes,Darshan R K,2025-02-08 07:45:33
ಭೂತ,"ದೇವರು ದೈವ ಭೂತ ಅನ್ನುವುದು ಇದ್ದರೆ ಅವು ನಮಗಿಂತ ಹೆಚ್ಚಿನ ವರ್ಚಸ್ಸು, ನಮಗಿಂತ ಹೆಚ್ಚಿನ ಬುದ್ಧಿಯುಳ್ಳ ಶಕ್ತಿಗಳು.","ದೆವ್ವ, ಪಿಶಾಚಿ",Devil,Yes,Darshan R K,2025-02-08 07:45:33
ಭೂತ,ನುಡಿಕೊಡುತ್ತಿದ್ದ ಭೂತ ಒಂದು ಕ್ಷಣ ತಬ್ಬಿಬ್ಬಾಗಿ ಚಡಪಡಿಸಿತು.,"ದೆವ್ವ, ಪಿಶಾಚಿ",Devil,Yes,Darshan R K,2025-02-08 07:45:33
ಭೂತ,ನೀಡಿರೆ ನೀವೀ ಭೂತ ಪ್ರೇತಂಗಳ,"ದೆವ್ವ, ಪಿಶಾಚಿ",Devil,Yes,Darshan R K,2025-02-08 07:45:33
ಭೂತ,ಭೂತಯ್ಯ ಎಂಬ ಸಾಕ್ಷಾತ್ ಪ್ರತ್ಯಕ್ಷ ಭೂತ ಪದಕ್ಕಿಂತಲೂ ಭಯಂಕರವಾದ ಅಪ್ಪನ ಏಕೈಕ ಮಗ ಮಂಜ.,"ದೆವ್ವ, ಪಿಶಾಚಿ",Devil,Yes,Darshan R K,2025-02-08 07:45:33
ಭೂತ,ಭೂತ ಅಥವಾ ದೈವವು ಕುಟು೦ಬ ಸದಸ್ಯರಿ೦ದ ಆರಾಧನೆಗೊ೦ಡಾಗ ಕುಟು೦ಬ ದೈವ ಎನಿಸಿಕೊಳ್ಳುತ್ತದೆ.,"ದೆವ್ವ, ಪಿಶಾಚಿ",Devil,Yes,Darshan R K,2025-02-08 07:45:33
ಭೂತ,ಅಸಲಿಗೆ ಕಾಣಿಸಿಕೊಳ್ಳುವ ಭೂತ ಯಾರದು ಎಂಬುದನ್ನು ಸಿನಿಮಾ ನೋಡಿದ ಮೇಲೆ ತಿಳಿಯುತ್ತದೆ.,"ದೆವ್ವ, ಪಿಶಾಚಿ",Devil,Yes,Darshan R K,2025-02-08 07:45:33
ಭೂತ,"ರಂಗಮಂದಿರಗಳ ಹೆಸರಿನಲ್ಲಿ ಜಿಲ್ಲೆಗೊಂದರಂತೆ ನಿರ್ಮಿಸಿರುವ ಬೃಹತ್ ಕಟ್ಟಡಗಳು ವಾಸ್ತವವಾಗಿ ರಂಗಮಂದಿರಗಳೇ ಅಲ್ಲ, ಅವು ಭೂತ ಬಂಗಲೆಗಳು!","ದೆವ್ವ, ಪಿಶಾಚಿ",Devil,Yes,Darshan R K,2025-02-08 07:45:33
ಭೂತ,ಸರಕಾರಿ ಸ್ವಾಮ್ಯದ ಸಂಸ್ಥೆಗಳ ಖಾಸಗೀಕರಣದ ಭೂತ ಕಾಡುತ್ತಿರುವ ನಡುವೆಯೇ ವಿಶ್ವ ವಿಖ್ಯಾತ ಕೆಆರ್‌ಎಸ್‌ ಬೃಂದಾವನದ ಪ್ರವೇಶ ಶುಲ್ಕ ಸಂಗ್ರಹವನ್ನು ಸರಕಾರ ಖಾಸಗಿ ಯವರಿಗೆ ವಹಿಸಿದೆ.,"ದೆವ್ವ, ಪಿಶಾಚಿ",Devil,Yes,Darshan R K,2025-02-08 07:45:33
ಭೂತ,"ಭೂತ , ಪ್ರೇತಾತ್ಮಗಳು ಕೂಡ ಇವರನ್ನು ಹುಡುಕಿಕೊಂಡು ಬರುತ್ತವೆ ಮತ್ತು ಮಕರ ರಾಶಿಯವರಿಗೆ ಸಹಾಯ ಮಾಡುತ್ತವೆ .","ದೆವ್ವ, ಪಿಶಾಚಿ",Devil,Yes,Darshan R K,2025-02-08 07:45:33
ಭೂತ,ಭೂತ ಕಟ್ಟಿದವನು ಈ ದೊಣ್ಣೆಯನ್ನು ಹಿಡಿದುಕೊಂಡು ಕೂಡಲೇ ಭೂತ ಅವನ ಮೈಮೇಲೆ ಬರುತ್ತದೆ.,"ದೆವ್ವ, ಪಿಶಾಚಿ",Devil,Yes,Darshan R K,2025-02-08 07:45:33
ಭೂತ,» ಐಪಿಎಲ್ ಫಿಕ್ಸಿಂಗ್ ಭೂತ ಎಬ್ಬಿಸಿದ ಲಲಿತ್ ಮೋದಿ,"ದೆವ್ವ, ಪಿಶಾಚಿ",Devil,Yes,Darshan R K,2025-02-08 07:45:33
ಭೂತ,"ಇಂತಹ ರಾತ್ರಿಗಳು ಮತ್ತೆ ಮತ್ತೆ ಬರಲಿ ದೇವರೆ, ಬಿಳಿ ಬಣ್ಣವೆಂಬ ಭೂತ ಓಡಿ ಹೋಗಲಿ ಎಂದುಕೊಂಡು ಮಲಗಿದವನಿಗೆ ನಿದ್ದೆ ಯಾವಾಗ ಹತ್ತಿತೋ ತಿಳಿಯಲಿಲ್ಲ.","ದೆವ್ವ, ಪಿಶಾಚಿ",Devil,Yes,Darshan R K,2025-02-08 07:45:33
ಭೂತ,"ಕೆಂಚಣ್ಣ ಕರಿಯಣ್ಣ ಭೂತ ವೇಷಾಧಾರಿಗಳು ನರಸಿಂಹಸ್ವಾಮಿ ದೇವಾಲಯದಿಂದ ಆರಂಭಗೊಂಡು ಭಕ್ತಾದಿಗಳಿಂದ ಪೂಜೆ ಸ್ವೀಕರಿಸಿ, ಧೂಪ ಹಾಕಿಸಿಕೊಂಡು ಗ್ರಾಮದ ಆನಂದ್ ಅವರ ಮಂತ್ರ ಪಠಣದಿಂದ ಕೆರಳಿ ಗ್ರಾಮದ ಪ್ರಮುಖ ಬೀದಿಗಳಲ್ಲಿ ಸಂಚರಿಸಿದರು.","ದೆವ್ವ, ಪಿಶಾಚಿ",Devil,Yes,Darshan R K,2025-02-08 07:45:33
ಭೂತ,"ಈ ಕಟ್ಟಡವು ಸ್ವಲ್ಪ ಕೆಟ್ಟದಾಗಿ ನೋಟ ನೀಡಿತು, ಮತ್ತು ಡಾರ್ಕ್ muzzles ಕೆಲವು hewn ಕಲ್ಲುಗಳ ಹೆದರಿಕೆಯೆ ಭೂತ ಜೀವಿಗಳು ಕಾಣುತ್ತದೆ.","ದೆವ್ವ, ಪಿಶಾಚಿ",Devil,Yes,Darshan R K,2025-02-08 07:45:33
ಭೂತ,ದೆಹಲಿ: ರಾಷ್ಟ್ರ ರಾಜಧಾನಿಗೆ ಮತ್ತೆ ಮಾಲಿನ್ಯ ಅನ್ನೋ ಭೂತ ವಕ್ಕರಿಸಿದೆ.,"ದೆವ್ವ, ಪಿಶಾಚಿ",Devil,Yes,Darshan R K,2025-02-08 07:45:33
ಭೂತ,ಈ ಬೃಹತ್ ಬಂಗಲೆಯಲ್ಲಿ 76 ವರ್ಷದ ಟೇಮರ್ ಮತ್ತು 33 ವರ್ಷದ ಪತ್ನಿ ಮಾರ್ಸೆಲಾ ಅವರಿಗೆ ಭೂತ ಚೇಷ್ಟೆಯ ಅನುಭವವಾಗಿದೆಯಂತೆ.,"ದೆವ್ವ, ಪಿಶಾಚಿ",Devil,Yes,Darshan R K,2025-02-08 07:45:33
ಭೂತ,"ಸಾಧನೆಯ ಭೂತ ಹತ್ತಿದಂತೆ ವೃತ್ತಿಜೀವನದ ಮಜಲುಗಳನ್ನು ಅತಿ ವೇಗವಾಗಿ ಏರಿ, ಮಾಡುತ್ತಿದ್ದ ನೌಕರಿ ಸಾಕೆನಿಸಿ ತನ್ನದೇ ಹೊಸ ವ್ಯವಹಾರವನ್ನು ಮಾಡಲು ಹೊಸ ಸಂಸ್ಥೆ ಶುರು ಮಾಡಿದ್ದಾಯಿತು.","ದೆವ್ವ, ಪಿಶಾಚಿ",Devil,Yes,Darshan R K,2025-02-08 07:45:33
ಭೂತ,ಬ್ಲೂ ವೇಲ್ – ಸದ್ಯ ಭಾರತದಲ್ಲೂ ಭೀತಿ ಹುಟ್ಟಿಸಿರುವ ಅನ್‌ಲೈನ್‌ ಭೂತ ಇದು.,"ದೆವ್ವ, ಪಿಶಾಚಿ",Devil,Yes,Darshan R K,2025-02-08 07:45:33
ಭೂತ,"ದೇವಾಲಯದ ಬಿ~ ನೆಲಮಾಳಿಗೆಯನ್ನು ತೆರೆದರೆ ಭೂತ ಕಾಟ ಉಂಟಾಗುತ್ತದೆಂದು ರಾಜ ಮನೆತನವು ಸುಳ್ಳು ಸುದ್ದಿ ಹರಡುತ್ತಿದೆ~ ಎಂದು ಕಿಡಿಕಾರಿದ ಅವರು, ವರ್ಮ ನೆಲಮಾಳಿಗೆ ತೆರೆದಾಗ ಮಾತ್ರ ಏನು ಆಗುವುದಿಲ್ಲವೇ~ ಎಂದು ಖಾರವಾಗಿ ಪ್ರಶ್ನಿಸಿದ್ದಾರೆ.","ದೆವ್ವ, ಪಿಶಾಚಿ",Devil,Yes,Darshan R K,2025-02-08 07:45:33
ಭೂತ,ಇಯರ್‌ ಫೋನ್‌ ಹಾಕಿಕೊಂಡು ಈ ದೃಶ್ಯಾವಳಿ ವೀಕ್ಷಿಸಿದರೆ ಅಂದು ರಾತ್ರಿ ಆ ವ್ಯಕ್ತಿಯ ಕನಸಿನಲ್ಲಿ ಭೂತ ಖಂಡಿತವಾಗಿಯೂ ಬರುತ್ತದೆ ಎಂಬುದು ವ್ಯೋಮ ಸಂಸ್ಥೆಯ ಭರತ್ ಹೇಳುವ ಮಾತು.,"ದೆವ್ವ, ಪಿಶಾಚಿ",Devil,Yes,Darshan R K,2025-02-08 07:45:33
ಭೂತ,ವರ್ತಮಾನ ಕಾಲ ಭೂತ ಕಾಲದ ನೆಲೆಗಟ್ಟಿನ ಮೇಲೆ ನಿಂತಿದೆ.,"ಹಿಂದೆ ಆದುದು, ಕಳೆದುದು",Past,Yes,Darshan R K,2025-02-08 07:16:34
ಭೂತ,"ಇದು ಪದಾದಿಯ ಸ್ಟ್ ಧ್ವನಿಮಾಕ್ಕೆ ಉದಾಹರಣೆಗಳುಕ, ಹಾಗೆಯೇ ಭೂತ ಕಾಲಸೂಚಕವಾಗಿಯೂ ಅದರ ಬಳಕೆಯಿದೆ –","ಹಿಂದೆ ಆದುದು, ಕಳೆದುದು",Past,Yes,Darshan R K,2025-02-08 07:16:35
ಭೂತ,ಬಿಇಓ ಎಲ್ ಜಯಪ್ಪ ಮಾತನಾಡಿ ಪರಿಸರ ಸಂರಕ್ಷಣೆ ಮೂಲ ಭೂತ ಕರ್ತವ್ಯವಾಗಿದೆ.,"ಹಿಂದೆ ಆದುದು, ಕಳೆದುದು",Past,Yes,Darshan R K,2025-02-08 07:16:35
ಭೂತ,"ನಾಟಕದ ಸ್ಟೇಜು ಕಟ್ಟುವವನಿಂದ ಹಿಡಿದು, ಕಲಾವಿದರು ತಂತ್ರಜ್ಞರವರೆಗೆ ಒಂದು ರೀತಿಯ ಬದ್ಧತೆ, ಹುಮ್ಮಸ್ಸು ತುಂಬಿರುತ್ತಿತ್ತು ಎಂದು ರಾಜ್‌ ಭೂತ ಹಾಗೂ ವರ್ತಮಾನವನ್ನು ಬೆಸೆಯುವ ಪ್ರಯತ್ನ ನಡೆಸಿದರು.","ಹಿಂದೆ ಆದುದು, ಕಳೆದುದು",Past,Yes,Darshan R K,2025-02-08 07:16:35
ಭೂತ,ಕೊಸಾಂಬಿಯವರ ವ್ಯಾಖ್ಯಾನವನ್ನು ಉಲ್ಲೇಖಿಸಬೇಕು: ಚರಿತ್ರೆಕಾರನ ಕೆಲಸ ಕೇವಲ ಭೂತಕಾಲವನ್ನು ಪ್ರೀತಿಸುವುದು ಅಥವಾ ಭೂತ ಕಾಲದಿಂದ ದೂರವಾಗುವುದಲ್ಲ.,"ಹಿಂದೆ ಆದುದು, ಕಳೆದುದು",Past,Yes,Darshan R K,2025-02-08 07:16:35
ಭೂತ,ಭೂತ ಎನ್ನುವುದು ವರ್ತಮಾನದ ನಡುಗೆಯೊಂದಿಗೆ ಬೆಸೆದುಕೊಂಡಿದೆ.,"ಹಿಂದೆ ಆದುದು, ಕಳೆದುದು",Past,Yes,Darshan R K,2025-02-08 07:16:35
ಭೂತ,ಅವೆಲ್ಲ ದೂರದ ಭೂತ ಹಾಗೂ ನಿಗೂಢ ಭವಿಷ್ಯ.,"ಹಿಂದೆ ಆದುದು, ಕಳೆದುದು",Past,Yes,Darshan R K,2025-02-08 07:16:35
ಭೂತ,ರಾಜಕಾರಣಿಗಳ ತರಹ ಇತರರ ಭೂತ ದಹನ ಮಾಡಿಲ್ಲ.,"ಹಿಂದೆ ಆದುದು, ಕಳೆದುದು",Past,Yes,Darshan R K,2025-02-08 07:16:35
ಭೂತ,ಸಮೀಪದ ಹೆಗ್ಗೋಡಿನಲ್ಲಿ ನಡೆಯುತ್ತಿರುವ ನೀನಾಸಂ ಸಂಸ್ಕೃತಿ ಶಿಬಿರದಲ್ಲಿ ಸೋಮವಾರ ಗಾಂಧಿ ಕಲ್ಪನೆ ಶಿಕ್ಷಣ ಮಾರ್ಗದ ಭೂತ ಮತ್ತು ಭವಿಷ್ಯ ವಿಷಯ ಕುರಿತು ಅವರು ಮಾತನಾಡಿದರು.,"ಹಿಂದೆ ಆದುದು, ಕಳೆದುದು",Past,Yes,Darshan R K,2025-02-08 07:16:35
ಭೂತ,ಅಳಿದ ಭೂತ ಕಾಲ,"ಹಿಂದೆ ಆದುದು, ಕಳೆದುದು",Past,Yes,Darshan R K,2025-02-08 07:16:35
ಭೂತ,ನೀರ್ಚಾಲು:(ವಿಶ್ವಕನ್ನಡಿಗ ನ್ಯೂಸ್): ಉತ್ತಮ ವರದಿಗಾರನೊಬ್ಬನಿಗೆ ಭೂತ ಭವಿಷ್ಯ ವರ್ತಮಾನಗಳ ಕಲ್ಪನೆಯಿದ್ದು ವರದಿಗಾರಿಕೆಯಲ್ಲಿ ತನ್ನತನವನ್ನು ಬೆಳೆಸಿಕೊಂಡರೆ ಉಜ್ವಲಭವಿಷ್ಯ ಕಂಡುಕೊಳ್ಳಬಹುದುಎಂದು ವಿಜಯವಾಣಿ ಪತ್ರಿಕೆಯ ವರದಿಗಾರ ಪುರುಷೋತ್ತಮ ಭಟ್ ಪುದುಕೋಳಿ ಅಭಿಪ್ರಾಯಪಟ್ಟರು.,"ಹಿಂದೆ ಆದುದು, ಕಳೆದುದು",Past,Yes,Darshan R K,2025-02-08 07:16:35
ಭೂತ,ವೃದ್ಧಾಪ್ಯ ಮತ್ತು ಯೌವನಗಳ ನಡುವಿನ ಸಂಬಂಧಗಳ ಮೂಲಕ ಭೂತ ವರ್ತಮಾನಗಳ ಸಂಬಂಧವನ್ನು ವ್ಯಕ್ತಗೊಳಿಸುವುದರಲ್ಲಿ ಈ ಸಂಕಲನದ ಕಥೆಗಳಲ್ಲೆಲ್ಲ ನಗರ ಪ್ರಜ್ಞೆಯಿರುವ ಪ್ರಮುಖ ವ್ಯಕ್ತಿಯೆಂದರೆ ರಂಗನಾಥ ಎಂಬುದು ಗಮನಾರ್ಹ ಸಂಗತಿ.,"ಹಿಂದೆ ಆದುದು, ಕಳೆದುದು",Past,Yes,Darshan R K,2025-02-08 07:16:35
ಭೂತ,"ಇಲ್ಲಿಬರಲ್ ಇಂಡಿಯ ಪುಸ್ತಕದ ಪೂರ್ತಿ ಗೌರಿಯವರನ್ನು ಅವರು ಹೋರಾಟಗಾರ್ತಿಯಾಗಿ ರೂಪುಗೊಂಡದ್ದನ್ನು ಸನ್ನಿವೇಶಗಳು, ಘಟನೆಗಳು, ಪ್ರಸಂಗಗಳು, ಮಾತುಕತೆಗಳ ಮೂಲಕ, ಅವುಗಳ ಐತಿಹಾಸಿಕ, ಸಾಮಾಜಿಕ, ಸದ್ಯದ ಭೂತ ಮತ್ತು ವರ್ತಮಾನದ ಎಳೆಗಳ ಮೂಲಕ ನೇಯ್ದು ಕೊಟ್ಟಿದ್ದಾರೆ.","ಹಿಂದೆ ಆದುದು, ಕಳೆದುದು",Past,Yes,Darshan R K,2025-02-08 07:16:35
ಭೂತ,"ನೇ ವಯಸ್ಸಿನಲ್ಲಿದ್ದಾಗ, ಅವರು ಈಗಾಗಲೇ ಶೀರ್ಷಿಕೆ ಭೂತ ಸಂದರ್ಭದಲ್ಲಿ USSR ನ ರಾಷ್ಟ್ರೀಯ ತಂಡದ ಪರವಾಗಿ ಆಡಿದರು, ಮತ್ತು ಟಾಪ್ ಫೈವ್ ಕ್ರೀಡೆ ಗೌರವಿಸಲಾಯಿತು ಮಾಸ್ಟರ್.","ಹಿಂದೆ ಆದುದು, ಕಳೆದುದು",Past,Yes,Darshan R K,2025-02-08 07:16:35
ಭೂತ,"ಚಂದ್ರಶೇಖರ ಪಾಟೀಲರು ಕನ್ನಡ ಕಾವ್ಯದ ಭೂತ ಭವಿಷ್ಯವ ಬಣ್ಣಿಸಿ ಹೇಳೋ ಗಾಂಪಾ; ನಮ್ಮ ಆದಿಕವಿ ಪಂಪಾ, ಗುರುವೇ ನಮ್ಮ ಅಂತ್ಯಕವಿ ಚಂಪಾ ಅಂದು ತಮ್ಮನ್ನೇ ತಾವು ವಿನೋದ ಮಾಡಿಕೊಳ್ಳುತ್ತಾರೆ.","ಹಿಂದೆ ಆದುದು, ಕಳೆದುದು",Past,Yes,Darshan R K,2025-02-08 07:16:35
ಭೂತ,"ನೀವು ನೋಡಬಹುದು ಎಂದು, ಅಪೂರ್ಣ ಮಾದರಿ ಮಾತುಗಳಲ್ಲಿ ಯಾವಾಗಲೂ ತಮ್ಮ ಸಂಪೂರ್ಣತೆ ಯಾವುದೇ ಸೂಚನೆ ಇಲ್ಲದೆ ಪುನರಾವರ್ತಿತ ಅಥವಾ ಸುದೀರ್ಘವಾದ ಕ್ರಮ ಬೆಟ್ಟು, ಹಾಗೂ ಸಮಯ (ವರ್ತಮಾನ, ಭೂತ ಮತ್ತು ಭವಿಷ್ಯ) ಎಲ್ಲಾ ಮೂರು ಪ್ರಕಾರಗಳಾಗಿವೆ.","ಹಿಂದೆ ಆದುದು, ಕಳೆದುದು",Past,Yes,Darshan R K,2025-02-08 07:16:35
ಭೂತ,ನಾನು ನೀನುಗಳ ನಡುವೆ ಖುಷಿ ಲಕ್ಷ್ಮಿಗಳ ನಡುವೆ ಭೂತ ಭವಿಷ್ಯಗಳ ನಡುವೆ ವರ್ತಮಾನದಲ್ಲಿ ನೀವು ನೋಡುವ ಸತ್ಯ ಅರಗಿಸಿಕೊಂಡರೆ ಸಾಕು.,"ಹಿಂದೆ ಆದುದು, ಕಳೆದುದು",Past,Yes,Darshan R K,2025-02-08 07:16:35
ಭೂತ,ನಿತ್ಯಕಥೆ ಎಂದರೆ ಭೂತ ವರ್ತಮಾನ ಭವಿಷ್ಯತ್ ಕಾಲಗಳಿಗೆ ಮಾತ್ರ ಅನ್ವಿತವಾಗದೆ ಅವುಗಳನ್ನೊಳಗೊಂಡೂ ಅತೀತವಾಗಿ ನಿಲ್ಲುವ ಕಥೆ: ತ್ರಿಕಾಲಾತೀತವಾದ ಅಲೋಕಸತ್ಯಗಳು ಲೋಕಕಾಲದೇಶಾಧೀನವಾಗಿ ಸ್ವತಂತ್ರವಾಗಿ ರೂಪಗೊಂಡು ಸ್ವಭಾವತಂತ್ರವಾಗಿ ವಿಕಾಸಗೊಳ್ಳುವುದನ್ನು ಪ್ರತಿಮಾವಿಧಾನದಿಂದ ನಿರೂಪಿಸುವ ಕಥೆ.,"ಹಿಂದೆ ಆದುದು, ಕಳೆದುದು",Past,Yes,Darshan R K,2025-02-08 07:16:35
ಭೂತ,ಆದರೆ ನಾನು ಬರೆಯಲು ಆರಂಭಿಸಿದಾಗ ಬಾಲಕ ನಾಗಿ ಅಥವಾ ಹದೆಹರೆಯದವನಾಗಿದ್ದಾಗ ನನಗಿರದಿದ್ದಂತಹ ಧೈರ್ಯ ಹಾಗೂ ಸಾಹಸತನದೊದಿಗೆ ನನ್ನ ಭೂತ ಕಾಲವನ್ನು ಮರು ಜೀವಂತಗೊಳಿಸಲು ಬಯಸಿದ್ದೆ.,"ಹಿಂದೆ ಆದುದು, ಕಳೆದುದು",Past,Yes,Darshan R K,2025-02-08 07:16:35
ಭೂತ,ಈ ಭೂತ ನಮ್ಮ ಭವಿಷ್ಯದಲ್ಲಿ ಹಾಜರಾಗುತ್ತಾ ಎಂದು ನ್ಯೂಸ್ ಚಾನೆಲ್ಲುಗಳು ಯಾಕೆ ಒಬ್ಬ ಜ್ಯೋತಿಷಿಯನ್ನು ಕರೆಸಿ ಪ್ರೋಗ್ರಾಂ ಮಾಡಿಲ್ಲ ಎಂಬ ವಿಸ್ಮಯವೂ ನನ್ನನ್ನು ಕಾಡುತ್ತಿದೆ.,"ಹಿಂದೆ ಆದುದು, ಕಳೆದುದು",Past,Yes,Darshan R K,2025-02-08 07:16:35
ಭೂತ,ವರ್ತಮಾನ ಮತ್ತು ಭೂತ ಕಾಲದಲ್ಲಿ ಆಗಿ ಹೋದ ಕಲಾವಿದರ ಕಲಾಭಿಜ್ಞತೆಯ ನೆನಪು ಹಂದೆಯವರಲ್ಲಿದೆ.,"ಹಿಂದೆ ಆದುದು, ಕಳೆದುದು",Past,Yes,Darshan R K,2025-02-08 07:16:35
ಭೂತ,"ಕಲೆಯ ಭೂತ ವರ್ತಮಾನ ಭವಿಷ್ಯಗಳ ವಿವೇಚನೆ, ಮುಖ್ಯತಃ, ಪ್ರಸ್ತುತ ಸ್ಥಿತಿ ಗತಿಗಳ ಮತ್ತು ಆಗಬೇಕಾದ ಕೆಲಸಗಳ ಚಿಂತನೆಗಳು ಇವೆಲ್ಲ ಅಪೇಕ್ಷಿತ.","ಹಿಂದೆ ಆದುದು, ಕಳೆದುದು",Past,Yes,Darshan R K,2025-02-08 07:16:35
ಭೂತ,"ಯಮುನಾ ನದಿಗೆ ಅಡ್ಡಲಾಗಿ ಇರುವ ಸೇತುವೆಯ ಮೇಲಿನ ನಿಹಾಂಗ್ ಸಿಖ್, ಭೂತ ಹಾಗೂ ಭವಿಷ್ಯತ್ತಿನ ನಡುವೆ ಸಮಚಿತ್ತದಲ್ಲಿರುವಂತೆ ಕಂಡು ಬಂದ ಪಟ್ನಾದ ಗೋಡೆ, ಬೆಂಗಳೂರಿನಲ್ಲಿ ಹಳೆಯ ಚರ್ಚ್‌ಗೆ ಎದುರಾಗಿ ಮಾರಾಟಕ್ಕಿಟ್ಟ ನಸುಗೆಂಪು ಚಡ್ಡಿಗಳನ್ನು ಚಿತ್ರಗಳಾಗಿ ಸೆರೆ ಹಿಡಿದಿರುತ್ತಿದ್ದೆ.","ಹಿಂದೆ ಆದುದು, ಕಳೆದುದು",Past,Yes,Darshan R K,2025-02-08 07:16:35
ಭೂತ,"ಭೂತ ಭವಿಷ್ಯಾನ್ನ ಚಿಂತೆ ಮಾಡದವನಿಗೆ ಸುಖ ಅಸುಖ ಮಾತ್ರ ಇದೆ, ಫಲದ ಪ್ರಶ್ನೆ ಇಲ್ಲ.","ಹಿಂದೆ ಆದುದು, ಕಳೆದುದು",Past,Yes,Darshan R K,2025-02-08 07:16:35
ಭೂತ,ನೆಹರೂ ಅವರು ಅಂಬೇಡ್ಕರ್ ಮಾತು ಕೇಳಬೇಕಾಗಿತ್ತು ಎಂಬ ಭೂತ ಕಾಲದ ಮಾತುಗಳನ್ನಾಡುವ ಕಲ್ಲಡ್ಕ ಪ್ರಭಾಕರ್ ಭಟ್ರೇ ಅಂಬೇಡ್ಕರ್ ಹೇಳಿದ ಮಾತುಗಳನ್ನು ನೀವು ಕೇಳಿಸಿಕೊಳ್ಳಿ.,"ಹಿಂದೆ ಆದುದು, ಕಳೆದುದು",Past,Yes,Darshan R K,2025-02-08 07:16:35
ಭೂತ,ಹೀಗೆ ಭೂತ ಭವಿಷ್ಯ ಮತ್ತು ವರ್ತಮಾನ ಎಂಬ ಮೂರು ಕಾಲರೂಪದಲ್ಲಿಯೇ ಪಾತ್ರಗಳನ್ನು ಕಟ್ಟುತ್ತಾ ಹೋದೆ.,"ಹಿಂದೆ ಆದುದು, ಕಳೆದುದು",Past,Yes,Darshan R K,2025-02-08 07:16:35
ಭೂತ,ಉಡುಪಿ: ಪರ್ಯಾಯೋತ್ಸವವೆಂದರೆ ಇದು ಭೂತ ಮತ್ತು ಭವಿಷ್ಯ ಕಾಲದ ನಡುವಿನ ಕೊಂಡಿ.,"ಹಿಂದೆ ಆದುದು, ಕಳೆದುದು",Past,Yes,Darshan R K,2025-02-08 07:16:35
ಭೂತ,ಭೂತ ಹಾಗೂ ಭವಿಷ್ಯತ್ ಗಳ ಚಿಂತೆಯಲ್ಲಿ ಬಂಧಿಯಾಗಿರುವ ನಾಯಕನ ಸುತ್ತ ಹೆಣೆದಿರುವ ವರ್ತಮಾನ ಚಿತ್ರಕ್ಕೆ ಮಿಶ್ರ ಪ್ರತಿಕ್ರಿಯೆ ವ್ಯಕ್ತವಾಗಿದೆ.,"ಹಿಂದೆ ಆದುದು, ಕಳೆದುದು",Past,Yes,Darshan R K,2025-02-08 07:16:35
ಭೂತ,ಅಂದರೆ ಭೂತ ವರ್ತಮಾನ ಹಾಗೂ ಭವಿಷ್ಯತ್ ಕಾಲವನ್ನು ಏಕಕಾಲಕ್ಕೆ ಗ್ರಹಿಸಬಲ್ಲವರಾಗಿದ್ದರು.,"ಹಿಂದೆ ಆದುದು, ಕಳೆದುದು",Past,Yes,Darshan R K,2025-02-08 07:16:35
ಭೂತ,ನಮ್ಮ ಪರಿಕಲ್ಪನೆಯಲ್ಲಿ ಭೂತ ಹಾಗೂ ವರ್ತಮಾನ ಕಾಲ ಮಾತ್ರ ಇದೆ.,"ಹಿಂದೆ ಆದುದು, ಕಳೆದುದು",Past,Yes,Darshan R K,2025-02-08 07:16:35
ಭೂತ,"ಅಲ್ಲಿನ ಹಸಿರು, ಆಡುವ ಹಕ್ಕಿಗಳ ಹಿಂಡು ನನ್ನ ಹಾಗೆ ಭೂತ ಭವಿಷ್ಯಗಳ ಕಾಟವಿಲ್ಲದ್ದಕ್ಕೇ ಉಲ್ಲಸಿತವಾಗಿಯೇ ಕಾಣುತ್ತಿತ್ತು.","ಹಿಂದೆ ಆದುದು, ಕಳೆದುದು",Past,Yes,Darshan R K,2025-02-08 07:16:35
ಭೂತ,ಆದರೂ ಇಲ್ಲಿ ಕನ್ನಡ ಸಂಶೋಧನೆಯ ಭೂತ ಮತ್ತು ಭವಿಷ್ಯತ್ತು ಎರಡನ್ನು ಕುರಿತೂ ವಿಶ್ಲೇಷಣೆ ನಡೆಸಲಾಗಿದೆ.,"ಹಿಂದೆ ಆದುದು, ಕಳೆದುದು",Past,Yes,Darshan R K,2025-02-08 07:16:35
ಭೂತ,"ವರ್ತಮಾನದ ಒಡಲಲ್ಲಿಯೇ ಭೂತ ಅಡಗಿರುವುದರಿಂದ, ಸಮಕಾಲೀನ ಬದುಕಿನ ಯಾವುದೇ ಘಟನೆಯನ್ನು ತೆಗೆದುಕೊಂಡರೂ ಸಂವೇದನಾಶೀಲನಾದ ಬರಹಗಾರನಿಗೆ ವರ್ತಮಾನದ ಆಚೆ-ಈಚೆಗಿನ ಒಟ್ಟು ನಕಾಶ ಕಣ್ಣಿಗೆ ಹೊಡೆಯುತ್ತದೆ.","ಹಿಂದೆ ಆದುದು, ಕಳೆದುದು",Past,Yes,Darshan R K,2025-02-08 07:16:35
ಭೂತ,ಭೂತ ಮತ್ತು ವರ್ತಮಾನದ ಅರಿವು ಪಡೆದು ವಾಸ್ತವದಲ್ಲಿ ಮಾಡಬೇಕಾಗಿರುವುದೇ ಎಂಬುದನ್ನು ಅರಿತುಕೊಳ್ಳುವ ಕಾಲಘಟ್ಟವದು.,"ಹಿಂದೆ ಆದುದು, ಕಳೆದುದು",Past,Yes,Darshan R K,2025-02-08 07:16:35
ಭೂತ,"ಆದರೆ ಸಮಾಜದ ಆಗುಹೋಗುಗಳನ್ನು, ಭೂತ ಭವಿಷ್ಯಗಳನ್ನು ಮತ್ತು ವರ್ತಮಾನದ ತಲ್ಲಣಗಳನ್ನು ಒರೆ ಹಚ್ಚಿ ನೋಡುವ ಮೂಲಕ ಸ್ಥಾಪಿತ ವ್ಯವಸ್ಥೆಯಲ್ಲಿನ ಲೋಪಗಳನ್ನು ತಿದ್ದಲು ಯತ್ನಿಸುವ ಕಲೆ, ಸಾಹಿತ್ಯ ಮತ್ತು ಸಂವಹನ ಮಾಧ್ಯಮಗಳ ದೃಷ್ಟಿಯಲ್ಲಿ ಅಭಿವ್ಯಕ್ತಿ ಸ್ವಾತಂತ್ರ್ಯ ಬೌದ್ಧಿಕ ನೆಲೆಯಲ್ಲಿ ಕಂಡುಬರುತ್ತದೆ.","ಹಿಂದೆ ಆದುದು, ಕಳೆದುದು",Past,Yes,Darshan R K,2025-02-08 07:16:35
ಭೂತ,ಕಥೆ ಅರ್ಥಪೂರ್ಣವಾಗಿ ಬಾಲ್ಯ – ಭೂತ – ವಾಸ್ತವ – ಅಪ್ಪ – ಹಳ್ಳಿ – ಬಾದಾಮಿ ಗಿಡ – ಗುಬ್ಬಿ ಆಯಿ ಎಲ್ಲರನ್ನು ಎಲ್ಲವನ್ನೂ ಬೆಸೆಯುತ್ತಾ ಸಾಗುತ್ತದೆ.,"ಹಿಂದೆ ಆದುದು, ಕಳೆದುದು",Past,Yes,Darshan R K,2025-02-08 07:16:35
ಭೂತ,ಸೈಬರ್ ಸೆಕ್ಯೂರಿಟಿಯಿಂದ ಹೋಮಿಯೋಪಥಿಯವರೆಗೆ ಒಂಭತ್ತು ದ್ವಿಪಕ್ಷೀಯ ಒಪ್ಪಂದಗಳಿಗೆ ಸಹಿಬಿದ್ದು ಉಭಯ ದೇಶಗಳ ನಡುವಿನ ಸಂಬಂಧವರ್ಧನೆಯಲ್ಲಿ ಮೈಲಿಗಲ್ಲು ಎಂದು ವರ್ಣಿತವಾಗುತ್ತಿರುವ ಈ ಭೇಟಿಯನ್ನು ಭೂತ ಮತ್ತು ಭವಿಷ್ಯಗಳ ಒರೆಗಲ್ಲಿಗೆ ತಿಕ್ಕಿ ಇದರ ನಿಜವಾದ ಮೌಲ್ಯಮಾಪನ ಮಾಡುವುದು ಎರಡು ಭಾಗಗಳ ಈ ಲೇಖನದ ಉದ್ದೇಶ.,"ಹಿಂದೆ ಆದುದು, ಕಳೆದುದು",Past,Yes,Darshan R K,2025-02-08 07:16:35
ಭೂತ,"ಅಲ್ಲಿ ಒಬ್ಬ ಬ್ರಾಹ್ಮಣ ಕಣ್ಣು ಮುಚ್ಚಿ, ಮೂಗು ಹಿಡಿದುಕೊಂಡು ಕುಳಿತು, ತಾನೊಬ್ಬ ದೊಡ್ಡ ಯೋಗಿಯೆಂದೂ, ಮನಸ್ಸನ್ನು ತನ್ನ ಹತೋಟಿಯಲ್ಲಿಟ್ಟುಕೊಂಡವನೆಂದೂ, ಭೂತ ಭವಿಷ್ಯಗಳನ್ನು ಬಲ್ಲವನೆಂದೂ ಕೊಚ್ಚಿಕೊಳ್ಳುತ್ತಿದ್ದ.","ಹಿಂದೆ ಆದುದು, ಕಳೆದುದು",Past,Yes,Darshan R K,2025-02-08 07:16:35
ಭೂತ,"ಭೂತ ಕಾಲವಾಗಲಿ, ಭವಿಷ್ಯತ್ ಕಾಲವಾಗಲಿ ಇಲ್ಲ ಇರುವುದು ವರ್ತಮಾನ ಕಾಲ ಮಾತ್ರ ಅದು ಕೂಡ ಒಂದು ಭ್ರಮೆ ಅಷ್ಟೆ .","ಹಿಂದೆ ಆದುದು, ಕಳೆದುದು",Past,Yes,Darshan R K,2025-02-08 07:16:36
ಭೂತ,ಸದನದಲ್ಲಿ ನೀಲಿ ಚಿತ್ರ ನೋಡಿದ್ದ ತಮ್ಮ ಶಾಸಕರ ಭೂತ ಕಾಲದ ಇತಿಹಾಸವನ್ನು ಮನಗಂಡಿರುವ ಬಿಜೆಪಿ ಸರ್ಕಾರ ಸದನದಲ್ಲಿ ದೃಶ್ಯ ಮಾಧ್ಯಮಗಳಿಗೆ ಶಾಶ್ವತ ನಿಷೇಧ ಹೇರಲು ಮುಂದಾಗಿದೆ.,"ಹಿಂದೆ ಆದುದು, ಕಳೆದುದು",Past,Yes,Darshan R K,2025-02-08 07:16:36
ಮಂಡಿ,ಮಂಡಿ ಮೇಲಿನ ದೇಹದ ಅಂಗವೈಕಲ್ಯದ ಅಥ್ಲೀಟ್ ಗಳು ಟಿ-೪೨ ವಿಭಾಗದ ಟ್ರ್ಯಾಕ್ ಅಂಡ್ ಫೀಲ್ಡ್ ವಿಭಾಗದಲ್ಲಿ ಸ್ಪರ್ಧಿಸಬಹುದು.,ತೊಡೆ ಮತ್ತು ಕಣಕಾಲಿನ ಮಧ್ಯದ ಕೀಲುಸಂಧಿ,Knee,Yes,Darshan R K,2025-02-08 14:33:52
ಮಂಡಿ,-ಆದರೆ ಈಗಾಗಲೇ ಮಂಡಿ ನೋವು ಇರುವವರು ಈ ಆಸನ ಮಾಡಬಾರದು.,ತೊಡೆ ಮತ್ತು ಕಣಕಾಲಿನ ಮಧ್ಯದ ಕೀಲುಸಂಧಿ,Knee,Yes,Darshan R K,2025-02-08 14:33:52
ಮಂಡಿ,"ನಿಮಗೂ ಮಂಡಿ ನೋವಿದ್ದಲ್ಲಿ, ನೀವು ಸಹ ಈ ಮನೆ ಮದ್ದುಗಳ ಸಹಾಯದಿಂದ ಅದನ್ನು ನಿವಾರಿಸಿಕೊಳ್ಳಬಹುದು.",ತೊಡೆ ಮತ್ತು ಕಣಕಾಲಿನ ಮಧ್ಯದ ಕೀಲುಸಂಧಿ,Knee,Yes,Darshan R K,2025-02-08 14:33:52
ಮಂಡಿ,ಮಂಡಿ ನೋವಿಗೆ ಸಾವಿರಾರು ಕಾರಣಗಳಿರುತ್ತವೆ.,ತೊಡೆ ಮತ್ತು ಕಣಕಾಲಿನ ಮಧ್ಯದ ಕೀಲುಸಂಧಿ,Knee,Yes,Darshan R K,2025-02-08 14:33:52
ಮಂಡಿ,? ಮಂಡಿ ಮೇಲಾಗಿದ್ದ ಕಪ್ಪು ಕಲೆಗಳನ್ನೇ ದಿಟ್ಟಿಸುತ್ತಾ ಕೇಳಿದಳು.,ತೊಡೆ ಮತ್ತು ಕಣಕಾಲಿನ ಮಧ್ಯದ ಕೀಲುಸಂಧಿ,Knee,Yes,Darshan R K,2025-02-08 14:33:52
ಮಂಡಿ,ಊರಿ ಮಂಡಿ ಮೈ ಬಗ್ಗಿ ಅಡಿಗೆ ಮನೆ ನೆಲವನ್ನುಜ್ಜುವುದು ೧೦,ತೊಡೆ ಮತ್ತು ಕಣಕಾಲಿನ ಮಧ್ಯದ ಕೀಲುಸಂಧಿ,Knee,Yes,Darshan R K,2025-02-08 14:33:52
ಮಂಡಿ,"ಹಾಗೆಯೇ, ಮಂಡಿ ನೋವಿನಿಂದಾಗಿ ಡೆನ್ಮಾರ್ಕ್‌ ಹಾಗೂ ಫ್ರ್ಯಾನ್ಸ್‌ ಓಪನ್‌ ಟೂರ್ನಿಗಳಿಂದಲೂ ತಪ್ಪಿಸಿಕೊಂಡಿದ್ದರು.",ತೊಡೆ ಮತ್ತು ಕಣಕಾಲಿನ ಮಧ್ಯದ ಕೀಲುಸಂಧಿ,Knee,Yes,Darshan R K,2025-02-08 14:33:52
ಮಂಡಿ,ಮಂಡಿ ನೋವಿನಿಂದ ಬಳಲುತ್ತಿದ್ದ ಧವನ್ ಮೊದಲ ಟೆಸ್ಟ್ ಪಂದ್ಯದಲ್ಲಿ ಭಾಗವಹಿಸುವುದು ಅನುಮಾನವೇ ಆಗಿತ್ತು.,ತೊಡೆ ಮತ್ತು ಕಣಕಾಲಿನ ಮಧ್ಯದ ಕೀಲುಸಂಧಿ,Knee,Yes,Darshan R K,2025-02-08 14:33:52
ಮಂಡಿ,"ಸೂಚನೆ: ಹೆಚ್ಚಿನ ರಕ್ತದೊತ್ತಡ, ಅರೆತಲೆನೋವು, ಮಂಡಿ ನೋವು ಇದ್ದವರು ಈ ಆಸನವನ್ನುಅಭ್ಯಾಸ ಮಾಡುವುದು ಬೇಡ.",ತೊಡೆ ಮತ್ತು ಕಣಕಾಲಿನ ಮಧ್ಯದ ಕೀಲುಸಂಧಿ,Knee,Yes,Darshan R K,2025-02-08 14:33:52
ಮಂಡಿ,ದೇಹದ ತೂಕ ಹೆಚ್ಚಾದರೆ ಮಂಡಿ ನೋವು ಕಾಣಿಸಿಕೊಳ್ಳುತ್ತದೆ.,ತೊಡೆ ಮತ್ತು ಕಣಕಾಲಿನ ಮಧ್ಯದ ಕೀಲುಸಂಧಿ,Knee,Yes,Darshan R K,2025-02-08 14:33:52
ಮಂಡಿ,"ವಯಸ್ಸಾದ ಅಪ್ಪನಿಗೆ ಇತ್ತೀಚೆಗೆ ಮಂಡಿ ನೋವು ತುಂಬಾ ಕಾಡುತ್ತಿತ್ತಾದ್ದರಿಂದ ಡಾಕ್ಟರ್‌, ಕಾಲುನೋವಿಗೆ ವಿಶ್ರಾಂತಿಯೊಂದೇ ಏಕೈಕ ಪರಿಹಾರ ಎಂದಿದ್ದರು.",ತೊಡೆ ಮತ್ತು ಕಣಕಾಲಿನ ಮಧ್ಯದ ಕೀಲುಸಂಧಿ,Knee,Yes,Darshan R K,2025-02-08 14:33:52
ಮಂಡಿ,"ಅನೇಕ ಚಾಲನೆಯಲ್ಲಿರುವ ಗಾಯಗಳು, ವಿಶೇಷವಾಗಿ ಮಂಡಿ ಮತ್ತು ಹಿಪ್-ಸಂಬಂಧಿತ ಸಮಸ್ಯೆಗಳು, ಸ್ನಾಯುವಿನ ಅಸಮತೋಲನ ಅಥವಾ ದೌರ್ಬಲ್ಯಗಳ ಪರಿಣಾಮವಾಗಿದೆ.",ತೊಡೆ ಮತ್ತು ಕಣಕಾಲಿನ ಮಧ್ಯದ ಕೀಲುಸಂಧಿ,Knee,Yes,Darshan R K,2025-02-08 14:33:52
ಮಂಡಿ,ಆಗಸ್ಟ್‌ನಲ್ಲಷ್ಟೇ ಮಂಡಿ ನೋವಿಗೆ ಶಸ ಚಿಕಿತ್ಸೆಗೆ ಒಳಗಾಗಿದ್ದರು.,ತೊಡೆ ಮತ್ತು ಕಣಕಾಲಿನ ಮಧ್ಯದ ಕೀಲುಸಂಧಿ,Knee,Yes,Darshan R K,2025-02-08 14:33:52
ಮಂಡಿ,"ಅದೇರೀತಿ ಮಂಡಿ ನೋವು, ಕಾಲು ನೋವು ಇತ್ತು.",ತೊಡೆ ಮತ್ತು ಕಣಕಾಲಿನ ಮಧ್ಯದ ಕೀಲುಸಂಧಿ,Knee,Yes,Darshan R K,2025-02-08 14:33:52
ಮಂಡಿ,ಕೃತಕ ಮಂಡಿ ಚಿಪ್ಪನ್ನು ಕೂಡ ಇತ್ತೀಚೆಗೆ ಈ ವ್ಯಾಪ್ತಿಗೆ ತರಲಾಗಿದೆ.,ತೊಡೆ ಮತ್ತು ಕಣಕಾಲಿನ ಮಧ್ಯದ ಕೀಲುಸಂಧಿ,Knee,Yes,Darshan R K,2025-02-08 14:33:52
ಮಂಡಿ,"ಅರುವತ್ತು ದಾಟಿರುವ ಮಂಗಳಾ ಚಂದ್ರಶೇಖರ್ ಅವರಿಗೆ ಮಂಡಿ ನೋವು, ಬೆನ್ನುನೋವಿಗೆ ವಾಕಿಂಗ್‌ಗಿಂತಲೂ ಇಲ್ಲಿನ ಜಿಮ್‌ನಲ್ಲಿ ಸರಳ ಕಸರತ್ತು ಮಾಡುವುದು ಹೆಚ್ಚು ಸಹಕಾರಿಯಾಗಿದೆಯಂತೆ.",ತೊಡೆ ಮತ್ತು ಕಣಕಾಲಿನ ಮಧ್ಯದ ಕೀಲುಸಂಧಿ,Knee,Yes,Darshan R K,2025-02-08 14:33:52
ಮಂಡಿ,"ಮಂಡಿ ನೋವಿನ ಶಸ್ತ್ರಚಿಕಿತ್ಸೆಗೆ ಒಳಗಾದ ಬಳಿಕ ಮೊದಲ ಮಹತ್ವದ ಟೂರ್ನಿ ಆಡುತ್ತಿರುವ ಸೈನಾ ಶನಿವಾರ ನಡೆದ ಸೆಮಿಫೈನಲ್ ನಲ್ಲಿ 21-13, 21-10ರಲ್ಲಿ ಯಿಪ್ ಪುಯಿ ಯಿನ್ ಎದುರು ಸುಲಭ ಗೆಲುವು ಪಡೆದು ಫೈನಲ್ ಪ್ರವೇಶಿಸಿದ್ದರು.",ತೊಡೆ ಮತ್ತು ಕಣಕಾಲಿನ ಮಧ್ಯದ ಕೀಲುಸಂಧಿ,Knee,Yes,Darshan R K,2025-02-08 14:33:52
ಮಂಡಿ,ಚಳಿಗಾಲದಲ್ಲಿ ಕಾಡುವ ಮಂಡಿ ನೋವು,ತೊಡೆ ಮತ್ತು ಕಣಕಾಲಿನ ಮಧ್ಯದ ಕೀಲುಸಂಧಿ,Knee,Yes,Darshan R K,2025-02-08 14:33:52
ಮಂಡಿ,ಅರಿಶಿನ ಬೆರೆತ ಹಾಲು ಸೇವನೆ ಮಂಡಿ ನೋವಿಗೆ ಉಪಶಮನವನ್ನು ಒದಗಿಸುವ ಒಂದು ಮನೆಮದ್ದಾಗಿದ್ದು ನಿಮಗೆ ತಕ್ಷಣ ಆರಾಮವನ್ನು ನೀಡುತ್ತದೆ.,ತೊಡೆ ಮತ್ತು ಕಣಕಾಲಿನ ಮಧ್ಯದ ಕೀಲುಸಂಧಿ,Knee,Yes,Darshan R K,2025-02-08 14:33:52
ಮಂಡಿ,ಸಾಯುವವರೆಗೂ ಅನುಭವಿಸಿದ ಮಂಡಿ ನೋವನ್ನೂ ಅವರು ಅತ್ಯುತ್ಸಾಹದಿಂದ ಮನೆಗೆ ಬಂದವರಿಗೆಲ್ಲ ವರ್ಣಿಸುತ್ತಿದ್ದರು.,ತೊಡೆ ಮತ್ತು ಕಣಕಾಲಿನ ಮಧ್ಯದ ಕೀಲುಸಂಧಿ,Knee,Yes,Darshan R K,2025-02-08 14:33:52
ಮಂಡಿ,ಮಂಡಿ ಸಮಸ್ಯೆಗೆ ಮಹೇಶ್ ಬಾಬು ಅಮೆರಿಕಾದಲ್ಲಿ ಶಸ್ತ್ರಚಿಕಿತ್ಸೆ ಮಾಡಿಸಿಕೊಳ್ಳಲಿದ್ದಾರೆ.,ತೊಡೆ ಮತ್ತು ಕಣಕಾಲಿನ ಮಧ್ಯದ ಕೀಲುಸಂಧಿ,Knee,Yes,Darshan R K,2025-02-08 14:33:52
ಮಂಡಿ,"31ರಂದು ಮದ್ಯಾಹ್ನ ಮಂಡಿ ನೋವಿಗೆ ಔಷಧಿ ಕೊಡುವುದಾಗಿ ತಿಳಿಸಿದ ಬಾಲಾಜಿ ಎಂಬ ಹುಡುಗನನ್ನು ಕುಂದಾಪುರ ಕಸಬಾ ಗ್ರಾಮದ ಈಸ್ಟ್ ಬ್ಲಾಕ್ ರಸ್ತೆಯಲ್ಲಿರುವ ಮಹಿಳೆಯ ಮನೆಗೆ ಕರೆದುಕೊಂಡು ಬಂದಿದ್ದು, ಆತ ದೀಪಾ ಎಂ ಶೆಣೈ ಮತ್ತು ಅವರ ಗಂಡನನ್ನು ನಂಬಿಸಿ ಮಂಡಿ ನೋವಿಗೆ ಔಷಧಿ ಕೊಡುವುದಾಗಿ ತಿಳಿಸಿ ತನ್ನ ಅಣ್ಣನೆಂದು ಹೇಳಿದ ಸೀತಾರಾಮ ಎಂಬ ವ್ಯಕ್ತಿಗೆ ದೀಪಾ ಅವರ ದೂರವಾಣಿ ನಂಬ್ರವನ್ನು ಕೊಟ್ಟಿದ್ದು, ಜ.",ತೊಡೆ ಮತ್ತು ಕಣಕಾಲಿನ ಮಧ್ಯದ ಕೀಲುಸಂಧಿ,Knee,Yes,Darshan R K,2025-02-08 14:33:52
ಮಂಡಿ,"ಇನ್ನು ನಿಯಮಿತವಾದ ಆಹಾರ ಪದ್ಧತಿ ಇಲ್ಲದೇ ಇರೋದು, ವ್ಯಾಯಾಮ, ಯೋಗಾಸನ ಮಾಡದೇ ಇರೋದೂ ಕೂಡ ಈ ಮಂಡಿ ನೋವಿಗೆ ಕಾರಣವಾಗಬಹುದು.",ತೊಡೆ ಮತ್ತು ಕಣಕಾಲಿನ ಮಧ್ಯದ ಕೀಲುಸಂಧಿ,Knee,Yes,Darshan R K,2025-02-08 14:33:52
ಮಂಡಿ,ಹೀಗೆ ನಿಯಮಿತವಾಗಿ ಕುಡಿಯುತ್ತಿದ್ದರೆ ಒಂದು ತಿಂಗಳಲ್ಲಿ ಮಂಡಿ ನೋವು ಕಡಿಮೆಯಾಗುತ್ತದೆ.,ತೊಡೆ ಮತ್ತು ಕಣಕಾಲಿನ ಮಧ್ಯದ ಕೀಲುಸಂಧಿ,Knee,Yes,Darshan R K,2025-02-08 14:33:52
ಮಂಡಿ,"ಮಂಡಿ ಬಗ್ಗಿಸಿ, ಬೌಲ್ ಮೇಲೆತ್ತಿ ಅವರ ಕಾಲ್ಬೆರಳುಗಳನ್ನು ಮೇಲೆ ಕೀಪಿಂಗ್ ಪೃಷ್ಠದ ಮತ್ತು 5 ಸೆಕೆಂಡುಗಳ ಹಿಂಡು.",ತೊಡೆ ಮತ್ತು ಕಣಕಾಲಿನ ಮಧ್ಯದ ಕೀಲುಸಂಧಿ,Knee,Yes,Darshan R K,2025-02-08 14:33:52
ಮಂಡಿ,ಮಂಡಿ ನೋವಿನ ಎಣ್ಣೆ ಹೆಸರಿನಲ್ಲಿ ವಂಚನೆ: ದೂರು,ತೊಡೆ ಮತ್ತು ಕಣಕಾಲಿನ ಮಧ್ಯದ ಕೀಲುಸಂಧಿ,Knee,Yes,Darshan R K,2025-02-08 14:33:52
ಮಂಡಿ,"ಗೋಡೆಗೆ ವಿರುದ್ಧವಾಗಿ ನಿಂತು ಕೇವಲ ಕಾಲಿನ ಬೆರೆಳುಗಳ ಮೇಲೆ ಬ್ಯಾಲೆನ್ಸ್ ಮಾಡುವುದು , ನೇರವಾಗಿ ನಿಂತುಕೊಂಡು ಬಗ್ಗಿ ಮಂಡಿ ಮಡಚದೇ ಹಾಗೆಯೇ ಕಾಲಿನ ಬೆರಳುಗಳನ್ನು ಕೈ ಬೆರಳುಗಳಿಂದ ಮುಟ್ಟಲು ಪ್ರಯತ್ನ ಮಾಡುವುದು , ಭೂಮಿ ಮೇಲೆ ನಿಂತು ತಲೆಯ ಮೇಲೆ ಸ್ವಲ್ಪ ದೂರದಲ್ಲಿ ಇರುವ ಯಾವುದಾದರೂ ವಸ್ತುವನ್ನು ಮುಟ್ಟಲು ಪ್ರಯತ್ನ ಮಾಡುವುದು ಹೀಗೆ ಹತ್ತು ಹಲವಾರು ರೀತಿಯ ಚಟುವಟಿಕೆಗಳನ್ನು ನಾವು ಇಲ್ಲಿ ಕಾಣಬಹುದು .",ತೊಡೆ ಮತ್ತು ಕಣಕಾಲಿನ ಮಧ್ಯದ ಕೀಲುಸಂಧಿ,Knee,Yes,Darshan R K,2025-02-08 14:33:52
ಮಂಡಿ,"ಕೀಲು ನೋವು, ಮೂಳೆ ಸವೆತ ಮಂಡಿ ನೋವು ಇತ್ತೀಚೆಗೆ 30, 40 ವರ್ಷದವರಿಗೆ ಸಾಮಾನ್ಯವಾಗಿದೆ.",ತೊಡೆ ಮತ್ತು ಕಣಕಾಲಿನ ಮಧ್ಯದ ಕೀಲುಸಂಧಿ,Knee,Yes,Darshan R K,2025-02-08 14:33:52
ಮಂಡಿ,"ಮಂಡಿ ಮೇಲೆ ಭಾರವನ್ನು ಊರಿ ತೆಗೆದುಕೊಳ್ಳಬೇಕೇ ವಿನಾ, ಹಿಂಭಾಗದ ಮೇಲೆ ಹೆಚ್ಚಿನ ಭಾರವನ್ನು ಬಿಡಬಾರದು.",ತೊಡೆ ಮತ್ತು ಕಣಕಾಲಿನ ಮಧ್ಯದ ಕೀಲುಸಂಧಿ,Knee,Yes,Darshan R K,2025-02-08 14:33:52
ಮಂಡಿ,"ಮಂಡಿ ನೋವು, ಆಯಾಸವಿದ್ದರೂ 95 ವರ್ಷದ ದೊರೆಸ್ವಾಮಿ ಎಂಬುವರು ಮತ ಹಾಕಿದರು.",ತೊಡೆ ಮತ್ತು ಕಣಕಾಲಿನ ಮಧ್ಯದ ಕೀಲುಸಂಧಿ,Knee,Yes,Darshan R K,2025-02-08 14:33:52
ಮಂಡಿ,ಮಧ್ಯ ವಯಸ್ಸು ದಾಟುತ್ತಿದ್ದಂತೆ ಮಂಡಿ ನೋವು ಸಾಮಾನ್ಯವಾಗಿ ಕಂಡು ಬರುವ ಸಮಸ್ಯೆಯಾಗಿದೆ.,ತೊಡೆ ಮತ್ತು ಕಣಕಾಲಿನ ಮಧ್ಯದ ಕೀಲುಸಂಧಿ,Knee,Yes,Darshan R K,2025-02-08 14:33:52
ಮಂಡಿ,ಜಾರುವ ನೆಲದಲ್ಲಿ ಜೂಟ್-ಮುಟ್ಟಾಟ ಆಡುವಾಗ ಬಿದ್ದು ಮಂಡಿ ತರಚಿಕೊಂಡ ಹುಡುಗನಿಗೆ ಟಿಂಚರ್ ಹಚ್ಚಲಾಗುತ್ತಿದೆ.,ತೊಡೆ ಮತ್ತು ಕಣಕಾಲಿನ ಮಧ್ಯದ ಕೀಲುಸಂಧಿ,Knee,Yes,Darshan R K,2025-02-08 14:33:53
ಮಂಡಿ,"ಅವರ ಎದ್ರು ಮಂಡಿ ಬಗ್ಸಿ ಕೂತು, ವಿನಯ ಗೌರವದಿಂದ ಹಣ್ ಕೊಟ್ಟು, ಹಣೆಮೇಲೆ ಕ್ರಾಸಿನ ಚಿನ್ನೆ ಬರಸ್ಕಳೋರು.",ತೊಡೆ ಮತ್ತು ಕಣಕಾಲಿನ ಮಧ್ಯದ ಕೀಲುಸಂಧಿ,Knee,Yes,Darshan R K,2025-02-08 14:33:53
ಮಂಡಿ,ಮೋದಿ ಮುಂದೆ ಮಂಡಿ ಊರದ ಸಿದ್ದರಾಮಯ್ಯ,ತೊಡೆ ಮತ್ತು ಕಣಕಾಲಿನ ಮಧ್ಯದ ಕೀಲುಸಂಧಿ,Knee,Yes,Darshan R K,2025-02-08 14:33:53
ಮಂಡಿ,ಮೆಲ್ಬರ್ನ್ ಟೆಸ್ಟ್‌ನಿಂದೀಚೆಗೆ ಇಶಾಂತ್ ಮಂಡಿ ಗಾಯದಿಂದ ನರಳುತ್ತಿದ್ದಾರೆ.,ತೊಡೆ ಮತ್ತು ಕಣಕಾಲಿನ ಮಧ್ಯದ ಕೀಲುಸಂಧಿ,Knee,Yes,Darshan R K,2025-02-08 14:33:53
ಮಂಡಿ,ಮುಂಬೈನ ಬ್ಯಾಟ್ಸ್‌ಮನ್‌ ಮಂಡಿ ನೋವಿನಿಂದ ಬಳಲುತ್ತಿದ್ದಾರೆ.,ತೊಡೆ ಮತ್ತು ಕಣಕಾಲಿನ ಮಧ್ಯದ ಕೀಲುಸಂಧಿ,Knee,Yes,Darshan R K,2025-02-08 14:33:53
ಮಂಡಿ,ಬಹಳಷ್ಟು ಟ್ರಾಫಿಕ್‌ ಪೊಲೀಸರಿಗೆ ಮಂಡಿ ನೋವು ಬರುವುದು ಸಾಮಾನ್ಯವಾಗಿ ಬಿಟ್ಟಿದೆ.,ತೊಡೆ ಮತ್ತು ಕಣಕಾಲಿನ ಮಧ್ಯದ ಕೀಲುಸಂಧಿ,Knee,Yes,Darshan R K,2025-02-08 14:33:53
ಮಂಡಿ,"ಮಂಡಿ ನೋವು, ಉಸಿರಾಟದ ತೊಂದರೆ, ಅನಾರೋಗ್ಯದಿಂದ ದೀರ್ಘಕಾಲ ನರಳಿದ್ದರು.",ತೊಡೆ ಮತ್ತು ಕಣಕಾಲಿನ ಮಧ್ಯದ ಕೀಲುಸಂಧಿ,Knee,Yes,Darshan R K,2025-02-08 14:33:53
ಮಂಡಿ,ಇಲ್ಲಿನ ನೀರು ಬಳಸುವ ಬಹುತೇಕ ಗ್ರಾಮಸ್ಥರು ಕೀಲು ಮತ್ತು ಮಂಡಿ ನೋವಿನಿಂದ ಬಳಲುತ್ತಿದ್ದಾರೆ.,ತೊಡೆ ಮತ್ತು ಕಣಕಾಲಿನ ಮಧ್ಯದ ಕೀಲುಸಂಧಿ,Knee,Yes,Darshan R K,2025-02-08 14:33:53
ಮಂಡಿ,ಜನರಲ್ ಆಸ್ಪತ್ರೆಯಲ್ಲಿ ಮಂಡಿ ಎಲುಬಿಗೆ ಶಸ್ತ್ರ ಚಿಕಿತ್ಸೆ ನಡೆಸಿದ್ದರು.,ತೊಡೆ ಮತ್ತು ಕಣಕಾಲಿನ ಮಧ್ಯದ ಕೀಲುಸಂಧಿ,Knee,Yes,Darshan R K,2025-02-08 14:33:53
ಮಂಡಿ,ಮಂಡಿ ನೋವು ಎಂದ ರಾಜ್‌ಗೆ ಆಕೆ ಅಯೋಡೆಕ್ಸ್‌ ಹಚ್ಚುತ್ತಾಳೆ.,ತೊಡೆ ಮತ್ತು ಕಣಕಾಲಿನ ಮಧ್ಯದ ಕೀಲುಸಂಧಿ,Knee,Yes,Darshan R K,2025-02-08 14:33:53
ಮಂಡಿ,ಮಂಡಿ ನೋವು ಕಾಣಿಸಿಕೊಂಡು ದೀರ್ಘಕಾಲ ಬ್ಯಾಡ್ಮಿಂಟನ್‌ನಿಂದ ಹೊರಗುಳಿದರು.,ತೊಡೆ ಮತ್ತು ಕಣಕಾಲಿನ ಮಧ್ಯದ ಕೀಲುಸಂಧಿ,Knee,Yes,Darshan R K,2025-02-08 14:33:53
ಮಂಡಿ,"ಅಲ್ಲದೇ ತೀವ್ರವಾದ ಸ್ಲಿಪ್ ಡಿಸ್ಕ್, ಹೃದ್ರೋಗಿ, ತೀವ್ರ ರಕ್ತದೊತ್ತಡದ ರೋಗಿಗಳು, ಕ್ಯಾನ್ಸರ್, ಅಪಸ್ಮಾರ, ರಕ್ತಹೆಪ್ಪುಗಟ್ಟುವ ತೊಂದರೆ (ಥ್ರೋಂಬೋಸಿಸ್), ಗೌಟ್ ಮುಂತಾದ ಮಂಡಿ ನೋವುಗಳು, ಗಾಯಗಳು, ಇತ್ಯಾದಿ ತೊಂದರೆಗಳಿದ್ದಲ್ಲಿ ಅಭ್ಯಂಗ ಮಾಡಿಸಬಾರದು.",ತೊಡೆ ಮತ್ತು ಕಣಕಾಲಿನ ಮಧ್ಯದ ಕೀಲುಸಂಧಿ,Knee,Yes,Darshan R K,2025-02-08 14:33:53
ಮಂಡಿ,ಆಫ್ರಿಕಾದ ಎಬಿ ಡಿವಿಲಿಯರ್ಸ್‌ ಎಡಗಾಲಿನ ಮಂಡಿ ನೋವಿನ ಸಮಸ್ಯೆಯಿಂದ ಬಳಲುತ್ತಿದ್ದು ಭಾರತ ವಿರುದ್ಧದ 3 ಪಂದ್ಯಗಳ ಟಿ20 ಸರಣಿಯಿಂದ ಹೊರಬಿದ್ದಿದ್ದಾರೆ.,ತೊಡೆ ಮತ್ತು ಕಣಕಾಲಿನ ಮಧ್ಯದ ಕೀಲುಸಂಧಿ,Knee,Yes,Darshan R K,2025-02-08 14:33:54
ಮಂಡಿ,ಬಟ್ಟೆಯನ್ನು ನೋವು ಇರುವ ಮಂಡಿ ಮೇಲೆ ಹತ್ತು ನಿಮಿಷ ಕಾಲ ಇಡಿ.,ತೊಡೆ ಮತ್ತು ಕಣಕಾಲಿನ ಮಧ್ಯದ ಕೀಲುಸಂಧಿ,Knee,Yes,Darshan R K,2025-02-08 14:33:54
ಮಂಡಿ,ನಾವು ಮಂಡಿ ಮೊಣಕೈ ಸ್ಥಾನವನ್ನು ತೆಗೆದುಕೊಂಡು ಗುದನಾಳದ ಮೆದುಗೊಳವೆ ಪರಿಚಯಿಸಲು.,ತೊಡೆ ಮತ್ತು ಕಣಕಾಲಿನ ಮಧ್ಯದ ಕೀಲುಸಂಧಿ,Knee,Yes,Darshan R K,2025-02-08 14:33:54
ಮಂಡಿ,ಹಾಗಾಗಿ ಮಂಡಿ ನೋವಿಗೆ ಮಾತ್ರೆಗಳು ಬೇಡ.,ತೊಡೆ ಮತ್ತು ಕಣಕಾಲಿನ ಮಧ್ಯದ ಕೀಲುಸಂಧಿ,Knee,Yes,Darshan R K,2025-02-08 14:33:54
ಮಂಡಿ,"ಈ ಮಧ್ಯೆ ಕೋಲಾರದಲ್ಲಿ ಟೊಮೆಟೊ ದರ ಕುಸಿತದ ಮಧ್ಯೆಯೂ ವ್ಯಾಪಾರದ ನಿರ್ಧಾರವನ್ನು ಬದಿಗಿಟ್ಟು, ದೇಶದ ಹಿತಕ್ಕಾಗಿ ಪಾಕಿಸ್ತಾನದೊಂದಿಗಿನ ಸಂಬಂಧ ಕಡಿದುಕೊಳ್ಳುವ ಎಪಿಎಂಸಿ ಮಂಡಿ ಮಾಲೀಕರ ನಿರ್ಧಾರ ಎಲ್ಲರ ಮೆಚ್ಚುಗೆಗೆ ಪಾತ್ರವಾಗಿದೆ.",ಭಾರೀ ಪ್ರಮಾಣದ ವ್ಯಾಪಾರ ನಡೆಯುವ ಸ್ಥಳ,Market,Yes,Darshan R K,2025-02-08 14:28:56
ಮಂಡಿ,"ಉಳಿದ 14 ಮಂಡಿ ನಾಪತ್ತೆಯಾಗಿದ್ದು, ಅವರಿಗಾಗಿ ಹುಡುಕಾಟ ನಡೆಸಲಾಗುತ್ತಿದೆ ಎಂದು ಎಕ್ಮಾ ಪೊಲೀಸ್ ಠಾಣೆಯ ಮುಖ್ಯಾಧಿಕಾರಿ ಅನುಜ್ ಕುಮಾರ್ ಸಿಂಗ್ ಹೇಳಿದ್ದಾರೆ.",ಭಾರೀ ಪ್ರಮಾಣದ ವ್ಯಾಪಾರ ನಡೆಯುವ ಸ್ಥಳ,Market,Yes,Darshan R K,2025-02-08 14:28:57
ಮಂಡಿ,"ತಮ್ಮ ಕಚೇರಿಯಲ್ಲಿ ನಡೆದ ಸುದ್ದಿಗೋಷ್ಠಿಯಲ್ಲಿ ಮಾತನಾಡಿದ ಅವರು ಬಂಧಿತರನ್ನು ಬನ್ನಿಮಂಟಪ ಬಡಾವಣೆಯ ಹನುಮಂತನಗರದ ನಿವಾಸಿಗಳಾದ ರಿಯಾಜ್ ಷರೀಪ್ ಬಿನ್ ಇಸ್ಮಾಯಿಲ್ ಷರೀಪ್(42), ಫಯಾಜ್ ಷರೀಪ್ ಅಲಿಯಾಸ್ ಫಯಾಜ್ ಬಿನ್ ರಿಯಾಜ್ ಷರೀಫ್ (22)ಎಂದು ಗುರುತಿಸಲಾಗಿದ್ದು, ಇವರು ಮಂಡಿ ಠಾಣಾ ವ್ಯಾಪ್ತಿಯ 3ನೇ ಕ್ರಾಸ್ ನಲ್ಲಿರುವ ಮನೆಯನ್ನು ಡಿ.",ಭಾರೀ ಪ್ರಮಾಣದ ವ್ಯಾಪಾರ ನಡೆಯುವ ಸ್ಥಳ,Market,Yes,Darshan R K,2025-02-08 14:28:57
ಮಂಡಿ,ನವದೆಹಲಿ: ಇಲ್ಲಿನ ಮಂಡಿ ಹೌಸ್‌ನಲ್ಲಿರುವ ಎಫ್‌ಐಸಿಸಿಐ ಕಟ್ಟಡದಲ್ಲಿ ಸೋಮವಾರ ರಾತ್ರಿ 1.,ಭಾರೀ ಪ್ರಮಾಣದ ವ್ಯಾಪಾರ ನಡೆಯುವ ಸ್ಥಳ,Market,Yes,Darshan R K,2025-02-08 14:28:57
ಮಂಡಿ,"ಈ ಹಣ್ಣು ಒಂದು ವಾರದವರೆಗೂ ಕೆಡದ ಕಾರಣ ತಳ್ಳುವ ಗಾಡಿ ಮೇಲೆ ಹಣ್ಣು ಮಾರಾಟ ಮಾಡುವವರು, ಜ್ಯೂಸ್ ಅಂಗಡಿಯವರು ಪೈನಾಪಲ್ ಹಣ್ಣುಗಳನ್ನು ಮಂಡಿ ವ್ಯಾಪಾರಸ್ಥರಿಂದ ಕ್ವಿಂಟಲ್‌ಗಟ್ಟಲೇ ಖರೀದಿಸಿ, ಸೈಜುಗಳ ಮೇಲೆ 100 ರೂಪಾಯಿಗೆ ಎರಡು ಮೂರು ಹಣ್ಣು ಮಾರಾಟ ಮಾಡುತ್ತಾರೆ.",ಭಾರೀ ಪ್ರಮಾಣದ ವ್ಯಾಪಾರ ನಡೆಯುವ ಸ್ಥಳ,Market,Yes,Darshan R K,2025-02-08 14:28:57
ಮಂಡಿ,ಖಚಿತ ಮಾಹಿತಿ ಮೇರೆಗೆ ಸಿಸಿಬಿ ಪೊಲೀಸರು ನಗರದ ಮಂಡಿ ಪ್ರದೇಶದಲ್ಲಿರುವ ರೆಡ್ ರೋಜ್ ಮಸಾಜ್ ಪಾರ್ಲರ್ ಮೇಲೆ ದಾಳಿ ಮಾಡಿ ವೇಶ್ಯಾವಟಿಕೆಯಲ್ಲಿ ತೊಡಗಿದ್ದ ಶಿವರಾಜ್ ಹಾಗೂ ಮಹದೇವ ಎಂಬುವರನ್ನು ಬಂಧಿಸಿದ್ದು ಒಬ್ಬ ನೇಪಾಳಿ ಮಹಿಳೆಯನ್ನು ರಕ್ಷಿಸಿದ್ದಾರೆ.,ಭಾರೀ ಪ್ರಮಾಣದ ವ್ಯಾಪಾರ ನಡೆಯುವ ಸ್ಥಳ,Market,Yes,Darshan R K,2025-02-08 14:28:57
ಮಂಡಿ,"ಹೆಚ್ಚಿನ ಸಂಖ್ಯೆಯ ರೈತರು, ಮಾವಿನ ಮಂಡಿ ಮಾಲೀಕರಿಂದ ಸಾಲ­ವಾಗಿ ಔಷಧಿ ಪಡೆದುಕೊಳ್ಳುತ್ತಾರೆ.",ಭಾರೀ ಪ್ರಮಾಣದ ವ್ಯಾಪಾರ ನಡೆಯುವ ಸ್ಥಳ,Market,Yes,Darshan R K,2025-02-08 14:28:57
ಮಂಡಿ,"ಪೆÇಲೀಸರಿಗೆ ನೀಡಿರುವ ದೂರಿನಲ್ಲಿ, ಹೊಸ ಮಂಡಿ ಪ್ರದೇಶದ ಕುರ್ಕಾ ಗ್ರಾಮದಲ್ಲಿ ಚಿಕ್ಕಪ್ಪನ ಮನೆಯಿದೆ.",ಭಾರೀ ಪ್ರಮಾಣದ ವ್ಯಾಪಾರ ನಡೆಯುವ ಸ್ಥಳ,Market,Yes,Darshan R K,2025-02-08 14:28:57
ಮಂಡಿ,"ಮುನಿಸ್ವಾಮಿ, ಎಪಿಎಂಸಿ ಆಡಳಿತ ಮಂಡಳಿ ಸದಸ್ಯರು ಹಾಗೂ ಮಂಡಿ ಮಾಲೀಕರ ಸಭೆ ಕರೆದು ಸಮಸ್ಯೆ ಬಗೆಹರಿಸುತ್ತೇವೆ ಎಂದು ಭರವಸೆ ನೀಡಿದರು.",ಭಾರೀ ಪ್ರಮಾಣದ ವ್ಯಾಪಾರ ನಡೆಯುವ ಸ್ಥಳ,Market,Yes,Darshan R K,2025-02-08 14:28:57
ಮಂಡಿ,ಹೊಸದಿಲ್ಲಿ: ಇಲ್ಲಿನ ರಾಣಿ ಜಾನ್ಸಿ ರಸ್ತೆಯಲ್ಲಿರುವ ಅನಜ್ ಮಂಡಿ ಪ್ರದೇಶದಲ್ಲಿ ಇಂದು ಮುಂಜಾನ ನಡೆದ ಅಗ್ನಿ ಅವಗಢಕ್ಕೆ ಪ್ರಧಾನಿ ನರೇಂದ್ರ ಮೋದಿ ಆಘಾತ ವ್ಯಕ್ತಪಡಿಸಿದ್ದಾರೆ.,ಭಾರೀ ಪ್ರಮಾಣದ ವ್ಯಾಪಾರ ನಡೆಯುವ ಸ್ಥಳ,Market,Yes,Darshan R K,2025-02-08 14:28:57
ಮಂಡಿ,ಹಿರಿಯ ಅಧಿಕಾರಿಗಳ ಕೈಗೊಂಬೆಯಾಗಿರುವ ಸಿಬ್ಬಂದಿಯು ದಲ್ಲಾಳಿಗಳು ಮತ್ತು ಮಂಡಿ ಮಾಲೀಕರಿಂದ ಕಮಿಷನ್‌ ವಸೂಲು ಮಾಡುತ್ತಿದ್ದಾರೆ ಎಂದು ದೂರಿದರು.,ಭಾರೀ ಪ್ರಮಾಣದ ವ್ಯಾಪಾರ ನಡೆಯುವ ಸ್ಥಳ,Market,Yes,Darshan R K,2025-02-08 14:28:57
ಮಂಡಿ,ರಾಜಣ್ಣ ತರಕಾರಿ ಮಂಡಿ ಮಾಲೀಕ ರಾಜಣ್ಣ.,ಭಾರೀ ಪ್ರಮಾಣದ ವ್ಯಾಪಾರ ನಡೆಯುವ ಸ್ಥಳ,Market,Yes,Darshan R K,2025-02-08 14:28:57
ಮಂಡಿ,"- ಶ್ರೀಕಾಂತ್‌ ಕೆಳಹಟ್ಟಿ, ತಿಪಟೂರು ರೈತ ಬಂಧು ಮಂಡಿ ಮಾಲೀಕ",ಭಾರೀ ಪ್ರಮಾಣದ ವ್ಯಾಪಾರ ನಡೆಯುವ ಸ್ಥಳ,Market,Yes,Darshan R K,2025-02-08 14:28:57
ಮಂಡಿ,ಚಿಕ್ಕಬಳ್ಳಾಪುರ ಬಸ್ ನಿಲ್ದಾಣಕ್ಕೆ ಹೂವಿನ ಮಂಡಿ ವ್ಯಾಪಾರಿಗಳೇ ಬಂದು ಚೀಲಗಳನ್ನು ತೆಗೆದುಕೊಂಡು ಹೋಗುತ್ತಾರೆ.,ಭಾರೀ ಪ್ರಮಾಣದ ವ್ಯಾಪಾರ ನಡೆಯುವ ಸ್ಥಳ,Market,Yes,Darshan R K,2025-02-08 14:28:57
ಮಂಡಿ,ಮತ್ತು ಮಾರುಕಟ್ಟೆಯ ಶುಲ್ಕವನ್ನು ಪಾವತಿಸದ ಮಂಡಿ ಮಾಲೀಕರ ಪರವಾನಗಿಯನ್ನು ರದ್ದು ಮಾಡಬೇಕು ಹಾಗೂ ಎಲ್ಲಾ ಪರವಾನಗಿದಾರರು ಕಡ್ಡಾಯವಾಗಿ ತಮ್ಮ ಪರವಾನಗಿಯ ಸಂಖ್ಯೆಯನ್ನು ಅಂಗಡಿಯ ಮುಂದೆ 10*10 ಅಳತೆಯಲ್ಲಿ ಬರೆಯಿಸಬೇಕು.,ಭಾರೀ ಪ್ರಮಾಣದ ವ್ಯಾಪಾರ ನಡೆಯುವ ಸ್ಥಳ,Market,Yes,Darshan R K,2025-02-08 14:28:57
ಮಂಡಿ,ಕೈಗಾರಿಕಾ ಪ್ರದೇಶದಲ್ಲಿ ಅಡಿಕೆ ಮಂಡಿ ಹೊಂದಿದ್ದಾರೆ.,ಭಾರೀ ಪ್ರಮಾಣದ ವ್ಯಾಪಾರ ನಡೆಯುವ ಸ್ಥಳ,Market,Yes,Darshan R K,2025-02-08 14:28:57
ಮಂಡಿ,"ಉತ್ತಮ ಮಳೆಯಾದ ಹಿನ್ನೆಲೆಯಲ್ಲಿ ಒಂದು ತಿಂಗಳಿನಿಂದಲೂ ತಂಬಾಕು ಸಸಿ ಮಂಡಿ ಮತ್ತು ಉಳುಮೆ ಮಾಡಿ ಹದವಾಗಿದ್ದ ಭೂಮಿಗೆ ರೈತರು ಸಂತೋಷದಿಂದ ತಂಬಾಕು ಸಸಿ ನಾಟಿ ಮಾಡಿ, ಗೊಬ್ಬರ ವಿತರಿಸಿದ್ದರು.",ಭಾರೀ ಪ್ರಮಾಣದ ವ್ಯಾಪಾರ ನಡೆಯುವ ಸ್ಥಳ,Market,Yes,Darshan R K,2025-02-08 14:28:57
ಮಂಡಿ,ನವದೆಹಲಿ: ರಾಜಧಾನಿ ದೆಹಲಿಯ ರಾಣಿ ಜಾನ್ಸಿ ರಸ್ತೆಯಲ್ಲಿರುವ ಅನಜ್ ಮಂಡಿ ಪ್ರದೇಶದಲ್ಲಿ ಭಾನುವಾರ ನಸುಕಿನ ಜಾವ ಸಂಭವಿಸಿದ ಭೀಕರ ಅಗ್ನಿ ಅವಘಡಕ್ಕೆ ಪ್ರಧಾನಿ ನರೇಂದ್ರ ಮೋದಿ ಆಘಾತ ವ್ಯಕ್ತಪಡಿಸಿದ್ದಾರೆ.,ಭಾರೀ ಪ್ರಮಾಣದ ವ್ಯಾಪಾರ ನಡೆಯುವ ಸ್ಥಳ,Market,Yes,Darshan R K,2025-02-08 14:28:57
ಮಂಡಿ,"ಲಕ್ನೋ, ಮೇ 21: ಬಿಜೆಪಿ ಎಲೆಕ್ಟ್ರಾನಿಕ್ ಮತಯಂತ್ರಗಳನ್ನು ಬದಲಾಯಿಸುತ್ತಿದೆ ಎಂದು ಆಪಾದಿಸಿ, ಎಸ್ಪಿ-ಬಿಎಸ್ಪಿ ಮೈತ್ರಿಕೂಟ ಮತ್ತು ಕಾಂಗ್ರೆಸ್ ಕಾರ್ಯಕರ್ತರು ಚಂದೌಲಿಯಲ್ಲಿರುವ ನವೀನ್ ಕೃಷಿ ಮಂಡಿ ಸ್ಥಳದಲ್ಲಿ ಸೋಮವಾರ ಸಂಜೆ ದಿಢೀರ್ ಪ್ರತಿಭಟನೆ ನಡೆಸಿದರು.",ಭಾರೀ ಪ್ರಮಾಣದ ವ್ಯಾಪಾರ ನಡೆಯುವ ಸ್ಥಳ,Market,Yes,Darshan R K,2025-02-08 14:28:57
ಮಂಡಿ,ಯೋಗೇಶ್ವರ್‌ ಅವರು ಚನ್ನಪಟ್ಟಣದಲ್ಲಿ ಎರಡು ಎಳನೀರು ಮಂಡಿ ಸ್ಥಾಪಿಸಲು ಯೋಜನೆ ರೂಪಿಸಿದ್ದಾರೆ.,ಭಾರೀ ಪ್ರಮಾಣದ ವ್ಯಾಪಾರ ನಡೆಯುವ ಸ್ಥಳ,Market,Yes,Darshan R K,2025-02-08 14:28:57
ಮಂಡಿ,25- ಹಳೇ ದ್ವೇಷದ ಹಿನ್ನೆಲೆಯಲ್ಲಿ ಆರು ವರ್ಷದ ಮಗನ ಮುಂದೆಯೇ ತಂದೆಯನ್ನು ಅಪರಿಚಿತ ವ್ಯಕ್ತಿಗಳು ಗುಂಡಿಕ್ಕಿ ಕೊಂದಿರುವ ದಾರುಣ ಘಟನೆ ದೇಶದ ರಾಜಧಾನಿಯ ಓಖ್ಲಾ ಸಬ್ಜಿ ಮಂಡಿ ಬಳಿ ಸಂಭವಿಸಿದೆ.,ಭಾರೀ ಪ್ರಮಾಣದ ವ್ಯಾಪಾರ ನಡೆಯುವ ಸ್ಥಳ,Market,Yes,Darshan R K,2025-02-08 14:28:57
ಮಂಡಿ,ಶಿವಮೊಗ್ಗದ ರವೀಂದ್ರ ನಗರದ 100 ಅಡಿ ರಸ್ತೆಯಲ್ಲಿ ನಿವಾಸ ಹೊಂದಿರುವ ಪ್ರಮುಖ ಅಡಕೆ ಮಂಡಿ ವ್ಯಾಪಾರಸ್ಥರು ಹಾಗೂ ಮರಳು ವ್ಯಾಪಾರದಲ್ಲಿ ತೊಡಗಿಕೊಂಡಿರುವ ಪ್ರಮುಖರಿಗೆ ರವಿ ಪೂಜಾರಿ ಹೆಸರಿನಲ್ಲಿ ಬಂದಿದ್ದ ಜೀವ ಬೆದರಿಕೆ ಹಾಗೂ ಹಣಕ್ಕಾಗಿನ ಬ್ಲ್ಯಾಕ್‌ ಮೇಲ್ ಗೆ ಸಂಬಂಧಿಸಿದಂತೆ ಪೊಲೀಸ್ ಠಾಣೆಯಲ್ಲಿ ಪ್ರಕರಣ ದಾಖಲಾಗಿದೆ.,ಭಾರೀ ಪ್ರಮಾಣದ ವ್ಯಾಪಾರ ನಡೆಯುವ ಸ್ಥಳ,Market,Yes,Darshan R K,2025-02-08 14:28:57
ಮಂಡಿ,ಮಾವಿನಕಾಯಿ ಮಂಡಿ ರಸ್ತೆಯ ಮೂಲಕ ಅರಮನೆ ಮೈದಾನಕ್ಕೆ ಪ್ರವೇಶ ಪಡೆದು ಪಾರ್ಕಿಂಗ್-ಡಿ ಸ್ಥಳದಲ್ಲಿ ವಾಹನ ನಿಲ್ಲಿಸಬೇಕು.,ಭಾರೀ ಪ್ರಮಾಣದ ವ್ಯಾಪಾರ ನಡೆಯುವ ಸ್ಥಳ,Market,Yes,Darshan R K,2025-02-08 14:28:57
ಮಂಡಿ,ಮಂಡಿ ಮರ್ಚೆಂಟ್ ಅಸೋಸಿಯೇಷನ್ನಿನ ಅಧ್ಯಕ್ಷರಾಗಿದ್ದರು.,ಭಾರೀ ಪ್ರಮಾಣದ ವ್ಯಾಪಾರ ನಡೆಯುವ ಸ್ಥಳ,Market,Yes,Darshan R K,2025-02-08 14:28:57
ಮಂಡಿ,"ಮಂಡಿ ಬಿರಿಯಾನಿ ದಾವತ್, ಕಬ್ಸಾ ಬಿರಿಯಾನಿ ಸೇರಿ ವಿವಿಧ ಬಗೆಯ ಬಿರಿಯಾನಿಗಳು ಇಲ್ಲಿ ಜನರನ್ನು ಹೆಚ್ಚು ಸೆಳೆಯುತ್ತವೆ.",ಭಾರೀ ಪ್ರಮಾಣದ ವ್ಯಾಪಾರ ನಡೆಯುವ ಸ್ಥಳ,Market,Yes,Darshan R K,2025-02-08 14:28:57
ಮಂಡಿ,ಪ್ರತಿ ವರ್ಷ ಈ ವೇಳೆಗೆ ಗಿಜಿಗುಡುವ ಟೊಮೆಟೊ ಹಬ್ ಎನಿಸಿಕೊಂಡ ಗಿರ್ನಾರ್ ಮಂಡಿ ಈ ಬಾರಿ ನಿಶ್ಶಬ್ದವಾಗಿದೆ.,ಭಾರೀ ಪ್ರಮಾಣದ ವ್ಯಾಪಾರ ನಡೆಯುವ ಸ್ಥಳ,Market,Yes,Darshan R K,2025-02-08 14:28:57
ಮಂಡಿ,ಕೆಲ ಮಂಡಿ ಮಾಲೀಕರು ಒಂದೆರಡು ದಿನ ನಾಸಿಕ್‌ನಿಂದ ಟೊಮೆಟೊ ತರಿಸಿದ್ದು ನಿಜ.,ಭಾರೀ ಪ್ರಮಾಣದ ವ್ಯಾಪಾರ ನಡೆಯುವ ಸ್ಥಳ,Market,Yes,Darshan R K,2025-02-08 14:28:57
ಮಂಡಿ,ಟೊಮ್ಯಾಟೋ ವ್ಯವಹಾರದ ಕೇಂದ್ರವಾಗಿರುವ ಗಿರ್ನಾರ್ ಮಂಡಿ ಎಂಬ ಧೂಳು ತುಂಬಿದ ಮೈದಾನ ಸಾಮಾನ್ಯವಾಗಿ ವರ್ಷದ ಈ ಹೊತ್ತಿನಲ್ಲಿ ಗಿಜಿಗುಡುತ್ತಿರಬೇಕು.,ಭಾರೀ ಪ್ರಮಾಣದ ವ್ಯಾಪಾರ ನಡೆಯುವ ಸ್ಥಳ,Market,Yes,Darshan R K,2025-02-08 14:28:57
ಮಂಡಿ,"ಶಿವಮೊಗ್ಗ ಅಡಿಕೆ ಮಂಡಿ ವರ್ತಕರ ಕ್ಲಬ್ ಮೇಲೆ ಗುರುವಾರ ರಾತ್ರಿ ದಾಳಿ ನಡೆಸಿದ ಪೊಲೀಸರು, ಅಕ್ರಮವಾಗಿ ಜೂಟಾಡುತ್ತಿದ್ದವರನ್ನು ಬಂಧಿಸಿದರು.",ಭಾರೀ ಪ್ರಮಾಣದ ವ್ಯಾಪಾರ ನಡೆಯುವ ಸ್ಥಳ,Market,Yes,Darshan R K,2025-02-08 14:28:57
ಮಂಡಿ,ಎಲ್ಲ ಕಡೆ ಒಂದೇ ಸಲ ಶುರುವಾಗಿರುವ ಸುಗ್ಗಿಯಿಂದಾಗಿ ಮಾವು ಬೆಳೆಗಾರರು ನಷ್ಟ ಅನುಭವಿಸಬೇಕಾಗಿದೆ ಎಂದು ಶ್ರೀನಿವಾಸಪುರ ಮಂಡಿ ಮಾಲೀಕ ಮಂಜುನಾಥರೆಡ್ಡಿ ತಿಳಿಸಿದರು.,ಭಾರೀ ಪ್ರಮಾಣದ ವ್ಯಾಪಾರ ನಡೆಯುವ ಸ್ಥಳ,Market,Yes,Darshan R K,2025-02-08 14:28:57
ಮಂಡಿ,"ಪಟ್ಟಣದ ರಾಜಧಾನಿ ಮ್ಯಾಂಗೋ ಮಂಡಿ ಗಾರ್ಡನ್ ಸಭಾಂಗಣದಲ್ಲಿ ಸೋಮವಾರ ಏರ್ಪಡಿಸಿದ್ದ ತಾಲ್ಲೂಕಿನ ನಾಗರಿಕರ ಸಮಾವೇಶದ ಅಧ್ಯಕ್ಷತೆ ವಹಿಸಿ ಮಾತನಾಡಿ, ಕೋಲಾರದ ಸರ್ಕಾರಿ ಜೂನಿಯರ್‌ ಕಾಲೇಜು ಮೈದಾನದಲ್ಲಿ ಫೆ.",ಭಾರೀ ಪ್ರಮಾಣದ ವ್ಯಾಪಾರ ನಡೆಯುವ ಸ್ಥಳ,Market,Yes,Darshan R K,2025-02-08 14:28:57
ಮಂಡಿ,ನೋಡಿ ನಮಗೆ ಮಾಹಿತಿ ಕೇಳಿರುವ ಅರ್ಜಿಯಲ್ಲಿ ನಮ್ಮ ಮಂಡಿ ಹೆಸರಿಲ್ಲ.,ಭಾರೀ ಪ್ರಮಾಣದ ವ್ಯಾಪಾರ ನಡೆಯುವ ಸ್ಥಳ,Market,Yes,Darshan R K,2025-02-08 14:28:57
ಮಂಡಿ,"ಬ್ಯಾಗು ತಗುಲಿಸಿಕೊಂಡು ನಿಂತಿರುವ ಕಾಲೇಜು ಕುಮಾರ-ಕುಮಾರಿಯರು, ಹೇಳದೇ ಕೇಳದೇ ಕೆಟ್ಟು ಕುಳಿತಿರುವ ತೋಟದ ಮೋಟಾರನ್ನು ರಿಪೇರಿಗೆ ಒಯ್ಯುತ್ತಿರುವ ಬಡ ರೈತ, ಅಡಿಕೆ ಮಂಡಿ ಸಾವುಕಾರರ ಬಳಿ ಹತ್ತು ಸಾವಿರ ಹೆಚ್ಚಿಗೆ ಸಾಲ ಕೇಳಲೆಂದು ಹೊರಟಿರುವ ಹೆಗ್ಡೆàರು, ಎರಡು ದಿನದಿಂದ ಬಿಡದೆ ವಾಂತಿ ಮಾಡಿಕೊಳ್ಳುತ್ತಿರುವ ಮಗುವನ್ನು ನಗರದ ದೊಡ್ಡ ಡಾಕ್ಟರಿಗೆ ತೋರಿಸಲೆಂದು ಒಯ್ಯುತ್ತಿರುವ ಆತಂಕದ ತಾಯಿ, ಜೇಬಿನಲ್ಲಿ ತನ್ನ ಅಂಗಡಿಗೆ ಬೇಕಾದ ಸಾಮಾನುಗಳ ಪಟ್ಟಿಯನ್ನೂ, ಕಂಕುಳಲ್ಲಿ ಖಾಲಿ ಚೀಲವನ್ನೂ ಅವುಚಿಕೊಂಡಿರುವ, ಆಗಾಗ ಒಳಜೇಬಿನಲ್ಲಿನ ಹಣವನ್ನು ಮುಟ್ಟಿ ಮುಟ್ಟಿ ನೋಡಿಕೊಳ್ಳುತ್ತಿರುವ ಗೂಡಂಗಡಿಯ ಬಾಬಣ್ಣ, ಸೆಂಟು, ಪೌಡರು ಬಳಿದುಕೊಂಡು ಘಮಘಮಿಸುತ್ತ ಪಟ್ಟಣದ ರಸ್ತೆರಸ್ತೆಯನ್ನೂ ಸರ್ವೇ ಮಾಡಲಿಕ್ಕೆ ತಯಾರಾಗಿ ಬಂದಿರುವ ಪಡ್ಡೆ ಹುಡುಗರು, ಎದುರಾದವರೆಲ್ಲರಿಂದ ನಮಸ್ಕಾರ ಹೇಳಿಸಿಕೊಳ್ಳುತ್ತ ಪಕ್ಕದೂರ ಶಾಲೆಗೆ ಹೊರಟು ಕಾಯುತ್ತಿರುವ ಮೇಷ್ಟರು, ಈ ಸಲದ ಚಳಿ, ಗಾಳಿ, ಮಳೆ, ಬೆಳೆಗಳ ಬಗ್ಗೆ ಘನಗಂಭೀರವಾದ ಚರ್ಚೆ ನಡೆಸುತ್ತ ನಿಂತಿರುವ ಹಿರಿಯದ್ವಯರು, ಅಜ್ಜನ ಮನೆಗೆ ಹೋಗುವ ಸಂಭ್ರಮದಲ್ಲಿ ತೇಲುತ್ತಿರುವ ದೊಗಲೆ ಚಡ್ಡಿಯ ಪೋರ ಮತ್ತು ಜರತಾರಿ ಲಂಗದ ಪೋರಿ ಹಾಗೂ ಅವರಿಬ್ಬರನ್ನೂ ನಿಭಾಯಿಸುತ್ತ ತಾನೂ ಒಳಗೊಳಗೇ ತವರಿಗೆ ಹೋಗುವ ಖುಷಿಯನ್ನು ಅನುಭವಿಸುತ್ತಿರುವ ಅಮ್ಮ… ಹೀಗೆ ಜಗದ, ಜನಜೀವನದ ವಿವಿಧ ಮಜಲುಗಳು ಬಸ್ಸಿನ ದಾರಿಯಲ್ಲಿ ಕಾದುನಿಲ್ಲುತ್ತವೆ.",ಭಾರೀ ಪ್ರಮಾಣದ ವ್ಯಾಪಾರ ನಡೆಯುವ ಸ್ಥಳ,Market,Yes,Darshan R K,2025-02-08 14:28:58
ಮಂಡಿ,ಮಂಡಿ ಮಾಲೀಕರು ಹಾಗೂ ರೈತರು ಉಳಿದ ತರಕಾರಿಗಳನ್ನು ಮಾರುಕಟ್ಟೆ ಆವರಣದಲ್ಲೇ ಸುರಿಯುತ್ತಿದ್ದಾರೆ.,ಭಾರೀ ಪ್ರಮಾಣದ ವ್ಯಾಪಾರ ನಡೆಯುವ ಸ್ಥಳ,Market,Yes,Darshan R K,2025-02-08 14:28:58
ಮಂಡಿ,"ರೈತರು, ವರ್ತಕರು, ಮಂಡಿ ಮಾಲೀಕರು ಒಂದಾಗಿ ನಷ್ಟವಾದ್ರೂ ಸಹ ಪಾಕಿಸ್ತಾನಕ್ಕೆ ಟೊಮೆಟೊ ಕೊಡುವುದು ಬೇಡ ಎಂಬ ನಿರ್ಧಾರ ಮಾಡಿದ್ದಾರೆ.",ಭಾರೀ ಪ್ರಮಾಣದ ವ್ಯಾಪಾರ ನಡೆಯುವ ಸ್ಥಳ,Market,Yes,Darshan R K,2025-02-08 14:28:58
ಮಂಡಿ,ಜೊತೆಗೆ ಮಂಡಿ ವ್ಯಾಪಾರ ಇತ್ತು.,ಭಾರೀ ಪ್ರಮಾಣದ ವ್ಯಾಪಾರ ನಡೆಯುವ ಸ್ಥಳ,Market,Yes,Darshan R K,2025-02-08 14:28:58
ಮಂಡಿ,"ಶ್ರೀನಿವಾಸಪುರ(ವಿಶ್ವಕನ್ನಡಿಗ ನ್ಯೂಸ್): ಪಟ್ಟಣದ ಹೊರ ವಲಯದಲ್ಲಿನ ಮಷ್ಬೂರ್‌ ಮಾವಿನ ಕಾಯಿ ಮಂಡಿ ಸಭಾಂಗಣದಲ್ಲಿ ರೂಹಾ ಮಿಲನ್‌ ಸಮಿತಿ ವತಿಯಿಂದ ಭಾನುವಾರ ಏರ್ಪಡಿಸಲಾಗಿದ್ದ ಮುಸ್ಲಿಂ ವಧೂ ವರರ ಸಾಮೂಹಿಕ ವಿವಾಹ ಸಮಾರಂಭದಲ್ಲಿ ಮಾತನಾಡಿ, ಆರ್ಥಿಕವಾಗಿ ಹಿಂದುಳಿದಿರುವ ಕುಟುಂಬಗಳ ತಂದೆ ತಾಯಂದಿರಿಗೆ ತಮ್ಮ ಮಕ್ಕಳ ಮದುವೆ ಮಾಡುವುದು ಸುಲಭದ ಮಾತಲ್ಲ ಎಂದು ಹೇಳಿದರು.",ಭಾರೀ ಪ್ರಮಾಣದ ವ್ಯಾಪಾರ ನಡೆಯುವ ಸ್ಥಳ,Market,Yes,Darshan R K,2025-02-08 14:28:58
ಮಂಡಿ,ಮುಂದಿನ ಜೂನ್ ತಿಂಗಳಿಂದ ಪಾಕಿಸ್ತಾನ ದೇಶಕ್ಕೆ ಟೊಮೆಟೊ ರಪ್ತು ಮಾಡುವ ಮಂಡಿ ಮಾಲೀಕರು ಆಗಮಿಸಲಿದ್ದಾರೆ.,ಭಾರೀ ಪ್ರಮಾಣದ ವ್ಯಾಪಾರ ನಡೆಯುವ ಸ್ಥಳ,Market,Yes,Darshan R K,2025-02-08 14:28:58
ಮಂಡಿ,ರಾಷ್ಟ್ರ ರಾಜಧಾನಿ ದೆಹಲಿಯ ಅನಜ್ ಮಂಡಿ ಕಟ್ಟಡಲ್ಲಿ ಭಾನುವಾರ ಅಗ್ನಿ ದುರಂತ ಸಂಭವಿಸಿ 43 ಮಂದಿ ಸಾವಿಗೀಡಾಗಿದ್ದರು.,ಭಾರೀ ಪ್ರಮಾಣದ ವ್ಯಾಪಾರ ನಡೆಯುವ ಸ್ಥಳ,Market,Yes,Darshan R K,2025-02-08 14:28:58
ಮಂಡಿ,ಸಾಲ ಬಾಕಿಯಾಗಿದ್ದಕ್ಕೆ ಮಂಡಿ ಮಾಲೀಕರು ನ್ಯಾಯಾಲಯದಲ್ಲಿ ದಾವೆ ಹೂಡಿದ್ದರು.,ಭಾರೀ ಪ್ರಮಾಣದ ವ್ಯಾಪಾರ ನಡೆಯುವ ಸ್ಥಳ,Market,Yes,Darshan R K,2025-02-08 14:28:58
ಮಂಡಿ,ದೆಹಲಿ ಪೊಲೀಸರು ಅನಜ್ ಮಂಡಿ ಕಟ್ಟಡದ ಮಾಲೀಕ ರೆಹಾನ್ ಮತ್ತು ಆತನ ಮ್ಯಾನೇಜರ್ ಫುರ್ಕಾನ್ ಎಂಬಾತನನ್ನು ಪೊಲೀಸರು ಬಂಧಿಸಿದ್ದು ಅವರ ವಿರುದ್ಧ ಐಪಿಸಿ ಸೆಕ್ಷನ್ 304 ಮತ್ತು 285 ಅಡಿಯಲ್ಲಿ ಪ್ರಕರಣ ದಾಖಲಿಸಲಾಗಿದೆ.,ಭಾರೀ ಪ್ರಮಾಣದ ವ್ಯಾಪಾರ ನಡೆಯುವ ಸ್ಥಳ,Market,Yes,Darshan R K,2025-02-08 14:28:58
ಮತ,ಮತ ವಿಭಜನೆಯಾದರೆ ಕುತೂಹಲ ಫಲಿತಾಂಶ,caste,caste,Yes,a,2025-02-04 19:18:23
ಮತ,"ಇದಕ್ಕಾಗಿ ದೇಶದ ಎಲ್ಲಾ ಭಾಗದ ಜನರು ಜಾತಿ, ಮತ ಭೇದವಿಲ್ಲದೆ ಕಾರ್ಯಪ್ರವೃತ್ತರಾಗಬೇಕಿದೆ.",caste,caste,Yes,a,2025-02-04 19:18:23
ಮತ,"ಆದರೆ, ಇಂದು, ನೆಹರೂ ಪಕ್ಷದ ನಾಯಕರು, ಚುನಾವಣೆಯ ಹೊತ್ತಿಗೆ ಮತ ಧರ್ಮ ದೇವಸ್ಥಾನಗಳ ವಿಚಾರದಲ್ಲಿ ನಡೆದುಕೊಳ್ಳುತ್ತಿರುವ ರೀತಿಯಂತೂ ಬೃಹನ್ನಾಟಕದಂತೆ ಕಾಣುತ್ತದೆ!",caste,caste,Yes,a,2025-02-04 19:18:23
ಮತ,"ಆದರೆ ಇಸ್ಲಾಂ ಈಥರದ್ದಲ್ಲ, ಅದರ ಸಂಸ್ಥಾಪಕ ಹಾಗೂ ಅದರ ಪರಿಪಾಲಕರು ಹಿಂಸಾಮಾರ್ಗವನ್ನು, ಬೇಟೆಗಾರತನವನ್ನು ತಮ್ಮ ಮತ ಗ್ರಂಥಗಳಲ್ಲಿಯೇ ಹುದುಗಿಸಿದ್ದಾರೆ, ಆಡಿ ತೋರಿಸಿದ್ದಾರೆ, ಮಾಡಿಯೂ ತೋರಿಸಿದ್ದಾರೆ ಮಾದರಿಯಾಗಿ ನಿಂತಿದ್ದಾರೆ.",caste,caste,Yes,a,2025-02-04 19:18:23
ಮತ,ಮುಸ್ಲಿಮರಲ್ಲಿ ಇರುವ ಪಾಕಿಸ್ತಾನದ ಪರವಾದ ಗುಂಪುಗಳ ಮತ ಬೆಂಬಲವನ್ನು ಕಳೆದುಕೊಳ್ಳುವ ಭಯದಿಂದಾಗಿ ವ್ಯಕ್ತಿಗಳೂ ಪಕ್ಷಗಳೂ ಭಾರತ ಸರ್ಕಾರವು ಪಾಕಿಸ್ತಾನದ ಬಗ್ಗೆ ತೋರುವ ತುಷ್ಟೀಕರಣ ನೀತಿಯನ್ನು ವಿರೋಧಿಸುವ ಧೈರ್ಯ ತೋರುವುದಿಲ್ಲ; ಅವರಾಗಲೇ ಕೇಂದ್ರ ಮತ್ತು ಪಶ್ಚಿಮ ಬಂಗಾಳಗಳ ನಡುವೆ ಬೆಳೆಯುತ್ತಿರುವ ಸ್ನೇಹಭಂಗದ ಕುರುಹೆಂದು ಈ ಇಡೀ ವಿದ್ಯಮಾನವನ್ನು ಅರ್ಥೈಸಲು ಪ್ರಾರಂಭ ಮಾಡಿದ್ದಾರೆ.,caste,caste,Yes,a,2025-02-04 19:18:24
ಮತ,"12ರಂದು ನಡೆಯಲಿದ್ದು, ಇದರ ಅಂಗವಾಗಿ ಏಕದಿನ ಧಾರ್ಮಿಕ ಮತ ಪ್ರಭಾಷಣ ನಡೆಯಲಿದೆ ಎಂದು ಕಾರ್ಯಕ್ರಮದ ಸ್ವಾಗತ ಸಮಿತಿ ಅಧ್ಯಕ್ಷ ಬಿ.",caste,caste,Yes,a,2025-02-04 19:18:24
ಮತ,ನವದೆಹಲಿ: ಹಿಂದುಳಿದ ಹಲವು ಜಾತಿಗಳ ಮತ ಪಡೆದು ಬಿಜೆಪಿಯನ್ನು ಸೋಲಿಸಬಹುದು ಎಂಬ ಲೆಕ್ಕಾಚಾರದಲ್ಲಿ ಕಾಂಗ್ರೆಸ್ ಇದೆ.,caste,caste,Yes,a,2025-02-04 19:18:24
ಮತ,"ಮನುಕುಲ ಒಂದೇ ಜಾತಿ ಎಂದು ಜಾತಿ, ಮತ ಭೇದ -ಭಾವಗಳನ್ನು ಸಮಾಜದಿಂದ ಕಿತ್ತೊಗೆಯಲು ಹೋರಾಟ ನಡೆಸಿದ್ದಾರೆ.",caste,caste,Yes,a,2025-02-04 19:18:24
ಮತ,"ಹೀಗೆ ಬೇಡರಿಗೆ ಒಂದು ಧರ್ಮ, ಮತ ಮತ್ತು ಒಬ್ಬ ನೇತಾರನ ಮೂಲಕ ವೀರನ ಅಥವಾ ಸಂತನ ಆರಾಧನೆ ಇಲ್ಲ.",caste,caste,Yes,a,2025-02-04 19:18:24
ಮತ,ಹೀಗೆ ಮತಿಹೀನವಾದ ಮತ ಜ್ಞಾನದ ಪ್ರಗತಿಗೆ ಅಡಚಣೆಯಾಗಿರುವುದಕ್ಕೆ ಸಾವಿರಾರು ನಿದರ್ಶನಗಳು ಹಿಂದೆಯೂ ಸಿಕ್ಕುತ್ತವೆ; ಇಂದೂ ದೊರೆಯುತ್ತವೆ.,caste,caste,Yes,a,2025-02-04 19:18:24
ಮತ,"ಬಾಗಿಲು ಮುಚ್ಚಿದೆ: ಶ್ರೀರಾಮ ಸೇನೆ, ಶಿವಸೇನೆ ಸ್ಪರ್ಧೆಯಿಂದ ಹಿಂದುತ್ವದ ಮತ ಬ್ಯಾಂಕ್ ವಿಭಜನೆಯಾಗುತ್ತದೆ ನಿಜ.",caste,caste,Yes,a,2025-02-04 19:18:24
ಮತ,ಮತ್ತು 5 ರಂದು ರಾತ್ರಿ ಧಾರ್ಮಿಕ ಮತ ಪ್ರಭಾಷಣ ನಡೆಯಲಿದೆ ಎಂದು ಹೇಳಿದರು.,caste,caste,Yes,a,2025-02-04 19:18:24
ಮತ,ಕಾರ್ಯಕ್ರಮದ ರೂವಾರಿಗಳಾದ ಚಂದ್ರಶೇಖರ ಶಿವಾಚಾರ್ಯರು ಮಾತನಾಡಿ ಬಸವಣ್ಣನವರು ಕಾಯಕವನ್ನು ಅನುಭಾವದೆತ್ತರಕ್ಕೆ ಒಯ್ದವರು ಕಾಯಕ ಮಾಡಿದವರಿಗೆ ಮಾತ್ರ ಬದುಕಲು ಹಕ್ಕಿದೆಯೆಂದು ಹೇಳಿರುವ ಅರ್ಥ ಶಾಸ್ತ್ತ್ರಜ್ಞರು ಅವರು ಬೇರೆ ಇವರು ಬೇರೆ ಎನ್ನುವದು ಬೇಡ ನಮ್ಮ ಮತ ಮನುಜ ಮತವೆಂದು ಸಾರಿರುವ ಮಹಾ ಮಾನವತಾವಾದಿ ಈ ದೇಶದ ಬಹು ದೊಡ್ಡ ಸಮಾನತೆಯ ಸಾಧಕರು ಬಸವಣ್ಣನವರು.,caste,caste,Yes,a,2025-02-04 19:18:24
ಮತ,"ಕರ್ನಾಟಕದ ಹೆಸರಿನಲ್ಲಿ ನಾವು ಜಾತಿ ಧರ್ಮ, ಮತ ಎಲ್ಲ ಬಿಟ್ಟು, ಎಲ್ಲ ಒಗ್ಗೂಡಿ, ನಮ್ಮ ನಾಡು, ಭಾಷೆ ರಕ್ಷಣೆ ಮಾಡುವ ವಿಚಾರದಲ್ಲಿ ನಾವೆಲ್ಲಾ ಒಟ್ಟಾಗಿ ಕೆಲಸ ಮಾಡುತ್ತೇವೆ.",caste,caste,Yes,a,2025-02-04 19:18:24
ಮತ,ದೇಶದುದ್ದಗಲ ಮತ ಸೌಹಾರ್ದಕ್ಕೆ ಧಕ್ಕೆ ಉಂಟಾಗುತ್ತಿರುವ ಈ ಸಂದರ್ಭದಲ್ಲಿ ಮಂಗಳೂರಿನಲ್ಲಿ ನಡೆಯುತ್ತಿರುವ ಸೌಹಾರ್ದ ರ್ಯಾಲಿಯಲ್ಲಿ ಭಾಗವಹಿಸುತ್ತಿರುವುದು ನನಗೆ ಸಂತಸ ತಂದಿದೆ.,caste,caste,Yes,a,2025-02-04 19:18:24
ಮತ,"ಸಣ್ಣ ಮಕ್ಕಳಿಂದ ಹಿಡಿದು ವೃದ್ಧರ ವರೆಗೆ ಯಾವುದೇ ಜಾತಿ, ಮತ ಭೇದವಿಲ್ಲದೆ ಎಲ್ಲರೂ ಸಂಸ್ಕೃತದಲ್ಲೇ ಮಾತನಾಡುತ್ತಾರೆ.",caste,caste,Yes,a,2025-02-04 19:18:24
ಮತ,ಮುಸ್ಲಿಂ ಮತ ವಿಭಜನೆಯಾದರೆ ಕಾಂಗ್ರೆಸ್‌ಗೆ ನಷ್ಟ ಎಂಬ ಲೆಕ್ಕಾ ಚಾರ ನಡೆದಿದೆ.,caste,caste,Yes,a,2025-02-04 19:18:24
ಮತ,ಸಣ್ಣಾಟಗಳು ಶೈವ ಮತ್ತು ವೈಷ್ಣವ ಮತ ಪ್ರಚಾರದ ಉದ್ದೇಶದಿಂದಲೇ ಹುಟ್ಟಿದವೆಂಬುದಂತೂ ಸತ್ಯ.,caste,caste,Yes,a,2025-02-04 19:18:24
ಮತ,ಜಾತಿ ಮತ ಪಂಥಗಳ ಭೇದ ಕಾಣಿಸದು.,caste,caste,Yes,a,2025-02-04 19:18:24
ಮತ,"ತಮ್ಮ ಭಾಗದ ಸಾಹಿತಿಗಳನ್ನು ಜಾತಿ ಮತ ಭೇದವಿಲ್ಲದೇ ಉನ್ನತ ಸ್ಥಾನಮಾನಗಳನ್ನು ಕೊಟ್ಟು ಪೂಜಿಸುವ ಬೆಂಗಳೂರು ಮತ್ತು ಮೈಸೂರು ಪ್ರಾಂತ್ಯಗಳಿಗೆ ಹೋಲಿಸಿದಾಗ ಉತ್ತರದ ಸಾಹಿತಿ, ಪಂಡಿತರುಗಳಿಗೆ ದೊರೆತ ಸ್ಥಾನಮಾನಗಳು ಕಮ್ಮಿಯೇ.",caste,caste,Yes,a,2025-02-04 19:18:24
ಮತ,ಜಾತಿ ಮತ ಬೇಧವಿಲ್ಲದೆ ಎಲ್ಲರೂ ಇದರಲ್ಲಿ ಭಾಗಿಯಾಗಿದ್ದಾರೆ.,caste,caste,Yes,a,2025-02-04 19:18:24
ಮತ,"ಮೋದಿ ಮಾತ್ರವೇ ಮುಖ್ಯ, 2014 ರ ಚುನಾವಣೆಯಲ್ಲಿ ಅಭ್ಯರ್ಥಿಗಳನ್ನು ಪಕ್ಕಕ್ಕಿಟ್ಟು, ಮೋದಿಯನ್ನು ಗಮನದಲ್ಲಿರಿಸಿಕೊಂಡು ಮತ ಹಾಕಿದ್ದರು ಎಂದು ಬಿಜೆಪಿ ನಾಯಕರೊಬ್ಬರು ಹೇಳಿದ್ದಾರೆ.","ಅಭಿಪ್ರಾಯ, ಚುನಾವಣೆಗಳಲ್ಲಿ ಜನರು ತಮ್ಮ ಆಯ್ಕೆಯನ್ನು ಕುರಿತು ಸೂಚಿಸುವ ಅಭಿಪ್ರಾಯ","Opinon, Vote",Yes,a,2025-02-04 18:57:14
ಮತ,ಆದರೆ ಈ ಬಾರಿ 2014 ರ ಚುನಾವಣೆ ವೇಳೆಗೆ 12 ಕೋಟಿ ಯುವ ಮತದಾರರು ಮತ ಚಲಾಯಿಸುವ ಹಕ್ಕನ್ನು ಪಡೆಯಲಿದ್ದಾರೆ.,"ಅಭಿಪ್ರಾಯ, ಚುನಾವಣೆಗಳಲ್ಲಿ ಜನರು ತಮ್ಮ ಆಯ್ಕೆಯನ್ನು ಕುರಿತು ಸೂಚಿಸುವ ಅಭಿಪ್ರಾಯ","Opinon, Vote",Yes,a,2025-02-04 18:57:14
ಮತ,ಐದೂ ಮುಕ್ಕಾಲು ಲಕ್ಷ ಜನರು ನಿಖಿಲ್ ಕುಮಾರಸ್ವಾಮಿ ಅಥವಾ ಜನತಾದಳದ ಪರವಾಗಿ ಮತ ಹಾಕಿದ್ದೀರಿ.,"ಅಭಿಪ್ರಾಯ, ಚುನಾವಣೆಗಳಲ್ಲಿ ಜನರು ತಮ್ಮ ಆಯ್ಕೆಯನ್ನು ಕುರಿತು ಸೂಚಿಸುವ ಅಭಿಪ್ರಾಯ","Opinon, Vote",Yes,a,2025-02-04 18:57:14
ಮತ,ಪುತ್ತೂರು: ಕಬಕ ಹಾಗೂ 34 ನೆಕ್ಕಿಲಾಡಿ ಗ್ರಾಮ ಪಂಚಾಯತ್ ಗಳಲ್ಲಿ ತೆರವಾದ ತಲಾ ಒಂದೊಂದು ಸ್ಥಾನಗಳಿಗೆ ನಡೆದ ಚುವಾವನೆಯ ಮತ ಎಣಿಕೆ ಕಾರ್ಯ ಮೇ.,"ಅಭಿಪ್ರಾಯ, ಚುನಾವಣೆಗಳಲ್ಲಿ ಜನರು ತಮ್ಮ ಆಯ್ಕೆಯನ್ನು ಕುರಿತು ಸೂಚಿಸುವ ಅಭಿಪ್ರಾಯ","Opinon, Vote",Yes,a,2025-02-04 18:57:14
ಮತ,ಇದೇ ವೇಳೆ ಅವರು ಮಾರ್ಚ್ 21ಕ್ಕೂ ಮುನ್ನ ನಿರ್ಣಯದ ಪರ ಮತ ಹಾಕುವ ಗೊತ್ತುವಳಿಯನ್ನು ಸಂಸತ್ತಿನಲ್ಲಿ ಅಂಗೀಕರಿಸುವುದಾದರೆ ಡಿಎಂಕೆ ತನ್ನ ನಿರ್ಧಾರವನ್ನು ಪುನಃ ಪರಿಶೀಲಿಸಲು ಸಿದ್ಧವಿದೆ ಎಂದು ತಿಳಿಸಿದರು.,"ಅಭಿಪ್ರಾಯ, ಚುನಾವಣೆಗಳಲ್ಲಿ ಜನರು ತಮ್ಮ ಆಯ್ಕೆಯನ್ನು ಕುರಿತು ಸೂಚಿಸುವ ಅಭಿಪ್ರಾಯ","Opinon, Vote",Yes,a,2025-02-04 18:57:14
ಮತ,ರಾಹುಲ್​ ಜೋಶಿ: ಮಹಾಮೈತ್ರಿಗೆ ಮತ ಹಾಕುವಂತೆ ಮಾಯಾವತಿ ಮುಸ್ಲಿಮರಿಗೆ ಮನವಿ ಮಾಡಿದ್ದಾರೆ.,"ಅಭಿಪ್ರಾಯ, ಚುನಾವಣೆಗಳಲ್ಲಿ ಜನರು ತಮ್ಮ ಆಯ್ಕೆಯನ್ನು ಕುರಿತು ಸೂಚಿಸುವ ಅಭಿಪ್ರಾಯ","Opinon, Vote",Yes,a,2025-02-04 18:57:14
ಮತ,"ಬ್ರಿಟನ್ ಜನತೆ ಬ್ರೆಕ್ಸಿಟ್ ಪರವಾಗಿ ಮತ ಚಲಾಯಿಸಿದ ಬೆನ್ನಲ್ಲೇ ಚಿನ್ನದ ಬೆಲೆ 30,000 ಗಡಿ ದಾಟಿದೆ.","ಅಭಿಪ್ರಾಯ, ಚುನಾವಣೆಗಳಲ್ಲಿ ಜನರು ತಮ್ಮ ಆಯ್ಕೆಯನ್ನು ಕುರಿತು ಸೂಚಿಸುವ ಅಭಿಪ್ರಾಯ","Opinon, Vote",Yes,a,2025-02-04 18:57:14
ಮತ,ಬೆಳಿಗ್ಗೆಯಿಂದಲೇ ಜನ ಮತಗಟ್ಟೆಗಳಿಗೆ ಬಂದು ಉತ್ಸಾಹದಿಂದ ಮತ ಚಲಾಯಿಸಿದರು.,"ಅಭಿಪ್ರಾಯ, ಚುನಾವಣೆಗಳಲ್ಲಿ ಜನರು ತಮ್ಮ ಆಯ್ಕೆಯನ್ನು ಕುರಿತು ಸೂಚಿಸುವ ಅಭಿಪ್ರಾಯ","Opinon, Vote",Yes,a,2025-02-04 18:57:14
ಮತ,ಪ್ರಜೆಗಳು ಚುನಾವಣೆಗಳಲ್ಲಿ ಆಳುವವರ ವಿರುದ್ಧ ಮತ ನೀಡುತ್ತಾರೆ.,"ಅಭಿಪ್ರಾಯ, ಚುನಾವಣೆಗಳಲ್ಲಿ ಜನರು ತಮ್ಮ ಆಯ್ಕೆಯನ್ನು ಕುರಿತು ಸೂಚಿಸುವ ಅಭಿಪ್ರಾಯ","Opinon, Vote",Yes,a,2025-02-04 18:57:14
ಮತ,ಸಂಜೆ 5 ಗಂಟೆಯಿಂದ ಮತ ಎಣಿಕೆ ಆರಂಭಗೊಂಡಿದ್ದು ಮೊದಲ ಸುತ್ತಿನಿಂದಲೇ ಅಜಿತ್‌ ಕುಮಾರ್‌ ರೈ ಮಾಲಾಡಿ ಮುನ್ನಡೆ ಕಾಯ್ದುಕೊಂಡಿದ್ದರು.,"ಅಭಿಪ್ರಾಯ, ಚುನಾವಣೆಗಳಲ್ಲಿ ಜನರು ತಮ್ಮ ಆಯ್ಕೆಯನ್ನು ಕುರಿತು ಸೂಚಿಸುವ ಅಭಿಪ್ರಾಯ","Opinon, Vote",Yes,a,2025-02-04 18:57:14
ಮತ,ಈ ವಿಶ್ವಾಸದಲ್ಲಿ ಈ ಬಾರಿಯೂ ರೂಹಾನಿಗೆ ಮತ ಹಾಕಿರುವುದಾಗಿ ಟೆಹ್ರಾನ್‌ನ ಅಲಿರೆಝ ನಿಕಪುರ್ ಎಂಬವರು ಮತದಾನ ನಡೆಸಿದ ಬಳಿಕ ಪ್ರತಿಕ್ರಿಯಿಸಿದ್ದಾರೆ.,"ಅಭಿಪ್ರಾಯ, ಚುನಾವಣೆಗಳಲ್ಲಿ ಜನರು ತಮ್ಮ ಆಯ್ಕೆಯನ್ನು ಕುರಿತು ಸೂಚಿಸುವ ಅಭಿಪ್ರಾಯ","Opinon, Vote",Yes,a,2025-02-04 18:57:14
ಮತ,ಚುನಾವಣಾ ಆಯೋಗವು ಮತದಾನದ ಸಂಖ್ಯೆ ಹೆಚ್ಚಿಸಲು ಹಲವು ಪ್ರಯತ್ನ ಮಾಡುತ್ತಿದ್ದರೂ ಮತದಾನದ ಪ್ರಮಾಣವನ್ನು ಹೆಚ್ಚಿಸಲು ಸಾಧ್ಯವಾಗುತ್ತಿಲ್ಲ ನಗರಗಳಿಗಿಂತ ಗ್ರಾಮೀಣ ಪ್ರದೇಶದಲ್ಲಿರುವ ಮತದಾರರಿಗೆ ಮತ ಚಲಾಯಿಸಲು ಆಸಕ್ತಿ ಜಾಸ್ತಿ ಎಂಬ ಅಭಿಪ್ರಾಯವನ್ನು ವ್ಯಕ್ತಪಡಿಸಿದ್ದು ಈ ಹಿನ್ನೆಲೆಯಲ್ಲಿ ಪಟ್ಟಣದಲ್ಲಿರುವ ಯುವಕರು ಯಾವುದೇ ಕಾರಣಕ್ಕೂ ಮತದಾನದಿಂದ ದೂರ ಉಳಿಯದಂತೆ ಮನವಿ ಮಾಡಿದರು.,"ಅಭಿಪ್ರಾಯ, ಚುನಾವಣೆಗಳಲ್ಲಿ ಜನರು ತಮ್ಮ ಆಯ್ಕೆಯನ್ನು ಕುರಿತು ಸೂಚಿಸುವ ಅಭಿಪ್ರಾಯ","Opinon, Vote",Yes,a,2025-02-04 18:57:14
ಮತ,ಮತ ಎಣಿಕೆ ಕೇಂದ್ರಕ್ಕೆ ಅಭ್ಯರ್ಥಿಗಳು ಹಾಗೂ ಅವರು ನಿಯೋಜಿಸಿದ ಏಜೆಂಟರುಗಳಿಗೆ ಮಾತ್ರ ಪ್ರವೇಶ ಕಲ್ಪಿಸಲಾಗುವುದು.,"ಅಭಿಪ್ರಾಯ, ಚುನಾವಣೆಗಳಲ್ಲಿ ಜನರು ತಮ್ಮ ಆಯ್ಕೆಯನ್ನು ಕುರಿತು ಸೂಚಿಸುವ ಅಭಿಪ್ರಾಯ","Opinon, Vote",Yes,a,2025-02-04 18:57:14
ಮತ,ಮತ ಹಾಕಿ ಮಾದರಿಯಾಗಿ - ರಾಕೇಶ್‌ ಮಯ್ಯ,"ಅಭಿಪ್ರಾಯ, ಚುನಾವಣೆಗಳಲ್ಲಿ ಜನರು ತಮ್ಮ ಆಯ್ಕೆಯನ್ನು ಕುರಿತು ಸೂಚಿಸುವ ಅಭಿಪ್ರಾಯ","Opinon, Vote",Yes,a,2025-02-04 18:57:14
ಮತ,"ಪಕ್ಷೇತರರಾಗಿದ್ದ ಅವರಿಗೆ 4,540 ಮತ ಬಿದ್ದಿದ್ದವು.","ಅಭಿಪ್ರಾಯ, ಚುನಾವಣೆಗಳಲ್ಲಿ ಜನರು ತಮ್ಮ ಆಯ್ಕೆಯನ್ನು ಕುರಿತು ಸೂಚಿಸುವ ಅಭಿಪ್ರಾಯ","Opinon, Vote",Yes,a,2025-02-04 18:57:14
ಮತ,ಅಭ್ಯರ್ಥಿಯೋರ್ವ ಗೆಲ್ಲಬೇಕಾದರೆ ಒಟ್ಟು ಮತಗಳ ನಾಲ್ಕನೇ ಒಂದು ಭಾಗ ಮತ್ತು ಒಂದು ಹೆಚ್ಚುವರಿ ಮತ ಪಡೆಯಬೇಕಾಗುತ್ತದೆ.,"ಅಭಿಪ್ರಾಯ, ಚುನಾವಣೆಗಳಲ್ಲಿ ಜನರು ತಮ್ಮ ಆಯ್ಕೆಯನ್ನು ಕುರಿತು ಸೂಚಿಸುವ ಅಭಿಪ್ರಾಯ","Opinon, Vote",Yes,a,2025-02-04 18:57:14
ಮತ,"ಈ ನಿಯಮದ ಪ್ರಕಾರ, 18 ವರ್ಷ ದಾಟಿ ಮತ ಚಲಾಯಿಸುವ ಹಕ್ಕು ಪಡೆದಿರುವ ಪ್ರತಿಯೊಬ್ಬ ಮತದಾರನೂ ಕಡ್ಡಾಯವಾಗಿ ಮತದಾನ ಮಾಡಲೇಬೇಕು.","ಅಭಿಪ್ರಾಯ, ಚುನಾವಣೆಗಳಲ್ಲಿ ಜನರು ತಮ್ಮ ಆಯ್ಕೆಯನ್ನು ಕುರಿತು ಸೂಚಿಸುವ ಅಭಿಪ್ರಾಯ","Opinon, Vote",Yes,a,2025-02-04 18:57:14
ಮತ,19- ರಾಜ್ಯಪಾಲರು 2018ರ ಆಗಿನ ಮುಖ್ಯಮಂತ್ರಿಗೆ ವಿಶ್ವಾಸ ಮತ ಸಾಬೀತುಪಡಿಸಲು 15 ದಿನಗಳ ಗಡುವು ಕೊಟ್ಟಿದ್ದರು.,"ಅಭಿಪ್ರಾಯ, ಚುನಾವಣೆಗಳಲ್ಲಿ ಜನರು ತಮ್ಮ ಆಯ್ಕೆಯನ್ನು ಕುರಿತು ಸೂಚಿಸುವ ಅಭಿಪ್ರಾಯ","Opinon, Vote",Yes,a,2025-02-04 18:57:14
ಮತ,ಹಾಗಾಗಿ ಜಿಲ್ಲೆಯ ಪ್ರಜ್ಞಾವಂತ ನಾಗರಿಕರು ಬಿಜೆಪಿ ಅಭ್ಯರ್ಥಿ ನಳಿನ್‌ಕುಮಾರ್ ಅವರಿಗೆ ಮತ ಚಲಾಯಿಸಬಾರದು.,"ಅಭಿಪ್ರಾಯ, ಚುನಾವಣೆಗಳಲ್ಲಿ ಜನರು ತಮ್ಮ ಆಯ್ಕೆಯನ್ನು ಕುರಿತು ಸೂಚಿಸುವ ಅಭಿಪ್ರಾಯ","Opinon, Vote",Yes,a,2025-02-04 18:57:14
ಮತ,ಬಿಜೆಪಿ ಹೆಚ್ಚು ಮತ ನೀಡಿದ್ದಕ್ಕೆ ಕುಡಿವ ನೀರು ಪೂರೈಕೆ ಬಂದ್‌,"ಅಭಿಪ್ರಾಯ, ಚುನಾವಣೆಗಳಲ್ಲಿ ಜನರು ತಮ್ಮ ಆಯ್ಕೆಯನ್ನು ಕುರಿತು ಸೂಚಿಸುವ ಅಭಿಪ್ರಾಯ","Opinon, Vote",Yes,a,2025-02-04 18:57:14
ಮತ,ಹುಡಿಮಣ್ಣಿನಲಿ ಹೊರಳಾಡಿ ಪದತಲದಿ ಮಲಗಿ ಮತ ಕೇಳುವವರಿದ್ದೂ,"ಅಭಿಪ್ರಾಯ, ಚುನಾವಣೆಗಳಲ್ಲಿ ಜನರು ತಮ್ಮ ಆಯ್ಕೆಯನ್ನು ಕುರಿತು ಸೂಚಿಸುವ ಅಭಿಪ್ರಾಯ","Opinon, Vote",Yes,a,2025-02-04 18:57:14
ಮತ,ಏನೇ ನಿರ್ಲಕ್ಷ್ಯ ಮಾಡಿದರೂ ದಲಿತರು ಕಾಂಗ್ರೆಸ್‍ಗೇ ಮತ ಹಾಕುತ್ತಾರೆ ಎನ್ನುವ ಭ್ರಮೆಯಲ್ಲಿ ಕಾಂಗ್ರೆಸ್ ಮುಖಂಡರು ಇರುವಂತಿದೆ.,"ಅಭಿಪ್ರಾಯ, ಚುನಾವಣೆಗಳಲ್ಲಿ ಜನರು ತಮ್ಮ ಆಯ್ಕೆಯನ್ನು ಕುರಿತು ಸೂಚಿಸುವ ಅಭಿಪ್ರಾಯ","Opinon, Vote",Yes,a,2025-02-04 18:57:14
ಮತ,"ಸಾಮಾಜಿಕ ಜಾಲತಾಣಗಳಲ್ಲದೆ ಕ್ಷೇತ್ರ ವ್ಯಾಪ್ತಿಯ ಪ್ರತಿಯೊಂದು ಮನೆ ಮತ್ತು ಧಾರ್ಮಿಕ, ಸಾಮಾಜಿಕ ಕೇಂದ್ರಗಳಿಗೂ ಭೇಟಿ ನೀಡಿ ಮತ ಯಾಚಿಸುತ್ತಿದ್ದೇವೆ.","ಅಭಿಪ್ರಾಯ, ಚುನಾವಣೆಗಳಲ್ಲಿ ಜನರು ತಮ್ಮ ಆಯ್ಕೆಯನ್ನು ಕುರಿತು ಸೂಚಿಸುವ ಅಭಿಪ್ರಾಯ","Opinon, Vote",Yes,a,2025-02-04 18:57:14
ಮತ,ಬರೀ ಪಟ್ಟಣದ ಪ್ರದೇಶಗಳನ್ನು ಮಾತ್ರ ಗಣನೆಗೆ ತೆಗೆದುಕೊಂಡು ಗ್ರಾಮೀಣ ಭಾಗದ ಮತದಾರರು ಮತ ನೀಡಿಲ್ಲವೆಂದು ಕಡೆಗಣಿಸಿದ್ದಕ್ಕೆ ಮತದಾರರ ಕೆಂಗಣ್ಣಿಗೆ ಶಿವರಾಮ ಹೆಬ್ಬಾರ್ ಗುರಿಯಾಗಿದ್ದಾರೆ.,"ಅಭಿಪ್ರಾಯ, ಚುನಾವಣೆಗಳಲ್ಲಿ ಜನರು ತಮ್ಮ ಆಯ್ಕೆಯನ್ನು ಕುರಿತು ಸೂಚಿಸುವ ಅಭಿಪ್ರಾಯ","Opinon, Vote",Yes,a,2025-02-04 18:57:14
ಮತ,ಮತ ಚಲಾಯಿಸಿ ಅರಿವು ಮೂಡಿಸಿದ ನಟಿ ದೀಪಿಕಾ ಪಡುಕೋಣೆ,"ಅಭಿಪ್ರಾಯ, ಚುನಾವಣೆಗಳಲ್ಲಿ ಜನರು ತಮ್ಮ ಆಯ್ಕೆಯನ್ನು ಕುರಿತು ಸೂಚಿಸುವ ಅಭಿಪ್ರಾಯ","Opinon, Vote",Yes,a,2025-02-04 18:57:14
ಮತ,ಮತ ಚಲಾಯಿಸುವ ಮೂಲಕ ಅವರೆಲ್ಲರ ಶ್ರಮಕ್ಕೆ ಕೃತಜ್ಞತೆ ಸಲ್ಲಿಸುವ ಸಮಯ ಇದು.,"ಅಭಿಪ್ರಾಯ, ಚುನಾವಣೆಗಳಲ್ಲಿ ಜನರು ತಮ್ಮ ಆಯ್ಕೆಯನ್ನು ಕುರಿತು ಸೂಚಿಸುವ ಅಭಿಪ್ರಾಯ","Opinon, Vote",Yes,a,2025-02-04 18:57:15
ಮತ,ನಮಗೆ ಮತ ಹಾಕಿ ಎಂದು ಸುಳ್ಳು ಹೇಳಿಕೊಂಡು,"ಅಭಿಪ್ರಾಯ, ಚುನಾವಣೆಗಳಲ್ಲಿ ಜನರು ತಮ್ಮ ಆಯ್ಕೆಯನ್ನು ಕುರಿತು ಸೂಚಿಸುವ ಅಭಿಪ್ರಾಯ","Opinon, Vote",Yes,a,2025-02-04 18:57:15
ಮತ,ಮತ್ತು ಶನಿವಾರ ನಡೆದ ಮೊದಲ ಹಂತದ ಚುನಾವಣೆಯಲ್ಲಿ ಮತದಾನಕ್ಕೆ ಅಡ್ಡಿಪಡಿಸುವ ಶಕ್ತಿಗಳ ವಿರುದ್ಧ ಹೋರಾಡಿ ಮತ ಚಲಾಯಿಸಿದ ರಾಜ್ಯದ ಜನರಿಗೆ ನಾನು ಧನ್ಯವಾದ ಅರ್ಪಿಸುತ್ತೇನೆ ಎಂದು ಹೇಳಿದರು.,"ಅಭಿಪ್ರಾಯ, ಚುನಾವಣೆಗಳಲ್ಲಿ ಜನರು ತಮ್ಮ ಆಯ್ಕೆಯನ್ನು ಕುರಿತು ಸೂಚಿಸುವ ಅಭಿಪ್ರಾಯ","Opinon, Vote",Yes,a,2025-02-04 18:57:15
ಮತ,ಸೋಮವಾರ ಬೆಳಿಗ್ಗೆ ಮತ ಎಣಿಕೆ ಆರಂಭಗೊಂಡಾಗ ಸ್ವಲ್ಪ ಸಮಯ ಬಿಜೆಪಿ ಪರವಾಗಿ ಹೆಚ್ಚಿನ ಮತಗಳ ಘೋಷಣೆಯಾದಾಗ ಕೆಲ ಕಾಲ ಠಾಕೂರ್ ಉದ್ವಿಗ್ನಗೊಂಡಿದ್ದರು.,"ಅಭಿಪ್ರಾಯ, ಚುನಾವಣೆಗಳಲ್ಲಿ ಜನರು ತಮ್ಮ ಆಯ್ಕೆಯನ್ನು ಕುರಿತು ಸೂಚಿಸುವ ಅಭಿಪ್ರಾಯ","Opinon, Vote",Yes,a,2025-02-04 18:57:17
ಮತ,ಇಂತಹ ಪಕ್ಷಗಳಿಗೆ ಬಿಸಿಯೂಟ ನೌಕರರು ಎಂದಿಗೂ ಮತ ಚಲಾವಣೆ ಮಾಡುವುದಿಲ್ಲ.,"ಅಭಿಪ್ರಾಯ, ಚುನಾವಣೆಗಳಲ್ಲಿ ಜನರು ತಮ್ಮ ಆಯ್ಕೆಯನ್ನು ಕುರಿತು ಸೂಚಿಸುವ ಅಭಿಪ್ರಾಯ","Opinon, Vote",Yes,a,2025-02-04 18:57:17
ಮತ,ಮಧ್ಯಪ್ರದೇಶ ಕಾಂಗ್ರೆಸ್ ಮುಖಂಡ ಕಮಲನಾಥ್ ಅವರು ಶೇಕಡ 90ರಷ್ಟು ಮುಸ್ಲಿಮರು ಕಾಂಗ್ರೆಸ್‌ಗೆ ಮತ ಹಾಕಿದಲ್ಲಿ ಮಾತ್ರ ಪಕ್ಷ ಗೆಲ್ಲುತ್ತದೆ ಎಂದು ಕಳೆದ ವಿಧಾನಸಭಾ ಚುನಾವಣೆಯಲ್ಲಿ ಹೇಳಿದ ಸಂದರ್ಭದಲ್ಲಿ ಆದಿತ್ಯನಾಥ್ ಮೊಟ್ಟಮೊದಲ ಬಾರಿಗೆ ಅಲಿ- ಬಜರಂಗ ಬಲಿ ನಡುವಿನ ಹೋರಾಟ ಎಂದು ಬಣ್ಣಿಸಿದ್ದರು.,"ಅಭಿಪ್ರಾಯ, ಚುನಾವಣೆಗಳಲ್ಲಿ ಜನರು ತಮ್ಮ ಆಯ್ಕೆಯನ್ನು ಕುರಿತು ಸೂಚಿಸುವ ಅಭಿಪ್ರಾಯ","Opinon, Vote",Yes,a,2025-02-04 18:57:17
ಮತ,"ಶನಿವಾರ ಮತ ಎಣಿಕೆ, ಫಲಿತಾಂಶದತ್ತ ಎಲ್ಲರ ಚಿತ್ತ","ಅಭಿಪ್ರಾಯ, ಚುನಾವಣೆಗಳಲ್ಲಿ ಜನರು ತಮ್ಮ ಆಯ್ಕೆಯನ್ನು ಕುರಿತು ಸೂಚಿಸುವ ಅಭಿಪ್ರಾಯ","Opinon, Vote",Yes,a,2025-02-04 18:57:17
ಮತ,ಜೇವರ್ಗಿ ಕ್ಷೇತ್ರದಲ್ಲಿ ಪಡೆಯುವ ಮತ ಹೆಚ್ಚಳವೇ ಕಲಬುರಗಿ ಲೋಕಸಭಾ ಕ್ಷೇತ್ರದ ಫಲಿತಾಂಶಕ್ಕೆ ನಾಂದಿಯಾಗಲಿದೆ.,"ಅಭಿಪ್ರಾಯ, ಚುನಾವಣೆಗಳಲ್ಲಿ ಜನರು ತಮ್ಮ ಆಯ್ಕೆಯನ್ನು ಕುರಿತು ಸೂಚಿಸುವ ಅಭಿಪ್ರಾಯ","Opinon, Vote",Yes,a,2025-02-04 18:57:17
ಮತ,"ಇಡೀ ದೇಶದ ಗಮನ ಸೆಳೆದಿರುವ ವಿಧಾನಸಭೆ ಚುನಾವಣೆಗೆ ದಿನಾಂಕ ನಿಗದಿಯಾಗಿದ್ದು, ಮಾರ್ಚ್ 12 ರಂದು ಶನಿವಾರ ಮತದಾನ, ಮಾರ್ಚ್ 15 ರಂದು ಮಂಗಳವಾರ ಮತ ಎಣಿಕೆ ನಡೆಯಲಿದೆ.","ಅಭಿಪ್ರಾಯ, ಚುನಾವಣೆಗಳಲ್ಲಿ ಜನರು ತಮ್ಮ ಆಯ್ಕೆಯನ್ನು ಕುರಿತು ಸೂಚಿಸುವ ಅಭಿಪ್ರಾಯ","Opinon, Vote",Yes,a,2025-02-04 18:57:17
ಮತ,ಶಿವಸೇನೆ ಎಲ್ಲಾ ಶಾಸಕರಿಗೂ ವಿಪ್ ನೀಡಿ ವಿಶ್ವಾಸ ಮತದ ವಿರುದ್ಧ ಮತ ಚಲಾಯಿಸುವಂತೆ ಸೂಚಿಸಿತ್ತು.,"ಅಭಿಪ್ರಾಯ, ಚುನಾವಣೆಗಳಲ್ಲಿ ಜನರು ತಮ್ಮ ಆಯ್ಕೆಯನ್ನು ಕುರಿತು ಸೂಚಿಸುವ ಅಭಿಪ್ರಾಯ","Opinon, Vote",Yes,a,2025-02-04 18:57:17
ಮತ,ಹಣ ಹಂಚಿ ಮತ ಪಡೆಯುವ ಹೀನ ರಾಜಕಾರಣ ನಡೆಸಿದೆ ಎಂದು ಆರೋಪಿಸಿದ್ದಾರೆ.,"ಅಭಿಪ್ರಾಯ, ಚುನಾವಣೆಗಳಲ್ಲಿ ಜನರು ತಮ್ಮ ಆಯ್ಕೆಯನ್ನು ಕುರಿತು ಸೂಚಿಸುವ ಅಭಿಪ್ರಾಯ","Opinon, Vote",Yes,a,2025-02-04 18:57:17
ಮತ,ಕ್ಷೇತ್ರದಿಂದ ಹೊರಗುಳಿದ ತಮ್ಮ ಮತದಾರರನ್ನು ಕರೆಯಿಸಿ ಮತ ಚಲಾಯಿಸುವ ಕೆಲಸ ಎರಡು ಪಕ್ಷದಿಂದ ನಡೆದಿದೆ.,"ಅಭಿಪ್ರಾಯ, ಚುನಾವಣೆಗಳಲ್ಲಿ ಜನರು ತಮ್ಮ ಆಯ್ಕೆಯನ್ನು ಕುರಿತು ಸೂಚಿಸುವ ಅಭಿಪ್ರಾಯ","Opinon, Vote",Yes,a,2025-02-04 18:57:17
ಮತ,ಅವರಿಗೆ ಮತ್ತೆ ಮತ ಹಾಕುತ್ತೀರಾ?,"ಅಭಿಪ್ರಾಯ, ಚುನಾವಣೆಗಳಲ್ಲಿ ಜನರು ತಮ್ಮ ಆಯ್ಕೆಯನ್ನು ಕುರಿತು ಸೂಚಿಸುವ ಅಭಿಪ್ರಾಯ","Opinon, Vote",Yes,a,2025-02-04 18:57:17
ಮತ,ಈ ನಿಟ್ಟಿನಲ್ಲಿ ಆಯಾ ಕ್ಷೇತ್ರಗಳ ನಿಗದಿತ ಮತ ಎಣಿಕೆ ಕೇಂದ್ರಗಳ ಸ್ಟ್ರಾಂಗ್ ರೂಂಗಳಲ್ಲಿ ಇವಿಎಂಗಳನ್ನು ಭದ್ರವಾಗಿಡಲಾಗಿದೆ.,"ಅಭಿಪ್ರಾಯ, ಚುನಾವಣೆಗಳಲ್ಲಿ ಜನರು ತಮ್ಮ ಆಯ್ಕೆಯನ್ನು ಕುರಿತು ಸೂಚಿಸುವ ಅಭಿಪ್ರಾಯ","Opinon, Vote",Yes,a,2025-02-04 18:57:17
ಮತ,"ಪ್ರಧಾನಿ ಮೋದಿಯನ್ನು ತೋರಿಸಿ ಮತ ಕೇಳುವುದೆಂದರೆ ಅಪ್ಪನನ್ನು ತೋರಿಸಿ ಮಗನಿಗೆ ಹೆಣ್ಣು ಕೇಳಿದಂತೆ - ಮಲ್ಲಿಕಾರ್ಜುನ ಖರ್ಗೆ, ಕಾಂಗ್ರೆಸ್ ನಾಯಕ","ಅಭಿಪ್ರಾಯ, ಚುನಾವಣೆಗಳಲ್ಲಿ ಜನರು ತಮ್ಮ ಆಯ್ಕೆಯನ್ನು ಕುರಿತು ಸೂಚಿಸುವ ಅಭಿಪ್ರಾಯ","Opinon, Vote",Yes,a,2025-02-04 18:57:17
ಮದ್ದು,"ಈ ವಿಧಾನವು ಬೆಳವಣಿಗೆಗಳು ಕೆ Silin, ಮದ್ದು ಗುಂಡಿನ ಪೆಟ್ಟಿಗೆ ಯಾ ಬಂಡಿ ಅಡಿಪಾಯ, ಸಾಮಾನ್ಯವಾಗಿ ತುಂಬಿದ ಒಂದು ಹೆಚ್ಚು ರೆಸಲ್ಯೂಶನ್, ಹೊಂದಿರುವ ವಸ್ತುಗಳು ಕಾಮಗಾರಿಯಲ್ಲಿ ಬಳಸಿದ ಹೊರಗಿಟ್ಟಿತು ವ್ಯತ್ಯಾಸವೆಂದರೆ ಜೊತೆ ಟ್ರಾನ್ಸ್ ಸೈಬೀರಿಯನ್ ಕಲಿತ .","ಅಗ್ನಿಸ್ಫೋಟಕ, ಸಿಡಿ ಮದ್ದು",Gunpowder,Yes,Darshan R K,2025-02-08 14:05:27
ಮದ್ದು,ಅದರ ಮೇಲೆ ಹೆಲಿಕಾಪ್ಟರ್ನಲ್ಲಿ ಮದ್ದು ಬಿಡುತ್ತಿದ್ದರೆಂದು ಜನ ಹೇಳುತ್ತಿದ್ದರು ಎಂದು ಸುಶೀಲ್ ನೆನಪಿಸಿಕೊಳ್ಳುತ್ತಾರೆ.,"ಅಗ್ನಿಸ್ಫೋಟಕ, ಸಿಡಿ ಮದ್ದು",Gunpowder,Yes,Darshan R K,2025-02-08 14:05:27
ಮದ್ದು,"ಸುಳುಗೋಡು ಗ್ರಾಮದಲ್ಲಿ ಸಾವಿಗೀಡಾದ ಕಾಡಾನೆ ದೇಹದಲ್ಲಿ ಎರಡು ಮದ್ದು ಗುಂಡುಗಳು ಪತ್ತೆಯಾಗಿದ್ದು, ಶವ ಪರೀಕ್ಷೆ ಸಂದರ್ಭ ಸಿಕ್ಕಿದ ಮದ್ದುಗುಂಡುಗಳನ್ನು ವಶ ಪಡಿಸಿಕೊಳ್ಳಲಾಗಿದೆ ಎಂದು ತಿಳಿದು ಬಂದಿದೆ.","ಅಗ್ನಿಸ್ಫೋಟಕ, ಸಿಡಿ ಮದ್ದು",Gunpowder,Yes,Darshan R K,2025-02-08 14:05:27
ಮದ್ದು,ಮದ್ದು ಗುಂಡು ಫಿರಂಗಿಗಳ ಅಮೆರಿಕ ಸಂಯುಕ್ತ ಸಂಸ್ಥಾನದ ಸೈನ್ಯದ ಮುಂದೆ ಗರುಡನ ಗರಿಯ ಯುವಕರು ಇರುವೆಗಳಂತೆ ಸತ್ತರು.,"ಅಗ್ನಿಸ್ಫೋಟಕ, ಸಿಡಿ ಮದ್ದು",Gunpowder,Yes,Darshan R K,2025-02-08 14:05:27
ಮದ್ದು,"ನೀವು ಈಗಾಗಲೇ ಯಾವುದೇ ಮದ್ದು ನೀವು ಸ್ಫೋಟಕ ಮಾಡಲು ನಿಖರವಾಗಿ ಹೇಗೆ ತಿಳಿದಿರುವಂತೆ, ಸ್ಪೋಟಕ ಮಾಡಬಹುದು ತಿಳಿದಿದೆ ಮದ್ದು.","ಅಗ್ನಿಸ್ಫೋಟಕ, ಸಿಡಿ ಮದ್ದು",Gunpowder,Yes,Darshan R K,2025-02-08 14:05:27
ಮದ್ದು,ಬಳಕೆಯಾಗುತಿವೆ ಅದೇ ಮದ್ದು ಗುಂಡುಗಳು,"ಅಗ್ನಿಸ್ಫೋಟಕ, ಸಿಡಿ ಮದ್ದು",Gunpowder,Yes,Darshan R K,2025-02-08 14:05:27
ಮದ್ದು,ಸುತ್ತಮುತ್ತ ಮದ್ದು ಗುಂಡುಗಳು ಹಾರುತ್ತಿದ್ದರೂ ಕಲ್ಲುಗಳ ತೂರಾಟ ಹೆಚ್ಚಾಗಿದ್ದರೂ ಅಲ್ಲಿ ಪ್ರೇಮಪುಷ್ಪಗಳು ಯಥಾಪ್ರಕಾರ ಅರಳುತ್ತಲೇ ಇವೆ.,"ಅಗ್ನಿಸ್ಫೋಟಕ, ಸಿಡಿ ಮದ್ದು",Gunpowder,Yes,Darshan R K,2025-02-08 14:05:27
ಮದ್ದು,"9: ಭಾರತದ ಕ್ರಿಕೆಟ್ ನಿಯಂತ್ರಣ ಮಂಡಳಿ(ಬಿಸಿಸಿಐ) ಕೊನೆಗೂ ರಾಷ್ಟ್ರೀಯ ಉದ್ದೀಪನಾ ಮದ್ದು ನಿಗ್ರಹ ಘಟಕ(ನಾಡಾ)ವ್ಯಾಪ್ತಿಗೆ ಸೇರ್ಪಡೆಯಾಗಲು ಒಪ್ಪಿಕೊಂಡಿದ್ದು, ಆರ್ಥಿಕವಾಗಿ ಸ್ವಾಯತ್ತತೆ ಹೊಂದಿದ್ದರೂ ಇದೀಗ ಅಧಿಕೃತವಾಗಿ ರಾಷ್ಟ್ರೀಯ ಕ್ರೀಡಾ ಒಕ್ಕೂಟವಾಗಲಿದೆ.","ಅಗ್ನಿಸ್ಫೋಟಕ, ಸಿಡಿ ಮದ್ದು",Gunpowder,Yes,Darshan R K,2025-02-08 14:05:27
ಮದ್ದು,"ವಿನ್ಯಾಸದ ಪ್ರಕಾರ, ರೆಕ್ಕೆ ಎಎನ್ -26 (ಫೋಟೋ ವಿಮಾನ ಸಂಪೂರ್ಣವಾಗಿ ದೃಢೀಕರಿಸಲ್ಪಟ್ಟಿದೆ), ಮದ್ದು ಗುಂಡಿನ ಪೆಟ್ಟಿಗೆ ಯಾ ಬಂಡಿ ವಿಧವನ್ನು ಸೂಚಿಸಲು ಮತ್ತು ರೆಕ್ಕೆ, ರಿಬ್ ಟ್ರಿಮ್ ಮತ್ತು 23 ಒಳಗೊಂಡಿದೆ.","ಅಗ್ನಿಸ್ಫೋಟಕ, ಸಿಡಿ ಮದ್ದು",Gunpowder,Yes,Darshan R K,2025-02-08 14:05:27
ಮದ್ದು,"ನಿಜವಿಷಯ ತಿಳಿದರೆ ನಾವು ಕದ್ದಿದ್ದ ಮದ್ದು ಗುಂಡು ರವೆ ತೋಟಾ ಎಲ್ಲ ಬಯಲಿಗೆ ಬಂದು, ತನಗೆ (ಏಕೆಂದರೆ ನನಗೆ ಆಗಲೆ ಸಿಡಿಮದ್ದಿನ ಶಿಕ್ಷೆ ಆಗಿದ್ದುದರಿಂದ ನನ್ನ ಮೇಲೆ ಸಹಾನುಭೂತಿ ತೋರಿಸಿ, ತಪ್ಪನ್ನೆಲ್ಲ ತನಗಿಂತಲೂ ತುಸು ಹಿರಿಯನಾಗಿದ್ದ ಅವನೊಬ್ಬನ ಮೇಲೆ ಹೊರಿಸುವುದರಲ್ಲಿ ಅವನಿಗೆ ಸಂದೇಹವಿರಲಿಲ್ಲ!","ಅಗ್ನಿಸ್ಫೋಟಕ, ಸಿಡಿ ಮದ್ದು",Gunpowder,Yes,Darshan R K,2025-02-08 14:05:27
ಮದ್ದು,"ಮದ್ದು ಗುಂಡುಗಳನ್ನು, ಶಸ್ತ್ರಾಸ್ತ್ರಗಳನ್ನು ಶೇಖರಿಸಿ ಸುರಪುರಕ್ಕೆ ಸಾಗಿಸುವ ಕಾಯ್ ಆತನದಾಯಿತು.","ಅಗ್ನಿಸ್ಫೋಟಕ, ಸಿಡಿ ಮದ್ದು",Gunpowder,Yes,Darshan R K,2025-02-08 14:05:28
ಮದ್ದು,"ಹೊಸದಿಲ್ಲಿ: ಚೀನಾದ ತಂಟೆಕೋರತನಕ್ಕೆ ಸರಿಯಾಗಿ ಮದ್ದು ಅರೆಯಲು ನಿರ್ಧರಿಸಿರುವ ಭಾರತ, ಪೂರ್ವಗಡಿಯಲ್ಲಿ ಸುಧಾರಿತ ಬ್ರಹ್ಮೋಸ್ ಕ್ಷಿಪಣಿ ಪಡೆ ನಿಯೋಜಿಸಲು ನಿರ್ಧರಿಸಿದೆ.","ಅಗ್ನಿಸ್ಫೋಟಕ, ಸಿಡಿ ಮದ್ದು",Gunpowder,Yes,Darshan R K,2025-02-08 14:05:28
ಮದ್ದು,"ಅವರಿಗೆ ಮದ್ದು ಗುಂಡುಗಳು ಎಲ್ಲಿಂದ ಸಿಕ್ಕಿತು, ಯಾಕಾಗಿ ತಂದರು ಎಂಬುವುದು ತಿಳಿದು ಬಂದಿಲ್ಲ.","ಅಗ್ನಿಸ್ಫೋಟಕ, ಸಿಡಿ ಮದ್ದು",Gunpowder,Yes,Darshan R K,2025-02-08 14:05:28
ಮದ್ದು,ವಿಜಯಪುರದ ಗ್ರಾಮದೇವತೆ ಶ್ರೀ ಸಿದ್ದರಾಮೇಶ್ವರ ಜಾತ್ರೆಯ ಶತಮಾನೋತ್ಸವದ ಅಂಗವಾಗಿ ಜಿಲ್ಲಾ ಕ್ರೀಡಾಂಗಣದಲ್ಲಿ ನಡೆದ ಚಿತ್ರ ವಿಚಿತ್ರ ಮದ್ದು ಸುಡುವ ಕಾರ್ಯಕ್ರಮದಲ್ಲಿ ಮೇಲಿನಿಂದ ಕೇಳಕ್ಕೆ ಬೀಳುತ್ತಿರುವ ಬೆಳಕಿನ ಚುಕ್ಕಿಗಳು,"ಅಗ್ನಿಸ್ಫೋಟಕ, ಸಿಡಿ ಮದ್ದು",Gunpowder,Yes,Darshan R K,2025-02-08 14:05:28
ಮದ್ದು,"ತಂಪಾದ ನಮ್ಮ ಮಲೆನಾಡಿನ ಸಮಸ್ಯೆಗೆ ಪರಿಹಾರ ಮದ್ದು ಗುಂಡು, ರಕ್ತ ಕ್ರಾಂತಿಯಿಂದ ಎಂಬ ವದಂತಿ ಹಬ್ಬುವವರೆಗೆ ಸರಕಾರ ಸುಮ್ಮನೆ ಕುಳಿತಿದ್ದು ದೊಡ್ಡ ತಪ್ಪು.","ಅಗ್ನಿಸ್ಫೋಟಕ, ಸಿಡಿ ಮದ್ದು",Gunpowder,Yes,Darshan R K,2025-02-08 14:05:28
ಮದ್ದು,ಇದು ಅದರ ವ್ಯಾಸದ ಬಹಳ ಮದ್ದು ಗುಂಡಿನ ಪೆಟ್ಟಿಗೆ ಯಾ ಬಂಡಿ ಹೋಲಿಸಿದರೆ ಸ್ವಲ್ಪ ದೊಡ್ಡ ಎಂದು ಪರಿಗಣಿಸಲು ಮುಖ್ಯ -.,"ಅಗ್ನಿಸ್ಫೋಟಕ, ಸಿಡಿ ಮದ್ದು",Gunpowder,Yes,Darshan R K,2025-02-08 14:05:28
ಮದ್ದು,ಕಣ್ಣೂರು: ಕರ್ನಾಟಕದ ಬೆಳ್ತಂಗಡಿ ಯಲ್ಲಿ ಭಾರೀ ಪ್ರಮಾಣದ ಆನೆದಂತ ಸಹಿತ ಸೆರೆಗೀಡಾದ ಆರೋಪಿಗಳ ಪೈಕಿ ಓರ್ವನಾದ ಕಣ್ಣೂರು ನಿವಾಸಿಯ ಮನೆ ಯಿಂದ ಅರಣ್ಯಾಧಿಕಾರಿಗಳು ಮದ್ದು ಗುಂಡುಗಳನ್ನು ಪತ್ತೆಹಚ್ಚಿ ವಶಪಡಿಸಿ ಕೊಂಡಿದ್ದಾರೆ.,"ಅಗ್ನಿಸ್ಫೋಟಕ, ಸಿಡಿ ಮದ್ದು",Gunpowder,Yes,Darshan R K,2025-02-08 14:05:28
ಮದ್ದು,"ಬಾಗಲಕೋಟೆ: ವಿಧಾನಸಭೆ ಚುನಾವಣೆ ಹಿನ್ನೆಲೆಯಲ್ಲಿ ಶಾಂತಿ, ಸುವ್ಯವಸ್ಥೆ ಕಾಪಾಡಲು ಪರವಾನಗಿ ಹೊಂದಿದ ಶಸ್ತ್ರಾಸ್ತ್ರಗಳನ್ನು ಹಾಗೂ ಮದ್ದು ಗುಂಡುಗಳನ್ನು ಸಂಬಂಧಿಸಿದ ಪೋಲಿಸ್ ಠಾಣೆ ಅಥವಾ ಆಯುಧ ಮಾರಾಟಗಾರರಲ್ಲಿ ಜಮೆ ಮಾಡಬೇಕು ಎಂದು ಜಿಲ್ಲಾಧಿಕಾರಿ ಕೆ.","ಅಗ್ನಿಸ್ಫೋಟಕ, ಸಿಡಿ ಮದ್ದು",Gunpowder,Yes,Darshan R K,2025-02-08 14:05:28
ಮದ್ದು,ಸುರಂಗ ನಿರ್ಮಾಣವಾಗುತ್ತಿದ್ದಾಗ ಸೃಷ್ಟಿಸುತ್ತದೆ ಮದ್ದು ಗುಂಡಿನ ಪೆಟ್ಟಿಗೆ ಯಾ ಬಂಡಿ ಉಪಯೋಗಿಸಲಾಗಿತ್ತು ವಿಪರೀತ ಒತ್ತಡ ನದಿ ಹಾಸಿಗೆ ಅಡಿಯಲ್ಲಿ ನೀರಿನ ಒಳನುಸುಳುವಿಕೆಗೆ ಪ್ರತಿರೋಧಿಸಲು.,"ಅಗ್ನಿಸ್ಫೋಟಕ, ಸಿಡಿ ಮದ್ದು",Gunpowder,Yes,Darshan R K,2025-02-08 14:05:28
ಮದ್ದು,ಮದ್ದು ಗುಂಡುಗಳ ಕಾರಖಾನೆಯನ್ನು ಶುರುಮಾಡಿದ.,"ಅಗ್ನಿಸ್ಫೋಟಕ, ಸಿಡಿ ಮದ್ದು",Gunpowder,Yes,Darshan R K,2025-02-08 14:05:28
ಮದ್ದು,"ವಿಟ್ಲ: ಮಾದಕ ವಸ್ತು ಮಾರಾಟಮಾಡುತ್ತಿದ್ದ ವಿಟ್ಲ ನಿವಾಸಿ ಸಹಿತ ಐವರು ಆರೋಪಿಗಳನ್ನು ಬಂಧಿಸಿರುವ ಮಂಗಳೂರು ದಕ್ಷಿಣ ರೌಡಿ ನಿಗ್ರಹ ದಳದ ಪೊಲೀಸರು ಮಾದಕ ವಸ್ತು MDMA Crystal 2 ಪಿಸ್ತೂಲ್, 22 ಮದ್ದು ಗುಂಡುಗಳನ್ನು ವಶಪಡಿಸಿಕೊಂಡ ಘಟನೆ ಆ.","ಅಗ್ನಿಸ್ಫೋಟಕ, ಸಿಡಿ ಮದ್ದು",Gunpowder,Yes,Darshan R K,2025-02-08 14:05:28
ಮದ್ದು,ಈ ಸಿದ್ದೇಶ್ವರ ಜಾತ್ರೆಯ ಮುಖ್ಯ ಸೆಳೆತ ಪಟಾಕಿ ಮದ್ದು ಸುಡುವ ಕಾರ್ಯಕ್ರಮ.,"ಅಗ್ನಿಸ್ಫೋಟಕ, ಸಿಡಿ ಮದ್ದು",Gunpowder,Yes,Darshan R K,2025-02-08 14:05:28
ಮದ್ದು,ಈ ರಾಕೆಟ್​ಗಳ ಒಳಗೆ ಮದ್ದು ತುಂಬಿ ಚಿಮ್ಮಿಸಿದರೆ ಸುಮಾರು ಒಂದೂವರೆ ಕಿ.,"ಅಗ್ನಿಸ್ಫೋಟಕ, ಸಿಡಿ ಮದ್ದು",Gunpowder,Yes,Darshan R K,2025-02-08 14:05:28
ಮದ್ದು,ಕ್ಷಿಪಣಿ ಮದ್ದು ಗುಂಡುಗಳ ಸಂಗ್ರಹ ಕಡಿಮೆಯಾದೊಡನೆ ಯುದ್ಧ ನಿಲ್ಲಬೇಕಾಗುತ್ತದೆ.,"ಅಗ್ನಿಸ್ಫೋಟಕ, ಸಿಡಿ ಮದ್ದು",Gunpowder,Yes,Darshan R K,2025-02-08 14:05:28
ಮದ್ದು,ಸೆಡ್ ಆರೋಹಿಸುವಾಗ ಸಾಧನದಲ್ಲಿ ನೆಲದಲ್ಲಿ ತಯಾರಿಸಲಾಗುತ್ತದೆ ಕವಚವನ್ನು ಸುಮಾರು ಎರಡು ಮೀಟರ್ ಆಳ ಮದ್ದು ಗುಂಡಿನ ಪೆಟ್ಟಿಗೆ ಯಾ ಬಂಡಿ ಸೇರಿಸಲಾಗಿದೆ.,"ಅಗ್ನಿಸ್ಫೋಟಕ, ಸಿಡಿ ಮದ್ದು",Gunpowder,Yes,Darshan R K,2025-02-08 14:05:28
ಮದ್ದು,ಗಾಂಧೀಜಿಯವರು ವಶಾಹತುಶಾಹಿ ಮದ್ದು ಗುಂಡುಗಳ ಸಾಮ್ರಾಜ್ಯಶಾಹಿ ಚರಿತ್ರೆಯ ಗರ್ವವನ್ನು ತಣ್ಣಗೆ ಮೌನದಲ್ಲಿ ಹೊಡೆದುರುಳಿಸಿದರು.,"ಅಗ್ನಿಸ್ಫೋಟಕ, ಸಿಡಿ ಮದ್ದು",Gunpowder,Yes,Darshan R K,2025-02-08 14:05:28
ಮದ್ದು,"ಇಬ್ಬರು ದಾಳಿಕೋರರ ಶವಗಳನ್ನು ಹೊರತೆಗೆಯಲಾಗಿದ್ದು ಅವರ ಬಳಿಯಿದ್ದ ಎಕೆ-47 ರೈಫಲ್, ಪಿಸ್ತೂಲ್ ಮತ್ತು 12ಕ್ಕೂ ಅಧಿಕ ಮದ್ದು ಗುಂಡುಗಳನ್ನು ವಶಪಡಿಸಿಕೊಳ್ಳಲಾಗಿದೆ ಎಂದು ಗಡಿ ಭದ್ರತಾ ಪಡೆ ತಿಳಿಸಿದೆ.","ಅಗ್ನಿಸ್ಫೋಟಕ, ಸಿಡಿ ಮದ್ದು",Gunpowder,Yes,Darshan R K,2025-02-08 14:05:28
ಮದ್ದು,"ವಾಡಾದ ಮಹಾನಿರ್ದೇಶಕ ಹಾಲಿವರ್ ನಿಗ್ಲೆ, ಉದ್ದೀಪನ ಮದ್ದು ಪರೀಕ್ಷೆ ನಡೆಸುವ ಬಗ್ಗೆ ಐಸಿಸಿಯೊಂದಿಗೆ ಈಗಾಗಲೇ ಮಾತುಕತೆ ನಡೆಸಲಾಗಿದೆ.","ಅಗ್ನಿಸ್ಫೋಟಕ, ಸಿಡಿ ಮದ್ದು",Gunpowder,Yes,Darshan R K,2025-02-08 14:05:28
ಮದ್ದು,ನೀವು ಮದ್ದು ಸ್ಫೋಟದಿಂದಾಗಿ ಎಸೆಯಲು ಎಂಬುದನ್ನು ಗಮನಿಸಿ.,"ಅಗ್ನಿಸ್ಫೋಟಕ, ಸಿಡಿ ಮದ್ದು",Gunpowder,Yes,Darshan R K,2025-02-08 14:05:28
ಮದ್ದು,ಅದನ್ನು ಹೊಡೆಯಬೇಕಾದರೆ ನಾವು ಮದ್ದು ಗುಂಡುಗಳನ್ನೇ ತಯಾರು ಮಾಡಿಕೊಳ್ಳಬೇಕು.,"ಅಗ್ನಿಸ್ಫೋಟಕ, ಸಿಡಿ ಮದ್ದು",Gunpowder,Yes,Darshan R K,2025-02-08 14:05:28
ಮದ್ದು,ಏನನ್ನು ಮದ್ದು ಗುಂಡಿನ ಪೆಟ್ಟಿಗೆ ಯಾ ಬಂಡಿ ಆಳ ಇರುತ್ತದೆ ಉದಾಹರಣೆ ನೋಡೋಣ.,"ಅಗ್ನಿಸ್ಫೋಟಕ, ಸಿಡಿ ಮದ್ದು",Gunpowder,Yes,Darshan R K,2025-02-08 14:05:28
ಮದ್ದು,ಮಹಾರಾಷ್ಟ್ರದ ಎಸ್ ಐ ಟಿ ತಂಡ ಇವರನ್ನು ಬಂಧಿಸಿದಾಗ ಬಂಧಿತರಿಂದ ಪಿಸ್ತೂಲ್ ಗಳು ಹಾಗೂ ಮದ್ದು ಗುಂಡುಗಳು ಸಿಕ್ಕಿದ್ದವು.,"ಅಗ್ನಿಸ್ಫೋಟಕ, ಸಿಡಿ ಮದ್ದು",Gunpowder,Yes,Darshan R K,2025-02-08 14:05:28
ಮದ್ದು,"ಶ್ರೀನಗರ: ಮಹತ್ವದ ಕಾರ್ಯಾಚರಣೆಯೊಂದರಲ್ಲಿ ಸೇನಾಯೋಧರು ಇಬ್ಬರು ಉಗ್ರರನ್ನು ಹತ್ಯೆ ಮಾಡಿ, ₹2000 ಮುಖ ಬೆಲೆಯ ನೋಟು ಸೇರಿದಂತೆ ಅಪಾರ ಪ್ರಮಾಣದ ಮದ್ದು ಗುಂಡುಗಳನ್ನು ಮಂಗಳವಾರ ವಶಪಡಿಸಿಕೊಂಡಿದ್ದಾರೆ.","ಅಗ್ನಿಸ್ಫೋಟಕ, ಸಿಡಿ ಮದ್ದು",Gunpowder,Yes,Darshan R K,2025-02-08 14:05:28
ಮದ್ದು,ಇಂಧನ ಎಂಜಿನ್ ಮತ್ತು ಮದ್ದು ಗುಂಡಿನ ಪೆಟ್ಟಿಗೆ ಯಾ ಬಂಡಿ ತೊಟ್ಟಿಯ ಮೈಕಟ್ಟಿನ ಪೂರೈಸಲಾಗುತ್ತದೆ.,"ಅಗ್ನಿಸ್ಫೋಟಕ, ಸಿಡಿ ಮದ್ದು",Gunpowder,Yes,Darshan R K,2025-02-08 14:05:28
ಮದ್ದು,ಹತ ನಕ್ಸಲೀಯರಿಂದ ಭಾರೀ ಪ್ರಮಾಣದ ಶಸ್ತ್ರಾಸ್ತ್ರಗಳು ಮತ್ತು ಮದ್ದು ಗುಂಡುಗಳನ್ನು ವಶಪಡಿಸಿಕೊಳ್ಳಲಾಗಿದೆ.,"ಅಗ್ನಿಸ್ಫೋಟಕ, ಸಿಡಿ ಮದ್ದು",Gunpowder,Yes,Darshan R K,2025-02-08 14:05:28
ಮದ್ದು,"ಎರಡನೇ ಸುತ್ತಿನಲ್ಲಿ ಪ್ರಖ್ಯಾತ ರಂಗಭೂಮಿ ಕಲಾವಿದೆ ಚಿಂದೋಡಿ ಲೀಲಾ ಪರಿಚಯ, ಬ್ಯಾಡಗಿ ಮೆಣಸಿನಕಾಯಿಯ ವಿಶೇಷ, ಚನ್ನಗಿರಿ ರಂಗಪ್ಪ ಕ್ಲಾಕ್ ಟವರ್‌ ಸ್ಪೆಷಲ್‌, ಚಿತ್ರದುರ್ಗದ ಕೋಟೆಯಲ್ಲಿರುವ ಮದ್ದು ಗುಂಡು ಅರೆಯುವ ಕಲ್ಲು, ಹರಿಹರದ ಹರಿಹರೇಶ್ವರ ದೇವಸ್ಥಾನದ ಬಗ್ಗೆ ಪ್ರಾದೇಶಿಕತೆಯ ಮಾಹಿತಿಯನ್ನು ಸ್ಪರ್ಧಿಗಳ ಮೂಲಕವೇ ಪ್ರೇಕ್ಷಕರಿಗೂ ಹಂಚಲಾಯಿತು.","ಅಗ್ನಿಸ್ಫೋಟಕ, ಸಿಡಿ ಮದ್ದು",Gunpowder,Yes,Darshan R K,2025-02-08 14:05:28
ಮದ್ದು,ಆದ್ರೆ ಭಾರತೀಯ ಅಥ್ಲೀಟ್‌ಗಳಿಗೆ ಉದ್ದೀಪನ ಮದ್ದು ಸೇವನೆ ಭೀತಿ ಕಾಡುತ್ತಿದೆ.,ಔಷಧ,Medicine,Yes,Darshan R K,2025-02-08 14:17:13
ಮದ್ದು,ಈಗ ನಾನು ರಾಷ್ಟ್ರೀಯ ಉದ್ದೀಪನ ಮದ್ದು ತಡೆ ಘಟಕದ (ನಾಡಾ) ಶಿಸ್ತು ಸಮಿತಿ ಮುಂದೆ ವಿಚಾರಣೆಗೆ ಹಾಜರಾಗಬೇಕು.,ಔಷಧ,Medicine,Yes,Darshan R K,2025-02-08 14:17:13
ಮದ್ದು,"ಇದು ಸಾಧ್ಯವಾಗದಿದ್ದಾಗ, ಅರಣ್ಯ ಇಲಾಖೆ ಸಹಾಯದೊಂದಿಗೆ ಅರವಳಿಕೆ ಮದ್ದು ನೀಡಿ ಬಳಿಕ ತಲೆಯನ್ನು ಹೊರ ತೆಗೆದಿದ್ದಾರೆ ಎಂದು ವರದಿಯಾಗಿದೆ.",ಔಷಧ,Medicine,Yes,Darshan R K,2025-02-08 14:17:13
ಮದ್ದು,ಬದಲಿ ಒಂದು ಮದ್ದು ಸರಿಯಾದ ಮಾತ್ರ ವೈದ್ಯರಾಗಿದ್ದ ಸೇರಿದೆ.,ಔಷಧ,Medicine,Yes,Darshan R K,2025-02-08 14:17:13
ಮದ್ದು,ಇದಕ್ಕೆ ಅಭಿವೃದ್ಧಿಯೊಂದೇ ಮದ್ದು ಎಂದೂ ಪ್ರತಿಪಾದಿಸಿದ್ದಾರೆ.,ಔಷಧ,Medicine,Yes,Darshan R K,2025-02-08 14:17:13
ಮದ್ದು,ಪುರುಷರಲ್ಲಿ ವೀರ್ಯಾಣು ಹೆಚ್ಚಿಸಲು ಇಲ್ಲಿದೆ ಮನೆ ಮದ್ದು,ಔಷಧ,Medicine,Yes,Darshan R K,2025-02-08 14:17:13
ಮದ್ದು,ಮದ್ದು ದೈನಂದಿನ ಡೋಸೇಜ್ ಸಾಮಾನ್ಯವಾಗಿ ಒಳಗೆ 2 ಅಥವಾ 3 ಪ್ರಮಾಣದಲ್ಲಿ ವಿಂಗಡಿಸಲಾಗಿದೆ.,ಔಷಧ,Medicine,Yes,Darshan R K,2025-02-08 14:17:13
ಮದ್ದು,"ಈ ಮದ್ದು ಕಣ್ಣಿನ ರೂಪದಲ್ಲಿ ಸರಬರಾಜಾದ ಕೊಳವೆ ಡ್ರಾಪರ್ ಒಂದು ಮಿಲಿ ಲೀಟರ್ ಒಂದೂವರೆ ಮಿಲಿಲೀಟರ್ಗಳ 20 tiprotsentnyh, ಹಾಗೂ ಪೆಟ್ಟಿಗೆಗಳು ಪ್ಯಾಕಿಂಗ್ ಪಾಲಿಮರ್ ಕೊಳವೆ ಡ್ರಾಪರ್ ಮತ್ತು ಒಂದೂವರೆ ಮಿಲಿಲೀಟರ್ಗಳ, ಒಂದನ್ನು ನೂರು ಗೆ ಸಿರಿಂಜ್ ಟ್ಯೂಬ್ಗಳು ಸರಿಹೊಂದಿಸಲು ಇಳಿಯುತ್ತದೆ.",ಔಷಧ,Medicine,Yes,Darshan R K,2025-02-08 14:17:13
ಮದ್ದು,"ಈ ಸಂದರ್ಭದಲ್ಲಿ, ಮದ್ದು Cortexin ರಕ್ತ ಪರಿಮಾಣ ಹೆಚ್ಚಳ ಉತ್ತೇಜಿಸುವ ಮತ್ತು ಮೆದುಳಿನ ಪೀಡಿತ ಪ್ರದೇಶಗಳಲ್ಲಿ ಅದರ ಪ್ರವೇಶವನ್ನು ಸುಧಾರಣೆ ಪರೋಕ್ಷವಾಗಿ ವರ್ತಿಸುತ್ತದೆ.",ಔಷಧ,Medicine,Yes,Darshan R K,2025-02-08 14:17:13
ಮದ್ದು,ಉದ್ದೀಪನಾ ಮದ್ದು ಸೇವಿಸಿದ್ದರೇ ಎಂಬುದು ಸ್ಯಾಂಪಲ್‌ಗಳನ್ನು ಪರೀಕ್ಷೆಗೆ ಒಳಪಡಿಸಿದ ಬಳಿಕವೇ ತಿಳಿಯಲಿದೆ.,ಔಷಧ,Medicine,Yes,Darshan R K,2025-02-08 14:17:13
ಮದ್ದು,ಇದು ಇಂಜೆಕ್ಷನ್ Promethazine ಮತ್ತು ಪೆಂಟಾಜೋಕಿನ್ ಒಂದು ಮದ್ದು ಗವಿಶೋಧಕ (ಚುಚ್ಚುಮದ್ದು) ಒಂದು ದ್ರಾವಣದಲ್ಲಿ ಸಂಯೋಜನ ನಿಷೇಧಿಸಲಾಗಿದೆ.,ಔಷಧ,Medicine,Yes,Darshan R K,2025-02-08 14:17:13
ಮದ್ದು,ವಸತಿ ನಿಲಯದ ಇಬ್ಬರು ಕಿರಿಯ ಕುಸ್ತಿಪಟುಗಳು ತಮ್ಮ ಪಾನೀಯದಲ್ಲಿ ಉದ್ದೀಪನ ಮದ್ದು ಬೇರೆಸಿ ಪಿತೂರಿ ಮಾಡಿದ್ದಾರೆ ಎಂದು ನರಸಿಂಗ್ ದೂರಿದ್ದರು.,ಔಷಧ,Medicine,Yes,Darshan R K,2025-02-08 14:17:13
ಮದ್ದು,"ತೆಗೆದುಕೊಂಡ ಸಹಾಯ ಇಲ್ಲ ಯಾವುದೇ ಕ್ರಮಗಳನ್ನು, ರಕ್ತ ಸ್ಟಾಪ್ ಅಥವಾ ಆರಂಭವಾಗುತ್ತದೆ ಮತ್ತೆ ಹೋಗಲು ಅದನ್ನು ಈಗಾಗಲೇ ಮದ್ದು ಅಗತ್ಯವಿದೆ.",ಔಷಧ,Medicine,Yes,Darshan R K,2025-02-08 14:17:13
ಮದ್ದು,"ವಿಷಯ ತಿಳಿಯುತ್ತಿದ್ದಂತೆ ಸ್ಥಳಕ್ಕೆ ಆಗಮಿಸಿದ ಅರಣ್ಯ ಸಿಬ್ಬಂದಿ ಹಾಗೂ ಪೊಲೀಸರು ಚಿರತೆಯನ್ನು ಹಿಡಿಯಲು ಹರಸಾಹಸ ಪಡುತ್ತಿದ್ದು, ಚಿರತೆಗೆ ಅರವಳಿಕೆ ಮದ್ದು ನೀಡಿ ಹಿಡಿಯುವ ನಿರ್ಧಾರಕ್ಕೆ ಬಂದಿದ್ದಾರೆ.",ಔಷಧ,Medicine,Yes,Darshan R K,2025-02-08 14:17:14
ಮದ್ದು,"ಇಲ್ಲಿ ಬೊಟೋಕ್ಸ್ ಮದ್ದು ಹೇಗೆ ತಯಾರಿಸಲಾಗುತ್ತದೆ ಎಂದರೆ, ಎಂಬ ಬ್ಯಾಕ್ಟೀರಿಯಾದಿಂದ ತೆಗೆದ(ನ್ಯೂರೋಟಾಕ್ಸಿನ್‌))))೦) ಸತ್ವವನ್ನು ಹದಮಾಡಿ ಬಹಳ ಅಲ್ಪ ಪ್ರಮಾಣದಲ್ಲಿ ಉಪಯೋಗಿಸಲಾಗುತ್ತದೆ.",ಔಷಧ,Medicine,Yes,Darshan R K,2025-02-08 14:17:14
ಮದ್ದು,ನವದೆಹಲಿ: ಉದ್ದೀಪನಾ ಮದ್ದು ಸೇವನೆ ತಡೆಗಟ್ಟುವ ನಿಟ್ಟಿನಲ್ಲಿ ಮಹತ್ವದ ಹೆಜ್ಜೆ ಇಟ್ಟಿರುವ ಭಾರತ ಅಥ್ಲೆಟಿಕ್ಸ್‌ ಫೆಡರೇಷನ್‌ (ಎಎಫ್‌ಐ) ಸೂಜಿ ಮುಕ್ತ ನೀತಿಯನ್ನು ಕಟ್ಟುನಿಟ್ಟಾಗಿ ಜಾರಿಗೆ ತರಲು ಮುಂದಾಗಿದೆ.,ಔಷಧ,Medicine,Yes,Darshan R K,2025-02-08 14:17:14
ಮದ್ದು,"ಉಳುಕು ಚಿಕಿತ್ಸೆ ಹೇಗೆ ಪ್ರಶ್ನೆ, ಯಾವುದೇ ಮದ್ದು ಅಥವಾ ವಿಶೇಷ ಚಿಕಿತ್ಸೆ ಅವಲಂಬಿತವಾಗಿಲ್ಲ.",ಔಷಧ,Medicine,Yes,Darshan R K,2025-02-08 14:17:14
ಮದ್ದು,ಅವರು ಶುದ್ಧತೆ ಔಷಧಿಗಳನ್ನು ಘಟಕಗಳನ್ನು ರಾಸಾಯನಿಕಗಳು ಪ್ರಮಾಣದ ಅಥವಾ ಸೇರ್ಪಡೆಗಳು ರೀತಿಯ ಮದ್ದು ಉಳಿಸುವ ಭಿನ್ನವಾಗಿರುತ್ತವೆ.,ಔಷಧ,Medicine,Yes,Darshan R K,2025-02-08 14:17:14
ಮದ್ದು,"ಸೋಲಿಗ ವೈದ್ಯರು ಹಲವು ಗಿಡ ಮೂಲಿಕೆಗಳನ್ನು ಬಳಸಿ ಪ್ರಾಸ್ಟೇಟ್, ಸ್ತನ ಕ್ಯಾನ್ಸರ್, ಚರ್ಮ ಕ್ಯಾನ್ಸರ್ ಸೇರಿದಂತೆ ವಿವಿಧ ರೋಗಗಳಿಗೆ ಮದ್ದು ನೀಡುತ್ತಾರೆ.",ಔಷಧ,Medicine,Yes,Darshan R K,2025-02-08 14:17:14
ಮದ್ದು,ಇಷ್ಟೆಲ್ಲಾ ಮದ್ದು ಜೀವನದ ಮೊದಲ ಅಥವಾ ಎರಡನೇ ವರ್ಷದ ಮಕ್ಕಳಿಗೆ ಬಳಸಬಹುದು.,ಔಷಧ,Medicine,Yes,Darshan R K,2025-02-08 14:17:14
ಮದ್ದು,ನಂತರ ಪಶು ವೈದ್ಯರು ಸ್ಥಳಕ್ಕೆ ಬಂದು ಚುಚ್ಚು ಮದ್ದು ನೀಡಿದ ಬಳಿಕ ಚಿಕಿತ್ಸೆಗಾಗಿ ಮಾಕೋನಹಳ್ಳಿಯ ಜಾನುವಾರುಗಳ ದೊಡ್ಡಿಗೆ ಸಾಗಿಸಲಾಯಿತು.,ಔಷಧ,Medicine,Yes,Darshan R K,2025-02-08 14:17:14
ಮದ್ದು,"ಈ ಪರಿಣಾಮಗಳು ಡ್ರಗ್ ಬಳಕೆ ನಂತರ ಸಂಭವಿಸುತ್ತವೆ, ಅಥವಾ ಚಿಕಿತ್ಸೆಯು, ಮದ್ದು ಅನೂರ್ಜಿತಗೊಳಿಸಿತು ಇದೆ.",ಔಷಧ,Medicine,Yes,Darshan R K,2025-02-08 14:17:14
ಮದ್ದು,"ಮದ್ದು ನಿರ್ದಿಷ್ಟಪಡಿಸಲಾದ ಪ್ರಮಾಣದ ಪರಿಣಾಮ ಬೀರಲಿಲ್ಲ, ಅದು 60-80 ಮಿಗ್ರಾಂ ಹೆಚ್ಚಿಸಲಾಯಿತು.",ಔಷಧ,Medicine,Yes,Darshan R K,2025-02-08 14:17:14
ಮದ್ದು,ಮದ್ದು Zirtek ವಿವಿಧ ರೋಗನಿದಾನಗಳಲ್ಲಿ ಮಾಡಿದಾಗ ಅಲರ್ಜಿ ಪ್ರತಿಕ್ರಿಯೆಗಳು ನಿಗದಿಪಡಿಸಲಾಗಿದೆ ತಯಾರಿಕೆ ಮತ್ತು ಸಾಪೇಕ್ಷ ಬದಲಿ ಸದೃಶ.,ಔಷಧ,Medicine,Yes,Darshan R K,2025-02-08 14:17:14
ಮದ್ದು,"ಕುಂದಾಪುರದ ಜನತೆಗೆ ಸುಳ್ಳು ಹೇಳಿ ಶಾಸಕರಾಗಿದ್ದಿರಿ ಎಂದು ವಾಗ್ದಾಳಿ ನಡೆಸಿದ ರಾಕೇಶ್ ಮಲ್ಲಿ, ಮುಂಬರುವ ಚುನಾವಣೆಯಲ್ಲಿ ಕ್ಷೇತ್ರದ ಜನತೆ ಹಾಲಾಡಿ ಅವರಿಗೆ ಸರಿಯಾದ ಮದ್ದು ನೀಡುತ್ತಾರೆ ಎಂದು ಹೇಳಿದರು.",ಔಷಧ,Medicine,Yes,Darshan R K,2025-02-08 14:17:14
ಮದ್ದು,ಮನೆ ಮದ್ದು ಸೇವಿಸಬೇಕೆಂದೇನೂ ಇಲ್ಲ.,ಔಷಧ,Medicine,Yes,Darshan R K,2025-02-08 14:17:14
ಮದ್ದು,ಅವರು ಮಗುವನ್ನು ಸೂಕ್ಷ್ಮವಾಗಿ ತಪಾಸಣೆ ಮಾಡಿ ಮದ್ದು ಕೊಟ್ಟರು.,ಔಷಧ,Medicine,Yes,Darshan R K,2025-02-08 14:17:14
ಮದ್ದು,"ಇವರು ಕ್ಯಾನ್ಸರ್ ರೋಗಕ್ಕೆ ಗೋ ಮೂತ್ರವು ಮದ್ದು ಎಂದು ನಂಬಲಾಗಿದ್ದು, ಇವುಗಳ ಆಧಾರದ ಮೇಲೆ ಮತ್ತು ಯಾವುದೇ ಪರೀಶೀಲನೆಯು ಇಲ್ಲದೆ ಕಾರಿನ ಮೇಳೆ ಸಗಣಿಯನ್ನು ಮೆತ್ತುವುದು ಎಷ್ಟರ ಮಟ್ಟಿಗೆ ಸರಿ.",ಔಷಧ,Medicine,Yes,Darshan R K,2025-02-08 14:17:14
ಮದ್ದು,"Topics : Actress Yami Gautam, Beauty secrets, Home remedies, Grandmother, ನಟಿ ಯಾಮಿ ಗೌತಮ್, ಸೌಂದರ್ಯ ಗುಟ್ಟು, ಮನೆ ಮದ್ದು",ಔಷಧ,Medicine,Yes,Darshan R K,2025-02-08 14:17:14
ಮದ್ದು,ಮೆಕ್ಸಿಕೊದಲ್ಲಿ 1968ರಲ್ಲಿ ನಡೆದ ಒಲಿಂಪಿಕ್ಸ್‌ನಲ್ಲಿ ಮೊದಲಿಗೆ ಮದ್ದು ಸೇವನೆ ಪರೀಕ್ಷೆ ನಡೆಸುವ ಪದ್ಧತಿ ಜಾರಿಗೆ ಬಂದಿತು.,ಔಷಧ,Medicine,Yes,Darshan R K,2025-02-08 14:17:14
ಮದ್ದು,ಇಂತಹ ಪರಿಸ್ಥಿತಿಗಳಲ್ಲಿ ಮದ್ದು ಅತ್ಯಂತ ಪರಿಣಾಮಕಾರಿಯಾಗಿ ಸ್ವತಃ ತೋರಿಸುತ್ತದೆ.,ಔಷಧ,Medicine,Yes,Darshan R K,2025-02-08 14:17:14
ಮದ್ದು,ದಿನ ಸುಸ್ತು ಸುಸ್ತು ಅಂತ ಬಳಲೋರು ಈ 5 ಸುಲಭವಾದ ಮನೆ ಮದ್ದು ಬಳಸಿ ಸರಿ ಮಾಡ್ಕೊಳಿ.,ಔಷಧ,Medicine,Yes,Darshan R K,2025-02-08 14:17:14
ಮದ್ದು,ಒಂದು ಮದ್ದು ತಯಾರಿ ನಂತರ ಅವುಗಳನ್ನು wetted ಬ್ಯಾಂಡೇಜ್ ಹತ್ತಿ ಉಣ್ಣೆ ಸುತ್ತಿ ಗುದದ ಇಪ್ಪತ್ತು ನಿಮಿಷ ಅಳವಡಿಸಲಾದ.,ಔಷಧ,Medicine,Yes,Darshan R K,2025-02-08 14:17:14
ಮದ್ದು,ಅವರು ದೇಶದ ಪ್ರಗತಿಗೆ ಔದ್ಯೋಗೀಕರಣವೇ ಮದ್ದು ಎಂದು ತಿಳಿದಿದ್ದರು.,ಔಷಧ,Medicine,Yes,Darshan R K,2025-02-08 14:17:14
ಮದ್ದು,ರಲ್ಲಿ ಭಾರತದ ಆರು ಪ್ರಮುಖ ಅಥ್ಲೀಟ್‌ಗಳು ನಿಷೇಧಿತ ಮದ್ದು ಸೇವಿಸಿ ಸಿಕ್ಕಿಬಿದ್ದಿದ್ದರು.,ಔಷಧ,Medicine,Yes,Darshan R K,2025-02-08 14:17:14
ಮದ್ದು,"ಈ ಸಂದರ್ಭದಲ್ಲಿ, ಮದ್ದು ಬಳಕೆಯ ರೋಗಲಕ್ಷಣದ ಚಿಕಿತ್ಸೆ ನಿಲ್ಲಿಸಿ ಹಿಸ್ಟಮಿನ್ರೋಧಕಗಳು ಶಿಫಾರಸು ಇದೆ.",ಔಷಧ,Medicine,Yes,Darshan R K,2025-02-08 14:17:14
ಮದ್ದು,"ಮದ್ದು ಮುಖ ರೋಗನಿರೋಧಕ ಪರಿಣಾಮ ಹೆಚ್ಚಿಸಬಹುದಾದ ಔಷಧಗಳು, ಹೈಪೊಗ್ಲಿಸಿಮಿಯಾದ ಇನ್ಸುಲಿನ್ ಪರಿಣಾಮಗಳು.",ಔಷಧ,Medicine,Yes,Darshan R K,2025-02-08 14:17:15
ಮದ್ದು,"ಮದ್ದು ಸಾಮಾನ್ಯ ಉತ್ತೇಜಿಸುತ್ತದೆ ಲಿಪಿಡ್ ಚಯಾಪಚಯ ಅದರ ಎಸ್ಟರ್ ರಚನೆ, ಮತ್ತು ಲಿನೊಲಿಯಿಕ್ ಆಮ್ಲ ಹೆಚ್ಚಿಸಿ ಕೊಲೆಸ್ಟರಾಲ್ ಕಡಿಮೆ.",ಔಷಧ,Medicine,Yes,Darshan R K,2025-02-08 14:17:15
ಮದ್ದು,ಒಂದೇ ಸಮನೆ ಮೂಗಿನಿಂದ ನೀರು ಸುರಿಯುವುದು ಶೀತ ಮತ್ತು ಜ್ವರಕ್ಕೆ ಈ ಕಾಮ ಕಸ್ತೂರಿ ಎಲೆಗಳ ಕಷಾಯ ಒಳ್ಳೆಯ ಮದ್ದು ಇದರಿಂದ ಕಷಾಯವನ್ನು ಮಾಡಿಕೊಂಡು ಕುಡಿದರೆ ಸಮಸ್ಯೆಗಳು ದೂರ ಆಗುತ್ತವೆ.,ಔಷಧ,Medicine,Yes,Darshan R K,2025-02-08 14:17:15
ಮದ್ದು,ಉದ್ದೀಪನ ಮದ್ದು ಸೇವನೆ ಸಂಜೀವನಿ ಅಮಾನತು,ಔಷಧ,Medicine,Yes,Darshan R K,2025-02-08 14:17:15
ಮದ್ದು,ವರದಿಯಾಗಿರುವಂತೆ ಸಿರಿಂಜ್ ಕೊಳವೆಯ ಪರಿಗಣಿಸಲಾಗುತ್ತದೆ ಮದ್ದು ಒತ್ತಡದ ಅಳವಡಿಕೆಯ ಸಮಯದಲ್ಲಿ ತಜ್ಞರು ಅಂಗಾಂಶಗಳ ಸಂವೇದನೆ ಅವಲಂಬಿಸಿ ಸರಿಹೊಂದಿಸಬೇಕಾಗಿದೆ.,ಔಷಧ,Medicine,Yes,Darshan R K,2025-02-08 14:17:15
ಮದ್ದು,"ಮೂರು ದಿನದಲ್ಲಿ ಎಂತದ್ದೆ ಗಜಕರ್ಣ,ಕಜ್ಜಿ,ಚರ್ಮ ಸಮಸ್ಯೆಗಳು ನಿವಾರಿಸುವ ಮನೆ ಮದ್ದು ಇಲ್ಲಿದೆ ನೋಡಿ ತುಂಬಾ ಉಪಕಾರಿ",ಔಷಧ,Medicine,Yes,Darshan R K,2025-02-08 14:17:15
ಮದ್ದು,"ಉತ್ಪನ್ನ ಏಡ್ಸ್ ರೋಗಾಣುಗಳನ್ನು ನಾಶಪದಿಸಲು ಬಳಸುವ ಮದ್ದು 300 ಖರೀದಿಸಿದ ಯಾರು, ನೀವು ದಿನಕ್ಕೆ ಎರಡು ಮಾತ್ರೆಗಳು ಬಳಸಬೇಕು.",ಔಷಧ,Medicine,Yes,Darshan R K,2025-02-08 14:17:15
ಮುತ್ತು,ಹಾಗೆಯೇ ಅವಳಿಗೆ ಬಾಯಿಂದ ಬಾಯಿಗೆ ಕಿಸ್ ಹೊಡೆದ ನಾನು ಹಾಗೆಯೇ ಅವಳ ಕೆನ್ನೆಗೆ ಮುತ್ತು ಕೊಟ್ಟು ಹಾಗೆಯೇ ನೆಕ್ಕುತ್ತ ಅವಳ ಕತ್ತಿನವರೆಗೂ ನೆಕ್ಕಿದೆ.,ಚುಂಬನ,Kiss,Yes,Darshan R K,2025-02-05 13:59:33
ಮುತ್ತು,ಸಿರಿವೆತ್ತಿ ಸಗ್ಗನೀಲಿಗೆ ಮುತ್ತು ಕೊಡುವಂತೆವೋಲ್,ಚುಂಬನ,Kiss,Yes,Darshan R K,2025-02-05 13:59:33
ಮುತ್ತು,", ಇದು ಬಾಯಿ ನಾಲಿಗೆ ಮಹಿಳೆಯರಲ್ಲಿ ನಡೆಸಲು ಸುಲಭ ಅಲ್ಲ ಇದು ಇಡೀ ಬಾಯಿಯ ಕೃತಿ - - ಮುತ್ತು ಸಾಮರ್ಥ್ಯ ತುಟಿಗಳು, ನಾಲಿಗೆ, ಹಲ್ಲುಗಳು, ಮತ್ತು ದೇಹದ ಇತರ ಭಾಗಗಳು.",ಚುಂಬನ,Kiss,Yes,Darshan R K,2025-02-05 13:59:33
ಮುತ್ತು,ಯೆನ್ನ ಮುತ್ತು ಮೋವ ಮೋಕೆಂದ ಪುಲ್ಲಿ ಗಿಂಡೆಗ್‌,ಚುಂಬನ,Kiss,Yes,Darshan R K,2025-02-05 13:59:33
ಮುತ್ತು,"ಅದರಲ್ಲಿ ಆಶಿತಾ ಎಲ್ಲರೆದುರು ಜಗನ್‌ಗೆ ಕಿಸ್‌ ಮಾಡಿ, ನನ್ನ ಗಂಡನಿಗೆ ಮುತ್ತು ಕೊಟ್ಟಿದ್ದೇನೆ ಅದರಲ್ಲಿ ತಪ್ಪೇನು ಎಂದು ಪ್ರಶ್ನಿಸಿದರು.",ಚುಂಬನ,Kiss,Yes,Darshan R K,2025-02-05 13:59:33
ಮುತ್ತು,"ಬೀದಿ ನಾಟಕ, ಜಾಗೃತಿ ಗೀತೆಗಳ ಹಾಡುಗಳ ಮೂಲಕ ದೇವದಾಸಿ ನಿರ್ಮೂಲನೆ, ಹೆಣ್ಣಿನ ಶೋಷಣೆ, ಮುಗ್ದ ಮಕ್ಕಳಿಗೆ ಮುತ್ತು ಕಟ್ಟುವುದನ್ನು ನಿಲ್ಲಿಸಿ ಅವರಿಗೆ ಶಿಕ್ಷಣ ಸಂಸ್ಕಾರ ಮತ್ತು ಸಮಾಜದ ದೊರೆಯುವ ಅನೇಕ ಮೂಕಭೂತ ಸೌಕರ್ಯ ಕೊಡುವುದರ ಜೋತೆಗೆ ಸಮಾಜದಲ್ಲಿ ಎಲ್ಲರಂತೆ ಸ್ವಾಭಿಮಾನದ ಬದಕು ಬದಕುವ ಬಗ್ಗೆ ಅರಿವು ಮೂಡಿಸಿದರು.",ಚುಂಬನ,Kiss,Yes,Darshan R K,2025-02-05 13:59:33
ಮುತ್ತು,ನಿಖಿಲ್‍ಗೆ ಮುತ್ತು ನೀಡಿ ಶುಭ ಹಾರೈಸಿದ ವೃದ್ಧೆ,ಚುಂಬನ,Kiss,Yes,Darshan R K,2025-02-05 13:59:33
ಮುತ್ತು,ವಾಸುಕಿ ಮುತ್ತು ನೀಡಲು ಹೇಳಿದರೂ ಹಾಗಾಗಿ ನೀಡಿದೆ ಎಂದು ಕಿಶನ್ ಹೇಳಿದ್ದರು.,ಚುಂಬನ,Kiss,Yes,Darshan R K,2025-02-05 13:59:33
ಮುತ್ತು,ಮಾತನಾಡುತ್ತಿದ್ದಾಗ ಇದ್ದಕ್ಕಿಂತ ನನ್ನ ಬಳಿ ಬಂದು ಮುತ್ತು ಕೊಟ್ಟರು.,ಚುಂಬನ,Kiss,Yes,Darshan R K,2025-02-05 13:59:33
ಮುತ್ತು,"ದೊಡ್ಡವರ ಹಗರಣ : ಅವನು ಮುತ್ತು ಕೇಳಿದ, ಆಕೆ ದೂರು ಕೊಟ್ಟಳು | ThatsKannada.",ಚುಂಬನ,Kiss,Yes,Darshan R K,2025-02-05 13:59:33
ಮುತ್ತು,ಮಾಸ್ಕೋ: ಕೊಲಂಬಿಯ ಮೂಲದ ಪತ್ರಕರ್ತೆ ಫುಟ್ಬಾಲ್ ಪಂದ್ಯದ ಕುರಿತು ನೇರ ಪ್ರಸಾರದಲ್ಲಿ ಮಾತನಾಡುತ್ತಿದ್ದ ವೇಳೆ ಆಕೆಗೆ ಮುತ್ತು ನೀಡಿ ಅಸಭ್ಯವಾಗಿ ವರ್ತಿಸಿದ್ದ ದುಷ್ಕರ್ಮಿ ಕುರಿತ ಸುದ್ದಿ ಹಸಿರಾಗಿರುವಾಗಲೇ ಅಂತಹುದೇ ಮತ್ತೊಂದು ಪ್ರಕರಣ.,ಚುಂಬನ,Kiss,Yes,Darshan R K,2025-02-05 13:59:33
ಮುತ್ತು,"ಹುಡುಗಿ ತುಟಿಗಳಿಗೆ ಮುತ್ತು ಮಾಡಿದಾಗ ಮನಶಾಸ್ತ್ರಜ್ಞರ ಅವಲೋಕನಗಳ ಪ್ರಕಾರ, ಇದು ಸಂವೇದನೆ ಮತ್ತು ಅಡ್ರಿನಾಲಿನ್ ವಿಪರೀತ ಇಂತಹ ಹರಿವಿನಿಂದಾಗಿ, ಅಗದು ಮೇಲೆ ಕಿಸ್ ಹಾಗೆ ಕುತ್ತಿಗೆ.",ಚುಂಬನ,Kiss,Yes,Darshan R K,2025-02-05 13:59:33
ಮುತ್ತು,ಟ್ರೋಫಿಗೆ ಟೆನ್ನಿಸ್ ತಾರೆಯ ಮುತ್ತು,ಚುಂಬನ,Kiss,Yes,Darshan R K,2025-02-05 13:59:33
ಮುತ್ತು,ಇದು ನಿಸ್ಸಂಶಯವಾಗಿ ರಿಯಾಲಿಟಿ ವಿಚ್ಛೇದನಕ್ಕೆ ದಾರಿ - ನಿಮ್ಮ ಇಚ್ಛೆಗನುಸಾರವಾಗಿ ತುಟಿಗಳಿಗೆ ಮುತ್ತು ಕನಸಿನಲ್ಲಿ ವೇಳೆ ಒಂದು ಸಾಮಾನ್ಯ ಪ್ರತೀತಿ ಇದೆ.,ಚುಂಬನ,Kiss,Yes,Darshan R K,2025-02-05 13:59:33
ಮುತ್ತು,"ಹಂಗೇರಿಯಲ್ಲಿ, ಉದಾಹರಣೆಗೆ, ಇದು ತನ್ನ ಕೈಯಲ್ಲಿ ಒಂದು ಚೈನ್ಸಾ ಪತ್ನಿ ಮುತ್ತು ನಿಷೇಧಿಸಲಾಗಿದ್ದು, ಮತ್ತು ಚೀನಾ ಮಹಿಳೆಯ ಅವರು ಒಂದು ತಿಂಗಳು ವೇಳೆ nalyso ಕತ್ತರಿಸಲು ಪತಿ ಹಕ್ಕು ಅಥವಾ ಒಮ್ಮೆ ಮುತ್ತಿಕ್ಕಿ .",ಚುಂಬನ,Kiss,Yes,Darshan R K,2025-02-05 13:59:33
ಮುತ್ತು,ಮುದುಕನ ಕೈಗೆ ಯುವಕ ಮುತ್ತು ಕೊಟ್ಟ.,ಚುಂಬನ,Kiss,Yes,Darshan R K,2025-02-05 13:59:33
ಮುತ್ತು,ಅಲ್ಲದೇ ಒಂದು ಮುತ್ತು ಕೊಡುವ ರೀತಿಯ ಮೇಲೆ ಅದ್ಯಾವುದರ ಸಂಕೇತ ಎಂಬುದನ್ನು ಕಂಡು ಹಿಡಿಯಬಹುದು.,ಚುಂಬನ,Kiss,Yes,Darshan R K,2025-02-05 13:59:33
ಮುತ್ತು,"ನೊಂದವರಿಗೆ ಸಾಂತ್ವನ ಹೇಳಿ ಹಣೆ ಮೇಲೆ ನೀಡುವ ಕೇರಿಂಗ್ ಮುತ್ತು, ಮುದ್ದಾದ ಮಗು ನೀಡುವ ಮುಗ್ಧ ಮುತ್ತು, ಮನದನ್ನೆಯ ಕೈ ಹಿಡಿದು, ಮುಂಗೈಯ ಮೇಲ್ಭಾಗವನ್ನು ಮೆಲ್ಲಗೆ ಮುದ್ದಿಸುವ ಪ್ರಪೋಸಲ್ ಮುತ್ತು, ಏಕಾಂತದಲ್ಲಿ ನಲ್ಲೆ-ನಲ್ಲ ರೋಮಾಂಚಿತರಾಗಿ ವದನದ ಮೇಲೆಲ್ಲಾ ತುಟಿಯಾಡಿಸುತ್ತಾ ನೀಡುವ ರೋಮ್ಯಾಂಟಿಕ್ ಮುತ್ತು .",ಚುಂಬನ,Kiss,Yes,Darshan R K,2025-02-05 13:59:33
ಮುತ್ತು,"ಆ ಬಿಳಿಯಾದ ಮೋಡಗಳು ಎತ್ತರ, ಸುಂದರವಾದ ಬೆಟ್ಟ–ಗುಡ್ಡಗಳಿಗೆ ಮುತ್ತು ನೀಡುತ್ತೆವೆಯೋ ಎಂಬಂತೆ ಭಾಸವಾಗುತ್ತಿತ್ತು.",ಚುಂಬನ,Kiss,Yes,Darshan R K,2025-02-05 13:59:33
ಮುತ್ತು,ಈ ವೇಳೆ ಕೊಹ್ಲಿ ಕೈಗೆ ಮುತ್ತು ನೀಡಿದ ಅನುಷ್ಕಾ ಸಮಾಧಾನ ಮಾಡುವಂತೆ ಕಾಣುವಂತಿತ್ತು.,ಚುಂಬನ,Kiss,Yes,Darshan R K,2025-02-05 13:59:33
ಮುತ್ತು,ಸೆಲ್ಫಿ ಕ್ಲಿಕ್ಕಿಸಿದ ಬಳಿಕ ಅಭಿಮಾನಿ ರಶ್ಮಿಕಾಗೆ ಮುತ್ತು ಕೊಟ್ಟು ಓಡಿ ಹೋಗಿದ್ದಾನೆ,ಚುಂಬನ,Kiss,Yes,Darshan R K,2025-02-05 13:59:33
ಮುತ್ತು,ಆದ್ರೆ ದೀಪಿಕಾ ಗೆ ಮುತ್ತು ಕೊಡುವಾಗ ಬಹಳಷ್ಟು ಭಯವಾಗಿತ್ತು ಎಂದು ಹೇಳುತ್ತಾರೆ.,ಚುಂಬನ,Kiss,Yes,Darshan R K,2025-02-05 13:59:33
ಮುತ್ತು,ಮುತ್ತು ಕೊಡುವ ಮುನ್ನ ಕೆಲವೊಂದು ವಿಷಯಗಳನ್ನು ಅವಶ್ಯವಾಗಿ ತಿಳಿದುಕೊಳ್ಳಬೇಕಾಗುತ್ತದೆ.,ಚುಂಬನ,Kiss,Yes,Darshan R K,2025-02-05 13:59:33
ಮುತ್ತು,ಯಾರಪ್ಪ ಇವಳು ರೋರಿಂಗ್ ಸ್ಟಾರ್ ಶ್ರೀಮುರಳಿ ಕೆನ್ನೆಗೆ ಮುತ್ತು ಕೊಡುತ್ತಿರುವುದು?,ಚುಂಬನ,Kiss,Yes,Darshan R K,2025-02-05 13:59:33
ಮುತ್ತು,ಯುವಕನಿಂದ ಮುತ್ತು ಪಡೆಯುತ್ತಿರುವ ಅಮಿರ್ ಮಗಳ ಫೋಟೋ ವೈರಲ್,ಚುಂಬನ,Kiss,Yes,Darshan R K,2025-02-05 13:59:33
ಮುತ್ತು,ಪ್ರೇಮ ನಿವೇದನೆ ಮಾಡುವ ಮುತ್ತು ಕೂಡ ಜೈಲಿನ ದಾರಿ ತೋರಿಸುತ್ತೆ ಅಂದ್ರೆ ನಂಬೋದು ಕಷ್ಟ.,ಚುಂಬನ,Kiss,Yes,Darshan R K,2025-02-05 13:59:34
ಮುತ್ತು,ಅದರಲ್ಲಿ ತಂಗಿಯ ಆ ಪುಟ್ಟ ಕೈಗಳನ್ನು ನನ್ನ ಕೈಮೇಲಿಟ್ಟುಕೊಂಡು ಹಣೆಗೊಂದು ಮುತ್ತು ನೀಡಬೇಕು.,ಚುಂಬನ,Kiss,Yes,Darshan R K,2025-02-05 13:59:34
ಮುತ್ತು,ಚಿತ್ರದಲ್ಲಿ ರೇಖಾಗೆ ಹೇಳದೆ ಮುತ್ತು ಕೊಡುವ ದೃಶ್ಯವನ್ನು ನಿರ್ದೇಶಕರು ಶೂಟ್ ಮಾಡಿದರು.,ಚುಂಬನ,Kiss,Yes,Darshan R K,2025-02-05 13:59:34
ಮುತ್ತು,ಮಳೆಹನಿಗಳ ಸ್ಪರ್ಶದೊಂದಿಗೆ ನಾನಾಕೆಯ ಹಣೆಮೇಲೊಂದು ಸಿಹಿ ಮುತ್ತು ನೀಡಬೇಕು.,ಚುಂಬನ,Kiss,Yes,Darshan R K,2025-02-05 13:59:34
ಮುತ್ತು,ಈಗ ನೀವು ಮುತ್ತು ಮತ್ತು ಮುದ್ದಾಡುವ ಮಾಡಬಹುದು.,ಚುಂಬನ,Kiss,Yes,Darshan R K,2025-02-05 13:59:34
ಮುತ್ತು,ಸುಮ್ಮನೆ 2000 ರೂಪಾಯಿ ನೋಟಿಗೆ ಮುತ್ತು ಕೊಟ್ಟರೆ ಸಾಕು ನಿಮ್ಮ ತುಟಿಗಳಿಗೆ ಬಣ್ಣ ತಾನಾಗೇ ಸಿಗುತ್ತದೆ.,ಚುಂಬನ,Kiss,Yes,Darshan R K,2025-02-05 13:59:34
ಮುತ್ತು,ನಿಮ್ಮ ಆಯ್ಕೆ ಮಾಡಿದವರು ನಿಮ್ಮನ್ನು ಸಂತೋಷದಿಂದ ಮುತ್ತು ಬಯಸುತ್ತೀರಾ?,ಚುಂಬನ,Kiss,Yes,Darshan R K,2025-02-05 13:59:34
ಮುತ್ತು,ಮೊದಲ ಮುತ್ತು ಸದಾ ನೆನಪಿನಲ್ಲುಳಿಯಬೇಕೆಂಬ ಆಸೆ ಇದ್ರೆ ಅದಕ್ಕಾಗಿ ರೊಮ್ಯಾಂಟಿಕ್ ಸ್ಥಳವನ್ನು ಆಯ್ಕೆ ಮಾಡಿಕೊಳ್ಳಿ.,ಚುಂಬನ,Kiss,Yes,Darshan R K,2025-02-05 13:59:34
ಮುತ್ತು,": ಕಿಸ್ ಆಫ್ ಲವ್‌ನಲ್ಲಿ ಪಾಲ್ಗೊಳ್ಳುವವರು ಮಾನಸಿಕ ಅಸ್ವಸ್ಥರಿಗೆ, ಎಚ್‌ಐವಿ ಪೀಡಿತರಿಗೆ ಮುತ್ತು ಕೊಡಲಿ ಎಂದು ಭಾರತೀಯ ಕ್ರಾಂತಿ ಸೇನೆಯ ರಾಷ್ಟ್ರಾಧ್ಯಕ್ಷ ಪ್ರಣವಾನಂದ ಸ್ವಾಮೀಜಿ ಸವಾಲು ಹಾಕಿದ್ದಾರೆ.",ಚುಂಬನ,Kiss,Yes,Darshan R K,2025-02-05 13:59:34
ಮುತ್ತು,ಮರುದಿನ ಸಂಜೆ ಒಂದು ಶ್ವೇತವರ್ಣದ ಬಹು ಸುಂದರವಾದ ಮುದ್ದಾದ ನಾಯಿ ಮರಿಯೊಂದಿಗೆ ಬಂದ ಪಪ್ಪನಿಗೆ ಮುತ್ತು ನೀಡಿ ಅದನ್ನೆತ್ತಿಕೊಂಡು ಆಟವಾಡಲು ಹೋದಳು.,ಚುಂಬನ,Kiss,Yes,Darshan R K,2025-02-05 13:59:34
ಮುತ್ತು,ಈ ವೇಳೆ ನಿರೂಪಕನೋರ್ವ ನೀವು ಈಗ ನಿಮ್ಮ ಪತಿಗೆ ಇಲ್ಲಿಯೇ ಮುತ್ತು ಕೊಡಿ ಎಂದು ಹೇಳುತ್ತಾರೆ.,ಚುಂಬನ,Kiss,Yes,Darshan R K,2025-02-05 13:59:34
ಮುತ್ತು,ಆಮೇಲೆ ಆಕೆಯ ಅನುಮತಿ ಇಲ್ಲದೆ ಮುತ್ತು ಕೊಟ್ಟಿದ್ದಾರೆ.,ಚುಂಬನ,Kiss,Yes,Darshan R K,2025-02-05 13:59:34
ಮುತ್ತು,ಜೊತೆಗೆ ಸಿಕ್ಕ ಸಿಕ್ಕವರಿಗೆಲ್ಲ ಕಿಶನ್ ಮುತ್ತು ನೀಡುತ್ತಿರುವುದು ಪ್ರೇಕ್ಷಕರಿಗೆ ಇಷ್ಟವಾಗುತ್ತಿಲ್ಲ.,ಚುಂಬನ,Kiss,Yes,Darshan R K,2025-02-05 13:59:34
ಮುತ್ತು,"ಹೊಕ್ಕಳಿಗೆ ಮುತ್ತು ಕೊಡೋದು, ತೊಡೆ ತೋರಿಸೋದು ಇಷ್ಟೇ ಅಂತ ತಿಳ್ಕೊಂಡಿದ್ದಾರೆ.",ಚುಂಬನ,Kiss,Yes,Darshan R K,2025-02-05 13:59:34
ಮುತ್ತು,ನೀವು ಬೆಳ್ಳಿ ಬಂಗಾರ ಮುತ್ತು ರತ್ನನೇ,ನವರತ್ನಗಳಲ್ಲಿ ಒಂದು,Pearl,Yes,Darshan R K,2025-02-05 14:10:05
ಮುತ್ತು,ಅಲ್ಲಿ ಬಿದ್ದಿದೆ ಮುತ್ತು ಇಲ್ಲಿ ಬಿದ್ದಿದೆ ರತ್ನ,ನವರತ್ನಗಳಲ್ಲಿ ಒಂದು,Pearl,Yes,Darshan R K,2025-02-05 14:10:05
ಮುತ್ತು,"ಆ ಕಾಲದ ವರ್ತಕರು ಮುತ್ತು ರತ್ನಗಳನ್ನು ಬೀದಿಯಲ್ಲಿ ಮಾರಾಟಮಾಡುತ್ತಿದ್ದಾಗ, ಅದೇ ಬೀದಿಯಲ್ಲಿ ಓಡಾಡಿದ ದಾಸರು – ಲಂಗೋಟಿ ಬಲು ಒಳ್ಳೇದಣ್ಣ ಒಬ್ಬರ ಹಂಗಿಲ್ಲದೆ ಮಡಿಗೆ ಒದಗುವುದಣ್ಣ, ಎಂದು ಹಾಡಿ ಪ್ರತಿಭಟಿಸಿದರು.",ನವರತ್ನಗಳಲ್ಲಿ ಒಂದು,Pearl,Yes,Darshan R K,2025-02-05 14:10:05
ಮುತ್ತು,"ನಾವು ಗಂಜಿ ತಯಾರಿಸುವ ಬಗ್ಗೆ ಮಾತನಾಡುವ ಮೊದಲು, ನಾವು ಮುತ್ತು ಬಾರ್ಲಿಯ ಲಾಭದಾಯಕ ಗುಣಗಳನ್ನು ಕುರಿತು ಮಾತನಾಡಬೇಕಾಗಿದೆ.",ನವರತ್ನಗಳಲ್ಲಿ ಒಂದು,Pearl,Yes,Darshan R K,2025-02-05 14:10:05
ಮುತ್ತು,ಗ್ಲಿಟರ್ ಲೆವೆರೆಸ್ ಸಿಂಟಿಲ್ಲಾಂಟೆಸ್ ಗ್ಲೋಸ್ಸಿಮರ್ ಎಂಬುದು ಶಾಂತ ಗುಲಾಬಿ ಅಥವಾ ಮುತ್ತು ಬಣ್ಣವಾಗಿದೆ - ನಿಮಗೆ ಬೇಕಾದುದನ್ನು.,ನವರತ್ನಗಳಲ್ಲಿ ಒಂದು,Pearl,Yes,Darshan R K,2025-02-05 14:10:05
ಮುತ್ತು,ಇವರ ಅದೃಷ್ಟ ರತ್ನ ಮುತ್ತು .,ನವರತ್ನಗಳಲ್ಲಿ ಒಂದು,Pearl,Yes,Darshan R K,2025-02-05 14:10:05
ಮುತ್ತು,"ಸಮಯದ ಬಗ್ಗೆ ನೀವು ತುಂಬಾ ಸೀಮಿತವಾಗಿದ್ದರೆ, ಮಲ್ಟಿವಾರ್ಕ್ನಲ್ಲಿ ಮುತ್ತು ಪಟ್ಟಿಯನ್ನು ಹೇಗೆ ತಯಾರಿಸಬೇಕೆಂದು ನಾವು ನಿಮಗೆ ತಿಳಿಸುತ್ತೇವೆ .",ನವರತ್ನಗಳಲ್ಲಿ ಒಂದು,Pearl,Yes,Darshan R K,2025-02-05 14:10:05
ಮುತ್ತು,ಸ್ವಾತ್ಯಾಂ ಸಾಗರಶುಕ್ತಿಮಧ್ಯಪತಿತಂ ತನ್ಮೌಕ್ತಿಕಂ ಜಾಯತೆ । ಎಂಬ ಸುಭಾಷಿತ ಸಾಲಿನಲ್ಲಿ ಹೇಳಿದಂತೆ ಸ್ವಾತಿ ನಕ್ಷತ್ರದಲ್ಲಿ ಮಳೆನೀರು ಸಮುದ್ರ ಚಿಪ್ಪಿನಲ್ಲಿ ಬಿದ್ದರೆ ಮುತ್ತು ಆಗುತ್ತದೆ ಎಂಬುದರ ಹಿಂದಿನ ವೈಜ್ಞಾನಿಕ ಸತ್ಯವೂ ಅದೇ!,ನವರತ್ನಗಳಲ್ಲಿ ಒಂದು,Pearl,Yes,Darshan R K,2025-02-05 14:10:05
ಮುತ್ತು,ಮುತ್ತು ಮಾಣಿಕ ರತ್ನ ಕೆತ್ತಿದ ಸದರನು | ಹತ್ತಿದ ಪಾಶ್ಚಾಯ ಬರೀದ |,ನವರತ್ನಗಳಲ್ಲಿ ಒಂದು,Pearl,Yes,Darshan R K,2025-02-05 14:10:05
ಮುತ್ತು,ಈ ಮುತ್ತು ಜಾಗತಿಕವಾಗಿಯೇ ಗಮನ ಸೆಳೆದಿತ್ತು.,ನವರತ್ನಗಳಲ್ಲಿ ಒಂದು,Pearl,Yes,Darshan R K,2025-02-05 14:10:05
ಮುತ್ತು,"ಪರ್ಲ್ ಆಭರಣಗಳು ಕೆಲವು ಜನರಿಗೆ ವರ್ಸಸ್ ಇತರರಿಗೆ ಉತ್ತಮವಾಗಿ ಕೆಲಸ ಮಾಡಬಹುದು, ಆದರೆ ಧರಿಸಿರುವ ಮುತ್ತು ಆಭರಣ ಕೆಟ್ಟ ಫೆಂಗ್ ಶೂಯಿ ಎಂಬುದು ನಿಖರವಾಗಿಲ್ಲ ಎಂದು ಹೇಳಲು.",ನವರತ್ನಗಳಲ್ಲಿ ಒಂದು,Pearl,Yes,Darshan R K,2025-02-05 14:10:05
ಮುತ್ತು,ಕಟಕ:- ಮಾತೇ ಮುತ್ತು ಮಾತೇ ಶತ್ರು.,ನವರತ್ನಗಳಲ್ಲಿ ಒಂದು,Pearl,Yes,Darshan R K,2025-02-05 14:10:05
ಮುತ್ತು,"ಮಾತು ಆಡಿದ್ರೆ ಹೋಯ್ತು, ಮುತ್ತು ಒಡೆದ್ರೆ ಹೋಯ್ತು.",ನವರತ್ನಗಳಲ್ಲಿ ಒಂದು,Pearl,Yes,Darshan R K,2025-02-05 14:10:05
ಮುತ್ತು,"ನವರತ್ನಗಳು ಎಂದರೆ ವಜ್ರ, ನೀಲ, ಮಾಣಿಕ್ಯ, ಪುಷ್ಯರಾಗ, ಪಚ್ಚೆ, ಹವಳ, ಮುತ್ತು , ವೈಢೂರ್ಯ ಹಾಗೂ ಗೋಮೇಧಕ.",ನವರತ್ನಗಳಲ್ಲಿ ಒಂದು,Pearl,Yes,Darshan R K,2025-02-05 14:10:05
ಮುತ್ತು,"ಸಹ ಪಾಲಿಮರ್ ಮಣ್ಣಿನ, ಮುತ್ತು ಎಳೆಗಳನ್ನು, ನೆಕ್ಲೇಸ್ಗಳು ಮತ್ತು ಇತರ ಆಭರಣ ಬಣ್ಣಗಳನ್ನು ಬಳಸಿ, ಬಾಟಲ್ ಅಲಂಕರಿಸಲು.",ನವರತ್ನಗಳಲ್ಲಿ ಒಂದು,Pearl,Yes,Darshan R K,2025-02-05 14:10:05
ಮುತ್ತು,ಹತ್ತು ಹಡೆಯುವದಕ್ಕಿಂತ | ಒಂದೆ ಮುತ್ತು ಹಡೆದರೆ ಸಾಕು ||,ನವರತ್ನಗಳಲ್ಲಿ ಒಂದು,Pearl,Yes,Darshan R K,2025-02-05 14:10:05
ಮುತ್ತು,"ಗೌರಾಮಿ ಮುತ್ತು ಬಣ್ಣ, ಅಮೃತಶಿಲೆ, ಜೇನುತುಪ್ಪ, ಚಿನ್ನ, ಮತ್ತು ಇತರ ವಿಲಕ್ಷಣ ಬಣ್ಣಗಳಿಂದ ಕೂಡಿದೆ.",ನವರತ್ನಗಳಲ್ಲಿ ಒಂದು,Pearl,Yes,Darshan R K,2025-02-05 14:10:05
ಮುತ್ತು,ಮುತ್ತು ರತ್ನವ ಸುರಿದುಯೆರಗಲು |,ನವರತ್ನಗಳಲ್ಲಿ ಒಂದು,Pearl,Yes,Darshan R K,2025-02-05 14:10:05
ಮುತ್ತು,ಮುತ್ತು ತರಲು ಹೋದ ತನ್ನೂರಿನ ಹುಡುಗರೇ ದಾರಿ ತಪ್ಪಿದರೇ?,ನವರತ್ನಗಳಲ್ಲಿ ಒಂದು,Pearl,Yes,Darshan R K,2025-02-05 14:10:05
ಮುತ್ತು,ದೇವಾಲಯ ಬಲುದೂರಕ್ಕೆ ನೋಡಬಹುದು ಮತ್ತು ನಿಸ್ಸಂದೇಹವಾಗಿ ಕ್ರಿಮೀಯನ್ ಕರಾವಳಿ ಮುತ್ತು ಆಗಿದೆ.,ನವರತ್ನಗಳಲ್ಲಿ ಒಂದು,Pearl,Yes,Darshan R K,2025-02-05 14:10:05
ಮುತ್ತು,"ಅಷ್ಟೇಅಲ್ಲ, ಯಡಿಯೂರಪ್ಪನವರ ಸುತ್ತಮುತ್ತ ಇರುವ ಮುತ್ತು ರತ್ನಗಳನ್ನೆಲ್ಲಾ ಕಿತ್ತು ಹಾಕುತ್ತಾರೆ ಎಂದರು.",ನವರತ್ನಗಳಲ್ಲಿ ಒಂದು,Pearl,Yes,Darshan R K,2025-02-05 14:10:05
ಮುತ್ತು,"ಈ ಸೆಣಸಾಟದಲ್ಲಿ ಓಲೆ ಸಡಿಲಿತು, ಮುತ್ತು ಹರಿದು ಬಿದ್ದವು, ರತ್ನದ ಹಾರ ಹದಿನಾರು ತುಂಡಾಯಿತು, ಬಳೆಗಳು ಒಡೆದವು, ಮಾಣಿಕ ಸಿಡಿದವು, ತೊಡಿಗೆಗಳು ಬೆಸುಗೆ ಬಿಚ್ಚಿದವು, ಬಾಯ ತಾಂಬೂಲ ಪುಡಿ ಪುಡಿಯಾಯಿತು, ಕೂದಲು ಕಿತ್ತು ತಲೆ ತರಗಾಯಿತು.",ನವರತ್ನಗಳಲ್ಲಿ ಒಂದು,Pearl,Yes,Darshan R K,2025-02-05 14:10:05
ಮುತ್ತು,ಅಚಾನಕ್ಕಾಗಿ ಎದ್ದ ದೊಡ್ಡ ಸಮುದ್ರದ ತೆರೆಯೊಂದು ತನ್ನ ತಲೆಯ ಮೇಲೆ ದೊಡ್ಡ ಮುತ್ತು ಮತ್ತು ಹವಳವನ್ನು ಹೊತ್ತು ತಂದು ಮಾಲವಿಯ ಕಾಲಿನ ಬುಡಕ್ಕೆ ಹಾಕಿತು.,ನವರತ್ನಗಳಲ್ಲಿ ಒಂದು,Pearl,Yes,Darshan R K,2025-02-05 14:10:05
ಮುತ್ತು,ವಜ್ರ ವೈಢೂರ್ಯ ಮಾಣಿಕ್ಯ ಮುತ್ತು ಉಂಗುರಕ್ಕೆ ರತ್ನ ಖಚ್ಚಿತ್ತು,ನವರತ್ನಗಳಲ್ಲಿ ಒಂದು,Pearl,Yes,Darshan R K,2025-02-05 14:10:05
ಮುತ್ತು,"ಸಮುದ್ರತಳವನ್ನು ಮುಟ್ಟಬಲ್ಲವನಿಗೆ ಮುತ್ತು ಮಾಣಿಕ್ಯ ಗಳು ದೊರೆಯುತ್ತವೆಯೆ ಹೊರತು, ದಡದಲ್ಲಿ ಕುಳಿತವನಿಗಲ್ಲ; ಎಂ.",ನವರತ್ನಗಳಲ್ಲಿ ಒಂದು,Pearl,Yes,Darshan R K,2025-02-05 14:10:05
ಮುತ್ತು,ಕೊಡಗಿನ ರಾಜ ಕಿರೀಟದ ಅಮೂಲ್ಯ ಮುತ್ತು ರತ್ನಗಳನ್ನೂ ಈತನೇ ತನ್ನ ಕುಡುಕತನದಿಂದಾಗಿ ಹಾಳುಮಾಡಿದ ಎಂದು ಇತಿಹಾಸದ ಕಥೆಗಳು ಹೇಳುತ್ತವೆ.,ನವರತ್ನಗಳಲ್ಲಿ ಒಂದು,Pearl,Yes,Darshan R K,2025-02-05 14:10:05
ಮುತ್ತು,"ಇಲ್ಲಿಂದ ಕಾಣುವ ಸೂರ್ಯೋದಯ, ಸೂರ್ಯಾಸ್ಥಗಳ ದೃಶ್ಯ ರಮಣೀಯ, ಕಡಲ ತಡಿಯ ಮರಳು ರಾಶಿ ಮುತ್ತು ರತ್ನಗಳಂತೆ.",ನವರತ್ನಗಳಲ್ಲಿ ಒಂದು,Pearl,Yes,Darshan R K,2025-02-05 14:10:05
ಮುತ್ತು,"ಹಣೆಯ ಮೇಲ್ಭಾಗದಲ್ಲಿ ಮುತ್ತು ಬೈತಲೆ, ಬೈತಲೆ ಪದಕ ಶೋಭಿಸುತ್ತದೆ.",ನವರತ್ನಗಳಲ್ಲಿ ಒಂದು,Pearl,Yes,Darshan R K,2025-02-05 14:10:05
ಮುತ್ತು,"ಹಂದಿಗಳ ಮುಂದೆ ಮುತ್ತು ಚೆಲ್ಲುವವನ ಧೋರಣೆಯಿಂದ ಆ ಬಗಲಿ ತನ್ನ ಅಮೂಲ್ಯವಾದ ಅಭಿಪ್ರಾಯಗಳನ್ನು ಎರಚುತ್ತ, ಹಿಂದೆ ಅನೇಕ ಅಂಕಗಳಲ್ಲಿ ಗೆದ್ದು ಹೆಸರುವಾಸಿಯಾಗಿ ಅಭಿಮನ್ಯು ಕರ್ಣ ಅರ್ಜುನ ಮೊದಲಾದ ಪೌರಾಣಿಕ ಬಿರುದಾವಳಿಗಳನ್ನೂ ಪಡೆದು, ನೋಡುವುದಕ್ಕೆ ಲಕ್ಷಣವಾಗಿಯೂ ಧೀರವಾಗಿಯೂ ಇದ್ದು, ತಮ್ಮನ್ನು ಸಂದರ್ಶಿಸುವುದಕ್ಕೆ ಬಂದ ನರಾಕೃತಿಗಳನ್ನು ಅದೇನೊ ಒಂದು ಅಹಂಭಾವದಿಂದ ನೋಡುತ್ತಿದ್ದ ಕೋಳಿಹುಂಜಗಳನ್ನು ಮೈನೀವಿ ಶ್ಲಾಘಿಸಿ ಹುರಿದುಂಬಿಸುತ್ತ, ಮುಂದೆ ಮುಂದೆ ಸರಿದನು.",ನವರತ್ನಗಳಲ್ಲಿ ಒಂದು,Pearl,Yes,Darshan R K,2025-02-05 14:10:05
ಮುತ್ತು,"ಮುತ್ತು ಪೋಣಿಸಿದ ರೀತಿಯ ಕೈಬರಹ, ಅವರ ಮುತ್ತಿನಂಥ ಮನದ ಪ್ರತೀಕ.",ನವರತ್ನಗಳಲ್ಲಿ ಒಂದು,Pearl,Yes,Darshan R K,2025-02-05 14:10:06
ಮುತ್ತು,ನಾವು ಸುಮ್ಸುಮ್ನೆ ಹೇಳ್ತಾ ಇರ್ತೀವಿ - ವಿಜಯ ನಗರ ವೈಭವದ ಕಾಲ - ರಸ್ತೆ ರಸ್ತೆಲಿ ಮುತ್ತು ರತ್ನ ಹಾಕ್ಕೊಂಡು ಸೇರಲಿ ಅಳ್ಕೊಂಡು ಮಾರ್ತಿದ್ರು ಅಂತ.,ನವರತ್ನಗಳಲ್ಲಿ ಒಂದು,Pearl,Yes,Darshan R K,2025-02-05 14:10:06
ಮುತ್ತು,ಈಗಲೀಗ ಮುತ್ತು ರತ್ನ ಬೆಳ್ಳಿ ಬಂಗಾರವೆಲ್ಲ,ನವರತ್ನಗಳಲ್ಲಿ ಒಂದು,Pearl,Yes,Darshan R K,2025-02-05 14:10:06
ಮುತ್ತು,"ಸಮುದ್ರದಲ್ಲಿ ಮುತ್ತನ್ನು ಹುಡುಕುವಾಗ ಅದಕ್ಕಾಗೇ ಒಂದು ಹಾಡು, ಮುತ್ತು ಸಿಕ್ಕಾಗ ಒಂದು, ಸಿಕ್ಕ ಮುತ್ತನ್ನು ಕಾಯಬೇಕು ಎಂದಾಗ, ಬೆನ್ನ ಹಿಂದೆ ಬಿದ್ದ ಶತ್ರುಗಳ ಸುಳಿವು ಸಿಕ್ಕಾಗ ಹೊರಬರುವ ಶತ್ರುಗಳ ಹಾಡು, ಹೀಗೆ ಇಲ್ಲಿ ಆ ಹಾಡುಗಳೊಂದನ್ನೂ ಬರೆಯದೇ ಇಂಥ ಹಾಡು ಎಂದಷ್ಟೇ ಹೇಳುತ್ತ ಕಥೆಯ ಪಾತ್ರದ ಮನಸ್ಥಿತಿ ಹೇಳಿಬಿಡುತ್ತಾನೆ.",ನವರತ್ನಗಳಲ್ಲಿ ಒಂದು,Pearl,Yes,Darshan R K,2025-02-05 14:10:06
ಮುತ್ತು,ಮುತ್ತು ಚಿಪ್ಪಿನಲ್ಲಿ ಹುಟ್ಟಿ ಮೂಗುತಿಯಾಯಿತು | ರತ್ನಕಲ್ಲು ಮಂಗಲ ಪದಕ |,ನವರತ್ನಗಳಲ್ಲಿ ಒಂದು,Pearl,Yes,Darshan R K,2025-02-05 14:10:06
ಮುತ್ತು,ಪಾರ್ಶ್ವ ಪಂಕ್ತಿಯ ಮೇಲಿರುವ ಹುರುಪೆಗಳ ಮಧ್ಯಭಾಗದಲ್ಲಿ ಬಿಳಿ ಮುತ್ತು ಗುರುತಿದೆ.,ನವರತ್ನಗಳಲ್ಲಿ ಒಂದು,Pearl,Yes,Darshan R K,2025-02-05 14:10:06
ಮುತ್ತು,ದಿವ್ಯ ಸಭಾಂಗಣವು ಮುತ್ತು ರತ್ನಗಳಿಂದ ಶೋಭಾಯಮಾನವಾಗಿತ್ತು.,ನವರತ್ನಗಳಲ್ಲಿ ಒಂದು,Pearl,Yes,Darshan R K,2025-02-05 14:10:06
ಮುತ್ತು,"ರತ್ನ ಕಂಬಳಿ ಹಾಸಿನ ಮೇಲೆ, ಮುತ್ತು ರತ್ನದ ಚಿತ್ತಾರದ ನಡುವೆರ ಬೆಣ್ಣೆ ಗಡಿಗೆ ಹಿಡಿದು ಕೂತಿರುವ ನಮ್ಮ ಪುಟಾಣಿ ಕೃಷ್ಣನ ನೋಡ್ರಿ.",ನವರತ್ನಗಳಲ್ಲಿ ಒಂದು,Pearl,Yes,Darshan R K,2025-02-05 14:10:06
ಮುತ್ತು,ಇಂತಹ ಸಮಯದಲ್ಲಿ ಯಾವ ಯೋಚನೆಯೂ ಇಲ್ಲದೆ ನಮ್ಮಲ್ಲಿರುವ ಅನರ್ಘ್ಯ ಮುತ್ತು ರತ್ನಗಳನ್ನು ಮಾರ್ಗದಲ್ಲಿ ಬೀಳಿಸಿ ಕೊಳ್ಳುತ್ತಿರುವ ನಮ್ಮ ಮನಸ್ಸುಗಳನ್ನು ಮುಖ್ಯವಾದ ಸತ್ಯಗಳಿಂದ ಮೈಗೂಡಿಸಿ ಕೊಳ್ಳಬೇಕು.,ನವರತ್ನಗಳಲ್ಲಿ ಒಂದು,Pearl,Yes,Darshan R K,2025-02-05 14:10:06
ಮುತ್ತು,"ಅಲ್ಲದೇ ಮುತ್ತಿನ ಹಾರ, ಸ್ವರ್ಣ ಹಾರ, ಸ್ವರ್ಣ ತೋಳು ಬಂದಿ, ಮುತ್ತು ರತ್ನ ಖಚಿತ ಉಂಗುರ ತೊಟ್ಟಿದ್ದರು.",ನವರತ್ನಗಳಲ್ಲಿ ಒಂದು,Pearl,Yes,Darshan R K,2025-02-05 14:10:06
ಮೃಗ,ಗುರುವಾರ ಸೂರ್ಯ ನಗರಿ ಕಲಬುರ್ಗಿಯಲ್ಲಿ ಕಾಡಿನಿಂದ ನಾಡಿಗೆ ಬಂದ ಕೃಷ್ಣ ಮೃಗ ಜನರಿಗೆ ಅಚ್ಚರಿ ಮುಡಿಸಿತು.,ಒಂದು ಬಗೆಯ ಜಿಂಕೆ,A kind of deer,Yes,a,2025-02-02 18:50:15
ಮೃಗ,ಕಲಬುರ್ಗಿ ನಗರದ ಲಾಲಗೆರಿ ಕ್ರಾಸ್ ಬಳಿ ಜನಬಿಡು ಪ್ರದೇಶದಲ್ಲಿ ಕೃಷ್ಣ ಮೃಗ ದಿಢೀರನೆ ಪ್ರತ್ಯಕ್ಷವಾಗಿದೆ.,ಒಂದು ಬಗೆಯ ಜಿಂಕೆ,A kind of deer,Yes,a,2025-02-02 18:50:15
ಮೃಗ,"ಸಲ್ಮಾನ್​ ಖಾನ್​ರನ್ನು ಕೃಷ್ಣ ಮೃಗ ಬೇಟೆ ಪ್ರಕರಣದಲ್ಲಿ ದೋಷಿ ಎಂದು ಪರಿಗಣಿಸಲಾಗಿದ್ದು, ಪ್ರಕರಂಣಕ್ಕೆ ಸಂಬಂಧಿಸಿದಂತೆ ವೀಗಾಗಲೇ 5 ವರ್ಷಗಳ ಶಿಕ್ಷೆಯನ್ನು ಘೋಷಿಸಿದೆ.",ಒಂದು ಬಗೆಯ ಜಿಂಕೆ,A kind of deer,Yes,a,2025-02-02 18:50:15
ಮೃಗ,ವರ್ಷಗಳಷ್ಟು ಹಿಂದಿನ ಕೃಷ್ಣ ಮೃಗ ಬೇಟೆ ಪ್ರಕರಣದಲ್ಲಿ ಕೋರ್ಟ್ Read more…,ಒಂದು ಬಗೆಯ ಜಿಂಕೆ,A kind of deer,Yes,a,2025-02-02 18:50:15
ಮೃಗ,ಕರಡಿ ಸಾವು: ಕೃಷ್ಣ ಮೃಗ ರಕ್ಷಣೆ,ಒಂದು ಬಗೆಯ ಜಿಂಕೆ,A kind of deer,Yes,a,2025-02-02 18:50:15
ಮೃಗ,Home ಕನ್ನಡ ವಾರ್ತೆಗಳು ಕರ್ನಾಟಕ ಕೃಷ್ಣ ಮೃಗ ಚರ್ಮ ಮಾರಾಟ : ಇಬ್ಬರ ಸೆರೆ,ಒಂದು ಬಗೆಯ ಜಿಂಕೆ,A kind of deer,Yes,a,2025-02-02 18:50:15
ಮೃಗ,ಎರಡು ದಶಕಗಳ ಹಿಂದಿನ ಕೃಷ್ಣ ಮೃಗ ಬೇಟೆ ಪ್ರಕರಣಕ್ಕೆ ಸಂಬಂಧಿಸಿದಂತೆ ಸಲ್ಮಾನ್ ಖಾನ್‍ಗೆ 5 ವರ್ಷಗಳ ಜೈಲು ಶಿಕ್ಷೆ ಮತ್ತು 10 ಸಾವಿರ ದಂಡವನ್ನು ವಿಧಿಸಿ ಜೋಧಪುರ ಸಿಜೆಎಂ ಕೋರ್ಟ್ ಶಿಕ್ಷೆಯನ್ನುನಿನ್ನೆ ಪ್ರಕಟಮಾಡಿತ್ತು.,ಒಂದು ಬಗೆಯ ಜಿಂಕೆ,A kind of deer,Yes,a,2025-02-02 18:50:15
ಮೃಗ,ಸಲ್ಮಾನ್ ಖಾನ್ ಅವರು ಕೃಷ್ಣ ಮೃಗ ಬೇಟೆ ಪ್ರಕರಣದಲ್ಲಿ ಐದು ವರ್ಷಗಳ ಜೈಲು ಶಿಕ್ಷೆ ಒಳಗಾಗಿದ್ದಾರೆ.,ಒಂದು ಬಗೆಯ ಜಿಂಕೆ,A kind of deer,Yes,a,2025-02-02 18:50:15
ಮೃಗ,ಹಿಮಾಲಯದಲ್ಲಿ ವಿಶೇಷವಾಗಿ ಚಮರಿ ಮೃಗ ಎಂಬ ಪ್ರಾಣಿಸಂಕುಲವು ವಾಸವಾಗಿದ್ದು ಅವುಗಳು ಚಂದ್ರಕಿರಣದಂತಿರುವ ತನ್ನ ಬಾಲದಿಂದ ಪರ್ವತರಾಜನಾದ ಹಿಮಾಲಯಕ್ಕೆ ಚಾಮರಸೇವೆಯನ್ನು ನಡೆಸುತ್ತವೆ.,ಒಂದು ಬಗೆಯ ಜಿಂಕೆ,A kind of deer,Yes,a,2025-02-02 18:50:15
ಮೃಗ,ಕೃಷ್ಣ ಮೃಗ ಚರ್ಮ ಮಾರಾಟ : ಇಬ್ಬರ ಸೆರೆ,ಒಂದು ಬಗೆಯ ಜಿಂಕೆ,A kind of deer,Yes,a,2025-02-02 18:50:15
ಮೃಗ,"ಕ್ಯಾನ್ಸರ್ನಂತಹ ಬೀವರ್ಗಳು, ಆದರೆ, ಉದಾಹರಣೆಗೆ, ಕಸ್ತೂರಿ ಮೃಗ ಮಾತ್ರವಲ್ಲ.",ಒಂದು ಬಗೆಯ ಜಿಂಕೆ,A kind of deer,Yes,a,2025-02-02 18:50:15
ಮೃಗ,ಹೇಗೆ ಪುರುಷ ಮೃಗ ಬ್ರೌಸರ್ ಸ್ವಚ್ಛಗೊಳಿಸಲು,ಒಂದು ಬಗೆಯ ಜಿಂಕೆ,A kind of deer,Yes,a,2025-02-02 18:50:15
ಮೃಗ,ಅವರು ಪುರುಷ ಮೃಗ ಮೂಲಕ ಕೇವಲ ಸಂದರ್ಭದಲ್ಲಿ ಸಹಾಯ ಮಾಡುತ್ತದೆ.,ಒಂದು ಬಗೆಯ ಜಿಂಕೆ,A kind of deer,Yes,a,2025-02-02 18:50:15
ಮೃಗ,ಕೃಷ್ಣ ಮೃಗ ಬೇಟೆ ಪ್ರಕರಣದಲ್ಲಿ ಜಾಮೀನು ಸಿಕ್ಕ ನಂತರ ಮತ್ತೆ ಸುದ್ದಿಯಲ್ಲಿದ್ದಾರೆ.,ಒಂದು ಬಗೆಯ ಜಿಂಕೆ,A kind of deer,Yes,a,2025-02-02 18:50:16
ಮೃಗ,ಕಸ್ತೂರಿ ಮೃಗ ಒಂದು ತನ್ನೊೊಳಗೇ ಇರುವ ಕಸ್ತೂರಿಯ ಸುಗಂಧಕ್ಕಾಾಗಿ ಕಾಡೆಲ್ಲ ಅಲೆಯುತ್ತದೆ.,ಒಂದು ಬಗೆಯ ಜಿಂಕೆ,A kind of deer,Yes,a,2025-02-02 18:50:16
ಮೃಗ,ನವದೆಹಲಿ: ಎರಡು ದಶಕಗಳ ಹಿಂದಿನ ಕೃಷ್ಣ ಮೃಗ ಬೇಟೆ ಪ್ರಕರಣಕ್ಕೆ ಸಂಬಂಧಿಸಿದಂತೆ ಸಲ್ಮಾನ್ ಖಾನ್ ಐದು ವರ್ಷಗಳ ಜೈಲು ಶಿಕ್ಷೆ ಮತ್ತು ಹತ್ತು ಸಾವಿರ ದಂಡವನ್ನು ವಿಧಿಸಿ ಜೋಧಪುರ ಸಿಜೆಎಂ ಕೋರ್ಟ್ ಶಿಕ್ಷೆ ತೀರ್ಪು ನೀಡಿದೆ.,ಒಂದು ಬಗೆಯ ಜಿಂಕೆ,A kind of deer,Yes,a,2025-02-02 18:50:16
ಮೃಗ,ರಾತ್ರಿ ನಡೆಯುವ ಮೃಗ ಬೇಟೆ ಉತ್ಸವ ಬೇರೆಲ್ಲೂ ನೋಡಲು ಸಿಗುವುದಿಲ್ಲ.,ಒಂದು ಬಗೆಯ ಜಿಂಕೆ,A kind of deer,Yes,a,2025-02-02 18:50:16
ಮೃಗ,ಅಳಿವಿನಂಚಿನಲ್ಲಿರುವ ಕೃಷ್ಣ ಮೃಗ ಬೇಟೆಗೆ ನಟರು ಜಿಪ್ಸಿ ಬಳಸಿದ್ದರು.,ಒಂದು ಬಗೆಯ ಜಿಂಕೆ,A kind of deer,Yes,a,2025-02-02 18:50:16
ಮೃಗ,ಮುಂಬೈ : ಕೃಷ್ಣ ಮೃಗ ಬೇಟೆಯಾಡಿದ ಪ್ರಕರಣದಲ್ಲಿ ಇತ್ತೀಚೆಗಷ್ಟೇ ನ್ಯಾಯಾಲಯದಿಂದ ರಿಲೀಫ್ ಪಡೆದಿರುವ ಬಾಲಿವುಡ್ ನಟ ಸೈಫ್ ಅಲಿ ಖಾನ್‌ ಅವರಿಗೆ ಇದೀಗ ಮತ್ತೊಂದು ಪ್ರಕರಣದಲ್ಲಿ ಸಿಲುಕಿಕೊಂಡಿದ್ದಾರೆ.,ಒಂದು ಬಗೆಯ ಜಿಂಕೆ,A kind of deer,Yes,a,2025-02-02 18:50:16
ಮೃಗ,"ಹೌದು, ಕೃಷ್ಣ ಮೃಗ ಭೇಟೆ, ರ್ಯಾಶ್ ಡ್ರೈವಿಂಗ್, ಹೀಗೆ ಹಲವಾರು ವಿಚಾರಗಳಿಗೆ ಸುದ್ದಿಯಾಗಿರೋ ಸಲ್ಮಾನ್ ಖಾನ್ ಇದೀಗ ಟ್ರಾಫಿಕ್ ದಂಡ ವಿಚಾರವಾಗಿ ಕೂಡ ಮತ್ತೆ ಸದ್ದು ಮಾಡ್ತಾ ಇದ್ದಾರೆ.",ಒಂದು ಬಗೆಯ ಜಿಂಕೆ,A kind of deer,Yes,a,2025-02-02 18:50:16
ಮೃಗ,ಕೃಷ್ಣ ಮೃಗ ಬೇಟೆ,ಒಂದು ಬಗೆಯ ಜಿಂಕೆ,A kind of deer,Yes,a,2025-02-02 18:50:16
ಮೃಗ,ಕಸ್ತೂರಿ ಮೃಗ →ಬ.,ಒಂದು ಬಗೆಯ ಜಿಂಕೆ,A kind of deer,Yes,a,2025-02-02 18:50:16
ಮೃಗ,"ಬಾಲಿವುಡ್ ನಟ ಸಲ್ಮಾನ್ ಖಾನ್ ಜೈಲಿಗೆ ಹೋಗುತ್ತಿರುವ ಸಂಗತಿ ಖಾನ್ ಅಭಿಮಾನಿಗಳಿಗೆ ಬೇಸರ ತಂದಿರಬಹುದು, ಆದರೆ ಸಲ್ಮಾನ ಖಾನ್ ಮೇಲೆ ಕೃಷ್ಣ ಮೃಗ ಬೇಟೆಯ ವಿಚಾರವಾಗಿ ಕೋರ್ಟ್ ಮೆಟ್ಟಿಲೇರಿ ಅವರನ್ನು ಸೆರೆಮನೆಗೆ ಕಳುಹಿಸುವಲ್ಲಿ ಯಶಸ್ವಿಯಾದ ರಾಜಸ್ತಾನದ ಬಿಷ್ನೋಯಿ ಸಮುದಾಯದ ಇತಿಹಾಸ ಕೇಳಿದರೆ ನಿಮಗೆ ಖಂಡಿತಾ ಅಚ್ಚರಿಯಾಗುತ್ತದೆ.",ಒಂದು ಬಗೆಯ ಜಿಂಕೆ,A kind of deer,Yes,a,2025-02-02 18:50:16
ಮೃಗ,ಕೃಷ್ಣ ಮೃಗ ಬೇಟೆ ಪ್ರಕರಣ: ಸಲ್ಮಾನ್ ಖಾನ್ ದೋಷಿ,ಒಂದು ಬಗೆಯ ಜಿಂಕೆ,A kind of deer,Yes,a,2025-02-02 18:50:16
ಮೃಗ,ಸಲ್ಮಾನ್ ಖಾನ್ ರನ್ನು ಕೃಷ್ಣ ಮೃಗ ಪ್ರಕರಣದಲ್ಲಿ ದೋಷಿ ಎಂದು ಪರಿಗಣಿಸಲಾಗಿದೆ.,ಒಂದು ಬಗೆಯ ಜಿಂಕೆ,A kind of deer,Yes,a,2025-02-02 18:50:16
ಮೃಗ,ಕೃಷ್ಣ ಮೃಗ ಬೇಟೆ ಪ್ರಕರಣದಲ್ಲಿ ಸಲ್ಮಾನ್‌ ಜೈಲುಪಾಲಾಗಿದ್ದು ಜೋಧಪುರ ಕೋರ್ಟ್ ಆತನಿಗೆ ಐದುವರ್ಷಗಳ ಸಜೆ ನೀಡಿದೆ.,ಒಂದು ಬಗೆಯ ಜಿಂಕೆ,A kind of deer,Yes,a,2025-02-02 18:50:16
ಮೃಗ,ಎರಡು ದಶಕಗಳ ಹಿಂದಿನ ಕೃಷ್ಣ ಮೃಗ ಬೇಟೆ ಪ್ರಕರಣಕ್ಕೆ ಸಂಬಂಧಿಸಿದಂತೆ ಸಲ್ಮಾನ್ ಖಾನ್‍ಗೆ ಐದು ವರ್ಷಗಳ ಜೈಲು ಶಿಕ್ಷೆ ಮತ್ತು ಹತ್ತು ಸಾವಿರ ದಂಡವನ್ನು ವಿಧಿಸಿ ಜೋಧಪುರ ಸಿಜೆಎಂ ಕೋರ್ಟ್ ಶಿಕ್ಷೆ ತೀರ್ಪು ನೀಡಿತ್ತು.,ಒಂದು ಬಗೆಯ ಜಿಂಕೆ,A kind of deer,Yes,a,2025-02-02 18:50:16
ಮೃಗ,"ಅಂದ್ರೆ, ಇಂದಿಗೆ ಸರಿಯಾಗಿ 9 ವರ್ಷಗಳ ಹಿಂದೆ ಕೃಷ್ಣ ಮೃಗ ಬೇಟೆ ಪ್ರಕರಣದಲ್ಲಿ ಸಲ್ಮಾನ್ ಖಾನ್ ದೋಷಿ ಅಂತ ಕೋರ್ಟ್ ಘೋಷಿಸಿತು.",ಒಂದು ಬಗೆಯ ಜಿಂಕೆ,A kind of deer,Yes,a,2025-02-02 18:50:16
ಮೃಗ,ಕೃಷ್ಣ ಮೃಗ ಬೇಟೆ ಪ್ರಕರಣ ; ಬಾಲಿವುಡ್ ನಟ-ನಟಿಯರಿಗೆ ಮತ್ತೆ ಎದುರಾಗಿದೆ ಸಂಕಷ್ಟ,ಒಂದು ಬಗೆಯ ಜಿಂಕೆ,A kind of deer,Yes,a,2025-02-02 18:50:16
ಮೃಗ,"ಕೃಷ್ಣ ಮೃಗ ಬೇಟೆ ಪ್ರಕರಣ-ಸಲ್ಮಾನ್ ದೋಷಿ, ಉಳಿದ ಆರು ಮಂದಿಗೆ ಬಿಗ್ ರಿಲೀಫ್!",ಒಂದು ಬಗೆಯ ಜಿಂಕೆ,A kind of deer,Yes,a,2025-02-02 18:50:16
ಮೃಗ,ಮೃಗ ಅತೀ ಹೆಚ್ಚು ಬಾರಿ ಕಾಣಿಸಿಕೊಂಡ ಮಾರ್ಪನಡ್ಕ ಬಳಿಯ ಕಜೆಮಲೆ ಎಂಬಲ್ಲಿ ಬೋನು ಇರಿಸಲಾಗಿದೆ.,ಒಂದು ಬಗೆಯ ಜಿಂಕೆ,A kind of deer,Yes,a,2025-02-02 18:50:16
ಮೃಗ,ಕೃಷ್ಣ ಮೃಗ ಭೇಟೆ ಪ್ರಕರಣದಲ್ಲಿ ಕೋರ್ಟ್ ನಲ್ಲಿ ನೀವು ಪಾರಾದರೂ ವೈಷ್ಣೋಯ್ ಸಮಾಜ ಮತ್ತು ಸೋಪು ಪಕ್ಷದಿಂದ ನೀವು ಪಾರಾಗಲು ಸಾಧ‍್ಯವಿಲ್ಲ.,ಒಂದು ಬಗೆಯ ಜಿಂಕೆ,A kind of deer,Yes,a,2025-02-02 18:50:16
ಮೃಗ,ಒಮ್ಮೆ ಮೃಗ ಬೇಟೆಗಾಗಿ ಪರೀಕ್ಷಿತ ಕಾಡಿಗೆ ಹೋಗುತ್ತಾನೆ.,ಒಂದು ಬಗೆಯ ಜಿಂಕೆ,A kind of deer,Yes,a,2025-02-02 18:50:16
ಮೃಗ,ರ ಕೃಷ್ಣ ಮೃಗ ಬೇಟೆ ಪ್ರಕರಣ ಸಂಬಂಧ ನಿನ್ನೆ ಸಲ್ಮಾನ್ ಖಾನ್ ಗೆ ಕೋರ್ಟ್ 5 ವರ್ಷ ಜೈಲು ಶಿಕ್ಷೆ ಹಾಗೂ 10 ಸಾವಿರ ರೂ.,ಒಂದು ಬಗೆಯ ಜಿಂಕೆ,A kind of deer,Yes,a,2025-02-02 18:50:16
ಮೃಗ,Home ಕನ್ನಡ ವಾರ್ತೆಗಳು ಧರ್ಮಸ್ಥಳ : ಕೃಷ್ಣ ಮೃಗ ಚರ್ಮ ಮಾರಾಟಕ್ಕೆ ಯತ್ನಿಸುತ್ತಿದ್ದ ಇಬ್ಬರ ಸೆರೆ,ಒಂದು ಬಗೆಯ ಜಿಂಕೆ,A kind of deer,Yes,a,2025-02-02 18:50:16
ಮೃಗ,"Topics : Blackbuck case, Salman Khan, Foreign travel, Court, ಕೃಷ್ಣ ಮೃಗ ಬೇಟೆ ಪ್ರಕರಣ, ಸಲ್ಮಾನ್ ಖಾನ್, ವಿದೇಶ ಪ್ರವಾಸ, ನ್ಯಾಯಾಲಯ",ಒಂದು ಬಗೆಯ ಜಿಂಕೆ,A kind of deer,Yes,a,2025-02-02 18:50:16
ಮೃಗ,ಧರ್ಮಸ್ಥಳ : ಕೃಷ್ಣ ಮೃಗ ಚರ್ಮ ಮಾರಾಟಕ್ಕೆ ಯತ್ನಿಸುತ್ತಿದ್ದ ಇಬ್ಬರ ಸೆರೆ,ಒಂದು ಬಗೆಯ ಜಿಂಕೆ,A kind of deer,Yes,a,2025-02-02 18:50:16
ಮೃಗ,ಶ್ರೀ ವೆಂಕಟರಮಣ ದೇವಸ್ಥಾನ : ಮಂಗಳೂರು ರಥೋತ್ಸವ ಪ್ರಯುಕ್ತ ಮೃಗ ಬೇಟೆ ಉತ್ಸವ ಹಾಗೂ ಸಣ್ಣ ರಥೋತ್ಸವ,ಒಂದು ಬಗೆಯ ಜಿಂಕೆ,A kind of deer,Yes,a,2025-02-02 18:50:16
ಮೃಗ,ರಾತ್ರಿ 10 ರಂದು ವಿವಿಧ ಆಕರ್ಷಣೀಯ ಸಿಡಿಮದ್ದು ಪ್ರದರ್ಶನ ಹಾಗೂ ಅಘನಾಶಿನಿ ನದಿ ಬಳಿ ತೆರಳಿ ಮೃಗ ಭೇಟೆ ನಡೆಯಲಿದೆ.,ಒಂದು ಬಗೆಯ ಜಿಂಕೆ,A kind of deer,Yes,a,2025-02-02 18:50:16
ಮೃಗ,ಕರಿಯ ಬೇಡನ ಕಸ್ತೂರಿಯ ಮೃಗ ನುಂಗಿದರೆ,ಒಂದು ಬಗೆಯ ಜಿಂಕೆ,A kind of deer,Yes,a,2025-02-02 18:50:16
ಮೃಗ,"ಅನೇಕ ಜಾತಿಯ ವನ್ಯ ಮೃಗ , ಪಕ್ಷಿಗಳು ಹಾಗೂ ವಿವಿಧ ಮರಗಳು ಇಲ್ಲಿ ಕಂಡು ಬರುತ್ತವೆ.",ಪಶು,Animal,Yes,a,2025-02-03 10:15:12
ಮೃಗ,ವನದಲ್ಲಿ ಮೃಗ ಪ್ರಾಣಿಗಳಿವೆಯೇ ಎಂದು ಕೇಳಿದೆ.,ಪಶು,Animal,Yes,a,2025-02-03 10:15:12
ಮೃಗ,ಚಮರೀ ಮೃಗ ಹಾಗೂ ಹಸುಗಳ ಕೂಡಿಕೆಯಿಂದ ಹುಟ್ಟಿದ ಮಿಶ್ರ ತಳಿ Godfrua ಶಿಕ್ಷಕ ಅಂಶವನ್ನು ಮತ್ತು ಸವಾಲನ್ನು ಒಪ್ಪಿಕೊಂಡರು.,ಪಶು,Animal,Yes,a,2025-02-03 10:15:12
ಮೃಗ,"ಆದರೆ ಇವರ ಕಣ್ಣಿಗೆ ಬಿದ್ದಿರುವಷಟು ಬಗೆ ಬಗೆಯ ಮರ ಬಳ್ಳಿ ಪೊದರುಗಳು, ಮೃಗ ಪಕ್ಷಿ ಕ್ರಿಮಿಕೀಟಗಳು ಬೇರೆಯವರ ದೃಷ್ಟಿಗೆ ಬಿದ್ದಿರಲಿಕ್ಕಿಲ್ಲ.",ಪಶು,Animal,Yes,a,2025-02-03 10:15:12
ಮೃಗ,"ಆಗ ಹೆಂಡತಿ, ಯಾವ್ ಮೃಗ ಬರುತ್ತೋೋ ನೋಡಿಯೇ ಬಿಡೋಣ.",ಪಶು,Animal,Yes,a,2025-02-03 10:15:12
ಮೃಗ,ಪುರುಷ ಮೃಗ ನೇರ: ಹೇಗೆ ಸ್ಥಾಪಿಸಲು ಮತ್ತು ಸೇವೆ ಕೆಲಸ,ಪಶು,Animal,Yes,a,2025-02-03 10:15:12
ಮೃಗ,ಕೃಷ್ಣ ಮೃಗ ಬೇಟೆ ಪ್ರಕರಣ: ನನ್ನದೇನೂ ತಪ್ಪಿಲ್ಲ ಎಂದ ಸಲ್ಮಾನ್,ಪಶು,Animal,Yes,a,2025-02-03 10:15:12
ಮೃಗ,ಭಾರತ ೧೯೮೩ ರಿಂದಲೂ ವಲಸೆ ವನ್ಯ ಮೃಗ ಸಂರಕ್ಷಣಾ ಸಮಾವೇಶಗಳಲ್ಲಿ ಭಾಗಿಯಾಗಿದೆ.,ಪಶು,Animal,Yes,a,2025-02-03 10:15:12
ಮೃಗ,ಆದರೆ ನೀವು ಘರ್ಜನೆ ಮಾಡಲು ಸಿದ್ಧವಾಗಿದ್ದರೆ ಅದನ್ನು ಇನ್ನಷ್ಟು ತೀವ್ರತೆಗಾಗಿ ನೀವು ಮೃಗ ಕ್ರಮದಲ್ಲಿ ತೆಗೆದುಕೊಳ್ಳಬಹುದು.,ಪಶು,Animal,Yes,a,2025-02-03 10:15:13
ಮೃಗ,"ಎಲ್ಲಾ ಪಾತ್ರಗಳನ್ನೂ, ಭಿಲ್ಲರಿಂದ ಹಿಡಿದು ಮೃಗ ಪಕ್ಷಿಗಳೆಲ್ಲವನ್ನೂ ಶಾಸ್ತ್ರೀಯ ನೃತ್ಯದ ಚೌಕಟ್ಟಿನಲ್ಲಿ ಬಿಂಬಿಸಿರುವ ಭ್ರಮರಿಯ ಶೈಲಿ ಅದ್ಭುತವಾಗಿದೆ.",ಪಶು,Animal,Yes,a,2025-02-03 10:15:13
ಮೃಗ,"ಬಂಡೀಪುರ ರಾಷ್ಟ್ರೀಯ ಉದ್ಯಾನ, ವನ್ಯ ಮೃಗ ಸಂರಕ್ಷಣಾ ಕೇಂದ್ರ ಹಾಗೂ ಟೈಗರ್ ಪ್ರಾಜೆಕ್ಟ್ ನಂತರ ದಕ್ಷಿಣ ಭಾರತದ ಅತಿ ದೊಡ್ಡ.",ಪಶು,Animal,Yes,a,2025-02-03 10:15:13
ಮೃಗ,ಬಂದುದೈ ಮಾರೀಚ ಬಹು ಮೃಗ |,ಪಶು,Animal,Yes,a,2025-02-03 10:15:13
ಮೃಗ,ಅಂದರೆ ಈ ಲೈಂಗಿಕಭಾವನೆ ಮಾನವ ಮೃಗ ಪಕ್ಷಿಗಳಿಗೊಂದೇ ಇರುವುದಿಲ್ಲ.,ಪಶು,Animal,Yes,a,2025-02-03 10:15:13
ಮೃಗ,ರಾಜಿಯಿಂದಿಹ ಮೃಗ | ರಾಜಪೀಠವ ನೋಡಿ ||೨೦೬||,ಪಶು,Animal,Yes,a,2025-02-03 10:15:13
ಮೃಗ,"ಇಲ್ಲಿರುವ ಆನೆ, ಘೇಂಡಾ ಮೃಗ ಅಮೆರಿಕನ್ ಪ್ರವಾಸಿಗಳ ಪಾಲಿಗಂತೂ ಅಪರೂಪದ ಪ್ರಾಣಿಗಳು.",ಪಶು,Animal,Yes,a,2025-02-03 10:15:13
ಮೃಗ,ಕಡಿವ ಕರಡಿ ಸಿಂಹ ಸಾರಂಗ ಮೃಗ ನಮ್ಮ,ಪಶು,Animal,Yes,a,2025-02-03 10:15:13
ಮೃಗ,ಮೃಗ ಪಕ್ಷಿಗಳಿಗಿಲ್ಲದ ಸ್ವಾತಂತ್ರ್ಯ ಮನುಷ್ಯನಿಗೆಲ್ಲಿ?,ಪಶು,Animal,Yes,a,2025-02-03 10:15:13
ಮೃಗ,ಕೊಂದು ತಿನ್ನುವ ಮೃಗ ಆಗಬೇಕಿಲ್ಲ ಅಲ್ಲವೇ?,ಪಶು,Animal,Yes,a,2025-02-03 10:15:13
ಮೃಗ,"ಕರಿರಾಜ : ಝೇಂಕರಿಪ ಈ ಕಾಠಿಣ್ಯತರವಾದ ಘೋರ ಅಟವಿಯೊಳ್ ಹೂಂಕರಿಪ ಕರಿ, ಸಿಂಹ, ಶಾರ್ಧೂಲ, ವ್ಯಾಘ್ರ, ಗಂಡಭೇರುಂಡ ಮೃಗಜಾತಿಗಳ ತಂಡಗಳಲ್ಲಿ ಸಂಚರಿಪ ಕಡವೆ, ಕಾಡೆಮ್ಮೆ, ಸಾರಂಗ, ಕರಡಿ, ಹಂದಿ, ಹುಲ್ಲೆ ಮುಂತಾದ ದುಷ್ಠ ಮೃಗ ಜಾತಿಗಳು ಸಂಚರಿಪ ಈ ಅಟವಿಯೋಳ್ ಝಣ ಝಣತ್ಕಾರ ಶಬ್ಧಗಳಿಂದ ಸಂಚರಿವ ನೀನ್ಯಾರೆ ನಾರಿ ಮದನ ಕಠಾರಿ-",ಪಶು,Animal,Yes,a,2025-02-03 10:15:13
ಮೃಗ,"ಆದರೆ, ಈ ಮೃಗ ಸ್ವಭಾವದ ಗುಣಗಳ ಹೊರತಾಗಿ ಅನೇಕ ಮಾನವೀಯ ಗುಣಗಳನ್ನೂ ಶಕ್ತಿ ಸಾಮರ್ಥ್ಯಗಳನ್ನೂ ಮನುಷ್ಯ ಪಡೆದಿರುತ್ತಾನೆ.",ಪಶು,Animal,Yes,a,2025-02-03 10:15:13
ಮೃಗ,ಇಲ್ಲಿ ಪಕ್ಷಿಗಳು ದುಃಖದಲ್ಲಿ ಪಾಲುಗೊಂಡುದನ್ನು ಓದಿದಾಗ ನಮಗೆ ತಟ್ಟನೆ ಲಕ್ಷ್ಮೀಶನ ಜೈಮಿನಿ ಭಾರತದ ಸೀತೆಯ ದುಃಖದಲ್ಲಿ ಅಲ್ಲಿದ್ದ ಪಕ್ಷಿ ಮೃಗ ಸಮೂಹ ಭಾಗಿಯಾದ ಸನ್ನೀವೇಶ ನೆನಪಿಗೆ ಬರದಿರದು.,ಪಶು,Animal,Yes,a,2025-02-03 10:15:13
ಮೃಗ,ಮೃಗ ಮನುಶ್ಯನನ್ನ ಕೊ೦ದ್ರೆ ಅದು ಆತ್ಮ ರಕ್ಷಣೆ.,ಪಶು,Animal,Yes,a,2025-02-03 10:15:13
ಮೃಗ,ಅಂತಹ ಸೊಬಗಿನ ತಾಣ ತಿರುವನಂತಪುರಂ ನಲ್ಲಿರುವ ವನ್ಯ ಮೃಗ ಅಭಯಾರಣ್ಯ!,ಪಶು,Animal,Yes,a,2025-02-03 10:15:13
ಮೃಗ,"ಒಂದು ಮೃಗ ಒಂದೇ ರೀತಿಯ ಕೆಲಸವನ್ನು ಮಾಡುತ್ತದೆ, ಇದು ಮರದಂತೆಯೇ ಹೋಗುತ್ತದೆ, ಆದರೆ ಇದು ಅದೇ ರೀತಿಯ ಜಾತಿಯ ಜಾತಿಯಷ್ಟೇ ಅಲ್ಲದೇ ವ್ಯಾಪಕ ಗಾತ್ರದಲ್ಲಿ ಕಂಡುಬರುತ್ತದೆ.",ಪಶು,Animal,Yes,a,2025-02-03 10:15:13
ಮೃಗ,ಮತ್ತೊಬ್ಬನನ್ನು ಕೊಂದೇ ತಾನು ಬದುಕ ಬೇಕೆಂಬ ಮೃಗ ಪ್ರವೃತ್ತಿ ನಾಗರೀಕತೆಯ ಸೀಮೆಯ ಅಡಿಯಲ್ಲೇ ಹೆಡೆಯಾಡಿಬಿಡುತ್ತದೆ.,ಪಶು,Animal,Yes,a,2025-02-03 10:15:13
ಮೃಗ,"ಆದರೆ ಇಲ್ಲಿ ಮನುಷ್ಯರ್ಯಾರು, ಮೃಗ ಯಾವುದು ಎಂದು ನಿರ್ಧರಿಸುವುದು ಪ್ರೇಕ್ಷಕನಿಗೆ ಬಿಟ್ಟ ವಿಚಾರ.",ಪಶು,Animal,Yes,a,2025-02-03 10:15:13
ಮೃಗ,ಇದು ಖಡ್ಗ ಮೃಗ ಗಳಿಗೆ ಬ್ರಹ್ಮಪುತ್ರಾ ನದಿಯ ಉತ್ತರಕ್ಕಿರುವ ಏಕೈಕ ಅವಾಸಸ್ಥಾನವಾಗಿದೆ.,ಪಶು,Animal,Yes,a,2025-02-03 10:15:13
ಮೃಗ,ಧರ್ಮವಿಲ್ಲದ ಬದುಕು ಮೃಗ ಸಮಾನ ಬದುಕು.,ಪಶು,Animal,Yes,a,2025-02-03 10:15:13
ಮೃಗ,ನಿಜ ಹೇಳಬೇಕೆಂದರೆ ಮನುಷ್ಯನಿಗಿಂತ ಕೆಟ್ಟ ಕ್ರೂರ ಮೃಗ ಈ ಭೂಮಿಯ ಮೇಲೆ ಬೇರೆ ಯಾವ ಜೀವಿಯೂ ಇಲ್ಲ.,ಪಶು,Animal,Yes,a,2025-02-03 10:15:13
ಮೃಗ,ಸಂದುಗೊಂದನರಸಲು ಮೃಗ ಕಾಣದೆ |,ಪಶು,Animal,Yes,a,2025-02-03 10:15:13
ಮೃಗ,ಹೆಸರೇ ಹೇಳುವಂತೆ ಇಲ್ಲಿ ಮೃಗ ವಧೆ ಆಗಿದೆ .,ಪಶು,Animal,Yes,a,2025-02-03 10:15:13
ಮೃಗ,"ಒಂದೆರಡು ವರ್ಷ ಮಳೆ ಬೀಳದಿದ್ದರೆ, ಭೂಮಿಯಲ್ಲಿರುವ ಸಕಲ ಚರಾಚರ ಜೀವರಾಶಿ ನಾಶವಾಗುತ್ತದೆ; ಮರ ಮನುಷ್ಯ ಮೃಗ ಪಕ್ಷಿ ಯಾವುದೂ ಇರುವುದಿಲ್ಲ.",ಪಶು,Animal,Yes,a,2025-02-03 10:15:13
ಮೃಗ,ದೇವಾಲಯದಲ್ಲಿ ಹೊಕ್ಕ ಮೃಗ ಸಿಕ್ಕ ಕೂಡಲೇ ಆತನಿಗೆ ಶಿವನಲ್ಲಿ ಎಲ್ಲಿಲ್ಲದ ನಿಷ್ಠೆ ಪ್ರೀತಿ ಭಕ್ತಿಗಳು ಬೆಳೆಯುತ್ತವೆ.,ಪಶು,Animal,Yes,a,2025-02-03 10:15:13
ಮೃಗ,ಇಲ್ಲಾ ಅಂದ್ರೆ ಯಾವುದೋ ಕಾಡು ಮೃಗ ಅಂದುಕೊಂಡು ಮಗು ನಿಮ್ಮನ್ನು ನೋಡಿ ಹೆದರಿಕೊಂಡೀತು ಎಂದು ಹೇಳಿದ್ದಾರಂತೆ.,ಪಶು,Animal,Yes,a,2025-02-03 10:15:13
ಮೃಗ,"ಮೃಗ ಪಕ್ಷಿಗಳ ಕೂಗು ಪ್ರಕೃತಿ, ಅದರಲ್ಲಿಯ ಸ್ವರಪ್ರಬೇಧಗಳನ್ನು ಗುರುತಿಸಿ ಜೋಡಿಸಿ, ರಾಗವಿನ್ಯಾಸ ಮಾಡಿದ್ದು ಸಂಸ್ಕೃತಿ.",ಪಶು,Animal,Yes,a,2025-02-03 10:15:13
ಮೃಗ,ಕಪಿಗಳಿಗೆ ಶಾಖಾ ಮೃಗ ಎಂದು ಹೆಸರಿದೆ.,ಪಶು,Animal,Yes,a,2025-02-03 10:15:13
ಮೃಗ,"ಅತ್ತ ಪುರುಷರು ಮೃಗ ಭೇಟೆಗೆ ಹೊರಟರೆ, ಇತ್ತ ಪ್ರಾಣಿ-ಪಕ್ಷಿಗಳು ತಿನ್ನುವ-ತಿನ್ನದ ಸಸ್ಯ-ಪ್ರಾಣಿಜನ್ಯ ಆಹಾರ ವಸ್ತುಗಳನ್ನು ಸ್ತ್ರೀ ಗಮನಿಸುತ್ತಾ ಕೃಷಿ-ಸಾಕು ಪ್ರಾಣಿಗಳ ಪಾಲನೆ ಆರಂಭಿಸಿದಳು.",ಪಶು,Animal,Yes,a,2025-02-03 10:15:13
ಮೃಗ,"ಈ ರೀತಿಯಲ್ಲಿ ಯೋಗ ಮೃಗ ಮಾನವನನ್ನು ಹಂತ ಹಂತವಾಗಿ ಮಾನವ, ಮಹಾ ಮಾನವ ಮತ್ತು ದೇವಮಾನವನಾಗಿ ಪರಿವರ್ತಿಸುವ ಒಂದು ವೈಜ್ಞಾನಿಕ ಪ್ರಕ್ರಿಯೆಯಾಗಿದೆ.",ಪಶು,Animal,Yes,a,2025-02-03 10:15:13
ಮೃಗ,ಕ್ರೂರವಾದ ಮೃಗ,ಪಶು,Animal,Yes,a,2025-02-03 10:15:13
ಮೃಗ,ಹಾಗಾದಾಗ ಎರಡೂ ಕಡೆ ಎಲ್ಲ ವಿವೇಕವೂ ಕಳೆದು ಹೋಗಿ ಮೃಗ ರಾಜ್ಯವೊಂದು ಸೃಷ್ಟಿಯಾಗುತ್ತದಷ್ಟೆ.,ಪಶು,Animal,Yes,a,2025-02-03 10:15:13
ಯಂತ್ರ,"ಇದು ಉತ್ತಮ ಯಂತ್ರ ಅಥವಾ ಸ್ವಯಂಚಾಲಿತ ಇಂಧನ ಬಳಕೆ ವಿಷಯದಲ್ಲಿ ಪರಿಗಣಿಸಲಾಗುತ್ತದೆ, ಮೊದಲ ಸಾಕಾರ ನಂತರದ ಉನ್ನತವಾಗಿದೆ.","ಕೆಲಸ ಮಾಡುವ ಸಾಧನ, ಉಪಕರಣ",Machine,Yes,Darshan R K,2025-02-07 05:08:57
ಯಂತ್ರ,ಈ ಯಂತ್ರ ಪ್ರೇಮದ ಮೂಲದಲ್ಲಿ ಮನುಷ್ಯನ ಭೌತಿಕ ಅವಶ್ಯಕತೆಗಳನ್ನು ಅಧಿಕಾಧಿಕವಾಗಿ ತೃಪ್ತಗೊಳಿಸುವ ಭಾವನೆ ಅಡಕವಾಗಿದೆ.,"ಕೆಲಸ ಮಾಡುವ ಸಾಧನ, ಉಪಕರಣ",Machine,Yes,Darshan R K,2025-02-07 05:08:57
ಯಂತ್ರ,ಹಾಲು ಕರೆಯಲು ಯಂತ್ರ ಅಳವಡಿಸಿಕೊಂಡಿದ್ದಾರೆ.,"ಕೆಲಸ ಮಾಡುವ ಸಾಧನ, ಉಪಕರಣ",Machine,Yes,Darshan R K,2025-02-07 05:08:57
ಯಂತ್ರ,- ಯಂತ್ರ 4 GB ಯಲ್ಲಿ X5-Z8550 ರಾಮ್ ನಿರ್ಮಿಸಿದ ಫ್ಲಾಷ್ ಕ್ಯಾಮೆರಾ.,"ಕೆಲಸ ಮಾಡುವ ಸಾಧನ, ಉಪಕರಣ",Machine,Yes,Darshan R K,2025-02-07 05:08:57
ಯಂತ್ರ,ರೈತರಲ್ಲಿ ಆತಂಕ ತಂದ ಭೂ ಕೊರೆವ ಯಂತ್ರ,"ಕೆಲಸ ಮಾಡುವ ಸಾಧನ, ಉಪಕರಣ",Machine,Yes,Darshan R K,2025-02-07 05:08:57
ಯಂತ್ರ,ಹೊಲಿಗೆ ಯಂತ್ರ Janome ಮೆಮೊರಿ ಕ್ರಾಫ್ಟ್ 5200 ಹೊಂದಿಸಲಾಗುತ್ತಿದೆ ನಿರ್ವಹಣಾ ಸೂಚನೆಗಳನ್ನು ಕಟ್ಟುನಿಟ್ಟಾದ ಅನುಸರಣೆ ಅಗತ್ಯವಿದೆ.,"ಕೆಲಸ ಮಾಡುವ ಸಾಧನ, ಉಪಕರಣ",Machine,Yes,Darshan R K,2025-02-07 05:08:58
ಯಂತ್ರ,ಈ ಯಂತ್ರ ಇದು ಒಂದು ಅನನ್ಯ ಶೈಲಿ ಮತ್ತು ಪ್ರಬಲ ರ ಕಾಣಬಹುದು ಒಂದು ಸುಂದರ ಮತ್ತು ಪರಿಶುದ್ಧ ಕಾಣಿಸಿಕೊಳ್ಳುತ್ತಿದ್ದುದು ಹೊಂದಿತ್ತು.,"ಕೆಲಸ ಮಾಡುವ ಸಾಧನ, ಉಪಕರಣ",Machine,Yes,Darshan R K,2025-02-07 05:08:58
ಯಂತ್ರ,"ಆದ್ದರಿಂದ, ಸಮಸ್ಯೆಗಳನ್ನು ಸಂದರ್ಭದಲ್ಲಿ (ಇದು ತುಂಬಾ ಕಷ್ಟಕರವಾದುದು) ರಲ್ಲಿ, (ರಾಮ್ ಉದಾಹರಣೆಗೆ) ಒದಗಿಸಿದ ಲಕ್ಷಣಗಳನ್ನು ಸುಧಾರಿಸಲು ವರ್ಚುವಲ್ ಯಂತ್ರ ಸೆಟ್ಟಿಂಗ್ಗಳನ್ನು ಕೆಲಸ ಪ್ರಯತ್ನಿಸಿ, ಅಥವಾ.","ಕೆಲಸ ಮಾಡುವ ಸಾಧನ, ಉಪಕರಣ",Machine,Yes,Darshan R K,2025-02-07 05:08:58
ಯಂತ್ರ,"ಅದೇ ರೀತಿ ಪೆಟ್‍ಸ್ಕ್ಯಾನಿಂಗ್ ಯಂತ್ರ ಖರೀದಿಸಲು ಟೆಂಡರ್ ಪ್ರಕ್ರಿಯೆ ನಡೆಯುತ್ತಿದ್ದು, ಇನ್ನೊಂದು ವರ್ಷದಲ್ಲಿ ಅದೂ ಕೂಡ ಕಿದ್ವಾಯಿ ಆಸ್ಪತ್ರೆಯಲ್ಲಿ ಲಭ್ಯವಾಗಲಿದೆ ಎಂದು ಹೇಳಿದರು.","ಕೆಲಸ ಮಾಡುವ ಸಾಧನ, ಉಪಕರಣ",Machine,Yes,Darshan R K,2025-02-07 05:08:58
ಯಂತ್ರ,ಹತ್ತಿಯ ಕ್ಯಾಂಡಿ ಮಾಡುವ ಯಂತ್ರ - ಬಾಲ್ಯದ ಕನಸನ್ನು,"ಕೆಲಸ ಮಾಡುವ ಸಾಧನ, ಉಪಕರಣ",Machine,Yes,Darshan R K,2025-02-07 05:08:58
ಯಂತ್ರ,"ಇತ್ತೀಚೆಗೆ, ಅನೇಕ ಬ್ರಾಂಡ್ ಮೂಲಕ ಹೊಸ ಪವಾಡ ಪ್ರೀತಿಯ ಗೃಹಬಳಕೆಯ ವಸ್ತುಗಳು, ಶಾಪಿಂಗ್ ಮಾಲ್ ಗಳಲ್ಲಿ - ತೊಳೆಯುವ ಯಂತ್ರ ಸ್ಯಾಮ್ಸಂಗ್ ಡೈಮಂಡ್.","ಕೆಲಸ ಮಾಡುವ ಸಾಧನ, ಉಪಕರಣ",Machine,Yes,Darshan R K,2025-02-07 05:08:58
ಯಂತ್ರ,"ಹುಣಿಸೇಹಣ್ಣಿನ ನಾರು, ತೊಗಟೆ, ಬೀಜವನ್ನು ಪ್ರತ್ಯೇಕಿಸಲು ವಿಶೇಷವಾದ ಯಂತ್ರ ಬಳಸುತ್ತಿದ್ದರು.","ಕೆಲಸ ಮಾಡುವ ಸಾಧನ, ಉಪಕರಣ",Machine,Yes,Darshan R K,2025-02-07 05:08:58
ಯಂತ್ರ,* ಈ ಆ್ಯಪ್‌ ಬಳಕೆಗೆ ಬಂದ ನಂತರ ವ್ಯಾಪಾರಿಗಳು ಕಾರ್ಡ್‌ ಸ್ವೈಪಿಂಗ್ ಯಂತ್ರ (ಪಿಒಎಸ್‌ ಮೆಷಿನ್) ಬಳಸುವ ಅಗತ್ಯ ಇಲ್ಲ.,"ಕೆಲಸ ಮಾಡುವ ಸಾಧನ, ಉಪಕರಣ",Machine,Yes,Darshan R K,2025-02-07 05:08:58
ಯಂತ್ರ,"ಇದರಲ್ಲಿ ಅಭಿವೃದ್ಧಿ ಶಾಖೆ ಕ್ರಿಯಾತ್ಮಕ ಡಯಾಗ್ನೊಸ್ಟಿಕ್ ಎಕೋಕಾರ್ಡಿಯೋಗ್ರಫಿಯಲ್ಲಿ ಕೈಗೊಂಡ ಆಂತರಿಕ ಅಂಗಗಳ ಅಲ್ಟ್ರಾಸೌಂಡ್ ಪರೀಕ್ಷೆ, ದೈನಂದಿನ ಹೊಲ್ಟರ್ ಇಸಿಜಿ ಮತ್ತು ರಕ್ತದೊತ್ತಡದ ಮೇಲ್ವಿಚಾರಣೆಯ, ಸೈಕಲ್ ergometry, ಯಂತ್ರ ನಿಯಂತ್ರಣ ತಂತ್ರಾಂಶ ಮೇಲೆ ಕೇಂದ್ರ ಮತ್ತು ಬಾಹ್ಯ hemodynamics ಅಧ್ಯಯನ.","ಕೆಲಸ ಮಾಡುವ ಸಾಧನ, ಉಪಕರಣ",Machine,Yes,Darshan R K,2025-02-07 05:08:58
ಯಂತ್ರ,ಯಂತ್ರ ಉತ್ತಮ ನಿಯಂತ್ರಣ ಮತ್ತು ಬ್ರೇಕ್ ಪರಿಣಾಮಕಾರಿತ್ವವನ್ನು ಹೊಂದಿದೆ.,"ಕೆಲಸ ಮಾಡುವ ಸಾಧನ, ಉಪಕರಣ",Machine,Yes,Darshan R K,2025-02-07 05:08:58
ಯಂತ್ರ,ಈ ಯಂತ್ರ ನಾವು ಯಾರಿಗೆ ಮತದಾನ ಮಾಡಿದ್ದೇವೆ ಎನ್ನುವುದನ್ನು ಖಾತ್ರಿ ಪಡಿಸುತ್ತದೆ.,"ಕೆಲಸ ಮಾಡುವ ಸಾಧನ, ಉಪಕರಣ",Machine,Yes,Darshan R K,2025-02-07 05:08:58
ಯಂತ್ರ,ಈ ಯಂತ್ರ ಯುರೋಪಿನ ಮಾದರಿಯ ಬಹುತೇಕ ಗಮನಾರ್ಹವಾಗಿ ಕೀಳು.,"ಕೆಲಸ ಮಾಡುವ ಸಾಧನ, ಉಪಕರಣ",Machine,Yes,Darshan R K,2025-02-07 05:08:58
ಯಂತ್ರ,ಚಿಲ್ಲರೆ ನಾಣ್ಯಗಳ ಕೊರತೆ ನಿಗಿಸುವ ದಿಸೆಯಲ್ಲಿ ಕ್ವಾಯಿನ್ ಬಾಕ್ಸ್ ಯಂತ್ರ ಕೂಡಾ ಅಳವಡಿಸುವ ಭರವಸೆ ನೀಡಿದರು.,"ಕೆಲಸ ಮಾಡುವ ಸಾಧನ, ಉಪಕರಣ",Machine,Yes,Darshan R K,2025-02-07 05:08:58
ಯಂತ್ರ,ಈ ಉಪಕರಣಗಳು ನಿಯಮಿತ ಬಳಕೆಯು ನಿಶ್ಚಿತವಾಗಿ ಯಾವುದೇ ಒಗೆಯುವ ಯಂತ್ರ ಕಾರ್ಯಾಚರಣೆಯ ಜೀವಿತಾವಧಿಯಲ್ಲಿ ವಿಸ್ತರಣೆಗೊಳ್ಳಲಿದೆ.,"ಕೆಲಸ ಮಾಡುವ ಸಾಧನ, ಉಪಕರಣ",Machine,Yes,Darshan R K,2025-02-07 05:08:58
ಯಂತ್ರ,"ಬಾಂಬ್ ನಿಷ್ಕ್ರಿಯೆಗೊಳಿಸಲು ಒಂದು ನಾಯಿ, ಬಾಂಬ್ ನಿಷ್ಕ್ರಿಯೆ ತಂಡ, ಒಂದು ದೊಡ್ಡ ಯಂತ್ರ ಜತೆಗೆ ಒಂದಿಷ್ಟು ಜನರ ಪ್ರಾಣವನ್ನು ಪಣಕ್ಕಿಡಬೇಕು.","ಕೆಲಸ ಮಾಡುವ ಸಾಧನ, ಉಪಕರಣ",Machine,Yes,Darshan R K,2025-02-07 05:08:58
ಯಂತ್ರ,"ನಿಯಮದಂತೆ, ಮಾಲೀಕರಂತೆಯೇ ಆರಾಮ ರಚಿಸಲು ಸಾಧನಗಳ ವಿವಿಧ ಯಂತ್ರ ಸಜ್ಜುಗೊಳಿಸಲು ಪ್ರಯತ್ನಿಸುತ್ತಿದ್ದಾರೆ.","ಕೆಲಸ ಮಾಡುವ ಸಾಧನ, ಉಪಕರಣ",Machine,Yes,Darshan R K,2025-02-07 05:08:58
ಯಂತ್ರ,ಪ್ರಸ್ತುತ ಕೇವಲ 3 ಇಟಾಚಿ ಯಂತ್ರ ಬಳಕೆ ಮಾಡಿ ಎಡ ಹಾಗೂ ಬಲದಂಡೆ ನಾಲೆಗಳ ಸ್ವಚ್ಛತಾ ಕಾರ್ಯ ನಡೆಸಲಾಗುತ್ತಿದೆ.,"ಕೆಲಸ ಮಾಡುವ ಸಾಧನ, ಉಪಕರಣ",Machine,Yes,Darshan R K,2025-02-07 05:08:58
ಯಂತ್ರ,"ಗೋಚರತೆಯನ್ನು ಮತ್ತು ಕಾರ್ಯವನ್ನು ಈ ಆಟಿಕೆ ಪ್ರಸ್ತುತ ಹೊಲಿಗೆ ಯಂತ್ರ ಎಂದು, ಆದರೆ ಇದು ಸುಲಭ ಮತ್ತು ಸುರಕ್ಷಿತವಾಗಿದೆ.","ಕೆಲಸ ಮಾಡುವ ಸಾಧನ, ಉಪಕರಣ",Machine,Yes,Darshan R K,2025-02-07 05:08:58
ಯಂತ್ರ,ಆದರೆ ಹಾಲುಕರೆಯುವ ಯಂತ್ರ Доюшка ದೇಶೀಯ ಉತ್ಪಾದನೆಯ ಒಂದು ಗುಣಾತ್ಮಕ ಪರಿಣಾಮವಾಗಿದೆ.,"ಕೆಲಸ ಮಾಡುವ ಸಾಧನ, ಉಪಕರಣ",Machine,Yes,Darshan R K,2025-02-07 05:08:58
ಯಂತ್ರ,ನಮ್ಮ ಶಾಖೆಯಲ್ಲಿ ಹಣ ಎಣಿಸುವ ಒಂದೇ ಯಂತ್ರ ಇದೆ.,"ಕೆಲಸ ಮಾಡುವ ಸಾಧನ, ಉಪಕರಣ",Machine,Yes,Darshan R K,2025-02-07 05:08:58
ಯಂತ್ರ,"ಆದಾಗ್ಯೂ, ಹೊಲಿಗೆ ಯಂತ್ರ ಡೆನಿಮ್ ಜೊತೆ copes ಮತ್ತು ಹೊಸ್ಟೆಸ್ ಸಾಕಷ್ಟು ಹೊಲಿಗೆ ಕೌಶಲಗಳನ್ನು ವೇಳೆ, ನಿಮ್ಮ ಮತ್ತು ಎಲ್ಲರೂ ಮಾಡಬಹುದು.","ಕೆಲಸ ಮಾಡುವ ಸಾಧನ, ಉಪಕರಣ",Machine,Yes,Darshan R K,2025-02-07 05:08:58
ಯಂತ್ರ,ರೈತರಿಗೆ ಮೋಸವಾಗಬಾರದು ಎಂದು ಸರ್ಕಾರ ಎಲೆಕ್ಟ್ರಾನಿಕ್ಸ್ ತೂಕದ ಯಂತ್ರ ಅಳವಡಿಸಬೇಕು ಎಂದು ಕಡ್ಡಾಯ ಮಾಡಿದೆ.,"ಕೆಲಸ ಮಾಡುವ ಸಾಧನ, ಉಪಕರಣ",Machine,Yes,Darshan R K,2025-02-07 05:09:00
ಯಂತ್ರ,"ಆಡಳಿತ ಯಂತ್ರ ಸ್ವಲ್ಪ ಚುರುಕಾಗಿ ಕಾನೂನುಬಾಹಿರ ವ್ಯವಹಾರಗಳಿಗೆ ಕಡಿವಾಣ ಹಾಕಿ, ಸೂಕ್ತ ನಿಯಮಗಳನ್ನು ರೂಪಿಸಿ, ಅಳವಡಿಸಿದರೆ ಇದು ಬಗೆಹರಿಸಲಾಗದ ಸಮಸ್ಯೆಯೇನೂ ಅಲ್ಲ.","ಕೆಲಸ ಮಾಡುವ ಸಾಧನ, ಉಪಕರಣ",Machine,Yes,Darshan R K,2025-02-07 05:09:00
ಯಂತ್ರ,"ಈ ಹಾಳೆಗಳು ಯಂತ್ರ ತೊಳೆಯಬಹುದಾದವುಗಳಾಗಿದ್ದರೂ, ತಯಾರಕನು ತಣ್ಣನೆಯ ನೀರಿನಿಂದ ಶಾಂತ ಚಕ್ರವನ್ನು ಮತ್ತು ನೈಸರ್ಗಿಕ, ಸಸ್ಯ-ಆಧಾರಿತ ಲಾಂಡ್ರಿ ಮಾರ್ಜಕವನ್ನು ಬಳಸಲು ಶಿಫಾರಸು ಮಾಡುತ್ತಾರೆ.","ಕೆಲಸ ಮಾಡುವ ಸಾಧನ, ಉಪಕರಣ",Machine,Yes,Darshan R K,2025-02-07 05:09:01
ಯಂತ್ರ,"ಅಲ್ಲದೆ, ಹೆಚ್ಚಿನ ಸಂದರ್ಭಗಳಲ್ಲಿ, ಯಂತ್ರ ದುರಸ್ತಿ ಅಗತ್ಯವಿದೆ ಮಾಡಿದಾಗ, ಮಾಸ್ಟರ್ ಈ ಕ್ರಮದಲ್ಲಿ ವಿವಿಧ ಕಾರ್ಯವನ್ನು ಹೊಂದಿದೆ.","ಕೆಲಸ ಮಾಡುವ ಸಾಧನ, ಉಪಕರಣ",Machine,Yes,Darshan R K,2025-02-07 05:09:01
ಯಂತ್ರ,"ಅಮೇರಿಕವನ್ನು ಕಂಡಾಗ, ಅದರ ಸಂಪತ್ ಸಮೃದ್ಧಿ ಮತ್ತು ಯಂತ್ರ ವಿಜ್ಞಾನ ಪ್ರಗತಿಯನ್ನು ಮೆಚ್ಚಿಕೊಂಡರೂ ಅಲ್ಲಿನ ನಿಗ್ರೋಗಳನ್ನು ಅಮೇರಿಕನ್ನರು ನಡೆಸಿಕೊಳ್ಳುವ ಅಸ್ಪೃಶ್ಯ ನೀತಿಯನ್ನು ಮತ್ತು ಅಮೇರಿಕಾದ ಆದಿನಿವಾಸಿಗಳಿಗೆ ಒದಗಿದ ದುಃಸ್ಥಿತಿಯನ್ನು ಕುರಿತು ಇಂದಿಲ್ಲ ನಾಳೆಯಲ್ಲಿ ಪ್ರತಿಕ್ರಿಯೆಯನ್ನು ವ್ಯಕ್ತಪಡಿಸಿದ್ದಾರೆ.","ಕೆಲಸ ಮಾಡುವ ಸಾಧನ, ಉಪಕರಣ",Machine,Yes,Darshan R K,2025-02-07 05:09:01
ಯಂತ್ರ,ಇದು ಕೈಯಿಂದ ಹೊಲಿಗೆಗಳನ್ನು ಮರುರೂಪಗೊಳ್ಳುತ್ತದೆ ಆ ಹೊಲಿಗೆ ಯಂತ್ರ ಆವಿಷ್ಕಾರಕ್ಕೆ ಪೇಟೆಂಟ್ ಪಡೆದರು 1755 ಕಾರ್ಲ್ Veyzental ಮಾತ್ರ ಆಗಿತ್ತು.,"ಕೆಲಸ ಮಾಡುವ ಸಾಧನ, ಉಪಕರಣ",Machine,Yes,Darshan R K,2025-02-07 05:09:01
ಯಂತ್ರ,"ಮೊದಲನೆಯದಾಗಿ, ನಿಮ್ಮ ಸಾಮರ್ಥ್ಯಕ್ಕೆ ತಕ್ಕಂತೆ ಅತ್ಯಂತ ಸೂಕ್ತ ಯಂತ್ರ ಪೂರೈಸಲು ಸಾಧ್ಯವಿಲ್ಲ.","ಕೆಲಸ ಮಾಡುವ ಸಾಧನ, ಉಪಕರಣ",Machine,Yes,Darshan R K,2025-02-07 05:09:01
ಯಂತ್ರ,"ಇದು ದೀರ್ಘ ಸುಂದರ ಹುಡುಗಿಯರು ದೇವತೆಗಳ ಸಮನಾಗಿದೆ, ಅವರು ಈ ಯಂತ್ರ ಒಳಪಟ್ಟಿವೆ ಎಂದು ಭಾವಿಸಿದರು ಒಂದು ಮಾಯಾ ಕಾಣಿಕೆಯನ್ನು ಮಾಲೀಕರು ಕರೆಯಲಾಗುತ್ತದೆ.",ತಾಯಿತಿ,Amulet,Yes,Darshan R K,2025-02-07 05:09:37
ಯಂತ್ರ,ಮರಗಳು ಅವುಗಳನ್ನು ವಿವಿಧ ಗುಣಗಳನ್ನು ಅವಲಂಬಿಸಿದ ವಿವಿಧ ಸಾಂಕೇತಿಕ ಅರ್ಥಗಳನ್ನು ಕೊಡುವುದು ಮತ್ತು ಅವುಗಳನ್ನು ತಾಯತಗಳನ್ನು ಮತ್ತು ಯಂತ್ರ ಉತ್ಪಾದಿಸಲಾಗುತ್ತದೆ.,ತಾಯಿತಿ,Amulet,Yes,Darshan R K,2025-02-07 05:09:37
ಯಂತ್ರ,"ಇದಲ್ಲದೆ, ಅನನ್ಯ ಕಥೆ ಮಣಿಗಳು, ಯಂತ್ರ ಸೃಷ್ಟಿಸಲಾಯಿತು,, ಆಕರ್ಷಕ ರೀತಿಯಲ್ಲಿ ತನ್ನ ಆಕರ್ಷಕ ಸ್ವಾಮ್ಯತೆ ಒದಗಿಸಲು ಸ್ನೇಹಿತರ ವಲಯದಲ್ಲಿ ಇದನ್ನು ಆಯ್ಕೆ ಸಾಧ್ಯವಾಗುತ್ತದೆ.",ತಾಯಿತಿ,Amulet,Yes,Darshan R K,2025-02-07 05:09:37
ಯಂತ್ರ,"ಇತ್ತೀಚೆಗಂತೂ, ನಾನಾ ಬಗೆಯ ರೋಗ-ರುಜಿನಗಳವರೂ ಬಂದು, ಸಿದ್ಧರಾಮಯ್ಯನವರು ಬೂದಿ ಮಂತ್ರಿಸಿ ಕೊಟ್ಟರೆ, ಯಂತ್ರ ಬರೆದು ಕೊಟ್ಟರೆ ತಮ್ಮ ರೋಗಗಳು ಗುಣವಾಗುತ್ತವೆಯೆಂದೂ ಪೀಡಿಸತೊಡಗಿದರು.",ತಾಯಿತಿ,Amulet,Yes,Darshan R K,2025-02-07 05:09:37
ಯಜಮಾನ,ಜೊತೆಗೆ ಮನೆಯ ಯಜಮಾನ ನಿಧನ ಹೊಂದಿದರೆ ಆ ಕುಟುಂಬಕ್ಕೆ ರಾಷ್ಟ್ರೀಯ ಕುಟುಂಬ ಯೋಜನೆಯಡಿ 25 ಸಾವಿರದಿಂದ 50 ಸಾವಿರ ರೂ.,ಕುಟುಂಬದ ಮುಖ್ಯಸ್ಥ,Head of the family,Yes,Darshan R K,2025-02-02 17:26:11
ಯಜಮಾನ,"ಹೀಗಾಗಿ ಇದೀಗ ಬಯೋ ಮೆಟ್ರಿಕ್ ದಾಖಲಾತಿಯ ಸಂದರ್ಭದಲ್ಲಿ ಆಹಾರ ಮತ್ತು ನಾಗರೀಕ ಪೂರಕೇ ಇಲಾಖೆಯ ಅಧಿಕಾರಿಗಳು ಸೂಚಿಸಿದಂತೆ, ಕುಟುಂಬದ ಯಜಮಾನ ತಂದೆ, ಮಗನಿದ್ದ ಸ್ಥಾನಕ್ಕೆ, ಯಜಮಾನಿಯಾಗಿ ಮಹಿಳೆಯನ್ನು ಸೂಚಿಸಲಾಗುತ್ತಿದೆ.",ಕುಟುಂಬದ ಮುಖ್ಯಸ್ಥ,Head of the family,Yes,Darshan R K,2025-02-02 17:26:11
ಯಜಮಾನ,ಈ ಪ್ರಕರಣದಲ್ಲಿ ಮನೆಯ ಯಜಮಾನ ಮತ್ತು ಈ ಸಾಮೂಹಿಕ ಆತ್ಮಹತ್ಯೆ ಪ್ರಕರಣದ ರೂವಾರಿ ಎನ್ನಲಾಗುತ್ತಿರುವ ಲಲಿತ್ ಭಾಟಿಯಾ ತಮ್ಮ ನಂಬಿಕೆಗಳನ್ನು ಕುಟುಂಬದ ಇತರ ಸದಸ್ಯರಿಗೆ ವರ್ಗಾಯಿಸಿದ್ದಾರೆ ಎನ್ನಲಾಗುತ್ತಿದೆ!,ಕುಟುಂಬದ ಮುಖ್ಯಸ್ಥ,Head of the family,Yes,Darshan R K,2025-02-02 17:26:11
ಯಜಮಾನ,ಈ ಬಗೆಯ ಪ್ಯಾನ್ ಕಾರ್ಡ್ ಗೆ ಅರ್ಜಿ ಸಲ್ಲಿಸುವವರು ಅಥವಾ ಕುಟುಂಬದ ಯಜಮಾನ ಎಲ್ಲ ದಾಖಲೆಗಳನ್ನು ನೀಡಬೇಕಾಗುತ್ತದೆ.,ಕುಟುಂಬದ ಮುಖ್ಯಸ್ಥ,Head of the family,Yes,Darshan R K,2025-02-02 17:26:11
ಯಜಮಾನ,": ನಗರ ಪ್ರತಿಷ್ಠಿತ ಬಡಾವಣೆಗಳಲ್ಲಿ ಗಣತಿದಾರು ಹೋದಾಗ ಬಹುತೇಕ ಮನೆಗಳಲ್ಲಿ ಮಹಿಳೆಯರು, ಮಕ್ಕಳು ಮಾತ್ರ ಇದ್ದು, ಮನೆಯ ಯಜಮಾನ ಇರುತ್ತಿರಲಿಲ್ಲ.",ಕುಟುಂಬದ ಮುಖ್ಯಸ್ಥ,Head of the family,Yes,Darshan R K,2025-02-02 17:26:11
ಯಜಮಾನ,ಯಜಮಾನ ಹೇಳಿದ ಮೇಲೆ ಒಪ್ಪಲೇಬೇಕು ಅಲ್ಲವೇ ?,ಕುಟುಂಬದ ಮುಖ್ಯಸ್ಥ,Head of the family,Yes,Darshan R K,2025-02-02 17:26:11
ಯಜಮಾನ,"ನಿಯತಿಯ ಆಣತಿಗೆ ತಲೆಬಾಗುವ ನಂಬಿಕೆ ಇಲ್ಲದೆ ದೈವತ್ವದ ಕಲ್ಪನೆ ಉಳಿಯುವುದು ಸಾಧ್ಯವಿಲ್ಲವಾದಂತೆ, ಪಿತೃಭಕ್ತಿ ಇಲ್ಲದೆ ಪಿತೃಪ್ರಧಾನ ಕೌಟುಂಬಿಕೆ ವ್ಯವಸ್ಥೆ ಉಳಿಯುವುದು ಕಷ್ಟಸಾಧ್ಯ; ಭಾರತದಲ್ಲಿ ಇಂದಿಗೂ ಚಾಲತಿಯಲ್ಲಿರುವ ಹಿರಿಯ ಗಂಡು ಮಗ ಪ್ರಧಾನವಾದ ಯಜಮಾನ ಸಂಸ್ಕೃತಿಯ ಆಗಮನ ಕಾಲದ ಸಂಘರ್ಷವನ್ನು ರಾಮಾಯಣ ತನ್ನ ವಸ್ತುವನ್ನಾಗಿ ಆರಿಸಿಕೊಂಡಂತೆ ಕಾಣುತ್ತದೆ; ಅಥವಾ ಅದರ ಪ್ರತಿಫಲನವನ್ನು ಅಲ್ಲಿ ಕಾಣಬಹುದಾಗಿದೆ.",ಕುಟುಂಬದ ಮುಖ್ಯಸ್ಥ,Head of the family,Yes,Darshan R K,2025-02-02 17:26:11
ಯಜಮಾನ,ಮನೆಯ ಯಜಮಾನ ಪಾಪ ತೀರಿಕೊಂಡಾಗ ಎರಡನೆಯ ಹೆಂಡತಿಯು ಕೊನೆಯ ದಿನದ ಕಲಾಪಕ್ಕೆ ಜನರನ್ನು ಕರೆದಿದ್ದರು.,ಕುಟುಂಬದ ಮುಖ್ಯಸ್ಥ,Head of the family,Yes,Darshan R K,2025-02-02 17:26:11
ಯಜಮಾನ,ಮನೆಯ ಯಜಮಾನ ಪರಿಸ್ಥಿತಿ ಶೋಚನೀಯವಾಗಿದ್ದರೂ ಆತನಿಗೆ ತನ್ನ ಸ್ಥಿತಿ ಅರಿವಾಗುತ್ತಿಲ್ಲ.,ಕುಟುಂಬದ ಮುಖ್ಯಸ್ಥ,Head of the family,Yes,Darshan R K,2025-02-02 17:26:11
ಯಜಮಾನ,ಒಂದು ಮನೆಗೆ ಒಬ್ಬ ಯಜಮಾನ ಇರುತ್ತಾನೆ.,ಕುಟುಂಬದ ಮುಖ್ಯಸ್ಥ,Head of the family,Yes,Darshan R K,2025-02-02 17:26:11
ಯಜಮಾನ,"ಮನೆ ಯಜಮಾನ ಗ್ರಾಮ ಪಂಚಾಯ್ತಿಯ ಸರಪಂಚ್, ಆತನ ಪತ್ನಿ, ತಾಯಿ, ಸಹೋದರ ಮತ್ತು ಆತನ ಪತ್ನಿ ಇವರೆಲ್ಲರೂ ಆ ಗ್ರಾಮ ಪಂಚಾಯಿತಿ ಸದಸ್ಯರು….",ಕುಟುಂಬದ ಮುಖ್ಯಸ್ಥ,Head of the family,Yes,Darshan R K,2025-02-02 17:26:11
ಯಜಮಾನ,ಆದರೆ ಜವಾಬ್ದಾರಿಯನ್ನು ತೋರಿಸಬೇಕಾದ ಮನೆಯ ಯಜಮಾನ ನಾಯಕತ್ವ ವಹಿಸಲು ವಿಫಲರಾಗಿದ್ದಾರೆ ಎಂದು ಕೇಂದ್ರ ಸರಕಾರವನ್ನು ಟೀಕಿಸಿದರು.,ಕುಟುಂಬದ ಮುಖ್ಯಸ್ಥ,Head of the family,Yes,Darshan R K,2025-02-02 17:26:11
ಯಜಮಾನ,ಬಯೋಮೆಟ್ರಿಕ್‍ನಲ್ಲಿ ತಂಬ್ ನೀಡಲು ಮನೆಯ ಯಜಮಾನ ಜೊತೆಗೆ ಮತ್ತೊಬ್ಬ ಸದಸ್ಯನಿಗೂ ಅವಕಾಶ ನೀಡಲಾಗುವುದು ಎಂದು ತಿಳಿಸಿದರು.,ಕುಟುಂಬದ ಮುಖ್ಯಸ್ಥ,Head of the family,Yes,Darshan R K,2025-02-02 17:26:11
ಯಜಮಾನ,"ಹೆಂಡತಿ ಮಾತನ್ನು ನಾನೇಕೆ ಕೇಳಬೇಕು, ನಾನು ಮನೆ ಯಜಮಾನ ಎಂಬಂತಹ ಒಣ ಪ್ರತಿಷ್ಠೆಗಳು ಬದುಕನ್ನು ಕಟ್ಟಿಕೊಡಲು ಸಹಕರಿಸುವುದಿಲ್ಲ.",ಕುಟುಂಬದ ಮುಖ್ಯಸ್ಥ,Head of the family,Yes,Darshan R K,2025-02-02 17:26:11
ಯಜಮಾನ,ಕುಟುಂಬದ ಯಜಮಾನ ಪುರುಷನೇ ಇರುತ್ತಾನೆ.,ಕುಟುಂಬದ ಮುಖ್ಯಸ್ಥ,Head of the family,Yes,Darshan R K,2025-02-02 17:26:11
ಯಜಮಾನ,ಈ ಪ್ರಕರಣದಲ್ಲಿ ಮನೆಯ ಯಜಮಾನ ಲಲಿತ್ ಬಾಟಿಯಾ ಅವರಿಗೆ ಶೇರ್ಡ್ ಸೈಕೋಟಿಕ್ ಡಿಸಾರ್ಡರ್ ಇದ್ದಿರಬಹುದು.,ಕುಟುಂಬದ ಮುಖ್ಯಸ್ಥ,Head of the family,Yes,Darshan R K,2025-02-02 17:26:11
ಯಜಮಾನ,ನಡುರಾತ್ರಿಯಲ್ಲಿ ಸಿಸಿ ಟಿವಿ ದೃಶ್ಯ ನೋಡಿ ಬೆಚ್ಚಿಬಿದ್ದಿದ್ದ ಮನೆ ಯಜಮಾನ | Kannada Dunia | Kannada News | Karnataka News | India News,ಕುಟುಂಬದ ಮುಖ್ಯಸ್ಥ,Head of the family,Yes,Darshan R K,2025-02-02 17:26:11
ಯಜಮಾನ,ಗುರುವಾರ ಮಧ್ಯಾಹ್ನ ಕಿನ್ಯ ತಟ್ಟಾಜೆ ಬಳಿ ಸಿಡಿಲು ಬಡಿದು ಮನೆಯ ಯಜಮಾನ ಗಾಯಗೊಂಡ ಘಟನೆ ಸಂಭವಿಸಿದೆ.,ಕುಟುಂಬದ ಮುಖ್ಯಸ್ಥ,Head of the family,Yes,Darshan R K,2025-02-02 17:26:11
ಯಜಮಾನ,"ಇರುವುದನ್ನು ಮನೆಯ ಯಜಮಾನ ಎಲ್ಲರಿಗೂ ನ್ಯಾಯೋಚಿತವಾಗಿ ಹಂಚಿ, ಎಲ್ಲರನ್ನೂ ಸಮಾನವಾಗಿ ಕಂಡು, ಯಾರ ಬಳಿಯೂ ಕೈ ಚಾಚದೆ ಮನೆಯ ಮರ್ಯಾದೆ ಮುಕ್ಕಾಗದಂತೆ ನೀಸಬೇಕು.",ಕುಟುಂಬದ ಮುಖ್ಯಸ್ಥ,Head of the family,Yes,Darshan R K,2025-02-02 17:26:11
ಯಜಮಾನ,ಮನೆಯ ಯಜಮಾನ ತಂದೆಯೇ.,ಕುಟುಂಬದ ಮುಖ್ಯಸ್ಥ,Head of the family,Yes,Darshan R K,2025-02-02 17:26:11
ಯಜಮಾನ,"ರಬ್ಬರ್ ಪ್ಲಾಂಟೇಶನ್ ಹೊಂದಿದ್ದ ಕುಟುಂಬದ ಯಜಮಾನ ಕೃಷ್ಣನ್, ಮಾಟಮಂತ್ರವನ್ನೂ ಮಾಡುತ್ತಿದ್ದರು.",ಕುಟುಂಬದ ಮುಖ್ಯಸ್ಥ,Head of the family,Yes,Darshan R K,2025-02-02 17:26:11
ಯಜಮಾನ,"ಮನೆಯ ಯಜಮಾನ ಬ್ರಹ್ಮರಾಕ್ಷಸ, ದೆವ್ವ ಭೂತಗಳು ಪರಿವಾರಗಳು ಎಂದು ಲೇವಡಿ ಮಾಡಿದರು.",ಕುಟುಂಬದ ಮುಖ್ಯಸ್ಥ,Head of the family,Yes,Darshan R K,2025-02-02 17:26:11
ಯಜಮಾನ,ಆ ಸಮಯದಲ್ಲಿ ಕುಟುಂಬದ ಯಜಮಾನ ಕ್ಯಾನ್ಸರ್‌ಗೆ ತುತ್ತಾದರು.,ಕುಟುಂಬದ ಮುಖ್ಯಸ್ಥ,Head of the family,Yes,Darshan R K,2025-02-02 17:26:11
ಯಜಮಾನ,ಒಂದು ಮನೆಯ ಯಜಮಾನ ವಿದೇಶದಲ್ಲಿದ್ದ.,ಕುಟುಂಬದ ಮುಖ್ಯಸ್ಥ,Head of the family,Yes,Darshan R K,2025-02-02 17:26:11
ಯಜಮಾನ,ಆ ಮನೆಯ ಯಜಮಾನ ತೀರಿ 22 ವರ್ಷಗಳೇ ಗತಿಸಿವೆ.,ಕುಟುಂಬದ ಮುಖ್ಯಸ್ಥ,Head of the family,Yes,Darshan R K,2025-02-02 17:26:11
ಯಜಮಾನ,…ಶುಭ ಕಾರ್ಯಗಳಲ್ಲಿ ನಾಲ್ಕು ಮಾತುಗಳ ಭಾವಾನಾತ್ಮಕ ಪ್ರಾರ್ಥನೆಯನ್ನು ಮನೆಯ ಯಜಮಾನ ಅಥವಾ ಇತರರು ನಡೆಸಿಕೊಡಬೇಕಾದ ಸಂದರ್ಭಗಳು ಉದ್ಭವಿಸುವುದು.,ಕುಟುಂಬದ ಮುಖ್ಯಸ್ಥ,Head of the family,Yes,Darshan R K,2025-02-02 17:26:11
ಯಜಮಾನ,ಪುನಃ ಸಾಯಂಕಾಲ ಐದು ಗಂಟೆಯ ನಂತರ ಮನೆಯ ಯಜಮಾನ ಸ್ನಾನ ಮಾಡಿ ಮಡಿಯುಟ್ಟು ದೀಪ ಹಚ್ಚಿ ಮಂತ್ರ ಹೇಳುತ್ತ ಗೌರಿ ಕಲಶದ ನೀರಿನಿಂದ ದೇವರಿಗೆ ಅಭಿಶೇಕ ಮಾಡಿ ಪೂಜೆ ಮಾಡುತ್ತಿದ್ದರು.,ಕುಟುಂಬದ ಮುಖ್ಯಸ್ಥ,Head of the family,Yes,Darshan R K,2025-02-02 17:26:11
ಯಜಮಾನ,"ಮನೆಯ ಯಜಮಾನ ಹೇಳಿದ, ಗೆಳೆಯಾ, ನೀನು ಬಾಗಿಲು ಬಡಿದಾಗಲೂ ನನ್ನ ಹೆಂಡತಿ ಅದನ್ನೇ ಹೇಳಿದ್ದಳು.",ಕುಟುಂಬದ ಮುಖ್ಯಸ್ಥ,Head of the family,Yes,Darshan R K,2025-02-02 17:26:11
ಯಜಮಾನ,ನನ್ನ ಯಜಮಾನ ನನ್ನನ್ನು ರಾಣಿಯ ಹಾಗೆ ಇರಿಸಿದ್ದಾನೆ.,"ಗಂಡ, ಪತಿ, ಮದುವೆಯಾದವ, ಇನಿಯ",Husband,Yes,Darshan R K,2025-02-02 17:31:29
ಯಜಮಾನ,ನನಗೆ ಭಾವನಾಗಿರತಕ್ಕಂಥವರು ತಂದೆ ಸಮಾನವಲ್ಲವೇ ಯಜಮಾನ,"ಗಂಡ, ಪತಿ, ಮದುವೆಯಾದವ, ಇನಿಯ",Husband,Yes,Darshan R K,2025-02-02 17:31:29
ಯಜಮಾನ,ಹೊಸದರಲ್ಲಿ ಯಜಮಾನ ನನ್ನನ್ನು ಚೆನ್ನಾಗಿಯೇ ನೋಡಿಕೊಂಡ.,"ಗಂಡ, ಪತಿ, ಮದುವೆಯಾದವ, ಇನಿಯ",Husband,Yes,Darshan R K,2025-02-02 17:31:29
ಯಜಮಾನ,"ಸಾವಿನ ನಂತರವೂ ಯಜಮಾನ ಅದೇ ಪ್ರೀತಿ ತೋರಿದ್ದು, ಸಕಲ ವಿಧಿ ವಿಧಾನಗಳ ಮೂಲಕ ಅಂತ್ಯಕ್ರಿಯೆ ನೆರವೇರಿಸಿದ್ದಾರೆ.","ಗಂಡ, ಪತಿ, ಮದುವೆಯಾದವ, ಇನಿಯ",Husband,Yes,Darshan R K,2025-02-02 17:31:29
ಯಜಮಾನ,ಒಳಗಿದ್ದ ಮನೆಯ ಯಜಮಾನ ಬನ್ನಿ ಬನ್ನಿ ಎಂದು ಗಂಡನನ್ನು ಒಳಗೆ ಕರೆದರು.,"ಗಂಡ, ಪತಿ, ಮದುವೆಯಾದವ, ಇನಿಯ",Husband,Yes,Darshan R K,2025-02-02 17:31:29
ಯಜಮಾನ,"ನಾಟಕದ ಆರಂಭದಲ್ಲಿ ಬಾಗಿಲೆಳೆದು ಮುಚ್ಚುವ ಮನೆಯ ಯಜಮಾನ ಮನೆಯೊಡತಿಯ ಬಳಿ ಸಾರಿ, ಆಕೆಯ ಕೈಯಲ್ಲಿರುವ ಹಸುಗೂಸಿನೆಡೆಗೆ ದೃಷ್ಟಿ ಹರಿಸಿ ಅಲ್ಲಿಂದಾಚೆ ದೂರ ಮೂಲೆಯ ಕುರ್ಚಿಯೆಡೆಗೆ ಸರಿದು ಪತ್ರಿಕೆ ಹಿಡಿದು ಓದುತ್ತ, ನಗುತ್ತ, ಮತ್ತೆ ಮರಳಿ ಊಟದ ಮೇಜಿನ ಬಳಿ ಸರಿದು ಕುಳಿತುಕೊಳ್ಳುತ್ತ, ಪೋಕರಿಯಾಡುವ ಮಗನನ್ನು ಗದರುತ್ತ…… ಇವಿಷ್ಟೂ ಮೌನವಾಗಿ; ಆದರೆ ಮೌನವೇ ಅಲ್ಲವೆಂಬಷ್ಟು ಮನಮೋಹಕವಾಗಿ ಜರಗುವ ವೇಳೆ, ಸಮಾನಾಂತರವಾಗಿ ಇನ್ನೊಂದೆಡೆ-ಸಾವಿನ ವಿವರ ತಿಳಿದ ಆ ಆಗಂತುಕರ ಆಂಗಿಕ ಸಂಭಾಷಣೆಗಳು ನಡೆಯುತ್ತಿರುತ್ತವೆ.","ಗಂಡ, ಪತಿ, ಮದುವೆಯಾದವ, ಇನಿಯ",Husband,Yes,Darshan R K,2025-02-02 17:31:29
ಯಜಮಾನ,"ಈ ರೂಮ್ ಬಾಯ್ ಯಾವಾಗ ಬಂದ ಗೊತ್ತಾಗದು) ಗೌಡರ ಬ್ರಾಂದಿ ದಾಹವನ್ನೂ, ನಡತೆಯನ್ನೂ ಖಂಡಿಸಿ ನಿಂದಿಸಿ ಯೋಚಿಸಿದನಂತೆ – ಯಜಮಾನ ಆ ಹೋಟಲಿಗೆ ಯಜಮಾನ ತಮಗೆ ಅನ್ನ ಕೊಟ್ಟವರು, ಅವರ ಬಗ್ಗೆ ದುರಾಲೋಚನೆ ನಡೆಸುವುದೆ ತಪ್ಪು.",ಮಾಲೀಕ,Owner,Yes,Darshan R K,2025-02-02 17:54:29
ಯಜಮಾನ,ಅವನು ಯಜಮಾನ ಹೇಳಿದ ಸುದ್ದಿಯನ್ನು ಕೇರಿಯಲ್ಲಿ ಸಾರುವುದು ಮತ್ತು ಬೇಕಾದವರನ್ನು ಕರೆದುಕೊಂಡು ಬರುವ ಕೆಲಸ ಮಾಡುತ್ತಿದ್ದನು.,ಮಾಲೀಕ,Owner,Yes,Darshan R K,2025-02-02 17:54:29
ಯಜಮಾನ,ಈ ದೃಶ್ಯ ಕಂಡು ಕೆಂಡಾಮಂಡಲನಾದ ಕಾರಿನ ಯಜಮಾನ ರಂಗಾಯಣರಘು ಮೇಲೆ ಹೌಹಾರುತ್ತಾನೆ.,ಮಾಲೀಕ,Owner,Yes,Darshan R K,2025-02-02 17:54:29
ಯಜಮಾನ,"ಇಲ್ಲಿ ಎಸ್ಟೇಟ್ ಸಂಸ್ಕೃತಿ ಯಜಮಾನ ಸಂಸ್ಕೃತಿ, ಹೈಟೆಕ್ ಸಂಸ್ಕೃತಿ ಮುಂತಾದ ಮಾತುಗಳು ಬಂದವು.",ಮಾಲೀಕ,Owner,Yes,Darshan R K,2025-02-02 17:54:29
ಯಜಮಾನ,"ಚಿತ್ರದಲ್ಲಿ ಯಜಮಾನ ಹಾಗೂ ವಾಹನ ಚಾಲಕನ ಸಂಬಂಧ ನಿತ್ಯ ಜೀವನದಲ್ಲಿ ಹೇಗಿರುತ್ತದೆ ಎಂದು ಪ್ರಸ್ತಾಪಿಸುತ್ತಾ, ಜೀವನದ ಅನೇಕ ಸ್ತರಗಳ ಪರಿಚಯ ಮಾಡಿ ಕೊಡಲಾಗುತ್ತಿದೆ.",ಮಾಲೀಕ,Owner,Yes,Darshan R K,2025-02-02 17:54:29
ಯಜಮಾನ,ಸಹಕಾರಿ ಸಂಘವು ಯಜಮಾನ ಕೊಡುವ ದರಕ್ಕಿಂತ ಹೆಚ್ಚಿನದರ ಕೊಡುವ ಪದ್ಧತಿ ಮುಂದುವರೆಯಬೇಕು.,ಮಾಲೀಕ,Owner,Yes,Darshan R K,2025-02-02 17:54:29
ಯಜಮಾನ,"ತಗ್ಗುಬಿದ್ದ ರಸ್ತೆಗಳಲ್ಲಿ ಮನುಷ್ಯರೇ ಕಾರುಗಳನ್ನು ಓಡಿಸಲು ಕಷ್ಟಪಡಬೇಕಾದ ಇಂದಿನ ದಿನಗಳಲ್ಲಿ ಸಾಕು ನಾಯಿಯೊಂದು ಸಲೀಸಾಗಿ ಕಾರು ಓಡಿಸುತ್ತಿರುವ ವಿಡಿಯೋ ಒಂದು ಸಾಮಾಜಿಕ ಜಾಲತಾಣಗಳಲ್ಲಿ ಸಿಕ್ಕಾಪಟ್ಟೆ ವೈರಲ್ ಆಗಿದ್ದು, ತನ್ನ ಯಜಮಾನ ಜೊತೆ ಹಾಯ್ ಆಗಿ ಕಾರು ಓಡಿಸುತ್ತಿರುವ ನಾಯಿಗೆ ಫಿದಾ ಆಗದವರು ಯಾರಿದ್ದಾರೆ ಹೇಳಿ.",ಮಾಲೀಕ,Owner,Yes,Darshan R K,2025-02-02 17:54:29
ಯಜಮಾನ,"ಆಗ ಕತ್ತೆಯು, ನನ್ನ ಯಜಮಾನ ಒಗೆದ ಮೂಟೆಗಟ್ಟಲೆ ಬಟ್ಟೆಯನ್ನು ನಾನು ನನ್ನ ಬೆನ್ನ ಮೇಲೆ ಹೊತ್ತುಕೊಂಡು ಪೇಟೆಗೆ ಹೋಗಬೇಕು.",ಮಾಲೀಕ,Owner,Yes,Darshan R K,2025-02-02 17:54:29
ಯಜಮಾನ,"ಹಾಗೆಂದು ವಿಸಾ ಕಾರ್ಡ್‌ನ ಹೆಡ್‌ಕ್ವಾರ್ಟರ್ಸ್ ಎಲ್ಲಿದೆ, ಯಾರು ಅದನ್ನು ಆರಂಭಿಸಿದರು, ಅದನ್ನು ನಿಯಂತ್ರಿಸುವವರು ಯಾರು, ಅದರ ಷೇರುಗಳನ್ನು ಖರೀದಿಸುವುದು ಎಲ್ಲಿ, ಅದರ ಯಜಮಾನ ಯಾರು ಅಂತ ಕೇಳಿ.",ಮಾಲೀಕ,Owner,Yes,Darshan R K,2025-02-02 17:54:29
ಯಜಮಾನ,"ಅವುಗಳ ಯಜಮಾನ ಮತ್ತು ಅವನು, ಅವುಗಳ ಗುಲಾಮರಲ್ಲ.",ಮಾಲೀಕ,Owner,Yes,Darshan R K,2025-02-02 17:54:30
ಯಜಮಾನ,ತಂಡದ ಯಜಮಾನ ಧೋನಿ ಮೊನ್ನೆ ಚೆಪಾಕ್ ಅಂಗಳಕ್ಕೆ ಬಂದಾಗ ಧೋನಿಗೆ ಅದ್ದೂರಿ ಸ್ವಾಗತ ಸಿಕ್ಕಿತ್ತು.,ಮಾಲೀಕ,Owner,Yes,Darshan R K,2025-02-02 17:54:30
ಯಜಮಾನ,ಅಮೆರಿಕ ಅಧ್ಯಕ್ಷರಾಗಲು ತಯಾರಿ ನಡೆಸುತ್ತಿದ್ದಾರಾ ಫೇಸ್ಬುಕ್ ಯಜಮಾನ ಮಾರ್ಕ್ ಜುಕರ್ಬರ್ಗ್?,ಮಾಲೀಕ,Owner,Yes,Darshan R K,2025-02-02 17:54:30
ಯಜಮಾನ,ಯಜಮಾನ ಗೋಸಾಯಿಗೆ ಎರಡು ಸಾವಿರ ರೂಪಾಯಿ ಕೊಡುತ್ತೇವೆ ಎಂದು ನಾವು ಒಪ್ಪಿಕೊಂಡಿದ್ದೇವೆ.,ಮಾಲೀಕ,Owner,Yes,Darshan R K,2025-02-02 17:54:30
ಯಜಮಾನ,ಅರ್ಚಕ ಬುಡಕಟ್ಟಿನ ಯಜಮಾನ ಅಥವಾ ಯಾವುದೇ ಒಬ್ಬ ವ್ಯಕ್ತಿಯ ಮೈಯಲ್ಲಿ ದೇವರು ಪ್ರವೇಶ ಮಾಡುವುದು ಮೈದುಂಬುವುದು.,ಮಾಲೀಕ,Owner,Yes,Darshan R K,2025-02-02 17:54:30
ಯಜಮಾನ,ಮನೆಯ ಯಜಮಾನ ಬಳೆಕೆಂಪ ಆಧುನಿಕ ಕಾಲದ ಬಳೆಗಾರ.,ಮಾಲೀಕ,Owner,Yes,Darshan R K,2025-02-02 17:54:30
ಯಜಮಾನ,"ಅಲ್ಲದೆ, ತಾಲ್ಲೂಕಿನ ಸಾಲುಕೊಪ್ಪಲು ಗ್ರಾಮದ ಯಜಮಾನ ಅಣ್ಣೇಗೌಡ ಎಂಬುವವರ ₹ 1.",ಮಾಲೀಕ,Owner,Yes,Darshan R K,2025-02-02 17:54:30
ಯಜಮಾನ,"ಕಳ್ಳ ಕಾಯುತ್ತಿದ್ದಾನೆ, ಕಾಯುತ್ತಲೇ ಇದ್ದಾನೆ ಮನೆಯ ಯಜಮಾನ ಮಲಗಲೆಂದು.",ಮಾಲೀಕ,Owner,Yes,Darshan R K,2025-02-02 17:54:30
ಯಜಮಾನ,ಯಜಮಾನ ಮೂಲೆ­ಯಲ್ಲಿದ್ದ ಬಟ್ಟೆಯನ್ನು ತೆಗೆದು­ಕೊಂಡು ಅದರ ಮೈ ಒರೆಸಿದ.,ಮಾಲೀಕ,Owner,Yes,Darshan R K,2025-02-02 17:54:30
ಯಜಮಾನ,ಕತ್ತೆಯ ಯಜಮಾನ ಎಲ್ಲಿ ಹೋದನೋ?,ಮಾಲೀಕ,Owner,Yes,Darshan R K,2025-02-02 17:54:30
ಯಜಮಾನ,"ಯಜಮಾನ ಇದು ಫ್ಲಾಶ್ ಸಹಾಯದಿಂದ ಮಾಡಲಾಗುತ್ತದೆ ವೇಳೆ, ಇದು.",ಮಾಲೀಕ,Owner,Yes,Darshan R K,2025-02-02 17:54:30
ಯಜಮಾನ,ಎನ್ನುತ್ತ ಅಂಗಡಿಯ ಯಜಮಾನ ಪಾಲಿಷ್‌ನ ಡಬ್ಬಿಯನ್ನು ಆತನ ಎದುರಿಗಿರಿಸಿದ.,ಮಾಲೀಕ,Owner,Yes,Darshan R K,2025-02-02 17:54:30
ಯಜಮಾನ,"ಅದನ್ನು ಜಗ್ಗುತ್ತಾ ಹೋದರೆ, ಆ ವಾಡೆಯ ಯಜಮಾನ ಯಾವ ಜಾತಿಯವರನ್ನು ವಾಡೆಯ ಎಲ್ಲಿವರೆಗೆ ಬಿಟ್ಟುಕೊಳ್ಳುತ್ತಿದ್ದರು, ಒಳಾಂಗಣದ ಕಟ್ಟೆಯ ಮೇಲೆ ಯಾವ ಜಾತಿಯವರಿಗೆ ಮಣೆ ಹಾಕುತ್ತಿದ್ದರು, ಸ್ವಜಾತಿ ಆತ್ಮೀಯರನ್ನು ದೇವರ ಮನೆ ತನಕ ಬಿಟ್ಟುಕೊಳ್ಳುತ್ತಿದ್ದರೇ?",ಮಾಲೀಕ,Owner,Yes,Darshan R K,2025-02-02 17:54:30
ಯಜಮಾನ,"ಇದೇ ಸಂದರ್ಭದಲ್ಲಿ ಶ್ರೀ ಹಟ್ಟಿಯಂಗಡಿ ಮೇಳದ ಯಜಮಾನ ರಂಜಿತ್ ಕುಮಾರ್ ಶೆಟ್ಟಿ ವಕ್ವಾಡಿ, ವಾದ್ಯ ವೃಂದ ಕಲಾತಂಡದ ಮಂಜುನಾಥ ದೇವಾಡಿಗ ಪ್ರಸಂಗ ಕರ್ತ ಹರಿದಾಸ್.",ಮಾಲೀಕ,Owner,Yes,Darshan R K,2025-02-02 17:54:30
ಯಜಮಾನ,9: ಕರ್ನಾಟಕ ಕಲಾಸಂಪದ ಬೆಂಗಳೂರು ಆಶ್ರಯದಲ್ಲಿ ತೆಂಕು ಹಾಗೂ ಬಡಗುತಿಟ್ಟು ಯಕ್ಷಗಾನದ ಶ್ರೇಷ್ಠ ಸಂಘಟಕ ಮತ್ತು ಮೇಳದ ಯಜಮಾನ ದಿ.,ಮಾಲೀಕ,Owner,Yes,Darshan R K,2025-02-02 17:54:30
ಯಜಮಾನ,ನೈದಿಲೆ ರೆಸಿಡೆನ್ಸಿಯ ಮಾಲೀಕರ ವಿರುದ್ಧ ಮನು (40) ಎಂಬಾತ ನನ್ನ ಸಾವಿಗೆ ನಮ್ಮ ಯಜಮಾನ ಕಾರಣ ಎಂದು ಡೆತ್ ನೋಟ್ ನಲ್ಲಿ ಬರೆದು ಆತ್ಮ ಹತ್ಯೆ ಮಾಡಿಕೊಂಡಿದ್ದಾನೆ.,ಮಾಲೀಕ,Owner,Yes,Darshan R K,2025-02-02 17:54:30
ಯಜಮಾನ,"ಇವುಗಳಲ್ಲಿ ಮುದೋಳ್‌ ರಾಟ್‌ವೀಲರ್‌, ಚೌಚೌ, ಫ್ರೆಂಚ್‌ಬುಲ್‌ ಡಾಗ್‌ ರಾರ‍ಯಂಪ್‌ನಲ್ಲಿ ಭಾಗವಹಿಸಿ ತನ್ನ ಯಜಮಾನ ಹೇಳಿದ ರೀತಿಯಲ್ಲಿ ಮಾಡಿ ಪ್ರೇಕ್ಷಕರನ್ನು ಹೆಚ್ಚು ರಂಜಿಸಿದವು.",ಮಾಲೀಕ,Owner,Yes,Darshan R K,2025-02-02 17:54:30
ಯಜಮಾನ,ಅವರನ್ನು ಯಜಮಾನ ತನ್ನ ಮನ ಬಂದಂತೆ ಮಾರಾಟ ಮಾಡಬಹುದಾಗಿತ್ತು.,ಮಾಲೀಕ,Owner,Yes,Darshan R K,2025-02-02 17:54:30
ಯಜಮಾನ,ಆದರೆ ನಾಯಿಯ ಯಜಮಾನ ಯಾವ ನಾಯಿಯ ಮೇಲೆ ಪಂದ್ಯ ಕಟ್ಟುತ್ತಿದ್ದನೋ ಅದೇ ನಾಯಿ ಗೆಲ್ಲುತ್ತಿತ್ತು.,ಮಾಲೀಕ,Owner,Yes,Darshan R K,2025-02-02 17:54:30
ಯಜಮಾನ,ಸಂಕ್ಷಿಪ್ತವಾಗಿ ಹೇಳುವುದಾದರೆ ಇವರು ಯಜಮಾನ ಎಷ್ಟು ಹೊತ್ತಿನವರೆಗೆ ಬಯಸುತ್ತಾನೋ ಅಷ್ಟು ಹೊತ್ತಿನವರೆಗೆ ದುಡಿಯ ಬೇಕಾಗಿತ್ತು.,ಮಾಲೀಕ,Owner,Yes,Darshan R K,2025-02-02 17:54:30
ಯಜಮಾನ,"ರಿಲಯನ್ಸ್ ಇಂಡಸ್ಟ್ರೀಸ್ ಯಜಮಾನ ಮುಖೇಶ್ ಅಂಬಾನಿ, ಸದ್ಯ ಮುಟ್ಟಿದೆಲ್ಲಾ ಚಿನ್ನ.",ಮಾಲೀಕ,Owner,Yes,Darshan R K,2025-02-02 17:54:30
ಯಜಮಾನ,ಜತೆಗೆ ಮೇಳದ ಯಜಮಾನ ಎಂಬ ನೆಲೆಯಲ್ಲಿ ನನಗೂ ರುಚಿಸುತ್ತಿರಲಿಲ್ಲ.,ಮಾಲೀಕ,Owner,Yes,Darshan R K,2025-02-02 17:54:30
ರಂಗ,ಈ ಹಿನ್ನೆಲೆಯಲ್ಲಿ ಪ್ರಶಸ್ತಿ ಸ್ವೀಕರಿಸದಿರಲು ನಿರ್ಧರಿಸಿರುವುದಾಗಿ ಹಿರಿಯ ರಂಗ ನಿರ್ದೇಶಕ ಎಸ್‌.,"ನಾಟಕ ಮುಂ.ವನ್ನು ಆಡುವ ಸ್ಥಳ, ವೇದಿಕೆ","A place where a play is performed, a stage",Yes,a,2025-02-03 10:29:00
ರಂಗ,ದಕ್ಷಿಣ ಭಾರತದಲ್ಲಿ ಚಿತ್ರರಂಗಕ್ಕೆ ಎಂಟ್ರಿ ಕೊಡಲು ಒಂದು ನಾಟಕ ರಂಗ ಇಲ್ಲವೇ ಟೆಲಿವಿಷನ್ ರಂಗ ಸೂಕ್ತ ವೇದಿಕೆ ಒದಗಿಸುತ್ತಾ ಬಂದಿದೆ.,"ನಾಟಕ ಮುಂ.ವನ್ನು ಆಡುವ ಸ್ಥಳ, ವೇದಿಕೆ","A place where a play is performed, a stage",Yes,a,2025-02-03 10:29:00
ರಂಗ,ನಟನ ರಂಗ ಶಾಲೆಯಲ್ಲಿ ನಾಳೆ ಶ್ಮಶಾನ ಕುರುಕ್ಷೇತ್ರ,"ನಾಟಕ ಮುಂ.ವನ್ನು ಆಡುವ ಸ್ಥಳ, ವೇದಿಕೆ","A place where a play is performed, a stage",Yes,a,2025-02-03 10:29:00
ರಂಗ,ಅವರಿಗೆ ಸಿನಿಮಾ ರಂಗ ಗೊತ್ತು.,"ನಾಟಕ ಮುಂ.ವನ್ನು ಆಡುವ ಸ್ಥಳ, ವೇದಿಕೆ","A place where a play is performed, a stage",Yes,a,2025-02-03 10:29:00
ರಂಗ,ಇಂಜಿನಿಯರ್ ಗಳಿಗಾಗಿ ರಂಗ ತರಬೇತಿ ಶಿಬಿರ,"ನಾಟಕ ಮುಂ.ವನ್ನು ಆಡುವ ಸ್ಥಳ, ವೇದಿಕೆ","A place where a play is performed, a stage",Yes,a,2025-02-03 10:29:00
ರಂಗ,ಸಂಚಿ ಫೌಂಡೇಷನ್ ಹಾಗೂ ನೀನಾಸಮ್ ಜೊತೆಯಾಗಿ ನಡೆಸುತ್ತಿರುವ ನೀನಾಸಮ್ ರಂಗ ಸಂಗೀತದ ದಾಖಲೀಕರಣ ವಿಡಿಯೊಗಳಲ್ಲಿ ನಮ್ಮೂರಲ್ಲಿ ಮೇ ತಿಂಗಳಲ್ಲಿ ಹಾಡು ಲಭ್ಯವಿದೆ.,"ನಾಟಕ ಮುಂ.ವನ್ನು ಆಡುವ ಸ್ಥಳ, ವೇದಿಕೆ","A place where a play is performed, a stage",Yes,a,2025-02-03 10:29:00
ರಂಗ,ಹೀಗಾಗಿ ಮುಂಬರುವ ಚುನಾವಣೆಯಲ್ಲಿ ಅತಂತ್ರ ಸನ್ನಿವೇಶ ಸೃಷ್ಟಿಯಾಗಿ ತೃತೀಯ ರಂಗ ಬಲಗೊಂಡರೆ ದೇವೇಗೌಡರು ಕಿಂಗ್‌ ಅಥವಾ ಕಿಂಗ್‌ ಮೇಕರ್‌ ಆಗುವುದರಲ್ಲಿ ಯಾವುದೇ ಅನುಮಾನಗಳಿಲ್ಲ.,"ನಾಟಕ ಮುಂ.ವನ್ನು ಆಡುವ ಸ್ಥಳ, ವೇದಿಕೆ","A place where a play is performed, a stage",Yes,a,2025-02-03 10:29:00
ರಂಗ,ಕೆ ರಮೇಶ್ ಆಚಾರ್ಯ ಪದ್ಯಸಾಹಿತ್ಯ ಮತ್ತು ರಮೇಶ್ ಬೇಗಾರ್ ಅವರ ರಂಗ ಸಂಯೋಜನೆಯನ್ನು ಪೂರ್ವಿ ಕಲ್ಯಾಣ ಹೊಂದಿದೆ.,"ನಾಟಕ ಮುಂ.ವನ್ನು ಆಡುವ ಸ್ಥಳ, ವೇದಿಕೆ","A place where a play is performed, a stage",Yes,a,2025-02-03 10:29:00
ರಂಗ,ವೆಂಕಟರಮಣ ಹಾಗೂ ಧ್ವನಿ ಶ್ರೀರಂಗ ರಂಗ ಪ್ರಶಸ್ತಿ ಪುರಸ್ಕೃತ ರಂಗಭೂಮಿ ತಪಸ್ವಿ ಶ್ರೀ ಗುಂಡಣ್ಣ ಸಿ.,"ನಾಟಕ ಮುಂ.ವನ್ನು ಆಡುವ ಸ್ಥಳ, ವೇದಿಕೆ","A place where a play is performed, a stage",Yes,a,2025-02-03 10:29:00
ರಂಗ,"ಹೊಸ ಶತಮಾನದ ಹೊಸಿಲಲ್ಲಿ ಎಂಬ ಕುರಿತು ವಿಚಾರ ಸಂಕಿರಣ, ಕಂಬಾರರ ರಂಗ ಕೃತಿ ಹಾಗೂ ಪ್ರಯೋಗಗಳ ಬಗ್ಗೆ ಚರ್ಚೆ ಮತ್ತು ಕಬೀರ ಸಮ್ಮಾನ್‌ ಪ್ರಶಸ್ತಿ ವಿಜೇತ ಕಂಬಾರರಿಗೆ ಅಭಿನಂದನೆ ಕಾರ್ಯಕ್ರಮವನ್ನೂ ಆಯೋಜಿಸಲಾಗಿದೆ .","ನಾಟಕ ಮುಂ.ವನ್ನು ಆಡುವ ಸ್ಥಳ, ವೇದಿಕೆ","A place where a play is performed, a stage",Yes,a,2025-02-03 10:29:00
ರಂಗ,ರಂಗಭೂಮಿಯಲ್ಲಿ ಒಂದು ಭಿನ್ನ ಪ್ರಯತ್ನವಾಗಿ ರೂಪುಗೊಂಡ ಮಲೆಗಳಲ್ಲಿ ಮದುಮಗಳು ನಾಟಕವನ್ನು ಕೇಂದ್ರವಾಗಿಟ್ಟುಕೊಂಡು ರಂಗ ವಿಮರ್ಶೆಯ ಮೇಲೆ ಕ್ಷ ಕಿರಣ ಬೀರಲಾಗಿದೆ.,"ನಾಟಕ ಮುಂ.ವನ್ನು ಆಡುವ ಸ್ಥಳ, ವೇದಿಕೆ","A place where a play is performed, a stage",Yes,a,2025-02-03 10:29:00
ರಂಗ,ಶ್ರೀಮತಿ ಲತಾ ಪಾಟೀಲ ಒಬ್ಬ ಮಹಿಳೆ ಎಲ್ಲ ಕಷ್ಟ ಕಾರ್ಪಣ್ಯಗಳನ್ನು ಮೆಟ್ಟಿ ನಿಂತು ರಂಗ ಕಲೆಗೆ ಗೌರವ ತಂದವರು ಎಂದು ಚಿನ್ನಿಕಟ್ಟಿ ಹೇಳಿದರು.,"ನಾಟಕ ಮುಂ.ವನ್ನು ಆಡುವ ಸ್ಥಳ, ವೇದಿಕೆ","A place where a play is performed, a stage",Yes,a,2025-02-03 10:29:00
ರಂಗ,"ಕನ್ನಡ ಸಾಹಿತ್ಯ ಪರಿಷತ್‌ ಅಧ್ಯಕ್ಷ ಮಹಿಪಾಲರೆಡ್ಡಿ ಮುನ್ನೂರ, ರಂಗ ಸಮಾಜದ ಸದಸ್ಯೆ ಡಾ.","ನಾಟಕ ಮುಂ.ವನ್ನು ಆಡುವ ಸ್ಥಳ, ವೇದಿಕೆ","A place where a play is performed, a stage",Yes,a,2025-02-03 10:29:00
ರಂಗ,ಬಂಗಾಳದಲ್ಲಿ ಎಡ ರಂಗ ಸಕರ್ಾರ ವಿದ್ದಾಗ ವಿದ್ಯಾಥರ್ಿಗಳಿಗೆ ಪ್ರಜಾಸತ್ತಾತ್ಮಕ ಹಕ್ಕುಗಳನ್ನು ಖಾತ್ರಿಗೊಳಿಸಲಾಗಿತ್ತು.,"ನಾಟಕ ಮುಂ.ವನ್ನು ಆಡುವ ಸ್ಥಳ, ವೇದಿಕೆ","A place where a play is performed, a stage",Yes,a,2025-02-03 10:29:00
ರಂಗ,ರಂಗ ಕಾರ್ಯಕ್ರಮ ನಿರ್ವಾಹಕರು ದೇವಾಲಯಕ್ಕೆ ಸಂಬಂಧ ಪಟ್ಟವರಾಗಿದ್ದರು.,"ನಾಟಕ ಮುಂ.ವನ್ನು ಆಡುವ ಸ್ಥಳ, ವೇದಿಕೆ","A place where a play is performed, a stage",Yes,a,2025-02-03 10:29:00
ರಂಗ,ಈಗ ಬೆಂಗಳೂರಿನ ಹವ್ಯಾಸಿ ರಂಗ ತಂಡಗಳಲ್ಲಿ ಒಂದಾದ ರಂಗಸಿರಿ ಇದನ್ನು ಇದೇ ಭಾನುವಾ ಅಂದರೆ ಜೂ.,"ನಾಟಕ ಮುಂ.ವನ್ನು ಆಡುವ ಸ್ಥಳ, ವೇದಿಕೆ","A place where a play is performed, a stage",Yes,a,2025-02-03 10:29:00
ರಂಗ,ರಂಗ ಸುಗ್ಗಿ ಸಂಭ್ರಮ ಉದ್ಘಾಟನೆ,"ನಾಟಕ ಮುಂ.ವನ್ನು ಆಡುವ ಸ್ಥಳ, ವೇದಿಕೆ","A place where a play is performed, a stage",Yes,a,2025-02-03 10:29:00
ರಂಗ,1996ರಲ್ಲೇ ಬಾಲಿವುಡ್ ರಂಗ ಪ್ರವೇಶ ಮಾಡಿದ ಇಂದರ್ ಕುಮಾರ್ ಅವರ ಮೊದಲ ಚಿತ್ರ ಮಾಸೂಮ್.,"ನಾಟಕ ಮುಂ.ವನ್ನು ಆಡುವ ಸ್ಥಳ, ವೇದಿಕೆ","A place where a play is performed, a stage",Yes,a,2025-02-03 10:29:00
ರಂಗ,ಕಾಲೇಜು ದಿನಗಳಲ್ಲೇ ನಾಟಕಗಳಲ್ಲಿ ಜತೆಯಾಗಿ ಭಾಗವಹಿಸುತ್ತಿದ್ದ ಅನಿತಾ ಅವರೂ ನೀನಾಸಂ ತರಬೇತಿ ಪಡೆದು ಮುಂದೆ ಕಾರ್ಯಪ್ಪ ಅವರ ಬಾಳ ಸಂಗಾತಿ ಆಗಿದ್ದು ಸೃಷ್ಟಿ ರಂಗ ಚಳವಳಿಗೆ ದೊಡ್ಡ ಬಲ ನೀಡಿತು.,"ನಾಟಕ ಮುಂ.ವನ್ನು ಆಡುವ ಸ್ಥಳ, ವೇದಿಕೆ","A place where a play is performed, a stage",Yes,a,2025-02-03 10:29:00
ರಂಗ,ಆ ಜಿಲ್ಲೆಯಲ್ಲಿ ಸಾಂಸ್ಕೃತಿಕವಾಗಿ ಗುರುತಿಸಿಕೊಂಡ ಕಲಾವಿದರಿಗೆ ರಂಗ ಗೌರವವನ್ನು ನೀಡಲಾಗುತ್ತದೆ.,"ನಾಟಕ ಮುಂ.ವನ್ನು ಆಡುವ ಸ್ಥಳ, ವೇದಿಕೆ","A place where a play is performed, a stage",Yes,a,2025-02-03 10:29:00
ರಂಗ,"ವೆಂಕಟರಮಣ ಮತ್ತು ಕಾರ್ಯಕ್ರಮ ಪ್ರಾಯೋಜಕರಾ ದ ಗುಣಶೀಲ್ ಶೆಟ್ಟಿ, ಪ್ರವೀಣ್‍ಕುಮಾರ್ ಶೆಟ್ಟಿ, ಹರೀಶ್ ಶೇರಿಗಾರ್ ಉಪಸ್ಥಿತರಿದ್ದು ಧ್ವನಿ ಶ್ರೀರಂಗ ರಂಗ ಪ್ರಶಸ್ತಿಯನ್ನು ರಂಗಭೂಮಿ ತಪಸ್ವಿ ಗುಂಡಣ್ಣ ಸಿ.","ನಾಟಕ ಮುಂ.ವನ್ನು ಆಡುವ ಸ್ಥಳ, ವೇದಿಕೆ","A place where a play is performed, a stage",Yes,a,2025-02-03 10:29:00
ರಂಗ,ಆದರೆ ರಂಗ ಮಂದಿರದಲ್ಲಿ ರಂಜಿಸಬೇಕಾದ ಕಲಾವಿದರು ಇಂದು ಬೀದಿ ಇಳಿಯಬೇಕಾಗಿದೆ.,"ನಾಟಕ ಮುಂ.ವನ್ನು ಆಡುವ ಸ್ಥಳ, ವೇದಿಕೆ","A place where a play is performed, a stage",Yes,a,2025-02-03 10:29:00
ರಂಗ,ಇಲ್ಲ ಆಸಕ್ತಿ: ನಾಗರಿಕರ ಬಹು ಆಕಾಂಕ್ಷೆಯ ರಂಗ ಮಂದಿರ ಕಟ್ಟಡ ನಿರ್ಮಾಣ ಕೆಲಸ ಪೂರ್ಣಗೊಳ್ಳದೇ ಇರುವುದರಿಂದ ರಂಗಾಸಕ್ತರಲ್ಲಿ ಬಹು ನಿರಾಸೆ ಮೂಡಿಸಿದೆ.,"ನಾಟಕ ಮುಂ.ವನ್ನು ಆಡುವ ಸ್ಥಳ, ವೇದಿಕೆ","A place where a play is performed, a stage",Yes,a,2025-02-03 10:29:00
ರಂಗ,"ಚಿತ್ರದುರ್ಗ: ರಂಗಭೂಮಿ ಎನ್ನುವುದು ಜಾತಿ, ಧರ್ಮಗಳ ಸೋಂಕಿಲ್ಲದ ಹಾಗೂ ವಿಷಯ ವಸ್ತುಗಳಿಗೆ ಜೀವ ತುಂಬುವ ಮಾತು ಮತ್ತು ಆಂಗಿಕ ನಿಲುವಾಗಿದೆ ಎಂದು ರಂಗ ನಿರ್ದೇಶಕ ಕೆ.","ನಾಟಕ ಮುಂ.ವನ್ನು ಆಡುವ ಸ್ಥಳ, ವೇದಿಕೆ","A place where a play is performed, a stage",Yes,a,2025-02-03 10:29:00
ರಂಗ,ಗರುಡಾದ್ರಿಯಲ್ಲಿ ಗಾಂಧಿ ಕುರಿತಾದ ರಂಗ ರೂಪಕ ಅಭಿನಯ,"ನಾಟಕ ಮುಂ.ವನ್ನು ಆಡುವ ಸ್ಥಳ, ವೇದಿಕೆ","A place where a play is performed, a stage",Yes,a,2025-02-03 10:29:02
ರಂಗ,ಬೆಂಗಳೂರಷ್ಟೇ ಅಲ್ಲ ರಾಷ್ಟ್ರೀಯ ಹಾಗೂ ಅಂತರ ರಾಷ್ಟ್ರೀಯ ರಂಗಭೂಮಿಯ ಚೌಕಟ್ಟಿನಲ್ಲಿ ರಂಗ ಶಂಕರ ಬಹು ಮುಖ್ಯ ಸ್ಥಾನ ಹೊಂದಿದೆ.,"ನಾಟಕ ಮುಂ.ವನ್ನು ಆಡುವ ಸ್ಥಳ, ವೇದಿಕೆ","A place where a play is performed, a stage",Yes,a,2025-02-03 10:29:02
ರಂಗ,"ಎರಡನೇ ಗೋಷ್ಠಿಯಲ್ಲಿ ಗಂಗಾಧರ ಶಾಸ್ತ್ರಿಗಳ ಮತ್ತು ಸಮಕಾಲಿನ ವೃತ್ತಿ ರಂಗಭೂಮಿಯ ಬಗ್ಗೆ ರಂಗ ಸಮಾಜದ ಸದಸ್ಯ ಮಲ್ಲಿಕಾರ್ಜುನ ಕಡಕೋಳ, ರಂಗಕರ್ಮಿ ಡಾ.","ನಾಟಕ ಮುಂ.ವನ್ನು ಆಡುವ ಸ್ಥಳ, ವೇದಿಕೆ","A place where a play is performed, a stage",Yes,a,2025-02-03 10:29:02
ರಂಗ,"ಕರಾವಳಿ ರಂಗಾಯಣಕ್ಕೆ ಹಿರಿಯ ಕಲಾವಿದ, ರಂಗ ನಿರ್ದೇಶಕ ಮೈಮ್ ರಮೇಶ್!","ನಾಟಕ ಮುಂ.ವನ್ನು ಆಡುವ ಸ್ಥಳ, ವೇದಿಕೆ","A place where a play is performed, a stage",Yes,a,2025-02-03 10:29:02
ರಂಗ,"ಪುತ್ಥಳಿ ಹೋಯಿತು, ರಂಗ ಉಳಿಯಿತು ಎಂದು ಸುಮ್ಮನಾದೆ.","ನಾಟಕ ಮುಂ.ವನ್ನು ಆಡುವ ಸ್ಥಳ, ವೇದಿಕೆ","A place where a play is performed, a stage",Yes,a,2025-02-03 10:29:02
ರಂಗ,ಇದು ಭಾರತ ಫೆಲೆಸ್ತೀನಿನ ಮೊಟ್ಟ ಮೊದಲ ಜಂಟಿ ರಂಗ ಸಂಚಾರವಾಗಿದೆ ಎಂದು ಅವರು ಹೇಳಿದ್ದಾರೆ.,"ನಾಟಕ ಮುಂ.ವನ್ನು ಆಡುವ ಸ್ಥಳ, ವೇದಿಕೆ","A place where a play is performed, a stage",Yes,a,2025-02-03 10:29:02
ರಂಗ,ರಂಗಾಸ್ಥೆ ರಂಗ ತಂಡದ ಕಾದು ಕಥೆಯಾದವರು ನಾಟಕದ ಎರಡನೇ ಪ್ರದರ್ಶನ ಸೆಪ್ಟೆಂಬರ್‌ 1ರಂದು ವ್ಯೋಮ ಆರ್ಟ್ಸ್‌ ಸ್ಪೇಸ್‌ ಆ್ಯಂಡ್‌ ಸ್ಟುಡಿಯೋ ಥಿಯೇಟರ್‌ನಲ್ಲಿ ನಡೆಯಲಿದೆ.,"ನಾಟಕ ಮುಂ.ವನ್ನು ಆಡುವ ಸ್ಥಳ, ವೇದಿಕೆ","A place where a play is performed, a stage",Yes,a,2025-02-03 10:29:02
ರಂಗ,ಬೀದರ: ರಂಗ ಮಂದಿರದಲ್ಲಿ ನಡೆದ ಶಿವಶರಣ ಹಡಪದ ಅಪ್ಪಣ್ಣ ಜಯಂತಿ ಕಾರ್ಯಕ್ರಮದಲ್ಲಿ ವಿವಿಧ ಕ್ಷೇತ್ರದಲ್ಲಿ ಸಾಧನೆ ಮಾಡಿದವರನ್ನು ಸನ್ಮಾನಿಸಲಾಯಿತು.,"ನಾಟಕ ಮುಂ.ವನ್ನು ಆಡುವ ಸ್ಥಳ, ವೇದಿಕೆ","A place where a play is performed, a stage",Yes,a,2025-02-03 10:29:02
ರಂಗ,"ಅಭಿನಯ, ನಿರ್ವಹಣಾ ತಂಡ , ರಂಗ ಸಜ್ಜಿಕೆ","ನಾಟಕ ಮುಂ.ವನ್ನು ಆಡುವ ಸ್ಥಳ, ವೇದಿಕೆ","A place where a play is performed, a stage",Yes,a,2025-02-03 10:29:02
ರಂಗ,"ಅನಂತಮೂರ್ತಿ ನೇತೃತ್ವದ ನಿಯೋಗದಲ್ಲಿ ಖ್ಯಾತ ಗಾಯಕ ಶಿವಮೊಗ್ಗ ಸುಬ್ಬಣ್ಣ, ರಂಗ ಕಲಾವಿದೆ ಜಯಶ್ರೀ, ಕಪ್ಪಣ್ಣ ಮೊದಲಾವರು ಇದ್ದರು.","ನಾಟಕ ಮುಂ.ವನ್ನು ಆಡುವ ಸ್ಥಳ, ವೇದಿಕೆ","A place where a play is performed, a stage",Yes,a,2025-02-03 10:29:02
ರಂಗ,"ಎನ್ ಆರ್ ಸಿ ಕರಡು ವಿಷಯದಲ್ಲಿ ಬೆಂಬಲ‌ ಕೋರಲು ದೇವೇಗೌಡರನ್ನ ಭೇಟಿಯಾಗಿದ್ದು, ತೃತೀಯ ರಂಗ ರಚನೆ ಬಗ್ಗೆಯೂ ಭೇಟಿ ವೇಳೆ ಚರ್ಚೆ ನಡೆದಿದೆ.","ನಾಟಕ ಮುಂ.ವನ್ನು ಆಡುವ ಸ್ಥಳ, ವೇದಿಕೆ","A place where a play is performed, a stage",Yes,a,2025-02-03 10:29:02
ರಂಗ,ಮುಂಗಾರು ಕೈಕೊಟ್ಟ ಪರಿಣಾಮ ಒಂದೆಡೆ ಕೃಷಿ ರಂಗ ಕಂಗಾಲಾಗಿದೆ.,"ನಾಟಕ ಮುಂ.ವನ್ನು ಆಡುವ ಸ್ಥಳ, ವೇದಿಕೆ","A place where a play is performed, a stage",Yes,a,2025-02-03 10:29:02
ರಂಗ,ಈ ವರ್ಷವೂ ಸಹ ವಿವಾದಮುಕ್ತವಾಗಿ ಕ್ರೀಡಾ ರಂಗ ಮತ್ತಷ್ಟು ಹೊಳಪು ಪಡೆಯಲಿ.,"ನಾಟಕ ಮುಂ.ವನ್ನು ಆಡುವ ಸ್ಥಳ, ವೇದಿಕೆ","A place where a play is performed, a stage",Yes,a,2025-02-03 10:29:02
ರಂಗ,ಸುಗಣ ಅವರುಗಳು ಪ್ರಸಕ್ತ ಸಾಲಿನ ರೋಟರಿ ಕದಂಬ ರಂಗ ಪ್ರಶಸ್ತಿಗೆ ಪಾತ್ರರಾಗಿದ್ದಾರೆ ಎಂದು ರೋಟರಿ ಅಧ್ಯಕ್ಷ ರಾಜಶೇಖರ ಕದಂಬ ತಿಳಿಸಿದರು.,"ನಾಟಕ ಮುಂ.ವನ್ನು ಆಡುವ ಸ್ಥಳ, ವೇದಿಕೆ","A place where a play is performed, a stage",Yes,a,2025-02-03 10:29:02
ರಂಗ,ರಂಗ ವಿಮರ್ಶೆ ಕಾಲ ಕಾಲಕ್ಕೆ ತನ್ನನ್ನೇ ವಿಮರ್ಶೆಗೆ ಒಳಪಡಿಸಿಕೊಳ್ಳುತ್ತಿದೆಯೇ?,"ನಾಟಕ ಮುಂ.ವನ್ನು ಆಡುವ ಸ್ಥಳ, ವೇದಿಕೆ","A place where a play is performed, a stage",Yes,a,2025-02-03 10:29:02
ರಂಗ,"ಬ್ರಿಟನ್ನಿನ ರಂಗ ಭೂಮಿಯಲ್ಲಿ ಹೆಸರು ಮಾಡಿರುವ ಈ ನಟ, ಈ ಪಾತ್ರಕ್ಕೆ ಹೇಳಿ ಮಾಡಿಸಿದಂತಿದ್ದಾನೆ.","ನಾಟಕ ಮುಂ.ವನ್ನು ಆಡುವ ಸ್ಥಳ, ವೇದಿಕೆ","A place where a play is performed, a stage",Yes,a,2025-02-03 10:29:02
ರಂಗ,"ಜಯತೀರ್ಥ ಜೋಶಿ ನಿರ್ದೇಶನದಲ್ಲಿ ಗುಲಾಮನ ಸ್ವಾತಂತ್ರ್ಯಯಾತ್ರೆ ಎನ್ನುವ ನಾಟಕ ಪ್ರದರ್ಶಿಸಿದಾಗ, ನಾಡಿನ ಬಹುತೇಕ ರಂಗಾಸಕ್ತರು ಹಾಗೂ ರಂಗ ಕರ್ಮಿಗಳು ಅದನ್ನು ವೀಕ್ಷಿಸಿದ್ದು ಈ ತಂಡದ ಹೆಮ್ಮೆಯ ಸಂಗತಿ.","ನಾಟಕ ಮುಂ.ವನ್ನು ಆಡುವ ಸ್ಥಳ, ವೇದಿಕೆ","A place where a play is performed, a stage",Yes,a,2025-02-03 10:29:02
ರಂಗ,ಮನೆಯ ಒಂದು ದಿಕ್ಕಿನ ಗೋಡೆ ವೀಕ್ಷಿಸಿ– ಸಾಹಬನೆ ಕಹಾ ಹೈ ಕೀ ಯಹಾಂ ಹರಾ ರಂಗ ಡಾಲನೆ ಕೆಲಿಯೆ.,ಬಣ್ಣ,Colour,Yes,a,2025-02-03 10:29:59
ರಂಗ,ಖಾಲಿ ಜಾಗದಲ್ಲಿ ವಿವಿಧ ಬಣ್ಣಗಳಿಂದ ಸುಮಾರು ಐದು ರಂಗ ಹೊಯ್ದಿರುತ್ತಾರೆ.,ಬಣ್ಣ,Colour,Yes,a,2025-02-03 10:29:59
ರಂಗ,ರಂಗ ಮಾರ್ಬಲಗಳಿಂದ ||,ಬಣ್ಣ,Colour,Yes,a,2025-02-03 10:29:59
ರಂಗ,ನಿಮ್ಮ ಹೊಸ ಮನೆಯ ಮುಂದೆ ರಂಗ ಮತ್ತು ಕಾಲುದಾರಿಗಳು ಸ್ಪಷ್ಟವಾಗಿದೆಯೆ ಎಂದು ಖಚಿತಪಡಿಸಿಕೊಳ್ಳಿ.,ಬಣ್ಣ,Colour,Yes,a,2025-02-03 10:29:59
ರಂಗ,ಕೋಟಿಗೊಬ್ಬ-3 ಸಿನಿಮಾ ಮುಗಿದ ಬಳಿಕ ಸುದೀಪ್ ಬಿಲ್ಲ ರಂಗ ಭಾಷನಾಗಿ ಬಣ್ಣ ಹಚ್ಚುವ ಸಾಧ್ಯತೆ ಇದೆ.,ಬಣ್ಣ,Colour,Yes,a,2025-02-03 10:29:59
ರಾಶಿ,"ಈ ಎಲ್ಲ ಹೊಂದಾಣಿಕೆಯ ಸಂಬಂಧಗಳೊಂದಿಗೆ, ಧನು ರಾಶಿ ಒಂದನ್ನು ರಾಶಿಚಕ್ರ ಸ್ನೇಹಿತ ಎಂದು ಕರೆಯುತ್ತಾರೆ.","ಜ್ಯೋತಿಷ್ಚಕ್ರದಲ್ಲಿರುವ) ಮೇಷ, ವೃಷಭ ಮೊ. ಹನ್ನೆರಡು ವಿಭಾಗಗಳು",Astrology Sign,Yes,a,2025-02-06 20:53:29
ರಾಶಿ,2019ರ ರಾಶಿ ಭವಿಷ್ಯವನ್ನು ಆಧರಿಸಿದರೆ ಈ ವರ್ಷ ನಿಮ್ಮ ಆರ್ಥಿಕ ಸ್ಥಿತಿಯು ಅತ್ಯುತ್ತಮವಾದ ಬದಲಾವಣೆಯನ್ನು ಪಡೆದುಕೊಳ್ಳುವುದು.,"ಜ್ಯೋತಿಷ್ಚಕ್ರದಲ್ಲಿರುವ) ಮೇಷ, ವೃಷಭ ಮೊ. ಹನ್ನೆರಡು ವಿಭಾಗಗಳು",Astrology Sign,Yes,a,2025-02-06 20:53:29
ರಾಶಿ,ಇಂದಿನ ರಾಶಿ ಭವಿಷ್ಯ : ಶುಕ್ರವಾರದ ನಿಮ್ಮ ಸಂಪೂರ್ಣ ರಾಶಿ ಭವಿಷ್ಯ ಇಲ್ಲಿದೆ ನೋಡಿ.,"ಜ್ಯೋತಿಷ್ಚಕ್ರದಲ್ಲಿರುವ) ಮೇಷ, ವೃಷಭ ಮೊ. ಹನ್ನೆರಡು ವಿಭಾಗಗಳು",Astrology Sign,Yes,a,2025-02-06 20:53:29
ರಾಶಿ,ಶುಭ ಶನಿವಾರ ರಾಶಿ ಭವಿಷ್ಯ ಮಹಾನ್ ದೈವತಜ್ಞರು ಪ್ರಚಂಡ ಜ್ಯೋತಿಷ್ಯ ಪಾಂಡಿತ್ಯ ಹೊಂದಿರುವ ಕೃಷ್ಣ ಭಟ್ ಅವರು ಆದ್ಯಾತ್ಮಿಕ ಚಿಂತಕರು ನಿಮ್ಮ ಸಮಸ್ಯೆಗಳಿಗೆ ಪರಿಹಾರ ತಿಳಿಯಲು ಹಾಗು ನಿಮ್ಮ ಮನಸಿನಲ್ಲಿ ಅಡಚಣೆ ಉಂಟಾಗುವ ಯಾವುದೇ ಪ್ರಶ್ನೆ ಅಥವಾ ಸಮಸ್ಯೆ ಇದ್ದಲ್ಲಿ ಅದರ ಉತ್ತರ ತಿಳಿಯಲು ಪ್ರಯತ್ನ ಪಡೆಯುತ್ತೀರಾ?,"ಜ್ಯೋತಿಷ್ಚಕ್ರದಲ್ಲಿರುವ) ಮೇಷ, ವೃಷಭ ಮೊ. ಹನ್ನೆರಡು ವಿಭಾಗಗಳು",Astrology Sign,Yes,a,2025-02-06 20:53:29
ರಾಶಿ,ಇಂದಿನ ಸಂಪೂರ್ಣ ರಾಶಿ ಭವಿಷ್ಯ : ಗುರುವಾರದ ನಿಮ್ಮ ರಾಶಿಫಲಗಳು ಇಲ್ಲಿವೆ ನೋಡಿ‌.,"ಜ್ಯೋತಿಷ್ಚಕ್ರದಲ್ಲಿರುವ) ಮೇಷ, ವೃಷಭ ಮೊ. ಹನ್ನೆರಡು ವಿಭಾಗಗಳು",Astrology Sign,Yes,a,2025-02-06 20:53:29
ರಾಶಿ,"ಧನು ರಾಶಿ ಭೂಮಿಯ ಯಾವುದೇ ಚಿಹ್ನೆಗಳೊಂದಿಗೆ (ಮಕರ ಸಂಕ್ರಾಂತಿ, ಕನ್ಯಾರಾಶಿ, ಅಥವಾ ತಾರಸ್) ಮಾತನಾಡದ ತಿಳುವಳಿಕೆಯನ್ನು ಕಾಣಬಹುದು.","ಜ್ಯೋತಿಷ್ಚಕ್ರದಲ್ಲಿರುವ) ಮೇಷ, ವೃಷಭ ಮೊ. ಹನ್ನೆರಡು ವಿಭಾಗಗಳು",Astrology Sign,Yes,a,2025-02-06 20:53:30
ರಾಶಿ,"ನೈಸರ್ಗಿಕ ಮೊಂಡುತನ ನಿಖರವಾಗಿ ಮತ್ತು ಸಮಯಕ್ಕೆ ಕರ್ತವ್ಯಗಳನ್ನು ಪೂರೈಸಲು ಸಹಾಯ, ಆದ್ದರಿಂದ ಈ ರಾಶಿ ಪ್ರತಿನಿಧಿಗಳು ಅಪ್ರತಿಮ ಕಾರ್ಮಿಕರ-ಪ್ರದರ್ಶನ ಇವೆ.","ಜ್ಯೋತಿಷ್ಚಕ್ರದಲ್ಲಿರುವ) ಮೇಷ, ವೃಷಭ ಮೊ. ಹನ್ನೆರಡು ವಿಭಾಗಗಳು",Astrology Sign,Yes,a,2025-02-06 20:53:30
ರಾಶಿ,ಅತೀವವಾದ ಅತೀಂದ್ರಿಯ ಲೇಹ್ ಸಲಹೆ ಕುಂಭ ರಾಶಿ ಆರೆಗಳು ಜ್ಯೋತಿಷ್ಯಶಾಸ್ತ್ರ ಕ್ಯಾನ್ಸರ್ ಕ್ಯಾಪಿರಿಕನ್ ಸ್ಫಟಿಕ ಮಕ್ಕಳ ಮಾನಸಿಕ ಪುಸ್ತಕಗಳು ಮುನ್ಸೂಚನೆ ಉಚಿತ ಆನ್ಲೈನ್ ​​ಅತೀಂದ್ರಿಯ ಚಾಟ್ ಉಚಿತ ಮಾನಸಿಕ ಪ್ರಶ್ನೆ ಜೆಮಿನಿ ಜಾತಕ ಐಪ್ಯಾಡ್ ಪೌಂಡ್ ಅತೀಂದ್ರಿಯ ಬದುಕು ಮಾನಸಿಕ ಆನ್ಲೈನ್ ​​ಲೈವ್ ಮಾನಸಿಕವಾಗಿ ಬದುಕು ಪ್ರೀತಿ ಮಾನಸಿಕ ಓದುವಿಕೆ ಪ್ರೀತಿ ಮಾನಸಿಕ ರೀಡಿಂಗ್ಸ್ ಪ್ರೀತಿಸುತ್ತೇನೆ ಮಧ್ಯಮ ಆನ್ಲೈನ್ ​​ಮಾನಸಿಕ ಫೋನ್ ಮಾನಸಿಕ ಮೀನ ಅತೀಂದ್ರಿಯ ಅತೀಂದ್ರಿಯ ಲೇಹ್ ಮಾನಸಿಕ ಓದುವಿಕೆ ಅತೀಂದ್ರಿಯ ವಾಚನಗೋಷ್ಠಿಗಳು ಅತೀಂದ್ರಿಯ ಓದುವುದು ಧನು ರಾಶಿ ಸ್ಕಾರ್ಪಿಯೋ ಸೈನ್ ಆತ್ಮ ಆಧ್ಯಾತ್ಮಿಕ ಮಾನಸಿಕ ವಾಚನಗೋಷ್ಠಿಗಳು ಟ್ಯಾರೋ ಟಾರಸ್ ನಿಮ್ಮ ಅತೀಂದ್ರಿಯ ಪರೀಕ್ಷೆ ಸ್ಫಟಿಕ ಮಕ್ಕಳು ಮಾನಸಿಕ ಕನ್ಯಾರಾಶಿ ಸಾಪ್ತಾಹಿಕ ರಾಶಿಚಕ್ರ,"ಜ್ಯೋತಿಷ್ಚಕ್ರದಲ್ಲಿರುವ) ಮೇಷ, ವೃಷಭ ಮೊ. ಹನ್ನೆರಡು ವಿಭಾಗಗಳು",Astrology Sign,Yes,a,2025-02-06 20:53:30
ರಾಶಿ,ನಿಮ್ಮ ರಾಶಿ ಚಕ್ರದ ಪ್ರಕಾರ ಮೇ ತಿಂಗಳಲ್ಲಿ ನಿಮ್ಮ ವೇಗಕ್ಕೆ ಸ್ವಲ್ಪ ತಡೆಯಾಗುವ ಸಾಧ್ಯತೆಗಳು ಇವೆ.,"ಜ್ಯೋತಿಷ್ಚಕ್ರದಲ್ಲಿರುವ) ಮೇಷ, ವೃಷಭ ಮೊ. ಹನ್ನೆರಡು ವಿಭಾಗಗಳು",Astrology Sign,Yes,a,2025-02-06 20:53:30
ರಾಶಿ,ಮೂರನೆಯದು ತುಲಾ ರಾಶಿ ಈ ರಾಶಿಯವರು ಜೀವನದಲ್ಲಿ ತುಂಬಾ ಕಷ್ಟಗಳನ್ನು ಅನುಭವಿಸಿಕೊಂಡು ಬಂದಿರುವವರು ಆದರೆ ಹೊಸ ವರ್ಷದಲ್ಲಿ ಶನಿ ದೇವರ ಆಶೀರ್ವಾದ ಈ ರಾಶಿಯವರ ಮೇಲೆ ಇರುವುದರಿಂದ ಎಲ್ಲ ಕಷ್ಟಗಳು ನಿವಾರಣೆ ಆಗಲಿವೆ ಈ ವರ್ಷದಲ್ಲಿ,"ಜ್ಯೋತಿಷ್ಚಕ್ರದಲ್ಲಿರುವ) ಮೇಷ, ವೃಷಭ ಮೊ. ಹನ್ನೆರಡು ವಿಭಾಗಗಳು",Astrology Sign,Yes,a,2025-02-06 20:53:30
ರಾಶಿ,ರಾಶಿ ಭವಿಷ್ಯ: 2 ಫೆಬ್ರವರಿ 2020,"ಜ್ಯೋತಿಷ್ಚಕ್ರದಲ್ಲಿರುವ) ಮೇಷ, ವೃಷಭ ಮೊ. ಹನ್ನೆರಡು ವಿಭಾಗಗಳು",Astrology Sign,Yes,a,2025-02-06 20:53:30
ರಾಶಿ,ಸ್ಪರ್ಧಾತ್ಮಕ ಪರೀಕ್ಷೆಗಳು ಮತ್ತು ಕ್ರೀಡಾ ಚಟುವಟಿಕೆಗಳಿಗೆ ನಿಮ್ಮ ರಾಶಿ ನಕ್ಷತ್ರ ಚಲನೆಯು ಬೆಂಬಲ ನೀಡುತ್ತವೆ.,"ಜ್ಯೋತಿಷ್ಚಕ್ರದಲ್ಲಿರುವ) ಮೇಷ, ವೃಷಭ ಮೊ. ಹನ್ನೆರಡು ವಿಭಾಗಗಳು",Astrology Sign,Yes,a,2025-02-06 20:53:30
ರಾಶಿ,"ಧನು ರಾಶಿ ಹುಡುಗಿ ಅತಿ ಆತಿಥ್ಯ ಮತ್ತು ಆತಿಥ್ಯ, ಸಲಿಂಗಕಾಮಿ ಕಂಪನಿಗಳು ಪ್ರೀತಿಸುತ್ತಾರೆ.","ಜ್ಯೋತಿಷ್ಚಕ್ರದಲ್ಲಿರುವ) ಮೇಷ, ವೃಷಭ ಮೊ. ಹನ್ನೆರಡು ವಿಭಾಗಗಳು",Astrology Sign,Yes,a,2025-02-06 20:53:30
ರಾಶಿ,ಶುಕ್ರ ಮಿಥುನ ರಾಶಿ ಪ್ರವೇಶ ಮಾಡುವುದ್ರಿಂದ ಮೇಷ ರಾಶಿಯವರಿಗೆ ಹೊಸ ಸಂಬಂಧಗಳು ಶುರುವಾಗುವ ಜೊತೆಗೆ ಉದ್ಯೋಗದಲ್ಲಿ ಲಾಭ ಪ್ರಾಪ್ತಿಯಾಗಲಿದೆ.,"ಜ್ಯೋತಿಷ್ಚಕ್ರದಲ್ಲಿರುವ) ಮೇಷ, ವೃಷಭ ಮೊ. ಹನ್ನೆರಡು ವಿಭಾಗಗಳು",Astrology Sign,Yes,a,2025-02-06 20:53:30
ರಾಶಿ,ಮಕರ ರಾಶಿ : ನಿಮ್ಮ ಕೆಲಸದ ಮೇಲೆ ಕೇಂದ್ರೀಕರಿಸಿ.,"ಜ್ಯೋತಿಷ್ಚಕ್ರದಲ್ಲಿರುವ) ಮೇಷ, ವೃಷಭ ಮೊ. ಹನ್ನೆರಡು ವಿಭಾಗಗಳು",Astrology Sign,Yes,a,2025-02-06 20:53:30
ರಾಶಿ,ಭಾನುವಾರದ ಸಂಪೂರ್ಣ ರಾಶಿ ಭವಿಷ್ಯ : ಈ ದಿನದ ಸಂಪೂರ್ಣ ರಾಶಿಫಲ ಇಲ್ಲಿದೆ ನೋಡಿ.,"ಜ್ಯೋತಿಷ್ಚಕ್ರದಲ್ಲಿರುವ) ಮೇಷ, ವೃಷಭ ಮೊ. ಹನ್ನೆರಡು ವಿಭಾಗಗಳು",Astrology Sign,Yes,a,2025-02-06 20:53:30
ರಾಶಿ,ಇಂದಿನ ರಾಶಿ ಭವಿಷ್ಯ(02-02-2020),"ಜ್ಯೋತಿಷ್ಚಕ್ರದಲ್ಲಿರುವ) ಮೇಷ, ವೃಷಭ ಮೊ. ಹನ್ನೆರಡು ವಿಭಾಗಗಳು",Astrology Sign,Yes,a,2025-02-06 20:53:30
ರಾಶಿ,"ಅಕ್ಟೋಬರ್ 11, 2018ರಂದು ಗುರು ಗ್ರಹವು ತುಲಾ ರಾಶಿಯಿಂದ ವೃಶ್ಚಿಕ ರಾಶಿ ಪ್ರವೇಶ ಮಾಡಲಿದೆ.","ಜ್ಯೋತಿಷ್ಚಕ್ರದಲ್ಲಿರುವ) ಮೇಷ, ವೃಷಭ ಮೊ. ಹನ್ನೆರಡು ವಿಭಾಗಗಳು",Astrology Sign,Yes,a,2025-02-06 20:53:30
ರಾಶಿ,ಮೇಷ ರಾಶಿ : ಮಿತ್ರರೇ ಇಂದು ನಿಮ್ಮ ದಿನ ಹೇಗಿದೆ.,"ಜ್ಯೋತಿಷ್ಚಕ್ರದಲ್ಲಿರುವ) ಮೇಷ, ವೃಷಭ ಮೊ. ಹನ್ನೆರಡು ವಿಭಾಗಗಳು",Astrology Sign,Yes,a,2025-02-06 20:53:30
ರಾಶಿ,ಗುರುವಾರದ ರಾಶಿ ಭವಿಷ್ಯ .,"ಜ್ಯೋತಿಷ್ಚಕ್ರದಲ್ಲಿರುವ) ಮೇಷ, ವೃಷಭ ಮೊ. ಹನ್ನೆರಡು ವಿಭಾಗಗಳು",Astrology Sign,Yes,a,2025-02-06 20:53:30
ರಾಶಿ,ಇಂದಿನ ಸಂಪೂರ್ಣ ರಾಶಿ ಭವಿಷ್ಯ : ಮಂಗಳವಾರದ ರಾಶಿಫಲಗಳು ಇಲ್ಲಿವೆ ನೋಡಿ.,"ಜ್ಯೋತಿಷ್ಚಕ್ರದಲ್ಲಿರುವ) ಮೇಷ, ವೃಷಭ ಮೊ. ಹನ್ನೆರಡು ವಿಭಾಗಗಳು",Astrology Sign,Yes,a,2025-02-06 20:53:30
ರಾಶಿ,ಮೀನ ರಾಶಿ ಪುರುಷ ಎಮೋಷನಲ್ ಫೂಲ್.,"ಜ್ಯೋತಿಷ್ಚಕ್ರದಲ್ಲಿರುವ) ಮೇಷ, ವೃಷಭ ಮೊ. ಹನ್ನೆರಡು ವಿಭಾಗಗಳು",Astrology Sign,Yes,a,2025-02-06 20:53:30
ರಾಶಿ,[ ಧನಸ್ಸು ರಾಶಿ ವರ್ಷ ಭವಿಷ್ಯ 2015 ],"ಜ್ಯೋತಿಷ್ಚಕ್ರದಲ್ಲಿರುವ) ಮೇಷ, ವೃಷಭ ಮೊ. ಹನ್ನೆರಡು ವಿಭಾಗಗಳು",Astrology Sign,Yes,a,2025-02-06 20:53:30
ರಾಶಿ,ಮಿಥುನ ರಾಶಿ : ನೀವು ಕೆಲವು ಗಂಭೀರ ತೊಂದರೆಗಳನ್ನು ಎದುರಿಸಲು ಸಾಧ್ಯತೆಯಿರುವುದರಿಂದ ನಿಮ್ಮನ್ನು ನಿಯಂತ್ರಿಸಿಕೊಳ್ಳಿ.,"ಜ್ಯೋತಿಷ್ಚಕ್ರದಲ್ಲಿರುವ) ಮೇಷ, ವೃಷಭ ಮೊ. ಹನ್ನೆರಡು ವಿಭಾಗಗಳು",Astrology Sign,Yes,a,2025-02-06 20:53:30
ರಾಶಿ,ನಿಮಗೂ ಅದ್ಯಾವ ರಾಶಿಯವರಿಗೆ ಅತ್ಯಂತ ಉತ್ತಮವಾದ ಬದಲಾವಣೆ ಉಂಟಾಗುತ್ತಿದೆ ಎನ್ನುವದನ್ನು ತಿಳಿಯುವ ಕಾತುರ ಉಂಟಾಗುತ್ತಿದ್ದರೆ ಈ ಮುಂದಿರುವ ರಾಶಿ ಭವಿಷ್ಯವನ್ನು ಅರಿಯಿರಿ.,"ಜ್ಯೋತಿಷ್ಚಕ್ರದಲ್ಲಿರುವ) ಮೇಷ, ವೃಷಭ ಮೊ. ಹನ್ನೆರಡು ವಿಭಾಗಗಳು",Astrology Sign,Yes,a,2025-02-06 20:53:30
ರಾಶಿ,ವೃಷಭ ರಾಶಿ Read more…,"ಜ್ಯೋತಿಷ್ಚಕ್ರದಲ್ಲಿರುವ) ಮೇಷ, ವೃಷಭ ಮೊ. ಹನ್ನೆರಡು ವಿಭಾಗಗಳು",Astrology Sign,Yes,a,2025-02-06 20:53:30
ರಾಶಿ,ಬುಧವಾರದ ರಾಶಿ ಭವಿಷ್ಯ.,"ಜ್ಯೋತಿಷ್ಚಕ್ರದಲ್ಲಿರುವ) ಮೇಷ, ವೃಷಭ ಮೊ. ಹನ್ನೆರಡು ವಿಭಾಗಗಳು",Astrology Sign,Yes,a,2025-02-06 20:53:30
ರಾಶಿ,ಬೆಂಗಳೂರು : ಇಂದಿನ ರಾಶಿ ಭವಿಷ್ಯ ಹೀಗಿದೆ.,"ಜ್ಯೋತಿಷ್ಚಕ್ರದಲ್ಲಿರುವ) ಮೇಷ, ವೃಷಭ ಮೊ. ಹನ್ನೆರಡು ವಿಭಾಗಗಳು",Astrology Sign,Yes,a,2025-02-06 20:53:30
ರಾಶಿ,"ಜನವರಿ ಒಂದರಂದು ಸ್ವಾತಿ ನಕ್ಷತ್ರ, ತುಲಾ ರಾಶಿ ಇರುವುದರಿಂದ ಅದೃಷ್ಟದ ಸಂಕೇತವಾಗಿರುತ್ತದೆ.","ಜ್ಯೋತಿಷ್ಚಕ್ರದಲ್ಲಿರುವ) ಮೇಷ, ವೃಷಭ ಮೊ. ಹನ್ನೆರಡು ವಿಭಾಗಗಳು",Astrology Sign,Yes,a,2025-02-06 20:53:30
ರಾಶಿ,ಮೇಷ ರಾಶಿ ಕುಟುಂಬ ಮತ್ತು ಕಚೇರಿಯಲ್ಲಿ ಜಗಳವಾಗದಂತೆ ಹೊಂದಾಣಿಕೆಯಿಂದ ವ್ಯವಹರಿಸಿ.,"ಜ್ಯೋತಿಷ್ಚಕ್ರದಲ್ಲಿರುವ) ಮೇಷ, ವೃಷಭ ಮೊ. ಹನ್ನೆರಡು ವಿಭಾಗಗಳು",Astrology Sign,Yes,a,2025-02-06 20:53:30
ರಾಶಿ,ಸೋಮವಾರದ ರಾಶಿ ಭವಿಷ್ಯ .,"ಜ್ಯೋತಿಷ್ಚಕ್ರದಲ್ಲಿರುವ) ಮೇಷ, ವೃಷಭ ಮೊ. ಹನ್ನೆರಡು ವಿಭಾಗಗಳು",Astrology Sign,Yes,a,2025-02-06 20:53:30
ರಾಶಿ,"ಧನು ರಾಶಿ ಮಹಿಳೆ ಯಾವಾಗಲೂ ಕೇಳಲು ಮತ್ತು ಪ್ರೋತ್ಸಾಹಿಸುತ್ತೇವೆ, ಆದರೆ ಪ್ರಶ್ನೆಗಳನ್ನು ತಿನ್ನುವೆ ಉಳಿಸಿಕೊಳ್ಳಿ ಸಿದ್ಧವಾಗಿದೆ.","ಜ್ಯೋತಿಷ್ಚಕ್ರದಲ್ಲಿರುವ) ಮೇಷ, ವೃಷಭ ಮೊ. ಹನ್ನೆರಡು ವಿಭಾಗಗಳು",Astrology Sign,Yes,a,2025-02-06 20:53:30
ರಾಶಿ,"ಕೆಲವು ಅಧ್ಯಯನ, ಸಂಶೊಧನೆ ಹಾಗೂ ಜ್ಯೋತಿಷ್ಯ ಶಾಸ್ತ್ರದ ಪ್ರಕಾರ ಪ್ರತಿಯೊಂದು ರಾಶಿ ಚಕ್ರದವರಲ್ಲೂ ವಿಶೇಷವಾದ ರಹಸ್ಯ ಗುಣಗಳಿರುತ್ತವೆ.","ಜ್ಯೋತಿಷ್ಚಕ್ರದಲ್ಲಿರುವ) ಮೇಷ, ವೃಷಭ ಮೊ. ಹನ್ನೆರಡು ವಿಭಾಗಗಳು",Astrology Sign,Yes,a,2025-02-06 20:53:30
ರಾಶಿ,ಇಂದಿನ ರಾಶಿ ಭವಿಷ್ಯ ಗುರುವಾರದ ರಾಶಿಫಲ ಇಲ್ಲಿದೆ ನೋಡಿ.,"ಜ್ಯೋತಿಷ್ಚಕ್ರದಲ್ಲಿರುವ) ಮೇಷ, ವೃಷಭ ಮೊ. ಹನ್ನೆರಡು ವಿಭಾಗಗಳು",Astrology Sign,Yes,a,2025-02-06 20:53:30
ರಾಶಿ,ಮಕರ ರಾಶಿ : ಅತಿಯಾಗಿ ತಿನ್ನುವ ಮತ್ತು ಹೊರಗಿನ ಆಹಾರವನ್ನು ತಪ್ಪಿಸಬೇಕು.,"ಜ್ಯೋತಿಷ್ಚಕ್ರದಲ್ಲಿರುವ) ಮೇಷ, ವೃಷಭ ಮೊ. ಹನ್ನೆರಡು ವಿಭಾಗಗಳು",Astrology Sign,Yes,a,2025-02-06 20:53:30
ರಾಶಿ,ತುಂಬಾ ʼರೊಮ್ಯಾಂಟಿಕ್ʼ ಆಗಿರುತ್ತಾರೆ ಈ ರಾಶಿ ಹುಡುಗೀರು….,"ಜ್ಯೋತಿಷ್ಚಕ್ರದಲ್ಲಿರುವ) ಮೇಷ, ವೃಷಭ ಮೊ. ಹನ್ನೆರಡು ವಿಭಾಗಗಳು",Astrology Sign,Yes,a,2025-02-06 20:53:30
ರಾಶಿ,"ಏಪ್ರಿಲ್ 2018 , ಕಟಕ ರಾಶಿ ತಿಂಗಳ ಭವಿಷ್ಯ","ಜ್ಯೋತಿಷ್ಚಕ್ರದಲ್ಲಿರುವ) ಮೇಷ, ವೃಷಭ ಮೊ. ಹನ್ನೆರಡು ವಿಭಾಗಗಳು",Astrology Sign,Yes,a,2025-02-06 20:53:30
ರಾಶಿ,ಇದು ಎರೀಸ್ ಮತ್ತು ಧನು ರಾಶಿ ಜೊತೆಗೆ ಬೆಂಕಿ ಚಿಹ್ನೆಯಾಗಿದೆ .,"ಜ್ಯೋತಿಷ್ಚಕ್ರದಲ್ಲಿರುವ) ಮೇಷ, ವೃಷಭ ಮೊ. ಹನ್ನೆರಡು ವಿಭಾಗಗಳು",Astrology Sign,Yes,a,2025-02-06 20:53:30
ರಾಶಿ,ಮೇಷರಾಶಿ ಜನವರಿ ತಿಂಗಳ ರಾಶಿ ಭವಿಷ್ಯ 2020,"ಜ್ಯೋತಿಷ್ಚಕ್ರದಲ್ಲಿರುವ) ಮೇಷ, ವೃಷಭ ಮೊ. ಹನ್ನೆರಡು ವಿಭಾಗಗಳು",Astrology Sign,Yes,a,2025-02-06 20:53:30
ರಾಶಿ,ಪ್ರತಿ ರಾಶಿ ಚಕ್ರದವರು ತಮ್ಮದೇ ಆದ ವಿಶೇಷ ಲಕ್ಷಣವನ್ನು ಹೊಂದಿರುತ್ತಾರೆ.,"ಜ್ಯೋತಿಷ್ಚಕ್ರದಲ್ಲಿರುವ) ಮೇಷ, ವೃಷಭ ಮೊ. ಹನ್ನೆರಡು ವಿಭಾಗಗಳು",Astrology Sign,Yes,a,2025-02-06 20:53:30
ರಾಶಿ,ರಾಶಿ ಭವಿಷ್ಯ: 1 ಫೆಬ್ರವರಿ 2020,"ಜ್ಯೋತಿಷ್ಚಕ್ರದಲ್ಲಿರುವ) ಮೇಷ, ವೃಷಭ ಮೊ. ಹನ್ನೆರಡು ವಿಭಾಗಗಳು",Astrology Sign,Yes,a,2025-02-06 20:53:30
ರಾಶಿ,ಇಂದಿನ ಸಿಂಹ ರಾಶಿ ಭವಿಷ್ಯ,"ಜ್ಯೋತಿಷ್ಚಕ್ರದಲ್ಲಿರುವ) ಮೇಷ, ವೃಷಭ ಮೊ. ಹನ್ನೆರಡು ವಿಭಾಗಗಳು",Astrology Sign,Yes,a,2025-02-06 20:53:30
ರಾಶಿ,ವೃಷಭ ರಾಶಿ : ಇಂದು ನಿಮ್ಮ ಮನಸ್ಸು ಸಂತೋಷವಾಗುತ್ತದೆ.,"ಜ್ಯೋತಿಷ್ಚಕ್ರದಲ್ಲಿರುವ) ಮೇಷ, ವೃಷಭ ಮೊ. ಹನ್ನೆರಡು ವಿಭಾಗಗಳು",Astrology Sign,Yes,a,2025-02-06 20:53:31
ರಾಶಿ,ವೃಶ್ಚಿಕ ರಾಶಿ ಈ ಚಂದ್ರಗ್ರಹಣ ನಿಮಗೆ ಮಿಶ್ರ ಪರಿಣಾಮಗಳನ್ನು ನೀಡಲಿದೆ.,"ಜ್ಯೋತಿಷ್ಚಕ್ರದಲ್ಲಿರುವ) ಮೇಷ, ವೃಷಭ ಮೊ. ಹನ್ನೆರಡು ವಿಭಾಗಗಳು",Astrology Sign,Yes,a,2025-02-06 20:53:31
ರಾಶಿ,ಮಿಥುನ ರಾಶಿ : ವಿನೋದ ಮತ್ತು ಮನರಂಜನಾ ಪ್ರವೃತ್ತಿಯಲ್ಲಿ ನೀವು ವಿಶೇಷವಾಗಿ ಆಸಕ್ತಿ ಹೊಂದಿರುತ್ತೀರಿ.,"ಜ್ಯೋತಿಷ್ಚಕ್ರದಲ್ಲಿರುವ) ಮೇಷ, ವೃಷಭ ಮೊ. ಹನ್ನೆರಡು ವಿಭಾಗಗಳು",Astrology Sign,Yes,a,2025-02-06 20:53:31
ರಾಶಿ,"ಈ ಮೊದಲ ಮತ್ತು ಎರಡನೇ - ಒಂದು ವೈಯಕ್ತಿಕ ಸಭೆಯಲ್ಲಿ ನೀವು, ಕಾರ್ಪೊರೇಟ್ ಒಂದು ಛಾಯಾಗ್ರಾಹಕನಾಗಿ, ಪತ್ತೆ ಮಾಡಬೇಕು - ಭವಿಷ್ಯದ ಚಿತ್ರಗಳಿಂದ ಗ್ರಾಹಕ ರಾಶಿ ನಿಖರವಾಗಿ, ಮತ್ತು ನಿಮ್ಮ ಗ್ರಾಹಕರ ಫೋಟೋಗಳನ್ನು ಮೂಲಭೂತ ಕಲಿಸಲು ಅಲ್ಲ.",ಸಮೂಹ,Heap,Yes,a,2025-02-06 20:47:51
ರಾಶಿ,"ದೇವರಜೀವನಹಳ್ಳಿ ಮುಖ್ಯ ರಸ್ತೆಯಲ್ಲಿ ರಾಶಿ ರಾಶಿಯಾಗಿ ಬಿದ್ದಿದ್ದ ಕಸವನ್ನು ಗಮನಿಸಿದ ಅವರು, ಕಸ ವಿಲೇವಾರಿಗಾಗಿ ಏನು ಕ್ರಮ ಕೈಗೊಂಡಿದ್ದೀರಿ?",ಸಮೂಹ,Heap,Yes,a,2025-02-06 20:47:51
ರಾಶಿ,ಈ ನೀರಿಗೆ ಯಾರೋ ಕಿಡಿಗೇಡಿಗಳು ತ್ಯಾಜ್ಯಗಳನ್ನು ತಂದು ಹಾಕುತ್ತಿದ್ದು ನೀರು ಕಲುಷಿತಗೊಂಡಿದ್ದು ಸುತ್ತಮುತ್ತಲು ತ್ಯಾಜ್ಯಗಳ ರಾಶಿ ಇದ್ದು ದುರ್ನಾತ ಬೀರುತ್ತಿದೆ.,ಸಮೂಹ,Heap,Yes,a,2025-02-06 20:47:51
ರಾಶಿ,"ಅನೂಪ್‌ ಜನಾರ್ಧನ್‌ ಮಾತನಾಡಿ, ಪಶ್ಚಿಮಘಟ್ಟದಲ್ಲಿ ನಡೆಯುತ್ತಿರುವ ಅವೈಜ್ಞಾನಿಕ ಕಾಮಗಾರಿಗಳಿಂದಾಗಿ ಅಸಂಖ್ಯಾತ ವೃಕ್ಷ ರಾಶಿ ಸರ್ವನಾಶವಾಗುತ್ತಿದೆ.",ಸಮೂಹ,Heap,Yes,a,2025-02-06 20:47:51
ರಾಶಿ,"ಮುಂಡಗೋಡ: ಭತ್ತದ ಗದ್ದೆಗಳಿಗೆ ದಾಳಿ ಮಾಡಿರುವ ಕಾಡಾನೆಗಳ ಹಿಂಡು ಕೊಯ್ಲಿಗೆ ಬಂದ ಭತ್ತ ಹಾಗೂ ರಾಶಿ ಮಾಡಲು ಹಾಕಿದ ಬಣವೆಯಲ್ಲಿನ ಭತ್ತವನ್ನು ತಿಂದು, ತುಳಿದು ಹಾನಿ ಮಾಡಿದ ಘಟನೆ ತಾಲ್ಲೂಕಿನ ಗುಂಜಾವತಿ ಗ್ರಾಮ ಪಂಚಾಯ್ತಿ ವ್ಯಾಪ್ತಿಯ ಕಳಕಿಕೇರಾ ಗ್ರಾಮದಲ್ಲಿ ಮಂಗಳವಾರ ರಾತ್ರಿ ಸಂಭವಿಸಿದೆ.",ಸಮೂಹ,Heap,Yes,a,2025-02-06 20:47:51
ರಾಶಿ,"ಶನಿವಾರ ತಡ ರಾತ್ರಿ ವೇಳೆ ಮತ್ತೆ ಇಂತಹದ್ದೇ ಪ್ರಕರಣವೊಂದು ನಡೆದಿದ್ದು, ಕೋಳಿ ಸಾಗಾಟದ ಮಿನಿ ಟೆಂಪೋವೊಂದು ಇಲ್ಲಿನ ಜಲ್ಲಿ ಹಾಗೂ ಮರಳು ರಾಶಿ ಚಾಲಕನ ಗಮನಕ್ಕೆ ಬಾರದೆ ನಿಯಂತ್ರಣ ಮೀರಿ ರಸ್ತೆಯಲ್ಲೇ ಪಲ್ಟಿಯಾಗಿದೆ.",ಸಮೂಹ,Heap,Yes,a,2025-02-06 20:47:51
ರಾಶಿ,ನಗರದ ಸ್ಯೂಯೇಜ್ ಫಾರಂನಲ್ಲಿನ ಕಸದ ರಾಶಿ,ಸಮೂಹ,Heap,Yes,a,2025-02-06 20:47:51
ರಾಶಿ,ಮಸ್ಕಿ 23: ಪಟ್ಟಣದ ಮಟ್ಟೂರು ಗ್ರಾಮದಲ್ಲಿ ರೈತನಾದ ತೂಗಪ್ಪ ಬಸಣ್ಣ ಸೇರಿದ್ದ 3 ಎಕರೆ ಜಮೀನುನಲ್ಲಿ ರಾಶಿ ಮಾಡಲು ಕ್ಯೋಯಿದಿದ ತೋಗರಿ ಬೇಳೆಗೆ ಯಾರು ಕೀಡಿಗೇಡಿಗಳು ಬೆಂಕಿ ಹಂಚಿದರು.,ಸಮೂಹ,Heap,Yes,a,2025-02-06 20:47:51
ರಾಶಿ,"ಮುಂಗಡವಾಗಿ ಊಟದ ಜೋಳ ಬಿತ್ತನೆ ಮಾಡಿದ್ದ ಬೆರಳೆಣಿಕೆಯ ರೈತರು ತೆನೆ ಕೊಯ್ದು ರಾಶಿ ಮಾಡಿಕೊಂಡಿದ್ದರೇ, ಬೆಳೆ ಕಳೆದುಕೊಂಡ ರೈತರು ಕೈಸುಟ್ಟು ಕೊಳ್ಳುವಂತಾಗಿದೆ.",ಸಮೂಹ,Heap,Yes,a,2025-02-06 20:47:51
ರಾಶಿ,"ಮಹೋದಯಾ, ನಾನು ಇಷ್ಟು ದೊಡ್ಡ ಕಾರ್ಖಾನೆಗಳಿಂದ, ಇಷ್ಟೊಂದು ಸಿಬ್ಬಂದಿಯಿಂದ, ರಾಶಿ ದುಡ್ಡಿನಿಂದ ಸಾಧಿಸಲಾಗದ್ದನ್ನು ನೀನು ಈ ಒಂದು ತೋಳುದ್ದದ ಮರದ ಕೊಳವೆಯಿಂದ ಸಾಧಿಸಿಬಿಟ್ಟಿದ್ದೀಯಲ್ಲಪ್ಪಾ!",ಸಮೂಹ,Heap,Yes,a,2025-02-06 20:47:51
ರಾಶಿ,"ಮಾನವ ಸೃಷ್ಟಿಸುವ ರಾಶಿ ರಾಶಿ ಕಸವು ಮುಗ್ದ ಜೀವಿಗಳ ಜೀವಕ್ಕೆ ಕುಂದು ತರುತ್ತಿದೆ, ಎಂದು ಪ್ರವೀಣ್ ಕಸ್ವಾನ್ ಟ್ವೀಟ್ ಮಾಡಿದ್ದಾರೆ.",ಸಮೂಹ,Heap,Yes,a,2025-02-06 20:47:51
ರಾಶಿ,ಈ ಸಸ್ಯ ಶೀತ ಹವಾಮಾನ ರವರೆಗೆ ಬೃಹತ್ ಹಸಿರು ರಾಶಿ ನಿರ್ಮಿಸಲು ಸಮಯ ಹೊಂದಿದೆ.,ಸಮೂಹ,Heap,Yes,a,2025-02-06 20:47:51
ರಾಶಿ,ಕುಮಟಾ ತಾಲ್ಲೂಕಿನ ಖೈರೆ ಗ್ರಾಮದ ಸರ್ಕಾರಿ ಶಾಲೆಯ ಸಮೀಪ ಅನಧಿಕೃತ ಗುಜರಿ ಸಾಮಗ್ರಿ ರಾಶಿ,ಸಮೂಹ,Heap,Yes,a,2025-02-06 20:47:51
ರಾಶಿ,"ಪೇಟೆಗಳಲ್ಲಿ ಅಂಗಡಿ ಮಾಲಿಕರು ತಮ್ಮ ಅಂಗಡಿ ಬಾಗಿಲುಗಳಲ್ಲಿ ಗುಡಿಸಿ ಒಟ್ಟು ಮಾಡಿದ ಕಸ, ಪ್ಲಾಸ್ಟಿಕ್‌ ತ್ಯಾಜ್ಯವನ್ನು ನಾಶಗೊಳಿಸಲು ಮರಗಳ ಬುಡದಲ್ಲಿ ರಾಶಿ ಹಾಕಿ ಬೆಂಕಿ ಇಡುತ್ತಾರೆ.",ಸಮೂಹ,Heap,Yes,a,2025-02-06 20:47:51
ರಾಶಿ,ಹೀಗೆ ಕುಯ್ದ ನಂತರ ಕಣದಲ್ಲಿ ಧಾನ್ಯವನ್ನು ಬೇರ್ಪಡಿಸಿ ರಾಶಿ ಕಟ್ಟುತ್ತಾರೆ.,ಸಮೂಹ,Heap,Yes,a,2025-02-06 20:47:51
ರಾಶಿ,ತೋಟಗಳಿಂದ ಹಣ್ಣುಗಳನ್ನು ತಂದು ರಾಶಿ ಹಾಕಲಾಗುತ್ತದೆ.,ಸಮೂಹ,Heap,Yes,a,2025-02-06 20:47:51
ರಾಶಿ,ಈ ಬನದಲ್ಲಿ ರಾಶಿ ಬಿದ್ದ ಮಣ್ಣ ಹರಕೆಗಳನ್ನು ನೋಡುತ್ತಿದ್ದರೆ ದಂಗಾಗಿ ನಿಲ್ಲುತ್ತೇವೆ.,ಸಮೂಹ,Heap,Yes,a,2025-02-06 20:47:51
ರಾಶಿ,"ರಸ್ತೆಯ ಇಕ್ಕೆಲಗಳು ಮತ್ತು ಪಾದಚಾರಿ ಮಾರ್ಗಗಳಲ್ಲಿ ಮಾರಾಟವಾಗದೆ ಉಳಿದ ಬಾಳೆಕಂಬ, ಬೂದುಗುಂಬಳ, ಮಾವಿನಸೊಪ್ಪುಮತ್ತು ಬಾಡಿದ ಹೂವುಗಳು ರಾಶಿ ಬಿದ್ದಿದ್ದು, ಬಿಡದೆ ಸುರಿಯುತ್ತಿರುವ ಮಳೆಯಿಂದಾಗಿ ಕೊಳೆತು ದುರ್ವಾಸನೆ ಬೀರುತ್ತಿವೆ.",ಸಮೂಹ,Heap,Yes,a,2025-02-06 20:47:51
ರಾಶಿ,ಕುಮಾರಿ ಭೇಟಿ ನೀಡಿದ್ದಾಗ ಕ್ಷೇತ್ರದಲ್ಲಿ ವರ್ಷಗಳಿಂದಲೂ ತ್ಯಾಜ್ಯವಸ್ತುಗಳ ರಾಶಿ ಹಾಗೆಯೇ ಉಳಿದುಕೊಂಡಿತ್ತು.,ಸಮೂಹ,Heap,Yes,a,2025-02-06 20:47:51
ರಾಶಿ,ರಾಶಿ ಎಳೆದೆಳೆದು ಹಾಕಿ,ಸಮೂಹ,Heap,Yes,a,2025-02-06 20:47:51
ರಾಶಿ,ಮದ್ಯದ ಬಾಟಲಿಗಳು ರಾಶಿ ಬದ್ದಿವೆ.,ಸಮೂಹ,Heap,Yes,a,2025-02-06 20:47:51
ರಾಶಿ,ರಾಜ್ಯದಲ್ಲಿ ಪ್ಲಾಸ್ಟಿಕ್‌ ನಿಷೇಧ ಆದೇಶವು ಜಾರಿಗೆ ಬಂದಿರುವಂತೆಯೇ ಕೆಎಸ್‌ಆರ್‌ಟಿಸಿ ಡಿಪ್ಪೋ ಪರಿಸರದಲ್ಲಿ ಪ್ಲಾಸ್ಟಿಕ್‌ ಮಾಲಿನ್ಯ ರಾಶಿ ಜನಸಾಮಾನ್ಯರಿಗೆ ಹೆಚ್ಚಿನ ಸಮಸ್ಯೆಯಾಗಿ ಪರಿಣಮಿಸಿದೆ.,ಸಮೂಹ,Heap,Yes,a,2025-02-06 20:47:51
ರಾಶಿ,ಅವರ ಎದುರಿನಲ್ಲಿ ಅಕ್ಕಿಯ ಸಣ್ಣ ರಾಶಿ ಇರುತ್ತದೆ.,ಸಮೂಹ,Heap,Yes,a,2025-02-06 20:47:51
ರಾಶಿ,ಒಂದೇ ಗುಡ್ಡೆಗೆ ರಾಶಿ ಮಾಡಿ ಯಂತ್ರದಿಂದ ಶುಚಿ ಮಾಡಿಸಿಕೊಳ್ಳುತ್ತಿದ್ದಾರೆ.,ಸಮೂಹ,Heap,Yes,a,2025-02-06 20:47:51
ರಾಶಿ,ಈ ಹಿಂದೆ ತೀಳ್‌ಮಾತಿಗೆ ಭೇಟಿ ಕೊಟ್ಟಾಗ ಅಲ್ಲಿನ ತ್ಯಾಜ್ಯಗಳ ರಾಶಿ ಕಂಡು ಬೇಸರವಾಗಿತ್ತು.,ಸಮೂಹ,Heap,Yes,a,2025-02-06 20:47:51
ರಾಶಿ,ಆದರೆ ಇದು ಒಂದು ರಾಶಿ ಎಲ್ಲ ಉರುಳಿಸಲು ಸೂಕ್ತವಲ್ಲ.,ಸಮೂಹ,Heap,Yes,a,2025-02-06 20:47:51
ರಾಶಿ,"ಜಲಂಧರ್‌ನಿಂದ ಬಂದ ಆಲೂಗಡ್ಡೆ: ಸದ್ಯ ಚಿಕ್ಕಬಳ್ಳಾಪುರ ಎಪಿಎಂಸಿ ಮಾರುಕಟ್ಟೆಯಲ್ಲಿ ರೈತರಿಗೆ ಮಾರಾಟ ಮಾಡಲು ವ್ಯಾಪಾರಸ್ಥರು ಲೋಡ್‌ಗಟ್ಟಲೇ ಪಂಜಾಬ್‌ನ ಜಲಂಧರ್‌ನಿಂದ ತರಿಸಿರುವ ಬಿತ್ತನೆ ಆಲೂಗಡ್ಡೆ ಮೂಟೆಗಳ ರಾಶಿ ರಾಶಿ ಕಂಡು ಬರುತ್ತಿದ್ದು, ರೈತರು ಕೂಡ ಗುಣಮಟ್ಟದ ಆಲೂಗಡ್ಡೆ ಹುಡುಕಾಟ ನಡೆಸಿ ತಮಗೆ ಅಗತ್ಯವಾದ ಬಿತ್ತನೆ ಆಲೂಗಡ್ಡೆಯನ್ನು ಖರೀದಿ ಕೊಂಡೊಯ್ಯುತ್ತಿರುವ ದೃಶ್ಯಗಳು ಸಾಮಾನ್ಯವಾಗಿವೆ.",ಸಮೂಹ,Heap,Yes,a,2025-02-06 20:47:51
ರಾಶಿ,"ರೈತನೊಬ್ಬ ಕಣದಲ್ಲಿ ನಿಂತು ಕಾಳಿನಿಂದ ಕಸಕಡ್ಡಿ ಬೇರ್ಪಡಿಸುತ್ತಿರುವುದು, ಮಹಿಳೆಯೊಬ್ಬರು ಈ ಧಾನ್ಯಗಳನ್ನು ಒಂದೆಡೆ ಗುಡ್ಡೆ ಹಾಕಿ, ರಾಶಿ ಮಾಡುವ ಕಾರ್ಯದಲ್ಲಿ ನಿರತರಾಗಿರುವ ದೃಶ್ಯಗಳು ಕಣ್ಣಿಗೆ ಮನೋಹರ ಹಾಗೂ ಮನಸ್ಸಿಗೆ ಮುದ ನೀಡುತ್ತವೆ.",ಸಮೂಹ,Heap,Yes,a,2025-02-06 20:47:51
ರಾಶಿ,: ಮಂಗಳೂರಿನ ಬಿಜೈಯಲ್ಲಿರುವ ಐಷಾರಾಮಿ ಮನೆಯಲ್ಲಿ ಪರಿಶೀಲನೆ ನಡೆಸಿದ ಅಧಿಕಾರಿಗಳು ಹಣದ ರಾಶಿ ಕಂಡು ಬೆಚ್ಚಿಬಿದ್ದಿದ್ದಾರೆ.,ಸಮೂಹ,Heap,Yes,a,2025-02-06 20:47:52
ರಾಶಿ,"ನನ್ನ ಊಹೆ ನಿಜವಾಗಿತ್ತು, ಅಲ್ಲಿ ಆ ಮುದುಕ ದೊಡ್ಡ ಬಿದುರಿನ ಬುಟ್ಟಿಯಲ್ಲಿ ಸುಲಿಯದ ತೆಂಗಿನ ಕಾಯಿಗಳ ಗಾತ್ರದ ಬುರುಡೆಗಳನ್ನು ತಂದು ರಾಶಿ ಮಾಡುತ್ತಿದ್ದ.",ಸಮೂಹ,Heap,Yes,a,2025-02-06 20:47:52
ರಾಶಿ,"ಕಾಮನನ್ನು ಸುಡಲು ಹುಡುಗರು ಊರೆಲ್ಲ ಕೊಳ್ಳೆ ಹೊಡೆದು ಯಾರದೋ ಮನೆಯ ಮಹಡಿ ಮೇಲೆ ರಾಶಿ ಮಾಡಿದ ಕುಳ್ಳು, ಕಟ್ಟಿಗೆ, ಬಾನ, ಬಿದಿರುಗಳನ್ನು ಉಒಯೋಗಿಸಲಾಗುತ್ತದೆ.",ಸಮೂಹ,Heap,Yes,a,2025-02-06 20:47:52
ರಾಶಿ,ಅಂಥದ್ದರಲ್ಲಿ ಅದನ್ನು ಕಡುಬಿಸಿಲಿನಲ್ಲಿ ಡಾಂಬರು ರಸ್ತೆಗೆ ಹಾಕಿ ರಾಶಿ ಮಾಡಲಾಗುತ್ತದೆ.,ಸಮೂಹ,Heap,Yes,a,2025-02-06 20:47:52
ರಾಶಿ,"ಹತ್ತಿರ ಹೋಗುತ್ತಿದ್ದಂತೆ ಒಡಲಲ್ಲಿ ಕಾಣುವ ಕಸ, ಪ್ಲಾಸ್ಟಿಕ್‌ ತಾಜ್ಯ ಹಾಗೂ ಕಟ್ಟಡ ತ್ಯಾಜ್ಯದ ರಾಶಿ ಮಾಲಿನ್ಯದ ದರ್ಶನ ಮಾಡಿಸುತ್ತದೆ.",ಸಮೂಹ,Heap,Yes,a,2025-02-06 20:47:52
ರಾಶಿ,ಅಲ್ಲದೆ ಸ್ವಚ್ಛತೆ ವಿಚಾರದಲ್ಲಿ ಎಲ್ಲಾ ಬಡಾವಣೆಗಳಲ್ಲೂ ಕಸದ ರಾಶಿ ಬಿದ್ದಿದೆ.,ಸಮೂಹ,Heap,Yes,a,2025-02-06 20:47:52
ರಾಶಿ,"ಬೆಂಗಳೂರು ನೀಡ್ಸ್ ಯು ತಂಡದ ಶ್ರಮವನ್ನು ಮೆಚ್ಚಿದ ಕಾರ್ಪೊರೇಟರ್ ಅಬ್ದುಲ್ ಜಕೀರ್ ಅವರು, ಮೂರ್ ರಸ್ತೆಯಲ್ಲಿ 35 ವರ್ಷಗಳಿಂದ ಕಸದ ರಾಶಿ ಬೀಳುತ್ತಿತ್ತು.",ಸಮೂಹ,Heap,Yes,a,2025-02-06 20:47:52
ರಾಶಿ,ತೊಗರಿ ರಾಶಿ ಮಾಡಿದ ತಕ್ಷಣ ಟ್ರ್ಯಾಕ್ಟರ್‌ನಿಂದ ಹೊಲಕ್ಕೆ ನೇಗಿಲು ಹೊಡಿಸಿದ್ದೆ.,ಸಮೂಹ,Heap,Yes,a,2025-02-06 20:47:52
ರಾಶಿ,"ಬೀದರ್‍ನಲ್ಲಿ ಗೋವುಗಳ ಮಾರಣಹೋಮ – ಅಕ್ರಮ ಕಸಾಯಿಖಾನೆಗಳಲ್ಲಿ ಮೂಳೆ, ಕೊಂಬುಗಳ ರಾಶಿ",ಸಮೂಹ,Heap,Yes,a,2025-02-06 20:47:52
ರಾಶಿ,ತಗ್ಗು ತೋಡಿ ಅದರಲ್ಲಿ ಸೌದೆ ರಾಶಿ ಹಾಕಿ ಬೆಂಕಿ ಉರಿಸಲಾಗುತ್ತದೆ.,ಸಮೂಹ,Heap,Yes,a,2025-02-06 20:47:52
ರಾಶಿ,"ನೀವು ತಿರುಗಿ ಒಂದು ಕೋನ್ ಆಕಾರ ಮಾಡಿದಾಗ ಗಿಣ್ಣು ರಾಶಿ ಆರಂಭಿಕ ಗಂಟೆಗಳಲ್ಲಿ ಅಂಡಾಕಾರದ ತಲೆಯ ರೂಪದಲ್ಲಿ ತೆಗೆದುಕೊಳ್ಳುತ್ತದೆ, ಮತ್ತು ನಂತರ.",ಸಮೂಹ,Heap,Yes,a,2025-02-06 20:47:52
ರಾಶಿ,ಪಂಪಾ ನದಿಯ ಹಿಂದಿನ ಸೊಬಗು ಕಾಣಲು ನದಿಯಲ್ಲಿ ಲೋಡ್‌‌ಗಟ್ಟಳೆ ಬಿದ್ದಿರುವ ಮರಳಿನ ರಾಶಿ ತೆರವು ಮಾಡಬೇಕಿದೆ.,ಸಮೂಹ,Heap,Yes,a,2025-02-06 20:47:52
ಲಿಂಗ,"ಹಸಿರು, ಹಳದಿ, ಬಿಳಿ: ನೀವು ಎರಡೂ ಲಿಂಗ ಸೂಕ್ತವಾದ ತಟಸ್ಥ ಬಣ್ಣಗಳು ಬಳಸಬಹುದು.",Gender,Gender,Yes,a,2025-02-06 13:07:04
ಲಿಂಗ,"ಅದೇ ಆಸೆಯ ಬಲೆಯಲ್ಲಿದ್ದವನು ಗರ್ಭಿಣಿ ಪತ್ನಿಗೆ ಲಿಂಗ ಪರೀಕ್ಷೆ ಮಾಡಿಸಿಕೋ, ನೀನು ಹೆತ್ತಿರುವ ಐವರು ಪುತ್ರಿಯರು ನನಗೆ ಸಾಕಾಗಿದ್ದಾರೆ.",Gender,Gender,Yes,a,2025-02-06 13:07:04
ಲಿಂಗ,ಲಿಂಗ ಸಂಬಂಧಗಳಿಗೆ ಅತೀತವಾದ ನೆಲೆಯಲ್ಲಿ ಅಭಿವೃದ್ಧಿಯನ್ನು ಪರಿಭಾವಿಸಿಕೊಳ್ಳುವುದು ಸರಿಯಲ್ಲ.,Gender,Gender,Yes,a,2025-02-06 13:07:04
ಲಿಂಗ,"ಲಿಂಗ ಸಮಾನತೆ ದೃಷ್ಟಿಯಲ್ಲಿ ನೋಡಿದರೂ,ರಾಜ್ಯದ ಎರಡು ವಿವಿಗಳಿಗಷ್ಟೇ ಮಹಿಳೆಯರು ನೇಮಕಗೊಂಡಿದ್ದಾರೆ.",Gender,Gender,Yes,a,2025-02-06 13:07:04
ಲಿಂಗ,ರವರೆಗೆ ನಾಯಕತ್ವದ ಸ್ಥಾನಗಳಲ್ಲಿ ಲಿಂಗ ಸಮಾನತೆ ಸಾಧಿಸುವುದು ಚಳುವಳಿಯ ಕಾರ್ಯಗಳಲ್ಲಿ ಒಂದಾಗಿದೆ.,Gender,Gender,Yes,a,2025-02-06 13:07:04
ಲಿಂಗ,ಗರ್ಭಾವಸ್ಥೆಯಲ್ಲಿ ಭ್ರೂಣದ ಲಿಂಗ ಪತ್ತೆ ಮಾಡುವ ತಂತ್ರಜ್ಞಾನ ಸಂಸ್ಥೆಗಳು ಇಂದು ಬೃಹತ್‌ ಉದ್ದಿಮೆಯಾಗಿ ಬೆಳೆದಿವೆ.,Gender,Gender,Yes,a,2025-02-06 13:07:04
ಲಿಂಗ,"ಮಹಿಳೆಯರ ರಚನಾತ್ಮಕ ದಬ್ಬಾಳಿಕೆ, ನಿರ್ದಿಷ್ಟವಾಗಿ ಆರ್ಥಿಕ ರೀತಿಯ, ಸಮಾಜದಲ್ಲಿ ಸ್ಪಷ್ಟವಾಗಿ ಕಾಣುವ ಒಂದು ವಿಧಾನವು ಲಿಂಗ ವೇತನದ ಅಂತರದಲ್ಲಿದೆ , ಇದು ಪುರುಷರು ವಾಡಿಕೆಯಂತೆ ಮಹಿಳೆಯರಿಗೆ ಒಂದೇ ಕೆಲಸಕ್ಕೆ ಹೆಚ್ಚು ಹಣವನ್ನು ಗಳಿಸುತ್ತದೆ.",Gender,Gender,Yes,a,2025-02-06 13:07:04
ಲಿಂಗ,"ವಸ್ತುಸ್ಥಿತಿ ಹೀಗಿದ್ದರೂ ಸಹ ಹೆಣ್ಣು ಶಿಶುಗಳ ಆಹಾರ ಪೋಷಣೆ, ಆರೋಗ್ಯ ಅಲಕ್ಷ್ಯಕ್ಕೆ ಒಳಗಾಗುತ್ತಿರುವುದರಿಂದ ಅವು ಒಂದು ವರ್ಷದೊಳಗೇ ಗಂಡು ಮಕ್ಕಳಿಗಿಂತಾ ಹೆಚ್ಚಿನ ಸಂಖ್ಯೆಯಲ್ಲಿ ಸಾವನ್ನಪ್ಪುತ್ತಿದ್ದು ಈ ಅಂಕಿ ಅಂಶಗಳು ನಮ್ಮ ಸಮಾಜದಲ್ಲಿ ಬೇರೂರಿರುವ ಲಿಂಗ ಪಕ್ಷಪಾತೀ ಧೋರಣೆಗೆ ದ್ಯೋತಕವಾಗಿದೆ.",Gender,Gender,Yes,a,2025-02-06 13:07:04
ಲಿಂಗ,ಲಿಂಗ ತಾರತಮ್ಯದ ಕತ್ತಿ ವಾಸ್ತವವಾಗಿ ಎರಡೂ ರೀತಿಗಳನ್ನು ಕಡಿದುಗೊಳಿಸುತ್ತದೆ ಎಂಬ ಗೊಂದಲದ ಜ್ಞಾಪನೆಯಾಗಿದೆ.,Gender,Gender,Yes,a,2025-02-06 13:07:04
ಲಿಂಗ,"ಆದರೆ ಯಾವುದೇ ವ್ಯಕ್ತಿ ಜಾತಿ, ಧರ್ಮ ಹಾಗೂ ಲಿಂಗ ಆಧಾರದಲ್ಲಿ ಬೆಳೆಯಲು ಸಾಧ್ಯವಿಲ್ಲ.",Gender,Gender,Yes,a,2025-02-06 13:07:04
ಲಿಂಗ,"ನವದೆಹಲಿ: ವ್ಯಭಿಚಾರ ತಡೆ ಕಾನೂನು ಲಿಂಗ ತಾರತಮ್ಯ ಮಾಡುತ್ತಿದೆ ಎಂಬ ಅರ್ಜಿಯ ವಿಚಾರಣೆಯನ್ನು ಪೂರ್ಣಗೊಳಿಸಿರುವ ಸುಪ್ರೀಂ ಕೋರ್ಟ್, ತೀರ್ಪು ಕಾಯ್ದಿರಿಸಿದೆ.",Gender,Gender,Yes,a,2025-02-06 13:07:04
ಲಿಂಗ,ತೀವ್ರ ಒತ್ತಡದಿಂದ ವೈದ್ಯೆ ಲಿಂಗ ಪತ್ತೆ ಮಾಡಿದಾಗ ಅದು ಕೂಡ ಹೆಣ್ಣು ಮಗು ಎಂದು ತಿಳಿಯಿತು.,Gender,Gender,Yes,a,2025-02-06 13:07:04
ಲಿಂಗ,ಭ್ರೂಣದ ಲಿಂಗ ಪತ್ತೆ ಹಚ್ಚಿ ಹೆಣ್ಣಭ್ರೂಣಗಳನ್ನು ಗರ್ಭ­ಪಾತ ಮಾಡಿಸಿಕೊಳ್ಳಲೂ ಆಧುನಿಕ ವೈದ್ಯ­ಕೀಯ ತಂತ್ರಜ್ಞಾನ ಪಿತೃಪ್ರಧಾನ ಸಂಸ್ಕೃತಿಯ ಉಳಿವಿನ ನೆರವಿಗೆ ಬರು­ತ್ತಿದೆ.,Gender,Gender,Yes,a,2025-02-06 13:07:04
ಲಿಂಗ,"ನಿಮ್ಮ ಗರಿಷ್ಠ ಹೃದಯದ ಬಡಿತವನ್ನು ನಿಮ್ಮ ಆನುವಂಶಿಕ ಮೇಕಪ್, ಲಿಂಗ ಮತ್ತು ವಯಸ್ಸು ನಿರ್ಧರಿಸುತ್ತದೆ.",Gender,Gender,Yes,a,2025-02-06 13:07:04
ಲಿಂಗ,ಈ ಲಿಂಗ ಬದಲಾಯಿಸಬಹುದು ಇಚ್ಚಿಸಬಹುದು ತಿಳಿಯಲು ಮುಖ್ಯ.,Gender,Gender,Yes,a,2025-02-06 13:07:04
ಲಿಂಗ,ಲಿಂಗ ಅಸಮಾನತೆ ದೃಷ್ಟಿಯಿಂದ ಜಾಗತಿಕವಾಗಿ ಭಾರತ ಅತ್ಯಂತ ಕೆಳಗಿನ ಮಟ್ಟದಲ್ಲಿದೆ.,Gender,Gender,Yes,a,2025-02-06 13:07:04
ಲಿಂಗ,"ಲಿಂಗ ಹಾಗೂ ಲಕ್ಷಣಗಳನ್ನು ಥೈರಾಯ್ಡ್ ಗ್ರಂಥಿಯ ಗಾತ್ರ ಅತ್ಯಂತ ನೇರ ಪರಿಣಾಮ: 20 40 ಗ್ರಾಂ ಪ್ರಾಸಂಗಿಕವಾಗಿ, ಥೈರಾಯ್ಡ್ ಗ್ರಂಥಿಯ ತೂಕದ 65 ಗ್ರಾಂ ಒಂದು ಗರಿಷ್ಠ ಒಂದು ಬಹಳ ಪ್ರಮುಖ ವಿವರ ಇಲ್ಲ ಮೀರಬಹುದು ಅದೇ ಸಮಯದಲ್ಲಿ ಥೈರಾಯ್ಡ್ ಹಾಲೆಗಳು ಆಯಾಮಗಳು ಇರುತ್ತದೆ.",Gender,Gender,Yes,a,2025-02-06 13:07:04
ಲಿಂಗ,22: ತೃತೀಯ ಲಿಂಗ ಸಮುದಾಯ ಭಿಕ್ಷೆ ಬೇಡದಂತೆ ಮಾಡುವ ಸಲುವಾಗಿ ಸರಕಾರಗಳು ಆರ್ಥಿಕ ಸಬಲೀಕರಣಕ್ಕಾಗಿ ಪರ್ಯಾಯ ವ್ಯವಸ್ಥೆಯನ್ನು ಕಲ್ಪಿಸಬೇಕು ಹಾಗೂ ಅವರಿಗೆ ಸೂಕ್ತವಾದ ಶಿಕ್ಷಣ ನೀಡಬೇಕು ಎಂದು ಸಾಮಾಜಿಕ ಹೋರಾಟಗಾರ ಹಾಗೂ ಚಲನಚಿತ್ರ ನಟ ಚೇತನ್ ಆಗ್ರಹಿಸಿದ್ದಾರೆ.,Gender,Gender,Yes,a,2025-02-06 13:07:04
ಲಿಂಗ,"ಲಿಯಾ ಲಿಟೊಸ್ಸೆಲಿಟಿ ಮತ್ತು ಜೇನ್ ಸುಂದರ್ಲ್ಯಾಂಡ್ರಿಂದ ಲಿಂಗ ಗುರುತಿಸುವಿಕೆ ಮತ್ತು ಪ್ರವಚನ ವಿಶ್ಲೇಷಣೆ , ಆವೃತ್ತಿ.",Gender,Gender,Yes,a,2025-02-06 13:07:04
ಲಿಂಗ,"ಎಲ್ಲಾ ಗುಣವಾಚಕಗಳಂತೆ, ಪ್ರಶ್ನಾರ್ಹ ವಿಶೇಷಣಗಳು ಲಿಂಗ ಮತ್ತು ಸಂಖ್ಯೆಗಳನ್ನು ಒಪ್ಪಿಕೊಳ್ಳುವ ನಾಮಪದಗಳೊಂದಿಗೆ ಸಮ್ಮತಿಸುತ್ತವೆ.",Gender,Gender,Yes,a,2025-02-06 13:07:04
ಲಿಂಗ,ಲಿಂಗ ಪತ್ತೆ ಕೇಂದ್ರಗಳ ಬಗ್ಗೆ ಅವರು ಮಾಹಿತಿ ನೀಡಬೇಕು.,Gender,Gender,Yes,a,2025-02-06 13:07:04
ಲಿಂಗ,ದೇಶದ ಅರ್ಥ ವ್ಯವಸ್ಥೆಯಲ್ಲಿ ಲಿಂಗ ಸಮಾನತೆ ಮತ್ತು ಕೆಲಸದ ಸ್ಥಳಗಳಲ್ಲಿ ಲಿಂಗ ಆಧಾರಿತ ಅಸಮಾನತೆ ನಿವಾರಣೆ 2186 ಕ್ಕೆ ಸಾಧ್ಯವಿಲ್ಲವೆಂದು ವರದಿಯೊಂದು ಹೇಳಿದೆ.,Gender,Gender,Yes,a,2025-02-06 13:07:04
ಲಿಂಗ,ಮಹಿಳಾ ಚಳುವಳಿಯಲ್ಲೂ ಸಾಕ್ಷರತೆಯ ಲಿಂಗ ಸಂಬಂಧಿ ಅಸಮಾನತೆಯ ಬಗ್ಗೆ ಆಕ್ರೋಶವನ್ನು ವ್ಯಕ್ತಪಡಿಸಲಾಗುತ್ತದೆ.,Gender,Gender,Yes,a,2025-02-06 13:07:04
ಲಿಂಗ,ಲಿಂಗ ತಾರತಮ್ಯ ಹೋಗಲಾಡಿಸಬೇಕು.,Gender,Gender,Yes,a,2025-02-06 13:07:04
ಲಿಂಗ,ತಿರುವನಂತಪುರ: ಲಿಂಗ ಸಮಾನತೆ ಇಸ್ಲಾಂ ವಿರೋಧಿ.,Gender,Gender,Yes,a,2025-02-06 13:07:04
ಲಿಂಗ,"ಲಿಂಗ ಸಮಾನತೆ ಬಗ್ಗೆ ಕೇವಲ ಬಿಗ್ ಬಿ ಮಾತ್ರವಲ್ಲ, ಬಾಲಿವುಡ್ ನ ಮತ್ತೊಬ್ಬ ಖ್ಯಾತ ನಟ ಆಮೀರ್ ಖಾನ್ ಸಹ ಬ್ಯಾಟಿಂಗ್ ಮಾಡುತ್ತಿದ್ದಾರೆ.",Gender,Gender,Yes,a,2025-02-06 13:07:04
ಲಿಂಗ,ನವದೆಹಲಿ: ತ್ರಿವಳಿ ತಲಾಖ್ ನಿಷೇಧ ವಿಚಾರ ಲಿಂಗ ಸಮಾನತೆಯದ್ದಾಗಿದ್ದರೆ ಶಬರಿಮಲೆ ದೇಗುಲಕ್ಕೆ ಎಲ್ಲ ವಯೋಮಾನದ ಮಹಿಳೆಯರಿಗೆ ಅವಕಾಶ ಇಲ್ಲದಿರುವುದು ಸಂಪ್ರದಾಯಕ್ಕೆ ಸಂಬಂಧಿಸಿದ್ದು ಎಂದು ಪ್ರಧಾನಿ ನರೇಂದ್ರ ಮೋದಿ ಹೇಳಿದ್ದಾರೆ.,Gender,Gender,Yes,a,2025-02-06 13:07:04
ಲಿಂಗ,ಲಿಂಗ ಬಳಕೆ ಮತ್ತು ಲಿಂಗ ಕಡೆಗೆ ಸಾಮಾಜಿಕ ವರ್ತನೆಗಳು,Gender,Gender,Yes,a,2025-02-06 13:07:04
ಲಿಂಗ,ನಮ್ಮ ಜಾಹೀರಾತುಗಳು ಸಂಪೂರ್ಣ ಸ್ತ್ರೀ ಲಿಂಗ ಅನುಸರಿಸುತ್ತದೆ ಚೀಟ್ ಮೇಲೆ ತಮ್ಮ ಪತಿ.,Gender,Gender,Yes,a,2025-02-06 13:07:04
ಲಿಂಗ,"ಈ ಫಾರ್ಮ್ ವ್ಯಕ್ತಿ, ಲಿಂಗ ಮತ್ತು ಸಂಖ್ಯೆಯಿಂದ ಬದಲಾವಣೆ ಆಗಲಿಲ್ಲ.",Gender,Gender,Yes,a,2025-02-06 13:07:04
ಲಿಂಗ,"ಸಿಯೋಲ್ನ ನ್ಯಾಶನಲ್ ಇನ್ಫಾರ್ಮೇಶನ್ ಸೊಸೈಟಿ ಏಜೆನ್ಸಿ ಮತ್ತು ಕೊರಿಯಾದ ಲಿಂಗ ಸಮಾನತೆ ಮತ್ತು ಕುಟುಂಬದ ಸಚಿವಾಲಯಗಳು ನಡೆಸಿದ ಸಮೀಕ್ಷೆಗಳ ಪ್ರಕಾರ, 10 ಕೊರಿಯಾದ ಹದಿಹರೆಯದವರಲ್ಲಿ 1 ಇಂಟರ್ನೆಟ್ ವ್ಯಸನಕ್ಕೆ ಹೆಚ್ಚಿನ ಅಪಾಯವಿದೆ ಮತ್ತು 20 ರಲ್ಲಿ 1 ನನ್ನು ಈಗಾಗಲೇ ಗಂಭೀರವಾಗಿ ಗೀಳು ಎಂದು ಪರಿಗಣಿಸಲಾಗಿದೆ.",Gender,Gender,Yes,a,2025-02-06 13:07:04
ಲಿಂಗ,ಅರ್ಥಶಾಸ್ತ್ರ ಮತ್ತು ಅಭಿವೃದ್ಧಿ ಸಿದ್ಧಾಂತಗಳನ್ನು ಲಿಂಗ ಸಂಬಂಧಿ ಉಪಚಾರಕ್ಕೆ ಒಳಪಡಿಸಿದ ಕೀರ್ತಿ ಅಮರ್ತ್ಯಸೆನ್‌ಗೆ ಸಲ್ಲಬೇಕು.,Gender,Gender,Yes,a,2025-02-06 13:07:04
ಲಿಂಗ,"ನೇಹಾ ದೀಕ್ಷಿತ್ ಸ್ವತಂತ್ರ ಪತ್ರಕರ್ತೆಯಾಗಿ ಲಿಂಗ ತಾರತಮ್ಯ, ಅಭಿವೃದ್ಧಿ ಮತ್ತು ದಕ್ಷಿಣ ಏಷ್ಯಾ ವಿಚಾರಗಳ ಬಗ್ಗೆ ವಿವಿಧ ಪತ್ರಿಕೆಗಳಿಗೆ ಬರೆಯುತ್ತಾರೆ.",Gender,Gender,Yes,a,2025-02-06 13:07:04
ಲಿಂಗ,ಬಾಲ್ಯದ ಸಂದರ್ಭಗಳಲ್ಲಿ ಅಂತಹ ಲಿಂಗ ಅಸಮಾನತೆಯಿಲ್ಲ.,Gender,Gender,Yes,a,2025-02-06 13:07:04
ಲಿಂಗ,ಶ್ಯಾಮ್ ಅಲ್ಲಿ ಲಿಂಗ ಬದಲಾವಣೆ ಶಸ್ತ್ರಚಿಕಿತ್ಸೆ ಮಾಡಿಸಿಕೊಂಡಿದ್ದ.,Gender,Gender,Yes,a,2025-02-06 13:07:04
ಲಿಂಗ,"ರವಿಶಂಕರ್ ಹೆಣ್ಣು ಭ್ರೂಣ ಹತ್ಯೆ ಕುರಿತು ಮಾತನಾಡಿ, ಲಿಂಗ ಪತ್ತೆ ಶಿಕ್ಷಾರ್ಹ ಅಪರಾಧ.",Gender,Gender,Yes,a,2025-02-06 13:07:04
ಲಿಂಗ,ಲಿಂಗ ಸಮಾನತೆಯನ್ನು ಸಾಹಿತ್ಯ ಹಾಗೂ ಬದುಕಿನಲ್ಲಿ ಅಳವಡಿಸುವುದು ಹೇಗೆ?,Gender,Gender,Yes,a,2025-02-06 13:07:04
ಲಿಂಗ,ಲಿಂಗ ಗುರುತಿಸುವಿಕೆ ಸಮಸ್ಯೆಯನ್ನು,Gender,Gender,Yes,a,2025-02-06 13:07:04
ಲಿಂಗ,"ನಕಾರಾತ್ಮಕ ಅಂಶಗಳು ಹೊರತಾಗಿಯೂ, ಜನರು, ಲಿಂಗ ಜನರು ಸಮಾಜದಲ್ಲಿ ತಮ್ಮ ಸ್ಥಾನವನ್ನು ಪಡೆಯುವ ಪ್ರಯತ್ನ, ಮತ್ತು ಅನೇಕ ಯಶಸ್ಸು.",Gender,Gender,Yes,a,2025-02-06 13:07:04
ಲಿಂಗ,"ಆದ್ದರಿಂದ, ಹೇಗೆ ಲಿಂಗ ನಿರ್ಧರಿಸಲು ತಾನೆ ಕಿಟನ್?",Gender,Gender,Yes,a,2025-02-06 13:07:04
ಲಿಂಗ,"ಕೈಲಾಶ ಕ್ಷೇತ್ರದಲ್ಲಿ ದ್ವಾದಶ ಜ್ಯೋತಿರ್ಲಿಂಗವಾದ ಸೌರಾಷ್ಟ್ರದ ಸೋಮನಾಥ ಲಿಂಗ ,ಶ್ರೀ ಶೈಲದ ಮಲ್ಲಿಕಾರ್ಜುನ ಲಿಂಗ ,ಉಜ್ಜೇನಿಯ ಮಹಾಕಾಳೇಶ್ವರ ಲಿಂಗ ಈಗೇ 12 ಲಿಂಗಗಳನ್ನು ಇಲ್ಲಿ ಸ್ಥಾಪಿಸಲಾಗಿದೆ .",ಶಿವನ ಒಂದು ಪ್ರತೀಕ,A symbol of Shiva,Yes,a,2025-02-06 12:58:51
ಲಿಂಗ,ಲಿಂಗ ಶರೀರಕ್ಕೆ ಬಿಲ್ವ ಪತ್ರೆ ಸಮರ್ಪಣೆ :,ಶಿವನ ಒಂದು ಪ್ರತೀಕ,A symbol of Shiva,Yes,a,2025-02-06 12:58:51
ಲಿಂಗ,ಸಾಧಾರಣವಾಗಿ ಪ್ರತಿ ಶಿವಾಲಯದಲ್ಲಿ ಶಿವನು ಲಿಂಗ ರೂಪದಲ್ಲಿ ಪೂಜಿಸಲಾಗುತ್ತಿರುವುದನ್ನು ಗಮನಿಸಬಹುದು.,ಶಿವನ ಒಂದು ಪ್ರತೀಕ,A symbol of Shiva,Yes,a,2025-02-06 12:58:51
ಲಿಂಗ,ಮುಗ್ಧ ಸಂಗಯ್ಯ ಸೂಳೆ ಸಾವಂತ್ರಿಯನ್ನು ಅರಸುತ್ತಾ ಬಂದು ಕೊನೆಗೆ ಕಾಮಿನಿ ಕಾಮಾಕ್ಷಿಯ ಎದುರಲ್ಲಿ ಲಿಂಗ ಪೂಜೆಯನ್ನು ಮಾಡಿಕೊಳ್ಳುವ ತುಡಿತ ಶರಣರಲ್ಲಿ ಮಡಿವಂತಿಕೆ ಇಲ್ಲ ಎಂಬುದರ ಅರಿವನ್ನು ತೋರಿಸುತ್ತದೆ.,ಶಿವನ ಒಂದು ಪ್ರತೀಕ,A symbol of Shiva,Yes,a,2025-02-06 12:58:51
ಲಿಂಗ,"ಅವರಲ್ಲಿ ಗಣಾಯತಮ್‌ವರ್ಗದವರು ಸರಳ ಗಂಟೆಯನ್ನು ಹಿಡಿದಿದ್ದರೆ, ಲಿಂಗಾಯತಮ್‌ವರ್ಗದವರು ಲಿಂಗ ಸಮೇತ ಗಂಟೆಯನ್ನು (ಲಿಂಗ ಗಂಟ) ಹಿಡಿದಿರುತ್ತಾರೆ.",ಶಿವನ ಒಂದು ಪ್ರತೀಕ,A symbol of Shiva,Yes,a,2025-02-06 12:58:51
ಲಿಂಗ,ತಿರುಗಿ ಬಂದನು ಲಿಂಗ ದೊರೆ ರುದ್ರರಾಯನ ಬಳಿಗೆ | ಇರನೆಂದ ತರಳ ರಾಮಯ್ಯ |,ಶಿವನ ಒಂದು ಪ್ರತೀಕ,A symbol of Shiva,Yes,a,2025-02-06 12:58:51
ಲಿಂಗ,ಜಾರಿ ಬಿದ್ದ ಲಿಂಗ ಮತ್ತೇಕೆ?,ಶಿವನ ಒಂದು ಪ್ರತೀಕ,A symbol of Shiva,Yes,a,2025-02-06 12:58:51
ಲಿಂಗ,ಅದಕ್ಕೂ ಕಟ್ಟುವೆವು ಲಿಂಗ !,ಶಿವನ ಒಂದು ಪ್ರತೀಕ,A symbol of Shiva,Yes,a,2025-02-06 12:58:51
ಲಿಂಗ,ಶ್ರೀನಗರ ಜು 18: ಅಮರನಾಥ್ ಯಾತ್ರೆ 2011ರ ಪವಿತ್ರ ಲಿಂಗ ದರ್ಶನಕ್ಕೆ ತೆರಳುತ್ತಿದ್ದ ಮೂವರು ಯಾತ್ರಾರ್ಥಿಗಳು ಇಂದು ಹೃದಯಾಘಾತದಿಂದ ಸಾವನ್ನಪ್ಪಿದ್ದಾರೆ.,ಶಿವನ ಒಂದು ಪ್ರತೀಕ,A symbol of Shiva,Yes,a,2025-02-06 12:58:51
ಲಿಂಗ,ರಾಯ ರಾಮಗೆ ಲಿಂಗ ತೋರುತ ಆ ಪುರದ | ಆಯ ವರ್ಣದ ಬೀದಿಗಳನು |,ಶಿವನ ಒಂದು ಪ್ರತೀಕ,A symbol of Shiva,Yes,a,2025-02-06 12:58:51
ಲಿಂಗ,"ತಾನು ಬಟ್ಟೆ ತೊಳೆದುಕೊಂಡು ಬರುವಾಗ ದಾರಿಯಲ್ಲಿ ವಿಭೂತಿ, ರುದ್ರಾಕ್ಷಿ, ಲಿಂಗ ಧರಿಸದವರು ಭೇಟಿಯಾಗಬಾರದೆಂದು ಜಾಗಟೆ ಬಾರಿಸುತ್ತ ಬರುತ್ತಿದ್ದ ೩).",ಶಿವನ ಒಂದು ಪ್ರತೀಕ,A symbol of Shiva,Yes,a,2025-02-06 12:58:51
ಲಿಂಗ,ಅಂದು ನನಗೆ ಶ್ರೀಗಳು ಕೊಟ್ಟ ಲಿಂಗ ಹಾಕಿಕೊಂಡ ಬಳಿಕ ಪವಾಡ ಎಂಬಂತೆ ಚೇತರಿಸಿಕೊಂಡೆ.,ಶಿವನ ಒಂದು ಪ್ರತೀಕ,A symbol of Shiva,Yes,a,2025-02-06 12:58:51
ಲಿಂಗ,ಇಲ್ಲಿ ಶಿವ ಲಿಂಗ ಮತ್ತು ಸೀತಾ ರಾಮ ದೇವಾಲಯವಿದೆ.,ಶಿವನ ಒಂದು ಪ್ರತೀಕ,A symbol of Shiva,Yes,a,2025-02-06 12:58:51
ಲಿಂಗ,"ಅವರು ಪರೀಕ್ಷಿಸಿ, ಲಿಂಗದೊಳಗೆ ಇನ್ನೊಂದು ಲಿಂಗ ಉದ್ಭವವಾಗುತ್ತಿದೆ ಎಂದು ಹೇಳಿದರು.",ಶಿವನ ಒಂದು ಪ್ರತೀಕ,A symbol of Shiva,Yes,a,2025-02-06 12:58:51
ಲಿಂಗ,ಅಂಗದ ಮೇಲೆ ಲಿಂಗ ಇಲ್ಲದಿದ್ದರೆ ಅಂಗಾಂಗ ಸಾಮರಸ್ಯ ಬರುವುದಿಲ್ಲ.,ಶಿವನ ಒಂದು ಪ್ರತೀಕ,A symbol of Shiva,Yes,a,2025-02-06 12:58:51
ಲಿಂಗ,ಶಿವರಾತ್ರಿಯಂದು ಲಿಂಗ ಸ್ಪರ್ಶ ಮಾಡೋದು ಹೇಗೆ?,ಶಿವನ ಒಂದು ಪ್ರತೀಕ,A symbol of Shiva,Yes,a,2025-02-06 12:58:51
ಲಿಂಗ,ಅನಾದಿ-ಅನಂತವಾಗಿ ಬಂದಿರುವ ಲಿಂಗ ಶರೀರ.,ಶಿವನ ಒಂದು ಪ್ರತೀಕ,A symbol of Shiva,Yes,a,2025-02-06 12:58:51
ಲಿಂಗ,ದೇವಾಲಯದ ಮತ್ತೊಂದು ವೈಶಿಷ್ಟ್ಯವೆಂದರೆ ದೇವಾಲಯಕ್ಕಾಗಿ ನೀಡಿದ ಲಿಂಗ ಮುದ್ರೆಯ ಶಿಲಾಶಾಸನ ಲಿಂಗಮುದ್ರೆಯಿರುವ ಶಾಸನಗಳಲ್ಲಿ ಲಿಪಿಗಳಿರುವುದಿಲ್ಲ.,ಶಿವನ ಒಂದು ಪ್ರತೀಕ,A symbol of Shiva,Yes,a,2025-02-06 12:58:51
ಲಿಂಗ,ಲಿಂಗ ಕಟ್ಟಿದವರನ್ನೆಲ್ಲ ಲಿಂಗಾಯತರು ಎಂದು ಒಪ್ಪಿಕೊಂಡಿದ್ದರೆ ಈ ನಾಡಿನಲ್ಲಿ ಶೇ.,ಶಿವನ ಒಂದು ಪ್ರತೀಕ,A symbol of Shiva,Yes,a,2025-02-06 12:58:51
ಲಿಂಗ,ಮತ್ತೊಮ್ಮೆ ಮಗದೊಮ್ಮೆ ಲಿಂಗ ದರ್ಶನ ಮಾಡಿದರು.,ಶಿವನ ಒಂದು ಪ್ರತೀಕ,A symbol of Shiva,Yes,a,2025-02-06 12:58:51
ಲಿಂಗ,"ಬೇಕೆನಲಾಗದು ಶರಣಂಗೆ, ಬೇಡೆನಲಾಗದು ಶರಣಂಗೆ, ಲಿಂಗ ವಶದಿಂದ ಬಂದುದ ಪತಿಕರಿಸದೆ ಇದ್ದಡೆ, ಮಹಾಘನವು ಅವಗವಿಸದು ನೋಡಾ, ಅದೆಂತೆಂದಡೆ : ಅವ್ರತಂ ಸುವ್ರತಂ ಚೈವ ವೇಶ್ಯಾ ದಿವ್ಯಾನ್ನ ಭೂಷಣಂ | ಅಕಲ್ಪಿತಂ ಚ ಭೋಗನಾಂ ಸರ್ವತ್ರ ಲಿಂಗಪ್ರೇರಣಂ || ಎಂದುದಾಗಿ, ಇದು ಕಾರಣ, ಕೂಡಲಚನ್ನಸಂಗಯ್ಯ ನಿಮ್ಮ ಶರಣರಪರಾಧಿಗಳೆಂದು ನುಡಿದವರಿಗೆ ನಾಯಕ ನರಕ ತಪ್ಪದು ||",ಶಿವನ ಒಂದು ಪ್ರತೀಕ,A symbol of Shiva,Yes,a,2025-02-06 12:58:51
ಲಿಂಗ,ಲಿಂಗ ಶೈವದ ಪ್ರತೀಕವಾದಂತೆ ಸಾಲಿಗ್ರಾಮ ವೈಷ್ಣವದ ಪ್ರತೀಕ.,ಶಿವನ ಒಂದು ಪ್ರತೀಕ,A symbol of Shiva,Yes,a,2025-02-06 12:58:51
ಲಿಂಗ,ನಂತರ ಲಿಂಗ ಶರೀರಕ್ಕೆ ಬಿಲ್ವ ಪತ್ರೆ ಸಮರ್ಪಣೆ ಮಾಡಲಾಯಿತು.,ಶಿವನ ಒಂದು ಪ್ರತೀಕ,A symbol of Shiva,Yes,a,2025-02-06 12:58:51
ಲಿಂಗ,ಆ ದೇವಾಲಯದಲ್ಲಿ ಮಹಾಶಿವನು ಲಿಂಗ ರೂಪದಲ್ಲಿ ದರ್ಶನವನ್ನು ನೀಡುತ್ತಾನೆ.,ಶಿವನ ಒಂದು ಪ್ರತೀಕ,A symbol of Shiva,Yes,a,2025-02-06 12:58:51
ಲಿಂಗ,ಧರೆಗಧಿಕ ಹಂಪೆಯ ವರಪುಣ್ಯ ಕ್ಷೇತ್ರದ | ಕರುಣಿಸು ವಿರುಪಾಕ್ಷ ಲಿಂಗ |,ಶಿವನ ಒಂದು ಪ್ರತೀಕ,A symbol of Shiva,Yes,a,2025-02-06 12:58:52
ಲಿಂಗ,ಪರಮಪಾವನ ಲಿಂಗ ಕರದೊಳಗಿರುತಿರೆ,ಶಿವನ ಒಂದು ಪ್ರತೀಕ,A symbol of Shiva,Yes,a,2025-02-06 12:58:52
ಲಿಂಗ,ಸ್ವಾಮೀಜಿ ಅವರ ಸಮಾಧಿ ಬಳಿಕ ಲಿಂಗ ಪ್ರತಿಷ್ಠಾಪನೆ ಮಾಡಲಾಯಿತು.,ಶಿವನ ಒಂದು ಪ್ರತೀಕ,A symbol of Shiva,Yes,a,2025-02-06 12:58:52
ಲಿಂಗ,ಈ ಮೂಲಕ ಲಿಂಗ ಕಳೆದುಕೊಂಡ ಪ್ರಕರಣ ಬಹಿರಂಗವಾಗಿದೆ.,ಶಿವನ ಒಂದು ಪ್ರತೀಕ,A symbol of Shiva,Yes,a,2025-02-06 12:58:52
ಲಿಂಗ,ಇಲ್ಲಿ ಪ್ರತಿಷ್ಠಾಪಿಸಲಾಗಿರುವ ಶಿವಲಿಂಗವನ್ನು ಶ್ರೀ ವಿರೂಪಾಕ್ಷ ಲಿಂಗ ಎಂದೂ ಸಹ ಕರೆಯಲಾಗುತ್ತದೆ ಹಾಗೂ ಈ ದೇವಸ್ಥಾನವು 12 ನೆಯ ಶತಮಾನದ ಸಂದರ್ಭದಲ್ಲಿ ಕರ್ನಾಟಕದ ಪ್ರಖ್ಯಾತ ವೀರಶೈವ ಸಂತರಾದ ಶ್ರೀ ಕಾಡಸಿದ್ಧೇಶ್ವರರಿಂದ ಸ್ಥಾಪಿಸಲ್ಪಟ್ಟಿದೆ ಎಂದು ಹೇಳಲಾಗಿದೆ.,ಶಿವನ ಒಂದು ಪ್ರತೀಕ,A symbol of Shiva,Yes,a,2025-02-06 12:58:52
ಲಿಂಗ,ಈಗ ಕಾಣಿಸುತ್ತಿರುವ ಲಿಂಗ ಮೂಲ ಉದ್ಭವ ಲಿಂಗವಲ್ಲ.,ಶಿವನ ಒಂದು ಪ್ರತೀಕ,A symbol of Shiva,Yes,a,2025-02-06 12:58:52
ಲಿಂಗ,ನುಡಿದರೆ ಲಿಂಗ ಮೆಚ್ಚಿ ಅಹುದಹುದೆನಬೇಕು,ಶಿವನ ಒಂದು ಪ್ರತೀಕ,A symbol of Shiva,Yes,a,2025-02-06 12:58:52
ಲಿಂಗ,ಲಿಂಗ ಮಜ್ಜಣಕೆ ಇಳುದಾನೆ,ಶಿವನ ಒಂದು ಪ್ರತೀಕ,A symbol of Shiva,Yes,a,2025-02-06 12:58:52
ಲಿಂಗ,ಒಂದು ಮರದ ಕೆಳಗೆ ಲಿಂಗ ಸ್ಥಾಪಿಸಿ ಪೂಜೆ ಮಾಡುತ್ತಾ ಕುಳಿತು ಕೊಳ್ಳುತ್ತಿದ್ದನು.,ಶಿವನ ಒಂದು ಪ್ರತೀಕ,A symbol of Shiva,Yes,a,2025-02-06 12:58:52
ಲಿಂಗ,ಲಿಂಗ ಪರಮ ತೇಜ ರಂಜಿತೋಂ ನಮಃಶಿವಾಯ,ಶಿವನ ಒಂದು ಪ್ರತೀಕ,A symbol of Shiva,Yes,a,2025-02-06 12:58:52
ಲಿಂಗ,ಲಿಂಗ ಮನೊಲ್ದು ವಿಸ್ತರಿಸಿ ಲಿಂಗಕ್ಕೆ ಲಿಂಗಮನರ್ಪಿಸುತ್ತಮಾ,ಶಿವನ ಒಂದು ಪ್ರತೀಕ,A symbol of Shiva,Yes,a,2025-02-06 12:58:52
ಲಿಂಗ,ಬ್ರಹ್ಮಾಂಡದ ಐದು ಅಂಶಗಳನ್ನು ಪ್ರತಿನಿಧಿಸುವ ಐದು ಲಿಂಗ ಶತಮಾನಗಳ ಹಿಂದೆ ಇದೇ ರೀತಿಯ ಸಾಲಿನಲ್ಲಿ ಇರಿಸಲಾಗಿದೆ.,ಶಿವನ ಒಂದು ಪ್ರತೀಕ,A symbol of Shiva,Yes,a,2025-02-06 12:58:52
ಲಿಂಗ,ಬಸವಣ್ಣ ಲಿಂಗ ಪೂಜೆ ಸಾಗಿದೆ.,ಶಿವನ ಒಂದು ಪ್ರತೀಕ,A symbol of Shiva,Yes,a,2025-02-06 12:58:52
ಲಿಂಗ,ಆತ್ಮಾಂತರಾತ್ಮ ಪರಮಾತ್ಮನೆನಿಸಿಹ ಲಿಂಗ,ಶಿವನ ಒಂದು ಪ್ರತೀಕ,A symbol of Shiva,Yes,a,2025-02-06 12:58:52
ಲಿಂಗ,ಅಂಗದ ಮೇಲೆ ಲಿಂಗ ಸ್ವಾಯತವಾದರೇನು?,ಶಿವನ ಒಂದು ಪ್ರತೀಕ,A symbol of Shiva,Yes,a,2025-02-06 12:58:52
ಲಿಂಗ,ಭೂತದ ಲಿಂಗ ಆಗಲಾಗದ ಮುನ್ನ ಆರೋಗಣೆಯಾಯಿತ್ತು.,ಶಿವನ ಒಂದು ಪ್ರತೀಕ,A symbol of Shiva,Yes,a,2025-02-06 12:58:52
ವರ,"ಈಗಾಗಲೇ ಮತದಾರರು ಯಾವ ಪಕ್ಷಕ್ಕೆ ಶಾಪ ಯಾವ ಪಕ್ಷಕ್ಕೆ ವರ ಎಂಬುವುದನ್ನು ಸಿರ್ಧರಿಸಿದ್ದು, ಬಿಜೆಪಿಯು.",ಅನುಗ್ರಹ,Grace,Yes,Darshan R K,2025-02-07 13:05:10
ವರ,ವರ ಪಡೆದ ತನಗೆ ಸಾವು ಬರಲಾರದೆಂದು ನರಕಾಸುರನು ಅಟ್ಟಹಾಸದಿಂದ ಮೆರೆಯುತ್ತಾ ೧೬೦೦೦ ಮಹಿಳೆಯರನ್ನು ಲಪಟಾಯಿಸಿ ಸೆರೆಯಲ್ಲಿಡುತ್ತಾನೆ.,ಅನುಗ್ರಹ,Grace,Yes,Darshan R K,2025-02-07 13:05:10
ವರ,ಅಲ್ಪ ಸೇವೆ ನಡೆಸಿದರೂ ಸಹ ದೇವರು ಶೀಘ್ರ ವರ ನೀಡಿ ಭಕ್ತರನ್ನು ಉದ್ದರಿಸುತ್ತಾನೆ ಎಂಬ ಬಲವಾದ ಪ್ರತೀತಿ ಈ ಕ್ಷೇತ್ರದಲ್ಲಿದೆ.,ಅನುಗ್ರಹ,Grace,Yes,Darshan R K,2025-02-07 13:05:10
ವರ,"ನಿನ್ನ ತಪಸ್ಸಿಗೆ ಮೆಚ್ಚಿದ್ದೇನೆ, ನಿನ್ನ ಹೊಟ್ಟೆಯಲ್ಲಿ ಹುಟ್ಟುತ್ತೇನೆ~ ಎಂದು ವರ ಕೊಟ್ಟಳು.",ಅನುಗ್ರಹ,Grace,Yes,Darshan R K,2025-02-07 13:05:10
ವರ,ಮಕ್ಕಳು ದೇವರು ನೀಡಿದ ಸಂತೋಷದ ವರ ಎಂದು ಹೇಳಲಾಗುತ್ತದೆ.,ಅನುಗ್ರಹ,Grace,Yes,Darshan R K,2025-02-07 13:05:10
ವರ,"ಒಂದು ಗುಹೆಯಲ್ಲಿ ಜಾಬಿಲಿ ಋಷಿ ದುರ್ಗಾ ದೇವಿಯ ಕುರಿತು ತಪ್ಪಸ್ಸು ಮಾಡುತ್ತಾನೆ ,ಆಗ ದುರ್ಗಾದೇವಿ ಬಂದು ಏನು ವರ ಬೇಕು ಎಂದು ಕೇಳುವಂತೆ ಜಾಬಿಲಿ ಋಷಿಯನ್ನು ಕೇಳಿದಾಗ ಜಾಬಿಲಿ ಋಷಿ ಅರುಣಾಸುರ ಮಾಡುತ್ತಿರುವ ಎಲ್ಲ ಕೆಟ್ಟ ಕೆಲಸಗಳನ್ನು ಹೇಳಿ ಅವನನ್ನು ಸಂಹಾರ ಮಾಡುವಂತೆ ಕೇಳುತ್ತಾನೆ,ಆ ಸ್ಥಳವೇ ನೆಲ್ಲಿತೀರ್ಥ ಎಂದು ಹೆಸರು ಪಡೆಯಿತ್ತು.",ಅನುಗ್ರಹ,Grace,Yes,Darshan R K,2025-02-07 13:05:10
ವರ,ಕುಂಭಕರ್ಣನು ವರ ಕೇಳುವ ಸಮಯದಲ್ಲಿ ಸರಸ್ವತಿಯು ಅವನಲ್ಲಿ ಸೇರಿ ಬುದ್ಧಿಯನ್ನು ಬದಲಾಯಿಸಿದಳು.,ಅನುಗ್ರಹ,Grace,Yes,Darshan R K,2025-02-07 13:05:10
ವರ,"ಆಗ ಗಂಗಾಧರನ (ಈಶ್ವರನ ದೇವಸ್ಥಾನ) ಗುಡಿಗೆ ಹೋಗಿ ಕೊಳದಲ್ಲಿ ತಣ್ಣೀರು ಸ್ನಾನ ಮಾಡಿ ಮನೆದೇವರಾದ ಮಾದಪ್ಪನನ್ನು ನೆನೆದು ಅಯ್ಯೋ ಮಕ್ಕಳ ಫಲ ನೀಡೋದು ನೀನು, ಕಿತ್ತುಕೊಳ್ಳುವವನು ನೀನು, ಈಗ ನಾನೊಂದು ವರ ಕೇಳ್ತೇನೆ ನನಗೆ ಪ್ರಸಾದ ಕೊಡು ಎಂದು ಬೇಡುತ್ತಾನೆ.",ಅನುಗ್ರಹ,Grace,Yes,Darshan R K,2025-02-07 13:05:10
ವರ,ಯಾವ ದೇವರು ಯಾರಿಗೆ ಗೆಲುವಿನ ವರ ಕೊಡುತ್ತಾರೆ ಎಂಬುದು ಸೋಮವಾರ ಸ್ಪಷ್ಟವಾಗಲಿದೆ.,ಅನುಗ್ರಹ,Grace,Yes,Darshan R K,2025-02-07 13:05:10
ವರ,"ವಿವಿಧ ಖಾದ್ಯಗಳು: ಹಾಲುಬಾಯಿ ಪಾಯಸ, ಶ್ಯಾವಿಗೆ ಪಾಯಸ, ಅಕ್ಕಿ ಪಾಯಸ, ಒಬ್ಬಟ್ಟು, ಹೋಳಿಗೆ, ಜತೆಗೆ ಕೋಸಂಬರಿ, ಹಪ್ಪಳ, ತರಕಾರಿಯ ಪಲ್ಯ ಮತ್ತಿತರ ಖಾದ್ಯಗಳನ್ನು ತಯಾರಿಸಿ ವರ ಮಹಾಲಕ್ಷ್ಮಿಗೆ ನೈವೇದ್ಯ ಮಾಡಿದರು.",ಅನುಗ್ರಹ,Grace,Yes,Darshan R K,2025-02-07 13:05:10
ವರ,ನೀನು ಕೇಳಿದಂತೆಯೇ ವರ ಕೊಟ್ಟಿರುತ್ತೇನೆ.,ಅನುಗ್ರಹ,Grace,Yes,Darshan R K,2025-02-07 13:05:10
ವರ,"ವಾಯುದೇವರು ವರ ಕೊಟ್ಟ ಅಂತಿದ್ದೆಯಲ್ಲ, ಇದೇನಾ?",ಅನುಗ್ರಹ,Grace,Yes,Darshan R K,2025-02-07 13:05:10
ವರ,11: ಬಾದಾಮಿ ಕ್ಷೇತ್ರದಿಂದ ಮಾಜಿ ಮುಖ್ಯಮಂತ್ರಿ ಸಿದ್ದರಾಮಯ್ಯನವರನ್ನು ಶಾಸಕರಾಗಿ ಆಯ್ಕೆ ಮಾಡಿದ್ದು ಬಾಗಲಕೋಟೆ ಜಿಲ್ಲೆಗೆ ವರ ಆಗುವ ಬದಲು ಶಾಪವಾಗಿದೆ ಎಂದು ಬಿಜೆಪಿ ಸದಸ್ಯ ಗೋವಿಂದ ಕಾರಜೋಳ ಹೇಳಿದ್ದಾರೆ.,ಅನುಗ್ರಹ,Grace,Yes,Darshan R K,2025-02-07 13:05:10
ವರ,ವ್ಯಾಪಾರ ಭರಾಟೆ ಜೋರು: ವರ ಮಹಾಲಕ್ಷ್ಮಿ ಹಬ್ಬದ ಅಂಗವಾಗಿ ಮಾರು ಕಟ್ಟೆಯಲ್ಲಿ ವ್ಯಾಪಾರ ಭರಾಟೆ ಜೋರಾ ಗಿದೆ.,ಅನುಗ್ರಹ,Grace,Yes,Darshan R K,2025-02-07 13:05:10
ವರ,"ಈ ಸಂದರ್ಭದಲ್ಲಿ ದೈವವು, ಶಿಲ್ಪಾಗೆ ವರ ನೀಡಿದೆ.",ಅನುಗ್ರಹ,Grace,Yes,Darshan R K,2025-02-07 13:05:10
ವರ,ಅಷ್ಟಕ್ಕೂ ವರ ಮಹಾಲಕ್ಷ್ಮಿ ವ್ರತದ ಹಿನ್ನೆಲೆಯಾದರೂ ಏನು?,ಅನುಗ್ರಹ,Grace,Yes,Darshan R K,2025-02-07 13:05:10
ವರ,"ಹರ ಅಂದ್ರೆ ಶಿವ, ಬೇಗ ವರ ಕೊಡ್ತಾನೆ; ಬೇಗ ಶಿಕ್ಷೇನೂ ಕೊಡ್ತಾನೆ.",ಅನುಗ್ರಹ,Grace,Yes,Darshan R K,2025-02-07 13:05:11
ವರ,"ತಪಸ್ಸಿಗೆ ಮೆಚ್ಚಿ ಒಲಿದ ಶಿವನ ಬಳಿ ಕೇದಾರನಾಥದಲ್ಲಿ ಜ್ಯೋತಿರ್ಲಿಂಗವಾಗಿ ನೆಲೆಸಿ ಅಲ್ಲಿ ಬರುವ ಭಕ್ತರ ಇಷ್ಟಾರ್ಥಗಳನ್ನು ಈಡೇರಿಸಿ, ದುಃಖಗಳನ್ನು ನಿವಾರಿಸುವ ಕ್ಷೇತ್ರವಾಗಬೇಕು ಎಂದು ವರ ಕೇಳುತ್ತಾರೆ.",ಅನುಗ್ರಹ,Grace,Yes,Darshan R K,2025-02-07 13:05:11
ವರ,ಮಾತೇ ಜ್ಯೋತಿರ್ಲಿಂಗ ಎಂಬ ವಚನಕಾರರ ಆಶಯದಂತೆ ಬೈಗುಳ ದೇವಿಯು ಜ್ಯೋತಿರ್ಲಿಂಗನ ನಾಲಿಗೆ ಮೇಲೆ ಸದಾ ಬೈಯುತ್ತಲೇ ಇರು ಎಂದು ಬರೆದು ವರ ಕರುಣಿಸಿ ಹೋಗುತ್ತಾಳೆ.,ಅನುಗ್ರಹ,Grace,Yes,Darshan R K,2025-02-07 13:05:11
ವರ,ದೇವರಲ್ಲಿ ಕೇಳಿಕೊಂಡ ಬಹುಸಂಖ್ಯಾತ ಬೇಡಿಕೆಗಳಲ್ಲಿ ನಾನು ನಿನ್ನ ಜೊತೆ ಬದುಕಿ ಬಾಳಬೇಕು ಅಂತ ಕೇಳಿಕೊಂಡ ಒಂದೇ ಒಂದು ವರ ಸಾಕಾಗಿತ್ತು ಕಣೊ ಈ ಪಾಪಿ ಜೀವಕ್ಕ್ಕೆ ಸಾಕಿತ್ತು ಆ ದೇವರು ಅದಕ್ಕು ಅಸ್ತು ಅನ್ನಲಿಲ್ಲ ನೋಡು.,ಅನುಗ್ರಹ,Grace,Yes,Darshan R K,2025-02-07 13:05:11
ವರ,"ನಂತರ ಭಗವಾನ್ ಶ್ರೀಕೃಷ್ಣನು ಮಾನಸಾದೇವಿಗೆ ಸರ್ವಲೋಕ ಪೂಜಿತಳಾಗೆಂದು ವರ ನೀಡಿ, ತಾನೇ ಮೊದಲು ಪೂಜಿಸಿದ್ದನಂತೆ.",ಅನುಗ್ರಹ,Grace,Yes,Darshan R K,2025-02-07 13:05:11
ವರ,"ಬಾಗಲಕೋಟೆ: ವಿಕಲಚೇತನ ಶಾಪವಲ್ಲ, ಅದೊಂದು ವರ ಎಂದು ಸಕಾರಾತ್ಮಕದ ನಿಲುವುಗಳ ಮೂಲಕ ಮುನ್ನಡೆದರೆ ಏನನ್ನಾದರೂ ಸಾಧಿಸಲು ಸಾಧ್ಯ ಎಂದು ಸಾಮಾಜಿಕ ಕಾರ್ಯಕರ್ತ ನಾಗಪ್ಪ ಮುರಗೋಡ ಅವರು ಹೇಳಿದ್ದಾರೆ.",ಅನುಗ್ರಹ,Grace,Yes,Darshan R K,2025-02-07 13:05:11
ವರ,ನಂತರ ರಂಭೆಗೆ ತನ್ನ ತಪ್ಪಿನ ಅರಿವಾಗಿ ವಿಷ್ಣುವಿನಲ್ಲಿ ನನ್ನನ್ನು ಕ್ಷಮಿಸು ಎಂದು ಬೇಡಿಕೊಳ್ಳುತ್ತಾಳಂತೆ ಆಗ ವಿಷ್ಣುವು ಮನ್ನಿಸಿ ನೀನು ಇನ್ನು ನೈವೇದ್ಯೇಯಾಗಿ ಬಾಳೆಹಣ್ಣನ್ನು ಅರ್ಹತೆಯನ್ನು ಪಡೆದಿಕೋ ಎಂದು ವರ ನೀಡುತ್ತಾನೆ.,ಅನುಗ್ರಹ,Grace,Yes,Darshan R K,2025-02-07 13:05:11
ವರ,ಆದ್ದರಿಂದ ಹನುಮಂತದೇವರ ಜೊತೆಗೆ ವರ ನನ್ನು ಕೂಡಿಸುವ ಪರಿಪಾಠ ಹಿಂದೆ ಬೀಳುತ್ತಿದೆ.,ಅನುಗ್ರಹ,Grace,Yes,Darshan R K,2025-02-07 13:05:11
ವರ,ಕೊಪ್ಪಳ : ದೇವರು ವರ ಕೊಟ್ಟರೂ ಪೂಜಾರಿ ಕೊಡಲಿಲ್ಲ ಅನ್ನೋ ಮಾತಿದೆ.,ಅನುಗ್ರಹ,Grace,Yes,Darshan R K,2025-02-07 13:05:11
ವರ,ದೇವಾಂಶ ದೇವಿ ವರ ಪಡಿದವನೋ ||,ಅನುಗ್ರಹ,Grace,Yes,Darshan R K,2025-02-07 13:05:11
ವರ,"ಸುಮಾರು 2,500 ಮಂದಿ ಸಿಬ್ಬಂದಿ ಎಚ್‌ಐವಿ ಪೀಡಿತರ ಪಾಲಿಗೆ ವರ ನೀಡುವ ರೀತಿಯಲ್ಲಿ ಆಪ್ತ ಸಮಾಲೋಚಕರಾಗಿ, ಪ್ರಯೋಗಶಾಲಾ ತಂತ್ರಜ್ಞರಾಗಿ, ದಾದಿಯರಾಗಿ, ಡಾಟಾ ಅಪರೇಟರ್ ಹೀಗೆ ಹಲವು ಸೇವೆ ಮಾಡುತ್ತಿದ್ದರು ಅವರಿಗೆ ಸಿಗುವ ವೇತನ ಮಾತ್ರ ನಾಲ್ಕಂಕಿ ದಾಟಿಲ್ಲ.",ಅನುಗ್ರಹ,Grace,Yes,Darshan R K,2025-02-07 13:05:11
ವರ,ಅಲ್ಲಿ ಅವರು ಅವಳು ಪ್ರೀತಿಸುತ್ತಾರೆ ಹೆಚ್ಚು ಪ್ರೀತಿಸಿದ ದೇವರುಗಳ ವರ ಪ್ರಾರ್ಥಿಸುತ್ತಾರೆ.,ಅನುಗ್ರಹ,Grace,Yes,Darshan R K,2025-02-07 13:05:11
ವರ,ಇದನ್ನು ಕೇಳಿದ ಅಪ್ಪ ಶಂತನು ಮಗನಿಗೆ ನೀನು ಇಚ್ಛಾಮರಣಿಯಾಗು ಎಂದು ವರ ನೀಡುತ್ತಾನೆ.,ಅನುಗ್ರಹ,Grace,Yes,Darshan R K,2025-02-07 13:05:11
ವರ,"ಮೈತ್ರಿ ಸರಕಾರದಲ್ಲಿ ಏನೇ ಕಚ್ಚಾಟ, ಅಸಮಾಧಾನ ಅಂತ ಇದ್ದರೂ ಮೈಸೂರು ಸಿಲ್ಕ್ ರೇಷ್ಮೆ ಸೀರೆಗಳನ್ನು ವರ ಮಹಾಲಕ್ಷ್ಮಿ ಹಬ್ಬಕ್ಕೆ 4,500 ರುಪಾಯಿಗೆ ಮಾರಾಟ ಮಾಡುವ ಘೋಷಣೆಯನ್ನು ಸಚಿವರು ಮಾಡಿದ ಮೇಲಂತೂ ವಾಟ್ಸಾಪ್, ಫೇಸ್ ಬುಕ್ ಎಲ್ಲ ಕಡೆ ಅದೇ ಸುದ್ದಿ.",ಅನುಗ್ರಹ,Grace,Yes,Darshan R K,2025-02-07 13:05:11
ವರ,ನೀನು ಮೂರು ವರ ಕೇಳಬಹುದು ಕೊಡುತ್ತೇನೆ ಎಂದಿತು ಆಕೃತಿ.,ಅನುಗ್ರಹ,Grace,Yes,Darshan R K,2025-02-07 13:05:11
ವರ,"ದೇವರು ವರ ಕೊಡಲು ಭೂಮಿಗಿಳಿದರೆ, ಜನರು ಅವನಿಗೆ ವಾಪಸ್‌ ಹೋಗಲು ಬಿಡುವುದೇ ಅನುಮಾನ!",ಅನುಗ್ರಹ,Grace,Yes,Darshan R K,2025-02-07 13:05:11
ವರ,ಬೇಡಿದ ವರ ನೀಡುತ್ತಾಳೆ.,ಅನುಗ್ರಹ,Grace,Yes,Darshan R K,2025-02-07 13:05:11
ವರ,ಅವರು ಲೆಕ್ಕ ವಿಲ್ಲದಷ್ಟು ದೇವರ ಪೂಜೆ ಮಾಡುತ್ತಿರುವುದರಿಂದ ಯಾವ ದೇವರು ವರ ಕೊಡಬೇಕು ಎಂಬುದು ಸಮಸ್ಯೆಯಾಗಿದೆ.,ಅನುಗ್ರಹ,Grace,Yes,Darshan R K,2025-02-07 13:05:12
ವರ,ಚಂಡೀಗಢ: ವರ ಬರೋದಕ್ಕೂ ಮೊದಲೇ ಮೆರವಣಿಗೆಗೆ ಸಿದ್ಧಪಡಿಸಿದ್ದ ಕುದುರೆ ಹತ್ತಿ ಊರೆಲ್ಲ ಒಂದು ಸುತ್ತು ಹಾಕಿದ್ದಾರೆ.,ಮದುವೆಯ ಗಂಡು,Groom,Yes,Darshan R K,2025-02-07 12:30:23
ವರ,ಕ : ನನ್ನ ಮಗಳು ಶೀಲಾವತಿಗೆ ತಕ್ಕ ವರ ಇದು!,ಮದುವೆಯ ಗಂಡು,Groom,Yes,Darshan R K,2025-02-07 12:30:23
ವರ,"ಜತೆಗೆ, ವರ ಮತ್ತಾತನ ಕಡೆಯವರು ಮದುವೆ ನಡೆಯುತ್ತಿರುವ ಸ್ಥಳ ತಲುಪಲು ಹರಸಾಹಸ ಮಾಡಬೇಕಾಗುತ್ತದೆ.",ಮದುವೆಯ ಗಂಡು,Groom,Yes,Darshan R K,2025-02-07 12:30:23
ವರ,ಪದ್ಮಾವತಿ ಚಿತ್ರಕ್ಕೆ ನಿಮ್ಮ ವಿರೋಧವಿರಲಿ ಎಂದು ವರ ಮದುವೆ ಕಾರ್ಡ್ ನಲ್ಲಿ ಸಂದೇಶ ಸಾರುವ ಪ್ರಯತ್ನ ಮಾಡ್ತಿದ್ದಾನೆ.,ಮದುವೆಯ ಗಂಡು,Groom,Yes,Darshan R K,2025-02-07 12:30:23
ವರ,"ಈ ಆದರ್ಶ ಜೋಡಿಯನ್ನು ಹ್ಯೂಗೋ ರೊಹ್ಲಿಂಗ್‌ ಹಾಗೂ ಸಿಂತಿಯಾ ಝೂನಾನಿ ಎಂದು ಹೇಳಲಾಗಿದ್ದು, ವರ ಹ್ಯೂಗೋ ಅವರು 2014ರಲ್ಲಿ ಅಪಘಾತವೊಂದರನ್ನು ಕಾಲಿನ ಸ್ವಾಧೀನವನ್ನೇ ಕಳೆದುಕೊಂಡಿದ್ದಾರೆ.",ಮದುವೆಯ ಗಂಡು,Groom,Yes,Darshan R K,2025-02-07 12:30:23
ವರ,ಮದುವೆ ಶೂ ಕಳ್ಳತನ ಮಾಡಿದ್ದಾನೆಂಬ ಶಂಕೆ ಮೇರೆಗೆ ವ್ಯಕ್ತಿಯೊಬ್ಬನನ್ನು ವರ ಹಾಗೂ ಆತನ ಸ್ನೇಹಿತರು ಹಲ್ಲೆ ನಡೆಸಿ ಹತ್ಯೆಗೈದಿದ್ದಾರೆ.,ಮದುವೆಯ ಗಂಡು,Groom,Yes,Darshan R K,2025-02-07 12:30:23
ವರ,ಈ ಮಧ್ಯೆ ವರ ಅರ್ಜುನ್ ಗುರುವಾರ ರಾತ್ರಿ ಮಿಸ್ ಯೂ ಅಂತ ವಾಟ್ಸಾಪ್ ಮೂಲಕ ತನ್ನ ಪ್ರಿಯತಮೆಗೆ ಮೆಸೇಜ್ ಹಾಕಿದ್ದ.,ಮದುವೆಯ ಗಂಡು,Groom,Yes,Darshan R K,2025-02-07 12:30:23
ವರ,"ಸಿದ್ದರಾಮಯ್ಯ ಅವರನ್ನು ಕಾಣಲು ಬಂದಿದ್ದ ಜನಜಂಗುಳಿ ಮಧ್ಯೆಯೇ ಅವರತ್ತ ಧಾವಿಸಿದ ಉಮಾಶ್ರೀ, ನಾನು ವರ ಬಳಿ ಏನೋ ಹೇಳೊದಿದೆ ದಾರಿ ಬಿಡಿ ಎಂದು ಮನವಿ ಮಾಡಿದರು.",ಮದುವೆಯ ಗಂಡು,Groom,Yes,Darshan R K,2025-02-07 12:30:23
ವರ,ಅಷ್ಟರಲ್ಲಿ ಬಾವನೊಂದಿಗೆ ಸೆಕ್ಸ್ ಮಾಡಿರುವ ವಿಡಿಯೋವನ್ನು ವರ ಮಂಟಪದಲ್ಲಿಯೇ ಪ್ಲೇ […],ಮದುವೆಯ ಗಂಡು,Groom,Yes,Darshan R K,2025-02-07 12:30:23
ವರ,ವರ ರಥದ ದುವ್ವಾಳ ಮೆರೆಯೆ ಶಿಖಂಡಿ ನಡೆತಂದ ೫೧,ಮದುವೆಯ ಗಂಡು,Groom,Yes,Darshan R K,2025-02-07 12:30:23
ವರ,ಟಿಕೆಟ್ ಪಡೆದು ಮೆಟ್ರೋ ರೈಲಿನ ಮೂಲಕ ವರ ಕಲ್ಯಾಣ ಮಂಟಪ ತಲುಪಿದ.,ಮದುವೆಯ ಗಂಡು,Groom,Yes,Darshan R K,2025-02-07 12:30:23
ವರ,ವರ ನರೇಂದ್ರ ಹಾಗೂ ವಧು ಕವಿತಾರವರು ಪುರೋಹಿತಶಾಹಿ ಆಚರಣೆಯಿಲ್ಲದೆ ಸರಳವಾಗಿ ಮದುವೆಯಾಗಲು ಅನುಮತಿ ನೀಡಿದ ಅವರ ಕುಟುಂಬಸ್ಥರಿಗೆ ಧನ್ಯವಾದ ಹೇಳಲೇಬೇಕು.,ಮದುವೆಯ ಗಂಡು,Groom,Yes,Darshan R K,2025-02-07 12:30:23
ವರ,"ವಿವಾಹ ಕಾರ್ಯಕ್ರಮದಲ್ಲಿ ವರ ಮತ್ತು ವಧು ಕುಟುಂಬದವರು, ಆಪ್ತರು ಹಾಗೂ ಸ್ನೇಹಿತರು ಭಾಗಿಯಾಗಿದ್ದರು.",ಮದುವೆಯ ಗಂಡು,Groom,Yes,Darshan R K,2025-02-07 12:30:23
ವರ,ಮದುವೆಯ ದಿನನೇ ಅತ್ಯಾಚಾರದ ಆರೋಪದ ಮೇಲೆ ವರ ಅರೆಸ್ಟ್,ಮದುವೆಯ ಗಂಡು,Groom,Yes,Darshan R K,2025-02-07 12:30:23
ವರ,ರುಚಿಯಲ್ಲಿ ಕಹಿಯಾದರು ಆರೋಗ್ಯದ ದೃಷ್ಟಿಯಲ್ಲಿ ಅದು ಪ್ರಕೃತಿದತ್ತ ವರ ಎಂದೇ ಹೇಳಬಹುದು.,ಮದುವೆಯ ಗಂಡು,Groom,Yes,Darshan R K,2025-02-07 12:30:23
ವರ,"ಯಾರ ಮನೆಯಲ್ಲಿ ವಿವಾಹ ಯೋಗ್ಯ ವಧು- ವರ ಇದ್ದಾರೆ ಎಂಬ ಮಾಹಿತಿಯೂ ಸೇರಿದಂತೆ, ಎಲ್ಲರ ಮನೆಯ ವಿಚಾರಗಳೂ ನನ್ನಪ್ಪನಿಗೆ ಗೊತ್ತಿರುತ್ತಿತ್ತು.",ಮದುವೆಯ ಗಂಡು,Groom,Yes,Darshan R K,2025-02-07 12:30:23
ವರ,"ಅದರಿಂದ ನಿಮ್ಮ ಸುತೆಗೆ ಮರುತನೇ ತಕ್ಕ ವರ ; ಆತನನ್ನು ಕರೆಯಿಸಿ ಎನ್ನಲು ಆ ದಿವ್ಯ ಮುನಿ ಹುತಹಸಖನನ್ನು ಕರೆಸಿ ನೀನು ಹುತವಹಸಖನಂ ಬರಿಸಿ ನೀನೀ ಕನ್ನೆಯಂ ವಿವಾಹಮಾಗಲ್ವೇೞ್ಕುಮೆನೆ ವಾಯುದೇವನೀ ತಪೋಧನನಪ್ಪೊಡೆ ಮಹಾನೈಷ್ಠಕಂ, ಮತ್ತಮೀತಂಗೀ ಕನ್ನೆಯೆಂತುಂ ಮಗಳಾಗಳೆಂದು ದಿವ್ಯಜ್ಞಾನದಿಂದಾಕೆ ಮೂಷಿಕೆಯಪ್ಪುದನಱ*ದಿಂತೆಂದಂ : ನೀವೆನ್ನಂ ಪ್ರತಾಪಸಂಪನ್ನನೆಂದು ಬಗೆದಿರಾನುಂ ಕುಲಗಿರಿಗಳನಪ್ಪೊಡೆಂತುಂ ತೆರಳ್ಚಲಾಱೆನದಱ*ಂದೆನಗಂ ನಗಂಗಳ್ ಪಿರಿಯವೆನೆ ಪರಮಯೋಗೀಂದ್ರನತಿ ಸಂತೋಷಂಗೆಯ್ದು,",ಮದುವೆಯ ಗಂಡು,Groom,Yes,Darshan R K,2025-02-07 12:30:23
ವರ,"ಆದರೆ ಹೀಗೆ ವರಾನ್ವೇಷಣೆಯ ಪ್ರಕ್ರಿಯೆಯಲ್ಲಿ ಹುಡುಗಿಯರು ಹಾಕುವ ಷರತ್ತುಳು, ವರ ಬೇಡಿಕೆಗಳ ಪಟ್ಟಿ ಬೆಳೆಯುತ್ತಲೇ ಹುಡುಗನನ್ನು ಹುಡುಕುವ ಪಾಲಕರ ಗೋಳನ್ನು ನೋಡಿದರೆ ಅಯ್ಯೋ ಎನ್ನಿಸಬಹುದು!",ಮದುವೆಯ ಗಂಡು,Groom,Yes,Darshan R K,2025-02-07 12:30:23
ವರ,ಚೆನ್ನೈ: ಮದುವೆ ನಿಲ್ಲಿಸಲು ವಧುವೊಬ್ಬಳು ತನ್ನ ಪ್ರಿಯಕರನಿಗೆ ಜೊತೆಗಿರುವ ಫೋಟೋಗಳನ್ನು ವರ ಹಾಗೂ ಆತನ ಕುಟುಂಬಸ್ಥರಿಗೆ ಕಳುಹಿಸು ಎಂದು ಹೇಳಿದ ಘಟನೆಯೊಂದು ತಮಿಳುನಾಡಿನ ಚೆನ್ನೈನಲ್ಲಿ ನಡೆದಿದೆ.,ಮದುವೆಯ ಗಂಡು,Groom,Yes,Darshan R K,2025-02-07 12:30:23
ವರ,ವಧು ವೇದಿಕೆ ಮೇಲೆ ಬರ್ತಿದ್ದಂತೆ ವರ ವಿಚಿತ್ರವಾಗಿ ವರ್ತಿಸಿದ್ದಾನೆ.,ಮದುವೆಯ ಗಂಡು,Groom,Yes,Darshan R K,2025-02-07 12:30:23
ವರ,ಮಗಳಿಗೆ ಉತ್ತಮ ವರ ದೊರೆಯುವ ಸಾಧ್ಯತೆ ಇದೆ.,ಮದುವೆಯ ಗಂಡು,Groom,Yes,Darshan R K,2025-02-07 12:30:23
ವರ,ಹರುಷದಲಿ ವರ ಸೇಸೆಯಿಟ್ಟಾರತಿಯ ಬೆಳಗಿದರು ||,ಮದುವೆಯ ಗಂಡು,Groom,Yes,Darshan R K,2025-02-07 12:30:23
ವರ,ಆದ್ರೆ ಪೊಲೀಸರು ದೂರು ದಾಖಲಿಸಿಕೊಳ್ಳುತ್ತಿದ್ದಂತೆ ವರ ಮತ್ತು ಆತನ ಪೋಷಕರು ನಾಪತ್ತೆಯಾಗಿದ್ದಾರೆ.,ಮದುವೆಯ ಗಂಡು,Groom,Yes,Darshan R K,2025-02-07 12:30:23
ವರ,"ಆದರೆ, ವರದಕ್ಷಿಣೆ ರೂಪದಲ್ಲಿ ಕಾರು ನೀಡಲಿಲ್ಲ ಎನ್ನುವ ಕಾರಣಕ್ಕೆ ವರ ಕೋಪಗೊಂಡಿದ್ದನು ಎನ್ನಲಾಗಿದೆ.",ಮದುವೆಯ ಗಂಡು,Groom,Yes,Darshan R K,2025-02-07 12:30:23
ವರ,ಆದ್ರೆ ಇದನ್ನೇ ನೆಪವಾಗಿಟ್ಟುಕೊಂಡ ವರ ಪ್ರದೀಪ್ ಆಕೆಗೆ ಮೂರ್ಛೆ ರೋಗವಿದೆ ಎಂದು ತಗಾದೆ ತೆಗೆದಿದ್ದಾನೆ.,ಮದುವೆಯ ಗಂಡು,Groom,Yes,Darshan R K,2025-02-07 12:30:23
ವರ,ಮೊದಲ ರಾತ್ರಿ ಪತ್ನಿ ಮುಸುಕು ತೆಗೆದು ಕಂಗಾಲಾದ ವರ,ಮದುವೆಯ ಗಂಡು,Groom,Yes,Darshan R K,2025-02-07 12:30:23
ವರ,"ನನ್ನ ಪ್ರಕಾರ, ಹುಡುಗನಿಗೆ ಒಳ್ಳೆ ಕೆಲಸವಿದೆ, ತುಂಬಾ ಒಳ್ಳೆಯ ಮನಸ್ಸಿದೆ, ಇದಕ್ಕಿಂತ ಇನ್ನೆಂತಹ ವರ ಬೇಕು ಇವರಿಗೆ ಎಂದು ವಾದಿಸುತ್ತಿದ್ದೆ.",ಮದುವೆಯ ಗಂಡು,Groom,Yes,Darshan R K,2025-02-07 12:30:23
ವರ,ವರ ಗೌತಮ್ ಬಿಳಿ ಬಣ್ಣದ ರೇಷ್ಮೆ ಪಂಚೆ-ಶಲ್ಯ ಧರಿಸಿದ್ದರು.,ಮದುವೆಯ ಗಂಡು,Groom,Yes,Darshan R K,2025-02-07 12:30:23
ವರ,"ಆದ್ದರಿಂದ, ಖಾತೆಗೆ ಅಭಿರುಚಿಗಳು ಮತ್ತು ಆಸಕ್ತಿಗಳು, ಮತ್ತು ವರ ಹಾಗು ವಧುವಿನ ತೆಗೆದುಕೊಳ್ಳುವ ಮೂಲಕ.",ಮದುವೆಯ ಗಂಡು,Groom,Yes,Darshan R K,2025-02-07 12:30:23
ವರ,ಮದುವೆ ಮನೆಗೆ ನಿಗದಿತ ವೇಳೆಗೆ ಆಗಮಿಸಿದ ವರ ಮಹಾಶಯ ಪೂಜಾ ಜೊತೆಗೆ ದಾಂಪತ್ಯ ಜೀವನಕ್ಕೆ ಕಾಲಿಟ್ಟಿದ್ದಾನೆ.,ಮದುವೆಯ ಗಂಡು,Groom,Yes,Darshan R K,2025-02-07 12:30:23
ವರ,ವಧು ಆತ್ಮಹತ್ಯೆ ಮಾಡಿಕೊಂಡ ಎರಡು ದಿನದಲ್ಲಿಯೇ ವರ ನೇಣಿಗೆ ಶರಣು,ಮದುವೆಯ ಗಂಡು,Groom,Yes,Darshan R K,2025-02-07 12:30:23
ವರ,"ವಿವಾಹ ಪೂರ್ವ ಫೋಟೋ ಶೂಟ್ಗೆ ತೆರಳುತ್ತಿದ್ದ ಕಾರು ಮರಕ್ಕೆ ಡಿಕ್ಕಿ ಹೊಡೆದು, ಭೀಕರ ರಸ್ತೆ ಅಪಘಾತದಲ್ಲಿ ವಧು ಮೃತಪಟ್ಟಿದ್ದು, ಗಂಭೀರ ಗಾಯಗೊಂಡಿದ್ದ ವರ ಕೂಡಾ ಚಿಕಿತ್ಸೆ ಫಲಕಾರಿಯಾಗದೇ ಮೃತಪಟ್ಟಿದ್ದಾನೆ.",ಮದುವೆಯ ಗಂಡು,Groom,Yes,Darshan R K,2025-02-07 12:30:23
ವರ,"ಸದ್ಯಕ್ಕೆ ಬಾಲಕಿಯ ಜವಾಬ್ದಾರಿಯನ್ನು ಮಕ್ಕಳ ಕಲ್ಯಾಣ ಸಮಿತಿ ವಹಿಸಿಕೊಂಡಿದ್ದು, ಈ ಬಗ್ಗೆ ವರ ಮತ್ತು ಬಾಲಕಿಯ ಪೋಷಕರ ವಿರುದ್ಧ ಚಿಕ್ಕಬಳ್ಳಾಪುರ ಗ್ರಾಮಾಂತರ ಪೊಲೀಸ್ ಠಾಣಾ ವ್ಯಾಪ್ತಿಯಲ್ಲಿ ದೂರ ದಾಖಲಿಸಲು ಮುಂದಾಗಿದ್ದಾರೆ.",ಮದುವೆಯ ಗಂಡು,Groom,Yes,Darshan R K,2025-02-07 12:30:23
ವರ,"ಕ : ಚಂದ್ರೋಜೀ, ನನ್ನ ಮಗಳಿಗೆ ತಕ್ಕ ವರ ನೀನು.",ಮದುವೆಯ ಗಂಡು,Groom,Yes,Darshan R K,2025-02-07 12:30:24
ವರ,ಮದುವೆ ವಯಸ್ಸಿನ ಹುಡುಗ ಹುಡುಗಿಗೆ ವರ ಅಥ್ವಾ ವಧು ಅನ್ವೇಷಣೆ ಸಹಜ.,ಮದುವೆಯ ಗಂಡು,Groom,Yes,Darshan R K,2025-02-07 12:30:24
ವರ,"ವಾಸ್ತವವಾಗಿ ಮದುವೆ ಕಾರ್ಯಕ್ರಮದಲ್ಲಿ ವರ ವಧುವಿಗೆ ಹಾರ ಹಾಕುವ ಸಂದರ್ಭದಲ್ಲಿ ಆತನ ಪ್ಯಾಂಟ್ ಕಳಚಿ ಬಿದ್ದಿದ್ದು, ಆಗಮಿಸಿದ ಬಂಧುಗಳಿಗೆ ನೋಡಿ ಏನೂ ಮಾಡಲಾಗದ ವಿಚಿತ್ರ ಪರಿಸ್ಥಿತಿ.",ಮದುವೆಯ ಗಂಡು,Groom,Yes,Darshan R K,2025-02-07 12:30:24
ವರ,"ಇಂಗ್ಲೆಂಡ್ ರಾಣಿ - ಮೊದಲನೆಯದಾಗಿ, ವರ ನೈಸರ್ಗಿಕ ರಾಜಕುಮಾರ, ಎಲಿಜಬೆತ್ II ರ ಮೊಮ್ಮಗ ಏಕೆಂದರೆ.",ಮದುವೆಯ ಗಂಡು,Groom,Yes,Darshan R K,2025-02-07 12:30:24
ವರ,ಈ ಘಟನೆ ಬಗ್ಗೆ ವರ ಅಥವಾ ವಧುವಿನ ಕಡೆಯವರು ಯಾವುದೇ ಪ್ರತಿಕ್ರಿಯೆ ನೀಡಲಿಲ್ಲ ಎಂದು ವರದಿಯಾಗಿದೆ.,ಮದುವೆಯ ಗಂಡು,Groom,Yes,Darshan R K,2025-02-07 12:30:24
ವರ,ನಂತರ ವರ ರಾಜೀವ್‌ರೆಡ್ಡಿ ಕಲ್ಯಾಣ ಮಂಟಪಕ್ಕೆ ಜನಾರ್ದನ ರೆಡ್ಡಿ ಅವರೊಂದಿಗೆ ವಿಜಯ ವಿಠ್ಠಲ ದೇವಸ್ಥಾನದಿಂದ ಸಾರೋಟಿನಲ್ಲಿ ಆಗಮಿಸಿ ಶ್ರೀನಿವಾಸನಿಗೆ ಪೂಜೆ ಸಲ್ಲಿಸಿದರು.,ಮದುವೆಯ ಗಂಡು,Groom,Yes,Darshan R K,2025-02-07 12:30:24
ವರ,ಫಿರೋಜಾಬಾದ್‌‌ನ ವರ ತನ್ನ ಮದುವೆ ಸಂದರ್ಭದಲ್ಲಿ ಗೆಳೆಯರ ಒತ್ತಾಯಕ್ಕೆ ಮಣಿದು ಮದುವೆ ಮಂಟಪದಲ್ಲಿ ಡ್ಯಾನ್ಸ್ ಮಾಡಿದ್ದಾನೆ.,ಮದುವೆಯ ಗಂಡು,Groom,Yes,Darshan R K,2025-02-07 12:30:24
ವರ,ಹಾಗಾದರೆ ಮೊದಲು ನಮ್ಮ ಮೂಗು ಸರಿಯಾಗಲಿ ಎಂದು ವರ ಕೇಳೋಣ ನಂತರ ಎಲ್ಲ ಭೋಗ ಭಾಗ್ಯಗಳು ಬರಲಿ.,ಮದುವೆಯ ಗಂಡು,Groom,Yes,Darshan R K,2025-02-07 12:30:24
ವರ,ಮದುವೆಯು ಮುಗಿದು ಗ್ರಹಸ್ಥಾಶ್ರಮಕ್ಕೆ ಕಾಲಿಡುವ ವರ ಮತ್ತು ಮಧುವಿಗೆ ಹೊಸ ಜೀವನ ಆರಂಭಿಸುವ ತವಕ.,ಮದುವೆಯ ಗಂಡು,Groom,Yes,Darshan R K,2025-02-07 12:30:24
ವರ,ಕೂಡಲೇ ಮದುವೆಯಾಗದಿದ್ದರೆ ವರ ಎಲ್ಲಿ ಆತ್ಮಹತ್ಯೆ ಮಾಡುಕೊಳ್ಳುತ್ತಾನೋ ಎಂಬ ಭಯ ನನಗೆ!,ಮದುವೆಯ ಗಂಡು,Groom,Yes,Darshan R K,2025-02-07 12:30:24
ವರ,ಮದುವೆ ಮೇಳದ ಎರಡನೇ ಹಂತವಾಗಿ ಶೀಘ್ರದಲ್ಲೇ ವಧೂ- ವರ ಹಾಗೂ ಪೋಷಕರ ಮುಖಾಮುಖಿ ಕಾರ್ಯಕ್ರಮವನ್ನು ಕನ್ನಡಕೂಟ ಏರ್ಪಡಿಸಲಿದೆ.,ಮದುವೆಯ ಗಂಡು,Groom,Yes,Darshan R K,2025-02-07 12:30:24
ವರ,ಮದುವೆಗೆ ಬಿಪಾಶಾ ಚಿನ್ನದ ಬಣ್ಣದ ಸವ್ಯಸಾಚಿ ಲೆಹಂಗಾ ಸೀರೆ ಹಾಗೂ ಕರಣ್ ಸಾಂಪ್ರದಾಯಿಕ ಬೆಂಗಾಲಿ ವರ ಉಡುಗೆಯೊಂದಿಗೆ ಮಿಂಚಿದರು.,ಮದುವೆಯ ಗಂಡು,Groom,Yes,Darshan R K,2025-02-07 12:30:24
ವರ,ಈ ವಿಷಯ ತಿಳಿದ ವರ ಮದುವೆಗೆ ಬರದೆ ಪರಾರಿಯಾಗಿದ್ದಾನೆ.,ಮದುವೆಯ ಗಂಡು,Groom,Yes,Darshan R K,2025-02-07 12:30:24
ವರ,ಬದ್ರಿನಾಥನ ವಧುವಾಗಿ ಮಿಂಚಲಿರುವ ಆಲಿಯಾ ರಿಯಲ್ ಲೈಫ್ ನಲ್ಲಿ ಎಂತ ವರ ಬೇಕೆಂಬುದನ್ನು ಹೇಳಿದ್ದಾಳೆ.,ಮದುವೆಯ ಗಂಡು,Groom,Yes,Darshan R K,2025-02-07 12:30:24
ವರ,ಮದುವೆ ಖುಷಿಯಲ್ಲಿದ್ದ ವರ ಮಾಡಿದ ಯಡವಟ್ಟು,ಮದುವೆಯ ಗಂಡು,Groom,Yes,Darshan R K,2025-02-07 12:30:24
ವರ್ಷ,ಇದನ್ನು ವರ್ಷ ಅಥವಾ ಮುಂದಿನ ಮಳೆ ಗಾಲಕ್ಕೆ ಮುಂದುವರಿಯಲು ಬಿಡುವು ದಿಲ್ಲ.,ಮಳೆ,Rain,Yes,Darshan R K,2025-02-08 12:09:33
ವರ್ಷ,"ಪಂಚಾಂಗ ಶ್ರೀ ಹೇವಿಳಂಬಿನಾಮ ಸಂವತ್ಸರ, ದಕ್ಷಿಣಾಯಣ ಪುಣ್ಯಕಾಲ, ವರ್ಷ ಋತು, ಭಾದ್ರಪದ ಮಾಸ, ಶುಕ್ಲ ಪಕ್ಷ, ಚತುರ್ಥಿ, ಶುಕ್ರವಾರ, ಹಸ್ತ ನಕ್ಷತ್ರ ಶುಭ ಘಳಿಗೆ: ಬೆಳಗ್ಗೆ 7:24 ರಿಂದ 9:05 ಅಶುಭ ಘಳಿಗೆ: ಬೆಳಗ್ಗೆ 10:46 ರಿಂದ 12:28 ರಾಹುಕಾಲ: ಬೆಳಗ್ಗೆ.",ಮಳೆ,Rain,Yes,Darshan R K,2025-02-08 12:09:33
ವರ್ಷ,ವರ್ಷ ಪರವಾಗಿಲ್ಲ ಎನ್ನುವಂತಿತ್ತು.,ಮಳೆ,Rain,Yes,Darshan R K,2025-02-08 12:09:33
ವರ್ಷ,ಕಳೆದ ವರ್ಷ ಆಸ್ಟ್ರೇಲಿಯನ್ ಸೂಪರ್ ಸಿರೀಸ್ ಜಯಿಸಿದ್ದ ಸೈನಾ ನೆಹ್ವಾಲ್ ಅವರು ಸೆಮಿಫೈನಲ್‌ನಲ್ಲಿ ಹಾಂಕಾಂಗ್‌ನ ಯಿಪ್ ಪುಯಿ ಯಿನ್ ಅವರನ್ನು ಎದುರಿಸಲಿದ್ದಾರೆ.,ಹನ್ನೆರಡು ತಿಂಗಳುಗಳ ಅವಧಿ,Year,Yes,Darshan R K,2025-02-08 12:20:32
ವರ್ಷ,"ಮತ್ತು ಇದು ಸಿಲ್ಲಿ ವೇಳೆ, ಜೀವನದ ಮೊದಲ ವರ್ಷ ಆಚರಿಸುತ್ತಿದೆ, ಕೇವಲ ಎಲ್ಲಾ ಪದಾರ್ಥಗಳನ್ನು ಒಂದು ಬಣ್ಣದ ಆಯ್ಕೆ!",ಹನ್ನೆರಡು ತಿಂಗಳುಗಳ ಅವಧಿ,Year,Yes,Darshan R K,2025-02-08 12:20:32
ವರ್ಷ,"ಈ ವರ್ಷ 95 ಸಾವಿರ ರೂಪಾಯಿ ಪರಿಹಾರ ನೀಡಲಾಗಿದೆ, ಇನ್ನೂ 2019-20 ಸಾಲಿನಲ್ಲಿ ಈಗಾಗಲೇ 25 ಪ್ರಕರಣಗಳು ದಾಖಲಾಗಿದ್ದು, ಈ ಪ್ರಕರಣಗಳ ಸಂತ್ರಸ್ತರಿಗೆ ಪರಿಹಾರ ನೀಡಲು ಅನುದಾನವಿಲ್ಲದೆ ಒಂದು ರೂಪಾಯಿ ಹಣ ಕೂಡ ನೀಡಿಲ್ಲ.",ಹನ್ನೆರಡು ತಿಂಗಳುಗಳ ಅವಧಿ,Year,Yes,Darshan R K,2025-02-08 12:20:32
ವರ್ಷ,ಕಾಸರಗೋಡು ಬ್ಯಾಂಕ್ ರೋಡ್‌ನಲ್ಲಿ ಐದು ವರ್ಷ ಹಿಂದೆ ಕಾರ್ಯಾಚರಣೆ ಆರಂಭಿಸಿದ್ದ ಚಂದ್ರಗಿರಿ ಚಿಟ್ಟಿಫಂಡ್‌ನ ವಿರುದ್ಧ ದೂರು ನೀಡಲಾಗಿದೆ.,ಹನ್ನೆರಡು ತಿಂಗಳುಗಳ ಅವಧಿ,Year,Yes,Darshan R K,2025-02-08 12:20:32
ವರ್ಷ,ಸಚಿನ್‌ ಸುಸಂಸ್ಕೃತ ವಿದ್ಯಾವಂತ ದಂಪತಿಗಳ ಮುದ್ದಿನ ಐದು ವರ್ಷ ಪ್ರಾಯದ ಕುಮಾರ.,ಹನ್ನೆರಡು ತಿಂಗಳುಗಳ ಅವಧಿ,Year,Yes,Darshan R K,2025-02-08 12:20:32
ವರ್ಷ,ಧನಪಾಲ್ ಅವರು ಕಳೆದ ವರ್ಷ ಅನರ್ಹಗೊಳಿಸಿದ್ದರು.,ಹನ್ನೆರಡು ತಿಂಗಳುಗಳ ಅವಧಿ,Year,Yes,Darshan R K,2025-02-08 12:20:32
ವರ್ಷ,ಅಲ್ಲದೇ ಕಳೆದ ವರ್ಷ ದೀಪಾವಳಿಗೆ ಕೊಹ್ಲಿ ಹಾಗೂ ಬ್ರೂನೋ ಸೇರಿಕೊಂಡು ಸರಳ ದೀಪಾವಳಿ ಆಚರಣೆ ಮಾಡಿಯೆಂದು ವಿಡಿಯೋವೊಂದನ್ನ ಶೇರ್ ಮಾಡಿದ್ರು.,ಹನ್ನೆರಡು ತಿಂಗಳುಗಳ ಅವಧಿ,Year,Yes,Darshan R K,2025-02-08 12:20:32
ವರ್ಷ,ಕ್ಕೆ 18 ವರ್ಷ ಮೀರಿರಬಾರದು.,ಹನ್ನೆರಡು ತಿಂಗಳುಗಳ ಅವಧಿ,Year,Yes,Darshan R K,2025-02-08 12:20:32
ವರ್ಷ,ನಾಲ್ಕು ವರ್ಷ ಮೇಲ್ಪಟ್ಟು ಯಾವುದೇ ವಯೋಮಾನದವರೂ ಈ ತರಬೇತಿ ಪಡೆಯಬಹುದು.,ಹನ್ನೆರಡು ತಿಂಗಳುಗಳ ಅವಧಿ,Year,Yes,Darshan R K,2025-02-08 12:20:32
ವರ್ಷ,ಸ್ವಾತಂತ್ರ್ಯ ಬಂದು 69 ವರ್ಷ ಕಳೆದರೂ ಇನ್ನೂ ದಲಿತರಿಗೆ ಅಶ್ರ್ಪುಶ್ಯತೆಯಿಂದ ಬದುಕುವುದು ನಿರಂತರವಾಗಿದೆ.,ಹನ್ನೆರಡು ತಿಂಗಳುಗಳ ಅವಧಿ,Year,Yes,Darshan R K,2025-02-08 12:20:32
ವರ್ಷ,ಮಾಹಿತಿ ಪ್ರಕಾರ ಕೇಜ್ರಿವಾಲ್ ಹಿಂದಿನ ವರ್ಷ ಭರ್ಜರಿ ಪಾರ್ಟಿ ನೀಡಿದ್ದಾರೆ.,ಹನ್ನೆರಡು ತಿಂಗಳುಗಳ ಅವಧಿ,Year,Yes,Darshan R K,2025-02-08 12:20:32
ವರ್ಷ,ಕಳೆದ ವರ್ಷ ತಮ್ಮ ನಿಶ್ಚಿತಾರ್ಥ ನೆರವೇರಿಸಿಕೊಂಡಿದ್ದ ಈ ಜೋಡಿಗೆ ಟೈಮ್ಸ್ ನೌ ನೀಡಿರುವ ಗೌರವ ಮತ್ತಷ್ಟು ಸಂತಸ ಸಂತಿದೆ.,ಹನ್ನೆರಡು ತಿಂಗಳುಗಳ ಅವಧಿ,Year,Yes,Darshan R K,2025-02-08 12:20:32
ವರ್ಷ,ಇದರಿಂದ ನೊಂದ ಆಕೆ ಹೆತ್ತವರ ಬಳಿ ಸಮಸ್ಯೆ ಹೇಳಿಕೊಂಡು ಒಂದು ವರ್ಷ ಕಾಲೇಜಿಗೆ ಹೋಗೋದಿಲ್ಲ ಎಂದಿದ್ದಾಳೆ.,ಹನ್ನೆರಡು ತಿಂಗಳುಗಳ ಅವಧಿ,Year,Yes,Darshan R K,2025-02-08 12:20:32
ವರ್ಷ,ಪ್ರಸ್ತುತ ವರ್ಷ ಚಿಕ್ಕಮಗಳೂರು ಜಿಲ್ಲೆಯ 8 ಮಾನವ ರಹಿತ ಲೆವೆಲ್‌ಕ್ರಾಸ್‌ ಗಳನ್ನು ಮುಚ್ಚಿ ಒಂದರಲ್ಲಿ ಗೇಟ್‌ಮ್ಯಾನ್‌ ನಿಯೋಜಿಸಲಾಗುತ್ತಿದೆ.,ಹನ್ನೆರಡು ತಿಂಗಳುಗಳ ಅವಧಿ,Year,Yes,Darshan R K,2025-02-08 12:20:32
ವರ್ಷ,(ದಾಖಲಾತಿಗೆ ಕನಿಷ್ಟ 10 ವರ್ಷ ವಯಸ್ಸಾಗಿರಬೇಕು.,ಹನ್ನೆರಡು ತಿಂಗಳುಗಳ ಅವಧಿ,Year,Yes,Darshan R K,2025-02-08 12:20:32
ವರ್ಷ,"ಶೀಘ್ರದಲ್ಲೇ ಅವನು 35 ವರ್ಷ ವಯಸ್ಸಿನವನಾಗಿರುತ್ತಾನೆ, ಆದ್ದರಿಂದ ಭವಿಷ್ಯದಲ್ಲಿ ಅವನು ತನ್ನ ವೃತ್ತಿಪರ ವೃತ್ತಿಯನ್ನು ಪೂರ್ಣಗೊಳಿಸುತ್ತಾನೆಂದು ನಿರೀಕ್ಷಿಸಬಹುದು.",ಹನ್ನೆರಡು ತಿಂಗಳುಗಳ ಅವಧಿ,Year,Yes,Darshan R K,2025-02-08 12:20:32
ವರ್ಷ,ಈ ಪದ್ಧತಿಯು ಮುಂದಿನ ವರ್ಷ ಪ್ರಥಮ ಪದವಿಗೆ ಸೇರುವ ವಿದ್ಯಾರ್ಥಿಗಳಿಗೆ ಅನ್ವಯವಾಗುತ್ತದೆ.,ಹನ್ನೆರಡು ತಿಂಗಳುಗಳ ಅವಧಿ,Year,Yes,Darshan R K,2025-02-08 12:20:32
ವರ್ಷ,ಸರಕಾರ ಐದು ವರ್ಷ ಪೂರ್ಣಗೊಳಿಸಲಿದೆ ಎಂದರು.,ಹನ್ನೆರಡು ತಿಂಗಳುಗಳ ಅವಧಿ,Year,Yes,Darshan R K,2025-02-08 12:20:32
ವರ್ಷ,ಈ ನಿಯಮದಿಂದ ಸಹಕಾರ ಸಂಸ್ಥೆಗಳನ್ನು ಹೊರಗಿಡಬೇಕು ಅಥವಾ ಕನಿಷ್ಠ ಮೂರು ವರ್ಷ ವಿನಾಯ್ತಿ ನೀಡಬೇಕು ಎಂದು ಕೇಂದ್ರ ಸರ್ಕಾರವನ್ನು ಒತ್ತಾಯಿಸಲಾಗಿದೆ ಎಂದು ಕ್ಯಾಂಪ್ಕೊ ಅಧ್ಯಕ್ಷ ಎಸ್.,ಹನ್ನೆರಡು ತಿಂಗಳುಗಳ ಅವಧಿ,Year,Yes,Darshan R K,2025-02-08 12:20:32
ವರ್ಷ,"ಮೆಲ್ಬೋರ್ನ್‌:- ಮುಂಬರುವ ಐಸಿಸಿ ವಿಶ್ವಕಪ್‌ಗೆ 15 ಆಟಗಾರರ ಆಸ್ಟ್ರೇಲಿಯಾ ತಂಡವನ್ನು ಪ್ರಕಟಿಸಲಾಗಿದ್ದು, ಚೆಂಡು ವಿರೂಪ ಪ್ರಕರಣದಲ್ಲಿ ಒಂದು ವರ್ಷ ಅಂತಾರಾಷ್ಟ್ರೀಯ ಕ್ರಿಕೆಟ್‌ನಿಂದ ನಿಷೇಧಕ್ಕೆ ಒಳಗಾಗಿದ್ದ ಡೇವಿಡ್‌ ವಾರ್ನರ್‌ ಹಾಗೂ ಸ್ಟೀವ್‌ ಸ್ಮಿತ್‌ ತಂಡಕ್ಕೆ ಮರಳಿದ್ದಾರೆ.",ಹನ್ನೆರಡು ತಿಂಗಳುಗಳ ಅವಧಿ,Year,Yes,Darshan R K,2025-02-08 12:20:32
ವರ್ಷ,ಪಾಕ್ ಮಾಜಿ ಪ್ರಧಾನಿ ನವಾಜ್ ಷರೀಫ್‍ಗೆ 10 ವರ್ಷ ಜೈಲು,ಹನ್ನೆರಡು ತಿಂಗಳುಗಳ ಅವಧಿ,Year,Yes,Darshan R K,2025-02-08 12:20:32
ವರ್ಷ,ಕಿಶೋರ್‌ ಜುಂಜನ್‌ವಾಲಾ ಅವರಿಗೆ ಈಗ 73 ವರ್ಷ ವಯಸ್ಸು.,ಹನ್ನೆರಡು ತಿಂಗಳುಗಳ ಅವಧಿ,Year,Yes,Darshan R K,2025-02-08 12:20:32
ವರ್ಷ,ಇದು ಕಳೆದ ವರ್ಷ 45.,ಹನ್ನೆರಡು ತಿಂಗಳುಗಳ ಅವಧಿ,Year,Yes,Darshan R K,2025-02-08 12:20:32
ವರ್ಷ,ಬಿಬಿಎಂಪಿಯಲ್ಲಿ ಎರಡು ವರ್ಷ ಆಡಳಿತ ಪೂರ್ಣಗೊಳಿಸುತ್ತಿರುವ ಬಿಜೆಪಿ ಸಾಕಷ್ಟು ವೈಫಲ್ಯ ಕಂಡಿದೆ.,ಹನ್ನೆರಡು ತಿಂಗಳುಗಳ ಅವಧಿ,Year,Yes,Darshan R K,2025-02-08 12:20:32
ವರ್ಷ,ಅದರ ಇತಿಹಾಸ ಇಪ್ಪತ್ತನೇ ಶತಮಾನದ ಹತ್ತೊಂಬತ್ತನೇ ವರ್ಷ ಹಳೆಯದು.,ಹನ್ನೆರಡು ತಿಂಗಳುಗಳ ಅವಧಿ,Year,Yes,Darshan R K,2025-02-08 12:20:32
ವರ್ಷ,"ಉಡುಪಿ: ಬ್ರಹ್ಮಾವರದಲ್ಲಿ ಮನೆ ಕೆಲಸ ಹಾಗೂ ಅನಾರೋಗ್ಯದ ವ್ಯಕ್ತಿಗಳನ್ನು ನೋಡಿಕೊಳ್ಳುವ ಕೆಲಸ ಮಾಡಿಕೊಂಡಿದ್ದ ಚಿಕ್ಕಮಗಳೂರು ಜಿಲ್ಲೆಯ (ವಿಳಾಸ:NMDC ಕೈಮರ ಅಂಚೆ, ಚಿಕ್ಕಮಗಳೂರು) ಸುಮಾರು 20 ವರ್ಷ ಪ್ರಾಯದ ತಾರಾ ಎಂಬವರು ಫೆಬ್ರವರಿ ತಿಂಗಳಲ್ಲಿ ತನ್ನ ಊರಿಗೆಂದು ಹೋದವರು ಮನೆಗೂ ಹೋಗದೆ, ಕೆಲಸಕ್ಕೂ ಈವರೆಗೆ ವಾಪಾಸು ಬಾರದೆ ಕಾಣೆಯಾಗಿದ್ದು ಬ್ರಹ್ಮಾ‌ಔರ ಪೊಲೀಸ್ ಠಾಣೆಯಲ್ಲಿ ಪ್ರಕರಣ ದಾಖಲಾಗಿ ತನಿಖೆಯಲ್ಲಿರುತ್ತದೆ.",ಹನ್ನೆರಡು ತಿಂಗಳುಗಳ ಅವಧಿ,Year,Yes,Darshan R K,2025-02-08 12:20:32
ವರ್ಷ,ಅರ್ಧ ಶತಮಾನಕ್ಕೂ ಹೆಚ್ಚು ಕಾಲ ಪ್ರತಿ ವರ್ಷ ನಾಡಿನ ಪ್ರಮುಖ ಧಾರ್ಮಿಕ ಸಮಾರಂಭಗಳಿಗೆ ಮಾತೃ ಸ್ವರೂಪದಂತಿರುವ ಶ್ರೀ ತರಳಬಾಳು ಹುಣ್ಣಿಮೆ ಮಹೋತ್ಸವವು ಲಿಂಗೈಕ್ಯ ಗುರುಗಳವರ ಕರಕಮಲ ಸಂಜಾತರಾದ ಶ್ರೀ ತರಳಬಾಳು ಜಗದ್ಗುರು ಶ್ರೀ 1108 ಡಾ.,ಹನ್ನೆರಡು ತಿಂಗಳುಗಳ ಅವಧಿ,Year,Yes,Darshan R K,2025-02-08 12:20:32
ವರ್ಷ,ಅದರಲ್ಲಿ ಕಳೆದ ವರ್ಷ ಚುನಾಯಿತ ಸರ್ಕಾರದ ಪ್ರಧಾನಿ ಯಿಂಗ್ಲಕ್ ಶಿನವಾತ್ರ ಅವರ ವಿರುದ್ಧ ಕ್ಷಿಪ್ರಕ್ರಾಂತಿ ನಡೆಸಿದ ನಾಯಕರೂ ಸೇರಿದ್ದಾರೆ.,ಹನ್ನೆರಡು ತಿಂಗಳುಗಳ ಅವಧಿ,Year,Yes,Darshan R K,2025-02-08 12:20:32
ವರ್ಷ,ಈ ವರ್ಷ 60 ದಿನ ಅಧಿವೇಶನ ನಡೆಲಾಗುವುದು ಎಂದು ಅವರು ಮಾಹಿತಿ ನೀಡಿದರು.,ಹನ್ನೆರಡು ತಿಂಗಳುಗಳ ಅವಧಿ,Year,Yes,Darshan R K,2025-02-08 12:20:32
ವರ್ಷ,ರಾಜ್ಯದಲ್ಲಿ ಈ ವರ್ಷ ಮುಂಗಾರು ಪೂರ್ವದ ಮಳೆ ವ್ಯಾಪಕವಾಗಿ ಬಿದ್ದಿದೆ.,ಹನ್ನೆರಡು ತಿಂಗಳುಗಳ ಅವಧಿ,Year,Yes,Darshan R K,2025-02-08 12:20:32
ವರ್ಷ,ಅನಾರೋಗ್ಯದ ಜೀವನ ಪರಿಸ್ಥಿತಿಗಳು ಮತ್ತು ಪರಿಣಾಮಕಾರಿ ವೈದ್ಯಕೀಯ ಆರೈಕೆಗೆ ಕಡಿಮೆ ಪ್ರವೇಶವು ಜೀವಿತಾವಧಿಗೆ 35 ವರ್ಷ ವಯಸ್ಸಿನವರೆಗೆ ಸೀಮಿತವಾಗಿತ್ತು.,ಹನ್ನೆರಡು ತಿಂಗಳುಗಳ ಅವಧಿ,Year,Yes,Darshan R K,2025-02-08 12:20:32
ವರ್ಷ,"ಸೀಗಲ್ ಮೊದಲ ಬಾರಿಗೆ ಶಿಟೊ-ರುಯು ಕರಾಟೆ ಅನ್ನು ಫ್ಯುಮಿಯೋ ಡೆಮುರಾ ಮತ್ತು ಐಕಿಡೋದಡಿ ರಾಡ್ ಕೊಬಾಯಾಷಿಯವರಡಿ ಏಳು ವರ್ಷ ವಯಸ್ಸಿನಲ್ಲೇ ಅಧ್ಯಯನ ಮಾಡಲಾರಂಭಿಸಿದನು, ನಂತರ ಐಕಿಡೋ ಸಂಸ್ಥಾಪಕ ಮೊರಿಯಾಹೇ ಯುಶಿಬಾ 1959 ರಲ್ಲಿ ತನ್ನ ಆಸಕ್ತಿಯನ್ನು ಹುಟ್ಟುಹಾಕಿದನು.",ಹನ್ನೆರಡು ತಿಂಗಳುಗಳ ಅವಧಿ,Year,Yes,Darshan R K,2025-02-08 12:20:32
ವರ್ಷ,ಮುಂದಿನ ವರ್ಷ ಕಂಪನಿಯು ಫಿಯೆಸ್ಟಾ ಹ್ಯಾಚ್ ಬ್ಯಾಕ್ ಆವೃತ್ತಿ ಹೊರತರಲಿದೆಯಂತೆ.,ಹನ್ನೆರಡು ತಿಂಗಳುಗಳ ಅವಧಿ,Year,Yes,Darshan R K,2025-02-08 12:20:32
ವರ್ಷ,ಅದೇ ವರ್ಷ ಬೆಂಗಳೂರಿನ ವಕೀಲರು ಪೊಲೀಸರ ಜೊತೆಗೆ ಹಿಂಸಾತ್ಮಕ ಮುಖಾಮುಖಿಗಿಳಿದಿದ್ದರು ಮತ್ತು ಕೇರಳದ ವಕೀಲರು ಸುದೀರ್ಘ ಕಾಲದ ಮುಷ್ಕರ ಹೂಡಿದ್ದರು ಮತ್ತು ಅದು ಆಗಾಗ ಕೈಮೀರಿದ ಘಟನೆಗಳಿಗೆ ಕಾರಣವಾಗಿತ್ತು.,ಹನ್ನೆರಡು ತಿಂಗಳುಗಳ ಅವಧಿ,Year,Yes,Darshan R K,2025-02-08 12:20:32
ವರ್ಷ,ಶೋಭಾ ಕರಂದ್ಲಾಜೆ ಮಾಜಿ ಸಚಿವೆಯಾಗಿ 130 ವರ್ಷ ಇತಿಹಾಸ ಇರುವ ರಾಷ್ಟ್ರೀಯ ಪಕ್ಷದ ಉಪಾಧ್ಯಕ್ಷರ ಬಗ್ಗೆ ಹಗುರವಾಗಿ ಮಾತಾಡೋದು ಅವರ ಸಂಸ್ಕೃತಿಯನ್ನು ತೋರಿಸುತ್ತದೆ.,ಹನ್ನೆರಡು ತಿಂಗಳುಗಳ ಅವಧಿ,Year,Yes,Darshan R K,2025-02-08 12:20:32
ವರ್ಷ,ಇದು ಮಾಡಲಾಗಿದೆ ಪದೇ ಔಷಧ ಕೇವಲ ಮಕ್ಕಳು 7 ವರ್ಷ ಮೇಲ್ಪಟ್ಟ ಬಳಸಬೇಕು ಎಂದು ಹೇಳಿದ್ದಾರೆ.,ಹನ್ನೆರಡು ತಿಂಗಳುಗಳ ಅವಧಿ,Year,Yes,Darshan R K,2025-02-08 12:20:32
ವರ್ಷ,ಕಳೆದ ವರ್ಷ ಡಿಸೆಂಬರ್ ನಲ್ಲಿ ಧಿಂಗ್ರಾ ಅವರ ಸಂಪರ್ಕ ಹೊಂದಿರುವ ಶಾಲೆಗೆ ರಸ್ತೆ ಕಲ್ಪಿಸುವಂತೆ ಜಿಲ್ಲಾಧಿಕಾರಿಗಳಿಗೆ ಅರ್ಜಿಯನ್ನು ನೀಡಲಾಗಿತ್ತು.,ಹನ್ನೆರಡು ತಿಂಗಳುಗಳ ಅವಧಿ,Year,Yes,Darshan R K,2025-02-08 12:20:32
ವರ್ಷ,ಪೆರ್ಲ: ಆರು ವರ್ಷ ಹಿಂದೆ ನಿರ್ಮಾಣ ಆರಂಭಿಸಿದ ಕಾಸರಗೋಡು ಮೆಡಿಕಲ್ ಕಾಲೇಜು ಕಾಮಗಾರಿ ಆಮೆ ನಡಿಗೆಯಂತೆ ವಿಳಂಬವಾಗಿ ನಡೆ ಯುತ್ತಿರುವುದರಿಂದಾಗಿ ಕ್ರಿಯಾ ಸಮಿತಿ ಇಂದು ಪ್ರತಿಭಟನೆ ನಡೆಸಿತು.,ಹನ್ನೆರಡು ತಿಂಗಳುಗಳ ಅವಧಿ,Year,Yes,Darshan R K,2025-02-08 12:20:32
ವರ್ಷ,ಕಳೆದ ವರ್ಷ ಇದೇ ತೆರಿಗೆ ವಿನಾಯಿತಿಯನ್ನು ಬಳಸಿಕೊಂಡು ಏ.,ಹನ್ನೆರಡು ತಿಂಗಳುಗಳ ಅವಧಿ,Year,Yes,Darshan R K,2025-02-08 12:20:32
ವರ್ಷ,ಸುಮಾರು ಹನ್ನೆರಡರಿಂದ ಹದಿನಾಲ್ಕು ವರ್ಷ ವಯಸ್ಸಿನ ಅನೇಕ ಮಕ್ಕಳು ಅಲ್ಲಿ ಕಳ್ಳ ಪೋಲೀಸ್ ಆಟವಾಡುವುದರಲ್ಲಿ ಮೈಮರೆತಿದ್ದರು.,ಹನ್ನೆರಡು ತಿಂಗಳುಗಳ ಅವಧಿ,Year,Yes,Darshan R K,2025-02-08 12:20:32
ವರ್ಷ,ಬೋಡಾಕ್ ಯೆಲ್ಲೋ ಪ್ರಶಸ್ತಿಯನ್ನು ಕಳೆದ ವರ್ಷ ಗೆಲ್ಲಲು ಸಾಧ್ಯವಾಗದೇ ಇದ್ದದ್ದಕ್ಕೆ ಎಲ್ಲರೂ ಧಿಕ್ಕಾರ ಕೂಗಿದ್ದು ಈಗಲೂ ನನಗೆ ನೆನಪಿದೆ.,ಹನ್ನೆರಡು ತಿಂಗಳುಗಳ ಅವಧಿ,Year,Yes,Darshan R K,2025-02-08 12:20:32
ವರ್ಷ,2009; 10ನೇ ಹಣಕಾಸು ವರ್ಷ ದಲ್ಲಿ ದೇಶದ ಜಿಡಿಪಿ ಶೇ 9ರಷ್ಟು ಗರಿಷ್ಠ ಮಟ್ಟದಲ್ಲಿತ್ತು.,ಹನ್ನೆರಡು ತಿಂಗಳುಗಳ ಅವಧಿ,Year,Yes,Darshan R K,2025-02-08 12:20:32
ವರ್ಷ,ಅಂಥವರು ಐದಾರು ವರ್ಷ ಸೆರೆವಾಸದಲ್ಲಿದ್ದರೂ ಕಿಂಚಿತ್ತೂ ಪರಿವರ್ತನೆ ಆಗಿರುವುದಿಲ್ಲ.,ಹನ್ನೆರಡು ತಿಂಗಳುಗಳ ಅವಧಿ,Year,Yes,Darshan R K,2025-02-08 12:20:32
ವರ್ಷ,ಈ ಕಾರು ಮುಂದಿನ ವರ್ಷ ರಸ್ತೆಗಿಳಿಯುವ ನಿರೀಕ್ಷೆಯಿದೆ.,ಹನ್ನೆರಡು ತಿಂಗಳುಗಳ ಅವಧಿ,Year,Yes,Darshan R K,2025-02-08 12:20:32
ವರ್ಷ,"ವಿವಿಯಲ್ಲಿ 5 ವರ್ಷ ಅವಧಿಯ ಇಂಟಿಗ್ರೇಟೆಡ್‍ ಬಿಬಿಎ ಕೋರ್ಸ್‍ನಲ್ಲಿ ಕಾನೂನು ವಿಷಯವೊಂದನ್ನು ಸೇರಿಸಿ, ಮುಂಬರುವ ಶೈಕ್ಷಣಿಕ ವರ್ಷದಿಂದ ಪ್ರಾರಂಭಿಸಲು ಸಿಂಡಿಕೇಟ್ ಸಭೆಯಲ್ಲಿ ಅನುಮೋದನೆಗಾಗಿ ಇರುವ ವಿಷಯವೊಂದರ ಕುರಿತು ಚರ್ಚಿಸಲಾಯಿತು.",ಹನ್ನೆರಡು ತಿಂಗಳುಗಳ ಅವಧಿ,Year,Yes,Darshan R K,2025-02-08 12:20:32
ವರ್ಷ,ಕಳೆದ ವರ್ಷ ಮಾರ್ಚ್ ಹನ್ನೆರಡರಂದು ಆಟೋ ದರವನ್ನು ಏರಿಸಲಾಗಿತ್ತು.,ಹನ್ನೆರಡು ತಿಂಗಳುಗಳ ಅವಧಿ,Year,Yes,Darshan R K,2025-02-08 12:20:32
ವರ್ಷ,"ಪ್ರತಿಭಾವಂತ ರಾಹುಲ್: 11 ವರ್ಷ ವಯಸ್ಸಿನಿಂದ ಕ್ರಿಕೆಟ್ ಬಗ್ಗೆ ಗೀಳು ಅಂಟಿಸಿಕೊಂಡ ರಾಹುಲ್ 2013-14 ರಣಜಿ ಟ್ರೋಫಿ ವಿಜೇತ ತಂಡದ ಸದಸ್ಯರಾಗಿದ್ದರಲ್ಲದೆ ರಣಜಿ ಋತುವಿನಲ್ಲಿ 50 ರನ್ ಸರಾಸರಿಯಂತೆ 1,158 ರನ್ ಗಳಿಸಿ ತಂಡ ಚಾಂಪಿಯನ್ ಆಗಲು ತಮ್ಮ ಕೊಡುಗೆ ನೀಡಿದ್ದರು.",ಹನ್ನೆರಡು ತಿಂಗಳುಗಳ ಅವಧಿ,Year,Yes,Darshan R K,2025-02-08 12:20:32
ವರ್ಷ,ಮುಂದಿನ ವರ್ಷ ಮಾರ್ಚ್ 31ರ ಒಳಗಾಗಿ ಎಲ್ಲರೂ ಆಧಾರ್ ಜೋಡಣೆ ಮಾಡಬೇಕು ಎಂದು ತೀರ್ಪು ಕೊಟ್ಟಿದೆ.,ಹನ್ನೆರಡು ತಿಂಗಳುಗಳ ಅವಧಿ,Year,Yes,Darshan R K,2025-02-08 12:20:32
ವರ್ಷ,"ಕ್ಲಬ್ನ ಸದಸ್ಯರ ಮೇಲೆ ತಮ್ಮ ಸಂಪತ್ತಿನ ಪ್ರೋತ್ಸಾಹವನ್ನು ಈಗ, ಸರೋವರ ಸ್ವಚ್ಛಗೊಳಿಸುವ ದಿನ ಕಳೆಯಲು ಕರಾವಳಿ ಸ್ವಚ್ಛತೆ, ಹಾಗೂ ಪ್ರತಿ ವರ್ಷ ನೋಡಿ ತೆಗೆದುಕೊಂಡಿತು ನೀರಿನಲ್ಲಿ ಹೋಗಿ footbridges ಅನುಸ್ಥಾಪಿಸುವಾಗ.",ಹನ್ನೆರಡು ತಿಂಗಳುಗಳ ಅವಧಿ,Year,Yes,Darshan R K,2025-02-08 12:20:32
ವರ್ಷ,ಎಷ್ಟು ಬೇಗ ವರ್ಷ ಕಳೆದು ಹೋಯಿತಲ್ಲಾ ಎಂದು ಹೇಳುವುದು ಸಾಮಾನ್ಯವೇ.,ಹನ್ನೆರಡು ತಿಂಗಳುಗಳ ಅವಧಿ,Year,Yes,Darshan R K,2025-02-08 12:20:32
ವರ್ಷ,ಹೀಗೆ ಸಂತೆಯಲ್ಲೇ ಅನೇಕ ವರ್ಷ ಜೀವನ ಕಳೆದಿದ್ದೇನೆ ಎಂದು ಅವರು ಹೇಳಿದರು.,ಹನ್ನೆರಡು ತಿಂಗಳುಗಳ ಅವಧಿ,Year,Yes,Darshan R K,2025-02-08 12:20:32
ವರ್ಷ,ಬಾರಿ ರೇಪ್‌;ಆಫ್ರಿಕಾ ಮಾಜಿ ಕ್ರಿಕೆಟಿಗನಿಗೆ 18 ವರ್ಷ ಜೈಲು!,ಹನ್ನೆರಡು ತಿಂಗಳುಗಳ ಅವಧಿ,Year,Yes,Darshan R K,2025-02-08 12:20:32
ವರ್ಷ,"ಹಾಗಾಗಿ ವಿವಿಧ ಕಂಪನಿಗಳು ಈ ವರ್ಷ ಭರ್ಜರಿ ಕೊಡುಗೆಗಳನ್ನು ಘೋಷಿಸಿದ್ದು, ಅವುಗಳು ಯಾವುವು ಅಂದ್ರಾ ಇಲ್ಲಿದೇ ನೋಡಿ ಸಂಪೂರ್ಣ ವಿವರ.",ಹನ್ನೆರಡು ತಿಂಗಳುಗಳ ಅವಧಿ,Year,Yes,Darshan R K,2025-02-08 12:20:32
ವರ್ಷ,ಈ ಪ್ರಕರಣಕ್ಕೆ ಸಂಬಂಧಿಸಿದಂತೆ ಪೊಲೀಸರು ಆತನನ್ನು ವಿಚಾರಣೆ ಮಾಡಿದಾಗ ಆತ 10 ವರ್ಷ ವಯಸ್ಸಿನಲ್ಲಿರುವಾಗ,ಹನ್ನೆರಡು ತಿಂಗಳುಗಳ ಅವಧಿ,Year,Yes,Darshan R K,2025-02-08 12:20:32
ವರ್ಷ,ಕೇರಳದ ಪ್ರಸಿದ್ಧ ಶಬರಿಮಲೆ ಅಯ್ಯಪ್ಪ ದೇವಾಲಯದಲ್ಲಿ 10 ರಿಂದ 50 ವರ್ಷ ವಯಸ್ಸಿನ ಮಹಿಳೆಯರಿಗೆ ದೇವಾಲಯಕ್ಕೆ ಪ್ರವೇಶಿಸಲು ಅನುಮತಿ ಇರಲಿಲ್ಲ.,ಹನ್ನೆರಡು ತಿಂಗಳುಗಳ ಅವಧಿ,Year,Yes,Darshan R K,2025-02-08 12:20:32
ವರ್ಷ,"ಬೆಂಗಳೂರು, ಜನವರಿ 27: ಈ ವರ್ಷ ಕರ್ನಾಟಕ ವಿಧಾನಸಭೆ ಚುನಾವಣೆ ನಡೆಯಲಿರುವ ಹಿನ್ನೆಲೆಯಲ್ಲಿ ಮುಖ್ಯಮಂತ್ರಿ ಸಿದ್ದರಾಮಯ್ಯ ಸರ್ಕಾರಿ ನೌಕರರಿಗೆ ಭರ್ಜರಿ ಉಡುಗೊರೆ ನೀಡುತ್ತಿದ್ದಾರಾ?",ಹನ್ನೆರಡು ತಿಂಗಳುಗಳ ಅವಧಿ,Year,Yes,Darshan R K,2025-02-08 12:20:32
ವರ್ಷ,ಕಳೆದ ವರ್ಷ ಜಹೀರ್ ಖಾನ್ ಅವರು 100 ದಿನಕ್ಕೆ ವಾರ್ಷಿಕವಾಗಿ 4 ಕೋಟಿ ರೂ.,ಹನ್ನೆರಡು ತಿಂಗಳುಗಳ ಅವಧಿ,Year,Yes,Darshan R K,2025-02-08 12:20:32
ವರ್ಷ,"ಅ) 12 ವರ್ಷ ಮತ್ತು ಅದಕ್ಕಿಂತ ಕಡಿಮೆ, ಆ) 13ರಿಂದ 18 ವರ್ಷದವರೆಗೆ.",ಹನ್ನೆರಡು ತಿಂಗಳುಗಳ ಅವಧಿ,Year,Yes,Darshan R K,2025-02-08 12:20:33
ವರ್ಷ,ಆಗ ಸಾಮಾನ್ಯ ಈಗಾಗಲೇ 40 ವರ್ಷ ವಯಸ್ಸಾಗಿತ್ತು ಮೊದಲ ಧುಮುಕುಕೊಡೆ ಜಿಗಿತವನ್ನು ನಡೆಯಿತು.,ಹನ್ನೆರಡು ತಿಂಗಳುಗಳ ಅವಧಿ,Year,Yes,Darshan R K,2025-02-08 12:20:33
ವರ್ಷ,ಹೀಗಾಗಿ ಈ ಚುನಾವಣೆ ಅವರ ಎರಡು ವರ್ಷ ಆಡಳಿತವನ್ನು ಒರೆಗೆ ಹಚ್ಚಲಿದೆ.,ಹನ್ನೆರಡು ತಿಂಗಳುಗಳ ಅವಧಿ,Year,Yes,Darshan R K,2025-02-08 12:20:33
ವರ್ಷ,ಆಗ ಗುಸ್ತಾವ್ ೩೮ ವರ್ಷ ವಯಸ್ಸಿನವನಾಗಿದ್ದು ಮತ್ತು ಅರುಲಿಯಾ ೨೩ನೇ ವಯಸ್ಸಿನ ವಿಧವೆಯಾಗಿದ್ದು ಮೈನ್‌ಹಾರ್ಡ್ ಎಂಬ ಮಗನನ್ನು ಹೊಂದಿದ್ದಳು.,ಹನ್ನೆರಡು ತಿಂಗಳುಗಳ ಅವಧಿ,Year,Yes,Darshan R K,2025-02-08 12:20:33
ವರ್ಷ,ಶ್ರೇಯನಿಗೆ ಇನ್ನೂ ಎರಡು ವರ್ಷ ತುಂಬಿಲ್ಲ.,ಹನ್ನೆರಡು ತಿಂಗಳುಗಳ ಅವಧಿ,Year,Yes,Darshan R K,2025-02-08 12:20:33
ವರ್ಷ,ರಾಜ್ಯದ ಇತರ ಜಿಲ್ಲೆಗಳಂತೆ ಹಾಸನ ಜಿಲ್ಲೆಯನ್ನೂ ಈ ವರ್ಷ ಅತೀವೃಷ್ಟಿ ಹಾಗೂ ಪ್ರವಾಹ ದುಃಸ್ವಪ್ನವಾಗಿ ಕಾಡಿತು.,ಹನ್ನೆರಡು ತಿಂಗಳುಗಳ ಅವಧಿ,Year,Yes,Darshan R K,2025-02-08 12:20:33
ವರ್ಷ,ಸರ್ವ ಶಿಕ್ಷಣ ಅಭಿಯಾನದ ಅಡಿಯಲ್ಲಿ ಪ್ರತಿ ಶಿಕ್ಷಕರಿಗೆ ಕಲಿಕಾ ಸಾಮಗ್ರಿಗಳ ಖರೀದಿಗಾಗಿ ಪ್ರತಿ ವರ್ಷ 500 ರೂ.,ಹನ್ನೆರಡು ತಿಂಗಳುಗಳ ಅವಧಿ,Year,Yes,Darshan R K,2025-02-08 12:20:33
ವರ್ಷ,"5,848 - ಕೊಪ್ಪಳ ಜಿಲ್ಲೆಯಲ್ಲಿ ಒಂದು ವರ್ಷ ಪೂರೈಸಿದ ಉಜ್ವಲ ಗ್ರಾಹಕ ಸಂಖ್ಯೆ",ಹನ್ನೆರಡು ತಿಂಗಳುಗಳ ಅವಧಿ,Year,Yes,Darshan R K,2025-02-08 12:20:33
ವರ್ಷ,ಮುಂಬಯಿ: ಅತ್ಯಂತ ಹೇಯ ಮತ್ತು ನಿರ್ಲಜ್ಜ ಘಟನೆಯೊಂದರಲ್ಲಿ 16 ವರ್ಷ ಪ್ರಾಯದ ಬಾಲಕನ ಮೇಲೆ 15 ಮಂದಿ ವಿಕೃತ ತರುಣರು ವರ್ಷದ ಕಾಲ ಲೈಂಗಿಕ ದೌರ್ಜನ್ಯ ಎಸಗಿದ್ದಾರೆ.,ಹನ್ನೆರಡು ತಿಂಗಳುಗಳ ಅವಧಿ,Year,Yes,Darshan R K,2025-02-08 12:20:33
ವರ್ಷ,"ಕಳೆದ ವರ್ಷ ಒಂದು ಬಾರಿ ಮಾತ್ರ ಬೆಳೆಗಳ ಸರ್ವೇ ಕಾರ್ಯ ನಡೆದಿದ್ದು, ಪ್ರಸಕ್ತ ಸಾಲಿನಲ್ಲಿ ಹೆಚ್ಚು ಸಮಸ್ಯೆಗಳು ಉದ್ಭವ ಆಗದಂತೆ ನೊಡಿಕೊಳ್ಳಲು ಮೂರು ಬಾರಿ ಬೆಳೆಗಳ ಸರ್ವೇ ನಡೆಸಲು ಕೃಷಿ ಇಲಾಖೆ ಚಿಂತನೆ ನಡೆಸಿದೆ.",ಹನ್ನೆರಡು ತಿಂಗಳುಗಳ ಅವಧಿ,Year,Yes,Darshan R K,2025-02-08 12:20:33
ವರ್ಷ,ಆದರೆ ಹಲವಾರು ವರ್ಷ ಬಾಳಿಕೆ ಬರಬೇಕಾಗಿದ್ದ ರಸ್ತೆಯು ಕಳಪೆ ಕಾಮಗಾರಿಯಿಂದಾಗಿ ಆರು ತಿಂಗಳಿನಲ್ಲೇ ಕಿತ್ತು ಹೋಗಿದೆ.,ಹನ್ನೆರಡು ತಿಂಗಳುಗಳ ಅವಧಿ,Year,Yes,Darshan R K,2025-02-08 12:20:33
ವರ್ಷ,ಈ ವರ್ಷ ಪರಿಸ್ಥಿತಿ ಹಾಗಾಗದಂತೆ ಸರ್ಕಾರವೂ ಎಚ್ಚರ ವಹಿಸಬೇಕು ಎನ್ನುತ್ತಾರೆ ರಾಮನಗರದ ಮಾವು ಬೆಳೆಗಾರ ಶೇಖರ್.,ಹನ್ನೆರಡು ತಿಂಗಳುಗಳ ಅವಧಿ,Year,Yes,Darshan R K,2025-02-08 12:20:33
ವರ್ಷ,ಶುಕ್ರವಾರ ರಾತ್ರಿಯ ಹಲ್ಲೆಯಲ್ಲಿ 9 ವರ್ಷ ವಯಸ್ಸಿನ ಬಾಲಕಿಯೂ ಸೇರಿ ಒಂದೇ ಕುಟುಂಬದ ಐದು ಮಂದಿ ಗಾಯಗೊಂಡಿದ್ದರು.,ಹನ್ನೆರಡು ತಿಂಗಳುಗಳ ಅವಧಿ,Year,Yes,Darshan R K,2025-02-08 12:20:33
ವರ್ಷ,ವಿಧೇಯಕದಲ್ಲಿ 12 ವರ್ಷ ನಿಯಮವನ್ನು ಆರು ವರ್ಷಕ್ಕೆ ಇಳಿಕೆ ಮಾಡಲಾಗಿದೆ.,ಹನ್ನೆರಡು ತಿಂಗಳುಗಳ ಅವಧಿ,Year,Yes,Darshan R K,2025-02-08 12:20:33
ವಿಧಿ,ಮಕ್ಕಳಿಗೆ ಸ್ವಚ್ಛತೆ ಕುರಿತು ಪ್ರತಿಜ್ಞಾ ವಿಧಿ ಬೋಧಿಸಲಾಯಿತು.,ಪ್ರತಿಜ್ಞಾ ವಿಧಿ,Oath,Yes,Darshan R K,2025-02-08 18:36:13
ವಿಧಿ,ವಿಟ್ಲ ವಲಯ ಅಧ್ಯಕ್ಷ ಅಶ್ರಫ್ ಕಬಕ ಅವರು ಸ್ವಾತಂತ್ರ್ಯ ಸಂರಕ್ಷಣೆಯ ಪ್ರತಿಜ್ಞಾ ವಿಧಿ ಬೋಧಿಸಿದರು.,ಪ್ರತಿಜ್ಞಾ ವಿಧಿ,Oath,Yes,Darshan R K,2025-02-08 18:36:13
ವಿಧಿ,"ನಗರ ಚೇಂಬರ್ ಆಫ್ ಕಾಮರ್ಸ್‌ನ ಮೊಂತಿ ಗಣೇಶ್ ಮಾತನಾಡಿ, ಭ್ರಷ್ಟಾಚಾರ ವಿರುದ್ಧದ ಹೋರಾಟದ ಪ್ರತಿಜ್ಞಾ ವಿಧಿ ಬೋಧಿಸಿದರು.",ಪ್ರತಿಜ್ಞಾ ವಿಧಿ,Oath,Yes,Darshan R K,2025-02-08 18:36:13
ವಿಧಿ,ಪ್ರಕಾಶ ಭಟ್ ಗ್ರಾಮಸ್ಥರಿಗೆ ಪ್ರತಿ ವರ್ಷ ಕನಿಷ್ಟ ಹತ್ತು ಗಿಡಗಳನ್ನು ನೆಡುತ್ತೇವೆಂಬ ಪ್ರತಿಜ್ಞಾ ವಿಧಿ ಬೋಧಿಸಿದರು.,ಪ್ರತಿಜ್ಞಾ ವಿಧಿ,Oath,Yes,Darshan R K,2025-02-08 18:36:13
ವಿಧಿ,ಅಷ್ಟೇ ಅಲ್ಲದೇ ತಾಯಿಯ ಮುಂದೆ ನಿಂತು ಕೈಚಾಚಿ ಪ್ರತಿಜ್ಞಾ ವಿಧಿ ಸ್ವೀಕರಿಸಿದರು.,ಪ್ರತಿಜ್ಞಾ ವಿಧಿ,Oath,Yes,Darshan R K,2025-02-08 18:36:13
ವಿಧಿ,ಜಿಲ್ಲಾ ಪೊಲೀಸ್ ವರಿಷ್ಠಾಧಿಕಾರಿ ಸುಧೀರ್‌ಕುಮಾರ್ ರೆಡ್ಡಿ ಅವರು ಯುವ ಮತದಾರರಿಗೆ ಪ್ರತಿಜ್ಞಾ ವಿಧಿ ಬೋಧಿಸಿದರು.,ಪ್ರತಿಜ್ಞಾ ವಿಧಿ,Oath,Yes,Darshan R K,2025-02-08 18:36:13
ವಿಧಿ,ಕಾರ್ಯಕ್ರಮಕ್ಕೆ ಬಂದಿದ್ದ 350 ಮಹಿಳೆಯರಿಗೂ ಸಸಿ ವಿತರಿಸಿ ಅವುಗಳನ್ನು ಬೆಳಸುವಂತೆ ಮತ್ತು ಸ್ವಚ್ಛತೆ ಕಾಪಾಡುವಂತೆ ಪ್ರತಿಜ್ಞಾ ವಿಧಿ ಬೋಧಿಸಲಾಯಿತು.,ಪ್ರತಿಜ್ಞಾ ವಿಧಿ,Oath,Yes,Darshan R K,2025-02-08 18:36:13
ವಿಧಿ,ಪ್ರಭಾರ ಡಿಸಿಪಿ ಹರಿಶ್ಚಂದ್ರ ನಾಯಕ ಕ್ರೀಡಾಪಟುಗಳ ಪರವಾಗಿ ಪ್ರತಿಜ್ಞಾ ವಿಧಿ ಸ್ವೀಕರಿಸಿದರು.,ಪ್ರತಿಜ್ಞಾ ವಿಧಿ,Oath,Yes,Darshan R K,2025-02-08 18:36:13
ವಿಧಿ,"ಮೋದಿ ಅವರು ಸಂಸತ್ ಪ್ರವೇಶಿಬೇಕಾದರೆ ಹೆಬ್ಬಾಲಿಗೆ ನಮಸ್ಕಾರ ಮಾಡಿದ ವಿಡಿಯೊ ತುಣುಕು, ಪ್ರತಿಜ್ಞಾ ವಿಧಿ ಸ್ವೀಕರಿಸಿದ, ಅಪನಗದೀಕರಣ ಭಾಷಣ, ಬ್ಯಾಂಕ್ ಮುಂದಿನ ಕ್ಯೂ ವಿಡಿಯೋ ತುಣುಕುಗಳನ್ನು ಬಳಸಲಾಗಿದೆ.",ಪ್ರತಿಜ್ಞಾ ವಿಧಿ,Oath,Yes,Darshan R K,2025-02-08 18:36:13
ವಿಧಿ,"ಉದಾಹರಣೆಗೆ, ಟಿಎಂಸಿ ಸಂಸದ ಕಾಕೋಲಿ ಘೋಶ್ ದಸ್ತಿದಾರ್ ತಮ್ಮ ಪ್ರತಿಜ್ಞಾ ವಿಧಿ ಕೊನೆಗೊಳಿಸುವಾಗ ಕೈ ಮಾ ಕಾಳಿ ಎಂದು ಕೂಗಿದರು.",ಪ್ರತಿಜ್ಞಾ ವಿಧಿ,Oath,Yes,Darshan R K,2025-02-08 18:36:13
ವಿಧಿ,ಬೇಟಿ ಬಚಾವ ಬೇಟಿ ಪಡಾವ ಹಾಗೂ ಬಾಲ್ಯ ವಿವಾಹ ನಿಷೇಧ ಕುರಿತು ಪ್ರತಿಜ್ಞಾ ವಿಧಿ ಭೋದಿಸಲಾಯಿತು.,ಪ್ರತಿಜ್ಞಾ ವಿಧಿ,Oath,Yes,Darshan R K,2025-02-08 18:36:13
ವಿಧಿ,ವಿದ್ಯಾರ್ಥಿನಿ ಸಂಜಿತಾ ಪ್ರತಿಜ್ಞಾ ವಿಧಿ ಭೋದಿಸಿದರು.,ಪ್ರತಿಜ್ಞಾ ವಿಧಿ,Oath,Yes,Darshan R K,2025-02-08 18:36:13
ವಿಧಿ,"ಮುಖ್ಯಮಂತ್ರಿ ಎಚ್ ಡಿ ಕುಮಾರಸ್ವಾಮಿ ನೇತೃತ್ವದ ಕಾಂಗ್ರೆಸ್ -ಜೆಡಿಎಸ್ ಮೈತ್ರಿ ಸರ್ಕಾರದ ಸಂಪುಟ ವಿಸ್ತರಣೆ ಸಮಾರಂಭ ಬುಧವಾರ (ಜೂನ್ 06) ದಂದು ರಾಜಭವನದಲ್ಲಿ ನಡೆದಿದ್ದು, ನೂತನ ಸಚಿವರುಗಳಿಗೆ ರಾಜ್ಯಪಾಲ ವಜುಭಾಯಿ ವಾಲ ಅವರು ಪ್ರತಿಜ್ಞಾ ವಿಧಿ ಬೋಧಿಸಿದರು.",ಪ್ರತಿಜ್ಞಾ ವಿಧಿ,Oath,Yes,Darshan R K,2025-02-08 18:36:13
ವಿಧಿ,ನಗರದ ಸಹಾಯಕ ಕೃಷಿ ನಿರ್ದೇಶಕರ ಕಾರ್ಯಾಲಯದ ಆವರಣದಲ್ಲಿ ಸರ್ಕಾರದ ವಿರುದ್ದ ಪ್ರತಿಭಟನೆ ನಡೆಸಲಾಗಿಮಿಸಿದ್ದ ರೈತ ಸಮುದಾಯಕ್ಕೆ ಪರಿಹಾರ ಒದಗಿಸುವ ಭರವಸೆ ನೀಡಿದ ಅಧಿಕಾರಿ ವರ್ಗ ರೈತರ ಮನಲವಲಿಸಿ ಮತದಾನ ಬಹಿಷ್ಕಾರದ ವಿಚಾರವನ್ನು ಕೈಬಿಡುವಂತೆ ತಿಳಿಸಿದ್ದಲ್ಲದೆ ಎಲ್ಲಾ ರೈತರಿಗೂ ಮತದಾನದ ಪ್ರತಿಜ್ಞಾ ವಿಧಿ ಬೋದಿಸಲಾಯಿತು.,ಪ್ರತಿಜ್ಞಾ ವಿಧಿ,Oath,Yes,Darshan R K,2025-02-08 18:36:13
ವಿಧಿ,"ಯಡಿಯೂರಪ್ಪ, ಬಳಿಕ ಕಾಂಗ್ರೆಸ್‌ ಶಾಸಕಾಂಗ ಪಕ್ಷದ ನಾಯಕ ಸಿದ್ದರಾಮಯ್ಯ ಶಾಸಕರಾಗಿ ಪ್ರತಿಜ್ಞಾ ವಿಧಿ ಸ್ವೀಕರಿಸಿದರು.",ಪ್ರತಿಜ್ಞಾ ವಿಧಿ,Oath,Yes,Darshan R K,2025-02-08 18:36:13
ವಿಧಿ,ಷಂಶುದ್ದೀನ್ ಪ್ರತಿಜ್ಞಾ ವಿಧಿ ಬೋಧಿಸಿದರು.,ಪ್ರತಿಜ್ಞಾ ವಿಧಿ,Oath,Yes,Darshan R K,2025-02-08 18:36:13
ವಿಧಿ,ಮಹಾದೇವ್‌ ಅವರು ವಿವಿಧ ಅಧಿಕಾರಿಗಳು ಮತ್ತು ಸಿಬ್ಬಂದಿಗೆ ಮತದಾರರ ಪ್ರತಿಜ್ಞಾ ವಿಧಿ ಬೋಧಿಸಿದರು.,ಪ್ರತಿಜ್ಞಾ ವಿಧಿ,Oath,Yes,Darshan R K,2025-02-08 18:36:13
ವಿಧಿ,"ಸಂಸತ್ತಿನ ಕಾರ್ಯದರ್ಶಿ ಶಿಕ್ಷಕ ಸುರೇಶ್ ಪೈ ಸ್ವಾಗತಿಸಿ, ಪ್ರತಿಜ್ಞಾ ವಿಧಿ ಬೋಧಿಸಿದರು.",ಪ್ರತಿಜ್ಞಾ ವಿಧಿ,Oath,Yes,Darshan R K,2025-02-08 18:36:13
ವಿಧಿ,"ದೇವೇಗೌಡಾ, ಕುಮಾರಸ್ವಾಮಿ, ಅನಂತ್ ಕುಮಾರ್, ಖರ್ಗೆ, ನಳಿನ್ ಕುಮಾರ್ ಕಟೀಲ್, ಮಹಾಲಿಂಗೇಶ್ವರ ಅವರು ದೇವರ ಹೆಸರಿನಲ್ಲಿ ಪ್ರತಿಜ್ಞಾ ವಿಧಿ ಸ್ವೀಕರಿಸಿದರು.",ಪ್ರತಿಜ್ಞಾ ವಿಧಿ,Oath,Yes,Darshan R K,2025-02-08 18:36:13
ವಿಧಿ,"ಇದೇ ಸಮಯದಲ್ಲಿ ಹೆಣ್ಣು ಮಗುವನ್ನು ಉಳಿಸಿ, ಹೆಣ್ಣು ಮಗುವನ್ನು ರಕ್ಷಿಸಿ ಎಂಬ ಪ್ರತಿಜ್ಞಾ ವಿಧಿ ಸ್ವೀಕರಿಸಲಾಯಿತು.",ಪ್ರತಿಜ್ಞಾ ವಿಧಿ,Oath,Yes,Darshan R K,2025-02-08 18:36:13
ವಿಧಿ,ತುಮಕೂರು: ನಗರದ ಹೊರವಲಯದ ವರಿನ್ ಪದವಿಪೂರ್ವ ಕಾಲೇಜಿನಲ್ಲಿ ವಿದ್ಯಾರ್ಥಿಗಳಿಗೆ ಸದ್ಭಾವನಾ ದಿನಾಚರಣೆ ಅಂಗವಾಗಿ ಸದ್ಭಾವನಾ ಪ್ರತಿಜ್ಞಾ ವಿಧಿ ಬೋಧಿಸಲಾಯಿತು.,ಪ್ರತಿಜ್ಞಾ ವಿಧಿ,Oath,Yes,Darshan R K,2025-02-08 18:36:13
ವಿಧಿ,"ನೆರೆದ ಸಾವಿರಾರು ವಿದ್ಯಾರ್ಥಿಗಳು, ಯುವಜನರು ಹಾಗೂ ಸಾರ್ವಜನಿಕರಿಗೆ ಮತದಾರರ ಪ್ರತಿಜ್ಞಾ ವಿಧಿ ಬೋಧಿಸಿದರು.",ಪ್ರತಿಜ್ಞಾ ವಿಧಿ,Oath,Yes,Darshan R K,2025-02-08 18:36:13
ವಿಧಿ,"ಇತರರಿಗೂ ಅರಿವು ಮೂಡಿಸುತ್ತೇವೆ ಎಂಬ ಪ್ರತಿಜ್ಞಾ ವಿಧಿ ಬೋಧಿಸಿದ ಕುಲಪತಿಗಳು, ಅನು ಕರಣೆ ಹಾಗೂ ಕುತೂಹಲಕ್ಕಾಗಿ ಯುವ ಕರು ತಂಬಾಕು ಸೇವನೆಯತ್ತ ಆಸಕ್ತಿ ತೋರುವುದರಿಂದ ಹಿರಿಯರು ಮೊದಲು ಈ ಅಭ್ಯಾಸವನ್ನು ಬಿಡಬೇಕು.",ಪ್ರತಿಜ್ಞಾ ವಿಧಿ,Oath,Yes,Darshan R K,2025-02-08 18:36:14
ವಿಧಿ,ಪ್ರಾರ್ಥನೆ ಸಂದರ್ಭದಲ್ಲಿ ಮಕ್ಕಳಿಂದ ತಾವು ಯಾವುದೇ ಕಾರಣಕ್ಕೂ ಬಾಲ್ಯ ವಿವಾಹಕ್ಕೆ ಒಳಗಾಗುವುದಿಲ್ಲ ಎಂಬುದಾಗಿ ಪ್ರತಿಜ್ಞಾ ವಿಧಿ ಸ್ವೀಕಾರ ನಡೆಯಬೇಕು.,ಪ್ರತಿಜ್ಞಾ ವಿಧಿ,Oath,Yes,Darshan R K,2025-02-08 18:36:14
ವಿಧಿ,ಶಾಲಾ ಮಕ್ಕಳ ಮೂಲಕ ಜಾಗೃತಿ ಮೂಡಿಸಲು ಪ್ರತಿದಿನ ಶಾಲಾ ಆವರಣದಲ್ಲಿ ನಡೆಯುವ ಪ್ರಾರ್ಥನೆ ವೇಳೆ ಬಾಲ್ಯ ವಿವಾಹ ನಿರ್ಮೂಲನೆ ಕುರಿತು ಶಿಕ್ಷಕರು ಪ್ರತಿಜ್ಞಾ ವಿಧಿ ಬೋಧಿಸುವುದನ್ನು ಅಭ್ಯಾಸ ಮಾಡಿ ಎಂದು ಜಿಲ್ಲಾಧಿಕಾರಿ ಸೂಚಿಸಿದರು.,ಪ್ರತಿಜ್ಞಾ ವಿಧಿ,Oath,Yes,Darshan R K,2025-02-08 18:36:14
ವಿಧಿ,"ಕನ್ನಡ ವಿಭಾಗದ ಮುಖ್ಯಸ್ಥರು ಹಾಗೂ ರೆಡ್ ಕ್ರಾಸ್ ಕಾರ್ಯಕ್ರಮ ಆಯೋಜಕರು ಶ್ರೀನಿವಾಸ್ ಪ್ರಾಸ್ತಾವಿಕ ನುಡಿಗಳನ್ನಾಡಿ, ಪ್ರತಿಜ್ಞಾ ವಿಧಿ ಬೋಧಿಸಿದರು.",ಪ್ರತಿಜ್ಞಾ ವಿಧಿ,Oath,Yes,Darshan R K,2025-02-08 18:36:14
ವಿಧಿ,ಅಶೋಕ್ ಹೆಗ್ಡೆ ಪ್ರತಿಜ್ಞಾ ವಿಧಿ ಬೋಧಿಸಿದರು.,ಪ್ರತಿಜ್ಞಾ ವಿಧಿ,Oath,Yes,Darshan R K,2025-02-08 18:36:14
ವಿಧಿ,"ವಿದ್ಯಾರ್ಥಿಗಳಿಗೆ ಬ್ಯಾಡ್ಜ್‌ಗಳನ್ನು ನೀಡಿ, ಪ್ರತಿಜ್ಞಾ ವಿಧಿ ಬೋಧಿಸಲಾಯಿತು.",ಪ್ರತಿಜ್ಞಾ ವಿಧಿ,Oath,Yes,Darshan R K,2025-02-08 18:36:14
ವಿಧಿ,ಇನ್ನೋರ್ವ ಮುಖ್ಯ ಅತಿಥಿ ಲಿಯೋ ಜಿಲ್ಲಾಧ್ಯಕ್ಷರಾದ ಲಯನ್ ಸ್ಯಾಮಿಯುಲ್ ಡಯಾಸ್ ಗೋವಾ ಅವರು ಲಿಯೋ ಕ್ಲಬ್ ಪದಾಧಿಕಾರಿಗಳಿಗೆ ಪ್ರತಿಜ್ಞಾ ವಿಧಿ ಬೋದಿಸುತ್ತಾ ಲಿಯೋ ಕ್ಲಬ್ ಸದಸ್ಯರು ಮುಂದಿನ ನಾಯಕರುಗಳು.,ಪ್ರತಿಜ್ಞಾ ವಿಧಿ,Oath,Yes,Darshan R K,2025-02-08 18:36:14
ವಿಧಿ,ಇಬ್ಬರಿಗೂ ರಾಜ್ಯಪಾಲ ವಜುಬಾಯಿ ವಾಲ ಪ್ರತಿಜ್ಞಾ ವಿಧಿ ಬೋಧಿಸಿದರು.,ಪ್ರತಿಜ್ಞಾ ವಿಧಿ,Oath,Yes,Darshan R K,2025-02-08 18:36:14
ವಿಧಿ,ಇದೇ ಸಂದರ್ಭದಲ್ಲಿ ಸ್ವಚ್ಛಮೇವ ಜಯತೆ ಹಾಗೂ ಜಲಾಮೃತ ಕುರಿತಂತೆ ಪ್ರತಿಜ್ಞಾ ವಿಧಿ ಸ್ವೀಕರಿಸಲಾಯಿತು.,ಪ್ರತಿಜ್ಞಾ ವಿಧಿ,Oath,Yes,Darshan R K,2025-02-08 18:36:14
ವಿಧಿ,ಸದ್ಭಾವನಾ ದಿನಾಚರಣೆಯ ಪ್ರತಿಜ್ಞಾ ವಿಧಿ ಬೊಧಿಸಿದ ಅಪರ ಜಿಲ್ಲಾಧಿಕಾರಿ ಡಾ.,ಪ್ರತಿಜ್ಞಾ ವಿಧಿ,Oath,Yes,Darshan R K,2025-02-08 18:36:14
ವಿಧಿ,ಸಾಹಿತಿ ದೇವನೂರು ಮಹಾದೇವ ಪ್ರಮಾಣ ವಚನ ಪ್ರತಿಜ್ಞಾ ವಿಧಿ ಭೋದಿಸಿದರು.,ಪ್ರತಿಜ್ಞಾ ವಿಧಿ,Oath,Yes,Darshan R K,2025-02-08 18:36:14
ವಿಧಿ,ಇದೇ ಸಂದರ್ಭ ವಿದ್ಯಾರ್ಥಿಗಳಿಂದ ಮತದಾನ ಪ್ರತಿಜ್ಞಾ ವಿಧಿ ಸ್ವೀಕರಿಸಲಾಯಿತು.,ಪ್ರತಿಜ್ಞಾ ವಿಧಿ,Oath,Yes,Darshan R K,2025-02-08 18:36:14
ವಿಧಿ,26: ಸಂವಿಧಾನ ದಿನದ ಅಂಗವಾಗಿ ವಿಧಾನಸೌಧದ ಬ್ಯಾಂಕ್ವೆಟ್ ಸಭಾಂಗಣದಲ್ಲಿ ಆಯೋಜಿಸಿದ್ದ ಸಮಾರಂಭದಲ್ಲಿ ಮುಖ್ಯಮಂತ್ರಿ ಸಿದ್ದ್ಧರಾಮಯ್ಯ ಸಚಿವಾಲಯದ ಅಧಿಕಾರಿಗಳು ಹಾಗೂ ಸಿಬ್ಬಂದಿಗೆ ಪ್ರತಿಜ್ಞಾ ವಿಧಿ ಬೋಧಿಸಿದರು.,ಪ್ರತಿಜ್ಞಾ ವಿಧಿ,Oath,Yes,Darshan R K,2025-02-08 18:36:14
ವಿಧಿ,ಅಪರ ಜಿಲ್ಲಾಧಿಕಾರಿ ರಮೇಶ ದೇಸಾಯಿ ಮಾನವ ಹಕ್ಕುಗಳ ಕುರಿತು ಪ್ರತಿಜ್ಞಾ ವಿಧಿ ಬೋಧಿಸಿದರು.,ಪ್ರತಿಜ್ಞಾ ವಿಧಿ,Oath,Yes,Darshan R K,2025-02-08 18:36:14
ವಿಧಿ,ಕಾರ್ಯಕ್ರಮಲ್ಲಿ ಮತದಾರರ ಪ್ರತಿಜ್ಞಾ ವಿಧಿ ಬೋಧಿಸಲಾಯಿತು.,ಪ್ರತಿಜ್ಞಾ ವಿಧಿ,Oath,Yes,Darshan R K,2025-02-08 18:36:14
ವಿಧಿ,ಸುನೀತಾರವರು ಕಾಲೇಜಿನ ವಿದ್ಯಾರ್ಥಿ ಸಂಘದ ಪದಾಧಿಕಾರಿಗಳಿಗೆ ಪ್ರತಿಜ್ಞಾ ವಿಧಿ ಭೋದಿಸಿದರು.,ಪ್ರತಿಜ್ಞಾ ವಿಧಿ,Oath,Yes,Darshan R K,2025-02-08 18:36:14
ವಿಧಿ,ವರ್ಣರಂಜಿತ ಸಮಾರಂಭದಲ್ಲಿ ಸಿಜೆಐಯಿಂದ ಪ್ರತಿಜ್ಞಾ ವಿಧಿ ಬೋಧನೆ,ಪ್ರತಿಜ್ಞಾ ವಿಧಿ,Oath,Yes,Darshan R K,2025-02-08 18:36:14
ವಿಧಿ,ಈ ಸಂದರ್ಭದಲ್ಲಿ ಸ್ವಚ್ಛಮೇವ ಜಯತೆ ಹಾಗೂ ಜಲಾಮೃತ ಕುರಿತಂತೆ ಪ್ರತಿಜ್ಞಾ ವಿಧಿ ಸ್ವೀಕರಿಸಲಾಯಿತು.,ಪ್ರತಿಜ್ಞಾ ವಿಧಿ,Oath,Yes,Darshan R K,2025-02-08 18:36:14
ವಿಧಿ,ರಾಜಧಾನಿ ಶಿಲ್ಲಾಂಗ್‍ನ ರಾಜಭವನದಲ್ಲಿ ನಡೆದ ಸರಳ ಸಮಾರಂಭದಲ್ಲಿ ರಾಜ್ಯಪಾಲ ಗಂಗಾ ಪ್ರಸಾದ್ ಅವರು ಕಾನ್ರಾಡ್ ಮತ್ತು 11 ಸಚಿವರಿಗೆ ಪ್ರತಿಜ್ಞಾ ವಿಧಿ ಬೋಧಿಸಿದರು.,ಪ್ರತಿಜ್ಞಾ ವಿಧಿ,Oath,Yes,Darshan R K,2025-02-08 18:36:14
ವಿಧಿ,"ಭಾರತ ಸರಕಾರದ ಯುವ ಕಾರ್ಯ ಮತ್ತು ಕ್ರೀಡಾ ಸಚಿವಾಲಯ, ನೆಹರು ಯುವ ಕೇಂದ್ರ ಸಂಘಟನೆ ಉಡುಪಿ, ನಂದಳಿಕೆ-ಅಬ್ಬನಡ್ಕ ಶ್ರೀ ದುರ್ಗಾಪರಮೇಶ್ವರೀ ಫ್ರೆಂಡ್ಸ್ ಕ್ಲಬ್ ಇದರ ಸಹಯೋಗದಲ್ಲಿ ಕುಂಟಲಗುಂಡಿಯ ಅಬ್ಬನಡ್ಕ ಫ್ರೆಂಡ್ಸ್ ಕ್ಲಬ್‍ನ ರಂಗಮಂದಿರದಲ್ಲಿ ಭಯೋತ್ಪಾದನಾ ವಿರೋಧಿ ದಿನಾಚರಣೆ, ಪ್ರತಿಜ್ಞಾ ವಿಧಿ ಬೋಧನೆ ಮಂಗಳವಾರ ಜರಗಿತು.",ಪ್ರತಿಜ್ಞಾ ವಿಧಿ,Oath,Yes,Darshan R K,2025-02-08 18:36:14
ವಿಧಿ,"ಮತ್ತು ಈಗ, ಅನೇಕ ವರ್ಷಗಳ ನಂತರ, ವಿಧಿ ತನ್ನ ಅವಕಾಶ, ಈಗ, ಪದವಿಯ ನಂತರ, ಅವರು ಕೆಲಸ ಅತ್ಯಂತ ಜನಪ್ರಿಯ ಸೌಂದರ್ಯವರ್ಧಕ ಕಂಪನಿಗಳು ಒಂದು ಸಿಕ್ಕಿತು ನೀಡಿದರು.",ವಿಧಿ ಲಿಖಿತ,Destiny,Yes,Darshan R K,2025-02-08 18:22:07
ವಿಧಿ,"ಕೇರಳದಲ್ಲಿ ಸುರಿಯುತ್ತಿರುವ ಭಾರಿ ಮಳೆಗೆ ಜಲಾವೃತಗೊಂಡಿರುವ ಮನೆಯಿಂದ ತಮ್ಮ ಮಗುವನ್ನು ರಕ್ಷಿಸಿರುವ ವಿಡಿಯೋ ಹಾಗೂ ತಮ್ಮ ಪತಿ ಸಿಜ್ಲರ್ ಊಟ ಸೇವಿಸುತ್ತಿರುವ ಎರಡು ಪ್ರತ್ಯೇಕ ವಿಡಿಯೋಗಳನ್ನು ಫೇಸ್ ಬುಕ್ ನಲ್ಲಿ ಪೋಸ್ಟ್ ಮಾಡಿರುವ ಹಿಬಿ ಈಡನ್ ಅವರ ಪತ್ನಿ ಆ್ಯನಾ ಲಿಂಡಾ ಈಡನ್ ವಿಧಿ ಎನ್ನುವುದು ಅತ್ಯಾಚಾರವಿದ್ದಂತೆ, ಏನೂ ಮಾಡಲು ಸಾಧ್ಯವಿಲ್ಲದಾಗ ಅದನ್ನು ಎಂಜಾಯ್ ಮಾಡಲು ಟ್ರೈ ಮಾಡಿ ಎಂದು ಹೇಳಿದ್ದಾರೆ.",ವಿಧಿ ಲಿಖಿತ,Destiny,Yes,Darshan R K,2025-02-08 18:22:07
ವಿಧಿ,"ಆದರೆ, ವಿಧಿ ಮಗುವಿನ ಮುಖ ನೋಡಲು ಅವಕಾಶ ನೀಡಲಿಲ್ಲ.",ವಿಧಿ ಲಿಖಿತ,Destiny,Yes,Darshan R K,2025-02-08 18:22:07
ವಿಧಿ,ವಿಧಿ ವಿಪರೀತ ಎನ್ನುವುದು ಇದಕ್ಕೇ ಅಲ್ಲವೇ?,ವಿಧಿ ಲಿಖಿತ,Destiny,Yes,Darshan R K,2025-02-08 18:22:07
ವಿಧಿ,ನಿನ್ನ ಆಗಮನ ನಿರ್ಗಮನ ವಿಧಿ ಲಿಖಿತ.,ವಿಧಿ ಲಿಖಿತ,Destiny,Yes,Darshan R K,2025-02-08 18:22:07
ವಿಧಿ,"ನಾನು ಸಿಂಗರ್ ಅಥವಾ ಲಾಯರ್ ಆಗಬೇಕೆಂದಿದ್ದು ವಿಧಿ ನನ್ನಾಸೆಯನ್ನು ಪೂರೈಸಲು ಅವಕಾಶ ನೀಡಿಲ್ಲ, ನನಗೆ ಆರೋಗ್ಯ ಸಮಸ್ಯೆಯೂ ಇದ್ದ ಕಾರಣ ಕಾಲೇಜಿಗೆ ಸರಿಯಾಗಿ ಹೋಗಲೂ ಆಗಿರಲಿಲ್ಲ.",ವಿಧಿ ಲಿಖಿತ,Destiny,Yes,Darshan R K,2025-02-08 18:22:07
ವಿಧಿ,ವಿಧಿ ಬರಹ ಹೀಗೆ ಎಂದೆನಿಸುತ್ತದೆ.,ವಿಧಿ ಲಿಖಿತ,Destiny,Yes,Darshan R K,2025-02-08 18:22:07
ವಿಧಿ,ವಿಧಿ ನನ್ನ ಬದುಕಿನಲ್ಲೇ ಏಕಿಷ್ಟು ತೊಂದರೆ ಕೊಡುತ್ತಿದೆ ಎಂದು ಕಣ್ಣೀರಿಡುತ್ತಿದ್ದಾರೆ.,ವಿಧಿ ಲಿಖಿತ,Destiny,Yes,Darshan R K,2025-02-08 18:22:07
ವಿಧಿ,ವಿಧಿ ಇಲ್ಲ ಎಂದು ಹೊರಗೆ ಮಲಗಿ ಕೊಂಡೆ.,ವಿಧಿ ಲಿಖಿತ,Destiny,Yes,Darshan R K,2025-02-08 18:22:07
ವಿಧಿ,ಆದ್ರೆ ವಿಧಿ ಈ ಯುವತಿಯನ್ನ ಪ್ರೇಮಿಗಳ ಮುನ್ನ ದಿನವೇ ಇಹಲೋಕ ತ್ಯೇಜಿಸುವಂತೆ ಮಾಡಿದೆ.,ವಿಧಿ ಲಿಖಿತ,Destiny,Yes,Darshan R K,2025-02-08 18:22:07
ವಿಧಿ,ಆದರೆ ವಿಧಿ ಲಿಖಿತ ಹಲವಾರು ಕನಸುಗಳನ್ನು ಕಂಡ ಈ ಯುವಕ ಜೀವನದಲ್ಲಿ ಅರಳುವ ಮುನ್ನ ಬಾಡಿಹೋಗಿದ್ದು ದುರದೃಷ್ಟಕರ.,ವಿಧಿ ಲಿಖಿತ,Destiny,Yes,Darshan R K,2025-02-08 18:22:07
ವಿಧಿ,ಆದ್ರೆ ವಿಧಿ ಆಕೆಯ ಬದುಕಿನೊಂದಿಗೆ ಆಟವಾಡಿದೆ.,ವಿಧಿ ಲಿಖಿತ,Destiny,Yes,Darshan R K,2025-02-08 18:22:07
ವಿಧಿ,ಜೀವನದ ವಿನ್ಯಾಸಕ್ಕೆ ಇದು ವಿಧಿ ಒದಗಿಸುವ ಚೌಕಟ್ಟು ಎಂಬ ಕರ್ತೃಪ್ರಜ್ಞೆ ನಂಬಿಕೆಯ ಗುಣವನ್ನೂ ಮೀರಿ ಕತೆ ಕಟ್ಟುವಲ್ಲಿರುವ ಮಾನವೀಯತೆಯ ಶಕ್ತಿಗಳು ಚಿಗುರುತ್ತವೆ.,ವಿಧಿ ಲಿಖಿತ,Destiny,Yes,Darshan R K,2025-02-08 18:22:07
ವಿಧಿ,"ನಾನು ಬೇರೆ ವಿಧಿ ಇಲ್ದೇ ಅದೇ ಬಾವಿಗೆ ಹೋಗಿ ನಿಂತೇ, ಅದನ್ನು ನೀರನ್ನು ನೋಡಿದ ಕೂಡಲೇ ನನ್ನ ಹಿಂದಿನ ಘಟನೆ ನೆನಪಿಗೆ ಬಂದು ಮತ್ತೆ ಕೈ ಕಾಲು ನಡುಕ ಶುರುವಾಯ್ತು, ಆಗ ನಮ್ಮಪ್ಪ, ಚಿಕ್ಕಪ್ಪ್ ದೊಡ್ಡಪ್ಪ ಮಕ್ಕಳೆಲ್ಲ, ಹೆದರಬೇಡ ಇದರಲ್ಲೇ ನಾನು ನಮ್ಮ ಮನೆಯವರೆಲ್ಲ ಈಜು ಕಲೆತದ್ದು, ಇಲ್ಲಿ ನಿನಗೆ ಯಾವುದೇ ಅಪಾಯವಿಲ್ಲ ನಾವಿದ್ದೇವೆ ಎಂದರು",ವಿಧಿ ಲಿಖಿತ,Destiny,Yes,Darshan R K,2025-02-08 18:22:07
ವಿಧಿ,ವಿಧಿ ಇಲ್ಲದೆ ಬೆಂಗಳೂರಿಗೆ ಮರಳುತ್ತಾನೆ.,ವಿಧಿ ಲಿಖಿತ,Destiny,Yes,Darshan R K,2025-02-08 18:22:08
ವಿಧಿ,ಆದರೆ ವಿಧಿ ಅವರನ್ನು ನಮ್ಮೊಂದಿಗೆ ಹೆಚ್ಚು ಕಾಲ ಇರಲು ಬಿಡಲಿಲ್ಲ.,ವಿಧಿ ಲಿಖಿತ,Destiny,Yes,Darshan R K,2025-02-08 18:22:08
ವಿಧಿ,ವಿಧಿ ಲಿಖಿತ ಏನಿದೆಯೋ ಏನೋ ಕಾದು ನೋಡಬೇಕು.,ವಿಧಿ ಲಿಖಿತ,Destiny,Yes,Darshan R K,2025-02-08 18:22:08
ವಿಧಿ,ವಿಧಿ ಹೇಗಿರುತ್ತದೆ ನೋಡಿ; ನಾವು ಆ ಶಾಟ್ ತೆಗೆದಿದ್ದ ಮನೆಯಿಂದ ಇನ್ನೊಂದು ಮನೆಗೆ ಸ್ಥಳಾಂತರಗೊಂಡ ಮರುದಿನವೇ ಅವರು ಇನ್ನಿಲ್ಲ ಎಂಬ ಸುದ್ದಿ ನಮ್ಮ ಕಿವಿಮೇಲೆ ಬಿದ್ದಿತು.,ವಿಧಿ ಲಿಖಿತ,Destiny,Yes,Darshan R K,2025-02-08 18:22:08
ವಿಧಿ,ಯಕ್ಷಗಾನ ಪ್ರೇಮಿಗಳ ಪಾಲಿಗೆ ಯಕ್ಷಗಾನ ಕಲೆಗೆ ಹೊಸತನ ನೀಡಿದ ಕಣ್ಣಿ ಜನಪ್ರೀಯತೆಯಲ್ಲಿ ರುವಾಗಲೇ ವಿಧಿ ಅವರಿಗೆ ಸಲ್ಲದ ಸಂಕಷ್ಠಕ್ಕೆ ನೂಕಿತು.,ವಿಧಿ ಲಿಖಿತ,Destiny,Yes,Darshan R K,2025-02-08 18:22:08
ವಿಧಿ,ಎರಡುದಾಸರಿಗೆ ನಂಬಿ ಕುರುಡು ದಾಸ ಕೆಟ್ಟ ಈ ಗಾದೆ ಕೇಳಿ ಪಾಪ ಎನ್ನದೆ ವಿಧಿ ಇಲ್ಲ.,ವಿಧಿ ಲಿಖಿತ,Destiny,Yes,Darshan R K,2025-02-08 18:22:08
ವಿಧಿ,"ಸಚಿನ್​ರಂತೆ ಶ್ರೇಷ್ಠ ಬ್ಯಾಟ್ಸ್​ಮನ್​ ಆಗಬೇಕೆಂದು ಕನಸು ಕಂಡಿದ್ದ, ಆದರೆ ಆ ಒಂದು ಬೌನ್ಸರ್ ವಿಧಿ ಬರೆಯಿತು.",ವಿಧಿ ಲಿಖಿತ,Destiny,Yes,Darshan R K,2025-02-08 18:22:08
ವಿಧಿ,ಆದರೆ ವಿಧಿ ಕೆಲವೊಮ್ಮೆ ನಿಮ್ಮ ಊಹೆಯನ್ನು ಉಲ್ಟಾ ಮಾಡಿಬಿಡತ್ತೆ.,ವಿಧಿ ಲಿಖಿತ,Destiny,Yes,Darshan R K,2025-02-08 18:22:08
ವಿಧಿ,"ಆದರೆ ಮತ್ತೊಂದೆಡೆ, ಅವರು ತುಂಬಾ ಅವಳ ಜೊತೆಗೆ,, ವಿಧಿ ಶಕ್ತಿ ಪರೀಕ್ಷೆ ವಹಿಸುತ್ತದೆ ಆದರೆ ಇತರ ಜನರ ಭವಿಷ್ಯವನ್ನು ಜೊತೆ.",ವಿಧಿ ಲಿಖಿತ,Destiny,Yes,Darshan R K,2025-02-08 18:22:08
ವಿಧಿ,ಆದ್ದರಿಂದ ಅಂಥ ಸುವರ್ಣ ಆಶಯಗಳನ್ನು ಹೊಂದಿದ್ದ ಒಂದು ಚಳುವಳಿ ವಿಫಲವಾಯಿತು ಎನ್ನದೆ ವಿಧಿ ಇಲ್ಲ.,ವಿಧಿ ಲಿಖಿತ,Destiny,Yes,Darshan R K,2025-02-08 18:22:08
ವಿಧಿ,ಆದರೆ ವಿಧಿ ಕೇಳಬೇಕಲ್ಲ.,ವಿಧಿ ಲಿಖಿತ,Destiny,Yes,Darshan R K,2025-02-08 18:22:08
ವಿಧಿ,"ಈ ಹಿನ್ನೆಲೆ ವಿಧಿ ಮತ್ತೊಮ್ಮೆ ಕೈ ಕೊಟ್ಟಿದ್ದು, ಓದುವ ಆಸೆ ಆಸೆಯಾಗಿಯೇ ಇತ್ತು.",ವಿಧಿ ಲಿಖಿತ,Destiny,Yes,Darshan R K,2025-02-08 18:22:08
ವಿಧಿ,"ಆದರೆ, ವಿಧಿ ಬೇರೆಯದ್ದೇ ಕಥೆ ಬರೆದಿತ್ತು.",ವಿಧಿ ಲಿಖಿತ,Destiny,Yes,Darshan R K,2025-02-08 18:22:08
ವಿಧಿ,ಆದರೆ ವಿಧಿ ಕೈ ಕೊಟ್ಟಿತು.,ವಿಧಿ ಲಿಖಿತ,Destiny,Yes,Darshan R K,2025-02-08 18:22:08
ವಿಧಿ,ಆದರೆ ವಿಧಿ ತುಮಕೂರಿಗೆ ಎಳೆದು ಕೊಂಡು ಬಂದಿತ್ತು ಎಂದರು.,ವಿಧಿ ಲಿಖಿತ,Destiny,Yes,Darshan R K,2025-02-08 18:22:08
ವಿಧಿ,"ಇದು ತಮ್ಮ ಸ್ವಂತ ಆತ್ಮವನ್ನು ಎಲ್ಲಾ ಪ್ರಯೋಗಗಳು, ವಿಧಿ ಅವನಿಗಾಗಿ ತಯಾರಿಸಲಾಗುತ್ತದೆ ಮೂಲಕ ಹೋಗಿ, ಮತ್ತು ಎಲ್ಲಾ ವಿವಾದಿತ ಸಮಸ್ಯೆಗಳನ್ನು ಪರಿಹರಿಸಲು ಮಾಡಬೇಕು ವಿವಾಹವಾಗಲಿದ್ದಾರೆ ಎಂದು ನಂಬಲಾಗಿದೆ.",ವಿಧಿ ಲಿಖಿತ,Destiny,Yes,Darshan R K,2025-02-08 18:22:08
ವಿಧಿ,ವಿಧಿ ಇಬ್ಬರನ್ನೂ ದೂರಮಾಡುತ್ತದೆ.,ವಿಧಿ ಲಿಖಿತ,Destiny,Yes,Darshan R K,2025-02-08 18:22:08
ವಿಧಿ,"ನೀವು ಕಳಿತ ಹಣ್ಣುಗಳು ಅರಣ್ಯ ಸಂಗ್ರಹಿಸಲು ವೇಳೆ, ವಿಧಿ ಕೆಲವು ಉತ್ತಮ ಅವಕಾಶ ನೀಡುವ ಮೂಲಕ ನೀವು ಮುದ್ದು ಬಯಸುತ್ತಾರೆ.",ವಿಧಿ ಲಿಖಿತ,Destiny,Yes,Darshan R K,2025-02-08 18:22:08
ವಿಧಿ,ವಿಧಿ ಯಾವ ರೀತಿ ಕರೆದುಕೊಂಡು ಹೋಗುತ್ತದೆ ಎಂಬುದನ್ನು.,ವಿಧಿ ಲಿಖಿತ,Destiny,Yes,Darshan R K,2025-02-08 18:22:08
ವಿಧಿ,"ಆದರೆ, ಅವನೊಂದು ಬಗೆದರೆ ವಿಧಿ ಬೇರೊಂದನ್ನು ಬಗೆಯಿತು.",ವಿಧಿ ಲಿಖಿತ,Destiny,Yes,Darshan R K,2025-02-08 18:22:08
ವಿಧಿ,ಪಾಪಶೇಷದ ಫಲವಿರುವ ಹತಭಾಗ್ಯರಿಗೂ ಒಮ್ಮೊಮ್ಮೆ ವಿಧಿ ಕೈಹಿಡಿದು ರಕ್ಷಿಸುತ್ತದಲ್ಲಾ!,ವಿಧಿ ಲಿಖಿತ,Destiny,Yes,Darshan R K,2025-02-08 18:22:08
ವಿಧಿ,"ಮನೆಯವರ ಬೇಡಿಕೆ, ಮಕ್ಕಳ ಕೋರಿಕೆಯನ್ನು ಪೂರೈಸದೇ ವಿಧಿ ಇಲ್ಲ.",ವಿಧಿ ಲಿಖಿತ,Destiny,Yes,Darshan R K,2025-02-08 18:22:08
ವಿಧಿ,"ಡಿಸೆಂಬರ್ ೩೦ ರಂದು ಕುವೆಂಪು – ಬೇಂದ್ರೆ ನಾಡುನುಡಿ ಚಿಂತನ ಕಾರ್ಯಕ್ರಮ ಗೋಷ್ಠಿಯ ಅಧ್ಯಕ್ಷತೆ ವಹಿಸಬೇಕಿತ್ತು ಆದರೆ ಅದಕ್ಕೆ ಮುನ್ನವೇ ಸಾಹಿತ್ಯ ಪರಿಚಾರಕನನ್ನು ವಿಧಿ ಎಳೆದೊಯ್ದು\, ಸಾಹಿತ್ಯ ಲೋಕಕ್ಕೆ ತುಂಬಲಾರದ ನಷ್ಟ ಉಂಟು ಮಾಡಿತ್ತು.",ವಿಧಿ ಲಿಖಿತ,Destiny,Yes,Darshan R K,2025-02-08 18:22:08
ವಿಧಿ,"ವಿಧಿ ನಮ್ಮನ್ನು ಮತ್ತೆಮತ್ತೆ ಪರೀಕ್ಷಿಸುತ್ತಲೇ ಇರುತ್ತದೆ – ನಮ್ಮ ಸಾಮರ್ಥ್ಯ ಮೀರಿದ ಪರೀಕ್ಷೆಗಳಿಗೆ ಒಡ್ಡುವ ಮೂಲಕ, ನಮ್ಮ ಬುದ್ಧಿವಂತಿಕೆ ಮೀರಿದ ಪ್ರಶ್ನೆಗಳನ್ನು ಎದುರಾಗಿಸುವ ಮೂಲಕ.",ವಿಧಿ ಲಿಖಿತ,Destiny,Yes,Darshan R K,2025-02-08 18:22:08
ವಿಧಿ,ಆದರೆ ವಿಧಿ ಬಿಡಲಿಲ್ಲ.,ವಿಧಿ ಲಿಖಿತ,Destiny,Yes,Darshan R K,2025-02-08 18:22:08
ವಿಧಿ,"ಆದರೆ, ವಿಧಿ ಅದಕ್ಕೆ ಅವಕಾಶ ಕೊಡಲಿಲ್ಲ.",ವಿಧಿ ಲಿಖಿತ,Destiny,Yes,Darshan R K,2025-02-08 18:22:08
ವಿಧಿ,ಆಗ ತನ್ನ ಗಂಡನನ್ನು ಉಳಿಸಿಕೊಳ್ಳಲು ವಿಧಿ ಇಲ್ಲದೆ ತನ್ನ ಮಗುವನ್ನು ಮಾರಿದ್ದಾಳೆ.,ವಿಧಿ ಲಿಖಿತ,Destiny,Yes,Darshan R K,2025-02-08 18:22:08
ವಿಧಿ,"ಆದರೆ, ವಿಧಿ ಆಟವೇ ಬೆರೆಯಾಗಿತ್ತು ಅನಿಸುತ್ತದೆ.",ವಿಧಿ ಲಿಖಿತ,Destiny,Yes,Darshan R K,2025-02-08 18:22:08
ವಿಧಿ,"ಇದರಿಂದ ಬೇರೆ ವಿಧಿ ಇಲ್ಲದೇ, ಜನ ಅನಿವಾರ್ಯವಾಗಿ ಜೀವದ ಹಂಗು ತೊರೆದು ತೆಪ್ಪದಲ್ಲೇ ಓಡಾಡುತ್ತಿದ್ದಾರೆ.",ವಿಧಿ ಲಿಖಿತ,Destiny,Yes,Darshan R K,2025-02-08 18:22:08
ವಿಧಿ,ಬೇರೆ ವಿಧಿ ಇಲ್ಲದೇ ಆಗಿರುವುದು.,ವಿಧಿ ಲಿಖಿತ,Destiny,Yes,Darshan R K,2025-02-08 18:22:08
ವಿಧಿ,ಅಲ್ಲದೆ ಮನುಷ್ಯರಂತೆಯೇ ವಿಧಿ ವಿಧಾನಗಳ ಮೂಲಕ ಅಂತ್ಯ ಸಂಸ್ಕಾರವನ್ನು ನಡೆಸಿದ್ದಾರೆ.,ವಿಧಿ ವಿಧಾನ,ritual,Yes,Darshan R K,2025-02-08 18:30:12
ವಿಧಿ,ಈ ಹಿನ್ನೆಲೆಯಲ್ಲಿ ದಸರಾ ಮಹೋತ್ಸವದ ಆರಂಭಕ್ಕೆ ಕೇವಲ ನಾಲ್ಕು ದಿನಗಳಷ್ಟೇ ಬಾಕಿ ಇರುವುದರಿಂದ ಇಂದು ಶಾಸ್ತ್ರೋಕ್ತವಾಗಿ ವಿಧಿ ವಿಧಾನದಂತೆ ಸಿಂಹಾಸನ ಜೋಡಿಸಿ ದರ್ಬಾರ್‍ಗೆ ಸಿದ್ಧತೆ ಮಾಡಲಾಯಿತು.,ವಿಧಿ ವಿಧಾನ,ritual,Yes,Darshan R K,2025-02-08 18:30:12
ವಿಧಿ,ಇಂದು ಮುಂಜಾನೆ ನಾಲ್ಕು ಗಂಟೆಯಿಂದಲೇ ಚಾಮುಂಡಿ ಬೆಟ್ಟದಲ್ಲಿ ಪುರೋಹಿತರು ಪೂಜಾ ವಿಧಿ ವಿಧಾನಗಳಿಗೆ ಸಿದ್ದತೆ ನಡೆಸಿದ್ದರು.,ವಿಧಿ ವಿಧಾನ,ritual,Yes,Darshan R K,2025-02-08 18:30:12
ವಿಧಿ,ವೀರಭದ್ರ ಸ್ವಾಮಿಗೆ ಮಹಾ ಅಭಿಷೇಕ ಹಾಗೂ ವಿವಿದ ಪೂಷ್ಪಾರ್ಚನೆ ಮತ್ತು ಸಹಸ್ರ ಬಿಲ್ವಾರ್ಚನೆಯೊಂದಿಗೆ ಪೂಜಾ ವಿಧಿ ವಿಧಾನಗಳು ನಡೆದವು.,ವಿಧಿ ವಿಧಾನ,ritual,Yes,Darshan R K,2025-02-08 18:30:12
ವಿಧಿ,ಪಣಜಿ: ಗೋವಾ ಮಾಜಿ ಸಿಎಂ ಮನೋಹರ ಪಾರೀಕರ್‌ ಪಾರ್ಥಿವ ಶರೀರವನ್ನು ಸಾರ್ವಜನಿಕರ ಅಂತಿಮ ದರ್ಶನಕ್ಕೆ ಇರಿಸಲಾಗಿದ್ದ ಕಲಾ ಅಕಾಡೆಮಿಯನ್ನು ಧಾರ್ಮಿಕ ವಿಧಿ ವಿಧಾನಗಳ ಮೂಲಕ ಶುದ್ಧಗೊಳಿಸಲಾಗಿದೆ ಎಂಬ ಆರೋಪ ಕೇಳಿ ಬಂದಿದೆ.,ವಿಧಿ ವಿಧಾನ,ritual,Yes,Darshan R K,2025-02-08 18:30:12
ವಿಧಿ,ಧಾರ್ಮಿಕ ವಿಧಿ ವಿಧಾನಗಳ ಜತೆಗೆ ಪೂಜೆಯನ್ನೂ ಸಲ್ಲಿಸಿದರು.,ವಿಧಿ ವಿಧಾನ,ritual,Yes,Darshan R K,2025-02-08 18:30:12
ವಿಧಿ,ಭಾರತೀಯ ಸೈನಿಕರೇ ಅವರ ಅಂತಿಮ ವಿಧಿ ವಿಧಾನಗಳನ್ನು ಮಾಡಿದ್ದರು.,ವಿಧಿ ವಿಧಾನ,ritual,Yes,Darshan R K,2025-02-08 18:30:12
ವಿಧಿ,ಶಿಸ್ತುಬದ್ಧ ಕಾರ್ಯಕ್ರಮ: ಬೆಳಗ್ಗೆ 9 ಗಂಟೆಯಿಂದ ಆರಂಭಗೊಂಡ ನೂತನ ಬಿಷಪರ ದೀಕ್ಷೆಯ ಧಾರ್ಮಿಕ ವಿಧಿ ವಿಧಾನ ಮತ್ತು ಅಭಿನಂದನಾ ಸಮಾರಂಭ ಮಧ್ಯಾಹ್ನ 2 ಗಂಟೆವರೆಗೆ ನಡೆಯಿತು.,ವಿಧಿ ವಿಧಾನ,ritual,Yes,Darshan R K,2025-02-08 18:30:12
ವಿಧಿ,ಮುಂದಿನ ದಿನಗಳಲ್ಲಿ ನೀವು ಸಾಕಷ್ಟು ಧಾರ್ಮಿಕ ವಿಧಿ ವಿಧಾನಗಳಲ್ಲಿ ಸಾಕಷ್ಟು ಪುಣ್ಯಕ್ಷೇತ್ರಗಳ ದರ್ಶನವನ್ನು ಪಡೆಯುತ್ತೀರಿ ಎಂದು ಈ ಕನಸಿನ ಅರ್ಥ.,ವಿಧಿ ವಿಧಾನ,ritual,Yes,Darshan R K,2025-02-08 18:30:12
ವಿಧಿ,ಯಾವುದೇ ವಿಧಿವಿಧಾನಗಳಿಲ್ಲ : ಯಾವುದೇ ಧಾರ್ಮಿಕ ವಿಧಿ ವಿಧಾನಗಳಿಲ್ಲದೇ ಪುಟ್ಟಣ್ಣಯ್ಯ ಅವರ ಅಂತ್ಯ ಸಂಸ್ಕಾರವನ್ನು ನಡೆಸಲಾಯಿತು.,ವಿಧಿ ವಿಧಾನ,ritual,Yes,Darshan R K,2025-02-08 18:30:12
ವಿಧಿ,ಮೈಸೂರು: ಯದುವಂಶ ತಿಲಕ ಶ್ರೀಕಂಠದತ್ತ ನರಸಿಂಹರಾಜ ಒಡೆಯರ್ ಅವರ ಅಂತ್ಯ ಸಂಸ್ಕಾರ ಸಕಲ ಸರ್ಕಾರಿ ಗೌರವ ಹಾಗೂ ವೈದಿಕ ವಿಧಿ ವಿಧಾನಗಳೊಂದಿಗೆ ಇಲ್ಲಿನ ಮಧುವನದಲ್ಲಿ ಮಂಗಳವಾರ ಸಂಜೆ ನೇರವೇರಿತು.,ವಿಧಿ ವಿಧಾನ,ritual,Yes,Darshan R K,2025-02-08 18:30:12
ವಿಧಿ,ದೈವಜ್ಞ ಪ್ರಸಾದ್ ಕೆದಿಲಾಯರು ಆಯುಧ ಪೂಜಾ ವಿಧಿ ವಿಧಾನಗಳನ್ನು ನೆರವೇರಿಸಿದರು.,ವಿಧಿ ವಿಧಾನ,ritual,Yes,Darshan R K,2025-02-08 18:30:12
ವಿಧಿ,"ಇಂದು ರಾಜನಾಗಿ ಸಿಂಹಾಸನದಲ್ಲಿ ಕೂರುವ ಯದುವೀರ್ ಅವರ ವಿಧ್ಯುಕ್ತ ಉಡುಪಿನಲ್ಲಿ ದೀಕ್ಷಾ ವಸ್ತ್ರ ಮತ್ತು ಸಾಂಪ್ರದಾಯಿಕ ಶಿರಸ್ತ್ರಾಣಗಳು ಸೇರಿವೆ, ಮತ್ತು ಶ್ರೀ ಯದುವೀರ್ ಕೃಷ್ಣದತ್ತ ಚಾಮರಾಜ ಒಡೆಯರ್ ಅವರು ಧಾರ್ಮಿಕ ವಿಧಿ ವಿಧಾನಗಳನ್ನು ಕ್ರಮಬದ್ಧವಾಗಿ ಅನುಸರಿಸುತ್ತಾರೆ.",ವಿಧಿ ವಿಧಾನ,ritual,Yes,Darshan R K,2025-02-08 18:30:12
ವಿಧಿ,"ಭಾನುಪ್ರಕಾಶ್ ಶರ್ಮಾ, ಹಾಗೂ ಅರಮನೆ ಪುರೋಹಿತರ ತಂಡ ವಿಧಿ ವಿಧಾನಗಳನ್ನು ನೆರವೇರಿಸಿತು.",ವಿಧಿ ವಿಧಾನ,ritual,Yes,Darshan R K,2025-02-08 18:30:12
ವಿಧಿ,"ಸ್ವಲ್ಪ ಸಮಯ ಮನೆಯ ಮುಂದೆ ಪಾರ್ಥಿವ ಶರೀರವನ್ನು ಇಟ್ಟು, ಅಂತಿಮ ವಿಧಿ ವಿಧಾನಗಳಿಗೆ ಕುಟುಂಬದ ವರಿಗೆ ಅವಕಾಶ ಮಾಡಿಕೊಡಲಾಯಿತು.",ವಿಧಿ ವಿಧಾನ,ritual,Yes,Darshan R K,2025-02-08 18:30:12
ವಿಧಿ,ಹತ್ತು ದಿನಗಳ ಅವಧಿಯ ಶ್ರೀ ದ್ರೌಪದಿದೇವಿ ಕರಗ ಶಕ್ತ್ಯೋತ್ಸವದ ಧಾರ್ಮಿಕ ವಿಧಿ ವಿಧಾನಗಳು ಈಗಾಗಲೆ ಆರಂಭವಾಗಿವೆ.,ವಿಧಿ ವಿಧಾನ,ritual,Yes,Darshan R K,2025-02-08 18:30:12
ವಿಧಿ,"ಮಕ್ಕಳಿಗೆ ಒಳ್ಳೆಯ ಸಂಸ್ಕಾರ , ಧಾರ್ಮಿಕ ವಿಧಿ ವಿಧಾನ, ವಿವಿಧ ಧರ್ಮದ ಜ್ಞಾನ, ರಾಷ್ಟ್ತ್ರಪ್ರೇಮವನ್ನು ಬೆಳೆಸುವಲ್ಲಿ ಹೆಚ್ಚಿನ ಆಸಕ್ತಿಯನ್ನು ಪಾಲಕರು ವಹಿಸಬೇಕೆಂದು ಅವರು ಕರೆ ನೀಡಿದರು.",ವಿಧಿ ವಿಧಾನ,ritual,Yes,Darshan R K,2025-02-08 18:30:12
ವಿಧಿ,"ಉತ್ಸವದ ಪ್ರಯುಕ್ತ ನಂಜುಂಡೇಶ್ವರ ಸ್ವಾಮಿಗೆ ಒಂದು ವಾರದಿಂದ ಧ್ವಜಾರೋಹಣ, ಅಂಕುರಾರ್ಪಣೆ, ವೃಷಭಾರೋಹಣೋತ್ಸವ, ಶೇಷವಾಹನೋತ್ಸವ, ಕಾಶಿಯಾತ್ರೆ ಸೇರಿದಂತೆ ವಿವಿಧ ಧಾರ್ಮಿಕ ವಿಧಿ ವಿಧಾನಗಳನ್ನು ನೆರವೇರಿಸಲಾಯಿತು.",ವಿಧಿ ವಿಧಾನ,ritual,Yes,Darshan R K,2025-02-08 18:30:12
ವಿಧಿ,ಹಿಂದೂ ಧರ್ಮದಲ್ಲಿ ನಡೆಸುವ ಪೂಜಾ ವಿಧಿ ವಿಧಾನಗಳು ತನ್ನದೇ ಆದ ಆಚಾರ ವಿಚಾರಗಳನ್ನು ಒಳಗೊಂಡಿದೆ.,ವಿಧಿ ವಿಧಾನ,ritual,Yes,Darshan R K,2025-02-08 18:30:12
ವಿಧಿ,ನಡೆದಾಡುವ ದೇವರು ಸಿದ್ದಗಂಗಾ ಮಠದ ಶ್ರೀ ಶಿವಕುಮಾರ ಸ್ವಾಮಿಜಿಯವರ ಅಂತಿಮ ವಿಧಿ ವಿಧಾನಗಳು ಇಂದು ನಡೆಯುತ್ತಿದೆ.,ವಿಧಿ ವಿಧಾನ,ritual,Yes,Darshan R K,2025-02-08 18:30:12
ವಿಧಿ,ಘರ್‌ ವಾಪಸಿ ಕಾರ್ಯಕ್ರಮದಲ್ಲಿ ಇವರೆಲ್ಲ ಶುದ್ಧೀಕರಣ ಹೋಮ ಮತ್ತು ಪೂಜಾ ಕಾರ್ಯಕ್ರಮದಲ್ಲಿ ಪಾಲ್ಗೊಂಡಿದ್ದಲ್ಲದೆ ಧಾರ್ಮಿಕ ವಿಧಿ ವಿಧಾನಗಳನ್ನು ಅನುಸರಿಸಿದ್ದರು.,ವಿಧಿ ವಿಧಾನ,ritual,Yes,Darshan R K,2025-02-08 18:30:12
ವಿಧಿ,"ಈ ವೇಳೆ ದೇಗುಲದ ಕೈಂಕರ್ಯಪರರು ಸಹ ವಿಧಿ ಇಲ್ಲದೇ ಕಲ್ಯಾಣಿಯಲ್ಲಿ ಕಸ ಹಾಗೂ ಗಲೀಜು ತೇಲುತ್ತಿದ್ದರೂ, ತೀವ್ರ ಅಸಮಾಧಾನದಿಂದಲೇ ದೇವರ ಮೇಲೆ ಭಾರ ಹಾಕಿ ಅಭಿಷೇಕದ ವಿಧಿ ವಿಧಾನಗಳನ್ನು ನೆರವೇರಿಸಿದರು.",ವಿಧಿ ವಿಧಾನ,ritual,Yes,Darshan R K,2025-02-08 18:30:12
ವಿಧಿ,"ರಥೋತ್ಸವಕ್ಕೂ ಮುನ್ನ ಬೆಳಿಗ್ಗೆ ಸಪ್ತ ಮಾತೃಗಳಾದ ಬ್ರಾಹ್ಮಿ, ಮಹೇಶ್ವರಿ, ಕೌಮುರಿ, ವೈಷ್ಣವಿ, ವರಾಹಿ, ಇಂದ್ರಾಣಿ ಹಾಗೂ ಚಾಮುಂಡಿ ಮೂರ್ತಿಗಳಿಗೆ ರುದ್ರಾಭಿಷೇಕ, ಹೋಮ, ಹವನ ಹಾಗೂ ವಿಶೇಷ ಅಲಂಕಾರ ಸಹಿತ ವಿಧಿ ವಿಧಾನಗಳು ಜರುಗಿದವು.",ವಿಧಿ ವಿಧಾನ,ritual,Yes,Darshan R K,2025-02-08 18:30:12
ವಿಧಿ,ಅವರ ಅಂತಿಮ ವಿಧಿ ವಿಧಾನಗಳನ್ನು ನೆರವೇರಿಸುವ ಹಿನ್ನೆಲೆ 15.,ವಿಧಿ ವಿಧಾನ,ritual,Yes,Darshan R K,2025-02-08 18:30:12
ವಿಧಿ,"ಬೆಳಗ್ಗೆ ಶಾಂತಿನಾಥ ಸ್ವಾಮಿಗೆ ಕ್ಷೀರಾಭಿಷೇಕ, ಅಗ್ರೋದಕ ಮೆರವಣಿಗೆ ಭಗವಾನ್ ಸ್ವಾಮಿಯ ಜನ್ಮ ಕಲ್ಯಾಣ, ಬಾಲಕ ನಾಮಕರಣೋತ್ಸವ ವಿಧಿ ವಿಧಾನಗಳು ನಡೆಯಿತು.",ವಿಧಿ ವಿಧಾನ,ritual,Yes,Darshan R K,2025-02-08 18:30:12
ವಿಧಿ,ಯಾವುದೇ ಧಾರ್ಮಿಕ ವಿಧಿ ವಿಧಾನ ಇರಲಿಲ್ಲ.,ವಿಧಿ ವಿಧಾನ,ritual,Yes,Darshan R K,2025-02-08 18:30:13
ವಿಧಿ,ಸಾಂಪ್ರದಾಯಿಕ ಪೂಜಾ ವಿಧಿ ವಿಧಾನ,ವಿಧಿ ವಿಧಾನ,ritual,Yes,Darshan R K,2025-02-08 18:30:13
ವಿಧಿ,"ಗಲ್ಲಿಗೇರಿಸಿದ ಬಳಿಕ ಶವಗಳನ್ನು ಅವರ ಬಂಧು ಬಳಗಕ್ಕೆ ತೋರಿಸಿ, ಆ ವ್ಯಕ್ತಿ ಸೇರಿದ ಧರ್ಮ, ಜಾತಿಯ ವಿಧಿ ವಿಧಾನಗಳಿಗೆ ಅನುಗುಣವಾಗಿ ಜೈಲಿನ ಹೊರಗಡೆ ಇರುವ ಪಕುರುಮಡ್ಡಿ ಎಂಬ ಸ್ಥಳದಲ್ಲಿ ದಫ‌ನ್‌ ಮಾಡುತ್ತಿದ್ದೆವು.",ವಿಧಿ ವಿಧಾನ,ritual,Yes,Darshan R K,2025-02-08 18:30:13
ವಿಧಿ,ಈ ನಡುವೆ ಗಿರೀಶ್ ಕಾರ್ನಾಡ್ ಅವರ ಅಂತಿಮ ಸಂಸ್ಕಾರ ಕಾರ್ನಾಡ್ ಅವರು ಇಚ್ಛಿಸಿದ್ದಂತೆ ಯಾವುದೇ ವಿಧಿ ವಿಧಾನಗಳಿಲ್ಲದೆ 4.,ವಿಧಿ ವಿಧಾನ,ritual,Yes,Darshan R K,2025-02-08 18:30:13
ವಿಧಿ,ನಾ ಕಮಲವದನೆಯಂ ಮದುವೆಯಾದಂ ವಿಧಿ ವಿಧಾನ ವಿಭವಂಗಳಿಂದೆ ||೧೦||,ವಿಧಿ ವಿಧಾನ,ritual,Yes,Darshan R K,2025-02-08 18:30:13
ವಿಧಿ,ವೆಂಕಟರಮಣ ಆಚಾರ್ಯ ಅವರ ಮನೆಯಿಂದ ಗಣೇಶ ವಿಗ್ರಹವನ್ನು ಅದ್ದೂರಿಯ ಮೆರವಣಿಗೆಯ ಮೂಲಕ ದೇವಸ್ಥಾನಕ್ಕೆ ಕರೆತಂದು ವಿವಿಧ ವಿಧಿ ವಿಧಾನಗಳ ಮೂಲಕ ಪ್ರತಿಷ್ಟಾಪಿಸಲ್ಪಟ್ಟಿತು.,ವಿಧಿ ವಿಧಾನ,ritual,Yes,Darshan R K,2025-02-08 18:30:13
ವಿಧಿ,ರಷ್ಟು ಅರ್ಜಿಗಳಿಗೆ ಮಾನ್ಯತೆ ವಿಧಿ ವಿಧಾನದಡಿಯಲ್ಲಿ ವಿಚಾರ ಹಂತದಲ್ಲಿ ಇದ್ದಿರುವುದು ಅಂಕಿ-ಸಂಖ್ಯೆಯಿಂದ ಕಂಡು ಬರುತ್ತದೆ.,ವಿಧಿ ವಿಧಾನ,ritual,Yes,Darshan R K,2025-02-08 18:30:13
ವಿಧಿ,ಆ ದಿನ ಧಾರ್ಮಿಕ ವಿಧಿ ವಿಧಾನಗಳು ಮಾತ್ರವಲ್ಲದೇ ಸಾಂಸ್ಕೃತಿಕ ಕಾರ್ಯಕ್ರಮಗಳು ನಡೆಯುತ್ತವೆ.,ವಿಧಿ ವಿಧಾನ,ritual,Yes,Darshan R K,2025-02-08 18:30:13
ವಿಧಿ,"ಶಿವ ಪುರಾಣದಲ್ಲಿ ದೇವರ ಪೂಜೆ, ವಿಧಿ ವಿಧಾನ, ಮಹತ್ವ ಮತ್ತು ಲಾಭದ ಬಗ್ಗೆ ವಿವರವಾಗಿ ತಿಳಿಸಲಾಗಿದೆ.",ವಿಧಿ ವಿಧಾನ,ritual,Yes,Darshan R K,2025-02-08 18:30:13
ವಿಧಿ,ಸವಣೂರು ಶ್ರೀ ವಿಷ್ಣುಮೂರ್ತಿ ದೇವಸ್ಥಾನದ ಪ್ರಧಾನ ಅರ್ಚಕ ಗೋಪಾಲಕೃಷ್ಣ ಬಡೆಕಿಲ್ಲಾಯರವರು ಪೂಜಾ ವಿಧಿ ವಿಧಾನವನ್ನು ನೆರವೇರಿಸಿಕೊಟ್ಟರು.,ವಿಧಿ ವಿಧಾನ,ritual,Yes,Darshan R K,2025-02-08 18:30:13
ವಿಧಿ,ಶ್ರೀ ರಾಮನವಮಿ ಹಬ್ಬದ ಆಚರಣೆಯ ವಿಧಿ ವಿಧಾನಗಳು ಹೇಗೆ ?,ವಿಧಿ ವಿಧಾನ,ritual,Yes,Darshan R K,2025-02-08 18:30:13
ವಿಧಿ,"ಬೆಳಿಗ್ಗೆಯಿಂದ ದೇವಿಯ ಸನ್ನಿಧಿಯಲ್ಲಿ ಹೋಮ, ಹವನ ಸೇರಿದಂತೆ ಧಾರ್ಮಿಕ ವಿಧಿ ವಿಧಾನಗಳು ಜರುಗಿ, ದೇವಿಗೆ ಹಣ್ಣುಕಾಯಿ ಉಡಿ ತುಂಬುವ ಹಾಗೂ ಹರಕೆ ತೀರಿಸುವ ಕಾರ್ಯಕ್ರಮಗಳು ನಡೆದವು.",ವಿಧಿ ವಿಧಾನ,ritual,Yes,Darshan R K,2025-02-08 18:30:13
ವಿಧಿ,ಇವೆಲ್ಲವೂ ಜಾತ್ರೆಯ ಅಥವಾ ಆರಾಧನೆಯ ಸಂದರ್ಭದಲ್ಲಿ ನಡೆಯುವ ವಿಧಿ ವಿಧಾನಗಳು.,ವಿಧಿ ವಿಧಾನ,ritual,Yes,Darshan R K,2025-02-08 18:30:13
ವಿಧಿ,ಪುತ್ತೂರು: ಇಲ್ಲಿನ ಮಹಾಲಿಂಗೇಶ್ವರ ದೇವಾಲಯದಲ್ಲಿ ನೂತನವಾಗಿ ನಿರ್ಮಿಸಲು ಉದ್ದೇಶಿಸಿರುವ ಧ್ವಜಸ್ತಂಭಕ್ಕಾಗಿ ಸುಳ್ಯ ತಾಲ್ಲೂಕಿನ ಉಬರಡ್ಕ ಗ್ರಾಮದ ಮಿತ್ತೂರಿನಲ್ಲಿ ಮಂಗಳವಾರ ಧಾರ್ಮಿಕ ವಿಧಿ ವಿಧಾನಗಳೊಂದಿಗೆ ಕಡಿಯಲಾದ ಮರವನ್ನು ಶೃಂಗರಿಸಿ ಅಲಂಕೃತ ಟ್ರಾಲಿಯಲ್ಲಿ ಬುಧವಾರ ಮೆರವಣಿಗೆಯ ಮೂಲಕ ದೇವಾಲಯಕ್ಕೆ ತರಲಾಯಿತು.,ವಿಧಿ ವಿಧಾನ,ritual,Yes,Darshan R K,2025-02-08 18:30:13
ವಿಧಿ,ಗತಿಸಿದ ಹಿರಿಯರ ಸ್ಮರಣೆಯಲ್ಲಿ ಗಯಾದಲ್ಲಿನ ಫಲ್ಗು ನದಿಯಲ್ಲಿ ಧಾರ್ಮಿಕ ವಿಧಿ ವಿಧಾನಗಳ ಅನ್ವಯ ಪಿಂಡ ಪ್ರದಾನ ಮಾಡಲಾಯಿತು.,ವಿಧಿ ವಿಧಾನ,ritual,Yes,Darshan R K,2025-02-08 18:30:13
ವಿಧಿ,ವಿರಾಜಪೇಟೆ: ವಿರಾಜಪೇಟೆ ಕೊಡವ ಸಮಾಜದಿಂದ ಹುತ್ತರಿ ಹಬ್ಬ ವನ್ನು ಸಾಂಪ್ರ ದಾಯಿಕವಾಗಿ ಧಾರ್ಮಿಕ ವಿಧಿ ವಿಧಾನಗಳೊಂದಿಗೆ ಶ್ರದ್ಧಾ ಭಕ್ತಿಯಿಂದ ಆಚರಿಸಲಾಯಿತು.,ವಿಧಿ ವಿಧಾನ,ritual,Yes,Darshan R K,2025-02-08 18:30:13
ವಿಧಿ,ಬೆಳಗ್ಗೆಯಿಂದಲೇ ಧಾರ್ಮಿಕ ವಿಧಿ ವಿಧಾನಗಳು ಜರುಗಿದವು.,ವಿಧಿ ವಿಧಾನ,ritual,Yes,Darshan R K,2025-02-08 18:30:13
ವಿಧಿ,"ಕವಲಡಿ ಶ್ರೀ ಜಟ್ಟಿಗೇಶ್ವ ಮತ್ತು ಪರಿವಾರ ದೈವಗಳ ಹಾಗೂ ನಾಗ ದೇವರ ಪ್ರತಿಷ್ಠಾ ವರ್ಧಂತಿ ಮಹೋತ್ಸವದ ಅಂಗವಾಗಿ ವೇದ ಮೂರ್ತಿ ರಾಮಚಂದ್ರ ಭಟ್ ಇವರ ನೇತೃತ್ವದಲ್ಲಿ ಬೆಳಿಗ್ಗೆ ವಿವಿಧ ಧಾರ್ಮಿಕ ಪೂಜಾ ವಿಧಿ ವಿಧಾನಗಳು, ಹೋಮ ಹವನಗಳು ಮತ್ತು ರಾತ್ರಿ ಬಲಿ ಪೂಜೆ ನಡೆಯಿತು.",ವಿಧಿ ವಿಧಾನ,ritual,Yes,Darshan R K,2025-02-08 18:30:13
ವಿಧಿ,ಈ ವಿಧಿ ವಿಧಾನ ಹಾಗೂ ಸಂಪ್ರದಾಯಗಳು ಹಾಗೂ ಆಚರಣೆಗಳಿಗೆ ಬಹಳಷ್ಟು ಧಾರ್ಮಿಕ ಪ್ರಾಮುಖ್ಯತೆಯನ್ನು ಕೂಡಾ ಜನರು ನೀಡುತ್ತಾರೆ.,ವಿಧಿ ವಿಧಾನ,ritual,Yes,Darshan R K,2025-02-08 18:30:13
ವಿಧಿ,ತಿಗಳಾರ್ಯ ಭಾಷೆಯಲ್ಲಿ ಮಹಾಭಾರತದ ಅನೇಕ ಸಂಗತಿಗಳನ್ನು ವಿವರಿಸುತ್ತಾ ವಿಧಿ ವಿಧಾನಗಳನ್ನು ನಡೆಸಲು ಅನುವಾಗುವುದು ಪಠಣ ಪೂಜಾರಿಗಳ ಕರ್ತವ್ಯ.,ವಿಧಿ ವಿಧಾನ,ritual,Yes,Darshan R K,2025-02-08 18:30:13
ವಿಧಿ,ಮಾಧ್ವ ಸಂಪ್ರದಾಯದಂತೆಯೇ ಶ್ರಿಗಳ ಅಂತಿಮ ವಿಧಿ ವಿಧಾನಗಳನ್ನು ನೆರವೇರಿಸಲಾಯಿತು.,ವಿಧಿ ವಿಧಾನ,ritual,Yes,Darshan R K,2025-02-08 18:30:13
ವಿಧಿ,"ಈಗ ವಾಲಿಯು ಸಹಜತೆಯನು ಹೊಂದಿ; ಸ್ವರ್ಗವನು ಗೆದ್ದ, ಮುಕ್ತಿಯನು ಪಡೆದನೆಂದು ಹೇಳಿದಾಗ ಲಕ್ಷ್ಮಣ ಎಚ್ಚರಗೊಂಡು ಸುಗ್ರೀವನನು ಮುಂದಿನ ಅಂತ್ಯಸಂಸ್ಕಾರದ ವಿಧಿ ವಿಧಾನಗಳಿಗಾಗಿ ಎಬ್ಬಿಸಿದ ಮತ್ತು ಅಂಗದನಿಗೆ ಬುದ್ದಿಯನು ಹೇಳಿ, ನೀನು ನಾಯಕತ್ವವನ್ನು ವಹಿಸು ಹಾಗೂ ಮಾರ್ಗದರ್ಶನವನ್ನು ಮಾಡು ಎಂದು ಹೇಳಿದ.",ವಿಧಿ ವಿಧಾನ,ritual,Yes,Darshan R K,2025-02-08 18:30:13
ವಿಧಿ,ಈ ಸಂದರ್ಭ ಮದುವೆ ಧಾರ್ಮಿಕ ವಿಧಿ ವಿಧಾನಗಳು ಬೇರೆ ಬೇರೆಯಾಗಿದ್ದುದು ಗಮನಕ್ಕೆ ಬಂದಿದೆ.,ವಿಧಿ ವಿಧಾನ,ritual,Yes,Darshan R K,2025-02-08 18:30:13
ವಿಧಿ,"ಉಪವಾಸ ವ್ರತದಲ್ಲಿದ್ದ ಬೇಡಗಂಪಣ ಸಮುದಾಯದ 108 ಬಾಲಕಿಯರು, ಮುಂಜಾನೆ ನಾಲ್ಕು ಗಂಟೆಗೆ ಮಹದೇಶ್ವರ ಸ್ವಾಮಿಗೆ ಬೆಲ್ಲದ ಆರತಿ ಎತ್ತುವ ಮೂಲಕ ರಥೋತ್ಸವದ ವಿಧಿ ವಿಧಾನಗಳಿಗೆ ಚಾಲನೆ ನೀಡಿದರು.",ವಿಧಿ ವಿಧಾನ,ritual,Yes,Darshan R K,2025-02-08 18:30:13
ವಿಧಿ,ಬಳಿಕ ವಿಧಿ ವಿಧಾನ ಪೂರೈಸಲು ಸಮಯವಕಾಶ ಬೇಕು ಎಂಬ ಕಾರಣ ನೀಡಿ ಕೆಲವು ಖ್ಯಾತ ನಟರಿಗೆ ಅಂತಿಮ ದರ್ಶನಕ್ಕೆ ಅವಕಾಶ ನೀಡದೆ ಸಚಿವ ಡಿ.,ವಿಧಿ ವಿಧಾನ,ritual,Yes,Darshan R K,2025-02-08 18:30:13
ವಿಧಿ,ಅಜಿತ್ ಶವವನ್ನು ಪುಣೆ ಜಿಲ್ಲೆಯ ಜುನ್ನರ್ ಗ್ರಾಮಕ್ಕೆ ತೆಗೆದುಕೊಂಡು ಹೋಗಿ ಅಂತಿಮ ವಿಧಿ ವಿಧಾನಗಳನ್ನು ಮಾಡಲಾಗಿದೆ.,ವಿಧಿ ವಿಧಾನ,ritual,Yes,Darshan R K,2025-02-08 18:30:13
ವಿಧಿ,ರಿಂದ ಶ್ರೀ ಮಠದಲ್ಲಿ ಶ್ರೀ ಕಾಳಿಕಾಮಾತಾ ದೇವಿಂುು ಮಂದಿರದ ವಿಧಿ ವಿಧಾನಗಳನ್ನು ಪೂರೈಸಿ ದಿ.,ವಿಧಿ ವಿಧಾನ,ritual,Yes,Darshan R K,2025-02-08 18:30:13
ವಿಧಿ,Home ಕನ್ನಡ ವಾರ್ತೆಗಳು ಕರ್ನಾಟಕ ತಲಕಾವೇರಿಯಲ್ಲಿ ತೀರ್ಥೋದ್ಭವಕ್ಕೆ ಕುಂಡಿಕೆ ಬಳಿ ಧಾರ್ಮಿಕ ವಿಧಿ ವಿಧಾನಕ್ಕೆ ಸಾಕ್ಷಿಯಾದ ಮುಖ್ಯಮಂತ್ರಿ ಕುಮಾರಸ್ವಾಮಿ,ವಿಧಿ ವಿಧಾನ,ritual,Yes,Darshan R K,2025-02-08 18:30:13
ವಿಧಿ,ಮತ್ತು ಅದರ ವಿಧಿ ವಿಧಾನಗಳೇನು ?,ವಿಧಿ ವಿಧಾನ,ritual,Yes,Darshan R K,2025-02-08 18:30:13
ವಿಧಿ,"ಇಂದು ಬೆಳಗ್ಗೆ ನಿಧನರಾದ ಹಿರಿಯ ಸಾಹಿತಿ, ರಂಗಕರ್ಮಿ, ನಟ ಗಿರೀಶ್​ ಕಾರ್ನಾಡ್​ ಅವರ ಅಂತ್ಯಕ್ರಿಯೆ ಕಲ್ಲಪಳ್ಳಿ ವಿದ್ಯುತ್​ ಚಿತಾಗಾರದಲ್ಲಿ ಅವರ ಕೊನೇ ಆಸೆಯಂತೆ ಧಾರ್ಮಿಕ ವಿಧಿ ವಿಧಾನಗಳಿಲ್ಲದೇ ನೆರವೇರಿಸಲಾಯಿತು.",ವಿಧಿ ವಿಧಾನ,ritual,Yes,Darshan R K,2025-02-08 18:30:13
ವಿಧಿ,ಈ ವಿಧಿ ವಿಧಾನಗಳ ಆಚರಣೆಗಾಗಿ ಪರಸ್ಪರ ಅರಿಕೆಗೆ ಕಾರಣವಾಗುವುದು ಹಾಗೂ ಅವುಗಳನ್ನು ಮುಂದಿನ ಪೀಳಿಗೆಗೆ ರೂಢಿಗತ ಮಾಡುವುದಕ್ಕೆ ನಾಂದಿಯಾಗುವುದಾಗಿದೆ.,ವಿಧಿ ವಿಧಾನ,ritual,Yes,Darshan R K,2025-02-08 18:30:13
ವಿಧಿ,"ಏಳು ದಿನಗಳವರೆಗೆ ರಾಯರ ಮೂಲ ಬೃಂದಾವನಕ್ಕೆ ವಿಶೇಷ ಪೂಜೆ, ಅಭಿಷೇಕ, ಧಾರ್ಮಿಕ-ಸಾಂಸ್ಕೃತಿಕ ಕಾರ್ಯಕ್ರಮಗಳು, ಜ್ಞಾನ ಯಜ್ಞ ಸೇರಿ ಇತರ ಧಾರ್ಮಿಕ ವಿಧಿ ವಿಧಾನಗಳು ನಡೆಯಲಿವೆ.",ವಿಧಿ ವಿಧಾನ,ritual,Yes,Darshan R K,2025-02-08 18:30:13
ವಿಧಿ,ಗುರುವಿನಂತೆ ಶಿಷ್ಯನ ಅಂತಿಮ ವಿಧಿ ವಿಧಾನ :,ವಿಧಿ ವಿಧಾನ,ritual,Yes,Darshan R K,2025-02-08 18:30:13
ವಿಧಿ,"ಶಿವಕುಮಾರ ಶ್ರೀಗಳ ಪ್ರಥಮ ಪುಣ್ಯಸಂಸ್ಮರಣೋತ್ಸವ ಹಿನ್ನೆಲೆಯಲ್ಲಿ ಸ್ವಾಮೀಜಿ ಐಕ್ಯರಾಗಿರುವ ಶಿವಯೋಗಿ ಮಂದಿರದ ಗದ್ದುಗೆಯಲ್ಲಿ ಮುಂಜಾನೆಯಿಂದಲೇ ಧಾರ್ಮಿಕ ವಿಧಿ ವಿಧಾನಗಳು, ಅಭಿಷೇಕ, ಅಷ್ಟೋತ್ತರ, ಮಹಾಮಂಗಳಾರತಿ, ಭಜನಾ ಮಂತ್ರ ಘೋಷಗಳು ಮೊಳಗಿದವು.",ವಿಧಿ ವಿಧಾನ,ritual,Yes,Darshan R K,2025-02-08 18:30:14
ವಿಧಿ,"ಹೀಗೆ ಒಂದೊಮ್ಮೆ ಮೂರ್ತಿಯನ್ನು ಜೋಡಿಸಿ ದೇವಾಲಯದಲ್ಲಿರಿಸಿದ ನಂತರ ಹನ್ನೊಂದು ದಿನಗಳ ಕಾಲ ದೇವಾಲಯದ ಬಾಗಿಲು ಮುಚ್ಚಿ, ಏನೆ ಪೂಜಾ ವಿಧಿ ವಿಧಾನಗಳಿದ್ದರೂ ಹೊರಗಿನಿಂದಲೇ ನೆರವೇರಿಸಿ ಹನ್ನೊಂದು ದಿನಗಳ ಬಳಿಕ ಮತ್ತೆ ಬಾಗಿಲನ್ನು ತೆರೆಯಬೇಕಾಗಿತ್ತು.",ವಿಧಿ ವಿಧಾನ,ritual,Yes,Darshan R K,2025-02-08 18:30:14
ವಿಧಿ,"ಸದನದ ವಿಧಿ ವಿಧಾನ, ಪ್ರಕ್ರಿಯೆ ಬಗ್ಗೆ ಸೂಚನೆ ನೀಡಲಿದ್ದಾರೆ.",ವಿಧಿ ವಿಧಾನ,ritual,Yes,Darshan R K,2025-02-08 18:30:14
ವಿಧಿ,ಪ್ರಧಾನ ಅರ್ಚಕ ಸೀತಾರಾಮ ಎಡಪಡಿತ್ತಾಯ ರಥದಲ್ಲಿ ದೇವರ ಮೂರ್ತಿ ಕುಳ್ಳಿರಿಸಿ ಧಾರ್ಮಿಕ ವಿಧಿ ವಿಧಾನಗಳನ್ನು ಪೂರೈಸಿದರು.,ವಿಧಿ ವಿಧಾನ,ritual,Yes,Darshan R K,2025-02-08 18:30:14
ವಿಧಿ,"ಅಥವಾ ಬಣ್ಣದ ವಿಗ್ರಹಗಳನ್ನು ಪತ್ತೆ ಮಾಡಿ,ಸುಪರ್ದಿಗೆ ತೆಗೆದುಕೊಂಡು ಅಂತಹ ವಸ್ತುಗಳನ್ನು ಸ್ಥಳೀಯ ಸಂಸ್ಥೆಯಲ್ಲಿ ಇರುವ ಘನತ್ಯಾಜ್ಯ ವಿಲೇವಾರಿ ಘಟಕಗಳಿಗೆ ಸಾಗಿಸಿ ಶ್ರೆಡರ್‍ಗಳನ್ನು ಉಪಯೋಗಿಸಿಕೊಂಡು ಒಂದೇ ಸ್ಥಳದಲ್ಲಿ (ಲ್ಯಾಂಡ್‍ಫಿಲ್ ಸೈಟ್) ಧಾರ್ಮಿಕ ವಿಧಿ ವಿಧಾನಗಳಿಗೆ ಭಂಗವಾಗದಂತೆ ವಿಲೇವಾರಿ ಮಾಡಲು ಕ್ರಮ ವಹಿಸಲು ಸೂಚಿಸಿದ್ದಾರೆ.",ವಿಧಿ ವಿಧಾನ,ritual,Yes,Darshan R K,2025-02-08 18:30:14
ವಿಧಿ,"ಜಮ್ಮು ಮತ್ತು ಕಾಶ್ಮೀರಕ್ಕೆ ಸಂವಿಧಾನದ 370ನೇ ವಿಧಿ ಅನ್ವಯ ನೀಡಿದ್ದ ವಿಶೇಷ ಸ್ಥಾನಮಾನ ರದ್ದಾದಾಗಿನಿಂದ ಸಂಪರ್ಕ ವ್ಯವಸ್ಥೆ ಇಲ್ಲದೆ ಯಾತನೆ ಅನುಭವಿಸುತ್ತಿರುವ ಕಾಶ್ಮೀರಿಗರ ಬಗ್ಗೆ ಗಂಭೀರ ಚರ್ಚೆ, ಚಿಂತನೆಗಳು ನಡೆಯಬೇಕಾಗಿರುವ ಸಂದರ್ಭ ಇದು.",ಸಂವಿಧಾನದ ವಿಧಿ,Article,Yes,Darshan R K,2025-02-08 18:45:32
ವಿಧಿ,ಮುಸ್ಲಿಮರಿಗೆ ಐದು ಎಕರೆ ಸ್ಥಳವನ್ನು ನೀಡಲು ಸಂವಿಧಾನದ ವಿಧಿ 142ರಡಿ ವಿಶೇಷ ಅಧಿಕಾರವನ್ನು ಬಳಸಿಕೊಂಡಿರುವುದು ಅತ್ಯಂತ ಹತಾಶಕರವಾಗಿರುವಂತಿದೆ.,ಸಂವಿಧಾನದ ವಿಧಿ,Article,Yes,Darshan R K,2025-02-08 18:45:32
ವಿಧಿ,ಪ್ರಮುಖ ಸಂವಿಧಾನಾತ್ಮಾಕ ಕ್ರಮವಾಗಿ ಪ್ರಧಾನಿ ನರೇಂದ್ರ ಮೋದಿ ನೇತೃತ್ವದ ಸರ್ಕಾರ ಸಂವಿಧಾನದ ವಿಧಿ 370 ರದ್ಧು ಪಡಿಸುವ ಸಂಬಂಧ ರಾಜ್ಯಸಭೆಯಲ್ಲಿ ಶಾಸನ ಬದ್ಧ ನಿರ್ಣಯ ಮಂಡಿಸಿದೆ.,ಸಂವಿಧಾನದ ವಿಧಿ,Article,Yes,Darshan R K,2025-02-08 18:45:32
ವಿಧಿ,ಸಂವಿಧಾನದ ವಿಧಿ 370 ರದ್ದತಿ ಹಿನ್ನೆಲೆಯಲ್ಲಿ ಪ್ರವಾಸಿಗರಿಗೆ ನಿಷೇಧ ಹೇರಲಾಗಿತ್ತು.,ಸಂವಿಧಾನದ ವಿಧಿ,Article,Yes,Darshan R K,2025-02-08 18:45:32
ವಿಧಿ,1: ಜಮ್ಮು ಹಾಗೂ ಕಾಶ್ಮೀರಕ್ಕೆ ವಿಶೇಷ ಸ್ಥಾನಮಾನ ನೀಡುವ ವಿಧಿ 370ನ್ನು ರದ್ದುಗೊಳಿಸಿದ ಕೇಂದ್ರ ಸರಕಾರದ ನಿರ್ಧಾರ ಪ್ರಶ್ನಿಸಿ ಸಲ್ಲಿಸಲಾದ ಮನವಿಗಳಿಗೆ ಪ್ರತಿಕ್ರಿಯೆ ನೀಡಲು ಕೇಂದ್ರ ಸರಕಾರಕ್ಕೆ ಐವರು ಸದಸ್ಯರ ಸಂವಿಧಾನಿಕ ಪೀಠ ಮಂಗಳವಾರ ನಾಲ್ಕು ವಾರಗಳ ಕಾಲಾವಕಾಶ ನೀಡಿದೆ.,ಸಂವಿಧಾನದ ವಿಧಿ,Article,Yes,Darshan R K,2025-02-08 18:45:32
ವಿಧಿ,"ಆದರೆ, ನ್ಯಾಯಪೀಠವು ಸಂವಿಧಾನದ 142ನೇ ವಿಧಿ ಅಡಿಯಲ್ಲಿ ತನಗಿರುವ ಅಧಿಕಾರವನ್ನು ಬಳಸಿಕೊಂಡು ಸೇವೆಯಿಂದ ವಜಾ ಮಾಡಿದ್ದನ್ನು ಕಡ್ಡಾಯ ನಿವೃತ್ತಿಯಾಗಿ ಪರಿವರ್ತಿಸಿದೆ.",ಸಂವಿಧಾನದ ವಿಧಿ,Article,Yes,Darshan R K,2025-02-08 18:45:32
ವಿಧಿ,"ಕೆನಡಾದ-ಅಮೇರಿಕನ್ ಮಾಧ್ಯಮ ಸಂಸ್ಥೆಯಾದ ವೈಸ್ ನ್ಯೂಸ್‌ಗೆ ಶನಿವಾರ ನೀಡಿದ ಸಂದರ್ಶನದಲ್ಲಿ, ಈ ವಿಷಯ ತಿಳಿಸಿದ ಅವರು, ಭಾರತ ಸರ್ಕಾರವು ತನ್ನ ಸಂವಿಧಾನದ 370 ಮತ್ತು 35-ಎ ವಿಧಿ ಅನ್ವಯ ನೀಡಿದ್ದ ವಿಶೇಷ ಸ್ಥಾನ ಮಾನ ರದ್ದುಪಡಿಸುವ ಮೂಲಕ ಕಾಶ್ಮೀರದ ಪರಿಸ್ಥಿತಿಯನ್ನು ಸುಧಾರಿಸಬಹುದೆಂದು ಭಾವಿಸಿದರೆ ಅದು ಮೂರ್ಖತನ ಎಂದು ಅವರು ದೂರಿದರು.",ಸಂವಿಧಾನದ ವಿಧಿ,Article,Yes,Darshan R K,2025-02-08 18:45:32
ವಿಧಿ,6- ನಮ್ಮ ಪ್ರದೇಶ ಹಿಂದುಳಿಯಲು ಕಾಂಗ್ರೆಸ್ ಮತ್ತು ಸಂವಿಧಾನದ 370ನೇ ವಿಧಿ ಕಾರಣ ಎಂದು ಲಡಾಖ್ ಬಿಜೆಪಿ ಸಂಸದ ತ್ಸೆರಿಂಗ್ ನಮ್‍ಗ್ಯಾಲ್ ಅಭಿಪ್ರಾಯಪಟ್ಟಿದ್ದಾರೆ.,ಸಂವಿಧಾನದ ವಿಧಿ,Article,Yes,Darshan R K,2025-02-08 18:45:32
ವಿಧಿ,ಶ್ರೀನಗರ: ಜಮ್ಮು- ಕಾಶ್ಮೀರಕ್ಕೆ ವಿಶೇಷ ಸ್ಥಾನಮಾನ ಒದಗಿಸುವ ಸಂವಿಧಾನದ 370ನೇ ವಿಧಿ ರದ್ಧತಿ ಬಗ್ಗೆ ದೇಶದೆಲ್ಲೆಡೆ ಉತ್ತಮ ಪ್ರತಿಕ್ರಿಯೆ ವ್ಯಕ್ತವಾಗುತ್ತಿದೆ.,ಸಂವಿಧಾನದ ವಿಧಿ,Article,Yes,Darshan R K,2025-02-08 18:45:32
ವಿಧಿ,ಸಂವಿಧಾನದ 35ಎ ವಿಧಿ ಅಥವಾ ಕ್ಷೇತ್ರಗಳ ಪುನರ್‌ ವಿಂಗಡನೆ ಕೆಲಸ ಶೀಘ್ರ ಆರಂಭವಾಗಲಿದೆಯೇ?,ಸಂವಿಧಾನದ ವಿಧಿ,Article,Yes,Darshan R K,2025-02-08 18:45:32
ವಿಧಿ,ಸಂವಿಧಾನದ 16ನೇ ವಿಧಿ ಉಲ್ಲಂಘನೆ,ಸಂವಿಧಾನದ ವಿಧಿ,Article,Yes,Darshan R K,2025-02-08 18:45:33
ವಿಧಿ,ಸಂವಿಧಾನದ 21ನೇ ವಿಧಿ ಅಡಿಯಲ್ಲಿ ನೀಡಲಾಗಿರುವ ವ್ಯಕ್ತಿಯ ಜೀವಿಸುವ ಹಕ್ಕುಗಳಿಗೆ ವಿರುದ್ಧವಾದ ಕೃತ್ಯವಾಗಿದೆ.,ಸಂವಿಧಾನದ ವಿಧಿ,Article,Yes,Darshan R K,2025-02-08 18:45:33
ವಿಧಿ,"ಸಂವಿಧಾನದ 370ನೇ ವಿಧಿ ರದ್ದತಿ ನಿರ್ಧಾರ ಮತ್ತು ಅದನ್ನು ಘೋಷಿಸಲು ಆರಿಸಿಕೊಂಡ ಸಮಯದ ಬಗ್ಗೆ ಕೇಂದ್ರ ಸರ್ಕಾರವನ್ನು ಶ್ಲಾಘಿಸಿರುವ ಅವರು, ಯಾವುದೇ ಪರಿಸ್ಥಿತಿ ಎದುರಿಸಲು ಸೇನೆ ಸನ್ನದ್ಧವಾಗಿದೆ ಎಂದಿದ್ದಾರೆ.",ಸಂವಿಧಾನದ ವಿಧಿ,Article,Yes,Darshan R K,2025-02-08 18:45:33
ವಿಧಿ,370ನೇ ವಿಧಿ ರದ್ದತಿ ಸಮರ್ಥಿಸಿಕೊಂಡ ಪ್ರಧಾನಿ * ಪವಾರ್ ಹೇಳಿಕೆಗೆ ತಿರುಗೇಟು,ಸಂವಿಧಾನದ ವಿಧಿ,Article,Yes,Darshan R K,2025-02-08 18:45:33
ವಿಧಿ,ಸ್ವತಂತ್ರ ಸಂವಿಧಾನ ಹೊಂದುವ ಮೂಲಕ ಭಾರತ ಒಕ್ಕೂಟದ ಭಾಗವಾಗಿ ಜಮ್ಮು ಕಾಶ್ಮೀರ ಮತ್ತು ಲಡಾಕ್ ಪ್ರಾಂತ್ಯಗಳು ಭಾರತದೊಂದಿಗೆ ಸೇರಿಕೊಳ್ಳಲು 370ನೇ ವಿಧಿ ಅವಕಾಶ ಒದಗಿಸಿತ್ತು.,ಸಂವಿಧಾನದ ವಿಧಿ,Article,Yes,Darshan R K,2025-02-08 18:45:33
ವಿಧಿ,ಬಂದ್ ಹಾಗೂ ಕರ್ಫ್ಯೂ ಸಡಿಸಬೇಕು; ಭಾರತ ಸಂವಿಧಾನದ 370ನೇ ವಿಧಿ ರದ್ದುಪಡಿಸಿದ ಸರ್ಕಾರದ ನಿರ್ಧಾರದ ಬಳಿಕ ಬಂಧಿಸಿದ ವ್ಯಕ್ತಿಗಳನ್ನು ಬಿಡುಗಡೆ ಮಾಡಬೇಕು ಎಂದು ಆಗ್ರಹಿಸಲಾಗಿದೆ.,ಸಂವಿಧಾನದ ವಿಧಿ,Article,Yes,Darshan R K,2025-02-08 18:45:33
ವಿಧಿ,"ಸಂವಿಧಾನದ 6ನೇ ಶೆಡ್ಯೂಲ್ ಪ್ರಕಾರ ಮತ್ತು ವಿಶ್ವರಾಷ್ಟ್ರ ಸಂಸ್ಥೆಯ ಸ್ವಯಂ ನಿರ್ಣಯ ಹಕ್ಕು ರಕ್ಷಣೆಗೆ ಕೊಡಮಾಡಿರುವ ಮಾನವ ಹಕ್ಕು ಕಾಯ್ದೆ ಪ್ರಕಾರ ಕೊಡವರ ಭೂ-ರಾಜಕೀಯ ಸ್ವಯಂ ಶಾಸನದ ಜನ್ಮಭೂಮಿ ಕೊಡವ ಲ್ಯಾಂಡ್ ರಚನೆ ಮತ್ತು ಕೊಡವ ಬುಡಕಟ್ಟು ಕುಲದ ಸಮಸ್ಥ ಏಳಿಗೆ, ವಿಕಾಸ ಮತ್ತು ಕಲ್ಯಾಣಕ್ಕಾಗಿ ಕೊಡವ ಬುಡಕಟ್ಟು ಕುಲವನ್ನು ರಾಜ್ಯಾಂಗದ 340 ಮತ್ತು 342ನೇ ವಿಧಿ ಪ್ರಕಾರ ಬುಡಕಟ್ಟು ಕುಲವೆಂದು ಎಸ್.",ಸಂವಿಧಾನದ ವಿಧಿ,Article,Yes,Darshan R K,2025-02-08 18:45:33
ವಿಧಿ,"ಜಮ್ಮು ಮತ್ತು ಕಾಶ್ಮೀರಕ್ಕೆ ವಿಶೇಷ ಸ್ಥಾನಮಾನ ಕಲ್ಪಿಸಿದ್ದ ಸಂವಿಧಾನದ 370ನೇ ವಿಧಿ ರದ್ದುಪಡಿಸಿದ ಬಳಿಕ ಅಲ್ಲಿ ಪರಿಸ್ಥಿತಿ ತೀವ್ರ ಹದಗೆಟ್ಟಿದ್ದು, ಅದನ್ನು ತಹಬದಿಗೆ ತರಲು ಸರ್ಕಾರ ನಿರಂತರ ಪ್ರಯತ್ನ ನಡೆಸುತ್ತಿದೆ.",ಸಂವಿಧಾನದ ವಿಧಿ,Article,Yes,Darshan R K,2025-02-08 18:45:33
ವಿಧಿ,ನವದೆಹಲಿ: ಜಮ್ಮು ಮತ್ತು ಕಾಶ್ಮೀರದಿಂದ ಲಡಾಖ್ ವಿಭಜಿಸಿ ಎರಡು ಕೇಂದ್ರಾಡಳಿತ ಪ್ರದೇಶಗಳನ್ನು ರೂಪಿಸುವ ಮತ್ತು ಕಾಶ್ಮೀರಕ್ಕೆ ವಿಶೇಷ ಸ್ಥಾನಮಾನ ನೀಡುವ ಸಂವಿಧಾನದ 370ನೇ ವಿಧಿ ರದ್ದತಿ ಕುರಿತು ಇದೇ ಮೊದಲ ಬಾರಿಗೆ ಕಾಂಗ್ರೆಸ್‌ ನಾಯಕ ರಾಹುಲ್ ಗಾಂಧಿ ಮೌನ ಮುರಿದು ತಮ್ಮ ನಿಲುವು ಸ್ಪಷ್ಟಪಡಿಸಿದ್ದಾರೆ.,ಸಂವಿಧಾನದ ವಿಧಿ,Article,Yes,Darshan R K,2025-02-08 18:45:33
ವಿಧಿ,"ಶ್ರೀನಗರ, ಜ 5 (ಯುಎನ್‌ಐ) ಜಮ್ಮು-ಕಾಶ್ಮೀರಕ್ಕೆ ವಿಶೇಷ ಸ್ಥಾನಮಾನ ನೀಡುವ ಸಂವಿಧಾನದ 370 ನೇ ವಿಧಿ ರದ್ದುಗೊಳಿಸಿದ ಆಗಸ್ಟ್ 5ರಿಂದ ಕಾಶ್ಮೀರ ಕಣಿವೆಯಲ್ಲಿ ಬಂಧನದಲ್ಲಿರುವ ಮೂವರು ಮಾಜಿ ಮುಖ್ಯಮಂತ್ರಿಗಳು ಮತ್ತು ವಿವಿಧ ರಾಜಕೀಯ ಪಕ್ಷಗಳ 20 ಕ್ಕೂ ಹೆಚ್ಚು ನಾಯಕರು ಬಂಧನದಲ್ಲಿ ಆರು ತಿಂಗಳು ಪೂರ್ಣಗೊಳಿಸಿದ್ದಾರೆ.",ಸಂವಿಧಾನದ ವಿಧಿ,Article,Yes,Darshan R K,2025-02-08 18:45:33
ವಿಧಿ,05): ಜಮ್ಮು-ಕಾಶ್ಮೀರಕ್ಕೆ ವಿಶೇಷ ಸ್ಥಾನಮಾನ ಕಲ್ಪಿಸಿದ್ದ ಸಂವಿಧಾನದ 370ನೇ ವಿಧಿ ರದ್ದುಗೊಳಿಸಿಗಿದೆ.,ಸಂವಿಧಾನದ ವಿಧಿ,Article,Yes,Darshan R K,2025-02-08 18:45:33
ವಿಧಿ,ಜಮ್ಮು ಕಾಶ್ಮೀರಕ್ಕೆ ವಿಶೇಷ ಸ್ಥಾನಮಾನ ನೀಡುವ ಸಂವಿಧಾನದ 370ನೇ ವಿಧಿ ರದ್ದು ಪಡಿಸಿದ ಮಸೂದೆ ರಾಜ್ಯಸಭೆಯಲ್ಲಿ ಮಂಡಿಸುವ ಮೊದಲು ಆಗಸ್ಟ್ ನಾಲ್ಕರಿಂದ ಒಂದು ವಾರದವರೆಗೆ ರಾಜ್ಯದಲ್ಲಿ ವಾರ್ತಾ ಪ್ರಸಾರ ವ್ಯವಸ್ಥೆಯನ್ನು ಸ್ಥಗಿತಗೊಳಿಸಲಾಗಿತ್ತು.,ಸಂವಿಧಾನದ ವಿಧಿ,Article,Yes,Darshan R K,2025-02-08 18:45:33
ವಿಧಿ,"ರಾಜಪ್ರಭುತ್ವದ ಪಳೆಯುಳಿಕೆ ಸಾರುವ ಯುವರಾಜ, ಮಹಾರಾಜ ಎಂಬ ಪದ ಬಳಸುವಂತಿಲ್ಲ ಎಂದು ಸಂವಿಧಾನದ 18ನೇ ವಿಧಿ ಹೇಳುತ್ತದೆ.",ಸಂವಿಧಾನದ ವಿಧಿ,Article,Yes,Darshan R K,2025-02-08 18:45:33
ವಿಧಿ,ಕಾಶ್ಮೀರಕ್ಕೆ ವಿಶೇಷ ಸ್ಥಾನಮಾನ ನೀಡುವ ಸಂವಿಧಾನದ 370ನೇ ವಿಧಿ ರದ್ದತಿ ಹಿನ್ನೆಲೆಯಲ್ಲಿ ಸುರಕ್ಷತೆ ದೃಷ್ಟಿಯಿಂದ ಆಗಸ್ಟ್‌ 2ರಿಂದ ಪ್ರವಾಸಿಗರ ಭೇಟಿ ಮತ್ತು ವಾಸ್ತವ್ಯವನ್ನು ಕೇಂದ್ರ ಸರ್ಕಾರ ನಿರ್ಬಂಧಿಸಿತ್ತು.,ಸಂವಿಧಾನದ ವಿಧಿ,Article,Yes,Darshan R K,2025-02-08 18:45:33
ವಿಧಿ,11(ಪಿಟಿಐ)- ಜಮ್ಮು ಮತ್ತು ಕಾಶ್ಮೀರಕ್ಕೆ ವಿಶೇಷ ಸ್ಥಾನಮಾನ ನೀಡಿದ್ದ ಭಾರತೀಯ ಸಂವಿಧಾನದ 370ನೆ ವಿಧಿ ರದ್ಧತಿಯಿಂದ ಕಣಿವೆ ಪ್ರಾಂತ್ಯದಲ್ಲಿ ಭಯೋತ್ಪಾದನೆ ನಿರ್ಮೂಲನೆಯಾಗಲಿದೆ ಎಂದು ಕೇಂದ್ರ ಗೃಹ ಸಚಿವ ಅಮಿತ್ ಶಾ ವಿಶ್ವಾಸ ವ್ಯಕ್ತಪಡಿಸಿದ್ದಾರೆ.,ಸಂವಿಧಾನದ ವಿಧಿ,Article,Yes,Darshan R K,2025-02-08 18:45:33
ವಿಧಿ,370ನೇ ವಿಧಿ ಹಾಗೂ ದೇಶದ ಇತರ ಕೆಲವು ರಾಜ್ಯಗಳಿಗೆ ಸಂವಿಧಾನದ ಕೆಲವು ಅಂಶಗಳಿಂದ ವಿನಾಯಿತಿ ನೀಡುವ 371ನೇ ವಿಧಿಯ ನಡುವೆ ವ್ಯತ್ಯಾಸ ಇಲ್ಲ ಎಂದು ಹಲವರು ಹೇಳಿದ್ದಾರೆ.,ಸಂವಿಧಾನದ ವಿಧಿ,Article,Yes,Darshan R K,2025-02-08 18:45:33
ವಿಧಿ,ಚುನಾವಣಾ ಆಯೋಗ ಸಂವಿಧಾನದ 14 ಮತ್ತು 21ನೇ ವಿಧಿ ಉಲ್ಲಂಘನೆ ಮಾಡಿದೆ.,ಸಂವಿಧಾನದ ವಿಧಿ,Article,Yes,Darshan R K,2025-02-08 18:45:33
ವಿಧಿ,"ಶ್ರೀನಗರ: ಕಣಿವೆ ರಾಜ್ಯ ಜಮ್ಮು- ಕಾಶ್ಮೀರಕ್ಕೆ ವಿಶೇಷ ಸ್ಥಾನಮಾನ ಒದಗಿಸುತ್ತಿದ್ದ ಸಂವಿಧಾನದ 370ನೇ ವಿಧಿ ರದ್ದು ಗೊಂಡ ನಂತರ ಮುಂಚೂಣಿಯಲ್ಲಿದ್ದ ರಾಜಕೀಯ ಕುಟುಂಬಗಳು ಇದೀಗ ಅಸ್ತಿತ್ವಕೊಂಡಂತಾಗಿದ್ದು, ಮತ್ತೆ ಅಸ್ವಿತ್ವ ಪಡೆಯುವ ನಿಟ್ಟಿನಲ್ಲಿ ಹೆಣಗಾಡುತ್ತಿವೆ.",ಸಂವಿಧಾನದ ವಿಧಿ,Article,Yes,Darshan R K,2025-02-08 18:45:33
ವಿಧಿ,35ಎ ಬಗ್ಗೆಗಿನ ಪ್ರಮುಖ ಅಂಶ1954ರಲ್ಲಿ ಅಂಗೀಕರಿಸಲ್ಪಟ್ಟ ಸಂವಿಧಾನದ 35 ಎ ವಿಧಿ ಜಮ್ಮು ಮತ್ತು ಕಾಶ್ಮೀರದ ಶಾಸಕಾಂಗಕ್ಕೆ ರಾಜ್ಯದ ನಿವಾಸಿಗಳು ಯಾರು ಎಂಬುದನ್ನು ನಿರ್ಧರಿಸಲು ಹಾಗೂ ಅವರಿಗೆ ವಿಶೇಷ ಹಕ್ಕುಗಳು ಮತ್ತು ಸವಲತ್ತು ನೀಡಲು ಅಧಿಕಾರ ನೀಡುತ್ತದೆ.,ಸಂವಿಧಾನದ ವಿಧಿ,Article,Yes,Darshan R K,2025-02-08 18:45:33
ವಿಧಿ,"ಜಮ್ಮು ಕಾಶ್ಮೀರಕ್ಕೆ ವಿಶೇಷ ಸ್ಥಾನಮಾನ ಕಲ್ಪಿಸುವ ಸಂವಿಧಾನದ 370ನೇ ವಿಧಿ ರದ್ದುಗೊಳಿಸುವುದು, ದೇಶದಲ್ಲಿ ಏಕರೂಪ ನಾಗರಿಕ ಸಂಹಿತೆ ಜಾರಿಗೆ ತರುವುದು, ರಾಮಜನ್ಮಭೂಮಿ ವಿವಾದದ ಬಗ್ಗೆ ಜನಸಂಘದ ಮುಖಂಡರು ಆರಂಭದ ದಿನಗಳಿಂದಲೂ ಮಾತನಾಡುತ್ತಿದ್ದರು.",ಸಂವಿಧಾನದ ವಿಧಿ,Article,Yes,Darshan R K,2025-02-08 18:45:33
ವಿಧಿ,"ಸಂವಿಧಾನವನ್ನು ಆ ರಾಜ್ಯದ ಮಟ್ಟಿಗೆ ರಾಷ್ಟ್ರಪತಿಯವರು ಬದಲಿಸಿ, ಬದಲಿಸಿದ ಸಂವಿಧಾನವನ್ನು ಜಮ್ಮು ಮತ್ತು ಕಾಶ್ಮೀರಕ್ಕೆ ಮಾತ್ರ ಅನ್ವಯಿಸಬಹುದು ಎಂದೂ ಈ ವಿಧಿ ಹೇಳಿತ್ತು.",ಸಂವಿಧಾನದ ವಿಧಿ,Article,Yes,Darshan R K,2025-02-08 18:45:33
ವಿಧಿ,"ಮತ್ತೊಂದು ಪ್ರಮುಖ ವಿಷಯವೆಂದರೆ ಧಾರ್ಮಿಕ ಸ್ವಾತಂತ್ರ್ಯ, ಶಿಕ್ಷಣ, ಸಾಂಸ್ಕೃತಿಕ ಹಕ್ಕುಗಳ ರಕ್ಷಣೆಗೆ ಸಂಬಂಧಪಟ್ಟ ಸಂವಿಧಾನದ ವಿಧಿ 25ರಿಂದ 30ರಲ್ಲಿ ತನ್ನದೆ ಆದ ವಿಶಿಷ್ಟ ಭಾಷೆ, ಲಿಪಿ ಅಥವಾ ಸಂಸ್ಕೃತಿಯನ್ನು ಹೊಂದಿರುವ ಪ್ರತಿಯೊಂದು ಗುಂಪಿಗೂ ಆ ವಿಶಿಷ್ಟತೆಯನ್ನು ಉಳಿಸಿಕೊಳ್ಳುವ ಹಕ್ಕು ಇದೆ ಎಂದು ಸ್ಪಷ್ಟಪಡಿಸಲಾಗಿದೆ.",ಸಂವಿಧಾನದ ವಿಧಿ,Article,Yes,Darshan R K,2025-02-08 18:45:33
ವಿಧಿ,"ಕೇಂದ್ರ ಸರಕಾರ ಜಮ್ಮು ಕಾಶ್ಮೀರಕ್ಕೆ ಇದ್ದ ವಿಶೇಷ ಸ್ಥಾನಮಾನವನ್ನು ಹಿಂಪಡೆದು, ಸಂವಿಧಾನದ ವಿಧಿ 370ನ್ನು ರದ್ದುಗೊಳಿಸಿದೆ.",ಸಂವಿಧಾನದ ವಿಧಿ,Article,Yes,Darshan R K,2025-02-08 18:45:33
ವಿಧಿ,"(ಪಿಟಿಐ)- ಭಾರತೀಯ ಸಂವಿಧಾನದ 370ನೇ ವಿಧಿ ರದ್ದತಿ ನಂತರ ಉದ್ವಿಗ್ನ ಸ್ಥಿತಿ ತಲೆದೋರಿರುವ ಜಮ್ಮು ಮತ್ತು ಕಾಶ್ಮೀರ ಪ್ರಾಂತ್ಯ ಸಹಜ ಸ್ಥಿತಿಗೆ ಮರುಳುತ್ತಿರುವ ಸಂದರ್ಭದಲ್ಲೇ ಶಾಂತಿ ಕದಡಲು ಪಾಕಿಸ್ತಾನಿ ಬೆಂಬಲಿತ ಉಗ್ರಗಾಮಿ ಸಂಘಟನೆಗಳು ಯತ್ನಿಸುತ್ತಾ, ಕಣಿವೆ ಪ್ರದೇಶದಲ್ಲಿ ಭಯಭೀತ ವಾತಾವರಣ ಸೃಷ್ಟಿಸುತ್ತಿದೆ.",ಸಂವಿಧಾನದ ವಿಧಿ,Article,Yes,Darshan R K,2025-02-08 18:45:33
ವಿಧಿ,ದಿನದಲ್ಲಿ ಸಂಪುಟ ರಚನೆಯಾಗದಿದ್ದರೆ ರಾಜ್ಯಪಾಲರು ಸಂವಿಧಾನದ 163ನೇ ವಿಧಿ ಪ್ರಕಾರ ಸರ್ಕಾರವನ್ನು ವಜಾಗೊಳಿಸಬೇಕು ಎಂದು ಕಾಂಗ್ರೆಸ್‌ ನಾಯಕ ವಿ.,ಸಂವಿಧಾನದ ವಿಧಿ,Article,Yes,Darshan R K,2025-02-08 18:45:33
ವಿಧಿ,"ಸಂವಿಧಾನದ 370 ಮತ್ತು 35 ಎ ವಿಧಿಗಳನ್ನು ರದ್ದುಗೊಳಿಸಿದ್ದು ಐತಿಹಾಸಿಕ ನಿರ್ಧಾರವಾಗಿತ್ತು ಎಂದು ನಿಯೋಗವನ್ನು ಭೇಟಿಯಾದ ಬಳಿಕ ಹೇಳಿದ ಪ್ರಧಾನಿ ಕಚೇರಿಯ ಸಹಾಯಕ ಸಚಿವ ಜಿತೇಂದ್ರ ಸಿಂಗ್ ಅವರು, ಸಾಮಾನ್ಯ ಅಭಿಪ್ರಾಯಕ್ಕೆ ವಿರುದ್ಧವಾಗಿ ವಿಧಿ 370 ರ ನೆಪದಲ್ಲಿ ರಾಜ್ಯವು ಅತ್ಯಂತ ಶೋಷಣೆಗೊಳಗಾಗಿತ್ತು ಎಂದರು.",ಸಂವಿಧಾನದ ವಿಧಿ,Article,Yes,Darshan R K,2025-02-08 18:45:33
ವಿಧಿ,ಕಾಶ್ಮೀರಕ್ಕೆ ವಿಧಿ 370ನ್ನು ನೀಡಿ ಸಂವಿಧಾನದಲ್ಲಿ ಸ್ಥಾನ ನೀಡಿದಾಗ ಬೇರೆ ರಾಜಾಡಳಿತದಿಂದ ಭಾರತದೊಂದಿಗೆ ಏಕೀಕರಣ ವಾದ ರಾಜ್ಯಗಳಿಗೆ ಯಾಕೆ ಈ ಸ್ಥಾನಮಾನ ನೀಡಲಿಲ್ಲ ಎಂದು ನೆಹರು ಆಪ್ತ ಗೋಪಾಲಸ್ವಾಮಿ ಅಯ್ಯಂಗಾರ್​ ವಿವರಿಸಿದ್ದರು.,ಸಂವಿಧಾನದ ವಿಧಿ,Article,Yes,Darshan R K,2025-02-08 18:45:33
ವಿಧಿ,17- ಕಾಶ್ಮೀರಕ್ಕೆ ವಿಶೇಷ ಸ್ಥಾನಮಾನ ನೀಡಿದ್ದ ಭಾರತೀಯ ಸಂವಿಧಾನದ 370ನೇ ವಿಧಿ ರದ್ಧತಿ ವಿರುದ್ಧ ವಿಶ್ವಸಂಸ್ಥೆಗೆ ಮೊರೆ ಹೋಗಿದ್ದ ಪಾಕಿಸ್ತಾನಕ್ಕೆ ಭಾರೀ ಮುಖಭಂಗವಾದ ಬೆನ್ನಲ್ಲೆ ಇಸ್ಲಾಮಾಬಾದ್‍ಗೆ ಭಾರತ ಇದೇ ವಿಚಾರವಾಗಿ ತಿರುಗೇಟು ನೀಡಿ ಬಿಸಿ ಮುಟ್ಟಿಸಿದೆ.,ಸಂವಿಧಾನದ ವಿಧಿ,Article,Yes,Darshan R K,2025-02-08 18:45:33
ವಿಧಿ,ಕಾಶ್ಮೀರಕ್ಕೆ ವಿಶೇಷಾಧಿಕಾರ ಕಲ್ಪಿಸುತ್ತಿದ್ದ ಸಂವಿಧಾನ ವಿಧಿ ೩೭೦ ರದ್ದು ಗೊಳಿಸಿದ ಹಿಂದಿನ ದಿನ ಆಗಸ್ಟ್ ೪ ರಿಂದ ಕಾಶ್ಮೀರದಲ್ಲಿ ಇಂಟರ್ನೆಟ್ ಮತ್ತು ದೂರವಾಣಿ ಸೇವೆಗಳನ್ನು ಸ್ಥಗಿತಗೊಳಿಸಲಾಗಿತ್ತು.,ಸಂವಿಧಾನದ ವಿಧಿ,Article,Yes,Darshan R K,2025-02-08 18:45:33
ವಿಧಿ,ಆದರೆ ಸಂವಿಧಾನದ ವಿಧಿ 19(1) (ಎ)ದಲ್ಲಿಯೇ ಅದು ಅಡಕವಾಗಿದೆ ಎಂಬುದನ್ನು ಸಂವಿಧಾನ ರಚನಾ ಸಭೆಯಲ್ಲಿನ ಚರ್ಚೆಗಳಲ್ಲಿ ಮತ್ತು ಉನ್ನತ ಕೋರ್ಟ್‌ಗಳ ಹಲವಾರು ತೀರ್ಪುಗಳಲ್ಲಿ ವ್ಯಾಖ್ಯಾನಿಸಲಾಗಿದೆ.,ಸಂವಿಧಾನದ ವಿಧಿ,Article,Yes,Darshan R K,2025-02-08 18:45:33
ವಿಧಿ,"ಸಂವಿಧಾನದ 244 ವಿಧಿ ರೆಡ್ ವಿದ್ 6 ಮತ್ತು 8 ನೇ ಶೆಡ್ಯೂಲ್ ಪ್ರಕಾರ ಕೊಡವ ಲ್ಯಾಂಡ್ ಸ್ವಾಯತ್ತತೆ ರಚನೆಯಾಗಬೇಕು ಮತ್ತು ಆಂತರಿಕ ರಾಜಕೀಯ ಸ್ವಯಂ ನಿರ್ಣಯ ಹಕ್ಕು ದೊರಕಬೇಕು, ಸಂವಿಧಾನದ 2ಮತ್ತು 3 ನೇ ವಿಧಿ ಪ್ರಕಾರ ಕೊಡವ ಲ್ಯಾಂಡ್ ಕೇಂದ್ರಾಡಳಿತ ಪ್ರದೇಶ ರಚಿಸಬೇಕು, ಕೊಡವ ಕ್ಷಾತ್ರ ಬುಡಕಟ್ಟು ಜನಾಂಗವನ್ನು ಸಂವಿಧಾನದ 340-342 ವಿಧಿಯಂತೆ ಶೆಡ್ಯೂಲ್ ಪಟ್ಟಿಗೆ ಸೇರಿಸಬೇಕು, ಸಂವಿಧಾನ ಪರಮಾರ್ಶೆ ಆಯೋಗದ ಶಿಫಾರಸ್ಸಿನಂತೆ ಸಂವಿಧಾನದ 371 ನೇ ವಿಧಿ ಪ್ರಕಾರ ಕೊಡಗು ಅಭಿವೃದ್ಧಿ ಮಂಡಳಿ ರಚನೆ, ಕೊಡವ ತಕ್ಕನ್ನು ಸಂವಿಧಾನದ 8ನೇ ಶೆಡ್ಯೂಲ್‍ಗೆ ಸೇರಿಸಬೇಕೆಂದು ನಾಚಪ್ಪ ಆಗ್ರಹಿಸಿದರು.",ಸಂವಿಧಾನದ ವಿಧಿ,Article,Yes,Darshan R K,2025-02-08 18:45:33
ವಿಧಿ,ಸಂವಿಧಾನದ 26ನೇ ವಿಧಿ ಪ್ರಕಾರ ಧಾರ್ಮಿಕ ವಿಚಾರಗಳಲ್ಲಿ ತನ್ನದೇ ನಿರ್ಣಯ ಕೈಗೊಳ್ಳುವುದು ಟ್ರಸ್ಟ್ ನ ಮೂಲಭೂತ ಹಕ್ಕಾಗಿರುತ್ತದೆ.,ಸಂವಿಧಾನದ ವಿಧಿ,Article,Yes,Darshan R K,2025-02-08 18:45:33
ವಿಧಿ,ಕಾಶ್ಮೀರಕ್ಕೆ ವಿಶೇಷ ಸ್ಥಾನಮಾನ ಕಲ್ಪಿಸಿದ್ದ ಸಂವಿಧಾನದ 370 ಹಾಗೂ 35ಎ ವಿಧಿ ರದ್ದುಪಡಿಸಿದ ಬಗ್ಗೆ ಇಲ್ಲಿನ ಗಾಯತ್ರಿ ಕಲ್ಯಾಣ ಮಂಟಪದಲ್ಲಿ ಬಿಜೆಪಿ ಭಾನುವಾರ ಏರ್ಪಡಿಸಿದ್ದ ಒಂದು ದೇಶ ಒಂದು ಸಂವಿಧಾನ ರಾಷ್ಟ್ರೀಯ ಐಕ್ಯತಾ ಅಭಿಯಾನದಲ್ಲಿ ಅವರು ಮಾತನಾಡಿದರು.,ಸಂವಿಧಾನದ ವಿಧಿ,Article,Yes,Darshan R K,2025-02-08 18:45:33
ವಿಧಿ,"-ಸಂವಿಧಾನ ವಿಧಿ 370 ಮತ್ತು 35ಎಯನ್ನು ರದ್ದುಪಡಿಸುವ ಮೂಲಕ ಸರ್ಕಾರ ಕೇವಲ ಐತಿಹಾಸಿಕ ನಿರ್ಧಾರ ತೆಗೆದುಕೊಂಡಿರುವುದು ಮಾತ್ರವಲ್ಲದೆ ಜಮ್ಮು,ಕಾಶ್ಮೀರ ಮತ್ತು ಲಡಾಕ್ ಬೆಳವಣಿಗೆಗೆ ಸಮಾನ ಅವಕಾಶವನ್ನು ಕೇಂದ್ರ ಸರ್ಕಾರ ನೀಡಿದಂತಾಗಿದೆ.",ಸಂವಿಧಾನದ ವಿಧಿ,Article,Yes,Darshan R K,2025-02-08 18:45:33
ವಿಧಿ,"* ಸಂವಿಧಾನದ 15ನೇ ವಿಧಿ (ಲಿಂಗಾಧಾರಿತ ತಾರತಮ್ಯ), 14ನೇ ವಿಧಿ (ಸಮಾನತೆ), 19ನೇ ವಿಧಿಯ (ಸ್ವಾತಂತ್ರ್ಯ) ಉಲ್ಲಂಘನೆ",ಸಂವಿಧಾನದ ವಿಧಿ,Article,Yes,Darshan R K,2025-02-08 18:45:33
ವಿಧಿ,"(ಪಿಟಿಐ)- ಜಮ್ಮು ಮತ್ತು ಕಾಶ್ಮೀರಕ್ಕೆ ವಿಶೇಷ ಸ್ಥಾನಮಾನ ನೀಡಿದ್ದ ಭಾರತೀಯ ಸಂವಿಧಾನದ 370ನೇ ವಿಧಿ ರದ್ದತಿ ನಂತರ ಆ ಪ್ರಾಂತ್ಯದಲ್ಲಿ ನೆಲೆಸಿದ್ದ ಬಿಗುವಿನ ಪರಿಸ್ಥಿತಿ ತಿಳಿಗೊಂಡಿದ್ದು, ಜನಜೀವನ ಸಹಜ ಸ್ಥಿತಿಯತ್ತ ಮರುಳುತ್ತಿದೆ.",ಸಂವಿಧಾನದ ವಿಧಿ,Article,Yes,Darshan R K,2025-02-08 18:45:34
ವಿಧಿ,"ಸಂವಿಧಾನದ 311ನೇ ವಿಧಿ ಅನ್ವಯ ಶರ್ಮಾ ವಿರುದ್ಧ ದೂರು ದಾಖಲಿಸಿದ್ದ ಮಹರಾಷ್ಟ್ರ ಸರ್ಕಾರ, ಇಲಾಖೆ ಅಧೀನದಲ್ಲಿ ಹಲವು ತನಿಖೆಗಳನ್ನೂ ನಡೆಸಿತ್ತು.",ಸಂವಿಧಾನದ ವಿಧಿ,Article,Yes,Darshan R K,2025-02-08 18:45:34
ವಿಧಿ,"ದೆಹಲಿಯ ಜನರು ನಿಮಗೆ ಈಗಾಗಲೇ ಮತ ಹಾಕಿದ್ದು, ಅದರ ನೆರವಿನಿಂದ ನೀವು ಸಂವಿಧಾನದ 370ನೇ ವಿಧಿ ರದ್ದತಿ ಮತ್ತು ರಾಮಮಂದಿರ ನಿರ್ಮಾಣದ ಕಾನೂನು ಜಾರಿಗೆ ತಂದಿರಿ.",ಸಂವಿಧಾನದ ವಿಧಿ,Article,Yes,Darshan R K,2025-02-08 18:45:34
ವಿಧಿ,ಎರಡು ಕಡೆಯ ವಾದವನ್ನು ಅಲಿಸಿದ ನ್ಯಾಯಾಲಯ ಶಾಸಕರ ಅನರ್ಹತೆ ಬಗ್ಗೆ ಉಲ್ಲೇಖಿಸಲಾಗಿರುವ ಸಂವಿಧಾನದ 190 ವಿಧಿ ಮತ್ತು ಶಾಸಕರ ವಿರುದ್ಧ ಕ್ರಮಕೈಗೊಳ್ಳಲು ಇರುವ 361ನೇ ವಿಧಿಯ ಬಗ್ಗೆ ಇಲ್ಲಿ ಹಲವು ಪ್ರಶ್ನೆಗಳು ಎದ್ದಿದೆ.,ಸಂವಿಧಾನದ ವಿಧಿ,Article,Yes,Darshan R K,2025-02-08 18:45:34
ಸರಿ,ಹೊಟ್ಟೆ ಕೆಟ್ಟಿದ್ರೆ ಸರಿ ಹೋಗುತ್ತದೆ.,"ಅಂಬಲಿ, ಗಂಜಿ",porridge,Yes,a,2025-02-03 18:35:27
ಸರಿ,ಈ ಹುಡುಗಿಯರು ಸರಿ ಕುಡಿಯುವ ಆರಂಭಿಸಲು ಆಸಕ್ತಿಯುಂಟುಮಾಡಿದೆ ಮತ್ತೊಂದು ಪ್ರಶ್ನೆ.,"ಅಂಬಲಿ, ಗಂಜಿ",porridge,Yes,a,2025-02-03 18:35:27
ಸರಿ,"ಸದ್ಯ ಮುಂಬೈನಲ್ಲಿ ನೆಲೆಸಿರುವ ಅನಾ, ಭಾಷೆ ಯಾವುದಾದರೂ ಸರಿ ಒಳ್ಳೆಯ ಸಿನಿಮಾಗಳು ಬೇಕು ಎನ್ನುವುದನ್ನು ಮರೆಯುವುದಿಲ್ಲ.",ಒಪ್ಪಿಗೆಯನ್ನೂ ಸಾಕೆಂಬುದನ್ನೂ ಸೂಚಿಸಲು ಬಳಸುವ ಶಬ್ದ,Right/not wrong/Okay,Yes,a,2025-02-03 18:33:44
ಸರಿ,"ಆದರೂ ಕೆಲವೊಮ್ಮೆ ಮತ್ತೆ ಎಲ್ಲವೂ ಸರಿ ಹೋಗಲಿದೆ, ಕ್ರೌರ್ಯ ಕಳೆದು ಶಾಂತಿ ನೆಲೆಸಲಿದೆ ಎನಿಸುತ್ತದೆ.",ಒಪ್ಪಿಗೆಯನ್ನೂ ಸಾಕೆಂಬುದನ್ನೂ ಸೂಚಿಸಲು ಬಳಸುವ ಶಬ್ದ,Right/not wrong/Okay,Yes,a,2025-02-03 18:33:44
ಸರಿ,"ಮತ್ತು ನಾವು ಗ್ರೌಂಡಿಂಗ್ ವಿಷಯದಲ್ಲಿರುವಾಗ, ರೆಸೆಪ್ಟಾಕಲ್ ಅಡಾಪ್ಟರ್ ಅನ್ನು ಸರಿ ಬಳಸುತ್ತಿದ್ದರೆ ನಾವು ಹೆಚ್ಚಾಗಿ ಕೇಳುತ್ತೇವೆ.",ಒಪ್ಪಿಗೆಯನ್ನೂ ಸಾಕೆಂಬುದನ್ನೂ ಸೂಚಿಸಲು ಬಳಸುವ ಶಬ್ದ,Right/not wrong/Okay,Yes,a,2025-02-03 18:33:44
ಸರಿ,"ಮತದಾರರು, ಬೆಂಬಲಿಗರು ನನ್ನ ತೀರ್ಮಾನ ಸರಿ ಎಂದಿದ್ದಾರೆ, ಎಂದು ಹೇಳಿದರು.",ಒಪ್ಪಿಗೆಯನ್ನೂ ಸಾಕೆಂಬುದನ್ನೂ ಸೂಚಿಸಲು ಬಳಸುವ ಶಬ್ದ,Right/not wrong/Okay,Yes,a,2025-02-03 18:33:44
ಸರಿ,ಸರಿ ಅಲ್ಲಿಗೆ ಬಂದು ನೋಡಿದಾಗ ನನ್ನ ಮೆಚ್ಚಿನ ಮೇಜು ನಾಚುವ ಲಲನೆಯಂತೆ ಗೋಚರಿಸಿದಳು ನನಗೆ.,ಒಪ್ಪಿಗೆಯನ್ನೂ ಸಾಕೆಂಬುದನ್ನೂ ಸೂಚಿಸಲು ಬಳಸುವ ಶಬ್ದ,Right/not wrong/Okay,Yes,a,2025-02-03 18:33:44
ಸರಿ,ಅವರು ದಾಖಲೆಗಳನ್ನು ನೋಡಿದರು ಮತ್ತು ಅವರ ಸರಿ ನೀಡಿದರು.,ಒಪ್ಪಿಗೆಯನ್ನೂ ಸಾಕೆಂಬುದನ್ನೂ ಸೂಚಿಸಲು ಬಳಸುವ ಶಬ್ದ,Right/not wrong/Okay,Yes,a,2025-02-03 18:33:44
ಸರಿ,"ನಷ್ಟವನ್ನು ಅಂಗೀಕರಿಸಿ: ಇತರ ದುಃಖದ ಪ್ರಕ್ರಿಯೆಗಳಂತೆ, ನಿಮ್ಮ ಪ್ರೀತಿಪಾತ್ರರಲ್ಲಿ ಈ ಕುಸಿತವನ್ನು ನೀವು ದುಃಖಿಸಲು ಅವಕಾಶ ನೀಡುವುದು ಸರಿ ಮತ್ತು ಕೆಲವೊಮ್ಮೆ ಅಗತ್ಯವಾಗಿರುತ್ತದೆ.",ಒಪ್ಪಿಗೆಯನ್ನೂ ಸಾಕೆಂಬುದನ್ನೂ ಸೂಚಿಸಲು ಬಳಸುವ ಶಬ್ದ,Right/not wrong/Okay,Yes,a,2025-02-03 18:33:44
ಸರಿ,ಇದನ್ನು ಸರಿ ದಾರಿಗೆ ತರುವುದಕ್ಕೆ ಸರಕಾರ ಬದ್ಧವಾಗಿದೆ ಎಂದು ಮೋದಿ ಹೇಳಿದರು.,ಒಪ್ಪಿಗೆಯನ್ನೂ ಸಾಕೆಂಬುದನ್ನೂ ಸೂಚಿಸಲು ಬಳಸುವ ಶಬ್ದ,Right/not wrong/Okay,Yes,a,2025-02-03 18:33:44
ಸರಿ,"ಬಡೀರಣ್ಣ, ಮೊದಲಿನ ರೈತ ಸರಿ ಹೇಳು ತ್ತಿದ್ದಾನೆ~ ಎಂದು ವಿವರಿಸಲು ಯತ್ನಿಸಿದರು.",ಒಪ್ಪಿಗೆಯನ್ನೂ ಸಾಕೆಂಬುದನ್ನೂ ಸೂಚಿಸಲು ಬಳಸುವ ಶಬ್ದ,Right/not wrong/Okay,Yes,a,2025-02-03 18:33:44
ಸರಿ,"ಎಲ್ಲವನ್ನೂ ಸರಿ ಪರಿಶೀಲಿಸಿದರೆ, ನೀವು ಮೂಲ ಐಟ್ಯೂನ್ಸ್ ಮೀಡಿಯಾ ಫೋಲ್ಡರ್ (ಅಥವಾ ಸಂಗೀತ ಫೋಲ್ಡರ್) ಅಳಿಸಬಹುದು.",ಒಪ್ಪಿಗೆಯನ್ನೂ ಸಾಕೆಂಬುದನ್ನೂ ಸೂಚಿಸಲು ಬಳಸುವ ಶಬ್ದ,Right/not wrong/Okay,Yes,a,2025-02-03 18:33:44
ಸರಿ,ಹಿರಿಯರು ಕೆಟ್ಟ ಚಟ ಬಿಡುವುದರ ಮೂಲಕ ಯುವಕರನ್ನು ಸರಿ ದಾರಿಗೆ ತರಬೇಕಿದೆ.,ಒಪ್ಪಿಗೆಯನ್ನೂ ಸಾಕೆಂಬುದನ್ನೂ ಸೂಚಿಸಲು ಬಳಸುವ ಶಬ್ದ,Right/not wrong/Okay,Yes,a,2025-02-03 18:33:44
ಸರಿ,ಸಿಂಗ್‌ : ಅದನ್ನೆಲ್ಲಾ ಸರಿ ಮಾಡ್ತೀವಿ ಬಿಡಿ.,ಒಪ್ಪಿಗೆಯನ್ನೂ ಸಾಕೆಂಬುದನ್ನೂ ಸೂಚಿಸಲು ಬಳಸುವ ಶಬ್ದ,Right/not wrong/Okay,Yes,a,2025-02-03 18:33:44
ಸರಿ,"ಅಲ್ಲದೆ, ಪಟ್ಟಿಯಲ್ಲಿ ನಮಗೆ ನೀಡಿರುವ ಸ್ಥಾನಮಾನ ಎಷ್ಟು ಸರಿ ಇದೆ ಎಂಬುದು ಗೊತ್ತಿಲ್ಲ.",ಒಪ್ಪಿಗೆಯನ್ನೂ ಸಾಕೆಂಬುದನ್ನೂ ಸೂಚಿಸಲು ಬಳಸುವ ಶಬ್ದ,Right/not wrong/Okay,Yes,a,2025-02-03 18:33:45
ಸರಿ,ಸರಿ ಹೇಳಾಣಾ ಅಂತ ಶುರು ಮಾಡಿ,ಒಪ್ಪಿಗೆಯನ್ನೂ ಸಾಕೆಂಬುದನ್ನೂ ಸೂಚಿಸಲು ಬಳಸುವ ಶಬ್ದ,Right/not wrong/Okay,Yes,a,2025-02-03 18:33:45
ಸರಿ,ಸರಿ ಮನೆಗೆ ಬಂದ ಮಗನನ್ನು ತಂದೆ ಪ್ರೀತಿಯಿಂದ ಕೇಳಿದ; ಗುರುಗಳಿಂದ ಕಲಿತ ಯಾವುದಾದರೂ ಒಂದು ಒಳ್ಳೆಯ ವಿಷಯವನ್ನು ತಿಳಿಸು ಅಂತ.,ಒಪ್ಪಿಗೆಯನ್ನೂ ಸಾಕೆಂಬುದನ್ನೂ ಸೂಚಿಸಲು ಬಳಸುವ ಶಬ್ದ,Right/not wrong/Okay,Yes,a,2025-02-03 18:33:45
ಸರಿ,ಪತ್ರಿಕೆ ಎನ್ನುವುದು ಒಂದು ಉದ್ಯಮ ಆಗುವುದೇ ಗಾಂಧಿಗೆ ಸರಿ ಬರದ ವಿಚಾರವಾಗಿತ್ತು.,ಒಪ್ಪಿಗೆಯನ್ನೂ ಸಾಕೆಂಬುದನ್ನೂ ಸೂಚಿಸಲು ಬಳಸುವ ಶಬ್ದ,Right/not wrong/Okay,Yes,a,2025-02-03 18:33:45
ಸರಿ,"ಈ ರೀತಿಯಾಗಿ, ನಾನು ಯಾವಾಗಲೂ ಸರಿ ಎಂದು ಸಾಬೀತಾಯಿತು .",ಒಪ್ಪಿಗೆಯನ್ನೂ ಸಾಕೆಂಬುದನ್ನೂ ಸೂಚಿಸಲು ಬಳಸುವ ಶಬ್ದ,Right/not wrong/Okay,Yes,a,2025-02-03 18:33:45
ಸರಿ,95ರಷ್ಟು ಸರಿ ಇದೆ ಎನ್ನುವುದು ಅಂಕಿ-ಅಂಶಗಳೇ ಹೇಳುತ್ತವೆ.,ಒಪ್ಪಿಗೆಯನ್ನೂ ಸಾಕೆಂಬುದನ್ನೂ ಸೂಚಿಸಲು ಬಳಸುವ ಶಬ್ದ,Right/not wrong/Okay,Yes,a,2025-02-03 18:33:45
ಸರಿ,ಸರಿ ಇಲಿ ಹೊರಹಾಕಲಿಕ್ಕೆ ಒಂದೊಂದೇ ಉಪಾಯ ಹೂಡ ತೊಡಗಿದೆ.,ಒಪ್ಪಿಗೆಯನ್ನೂ ಸಾಕೆಂಬುದನ್ನೂ ಸೂಚಿಸಲು ಬಳಸುವ ಶಬ್ದ,Right/not wrong/Okay,Yes,a,2025-02-03 18:33:46
ಸರಿ,"ಆರಂಭಿಕ ಬ್ಯಾಟ್ಸ್​​ಮನ್ ಶಿಖರ್ ಧವನ್ ಗಾಯಗೊಂಡಿದ್ದೇ ತಡ, ಟೀಮ್ ಇಂಡಿಯಾದಲ್ಲಿ ಎಲ್ಲವೂ ಸರಿ ಇಲ್ಲ ಅನ್ನೋದು, ಇದೀಗ ಬೆಳಕಿಗೆ ಬಂದಿದೆ.",ಒಪ್ಪಿಗೆಯನ್ನೂ ಸಾಕೆಂಬುದನ್ನೂ ಸೂಚಿಸಲು ಬಳಸುವ ಶಬ್ದ,Right/not wrong/Okay,Yes,a,2025-02-03 18:33:47
ಸರಿ,ಚುನಾವಣೆಯ ಸಮಯದಲ್ಲಿ ಮತ ಕೇಳುವಾಗ ದಾರಿ ಸರಿ ಇಲ್ಲದೇ ಇದ್ದರೂ ನುಗ್ಗಿಕೊಂಡು ಮನೆ ಮನೆಗೆ ಬಂದು ಪ್ರಚಾರ ಮಾಡುತ್ತಾರೆ.,ಒಪ್ಪಿಗೆಯನ್ನೂ ಸಾಕೆಂಬುದನ್ನೂ ಸೂಚಿಸಲು ಬಳಸುವ ಶಬ್ದ,Right/not wrong/Okay,Yes,a,2025-02-03 18:33:47
ಸರಿ,ಭದ್ರಾವತಿ: ಧರ್ಮಗುರುಗಳು ಸಮಾಜ ಸರಿ ದಾರಿಯಲ್ಲಿ ಸಾಗಲು ಮಾರ್ಗದರ್ಶಕತೆಯಿಂದ ಮಾತನಾಡುತ್ತಾರೆ.,ಒಪ್ಪಿಗೆಯನ್ನೂ ಸಾಕೆಂಬುದನ್ನೂ ಸೂಚಿಸಲು ಬಳಸುವ ಶಬ್ದ,Right/not wrong/Okay,Yes,a,2025-02-03 18:33:47
ಸರಿ,ಅವರಿಗೆ ತಲೆ ಸರಿ ಇಲ್ಲ ಎಂದು ಕಿಡಿಕಾರಿದ್ದಾರೆ.,ಒಪ್ಪಿಗೆಯನ್ನೂ ಸಾಕೆಂಬುದನ್ನೂ ಸೂಚಿಸಲು ಬಳಸುವ ಶಬ್ದ,Right/not wrong/Okay,Yes,a,2025-02-03 18:33:47
ಸರಿ,ಎಂ ಬಂದು ಸರಿ ಮಾಡ್ತಾರಾ?,ಒಪ್ಪಿಗೆಯನ್ನೂ ಸಾಕೆಂಬುದನ್ನೂ ಸೂಚಿಸಲು ಬಳಸುವ ಶಬ್ದ,Right/not wrong/Okay,Yes,a,2025-02-03 18:33:47
ಸರಿ,ನನ್ನ ಕಂಪ್ಯೂಟರ್ ತಯಾರಕ ಸೂಚಿಸಿದ ಎಲ್ಲಾ ಸರಿ ಬಂದಿತು.,ಒಪ್ಪಿಗೆಯನ್ನೂ ಸಾಕೆಂಬುದನ್ನೂ ಸೂಚಿಸಲು ಬಳಸುವ ಶಬ್ದ,Right/not wrong/Okay,Yes,a,2025-02-03 18:33:47
ಸರಿ,ಒಂದು ವೇಳೆ ಪ್ರಶ್ನೆಗೆ ಉತ್ತರ ಕೊಡಲು ಹೋಗಿ ಸರಿ ಉತ್ತರ ಕೊಟ್ಟಿದ್ದರೇ 25 ಲಕ್ಷ ಹಾಗೂ ತಪ್ಪು ಉತ್ತರ ಕೊಟ್ಟಿದ್ದರೇ ಕೇವಲ 3.,ಒಪ್ಪಿಗೆಯನ್ನೂ ಸಾಕೆಂಬುದನ್ನೂ ಸೂಚಿಸಲು ಬಳಸುವ ಶಬ್ದ,Right/not wrong/Okay,Yes,a,2025-02-03 18:33:47
ಸರಿ,ಚಿಕ್ಕೋನಿದ್ದಾಗ್ಲೇ ಡಾಕ್ಟ್ರಿಗೆ ತೋರಿಸಿದ್ರೆ ಸರಿ ಹೋಗ್ತಿತ್ತೋ ಏನೋ?,ಒಪ್ಪಿಗೆಯನ್ನೂ ಸಾಕೆಂಬುದನ್ನೂ ಸೂಚಿಸಲು ಬಳಸುವ ಶಬ್ದ,Right/not wrong/Okay,Yes,a,2025-02-03 18:33:47
ಸರಿ,ಬಂದಿದ್ದು ಅಲ್ಲದೇ ಕ್ಯಾಮರಾ ಫೋಕಸ್ ಸರಿ ಮಾಡಿಕೊಳ್ಳುತ್ತಾರೆ.,ಒಪ್ಪಿಗೆಯನ್ನೂ ಸಾಕೆಂಬುದನ್ನೂ ಸೂಚಿಸಲು ಬಳಸುವ ಶಬ್ದ,Right/not wrong/Okay,Yes,a,2025-02-03 18:33:47
ಸರಿ,ಈ ಜನರಲ್‌ಗೆ ಬುದ್ಧಿ ಸರಿ ಇದೆಯೇ?,ಒಪ್ಪಿಗೆಯನ್ನೂ ಸಾಕೆಂಬುದನ್ನೂ ಸೂಚಿಸಲು ಬಳಸುವ ಶಬ್ದ,Right/not wrong/Okay,Yes,a,2025-02-03 18:33:47
ಸರಿ,"ನೀವು ಮನೆಗೆ ಹೋಗಿ, ಚಿಕ್ಕನಿದ್ರೆ ತೆಗೆದುಕೊಳ್ಳಿ ಮತ್ತು ನೀವು ಎಚ್ಚರವಾಗಿದ್ದಾಗ ಸರಿ ಎಂದು ಭಾವಿಸುತ್ತೀರಿ, ಆದ್ದರಿಂದ ನೀವು ಕೆಲವು ಸ್ನೇಹಿತರೊಂದಿಗೆ ಊಟಕ್ಕೆ ಹೋಗಲು ನಿರ್ಧರಿಸುತ್ತೀರಿ.",ಒಪ್ಪಿಗೆಯನ್ನೂ ಸಾಕೆಂಬುದನ್ನೂ ಸೂಚಿಸಲು ಬಳಸುವ ಶಬ್ದ,Right/not wrong/Okay,Yes,a,2025-02-03 18:33:47
ಸರಿ,ವರ್ಷದ ಹಿಂದೆ ಮೀನುಗಾರಿಕಾ ಬೋಟಿನ ಸಮಸ್ಯೆಯಾದಾಗ ಆಗಿನ ಮುಖ್ಯಮಂತ್ರಿ ಪಾರಿಕ್ಕರ್‌ಗೆ ಆರೋಗ್ಯ ಸರಿ ಇಲ್ಲದಿದ್ದಾಗ ಸ್ಪೀಕರ್‌ ಆಗಿದ್ದ ಪ್ರಮೋದ್‌ ಸಾವಂತ್‌ ಅವರು ಸಹಕಾರ ನೀಡಿದ್ದರೆಂದು ಭಟ್‌ ಸ್ಮರಿಸಿಕೊಂಡರು.,ಒಪ್ಪಿಗೆಯನ್ನೂ ಸಾಕೆಂಬುದನ್ನೂ ಸೂಚಿಸಲು ಬಳಸುವ ಶಬ್ದ,Right/not wrong/Okay,Yes,a,2025-02-03 18:33:47
ಸರಿ,ಕೇವಲ ಕೆಲವೇ ಕೆಲವು ದುಷ್ಕರ್ಮಿಗಳಿಗಾಗಿ ನಮಗೆ ನೀಡಿರುವ ನಾಗರಿಕ ಸೌಲಭ್ಯಗಳನ್ನು ಕಡಿತಗೊಳಿಸುವುದು ಎಷ್ಟರ ಮಟ್ಟಿಗೆ ಸರಿ ಎಂಬುದು ಈ ನಾಗರಿಕರ ಪ್ರಶ್ನೆಯಾಗಿದೆ.,ಒಪ್ಪಿಗೆಯನ್ನೂ ಸಾಕೆಂಬುದನ್ನೂ ಸೂಚಿಸಲು ಬಳಸುವ ಶಬ್ದ,Right/not wrong/Okay,Yes,a,2025-02-03 18:33:47
ಸರಿ,"ಬೆಳೆಯುವ ವಯಸ್ಸಿನಲ್ಲಿ ಅವರಿಗೆ ಸರಿ ತಪ್ಪುಗಳ ವ್ಯತ್ಯಾಸ ತಿಳಿದಾಗ, ಅದರ ಆಗುಹೋಗುಗಳನ್ನು ಅರಿತಾಗ ಮನಸ್ಸು ಮೃದುವಾಗಿಯೇ ಉಳಿಯುತ್ತದೆ.",ಒಪ್ಪಿಗೆಯನ್ನೂ ಸಾಕೆಂಬುದನ್ನೂ ಸೂಚಿಸಲು ಬಳಸುವ ಶಬ್ದ,Right/not wrong/Okay,Yes,a,2025-02-03 18:33:47
ಸರಿ,ಸ್ಪೀಕರ್ ರಮೇಶ್ ಕುಮಾರ್ ತೀರ್ಮಾನ ಸರಿ ಇದೆ.,ಒಪ್ಪಿಗೆಯನ್ನೂ ಸಾಕೆಂಬುದನ್ನೂ ಸೂಚಿಸಲು ಬಳಸುವ ಶಬ್ದ,Right/not wrong/Okay,Yes,a,2025-02-03 18:33:47
ಸರಿ,ನಿಮಗಾಗಿ ಯಾವುದು ಸರಿ ಎಂದು ತಿಳಿಯಿರಿ,ಒಪ್ಪಿಗೆಯನ್ನೂ ಸಾಕೆಂಬುದನ್ನೂ ಸೂಚಿಸಲು ಬಳಸುವ ಶಬ್ದ,Right/not wrong/Okay,Yes,a,2025-02-03 18:33:47
ಸರಿ,ಮೆಕ್ಸಿಕೊಕ್ಕೆ ವೀಸಾಗಳು ಮತ್ತು ನೀವು ಯಾವುದು ಸರಿ ಇದೆಯೇ,ಒಪ್ಪಿಗೆಯನ್ನೂ ಸಾಕೆಂಬುದನ್ನೂ ಸೂಚಿಸಲು ಬಳಸುವ ಶಬ್ದ,Right/not wrong/Okay,Yes,a,2025-02-03 18:33:47
ಸರಿ,ಮೊದಲು ಬಿಡಿಎ ಸಮಸ್ಯೆ ಸರಿ ಮಾಡಿ.,ಒಪ್ಪಿಗೆಯನ್ನೂ ಸಾಕೆಂಬುದನ್ನೂ ಸೂಚಿಸಲು ಬಳಸುವ ಶಬ್ದ,Right/not wrong/Okay,Yes,a,2025-02-03 18:33:47
ಸರಿ,ಕೇವಲ 15 ನಿಮಿಷದಲ್ಲಿ ಎಲ್ಲವನ್ನೂ ಸರಿ ಮಾಡುವುದಾಗಿ ಗೋಟೆಕರ ಆಶ್ವಾಸನೆ ನೀಡಿದ ನಂತರ ಸಾರ್ವಜನಿಕರು ಹಾಗೂ ಗ್ರಾ.,ಒಪ್ಪಿಗೆಯನ್ನೂ ಸಾಕೆಂಬುದನ್ನೂ ಸೂಚಿಸಲು ಬಳಸುವ ಶಬ್ದ,Right/not wrong/Okay,Yes,a,2025-02-03 18:33:48
ಸರಿ,"ಮತ್ತು ನೀವು ಅವರಿಂದ ಅಥವಾ ಅವಳಿಂದ ಕೇಳಲಿಲ್ಲವಾದ್ದರಿಂದ, ಎಲ್ಲವೂ ಸರಿ ಎಂದು ನೀವು ಊಹಿಸಿದ್ದೀರಾ?",ಒಪ್ಪಿಗೆಯನ್ನೂ ಸಾಕೆಂಬುದನ್ನೂ ಸೂಚಿಸಲು ಬಳಸುವ ಶಬ್ದ,Right/not wrong/Okay,Yes,a,2025-02-03 18:33:48
ಸರಿ,ಆಮೇಲೆ ಸರಿ ಹೋಯ್ತು.,ಒಪ್ಪಿಗೆಯನ್ನೂ ಸಾಕೆಂಬುದನ್ನೂ ಸೂಚಿಸಲು ಬಳಸುವ ಶಬ್ದ,Right/not wrong/Okay,Yes,a,2025-02-03 18:33:48
ಸೀಮೆ,ಶಿವಾಜಿ ಮಹಾರಾಜರ ಪರಾಕ್ರಮದಿಂದಾಗಿ ಸ್ವರಾಜ್ಯದ ಸೀಮೆ ವಿಸ್ತರಿಸತೊಡಗಿತು.,"ಗಡಿ, ಸರಹದ್ದು",territory,Yes,ವಿಟ್ಲ ಸೀಮೆ ಅಂದರೆ ತುಳುನಾಡ ಪರಂಪರೆಯ ರಾಜಮನೆತನದ ಆಳ್ವಿಕೆಯ ಸಾಕ್ಷಿಯಾಗಿರುವ ಎರಡು ಸಾವಿರ ಸೀಮೆಯೆಂದು ಕರೆಯಲ್ಪಡುತ್ತಿದ್ದ ೧೭ ಗ್ರಾಮಗಳನ್ನೊಳಗೊಂಡಿದ್ದ ಭೂಭಾಗ.,2025-02-03 17:01:44
ಸೀಮೆ,"ನಮ್ಮ ನಾಡಿನ ಬಯಲು ಸೀಮೆ ನೆಲದ ಕಲೆಯಾದ ಇದು, ಇಂದು ಎಲ್ಲೆಡೆ ಪ್ರದರ್ಶನ ಗೊಳ್ಳುತ್ತಾ, ಹೆಚ್ಚು ಜನಪ್ರಿಯಗೊಳ್ಳುತ್ತಿದೆ.","ಗಡಿ, ಸರಹದ್ದು",territory,Yes,ವಿಟ್ಲ ಸೀಮೆ ಅಂದರೆ ತುಳುನಾಡ ಪರಂಪರೆಯ ರಾಜಮನೆತನದ ಆಳ್ವಿಕೆಯ ಸಾಕ್ಷಿಯಾಗಿರುವ ಎರಡು ಸಾವಿರ ಸೀಮೆಯೆಂದು ಕರೆಯಲ್ಪಡುತ್ತಿದ್ದ ೧೭ ಗ್ರಾಮಗಳನ್ನೊಳಗೊಂಡಿದ್ದ ಭೂಭಾಗ.,2025-02-03 17:01:44
ಸೀಮೆ,ಬಯಲು ಸೀಮೆ ಕಡೆ ಒಂದು ಕೊಳವೆಬಾವಿ ಹಾಕಿಸಿದರೆ ಸಾವಿರ ಮತಗಳಿಗೆ ಮೋಸ ಇಲ್ಲ.,"ಗಡಿ, ಸರಹದ್ದು",territory,Yes,ವಿಟ್ಲ ಸೀಮೆ ಅಂದರೆ ತುಳುನಾಡ ಪರಂಪರೆಯ ರಾಜಮನೆತನದ ಆಳ್ವಿಕೆಯ ಸಾಕ್ಷಿಯಾಗಿರುವ ಎರಡು ಸಾವಿರ ಸೀಮೆಯೆಂದು ಕರೆಯಲ್ಪಡುತ್ತಿದ್ದ ೧೭ ಗ್ರಾಮಗಳನ್ನೊಳಗೊಂಡಿದ್ದ ಭೂಭಾಗ.,2025-02-03 17:01:44
ಸೀಮೆ,ಸರ್ಕಾರ ಬಯಲು ಸೀಮೆ ಜಿಲ್ಲೆಗಳಿಗೆ ನೀರು ಕೊಡದೆ ಹಲವಾರು ರೈತ ಕುಟುಂಬಗಳು ಆತ್ಮಹತ್ಯೆ ಮಾಡಿಕೊಂಡಿವೆ.,"ಗಡಿ, ಸರಹದ್ದು",territory,Yes,ವಿಟ್ಲ ಸೀಮೆ ಅಂದರೆ ತುಳುನಾಡ ಪರಂಪರೆಯ ರಾಜಮನೆತನದ ಆಳ್ವಿಕೆಯ ಸಾಕ್ಷಿಯಾಗಿರುವ ಎರಡು ಸಾವಿರ ಸೀಮೆಯೆಂದು ಕರೆಯಲ್ಪಡುತ್ತಿದ್ದ ೧೭ ಗ್ರಾಮಗಳನ್ನೊಳಗೊಂಡಿದ್ದ ಭೂಭಾಗ.,2025-02-03 17:01:44
ಸೀಮೆ,ಇದ್ಯಾವ ಸೀಮೆ ಜನ ಇವರು ಎಂದಿದ್ದಾರೆ.,"ಗಡಿ, ಸರಹದ್ದು",territory,Yes,ವಿಟ್ಲ ಸೀಮೆ ಅಂದರೆ ತುಳುನಾಡ ಪರಂಪರೆಯ ರಾಜಮನೆತನದ ಆಳ್ವಿಕೆಯ ಸಾಕ್ಷಿಯಾಗಿರುವ ಎರಡು ಸಾವಿರ ಸೀಮೆಯೆಂದು ಕರೆಯಲ್ಪಡುತ್ತಿದ್ದ ೧೭ ಗ್ರಾಮಗಳನ್ನೊಳಗೊಂಡಿದ್ದ ಭೂಭಾಗ.,2025-02-03 17:01:44
ಸೀಮೆ,ಇದುವರೆಗೂ 684 ಸೀಮೆ ಹಸುಗಳನ್ನು ಶಾಸಕರು ದಾನ ಮಾಡಿದ್ದಾರೆ ಪ್ರಶಂಸಿಸಿದರು.,"ಗಡಿ, ಸರಹದ್ದು",territory,Yes,ವಿಟ್ಲ ಸೀಮೆ ಅಂದರೆ ತುಳುನಾಡ ಪರಂಪರೆಯ ರಾಜಮನೆತನದ ಆಳ್ವಿಕೆಯ ಸಾಕ್ಷಿಯಾಗಿರುವ ಎರಡು ಸಾವಿರ ಸೀಮೆಯೆಂದು ಕರೆಯಲ್ಪಡುತ್ತಿದ್ದ ೧೭ ಗ್ರಾಮಗಳನ್ನೊಳಗೊಂಡಿದ್ದ ಭೂಭಾಗ.,2025-02-03 17:01:44
ಸೀಮೆ,ಅಗಲದ ಅಂಚುಳ್ಳ ಪೇಟ್ ಸೀಮೆ ಸುಣ್ಣದ ತುಂಡು (ಛಿಚಿಟಞ) ಈ ವಿದಾವದ ಮೂಲಕ ನಿಮ್ಮ ಮನೆಂುುಲ್ಲಿ ಜೇನನ್ನು ಬಹಳಷ್ಟು ಕಾಲ ಇರುವೆಗಳು ಬರದಂತೆ ಸಂರಕ್ಷಿಸಬಹುದು.,"ಗಡಿ, ಸರಹದ್ದು",territory,Yes,ವಿಟ್ಲ ಸೀಮೆ ಅಂದರೆ ತುಳುನಾಡ ಪರಂಪರೆಯ ರಾಜಮನೆತನದ ಆಳ್ವಿಕೆಯ ಸಾಕ್ಷಿಯಾಗಿರುವ ಎರಡು ಸಾವಿರ ಸೀಮೆಯೆಂದು ಕರೆಯಲ್ಪಡುತ್ತಿದ್ದ ೧೭ ಗ್ರಾಮಗಳನ್ನೊಳಗೊಂಡಿದ್ದ ಭೂಭಾಗ.,2025-02-03 17:01:44
ಸೀಮೆ,"ಮಲೆನಾಡು, ಕರಾವಳಿ, ಬಯಲು ಸೀಮೆ ಹೀಗೆ ಮೂರು ವಿಧದ ಪ್ರದೇಶಗಳನ್ನೂ ತನ್ನ ಒಡಲಿನಲ್ಲಿಟ್ಟುಕೊಂಡಿರುವ ಉತ್ತರ ಕನ್ನಡ ಜಿಲ್ಲೆಯ ದಾಂಡೇಲಿ, ಕಾಳಿ ನದಿಯ ದಡದಲ್ಲಿರುವ ಚಿಕ್ಕ ನಗರ.","ಗಡಿ, ಸರಹದ್ದು",territory,Yes,ವಿಟ್ಲ ಸೀಮೆ ಅಂದರೆ ತುಳುನಾಡ ಪರಂಪರೆಯ ರಾಜಮನೆತನದ ಆಳ್ವಿಕೆಯ ಸಾಕ್ಷಿಯಾಗಿರುವ ಎರಡು ಸಾವಿರ ಸೀಮೆಯೆಂದು ಕರೆಯಲ್ಪಡುತ್ತಿದ್ದ ೧೭ ಗ್ರಾಮಗಳನ್ನೊಳಗೊಂಡಿದ್ದ ಭೂಭಾಗ.,2025-02-03 17:01:44
ಸೀಮೆ,ಸಿಡಿಲಿಗೆ ಸೀಮೆ ಹಸುವಿನ ಕರು ಸಜೀವ ದಹನ,"ಗಡಿ, ಸರಹದ್ದು",territory,Yes,ವಿಟ್ಲ ಸೀಮೆ ಅಂದರೆ ತುಳುನಾಡ ಪರಂಪರೆಯ ರಾಜಮನೆತನದ ಆಳ್ವಿಕೆಯ ಸಾಕ್ಷಿಯಾಗಿರುವ ಎರಡು ಸಾವಿರ ಸೀಮೆಯೆಂದು ಕರೆಯಲ್ಪಡುತ್ತಿದ್ದ ೧೭ ಗ್ರಾಮಗಳನ್ನೊಳಗೊಂಡಿದ್ದ ಭೂಭಾಗ.,2025-02-03 17:01:44
ಸೀಮೆ,ಅದುವಾನಿ ಸೀಮೆ ನೋಡಿ ಬಂದೆತ್ತಯ್ಯ,"ಗಡಿ, ಸರಹದ್ದು",territory,Yes,ವಿಟ್ಲ ಸೀಮೆ ಅಂದರೆ ತುಳುನಾಡ ಪರಂಪರೆಯ ರಾಜಮನೆತನದ ಆಳ್ವಿಕೆಯ ಸಾಕ್ಷಿಯಾಗಿರುವ ಎರಡು ಸಾವಿರ ಸೀಮೆಯೆಂದು ಕರೆಯಲ್ಪಡುತ್ತಿದ್ದ ೧೭ ಗ್ರಾಮಗಳನ್ನೊಳಗೊಂಡಿದ್ದ ಭೂಭಾಗ.,2025-02-03 17:01:44
ಸೀಮೆ,ಸ್ಕೀಮ್ ನಲ್ಲಿ ನೀರನ್ನು ಹರಿಸಿದ್ದರೆ ಬಯಲು ಸೀಮೆ ಪ್ರದೇಶಗಳ ನೀರಿನ ಸಮಸ್ಯೆ ಬಗೆಹರಿಯುತ್ತಿತ್ತು ಎಂದರು.,"ಗಡಿ, ಸರಹದ್ದು",territory,Yes,ವಿಟ್ಲ ಸೀಮೆ ಅಂದರೆ ತುಳುನಾಡ ಪರಂಪರೆಯ ರಾಜಮನೆತನದ ಆಳ್ವಿಕೆಯ ಸಾಕ್ಷಿಯಾಗಿರುವ ಎರಡು ಸಾವಿರ ಸೀಮೆಯೆಂದು ಕರೆಯಲ್ಪಡುತ್ತಿದ್ದ ೧೭ ಗ್ರಾಮಗಳನ್ನೊಳಗೊಂಡಿದ್ದ ಭೂಭಾಗ.,2025-02-03 17:01:44
ಸೀಮೆ,"ಭೌಗೋಳಿಕವಾಗಿ ಮಲೆನಾಡು, ಅರೆ ಮಲೆನಾಡು ಹಾಗೂ ಬಯಲು ಸೀಮೆ ಪ್ರದೇಶಗಳನ್ನು ಒಳಗೊಂಡಿರುವ ಹಾಸನ ಜಿಲ್ಲೆಯ ರಾಜಕೀಯ ಬಹುತೇಕ ಬಂಡಾಯ ಪ್ರವೃತ್ತಿಯಿಂದ ಕೂಡಿದೆ ಎಂದರೆ ತಪ್ಪಾಗಲಾರದು.","ಗಡಿ, ಸರಹದ್ದು",territory,Yes,ವಿಟ್ಲ ಸೀಮೆ ಅಂದರೆ ತುಳುನಾಡ ಪರಂಪರೆಯ ರಾಜಮನೆತನದ ಆಳ್ವಿಕೆಯ ಸಾಕ್ಷಿಯಾಗಿರುವ ಎರಡು ಸಾವಿರ ಸೀಮೆಯೆಂದು ಕರೆಯಲ್ಪಡುತ್ತಿದ್ದ ೧೭ ಗ್ರಾಮಗಳನ್ನೊಳಗೊಂಡಿದ್ದ ಭೂಭಾಗ.,2025-02-03 17:01:44
ಸೀಮೆ,ಇದರಿಂದ ಸಂತುಷ್ಠನಾದ ಬಾದಷಾಹನು ಅವರಿಗೆ ಖೋಟಾ ಸೀಮೆ ನಾಡಗೌಡಕಿ ಮತ್ತು ದೇಸಾಯಿ ಬಿರುದನ್ನು ನೀಡಿದ್ದಲ್ಲದೆ ಪಲ್ಕನ್‌ಮೊರಡಿ (ದೇವದುರ್ಗ ತಾಲೂಕು)ಯನ್ನು ಉಂಬಳಿಯಾಗಿ ಬಿಟ್ಟುಕೊಟ್ಟನು.,"ಗಡಿ, ಸರಹದ್ದು",territory,Yes,ವಿಟ್ಲ ಸೀಮೆ ಅಂದರೆ ತುಳುನಾಡ ಪರಂಪರೆಯ ರಾಜಮನೆತನದ ಆಳ್ವಿಕೆಯ ಸಾಕ್ಷಿಯಾಗಿರುವ ಎರಡು ಸಾವಿರ ಸೀಮೆಯೆಂದು ಕರೆಯಲ್ಪಡುತ್ತಿದ್ದ ೧೭ ಗ್ರಾಮಗಳನ್ನೊಳಗೊಂಡಿದ್ದ ಭೂಭಾಗ.,2025-02-03 17:01:44
ಸೀಮೆ,"ಆನವಟ್ಟಿ, ಕುಪ್ಪಗಡ್ಡೆ ಹೋಬಳಿ ಅರೆ ಬಯಲು ಸೀಮೆ ಪ್ರದೇಶವಾಗಿದ್ದು, ಮಳೆಯ ಪ್ರಮಾಣ ಪ್ರತಿ ವರ್ಷ ಕಡಿಮೆ ಆಗುತ್ತದೆ.","ಗಡಿ, ಸರಹದ್ದು",territory,Yes,ವಿಟ್ಲ ಸೀಮೆ ಅಂದರೆ ತುಳುನಾಡ ಪರಂಪರೆಯ ರಾಜಮನೆತನದ ಆಳ್ವಿಕೆಯ ಸಾಕ್ಷಿಯಾಗಿರುವ ಎರಡು ಸಾವಿರ ಸೀಮೆಯೆಂದು ಕರೆಯಲ್ಪಡುತ್ತಿದ್ದ ೧೭ ಗ್ರಾಮಗಳನ್ನೊಳಗೊಂಡಿದ್ದ ಭೂಭಾಗ.,2025-02-03 17:01:44
ಸೀಮೆ,ವಹಾರಿಗಳ ಕೇರಿಯ ಸೀಮೆ ||,"ಗಡಿ, ಸರಹದ್ದು",territory,Yes,ವಿಟ್ಲ ಸೀಮೆ ಅಂದರೆ ತುಳುನಾಡ ಪರಂಪರೆಯ ರಾಜಮನೆತನದ ಆಳ್ವಿಕೆಯ ಸಾಕ್ಷಿಯಾಗಿರುವ ಎರಡು ಸಾವಿರ ಸೀಮೆಯೆಂದು ಕರೆಯಲ್ಪಡುತ್ತಿದ್ದ ೧೭ ಗ್ರಾಮಗಳನ್ನೊಳಗೊಂಡಿದ್ದ ಭೂಭಾಗ.,2025-02-03 17:01:44
ಸೀಮೆ,ಕರ್ನಾಟಕ ರಾಜ್ಯದ ಉತ್ತರ ಭಾಗದಲ್ಲಿ ಹಾಗು ಬೆಂಗಳೂರಿನ ವಾಯವ್ಯ ದಿಕ್ಕಿನಲ್ಲಿ ನೆಲೆಸಿರುವ ಬಯಲು ಸೀಮೆ ಪ್ರದೇಶವಾದ ಬಿಜಾಪುರ ಜಿಲ್ಲೆಯು ಅದ್ಭುತ ಸ್ಮಾರಕಗಳುಳ್ಳ ಒಂದು ಐತಿಹಾಸಿಕ ಪ್ರಸಿದ್ಧ ಕ್ಷೇತ್ರವಾಗಿದೆ.,"ಗಡಿ, ಸರಹದ್ದು",territory,Yes,ವಿಟ್ಲ ಸೀಮೆ ಅಂದರೆ ತುಳುನಾಡ ಪರಂಪರೆಯ ರಾಜಮನೆತನದ ಆಳ್ವಿಕೆಯ ಸಾಕ್ಷಿಯಾಗಿರುವ ಎರಡು ಸಾವಿರ ಸೀಮೆಯೆಂದು ಕರೆಯಲ್ಪಡುತ್ತಿದ್ದ ೧೭ ಗ್ರಾಮಗಳನ್ನೊಳಗೊಂಡಿದ್ದ ಭೂಭಾಗ.,2025-02-03 17:01:45
ಸೀಮೆ,ಈ ಒಪ್ಪಂದದಲ್ಲಿ ಸೇರಿದ ತುಂಡರಸುಗಳು ವಿಜಯನಗರದ ಅರಸ ಕೃಷ್ಣದೇವರಾಯನ ಸಾರ್ವಭೌಮತೆಯನ್ನು ಒಪ್ಪಿಕೊಂಡದ್ದು ಮತ್ತು ಸೀಮೆ ದೇವಸ್ಥಾನಗಳನ್ನು ರಾಜಕೀಯ ವರ‍್ಚಸ್ಸಿಗೆ ಸೇರಿಸಿಕೊಂಡದ್ದು ಈ ಶಾಸನದಲ್ಲಿ ಗಮನಿಸಬೇಕಾದ ಸಂಗತಿಗಳು.,"ಗಡಿ, ಸರಹದ್ದು",territory,Yes,ವಿಟ್ಲ ಸೀಮೆ ಅಂದರೆ ತುಳುನಾಡ ಪರಂಪರೆಯ ರಾಜಮನೆತನದ ಆಳ್ವಿಕೆಯ ಸಾಕ್ಷಿಯಾಗಿರುವ ಎರಡು ಸಾವಿರ ಸೀಮೆಯೆಂದು ಕರೆಯಲ್ಪಡುತ್ತಿದ್ದ ೧೭ ಗ್ರಾಮಗಳನ್ನೊಳಗೊಂಡಿದ್ದ ಭೂಭಾಗ.,2025-02-03 17:01:45
ಸೀಮೆ,ವಾರಣಾಸಿಯ ಸೀಮೆ ಗಡಿಗೆ |,"ಗಡಿ, ಸರಹದ್ದು",territory,Yes,ವಿಟ್ಲ ಸೀಮೆ ಅಂದರೆ ತುಳುನಾಡ ಪರಂಪರೆಯ ರಾಜಮನೆತನದ ಆಳ್ವಿಕೆಯ ಸಾಕ್ಷಿಯಾಗಿರುವ ಎರಡು ಸಾವಿರ ಸೀಮೆಯೆಂದು ಕರೆಯಲ್ಪಡುತ್ತಿದ್ದ ೧೭ ಗ್ರಾಮಗಳನ್ನೊಳಗೊಂಡಿದ್ದ ಭೂಭಾಗ.,2025-02-03 17:01:45
ಸೀಮೆ,ಅವರು ಸೀಮೆ ದಾಟುತ್ತಿದ್ದಾರೆ.,"ಗಡಿ, ಸರಹದ್ದು",territory,Yes,ವಿಟ್ಲ ಸೀಮೆ ಅಂದರೆ ತುಳುನಾಡ ಪರಂಪರೆಯ ರಾಜಮನೆತನದ ಆಳ್ವಿಕೆಯ ಸಾಕ್ಷಿಯಾಗಿರುವ ಎರಡು ಸಾವಿರ ಸೀಮೆಯೆಂದು ಕರೆಯಲ್ಪಡುತ್ತಿದ್ದ ೧೭ ಗ್ರಾಮಗಳನ್ನೊಳಗೊಂಡಿದ್ದ ಭೂಭಾಗ.,2025-02-03 17:01:45
ಸೀಮೆ,ಇವರ ಊರು ಕರಾ­ವ­ಳಿ­ಯಾ­ದರೂ ಮೆಲ್ಲಿ­ಫೆರಾ ತಳಿಗೆ ಬಯಲು ಸೀಮೆ ಪ್ರಶಸ್ತ ಸ್ಥಳ.,"ಗಡಿ, ಸರಹದ್ದು",territory,Yes,ವಿಟ್ಲ ಸೀಮೆ ಅಂದರೆ ತುಳುನಾಡ ಪರಂಪರೆಯ ರಾಜಮನೆತನದ ಆಳ್ವಿಕೆಯ ಸಾಕ್ಷಿಯಾಗಿರುವ ಎರಡು ಸಾವಿರ ಸೀಮೆಯೆಂದು ಕರೆಯಲ್ಪಡುತ್ತಿದ್ದ ೧೭ ಗ್ರಾಮಗಳನ್ನೊಳಗೊಂಡಿದ್ದ ಭೂಭಾಗ.,2025-02-03 17:01:45
ಸೀಮೆ,ಮಹಾನವಮಿಯಂದು ಸೀಮೆ ಕಟ್ಟಲಿಕ್ಕೆ ಹೋದ ತಾಯಿ ಅಂದರೆ ದೇವರೇಸಿ ಹುಣ್ಣಿಮೆಯ ಮನ್ನಾದಿನ ಗೌಡನ ತೋಟಕ್ಕೆ ಬರುತ್ತಾಳೆ.,"ಗಡಿ, ಸರಹದ್ದು",territory,Yes,ವಿಟ್ಲ ಸೀಮೆ ಅಂದರೆ ತುಳುನಾಡ ಪರಂಪರೆಯ ರಾಜಮನೆತನದ ಆಳ್ವಿಕೆಯ ಸಾಕ್ಷಿಯಾಗಿರುವ ಎರಡು ಸಾವಿರ ಸೀಮೆಯೆಂದು ಕರೆಯಲ್ಪಡುತ್ತಿದ್ದ ೧೭ ಗ್ರಾಮಗಳನ್ನೊಳಗೊಂಡಿದ್ದ ಭೂಭಾಗ.,2025-02-03 17:01:45
ಸೀಮೆ,ನಾನ್ ಯಾವ ಸೀಮೆ ಯೋಗಿ ಎಂದು ತಮ್ಮ ಟಿಪಿಕಲ್ ಶೈಲಿಯಲ್ಲಿ ನಕ್ಕಿದ್ದರು.,"ಗಡಿ, ಸರಹದ್ದು",territory,Yes,ವಿಟ್ಲ ಸೀಮೆ ಅಂದರೆ ತುಳುನಾಡ ಪರಂಪರೆಯ ರಾಜಮನೆತನದ ಆಳ್ವಿಕೆಯ ಸಾಕ್ಷಿಯಾಗಿರುವ ಎರಡು ಸಾವಿರ ಸೀಮೆಯೆಂದು ಕರೆಯಲ್ಪಡುತ್ತಿದ್ದ ೧೭ ಗ್ರಾಮಗಳನ್ನೊಳಗೊಂಡಿದ್ದ ಭೂಭಾಗ.,2025-02-03 17:01:45
ಸೀಮೆ,ಯಾವಲ್ಲಿ ರಾಮನ ಸೀಮೆ ಹೊಲಬನೆ ಕಂಡು | ಹೊಕ್ಕು ಹಿಡಿಯಲು ದನ ಕುರಿಯ || ೧೨೭ ||,"ಗಡಿ, ಸರಹದ್ದು",territory,Yes,ವಿಟ್ಲ ಸೀಮೆ ಅಂದರೆ ತುಳುನಾಡ ಪರಂಪರೆಯ ರಾಜಮನೆತನದ ಆಳ್ವಿಕೆಯ ಸಾಕ್ಷಿಯಾಗಿರುವ ಎರಡು ಸಾವಿರ ಸೀಮೆಯೆಂದು ಕರೆಯಲ್ಪಡುತ್ತಿದ್ದ ೧೭ ಗ್ರಾಮಗಳನ್ನೊಳಗೊಂಡಿದ್ದ ಭೂಭಾಗ.,2025-02-03 17:01:45
ಸೀಮೆ,ಶಿಡ್ಲಘಟ್ಟ: ಬಯಲು ಸೀಮೆ ಜಿಲ್ಲೆಗಳಿಗೆ ಎತ್ತಿನಹೊಳೆ ಯೋಜನೆಯಿಂದ ನೀರು ಬರುತ್ತದೆ ಎಂದು ಹೇಳಿಕೊಳ್ಳುತ್ತಿರುವ ರಾಜಕಾರಣಿಗಳು ಜನರ ದಿಕ್ಕು ತಪ್ಪಿಸುತ್ತಿದ್ದಾರೆ ಎಂದು ಕರ್ನಾಟಕ ರಾಜ್ಯ ರೈತ ಸಂಘದ (ಪುಟ್ಟಣ್ಣಯ್ಯ ಬಣ) ಅಧ್ಯಕ್ಷ ಎಸ್.,"ಗಡಿ, ಸರಹದ್ದು",territory,Yes,ವಿಟ್ಲ ಸೀಮೆ ಅಂದರೆ ತುಳುನಾಡ ಪರಂಪರೆಯ ರಾಜಮನೆತನದ ಆಳ್ವಿಕೆಯ ಸಾಕ್ಷಿಯಾಗಿರುವ ಎರಡು ಸಾವಿರ ಸೀಮೆಯೆಂದು ಕರೆಯಲ್ಪಡುತ್ತಿದ್ದ ೧೭ ಗ್ರಾಮಗಳನ್ನೊಳಗೊಂಡಿದ್ದ ಭೂಭಾಗ.,2025-02-03 17:01:45
ಸೀಮೆ,ಬಯಲು ಸೀಮೆ ಗೌಡನ,"ಗಡಿ, ಸರಹದ್ದು",territory,Yes,ವಿಟ್ಲ ಸೀಮೆ ಅಂದರೆ ತುಳುನಾಡ ಪರಂಪರೆಯ ರಾಜಮನೆತನದ ಆಳ್ವಿಕೆಯ ಸಾಕ್ಷಿಯಾಗಿರುವ ಎರಡು ಸಾವಿರ ಸೀಮೆಯೆಂದು ಕರೆಯಲ್ಪಡುತ್ತಿದ್ದ ೧೭ ಗ್ರಾಮಗಳನ್ನೊಳಗೊಂಡಿದ್ದ ಭೂಭಾಗ.,2025-02-03 17:01:45
ಸೀಮೆ,"ಅವೈದಿಕ ಚಿಂತನಧಾರೆಯ, ಅನುಭಾವ ಲೋಕದ ದೈತ್ಯ ಪ್ರತಿಭೆ ಕಡಕೋಳ ಮಡಿವಾಳಪ್ಪನವರ ಚಿಂತನೆಯಲ್ಲಿರುವ ಅನನ್ಯತೆ ಈ ಯಡ್ರಾಮಿ ಸೀಮೆ ಕಥನಗಳು ಕೃತಿಯಲ್ಲಿ ಅಡಗಿದೆ.","ಗಡಿ, ಸರಹದ್ದು",territory,Yes,ವಿಟ್ಲ ಸೀಮೆ ಅಂದರೆ ತುಳುನಾಡ ಪರಂಪರೆಯ ರಾಜಮನೆತನದ ಆಳ್ವಿಕೆಯ ಸಾಕ್ಷಿಯಾಗಿರುವ ಎರಡು ಸಾವಿರ ಸೀಮೆಯೆಂದು ಕರೆಯಲ್ಪಡುತ್ತಿದ್ದ ೧೭ ಗ್ರಾಮಗಳನ್ನೊಳಗೊಂಡಿದ್ದ ಭೂಭಾಗ.,2025-02-03 17:01:45
ಸೀಮೆ,"ಹಾಗೆಯೇ ಹಳ್ಳಿಗಳ ಸಮೂಹವಾದ ಮಾಗಣೆಗೆ ಮಾಗಣೆ ದೈವವೂ, ಮಾಗಣೆ ಭೂತಸ್ಥಾನವೂ, ಮಾಗಣೆಗಳ ಸಮೂಹಕ್ಕೆ ಸೀಮೆ ಭೂತವೂ ಸೀಮೆ ಭೂತಾಲಯವೂ ಇದೆ.","ಗಡಿ, ಸರಹದ್ದು",territory,Yes,ವಿಟ್ಲ ಸೀಮೆ ಅಂದರೆ ತುಳುನಾಡ ಪರಂಪರೆಯ ರಾಜಮನೆತನದ ಆಳ್ವಿಕೆಯ ಸಾಕ್ಷಿಯಾಗಿರುವ ಎರಡು ಸಾವಿರ ಸೀಮೆಯೆಂದು ಕರೆಯಲ್ಪಡುತ್ತಿದ್ದ ೧೭ ಗ್ರಾಮಗಳನ್ನೊಳಗೊಂಡಿದ್ದ ಭೂಭಾಗ.,2025-02-03 17:01:45
ಸೀಮೆ,ಕಳೆದ 25 ವರ್ಷಗಳಲ್ಲಿ ಆಡಳಿತ ನಡೆಸಿದ ಮುಖ್ಯಮಂತ್ರಿಗಳ ಪೈಕಿ ಬಯಲು ಸೀಮೆ ಜಿಲ್ಲೆಗಳಿಗೆ ಏನಾದರೂ ಕೊಡುಗೆ ಕೊಟ್ಟವರು ಇದ್ದರೆ ಅದು ಸಿದ್ದರಾಮಯ್ಯ ಅವರು.,"ಗಡಿ, ಸರಹದ್ದು",territory,Yes,ವಿಟ್ಲ ಸೀಮೆ ಅಂದರೆ ತುಳುನಾಡ ಪರಂಪರೆಯ ರಾಜಮನೆತನದ ಆಳ್ವಿಕೆಯ ಸಾಕ್ಷಿಯಾಗಿರುವ ಎರಡು ಸಾವಿರ ಸೀಮೆಯೆಂದು ಕರೆಯಲ್ಪಡುತ್ತಿದ್ದ ೧೭ ಗ್ರಾಮಗಳನ್ನೊಳಗೊಂಡಿದ್ದ ಭೂಭಾಗ.,2025-02-03 17:01:45
ಸೀಮೆ,ಬಯಲು ಸೀಮೆ ಕಟ್ಟೆ ಪುರಾಣ ಎಂಬ ಅಂಕಣ ಬರುತ್ತಿತ್ತು.,"ಗಡಿ, ಸರಹದ್ದು",territory,Yes,ವಿಟ್ಲ ಸೀಮೆ ಅಂದರೆ ತುಳುನಾಡ ಪರಂಪರೆಯ ರಾಜಮನೆತನದ ಆಳ್ವಿಕೆಯ ಸಾಕ್ಷಿಯಾಗಿರುವ ಎರಡು ಸಾವಿರ ಸೀಮೆಯೆಂದು ಕರೆಯಲ್ಪಡುತ್ತಿದ್ದ ೧೭ ಗ್ರಾಮಗಳನ್ನೊಳಗೊಂಡಿದ್ದ ಭೂಭಾಗ.,2025-02-03 17:01:45
ಸೀಮೆ,"ಸ್ವತಃ ವಕೀಲರೂ ಆಗಿರುವ ರಾಜಕಾರಣಿಗಳು ಮಾತಾಡುವುದು ನೋಡಿದರೆ, ಯಾವ ಸೀಮೆ ಫೂಟ್‌ ಲಾಯರ್‌ ಆಗಿದ್ದರೋ , ಅಲ್ಲಿ ಏಗಲಾರದೆ ರಾಜಕೀಯಕ್ಕೆ ಬಂದರೋ ಎಂಬ ಸಂಶಯ ಬರುತ್ತದೆ.","ಗಡಿ, ಸರಹದ್ದು",territory,Yes,ವಿಟ್ಲ ಸೀಮೆ ಅಂದರೆ ತುಳುನಾಡ ಪರಂಪರೆಯ ರಾಜಮನೆತನದ ಆಳ್ವಿಕೆಯ ಸಾಕ್ಷಿಯಾಗಿರುವ ಎರಡು ಸಾವಿರ ಸೀಮೆಯೆಂದು ಕರೆಯಲ್ಪಡುತ್ತಿದ್ದ ೧೭ ಗ್ರಾಮಗಳನ್ನೊಳಗೊಂಡಿದ್ದ ಭೂಭಾಗ.,2025-02-03 17:01:45
ಸೀಮೆ,ಯಾವ ಸೀಮೆ ಮೂಗಯ್ಯಾ ಇದು~ ಎಂದರು.,"ಗಡಿ, ಸರಹದ್ದು",territory,Yes,ವಿಟ್ಲ ಸೀಮೆ ಅಂದರೆ ತುಳುನಾಡ ಪರಂಪರೆಯ ರಾಜಮನೆತನದ ಆಳ್ವಿಕೆಯ ಸಾಕ್ಷಿಯಾಗಿರುವ ಎರಡು ಸಾವಿರ ಸೀಮೆಯೆಂದು ಕರೆಯಲ್ಪಡುತ್ತಿದ್ದ ೧೭ ಗ್ರಾಮಗಳನ್ನೊಳಗೊಂಡಿದ್ದ ಭೂಭಾಗ.,2025-02-03 17:01:45
ಸೀಮೆ,"ಅಲ್ಲದೇ ಅಂತ್ಯೋದಯ ಅನ್ನ ಯೋಜನೆ ಮತ್ತು ಬಿಪಿಎಲ್ ಪಡಿತರ ಚೀಟಿಗಳಿಗೆ ನೀಡುವ ಉಚಿತ ಅಕ್ಕಿ ಪ್ರಮಾಣ ಹಾಗೂ ನಿಯಮಾನುಸಾರ ವಿತರಿಸುವ ಬೇಳೆ, ಇನ್ನಿತರ ಧಾನ್ಯ, ಸೀಮೆ ಎಣ್ಣೆಯ ನಿಗದಿತ ದರದ ಫಲಕ ಅಳವಡಿಸಬೇಕು.","ಗಡಿ, ಸರಹದ್ದು",territory,Yes,ವಿಟ್ಲ ಸೀಮೆ ಅಂದರೆ ತುಳುನಾಡ ಪರಂಪರೆಯ ರಾಜಮನೆತನದ ಆಳ್ವಿಕೆಯ ಸಾಕ್ಷಿಯಾಗಿರುವ ಎರಡು ಸಾವಿರ ಸೀಮೆಯೆಂದು ಕರೆಯಲ್ಪಡುತ್ತಿದ್ದ ೧೭ ಗ್ರಾಮಗಳನ್ನೊಳಗೊಂಡಿದ್ದ ಭೂಭಾಗ.,2025-02-03 17:01:45
ಸೀಮೆ,"ಬೆಂಗಳೂರು, ಜನವರಿ 24: ಬಯಲು ಸೀಮೆ ಜನರ ಸಂಕಷ್ಟಕ್ಕೆ ಸ್ಪಂದಿಸುವ ನಿಟ್ಟಿನಲ್ಲಿ ವಾಟಾಳ್ ನಾಗರಾಜ್ ಅವರು ಮತ್ತೊಮ್ಮೆ ಬಂದ್ ಗೆ ಕರೆ ನೀಡಿದ್ದಾರೆ.","ಗಡಿ, ಸರಹದ್ದು",territory,Yes,ವಿಟ್ಲ ಸೀಮೆ ಅಂದರೆ ತುಳುನಾಡ ಪರಂಪರೆಯ ರಾಜಮನೆತನದ ಆಳ್ವಿಕೆಯ ಸಾಕ್ಷಿಯಾಗಿರುವ ಎರಡು ಸಾವಿರ ಸೀಮೆಯೆಂದು ಕರೆಯಲ್ಪಡುತ್ತಿದ್ದ ೧೭ ಗ್ರಾಮಗಳನ್ನೊಳಗೊಂಡಿದ್ದ ಭೂಭಾಗ.,2025-02-03 17:01:46
ಸೀಮೆ,"ಪ್ರಸ್ತುತ ನಗರದಲ್ಲಿ ಮನೆ ಮಾಡಿರುವ ಬಿಸಿಲ ವಾತಾವರಣ ಬಯಲು ಸೀಮೆ ಪ್ರದೇಶಗಳ ಅನುಭವ ಉಂಟು ಮಾಡುತ್ತಿದ್ದು, ಬಿಸಿಲ ಝಳಕ್ಕೆ ನಾಗರಿಕರು ಏದುಸಿರು ಬಿಡುವಂತಾಗಿದೆ.","ಗಡಿ, ಸರಹದ್ದು",territory,Yes,ವಿಟ್ಲ ಸೀಮೆ ಅಂದರೆ ತುಳುನಾಡ ಪರಂಪರೆಯ ರಾಜಮನೆತನದ ಆಳ್ವಿಕೆಯ ಸಾಕ್ಷಿಯಾಗಿರುವ ಎರಡು ಸಾವಿರ ಸೀಮೆಯೆಂದು ಕರೆಯಲ್ಪಡುತ್ತಿದ್ದ ೧೭ ಗ್ರಾಮಗಳನ್ನೊಳಗೊಂಡಿದ್ದ ಭೂಭಾಗ.,2025-02-03 17:01:46
ಸೀಮೆ,ಮಧುಗಿರಿ ತಾಲ್ಲೂಕು ಕೊಡಿಗೇನಹಳ್ಳಿ ಹೋಬಳಿ ಅತ್ಯಂತ ಹಿಂದುಳಿದ ಹಾಗೂ ಬಯಲು ಸೀಮೆ ಪ್ರದೇಶವಾಗಿದೆ.,"ಗಡಿ, ಸರಹದ್ದು",territory,Yes,ವಿಟ್ಲ ಸೀಮೆ ಅಂದರೆ ತುಳುನಾಡ ಪರಂಪರೆಯ ರಾಜಮನೆತನದ ಆಳ್ವಿಕೆಯ ಸಾಕ್ಷಿಯಾಗಿರುವ ಎರಡು ಸಾವಿರ ಸೀಮೆಯೆಂದು ಕರೆಯಲ್ಪಡುತ್ತಿದ್ದ ೧೭ ಗ್ರಾಮಗಳನ್ನೊಳಗೊಂಡಿದ್ದ ಭೂಭಾಗ.,2025-02-03 17:01:46
ಸೀಮೆ,"ಹಳ್ಳಿಗಾಡಿನಲ್ಲಿ ದುಡಿಯುವ ಎತ್ತುಗಳ ಸಂಖ್ಯೆ ಕುಸಿದಿದ್ದರೂ, ಸೀಮೆ ಹಸುಗಳ ಸಂಖ್ಯೆ ಬೆಳೆದಿದೆ.","ಗಡಿ, ಸರಹದ್ದು",territory,Yes,ವಿಟ್ಲ ಸೀಮೆ ಅಂದರೆ ತುಳುನಾಡ ಪರಂಪರೆಯ ರಾಜಮನೆತನದ ಆಳ್ವಿಕೆಯ ಸಾಕ್ಷಿಯಾಗಿರುವ ಎರಡು ಸಾವಿರ ಸೀಮೆಯೆಂದು ಕರೆಯಲ್ಪಡುತ್ತಿದ್ದ ೧೭ ಗ್ರಾಮಗಳನ್ನೊಳಗೊಂಡಿದ್ದ ಭೂಭಾಗ.,2025-02-03 17:01:46
ಸೀಮೆ,"ವಿಜಯಪುರ: ಬಯಲು ಸೀಮೆ ಭಾಗಗಳ ರೈತರು, ನೀರಾವರಿ ತಜ್ಞ ಡಾ.","ಗಡಿ, ಸರಹದ್ದು",territory,Yes,ವಿಟ್ಲ ಸೀಮೆ ಅಂದರೆ ತುಳುನಾಡ ಪರಂಪರೆಯ ರಾಜಮನೆತನದ ಆಳ್ವಿಕೆಯ ಸಾಕ್ಷಿಯಾಗಿರುವ ಎರಡು ಸಾವಿರ ಸೀಮೆಯೆಂದು ಕರೆಯಲ್ಪಡುತ್ತಿದ್ದ ೧೭ ಗ್ರಾಮಗಳನ್ನೊಳಗೊಂಡಿದ್ದ ಭೂಭಾಗ.,2025-02-03 17:01:46
ಸೀಮೆ,ಒಬ್ಬ ಲೇಖಕನಿಗೆ ಸೀಮೆ ಎಂಬುದಿಲ್ಲ.,"ಗಡಿ, ಸರಹದ್ದು",territory,Yes,ವಿಟ್ಲ ಸೀಮೆ ಅಂದರೆ ತುಳುನಾಡ ಪರಂಪರೆಯ ರಾಜಮನೆತನದ ಆಳ್ವಿಕೆಯ ಸಾಕ್ಷಿಯಾಗಿರುವ ಎರಡು ಸಾವಿರ ಸೀಮೆಯೆಂದು ಕರೆಯಲ್ಪಡುತ್ತಿದ್ದ ೧೭ ಗ್ರಾಮಗಳನ್ನೊಳಗೊಂಡಿದ್ದ ಭೂಭಾಗ.,2025-02-03 17:01:46
ಸೀಮೆ,ಹಾಗಾಗಿ ಬಯಲು ಸೀಮೆ ನೀರಿನ ಹೋಾಟಕ್ಕಾಗಿ 12ರಂದು ನಡೆಯಲಿರುವ ಬಂದ್‌ಗೆ ಬೆಂಬಲಿಸಬೇಕೆಂದು ಅವರು ಮನವಿ ಮಾಡಿದರು.,"ಗಡಿ, ಸರಹದ್ದು",territory,Yes,ವಿಟ್ಲ ಸೀಮೆ ಅಂದರೆ ತುಳುನಾಡ ಪರಂಪರೆಯ ರಾಜಮನೆತನದ ಆಳ್ವಿಕೆಯ ಸಾಕ್ಷಿಯಾಗಿರುವ ಎರಡು ಸಾವಿರ ಸೀಮೆಯೆಂದು ಕರೆಯಲ್ಪಡುತ್ತಿದ್ದ ೧೭ ಗ್ರಾಮಗಳನ್ನೊಳಗೊಂಡಿದ್ದ ಭೂಭಾಗ.,2025-02-03 17:01:46
ಸೀಮೆ,"ಬಯಲು ಸೀಮೆ ಮತ್ತು ಮಲೆನಾಡುಗಳನ್ನು ತೌಲನಿಕವಾಗಿ ನೋಡಿದಾಗ, ಭೌಗೋಳಿಕವಾಗಿ ಬಹಳಷ್ಟು ವ್ಯತ್ಯಾಸ ಕಂಡು ಬರುತ್ತವೆ.","ವ್ಯತ್ಯಾಸ, ಭೇದ",Difference,Yes,a,2025-02-03 17:51:32
ಸೀಮೆ,ಹೋರಾಟಗಾರ ನಾರಾಯಣಗೌಡರ ಬಿಚ್ಚುಮಾತುಗಳು(ಭಾಗ-3)ಇವರೆಲ್ಲರೂ ಯಾವ ಸೀಮೆ ಜ್ಞಾನಪೀಠಿಗಳು?,"ವ್ಯತ್ಯಾಸ, ಭೇದ",Difference,Yes,a,2025-02-03 17:51:32
ಸೀಮೆ,ಯಾವುದೇ ಸೀಮೆ ಇಲ್ಲದೇ ಮನುಷ್ಯತ್ವ ಇರುವ,"ವ್ಯತ್ಯಾಸ, ಭೇದ",Difference,Yes,a,2025-02-03 17:51:32
ಸೀಮೆ,ಕೆಲವರು ಸೀಮೆ ಹಸುಗಳ ಮೇವಿಗಾಗಿ ಹನಿನೀರಾವರಿ ಪದ್ಧತಿಯಲ್ಲಿ ಜೋಳ ಬೆಳೆದಿದ್ದಾರೆ.,"ವ್ಯತ್ಯಾಸ, ಭೇದ",Difference,Yes,a,2025-02-03 17:51:32
ಸೀಮೆ,ಸೀಮೆ ತೋರಿಸಿದರೆ ಸಾಕು || ||೧೦೧||,"ವ್ಯತ್ಯಾಸ, ಭೇದ",Difference,Yes,a,2025-02-03 17:51:32
ಸೀಮೆ,"ಸೀಮೆ ಹಸುಗಳ ಸಂಖ್ಯೆ ಶೇ 32ರಷ್ಟು ಹೆಚ್ಚಳವಾಗಿದ್ದು, ದೇಸಿ ಹಸುಗಳ ಸಂಖ್ಯೆ ಶೇ 20ರಷ್ಟು ಕಡಿಮೆಯಾಗಿದೆ","ವ್ಯತ್ಯಾಸ, ಭೇದ",Difference,Yes,a,2025-02-03 17:51:32
ಸೀಮೆ,ಇದ್ಯಾವ ಸೀಮೆ ನ್ಯಾಯ ಸ್ವಾಮಿ?,"ವ್ಯತ್ಯಾಸ, ಭೇದ",Difference,Yes,a,2025-02-03 17:51:32
ಸೀಮೆ,ಕನಸುಗಳಿಗೆ ಸೀಮೆ ಇಲ್ಲ.,"ವ್ಯತ್ಯಾಸ, ಭೇದ",Difference,Yes,a,2025-02-03 17:51:32
ಸೀಮೆ,"ಹೀಗಾಗಿ ಜಮೀನುಗಳಿಗೆ ಭೇಟಿ ನೀಡಿದ ರಾಜ್ಯ ಮಾಲಿನ್ಯ ನಿಯಂತ್ರಣ ಮಂಡಳಿ ಹಾಗೂ ಕೋಚಿಮುಲ್‌ ಅಧಿಕಾರಿಗಳನ್ನು ಭೇಟಿಯಾದ ರೈತರು, ಕೋಚಿಮುಲ್‌ನಿಂದ ಹರಿದು ಬರುತ್ತಿರುವ ತ್ಯಾಜ್ಯ ನೀರು ಬಳಸಿಕೊಂಡು ರಾಗಿ, ಸೀಮೆ ಹುಲ್ಲು, ಹಿಪ್ಪು ನೇರಳೆ, ಜೋಳ ಬೆಳೆಯುತ್ತಿದ್ದೇವೆ.","ವ್ಯತ್ಯಾಸ, ಭೇದ",Difference,Yes,a,2025-02-03 17:51:32
ಸೀಮೆ,ಮಾದೇವಿಗೆ ನವಿಲಿನ ಕುಣಿತದಿಂದ ನಿಸ್ಸೀಮದ ಸೀಮೆ ಗೋಚರಿಸಿತು.,"ವ್ಯತ್ಯಾಸ, ಭೇದ",Difference,Yes,a,2025-02-03 17:51:32
ಸೀಮೆ,ಯಾವ ಸೀಮೆ ಪೈಪೋಟಿ?,"ವ್ಯತ್ಯಾಸ, ಭೇದ",Difference,Yes,a,2025-02-03 17:51:32
ಸುಪಾರಿ,ಈ ಬಾರಿ ರಾಜಸ್ಥಾನದಲ್ಲಿ ಪಾನ್ ಮಸಾಲ ಮತ್ತು ಸುವಾಸಿತ ಸುಪಾರಿ ಉತ್ಪನ್ನಗಳ ತಯಾರಿ ಮತ್ತು ಮಾರಾಟಕ್ಕೆ ನಿರ್ಬಂಧ ಹೇರಿರುವುದರಿಂದ ರಾಜ್ಯದ ಅಡಕೆ ಮಾರುಕಟ್ಟೆಯಲ್ಲಿ ಬೆಲೆ ಇಳಿಕೆಯಾಗುವ ಸಾಧ್ಯತೆ ಇದೆ ಎಂದು ಹೇಳಲಾಗಿದೆ.,ಅಡಕೆ,Areca nut,Yes,Darshan R K,2025-02-05 18:15:45
ಸುಪಾರಿ,ಅದಾದ ಎರಡು ದಿನಗಳ ಬಳಿಕ ಪಾನ್‌ ಸುಪಾರಿ ಬಜಾರ್‌ನಲ್ಲಿ ಅಂತಹುದೇ ಕೃತ್ಯ ನಡೆದಿತ್ತು.,ಅಡಕೆ,Areca nut,Yes,Darshan R K,2025-02-05 18:15:45
ಸುಪಾರಿ,"2012ರಲ್ಲಿ ತಂಬಾಕು, ಅಡಿಕೆಯಲ್ಲದೆ ಕೃತಕ ಸುವಾಸನೆ ಹೊಂದಿದ ಸುಪಾರಿ ಉತ್ಪನ್ನಗಳ ಮೇಲೆ ವಿಧಿಸಲಾಗಿದ್ದ ನಿಷೇಧವನ್ನು ಮಹಾರಾಷ್ಟ್ರ ಸರ್ಕಾರ ಜುಲೈನಿಂದ ಪುನಃ ಜಾರಿಗೊಳಿಸಿದೆ.",ಅಡಕೆ,Areca nut,Yes,Darshan R K,2025-02-05 18:15:45
ಸುಪಾರಿ,"PFA ಕಾಯಿದೆ 29(v) ಪ್ರಕಾರ ಪಾನ್ ಮಸಾಲ, ಗುಟ್ಕಾ, ಸುಪಾರಿ ತಿನ್ನಬಹುದಾದ ಪದಾರ್ಥ ಎಂದು ಮಾರಾಟಕ್ಕೆ ಲಭ್ಯವಿದೆ.",ಅಡಕೆ,Areca nut,Yes,Darshan R K,2025-02-05 18:15:45
ಸುಪಾರಿ,"ಕಮಲ ಮಹಲ್‌, ಕುದುರೆ ಮಂಟಪ, ಸಾಲು ಮಂಟಪ, ಪಾನ್‌ ಸುಪಾರಿ ಬಜಾರ್‌ ಜಲಾವೃತ­ಗೊಂಡಿವೆ.",ಅಡಕೆ,Areca nut,Yes,Darshan R K,2025-02-05 18:15:45
ಸುಪಾರಿ,"ಪುತ್ತೂರು: ಕಳೆದ ಜನವರಿ ತಿಂಗಳಿನಲ್ಲಿ ಯಲ್ಲಾಪುರದಲ್ಲಿ ಪುತ್ತೂರಿನ ಸುಪಾರಿ ಅಂಗಡಿಯೊಂದರ ಅಡಿಕೆ ಸಾಗಾಟದ ಲಾರಿ ಚಾಲಕ ಹಾಗೂ ನಿರ್ವಾಹಕನ ಮೇಲೆ ನಡೆದ ಹಲ್ಲೆ, ದರೋಡೆ ಪ್ರಕರಣವೊಂದಕ್ಕೆ ಸಂಬಂಧಿಸಿದಂತೆ ಸಂಶಯದ ಮೇರೆಗೆ ಕೊಡಿಪ್ಪಾಡಿ ಕಾರ್ಜಾಲಿನ ನಾಲ್ವರನ್ನು ಹಾವೇರಿ ಜಿಲ್ಲಾ ಅಪರಾಧ ಪತ್ತೆದಳದ ಪೊಲೀಸರು ವಶಕ್ಕೆ ತೆಗೆದುಕೊಂಡು ತನಿಖೆ ನಡೆಸುತ್ತಿದ್ದಾರೆ ಎಂದು ತಿಳಿದುಬಂದಿದೆ.",ಅಡಕೆ,Areca nut,Yes,Darshan R K,2025-02-05 18:15:45
ಸುಪಾರಿ,ಖರ್ಜೂರದ ಒಳಗೆ ಸುಪಾರಿ ಸಹಿತ ವಿವಿಧ ಸಾಂಬಾರಗಳ ಹೂರಣ.,ಅಡಕೆ,Areca nut,Yes,Darshan R K,2025-02-05 18:15:45
ಸುಪಾರಿ,ಪಾನ್ ಮಸಾಲ ಉತ್ಪನ್ನಗಳಲ್ಲಿ ತಂಬಾಕು ಅಥವಾ ನಿಕೋಟಿನ್ ಇಲ್ಲದಿದ್ದರೂ ಅವುಗಳಲ್ಲಿರುವ ಸುಪಾರಿ ಕ್ಯಾನ್ಸರ್ ಉಂಟು ಮಾಡಬಹುದೆನ್ನುವುದಕ್ಕೆ ವೈಜ್ಞಾನಿಕ ಪುರಾವೆ ಈಗ ಲಭ್ಯವೆಂದು ಪತ್ರ ತಿಳಿಸಿದೆ.,ಅಡಕೆ,Areca nut,Yes,Darshan R K,2025-02-05 18:15:45
ಸುಪಾರಿ,ನ 7ರ ರಾತ್ರಿ ಮೇಯರ್ ಸಹೋದರನ ಪುತ್ರ ಫಯಾಜ್‌ ಮುಶ್ರೀಫ್‌ನನ್ನು ಸುಪಾರಿ ಹಂತಕರು ಕೊಲೆಗೈದ ರೀತಿ ಜಿಲ್ಲೆಯನ್ನೇ ಬೆಚ್ಚಿ ಬೀಳಿಸಿತ್ತು.,"ಅಪರಾಧ ಮಾಡಲು ವೀಳೆಯ ನೀಡುವುದು, ಒಪ್ಪಂದ","Conspiring to commit a crime, agreement",Yes,Darshan R K,2025-02-05 18:23:51
ಸುಪಾರಿ,ಬೆಳಗಾವಿ: ಕೈಹಿಡಿದು ಬಾಳಪೂರ್ತಿ ಜೀವನ ಸಂಗಾತಿಯಾಗಿರುವೆ ಎಂದು ಸಪ್ತಪದಿ ತುಳಿದ ಹೆಂಡತಿಯೇ ಗಂಡನನ್ನು ಕೊಲ್ಲಿಸಲು ಸುಪಾರಿ ನೀಡಿದ ಭಯಾನಟಕ ಘಟನೆ ಬೆಳಗಾವಿಯ ಗೋಕಾಕ ಹೊರವಲಯದ ಕಡಬಗಟ್ಟಿ ಗ್ರಾಮದಲ್ಲಿ ನಡೆದಿದೆ.,"ಅಪರಾಧ ಮಾಡಲು ವೀಳೆಯ ನೀಡುವುದು, ಒಪ್ಪಂದ","Conspiring to commit a crime, agreement",Yes,Darshan R K,2025-02-05 18:23:51
ಸುಪಾರಿ,ಹೆಗ್ಗರವಳ್ಳಿ ಹತ್ಯೆಗೆ ಸುಪಾರಿ ನೀಡಿಲ್ಲ ಎನ್ನುತ್ತಿರುವ ಪತ್ರಕರ್ತ,"ಅಪರಾಧ ಮಾಡಲು ವೀಳೆಯ ನೀಡುವುದು, ಒಪ್ಪಂದ","Conspiring to commit a crime, agreement",Yes,Darshan R K,2025-02-05 18:23:51
ಸುಪಾರಿ,ಅಂತಹ ನಾನು 15 ವರ್ಷಗಳಿಂದ ಜತೆಗಿರುವವನನ್ನು ಕೊಲ್ಲಲು ಸುಪಾರಿ ಕೊಡಬೇಕಾ ಎಂದು ಪ್ರಶ್ನಿಸಿದ್ದಾರೆ.,"ಅಪರಾಧ ಮಾಡಲು ವೀಳೆಯ ನೀಡುವುದು, ಒಪ್ಪಂದ","Conspiring to commit a crime, agreement",Yes,Darshan R K,2025-02-05 18:23:51
ಸುಪಾರಿ,ಚನ್ನರಾಯಪಟ್ಟಣ: ಮಂಡ್ಯ ಜಿಲ್ಲೆ ನಾಗಮಂಗಲ ಪೊಲೀಸ್ ಠಾಣಾ ವ್ಯಾಪ್ತಿಯಲ್ಲಿ ವ್ಯಕ್ತಿಯೊಬ್ಬರನ್ನು ಕೊಲೆಗೈದ ರಿವಾಲ್ವರ್ ಇರಿಸಿದ್ದ ಬ್ಯಾಗನ್ನು ಸಾರಿಗೆ ಬಸ್ಸಿನಲ್ಲಿ ಮರೆತು ಹೋಗಿದ್ದ ರಿವಾಲ್ವರ್ ಉತ್ತರ ಭಾರತ ಮೂಲದ ಇಬ್ಬರು ಸುಪಾರಿ ಕೊಲೆಗಾರರು ಚನ್ನರಾಯಪಟ್ಟಣ ನಗರ ಪೊಲೀಸರಿಗೆ ಸಿಕ್ಕಿಬಿದ್ದಿದ್ದಾರೆ.,"ಅಪರಾಧ ಮಾಡಲು ವೀಳೆಯ ನೀಡುವುದು, ಒಪ್ಪಂದ","Conspiring to commit a crime, agreement",Yes,Darshan R K,2025-02-05 18:23:51
ಸುಪಾರಿ,11): ಪತ್ರಕರ್ತ ಸುನಿಲ್ ಹೆಗ್ಗರವಳ್ಳಿ ಅವರ ಹತ್ಯೆಗೆ ಪತ್ರಕರ್ತ ರವಿ ಬೆಳಗೆರೆ ಅವರು ಸುಪಾರಿ ನೀಡಿದ್ದಾರೆನ್ನಲಾದ ಪ್ರಕರಣಕ್ಕೆ ಸಂಬಂಧಿಸಿದಂತೆ 3ನೇ ಆರೋಪಿ ವಿಜು ಬಡಿಗೇರ್‍ನನ್ನು ಪೊಲೀಸರು ಬಂಧಿಸಿದ್ದಾರೆ.,"ಅಪರಾಧ ಮಾಡಲು ವೀಳೆಯ ನೀಡುವುದು, ಒಪ್ಪಂದ","Conspiring to commit a crime, agreement",Yes,Darshan R K,2025-02-05 18:23:51
ಸುಪಾರಿ,ಈ ಎಲ್ಲಾ ಘಟನೆಗಳನ್ನು ಅವಲೋಕಿಸಿದರೆ ಹತ್ಯೆ ಒಂದು ರೀತಿ ಸುಪಾರಿ ಕೊಲೆಯ ರೀತಿಯಲ್ಲಿದೆ.,"ಅಪರಾಧ ಮಾಡಲು ವೀಳೆಯ ನೀಡುವುದು, ಒಪ್ಪಂದ","Conspiring to commit a crime, agreement",Yes,Darshan R K,2025-02-05 18:23:51
ಸುಪಾರಿ,09): ಸಹೋದ್ಯೋಗಿ ಸುನೀಲ್ ಹೆಗ್ಗರವಳ್ಳಿ ಅವರ ಸುಪಾರಿ ಹತ್ಯೆ ಮಾಡಲು ಉದ್ದೇಶಿಸಿದ ಪ್ರಕರಣದಲ್ಲಿ ಹಾಯ್ ಬೆಂಗಳೂರು ವಾರಪತ್ರಿಕೆಯ ಸಂಪಾದಕ ರವಿ ಬೆಳಗೆರೆ ಬಂಧನದ ನಂತರ ಪ್ರಕರಣ ಮತ್ತೊಂದು ತಿರುವು ಪಡೆದುಕೊಂಡಿದ್ದು ಅವರ 2ನೇ ಪತ್ನಿ ಕೂಡ ನಾಪತ್ತೆಯಾಗಿದ್ದಾರೆ .,"ಅಪರಾಧ ಮಾಡಲು ವೀಳೆಯ ನೀಡುವುದು, ಒಪ್ಪಂದ","Conspiring to commit a crime, agreement",Yes,Darshan R K,2025-02-05 18:23:51
ಸುಪಾರಿ,ನಟರಾಜ್ ಹತ್ಯೆಗೆ ಸುಪಾರಿ ನೀಡಿದ್ದವರು ಯಾರೆಂಬ ರಹಸ್ಯ ಬಯಲಾಗಲೇ ಇಲ್ಲ.,"ಅಪರಾಧ ಮಾಡಲು ವೀಳೆಯ ನೀಡುವುದು, ಒಪ್ಪಂದ","Conspiring to commit a crime, agreement",Yes,Darshan R K,2025-02-05 18:23:51
ಸುಪಾರಿ,ಇದಕ್ಕೆ ಕಾರಣ ಸಿದ್ದರಾಮಯ್ಯ ಅವರು ಇಂಥ ಸಂಘಟನೆಗಳಿಗೆ ಸುಪಾರಿ ಕೊಟ್ಟು ರಾಜ್ಯದಲ್ಲಿ ಮಾಸ್ ಕಿಲ್ಲರ್ ಆಗಿ ಗುರುತಿಸಿಕೊಂಡಿದ್ದಾರೆ ಎಂದು ವಾಗ್ದಾಳಿ ನಡೆಸಿದರು.,"ಅಪರಾಧ ಮಾಡಲು ವೀಳೆಯ ನೀಡುವುದು, ಒಪ್ಪಂದ","Conspiring to commit a crime, agreement",Yes,Darshan R K,2025-02-05 18:23:51
ಸುಪಾರಿ,ಈ ಧಾರಾವಾಹಿಗಳ ಖಳನಾಯಕಿಯರು ಸುಪಾರಿ ಕೊಟ್ಟು ಕೊಲೆ ಮಾಡಿಸಲೂ ಹಿಂಜರಿಯುವುದಿಲ್ಲ.,"ಅಪರಾಧ ಮಾಡಲು ವೀಳೆಯ ನೀಡುವುದು, ಒಪ್ಪಂದ","Conspiring to commit a crime, agreement",Yes,Darshan R K,2025-02-05 18:23:51
ಸುಪಾರಿ,"ಪತ್ರಕರ್ತ ಸುನೀಲ ಹೆಗ್ಗರವಳ್ಳಿ ಕೊಲೆಗೆ ಸುಪಾರಿ ಪಡೆದಿದ್ದಾನೆ ಎನ್ನಲಾದ ಶಶಿಧರ ಮುಂಡೇವಾಡಿ ಈಗ ಮತ್ತೆ ಸುದ್ದಿಯಾಗಿದ್ದು, ಪೊಲೀಸರ ಮೇಲೆ ಹಲ್ಲೆ ನಡೆಸಿದ್ದಾನೆ.","ಅಪರಾಧ ಮಾಡಲು ವೀಳೆಯ ನೀಡುವುದು, ಒಪ್ಪಂದ","Conspiring to commit a crime, agreement",Yes,Darshan R K,2025-02-05 18:23:51
ಸುಪಾರಿ,ಆತನ ವಿಚಾರಣೆ ವೇಳೆ ರವಿ ಬೆಳೆಗೆರೆ ಅವರು ಸಹೋದ್ಯೋಗಿ ಸುನೀಲ್ ಹೆಗ್ಗರವಳ್ಳಿ ಹತ್ಯೆಗೆ ಸುಪಾರಿ ನೀಡಿರುವ ಆರೋಪ ಕೇಳಿಬಂದಿತ್ತು.,"ಅಪರಾಧ ಮಾಡಲು ವೀಳೆಯ ನೀಡುವುದು, ಒಪ್ಪಂದ","Conspiring to commit a crime, agreement",Yes,Darshan R K,2025-02-05 18:23:51
ಸುಪಾರಿ,ಸುನಿಲ್ ಹೆಗ್ಗರವಳ್ಳಿರನ್ನ ಸಾಯಿಸಲು ನನ್ನ ತಂದೆ ಕೊಲೆಗೆ ಸುಪಾರಿ ಕೊಟ್ಟಿರುವುದು ಸುಳ್ಳು.,"ಅಪರಾಧ ಮಾಡಲು ವೀಳೆಯ ನೀಡುವುದು, ಒಪ್ಪಂದ","Conspiring to commit a crime, agreement",Yes,Darshan R K,2025-02-05 18:23:51
ಸುಪಾರಿ,"ಸತ್ಯಪ್ರಸಾದ್‌ನಿಂದ ಸುಪಾರಿ ಪಡೆದಿದ್ದ ಆರೋಪಿಗಳಾದ ಹಳೇ ಬೈಯ್ಯಪ್ಪನಹಳ್ಳಿಯ ಕ್ಯಾಬ್‌ ಚಾಲಕ ಪ್ರಶಾಂತ್‌(20), ಕಗ್ಗದಾಸಪುರದ ಪ್ರೇಮ್‌(31), ಹೊಸಕೋಟೆಯ ದಿನೇಶ್‌(26), ಶಿಡ್ಲಘಟ್ಟದ ಲೋಕೇಶ್‌(28), ಕಗ್ಗದಾಸಪುರದ ಕುಶಾಂತ್‌(30), ಸಂತೋಷ್‌(25), ಮಲ್ಲೇಶಪಾಳ್ಯದ ರವಿ(37) ಮತ್ತು ದಿನೇಶನ ಪತ್ನಿ ಸಯೀದಾ(25) ಬಂಧಿತರು.","ಅಪರಾಧ ಮಾಡಲು ವೀಳೆಯ ನೀಡುವುದು, ಒಪ್ಪಂದ","Conspiring to commit a crime, agreement",Yes,Darshan R K,2025-02-05 18:23:51
ಸುಪಾರಿ,"ಸಹಿಷ್ಣು ಎಂದರೆ ತಾಳ್ಮೆ, ಸಹನೆಗೆ ಇನ್ನೊಂದು ಹೆಸರು, ಹಿರಿಯ ನಟ, ವಿಶ್ವನಾಥ್, ಅಶೋಕ್ ಹಾಗೂ ಸಂಪತ್ ಪ್ರಮುಖ ಪಾತ್ರಗಳಲ್ಲಿ ಕಾಣಿಸಿಕೊಂಡಿರುವ ಈ ಚಿತ್ರದಲ್ಲಿ ವಿಚಾರವಾದಿಯೊಬ್ಬನನ್ನು ಹತ್ಯೆ ಮಾಡಲು ಸುಪಾರಿ ತೆಗೆದುಕೊಳ್ಳುವ ಸುಪಾರಿಕಿಲ್ಲರ್ಸ್ ಹಾಗೂ ವಿಚಾರವಾದಿಯ ಕಥೆಯನ್ನು ಹೇಳಲಾಗಿದೆ.","ಅಪರಾಧ ಮಾಡಲು ವೀಳೆಯ ನೀಡುವುದು, ಒಪ್ಪಂದ","Conspiring to commit a crime, agreement",Yes,Darshan R K,2025-02-05 18:23:51
ಸುಪಾರಿ,21: ಗಂಡನನ್ನು ಬಿಟ್ಟು ಪ್ರಿಯಕರನ ಜೊತೆ ಚಲ್ಲಾಟವಾಡುತ್ತಿದ್ದ ಮಗಳಿಗೆ ತಂದೆ ಸಹಕರಿಸಲಿಲ್ಲ ಎಂಬ ಕಾರಣಕ್ಕೆ ಸುಪಾರಿ ನೀಡಿ ಕೊಲೆಮಾಡಿಸಿರುವ ಘಟನೆ ಬೆಳಗಾವಿಯ ಗೋಕಾಕ ಹೊರವಲಯದ ಕಡಬಗಟ್ಟಿ ಗ್ರಾಮದಲ್ಲಿ ನಡೆದಿದೆ.,"ಅಪರಾಧ ಮಾಡಲು ವೀಳೆಯ ನೀಡುವುದು, ಒಪ್ಪಂದ","Conspiring to commit a crime, agreement",Yes,Darshan R K,2025-02-05 18:23:51
ಸುಪಾರಿ,ಬೆಂಗಳೂರು: ಗಂಡನೇ ಸುಪಾರಿ ಕೊಟ್ಟು ಹೆಂಡತಿಯನ್ನು ಕೊಲೆ ಮಾಡಿಸಿರುವ ಘಟನೆ ಬೆಂಗಳೂರಿನ ವೈಯಾಲಿಕಾವಲ್ ಠಾಣೆ ವ್ಯಾಪ್ತಿಯಲ್ಲಿ ನಡೆದಿದೆ.,"ಅಪರಾಧ ಮಾಡಲು ವೀಳೆಯ ನೀಡುವುದು, ಒಪ್ಪಂದ","Conspiring to commit a crime, agreement",Yes,Darshan R K,2025-02-05 18:23:51
ಸುಪಾರಿ,ಫೆಬ್ರವರಿ 5ರಂದು ಮಹದೇವಪುರ ರಿಂಗ್ ರೋಡ್​ ಫ್ಲೈ ಓವರ್ ಸಮೀಪ ಲಕ್ಷ್ಮಣ್ ಎಂಬ ವ್ಯಕ್ತಿಯನ್ನ ಸುಪಾರಿ ಹಂತಕರು ಕೊಲೆ ಮಾಡಿದ್ದರು.,"ಅಪರಾಧ ಮಾಡಲು ವೀಳೆಯ ನೀಡುವುದು, ಒಪ್ಪಂದ","Conspiring to commit a crime, agreement",Yes,Darshan R K,2025-02-05 18:23:51
ಸುಪಾರಿ,ರಾಕಿಂಗ್​ ಸ್ಟಾರ್​ ಯಶ್​ ಹತ್ಯೆಗೆ ಸುಪಾರಿ ನೀಡಲಾಗಿದೆ ಎಂಬ ಸುದ್ದಿಗಳ ಹಿನ್ನೆಲೆಯಲ್ಲಿ ತುರ್ತು ಸುದ್ದಿಗೋಷ್ಠಿ ನಡೆಸಿದ ಯಶ್​ ಈ.,"ಅಪರಾಧ ಮಾಡಲು ವೀಳೆಯ ನೀಡುವುದು, ಒಪ್ಪಂದ","Conspiring to commit a crime, agreement",Yes,Darshan R K,2025-02-05 18:23:51
ಸುಪಾರಿ,"ಇನ್ನು ಸುಪಾರಿ ಹತ್ಯೆ-ದೇಶಿ ಅಕ್ರಮ ಶಸ್ತ್ರಾಸ್ತ್ರಗಳಂಥ ಅಪರಾಧ ಕೃತ್ಯಗಳಿಂದ ಜಿಲ್ಲೆಗೆ ಕುಖ್ಯಾತಿ ತಂದಿರುವ ಜನರಿಂದ ಭಾಗಪ್ಪ ಹರಿಜನ ಮೇಲೆ ನಗರದ ಕೋರ್ಟ್‌ ಆವರಣಲ್ಲಿಯೇ ಗುಂಡಿನ ದಾಳಿ ನಡೆದು, ಐದು ಗುಂಡು ದೇಹ ಹೊಕ್ಕರೂ ಜೀವಾಪಾಯದಿಂದ ಪಾರಾಗಿದ್ದಾನೆ.","ಅಪರಾಧ ಮಾಡಲು ವೀಳೆಯ ನೀಡುವುದು, ಒಪ್ಪಂದ","Conspiring to commit a crime, agreement",Yes,Darshan R K,2025-02-05 18:23:51
ಸುಪಾರಿ,"ಸಹಪತ್ರಕರ್ತನಾದ ಸುನಿಲ್ ಹೆಗ್ಗರವಳ್ಳಿಗೆ ಸುಪಾರಿ ಕೊಟ್ಟ ಆಪಾದನೆ ಮೇರೆಗೆ ಬಂಧಿಸಿದ ಸಿಸಿಬಿ ಪೋಲಿಸರು ವಿಚಾರಣೆ ನಡೆಸುತ್ತಿರುವಾಗಲೇ, ಫೋನ್ ಕರೆ ಮಾಡಿ, ಸುನಿಲ್ ಹೆಗ್ಗರವಳ್ಳಿಗೆ ಬೆದರಿಕೆ ಹಾಕಿದ್ದೂ ಸೇರಿಕೊಂಡು, ಇನ್ನಷ್ಟು ವಿವಾದ ಸೃಷ್ಟಿಸಿದ ರವಿ ಬೆಳಗೆರೆಗೆ ಅನಾರೋಗ್ಯದ ಹಿನ್ನೆಲೆಯಲ್ಲಿ, ಡಿಸೆಂಬರ್ 23 ರ ತನಕ ನ್ಯಾಯಾಂಗ ಬಂಧನದಲ್ಲಿಡಲು ಆದೇಶಿಸಿರುವ ನ್ಯಾಯಾಧೀಶ ಜಗದೀಶ್, ಹೆಚ್ಚಿನ ವಿಚಾರಣೆ ನಡೆಸಲು ಆದೇಶಿಸಿದ್ದಾರೆ!","ಅಪರಾಧ ಮಾಡಲು ವೀಳೆಯ ನೀಡುವುದು, ಒಪ್ಪಂದ","Conspiring to commit a crime, agreement",Yes,Darshan R K,2025-02-05 18:23:51
ಸುಪಾರಿ,ಪತ್ನಿ ಹತ್ಯೆಗೆ ಸುಪಾರಿ ಕೊಟ್ಟು ಆರೋಪಿಗಳ ಗುಂಡಿಗೆ ತಾನೇ ಗಾಯಗೊಂಡ ಪತಿ ಮಹಾಶಯ,"ಅಪರಾಧ ಮಾಡಲು ವೀಳೆಯ ನೀಡುವುದು, ಒಪ್ಪಂದ","Conspiring to commit a crime, agreement",Yes,Darshan R K,2025-02-05 18:23:51
ಸುಪಾರಿ,ಕಳೆದ ನಾಲ್ಕು ದಿನಗಳ ಹಿಂದೆ ನಗರದಲ್ಲಿ ಠಿಕಾಣಿ ಹೂಡಿದ್ದ ಹಂತಕರ ತಂಡ ಸೋಮವಾರ ರಾತ್ರಿ ಎಸ್‍ಎಸ್ ಹೈಟೆಕ್ ಆಸ್ಪತ್ರೆಯ ಬಸವರಾಜ್ ಡಾಬಾ ಹಿಂಭಾಗದಲ್ಲಿ ಹೊಂಚು ಹಾಕುತ್ತಿರುವ ಬಗ್ಗೆ ಬಂದ ಮಾಹಿತಿ ಮೇರೆಗೆ ಕೆಟಿಜೆ ನಗರ ಠಾಣಾ ಪಿಎಸ್ಸೈ ರಾಜು ಮತ್ತು ಸಿಬ್ಬಂದಿ ದಾಳಿ ನಡೆಸಿ ಎಲ್ಲ 7 ಜನರನ್ನು ವಶಕ್ಕೆ ಪಡೆದು ವಿಚಾರಣೆಗೆ ಗುರಿಪಡಿಸಿದಾಗ ಬುಳ್‍ ನಾಗನ ಹತ್ಯೆಗೆ ಸುಪಾರಿ ಪಡೆದಿರುವುದು ಬೆಳಕಿಗೆ ಬಂದಿದೆ ಎಂದರು.,"ಅಪರಾಧ ಮಾಡಲು ವೀಳೆಯ ನೀಡುವುದು, ಒಪ್ಪಂದ","Conspiring to commit a crime, agreement",Yes,Darshan R K,2025-02-05 18:23:51
ಸುಪಾರಿ,"ಕೊಲೆಗಡುಕರ ಹಜ್ಜೆಗುರುತು ಹಿಡಿದು ತನಿಕೆ ನಡೆಸಿದ ವಿವರ: ತನಿಖಾ ತಂಡದವರು ಕೊಲೆಯ ಪ್ರಕರಣದ ಬಗ್ಗೆ ತನಿಖೆಯನ್ನು ಕೈಕೊಂಡು ಆ ದಿನ ಕೊಲೆಯಾದ ಸ್ಥಳದ ಟಾವರ ಡಿಟೆಲ್ಸ ಸಂಗ್ರಹಿಸಿ ಸಂಶಯಾಸ್ಪದವಾದ ಕಾಲ ಡಿಟೇಲ್ಸಗಳನ್ನು ಕಲೆಹಕಿ ಮಾಹಿತಿ ಸಂಗ್ರಹಿಸಿ ಸಂಶಯಾಸ್ಪದ ವ್ಯಕ್ತಿಗಳನ್ನು ವಿಚಾರಣೆಗೆ ಒಳಪಡಿಸಿದಾಗ ಅದರಲ್ಲಿ 1್ವ ಪ್ರಕಾಶ ಶಂಕರ ಸಿಂಗಡೆ ಸಾ: ಬಿಕ್ಕೇರಿ ತಾ: ರಾಯಬಾಗ ಇತನ ಕಾಲ ಡಿಟೇಲ್ಸ ನೋಡಲಾಗಿ ಇತನೊಂದಿಗೆ ಗುನ್ನೆ ನಡೆದ 5 ದಿನಗಳ ಹಿಂದಿನಿಂದಾ ಘಟನೆಯ ನಡೆದ ದಿನದವರೆಗೆ ಸಂಪರ್ಕವಾದ ಮೋಬೈಲ್ ನಂಬರಗಳನ್ನು ಪರೀಶೀಲನೆ ಮಾಡಿದಾಗ ಅದರಲ್ಲಿ 1್ವ ಅಜೀತ ಬಜಂತ್ರಿ 2್ವ ಕಾಶಿನಾಥ 3್ವ ಶ್ರೀಕಾಂತ ಗಂಡೋಸಿ 4್ವ ನಾಗರಾಜ ಪೂಜಾರಿ ಇವರು ಪ್ರಕಾಶ ಶಂಕರ ಸಿಂಗಡೆ ಇತನೊಂದಿಗೆ ಸತತವಾಗಿ ಸಂಪರ್ಕದಲ್ಲಿರುವದು ತಿಳಿದು ಬಂದಿದ್ದು, ಅದರಂತೆ ಅಜೀತ ಬಜಂತ್ರಿಯನ್ನು ವಿಚಾರಣೆಗೆ ಒಳಪಡಿಸಿದಾಗ ಅಜೀತನು ತಾನು ಹಾಗೂ ಪ್ರಕಾಶ, ಕಾಶಿನಾಥ ಶ್ರೀಕಾಂತ, ನಾಗರಾಜ ಎಲ್ಲರೂ ಕೂಡಿ ಹನಮಂತ ಕಡ್ಲಿಮಟ್ಟಿ ಹಾಗೂ ಉಮೇಶ ಪೂಜಾರಿ ಇವರ ಮಧ್ಯ ಇದ್ದ ಆಸ್ತಿಯ ವಿವಾದದಕ್ಕೆ ಸಂಬಂಧಿಸಿದಂತೆ ರಾಮಾಸ್ವಾಮಿ ದೇವದುರ್ಗ ಇತನನ್ನು ಕೊಲೆ ಮಾಡಲು ಹನಮಂತ ಯಮನಾಳ ಇತನು ಶ್ರೀಕಾಂತನ ಮೂಲಕ ಕೊಲೆ ಮಾಡಲು ಸುಪಾರಿ ಹಣ ಕೊಟ್ಟಿದ್ದು ಇರುತ್ತದೆ.","ಅಪರಾಧ ಮಾಡಲು ವೀಳೆಯ ನೀಡುವುದು, ಒಪ್ಪಂದ","Conspiring to commit a crime, agreement",Yes,Darshan R K,2025-02-05 18:23:51
ಸುಪಾರಿ,"ಒಟ್ಟಾರೆ ಯಾವುದೇ ಪ್ರಕರಣಕ್ಕೆ ಸಂಬಂಧಿಸಿ ಸುಪಾರಿ ತಂಡದಿಂದಲೇ ಈ ಕೊಲೆ ಕೃತ್ಯ ನಡೆಸಲಾಗಿದೆ ಎಂದು ಪೊಲೀಸರು ಶಂಕಿಸಿದ್ದು, ತನಿಖೆ ಕೈಗೊಂಡಿದ್ದಾರೆ.","ಅಪರಾಧ ಮಾಡಲು ವೀಳೆಯ ನೀಡುವುದು, ಒಪ್ಪಂದ","Conspiring to commit a crime, agreement",Yes,Darshan R K,2025-02-05 18:23:51
ಸುಪಾರಿ,"ದೀಪಕ್ ರಾವ್ ಹತ್ಯೆಗೆ ಬಿಜೆಪಿ ಕಾರ್ಪೋರೇಟರ್ ಸುಪಾರಿ ಕೊಟ್ಟಿದ್ದಾರೆ ಎಂಬ ಜೆಡಿಎಸ್ ರಾಜ್ಯಾಧ್ಯಕ್ಷ ಕುಮಾರಸ್ವಾಮಿ ಬಾಂಬ್ ಸಿಡಿಸಿದ ಬೆನ್ನಲ್ಲೇ, ದೀಪಕ್ ಹತ್ಯೆಗೆ ಎಸ್ ಡಿಪಿಐ ನಿಂದ 50 ಲಕ್ಷ ರೂ.","ಅಪರಾಧ ಮಾಡಲು ವೀಳೆಯ ನೀಡುವುದು, ಒಪ್ಪಂದ","Conspiring to commit a crime, agreement",Yes,Darshan R K,2025-02-05 18:23:51
ಸುಪಾರಿ,ಅದರಂತೆ ಕಶ್ಯಪ್ ಸುಪಾರಿ ಕಿಲ್ಲರ್ ಆದ ರೋಹನ್ ಕುಮಾರ್ ಗೆ ವರ್ಮಾರನ್ನು ಕೊಲೆ ಮಾಡುವ ಜವಾಬ್ದಾರಿ ವಹಿಸಿದ್ದ.,"ಅಪರಾಧ ಮಾಡಲು ವೀಳೆಯ ನೀಡುವುದು, ಒಪ್ಪಂದ","Conspiring to commit a crime, agreement",Yes,Darshan R K,2025-02-05 18:23:51
ಸುಪಾರಿ,ಗೃಹ ಸಚಿವರೂ ನನ್ನ ಹತ್ಯೆಗೆ ಸುಪಾರಿ ನೀಡಲಾಗಿದೆ ಎಂಬ ಸುದ್ದಿಯನ್ನು ನಿರಾಕರಿಸಿದ್ದಾರೆ.,"ಅಪರಾಧ ಮಾಡಲು ವೀಳೆಯ ನೀಡುವುದು, ಒಪ್ಪಂದ","Conspiring to commit a crime, agreement",Yes,Darshan R K,2025-02-05 18:23:51
ಸುಪಾರಿ,"ಪತಿ ನಾಗರಾಜ್ ಬದುಕಿದ್ದರೆ ನಮ್ಮ ಅಕ್ರಮ ಸಂಬಂಧ ಮುಂದುವರೆಸುವುದು ಸಾಧ್ಯವಿಲ್ಲ ಎನ್ನುವ ನಿರ್ಧಾರಕ್ಕೆ ಬಂದ ಮಮತಾ ಪ್ರಿಯಕರ ಪ್ರಶಾಂತ್ ಜೊತೆ ಚರ್ಚಿಸಿ ಇಬ್ಬರು ಸೇರಿ ಕೊಲೆಗೆ ಸಂಚು ರೂಪಿಸಿದರು ಅದರಂತೆ ಕೊಲೆಗಾರರಿಗೆ ಸುಪಾರಿ ಕೊಡಲು ಎರಡು ತಾಳಿ, ಎರಡು ಚಿನ್ನದ ಕಾಸು, ಚಿನ್ನದ ಗುಂಡುಗಳಿರುವ ಮಾಂಗಲ್ಯಸರವನ್ನು ನೀಡಲು ಮುಂದಾಗಿ ಒಂದೂವರೆ ಲಕ್ಷ ಹಣ ಸೇರಿಸಿದ್ದರು.","ಅಪರಾಧ ಮಾಡಲು ವೀಳೆಯ ನೀಡುವುದು, ಒಪ್ಪಂದ","Conspiring to commit a crime, agreement",Yes,Darshan R K,2025-02-05 18:23:51
ಸುಪಾರಿ,ನಂತರ ಅವರಿಂದ ಸುಪಾರಿ ಕೊಲೆಯ ಕತೆಯನ್ನು ನಾನು ಕೇಳುತ್ತಿದ್ದಂತೆಯೇ ಇದನ್ನು ಪುಸ್ತಕ ಮಾಡುವುದಾಗಿ ಹೇಳಿದ್ದೆ.,"ಅಪರಾಧ ಮಾಡಲು ವೀಳೆಯ ನೀಡುವುದು, ಒಪ್ಪಂದ","Conspiring to commit a crime, agreement",Yes,Darshan R K,2025-02-05 18:23:51
ಸುಪಾರಿ,ಇನ್ನು ಪತ್ರಕರ್ತ ಸುನೀಲ್ ಹೆಗ್ಗರವಳ್ಳಿ ಸುಪಾರಿ ಕೊಲೆಗೆ ಪ್ರಯತ್ನಿಸಿದ್ದರು ಎಂಬ ಈಗಿನ ಆರೋಪದ ಬಗ್ಗೆ ಅವರೇ ಉತ್ತರ ನೀಡುತ್ತಾರೆ ಎಂದು ಮಾಧ್ಯಮಗಳಿಗೆ ತಿಳಿಸಿದ್ದಾರೆ.,"ಅಪರಾಧ ಮಾಡಲು ವೀಳೆಯ ನೀಡುವುದು, ಒಪ್ಪಂದ","Conspiring to commit a crime, agreement",Yes,Darshan R K,2025-02-05 18:23:51
ಸುಪಾರಿ,ಸದ್ಯ ಸುಪಾರಿ ಕಿಲ್ಲರ್ ನನ್ನು ಪೊಲೀಸರು ತೀವ್ರ ವಿಚಾರಣೆಗೆ ಒಳಪಡಿಸುತ್ತಿದ್ದಾರೆ.,"ಅಪರಾಧ ಮಾಡಲು ವೀಳೆಯ ನೀಡುವುದು, ಒಪ್ಪಂದ","Conspiring to commit a crime, agreement",Yes,Darshan R K,2025-02-05 18:23:51
ಸುಪಾರಿ,ತಾನು ಪ್ರೀತಿಸುತ್ತಿದ್ದ ಎನ್ನಾರೈ ಯುವಕನ ಮದುವೆಯಾಗಲು ಕಾನ್‌ಸ್ಟೇಬಲ್ ಪತಿಯನ್ನು ಸುಪಾರಿ ಹಂತಕರ ಮೂಲಕ ಮುಗಿಸಿದ ಪತ್ನಿ,"ಅಪರಾಧ ಮಾಡಲು ವೀಳೆಯ ನೀಡುವುದು, ಒಪ್ಪಂದ","Conspiring to commit a crime, agreement",Yes,Darshan R K,2025-02-05 18:23:51
ಸುಪಾರಿ,ಕಳೆದ ವರ್ಷ ಸೈಕಲ್ ರವಿ ಬಂಧನವಾದಾಗ ಸಿಸಿಬಿ ಪೋಲಿಸರ ತನಿಖೆಯಲ್ಲಿ ನಟ ಯಶ್ ಅವರ ಹತ್ಯೆಗೆ ಸೈಕಲ್ ರವಿ ಮತ್ತು ಸ್ಲಂ ಭರತ್ ನಿಗೆ ಸುಪಾರಿ ಕೊಟ್ಟಿದ್ದ ವಿಚಾರ ಹೊರ ಬಿದ್ದಿತ್ತು.,"ಅಪರಾಧ ಮಾಡಲು ವೀಳೆಯ ನೀಡುವುದು, ಒಪ್ಪಂದ","Conspiring to commit a crime, agreement",Yes,Darshan R K,2025-02-05 18:23:51
ಸುಪಾರಿ,"ನೀರಿಕ್ಷಿತ ಎಂಬಂತೆ ರವಿ ಬೆಳಗೆರೆ ಶನಿಮುಖಿ ಕೊಲೆಗೆ ಸುಪಾರಿ ಒಂದು ಕೇಡು ಎಂಬ ತಲೆಬರಹದಡಿ ವರದಿ ಪ್ರಕಟಿಸಿದ್ದು, ನೋಟ್ಸ್​ ಫ್ರಮ್​ ಸೆಂಟ್ರಲ್​​ ಜೈಲ್​ ಎಂದು ಬರೆದುಕೊಂಡಿದ್ದಾರೆ.","ಅಪರಾಧ ಮಾಡಲು ವೀಳೆಯ ನೀಡುವುದು, ಒಪ್ಪಂದ","Conspiring to commit a crime, agreement",Yes,Darshan R K,2025-02-05 18:23:51
ಸುಪಾರಿ,"ಸುಪಾರಿ ಹಂತಕ: ಸುಪಾರಿ ಹಂತಕನಾಗಿದ್ದ ಬಿಡ್ಡ, 2016ರಲ್ಲಿ ₹50 ಲಕ್ಷ ಸುಪಾರಿ ಪಡೆದು ಕಾಡುಗೋಡಿಯಲ್ಲಿ ವ್ಯಕ್ತಿಯೊಬ್ಬರನ್ನು ಕೊಲೆ ಮಾಡಿದ್ದ.","ಅಪರಾಧ ಮಾಡಲು ವೀಳೆಯ ನೀಡುವುದು, ಒಪ್ಪಂದ","Conspiring to commit a crime, agreement",Yes,Darshan R K,2025-02-05 18:23:51
ಸುಪಾರಿ,ಅತ್ತಿಗೆಯ ಕೊಲೆಗೆ 2 ಲಕ್ಷ ಸುಪಾರಿ ಕೊಟ್ಟಿದ್ದ ಕಗ್ಗಲಹಳ್ಳಿಯ ನಾಗೇಶ್ ಹಾಗೂ ಸುಪಾರಿ ಪಡೆದು ಕೊಲೆ ಮಾಡಿದ್ದ ಲಕ್ಷ್ಮೀಶನನ್ನು ಬಂಧಿಸಿ ಮುಂದಿನ ತನಿಖೆ ಕೈಗೊಳ್ಳಲಾಗಿದೆ.,"ಅಪರಾಧ ಮಾಡಲು ವೀಳೆಯ ನೀಡುವುದು, ಒಪ್ಪಂದ","Conspiring to commit a crime, agreement",Yes,Darshan R K,2025-02-05 18:23:51
ಸುಪಾರಿ,ಸಾಮಾನ್ಯವಾಗಿ ಸುಪಾರಿ ತೆಗೆದುಕೊಳ್ಳುವವರು ಮಾತ್ರ ಒಂದೇ ಮಾದರಿಯಲ್ಲಿ ಹತ್ಯೆಗೈಯಲ್ಲು ಸಾಧ್ಯವಿರುತ್ತದೆ.,"ಅಪರಾಧ ಮಾಡಲು ವೀಳೆಯ ನೀಡುವುದು, ಒಪ್ಪಂದ","Conspiring to commit a crime, agreement",Yes,Darshan R K,2025-02-05 18:23:51
ಸುಪಾರಿ,"ಸುನೀಲ್ ಹೆಗ್ಗರವಳ್ಳಿ ಹತ್ಯೆಗೆ ಸುಪಾರಿ ನೀಡಿದ ಆರೋಪದ ಸಿಸಿಬಿ ಪೊಲೀಸರು ಕಳೆದ ಶನಿವಾರ ರವಿ ಬೆಳಗೆರೆ ಅವರನ್ನು ಬಂಧಿಸಿದ್ದು, ಆರೋಪಿಯನ್ನು ೧೪ ದಿನಗಳ ಕಾಲ ನ್ಯಾಯಾಂಗ ಬಂಧನ ಒಪ್ಪಿಸಲಾಗಿತ್ತು.","ಅಪರಾಧ ಮಾಡಲು ವೀಳೆಯ ನೀಡುವುದು, ಒಪ್ಪಂದ","Conspiring to commit a crime, agreement",Yes,Darshan R K,2025-02-05 18:23:53
ಸುಪಾರಿ,ಗೌರಿ ಲಂಕೇಶ್ ಹತ್ಯೆಗೆ ಶ್ರೀಗಳೇ ಸುಪಾರಿ ಕೊಟ್ಟಿದ್ದಾರೆ ಎಂದು ಪ್ರೇಮಲತಾ ದಿವಾಕರ್ ದಂಪತಿ ತಮ್ಮ ದೂರಿನಲ್ಲಿ ಶಂಕಿಸಿದ್ದಾರೆ.,"ಅಪರಾಧ ಮಾಡಲು ವೀಳೆಯ ನೀಡುವುದು, ಒಪ್ಪಂದ","Conspiring to commit a crime, agreement",Yes,Darshan R K,2025-02-05 18:23:53
ಸುಪಾರಿ,"ಕೆಲ ದಿನಗಳ ಹಿಂದೆ, ಇದೇ ಹನುಮಂತನಗರದಲ್ಲಿ ಅನೈತಿಕ ಸಂಬಂಧದ ಹಿನ್ನೆಲೆಯಲ್ಲಿ ಆರ್ಟಿಓ ಏಜೆಂಟ್‌ನನ್ನು ಆತನ ಹೆಂಡತಿಯೇ ಸುಪಾರಿ ನೀಡಿ ಕೊಲೆ ಮಾಡಿಸಿದ್ದಳು .","ಅಪರಾಧ ಮಾಡಲು ವೀಳೆಯ ನೀಡುವುದು, ಒಪ್ಪಂದ","Conspiring to commit a crime, agreement",Yes,Darshan R K,2025-02-05 18:23:53
ಸುಪಾರಿ,ಶಿವಕುಮಾರ್ ಅವರು ತಮ್ಮ ತಮ್ಮನ ಹತ್ಯೆಗೆ ಸುಪಾರಿ ನೀಡಿರುವ ಆರೋಪದ ಮೇಲೆ ಜೆಡಿಎಸ್ ಪಕ್ಷದ ವಿರುದ್ಧ ಹರಿಹಾಯ್ದಿದ್ದಾರೆ.,"ಅಪರಾಧ ಮಾಡಲು ವೀಳೆಯ ನೀಡುವುದು, ಒಪ್ಪಂದ","Conspiring to commit a crime, agreement",Yes,Darshan R K,2025-02-05 18:23:53
ಸುಪಾರಿ,ಬೆಂಗ್ಳೂರಲ್ಲಿ ಮತ್ತೊಂದು ಸುಪಾರಿ ಹತ್ಯೆಯ ಸಂಚು ಬಯಲು,"ಅಪರಾಧ ಮಾಡಲು ವೀಳೆಯ ನೀಡುವುದು, ಒಪ್ಪಂದ","Conspiring to commit a crime, agreement",Yes,Darshan R K,2025-02-05 18:23:53
ಸುಪಾರಿ,11: ಸುಪಾರಿ ಪ್ರಕರಣವೊಂದರ ಸಂಬಂಧ ಅಪ್ರಾಪ್ತ ಬಾಲಕನ ಚಿತ್ರ ಪ್ರಸಾರ ಮಾಡಿದ ಆರೋಪದಡಿ ಪಬ್ಲಿಕ್‌ಟಿವಿ ಮುಖ್ಯಸ್ಥ ರಂಗನಾಥ್ ವಿರುದ್ಧ ಮಾನನಷ್ಟ ಮೊಕದ್ದಮೆ ದಾಖಲು ಮಾಡುವುದಾಗಿ ಹಾಯ್ ಬೆಂಗಳೂರು ಸಂಪಾದಕ ರವಿಬೆಳಗೆರೆ ಹೇಳಿದ್ದಾರೆ.,"ಅಪರಾಧ ಮಾಡಲು ವೀಳೆಯ ನೀಡುವುದು, ಒಪ್ಪಂದ","Conspiring to commit a crime, agreement",Yes,Darshan R K,2025-02-05 18:23:53
ಸುಪಾರಿ,ನಗರದ ಖಾಸಗಿ ಹೋಟೆಲ್​ನಲ್ಲಿ ಮಾತನಾಡಿದ ಯಶ್​ ಪದೇ ಪದೇ ನನ್ನ ಕೊಲೆಗೆ ಸುಪಾರಿ ನೀಡಲಾಗಿದೆ ಎಂಬ ಸುದ್ದಿಗಳು ಬರುತ್ತಿರುವಾಗ ನಾನು ಸುಮ್ಮನೆ ಇರದೆ ಮಾತಾಡಲೇ ಬೇಕಾದ ಅನಿವಾರ್ಯತೆ ಬಂದಿದೆ.,"ಅಪರಾಧ ಮಾಡಲು ವೀಳೆಯ ನೀಡುವುದು, ಒಪ್ಪಂದ","Conspiring to commit a crime, agreement",Yes,Darshan R K,2025-02-05 18:23:53
ಸುಪಾರಿ,ಈಗಿದ್ದು ನನ್ನ ವಿರುದ್ಧ ಸುಪಾರಿ ನೀಡುವ ಸುದ್ದಿ ಕೇಳಿ ಅಶ್ಚರ್ಯ ಹಾಗೂ ಅತಂಕವಾಗುತ್ತಿದೆ ಎಂದು ಹೇಳಿದರು.,"ಅಪರಾಧ ಮಾಡಲು ವೀಳೆಯ ನೀಡುವುದು, ಒಪ್ಪಂದ","Conspiring to commit a crime, agreement",Yes,Darshan R K,2025-02-05 18:23:53
ಹಸಿ,"ಎ ಮೂಳಾ, ಹಂಗ ಹೊಂಟೆಲ್ಲ, ಅಟು ಖಬರೈತಿಲ್ಲ ನಿಂಗ, ಮಗಳ ಹಸಿ ಮೈಯ್ಯಾಕಿ ಆದಾಳ ಅನ್ನೂದರ ಗೊತ್ತೈತಿಲ್ಲೋ.",ಆಹಾರವನ್ನು ಬಯಸು,Hunger,Yes,Darshan R K,2025-02-05 18:53:19
ಹಸಿ,ಹೊಟ್ಟೆ ಹಸಿ ದಾಗ ಏಕೆ ಅಸಾಧ್ಯ ಸಂಕಟವಾಗುತ್ತದೆ?,ಆಹಾರವನ್ನು ಬಯಸು,Hunger,Yes,Darshan R K,2025-02-05 18:53:19
ಹಸಿ,ಅಲ್ಲಿ ಗ್ರಾಹಕನೊಬ್ಬ ಆಹಾರ ತರಿಸಿಕೊಂಡಿದ್ದ… ಆಗ ಆತನ ತಟ್ಟೆಯಲ್ಲಿದ್ದ ಹಸಿ ಮಾಂಸದ ತುಂಡೊಂದು ನಿಧಾನಕ್ಕೆ ತೆವಳುತ್ತಾ ಮುಂದೆ ಮುಂದೆ ಬಂದು ಟೇಬಲ್ ನಿಂದ ಕೆಳಕ್ಕೆ ಬೀಳುತ್ತದೆ.,ಆಹಾರವನ್ನು ಬಯಸು,Hunger,Yes,Darshan R K,2025-02-05 18:53:19
ಹಸಿ,ಬೇಸಾಯ ಸಿಗುತ್ತಿದ್ದಂತೆ ಹೊಲ ದಲ್ಲಿ ಹಸಿ ಹೆಚ್ಚಿದ್ದುದನ್ನು ಪರಿಗಣಿಸದೆ ಶೇಂಗಾ ಬಿತ್ತಿದೆ.,ಆಹಾರವನ್ನು ಬಯಸು,Hunger,Yes,Darshan R K,2025-02-05 18:53:19
ಹಸಿ,ಈಗ ಮಳೆ ನೆಚ್ಚಿ ಕೆಲ ರೈತರು ಹಸಿ ಕಡಿಮೆಯಿದ್ದರೂ ಬಿತ್ತನೆ ಮಾಡಿದ್ದರು.,ಆಹಾರವನ್ನು ಬಯಸು,Hunger,Yes,Darshan R K,2025-02-05 18:53:19
ಹಸಿ,ನನ್ನ ಪ್ರಕಾರ ಈ ಕೊಡೆ ಅಮಾವಾಸ್ಯೆ ಅಥವಾ ಕ್ಯಾಲೆಂಡರಿನಲ್ಲಿ ಮಾತ್ರ ಕರೆಸಿಕೊಳ್ಳುವ ಭೀಮನ ಅಮಾವಾಸ್ಯೆ ಭಯಂಕರ ದಾರಿದ್ರ್ಯ ಹುಟ್ಟಿಸುವ ಹಸಿ ಬರದ ಹಬ್ಬ.,ಆಹಾರವನ್ನು ಬಯಸು,Hunger,Yes,Darshan R K,2025-02-05 18:53:20
ಹಸಿ,ಆದರೂ ತನ್ನ ಹಸಿ ವಿನ ಬಗೆಗೆ ಯೋಚಿಸದೇ ಅತಿಥಿಗೆ ಅತ್ಯಾದಾರದಿಂದ ಸತ್ಕಾರ ನಡೆಸಿದಳು.,ಆಹಾರವನ್ನು ಬಯಸು,Hunger,Yes,Darshan R K,2025-02-05 18:53:20
ಹಸಿ,ಇನ್ನು ರಾಜಸ್ಥಾನದ ಟ್ರಕ್ ಚಾಲಕ ಅಪ್ಪು ರಾಮದೇವ ಹಸಿ ಕೂಡಾ ಸಾವನಪ್ಪಿದ್ದಾಗಿ ಹೇಳಲಾಗಿದೆ.,ಆಹಾರವನ್ನು ಬಯಸು,Hunger,Yes,Darshan R K,2025-02-05 18:53:20
ಹಸಿ,ಹತ್ತಾರು ಕಿಲೋ ಮೀಟರ್ ನಡೆದು ಹಸಿ ಹಸಿ ಮರಗಳನ್ನು ಕಡಿದು ಕಟ್ಟಿಗೆ ತರುವವರು ಮನೆ ಸನಿಹ ಮುಳ್ಳಿನ ಮರ ಉಳಿಸಿದ್ದಾದರೂ ಏಕೆ?,"ಹೊಸದು, ತಾಜಾ",Fresh,Yes,Darshan R K,2025-02-05 19:03:57
ಹಸಿ,"ಬೀನ್ಸ್‌ 100ರಿದ 120, ಹಿರೇಕಾಯಿ, ಬೆಂಡೆ, ನವಿಲುಕೋಸು, ಹಸಿ ಮೆಣಸಿನಕಾಯಿ, ಕ್ಯಾರೆಟ್‌ ಕೆಜಿಗೆ ತಲಾ ರೂ.","ಹೊಸದು, ತಾಜಾ",Fresh,Yes,Darshan R K,2025-02-05 19:03:57
ಹಸಿ,ಕೆಲವು ಮಕ್ಕಳು ಹಸಿ ಕ್ಯಾರೆಟ್ ಕೊರಕು ಸಿದ್ಧರಿದ್ದಾರೆ - ಇದು ಒಂದು ಆಟಿಕೆ ಮತ್ತು ಹಲ್ಲುಗಳು ಸಿಮ್ಯುಲೇಟರ್ ಮಾಹಿತಿ ನೀಡಬಹುದು.,"ಹೊಸದು, ತಾಜಾ",Fresh,Yes,Darshan R K,2025-02-05 19:03:57
ಹಸಿ,"ಆಹಾರದಲ್ಲಿ ಹಸಿ ತರಕಾರಿ, ಹಣ್ಣುಗಳ ಸೇವನೆ ಇರಲಿ.","ಹೊಸದು, ತಾಜಾ",Fresh,Yes,Darshan R K,2025-02-05 19:03:57
ಹಸಿ,ಹಸಿ ಪಪ್ಪಾಯಿ ಸೇವನೆ ಮಾಡುವುದು ಒಳ್ಳೆಯದು.,"ಹೊಸದು, ತಾಜಾ",Fresh,Yes,Darshan R K,2025-02-05 19:03:57
ಹಸಿ,ಅನ್ನಾಹಾರವನ್ನು ತೊರೆದ ಆಕೆ ಪರ್ಣಕುಟಿಯಲ್ಲಿ ನೆಲೆಸಿ ಬದುಕಲು ದಿನ ಒಂದು ಹಸಿ ಎಲೆಯನ್ನಷ್ಟೆ ತಿಂದಳು.,"ಹೊಸದು, ತಾಜಾ",Fresh,Yes,Darshan R K,2025-02-05 19:03:57
ಹಸಿ,ಪರಿಸರ ಶುಚಿತ್ವ ಕಾಪಾಡುವುದು ಹಾಗೂ ಘನತ್ಯಾಜ್ಯವನ್ನು ಸಮರ್ಪಕವಾಗಿ ವಿಲೇವಾರಿ ಮಾಡುವಲ್ಲಿ ಹಸಿ ಹಾಗೂ ಒಣಕಸವನ್ನು ಬೇರ್ಪಡಿಸಿ ನೀಡುವ ವೈಜ್ಞಾನಿಕ ರೂಪವನ್ನು ಅನುಸರಿಸುವ ನಿಟ್ಟಿನಲ್ಲಿ ಎಲ್ಲರೂ ಕೈಜೋಡಿಸಬೇಕೆಂದು ಎಂದು ಜಿಲ್ಲಾಧಿಕಾರಿ ಅನೀಸ್ ಕಣ್ಮಣಿ ಜಾಯ್ ಅವರು ಮನವಿ ಮಾಡಿದ್ದಾರೆ.,"ಹೊಸದು, ತಾಜಾ",Fresh,Yes,Darshan R K,2025-02-05 19:03:57
ಹಸಿ,ಹಸಿ ಮೊಟ್ಟೆಯನ್ನು ಕೂಡ ಸೇವನೆ ಮಾಡುವುದು ಒಳ್ಳೆಯದಲ್ಲ ಕೆಲವು ವ್ಯಕ್ತಿಗಳು ತಮ್ಮ ದೇಹದಾರ್ಡತೆ ಸಾಮರ್ಥ್ಯವನ್ನು ಪ್ರದರ್ಶಿಸಲು ಹಸಿ ಮೊಟ್ಟೆ ಒಡೆದು ನೇರವಾಗಿ ಬಾಯಿಗೆ ಹಾಕಿಕೊಳ್ಳುತ್ತಾರೆ ಆದರೆ ಒಳ್ಳೆಯದಲ್ಲ ಮೊಟ್ಟೆಯಲ್ಲಿ ಕೆಲವು ಮಾರಕ ಬ್ಯಾಕ್ಟೀರಿಯಾಗಳು ಇರುತ್ತವೆ ಹಾಗಾಗಿ ಹಸಿಯಾಗಿ ಮೊಟ್ಟೆ ಸೇವಿಸಿದರೆ ಈ ಬ್ಯಾಕ್ಟೀರಿಯಾಗಳು ಅನಾರೋಗ್ಯವನ್ನು ತರುತ್ತವೆ.,"ಹೊಸದು, ತಾಜಾ",Fresh,Yes,Darshan R K,2025-02-05 19:03:57
ಹಸಿ,* 1000 ಗ್ರಾಮ ಪಂಚಾಯಿತಿಗಳಲ್ಲಿ ಘನತ್ಯಾಜ್ಯ ವಿಲೇವಾರಿಗಾಗಿ ಒಣ ಮತ್ತು ಹಸಿ ತ್ಯಾಜ್ಯವನ್ನು ವಿಂಗಡಿಸಿ ಒಣ ಕಸ ಮರುಬಳಕೆ ಹಾಗೂ ಹಸಿ ಕಸವನ್ನು ಗೊಬ್ಬರವಾಗಿ ಪರಿವರ್ತಿಸುವ ಸ್ವಚ್ಛಮೇವ ಜಯತೆ ಆಂದೋಲನ.,"ಹೊಸದು, ತಾಜಾ",Fresh,Yes,Darshan R K,2025-02-05 19:03:57
ಹಸಿ,ಹಸಿ ಮೆಣಸಿನಕಾಯಿಯಲ್ಲಿ ಸಿಲಿಕಾನ್ಸ್ ಅಂಶವಿದ್ದು ಇದು ತಲೆಬುಡದಲ್ಲಿ ರಕ್ತ ಸಂಚಾರ ಚೆನ್ನಾಗಿ ನಡೆಯುವಂತೆ ಮಾಡುವುದರಿಂದ ಕೂದಲಿನ ಬುಡ ಬಲವಾಗುವುದು.,"ಹೊಸದು, ತಾಜಾ",Fresh,Yes,Darshan R K,2025-02-05 19:03:57
ಹಸಿ,"ಒಂದು ಬಾಣಲೆಯಲ್ಲಿ ಸ್ವಲ್ಪ ಎಣ್ಣೆ, ಸಾಸಿವೆ, ಹಸಿ ಮೆಣಸು ಹಾಗೂ ಕರಿಬೇವು ಹಾಕಿ ಒಗ್ಗರಣೆ ಸಿದ್ಧಪಡಿಸಿಕೊಂಡು, ಅದನ್ನು ರುಬ್ಬಿಟ್ಟುಕೊಂಡ ಮಿಶ್ರಣಕ್ಕೆ ಹಾಕಬೇಕು.","ಹೊಸದು, ತಾಜಾ",Fresh,Yes,Darshan R K,2025-02-05 19:03:57
ಹಸಿ,"ರೊಟ್ಟಿ, ಉದರಬ್ಯಾಳಿ ಪಲ್ಲೇ, ಜುಣಕದ ಚಕಳಿ, ಶೇಂಗಾ ಚಟ್ನಿ, ಕೆನಿ ಮೊಸರಾ, ಕಡ್ಕೊಳ್ಳಾಕ ಗಜ್ಜರಿ, ಸೌತಿಕಾಯಿ, ಉಳ್ಳೆಗಡ್ಡಿ, ಕರಿದ ಹಸಿ ಮೆಣಿಸಿನ ಕಾಯಿ, ಅನ್ನ, ಖಾರಬ್ಯಾಳಿ, ಭರಟಿ ಒಳಗಿನ ಮಾವಿನ ಉಪ್ಪಿನಕಾಯಿ, ಮೊಸರನ್ನ, ಬಾನಾ, ನುಚ್ಚ ಎಲ್ಲಾ ಜಬರದಸ್ತ ಊಟಾ ಹೊಡದ ಮುಗಿಸಿದಿವಿ.","ಹೊಸದು, ತಾಜಾ",Fresh,Yes,Darshan R K,2025-02-05 19:03:57
ಹಸಿ,ಪ್ರಸ್ತುತ ಇರುವ ಹಸಿ ಮೀನು ಮಾರುಕಟ್ಟೆಯಲ್ಲಿ ಮೂಲ ಸೌಕರ್ಯಗಳಿಲ್ಲದೇ ಮೀನು ವ್ಯಾಪಾರ ನಡೆಯುತ್ತಿಲ್ಲ.,"ಹೊಸದು, ತಾಜಾ",Fresh,Yes,Darshan R K,2025-02-05 19:03:57
ಹಸಿ,"ಸೆಕ್ಸ್ ಗೂ ಮೊದಲು ತೆಗೆದುಕೊಳ್ಳುವ ಆಹಾರದಲ್ಲಿ ಹಸಿ ತರಕಾರಿ, ಕಹಿ, ವಗರು ರುಚಿ ಇರುವ ಆಹಾರ ತೆಗೆದುಕೊಳ್ಳುವುದಕ್ಕಿಂತ ಸ್ವೀಟ್ಸ್ ತೆಗೆದುಕೊಳ್ಳುವುದು ಉತ್ತಮ ಎನ್ನುತ್ತಿದ್ದಾರೆ ವೈದ್ಯರು.","ಹೊಸದು, ತಾಜಾ",Fresh,Yes,Darshan R K,2025-02-05 19:03:57
ಹಸಿ,"ಅಶ್ವತ್ಥಕಟ್ಟೆ ಮೇಲಿನ ಅರಳಿ ಮರ, ನಾಗರಕಲ್ಲಿಗೆ ಹಸಿ ದಾರ ಕಟ್ಟುವುದು, ಹುತ್ತದ ಕೋವಿಗಳಿಗೆ ಹಾಲು ಬಿಡುವುದು, ನಾಗರಕಲ್ಲುಗಳಿಗೆ ಅರಿಶಿನ ಕುಂಕುಮ ಹಚ್ಚಿ ಪೂಜೆ ಮಾಡುತ್ತಿದ್ದ ದೃಶ್ಯಗಳು ಅಲ್ಲಲ್ಲಿ ಕಂಡು ಬಂತು.","ಹೊಸದು, ತಾಜಾ",Fresh,Yes,Darshan R K,2025-02-05 19:03:57
ಹಸಿ,ಅಪ್ಪಿತಪ್ಪಿಯೂ ಇಂತಹ ಹಸಿ ಆಹಾರಗಳನ್ನು ತಿನ್ನಬೇಡಿ-ಇವೆಲ್ಲಾ ಆರೋಗ್ಯಕ್ಕೆ ಬಹಳ ಅಪಾಯಕಾರಿ!,"ಹೊಸದು, ತಾಜಾ",Fresh,Yes,Darshan R K,2025-02-05 19:03:57
ಹಸಿ,ಹಸಿ ತರಕಾರಿಗಳು ಆರೋಗ್ಯ ವೃದ್ಧಿಗೆ ಬಹಳ ಪೂರಕ ಹಾಗೂ ಅವುಗಳನ್ನು ಸೇವಿಸಲು ಯಾವುದೇ ಕಾಲ ಎಂಬುದಿಲ್ಲ.,"ಹೊಸದು, ತಾಜಾ",Fresh,Yes,Darshan R K,2025-02-05 19:03:57
ಹಸಿ,ದಿನಕ್ಕೆ ಮೂರು ಬಾರಿ ಹಸಿ ಕ್ಯಾರೆಟ್ ಅಥವಾ ಕ್ಯಾರೆಟ್ ಜ್ಯೂಸ್ ಅನ್ನು ಸೇವಿಸುವುದು ನಿಮ್ಮ ಮುಟ್ಟನ್ನು ನಿಯಮಿತ ಗೊಳಿಸುತ್ತದೆ.,"ಹೊಸದು, ತಾಜಾ",Fresh,Yes,Darshan R K,2025-02-05 19:03:57
ಹಸಿ,ಹಸಿ ಮಾವಿನ ಕಾಯಿಯನ್ನು ಉದ್ದವಾಗಿ ಕತ್ತರಿಸಿ ಚಿಕ್ಕ ಚಿಕ್ಕ ಹೋಳುಗಳನ್ನಾಗಿ ಮಾಡಿ ಉಪ್ಪನ್ನು ಸವರಿ ಬಿಸಿಲಿನಲ್ಲಿ ಒಣಗಿಸಲಾಗುತ್ತಿದೆ.,"ಹೊಸದು, ತಾಜಾ",Fresh,Yes,Darshan R K,2025-02-05 19:03:57
ಹಸಿ,ಷಷ್ಠಿ ತಿಥಿಯಂದು ಹಸಿ ತರಕಾರಿ ಸೇವನೆ ಮಾಡಿದ್ರೆ ಆರೋಗ್ಯ ಪ್ರಾಪ್ತಿಯಾಗಲಿದೆ.,"ಹೊಸದು, ತಾಜಾ",Fresh,Yes,Darshan R K,2025-02-05 19:03:57
ಹಸಿ,"ಅನುಮತಿ ಮಿತವಾಗಿ ನೇರ ಮೀನು, ಕೀಟಗಳು, ಸೀಗಡಿ, ಸ್ಕ್ವಿಡ್ ಮತ್ತು ಹಸಿ ಮಾಂಸವನ್ನು ಬಳಸಲು ನೀಡಲಾಗುತ್ತದೆ.","ಹೊಸದು, ತಾಜಾ",Fresh,Yes,Darshan R K,2025-02-05 19:03:57
ಹಸಿ,l ಹಸಿ ಹಾಲು ಅತ್ಯುತ್ತಮ ಮತ್ತು ಅತ್ಯಂತ ಸರಳವಾದ ಮಾರ್ಗ.,"ಹೊಸದು, ತಾಜಾ",Fresh,Yes,Darshan R K,2025-02-05 19:03:57
ಹಸಿ,ಎರಡು ಮೂರು ಗಂಟೆಗಳ ಅಂತರದಲ್ಲಿ ಹಣ್ಣು ಅಥವಾ ಹಸಿ ತರಕಾರಿಗಳನ್ನು ತಿನ್ನಿ.,"ಹೊಸದು, ತಾಜಾ",Fresh,Yes,Darshan R K,2025-02-05 19:03:57
ಹಸಿ,ಬಗ್ಗೆ ಇದ್ದ ಅಭಿಪ್ರಾಯಗಳು ಮತ್ತು ಹಸಿ ಹಸಿ ಭಾವಗಳೆಲ್ಲಿ ಹೊಸದುರಿಂದ ಓವರ್-ರೈಡ್ ಆಗಿಬಿಡುತ್ತವೆಯೋ ಅನ್ನೋ ಭಯ.,"ಹೊಸದು, ತಾಜಾ",Fresh,Yes,Darshan R K,2025-02-05 19:03:57
ಹಸಿ,"ಸಮಯ 2 ಗಂಟೆ : ಇನ್ನು ಮುಂದೆ ಸಾರ್ವಜನಿಕರಾಗಲಿ, ಮನೆಯವರಾಗಲಿ ಮೂಲದಲ್ಲೇ ಒಣ ಹಾಗೂ ಹಸಿ ತ್ಯಾಜ್ಯವನ್ನು ಬೇರ್ಪಡಿಸಿ ಪೌರ ಕಾರ್ಮಿಕರಿಗೆ ನೀಡದಿದ್ದರೆ ದಂಡ ವಿಧಿಸಲಾಗುವುದು ಎಂದು ಬಿಬಿಎಂಪಿ ಮೇಯರ್ ಶಾಂತಕುಮಾರಿ ಎಚ್ಚರಿಕೆ ನೀಡಿದ್ದಾರೆ.","ಹೊಸದು, ತಾಜಾ",Fresh,Yes,Darshan R K,2025-02-05 19:03:57
ಹಸಿ,ಹಸಿ ಕೊಬ್ಬರಿ ಹಾಲಿಗೆ ಗ್ಲಿಸರಿನ್ ಬೆರೆಸಿ ಚರ್ಮಕ್ಕೆ ಹಚ್ಚುತ್ತಿದ್ದರೆ ಚರ್ಮ ಮೃದುವಾಗುವುದಲ್ಲದೆ ಹೊಳಪು ಹೆಚ್ಚುವುದು.,"ಹೊಸದು, ತಾಜಾ",Fresh,Yes,Darshan R K,2025-02-05 19:03:57
ಹಸಿ,ಹೀಗಾಗಿ ಅತಿಯಾಗಿ ಹಸಿ ಆಹಾರವನ್ನೇ ಸೇವಿಸುವುದು ಅಜೀರ್ಣ ಮತ್ತು ಹೆೊಟ್ಟೆಯುಬ್ಬರಕ್ಕೆ ಕಾರಣವಾಗುತ್ತದೆ.,"ಹೊಸದು, ತಾಜಾ",Fresh,Yes,Darshan R K,2025-02-05 19:03:57
ಹಸಿ,ಈಗ ನೀಡುತ್ತಿರುವ ಮೇವು ಹಸಿ ಮೇವಾಗಿದ್ದು ನಾವು ತೂಕ ಮಾಡುವುದಿಲ್ಲ ಅಂತ ಅಧಿಕಾರಿಗಳು ಸಬೂಬು ಹೇಳುತ್ತಿದ್ದಾರೆ.,"ಹೊಸದು, ತಾಜಾ",Fresh,Yes,Darshan R K,2025-02-05 19:03:57
ಹಸಿ,"ಸಹ ಭಕ್ಷ್ಯಗಳು ನಯಗೊಳಿಸುವ ಯಶಸ್ವಿಯಾಗಿ, ಹಸಿ ಆಲೂಗಡ್ಡೆ ಬಳಸಬಹುದು ಲಘುವಾಗಿ ಎಣ್ಣೆಯಲ್ಲಿ ಅದ್ದಿ.","ಹೊಸದು, ತಾಜಾ",Fresh,Yes,Darshan R K,2025-02-05 19:03:57
ಹಸಿ,"ಹೊರಗೆ ತಿನ್ನುವಾಗ ಹಸಿ ಪದಾರ್ಥಗಳಾದ ಮಜ್ಜಿಗೆ, ಹೆಚ್ಚಿದ ತರಕಾರಿಗಳನ್ನು ಎಚ್ಚರಿಕೆಯಿಂದ ಸೇವಿಸಬೇಕು.","ಹೊಸದು, ತಾಜಾ",Fresh,Yes,Darshan R K,2025-02-05 19:03:57
ಹಸಿ,ಹಸಿ ತರಕಾರಿಗಳು ೪೦ ಗ್ರಾಂ ೪.,"ಹೊಸದು, ತಾಜಾ",Fresh,Yes,Darshan R K,2025-02-05 19:03:57
ಹಸಿ,"ಫಾರ್ಮಾಥಾನಲ್ಲಿ ಭಾಗವಹಿಸಿದ್ದವರಿಗೆ ಬೆಳಗಿನ ಉಪಹಾರವಾಗಿ ರೈತರು ಬೆಳೆದ ಹಸಿ ಮೂಲಂಗಿ, ಸೌತೆಕಾಯಿ ಹಾಗೂ ಕ್ಯಾರೆಟ್ ನೀಡಿದ್ದ ವಿಶೇಷವಾಗಿತ್ತು.","ಹೊಸದು, ತಾಜಾ",Fresh,Yes,Darshan R K,2025-02-05 19:03:57
ಹಸಿ,ಹಸಿ ಶುಂಠಿಯನ್ನು ಒಣಗಿಸಿದರೆ ಒಣ ಶುಂಠಿ ಆಗುತ್ತದೆ.,"ಹೊಸದು, ತಾಜಾ",Fresh,Yes,Darshan R K,2025-02-05 19:03:57
ಹಸಿ,"ಬೇಲಿ ಕಂಬಗಳಿಗೆ, ಕನಿಷ್ಟ 2000+ ಹಸಿ ಗಿಡ-ಮರಗಳನ್ನು ಕಡಿದು ಹಸಿಕಂಬದ, ಕಳಪೆ ಮಟ್ಟದ ಬೇಲಿ ಮಾಡಿರೋದು‌.","ಹೊಸದು, ತಾಜಾ",Fresh,Yes,Darshan R K,2025-02-05 19:03:58
ಹಸಿ,"ಹಸಿ ಬೀಟ್ ರೂಟ್ ಸೇವಿಸುವುದರಿಂದಾಗಿ, ಹೈಪರ್ ಟೆಕ್ಷನ್ ಮತ್ತು ಹೃದಯ ಸಂಬಂಧಿ ಕಾಯಿಲೆಗಳನ್ನು ತಡೆಯುವುದರಲ್ಲಿಯೂ ಕೂಡ ಇದು ಸಹಕಾರಿಯಾಗಿರುವ ತರಕಾರಿಯಾಗಿದೆ.","ಹೊಸದು, ತಾಜಾ",Fresh,Yes,Darshan R K,2025-02-05 19:03:59
ಹಸಿ,ಹಸಿ ಅಡಕೆಯನ್ನು ಸುಲಿದು 2-3 ತಿಂಗಳು ಸಿಪ್ಪೆಯನ್ನು ಒಣಗಿಸಬೇಕು.,"ಹೊಸದು, ತಾಜಾ",Fresh,Yes,Darshan R K,2025-02-05 19:03:59
ಹಸಿ,"ಪುದೀನಾ ಪನ್ನೀರ್ ಪಲಾವ್ ಮಾಡುವ ವಿದಾನ ಬೇಕಾಗುವ ಸಾಮಾಗ್ರಿಗಳು ಅಕ್ಕಿ 2 ಕಪ್ ಬಟಾಣಿ ಪನ್ನೀರ್ 200 ಗ್ರಾಂ ಪುದೀನಾ 1 ಕಟ್ಟು ಈರುಳ್ಳಿ 2 ಹಸಿ ಮೆಣಸಿನಕಾಯಿ 3-4 ಒಂದು ಇಂಚಿನಷ್ಟು ದೊಡ್ಡದಿರುವ ಶುಂಠಿ ಬೆಳ್ಳುಳ್ಳಿ4 ಲವಂಗ 5 ನೀರು 4 ಕಪ್ ಎಣ್ಣೆ 2 ಚಮಚ ತಂುುಾರಿಸುವ ವಿಧಾನ: * ಬೆಳ್ಳುಳ್ಳಿ, ಶುಂಠಿ, ಪುದೀನಾವನ್ನು ಮಿಕ್ಸಿಂುುಲ್ಲಿ ಹಾಕಿ ಪೇಸ್ಟ್ ಮಾಡಿ ಇಡಿ.","ಹೊಸದು, ತಾಜಾ",Fresh,Yes,Darshan R K,2025-02-05 19:03:59
ಹಸಿ,Home ಕನ್ನಡ ವಾರ್ತೆಗಳು ಕರಾವಳಿ ಹಸಿ ಈರುಳ್ಳಿಯನ್ನು ಸಾಕ್ಸ್ ಒಳಗೆ ಹಾಕಿಕೊಂಡು ಮಲಗಿದರೆ ಏನು ಲಾಭ…ಬಲ್ಲಿರಾ.,"ಹೊಸದು, ತಾಜಾ",Fresh,Yes,Darshan R K,2025-02-05 19:03:59
ಹಸಿ,"ಹಾಲು, ಹಸಿ ಮೊಟ್ಟೆಗಳು, ಮತ್ತು ಜೆಲಾಟಿನ್ ಸಹಾಯದಿಂದ ಹೊಟ್ಟೆಯ ತೊಳೆಯುವುದು ತುರ್ತು ಅವಶ್ಯಕತೆ - ಪರಿಹಾರ ಆಕಸ್ಮಿಕವಾಗಿ ಒಳಗೆ ಹೊಡೆದರೆ.","ಹೊಸದು, ತಾಜಾ",Fresh,Yes,Darshan R K,2025-02-05 19:03:59
ಹಸಿ,"ಹಸಿ ಕಸವನ್ನು ಗಿಡದ ಬುಡಕ್ಕೆ ಹಾಕಿ, ಒಣ ಕಸವನ್ನು ಒಟ್ಟು ಮಾಡಿ ಬೆಂಕಿ ಹಚ್ಚಿ ಬಿಡುತ್ತಿದ್ದೆವು.","ಹೊಸದು, ತಾಜಾ",Fresh,Yes,Darshan R K,2025-02-05 19:04:00
ಹಸಿ,ಗಂಟಲಿನ ಕಿಚ್ ಕಿಚ್ ದೂರಾಗಿಸಲು ವಿಕ್ಸ್ ಗೋಲಿಗಳನ್ನು ತೆಗೆದುಕೊಳ್ಳುವ ಮೊದಲೆ ಹಸಿ ಶುಂಠಿ ಸಕ್ಕರೆ ನಮ್ಮ ಬಾಯಿ ಸೇರಿರುತ್ತದೆ.,"ಹೊಸದು, ತಾಜಾ",Fresh,Yes,Darshan R K,2025-02-05 19:04:00
ಹಸಿ,ಕಾಮಕಸ್ತೂರಿಯ ಹಸಿ ಎಲೆಗಳ ರಸವನ್ನು ಹಿಂಡಿ ಬಟ್ಟೆಯಲ್ಲಿ ಶೋಧಿಸಿ ಜೇನುತುಪ್ಪದಲ್ಲಿ ಬೆರೆಸಿ ನೆಕ್ಕಿದರೆ ಗಂಟಲು ಬೇನೆ ಗುಣಮುಖವಾಗುತ್ತದೆ.,"ಹೊಸದು, ತಾಜಾ",Fresh,Yes,Darshan R K,2025-02-05 19:04:00
ಹಸಿ,"ಬೇಕಾಗುವ ಸಾಮಗ್ರಿ: ನೀರು ದೋಸೆ- ಎಂಟು, ಈರುಳ್ಳಿ- ಒಂದು, ಹಸಿ ಮೆಣಸಿನಕಾಯಿ- ಎರಡು, ಸಕ್ಕರೆ- ಒಂದು ಚಮಚ, ತೆಂಗಿನ ತುರಿ- ನಾಲ್ಕು ಚಮಚ, ಮೆಣಸಿನ ಹುಡಿ- ಅರ್ಧ ಚಮಚ, ಕರಿಬೇವು- ಎರಡು ಗರಿ, ಅರಸಿನ ಹುಡಿ- ಸ್ವಲ್ಪ, ತುಪ್ಪ- ಎರಡು ಚಮಚ, ಸಾಸಿವೆ- ಒಂದು ಚಮಚ, ಉದ್ದಿನ ಬೇಳೆ- ಒಂದು ಚಮಚ, ರುಚಿಗೆ ಉಪ್ಪು.","ಹೊಸದು, ತಾಜಾ",Fresh,Yes,Darshan R K,2025-02-05 19:04:00
ಹಸಿ,ಒಳಗಡೆಯಿಂದ ಹಸಿ ಇಟ್ಟಿಗೆಯ ವೇದಿಕೆಯಿಂದ ಅನುಬಂಧಿಸಲಾಗಿದೆ.,"ಹೊಸದು, ತಾಜಾ",Fresh,Yes,Darshan R K,2025-02-05 19:04:00
ಹಸಿ,ಹಸಿ ಮೊಟ್ಟೆಯ ಬಿಳಿ ಭಾಗವನ್ನು ನಿಮ್ಮ ತಲೆ ಕೂದಲು ಮತ್ತು ಬುರುಡೆಯ ಮೇಲೆ ಹಾಕಿ ಚೆನ್ನಾಗೆ 40 ನಿಮಿಷಗಳ ಕಾಲ ಮಸಾಜ್ ಮಾಡುವುದರಿಂದ ನಿಮ್ಮ ತಲೆ ಕೂದಲಿಗೆ ಬೇಕಾದ ಪೋಷಕಾಂಶಗಳನ್ನ ಒದಗಿಸುವುದರ ಜೊತೆ ಸೀಳು ಕೂದಲ ಸಮಸ್ಯೆಯನ್ನು ದೂರ ಮಾಡುತ್ತದೆ .,"ಹೊಸದು, ತಾಜಾ",Fresh,Yes,Darshan R K,2025-02-05 19:04:00
ಹಸಿ,ಒಂದು ಚಮಚ ತೆಂಗಿನೆಣ್ಣೆ ಮತ್ತು ಸ್ವಲ್ಪ ನಿಂಬೆ ರಸ ಹಾಗೂ ಸ್ವಲ್ಪ ಹಸಿ ಹಾಲನ್ನು ಒಟ್ಟಿಗೆ ಮಿಶ್ರಣ ಮಾಡಿರಿ.,"ಹೊಸದು, ತಾಜಾ",Fresh,Yes,Darshan R K,2025-02-05 19:04:00
ಹಸಿ,ಜಿ 650 ಗ್ರಾಂ ತೂಕದ ಹಸಿ ಗಾಂಜಾ ಹಾಗೂ ಆರೋಪಿತನನ್ನು ವಶಕ್ಕೆ ಪಡೆದುಕೊಂಡು ಆರೋಪಿತನನ್ನು ಮಾನ್ಯ ನ್ಯಾಯಾಂಗ ಬಂಧನಕ್ಕೆ ಒಪ್ಪಿಸಲಾಗಿದೆ.,"ಹೊಸದು, ತಾಜಾ",Fresh,Yes,Darshan R K,2025-02-05 19:04:00
ಹಸಿ,ಶಾಲೆಯಲ್ಲಿನ ಕಾರ‍್ಯಕ್ರಮಗಳು ಮುಗಿದ ಮೇಲೆ ಅರಳು (ಮಂಡಕ್ಕಿ) ಹಾಗೂ ಹಸಿ ಕೊಬ್ಬರಿ ಚೂರುಗಳನ್ನು ಬೆರೆಸಿ ಕೊಡುತ್ತಿದ್ದರು.,"ಹೊಸದು, ತಾಜಾ",Fresh,Yes,Darshan R K,2025-02-05 19:04:00
ಹಸಿ,"ಕಾಡಿನ ವಾತಾವರಣಕ್ಕೆ ತಕ್ಕಂತೆ ಈ ಸಿಂಹವನ್ನು ರೂಪಿಸಲು ಘಟಕದವರು ಪ್ರಯತ್ನ ಪಟ್ಟಿದ್ದು, ಹಸಿ ಮಾಂಸವನ್ನು ತಿನ್ನಲೇನೋ ಸಿಂಹ ಬೇಗನೆ ಕಲಿತಿದೆ.","ಹೊಸದು, ತಾಜಾ",Fresh,Yes,Darshan R K,2025-02-05 19:04:00
ಹಸಿ,ಹಸಿ ಬಾಳೆಯ ಸಿಗಳನ್ನು ಕೊಟ್ಟೆಯನ್ನಾಗಿಸಿ ಅದರಲ್ಲು ಕಡುಬನ್ನು ಮಾಡಬಹುದು.,"ಹೊಸದು, ತಾಜಾ",Fresh,Yes,Darshan R K,2025-02-05 19:04:00
ಹಸಿ,"ಕರೆಂಟು ಕಂಬಗಳು ಹಸಿ ಗಿಡಗಳಂತೆ ಬಾಗಿದರೂ,","ಹೊಸದು, ತಾಜಾ",Fresh,Yes,Darshan R K,2025-02-05 19:04:00
ಹುಟ್ಟು,ಟಾಲಿವುಡ್ ಮೋಸ್ಟ್ ಹ್ಯಾಂಡ್ಸಮ್ ನಟ ವಿಜಯ್ ದೇವರಕೊಂಡ ಇದೇ ತಿಂಗಳ ಮೇ 9 ರಂದು ಹುಟ್ಟು ಹಬ್ಬವನ್ನು ಆಚರಿಸಿಕೊಂಡರು.,ಜನನ,be born,Yes,a,2025-02-07 21:25:45
ಹುಟ್ಟು,ಮದರಸಾ ಶಿಕ್ಷಣವನ್ನು ಪಡೆಯುತ್ತಿರುವ ಅಸಂಖ್ಯಾತ ಮುಸಲ್ಮಾನರು ತಮ್ಮ ಮದರಸಾ ಶಿಕ್ಷಣಗಳನ್ನೇ ತಿರುಚಿ ಕೆಲವು ಮದರಸಾಗಳು ಜಿಹಾದ್ ಪಾಠವನ್ನು ಹೇಳಿಕೊಡುವ ಮೂಲಕ ಉಗ್ರರನ್ನು ಹುಟ್ಟು ಹಾಕುತ್ತಿದೆ.,ಜನನ,be born,Yes,a,2025-02-07 21:25:45
ಹುಟ್ಟು,"ಎಡ ಪಂಥವು ಹಲವು ಹತ್ತು ದೇಶಗಳಲ್ಲಿ ಮರು ಹುಟ್ಟು ಪಡೆಯುವಂತಹ ಸ್ಪೂರ್ತಿ ತುಂಬುವ ಭರವಸೆ ಇತರರಲ್ಲಿ ಮೂಡಲು ಕಾರಣವಾಗಿದ್ದ ಎಡ ಪಕ್ಷಗಳು ಇತ್ತೀಚಿನವರೆಗೆ ಅಧಿಕಾರದಲ್ಲಿದ್ದ ಲ್ಯಾಟಿನ್ ಅಮೇರಿಕಾದಲ್ಲಿ, ಒಂದರ ನಂತರ ಮತ್ತೊಂದು ದೇಶದಲ್ಲಿ ಬಲ ಪಂಥೀಯ ಸರ್ಕಾರಗಳು ಅಧಿಕಾರಕ್ಕೆ ಬಂದಿವೆ.",ಜನನ,be born,Yes,a,2025-02-07 21:25:45
ಹುಟ್ಟು,ಈ ಶಾಸಕರ ಜೊತೆ ಶ್ರೀಮಂತ್ ಬಾಳಾಸಾಹೇಬ್ ಪಾಟೀಲ್ ಕಾಣಿಸಿಕೊಂಡಿರುವುದು ಹಲವು ಪ್ರಶ್ನೆಗಳನ್ನು ಹುಟ್ಟು ಹಾಕಿದೆ.,ಜನನ,be born,Yes,a,2025-02-07 21:25:45
ಹುಟ್ಟು,ಕೊಕ್ಕರ್ಣೆ ಸರಕಾರಿ ಶಾಲೆಯ ಹುಟ್ಟು ಯಾವಾಗ ಎನ್ನುವ ನಿಖರವಾದ ಮಾಹಿತಿ ದೊರೆತಿಲ್ಲ.,ಜನನ,be born,Yes,a,2025-02-07 21:25:45
ಹುಟ್ಟು,ಪ್ರಕಾಶ್ ರೈ ಹುಟ್ಟು ಕಲಾವಿದ.,ಜನನ,be born,Yes,a,2025-02-07 21:25:45
ಹುಟ್ಟು,"ಕಾರ್ಯಕ್ರಮ ಉದ್ಘಾಟಿಸಿ ಮಾತನಾಡಿದ ಫಾ ಇಸಾಕ್, ದೇವ ಒಬ್ಬ ನಾಮಗಳು ಹಲವು ದುಷ್ಟರನ್ನು ಶಿಕ್ಷಿಸಲು ಸಿಸ್ಟರನ್ನು ರಕ್ಷಿಸಲು ದೇವರು ಜನಿಸಿದರು ಮಾನವ ಹುಟ್ಟುವ ಮೊದಲು ಬರಿ ಸೂನ್ಯ ಮಾನವನ ಜೀವನಕ್ಕೆ ಅರ್ಥ ಸಿಗುವುದು ಈ ಹುಟ್ಟು ಸಾವಿನ ಮದ್ಯ ನೆಡೆಸುವ ಜೀವನದ ಪರಿಯಲ್ಲಿ ಅಡಕವಾಗಿರುತ್ತದೆ ಎಂದರು.",ಜನನ,be born,Yes,a,2025-02-07 21:25:45
ಹುಟ್ಟು,ಸ್ವಾತಂತ್ರ್ಯ ಸಂಗ್ರಾಮದಲ್ಲಿ ಭಾಗವಹಿಸಿದ ಮಕ್ಕಳ ವಾನರಸೇನೆ ಯನ್ನು ಹುಟ್ಟು ಹಾಕಿದವರಾರು?,ಜನನ,be born,Yes,a,2025-02-07 21:25:45
ಹುಟ್ಟು,- ಮಗು ನೋವು ಹುಟ್ಟು ತಿನ್ನಲು ಆರಂಭವಾಗುತ್ತದೆ.,ಜನನ,be born,Yes,a,2025-02-07 21:25:45
ಹುಟ್ಟು,370ನೇ ವಿಧಿಯ ವಿರುದ್ಧ ಮೊದಲು ಧ್ವನಿ ಎತ್ತಿಿದವರು ಮತ್ತು ಜನಾಂದೋಲನವನ್ನು ಹುಟ್ಟು ಹಾಕಿದವರು ಇವರೇ.,ಜನನ,be born,Yes,a,2025-02-07 21:25:45
ಹುಟ್ಟು,"ಆದ್ರೆ, ನಿನ್ನೆ ನಡೆದ ಒಂದು ಘಟನೆ ಅವರಿಗೆ ನೆಗೆಟಿವ್ ಆಗುವ ಸಾಧ್ಯತೆ ಇದೆ ಅನ್ನೋ ಚರ್ಚೆ ಹುಟ್ಟು ಹಾಕಿದೆ.",ಜನನ,be born,Yes,a,2025-02-07 21:25:45
ಹುಟ್ಟು,ಪರ ವಿರೋಧದ ಚರ್ಚೆಯೇ ಸುಭಾಷರ ಸಾವಿನೊಟ್ಟಿಗೆ ಹುಟ್ಟು ಪಡೆದಿದೆ.,ಜನನ,be born,Yes,a,2025-02-07 21:25:45
ಹುಟ್ಟು,"ಹುಟ್ಟು ಹೋರಾಟಗಾರರಾಗಿರುವ ಬಿಎಸ್‍ವೈ, ರಾಜ್ಯದಲ್ಲಿ ಪಕ್ಷವನ್ನು ಶೂನ್ಯದಿಂದ ಕಟ್ಟಿ ಬೆಳೆಸಿ ಇಲ್ಲಿಯವರೆಗೆ ತಂದಿರುವುದು ಇತಿಹಾಸ.",ಜನನ,be born,Yes,a,2025-02-07 21:25:45
ಹುಟ್ಟು,ಹಿಂದೂ ಧರ್ಮದಲ್ಲಿ ಮಠಗಳನ್ನು ಆದಿಶಂಕರಾಚಾರ್ಯರು ಹುಟ್ಟು ಹಾಕಿದರು ಎಂದು ಹೇಳಲಾ ಗುತ್ತದೆ.,ಜನನ,be born,Yes,a,2025-02-07 21:25:45
ಹುಟ್ಟು,"ರಾಜಕಾರಣಿಯೊಬ್ಬರು ಮೈಕ್ ಮುಂದೆ ನಿಂತು ವದೂ ವರರಿಗೆ ಶುಭಹಾರೈಸುವಾಗ ಜನಾರ್ಧನ ರೆಡ್ಡಿ ಮಗಳಿಗೆ ವಿವಾಹದ ಶುಭಾಶಯ ಎನ್ನುವ ಬದಲು, ಹುಟ್ಟು ಹಬ್ಬದ ಶುಭಾಷಯ ಎಂದು ಎಡವಟ್ಟು ಮಾಡಿಕೊಂಡರು.",ಜನನ,be born,Yes,a,2025-02-07 21:25:45
ಹುಟ್ಟು,"synovium ಅಂಗಾಂಶದ ರೋಗದ ಅಭಿವೃದ್ಧಿ ಶೀಘ್ರದಲ್ಲೇ ಅನೇಕ ಸಾಮಾನ್ಯ ಗೆಡ್ಡೆಗಳು ಹುಟ್ಟು ಮತ್ತು ಜಾಗವನ್ನು ವಕ್ರತೆಯ ಕಾರಣವಾಗುತ್ತದೆ ಅಧಿಕ ರಚನೆ, ಸ್ವಾಧೀನಪಡಿಸಿಕೊಳ್ಳಲು.",ಜನನ,be born,Yes,a,2025-02-07 21:25:45
ಹುಟ್ಟು,ಯಾರು ಹೊಸದೊಂದು ಕ್ರಾಂತಿಯನ್ನು ಹುಟ್ಟು ಹಾಕುತ್ತಾರೋ ನನ್ನ ಜತೆ ಬನ್ನಿ ಎಂಬ ಅರ್ಥದಲ್ಲಿ ಕರೆ ನೀಡಿದ್ದಾರೆ.,ಜನನ,be born,Yes,a,2025-02-07 21:25:45
ಹುಟ್ಟು,ಜೊತೆಗೆ ಇಷ್ಟ ಪಟ್ಟು ನಾವೇ ಹುಟ್ಟು ಹಾಕುತ್ತೇವೆ ಎಂದರೆ ಅದೂ ಕೂಡ ಮಾಡಬಹದು.,ಜನನ,be born,Yes,a,2025-02-07 21:25:45
ಹುಟ್ಟು,ಈ ಮೊಟ್ಟೆಯಿಂದ ಕೀಟಗಳು ಹಿಂದಿನ ಕೀಟಗಳ ಬಿಟ್ಟು ಹುಟ್ಟು ಸಾಧ್ಯತೆಯನ್ನು ಕಾರಣ.,ಜನನ,be born,Yes,a,2025-02-07 21:25:45
ಹುಟ್ಟು,ನೀವು ನಿಮ್ಮ ಹುಟ್ಟು ಹಬ್ಬವನ್ನು ಆಚರಿಸಿಕೊಳ್ಳುತ್ತೀರಾ?,ಜನನ,be born,Yes,a,2025-02-07 21:25:45
ಹುಟ್ಟು,ಗುರುವಾರ ನಗರದ ಕಾಕಿ ಜನಸೇವಾ ಸಂಸ್ಥೆ ಕಾರ್ಯಾಲಯದಲ್ಲಿ ಅವರ ಹುಟ್ಟು ಹಬ್ಬದ ಪ್ರಯುಕ್ತ ಸರ್ಕಾರಿ ಶಾಲೆಯಲ್ಲಿ ಓದುತ್ತಿರುವ 50ಕ್ಕೂ ಹೆಚ್ಚು ಬಡ ವಿದ್ಯಾರ್ಥಿಗಳಿಗೆ ಉಚಿತವಾಗಿ ಪಠ್ಯಪುಸ್ತಕ ಹಾಗೂ ಶಾಲಾ ಪರಿಕರಗಳನ್ನು ವಿತರಿಸಿ ಮಾತನಾಡಿದರು.,ಜನನ,be born,Yes,a,2025-02-07 21:25:45
ಹುಟ್ಟು,ಉತ್ತರ ಪ್ರದೇಶದ ಫಾರೂಕಾಬಾದ್ ನಿವಾಸಿ ಸುಭಾಷ್ ಬಾಥಮ್ ಜನವರಿ 30ರಂದು ಮಗಳ ಹುಟ್ಟು ಹಬ್ಬವಿದೆ ಎಂದು ಬಡಾವಣೆಯ 20 ಮಕ್ಕಳನ್ನು ಮನೆಗೆ ಕರೆಸಿಕೊಂಡಿದ್ದ.,ಜನನ,be born,Yes,a,2025-02-07 21:25:45
ಹುಟ್ಟು,ಈ ಹಿನ್ನೆಲೆಯಲ್ಲಿ ವಿದ್ಯಾರ್ಥಿಗಳು ಹೊಸ ಮಾರ್ಗ ಹುಟ್ಟು ಹಾಕಬೇಕು ಎಂದು ಸಲಹೆ ನೀಡಿದರು.,ಜನನ,be born,Yes,a,2025-02-07 21:25:45
ಹುಟ್ಟು,ಮಕ್ಕಳು ಹೊಟ್ಟೆ ಮೇಲೆ ಹೊಡ್ದು ಯಾವ ಹುಟ್ಟು ಹಬ್ಬಾನೋ?!,ಜನನ,be born,Yes,a,2025-02-07 21:25:45
ಹುಟ್ಟು,ಕೃಷ್ಣರಿಗೆ ಹುಟ್ಟು ಹಬ್ಬದ ಶುಭಾಶಯಗಳು.,ಜನನ,be born,Yes,a,2025-02-07 21:25:45
ಹುಟ್ಟು,ಇದು ಎಂಜಿನ್ ಪ್ರಸ್ತುತ ಉದಯೋನ್ಮುಖ ಮಾಲಿನ್ಯದ ತೆಗೆದುಹಾಕುತ್ತದೆ ಮತ್ತು ಹೊಸ ಹುಟ್ಟು ತಡೆಯುತ್ತದೆ.,ಜನನ,be born,Yes,a,2025-02-07 21:25:45
ಹುಟ್ಟು,ಗಾಂಧಿ ಕುಟುಂಬಕ್ಕೆ ರಾಜಕೀಯ ಹುಟ್ಟು ನೀಡಿರೋದೇ ಉತ್ತರಪ್ರದೇಶ.,ಜನನ,be born,Yes,a,2025-02-07 21:25:45
ಹುಟ್ಟು,ಮಾಜಿ ಸಿಎಂ ಸಿದ್ದರಾಮಯ್ಯನವರ ಹುಟ್ಟು ಹಬ್ಬ ನಾಳೆ,ಜನನ,be born,Yes,a,2025-02-07 21:25:45
ಹುಟ್ಟು,ಸಂಪದವನ್ನು ನಾಡಿಗರು ಹೇಗೆ ಮತ್ತು ಯಾವ ಉದ್ದೇಶಕ್ಕಾಗಿ ಹುಟ್ಟು ಹಾಕಿದರು ಎಂಬುದು ಕೇಳಿ ಈ ಮೂವತ್ತೆರಡರ ಯುವಕನಾದ ಹರಿಪ್ರಸಾದ ನಾಡಿಗರ ಮೇಲಿನ ನನ್ನ ಗೌರವ ಮತ್ತೂ ನೂರ್ಮಡಿಯಾಯ್ತು.,ಜನನ,be born,Yes,a,2025-02-07 21:25:45
ಹುಟ್ಟು,"ಪರಿಣಾಮವಾಗಿ, ನೀರು ಕುಡಿದು ನಿಷ್ಪ್ರಯೋಜಕವಾಗಿರುವ ಬೇರುಗಳು ಹೀಗೆ ವಿವಿಧ ಕಾಯಿಲೆಗಳು ಮತ್ತು ಕೀಟಗಳು ಹುಟ್ಟು ಕಾರಣವಾಗುತ್ತದೆ, ಕೊಳೆತು ಮಾಡಬಹುದು.",ಜನನ,be born,Yes,a,2025-02-07 21:25:46
ಹುಟ್ಟು,ಜನರನ್ನು ಒಂದುಗೂಡಿಸಲು ಬಳಸಬೇಕಾದ ಧರ್ಮಗಳನ್ನು ಜನರ ನಡುವೆ ಜಗಳ ಹುಟ್ಟು ಹಾಕಲು ಬಳಸಲಾಗುತ್ತಿದೆ.,ಜನನ,be born,Yes,a,2025-02-07 21:25:46
ಹುಟ್ಟು,"ಆದಾಗ್ಯೂ, ಪದದ ಆಧುನಿಕ ಅರ್ಥದಲ್ಲಿ ತಮ್ಮ ಮೂಲಮಾದರಿಗಳ ಹುಟ್ಟು ಮಾತ್ರ ಮಧ್ಯಮವರ್ಗದ ಕ್ರಾಂತಿಗಳ ಸಮಯದಿಂದ ಮಾತನಾಡಬಲ್ಲ.",ಜನನ,be born,Yes,a,2025-02-07 21:25:46
ಹುಟ್ಟು,"ಒಂದೆಡೆ, ಈ ವಲಸೆ ಕಾರ್ಮಿಕರು ಆಗಮನದ ಕಡಿಮೆ ಅಭಿವೃದ್ಧಿ ದೇಶಗಳ, ಸಮಾಜ ವಿರೋಧಿ ಅಂಶಗಳನ್ನು ಒಂದು ದೊಡ್ಡ ಸಂಖ್ಯೆಯ ಹುಟ್ಟು ಕೊಡುಗೆ: ನಿರಾಶ್ರಿತ, ಈಡಾದವರ ಔಷಧ ವ್ಯಸನಿಗಳಲ್ಲಿ, ಇತ್ಯಾದಿ ಮತ್ತೊಂದೆಡೆ - ಪ್ರವಾಸಿಗರು ಬಹುತೇಕ ವಿದೇಶದಲ್ಲಿ ಕಳಪೆ ಆರೋಗ್ಯ ದೇಶಗಳಿಗೆ ಪ್ರಯಾಣ.",ಜನನ,be born,Yes,a,2025-02-07 21:25:46
ಹುಟ್ಟು,"ಹುಟ್ಟು ಹೇಗೆ ನೈಸರ್ಗಿಕವೋ ಹಾಗೆಯೇ ಸೌರಮಂಡಲದಲ್ಲಿ ಗ್ರಹಗಳ, ಸೂರ್ಯನ ಮತ್ತು ಆಕಾಶಕಾಯಗಳ ಚಲನೆಯೂ ಕೂಡ ನೈಸರ್ಗಿಕ ಪ್ರಕ್ರಿಯೆ.",ಜನನ,be born,Yes,a,2025-02-07 21:25:46
ಹುಟ್ಟು,ಹುಟ್ಟು ಮತ್ತು ಸಾವಿನ ನಡುವಿನ ಈ ಕಥೆ ಇಂದಿನ ಸಂದರ್ಭದಲ್ಲೂ ಅತ್ಯಂತ ಸಕಾಲಿಕ.,ಜನನ,be born,Yes,a,2025-02-07 21:25:46
ಹುಟ್ಟು,ಹುಟ್ಟು ದರಿದ್ರನಿಗೆ ಹೊಂದಿಡಲು ಕಣ್ಣೆರಡು | ತೋರದೆ ಅಣಕಿಸಿ ನಡೆದ || ೩೦ ||,ಜನನ,be born,Yes,a,2025-02-07 21:25:46
ಹುಟ್ಟು,ಈ ಪ್ಲೇಗ್ ಹುಟ್ಟು ಕೆರಳಿಸಿತು ಎಂದು ಟಾಟರ್ಗಳು ವೀಕ್ಷಿಸಿ ಹುಟ್ಟಿಗೆ ಕಾರಣವಾಗುವ ಮತ್ತೊಂದು ಕಾರಣ.,ಜನನ,be born,Yes,a,2025-02-07 21:25:46
ಹುಟ್ಟು,ಸುಪ್ತ ಮನಸ್ಸಿನ ಅಗೋಚರ ಎಳೆಗಳಲ್ಲಿ ಕನಸುಗಳ ಹುಟ್ಟು ಅಡಗಿರುವುದರಿಂದ ಕನಸುಗಳದೊಂದು absurd ಸಂಗತಿಯೆಂದೇ ನನ್ನ ಅನ್ನಿಸಿಕೆ.,ಜನನ,be born,Yes,a,2025-02-07 21:25:46
ಹುಟ್ಟು,ಸ್ಥಿರ ಚಿತ್ರಗಳಲ್ಲಿ ನಿಪುಣ ಭುವನ್ ಗೌಡ ಅವರ ಛಾಯಾಗ್ರಹಣದ ಕಲೆ ಈ ಚಿತ್ರದ ಟ್ರೈಲರ್‌ನಲ್ಲಿಯೇ ಸಾಬೀತಾಗಿ ಬಹಳಷ್ಟು ನಿರೀಕ್ಷೆ ಹುಟ್ಟು ಹಾಕಿದೆ.,ಜನನ,be born,Yes,a,2025-02-07 21:25:46
ಹುಟ್ಟು,ಸಂಘ ಸಂಸ್ಥೆ ಹುಟ್ಟು ಹಾಕುವುದು ಸುಲಭ.,ಜನನ,be born,Yes,a,2025-02-07 21:25:46
ಹುಟ್ಟು,ಕಟ್ಟಿಹಾಕಿರುವ ದೋಣಿಗೆ ಹುಟ್ಟು ಹಾಕುವ ಜನರಾಗಿದ್ದೇವೆ.,ದೋಣಿ ನಡೆಸುವ ಕೋಲು,A rowing stick,Yes,a,2025-02-07 21:34:34
ಹುಟ್ಟು,"ವಿಡಿಯೋ ದಲ್ಲಿ ಶಾಸಕರು ದಡ ಸೇರಿದ್ದ ತೆಪ್ಪದಲ್ಲಿ ನಿಂತು ಹುಟ್ಟು ಹಾಕಿದ್ದು, ಅವರ ಈ ವಿಡಿಯೋ ಸಾಮಾಜಿಕ.",ದೋಣಿ ನಡೆಸುವ ಕೋಲು,A rowing stick,Yes,a,2025-02-07 21:34:34
ಹುಟ್ಟು,ನೀವು ಬೆಟ್ಟಗಳ ತಪ್ಪಲಲ್ಲಿ ಚಾರಣ ಅಥವಾ ಒಂದು ಹುಟ್ಟು ದೋಣಿ ಸವಾರಿ ತೆಗೆದುಕೊಳ್ಳಲು ಬಯಸುವವರಿಗೆ ಇದು ಸೂಕ್ತ ಸ್ಥಳ.,ದೋಣಿ ನಡೆಸುವ ಕೋಲು,A rowing stick,Yes,a,2025-02-07 21:34:34
ಹುಟ್ಟು,ಹುಟ್ಟುಗಾರರ ಹುಟ್ಟು ತುಂಡಾಗುತ್ತದೆ.,ದೋಣಿ ನಡೆಸುವ ಕೋಲು,A rowing stick,Yes,a,2025-02-07 21:34:34
ಹುಟ್ಟು,"ಮೊದಲ ಪ್ರಕಾರದ ಹುಟ್ಟು ಹಾಕಿ ದೋಣಿ ಹೆಚ್ಚು ಶ್ರಮ, ಆದರೆ ಕಡಿಮೆ ಖರ್ಚಾಗುತ್ತದೆ.",ದೋಣಿ ನಡೆಸುವ ಕೋಲು,A rowing stick,Yes,a,2025-02-07 21:34:34
ಹುಟ್ಟು,"ಈ ವಿವಿಧ ರೋಗಗಳಿಗೆ, ಕೆಂಪು ಮತ್ತು ಬೇಸತ್ತು ಹುಟ್ಟು ತಡೆಯುತ್ತದೆ.",ದೋಣಿ ನಡೆಸುವ ಕೋಲು,A rowing stick,Yes,a,2025-02-07 21:34:34
ಹುಟ್ಟು,"ಸಾಗರದ ವಿಶಾಲತೆಗೆ ಹುಟ್ಟು ಹಾಕುವ ಮಂದಿ, ಎಲ್ಲಿಗೆ ಪಯಣ?",ದೋಣಿ ನಡೆಸುವ ಕೋಲು,A rowing stick,Yes,a,2025-02-07 21:34:34
ಹೃದಯ,Home ಕನ್ನಡ ವಾರ್ತೆಗಳು ಅಂತರಾಷ್ಟ್ರೀಯ ನೀವು ಹುಡುಗಿ ಹೃದಯ ಗೆಲ್ಲೋದು ಸುಲಭ!,"ದಯೆ, ಕರುಣೆ",Kindness,Yes,k,2025-02-02 08:34:59
ಹೃದಯ,13- ನಿನ್ನೆ ತಡರಾತ್ರಿ ದೊಂಬಿಯಿಂದ ಬೆಚ್ಚಿಬಿದ್ದಿದ್ದ ಬೆಳಗಾವಿ ನಗರದ ಹೃದಯ ಭಾಗ ಈಗ ಯಥಾಸ್ಥಿತಿಗೆ ಮರಳಿದ್ದು ಪೊಲೀಸ್ ಬಂದೋಬಸ್ತ್ ಮುಂದುವರೆದಿದೆ.,"ದಯೆ, ಕರುಣೆ",Kindness,Yes,k,2025-02-02 08:34:59
ಹೃದಯ,ಮೊದಲ ಸಿನಿಮಾದಲ್ಲಿ ತಮ್ಮ ಲುಕ್ ಮತ್ತು ನಟನೆ ಮೂಲಕ ಹೈದರಾಬಾದ್ ಹೈದರ ಹೃದಯ ಕದಿದ್ದ ಕನ್ನಡಕದ ಹುಡುಗಿ ಸಾನ್ವಿ ಈಗ ದೊಡ್ಡ ಅವಕಾಶ ಪಡೆದಿದ್ದಾರೆ.,"ದಯೆ, ಕರುಣೆ",Kindness,Yes,k,2025-02-02 08:34:59
ಹೃದಯ,ನೀವು ಹುಡುಗಿ ಹೃದಯ ಗೆಲ್ಲೋದು ಸುಲಭ!,"ದಯೆ, ಕರುಣೆ",Kindness,Yes,k,2025-02-02 08:34:59
ಹೃದಯ,"ನಮ್ಮ ಹೃದಯ ಕಿತ್ತರೂ ಅಮಿತ್ ಶಾ, ಪ್ರಧಾನಿ ನರೇಂದ್ರ ಮೋದಿ ಕಾಣ್ತಾರೆ.","ದಯೆ, ಕರುಣೆ",Kindness,Yes,k,2025-02-02 08:34:59
ಹೃದಯ,ಒಂದು ಸಲ ನಿನ್ನ ನಗು ನೋಡಬೇಕೆಂದು ಹೃದಯ ಹಂಬಲಿಸಿದೆ.,"ದಯೆ, ಕರುಣೆ",Kindness,Yes,k,2025-02-02 08:34:59
ಹೃದಯ,ಇದರ ಜತೆಗೆ ಜಮ್ಮು ಮತ್ತು ಕಾಶ್ಮೀರದ ಜನರ ಹೃದಯ ಗೆಲ್ಲುವ ಪ್ರಯತ್ನವನ್ನೂ ಮಾಡಲಾಗುತ್ತಿದೆ.,"ದಯೆ, ಕರುಣೆ",Kindness,Yes,k,2025-02-02 08:34:59
ಹೃದಯ,ಹೃದಯ ಭಾರವಾಗಿದೆ,"ದಯೆ, ಕರುಣೆ",Kindness,Yes,k,2025-02-02 08:34:59
ಹೃದಯ,ಅದೇ ಸಮಯದಲ್ಲಿ ಮಾನವನ ಹೃದಯ ಸಾಮಾನ್ಯವಾಗಿ ವಿಚಿತ್ರವಾಗಿದೆ ಎಂದು ಅವನು ತೀರ್ಮಾನಿಸುತ್ತಾನೆ.,"ದಯೆ, ಕರುಣೆ",Kindness,Yes,k,2025-02-02 08:34:59
ಹೃದಯ,ಹುಡುಗಿಯರ ಹೃದಯ ಗೆಲ್ಲುವುದು ಹೇಗೆಂಬ ಬಗ್ಗೆ ಕೋರ್ಸ್ ಜರ್ಮನಿಯಲ್ಲಿ ಹೊಸದಾಗಿ ಮಾಡಿದ್ದಾರೆಂದು ಸುದ್ದಿ.,"ದಯೆ, ಕರುಣೆ",Kindness,Yes,k,2025-02-02 08:34:59
ಹೃದಯ,ಹೃದಯ ತಂಪಾಗಿರಲು ಈ ಪ್ರೀತಿ ಬೇಕು.,"ದಯೆ, ಕರುಣೆ",Kindness,Yes,k,2025-02-02 08:34:59
ಹೃದಯ,ಹಿಂದಿನ ಸಾಕಾರ ಹೋಲಿಸಿದರೆ ಈ ವಿಧದ ಹೆಚ್ಚು ಸರಾಗವಾಗಿ ಹೃದಯ ಚಲಿಸುತ್ತವೆ ರಲ್ಲಿ.,"ದಯೆ, ಕರುಣೆ",Kindness,Yes,k,2025-02-02 08:34:59
ಹೃದಯ,ತಮ್ಮ ಮನಸ್ಸಿನ ಭಾವನೆಗಳನ್ನು ಹೃದಯ ಕಲಕುವ ಘಟನೆಗಳನ್ನು ಹಂಚಿಕೊಳ್ಳಬೇಕು ಎನ್ನುವವರಿಗೆ ಈ ಕಾರ್ಯಕ್ರಮ ಮುಕ್ತ ವೇದಿಕೆ ಇದ್ದಂತೆ.,"ದಯೆ, ಕರುಣೆ",Kindness,Yes,k,2025-02-02 08:34:59
ಹೃದಯ,ಕೃಷ್ಣಾ ಭಾಗದಲ್ಲಿ ಪ್ರಾಮಾಣಿಕ ಜನರಿದ್ದರೆ ಭೀಮಾ ಭಾಗದ ಜನರು ಹೃದಯ ಶ್ರೀಮಂತಿಕೆಯವರಿದ್ದಾರೆ ಎಂದರು.,"ದಯೆ, ಕರುಣೆ",Kindness,Yes,k,2025-02-02 08:34:59
ಹೃದಯ,ಶ್ರೀಪಲಿಮಾರುಶ್ರೀಗಳು ಮುಗ್ದ ಹೃದಯ ಯತಿಯಾಗಿದ್ದಾರೆ.,"ದಯೆ, ಕರುಣೆ",Kindness,Yes,k,2025-02-02 08:34:59
ಹೃದಯ,ಈ ಪ್ರವಾಸ ಹೃದಯ ವಿಜ್ಞಾನ ಒಂದು ಕೃತಿ.,"ದಯೆ, ಕರುಣೆ",Kindness,Yes,k,2025-02-02 08:34:59
ಹೃದಯ,ಗೋವಿನ ಹಾಡಿನ ಕವಿ ಹೃದಯ ಪರಿವರ್ತಕ ಎಂಬುದನ್ನಾಗಲೇ ಹೇಳಿದ್ದೇನೆ.,"ದಯೆ, ಕರುಣೆ",Kindness,Yes,k,2025-02-02 08:35:00
ಹೃದಯ,ಅಷ್ಟೇ ಅವರ ಹೃದಯ ಮೃದುವಾಗಿತ್ತು.,"ದಯೆ, ಕರುಣೆ",Kindness,Yes,k,2025-02-02 08:35:00
ಹೃದಯ,ಮರುಗಿದ ಹೃದಯ,"ದಯೆ, ಕರುಣೆ",Kindness,Yes,k,2025-02-02 08:35:00
ಹೃದಯ,ಮಾತ್ರ ಹೃದಯ ವಿರೋಧಿಸಲು ಸಾಧ್ಯವಿಲ್ಲ ಒಮ್ಮೆ.,"ದಯೆ, ಕರುಣೆ",Kindness,Yes,k,2025-02-02 08:35:00
ಹೃದಯ,ಪ್ರೀತಿಯಿಂದ ಮಾತ್ರ ಜನರ ಹೃದಯ ಗೆಲ್ಲಲು ಸಾಧ್ಯ.,"ದಯೆ, ಕರುಣೆ",Kindness,Yes,k,2025-02-02 08:35:00
ಹೃದಯ,"ಹೆತ್ತವರನ್ನು ಕಂಡ ಕರಳು ಬಳ್ಳಿಗಳು ಕಂಬನಿ ಮಿಡಿದ ಸ್ಪರ್ಧಿಗಳು, ನಿನ್ನೆ ಬಿಗ್ ಬಾಸ್ ನೋಡಿದವರ ಹೃದಯ ತಾಕುವಂತಿದ್ದವು.","ದಯೆ, ಕರುಣೆ",Kindness,Yes,k,2025-02-02 08:35:00
ಹೃದಯ,ಈ ಅನುಭವ ಬಹಳ ಹೃದಯ ಸ್ಪರ್ಶಿಯಾಗಿತ್ತು ಎಂದು ಅವರು ಹೇಳುತ್ತಾರೆ.,"ದಯೆ, ಕರುಣೆ",Kindness,Yes,k,2025-02-02 08:35:00
ಹೃದಯ,ಕಾರ್ಯಪ್ಪ ಅವರಿಗೆ ಹೃದಯ ಸ್ಪರ್ಶಿ ನಮನ,"ದಯೆ, ಕರುಣೆ",Kindness,Yes,k,2025-02-02 08:35:00
ಹೃದಯ,ಕಷ್ಟದ ಮನಸ್ಸಿಗೆ ನಿಮ್ಮ ಹೃದಯ ವಿಶಾಲತೆ ತೋರುತ್ತದೆ.,"ದಯೆ, ಕರುಣೆ",Kindness,Yes,k,2025-02-02 08:35:00
ಹೃದಯ,ಅವರ ಹೃದಯ ಪ್ರತಿಕ್ರಿಯಾಶೀಲರಾಗಿರುತ್ತಾರೆ ಮತ್ತು ರೀತಿ.,"ದಯೆ, ಕರುಣೆ",Kindness,Yes,k,2025-02-02 08:35:00
ಹೃದಯ,"ಕೋಟ್ಯಂತರ ಅಭಿಮಾನಿಗಳ ಹೃದಯ ಗೆದ್ದಿರೋ ಮಾಹಿ, ಕ್ಯಾಪ್ಟನ್​ ಕೂಲ್ ಅಂತಾನೇ ಫೇಮಸ್​.","ದಯೆ, ಕರುಣೆ",Kindness,Yes,k,2025-02-02 08:35:00
ಹೃದಯ,ಛೇಧಿಸಿ ಹೃದಯ ಕೋಟೆ.,"ದಯೆ, ಕರುಣೆ",Kindness,Yes,k,2025-02-02 08:35:00
ಹೃದಯ,ಮನುಷ್ಯನ ಹೃದಯ ಹೃದಯಗಳನ್ನು ಬೆಸೆಯುವ ಕಾರ್ಯವಾಗಲಿ: ಶ್ರೀಗಳು,"ದಯೆ, ಕರುಣೆ",Kindness,Yes,k,2025-02-02 08:35:00
ಹೃದಯ,ಹೃದಯ ಒದೆ ತಿಂದಂತಿತ್ತು,"ದಯೆ, ಕರುಣೆ",Kindness,Yes,k,2025-02-02 08:35:00
ಹೃದಯ,ಮಸೀದಿ ಜೊತೆ ಹೃದಯ ಬೆಸೆಯಿರಿ-ಬೇಕಲ್ ಉಸ್ತಾದ್,"ದಯೆ, ಕರುಣೆ",Kindness,Yes,k,2025-02-02 08:35:00
ಹೃದಯ,ಹೃದಯ ಕಮಲದಿ ಅಷ್ಟದಳದ ಮಧ್ಯದೊಳಿಪ್ಪ,"ದಯೆ, ಕರುಣೆ",Kindness,Yes,k,2025-02-02 08:35:00
ಹೃದಯ,ಇತರರ ಕೊಲ್ಲೋ ಪಾಪಿಯ ಹೃದಯ,"ದಯೆ, ಕರುಣೆ",Kindness,Yes,k,2025-02-02 08:35:00
ಹೃದಯ,"ಪ್ರತಿ ಹೃದಯ ಬಡಿತದಲ್ಲೂ, ಉಸಿರಲ್ಲೂ ಆವರಿಸಿಕೊಂಡಿರುವ ನಿನ್ನಿಂದ ಇಂದು ನಾನು ಮಾನಸಿಕ ರೋಗಿಯಾಗಿದ್ದೇನೆ.","ದಯೆ, ಕರುಣೆ",Kindness,Yes,k,2025-02-02 08:35:00
ಹೃದಯ,ಅವರ ಶಿಷ್ಯ ಬಗ್ಗೆ ಅವರ ಕಾಳಜಿ ಸಹಾಯ ಆದರೆ ಹೃದಯ ಪರಿಣಾಮ ಸಾಧ್ಯವಿಲ್ಲ.,"ದಯೆ, ಕರುಣೆ",Kindness,Yes,k,2025-02-02 08:35:00
ಹೃದಯ,"ಅವರಲ್ಲಿರುವ ಜ್ಞಾನ, ವಿಭಿನ್ನ ದೃಷ್ಟಿಕೋನ, ಆತ್ಮೀಯತೆ, ಹೃದಯ ವಿಶಾಲತೆಯ ಗುಣ ಕಂಡು ಬೆರಗಾಗಿದ್ದೆ.","ದಯೆ, ಕರುಣೆ",Kindness,Yes,k,2025-02-02 08:35:00
ಹೃದಯ,ಒಂದೇ ಪ್ರೀತಿ ಒಂದೇ ಹೃದಯ ಭಾರತಕ್ಕಾಗಿ ಎಂದು ಬರೆದುಕೊಂಡಿದ್ದಾರೆ.,"ದಯೆ, ಕರುಣೆ",Kindness,Yes,k,2025-02-02 08:35:00
ಹೃದಯ,"ಅವರ ಪ್ರಣಯ ಕನಸುಗಳು, ಅವರು ಪ್ರೀತಿಯ ಹೃದಯ ಲಾಡ್ಜ್ ಯತ್ನಿಸುತ್ತದೆ.","ದಯೆ, ಕರುಣೆ",Kindness,Yes,k,2025-02-02 08:35:00
ಹೃದಯ,ಅದರ ಹೃದಯ ಬಡಿತದ ಲಯಗಳು ಮತ್ತು ಡ್ರೈವಿಂಗ್ ಮಧುರ ನಿಜವಾದ ಸ್ಪೂರ್ತಿದಾಯಕವಾಗಿದೆ.,"ದಯೆ, ಕರುಣೆ",Kindness,Yes,k,2025-02-02 08:35:00
ಹೃದಯ,ಎಷ್ಟೇ ಉದ್ಯಾನಗಳಿದ್ದರೂ ನಗರದ ಹೃದಯ ಭಾಗದಲ್ಲಿರುವ ಸಾಂಸ್ಕೃತಿಕ ಸಮುಚ್ಚಯಕ್ಕೆ ವಾಯುವಿಹಾರಕ್ಕೆ ಬರುವು ದೆಂದರೆ ಅನೇಕರಿಗೆ ಎಲ್ಲಿಲ್ಲದ ಸಂತಸ.,"ದಯೆ, ಕರುಣೆ",Kindness,Yes,k,2025-02-02 08:35:00
ಹೃದಯ,ಮಯೋಕಾರ್ಡಿಟಿಸ್ ಎಂಬುದು ಹೃದಯ ಸ್ನಾಯುವಿನ ಮೇಲೆ ಪರಿಣಾಮ ಬೀರುವ ಉರಿಯೂತದ ರೋಗವಾಗಿದೆ.,ದೇಹದ ಮಲಿನ ರಕ್ತವನ್ನು ಶುದ್ಧಗೊಳಿಸಿ ಅಂಗಾಂಗಳಿಗೆ ಶುದ್ಧರಕ್ತವನ್ನು ಒದಗಿಸುವ ರಕ್ತಕೋಶ,Heart,Yes,k,2025-02-02 07:57:24
ಹೃದಯ,ಮತ್ತು ಈ ಹೃದಯ ಅಥವಾ ರಕ್ತನಾಳಗಳ ಅಸ್ವಸ್ಥತೆಗಳ ಒಂದು ಲಕ್ಷಣ.,ದೇಹದ ಮಲಿನ ರಕ್ತವನ್ನು ಶುದ್ಧಗೊಳಿಸಿ ಅಂಗಾಂಗಳಿಗೆ ಶುದ್ಧರಕ್ತವನ್ನು ಒದಗಿಸುವ ರಕ್ತಕೋಶ,Heart,Yes,k,2025-02-02 07:57:24
ಹೃದಯ,"ಬೆಂಗಳೂರು: ಮಾಜಿ ಮುಖ್ಯಮಂತ್ರಿ, ಜೆಡಿಎಸ್ ನಾಯಕ ಎಚ್ ಡಿ ಕುಮಾರಸ್ವಾಮಿ ಸೆಪ್ಟೆಂಬರ್ 23 ರಂದು ಹೃದಯ ಶಸ್ತ್ರಚಿಕಿತ್ಸೆಗೊಳಗಾಗಲಿದ್ದಾರೆ.",ದೇಹದ ಮಲಿನ ರಕ್ತವನ್ನು ಶುದ್ಧಗೊಳಿಸಿ ಅಂಗಾಂಗಳಿಗೆ ಶುದ್ಧರಕ್ತವನ್ನು ಒದಗಿಸುವ ರಕ್ತಕೋಶ,Heart,Yes,k,2025-02-02 07:57:24
ಹೃದಯ,ನಿಂಗಪ್ಪ ಹೃದಯ ಸಂಬಂಧಿ ಕಾಯಿಲೆಯಿಂದ ಬಳಲುತ್ತಿದ್ದರು.,ದೇಹದ ಮಲಿನ ರಕ್ತವನ್ನು ಶುದ್ಧಗೊಳಿಸಿ ಅಂಗಾಂಗಳಿಗೆ ಶುದ್ಧರಕ್ತವನ್ನು ಒದಗಿಸುವ ರಕ್ತಕೋಶ,Heart,Yes,k,2025-02-02 07:57:24
ಹೃದಯ,ನಿಕೋಟಿನ್ ಹೃದಯ ಬಡಿತವನ್ನು ಹೆಚ್ಚಿಸುತ್ತದೆ ಮತ್ತು ರಕ್ತದ ಒತ್ತಡವನ್ನು ಹೆಚ್ಚಿಸುತ್ತದೆ.,ದೇಹದ ಮಲಿನ ರಕ್ತವನ್ನು ಶುದ್ಧಗೊಳಿಸಿ ಅಂಗಾಂಗಳಿಗೆ ಶುದ್ಧರಕ್ತವನ್ನು ಒದಗಿಸುವ ರಕ್ತಕೋಶ,Heart,Yes,k,2025-02-02 07:57:24
ಹೃದಯ,"ಸಾವಿಗೆ ಕಾರಣ, ಆರಂಭಿಕ ಹೆಸರಿಡಲಾಗಿದೆ - ಒಂದು ಹೃದಯ ದೋಷದ.",ದೇಹದ ಮಲಿನ ರಕ್ತವನ್ನು ಶುದ್ಧಗೊಳಿಸಿ ಅಂಗಾಂಗಳಿಗೆ ಶುದ್ಧರಕ್ತವನ್ನು ಒದಗಿಸುವ ರಕ್ತಕೋಶ,Heart,Yes,k,2025-02-02 07:57:24
ಹೃದಯ,ಕಾರ್ಡಿಯೊಮಿಯೊಪತಿ- ಹೃದಯ ಸ್ನಾಯುವಿನ ರೋಗ,ದೇಹದ ಮಲಿನ ರಕ್ತವನ್ನು ಶುದ್ಧಗೊಳಿಸಿ ಅಂಗಾಂಗಳಿಗೆ ಶುದ್ಧರಕ್ತವನ್ನು ಒದಗಿಸುವ ರಕ್ತಕೋಶ,Heart,Yes,k,2025-02-02 07:57:24
ಹೃದಯ,"ಪಿ, ಶುಗರ್ ಇರುವವರಿಗೆ, ಕೊಲೆಸ್ಟ್ರಾಲ್ ಜಾಸ್ತಿ ಇರುವವರಿಗೆ, ಹೃದಯ ಸಮಸ್ಯೆ, ವಯಸ್ಸಾದವರಿಗೆ ಸ್ಟ್ರೋಕ್ ರಿಸ್ಕ್ ಹೆಚ್ಚಿರುತ್ತೆ.",ದೇಹದ ಮಲಿನ ರಕ್ತವನ್ನು ಶುದ್ಧಗೊಳಿಸಿ ಅಂಗಾಂಗಳಿಗೆ ಶುದ್ಧರಕ್ತವನ್ನು ಒದಗಿಸುವ ರಕ್ತಕೋಶ,Heart,Yes,k,2025-02-02 07:57:24
ಹೃದಯ,ಹೃದಯ ಸ್ನಾಯುವಿನ ಜೀವಕೋಶಗಳಲ್ಲಿನ ಚಯಾಪಚಯ ಕ್ರಿಯೆಯ ಉಲ್ಲಂಘನೆ;,ದೇಹದ ಮಲಿನ ರಕ್ತವನ್ನು ಶುದ್ಧಗೊಳಿಸಿ ಅಂಗಾಂಗಳಿಗೆ ಶುದ್ಧರಕ್ತವನ್ನು ಒದಗಿಸುವ ರಕ್ತಕೋಶ,Heart,Yes,k,2025-02-02 07:57:24
ಹೃದಯ,ಹೃದಯ ವಿವಿಧ ತೊಂದರೆಗಳು - ಅನೇಕ ಜನರಿಗೆ ಸಮಸ್ಯೆ.,ದೇಹದ ಮಲಿನ ರಕ್ತವನ್ನು ಶುದ್ಧಗೊಳಿಸಿ ಅಂಗಾಂಗಳಿಗೆ ಶುದ್ಧರಕ್ತವನ್ನು ಒದಗಿಸುವ ರಕ್ತಕೋಶ,Heart,Yes,k,2025-02-02 07:57:24
ಹೃದಯ,"ಹೃದಯ ಹೃದಯ ಕಂಪನವು, ಹೃದಯ ಬಡಿತದ ಅಸಾಮಾನ್ಯ ಜಾಗೃತಿಯಾಗಿದ್ದು ಇದು ತೀರಾ ಸಾಮಾನ್ಯ ಲಕ್ಷಣವಾಗಿರುತ್ತದೆ.",ದೇಹದ ಮಲಿನ ರಕ್ತವನ್ನು ಶುದ್ಧಗೊಳಿಸಿ ಅಂಗಾಂಗಳಿಗೆ ಶುದ್ಧರಕ್ತವನ್ನು ಒದಗಿಸುವ ರಕ್ತಕೋಶ,Heart,Yes,k,2025-02-02 07:57:24
ಹೃದಯ,ಕೆಲವೊಂದು ಸಮಯದಲ್ಲಿ ಹೃದಯ ಕೆಲಸ ಆರಂಭಿಸಿ ನಂತರ ಮೆದುಳೂ ಕೆಲಸ ಆರಂಭಿಸುತ್ತದೆ.,ದೇಹದ ಮಲಿನ ರಕ್ತವನ್ನು ಶುದ್ಧಗೊಳಿಸಿ ಅಂಗಾಂಗಳಿಗೆ ಶುದ್ಧರಕ್ತವನ್ನು ಒದಗಿಸುವ ರಕ್ತಕೋಶ,Heart,Yes,k,2025-02-02 07:57:24
ಹೃದಯ,ಮತ್ತು ಮಾರಕ ಫಲಿತಾಂಶಕ್ಕೆ ಹೆಚ್ಚಾಗಿ ಹೃದಯ ಕಾಯಿಲೆಗೆ ಕಾರಣವಾಗುತ್ತದೆ.,ದೇಹದ ಮಲಿನ ರಕ್ತವನ್ನು ಶುದ್ಧಗೊಳಿಸಿ ಅಂಗಾಂಗಳಿಗೆ ಶುದ್ಧರಕ್ತವನ್ನು ಒದಗಿಸುವ ರಕ್ತಕೋಶ,Heart,Yes,k,2025-02-02 07:57:24
ಹೃದಯ,ಹೆಚ್ಚಾಗಿ ಅವರು ಹೃದಯ ಕಾಯಿಲೆಯ ಬಗ್ಗೆ ಮಾತನಾಡುತ್ತಾರೆ.,ದೇಹದ ಮಲಿನ ರಕ್ತವನ್ನು ಶುದ್ಧಗೊಳಿಸಿ ಅಂಗಾಂಗಳಿಗೆ ಶುದ್ಧರಕ್ತವನ್ನು ಒದಗಿಸುವ ರಕ್ತಕೋಶ,Heart,Yes,k,2025-02-02 07:57:24
ಹೃದಯ,ಹೃದಯ ಬಡಿತ ಮತ್ತು ಉಸಿರಾಟವು ನಿಧಾನವಾಗಿ ನಿಧಾನವಾಗಿ ಸಹಾಯ ಮಾಡುತ್ತದೆ,ದೇಹದ ಮಲಿನ ರಕ್ತವನ್ನು ಶುದ್ಧಗೊಳಿಸಿ ಅಂಗಾಂಗಳಿಗೆ ಶುದ್ಧರಕ್ತವನ್ನು ಒದಗಿಸುವ ರಕ್ತಕೋಶ,Heart,Yes,k,2025-02-02 07:57:24
ಹೃದಯ,"ಇಂದು, ಹೃದಯ ರೋಗಗಳು ಒಂದು ದೊಡ್ಡ ಸಂಖ್ಯೆಯ ಇವೆ.",ದೇಹದ ಮಲಿನ ರಕ್ತವನ್ನು ಶುದ್ಧಗೊಳಿಸಿ ಅಂಗಾಂಗಳಿಗೆ ಶುದ್ಧರಕ್ತವನ್ನು ಒದಗಿಸುವ ರಕ್ತಕೋಶ,Heart,Yes,k,2025-02-02 07:57:24
ಹೃದಯ,ಈ ರೋಗಲಕ್ಷಣಗಳು ಯಾವಾಗಲೂ ಹೃದಯ ರೋಗಲಕ್ಷಣಗಳನ್ನು ಸೇರಿಸಲಾಗುತ್ತದೆ.,ದೇಹದ ಮಲಿನ ರಕ್ತವನ್ನು ಶುದ್ಧಗೊಳಿಸಿ ಅಂಗಾಂಗಳಿಗೆ ಶುದ್ಧರಕ್ತವನ್ನು ಒದಗಿಸುವ ರಕ್ತಕೋಶ,Heart,Yes,k,2025-02-02 07:57:24
ಹೃದಯ,"ಔಷಧ ಸ್ನಾಯುಗಳಲ್ಲಿ ಅನ್ಬೌಂಡ್ ರೂಪ, ಪಿತ್ತಜನಕಾಂಗ, ಮಿದುಳು, ನರ, ಹೃದಯ ಅಂಗಾಂಶ, ರಕ್ತ ಕಂಡುಬರುತ್ತದೆ.",ದೇಹದ ಮಲಿನ ರಕ್ತವನ್ನು ಶುದ್ಧಗೊಳಿಸಿ ಅಂಗಾಂಗಳಿಗೆ ಶುದ್ಧರಕ್ತವನ್ನು ಒದಗಿಸುವ ರಕ್ತಕೋಶ,Heart,Yes,k,2025-02-02 07:57:24
ಹೃದಯ,ನಿಮ್ಮ ಶರೀರದಲ್ಲಿನ ಎಲೆಕ್ಟ್ರೋಲೈಟ್ ಸಮತೋಲನ ವ್ಯತ್ಯಯಗೊಂಡಿದ್ದರೆ ನಿಮ್ಮ ಹೃದಯ ಬಡಿತದ ದರ ಹೆಚ್ಚಾಗಬಹುದು.,ದೇಹದ ಮಲಿನ ರಕ್ತವನ್ನು ಶುದ್ಧಗೊಳಿಸಿ ಅಂಗಾಂಗಳಿಗೆ ಶುದ್ಧರಕ್ತವನ್ನು ಒದಗಿಸುವ ರಕ್ತಕೋಶ,Heart,Yes,k,2025-02-02 07:57:24
ಹೃದಯ,ಹೃದಯ ಸಾರ್ಕೋಯಿಡೋಸಿಸ್ ಎಂದರೇನು?,ದೇಹದ ಮಲಿನ ರಕ್ತವನ್ನು ಶುದ್ಧಗೊಳಿಸಿ ಅಂಗಾಂಗಳಿಗೆ ಶುದ್ಧರಕ್ತವನ್ನು ಒದಗಿಸುವ ರಕ್ತಕೋಶ,Heart,Yes,k,2025-02-02 07:57:24
ಹೃದಯ,ಆಯುರ್ವೇದ ಚಿಕಿತ್ಸಕರಾಗಿ ಹೃದಯ ಸಂಬಂಧಿ ರೋಗಗಳಿಗೆ ನೀಡಿದ ಚಿಕಿತ್ಸೆ.,ದೇಹದ ಮಲಿನ ರಕ್ತವನ್ನು ಶುದ್ಧಗೊಳಿಸಿ ಅಂಗಾಂಗಳಿಗೆ ಶುದ್ಧರಕ್ತವನ್ನು ಒದಗಿಸುವ ರಕ್ತಕೋಶ,Heart,Yes,k,2025-02-02 07:57:24
ಹೃದಯ,ಹೃದಯ ವೈಫಲ್ಯವನ್ನು ತಡೆಗಟ್ಟುವುದು ಹೇಗೆ?,ದೇಹದ ಮಲಿನ ರಕ್ತವನ್ನು ಶುದ್ಧಗೊಳಿಸಿ ಅಂಗಾಂಗಳಿಗೆ ಶುದ್ಧರಕ್ತವನ್ನು ಒದಗಿಸುವ ರಕ್ತಕೋಶ,Heart,Yes,k,2025-02-02 07:57:25
ಹೃದಯ,ಸೆಳೆತ ಹೃದಯ ಸ್ನಾಯುವಿನ ಭಾಗವನ್ನು ರಕ್ತದ ಪೂರೈಕೆಯಿಂದ ವಂಚಿತಗೊಳಿಸುತ್ತದೆ ಮತ್ತು ಆಂಜಿನಾ ಸಂಭವಿಸುತ್ತದೆ.,ದೇಹದ ಮಲಿನ ರಕ್ತವನ್ನು ಶುದ್ಧಗೊಳಿಸಿ ಅಂಗಾಂಗಳಿಗೆ ಶುದ್ಧರಕ್ತವನ್ನು ಒದಗಿಸುವ ರಕ್ತಕೋಶ,Heart,Yes,k,2025-02-02 07:57:25
ಹೃದಯ,"ನಮ್ಮ ತಂದೆಗೆ ಹೃದಯ ಸಂಬಂಧಿ ಕಾಯಿಲೆಗಳಿದ್ದು, ಚಪಾತಿ ಬದಲಾಗಿ ಅನ್ನವನ್ನು ನೀಡಿ ಎಂದು ಪುತ್ರ ತೇಜಸ್ವಿ ಯಾದವ್ ಜೈಲಧಿಕಾರಿಗಳಿಗೆ ಮನವಿ ಮಾಡಿಕೊಂಡಿದ್ದಾರೆ.",ದೇಹದ ಮಲಿನ ರಕ್ತವನ್ನು ಶುದ್ಧಗೊಳಿಸಿ ಅಂಗಾಂಗಳಿಗೆ ಶುದ್ಧರಕ್ತವನ್ನು ಒದಗಿಸುವ ರಕ್ತಕೋಶ,Heart,Yes,k,2025-02-02 07:57:25
ಹೃದಯ,ಜೊತೆಗೇ ಹೃದಯ ತೊಂದರೆ ಮತ್ತು ಕ್ಯಾನ್ಸರ್ (ಥೈರಾಯ್ಡ್ ಗ್ರಂಥಿಯ ಕ್ಯಾನ್ಸರ್) ಬರುವ ಸಾಧ್ಯತೆಯೂ ಹೆಚ್ಚು.,ದೇಹದ ಮಲಿನ ರಕ್ತವನ್ನು ಶುದ್ಧಗೊಳಿಸಿ ಅಂಗಾಂಗಳಿಗೆ ಶುದ್ಧರಕ್ತವನ್ನು ಒದಗಿಸುವ ರಕ್ತಕೋಶ,Heart,Yes,k,2025-02-02 07:57:25
ಹೃದಯ,"ಹೃದಯ ಸ್ಕಾಟ್ ಒಂದು ಲಘು, ಚೆನ್ನಾಗಿದೆ ಹೊಂದಲು ಮತ್ತು ವಿಸ್ಕಿಯ ಮಿಶ್ರಣ ಮಾಡಲು ಎಲ್ಲರೂ ತಿಳಿದಿರುವ ಮೂರು ಅಲಿಖಿತ ನಿಯಮಗಳಿವೆ.",ದೇಹದ ಮಲಿನ ರಕ್ತವನ್ನು ಶುದ್ಧಗೊಳಿಸಿ ಅಂಗಾಂಗಳಿಗೆ ಶುದ್ಧರಕ್ತವನ್ನು ಒದಗಿಸುವ ರಕ್ತಕೋಶ,Heart,Yes,k,2025-02-02 07:57:25
ಹೃದಯ,ಹೃದಯ ರೋಗದ ಪ್ರತಿರೋಧ ತರಬೇತಿ ಪಾತ್ರ.,ದೇಹದ ಮಲಿನ ರಕ್ತವನ್ನು ಶುದ್ಧಗೊಳಿಸಿ ಅಂಗಾಂಗಳಿಗೆ ಶುದ್ಧರಕ್ತವನ್ನು ಒದಗಿಸುವ ರಕ್ತಕೋಶ,Heart,Yes,k,2025-02-02 07:57:25
ಹೃದಯ,ವಿಶ್ರಾಂತಿ ಹೃದಯ ಬಡಿತವು 90 ಬಿ.,ದೇಹದ ಮಲಿನ ರಕ್ತವನ್ನು ಶುದ್ಧಗೊಳಿಸಿ ಅಂಗಾಂಗಳಿಗೆ ಶುದ್ಧರಕ್ತವನ್ನು ಒದಗಿಸುವ ರಕ್ತಕೋಶ,Heart,Yes,k,2025-02-02 07:57:25
ಹೃದಯ,ಚೆರ್ರಿಗಳು ಗಾಜಿನ ಒಂದು ದಿನ ಹೃದಯ ರೋಗದ ಅಪಾಯ ಮತ್ತು ಗೆಡ್ಡೆಗಳು ರಚನೆಗೆ ಕಡಿಮೆ.,ದೇಹದ ಮಲಿನ ರಕ್ತವನ್ನು ಶುದ್ಧಗೊಳಿಸಿ ಅಂಗಾಂಗಳಿಗೆ ಶುದ್ಧರಕ್ತವನ್ನು ಒದಗಿಸುವ ರಕ್ತಕೋಶ,Heart,Yes,k,2025-02-02 07:57:25
ಹೃದಯ,ವಿದೇಶಿಗರಿಗೆ ಕಠಿಣ ಹೃದಯ ಚಿಕಿತ್ಸೆ ನಿಯಮ,ದೇಹದ ಮಲಿನ ರಕ್ತವನ್ನು ಶುದ್ಧಗೊಳಿಸಿ ಅಂಗಾಂಗಳಿಗೆ ಶುದ್ಧರಕ್ತವನ್ನು ಒದಗಿಸುವ ರಕ್ತಕೋಶ,Heart,Yes,k,2025-02-02 07:57:26
ಹೃದಯ,"ಹೃದಯ ಮತ್ತು ರಕ್ತನಾಳಗಳ ಶರೀರ ವಿಶ್ಲೇಷಣೆ, ರಕ್ತ ಅವುಗಳನ್ನು ಪ್ರಕಟವಾಗುತ್ತದೆ ಅರ್ಥೈಸಿಕೊಳ್ಳಬೇಕು.",ದೇಹದ ಮಲಿನ ರಕ್ತವನ್ನು ಶುದ್ಧಗೊಳಿಸಿ ಅಂಗಾಂಗಳಿಗೆ ಶುದ್ಧರಕ್ತವನ್ನು ಒದಗಿಸುವ ರಕ್ತಕೋಶ,Heart,Yes,k,2025-02-02 07:57:26
ಹೃದಯ,ಹೃದಯ ಸಂಬಂಧಿ ಕಾಯಿಲೆ ಹೆರಿಡಿಟಿ.,ದೇಹದ ಮಲಿನ ರಕ್ತವನ್ನು ಶುದ್ಧಗೊಳಿಸಿ ಅಂಗಾಂಗಳಿಗೆ ಶುದ್ಧರಕ್ತವನ್ನು ಒದಗಿಸುವ ರಕ್ತಕೋಶ,Heart,Yes,k,2025-02-02 07:57:26
ಹೃದಯ,"ನೀವು ಹೃದಯಾಘಾತದಿಂದ ಕೂಡಿದ ಹೃದಯ ಸ್ನಾಯುವಿನ ರಕ್ತಸ್ರಾವದಿಂದ ಬಳಲುತ್ತಿದ್ದರೆ, ನಿಮ್ಮ ಹೃದಯಕ್ಕೆ ಸಾಕಷ್ಟು ಆಮ್ಲಜನಕ ಸಿಗುತ್ತಿಲ್ಲ.",ದೇಹದ ಮಲಿನ ರಕ್ತವನ್ನು ಶುದ್ಧಗೊಳಿಸಿ ಅಂಗಾಂಗಳಿಗೆ ಶುದ್ಧರಕ್ತವನ್ನು ಒದಗಿಸುವ ರಕ್ತಕೋಶ,Heart,Yes,k,2025-02-02 07:57:26
ಹೃದಯ,"ಆದರೆ, ಇತ್ತೀಚಿನ ಅಧ್ಯಯನದ ಪ್ರಕಾರ ಹೃದಯ ಸಂಬಂಧಿ ಕಾಯಿಲೆಗಳೂ ಹೆಚ್ಚಾಗಲು ವಾಯುಮಾಲಿನ್ಯವೇ ಮುಖ್ಯ ಕಾರಣ ಎಂದು ಹೇಳಿದರು.",ದೇಹದ ಮಲಿನ ರಕ್ತವನ್ನು ಶುದ್ಧಗೊಳಿಸಿ ಅಂಗಾಂಗಳಿಗೆ ಶುದ್ಧರಕ್ತವನ್ನು ಒದಗಿಸುವ ರಕ್ತಕೋಶ,Heart,Yes,k,2025-02-02 07:57:26
ಹೃದಯ,ಹೃದಯ ಹಾಗೂ ಹೃದಯ ನಾಳದಲ್ಲಿ ಉಂಟಾಗುವ ಕೆಲವು ಅಡೆ ತಡೆಗಳನ್ನು ನಿವಾರಿಸುವುದು.,ದೇಹದ ಮಲಿನ ರಕ್ತವನ್ನು ಶುದ್ಧಗೊಳಿಸಿ ಅಂಗಾಂಗಳಿಗೆ ಶುದ್ಧರಕ್ತವನ್ನು ಒದಗಿಸುವ ರಕ್ತಕೋಶ,Heart,Yes,k,2025-02-02 07:57:26
ಹೃದಯ,ಇನ್ನು ಮೌಂಟ್ ಎಲಿಜಬೆತ್ ಆಸ್ಪತ್ರೆಗೆ ಬಗ್ಗೆ ಹೇಳಬೇಕೆಂದರೆ ಇದು ಕಿಡ್ನಿ ಮತ್ತು ಹೃದಯ ಕಸಿ ಚಿಕಿತ್ಸೆಗೆ ಹೆಸರುವಾಸಿಯಾಗಿದೆ.,ದೇಹದ ಮಲಿನ ರಕ್ತವನ್ನು ಶುದ್ಧಗೊಳಿಸಿ ಅಂಗಾಂಗಳಿಗೆ ಶುದ್ಧರಕ್ತವನ್ನು ಒದಗಿಸುವ ರಕ್ತಕೋಶ,Heart,Yes,k,2025-02-02 07:57:26
ಹೃದಯ,"ವೈದ್ಯರು ಮತ್ತು ಪಶುವೈದ್ಯರು ತಮ್ಮ ರೋಗಿಗಳಿಂದ ನಿರ್ದಿಷ್ಟವಾಗಿ, ಉಸಿರಾಟ ಮತ್ತು ಹೃದಯ ಬಡಿತವನ್ನು ಸಂಗ್ರಹಿಸುವುದನ್ನು ವ್ಯಾಪಕವಾಗಿ ಬಳಸುತ್ತಾರೆ.",ದೇಹದ ಮಲಿನ ರಕ್ತವನ್ನು ಶುದ್ಧಗೊಳಿಸಿ ಅಂಗಾಂಗಳಿಗೆ ಶುದ್ಧರಕ್ತವನ್ನು ಒದಗಿಸುವ ರಕ್ತಕೋಶ,Heart,Yes,k,2025-02-02 07:57:26
ಹೃದಯ,"ಡೈನಾಕ್ಸಿನ್, ವಿನೈಲ್ ಸೈಡಿಂಗ್ ಸುಟ್ಟುಹೋದಾಗ ಬಿಡುಗಡೆಯಾಗುತ್ತದೆ, ಇದು ಹೃದಯ ಕಾಯಿಲೆಯಿಂದ ಕ್ಯಾನ್ಸರ್ಗೆ ವ್ಯಾಪಕವಾದ ರೋಗಗಳ ಜೊತೆ ಸಂಬಂಧ ಹೊಂದಿದೆ.",ದೇಹದ ಮಲಿನ ರಕ್ತವನ್ನು ಶುದ್ಧಗೊಳಿಸಿ ಅಂಗಾಂಗಳಿಗೆ ಶುದ್ಧರಕ್ತವನ್ನು ಒದಗಿಸುವ ರಕ್ತಕೋಶ,Heart,Yes,k,2025-02-02 07:57:26
ಹೃದಯ,"ಇದು ಏನು ಮತ್ತು ನೀವು ಒಂದು ಹೃದಯ ಲಯ ಅಡಚಣೆ ಹೊಂದಿದ್ದರೆ ನೀವು ಮಾಡಬೇಕು, ನೀವು ತಜ್ಞ ಹೇಳಲು ಉತ್ತಮ.",ದೇಹದ ಮಲಿನ ರಕ್ತವನ್ನು ಶುದ್ಧಗೊಳಿಸಿ ಅಂಗಾಂಗಳಿಗೆ ಶುದ್ಧರಕ್ತವನ್ನು ಒದಗಿಸುವ ರಕ್ತಕೋಶ,Heart,Yes,k,2025-02-02 07:57:26
ಹೃದಯ,"ಆದಾಗ್ಯೂ, ಹೃದಯ ಅವಯವ ನಿರೂಪಿಸುವ ವಿಲಕ್ಷಣ ಲಕ್ಷಣಗಳು ಇವೆ.",ದೇಹದ ಮಲಿನ ರಕ್ತವನ್ನು ಶುದ್ಧಗೊಳಿಸಿ ಅಂಗಾಂಗಳಿಗೆ ಶುದ್ಧರಕ್ತವನ್ನು ಒದಗಿಸುವ ರಕ್ತಕೋಶ,Heart,Yes,k,2025-02-02 07:57:26
ಹೊಳೆ,ಕಾಂಗ್ರೆಸ್-ಬಿಜೆಪಿ ಪಕ್ಷಗಳು ಉಪಚುನಾವಣೆಯಲ್ಲಿ ಒಳ ಒಪ್ಪಂದ ಮಾಡಿಕೊಂಡು ಹಣದ ಹೊಳೆ ಹರಿಸಿದ ಕಾರಣ ಜೆಡಿಎಸ್‌ ಪಕ್ಷಕ್ಕೆ ಸೋಲಾಗಿದೆ ಎಂದು ಎಚ್‌.,"ಕಾಂತಿ, ಹೊಳಪು",Shine,Yes,a,2025-02-07 22:02:34
ಹೊಳೆ,ಆಷಾಢದ ಮೋಡದ ಹೊಳೆ ಮೇಲೆ ಹರಿಯುತಿದ್ದಿತು,"ಕಾಂತಿ, ಹೊಳಪು",Shine,Yes,a,2025-02-07 22:02:34
ಹೊಳೆ,"ಓಹ್, ಎಂಥ ನಿರ್ಮಲವಾದ ಪರಿಶುದ್ಧವಾದ ಸೂರ್ಯನ ಕಿರಣಗಳಿಗೆ ಹೊಳೆ ಹೊಳೆಯುವ ಕನ್ನಡಿಯಂಥ ಸರಸ್ಸಾಗಿತ್ತು ಅದು.","ಕಾಂತಿ, ಹೊಳಪು",Shine,Yes,a,2025-02-07 22:02:34
ಹೊಳೆ,ಈ ಬಾರಿಯ ವಿಶೇಷವೆಂದರೆ ಇದೇ ಮೊದಲ ಬಾರಿಗೆ ಇಷ್ಟೊಂದು ಮಂದಿ ಹಾಸ್ಯ ಕಲಾಕಾರರನ್ನು ಕಲೆ ಹಾಕಿ ಇಡೀ ದಿನ ಹಾಸ್ಯದ ಹೊಳೆ ಹರಿಸಿದ್ದು.,"ಕಾಂತಿ, ಹೊಳಪು",Shine,Yes,a,2025-02-07 22:02:34
ಹೊಳೆ,ಗೆಳೆಯರಿಬ್ಬರು ಬೌಂಡರಿ ಗೆರೆಯ ಹೊರಗಿದ್ದ ಕೋಚ್ ರಮಾಕಾಂತ್ ಆಚ್ರೇಕರ್ ಅವರ ಕಡೆ ತಲೆ ಹಾಕದೇ ಮೈದಾನದೊಳಗೆ ರನ್‌ಗಳ ಹೊಳೆ ಹರಿಸುತ್ತಾ ಸಾಗಿದ್ದನ್ನು ದಾಖಲಿಸಿದ ವ್ಯಕ್ತಿ ಮಾರ್ಕಸ್.,"ಕಾಂತಿ, ಹೊಳಪು",Shine,Yes,a,2025-02-07 22:02:34
ಹೊಳೆ,ಗಣಿಗಾರಿಕೆಯಿಂದ ಜಿಲ್ಲೆಯಲ್ಲಿ ಹಣದ ಹೊಳೆ ಹರಿದಿತ್ತು.,"ಕಾಂತಿ, ಹೊಳಪು",Shine,Yes,a,2025-02-07 22:02:34
ಹೊಳೆ,ನನ್ನ ಬದುಕಿನ ಹೊಳೆ ಕನ್ನಡ ಸಾಹಿತ್ಯದ ನವೋದಯದ ನದಿಗೆ ಬಹಳ ದೂರದಲ್ಲಿಯೆ ಹರಿಯುತ್ತಿತ್ತು.,"ಕಾಂತಿ, ಹೊಳಪು",Shine,Yes,a,2025-02-07 22:02:34
ಹೊಳೆ,ನಿತ್ಯ ಹಸಿರು ನೋಡುವವರ ಮನಸ್ಸು ಸದಾ ಪ್ರಸನ್ನವಾಗಿರುವುದರ ಜೊತೆಗೆ ಅವರ ಕಣ್ಣುಗಳು ಆರೋಗ್ಯವಾಗಿದ್ದು ಫಳಾ ಫಳಾ~ ಹೊಳೆ ಯುತ್ತಿರುತ್ತವೆ.,"ಕಾಂತಿ, ಹೊಳಪು",Shine,Yes,a,2025-02-07 22:02:34
ಹೊಳೆ,ಒಂದೊಮ್ಮೆ ಅವರು ಹಿಂದಿನ ಲಯದಲ್ಲಿ ಆಡಿದ್ದೇ ಆದರೆ ವಾಂಖೆಡೆ ಕ್ರೀಡಾಂಗಣದಲ್ಲಿ ರನ್ ಹೊಳೆ ಹರಿಯುವುದು ಸುಳ್ಳಲ್ಲ.,"ಕಾಂತಿ, ಹೊಳಪು",Shine,Yes,a,2025-02-07 22:02:34
ಹೊಳೆ,ಪರಿಶುದ್ಧ ಮನಸ್ಸು ಸದಾಚಾರತೆಯನ್ನು ಮೈಗೂಡಿಸಿಕೊಂಡು ಬಾಳಿದ ವ್ಯಕ್ತಿ ಅವರ ಕಾವ್ಯಗಳು ಕನ್ನಡ ಕಾವ್ಯಲೋಕಕ್ಕೆ ಒಂದು ಮಿಂಚಿನ ಹೊಳೆ ಹರಿಸಿವೆ.,"ಕಾಂತಿ, ಹೊಳಪು",Shine,Yes,a,2025-02-07 22:02:35
ಹೊಳೆ,"ಹೊಳೆ ಹೊಳೆಯುವ ಕಣ್ಣುಗಳು, ಪುಟ್ಟ ಮೂಗು, ಹಾಲಿನ ಕೆನೆಯಂತಹ ಮೆತ್ತಗಿರುವ ಕೆನ್ನೆ, ಹಣೆಯಲ್ಲಿ ಮಿನುಗುವ ತಿಲಕ, ತುಟಿಯಲ್ಲಿ ಕುಲುಕುಲು ನಗೆ!","ಕಾಂತಿ, ಹೊಳಪು",Shine,Yes,a,2025-02-07 22:02:35
ಹೊಳೆ,ನನ್ನ ಮೊಬೈಲ್ ಲೈಟಲ್ಲೇ ಹೊಳೆ ಹುಡುಕ್ತಾ ನಾನು ಪಕ್ಯ ಹೆಜ್ಜೆ ಹಾಕಿದ್ವಿ.,"ಕಾಂತಿ, ಹೊಳಪು",Shine,Yes,a,2025-02-07 22:02:35
ಹೊಳೆ,"ಎಲ್ಲಿ ಮುಗಿಲಲಿ ಮಿಂಚಿನೋಲ್ ಕಾವೇರಿ ಹೊಳೆ ಹೊಳೆ ಹೊಳೆವಳೋ,","ಕಾಂತಿ, ಹೊಳಪು",Shine,Yes,a,2025-02-07 22:02:35
ಹೊಳೆ,ಕರುನಾಡಲಿ ಹರಿಯಲಿ ಕಾಂಚಾಣದ ಹೊಳೆ,"ಕಾಂತಿ, ಹೊಳಪು",Shine,Yes,a,2025-02-07 22:02:35
ಹೊಳೆ,ಹೊಳೆ ಹೊಳೆವ ಪಂಜರದಲಿ,"ಕಾಂತಿ, ಹೊಳಪು",Shine,Yes,a,2025-02-07 22:02:35
ಹೊಳೆ,"ಕಾಗೆ ಕಣ್ಣು ಇರುವೆ ಬಲ, ಹೊಳೆ ಬದಿಯ ಬೆಳಗು","ಕಾಂತಿ, ಹೊಳಪು",Shine,Yes,a,2025-02-07 22:02:35
ಹೊಳೆ,"ಒಟ್ಟಾರೆ, ಅಸ್ಸಾಂನಲ್ಲಿ ಹಣದ ಹೊಳೆ ಹರಿದಿದ್ದು ದೊಡ್ಡ ಸುದ್ದಿಯಾಗಿದೆ.","ಕಾಂತಿ, ಹೊಳಪು",Shine,Yes,a,2025-02-07 22:02:35
ಹೊಳೆ,"ಹರಿಯುತಿದೆ ಹೊಳೆಯಲ್ಲಿ ಹೊಳೆ ಹೊಳೆವ ಚಿನ್ನದ ನೀರು,","ಕಾಂತಿ, ಹೊಳಪು",Shine,Yes,a,2025-02-07 22:02:35
ಹೊಳೆ,ಚಂದ್ರನ ಬೆಳಕಿನಲ್ಲಿ ಹೊಳೆ ಪಳಪಳನೆ ಹೊಳೆಯಿತು.,"ಕಾಂತಿ, ಹೊಳಪು",Shine,Yes,a,2025-02-07 22:02:35
ಹೊಳೆ,ಮಗುವಿನ ಕಿಲ ಕಿಲ ನಗುವಿನಿಂದ ಕುಟುಂಬದಲ್ಲೂ ಆನಂದದ ಹೊಳೆ ಹರಿದಿತ್ತು.,"ಕಾಂತಿ, ಹೊಳಪು",Shine,Yes,a,2025-02-07 22:02:35
ಹೊಳೆ,ಮೋಳೆ: ಸಮಸ್ಯೆಗಳ ಹೊಳೆ,"ಕಾಂತಿ, ಹೊಳಪು",Shine,Yes,a,2025-02-07 22:02:35
ಹೊಳೆ,"ಇನ್ನು ಚೆಂಡು ಹೂ, ಹೊಳೆ ದಾಸವಾಳ, ಗುಲ್‌ಮೊಹರ್ ಇನ್ನಿತರ ಹೂವು ಬಳ್ಳಿಗಳು ಗಮನ ಸೆಳೆದವು.","ಕಾಂತಿ, ಹೊಳಪು",Shine,Yes,a,2025-02-07 22:02:35
ಹೊಳೆ,ಮಿತ್ತಲ್ ಖರೀದಿಸಿದ ಉಕ್ಕಿನ ಕಾರ್ಖಾನೆಗಳೆಲ್ಲ ಚಿನ್ನದ ಹೊಳೆ ಹರಿಸತೊಡಗಿದವು.,"ಕಾಂತಿ, ಹೊಳಪು",Shine,Yes,a,2025-02-07 22:02:35
ಹೊಳೆ,"ಜೀಪ್ , ಲಗೇಜ್ ಆಟೋ ಜೇನಿನ ಹೊಳೆ ಒಳ್ಳಗೆ ಹೊರಟ್ಟಿತು.","ಕಾಂತಿ, ಹೊಳಪು",Shine,Yes,a,2025-02-07 22:02:35
ಹೊಳೆ,"ಮಣ್ಣ, ಕಲ್ಲು, ಹೊಳೆ ಎಲ್ಲದಕ್ಕೂ ಜೀವವಿದೆ ಇಲ್ಲಿ.","ಕಾಂತಿ, ಹೊಳಪು",Shine,Yes,a,2025-02-07 22:02:35
ಹೊಳೆ,ಭೂಸನೂರಮಠ ಅವರು ಇಪ್ಪತ್ತನೆಯ ಶತಮಾನದ ಪ್ರಭುದೇವರಂತೆ ಇಡೀ ಗ್ರಂಥದಲ್ಲಿ ಮಿಂಚಿನ ಹೊಳೆ ಸಂಚಲಿಸುವಂತೆ ಮಾಡಿರುವರು.,"ಕಾಂತಿ, ಹೊಳಪು",Shine,Yes,a,2025-02-07 22:02:35
ಹೊಳೆ,ಈ ಚುನಾವಣೆಯಲ್ಲಿ ಗೆದ್ದು ಸಚಿವರಾಗುವ ಆಸೆಗೆ ದುಡ್ಡಿನ ಹೊಳೆ ಹರಿಸುತ್ತಿದ್ದಾರೆ.,"ಕಾಂತಿ, ಹೊಳಪು",Shine,Yes,a,2025-02-07 22:02:35
ಹೊಳೆ,ಬಿಜೆಪಿಗೆ ಹೊಸ ಸದಸ್ಯರ ಹೊಳೆ,"ಕಾಂತಿ, ಹೊಳಪು",Shine,Yes,a,2025-02-07 22:02:35
ಹೊಳೆ,ಈ ಕವನವನ್ನು ಓದುತ್ತಿದ್ದಂತೆ ಮೆಯ್ಯಲಿ ಮಿಂಚಿನ ಹೊಳೆ ತುಳುಕಾಡುವುದು,"ಕಾಂತಿ, ಹೊಳಪು",Shine,Yes,a,2025-02-07 22:02:35
ಹೊಳೆ,"ಹೊಳೆ ಹೊಳೆವ ಕಣ್ಣ ಕನ್ನಡಿಯಲಿ ನನ್ನ ಮುಖ ನೋಡಲು ಅನುಮತಿಸು,","ಕಾಂತಿ, ಹೊಳಪು",Shine,Yes,a,2025-02-07 22:02:35
ಹೊಳೆ,ಹೆಚ್ಚೆಂದರೆ ಸೃಷ್ಟಿಯ | ಹೃದಯಕೆ | ಪ್ರಾಣಾ | ಗ್ನಿಯ ಹೊಳೆ | ಹರಿಯಿಸಿ | ರವಿ ದಯ | ಮಾಡುವನು ಎಂಬಂತೆ ಏಳು ಗಣಗಳ ವಿಸ್ತಾರ ಪಡೆಯಬಹುದು.,"ಕಾಂತಿ, ಹೊಳಪು",Shine,Yes,a,2025-02-07 22:02:35
ಹೊಳೆ,ಗೀತಂಗಳೊಳಗೇಕನಿಷ್ಠೆ ಹೊಳೆ ಹೊಳೆವುತಿರೆ,"ಕಾಂತಿ, ಹೊಳಪು",Shine,Yes,a,2025-02-07 22:02:35
ಹೊಳೆ,ಇನ್ನೂ ಹನ್ನೊಂದು ಎಸೆತಗಳು ಬಾಕಿ ಇರುವಾಗಲೇ ಒಂಬತ್ತು ವಿಕೆಟ್‌ಗಳ ಗೆಲುವಿನ ಸಂಭ್ರಮದ ಹೊಳೆ ಹರಿಯಿತು.,"ಕಾಂತಿ, ಹೊಳಪು",Shine,Yes,a,2025-02-07 22:02:35
ಹೊಳೆ,ಕೃಷ್ಣ ತಾನೂ ಅವರೊಂದಿಗೆ ಕುಣಿದು ಅವರನ್ನು ನಲಿದಾಡಿಸಿ ಆನಂದದ ಹೊಳೆ ಹರಿಸುತ್ತಿದ್ದ ಎನ್ನುತ್ತಾನೆ ಚತುರ್ಮುಖ.,"ಕಾಂತಿ, ಹೊಳಪು",Shine,Yes,a,2025-02-07 22:02:35
ಹೊಳೆ,"ಸಿನಿಮಾ ಒಂದು ವ್ಯವಹಾರವೆಂಬುದು ಭಾಸವಾಗದಂತೆ ಇಡೀ ಚಿತ್ರತಂಡವನ್ನು ಕುಟುಂಬದಂತೆ ಪ್ರೀತಿಯಿಂದ ನೋಡಿಕೊಂಡರು ಎಂದು ನಟರಾದ ರಾಜೇಶ್, ಮನ್‌ದೀಪ್‌ರಾಯ್, ಶಿವಕುಮಾರ್, ನಟಿ ಪುಷ್ಪಾಸ್ವಾಮಿ ಹೊಗಳಿಕೆಯ ಹೊಳೆ ಹರಿಸಿದರು.","ಕಾಂತಿ, ಹೊಳಪು",Shine,Yes,a,2025-02-07 22:02:35
ಹೊಳೆ,"Home ಕನ್ನಡ ವಾರ್ತೆಗಳು ಕರ್ನಾಟಕ ಹುಚ್ಚೆದ್ದು ಕುಣಿದರು, ಬಿಗಿದು ಅಪ್ಪಿದರು, ಹೊಸ ವರ್ಷ ಸ್ವಾಗತಿಸಿದರು; ಬೆಳಕಿನ ಮಳೆಯಲ್ಲಿ ಸಂಭ್ರಮದ ಹೊಳೆ","ಕಾಂತಿ, ಹೊಳಪು",Shine,Yes,a,2025-02-07 22:02:36
ಹೊಳೆ,"ಹೆಮ್ಮಾಡಿ: ಹೊಸಾಡು ಗ್ರಾಪಂ ವ್ಯಾಪ್ತಿಯ ಹೊಸಾಡು-ಬಂಟ್ವಾಡಿ ಸಂಪರ್ಕ ಸೇತುವೆ ಸಮೀಪ ಕೆಲವರು ಚಟ್ಲಿಕೆರೆ ನಿರ್ಮಾಣಕ್ಕಾಗಿ ಹೊಳೆ ಪರಂಬೋಕು ಜಾಗ ಅತಿಕ್ರಮಿಸಿ ರಸ್ತೆ ನಿರ್ಮಿಸುತ್ತಿದ್ದು, ಹೊಳೆಬದಿಯಲ್ಲಿನ ಅಪಾರ ಕಾಂಡ್ಲಾ ವೃಕ್ಷಗಳನ್ನು ನಾಶಪಡಿಸಿದ್ದಾರೆ.","ನದಿ, ತೊರೆ","river, stream",Yes,a,2025-02-07 22:14:39
ಹೊಳೆ,ಪರಮಶಿವಯ್ಯ ವರದಿ ಆಧಾರಿತ ಯೋಜನೆಯ ಒಂದು ಭಾಗಕ್ಕೆ ಎತ್ತಿನ ಹೊಳೆ ಎಂದು ಹೆಸರಿಸಿ ಯೋಜನೆ ಜಾರಿಗೊಳಿಸಲಾಯಿತು.,"ನದಿ, ತೊರೆ","river, stream",Yes,a,2025-02-07 22:14:39
ಹೊಳೆ,ಅದರಾಚೆಗೆ ಹೊಳೆವ ಹೊಳೆ.,"ನದಿ, ತೊರೆ","river, stream",Yes,a,2025-02-07 22:14:39
ಹೊಳೆ,ಬಡ ಕೂಲಿಕಾರರೇ ಹೆಚ್ಚಾಗಿರುವ ಈ ಊರಿನಲ್ಲಿ ಊರು ತುಂಬಾ ಹೊಳೆ ಕೋಡಿಗಳಲ್ಲಿ ನೀರಿದ್ದರೂ ಕುಡಿಯಲು ನೀರಿಲ್ಲ.,"ನದಿ, ತೊರೆ","river, stream",Yes,a,2025-02-07 22:14:39
ಹೊಳೆ,ತಿರುಗಾಟದ ಕೊನೆಗೆ ಹೊಳೆ ಹಾದು ಎದುರು ಕಾಣುವ ಕುದುರಿಗೆ ಹೋಗಬೇಕೆನಿಸಿತು.,"ನದಿ, ತೊರೆ","river, stream",Yes,a,2025-02-07 22:14:39
ಹೊಳೆ,"ಮುಂದೆ ಶಿರಸಿ ಪಟ್ಟಣ ಸೇರುವಾಗ ತನ್ನ ಹೆಸರನ್ನು ಶಂಕರ ಹೊಂಡ, ಬಕುರ ಹೊಳೆ, ದೋಣಿ ಹೊಳೆ ಎಂದೆಲ್ಲ ಬದಲಾಯಿಸಿಕೊಳ್ಳುತ್ತದೆ.","ನದಿ, ತೊರೆ","river, stream",Yes,a,2025-02-07 22:14:39
ಹೊಳೆ,ಮೊರೆಯದಿರಲಿ ಹೊಳೆ ನದಿಗಳು ಉಕ್ಕಿ,"ನದಿ, ತೊರೆ","river, stream",Yes,a,2025-02-07 22:14:39
ಹೊಳೆ,"ಭಟ್ಕಳ: ಸದ್ಯ ತಾಲೂಕಿನಲ್ಲಿ ಚಿಪ್ಪಿಕಲ್ಲಿನ ವ್ಯಾಪಾರ ಹಾಗೂ ಖರೀದಿ ಕಡಿಮೆಯಾಗಿದ್ದ ಬೆನ್ನಲ್ಲೆ ಮಾರುಕಟ್ಟೆಯಲ್ಲಿ ಕಲಗಾ(ಕಳಿನಾಡು) ಎಂಬ ಬಹುಬೇಡಿಕೆಯ ರುಚಿಯಾದ ಜಲಚರಗಳು ಸಿಗುತ್ತಿದ್ದು, ತಾಲೂಕಿನ ಹೊಳೆ ಭಾಗದಲ್ಲಿನ ಮೀನುಗಾರ ಮಹಿಳೆಯರು ಬೆಳ್ಳಂಬೆಳಗ್ಗೆ ಹೊಳೆಯಲ್ಲಿ ಇಳಿದು ಕಲಗಾ(ಕಳಿನಾಡು) ತೆಗೆಯುವ ಕಾರ್ಯದಲ್ಲಿ ನಿರತರಾಗಿದ್ದಾರೆ.","ನದಿ, ತೊರೆ","river, stream",Yes,a,2025-02-07 22:14:39
ಹೊಳೆ,ಜಿಲ್ಲೆಯ ವಿವಿಧ ಹೊಳೆ ಹಾಗೂ ಸಮುದ್ರದಿಂದ ಅಕ್ರಮವಾಗಿ ಮರಳು ಸಾಗಾಟದ ಹಿಂದೆ ಬೃಹತ್ ಮಾಫಿಯಾಗಳು ಕಾರ್ಯಾಚರಿಸುತ್ತಿದೆ ಎನ್ನಲಾಗಿದೆ.,"ನದಿ, ತೊರೆ","river, stream",Yes,a,2025-02-07 22:14:39
ಹೊಳೆ,"ಬಿಸಿಲ ತಾಪ ಹೆಚ್ಚಾಗುತ್ತಿರುವು ದರಿಂದ ಭೂಮಿಯ ಬಾಷ್ಪೀಕರಣ ಪ್ರಕ್ರಿಯೆ ಇನ್ನಷ್ಟು ತೀವ್ರಗೊಂಡಿದ್ದು, ಹೀಗೆ ಮುಂದುವರಿದಲ್ಲಿ ರಾಜ್ಯದಲ್ಲಿ ಬಾವಿ, ಕೆರೆ, ಹೊಳೆ ಇತ್ಯಾದಿಗಳಲ್ಲಿ ನೀರಿನ ಮಟ್ಟ ಕುಸಿದು ಮುಂದೆ ನೀರಿನ ಕೊರತೆಗೆ ಸಾಧ್ಯತೆ ಇದೆ ಎಂದು ಹವಾಮಾನ ಇಲಾಖೆ ತಿಳಿಸಿದೆ.","ನದಿ, ತೊರೆ","river, stream",Yes,a,2025-02-07 22:14:39
ಹೊಳೆ,"ಮಂಜೇಶ್ವರ ಪಂಚಾಯತ್‌ನ ೯ನೇ ವಾರ್ಡ್ ಬಡಾಜೆಯಲ್ಲಿ ಬಂಗ್ರಮಂಜೇಶ್ವರ ಹೊಳೆಗೆ ಕಟ್ಟಲಾಗಿದ್ದ ಅಣೆಕಟ್ಟಿನ ಹಲಗೆಯನ್ನು ಮುರಿದು ತೆಗೆಯಲಾಗಿದ್ದು, ಇದರಿಂದಾಗಿ ಇಲ್ಲಿ ಸಂಗ್ರಗೊಂಡಿದ್ದ ನೀರೆಲ್ಲ ಹರಿದು ಹೋಗಿ ಹೊಳೆ ಖಾಲಿಯಾಗಿದೆ.","ನದಿ, ತೊರೆ","river, stream",Yes,a,2025-02-07 22:14:39
ಹೊಳೆ,"ಮಂಡ್ಯ: ಪುರಾಣ ಪ್ರಸಿದ್ಧ ಹೊಳೆ ಆಂಜನೇಯಸ್ವಾಮಿ ದೇವಸ್ಥಾನಕ್ಕೂ ಉಡುಪಿಯ ಪೇಜಾವರ ಮಠದ ಪೀಠಾಧ್ಯಕ್ಷ ಶ್ರೀ ವಿಶ್ವೇಶತೀರ್ಥ ಶ್ರೀಗಳಿಗೂ ಅವಿನಾಭಾವ ಸಂಬಂಧವಿದ್ದು, ಹಲವು ವರ್ಷಗಳಿಂದ ಹೊಳೆ ಆಂಜನೇಯಸ್ವಾಮಿಗೆ ಪೂಜೆ ಸಲ್ಲಿಸುತ್ತಾ ಬಂದಿದ್ದರು.","ನದಿ, ತೊರೆ","river, stream",Yes,a,2025-02-07 22:14:39
ಹೊಳೆ,ಹೊಳೆ ದಾಟಬೇಕು!,"ನದಿ, ತೊರೆ","river, stream",Yes,a,2025-02-07 22:14:39
ಹೊಳೆ,ದಂಟಕಲ್‌ನ ನರಸಿಂಹ ಹೆಗಡೆ ಮತ್ತು ಮಧುಕೇಶ್ವರ ಹೆಗಡೆ ಎಂಬವರ ತೋಟದ ಮೇಲೆ ಹೊಳೆ ಉಕ್ಕಿ ಹರಿದು ನಷ್ಟ ಉಂಟಾಗಿದೆ ಎಂದು ಸ್ಥಳೀಯರು ತಿಳಿಸಿದ್ದಾರೆ.,"ನದಿ, ತೊರೆ","river, stream",Yes,a,2025-02-07 22:14:39
ಹೊಳೆ,ಮಾಣಿ ಹೊಳೆ ಸೇತುವೆಯ ಆ ಭಾಗದ ಜನರು ಪಟ್ಟಣಕ್ಕೆ ಬರಲು ಬಳಸು ದಾರಿ ಕ್ರಮಿಸಬೇಕಾಗಿತ್ತು.,"ನದಿ, ತೊರೆ","river, stream",Yes,a,2025-02-07 22:14:39
ಹೊಳೆ,ಇತಿಹಾಸದಲ್ಲಿ ಅತ್ಯಂತ ರಕ್ತಪಾತದ ಹೊಳೆ ಹರಿಸಿದ ಯುದ್ಧದಲ್ಲಿ ಕೊರಿಯಾದ ಉಪಖಂಡದ ಇಡೀ ನಗರಗಳು ನಾಮಾವಶೇಷವಾಗಿ 2.,"ನದಿ, ತೊರೆ","river, stream",Yes,a,2025-02-07 22:14:39
ಹೊಳೆ,ಇನ್ನೂ ಸ್ವಲ್ಪ ನೀರು ಏರಿದರೆ ಹೊಳೆ ಮಗುಚುತ್ತದೆ.,"ನದಿ, ತೊರೆ","river, stream",Yes,a,2025-02-07 22:14:39
ಹೊಳೆ,ತಲಕಾಡು ಮಾಲಂಗಿ ಎರಡು ಹೊಳೆ ಕೂಡಿದ,"ನದಿ, ತೊರೆ","river, stream",Yes,a,2025-02-07 22:14:39
ಹೊಳೆ,"ಏಕೆಂದರೆ ಗಟ್ಟಿಯಲ್ಲದ, ಉಸುಕೇ ಪ್ರಧಾನವೆನಿಸಿದ ಹೈಗುಂದದ ಮಣ್ಣು, ಐವತ್ತರ ದಶಕದಲ್ಲಿ ಇಲ್ಲಿ ಸಂಚರಿಸುತ್ತಿದ್ದ ಮೋಟರ್‌ ಬೋಟಿನಿಂದಾಗಿ (ಲಾಂಚ್‌) ಮತ್ತು ಅದಕ್ಕೂ ಮುನ್ನ ವರ್ಷಂಪ್ರತಿ ಬರುತ್ತಿದ್ದ ನೆರೆಯಿಂದ ಹೊಳೆಗೆ ಕುಸಿಯುತ್ತ– ಹೊಳೆ ಅಗಲವಾಗುತ್ತ ಹೋದುದನ್ನು ಕಂಡವರು ಇದ್ದಾರೆ.","ನದಿ, ತೊರೆ","river, stream",Yes,a,2025-02-07 22:14:39
ಹೊಳೆ,ಗಂಗೆ ಹೊಳೆ ದಂಡೆಗೆ ನಿಂತಾಳ.,"ನದಿ, ತೊರೆ","river, stream",Yes,a,2025-02-07 22:14:39
ಹೊಳೆ,01: ವೀರಪ್ಪಮೊಯ್ಲಿ ಅವರು ಈ ಭಾಗದಲ್ಲಿ 2 ಬಾರಿ ಸಂಸದರಾಗಿ ಆಯ್ಕೆಯಾದರೂ ಎತ್ತಿನ ಹೊಳೆ ಯೋಜನೆಯ ನೀರು ಬರಲಿಲ್ಲ ಎಂದು ಮಾಜಿ ಸಚಿವ ಬಿ.,"ನದಿ, ತೊರೆ","river, stream",Yes,a,2025-02-07 22:14:40
ಹೊಳೆ,"ಬೇಲೇರಿ, ಬಸರಕೋಡ, ಹೊಳೆ ಹಡಗಲಿ ಗ್ರಾಮಗಳು ಸಂಪೂರ್ಣ ಜಲಾವೃತಗೊಂಡಿದ್ದವು.","ನದಿ, ತೊರೆ","river, stream",Yes,a,2025-02-07 22:14:40
ಹೊಳೆ,ಹೊಳೆ ಆಂಜನೇಯ ಸ್ವಾಮಿ ದೇಗುಲಕ್ಕೆ ಒಂದುಕಾಲು ರೂಪಾಯಿ ಹರಕೆ ಹೊತ್ತರೆ ಇಷ್ಟಾರ್ಥ ನೆರವೇರಲಿದೆ ಅನ್ನೊದು ನಂಬಿಕೆ.,"ನದಿ, ತೊರೆ","river, stream",Yes,a,2025-02-07 22:14:40
ಹೊಳೆ,ಗದಗ: ವಿದ್ಯುತ್ ಶಾರ್ಟ್ ಸರ್ಕ್ಯೂಟ್ ನಿಂದ ಮೂರು ಅಂಗಡಿಗಳು ಧಗಧಗನೆ ಹೊತ್ತಿ ಉರಿದ ಘಟನೆ ಗದಗ ಜಿಲ್ಲೆ ರೋಣ ತಾಲೂಕಿನ ಹೊಳೆ ಆಲೂರ ಗ್ರಾಮದಲ್ಲಿ ನಡೆದಿದೆ.,"ನದಿ, ತೊರೆ","river, stream",Yes,a,2025-02-07 22:14:40
ಹೊಳೆ,ಎಂಟು ವರ್ಷ ಧಾರವಾಡದಲ್ಲಿ ಕಳೆದ ಕಾಟೆ ಬಾಗಲಕೋಟೆ ಜಿಲ್ಲೆ ಬಾದಾಮಿ ತಾಲ್ಲೂಕಿನ ಹೊಳೆ ಆಲೂರು ಕಲ್ಮೇಶ್ವರ ಕಾಲೇಜು ಸೇರಿದರು.,"ನದಿ, ತೊರೆ","river, stream",Yes,a,2025-02-07 22:14:40
ಹೊಳೆ,ತೂದೂರಿನಲ್ಲಿ ಒಂದು ಕಡೆ ಹೊಳೆ ಇನ್ನೊಂದು ಕಡೆ ಗದ್ದೆ ಬಯಲು.,"ನದಿ, ತೊರೆ","river, stream",Yes,a,2025-02-07 22:14:40
ಹೊಳೆ,ಮಳೆ ಬಿದ್ದು ಹೊಳೆ ಕಟ್ಟಿದ ಮೇಲೆ ದೋಣಿಯ ಮೇಲೆ ಕೂತೇ ದಾಟಬೇಕಂತೆ!,"ನದಿ, ತೊರೆ","river, stream",Yes,a,2025-02-07 22:14:40
ಹೊಳೆ,ಹೊಳೆ ದಂಡೆಯಲ್ಲಿ ಶೆಡ್ ನಿರ್ಮಿಸಿದರೆ ಅಧಿಕಾರಿಗಳು ತಮ್ಮದೆ ಸಾಮ್ರಾಜ್ಯ ಸ್ಥಾಪಿಸಿಕೊಂಡಿದ್ದಾರೆ.,"ನದಿ, ತೊರೆ","river, stream",Yes,a,2025-02-07 22:14:40
ಹೊಳೆ,ಬಳೆಗಾರ ರಾಚಪ್ಪ ಹೊಳೆ ದಾಟಿಕೊಂಡು,"ನದಿ, ತೊರೆ","river, stream",Yes,a,2025-02-07 22:14:40
ಹೊಳೆ,ಈ ಹಾದಿಯುದ್ದಕ್ಕೂ ಹೊಳೆ ಮಲಿನವಾಗಿದೆ.,"ನದಿ, ತೊರೆ","river, stream",Yes,a,2025-02-07 22:14:40
ಹೊಳೆ,ಘಂಟೆ ಹೊತ್ತಿಗೆ ಮೇಷ್ಟರ ಮನೆಯವರು ಮತ್ತು ನಾವೆಲ್ಲಾ ಹೋಗಿ ರಸ್ತೆ ಮೇಲೆ ಹೊಳೆ ನೀರು ಉಕ್ಕಿ ಹರಿಯುವುದನ್ನು ನೋಡಿ ಬಂದೆವು.,"ನದಿ, ತೊರೆ","river, stream",Yes,a,2025-02-07 22:14:40
ಹೊಳೆ,"ಬೆಂಗಳೂರು: ವಿಧಾನಸಭೆ ಚುನಾವಣೆಯಲ್ಲಿ ಹಣ, ಮದ್ಯದ ಹೊಳೆ ಹರಿಯುತ್ತದೆ ಎಂಬುದು ತಿಳಿದ ವಿಚಾರವೇ.","ನದಿ, ತೊರೆ","river, stream",Yes,a,2025-02-07 22:14:40
ಹೊಳೆ,"ಜೇನಿನ ಹೊಳೆ ಒಂದು ಸುಂದರ , ಭಯಂಕರ ಕಾಡು.","ನದಿ, ತೊರೆ","river, stream",Yes,a,2025-02-07 22:14:40
ಹೊಳೆ,ಬ್ಯಾಟ್ಸ್‌ಮನ್‌ಗಳ ಪಾಲಿನ ಸ್ವರ್ಗ ಎನಿಸಿರುವ ಈ ಅಂಗಳದಲ್ಲಿ ಸೋಮವಾರವೂ ರನ್‌ ಹೊಳೆ ಹರಿಯುವ ನಿರೀಕ್ಷೆ ಇದೆ.,"ನದಿ, ತೊರೆ","river, stream",Yes,a,2025-02-07 22:14:40
ಹೊಳೆ,ಶಿರಸಿ ನಗರಸಭೆಯ ತಾಜ್ಯದಿಂದ ಕೆಂಗ್ರೆ ಹೊಳೆ ನೀರು ಕಲುಷಿತಗೊಂಡಿ ರುವ ಸಂಗತಿ ಮಾಲಿನ್ಯ ನಿಯಂತ್ರಣ ಮಂಡಳಿ ಅಧ್ಯಯನದಿಂದ ಗೊತ್ತಾಗಿದೆ.,"ನದಿ, ತೊರೆ","river, stream",Yes,a,2025-02-07 22:14:40
ಹೊಳೆ,ಈ ಚುನಾವಣೆಯಲ್ಲಿಯೂ ಮದ್ಯದ ಹೊಳೆ ಹರಿಸಲಾಗುತ್ತಿದೆ.,"ನದಿ, ತೊರೆ","river, stream",Yes,a,2025-02-07 22:14:40
ಹೊಳೆ,ಹೀಗೆ ಹಾಯಾಗಿ ನಾವು ಹೊಳೆ ದಾಟುವೆವು ಎಂದ ಶಿವ.,"ನದಿ, ತೊರೆ","river, stream",Yes,a,2025-02-07 22:14:40
ಹೊಳೆ,ಆದರೆ ನಿಮ್ಮ ಕೇಬಲ್ ಆಪರೇಟರ್ ಎಫ್‌ಟಿವಿ ಸೇವೆ ನೀಡದಿದ್ದರೆ ನೀವು ಜಾಗರಣೆ ಮಾಡಿದ್ದು ಹೊಳೆ ನೀರಿನಲ್ಲಿ ಹುಣಸೆಹಣ್ಣು ತೊಳೆದಂತಾಗುತ್ತದೆ.,"ನದಿ, ತೊರೆ","river, stream",Yes,a,2025-02-07 22:14:40
ಹೊಳೆ,ಬಿಳಿನೆಲೆಯಲ್ಲಿ ಸ್ಥಳೀಯರು ಹೊಳೆ ದಾಟಲು ಉಪಯೋಗಿಸುತ್ತಿರುವ ಅಡಿಕೆ ಮರದ ಕಾಲು ಸಂಕ.,"ನದಿ, ತೊರೆ","river, stream",Yes,a,2025-02-07 22:14:40
ಹೊಳೆ,"ಇಲ್ಲಿನ ಮುರ್ಡೇಶ್ವರ, ವೆಂಕಟಾಪುರ, ಅಳ್ವೇಕೋಡಿ, ತೆಂಗಿನಗುಂಡಿ, ಮುಂಡಳ್ಳಿ, ಗೊರಟೆ, ಸೇರಿದಂತೆ ಹೊಳೆ ಭಾಗದಲ್ಲಿನ ಮೀನುಗಾರ ಮಹಿಳೆಯರು ಮೂರು ತಿಂಗಳು ಮಳೆಗಾಲ ಆರಂಭವಾಗುವವರೆಗೂ ಈ ಕಾರ್ಯದಲ್ಲಿ ಬ್ಯುಸಿ ಆಗುತ್ತಾರೆ.","ನದಿ, ತೊರೆ","river, stream",Yes,a,2025-02-07 22:14:40
