lemma,sentence,sense,kannada_meaning,english_meaning
ಅಕ್ಷರ,"ಅವರು ಚಕ್ರವರ್ತಿ ಎನಿಸಿಕೊಂಡಳು ಮೊದಲು ಸುಧಾರಕ ತ್ಸಾರ್ ಪೀಟರ್ I ರೊಂದಿಗೆ ರಶಿಯಾದಲ್ಲಿ ಸಾಂಕೇತಿಕಾಕ್ಷರಗಳನ್ನೊಳಗೊಂಡಿದೆ ನೋಟವನ್ನು ಸಾಮಾನ್ಯವಾಗಿ ಸಂಬಂಧ, ವೈಯಕ್ತಿಕ ಸಾಂಕೇತಿಕಾಕ್ಷರಗಳ ಪೀಟರ್ ನಾನು ಲ್ಯಾಟಿನ್ ಅಕ್ಷರ ಪಿ ಪ್ರತಿಬಿಂಬದ ಒಳಗೊಂಡಿತ್ತು.",1,ಲಿಪಿ,Font
ಅಕ್ಷರ,"ಯಾವಾಗಲೋ ತಂದಿಟ್ಟುಕೊಂಡಿದ್ದ ಎರಡೂವರೆ ರೂಪಾಯಿಯ ತಿಳಿನೀಲಿ ಅಂತರ್ದೇಶಿ ಪತ್ರದಲ್ಲಿ, ಸಾಲು ಡೊಂಕಾಗದ ಹಾಗೆ, ಒತ್ತಕ್ಷರ ಕೆಳಗಿನ ಸಾಲಿಗೆ ಅಡ್ಡಿಪಡಿಸದ ಹಾಗೆ, ಅಕ್ಷರ ವಕ್ರ ಹೋಗದ ಹಾಗೆ, ವ್ಯಾಕರಣ ತಪ್ಪಾಗದ ಹಾಗೆ ಎಚ್ಚರಿಕೆಯಿಂದ ಯೋಚಿಸಿ ಯೋಚಿಸಿ ಬರೆಯುತ್ತಿದ್ದಾಳೆ.",1,ಲಿಪಿ,Font
ಅಕ್ಷರ,"ಇನ್ನು ತುಳು ಓದಲು ಬರೆಯಲು ಆಸಕ್ತಿ ಇರುವವರಿಗಾಗಿ ಸ್ವರಗಳು, ವ್ಯಂಜನಗಳು, ಇತರ ಅಕ್ಷರಗಳು, ಲೇಖನ ಚಿಹ್ನೆಗಳು, ಉದ್ಧರಣ ಚಿಹ್ನೆಗಳು ಹಾಗೂ ಅಕ್ಷರ ಬಳಕೆಯ ವಿಧಾನಗಳನ್ನು ಕೂಡ ಇದರಲ್ಲಿ ವಿವರಿಸಲಾಗಿದೆ.",1,ಲಿಪಿ,Font
ಅಕ್ಷರ,"ಇದರ ಜೊತೆಯಲ್ಲಿ, ಅಕ್ಷರ ಬರವಣಿಗೆಯಲ್ಲಿ ಸ್ವರಗಳ ಹೆಸರಿನ ಹಲವು ರೂಢಿಗಳು ಒತ್ತಡದ ಉಪಸ್ಥಿತಿ ಅಥವಾ ಅನುಪಸ್ಥಿತಿಯನ್ನು ಅವಲಂಬಿಸಿರುತ್ತದೆ.",1,ಲಿಪಿ,Font
ಅಕ್ಷರ,ಅದೇ ಯೋಜನೆಯ ಪ್ರಕಾರ ಮತ್ತು ದೊಡ್ಡ ಅಕ್ಷರ ಡಿ ಚಿತ್ರಿಸುವ ಲೋಗೋ ಮಾಸ್ಕೋ ಡೈನಮೊ ಹೋದರು.,1,ಲಿಪಿ,Font
ಅಕ್ಷರ,ಅದೂ ಅಕ್ಷರ ರೂಪದ ಮಾತೇ ಅಲ್ಲವೇ?,1,ಲಿಪಿ,Font
ಅಕ್ಷರ,ಮಕ್ಕಳು ಇಂಗ್ಲಿಷ್‌ ಅಕ್ಷರ ಗುರುತಿಸುತ್ತಾರೆ.,1,ಲಿಪಿ,Font
ಅಕ್ಷರ,"ಸಮಾಜ ಕಲ್ಯಾಣ ಇಲಾಖೆಯಲ್ಲಿ ಅಕ್ಷರ ಬರದವರಿಗೆ ವಾರ್ಡನ್ ಜವಾಬ್ದಾರಿ ನೀಡಿದ್ದು, ಅವರ ಬದಲಿಗೆ ಹೊಸದಾಗಿ ನೇಮಕವಾಗಿರುವ ಅಡುಗೆಯವರು ಪಿಯುಸಿ, ಪದವಿ ಶಿಕ್ಷಣ ಪಡೆದಿದ್ದು, ಅಂತಹವರಿಗೆ ಜವಾಬ್ದಾರಿ ನೀಡುವಂತೆ ಸಮಾಜ ಕಲ್ಯಾಣ ಇಲಾಖೆಯ ಜಂಟಿ ನಿರ್ದೇಶಕರಾದ ಸಿಂಧು ಅವರಿಗೆ ತಿಳಿಸಿದರು.",1,ಲಿಪಿ,Font
ಅಕ್ಷರ,"- ಹೆಸರು ಆರಂಭದಲ್ಲಿ ಅಕ್ಷರ ಅಥವಾ ಅಂಕಿಯ ಎಂದು, ಮತ್ತು ಇದು ಬಾಹ್ಯಾಕಾಶ ಮತ್ತು ವಿಶೇಷ ಐಟಂಗಳನ್ನು ಜೊತೆಗೆ, ಯಾವುದೇ ASCII ಅಕ್ಷರ ಹಾಜರಿದ್ದರು ಮಾಡಬಹುದು ಇನ್ ಮಾಡಬೇಕು;",1,ಲಿಪಿ,Font
ಅಕ್ಷರ,ಈ ಗ್ರಂಥವನ್ನು ಅಂದವಾಗಿ ಅಕ್ಷರ ಜೋಡಣೆ ಹಾಗೂ ಮುದ್ರಣ ಮಾಡಿಕೊಟ್ಟ ಮಿತ್ರರಿಗೂ ವಂದನೆಗಳು,1,ಲಿಪಿ,Font
ಅಕ್ಷರ,"ನೀವು ಚಿತ್ರವನ್ನು ತೆರೆಯಲು, ನೀವು ಏನು ಅರ್ಥಮಾಡಿಕೊಳ್ಳುವ, ಆದರೆ ಆಟದ ಉದಾಹರಣೆಗೆ ಕೈಯನ್ನು, ಕಣ್ಣು, ಕಿರೀಟವನ್ನು ಹೀಗೆ ಪುಟ್ಟ ಅಂಶಗಳನ್ನು ಸೆಟ್ ಲೋಡ್ ವೇಳೆ, ಕಂಪ್ಯೂಟರ್ ಅಕ್ಷರ ರೂಪ ಗುರುತಿಸುತ್ತದೆ ಮತ್ತು ನಿಮ್ಮ ಪ್ರಮುಖ ಪಾತ್ರ ಇದು ಅನ್ವಯಿಸುವುದಿಲ್ಲ.",1,ಲಿಪಿ,Font
ಅಕ್ಷರ,ಇತಿಹಾಸದ ಪುಟಗಳಲ್ಲಿ ಅಕ್ಷರ ಬರೆಸಿಕೊಂಡಿರುವ ಕಿತ್ತೂರನ್ನು ಅಕ್ಟೋಬರ್ 25ರಂದು 177ನೇ ತಾಲೂಕಾಗಿ ಮುಖ್ಯಮಂತ್ರಿ ಜಗದೀಶ್ ಶೆಟ್ಟರ್ ಅವರು ಘೋಷಿಸಿದ್ದಾರೆ.,1,ಲಿಪಿ,Font
ಅಕ್ಷರ,ಸಹಿಯ ಮೊದಲ ಅಕ್ಷರ ದೊಡ್ಡದಿದ್ದರೆ :ಹೆಚ್ಚಾಗಿ ನಾಯಕತ್ವದ ಲಕ್ಷಣಗಳನ್ನು ಹೊಂದಿರುತ್ತೀರಿ(ಮಹಾತ್ಮ ಗಾಂಧಿ ಸಹಿಯಲ್ಲಿ ಮೊದಲ ಅಕ್ಷರದ ಗಾತ್ರ ದೊಡ್ಡದಾಗಿತ್ತು),1,ಲಿಪಿ,Font
ಅಕ್ಷರ,ಇಂಗ್ಲೀಷ್ ಅಕ್ಷರ ಯೂ ಆಕಾರದಲ್ಲಿರುವ ಕಣಿವೆ ಪ್ರದೇಶದಲ್ಲಿದೆ.,1,ಲಿಪಿ,Font
ಅಕ್ಷರ,ಈ ಬಗ್ಗೆಯೂ ಕನ್ನಡ ಐಟಿ ಕಾರ್ಯಕರ್ತರೂ ಕೆಲವು ತಂತ್ರಾಂಶಗಳನ್ನು ರೂಪಿಸಿದ್ದು ಅವುಗಳನ್ನು ವಿಶೇಷವಾಗಿ ಕನ್ನಡದ ಅಕ್ಷರ ಜೋಡಣೆಯು ಬಳಕೆದಾರ ಸ್ನೇಹಿಯಾಗಿದೆ.,1,ಲಿಪಿ,Font
ಅಕ್ಷರ,"ಫೋನ್‌ ಪರದೆಯ ಮೇಲೆ ಮೋರ್ಸ್‌ ಸಂಕೇತಗಳನ್ನು ತಟ್ಟುವ ಮೂಲಕ ಬರೆದರೆ ಅದು ಅಕ್ಷರ ರೂಪ ಪಡೆದು, ನಂತರ ಧ್ವನಿಯಾಗಿ ಇನ್ನೊಂದು ತುದಿಯಲ್ಲಿರುವವರಿಗೆ ರವಾನೆಯಾಗುತ್ತದೆ.",1,ಲಿಪಿ,Font
ಅಕ್ಷರ,ಅವುಗಳಲ್ಲಿ ಮೊದಲೆರಡು (ಕ್+ಕ್) ವ್ಯಂಜನಗಳಾಗಿದ್ದು ಕೊನೆಯಲ್ಲಿರುವ ಅಕ್ಷರ (ಅ) ಸ್ವರವಾಗಿದೆ.,1,ಲಿಪಿ,Font
ಅಕ್ಷರ,"ಅನನುಭವಿ ಖಗೋಳಶಾಸ್ತ್ರಜ್ಞರು ಸಾಮಾನ್ಯವಾಗಿ ದೃಢವಾಗಿ ಗೊತ್ತು ಕೇವಲ 5 ಪ್ರಕಾಶಮಾನವಾದ ನಕ್ಷತ್ರಗಳು, ವಿಶಿಷ್ಟ ಆಕಾರಕ್ಕೆ ಲ್ಯಾಟಿನ್ ಅಕ್ಷರ «ವಾಟ್» ಇದೇ ರೂಪಿಸುವ.",1,ಲಿಪಿ,Font
ಅಕ್ಷರ,"ಟೈರ್ ಗರಿಷ್ಟ ವೇಗವರ್ಧಕವನ್ನು ಪದನಾಮವನ್ನು ರಂದು ವೇಗದ ಮಿತಿಯನ್ನು ಸೂಚಿಸುತ್ತದೆ, ಲ್ಯಾಟಿನ್ ಅಕ್ಷರಮಾಲೆಯ ಒಂದು ಅಕ್ಷರ ಗುರುತಿಸಲಾಗಿದೆ.",1,ಲಿಪಿ,Font
ಅಕ್ಷರ,ಈ ಟೆಂಪ್ಲೆಟ್ಗಳು ಅಕ್ಷರ ಗಾತ್ರದ ಸುದ್ದಿಪತ್ರಗಳಿಗೆ ಮಾತ್ರ ಮತ್ತು ಇವುಗಳಿಗಾಗಿ ಟೆಂಪ್ಲೆಟ್ಗಳನ್ನು ಒಳಗೊಂಡಿವೆ:,1,ಲಿಪಿ,Font
ಅಕ್ಷರ,"ಅಜ್ಜಿ ಹೇಳುತ್ತಿದ್ದ ರಾಜ ರಾಣಿಯರ ಕಥೆಗಳು, ಅಮೇಲೆ ಅಕ್ಷರ ಅಕ್ಷರ ಜೋಡಿಸಿಕೊಂಡು ಓದುತ್ತಿದ್ದ ಚಂದಮಾಮ, ಬಾಲಮಿತ್ರದ ಸಣ್ಣ ಕಥೆಗಳು, ತಿಂಡಿ ತಿನ್ನುವಾಗ, ಶಾಲಾ ಕಾಲೇಜಿನಿಂದ ಬಂದ ಕೂಡಲೇ, ಪಕ್ಕದ ಮನೆ ಆಂಟಿ ದೊಡ್ಡ ಮನಸ್ಸು ಮಾಡಿ ಕೊಟ್ಟಾಗ ಅವಸರವಸರವಾಗಿ ಓದುತ್ತಿದ್ದ ಸುಧಾ, ತರಂಗ, ಪ್ರಜಾಮತ, ಮಯೂರು, ತುಷಾರಗಳ ಕಥೆಗಳು, ಭಾನುವಾರಕ್ಕಾಗಿ ಕಾದು ಸಾಪ್ತಾಹಿಕದಲ್ಲಿ ಓದುತ್ತಿದ್ದ ವಾರದ ಕಥೆಗಳು ಇತ್ಯಾದಿ.",1,ಲಿಪಿ,Font
ಅಕ್ಷರ,"ಪಠ್ಯ ಗುರುತಿಸುವಿಕೆ ಕಾರ್ಯಕ್ರಮಗಳು ಹಲವು ಅಕ್ಷರ ಮತ್ತು ಫಾಂಟ್ಗಳನ್ನು ಗುರುತಿಸುತ್ತವೆ, ಆದರೆ ಮಾನವರು ಇನ್ನೂ ಉತ್ತಮವಾಗಿದ್ದಾರೆ.",1,ಲಿಪಿ,Font
ಅಕ್ಷರ,ಕಂಪ್ಯೂಟರಿನಲ್ಲಿ ಕನ್ನಡ ಅಕ್ಷರ ಕಂಪ್ಯೂಟರ್ ಪ್ರಪಂಚದಲ್ಲಿ ಕನ್ನಡ ಮೊದಲಿಗೆ ಬಳಕೆ ಯಾಗಿದ್ದು ಇಂಗ್ಲಿಷ್‌ ಲಿಪಿಯ ಮೂಲಕ.,1,ಲಿಪಿ,Font
ಅಕ್ಷರ,ವಾಸ್ತವವಾಗಿ ಸೈದ್ಧಾಂತಿಕ ಸೂಚ್ಯಂಕ ಸರಬರಾಜು ಗಾಳಿಯ ಆದರ್ಶ ಅನುಪಾತ ಗ್ರೀಕ್ ಅಕ್ಷರ λ (ಲಾಂಬ್ಡಾದೊಂದಿಗೆ) ಗೊತ್ತುಪಡಿಸಿದ ಮಾಡಬಹುದು.,1,ಲಿಪಿ,Font
ಅಕ್ಷರ,"ಅಂದರೆ, ಈವರೆಗೆ ನಾವು ಅಕ್ಷರ ವೃತ್ತ ಛಂದವನ್ನು ಆರಂಭದಲ್ಲಿ ಗಮನಿಸಿದೆವು; ಅನಂತರ ಮಾತ್ರಾಕ್ಷರ ವೃತ್ತವಾದ ಕಂದವನ್ನು ಗಮನಿಸಿದೆವು.",1,ಲಿಪಿ,Font
ಅಕ್ಷರ,ಚಿಕ್ಕಮಗಳೂರು: ಸೇವಾ ಭದ್ರತೆ ಸೇರಿ ವಿವಿಧ ಬೇಡಿಕೆ ಈಡೇರಿಸಲು ಆಗ್ರಹಿಸಿ ಅಕ್ಷರ ದಾಸೋಹ ಬಿಸಿಯೂಟ ಕಾರ್ಯಕರ್ತರು ಎಐಟಿಯುಸಿ ನೇತೃತ್ವದಲ್ಲಿ ಮಾ.,2,ವಿದ್ಯೆ,Education
ಅಕ್ಷರ,ಗಡಿಯಲ್ಲಿರುವ ಪ್ರಾಥಮಿಕ ಶಾಲೆಯ ಅನೇಕ ಮಕ್ಕಳಿಗೆ ಅಕ್ಷರ ಜ್ಞಾನವೇ ಇಲ್ಲ.,2,ವಿದ್ಯೆ,Education
ಅಕ್ಷರ,ಅದೂ ಸಿಕ್ಕರೆ ಉಂಟು ಇಲ್ಲದಿದ್ದರೆ ಇಲ್ಲ~ ಎಂದರು ಅಕ್ಷರ ಭಾಗ್ಯದಿಂದ ವಂಚಿತರಾದ ವೆಂಕಟೇಶ.,2,ವಿದ್ಯೆ,Education
ಅಕ್ಷರ,"ಮಂಟೇಸ್ವಾಮಿ, ಮಾದೇಶ್ವರರ ಕಥಾ ಪ್ರಸಂಗಗಳನ್ನು ಸೃಷ್ಟಿಸಿರುವ ಜಾನಪದರು ಅಕ್ಷರ ಕಲಿತವರಲ್ಲ.",2,ವಿದ್ಯೆ,Education
ಅಕ್ಷರ,"ಪಟ್ಟಣದ ತಾಲ್ಲೂಕು ಪಂಚಾಯಿತಿ ಕಚೇರಿ ಸಭಾಂಗಣದಲ್ಲಿ ಸೋಮವಾರ ಏರ್ಪಡಿಸಿದ್ದ ವಿಶ್ವ ಸಾಕ್ಷರತಾ ದಿನಾಚರಣೆ ಸಮಾರಂಭ ಉದ್ಘಾಟಿಸಿ ಮಾತನಾಡಿ, ಭೂಮಿಗೆ ಬಿದ್ದ ಬೀಜ, ಎದೆಗೆ ಬಿದ್ದ ಅಕ್ಷರ ಎಂದೂ ವ್ಯರ್ಥವಾಗುವುದಿಲ್ಲ ಎಂದುಹೇಳಿದರು.",2,ವಿದ್ಯೆ,Education
ಅಕ್ಷರ,Home ಕನ್ನಡ ವಾರ್ತೆಗಳು ಕರ್ನಾಟಕ ಕನ್ನಡ ಮಾತು ಅಕ್ಷರ ರೂಪಕ್ಕಿಳಿಸುವ ಆ್ಯಪ್‌…!,2,ವಿದ್ಯೆ,Education
ಅಕ್ಷರ,ಅಕ್ಷರ ವಂಚಿತನಾಗಿದ್ದ ನಾನು ಶಿಕ್ಷಣದ ಅರಿವಿನ ಹಂಚಿಕೆಗಾಗಿ ಹಲವರಿಂದ ಸಹಾಯ ಪಡೆದುಕೊಂಡು ಶಾಲೆಯನ್ನು ಕಟ್ಟಿದ್ದೇನೆ.,2,ವಿದ್ಯೆ,Education
ಅಕ್ಷರ,ಅಕ್ಷರ ತೋರುವ ವಿಕಾಸದ ಹಾದಿ,2,ವಿದ್ಯೆ,Education
ಅಕ್ಷರ,ಅವರೊಬ್ಬ ಅಕ್ಷರ ವಿದ್ಯಾರಣ್ಯ.,2,ವಿದ್ಯೆ,Education
ಅಕ್ಷರ,ಹೀಗೆ ಮುಂದುವರಿದ ಅವರ ಅಕ್ಷರ ಜ್ಞಾನ ಮೈಸೂರು ವಿಶ್ವವಿದ್ಯಾಲಯದಲ್ಲಿ ಜೀವ ವಿಜ್ಞಾನ ವಿಭಾಗದಲ್ಲಿ ಪದವಿ ಪಡೆಯುವವರೆಗೆ ಮುಂದುವರಿಯಿತು.,2,ವಿದ್ಯೆ,Education
ಅಕ್ಷರ,ಅಲ್ಪಸ್ವಲ್ಪ ಅಕ್ಷರ ಜ್ಞಾನವನ್ನು ಪಡೆಯುವುದರ ಮೂಲಕ ತಮ್ಮ ಹಕ್ಕುಗಳೇನು?,2,ವಿದ್ಯೆ,Education
ಅಕ್ಷರ,ಅಕ್ಷರ ಜ್ಞಾನದಿಂದ ಬಹುಪಾಲು ಬೇಡತಿಯರು ಬಹುಕಾಲ ವಂಚಿತರಾಗಿದ್ದಾಗಲೂ ವ್ಯವಹಾರ ಜ್ಞಾನದಲ್ಲಿ ಸಿದ್ದಿಯನ್ನು ಪಡೆದಿದ್ದಾರೆ.,2,ವಿದ್ಯೆ,Education
ಅಕ್ಷರ,"ತುಳಿತಕ್ಕೊಳಗಾದವರಿಗೆ ಧಾರ್ಮಿಕ ಸಂಸ್ಕಾರ, ಅಕ್ಷರ ಜ್ಞಾನ ಕೊಟ್ಟು ಅವರನ್ನು ಮುಖ್ಯವಾಹಿನಿಗೆ ತರುವ ಕೆಲಸ ಈಗಲೂ ಮಾಡುತ್ತಿದೆ.",2,ವಿದ್ಯೆ,Education
ಅಕ್ಷರ,ಶಿಕ್ಷಣ ಇವರಿಗೆ ಕೇವಲ ಅಕ್ಷರ ಜ್ಞಾನವಾಗಿ ಕಾಣಿಸಲಿಲ್ಲ.,2,ವಿದ್ಯೆ,Education
ಅಕ್ಷರ,ಅಕ್ಷರ ಜ್ಞಾನ ಇಲ್ಲದಿದ್ದರೂ ಶಾರದಾದೇವಿಗೆ ತಿಳುವಳಿಕೆ ತುಂಬಾ ಇತ್ತು.,2,ವಿದ್ಯೆ,Education
ಅಕ್ಷರ,"ಆದರೆ ಅಕ್ಷರ ಜ್ಞಾನ, ಕಾನೂನಿನ ಅರಿವು ಇಲ್ಲದ ನಮಗೆ ಕೆಲವರು ವಂಚಿಸಿ ಜೀವ ಬೇದರಿಕೆಯೊಡ್ಡಿ ಕಲ್ಲುಗಣಿಗಾರಿಕೆ ನಡೆಸುತ್ತಿದ್ದಾರೆ.",2,ವಿದ್ಯೆ,Education
ಅಕ್ಷರ,"ಅವರ ಆಶಯದಂತೆ ಗುಡಿಸಲಿನೊಳಗೆ ಅಕ್ಷರ ಜ್ಞಾನಿಗಳೇನೊ ಉದಯಿಸಿದರು, ಆದರೆ ಅದರ ನಂತರದ ಆಶಯಗಳು ಏನಾದವು ?",2,ವಿದ್ಯೆ,Education
ಅಕ್ಷರ,"ಹಿರಿಯ ಪತ್ರಕರ್ತ, ರಾಜ್ಯ ಮಹಿಳಾ ವಿಶ್ವವಿದ್ಯಾಲಯದ ಸಿಂಡಿಕೇಟ ಸದಸ್ಯ ರಫೀಕ್ ಬಂಡಾರಿ ಮಾತನಾಡಿ ಪ್ರತಿ ಕುಟುಂಬ ಶಿಕ್ಷಣ ಪಡೆಯಬೇಕು, ಅಕ್ಷರ ಜ್ಞಾನದಿಂದ ಬದುಕನ್ನು ಕಟ್ಟಿಕೊಳ್ಳಬೇಕು ಎಂಬುದು ಮೌಲಾನಾ ಆಝಾದರ ಕನಸಾಗಿತ್ತು, ಶಿಕ್ಷಣದ ಹಕ್ಕು ಅಸಹಾಯಕರು, ದುರ್ಬಲರು, ಹಾಗೂ ಬಡವರಿಗೆ ನಿಲುಕದ ವಿಷಯವಾಗಿದೆ ಎಂದು ವಿಷಾದಿಸಿದರು.",2,ವಿದ್ಯೆ,Education
ಅಕ್ಷರ,ಮನುಷ್ಯನಿಗೆ ವೀರಶೈವ ಮಠಗಳು ವಿದ್ಯಾಸಂಸ್ಥೆಗಳನ್ನು ಸ್ಥಾಪಿಸಿ ಅಕ್ಷರ ಜ್ಞಾನ ದಾಸೋಹ ನೀಡಿ ಸಮಾಜದ ಅಭ್ಯುದಯಕ್ಕೆ ಶ್ರಮಿಸದೆ ಇದ್ದರೆ ಇಂದು ಸಮಾಜ ಅಂಧಕಾರದಲ್ಲಿ ಇರಬೇಕಾಗಿತ್ತು.,2,ವಿದ್ಯೆ,Education
ಅಕ್ಷರ,ಕಾರಾಗೃಹದಲ್ಲಿ ಅಕ್ಷರ ಜ್ಞಾನಾರ್ಜನೆ- ಸಾಕ್ಷರ ಕೈದಿಗಳಿಂದ ಅನಕ್ಷರಸ್ಥ ಕೈದಿಗಳಿಗೆ ಪಾಠ,2,ವಿದ್ಯೆ,Education
ಅಕ್ಷರ,ಅಕ್ಷರ ಜ್ಞಾನದ ಮಹತ್ವ ಅರಿತು ತಮ್ಮ ಮಕ್ಕಳನ್ನು ಶಾಲೆಗೆ ಕಳುಹಿಸುತ್ತಿದ್ದಾರೆ.,2,ವಿದ್ಯೆ,Education
ಅಕ್ಷರ,ಅಕ್ಷರ ಜ್ಞಾನ ಮತ್ತು ಶಿಕ್ಷಣ ಅವುಗಳಷ್ಟಕ್ಕೆ ಅವು ಮಹತ್ವ ಪಡೆದಿರುವ ಸಂಗತಿಗಳಾಗಿವೆ.,2,ವಿದ್ಯೆ,Education
ಅಕ್ಷರ,"ಆದರೆ ಕೇಂದ್ರ ಸರ್ಕಾರ ಈಗ ಕೌಶಲ ತರಬೇತಿ ನೀಡುವುದಾಗಿ ಘೋಷಿಸಿದ ನಂತರ, ನಾವು ಕೇವಲ ಅಕ್ಷರ ಜ್ಞಾನ ನೀಡುವ ಕಡೆ ಗಮನ ಹರಿಸುತ್ತಿದ್ದೇವೆ ಎಂದರು.",2,ವಿದ್ಯೆ,Education
ಅಕ್ಷರ,ಕೇವಲ ಅಕ್ಷರ ಜ್ಞಾನದಿಂದ ಸಮಸ್ಯೆಗಳು ಪರಿಹಾರವಾಗುವುದಿಲ್ಲ.,2,ವಿದ್ಯೆ,Education
ಅಕ್ಷರ,"ರಮಾನಾಥ ರೈ, ಅಕ್ಷರ ಜ್ಞಾನದಿಂದ ಮಾತ್ರ ಶೋಷಣೆ ಮುಕ್ತ ಸಮಾಜ ನಿರ್ಮಾಣವಾಗಲಿದೆ.",2,ವಿದ್ಯೆ,Education
ಅಕ್ಷರ,ದಲಿತ ವಚನಕಾರರು ಅಕ್ಷರ ಜ್ಞಾನ ಪಡೆದು ಸಾಹಿತ್ಯ ರಚಿಸುವ ಮೂಲಕ ಎಲ್ಲ ಸಮುದಾಯದವರು ಒಂದೇ ಎಂದು ಸಾರಿದರು.,2,ವಿದ್ಯೆ,Education
ಅಕ್ಷರ,ಪ್ರತಿಯೊಬ್ಬರಿಗೂ ಅಕ್ಷರ ಜ್ಞಾನ ಸಿಗಬೇಕು ಎಂದು ಹೇಳಿದರು.,2,ವಿದ್ಯೆ,Education
ಅಕ್ಷರ,ಅಷ್ಟರಲ್ಲಿ ಮಕ್ಕಳು ಕಲಿತ ಅಕ್ಷರ ಜ್ಞಾನವನ್ನು ಮರೆಯುತ್ತಾರೆ.,2,ವಿದ್ಯೆ,Education
ಅಕ್ಷರ,ಮೂರುವರೆ ತಿಂಗಳ ಹಿಂದೆ ಅಕ್ಷರ ಜ್ಞಾನ ಹೇಳಿಕೊಟ್ಟರೆ ಸಂಕೇತನಿಗೆ ಒಮ್ಮೆಲೇ ತಲೆಗೆ ಹತ್ತುತ್ತಿರಲಿಲ್ಲ.,2,ವಿದ್ಯೆ,Education
ಅಕ್ಷರ,"ಎರಡು, ಆ ಕಾರಣದಿಂದ ಬಾಲ್ಯಾವಸ್ಥೆಯಲ್ಲಿಯೇ ಹುಡುಗ ತುಂಬಿ ಚುರುಕಾಗಿ ಅಕ್ಷರ ಜ್ಞಾನ ಹೊಂದಿದ್ದು.",2,ವಿದ್ಯೆ,Education
ಅಕ್ಷರ,ಅಕ್ಷರ ಜ್ಞಾನವಿಲ್ಲದಿದ್ದರೂ ವೈದ್ಯಕೀಯ ಕ್ಷೇತ್ರವೇ ಅಚ್ಚರಿಯಾಗುವಂತಹ ಸಾಧನೆ ಮಾಡಿರುವ ಇವರು ವಯೋಸಹಜ ಅನಾರೋಗ್ಯಕ್ಕೆ ತುತ್ತಾಗಿರುವ ಇವರಿಗೆ 36 ಮೊಮ್ಮಕ್ಕಳಿದ್ದಾರೆ.,2,ವಿದ್ಯೆ,Education
ಅಕ್ಷರ,"ಅಕ್ಷರ ಜ್ಞಾನದಿಂದ ವಂಚಿತವಾದ ಸಮುದಾಯದಿಂದ ಬಂದು ವಿಶ್ವಜ್ಞಾನಿಯಾಗಿ ರೂಪುಗೊಂಡ ಬಾಬಾ ಸಾಹೇಬರ ಶ್ರಮ, ಹೋರಾಟ ಹಾಗೂ ಅವರ ವ್ಯಕ್ತಿತ್ವಇಂದಿನ ದಿನ ವಿದ್ಯಾರ್ಥಿಗಳಿಗೆ ದಾರಿದೀಪವಾಗಬೇಕು ಎಂದರು.",2,ವಿದ್ಯೆ,Education
ಅಕ್ಷರ,"ಈ ಕಲಿಕೆ ಅಕ್ಷರ ಜ್ಞಾನರಹಿತ, ಜೀವನ ಜ್ಞಾನಭರಿತವಾಗಿದ್ದು, ಜನಪದ ಜನಸಾಮಾನ್ಯರ ಸಂಸ್ಕøತಿ ಕೋಶವಾಗಿತ್ತು ಎಂದರು.",2,ವಿದ್ಯೆ,Education
ಅಕ್ಷರ,"ದೇವಸ್ಥಾನಗಳಲ್ಲಿ ದೇವರು ಕಣ್ಮುಂದೆ ಇಲ್ಲದಿದ್ದರೂ ನಾವು ಭಕ್ತಿ, ನಂಬಿಕೆಯಿಂದ ಕೈ ಮುಗಿಯುತ್ತೇವೆ, ಶಾಲೆಗಳೆಂದರೆ ಅಕ್ಷರ ಜ್ಞಾನ ನೀಡುವ ಇಲ್ಲಿ ಕಲಿಸುವ ಶಿಕ್ಷಕರಿಂದಾಗಿ ಮಾತನಾಡುವ ದೇಗುಲಗಳಾಗಿದ್ದು ಭಯ, ಭಕ್ತಿ, ಗೌರವ ಅಗತ್ಯ ಎಂದು ಹೇಳಿದರು.",2,ವಿದ್ಯೆ,Education
ಅಕ್ಷರ,ಅನಕ್ಷರಸ್ಥರಿಗೆ ಅಕ್ಷರ ಜ್ಞಾನವನ್ನು ಕಲ್ಪಿಸುವುದು.,2,ವಿದ್ಯೆ,Education
ಅಕ್ಷರ,ಗರೂಡರು ನಾಟಕಗಳನ್ನು ಅಭಿನಯಿಸುತ್ತಿದ್ದ ಕಾಲದಲ್ಲಿ ನೂರ ಮಂದಿಯಲ್ಲಿ ಹತ್ತು ಮಂದಿಗೆ ಅಕ್ಷರ ಜ್ಞಾನ ಇತ್ತು.,2,ವಿದ್ಯೆ,Education
ಅಡಿ,"ಮುಜರಾಯಿ ಇಲಾಖೆಗೆ ಒಳಪಟ್ಟಿರುವ ಈ ದೇವಾಲಯದ ವೀರಾಂಜನೇಯ ವಿಗ್ರಹವನ್ನು ಸಾಲಿಗ್ರಾಮ ಕಲ್ಲಿನಲ್ಲಿ ಒಂಭತ್ತುವರೆ ಅಡಿ ಎತ್ತರ, ಆರುವರೆ ಅಡಿ ಅಗಲ, ಎರಡುವರೆ ಇಂಚು ದಪ್ಪದ ಕಲ್ಲಿನಲ್ಲಿ ಕೆತ್ತಲಾಗಿದ್ದು ,ಬಲಗೈ ಅಭಯ ಹಸ್ತ, ಎಡಗೈ ಸೊಂಟದ ಮೇಲೆ ಇದ್ದು ಲಾಂಗೋಲ ಮುಖದ ಪಕ್ಕದಲ್ಲಿರುವಂತೆ ಆಕರ್ಷಕವಾಗಿ ಕೆತ್ತನೆ ಮಾಡಲಾಗಿದೆ.",1,12 ಅಂಗುಲದ ಉದ್ದಳತೆ,Feet - 12 inches long measurement unit
ಅಡಿ,ದೇಶದ ನಾಗರಿಕರ ಆಧಾರ್​​ ಮಾಹಿತಿ 13 ಅಡಿ ಎತ್ತರದ ಕಟ್ಟಡವೊಂದರ 5 ಅಡಿ ದಪ್ಪದ ಗೋಡೆಗಳ ನಡುವೆ ಸುರಕ್ಷಿತವಾಗಿದೆ ಎಂದು ಬುಧವಾರ ಸುಪ್ರೀಂಕೋರ್ಟ್​ಗೆ ಹೇಳಿರುವ ಅಟಾರ್ನಿ ಜನರಲ್​ ಕೆ.,1,12 ಅಂಗುಲದ ಉದ್ದಳತೆ,Feet - 12 inches long measurement unit
ಅಡಿ,ಮೌಲ್ಯದ ಈ ವಿಗ್ರಹ 7 ಅಡಿ ಎತ್ತರವಿದೆ.,1,12 ಅಂಗುಲದ ಉದ್ದಳತೆ,Feet - 12 inches long measurement unit
ಅಡಿ,ವಿವೇಕರ ಕಲಾಕೃತಿ: ಪ್ರದರ್ಶನದಲ್ಲಿ ಮೈಸೂರಿನ ಕಲಾವಿದೆ ಗೌರಿ ಅವರು ಸ್ವಾಮಿ ವಿವೇಕಾನಂದರ 15 ಅಡಿ ಉದ್ದ ಮತ್ತು 15 ಅಡಿ ಎತ್ತರದ ಮರಳಿನ ಕಲಾಕೃತಿ ತಯಾರಿಸಿದ್ದಾರೆ.,1,12 ಅಂಗುಲದ ಉದ್ದಳತೆ,Feet - 12 inches long measurement unit
ಅಡಿ,ಗೋಕಾಕ: ತಾಲೂಕಿನ ಬೆಟಗೇರಿಗ್ರಾಮದ ಶ್ರೀ ಬಸವೇಶ್ವರ ವೃತ್ತದಲ್ಲಿ ನೂತನವಾಗಿ ಪ್ರತಿಷ್ಠಾಪಿಸಿದ 9 ಅಡಿ ಎತ್ತರದ ಸುಮಾರು 15 ಲಕ್ಷರೂಪಾಯಿ ವೆಚ್ಚದಲ್ಲಿ ನಿರ್ಮಿಸಿದ ಅಶ್ವಾರೂಢ ಶ್ರೀ ಬಸವೇಶ್ವರ ಕಂಚಿನ ಪುತ್ಥಳಿ ಅನಾವರಣ ಸಮಾರಂಭ ಇದೇ ಶುಕ್ರವಾರ ಸೆ 18 ರಂದು ಮುಂಜಾನೆ 9 ಗಂಟೆಗೆ ವಿಜೃಂಭಣೆಯಿಂದ ಜರುಗಲಿದೆ.,1,12 ಅಂಗುಲದ ಉದ್ದಳತೆ,Feet - 12 inches long measurement unit
ಅಡಿ,"ಇದಲ್ಲದೆ ರಿಲಯನ್ಸ್ ರಿಟೇಲ್ 6,700 ಕ್ಕೂ ಹೆಚ್ಚು ನಗರಗಳಲ್ಲಿ 10,644 ಚಿಲ್ಲರೆ ಅಂಗಡಿಗಳನ್ನು 23 ದಶಲಕ್ಷ ಚದರ ಅಡಿ ಮತ್ತು 516 ಪೆಟ್ರೋ ಚಿಲ್ಲರೆ ಮಾರಾಟ ಮಳಿಗೆಗಳನ್ನು ಹೊಂದಿದೆ.",1,12 ಅಂಗುಲದ ಉದ್ದಳತೆ,Feet - 12 inches long measurement unit
ಅಡಿ,ಬೆಳ್ತಂಗಡಿ: ಇಂದಬೆಟ್ಟು ಪಡಂಬಿಲ ಪಾಲೆದಬೆಟ್ಟು ಎಂಬಲ್ಲಿ ವೇಗವಾಗಿ ಚಲಿಸಿದ ರಿಕ್ಷಾವೊಂದು ಸ್ಕಿಡ್ ಆಗಿ 25 ಅಡಿ ಆಳವಾದ ಕಮರಿಗೆ ಬಿದ್ದ ಪರಿಣಾಮ ಇಬ್ಬರು ಮಹಿಳೆಯರು ಸಾವನ್ನಪ್ಪಿದ್ದಾರೆ.,1,12 ಅಂಗುಲದ ಉದ್ದಳತೆ,Feet - 12 inches long measurement unit
ಅಡಿ,"ನಿಮ್ಮ ಕೆಳಗಿಳಿಯುವಿಕೆಯು ಮನೆಯಿಂದ ನಾಲ್ಕರಿಂದ ಐದು ಅಡಿ ವಿಸ್ತರಿಸಿದೆ, ಇಲ್ಲದಿದ್ದರೆ ನೀರನ್ನು ನಿಮ್ಮ ನೆಲಮಾಳಿಗೆಯಲ್ಲಿ ಹಾದುಹೋಗುವುದು.",1,12 ಅಂಗುಲದ ಉದ್ದಳತೆ,Feet - 12 inches long measurement unit
ಅಡಿ,"ರಾಜ ಅಂದಮಾತ್ರಕ್ಕೆ, ಈತನ ಅರಮನೆಯೇನು, ಊರಿನಗಲ ಹಬ್ಬಿಲ್ಲ; ಒಂದು ಸಮುದ್ರ ತೀರದಲ್ಲಿ ಎಂಟತ್ತು ಅಡಿ ಮಾತ್ರವೇ….",1,12 ಅಂಗುಲದ ಉದ್ದಳತೆ,Feet - 12 inches long measurement unit
ಅಡಿ,ಇದರ ಗುಮ್ಮಟ ಭಾರತದಲ್ಲಿಯೇ ಅತ್ಯಂತ ದೊಡ್ಡದು ತಳದಲ್ಲಿ ೧೨೪ ಅಡಿ ವ್ಯಾಸ ಉಳ್ಳದ್ದಾಗಿರುತ್ತದೆ.,1,12 ಅಂಗುಲದ ಉದ್ದಳತೆ,Feet - 12 inches long measurement unit
ಅಡಿ,ಕರ್ನಾಟಕದ ಬೇಡಿಕೆಯನ್ನು ಮನ್ನಿಸಿರುವ ಕೇಂದ್ರ ಸರ್ಕಾರ 150 ಟಿಎಂಸಿ ಅಡಿ ನೀರನ್ನು ಹಂಚಿಕೆ ಮಾಡಲು ಒಪ್ಪಿಕೊಂಡಿದೆ.,1,12 ಅಂಗುಲದ ಉದ್ದಳತೆ,Feet - 12 inches long measurement unit
ಅಡಿ,"ಆದರೆ ಕೇವಲ 55 ಅಡಿ ಉದ್ದವಿರುವ (ಗೋವಾದ ಅಕ್ವೇರಿಸ್‌ ಶಿಪ್‌ಯಾರ್ಡಿನಲ್ಲಿ ನಿರ್ಮಿಸಿದ) ಸಾಮಾನ್ಯ ನೌಕೆಯಲ್ಲಿ ಸಾಗರದ ಕಠಿಣ ಪರಿಸ್ಥಿತಿಯಲ್ಲಿ ಸತತವಾಗಿ 8 ತಿಂಗಳ ಕಾಲ ಕೇವಲ ಆರು ಮಂದಿ ಮಹಿಳೆ ಯರು ಸುಮಾರು 21,600 ನಾಟಿಕಲ್‌ ಮೈಲುಗಳಷ್ಟು ದೂರ ಪ್ರಯಾಣ ಮಾಡಿ 5 ದೇಶಗಳಿಗೆ ಭೇಟಿ ನೀಡಿ, ನಾಲ್ಕು ಖಂಡಗಳನ್ನು ಹಾದು, 3 ಸಾಗರಗಳನ್ನು ದಾಟಿ ಭೂಮಧ್ಯ ರೇಖೆಯನ್ನು 2 ಬಾರಿ ದಾಟಿದ ಈ ಐತಿಹಾಸಿಕ ಸಾಧನೆಯೇ ನಾವಿಕ ಸಾಗರ್‌ ಪರಿಕ್ರಮ.",1,12 ಅಂಗುಲದ ಉದ್ದಳತೆ,Feet - 12 inches long measurement unit
ಅಡಿ,"ನಾಲ್ಕು ಅಡಿ ಎತ್ತರವಿದ್ದು, ಸ್ತೂಪದ ಆಕಾರದಲ್ಲಿರುತ್ತದೆ.",1,12 ಅಂಗುಲದ ಉದ್ದಳತೆ,Feet - 12 inches long measurement unit
ಅಡಿ,ಕಳೆದ ಕೆಲ ದಿನಗಳ ನಿರಂತರವಾಗಿ ಸುರಿದ ಮಳೆಯ ಪರಿಣಾಮ 1819 ಅಡಿ ಎತ್ತರವಿರುವ ಲಿಂಗನಮಕ್ಕಿ ಜಲಾಶಯ ಭಾಗಶಃ 1818.,1,12 ಅಂಗುಲದ ಉದ್ದಳತೆ,Feet - 12 inches long measurement unit
ಅಡಿ,"ಸುಮಾರು ಒಂದೂವರೆ ಅಡಿ, ಹೆಚ್ಚೆಂದರೆ ಎರಡು ಅಡಿ ಉದ್ದದ ಒಂದು ಪೀಪಿ ಥರದ ಕೊಳವೆ.",1,12 ಅಂಗುಲದ ಉದ್ದಳತೆ,Feet - 12 inches long measurement unit
ಅಡಿ,ಈ ಬಾರಿಗೆ ಇದನ್ನು ಹೋಲಿಕೆ ಮಾಡಿ ನೋಡಿದಾಗ ಸುಮಾರು 28 ಅಡಿ ನೀರು ಹೆಚ್ಚುವರಿಯಾಗಿ ಈ ಬಾರಿ ಸಂಗ್ರಹವಾಗಿದೆ.,1,12 ಅಂಗುಲದ ಉದ್ದಳತೆ,Feet - 12 inches long measurement unit
ಅಡಿ,"ಮೂರು ದಿನ ರಜಾ ಕೇಳಿದ್ದಕ್ಕೆ, ಊರುತುಂಬಾ ರಾಸುಗಳಿಗೆ ಕಾಲುಬಾಯಿ ಜ್ವರ ವ್ಯಾಪಿಸಿರುವುದರಿಂದ ಸಾಧ್ಯವಿಲ್ಲವೆಂದಿದ್ದರೂ ಬಾಸ್‍ನ ಮೂತಿಗೆ ರಜಾಚೀಟಿ ಬಿಸಾಕಿ, ಗರ್ಭಿಣಿ ಹೆಂಡತಿಯ ಆಸೆಯನ್ನು ಈಡೇರಿಸಲೆಂದು ಕರಾವಳಿಯ ದೇವಸ್ಥಾನಗಳಿಗೆಲ್ಲ ಕರೆದೊಯ್ದಿದ್ದ ಚಿದಂಬರ, ಈ ಬೆಟ್ಟದ ಇಳಿಜಾರಲ್ಲಿ ಗಾಡಿಯನ್ನು ಗೇ‍ರ್‌ನಲ್ಲೇ ಓಡಿಸಬೇಕೆಂಬ ಕಾಮನ್‍ಸೆನ್ಸ್ ಇಲ್ಲದ ಮೋಹನನಿಂದಾಗಿ ತನ್ನೊಂದಿಗೆ ಇಡೀ ಕುಟುಂಬವನ್ನು ಪರ್ವತದ ಆ ತುದಿಯಿಂದ ನೂರಾರು ಅಡಿ ಆಳದಲ್ಲಿ ಕಾಣುವ ಪ್ರಪಾತದೊಂದಿಗೆ ಸಮೀಕರಿಸುತ್ತ ಮಳೆಯಿಂದ ತಂಪಾಗಿದ್ದ ವಾತಾವರಣದಲ್ಲೂ ಸಣ್ಣಗೆ ಬೆವರಿದ.",1,12 ಅಂಗುಲದ ಉದ್ದಳತೆ,Feet - 12 inches long measurement unit
ಅಡಿ,ಕ್ಯಾಟ್ಮಿಂಟ್ ವಸಂತ ಮತ್ತು ಬೇಸಿಗೆಯಲ್ಲಿ ನೇರಳೆ ನೀಲಿ ಹೂವುಗಳಿಂದ ಒಡೆದಿದ್ದು ಒಂದರಿಂದ ಒಂದರಿಂದ ಮೂರು ಅಡಿ ಎತ್ತರದಿಂದ ಬೆಳೆಯುತ್ತದೆ.,1,12 ಅಂಗುಲದ ಉದ್ದಳತೆ,Feet - 12 inches long measurement unit
ಅಡಿ,ನದಿ ತಟದಲ್ಲಿ 15 ಅಡಿ ಎತ್ತರದ ಆಸ್ಕಾ ಲೈಟ್ಸ್ ಅಳವಡಿಕೆ ಹಾಗೂ ರಾತ್ರಿ ವೇಳೆ ಶೋಧಕ್ಕೆ ಬಳಸುವ ತೀವ್ರ ಬೆಳಕಿನ ದೀಪಗಳನ್ನು ಕಾರ್ಯಾಚರಣೆಗೆ ಅನುಕೂಲವಾಗುವಂತೆ ಅಳವಡಿಸಲಾಗಿದೆ.,1,12 ಅಂಗುಲದ ಉದ್ದಳತೆ,Feet - 12 inches long measurement unit
ಅಡಿ,ಕುಂಡಗಳಲ್ಲಿ ಬೆಳೆಸುವುದು: ಸ್ಥಳದ ಅಭಾವವಿದ್ದಾಗ ಮನೆಯ ಮಹಡಿಯ ಮೇಲೆ 30 ಸೆಂಟಿ ಮೀಟರ್ ಸುತ್ತಳತೆಯ ಒಂದು ಒಂದೂವರೆ ಅಡಿ ಕುಂಡಗಳ್ಲ್ಲಲಿ ಸಹ ಕಂಬೆ ಗಿಡಗಳನ್ನು ಬೆಳೆಸಲು ಸಾಧ್ಯ.,1,12 ಅಂಗುಲದ ಉದ್ದಳತೆ,Feet - 12 inches long measurement unit
ಅಡಿ,ಈ ಸಂದರ್ಬದಲ್ಲಿ ನಲ್ಲಾಹ್ ಬಳಿ ತಿರುವು ರಸ್ತೆಂುುಲ್ಲಿ ಸಾಗುವಾಗ ಬಸ್ ಸುಮಾರು 300 ಅಡಿ ಆಳದ ಕದಂಕಕ್ಕೆ ಬಿದ್ದಿದೆ.,1,12 ಅಂಗುಲದ ಉದ್ದಳತೆ,Feet - 12 inches long measurement unit
ಅಡಿ,"ಹತ್ತು ಹನ್ನೆರಡು-ದಿನ-ವಯಸ್ಸಿನ ಪೌಲ್ಟ್ಗಳನ್ನು ಬೆಳೆಸಲು ಟರ್ಕಿಗಳಿಗೆ 10 ರಿಂದ 10 ಅಡಿ ಜಾಗವನ್ನು ಅಗತ್ಯವಿದೆ, ಮತ್ತು ಅವು ದೊಡ್ಡದಾಗಿರುವುದರಿಂದ ಅವು ಹೆಚ್ಚಿನ ಸ್ಥಳಾವಕಾಶ ಬೇಕಾಗುತ್ತದೆ.",1,12 ಅಂಗುಲದ ಉದ್ದಳತೆ,Feet - 12 inches long measurement unit
ಅಡಿ,"ಸತ್ತಿಗನಹಳ್ಳಿ ಲಕ್ಷ್ಮಣ ಗೌಡ ಎಂಬುವವರ ಮನೆಯಲ್ಲಿ ಹಾವು ಪತ್ತೆಯಾಗಿದ್ದು, ಮನೆಯವರೆಲ್ಲಾ ಪಟ್ಟಣಕ್ಕೆ ಹೋಗಿದ್ದು, ಮಧ್ಯಾಹ್ನ ವಾಪಸ್ಸಾಗಿ ಬಾಗಿಲು ತೆಗೆದಾಗ ಕಾಳಿಂಗ ಸರ್ಪವನ್ನು ಕಂಡು ಭಯಭೀತರಾದ ಇವರು ಊರುಬಗೆ ಗ್ರಾಮ ಪಂಚಾಯಿತಿ ಅಭಿವೃದ್ಧಿ ಅಧಿಕಾರಿ ಇಂತೇಶ್ ಅವರಿಗೆ ವಿಷಯ ತಿಳಿಸಿದ್ದು, ಅವರು ತಕ್ಷಣ ಅರಣ್ಯ ಇಲಾಖೆಯ ಅಧಿಕಾರಿಗಳಿಗೆ ಮಾಹಿತಿ ನೀಡಿದ್ದು, ಕೂಡಲೇ ಸ್ಥಳಕ್ಕೆ ಆಗಮಿಸಿದ ಉರಗತಜ್ಞರಾದ ಅಹಮ್ಮದ್ ಸಹಾಯದೊಂದಿಗೆ ಮೂಡಿಗೆರೆ ಉಪ ಅರಣ್ಯಾಧಿಕಾರಿಯಾದ ಚೇತನ್ ಹಾಗೂ ಸಿಬ್ಬಂಧಿ ಆನಂದ್ ಅವರು ಸುಮಾರು 10 ಅಡಿ ಉದ್ದದ ಸರ್ಪವನ್ನು ಹಿಡಿದು ಸುರಕ್ಷಿತವಾಗಿ ಚಾರ್ಮಾಡಿ ಅರಣ್ಯದಲ್ಲಿ ಬಿಟ್ಟಿದ್ದಾರೆ.",1,12 ಅಂಗುಲದ ಉದ್ದಳತೆ,Feet - 12 inches long measurement unit
ಅಡಿ,ರಿಂದ 1978 ರವರೆಗೆ ಜಿಎಂಸಿ ನಿರ್ಮಿಸಿದ ಮೋಟಾರ್ಹೇಮ್ಗಳು ಎರಡು ವಿಭಿನ್ನ ಮಾದರಿಗಳನ್ನು ಉತ್ಪಾದಿಸುತ್ತಿವೆ - ಒಂದು 23 ಅಡಿ ಉದ್ದ ಮತ್ತು ಇತರ ಮೂರು ಅಡಿ ಉದ್ದ.,1,12 ಅಂಗುಲದ ಉದ್ದಳತೆ,Feet - 12 inches long measurement unit
ಅಡಿ,"ಹೊರಗಿನಿಂದ ಸುಮಾರು ೨೨೫ ಅಡಿ ಎತ್ತರವಿರುವ, ಅಪರೂಪದ ವಿನ್ಯಾಸದ ಚರ್ಚ್ ಒಳಗಡೆ ಸುಮಾರು ೧೮೦ ಅಡಿ ಎತ್ತರವಾಗಿದೆ.",1,12 ಅಂಗುಲದ ಉದ್ದಳತೆ,Feet - 12 inches long measurement unit
ಅಡಿ,50-60 ಅಡಿ ಎತ್ತರದಿಂದ ಹಾಲ್ನೊರೆಯಂತೆ ಬೀಳುತ್ತಿರುವ ಹೆಬ್ಬೆ ಫಾಲ್ಸ್,1,12 ಅಂಗುಲದ ಉದ್ದಳತೆ,Feet - 12 inches long measurement unit
ಅಡಿ,ಸಮುದ್ರ ಮಟ್ಟದಿಂದ ಸುಮಾರು 3600 ಅಡಿ ಎತ್ತರದಲ್ಲಿರುವ ಇದು ಪ್ರಕೃತಿದತ್ತವಾದ ಸುಂದರ ತಾಣವಾಗಿದೆ.,1,12 ಅಂಗುಲದ ಉದ್ದಳತೆ,Feet - 12 inches long measurement unit
ಅಡಿ,ಚಾಲಕನ ನಿಯಂತ್ರಣ ತಪ್ಪಿ 50 ಅಡಿ ಆಳದ ಗುಂಡಿಗೆ ಬಿದ್ದ ಹಾಲಿನ ಲಾರಿ,1,12 ಅಂಗುಲದ ಉದ್ದಳತೆ,Feet - 12 inches long measurement unit
ಅಡಿ,"ವಲಯ ಅರಣ್ಯ ಸಂರಕ್ಷಣಾಧಿಕಾರಿ ಕೃಷ್ಣ ಅಣ್ಣಯ್ಯ ಗೌಡ ಮಾತನಾಡಿ, ಜಿಂಕೆ ಸುಮಾರು 30 ಅಡಿ ಎತ್ತರದಿಂದ ಕೆಳಗೆ ಬಿದ್ದಿದರಿಂದ ಭಯಪಟ್ಟು ಹೃದಯಾಘಾತ ಸಂಭವಿಸಿ ಮೃತಪಟ್ಟಿದೆ.",1,12 ಅಂಗುಲದ ಉದ್ದಳತೆ,Feet - 12 inches long measurement unit
ಅಡಿ,ಈ ಸಸ್ಯವು 5 ಅಡಿ ಉದ್ದದ ದೊಡ್ಡ ಘನವನ್ನು ಹೊಂದಿರುತ್ತದೆ.,1,12 ಅಂಗುಲದ ಉದ್ದಳತೆ,Feet - 12 inches long measurement unit
ಅಡಿ,ಗಿಡದಿಂದ ಗಿಡಕ್ಕೆ 10 ಅಡಿ ಅಂತರ.,1,12 ಅಂಗುಲದ ಉದ್ದಳತೆ,Feet - 12 inches long measurement unit
ಅಡಿ,ಹೊಸದಾದ 42 ಅಡಿ ಉದ್ದದ ಶಿವಲಿಂಗ ಹಾಗೂ 5.,1,12 ಅಂಗುಲದ ಉದ್ದಳತೆ,Feet - 12 inches long measurement unit
ಅಡಿ,"ಮೂರು ಛತ್ರಿಗಳನ್ನು ಒಂದರ ಮೇಲೊಂದು ಅಳವಡಿಸಲಾಗಿದ್ದು ಕೆಳಗಿನ ಛತ್ರಿಯು ಹದಿನೆಂಟು ಅಡಿ, ಮಧ್ಯದಲ್ಲಿನ ಛತ್ರಿಯು ಹನ್ನೆರಡು ಅಡಿ ಹಾಗೂ ಮೇಲಿರುವ ಛತ್ರಿಯು ಒಂಬತ್ತು ಅಡಿಗಳಷ್ಟು ಅಗಲ ಇದ್ದು ಇವೆಲ್ಲದರ ಮೇಲೆ ಬಂಗಾರದ ಕಲಶವನ್ನು ಅಳವಡಿಸಲಾಗಿದೆ.",1,12 ಅಂಗುಲದ ಉದ್ದಳತೆ,Feet - 12 inches long measurement unit
ಅಡಿ,ಮಾತೆ ಮಹಾದೇವಿ ಗೌರವಾರ್ಥ 101 ಅಡಿ ಉದ್ದದ ಲಿಂಗಾಯತ ಧರ್ಮದ ಧ್ವಜ ಹಾರಿಸಲಾಗುತ್ತದೆ.,1,12 ಅಂಗುಲದ ಉದ್ದಳತೆ,Feet - 12 inches long measurement unit
ಅಡಿ,ಧಾನ್ಯಗಳು ಎಫ್ಎಫ್ಜಿ - 1345 ಎಫ್ಪಿಎಸ್ - 1728 ಅಡಿ,1,12 ಅಂಗುಲದ ಉದ್ದಳತೆ,Feet - 12 inches long measurement unit
ಅಡಿ,ಮಳೆಯಿಲ್ಲದೇ ಅಂತರ್ಜಲ ಬತ್ತಿ ಹೋಗಿ 1 ಸಾವಿರ ಅಡಿ ಬೋರ್ ವೆಲ್ ಕೊರೆದರೂ ನೀರು ಬರುತ್ತಿಲ್ಲ.,1,12 ಅಂಗುಲದ ಉದ್ದಳತೆ,Feet - 12 inches long measurement unit
ಅಡಿ,ರಾಜ ಗಾಂಭೀರ್ಯ ಹೊಂದಿರುವ ಹುಲಿ ನಾಲ್ಕೂವರೆಯಿಂದ ಒಂಬತ್ತು ಅಡಿ ಉದ್ದವಿದ್ದು 500 ಪೌಂಡ್ (ಸುಮಾರು 250 ಕೆ.,1,12 ಅಂಗುಲದ ಉದ್ದಳತೆ,Feet - 12 inches long measurement unit
ಅಡಿ,ವಟ್ಟಕೊಟ್ಟೈ ಕೋಟೆಯ ಗೋಡೆಗಳು ಸುಮಾರು 25 ಅಡಿ ಎತ್ತರವಾಗಿವೆ ಹಾಗು ಮುಂಭಾಗದಲ್ಲಿ 29 ಅಡಿಗಳಷ್ಟು ದಪ್ಪವಾಗಿದೆ.,1,12 ಅಂಗುಲದ ಉದ್ದಳತೆ,Feet - 12 inches long measurement unit
ಅಡಿ,"ಅಲ್ಲದೆ, ಲಂಬ ಫೈರಿಂಗ್ ಸ್ಪೀಕರ್ ವಿಧಾನವು 7 ರಿಂದ 14 ಅಡಿ ಎತ್ತರವಿರುವ ಫ್ಲಾಟ್ ಚಾವಣಿಯ ಅಗತ್ಯವಿರುತ್ತದೆ, ಜೊತೆಗೆ ಡಾಲ್ಬಿ ಅಟ್ಮಾಸ್-ಸಜ್ಜುಗೊಂಡ ಹೋಮ್ ಥಿಯೇಟರ್ ಸ್ವೀಕಾರಕ ಮತ್ತು ಡಾಲ್ಬಿ ಅಟ್ಮಾಸ್-ಎನ್ಕೋಡ್ ಮಾಡಲಾದ ವಿಷಯ ಎರಡಕ್ಕೂ ಅಗತ್ಯವಿರುತ್ತದೆ ಎಂದು ಗಮನಿಸುವುದು ಮುಖ್ಯವಾಗಿದೆ ಕೇಳುವ ಅನುಭವ.",1,12 ಅಂಗುಲದ ಉದ್ದಳತೆ,Feet - 12 inches long measurement unit
ಅಡಿ,"ಸುಬ್ರಹ್ಮಣ್ಯನಗರ ವ್ಯಾಪ್ತಿಯ ರಾಜಾಜಿನಗರ 1ನೆ ಬ್ಲಾಕ್, ಇ ಜೋನ್ ಎಲೆಕ್ಟ್ರಾನಿಕ್ ಶೋರೂಂ ಬಳಿಯ ಮನೆಯಲ್ಲಿ ಆನೆದಂತದಿಂದ ಕೆತ್ತನೆ ಮಾಡಿರುವ ಸುಮಾರು ಒಂದು ಅಡಿ ಉದ್ದದ ಶ್ರೀಕೃಷ್ಣನ ಮೂರ್ತಿಯನ್ನು ಮಾರಾಟ ಮಾಡಲು ಹೊಂಚು ಹಾಕುತ್ತಿದ್ದ ಬಗ್ಗೆ ಸಿಸಿಬಿ ಪೊಲೀಸರಿಗೆ ಮಾಹಿತಿ ಲಭಿಸಿದೆ.",1,12 ಅಂಗುಲದ ಉದ್ದಳತೆ,Feet - 12 inches long measurement unit
ಅಡಿ,"ಕಬ್ಬಿಣದ ರಿಪೀಸ್, ಕಟ್ಟಿಗೆ ಮತ್ತು ಪ್ಲಾಸ್ಟಿಕ್ ದಾರದಿಂದ 2 ಅಡಿ ಅಗಲ, 4 ಅಡಿ ಎತ್ತರದಲ್ಲಿ ಬೆಳೆಗೆ ನೆಟ್ ಕಟ್ಟಿಸಿದರು.",1,12 ಅಂಗುಲದ ಉದ್ದಳತೆ,Feet - 12 inches long measurement unit
ಅಡಿ,ನೆಲದಿಂದ ಕನಿಷ್ಠ 2 ಅಡಿ ಇರಬೇಕು.,1,12 ಅಂಗುಲದ ಉದ್ದಳತೆ,Feet - 12 inches long measurement unit
ಅಡಿ,"ನೀವು ಆರಂಭಿಸುವ ಮೊದಲು ಸ್ಥಳೀಯ ಕೋಡ್ಗಳನ್ನು ಪರಿಶೀಲಿಸಿ (ನೀವು ಪರವಾನಿಗೆ ಬೇಕಾಗಬಹುದು), ಆದರೆ ನೀವು 3 ಅಡಿ ಎತ್ತರದ ಅಥವಾ ಕಡಿಮೆ ಇರುವ ರಚನೆಯನ್ನು ಉಳಿಸಿಕೊಂಡರೆ ನಿಮಗೆ ತೊಂದರೆಯಾಗುವುದಿಲ್ಲ.",1,12 ಅಂಗುಲದ ಉದ್ದಳತೆ,Feet - 12 inches long measurement unit
ಅಡಿ,"ರಾಜಕುಮಾರ್ ಅಭಿಮಾನಿಗಳು ಅಣ್ಣಾವ್ರ 80 ಅಡಿ ಕಟೌಟ್ ಗೆ ಬೃಹತ್ ಹಾರ ಹಾಕಿ ಹಾಲಿನ ಅಭಿಷೇಕ ಮಾಡಿ ಸಂಭ್ರಮಿಸಿದರು ,ಜೊತೆಗೆ ಬಿರಿಯಾನಿ ಸವಿದು ಮನಸಾರೆ ಅಣ್ಣಾವ್ರ ದರ್ಶನ ಪಡೆದರು.",1,12 ಅಂಗುಲದ ಉದ್ದಳತೆ,Feet - 12 inches long measurement unit
ಅಡಿ,ಈ ಹೋಸ್ಟಾ ಸಸ್ಯಗಳು ಒಂದೇ ಅಗಲದಿಂದ 1-2 ಅಡಿ ಎತ್ತರವನ್ನು ತಲುಪುತ್ತವೆ.,1,12 ಅಂಗುಲದ ಉದ್ದಳತೆ,Feet - 12 inches long measurement unit
ಅಡಿ,ಗೋಪಾಲಸ್ವಾಮಿ ಬೆಟ್ಟ (ಸಮುದ್ರ ಮಟ್ಟದಿಂದ ಸುಮಾರು ೪೮೦೦ ಅಡಿ ಎತ್ತರ ಇದೆ) ಇದು ಚಾಮರಾಜನಗರ ಜಿಲ್ಲೆಯ ಗುಂಡ್ಲುಪೇಟೆ ತಾಲೂಕಿನಲ್ಲಿ ಬರುತ್ತದೆ.,1,12 ಅಂಗುಲದ ಉದ್ದಳತೆ,Feet - 12 inches long measurement unit
ಅಡಿ,ಅಡಿ ರಸ್ತೆಯನ್ನು 30 ಅಡಿಗೆ ವಿಸ್ತರಿಸಬೇಕಾದರೂ ಕೇಂದ್ರದ ಅನುಮತಿ ಬೇಕಾಗುತ್ತದೆ.,1,12 ಅಂಗುಲದ ಉದ್ದಳತೆ,Feet - 12 inches long measurement unit
ಅಡಿ,ಸಾರ್ವಜನಿಕ ಸುರಕ್ಷತಾ ಕಾಯ್ದೆಯ (ಪಿಎಸ್‍ಎ) ಅಡಿ ಈ […],2,ಕೆಳಗೆ,Under
ಅಡಿ,"ಪರಿಶಿಷ್ಟ ಜಾತಿ, ಪಂಗಡಗಳ ಕಾಯ್ದೆ ಅಡಿ ಹಲವು ಸವಲತ್ತುಗಳಿದ್ದು, ಅವುಗಳನ್ನು ಬಳಕೆ ಮಾಡಿಕೊಳ್ಳಬೇಕು.",2,ಕೆಳಗೆ,Under
ಅಡಿ,ಆರೋಪಿ ಮೋಹನ್ ವಿರುದ್ಧ ಸಿಆರ್ ಪಿ ಎಸ್ ಸೆಕ್ಷನ್ 141 ( ಡಿ) 102 ಅಡಿ ಎಪ್ ಐ ಆರ್ ದಾಖಲಿಸಲಾಗಿದೆ.,2,ಕೆಳಗೆ,Under
ಅಡಿ,ಸಕಾಲ ಸೇವೆಗಳ ಅಡಿ ದಾಖಲಾದ ಪ್ರಕರಣಗಳು ಬಾಕಿ ಉಳಿಯದಂತೆ ನೋಡಿಕೊಳ್ಳಬೇಕು.,2,ಕೆಳಗೆ,Under
ಅಡಿ,"ದೀಪೇಶ್ ವಿರುದ್ಧ ಪೋಕ್ಸೊ ಅಡಿ ಪ್ರಕರಣ ದಾಖಲಿಸಲಾಗಿದ್ದು, ನ್ಯಾಯಾಂಗ ಬಂಧನಕ್ಕೆ ಒಪ್ಪಿಸಲಾಗಿದೆ.",2,ಕೆಳಗೆ,Under
ಅಡಿ,ಜಿಲ್ಲಾ ಪಂಚಾಯತ್ ಆವರಣದಲ್ಲಿಂದು ನಡೆದ ಸರಳ ಸಮಾರಂಭದಲ್ಲಿ 2017-18 ನೇ ಸಾಲಿನ ಶಾಸನ ಬದ್ಧ (ಅಭಿವೃದ್ಧಿ) ಅನುದಾನದ ಯೋಜನೆ ಅಡಿ ಶೇ 3% ಅನುದಾನದಲ್ಲಿ ವಿಕಲಚೇತನ ಫಲಾನುಭವಿಗಳಿಗೆ ತ್ರಿಚಕ್ರ ವಾಹನ ವಿತರಿಸಲಾಯಿತು.,2,ಕೆಳಗೆ,Under
ಅಡಿ,ಷರತ್ತು ಬದ್ಧ ಜಾಮೀನಿನಲ್ಲಿದ್ದರೂ ಅನುಚಿತವಾಗಿ ಬರೆದು ಪೋಸ್ಟ್ ಗಳನ್ನು ಪ್ರಕಟಿಸಿದ್ದಾರೆ ಎನ್ನುವ ಆರೋಪದ ಅಡಿ ಶಶಿಧರ್ ಅವರನ್ನು ಸಿಸಿಬಿ ಪೊಲೀಸರು ವಶಕ್ಕೆ ಪಡೆದಿದ್ದರು.,2,ಕೆಳಗೆ,Under
ಅಡಿ,ಈ ಹಿನ್ನೆಲೆಯಲ್ಲಿ ಜೈಲಿನಲ್ಲಿದ್ದ ನಾಲ್ವರು ಆರೋಪಿಗಳನ್ನು ಕೈದಿಗಳ ವರ್ಗಾವಣೆಯ ವಾರೆಂಟ್‌ (ಪ್ರಿಸನರ್ ಆನ್ ಟ್ರಾನ್ಸಿಟ್) ಅಡಿ ಬಂಧಿಸಲಾಗಿದೆ.,2,ಕೆಳಗೆ,Under
ಅಡಿ,ಪ್ರಧಾನಮಂತ್ರಿ ಆವಾಸ ಯೋಜನೆ ಅಡಿ ಪಕ್ಕಾ ಮನೆಗಳನ್ನು ನಿರ್ಮಿಸಿಕೊಡಲಾಗುತ್ತಿದೆ,2,ಕೆಳಗೆ,Under
ಅಡಿ,ಮಂಗಳೂರು: ಬಡ ಕುಟುಂಬಗಳಿಗೆ ವಿತರಿಸಲಾಗುತ್ತಿರುವ ಬಿಪಿಎಲ್‌ ಪಡಿತರ ಚೀಟಿಗಳನ್ನು ಸುಳ್ಳು ಮಾಹಿತಿ ನೀಡಿ ಪಡೆದು ಸರಕಾರಕ್ಕೆ ವಂಚನೆ ಮಾಡಿರುವವರ ವಿರುದ್ಧ ಐಪಿಸಿ 420 ಅಡಿ ಕ್ರಿಮಿನಲ್‌ ಕೇಸು ದಾಖಲಿಸಲು ರಾಜ್ಯ ಸರಕಾರದ ಕಂದಾಯ ಪ್ರಧಾನ ಕಾರ್ಯದರ್ಶಿ ಹಾಗೂ ದಕ್ಷಿಣ ಕನ್ನಡ ಜಿಲ್ಲಾ ಉಸ್ತುವಾರಿ ಕಾರ್ಯದರ್ಶಿ ಎನ್‌.,2,ಕೆಳಗೆ,Under
ಅಡಿ,ದಾವಣಗೆರೆ: ಬಿಸಿಯೂಟ ಯೋಜನೆ ಅಡಿ ಶನಿವಾರ ಬೆಳಿಗ್ಗೆ ವಿದ್ಯಾರ್ಥಿಗಳಿಗೆ ನೀಡಿದ ಉಪಾಹಾರದಲ್ಲಿ ಹಲ್ಲಿ ಬಿದ್ದ ಪರಿಣಾಮ 20 ವಿದ್ಯಾರ್ಥಿಗಳು ದಿಢೀರ್‌ ಅಸ್ವಸ್ಥಗೊಂಡ ಘಟನೆ ಹರಪನ­ಹಳ್ಳಿ ತಾಲ್ಲೂಕಿನ ಮಜ್ಜಿಗೇರಿ ಗ್ರಾಮದ ಸರ್ಕಾರಿ ಹಿರಿಯ ಪ್ರಾಥಮಿಕ ಶಾಲೆ­ಯಲ್ಲಿ ನಡೆದಿದೆ.,2,ಕೆಳಗೆ,Under
ಅಡಿ,"ಬಡ ಜನರಿಗಾಗಿ 2002ರಲ್ಲಿ ಸರ್ಕಾರದ ಆಶ್ರಯ ಯೋಜನೆ ಅಡಿ ನಿರ್ಮಿಸಿರುವ ಈ ಮನೆಗಳಿಗೆ ನಿಯ­ಮಾನುಸಾರ, ಮನೆ ಕಟ್ಟಿದ ಗುತ್ತಿಗೆ­ದಾರರೇ ಎಲೆಕ್ಟ್ರಿಕಲ್‌ ವೈರಿಂಗ್‌, ಮೀಟರ್‌ ಅಳವಡಿಕೆ, ವಿದ್ಯುತ್‌ ಕಂಬ­ಗಳ ಜೋಡಣೆ ವ್ಯವಸ್ಥೆ ಮಾಡ­ಬೇಕು.",2,ಕೆಳಗೆ,Under
ಅಡಿ,"ನರಸಿಂಹರಾವ್ ಪ್ರಧಾನಿಯಾಗಿದ್ದಾಗ ಯೋಜನಾ ಆಯೋಗದ ಉಪಾಧ್ಯಕ್ಷರಾಗಿ, ವಿದೇಶಾಂಗ ಸಚಿವರಾಗಿ ಕಾರ್ಯನಿರ್ವಹಿಸಿದ ಪ್ರಣವ್, 2004ರಲ್ಲಿ ಕಾಂಗ್ರೆಸ್ ಅಧಿಕಾರಕ್ಕೆ ಬಂದಾಗ ಹಿಂದೊಮ್ಮೆ ತಮ್ಮ ಕೆಳಗೆ ಕೆಲಸ ಮಾಡಿದ್ದ ಮನಮೋಹನ್ ಸಿಂಗ್ ಅಡಿ ಸಚಿವರಾಗಿ ಕೆಲಸ ಮಾಡಬೇಕಾಯಿತು.",2,ಕೆಳಗೆ,Under
ಅಡಿ,ಯಾವೆಲ್ಲಾ ಕೈಗಾರಿಕೆಗಳು ಈ ಕಾಯ್ದೆಯ ಅಡಿ ಬರುತ್ತವೆ ಎಂಬುದನ್ನು ಕೇಂದ್ರ ಮತ್ತು ರಾಜ್ಯ ಸರ್ಕಾರಗಳು ಇನ್ನಷ್ಟೇ ನಿಗದಿಪಡಿಸಬೇಕಿದೆ.,2,ಕೆಳಗೆ,Under
ಅಡಿ,"ಶುಕ್ರವಾರ ಬಂಟ್ವಾಳ ಶಾಸಕರ ಕಚೇರಿಯಲ್ಲಿ ನಾನಾ ಇಲಾಖೆಗಳ ಅಧಿಕಾರಿಗಳು ಮತ್ತು ಸ್ಥಳೀಯರ ಸಮಕ್ಷಮ ಸಭೆ ನಡೆಸಿ, ಯೋಜನಾಪಟ್ಟಿ ತಯಾರಿಯ ಕುರಿತು ಚರ್ಚೆ ನಡೆಸಿದ ಸಂಸದರು, ಕುಳೂರು, ಸುರತ್ಕಲ್ ಮೇಲ್ಸೇತುವೆ ಕೆಳಭಾಗದಲ್ಲಿ ಆಟೊ, ಟೆಂಪೊ, ಪೊಲೀಸ್ ಸಹಿತ ನಾಗರಿಕರ ಅವಶ್ಯಕತೆಗೆ ಅನುಸಾರವಾಗಿ ಪಾರ್ಕಿಂಗ್, ತಂಗುದಾಣ ಹಾಗೂ ಸೌಂದರ್ಯ ವೃದ್ಧಿಗೆ ಗಾರ್ಡನ್ ಮಾಡುವ ಮೂಲಕ ಕಸ ಕೊಂಪೆಯಂತಿದ್ದ ಫ್ಲೈಓವರ್ ಅಡಿ ಸುಂದರಗೊಂಡಿದೆ.",2,ಕೆಳಗೆ,Under
ಅಡಿ,"ಸುವರ್ಣ ಗ್ರಾಮ ಯೋಜನೆ ಅಡಿ ಟೆಂಡರ್ ಈಗ ಕರೆಯಲಾಗಿದ್ದು, ತಕ್ಷಣ ಎಲ್ಲಾ ಪ್ರಕ್ರಿಯೆ ಪೂರ್ಣಗೊಳಿಸಿ ಕೆಲಸದ ಆದೇಶ ನೀಡಬೇಕು.",2,ಕೆಳಗೆ,Under
ಅಡಿ,ಬಿಸಿಯೂಟ ಯೋಜನೆ ಅಡಿ ದಾಸ್ತಾನು ಕೊಠಡಿ ನಿರ್ಮಿಸಬೇಕು.,2,ಕೆಳಗೆ,Under
ಅಡಿ,ಸಾಹಿತ್ಯ ನಾಯಕ ಕಾವ್ಯದ ಪ್ರೀತಿಯ ರಿಂಗಿಂಗ್ ಹೊಳೆಗಳ ಅಡಿ ಸೇರಿಸುತ್ತದೆ.,2,ಕೆಳಗೆ,Under
ಅಡಿ,"12,000ಕ್ಕಿಂತ ಕಡಿಮೆ ಇರುವ ಕುಟುಂಬಗಳು ಬಿಪಿಎಲ್‌ ಅಡಿ ಬರುತ್ತವೆ.",2,ಕೆಳಗೆ,Under
ಅಡಿ,"ನಿಮ್ಮ ಅಡಿ ಸರಿಯಾದ ಎಚ್ಚರಿಕೆಯಿಂದ, ನೀವು ಸುಲಭವಾಗಿ ಕಡಿಮೆ ಕೈಕಾಲುಗಳು ಅಸ್ವಸ್ಥತೆ ತೊಡೆದುಹಾಕಲು ಮಾಡಬಹುದು.",2,ಕೆಳಗೆ,Under
ಅಡಿ,ಹೊಸ ಸೈಬರ್ ಅಪರಾಧ ಕಾಯ್ದೆ ಅಡಿ ಇಂಥ ಯಾವುದೇ ಚಟುವಟಿಕೆ ಅಪರಾಧವಾಗಲಿದೆ.,2,ಕೆಳಗೆ,Under
ಅಡಿ,ಕೇಂದ್ರ ಸರ್ಕಾರ ಪ್ರಧಾನಮಂತ್ರಿ ರೈತ ಸಿಂಚಯಿನಿ ಯೋಜನೆ ಅಡಿ ಕೃಷಿ ಅಭಿವೃದ್ಧಿಗೆ ₹ 50 ಸಾವಿರ ಕೋಟಿ ಮೀಸಲಿಟ್ಟಿದೆ.,2,ಕೆಳಗೆ,Under
ಅಡಿ,"ನನಗೆ ಸ್ಫೂರ್ತಿ ತುಂಬಿದ ಮಹಿಳೆ (ವುಮನ್ ಹು ಇನ್‌ಸ್ಪೈರ್ಸ್‌ ಮಿ) ವಿಷಯದ ಅಡಿ ಕಳುಹಿಸುವ ಮೊಬೈಲ್ ಚಿತ್ರಗಳು ಮಹಿಳೆಯ ಪರಿಶ್ರಮ, ಧೈರ್ಯ ಹಾಗೂ ಪ್ರಗತಿಯನ್ನು ಪ್ರತಿಫಲಿಸುವಂತಿರಬೇಕು.",2,ಕೆಳಗೆ,Under
ಅಡಿ,ಆರೋಪಿ ರಾಮ್ ಆಸ್ರೆಯನ್ನು ಬಂಧಿಸಿ ಲೈಂಗಿಕ ಅಪರಾಧಗಳಿಂದ ಮಕ್ಕಳ ರಕ್ಷಣೆ (ಪೊೀಕ್ಸೊ) ಕಾಯ್ದೆಯ ವಿವಿಧ ಸೆಕ್ಷನ್‍ಗಳ ಅಡಿ ಪ್ರಕರಣ ದಾಖಲಿಸಿಕೊಂಡು ಮುಂದಿನ ಕ್ರಮ ಕೈಗೊಳ್ಳಲಾಗಿದೆ.,2,ಕೆಳಗೆ,Under
ಅಡಿ,"ಕರ್ನಾಟಕ ಪರಿಶಿಷ್ಟ ಜಾತಿ, ಪಂಗಡ ಹಾಗೂ ಇತರೆ ಹಿಂದುಳಿದ ವರ್ಗಗಳ ಮೀಸಲಾತಿ ಕಾಯ್ದೆಯ ಅನ್ವಯ ಹೊರ ರಾಜ್ಯಗಳ ಅಭ್ಯರ್ಥಿಗಳನ್ನು ಮೀಸಲಾತಿ ಅಡಿ ರಾಜ್ಯ ಸರ್ಕಾರದ ಕಂಪೆನಿ ಅಥವಾ ಸಂಸ್ಥೆಗಳಲ್ಲಿ ನೇಮಕ ಮಾಡಿಕೊಳ್ಳಲಾಗದು.",2,ಕೆಳಗೆ,Under
ಅಡಿ,ಕೂರಿಗೆ ಪದ್ಧತಿ ಅಡಿ ಭತ್ತ ಬೆಳೆದರೆ ನೀರು ಉಳಿತಾಯವಾಗುತ್ತದೆ.,2,ಕೆಳಗೆ,Under
ಅಡಿ,"ಬೆಂಗಳೂರು,ಮೇ 8- ಆರ್‍ಟಿಐ ಅಡಿ ದಾಖಲಾದ ಮಕ್ಕಳಿಂದ ಹೆಚ್ಚು ಶುಲ್ಕವನ್ನು ತೆಗೆದುಕೊಳ್ಳದಂತೆ ಈಗಾಗಲೇ ಸುತ್ತೋಲೆ ಹೊರಡಿಸಲಾಗಿದೆ ಎಂದು ಪ್ರಾಥಮಿಕ ಶಿಕ್ಷಣ ಇಲಾಖೆ ನಿರ್ದೇಶಕ ಬಸವರಾಜ್ ಸ್ಪಷ್ಟಪಡಿಸಿದ್ದಾರೆ.",2,ಕೆಳಗೆ,Under
ಅಡಿ,"ರುದ್ರೇಶ್‌, ಆರ್‌ಟಿಇ ಅಡಿ ಸೀಟು ಪಡೆದ ಮಕ್ಕಳನ್ನು ಶಾಲೆಗೆ ಸೇರಿಸಿಕೊಳ್ಳದೆ ಕೆಲವು ಶಾಲೆಗಳು ನಿರ್ಲಕ್ಷ್ಯ ಮಾಡಿವೆ.",2,ಕೆಳಗೆ,Under
ಅಡಿ,ಆದಾಂುು ತೆರಿಗೆ ಕಾಂುೆ್ದುಂುು 80ಸಿ ಸೆಕ್ಷನ್ ಅಡಿ ಈ ಖಾತೆಂುುಲ್ಲಿ 1 ಲಕ್ಷ ರು.,2,ಕೆಳಗೆ,Under
ಅಡಿ,"ಶಾಸನಬದ್ಧವಾದ ಈ ಕಾಯ್ದೆ ಅಡಿ ಪ್ರಕರಣ ದಾಖಲಿಸಿಕೊಂಡರೂ, ತನಿಖೆಗೆ ಹೈಕೋರ್ಟ್‌ಗಳು ತಡೆ ನೀಡುತ್ತಿವೆ.",2,ಕೆಳಗೆ,Under
ಅಡಿ,ರಾಜ್ಯ ಸರ್ಕಾರ ಮೊದಲ ಬಾರಿಗೆ 1991–92ರಲ್ಲಿ ಭೂ ಕಂದಾಯ ಕಾಯ್ದೆಗೆ ತಿದ್ದುಪಡಿ ತಂದು 94 (ಎ ) ಅಡಿ ನಮೂನೆ 50ರಲ್ಲಿ ಸಕ್ರಮಕ್ಕಾಗಿ ಅರ್ಜಿ ಸಲ್ಲಿಸಲು ಅವಕಾಶ ನೀಡಿತು.,2,ಕೆಳಗೆ,Under
ಅಡಿ,ಬೇರ್ ಅಡಿ ಮುಚ್ಚಲಾಗಿದೆ ಶೂಗಳನ್ನು ಧರಿಸುವುದು,2,ಕೆಳಗೆ,Under
ಅಡಿ,"ಪ್ರತಿ ಶುಕ್ರವಾರ ಮಾನಸಿಕ ರೋಗಿಗಳ ಶಿಬಿರ, ಪ್ರತಿ ತಿಂಗಳ 9ನೇ ದಿನಾಂಕದಂದು ಎಎಂಎಸ್‌ಎಂಎ ಯೋಜನೆ ಅಡಿ ಗರ್ಭಿಣಿಯರ ಸದೃಢ ಆರೋಗ್ಯಕ್ಕಾಗಿ ವಿವಿಧ ರೀತಿಯ ಪರೀಕ್ಷೆ ನಡೆಸಲಾಗುತ್ತದೆ.",2,ಕೆಳಗೆ,Under
ಅಡಿ,"ವೈ ಹಳಿಂಗಳಿ ನಮಗೆ ಶಿಕ್ಷಣ ಇಲಾಖೆಯ ಆಯುಕ್ತರಿಂದ ಸುತ್ತೋಲೆ ಬಂದಿದ್ದು, ಈ ಪ್ರಕಾರವೇ ನಾವು ಕಡ್ಡಾಯ ಶಿಕ್ಷಣ ಹಕ್ಕು ಕಾಯ್ದೆ ಅಡಿ ಮಕ್ಕಳ ಪ್ರವೇಶಾತಿ ಮಾಡಿಕೊಳ್ಳುವಂತೆ ನೋಡಿಕೊಳ್ಳುವುದಾಗಿ ಹೇಳಿದರು.",2,ಕೆಳಗೆ,Under
ಆಟ,"ಮ್ಯಾಕ್ಸ್​ವೆಲ್​ ಕೂಡ ತಂಡಕ್ಕೆ​ ಆಧಾರವಾಗದೆ 28 ರನ್​ಗೆ ನಿರ್ಗಮಿಸಿದರೆ, ಕಳೆದ ಪಂದ್ಯದಲ್ಲಿ ಮಿಂಚಿದ್ದ ಕಲ್ಟರ್ ನೇಲ್ ಆಟ ಕೇವಲ 4 ರನ್​ಗೆ ಅಂತ್ಯವಾಯಿತು.",1,ಕ್ರೀಡೆ,Game
ಆಟ,"ಪ್ರತಿ ರಂಗದಲ್ಲಿ ಲಿಂಬೆಹಣ್ಣು, ಕಾಯಿ, ತತ್ತಿ, ನೀರು ತುಂಬಿದ ಗಡಿಗೆಯಲ್ಲಿ ಕಳ್ಳಿಬಳ್ಳಿ, ಕುಂಬಳಕಾಯಿ ಹೀಗೆ ಒಂದೊಂದು ವಿಧದ ವಸ್ತುಗಳನ್ನಿಟ್ಟು ಆಟ ಆಡುವುದು ಮೋಡಿ ಆಟದ ವಿಶೇಷ.",1,ಕ್ರೀಡೆ,Game
ಆಟ,ಇದರ ನಡುವೆಯೂ ಛಲದ ಆಟ ಆಡಿದ ಘೋಷಾಲ್‌ ಪಂದ್ಯದ ಗೆದ್ದು ಬೀಗಿದರು.,1,ಕ್ರೀಡೆ,Game
ಆಟ,"ಮನೆ ಪಕ್ಕದಲ್ಲಿ ಹರಿಯುತ್ತಿರುವ ತೋಡು, ಕೆರೆ, ಹೊಳೆಗಳಲ್ಲಿ ನೀರು ಹರಿಯುತ್ತಿರು ವಾಗ ಆಟ ಆಡಬೇಕು ಎಂದೆನಿಸುವುದು ಸಹಜ.",1,ಕ್ರೀಡೆ,Game
ಆಟ,ಅವುಗಳಲ್ಲಿ ಡಾಡ್ಜ್ಬಾಲ್ ಆಟ ಮತ್ತು ಹಳೆಯ ಮಹಿಳೆ ರಸ್ತೆ ದಾಟಲು ಸಹಾಯ.,1,ಕ್ರೀಡೆ,Game
ಆಟ,ಇನ್ನೂ ನಾವು ಕ್ರಿಕೆಟ್‌ ಎಂದರೆ ತೀರಾ ಅನಿಶ್ಚಿತತೆಯ ಆಟ ಎಂಬ ಬ್ಯಾನರ್‌ನ ಅಡಿ ರಕ್ಷಣೆ ಪಡೆಯಲಾಗದು.,1,ಕ್ರೀಡೆ,Game
ಆಟ,ಆಟ ಮುಂದುವರೆದಂತೆ ಚೆಂಡನ್ನು ವೇಗವಾಗಿ ಮತ್ತು ವೇಗವಾಗಿ ಚಲಿಸುತ್ತದೆ.,1,ಕ್ರೀಡೆ,Game
ಆಟ,ಎರಡನೇ ಅವಧಿಯ ಆಟ ಆರಂಭವಾಗಿ ಮೂರು ನಿಮಿಷಗಳಲ್ಲಿಯೇ ಆತಿಥೇಯ ತಂಡ ಪ್ರಾಬಲ್ಯ ಮೆರೆಯಿತು.,1,ಕ್ರೀಡೆ,Game
ಆಟ,"ಇದು, ಕ್ರೀಡಾ ಘಟನೆಗಳು ವ್ಯವಸ್ಥೆ (ಪ್ರದೇಶದ ಇದಕ್ಕೆ ಅವಕಾಶ ನೀಡುವುದಾದರೆ), ಒಂದು ಮೋಜಿನ ಆಟ ನನಗೆ ಅರ್ಥ ಹೀಗೆ ನಗರದಲ್ಲಿ ಪ್ಲೇ ಸಾಧ್ಯ.",1,ಕ್ರೀಡೆ,Game
ಆಟ,"ಒಟ್ಟಾರೆ ಆಟ ಪಾಠದಲ್ಲಿ ಮುಂದಿರುವ ಅಂತಕಃರಣ 24 ಪುಸ್ತಕಗಳನ್ನ ಕನ್ನಡದಲ್ಲಿ ಬರೆದು, ಇಂಗ್ಲಿಷ್‍ನಲ್ಲಿ ಪುಸ್ತಕ ಬರೆಯುವ ಈ ಐಪಿಎಲ್ ಬಗೆಗಿನ ಪುಸ್ತಕದಿಂದ ಈಡೇರಿಸಿಕೊಂಡಿದ್ದಾನೆ.",1,ಕ್ರೀಡೆ,Game
ಆಟ,"ಆದರೆ ಕರುಣೆ ನಿಯಮದ ಕಲ್ಪನೆಯು ಅನೇಕ ಕ್ರೀಡೆಗಳಲ್ಲಿ ಅನಧಿಕೃತ ಸಾಮರ್ಥ್ಯದಲ್ಲಿ ಸಾಮಾನ್ಯವಾಗಿದೆ, ನ್ಯಾಯೋಚಿತ ಆಟ ಮತ್ತು ಉತ್ತಮ ಕ್ರೀಡಾಸ್ಪರ್ಧೆಯ ಪರಿಕಲ್ಪನೆಯನ್ನು ಉತ್ತೇಜಿಸುತ್ತದೆ.",1,ಕ್ರೀಡೆ,Game
ಆಟ,ಕರ್ನಾಟಕ ವಾಲಿಬಾಲ್ ತಂಡದ ಆಟ ನೋಡಲು ಹೋದರೆ ಮೊದಲು ಕೇಳಿಬರುತ್ತಿದುದು ಮಾದೇಗೌಡ ಅವರ ಜೋರು ಧ್ವನಿ.,1,ಕ್ರೀಡೆ,Game
ಆಟ,"ತಮ್ಮ ನೈಜ ಆಟ ಆಡಿದ ಅಲಿಸ್ಟಾರ್ ಕುಕ್, ಆರ್ಭಟಿಸಿದ್ರು.",1,ಕ್ರೀಡೆ,Game
ಆಟ,ಇದರ ಪರಿಣಾಮವಾಗಿ ರಗ್ಬಿ ಎಂಬ ಹೊಸ ಆಟ ಹುಟ್ಟಿಕೊಂಡಿತು.,1,ಕ್ರೀಡೆ,Game
ಆಟ,ಇನ್ನು ನಾಯಕ ರೋಹಿತ್ ಶರ್ಮಾ ಆಟ ಕೇವಲ 15 ರನ್ಗಳಿಗೆ ಸೀಮಿತವಾಯಿತು.,1,ಕ್ರೀಡೆ,Game
ಆಟ,"ಈಗಾಗಲೇ ಟೆಸ್ಟ್, ಏಕದಿನ ಹಾಗೂ ಟಿ20 ಮಾದರಿಗಳಿದ್ದು ಮತ್ತೊಂದು ಹೊಸ ಮಾದರಿ ಕ್ರಿಕೆಟ್ ಆಟ ಅವಶ್ಯಕತೆ ಇಲ್ಲ.",1,ಕ್ರೀಡೆ,Game
ಆಟ,ಮಗುವಿನ ಆಟ ಪಾಠ ನಗು ಅಳು ತುಂಟಾಟ ಎಲ್ಲವೂ ಒಂದು ರೀತಿಯ ಹೊಸ ಅನುಭವ ಮತ್ತು ಜೀವನದ ಜಂಜಾಟದಲ್ಲಿ ಈಜುತ್ತಿರುವ ಮನಸ್ಸಿಗೆ ಹಿತವಾದ ಅನುಭವ .,1,ಕ್ರೀಡೆ,Game
ಆಟ,ನಂತರವೂ ಅವರು ದಿಟ್ಟ ಆಟ ಆಡಿ ಸಂಭ್ರಮಿಸಿದರು.,1,ಕ್ರೀಡೆ,Game
ಆಟ,ಫೋಲ್ಡ್‌ ಮಾಡುವಂತಹ ಟೇಬಲನ್ನು ನಡುವಿನಲ್ಲಿ ಇಟ್ಟು ಈ ಮೂವರು ಚೇರ್ ಹಾಕಿ ಆಟ ಆಡಿದ್ದಾರೆ.,1,ಕ್ರೀಡೆ,Game
ಆಟ,ವಿಶ್ರಾಂತಿ ಬಯಸುವುದರಿಂದ ತಮ್ಮ ಸ್ಥಾನವನ್ನು ಬೇರೆಯವರು ಆಕ್ರಮಿಸಿಕೊಳ್ಳುತ್ತಾರೆಂಬ ಆತಂಕದಲ್ಲಿ ಕೆಲವು ಬೌಲರ್‌ಗಳು ನೋವನ್ನು ನುಂಗಿಕೊಂಡೇ ಆಟ ಮುಂದುವರಿಸುತ್ತಾರೆ.,1,ಕ್ರೀಡೆ,Game
ಆಟ,"ಹೀಗಾಗಿ ಇಂಥ ಕಾರ್ಯಕ್ರಮಗಳ ಉಪಯೋಗಿಸಲು ಸಾಧ್ಯವಿಲ್ಲ - ಇದು ತುಂಬಾ ಅಪಾಯಕಾರಿ, ಮತ್ತು ನೀವು ಖಂಡಿತವಾಗಿಯೂ, ಇಂತಹ ಅಪಾಯವನ್ನು ತೆಗೆದುಕೊಳ್ಳಬಾರದು ವೇಳೆ ಸಜೀವವಾಗಿ ಕ್ಲಾನ್ಸ್ ಕೇವಲ ಒಂದು ಆಟ ಕ್ಲಾಷ್ ಆಗಿದೆ.",1,ಕ್ರೀಡೆ,Game
ಆಟ,ಶಿಕ್ಷಕವರ್ಗದವರಿಗೆ ಮೋಜಿನ ಆಟ ಆಡಿಸುವ ಮೂಲಕ ತಾವೂ ಆನಂದಿಸಿದರು.,1,ಕ್ರೀಡೆ,Game
ಆಟ,ಮಕ್ಕಳಿಗೆ ಆಟ ಮಾತ್ರ ಗೊತ್ತು.,1,ಕ್ರೀಡೆ,Game
ಆಟ,"ABODE ಒಳ್ಳೆಯದು, ಸಣ್ಣ ಎಸ್ಕೇಪ್ ಕೊಠಡಿ ಆಟ ಕೂಡ, ಕಂಡಕ್ಟರ್ ಒಂದು ಪಝಲ್-ಸಾಹಸ ವಿಧದ ಆಟವಾಗಿದೆ.",1,ಕ್ರೀಡೆ,Game
ಆಟ,ವಿಜಯಾ ಕಾಲೇಜಿನಲ್ಲಿದ್ದಾಗ ನಾವು ಶಿಕ್ಷಕರು ಮತ್ತು ವಿದ್ಯಾರ್ಥಿಗಳು ಹುಣ್ಣಿಮೆ ರಾತ್ರಿ ಪೇಪರ್‌ ಚೇಸ್‌ ಅಂತ ಆಟ ಆಡುತ್ತಿದ್ದೆವು.,1,ಕ್ರೀಡೆ,Game
ಆಟ,ವಿಂಡೀಸ್ ಬೌಲರ್​ಗಳ ಬೆವರಿಳಿಸಿದ ಈ ಜೋಡಿ ಮೈದಾನದ ಮೂಲೆ ಮೂಲೆಗೆ ಚೆಂಡನ್ನು ಅಟ್ಟಿ ಭರ್ಜರಿ ಆಟ ಪ್ರದರ್ಶಿಸಿದರು.,1,ಕ್ರೀಡೆ,Game
ಆಟ,ಇದಕ್ಕೆ ಪ್ರಕೃತಿಯ ಆಟ ಎನ್ನಬಹುದೊ ಏನೋ.,1,ಕ್ರೀಡೆ,Game
ಆಟ,ನಾನಂತೂ ಕೆಲ ಪಂದ್ಯಗಳಿಂದ ಉತ್ತಮ ಆಟ ಪ್ರದರ್ಶಿಸಿಲ್ಲ.,1,ಕ್ರೀಡೆ,Game
ಆಟ,ಶಾಲೆ ಎದುರಿನ ಕಸ ಹರಡಿದ ಸ್ಥಳದಲ್ಲಿಯೇ ಆಟ ಆಡುತ್ತಾರೆ.,1,ಕ್ರೀಡೆ,Game
ಆಟ,ಮಕ್ಕಳಲ್ಲಿ ಆಟದ ಜತೆಗೆ ಸಾಹಿತ್ಯಾಭಿರುಚಿ ಬೆಳೆಸುವ ಉದ್ದೇಶದಿಂದ ಮಕ್ಕಳ ಆಟ ಮತ್ತು ಸಾಹಿತ್ಯ ವಿಭಾಗ ತೆರೆಯಲಾಗಿತ್ತು.,1,ಕ್ರೀಡೆ,Game
ಆಟ,"ಆಟ ಬಹಳ ಹಳೆಯದು, ಮತ್ತು ಅವರು ಯಾವುದೇ ರಕ್ಷಣೆ ಇರುವುದಿಲ್ಲ.",1,ಕ್ರೀಡೆ,Game
ಆಟ,ಹತ್ತು ವರ್ಷದಿಂದ 25 ವರ್ಷದ ವಯೋಮಾನದವರಿಗಾಗಿ ನಡೆದ ವಿವಿಧ ಪಾರಂಪರಿಕ ಆಟಗಳಲ್ಲಿ ಸಚಿವ ಹಾಗೂ ಸಂಸದರ ಇಬ್ಬರು ಆಟ ಆಡಿ ಸಂಭ್ರಮಿಸಿದ್ದಾರೆ.,1,ಕ್ರೀಡೆ,Game
ಆಟ,ನನ್ನ ಆಟ ಕಂಡು ನನಗೇ ಅಚ್ಚರಿಯಾಗುತ್ತಿದೆ.,1,ಕ್ರೀಡೆ,Game
ಆಟ,ಕರುಣ್‌ ನಾಯರ್ ಮತ್ತು ಮನೋಜ್‌ ತಿವಾರಿ ಅವರಂಥ ಆಟ ಗಾರರು ಇದ್ದಾಗಲೂ ರಾಯಲ್‌ ಎದುರಿನ ಪಂದ್ಯದಲ್ಲಿ ರವಿಚಂದ್ರನ್ ಅಶ್ವಿನ್ ಅವರನ್ನು ಮೂರನೇ ಕ್ರಮಾಂಕದಲ್ಲಿ ಕಳುಹಿಸಲಾಗಿತ್ತು.,1,ಕ್ರೀಡೆ,Game
ಆಟ,"ಉದಾಹರಣೆಗೆ, ವ್ಯವಸ್ಥೆ, ತಿಂಗಳಿಗೊಮ್ಮೆ, ಶಿಶುಪಾಲನಾ ಮತ್ತು ನೀವು ಒಳ್ಳೆಯ ಕೆಲಸ ಮಾಡಲು ಬಯಸುವ ಒಂದು ಆಟ ಎಂದು, ನಿಮ್ಮ ಮಗುವಿನ ನಿಯಮಗಳು ಕೇಳಲು.",1,ಕ್ರೀಡೆ,Game
ಆಟ,"ಅಭ್ಯಾಸದ ನಡುವೆ ನಾಯಕ ವಿರಾಟ್‌ ಕೊಹ್ಲಿ, ಧೋನಿ ಅವರು ಕೆಎಲ್‌ ರಾಹುಲ್‌, ಮೊಹಮ್ಮದ್‌ ಶಮಿ ಮತ್ತು ಉಮೇಶ್‌ ಯಾದವ್‌ ಜತೆಗೆ ಫ‌ುಟ್‌ಬಾಲ್‌ ಆಟ ಆಡಿದರು.",1,ಕ್ರೀಡೆ,Game
ಆಟ,"ನಿಜಾರ್ಥದಲ್ಲಿ ಭಜನೆ ಎಂದರೆ, ಭಗವಂತನ ಧ್ಯಾನ ಮಾಡುವ ಆತ್ಮಕಲೆಯಾದರೆ ಇನ್ನೊಂದರ್ಥದಲ್ಲಿ ಇದೀಗ ಕೆಲವರು ಇಸ್ಪೀಟ್ ಆಟ ಎಂಬಂತೆ ಕರೆಯುತ್ತಿದ್ದಾರೆ.",1,ಕ್ರೀಡೆ,Game
ಆಟ,ಹಾಗಿದ್ದರೆ ಟ್ರೀ ಸ್ಕಲ್ಪಚರ್ಸ್ ಆಟ ಆಡೋದಕ್ಕೆ ರೆಡೀನಾ?,1,ಕ್ರೀಡೆ,Game
ಆಟ,"ಅಂದಹಾಗೆ, ಸೆಹವಾಗ್ ಇಂಗ್ಲಂಡ್ ವಿರುದ್ಧದ ಅಹಮದಾಬಾದ್ನ ಮೊದಲ ಟೆಸ್ಟ್ನಲ್ಲಿ ಶತಕ ಬಾರಿಸಿ ನಿಟ್ಟುಸಿರು ಬಿಡುವಂತೆ ಮಾಡಿದ್ದರೂ ಆ ಆಟ ಮತ್ತೆ ಬರಲಿಲ್ಲ.",1,ಕ್ರೀಡೆ,Game
ಆಟ,ಆಟ ಕೊನೆಗೊಳ್ಳಲು 20 ಸೆಕೆಂಡ್‌ಗಳು ಬಾಕಿ ಇದ್ದಾಗ ದೀಪಿಕಾ ಪೆನಾಲ್ಟಿ ಕಾರ್ನರ್ ಅವಕಾಶದಲ್ಲಿ ಗೋಲು ಜಮೆ ಮಾಡಿ ತಂಡವನ್ನು ಗೆಲುವಿನ ದಡ ಸೇರಿಸಿದರು.,1,ಕ್ರೀಡೆ,Game
ಆಟ,ಆಟ ನಿಂತಾಗ 66 ರನ್ ಗಳಿಸಿ ಕ್ರೀಸ್‌ನಲ್ಲಿದ್ದ ಅಝರ್ ಅಲಿ ಮತ್ತು 28 ರನ್ ಗಳಿಸಿದ್ದ ಅಸದ್ ಶಫೀಕ್ ಬ್ಯಾಟಿಂಗ್ ಮುಂದುವರಿಸಿ ಐದನೆ ವಿಕೆಟ್‌ಗೆ 115 ರನ್ ದಾಖಲಿಸಿದರು.,1,ಕ್ರೀಡೆ,Game
ಆಟ,ಇದಕ್ಕೂ ಮುನ್ನ ಮೊದಲ ಇನ್ನಿಂಗ್ಸಲ್ಲಿ 6 ವಿಕೆಟ್ ನಷ್ಟಕ್ಕೆ 431 ರನ್ ಗಳಿಸಿದ್ದ ಮುಂಬೈ ತಂಡ ಮೂರನೇ ದಿನದ ಆರಂಭದಲ್ಲಿ ಆಟ ಮುಂದುವರಿಸಿ 8 ವಿಕೆಟ್ ನಷ್ಟಕ್ಕೆ 464 ರನ್ ಗಳಿಸಿ ಇನ್ನಿಂಗ್ಸ್ ಡಿಕ್ಲೇರ್ ಮಾಡಿಕೊಂಡಿತು.,1,ಕ್ರೀಡೆ,Game
ಆಟ,ಎಂದು ತನ್ನ ಗಣಿತ ಮಾಷ್ಟ್ರು ಕೊಟ್ಟಿದ್ದ ಹೋಮ್‌ವರ್ಕ್‌ ಮುಗಿಸಿ ಆಟ ಆಡಲು ಹೋಗುವ ಕಾತರ ಅವನಿಗೆ.,1,ಕ್ರೀಡೆ,Game
ಆಟ,"ಇದರೊಂದಿಗೆ ಟೆಸ್ಟ್ ಕ್ರಿಕೆಟ್ ನಲ್ಲಿ ತಮ್ಮ 12ನೇ ಶತಕ ಪೂರೈಸಿ, ಎರಡನೇ ದಿನಕ್ಕೆ ಆಟ ಕಾಯ್ದಿರಿಸಿದ್ದಾರೆ.",1,ಕ್ರೀಡೆ,Game
ಆಟ,ಇಲ್ಲಿ ಹೋಳ್ಕರ್ ಸ್ಟೇಡಿಯಂನಲ್ಲಿ ನಾಲ್ಕನೆ ದಿನವಾದ ಶುಕ್ರವಾರ ಆಟ ಕೊನೆಗೊಂಡಾಗ ಗುಜರಾತ್ ತಂಡ ವಿಕೆಟ್ ನಷ್ಟವಿಲ್ಲದೆ 13.,1,ಕ್ರೀಡೆ,Game
ಆಟ,"ಈ ಆಟ ಆಡಲು ಚತುರತೆ, ಎಚ್ಚರಿಕೆ, ಹೃದಯದ ಶ್ರೀಮಂತಿಕೆ, ಯೋಜಿಸುವ ಸಾಮರ್ಥ್ಯ, ತಾಳ್ಮೆ, ಸಹನೆ, ಇತ್ಯಾದಿಗಳೆಲ್ಲವೂ ಇರಬೇಕಾಗುತ್ತದೆ.",1,ಕ್ರೀಡೆ,Game
ಆಟ,ಪರಿಸ್ಥಿತಿ ಹೀಗೆಲ್ಲ ಇರಬೇಕಾದರೆ ನೀನು ಸುಮ್ಮನೆ ಆಟ ಆಡಬೇಡ.,2,ನಾಟಕ,Drama/Play/Show
ಆಟ,"ನಂತರ ಸಕ್ಸಸ್ ಹಾದಿಯಲ್ಲಿ ಮುನ್ನುಗ್ಗಿದ ಮಿತ್ರಾ ಹಾದಿಯಲ್ಲಿ ಬಂದಿದ್ದು, ಆಡು ಆಟ ಆಡು, ರಾಗ, ಹೀಗೊಂದು ದಿನ, ಕಟ್ಟು ಕಥೆ, ಪರಸಂಗ, ಗಿರ್ ಗಿಟ್ಲೆ ಹೀಗೆ ಹತ್ತು ಹಲವಾರು ಚಿತ್ರಗಳು.",2,ನಾಟಕ,Drama/Play/Show
ಆಟ,"ರಾಜಕೀಯ ಪಕ್ಷದ ಒಳಗೆ ನಡೆಯುವ ಮೈಂಡ್ ಗೇಮ್, ಅಧಿಕಾರ ದಾಹ ಯಾವ ಮಟ್ಟಿಗೆ ಇರುತ್ತದೆ, ಪ್ರೇಮಿಗಳ ನಡುವೆ ರಾಜಕೀಯ ಹೇಗೆ ಆಟ ಆಡುತ್ತದೆ ಎನ್ನುವುದನ್ನು ಈ ಸಿನಿಮಾ ನೋಡಿ ತಿಳಿಯಬಹುದಾಗಿದೆ.",2,ನಾಟಕ,Drama/Play/Show
ಆಟ,ಆದರೆ ಧೀರೇಂದ್ರರ ಮುಂದೆ ಇವರ ಆಟ ನಡೆಯಲಿಲ್ಲ.,2,ನಾಟಕ,Drama/Play/Show
ಆಟ,ಅಪ್ಪ-ಮಕ್ಕಳ ಆಟ ಇನ್ನು ಹೆಚ್ಚು ದಿನ ನಡೆಯೋದಿಲ್ಲ.,2,ನಾಟಕ,Drama/Play/Show
ಆಟ,"ಇನ್ಮೇಲೆ ನಮ್ಮಾಟ, ಬಿಜೆಪಿ ಆಟ ನಡೆಯಲ್ಲ ಎಂದ ಸಚಿವ!",2,ನಾಟಕ,Drama/Play/Show
ಆಟ,ಬಿಜೆಪಿಯವರ ಆಟ ಇದೇ ಮೊದಲೇನಲ್ಲ.,2,ನಾಟಕ,Drama/Play/Show
ಆಟ,"ಪರಮೇಶ್ವರ್, ನಿಮ್ಮ ಆಟ ಯುಪಿ ಮತ್ತೆ ಬೇರೆಡೆ ನಡೆದಿರಬಹುದು, ಆದ್ರೆ ನೀವು ಕರ್ನಾಟಕದ ಪಾಲಿಗೆ ಚಾಣಕ್ಯ ಅಲ್ಲ ಎಂದು ಲೇವಡಿ ಮಾಡಿದ್ದಾರೆ.",2,ನಾಟಕ,Drama/Play/Show
ಆಟ,"ಆದರೆ, ದಿನಾಂಕವನ್ನು 2018ರ ಜನವರಿ 7 ಎಂದು ನಮೂದಿಸಿರುವ ನೀವು ನ್ಯಾಯಾಲಯದೊಂದಿಗೆ ಆಟ ಆಡುತ್ತಿದ್ದೀರಾ ಎಂದು ಅಡ್ವೋಕೇಟ್‌ ಜನರಲ್‌ ಉದಯ್‌ ಹೊಳ್ಳ ಅವರನ್ನು ನ್ಯಾಯಪೀಠ ತರಾಟೆಗೆ ತೆಗೆದುಕೊಂಡಿತು.",2,ನಾಟಕ,Drama/Play/Show
ಆಟ,"ಮೋದಿ ,ಶಾ ಮುಂದೆ ಅವರ ಆಟ ನಡೆಯಲ್ಲ ಎಂದು ವ್ಯಂಗ್ಯ ಮಾಡಿದ್ದಾರೆ.",2,ನಾಟಕ,Drama/Play/Show
ಆಟ,ಈ ಮೂಲಕ ಇನ್ನು ಮುಂದೆ ಕಾಂಗ್ರೆಸ್ ಪಕ್ಷದಲ್ಲಿ ರಮ್ಯಾ ಆಟ ನಡೆಯೋದಿಲ್ಲ ಎಂಬ ಸಂದೇಶವನ್ನು ಪಕ್ಷ ಸಾರಿದೆ.,2,ನಾಟಕ,Drama/Play/Show
ಆಟ,ಇನ್ನು ಮೇಲೆ ನಿಮ್ಮ ಆಟ ನಡೆಯದು ಎಂದು ಪಾಕ್‌ ಗೆ ತಿರುಗೇಟು ನೀಡಿದ್ದಾರೆ.,2,ನಾಟಕ,Drama/Play/Show
ಆಟ,ಒಟ್ಟಿನಲ್ಲಿ ತೆರೆಮರೆಯಿಂದಲೇ ಗೋಮುಖ ವ್ಯಾಘ್ರನ ಆಟ ಆಡುತ್ತಿರುವ ಪಾಕಿಸ್ತಾನದ ಕ್ರೂರತನಕ್ಕೆ ತಕ್ಕ ಶಾಸ್ತಿ ಮಾಡಲು ಸರ್ಜಿಕಲ್ ದಾಳಿಯೇ ಸೂಕ್ತ!,2,ನಾಟಕ,Drama/Play/Show
ಆಟ,"ಮೋದಿ, ಅಮಿತ್ ಶಾ, ಬಿಎಸ್‌ವೈ ಮುಂದೆ ಸಿಎಂ ಆಟ ನಡೆಯಲ್ಲ: ಪ್ರತಾಪ್ ಸಿಂಹ",2,ನಾಟಕ,Drama/Play/Show
ಆಟ,ಕ್ರೌಂಚಪಕ್ಷಿಗಳ ಪ್ರೀತಿಯ ಆಟ ವಾಲ್ಮೀಕಿ ಮಹರ್ಷಿಗಳಿಗೆ ಆನಂದವಾಗಿ ಕಂಡಿತು; ಆದರೆ ಆ ಬೇಡನಿಗೆ ಅದು ಆಹಾರವಾಗಿ ಕಂಡಿತು!,2,ನಾಟಕ,Drama/Play/Show
ಆಟ,"ಸುಪ್ರೀಂಕೋರ್ಟ್‌ ತೀರ್ಪು ಅತೃಪ್ತರ ಪರ ಬರುವ ಸಾಧ್ಯತೆ ಇದ್ದು, ಇನ್ನು ಕುಮಾರಸ್ವಾಮಿ ಆಟ ನಡೆಯುವುದಿಲ್ಲ.",2,ನಾಟಕ,Drama/Play/Show
ಆಟ,ವಿರಾಜಪೇಟೆಯಲ್ಲಿ ಜೆಡಿಎಸ್‌ ಆಟ ನಡೆಯಲಿಲ್ಲ.,2,ನಾಟಕ,Drama/Play/Show
ಆಟ,ಕಹಳೆ ಬಾಬಾ ಮತ್ತೆ ಹೊಸ ಆಟ ಶುರು ಮಾಡಿದರು.,2,ನಾಟಕ,Drama/Play/Show
ಆಟ,ಈ ರೀತಿ ಹುಡುಗಿಯರಿಂದ ಮುಂದೆ ಇಟ್ಟುಕೊಂಡು ಆಟ ಆಡುವುದನ್ನು ನಿಲ್ಲಿಸು ಎಂದು ಒಪನ್ ಆಗಿ ಏಕವಚನದಲ್ಲಿ ಹೇಳಿದ್ದಾರೆ.,2,ನಾಟಕ,Drama/Play/Show
ಉತ್ತರ,"ಆಂಧ್ರಪ್ರದೇಶ, ರಾಜಸ್ಥಾನ ಮತ್ತು ಉತ್ತರ ಪ್ರದೇಶದ ಫಲಿತಾಂಶ ಕಾಂಗ್ರೆಸ್ ಹಣೆಬರಹವನ್ನು ನಿರ್ಧರಿಸಲಿದೆ.",1,ಉತ್ತರದಿಕ್ಕು,Direction West
ಉತ್ತರ,ಮತ್ತೊಂದು ಕಡೆ ಉತ್ತರ ಕರ್ನಾಟಕ ಭಾಗದಲ್ಲಿ ಕಾಂಗ್ರೆಸ್ ಶಾಸಕರ ಬಂಡಾಯ ತೀವ್ರಗೊಂಡಿದೆ.,1,ಉತ್ತರದಿಕ್ಕು,Direction West
ಉತ್ತರ,ಇದನ್ನು ಕೂಡ ಶಿವಮೊಗ್ಗ ತಾಲೂಕಿನ ಉತ್ತರ ಭಾಗದಲ್ಲಿನ ಮುದುವಳಲು ಗ್ರಾಮವನ್ನು ರಾಜಧಾನಿಯಾಗಿ ಹೊಂದಿದ ಪ್ರದೇಶವಾಗಿ ಸಧ್ಯಕ್ಕೆ ಗುರ್ತಿಸಬಹುದು.,1,ಉತ್ತರದಿಕ್ಕು,Direction West
ಉತ್ತರ,ಹಂತ ಹಂತವಾಗಿ ನೀರು ಬಿಡುವ ಮೂಲಕ ಗೇರುಸೊಪ್ಪೆ ಮೊದಲಾದ ಉತ್ತರ ಕನ್ನಡದ ಭಾಗಗಳಲ್ಲಿ ಪ್ರವಾಹವನ್ನ ನಿಯಂತ್ರಿಸಬಹುದಾಗಿದೆ.,1,ಉತ್ತರದಿಕ್ಕು,Direction West
ಉತ್ತರ,"ಬಿದಿರಿನ ಉತ್ಪನ್ನಗಳು, ಜೈಪುರದ ಪಾಟರಿ, ಪಶ್ಚಿಮ ಬಂಗಾಲದ ದೋಕ್ರಾ, ಉತ್ತರ ಪ್ರದೇಶದ ಅಮೃತಶಿಲೆ, ತಂಜಾವೂರು ಕಲಾ ಪ್ರಕಾರಗಳು, ಮೈಸೂರು ಚಿತ್ರಕಲೆ ಹಾಗೂ ಬೇರೆ ಬೇರೆ ರಾಜ್ಯಗಳ ಕೈಮಗ್ಗ, ಮಹಿಳೆಯರಿಗಾಗಿ ಅಲಂಕಾರಿಕ ವಸ್ತುಗಳು, ಬಟ್ಟೆಗಳು, ಪೀಠೋಪಕರಣಗಳು, ಫ್ಯಾಷನ್ ಮತ್ತು ಸಾಂಪ್ರದಾಯಿಕ ಶೈಲಿಯ ಆಭರಣಗಳು ಇಲ್ಲಿನ ಆಕರ್ಷಣೆ.",1,ಉತ್ತರದಿಕ್ಕು,Direction West
ಉತ್ತರ,ಉತ್ತರ ಭಾರತದ ಸ್ಪೆಷಲ್ ತರ್ಕಾದಾಲ್,1,ಉತ್ತರದಿಕ್ಕು,Direction West
ಉತ್ತರ,ಈ ಪೈಕಿ ಒಂದಷ್ಟು ನೀರನ್ನು ಉತ್ತರ ಕರ್ನಾಟಕ ಭಾಗದ ಜನರ ಕುಡಿಯುವ ಉದ್ದೇಶಕ್ಕೆ ಮಲಪ್ರಭಾ ನದಿಗೆ ತಿರುಗಿಸಬೇಕು.,1,ಉತ್ತರದಿಕ್ಕು,Direction West
ಉತ್ತರ,"ಬಾಗಲಕೋಟೆ,20- ಸರ್ಕಾರಿ ಮತ್ತು ಖಾಸಗಿ ಸಂಘ-ಸಂಸ್ಥೆಗಳಲ್ಲಿ ಗುತ್ತಿಗೆ ಆಧಾರದ ಮೇಲೆ ಕೆಲಸ ಮಾಡುವ ಕಾರ್ಮಿಕರಿಗೆ ಕೆಲಸಕ್ಕೆ ತಕ್ಕ ವೇತನ ನೀಡಬೇಕು ಎಂದು ಉತ್ತರ ಕರ್ನಾಟಕ ಜಿಲ್ಲಾ ಪೌರ ಕಾರ್ಮಿಕರ ಅಧ್ಯಕ್ಷ ಹರೀಶ ನಾಯಕ ಆಗ್ರಹಿಸಿದರು.",1,ಉತ್ತರದಿಕ್ಕು,Direction West
ಉತ್ತರ,ವೆಚ್ಚದ ಮೊದಲ ಹಂತದ ನೂತನ ಮಾರುಕಟ್ಟೆ ಕಾಮಗಾರಿಗೆ ಮಂಗಳೂರು ಉತ್ತರ ವಲಯ ಶಾಸಕ ಮೊಯ್ದಿನ್ ಬಾವಾ ಚಾಲನೆ.,1,ಉತ್ತರದಿಕ್ಕು,Direction West
ಉತ್ತರ,ಉತ್ತರ ಪ್ರದೇಶ ಮತ್ತು ಪಂಜಾಬಿನಲ್ಲೂ ಕೆಲವೆಡೆಗಳಲ್ಲಿ ಇದನ್ನು ಬೆಳೆಯುತ್ತಾರೆ.,1,ಉತ್ತರದಿಕ್ಕು,Direction West
ಉತ್ತರ,"ಕೇಂದ್ರ ಸರ್ಕಾರ, ಉತ್ತರ ಪ್ರದೇಶ ರಾಜ್ಯ ಸರ್ಕಾರ ಹಾಗೂ ಎಲ್ಲ ಅರ್ಜಿದಾರರ ವಾದ ಆಲಿಕೆ",1,ಉತ್ತರದಿಕ್ಕು,Direction West
ಉತ್ತರ,ಗುಡುಗುಡುಚಂಡಕ್ಕೆ : ಉತ್ತರ ಕರ್ನಾಟಕದ ಎಳೆದಾಟದ ಒಂದು ಬಗೆ.,1,ಉತ್ತರದಿಕ್ಕು,Direction West
ಉತ್ತರ,ಬಿಎಸ್ ವೈಗೆ ಉತ್ತರ ಕನ್ನಡ ಸಂಸದ ಅನಂತ ಕುಮಾರ ಹೆಗಡೆ ಸಾಥ್ ನೀಡಿದರು.,1,ಉತ್ತರದಿಕ್ಕು,Direction West
ಉತ್ತರ,"ಆದ್ದರಿಂದ, ನೀವು ಈ ಉದ್ದಿಮೆಯಲ್ಲಿ ಪಡೆಯಲು ಬಯಸಿದರೆ, ನೀವು ತುಂಬಾ ದೀರ್ಘಕಾಲ ದೇಶದ ಉತ್ತರ ಪ್ರದೇಶಗಳ ಕಳುಹಿಸಲಾಗುವುದು ಎಂದು ತಯಾರಿಸಬಹುದು.",1,ಉತ್ತರದಿಕ್ಕು,Direction West
ಉತ್ತರ,2-3 ವರ್ಷಗಳಲ್ಲಿ ವಿಶೇಷವಾಗಿ ಉತ್ತರ ಕರ್ನಾಟಕದಲ್ಲಿ ಈ ಕ್ಲಸ್ಟರ್‌ಗಳ ಮೂಲಕ ಸುಮಾರು 10ಲಕ್ಷ ಉದ್ಯೋಗಗಳನ್ನು ಸೃಷ್ಟಿ ಮಾಡುವ ವಿಶ್ವಾಸ ನನ್ನದು.,1,ಉತ್ತರದಿಕ್ಕು,Direction West
ಉತ್ತರ,"ಉಳಿದಂತೆ ಕಳೆದ ಬಾರಿ ಉತ್ತರ ಕರ್ನಾಟಕ ಪ್ರದೇಶದಲ್ಲಿ ಸಚಿವರಾಗಿದ್ದ ವಿನಯ್‌ ಕುಲಕರ್ಣಿ, ಬಸವರಾಜ ರಾಯರೆಡ್ಡಿ, ಕೋಳಿವಾಡ, ಉಮಾಶ್ರೀ, ಶರಣ ಪ್ರಕಾಶ್ ಪಾಟೀಲ್ ಈ ಬಾರಿ ಪರಾಭವಗೊಂಡಿರುವುದು ಈ ಭಾಗದ ಜಿಲ್ಲೆಗಳಲ್ಲಿ ಸಚಿವ ಪ್ರಾತಿನಿಧ್ಯಕ್ಕೆ ಹೆಚ್ಚಿನ ಅವಕಾಶ ಇಲ್ಲವಾಗಿದೆ.",1,ಉತ್ತರದಿಕ್ಕು,Direction West
ಉತ್ತರ,"ಈ ಕುರಿತು ಸಾಮಾಜಿಕ ಜಾಲ ತಾಣಗಳಲ್ಲಿ ಅಭಿಮಾನಿಗಳು ಹಾಗೂ ರಾಜ್ಯದ ಜನತೆಗೆ ಮನವಿ ಮಾಡಿರುವ ನಟ ದರ್ಶನ್, ನಮ್ಮ ಉತ್ತರ ಕರ್ನಾಟಕ ಭಾಗದ ಜಿಲ್ಲೆಗಳ ಹಲವು ಹಳ್ಳಿಗಳು ಪ್ರವಾಹದ ಅಬ್ಬರಕ್ಕೆ ನೀರಿನಲ್ಲಿ ಮುಳುಗಿ ಹೋಗಿವೆ.",1,ಉತ್ತರದಿಕ್ಕು,Direction West
ಉತ್ತರ,ಉತ್ತರ ಕರ್ನಾಟಕ ಭಾಗಕ್ಕೆ ಸೇರಿದ 13 ಜಿಲ್ಲೆಗಳ ಪೈಕಿ ಎಲ್ಲೂ ಕೂಡ ಬಂದ್‌ ಆಗಲಿಲ್ಲ.,1,ಉತ್ತರದಿಕ್ಕು,Direction West
ಉತ್ತರ,ಮೈಸೂರು ಉತ್ತರ ವಿಭಾಗದ ಶಾಲೆಗಳಲ್ಲಿ ದ್ವಿತೀಯ ಭಾಷೆ ಇಂಗ್ಲಿಷ್‌ನಲ್ಲಿ ಶೇ 78.,1,ಉತ್ತರದಿಕ್ಕು,Direction West
ಉತ್ತರ,ನ್ಯೂಸ್ ಕನ್ನಡ ವರದಿ(21-04-2018): ದೂರನ್ನು ದಾಖಲಿಸ ಬೇಕಾದರೆ ತನಗೆ ರೆಸ್ಟೋರೆಂಟ್ ನಿಂದ ಫಿಝಾ ತಂದುಕೊಡುವಂತೆ ದೂರುಗಾರರ ಮೇಲೆ ಮಹಿಳಾ ಪೋಲೀಸ್ ಇನ್ಸ್ ಪೆಕ್ಟರ್ ಒತ್ತಡ ಹಾಕಿದ ಘಟನೆ ಉತ್ತರ ಪ್ರದೇಶದಲ್ಲಿ ನಡೆದಿದೆ.,1,ಉತ್ತರದಿಕ್ಕು,Direction West
ಉತ್ತರ,ಕ್ರೀಟ್ ಉತ್ತರ ಕರಾವಳಿ) ವ್ಯವಸ್ಥೆ ಇದೆ.,1,ಉತ್ತರದಿಕ್ಕು,Direction West
ಉತ್ತರ,ಪ್ರವಾಹ ಪೀಡಿತ ಉತ್ತರ ಕರ್ನಾಟಕ ಹಲವು ಪ್ರದೇಶಗಳಿಗೆ ಭೇಟಿ ನೀಡಿರುವ ಸಿದ್ದರಾಮಯ್ಯ ಅವರ ಸಂಕಷ್ಟಗಳನ್ನು ಆಲಿಸಿದ್ದಾರೆ.,1,ಉತ್ತರದಿಕ್ಕು,Direction West
ಉತ್ತರ,"ಆಸಕ್ತಿಕರ, ಆದರೆ ಉತ್ತರ ಕೊರಿಯಾ ಯುದ್ಧ ಖೈದಿಗಳನ್ನು ಸಂದರ್ಭದಲ್ಲಿ ಸೆರೆಹಿಡಿಯಲಾದ ಸಾಮೂಹಿಕವಾಗಿ ದಕ್ಷಿಣ ಕೊರಿಯಾದ ತೆಕ್ಕೆಗೆ ಶಾಶ್ವತವಾಗಿ ಉಳಿಯುತ್ತದೆ ಹೋಗಬಯಸುವ ತಮ್ಮ ತಾಯ್ನಾಡಿನ ಮರಳಲು ನಿರಾಕರಿಸಿದರು.",1,ಉತ್ತರದಿಕ್ಕು,Direction West
ಉತ್ತರ,ನಮ್ಮ ಬಜೆಟ್ ನಲ್ಲಿ ಉತ್ತರ ಕರ್ನಾಟಕವನ್ನು ನಿರ್ಲಕ್ಷ್ಯ ಮಾಡಿಲ್ಲ.,1,ಉತ್ತರದಿಕ್ಕು,Direction West
ಉತ್ತರ,ಆದರೆ 19ನೇ ಶತಮಾನದುದ್ದಕ್ಕೂ ಉತ್ತರ ಅಮೆರಿಕ ಪ್ರಮುಖ ಯುದ್ಧಗಳನ್ನು ಕಂಡಿತು.,1,ಉತ್ತರದಿಕ್ಕು,Direction West
ಉತ್ತರ,ಲಖನೌ: ಪ್ರಧಾನ ಮಂತ್ರಿ ನರೇಂದ್ರ ಮೋದಿ ಇಂದು ಉತ್ತರ ಪ್ರದೇಶದ ಲಖನೌನಲ್ಲಿ 3ನೇ ಅಂತರಾಷ್ಟ್ರೀಯ ಯೋಗ ದಿನಕ್ಕೆ ಚಾಲನೆ ನೀಡಿದರು.,1,ಉತ್ತರದಿಕ್ಕು,Direction West
ಉತ್ತರ,ಮಾಲ್ವೇರ್ ದಾಳಿಯ ಹಿಂದೆ ಉತ್ತರ ಕೊರಿಯ: ಅಮೆರಿಕ ಆರೋಪ,1,ಉತ್ತರದಿಕ್ಕು,Direction West
ಉತ್ತರ,ಏಕೆ ಉತ್ತರ ಮತ್ತು ದಕ್ಷಿಣ ಕೊರಿಯಾ ಯುದ್ಧದ ಇರುತ್ತದೆ?,1,ಉತ್ತರದಿಕ್ಕು,Direction West
ಉತ್ತರ,ಉತ್ತರ ಪ್ರದೇಶ ಬಂದ್ ಹಿಂಸಾತ್ಮಕ: 4 ಸಾವು,1,ಉತ್ತರದಿಕ್ಕು,Direction West
ಉತ್ತರ,ಕ್ಷಿಪಣಿ ಸ್ಥಳ ಬದಲಿಸುತ್ತಿರುವ ಉತ್ತರ ಕೊರಿಯಾ,1,ಉತ್ತರದಿಕ್ಕು,Direction West
ಉತ್ತರ,"ಉತ್ತರ ಪ್ರದೇಶದ ಕಾನ್ಪುರದಲ್ಲಿರುವ ಸುಶಾಂತ್ ಮಿಶ್ರಾ ಮತ್ತು ಈತನ ತಮ್ಮ ತನ್ಮಯ್ ತಮ್ಮ ಕುಟುಂಬ ಎದುರಿಸುತ್ತಿರುವ ಕಷ್ಟಗಳು, ಖಾಯಿಲೆಗೆ ತುತ್ತಾದ ತಂದೆ ಬಗ್ಗೆ ಹೀಗೆ ಸವಿವರವಾಗಿ ಬರೆದು ಸಹಕಾರ ನೀಡಬೇಕೆಂದು ಕೋರಿ ಪ್ರಧಾನಿಗೆ ಪತ್ರ ಬರೆದಿದ್ದರು.",1,ಉತ್ತರದಿಕ್ಕು,Direction West
ಉತ್ತರ,ಸುರೇಶ್ ರೈನಾ ಪ್ರಶ್ನೆಗೆ ಕಾಲಿವುಡ್ ಸ್ಟಾರ್ ಸೂರ್ಯ ಉತ್ತರ,1,ಉತ್ತರದಿಕ್ಕು,Direction West
ಉತ್ತರ,"ಆಂಧ್ರಪ್ರದೇಶದ ಕೊಂಡಪಲ್ಲಿ ಮತ್ತು ಎಟಿಕೊಪ್ಪ, ಉತ್ತರ ಪ್ರದೇಶದ ವಾರಾಣಸಿ ಮತ್ತು ಅಲೀಗಢ, ಪಶ್ಚಿಮಬಂಗಾಳದ ಕೊಲ್ಕತ್ತಾ, ಕೃಷ್ಣಾ ನಗರ್‌, ಬಿಷ್ಣುಪುರ್‌, ರಾಜಾಸ್ಥಾನದ ಜೈಪುರ ಮತ್ತು ಜೋಧ್‌ಪುರ, ಮಹಾರಾಷ್ಟ್ರದ ಕೊಲ್ಹಾಪುರ ಮತ್ತು ಪೇಣ್‌ ಸೇರಿದಂತೆ ಭಾರತದ ವಿವಿಧ ಪ್ರದೇಶಗಳಿಂದ ಬೊಂಬೆ ಹಬ್ಬಕ್ಕಾಗಿ ತರಿಸಲಾಗಿರುವ ಸಾವಿರಾರು ಬೊಂಬೆಗಳು ಒಂದೇ ಸೂರಿನಡಿ ಪ್ರದರ್ಶಿತಗೊಂಡಿವೆ.",1,ಉತ್ತರದಿಕ್ಕು,Direction West
ಉತ್ತರ,"ವಿಶೇಷ ಎಂದರೆ, ಉತ್ತರ ಕೊರಿಯಾದಲ್ಲಿ ಕೆ.",1,ಉತ್ತರದಿಕ್ಕು,Direction West
ಉತ್ತರ,ಉತ್ತರ ಪ್ರದೇಶದ ಸಂಸದರೊಬ್ಬರು ಬಿಜೆಪಿಯ ನಾಯಕರು ದಲಿತರ ಮನೆಯಲ್ಲಿ ಊಟ ಮಾಡುವುದೆಂದರೆ ಶ್ರೀರಾಮನೇ ಊಟ ಮಾಡಿದಂತೆ ಎಂದು ಹೇಳಿದ್ದಾರೆೆ.,1,ಉತ್ತರದಿಕ್ಕು,Direction West
ಉತ್ತರ,ಉತ್ತರ ಪ್ರದೇಶದ ಆಗ್ರಾ ಪೊಲೀಸ್ ಇಲಾಖೆಯಲ್ಲಿ ಆಕೆಗೆ ಉನ್ನತ ಹುದ್ದೆ ದೊರೆತಿದೆ.,1,ಉತ್ತರದಿಕ್ಕು,Direction West
ಉತ್ತರ,"ಆಗ ನಮ್ಮ ಅವಿವೇಕಗಳು ನಮ್ಮನ್ನು ಪೂರ್ತಿಯಾಗಿ ನಾಶ ಮಾಡುವ ದಿನ ಇನ್ನೂ ಕೊಂಚ ದೂರ ಇದೆ ಅಂತ ನಿಟ್ಟುಸಿರು ಬಿಡಬಹುದು, ಇಲ್ಲವಾದರೆ, ನಾವು ಮತ್ತೊಂದು ಬಾಂಗ್ಲಾದೇಶ, ಪಾಕಿಸ್ತಾನ, ಉತ್ತರ ಕೊರಿಯಾ ಆಗುವ ದಿನಗಳು ದೂರವೇನಿಲ್ಲ ಅಥವಾ ಈಗಾಗಲೇ ಆಗಿ ಬಿಟ್ಟಿದ್ದೀವಾ ಗೊತ್ತಿಲ್ಲ.",1,ಉತ್ತರದಿಕ್ಕು,Direction West
ಉತ್ತರ,"ಉತ್ತರ ಅಮೆರಿಕದಲ್ಲಿರುವ ಬ್ರೆಜಿಲ್ ದೇಶ, ವೀಸಾ ವಿನಾಯಿತಿ ನೀಡುವ ಮೂಲಕ ಭಾರತೀಯರಿಗೆ ಹತ್ತಿರವಾಗಿದೆ.",1,ಉತ್ತರದಿಕ್ಕು,Direction West
ಉತ್ತರ,"ಬೆಳಗಾವಿ ಉತ್ತರ ಮತಕ್ಷೇತ್ರದ ಶಾಸಕ ಅನಿಲ ಬೆನಕೆ, ಲೀನಾ ಟೋಪಣ್ಣವರ ಇತರರು ಇದ್ದರು.",1,ಉತ್ತರದಿಕ್ಕು,Direction West
ಉತ್ತರ,ಉತ್ತರ ಕೊರಿಯಾದ ಬ್ಯಾಲಿಸ್ಟಿಕ್ ಕ್ಷಿಪಣಿ ಮತ್ತು ಪರಮಾಣು ಶಸ್ತ್ರಾಸ್ತ್ರಗಳ ಬಗ್ಗೆ ವಿಶ್ವಸಂಸ್ಥೆಯ ಸಾಮಾನ್ಯ ಸಭೆಯಲ್ಲಿ ದೊಡ್ಡ ಮಟ್ಟದ ಸಮಾಲೋಚನೆ ನಡೆಯಬಹುದೆಂದು ನಿರೀಕ್ಷಿಸಲಾಗಿದೆ.,1,ಉತ್ತರದಿಕ್ಕು,Direction West
ಉತ್ತರ,ಉತ್ತರ ಭಾರತದಲ್ಲಿರುವ ಚಂಡೀಗಢ್ ಕೇಂದ್ರಾಡಳಿತ ಪ್ರದೇಶವಾಗಿರುವುದು ಅಲ್ಲದೆ ಪಂಜಾಬ್ ಹಾಗು ಹರ್ಯಾಣ ರಾಜ್ಯಗಳಿಗೆ ರಾಜಧಾನಿಯಾಗಿಯೂ ಕಾರ್ಯನಿರ್ವಹಿಸುತ್ತದೆ.,1,ಉತ್ತರದಿಕ್ಕು,Direction West
ಉತ್ತರ,ಕಾರವಾರ: ಅಕ್ರಮವಾಗಿ ಸಂಗ್ರಹಿಸಿಟ್ಟಿದ್ದ ಅಕ್ಕಿಯನ್ನು ಉತ್ತರ ಕನ್ನಡ ಜಿಲ್ಲೆಯ ಭಟ್ಕಳದಲ್ಲಿ ಆಹಾರ ಇಲಾಖೆ ವಶಪಡಿಸಿಕೊಂಡಿದೆ.,1,ಉತ್ತರದಿಕ್ಕು,Direction West
ಉತ್ತರ,ಉತ್ತರ ಕರ್ನಾಟಕ ಅಷ್ಟೇ ಏಕೆ?,1,ಉತ್ತರದಿಕ್ಕು,Direction West
ಉತ್ತರ,ಉತ್ತರ ಕರ್ನಾಟಕದಲ್ಲಿ ಪ್ರವಾಹ ಬಂದಿದ್ದರಿಂದ ಪಂಚಮಿ ಹಬ್ಬ ಮಾಡಲಿಲ್ಲ.,1,ಉತ್ತರದಿಕ್ಕು,Direction West
ಉತ್ತರ,ಉತ್ತರ ಭಾರತದಲ್ಲಿ ವಾತಾವರಣ ಇಷ್ಟು ಹದಗೆಡಲು ಕಾರಣವೇ ಬೆಳೆಗಳನ್ನು ಸುಡುವ ಕ್ರಮ.,1,ಉತ್ತರದಿಕ್ಕು,Direction West
ಉತ್ತರ,ಉತ್ತರ ಮತ್ತು ದಕ್ಷಿಣ ಸುಡಾನ್,1,ಉತ್ತರದಿಕ್ಕು,Direction West
ಉತ್ತರ,ಉತ್ತರ ಭಾರತವನ್ನ ಕಾಜಲ್ ಅವಮಾನಿಸಿದ್ದಾರೆ ಎಂದು ಟೀಕಿಸುತ್ತಿದ್ದಾರೆ.,1,ಉತ್ತರದಿಕ್ಕು,Direction West
ಉತ್ತರ,"ಆದ್ರೆ ಈ ಟೀಚರ್‌ ಪ್ರಕಾರ 9ರ ಮಗ್ಗಿ ತುಂಬಾ ಸಿಂಪಲ್‌, ಉತ್ತರ ನಮ್ಮ ಕೈಲಿರೋ ಹತ್ತು ಬೆರಳಲ್ಲೇ ಇದೆ ಅಂತ ಪಾಠ ಮಾಡ್ತಾರೆ ಟೀಚರ್‌.",2,ಪ್ರಶ್ನೆಗೆ ಕೊಡುವ ಮರುನುಡಿ,Answer
ಉತ್ತರ,ಆದರೆ ಯಾವ ಕಾರಣಕ್ಕಾಗಿ ಕೊನೆ ಘಳಿಗೆಯಲ್ಲಿ ಬಾಖವಿಯವರು ಕಾರ್ಯಕ್ರಮಕ್ಕೆ ಬರಲು ಹಿಂದೇಟು ಹಾಕಿದ್ದಾರೆ ಎಂಬ ಬಗ್ಗೆ ಅವರು ನಮಗೆ ಉತ್ತರ ನೀಡಬೇಕು ಎಂದು ಅವರು ಒತ್ತಾಯಿಸಿದರು.,2,ಪ್ರಶ್ನೆಗೆ ಕೊಡುವ ಮರುನುಡಿ,Answer
ಉತ್ತರ,"ನೋಡೋಣ, ಸದ್ಯದಲ್ಲೇ ಎಂಬ ಉತ್ತರ ಬಂತು.",2,ಪ್ರಶ್ನೆಗೆ ಕೊಡುವ ಮರುನುಡಿ,Answer
ಉತ್ತರ,ಅಭಿಮಾನಿಗಳೇ ಉತ್ತರ ಕೊಡಿ.,2,ಪ್ರಶ್ನೆಗೆ ಕೊಡುವ ಮರುನುಡಿ,Answer
ಉತ್ತರ,"ಕೆಲವು ಪ್ರಶ್ನೆಗಳಿಗೆ ಚುಟುಕಾಗಿ ಉತ್ತರ ನೀಡಿದ್ದರೆ, ಕೆಲವು ಪ್ರಶ್ನೆಗಳಿಗೆ ವಿವರವಾಗಿ ಉತ್ತರಿಸಿದ್ದಾರೆ~ ಎಂದು ತಿಳಿಸಿದರು.",2,ಪ್ರಶ್ನೆಗೆ ಕೊಡುವ ಮರುನುಡಿ,Answer
ಉತ್ತರ,ಅದಕ್ಕೆ ಟಾರೋ ಕಾರ್ಡ್ ಮೂಲಕ ಉತ್ತರ ಹೇಳುವ ಪ್ರಯತ್ನ ಇದು.,2,ಪ್ರಶ್ನೆಗೆ ಕೊಡುವ ಮರುನುಡಿ,Answer
ಉತ್ತರ,"ಎಂಬ ಪ್ರಶ್ನೆಗೆ ನನ್ನ ಉತ್ತರ ಱ ನನಗೇನೂ ಅನ್ನಿಸುತ್ತಿಲ್ಲ, ಏಕೆಂದರೆ ನನ್ನ ಮನಸ್ಸು ಯಾವಾಗಲೂ ಸ್ವತಂತ್ರ್ಯವಾಗಿಯೇ ಇರುತ್ತದೆಱ ನಾನು ಯಾವಾಗಲೂ ಆಂತರಿಕ ಸ್ವಾತಂತ್ರ್ಯದ ಬಗ್ಗೆ ಮಾತಾಡುತ್ತಿದ್ದೆ.",2,ಪ್ರಶ್ನೆಗೆ ಕೊಡುವ ಮರುನುಡಿ,Answer
ಉತ್ತರ,"ಆದ್ದರಿಂದ, ಪ್ರಶ್ನೆಗೆ ಉತ್ತರಗಳು ಹುಡುಗಿಯರು ಆಡಮ್ನ ಸೇಬನ್ನು ಹೊಂದಿದೆಯೇ ಎಂಬುದು - ಉತ್ತರ ನಿಸ್ಸಂದಿಗ್ಧವಾಗಿದೆ, ಇಲ್ಲ, ಮತ್ತು ಆಡಮ್ನ ಸೇಬು ಮಹಿಳೆಯರಲ್ಲಿ ಇಲ್ಲ ಎಂದು ಅನೇಕ ಜನರು ನಂಬುತ್ತಾರೆ ಏಕೆಂದರೆ ಇದು ವ್ಯಕ್ತಪಡಿಸುವುದಿಲ್ಲ.",2,ಪ್ರಶ್ನೆಗೆ ಕೊಡುವ ಮರುನುಡಿ,Answer
ಉತ್ತರ,ಉತ್ತರ ಪತ್ರಿಕೆಯೊಂದಿಗೆ ಪರಾರಿ,2,ಪ್ರಶ್ನೆಗೆ ಕೊಡುವ ಮರುನುಡಿ,Answer
ಉತ್ತರ,ಕೀಳುಮಟ್ಟದ ರಾಜಕೀಯದಿಂದಾಗಿ ಅಮಾಯಕರು ಬಲಿಯಾಗುತ್ತಿರುವ ಇಂದಿನ ಸಮಾಜದಲ್ಲಿ ಹಿಂಸೆಗೆ ಹಿಂಸೆಯೇ ಉತ್ತರ ಅಲ್ಲ ಎಂಬ ಸಂದೇಶ ರಾಜರಥ ಚಿತ್ರದಲ್ಲಿದೆ.,2,ಪ್ರಶ್ನೆಗೆ ಕೊಡುವ ಮರುನುಡಿ,Answer
ಉತ್ತರ,ಗಣಿತ ವಿಷಯದಲ್ಲಿ ಕಡಿಮೆ ಅಂಕ ಬಂದಿದ್ದಕ್ಕೆ ಶಾಲೆಯ ಶಿಕ್ಷಕರು ಉತ್ತರ ಪತ್ರಿಕೆಗೆ ಪೋಷಕರ ಸಹಿ ಹಾಕಿಸಿಕೊಂಡು ಬರುವಂತೆ ಹೇಳಿದ್ದರಿಂದ ಗಾಬರಿಯಾದ ಯುವತಿ ಮನೆಯವರಿಗೆ ತಿಳಿಸದೆ ಆಗಸ್ಟ್ 24 ರಂದು ಶಾಲೆಗೆ ಹೋಗುವುದಾಗಿ ಹೇಳಿ ಹೊರಟಿದ್ದಳು.,2,ಪ್ರಶ್ನೆಗೆ ಕೊಡುವ ಮರುನುಡಿ,Answer
ಉತ್ತರ,": ಇದಕ್ಕೆ ಮೊದಲು, ಜಸ್‌ಪ್ರೀತ್‌ ಬೂಮ್ರಾ ಆರಂಭದಲ್ಲಿಯೇ ನೀಡಿದ ಪೆಟ್ಟಿಗೆ ಏಂಜೆಲೊ ಮ್ಯಾಥ್ಯೂಸ್ ಶತಕದ ಉತ್ತರ ನೀಡಿದರು.",2,ಪ್ರಶ್ನೆಗೆ ಕೊಡುವ ಮರುನುಡಿ,Answer
ಉತ್ತರ,ಆರೋಪಗಳಿಗೆ ದಾಖಲೆ ಕೇಳುವ ಮುಖ್ಯಮಂತ್ರಿ ಸಿದ್ದರಾಮಯ್ಯ ಇದಕ್ಕೆ ಉತ್ತರ ನೀಡಬೇಕು ಎಂದು ಬಿಜೆಪಿ ವಕ್ತಾರ ಅಶ್ವತ್ಥನಾರಾಯಣ ಮಾಧ್ಯಮಗೋಷ್ಠಿಯಲ್ಲಿ ಬುಧವಾರ ಒತ್ತಾಯಿಸಿದರು.,2,ಪ್ರಶ್ನೆಗೆ ಕೊಡುವ ಮರುನುಡಿ,Answer
ಉತ್ತರ,ಆದರೆ ಈಗಿನ ಪ್ರಧಾನಿ ನರೇಂದ್ರ ಮೋದಿ ಅವರು ಅಧಿಕಾರ ವಹಿಸಿಕೊಂಡ ನಂತರ ಒಂದು ದಿನವೂ ರಜೆ ಪಡೆದುಕೊಂಡಿಲ್ಲ ಎಂದು ಪ್ರಧಾನಿ ಕಾರ್ಯಾಲಯ ಉತ್ತರ ನೀಡಿದೆ.,2,ಪ್ರಶ್ನೆಗೆ ಕೊಡುವ ಮರುನುಡಿ,Answer
ಉತ್ತರ,"ಉತ್ತರ ಕರ್ನಾಟಕದ ಬಗ್ಗೆ ಚರ್ಚೆ ನಡೆಸದೇ ಇದ್ದರೆ ಕ್ಷೇತ್ರದ ಜನರಿಗೆ ಏನು ಉತ್ತರ ನೀಡುವುದು ಎಂದು ಉಮೇಶ ಕತ್ತಿ, ಬಾಲಚಂದ್ರ ಜಾರಕಿಹೊಳಿ ಸೇರಿದಂತೆ ಹಲವು ಶಾಸಕರು ತಕರಾರು ತೆಗೆದರು.",2,ಪ್ರಶ್ನೆಗೆ ಕೊಡುವ ಮರುನುಡಿ,Answer
ಉತ್ತರ,"ಸೌಥಗಾರ ಅವರನ್ನು ಕೇಳಿದಾಗ ನಾವು ಬೇಲೇರಿ ಗ್ರಾಮಕ್ಕೆ ಹೋಗಬೇಕಾದರೆ ಇವರ ಮನೆಯ ವಿಳಾಸ ಇರಲಿಲ್ಲ, ಬ್ಯಾಂಕಿನಲ್ಲಿ ನೋಟಿಸ್ ಬೋರ್ಡಿನಲ್ಲಿ ಹರಾಜ ಹಾಕುವ ಖಾತೆದಾರರ ಹೆಸರನ್ನು ಅಂಟಿಸಿದ್ದೇವೆ ಎಂದು ಹಾರಿಕೆ ಉತ್ತರ ನೀಡಿದರು.",2,ಪ್ರಶ್ನೆಗೆ ಕೊಡುವ ಮರುನುಡಿ,Answer
ಉತ್ತರ,ಉತ್ತರ : ನಿಮ್ಮ ಸ್ನೇಹಿತೆ ಗರ್ಭಿಣಿಯಾಗಲು ಸಾಧ್ಯವೊ?,2,ಪ್ರಶ್ನೆಗೆ ಕೊಡುವ ಮರುನುಡಿ,Answer
ಉತ್ತರ,"ಎನ್‌ಜಿಟಿಯ ಪ್ರಬಾರ ಮುಖ್ಯಸ್ಥ ನ್ಯಾಯಾಧೀಶ ಜವಾದ್ ರಹೀಂ ಅವರು, ಪೊಲವರಮ್ ಯೋಜನಾ ಪ್ರಾಧಿಕಾರ, ಕೇಂದ್ರ ಪರಿಸರ ಸಚಿವಾಲಯ, ಅಂತರ್ ಸಚಿವಾಲಯ ನಿಗಾ ಸಮಿತಿ, ಕೇಂದ್ರ ಆಂತರಿಕ ಮೀನುಗಾರಿಕಾ ಸಂಸ್ಥೆ, ಆಂಧ್ರ ಪ್ರದೇಶ, ಪಶ್ಚಿಮ ಗೋದಾವರಿಯ ಜಿಲ್ಲಾಯುಕ್ತರು ಹಾಗೂ ಇತರರಿಗೆ ನೊಟೀಸ್ ಜಾರಿ ಮಡಿದ್ದು ಜುಲೈ 31ರ ಒಳಗಾಗಿ ಉತ್ತರ ನೀಡುವಂತೆ ಸೂಚಿಸಿದ್ದಾರೆ.",2,ಪ್ರಶ್ನೆಗೆ ಕೊಡುವ ಮರುನುಡಿ,Answer
ಉತ್ತರ,ಮುಂದಿನ ದಿನಗಳಲ್ಲಿ ಜನರೇ ಇದಕ್ಕೆ ತಕ್ಕ ಉತ್ತರ ನೀಡುತ್ತಾರೆ ಎಂದರು.,2,ಪ್ರಶ್ನೆಗೆ ಕೊಡುವ ಮರುನುಡಿ,Answer
ಉತ್ತರ,"ಇದೀಗ, ಪಾಂಡ್ಯಾರಂತಹ ರಾಜಕೀಯ ನಾಯಕನೊಬ್ಬನ ಕೊಲೆಯ ಆರೋಪಿಗಳನ್ನು ಬಂಧಿಸಲು ಪೊಲೀಸ್ ಇಲಾಖೆ ಯಾಕೆ ವಿಫಲವಾಯಿತು ಎನ್ನುವುದಕ್ಕೆ ಉತ್ತರ ಸ್ಪಷ್ಟವಾಗುತ್ತಿದೆ.",2,ಪ್ರಶ್ನೆಗೆ ಕೊಡುವ ಮರುನುಡಿ,Answer
ಉತ್ತರ,ಅವರಿಂದ ಅವರಿಂದ ಎಂದು ನಿರಾಶೆಯ ಉತ್ತರ ಬರುತ್ತಿರಲಿಲ್ಲ.,2,ಪ್ರಶ್ನೆಗೆ ಕೊಡುವ ಮರುನುಡಿ,Answer
ಉತ್ತರ,ಗಾಢವಾಗಿ ಮನಸ್ಸನ್ನು ತೆರೆದಿಟ್ಟು ಯೋಚಿಸಿದರೆ ಉತ್ತರ ಸಿಕ್ಕೇ ಸಿಗುತ್ತದೆ.,2,ಪ್ರಶ್ನೆಗೆ ಕೊಡುವ ಮರುನುಡಿ,Answer
ಉತ್ತರ,ಉತ್ತರ : ನೀವು ಅಭ್ಯಾಸ ಮಾಡಿದಾಗ ಮಾತ್ರ ಪರಿಪೂರ್ಣರಾಗಬಹುದು.,2,ಪ್ರಶ್ನೆಗೆ ಕೊಡುವ ಮರುನುಡಿ,Answer
ಉತ್ತರ,ಈ ನೋಟೀಸ್‍ಗೂ ಅವರು ಸಮರ್ಪಕ ಉತ್ತರ ನೀಡಿಲ್ಲ.,2,ಪ್ರಶ್ನೆಗೆ ಕೊಡುವ ಮರುನುಡಿ,Answer
ಉತ್ತರ,ಸಮುದ್ರ ನೋಡಿದಾಗಲೆಲ್ಲ ನನಗೆ ಎಷ್ಟೋ ಸೂಕ್ಷ್ಮಗಳನ್ನು ಬಚ್ಚಿಟ್ಟುಕೊಂಡು ಯಾವೊಂದು ಪ್ರಶ್ನೆಗೂ ಉತ್ತರ ಕೊಡದೇ ಗಂಭೀರವಾಗಿ ನನ್ನ ಎದೆಗವಚಿ ಮಲಗುತ್ತಿದ್ದ ನನ್ನಮ್ಮ ನೆನಪಾಗುತ್ತಾಳೆ.,2,ಪ್ರಶ್ನೆಗೆ ಕೊಡುವ ಮರುನುಡಿ,Answer
ಉತ್ತರ,"ಅವರಿಗೆ ಉತ್ತರ ನೀಡಿದ್ದ ಮಟ್ಟು, ಇಂದಿರಾಗಾಂಧಿ ಅವರಿಗಾದ ಸ್ಥಿತಿಯೇ ಮೋದಿಗೂ ಆಗಬೇಕಾ ಎಂದಿದ್ದರು.",2,ಪ್ರಶ್ನೆಗೆ ಕೊಡುವ ಮರುನುಡಿ,Answer
ಉತ್ತರ,ಈ ಎಲ್ಲದ್ದರ ನಡುವೆ ಮೇಲುಸೇತುವೆ ಕಾಮಗಾರಿ ಯಾವಾಗ ಪೂರ್ಣಗೊಳ್ಳುತ್ತದೆ ಎಂಬ ಪ್ರಶ್ನೆಗೆ ಸಮರ್ಪಕ ಉತ್ತರ ಸದ್ಯಕ್ಕೆ ಲಭ್ಯವಿಲ್ಲ.,2,ಪ್ರಶ್ನೆಗೆ ಕೊಡುವ ಮರುನುಡಿ,Answer
ಉತ್ತರ,ಪಂಡಿತ್ ಸೋಮನಾಥ್ ಸ್ವಾಮಿ ದೈವಜ್ಞ ಜ್ಯೋತಿಷ್ಯರು ಆಧ್ಯಾತ್ಮಿಕಚಿಂತಕರು 9663218892 ನಿಮ್ಮ ಜೀವನದ ಸಮಸ್ಯೆಗಳಿಗೆ ಪರಿಹಾರ ತಿಳಿಯಲು ಹಾಗೂನಿಮ್ಮ ಮನಸ್ಸಿನಲ್ಲಿ ಆಡಚಣೆ ಉಂಟಾಗುವ ಯಾವುದೇ ಪ್ರಶ್ನೆ ಅಥವಾ ಸಮಸ್ಯೆ ಇದೆಯೇ ಮತ್ತುನೀವು ಉತ್ತರ ತಿಳಿಯಲು ಬಯಸುವಿರಾ?,2,ಪ್ರಶ್ನೆಗೆ ಕೊಡುವ ಮರುನುಡಿ,Answer
ಉತ್ತರ,ಉತ್ತರ ಪತ್ರಿಕೆ ತಿದ್ದದೆ ವಿದ್ಯಾರ್ಥಿಗಳನ್ನು ಒತ್ತೆಯಾಳುಗಳಂತೆ ನಡೆಸುವುದು ಸರಿಯಾ?,2,ಪ್ರಶ್ನೆಗೆ ಕೊಡುವ ಮರುನುಡಿ,Answer
ಉತ್ತರ,"ಎನ್‌ಇಟಿ ಪರೀಕ್ಷೆಯು ರಾಷ್ಟ್ರಮಟ್ಟದಲ್ಲಿ ನಡೆಯುವ ಅರ್ಹತಾ ಪರೀಕ್ಷೆಯಾಗಿದ್ದು, ಕೇವಲ ಇಂಗ್ಲಿಷ್ ಮತ್ತು ಹಿಂದಿಯಲ್ಲಿ ಉತ್ತರ ಬರೆಯಲು ಅವಕಾಶವಿದೆ.",2,ಪ್ರಶ್ನೆಗೆ ಕೊಡುವ ಮರುನುಡಿ,Answer
ಉತ್ತರ,ಪರೀಕ್ಷೆ ಮುಗಿಸಿ ಉತ್ತರ ಪತ್ರಿಕೆಗಳನ್ನು ಕಲೆಹಾಕುತ್ತಿದ್ದ ಮುಕೇಶ್ ಕುಮಾರ್ ಅವರ ಮೇಲೆ ಹಲ್ಲೆ ಮಾಡಿದ ವಿದ್ಯಾರ್ಥಿಗಳು ಚಾಕುವಿನಿಂದ ಹಲವಾರು ಬಾರಿ ಇರಿದು ಸ್ಥಳದಿಂದ ಪರಾರಿಯಾಗಿದ್ದಾರೆ ಎನ್ನಲಾಗಿದೆ.,2,ಪ್ರಶ್ನೆಗೆ ಕೊಡುವ ಮರುನುಡಿ,Answer
ಉತ್ತರ,ನಿನ್ನ ದೇಶದ ಮಹಾನಾಯಕರನ್ನು ಬಿಟ್ಟರೆ ಬೇರೆ ಯಾರು ಇಷ್ಟ ಎಂದು ಕೇಳಿದರೆ ಅವನ ಉತ್ತರ – ಸ್ಟಾಲಿನ್ ಮತ್ತು ಮಾವೋ!,2,ಪ್ರಶ್ನೆಗೆ ಕೊಡುವ ಮರುನುಡಿ,Answer
ಉತ್ತರ,ರಾಹುಲ್ ಗಾಂಧಿ ನೇತೃತ್ವದಲ್ಲಿ ದೆಹಲಿಯಲ್ಲಿ ನಡೆಯುವ ಸಭೆ ನಡೆಯಲಿದ್ದು ರಾಜ್ಯ ರಾಜಕಾರಣದಲ್ಲಿ ನಡೆಯುತ್ತಿರುವ ಗೊಂದಲಗಳಿಗೆ ಉತ್ತರ ಹುಡುಕುವ ಕೆಲಸ ಮಾಡಲಾಗುತ್ತದೆ ಎನ್ನಲಾಗಿದೆ.,2,ಪ್ರಶ್ನೆಗೆ ಕೊಡುವ ಮರುನುಡಿ,Answer
ಉತ್ತರ,ಒಟ್ಟಿನಲ್ಲಿ ಟೀಸರ್ ಮೂಲಕ ಗಾಂಧಿನಗರದಲ್ಲಿ ಗುರುತಿಸಿಕೊಂಡಿರುವ ಕೆಲವು ದಿನಗಳ ನಂತರ ರಿಲೀಸ್ ಆದ್ಮೇಲೆ ನೋಡುಗರ ಎಲ್ಲ ಪ್ರಶ್ನೆಗಳಿಗೆ ಉತ್ತರ ಸಿಗಲಿದೆ.,2,ಪ್ರಶ್ನೆಗೆ ಕೊಡುವ ಮರುನುಡಿ,Answer
ಉತ್ತರ,ಸಹೋದರ ರಮೇಶ್ ಜಾರಕಿಹೊಳಿ ಎಲ್ಲಿ ಹೋದರು ಪ್ರಶ್ನೆಗೆ ಅಣ್ಣ ಸತೀಶ್ ಜಾರಕಿಹೊಳಿ ಉತ್ತರ,2,ಪ್ರಶ್ನೆಗೆ ಕೊಡುವ ಮರುನುಡಿ,Answer
ಉತ್ತರ,"ಅಲ್ಲದೆ, ಕೇಳಲಾದ ಪ್ರಶ್ನೆಗಳಿಗೆ ಹಾರಿಕೆಯ ಉತ್ತರ ನೀಡಿದ್ದಾರೆ.",2,ಪ್ರಶ್ನೆಗೆ ಕೊಡುವ ಮರುನುಡಿ,Answer
ಉತ್ತರ,ಜತೆಗೆ ನಾನು ಇನ್ನೊಂದು ದೇಶಭಕ್ತಿ ಗೀತೆ ಬರೆಯುವ ಮೂಲಕವೇ ಇವನಿಗೆ ತಕ್ಕ ಉತ್ತರ ಕೊಡಬೇಕು ಎಂದುಕೊಂಡರು.,2,ಪ್ರಶ್ನೆಗೆ ಕೊಡುವ ಮರುನುಡಿ,Answer
ಉತ್ತರ,ಈ ಪ್ರಶ್ನೆಗಳಿಗೆ ಉತ್ತರ ಹೇಳಲೇಬೇಕು ಅಂತ ಒತ್ತಾಯವಿಲ್ಲ.,2,ಪ್ರಶ್ನೆಗೆ ಕೊಡುವ ಮರುನುಡಿ,Answer
ಉತ್ತರ,ಈ ಎಲ್ಲಾ ಪ್ರಶ್ನೆಗಳಿಗೆ ಉತ್ತರ ಇಲ್ಲಿದೆ ಮುಂದೆ ಓದಿ.,2,ಪ್ರಶ್ನೆಗೆ ಕೊಡುವ ಮರುನುಡಿ,Answer
ಉತ್ತರ,"ಅಲ್ಲದೇ ಈ ನಿಯಮಗಳು ಇಬ್ಬರಿಗೂ ಸಮಾನವಾಗಿ ಅನ್ವಯವಾಗುವುದರಿಂದ ಇವುಗಳಿಂದ ನುಣುಚಿಕೊಳ್ಳುವುದಾಗಲೀ, ತನಗೆ ಅನ್ವಯಿಸುವುದಿಲ್ಲವೆಂದು ಹಾರಿಕೆಯ ಉತ್ತರ ನೀಡುವುದಾಗಲೇ ಮಾಡಕೂಡದು.",2,ಪ್ರಶ್ನೆಗೆ ಕೊಡುವ ಮರುನುಡಿ,Answer
ಎಳೆ,ತನ್ನ 16ನೇ ಎಳೆ ವಯಸ್ಸಿನಲ್ಲೇ ಮದುವೆಯಾದ ಸುಲೈಮಾನ್ ಕಷ್ಟ ತಾಳಲಾರದೇ ತನ್ನ ಸಹೋದರನ ಕರೆನ್ಸಿ ಎಕ್ಸ್ ಚೇಂಜ್ ನಲ್ಲಿ ಕೆಲಸಕ್ಕೆ ಸೇರಿಕೊಳ್ಳುತ್ತಾರೆ.,1,"ಎಳೆತನ, ಬಾಲ್ಯ",Immature/childhood
ಎಳೆ,"ಕಟಕಿ, ವ್ಯಂಗ್ಯ, ಲೇವಡಿ, ಗೇಲಿ, ಅಪಹಾಸ್ಯ, ಕುಟುಕುಗಳ ಚುರುಕ ಬಿಸಿಗೆ ದೂರವಾಗಿ, ಎಳೆ ಬಿಸಿಲಿನಂತೆ ಮನೋಹರವೂ ಆಪ್ಯಾಯಮಾನವೂ ಆದ ಶಾಖ ಮನಸ್ಸುನ್ನು ಬೆಚ್ಚಗೆ ಮಾಡಿ ಮುದ ನೀಡುವಂತೆ ತಿಳಿಹಾಸ್ಯದ ಕಚಗುಳಿಯನ್ನು ಜಾನಕಿ ನರಸಿಂಹಾಚಾರಿಯ ಪ್ರಮಾಣದಲ್ಲಿ ತಂದಿದ್ದಾರೆ (ಅವರಿಲ್ಲದೂಟ, ಪು.",1,"ಎಳೆತನ, ಬಾಲ್ಯ",Immature/childhood
ಎಳೆ,ವಿಜಯ ರಾಘವೇಂದ್ರ ಈಗ ಎಳೆ ಹುಡುಗನಲ್ಲ.,1,"ಎಳೆತನ, ಬಾಲ್ಯ",Immature/childhood
ಎಳೆ,ಸಕಾಲಕ್ಕೆ ಆಂಬುಲೆನ್ಸ್ ಲಭ್ಯವಾಗದಿರುವುದೂ ಸಹ ಎಳೆ ಜೀವಿಗಳ ಪ್ರಾಣ ಹೋಗಲು ಕಾರಣ ಎಂದು ಗ್ರಾಮಸ್ಥರು ಆರೋಪಿಸಿದ್ದಾರೆ.,1,"ಎಳೆತನ, ಬಾಲ್ಯ",Immature/childhood
ಎಳೆ,ತಾಲ್ಲೂಕಿನ ಪಾತೂರು ಗ್ರಾಮದ ರೆಡ್ಡಪ್ಪ ಅವರು ಈಚೆಗೆ ಕಾಡಿನಿಂದ ಮೇಕೆಗಳ ಹಿಂಡಿನೊಂದಿಗೆ ಸಂಜೆ ಮನೆಗೆ ಬಂದಾಗ ಎಳೆ ಜಿಂಕೆ ಮರಿಯೊಂದು ಕಾಣಿಸಿಕೊಂಡಿತ್ತು.,1,"ಎಳೆತನ, ಬಾಲ್ಯ",Immature/childhood
ಎಳೆ,"ಇದು ಯಾವ ಹಕ್ಕಿಯ ಕೂಗು ಇದಾಗಿರಬಹುದು ಎಂಬ ಕುತೂಹಲದಿಂದ ಕೂಗನ್ನು ಆಲಿಸಿ ಮನೆಯ ಹಿತ್ತಲಲ್ಲಿ ಹುಡುಕುತ್ತ ಹೋದವಳಿಗೆ ಕಂಡದ್ದು, ಎಳೆ ತೆಂಗಿನ ಕಾಯಿಗಳನ್ನು",1,"ಎಳೆತನ, ಬಾಲ್ಯ",Immature/childhood
ಎಳೆ,ಗುವಾಹಟಿ: ಹದಿಹರೆಯದ ತಮ್ಮ ಮಗನನ್ನು ಎಳೆ ವಯಸ್ಸಿನ ಬಾಲಕಿಯೊಂದಿಗೆ ಬಲವಂತ ವಿವಾಹ ತಡೆಯಲೆತ್ನಿಸಿದ ಅಸ್ಸಾಂನ ಧುಬ್ರಿ ಜಿಲ್ಲೆಯ ಮಹಿಳೆಯೊಬ್ಬರ ಮೇಲೆ ಗಂಭೀರ ಹಲ್ಲೆ ನಡೆದ ಪ್ರಕರಣ ವರದಿಯಾಗಿದೆ.,1,"ಎಳೆತನ, ಬಾಲ್ಯ",Immature/childhood
ಎಳೆ,ಈ ವಾತಾವರಣದಲ್ಲಿ ಬೆಳೆದ ಶ್ರೀ ಮಲ್ಲೇಶಪ್ಪನವರಿಗೆ ಎಳೆ ವಯಸ್ಸಿನಿಂದಲೇ ಸಂಗೀತದತ್ತ ಒಲವು ಬೆಳೆಯಿತು.,1,"ಎಳೆತನ, ಬಾಲ್ಯ",Immature/childhood
ಎಳೆ,ಹೀಗೆ ವೇದ ಮಂತ್ರಗಳು ಶ್ರೀಪಾದ ಸಾತವಲೇಕರರಿಗೆ ಎಳೆ ವಯಸ್ಸಿನಿಂದಲೇ ನಿತ್ಯವೂ ಕಿವಿಗೆ ಬೀಳುತ್ತಿದ್ದವು.,1,"ಎಳೆತನ, ಬಾಲ್ಯ",Immature/childhood
ಎಳೆ,"ಈಗಿರುವ ಕಾನೂನುಗಳ ಇತಿಮಿತಿಯನ್ನು ಗುರುತಿಸಿರುವ ಆಯೋಗವು ಇಷ್ಟೆಲ್ಲ ಗಾಢವಾದ ಸಮಸ್ಯೆಗಳಿದ್ದರೂ, ಈ ಎಳೆ ಮಕ್ಕಳ ಹಕ್ಕು-ಬಾಧ್ಯತೆಗಳ ಬಗ್ಗೆ ಯಾವುದೇ ಸ್ಪಷ್ಟವಾದ ಕಾನೂನು ಅವಕಾಶವಿಲ್ಲ.",1,"ಎಳೆತನ, ಬಾಲ್ಯ",Immature/childhood
ಎಳೆ,ಅವಳು ಎಳೆ ವಯಸ್ಸಿನವಳಾಗಿದ್ದರಿಂದ ಆಧಾರ್‌ ಹೊರತು ಬೇರೆ ಗುರುತಿನ ಚೀಟಿ ಅವಳ ಬಳಿ ಇರಲಿಲ್ಲ.,1,"ಎಳೆತನ, ಬಾಲ್ಯ",Immature/childhood
ಎಳೆ,"ನಿರ್ಭಯಾ ಪ್ರಕರಣ ವಯಸ್ಕ ಹೆಣ್ಣಿನ ಮೇಲೆ ಎಸಗಿದ ಕ್ರೌರ್ಯವಾಗಿದ್ದರೆ, ಕಥುವಾದಲ್ಲಿ ಎಳೆ ಬಾಲಕಿಯ ಮೇಲೆ ದೇವಸ್ಥಾನದೊಳಗೇ ನಡೆದ ಕ್ರೌರ್ಯವಾಗಿದೆ.",1,"ಎಳೆತನ, ಬಾಲ್ಯ",Immature/childhood
ಎಳೆ,ಇದೇ ರೀತಿ ವಿದ್ಯಾರ್ಥಿನಿ ಅಭಿಜ್ಞಾ ರಾವ್‌ ಅವರು ಎಳೆ ವಯಸ್ಸಿನಲ್ಲಿ ನಿರೀಕ್ಷೆಗೂ ಮೀರಿದ ಸಾಧನೆಗೈದಿದ್ದಾಳೆ.,1,"ಎಳೆತನ, ಬಾಲ್ಯ",Immature/childhood
ಎಳೆ,ಇಷ್ಟು ವಿದ್ಯಾವಂತರಾಗಿರುವ ಅವರು ತಮ್ಮ ನಂಬಿಕೆಯನ್ನು ಬಿಡಲು ಸಿದ್ಧರಿಲ್ಲ ಎನ್ನುವಾಗ ಎಳೆ ವಿದ್ಯಾರ್ಥಿನಿಯರಲ್ಲಿ ಅದನ್ನು ನಿರೀಕ್ಷಿಸುವುದು ಸರಿಯೇ?,1,"ಎಳೆತನ, ಬಾಲ್ಯ",Immature/childhood
ಎಳೆ,"ಚನ್ನಮ್ಮ ಎಳೆ ವಯಸ್ಸಿನಲ್ಲಿಯೇ ರಾಮಾಯಣ, ಮಹಾಭಾರತ ವಿದ್ಯಾಭ್ಯಾಸದ ಜೋತೆಗೆ ಕುದುರೆ ಸವಾರಿ, ಬಿಲ್ಲುವಿದ್ಯೆಗಳನ್ನು ಕಲಿತರು.",1,"ಎಳೆತನ, ಬಾಲ್ಯ",Immature/childhood
ಎಳೆ,ಉನ್ನತ ವ್ಯಾಸಂಗಕ್ಕೆ ದಿಕ್ಸೂಚಿಯಾಗಿರುವ ಈ ಎರಡೂ ತರಗತಿಗಳ ಶಿಕ್ಷಣ ಎಳೆ ವಯಸ್ಸಿನ ವಿದ್ಯಾರ್ಥಿಗಳ ಮೇಲೆ ತೀವ್ರ ಒತ್ತಡ ಉಂಟು ಮಾಡುತ್ತಿದೆ.,1,"ಎಳೆತನ, ಬಾಲ್ಯ",Immature/childhood
ಎಳೆ,"ಎಳೆ ಪ್ರಾಯದ ಮಕ್ಕಳೇ ನೀವು ನಿಮ್ಮ ಹೆತ್ತವರನ್ನು ನಾಚಿಸುವ೦ತೆ ಎಳೆಯಿರಿ, ಮಾತಾಜಿ ತಾವು ಎಳೆಯಲು ಮರೆಯದಿರಿ, ಮರೆತು ನಿರಾಶೆಯಾಗದಿರಿ.",1,"ಎಳೆತನ, ಬಾಲ್ಯ",Immature/childhood
ಎಳೆ,"ಲಕ್ಷಣಗಳು: ಎಳೆ ಮಕ್ಕಳಲ್ಲಿ ಜ್ವರ, ವಾಂತಿ, ವಾಕರಿಕೆ, ಭೇಧಿ, ಕಾಮಾಲೆ, ದೊಡ್ಡ ಮಕ್ಕಳಲ್ಲಿ ಪದೇ ಪದೇ ಮೂತ್ರ ವಿಸರ್ಜನೆ, ಉರಿ ಮೂತ್ರ, ಹಾಸಿಗೆಯಲ್ಲಿ ಮೂತ್ರ ವಿಸರ್ಜನೆ, ಹೊಟ್ಟೆನೋವು, ಮೂತ್ರಕ್ಕೆ ವಾಸನೆ ಇರುತ್ತದೆ.",1,"ಎಳೆತನ, ಬಾಲ್ಯ",Immature/childhood
ಎಳೆ,ಎಳೆ ವಯಸ್ಸಿನ ಮಕ್ಕಳು ಕಳ್ಳತನಕ್ಕೆ ಇಳಿದಿದ್ದಾರೆ ಎನ್ನುವುದು ಆಶ್ಚರ್ಯ.,1,"ಎಳೆತನ, ಬಾಲ್ಯ",Immature/childhood
ಎಳೆ,ಎಳೆ ಮಕ್ಕಳು ಚಡ್ಡಿ ಬಿಚ್ಚಿ ತಮ್ಮ ಹಿಂಭಾಗವನ್ನು ತೋರಿಸಿದರೆ ಮಳೆ ನಿಲ್ಲುವುದು ಎಂಬ ನಂಬಿಕೆಯೂ ಇದೆ.,1,"ಎಳೆತನ, ಬಾಲ್ಯ",Immature/childhood
ಎಳೆ,ನಾನು ವಸಂತಕ್ಕನ ಜೊತೆ ಎಳೆ ವಯಸ್ಸಿನಲ್ಲಿ ಕುಂಟಾಬಿಲ್ಲೆ ಆಡಿದ್ದು ನೆನಪಿದೆ.,1,"ಎಳೆತನ, ಬಾಲ್ಯ",Immature/childhood
ಎಳೆ,ಕಿವಿ ಚುಚ್ಚಿಸದ ಎಳೆ ಮಗುವಿಗೆ ಮುತ್ತಿರುವ ಲೋಲಾಕು ಹಾಕುವುದೂ ಇದೇ ಶುಭ ಸಂದರ್ಭದಲ್ಲಿ.,1,"ಎಳೆತನ, ಬಾಲ್ಯ",Immature/childhood
ಎಳೆ,"ಉಪ್ಪುಮೂಟೆ-ವ್ಯಕ್ತಿಯ ಬೆನ್ನು ,ತೋಳುಗಳ ಮೇಲೆ ಎಳೆ ಮಕ್ಕಳು ಸವಾರಿ ಮಾಡುವುದು.",1,"ಎಳೆತನ, ಬಾಲ್ಯ",Immature/childhood
ಎಳೆ,ಎಳೆ ಮಗುವಿನಲ್ಲಿ ದಿನದಿಂದ ದಿನಕ್ಕೆ ಮನೋದೈಹಿಕ ಬೆಳವಣಿಗೆ ನಡೆಯುತ್ತಿರುತ್ತದೆ.,1,"ಎಳೆತನ, ಬಾಲ್ಯ",Immature/childhood
ಎಳೆ,(ಹೆತ್ತವರ ಒತ್ತಾಯಕ್ಕೆಂಬಂತೆ ಪರೀಕ್ಷೆಗೆ ಓದುವ ಎಳೆ ಹುಡುಗರ ಪಾಡನ್ನು ಊಹಿಸಿಕೊಳ್ಳಿ!,1,"ಎಳೆತನ, ಬಾಲ್ಯ",Immature/childhood
ಎಳೆ,"ಹೊಸದಿಲ್ಲಿ: ಮಕ್ಕಳು, ಹದಿಹರಯದವರು ಮತ್ತು ಮಾನಸಿಕವಾಗಿ ದುರ್ಬಲರಾಗಿರುವ ಎಳೆ ವಯಸ್ಸಿನ ಯುವಕರನ್ನು ತನ್ನತ್ತ ಸೆಳೆದು ಆತ್ಮಹತ್ಯೆಗೆ ಪ್ರಚೋದಿಸುವ ಕುಖ್ಯಾತ ಬ್ಲೂ ವೇಲ್ ಚಾಲೆಂಜ್‌ನಂತೆ ಹೊಸದಾಗಿ ಬಂದಿರುವ ಆನ್‌ಲೈನ್‌ ಗೇಮ್‌ ಮೊಮೊ ಚಾಲೆಂಜ್‌ ವಿರುದ್ಧ ಸರಕಾರ ಕೆಲವು ಮುಂಜಾಗ್ರತಾ ಸಲಹೆಗಳನ್ನು ಬಿಡುಗಡೆ ಮಾಡಿದೆ.",1,"ಎಳೆತನ, ಬಾಲ್ಯ",Immature/childhood
ಎಳೆ,"ಆ ದನಗಳಿಗಿರುವ ಮಹತ್ವ, ಉಸಿರಾಟಕ್ಕಾಗಿ ಒದ್ದಾಡಿ ಸತ್ತುಹೋಗಿರುವ ಎಳೆ ಮಕ್ಕಳಿಗಿಲ್ಲ ಎಂದ ಮೇಲೆ, ಆ ರಾಜ್ಯದಲ್ಲಿ ಒಂದು ಪ್ರಜಾಸತ್ತಾತ್ಮಕವಾದ ಸರಕಾರ ಅಸ್ತಿತ್ವದಲ್ಲಿದೆ ಎಂದು ನಂಬುವುದಾದರೂ ಹೇಗೆ?",1,"ಎಳೆತನ, ಬಾಲ್ಯ",Immature/childhood
ಎಳೆ,ಪೊಲೀಸರ ಗುಂಡು ಝರೀನಾರ ಪತಿ ಹಾಗೂ ಎಳೆ ಮಗನ ಎದೆ ಸೀಳಿತ್ತು.,1,"ಎಳೆತನ, ಬಾಲ್ಯ",Immature/childhood
ಎಳೆ,ಆದರೆ ಇಲ್ಲಿ ಒಂದು ಗಮನಿಸಬೇಕಾದ ಅಂಶ ಎಂದರೆ ಸಾಸಿವೆ ಎಣ್ಣೆಯನ್ನು ಎಳೆ ಮಕ್ಕಳಿಗೆ ಉಪಯೋಗಿಸಬಾರದು .,1,"ಎಳೆತನ, ಬಾಲ್ಯ",Immature/childhood
ಎಳೆ,ನಿತ್ಯ ತೋಟದ ಜೊತೆಗಿನ ಒಡನಾಟ ಎಳೆ ಮಕ್ಕಳಿಂದ ಶುರುವಾಗಿ ಮನೆಯವರಿಗೆಲ್ಲ ಬೆಳೆಯುವುದಕ್ಕೆ ಸಸ್ಯ ಸಂಬಂಧ ಕಾರಣವಾಗಿತ್ತು.,1,"ಎಳೆತನ, ಬಾಲ್ಯ",Immature/childhood
ಎಳೆ,"ಕಠಿಣ ಪರಿಸ್ಥಿತಿಯಲ್ಲಿ, ತುಂಬಾ, ರೋಸಾ ಎರಡು ಎಳೆ ಮಕ್ಕಳನ್ನು ನಡುವೆಯೂ ಕುಡಿಯಲು ಪ್ರಾರಂಭಿಸಿದರು.",1,"ಎಳೆತನ, ಬಾಲ್ಯ",Immature/childhood
ಎಳೆ,ಈ ಮೂತ್ರ ಒಂದು ಪೈನ್ ಮರದ ಮೇಲೆ ಎಳೆ ಚಿಗುರುಗಳನ್ನು ಮುರಿಯಲು ಪ್ರಾರಂಭಿಸಿದ ಮೇ ಕಾಣಿಸಿಕೊಳ್ಳುವ ಪೈನ್ ಭ್ರೂಣದ ಆಗಿದೆ.,1,"ಎಳೆತನ, ಬಾಲ್ಯ",Immature/childhood
ಎಳೆ,"ಆದರೆ ಇದೆಲ್ಲಾ ಕ್ಲಾಸಿನ ಬೋರ್ಡಿನ ಎದುರು, ಒಂದತ್ತು ಎಳೆ ಮನಸ್ಸುಗಳ ಎದುರು ಮಾತ್ರ ಇವನು ಹಾಕುವ ಪೊಗದಸ್ತಾದ ವೇಷ ಅನ್ನಿಸಿದಾಗ ಆ ಉಪನ್ಯಾಸಕನ ಬಗ್ಗೆ ಯಾರಿಗಾದರೂ ಗೌರವ ಉಳಿಯುತ್ತದಾ ಹೇಳಿ?",1,"ಎಳೆತನ, ಬಾಲ್ಯ",Immature/childhood
ಎಳೆ,ಶ್ರೀಮತಿ ರತ್ನಾ ಆಚಾರ್ಯ 14ರ ಎಳೆ ವಯಸ್ಸಿನಲ್ಲಿ ಕಟಪಾಡಿ ಸಮೀಪದ ಅಚ್ಚಡದ ಗುರುರಾಜ ಆಚಾರ್ಯ ಅವರನ್ನು ವಿವಾಹವಾಗಿ ಮುಂಬಯಿಗೆ ಆಗಮಿಸಿದರು.,1,"ಎಳೆತನ, ಬಾಲ್ಯ",Immature/childhood
ಎಳೆ,ದಾಸರ ಕೀರ್ತನ ಸ್ಪರ್ಧೆ ಇಟ್ಟಿರುವುದರಿಂದ ಎಳೆ ಮನಸುಗಳಿಗೆ ಒಂದಷ್ಟು ಕನ್ನಡ ವ್ಯಾಕರಣ ಚಂದಸ್ಸು ಪ್ರಾವೀಣ್ಯತೆ ಬೆಳೆಸಿದಂತ್ತಾಗುತ್ತದೆ.,1,"ಎಳೆತನ, ಬಾಲ್ಯ",Immature/childhood
ಎಳೆ,ನನ್ನ ಎಳೆ ಮನಸ್ಸನ್ನು ಸೂಕ್ಷ್ಮವಾಗಿ ತೀವ್ರವಾಗಿ ಪ್ರಭಾವಿಸಿದ ಈ ಅಪೂರ್ವ ಕ್ಷಣಗಳನ್ನು ಕೃತಜ್ಞತೆಯಿಂದ ನೆನೆಯುತ್ತೇನೆ.,1,"ಎಳೆತನ, ಬಾಲ್ಯ",Immature/childhood
ಎಳೆ,ತಮ್ಮ ನೋಟವನ್ನು ತಮ್ಮ ಎಳೆ ವಯಸ್ಸಿನಲ್ಲಿ ಕಿರುನಗೆ ಮತ್ತು ನಕ್ಕು ಸಹಾಯ ಮಾಡುತ್ತದೆ.,1,"ಎಳೆತನ, ಬಾಲ್ಯ",Immature/childhood
ಎಳೆ,"ವಾಕ್‌ ಮಾಡುತ್ತಾ, ಎಳೆ ಬಿಸಿಲು ಕಾಯಿಸುತ್ತಾ ಕಾಲ ಕಳೆಯುತ್ತಿದ್ದರು.",1,"ಎಳೆತನ, ಬಾಲ್ಯ",Immature/childhood
ಎಳೆ,ಈ ವಿಧಾನವು ಹೂವಿನ ಮೊಗ್ಗುಗಳು ಎಳೆ ಚಿಗುರುಗಳನ್ನು ತುದಿಗಳಲ್ಲಿ ರೂಪಿಸುವ ಪೊದೆಗಳು ಒಳ್ಳೆಯದು.,1,"ಎಳೆತನ, ಬಾಲ್ಯ",Immature/childhood
ಎಳೆ,"ಬೇಸಿಗೆಯಲ್ಲಿ ರಾಸ್್ಬೆರ್ರಿಸ್, ತುಂಬಾ ತಳದಲ್ಲಿ ಎಳೆ ಚಿಗುರುಗಳನ್ನು ತೆಗೆದು, ಒಪ್ಪವಾದ.",1,"ಎಳೆತನ, ಬಾಲ್ಯ",Immature/childhood
ಎಳೆ,ಎರಡು ಎಳೆ ಬೆಳುಳ್ಳಿ ಜೊತೆಗೆ ಉಪ್ಪನ್ನು ಸೇರಿಸಿ ಅಗಿದು ಬೆಳಗ್ಗೆ ಎದ್ದ ತಕ್ಷಣ ತಿನ್ನುವುದರಿಂದ ಗಂಟಲು ನೋವು ಕಡಿಮೆಯಾಗುತ್ತದೆ.,1,"ಎಳೆತನ, ಬಾಲ್ಯ",Immature/childhood
ಎಳೆ,ಆ ಮರದ ಹಿಂಬದಿಯಲ್ಲಿ ಮೋಡದ ಮರೆಯಲ್ಲಿ ಇಣುಕುತ್ತಿರುವ ನೇಸರನ ಎಳೆ ಬಿಸಿಲ ಹಿನ್ನೆಲೆಯಲ್ಲಿ ಹುಣಸೆ ಮರಕ್ಕೆ ದೀಪಾಲಂಕಾರದ ಮೆರುಗು ಮೂಡಿತ್ತು.,1,"ಎಳೆತನ, ಬಾಲ್ಯ",Immature/childhood
ಎಳೆ,ಆ ಎಳೆ ಚಿಗುರು ಬೆರಳು ಶುರು ಮಾಡಿದ ಕಥಾ ಬರವಣಿಗೆ ನಿರಂತರವಾಗಿ ಮುಂದುವರೆಯುತ್ತ ನ್ಯೂಯಾರ್ಕ್ ಫೆಮಿನಿಸ್ಟ್ ಪ್ರೆಸ್ ಹೊರತಂದ ಜಗತ್ತಿನ ಅತ್ಯುತ್ತಮ ಮಹಿಳಾ ಕೃತಿಗಳು ಸಂಪುಟದಲ್ಲಿ ಕಥೆ ಪ್ರಕಟಿಸುವ ಮಟ್ಟಕ್ಕೆ ಯಶಸ್ಸು ಸಾಧಿಸಿದೆ.,1,"ಎಳೆತನ, ಬಾಲ್ಯ",Immature/childhood
ಎಳೆ,ಮಕ್ಕಳು ಆಗ ಇನ್ನೂ ಎಳೆ ವಯಸ್ಸಿನವರು.,1,"ಎಳೆತನ, ಬಾಲ್ಯ",Immature/childhood
ಎಳೆ,ಶ್ರುತಿಯನ್ನು ಎಳೆ ಮುದುಕಿ ಅಂದ್ರು.,1,"ಎಳೆತನ, ಬಾಲ್ಯ",Immature/childhood
ಎಳೆ,"ಈ ನೀರಿನಲ್ಲಿ ಔಷಧೀಯ ಗುಣವಿರುವುದರಿಂದ ಎಳೆ ಮಕ್ಕ‌ಳಲ್ಲಿ ಕಂಡುಬರುವ ಜ್ವರ, ಶೀತ ಸೇರಿದಂತೆ ಹಲವು ಕಾಯಿಲೆಗಳಿಗೆ ಮನೆ ಮದ್ದಾಗಿ ಬಳಸಲಾಗುತ್ತದೆ.",1,"ಎಳೆತನ, ಬಾಲ್ಯ",Immature/childhood
ಎಳೆ,"ಆದಾಗ್ಯೂ, ಹೆಸರು ಲೇಯಳು ಮೌಲ್ಯವನ್ನು ತನ್ನ ಉಚ್ಚಾರಣೆ ಎಂದು ಸುಂದರವಾಗಿರುತ್ತದೆ ಹಸುವಿನ ಕರು, ಎಳೆ ಕರು.",1,"ಎಳೆತನ, ಬಾಲ್ಯ",Immature/childhood
ಎಳೆ,"ಹತ್ತಿರದ ಹೃದಯವಂತ ವೈದ್ಯರನ್ನು ಕಾಣಿ, ಹಲವು ವಿಧದ ಔಷಧಗಳಿಂದಲೂ, ಎಳೆ ವಯಸ್ಸಿನಲ್ಲಿ ಹವ್ಯಾಸಕ್ಕೆ ತೆಗೆದುಕೊಂಡ ಡ್ರಗ್ಸ್‌ಗಳಿಂದಲೂ ನೆನಪಿನ ಶಕ್ತಿ ಕಡಿಮೆಯಾಗಬಹುದು.",1,"ಎಳೆತನ, ಬಾಲ್ಯ",Immature/childhood
ಎಳೆ,"ಆ ನಂತರ, ಸಾಮೂಹಿಕ ಸಮಾಧಿ ಪತ್ತೆಯಾದ ನಂತರ ಇವರೆಲ್ಲಾ ಮೃತಪಟ್ಟಿರಬಹುದೆಂಬ ಸಂಶಯದ ಎಳೆ ಸಿಕ್ಕಿತ್ತು.",2,"ನೂಲಿನ ಎಳೆ, ಸೂತ್ರ",A thread of yarn
ಎಳೆ,ಇದನ್ನೂ ಓದಿ: ಬೆಳಗಾವಿ ಗಡಿಭಾಗ ಉದ್ವಿಗ್ನ; ಶಿವಸೇನೆ ಪುಂಡಾಡಿಕೆ; ಕನ್ನಡ ಚಿತ್ರ ಪ್ರದರ್ಶನಕ್ಕೆ ಅಡ್ಡಿ; ಬೀದಿಗಿಳಿದ ಕನ್ನಡಪರ ಸಂಘಟನೆಗಳು ಕಥೆಯ ಎಳೆ ಸಿಕ್ಕಿದ್ದು ಹೇಗೆ?,2,"ನೂಲಿನ ಎಳೆ, ಸೂತ್ರ",A thread of yarn
ಎಳೆ,ಎಳೆ ತೀರಾ ಚಿಕ್ಕದಾಗಿದ್ದರೂ ಕನ್ನಡಕ್ಕಿದು ಹೊಚ್ಚ ಹೊಸ ಕಥೆ.,2,"ನೂಲಿನ ಎಳೆ, ಸೂತ್ರ",A thread of yarn
ಎಳೆ,"ಈ ಘಟನೆಯಲ್ಲಿನ ಮುಖ್ಯವಾದ ಎಳೆ ಎಂದರೆ, ಭೀಮ ಸತಾರದಿಂದ ಮುಂಬೈ ತಲುಪಿ ಬಟ್ಟೆ ಗಿರಣಿಯಲ್ಲಿ ಕೆಲಸಕ್ಕೆ ಸೇರಬೇಕೆಂಬ ಯೋಚನೆಯಾಗಲಿ ಇಲ್ಲಿ ತುಂಬ ಗೌಣವೆನಿಸುತ್ತದೆ.",2,"ನೂಲಿನ ಎಳೆ, ಸೂತ್ರ",A thread of yarn
ಎಳೆ,"ಆ ನಟಿಯ ಬಗ್ಗೆ , ಆ ಕಾರ್ಯಕ್ರಮದ ಬಗ್ಗೆ , ಆ ವ್ಯವಸ್ಥೆಯ ಬಗ್ಗೆ ಎಳೆ ಎಳೆಯಾಗಿ ಹಂಚಿಕೊಂಡಿದ್ದಾರೆ.",2,"ನೂಲಿನ ಎಳೆ, ಸೂತ್ರ",A thread of yarn
ಎಳೆ,"ಕಾಂಗ್ರೆಸ್ ಸರಕಾರದ ಬಗ್ಗೆ ಎಳೆ ಎಳೆಯಾಗಿ ತೆರೆದಿಟ್ಟ ನರೇಂದ್ರಮೋದಿ, ರಾಜ್ಯದಲ್ಲಿ 15 ಸಾವಿರ ಕೋಟಿ ವೆಚ್ಚದ 13 ಯೋಜನೆಗಳಿಗೆ ಸರಕಾರ ಅನುಮೋದನೆ",2,"ನೂಲಿನ ಎಳೆ, ಸೂತ್ರ",A thread of yarn
ಎಳೆ,* ಒಂದು ಎಳೆ ಪಾಕ ಬಂದ ಮೇಲೆ ಅದಕ್ಕೆ(ಪಾಕ) ಸ್ವಲ್ಪ ಸ್ವಲ್ಪವೇ ಕಡಲೆಹಿಟ್ಟನ್ನು ಹಾಕಿಕೊಳ್ಳುತ್ತಾ ಸೌಟಿನಿಂದ ತಿರುಗಿಸುತ್ತಿರಿ.,2,"ನೂಲಿನ ಎಳೆ, ಸೂತ್ರ",A thread of yarn
ಎಳೆ,ಹೇಗೆ ರಾಜಕಾರಣಿಗಳು ಜನರನ್ನುದಾರಿ ತಪ್ಪಿಸುತ್ತಿದ್ದಾರೆ ಎಂಬುದನು ಎಳೆ ಎಳೆಯಾಗಿ ವಿವರಿಸಲಾಗಿದೆ ಎಂದರು.,2,"ನೂಲಿನ ಎಳೆ, ಸೂತ್ರ",A thread of yarn
ಎಳೆ,ಚಿತ್ರದ ಎಳೆ ಎಳೆಯಲ್ಲೂ ರತ್ನಜ ಅವರ ಶ್ರಮ ಎದ್ದು ಕಾಣುತ್ತದೆ.,2,"ನೂಲಿನ ಎಳೆ, ಸೂತ್ರ",A thread of yarn
ಎಳೆ,ಪುಟ್ಟನ ಕೋಳಿ ಕಥೆಯಂತೂ ಮಕ್ಕಳ ಮನಸ್ಸನ್ನು ಎಳೆ ಎಳೆಯಾಗಿ ತೆರೆದಿಡುವಲ್ಲಿ ಯಶಸ್ವಿಯಾಗಿದೆ.,2,"ನೂಲಿನ ಎಳೆ, ಸೂತ್ರ",A thread of yarn
ಎಳೆ,ಮಾಡುವ ವಿಧಾನ : ಸಕ್ಕರೆ ಎಳೆ ಪಾಕವನ್ನು ಮೊದಲು ತಯಾರಿಸಿಟ್ಟುಕೊಳ್ಳಬೇಕು.,2,"ನೂಲಿನ ಎಳೆ, ಸೂತ್ರ",A thread of yarn
ಎಳೆ,ಬೆಂಗಳೂರಿನ ಭೂಗತ ಲೋಕದ ಕರಾಳ ಚಿತ್ತಾರವನ್ನ ತೆರೆ ಮೇಲೆ ಎಳೆ ಎಳೆಯಾಗಿ ಬಿಚ್ಚಿಟ್ಟಿದ್ದ ಚಕ್ರವರ್ತಿ ಸಿನಿಮಾ ಕಿರುತೆರೆಯಲ್ಲಿ ಬರಲಿದೆ.,2,"ನೂಲಿನ ಎಳೆ, ಸೂತ್ರ",A thread of yarn
ಎಳೆ,ಯಾವೂದಕ್ಕೂ ಅಧಿಕೃತ ದಾಖಲೆಗಳಿಲ್ಲ ಎಂದು ಕಪಿಲ್ ಸಿಬಲ್ ಎಳೆ ಎಳೆಯಾಗಿ ವಾದ ಮಂಡಿಸಿದರು.,2,"ನೂಲಿನ ಎಳೆ, ಸೂತ್ರ",A thread of yarn
ಎಳೆ,ಅನಿಷ್ಟ ಪದ್ಧತಿಯನ್ನು ಬಿಚ್ಚಿಟ್ಟ ಮಹಿಳೆಯರು: ಗ್ರಾಮದಲ್ಲಿ ಇನ್ನೂ ಅಸ್ಪೃಶ್ಯತೆ ಆಚರಣೆಯಲ್ಲಿರುವುದನ್ನು ದಲಿತ ಸಮುದಾಯದ ಮಹಿಳೆಯರು ಅಧಿಕಾರಿಗಳ ಮುಂದೆ ಎಳೆ ಎಳೆಯಾಗಿ ಬಿಚ್ಚಿಟ್ಟರು.,2,"ನೂಲಿನ ಎಳೆ, ಸೂತ್ರ",A thread of yarn
ಎಳೆ,ಕಥೆ ಏನು ಎಂದರೆ ರವಿಚಂದ್ರನ್ ಹೇಳೋದಿಷ್ಟು ಕಥೆಯ ಸಣ್ಣದೊಂದು ಎಳೆ ಹೇಳಿದರೂ ಥ್ರಿಲ್ ಹೋಗುತ್ತೆ.,2,"ನೂಲಿನ ಎಳೆ, ಸೂತ್ರ",A thread of yarn
ಎಳೆ,"ಸ್ಕರ್ಟ್ (ಇಲ್ಲದಿದ್ದರೆ ಅದು ಹಾದಿಯ ಅಪಾಯವನ್ನು ಸಾಗುತ್ತದೆ, ಪ್ರಮುಖ ಬಿಂದು) ಸಾಮಾನ್ಯ ಎಳೆಗಳನ್ನು ಹೊಲಿದುಬಿಟ್ಟಿದ್ದರು, ಆದ್ದರಿಂದ, ಉತ್ಪನ್ನದ ಬಯಸಿದ ಉದ್ದ ತೆಗೆದುಕೊಳ್ಳಲು (ಖಾತೆಗೆ ಅವಕಾಶಗಳ ಅರಗು ಕೆಳಗೆ ಮತ್ತು ಅಡ್ಡ ಸ್ತರಗಳು ತೆಗೆದುಕೊಳ್ಳಲು ಇದು ಬೆಲ್ಟ್ ಮೇಲೆ ಫ್ಯಾಬ್ರಿಕ್ ಪರಿಗಣಿಸಬೇಕೆ ಕೂಡ ಮುಖ್ಯ ಅಗತ್ಯವಿದೆ, ಆದರೆ ಹೊಲಿದುಬಿಟ್ಟಿದ್ದರು ಮಾಡಬಹುದು ಹಂಚಿಕೊಂಡಿದ್ದಾರೆ, ಮತ್ತು ವ್ಯತ್ಯಸ್ತ ಎಳೆಗಳನ್ನು - ಆದ್ದರಿಂದ ಬೆಲ್ಟ್ ಸ್ವಲ್ಪ ಸೊಂಟದಿಂದ, nakushalsya tummy ಫಾರ್ ಅವಕಾಶವನ್ನು ಉಳಿಸುವುದು) ಎಳೆ ಕಾಣಿಸುತ್ತದೆ.",2,"ನೂಲಿನ ಎಳೆ, ಸೂತ್ರ",A thread of yarn
ಎಳೆ,ಹಾಗೆಯೇ ಕಿರಿಯ ಬಸಪ್ಪನಾಯಕನು ಚಿತ್ರದುರ್ಗದ ಮದಕರಿ ನಾಯಕನ ನಾಶಕ್ಕೆ ಕಾರಣವಾದ ಕಟು ಸತ್ಯಸಂಗತಿಯನ್ನು ಎಳೆ ಎಳೆಯಾಗಿ ಹೊರಚೆಲ್ಲುತ್ತದೆ.,2,"ನೂಲಿನ ಎಳೆ, ಸೂತ್ರ",A thread of yarn
ಎಳೆ,ಹದಿನಾಲ್ಕು ಎಳೆ ಮತ್ತು ಹಿಡಿಯ ಹತ್ತಿಿಯ ಹಾರವನ್ನು ಅನಂತನ ಎಳೆ ಎಂದು ಕಳಶಕ್ಕೆೆ ಅರ್ಪಿಸಲಾಗುತ್ತದೆ.,2,"ನೂಲಿನ ಎಳೆ, ಸೂತ್ರ",A thread of yarn
ಎಳೆ,ಬಸ್‌ ಸಾರಿಗೆ ಬಲವರ್ಧನೆಯ ಅಗತ್ಯದ ಬಗ್ಗೆ ಬಸ್‌ ಪ್ರಯಾಣಿಕರ ವೇದಿಕೆ ಸಂಚಾಲಕ ವಿನಯ್‌ ಶ್ರೀನಿವಾಸ್‌ ಎಳೆ ಎಳೆಯಾಗಿ ಬಿಡಿಸಿಟ್ಟರು.,2,"ನೂಲಿನ ಎಳೆ, ಸೂತ್ರ",A thread of yarn
ಎಳೆ,ಇದರ ಜೊತೆಯಲ್ಲೇ ಮಹಾಭಾರತದ ಒಂದು ಎಳೆ ಕೂಡ ಇದರಲ್ಲಿ ಇರಲಿದೆಯಂತೆ.,2,"ನೂಲಿನ ಎಳೆ, ಸೂತ್ರ",A thread of yarn
ಎಳೆ,ಆದರೆ ಇವರುಗಳು ಬಲಪಂಥೀಯರಾಗಿದ್ದು ಹೇಗೆ ಎಂಬ ಇತಿಹಾಸ ನೋಡಿದರೆ ಒಂದು ತಮಾಷೆಯಾದ ಎಳೆ ಹೊರಬರುತ್ತದೆ.,2,"ನೂಲಿನ ಎಳೆ, ಸೂತ್ರ",A thread of yarn
ಎಳೆ,ವಿದ್ಯೆ ಕಲಿಯಬೇಕು ಅಂತಾ ಉತ್ಸಾಹದಿಂದ ಹೋಗುತ್ತಿದ್ದ ಮಕ್ಕಳು ನಿಧಾನವಾಗಿ ಮಂಕಾಗುತ್ತಾ ಹೋದರು… ಮನೆಯವರು ಅವರನ್ನು ಆಳವಾಗಿ ಪ್ರಶ್ನಿಸಿದ ನಂತರ ಸತ್ಯ ಎಳೆ ಎಳೆಯಾಗಿ ಮೌಲ್ವಿ ಮಾಡಿದ ಘನಾಂದಾರಿ ಕೆಲಸವನ್ನು ಬಾಯಿಬಿಟ್ಟರು.,2,"ನೂಲಿನ ಎಳೆ, ಸೂತ್ರ",A thread of yarn
ಎಳೆ,ಈ ಸಿನೆಮಾ ಕೋಪದ ಒಂದು ಎಳೆ ಬಿಟ್ಟರೆ ಹಿಂದಿನ ಸಿನಿಮಾಕ್ಕೆ ಬಹಳ ಭಿನ್ನವಾಗಿದೆ.,2,"ನೂಲಿನ ಎಳೆ, ಸೂತ್ರ",A thread of yarn
ಎಳೆ,ಜಾಲಾರ ಹೂವಿನ ಬಗ್ಗೆ ತಮ್ಮ ಬಾಲ್ಯದ ನೆನಪಿನ ಎಳೆ ಹಿಡಿದು ಅವರೂ ದೇವರಾಯನದುರ್ಗ ಹೊಕ್ಕಿಯೇಬಿಟ್ಟರು.,2,"ನೂಲಿನ ಎಳೆ, ಸೂತ್ರ",A thread of yarn
ಎಳೆ,ಮಾನವ ಬದುಕಿನ ಎಲ್ಲಾ ಜಂಜಾಟಗಳನ್ನು ಎಳೆ ಎಳೆಯಾಗಿ ವರ್ಣಿಸಿಯೂ ಸಂಸಾರವೆಂಬಂತ ಸೌಭಾಗ್ಯವೆನಗಿರಲಿ ಎಂದು ಸೂಜಿಗಲ್ಲಿನಂತೆ ಸೆಳೆಯುವ ಪ್ರೀತಿಯ ಸಂಸಾರವನ್ನು ಒಪ್ಪಿ ಅಪ್ಪಿಕೊಂಡ ಸುಖಸಂಸಾರಿಗಳಲ್ಲವೇ ಅವರು!,2,"ನೂಲಿನ ಎಳೆ, ಸೂತ್ರ",A thread of yarn
ಎಳೆ,"ಒಂದು ಸರದಲ್ಲಿ 2 ಎಳೆ, 3 ಎಳೆ ಇದ್ದು ಸಮಾರಂಭಗಳಿಗೂ ಒಂದೇ ಒಂದು ಹಾರಮ್ ಧರಿಸಿದರೆ ಸಾಕು, ಎದ್ದು ಕಾಣುವ ಗುಣ ಇದಕ್ಕಿದೆ.",2,"ನೂಲಿನ ಎಳೆ, ಸೂತ್ರ",A thread of yarn
ಎಳೆ,"ಹಸು ಗೂಸು ಹಾಗೂ ವಯೋವೃದ್ದರು ಎಂಬ ಬೇದ ಭಾವ ಮಾಡದೆ ಎಲ್ಲರನ್ನು ಕಚ್ಚುವ ಸೊಳ್ಳೆ ಈ ರೋಗವನ್ನು ಹರಡುತ್ತದೆ ಎಂದು ವಿವರಿಸಿ, ರೋಗದ ತಡೆಗೆ ಅನುಸರಿಸಬಹುದಾದ ಕ್ರಮಗಳನ್ನು ಎಳೆ ಎಳೆಯಾಗಿ ಬಿಡಿಸಲಾಗಿದೆ.",2,"ನೂಲಿನ ಎಳೆ, ಸೂತ್ರ",A thread of yarn
ಎಳೆ,"ನಿಜ, ರೇಷ್ಮೆ ಬಟ್ಟೆ ಉಡುವವರಿಗೆ ಇರುವ ಅದೃಷ್ಟವು ಎಳೆ ತೆಗೆಯುವವರಿಗೆ ಇಲ್ಲ.",2,"ನೂಲಿನ ಎಳೆ, ಸೂತ್ರ",A thread of yarn
ಎಳೆ,ಒಂದೇ ಒಂದು ಎಳೆ ಅತ್ತಿತ್ತ ಆದರೂ ಅದನ್ನು ಕಾಳಜಿಯಿಂದ ಚಾಕಚಕ್ಯತೆಯಿಂದ ಸರಿಪಡಿಸಲಾಗುತ್ತಿದೆಯೋ ಅದೇ ರೀತಿ ಮನಸನ್ನು ಎಳೆ-ಎಳೆಯಾಗಿ ರೂಪಿಸಬೇಕು.,2,"ನೂಲಿನ ಎಳೆ, ಸೂತ್ರ",A thread of yarn
ಎಳೆ,"ನನ್ನ ಸರವನ್ನು ಕಿತ್ತುಕೊಂಡು ಹೋಗಿರುವ ಕಳ್ಳರನ್ನು ಹಾಗೂ ಸರವನ್ನು ಪತ್ತೆ ಮಾಡಿಕೊಡಿ, 55 ಗ್ರಾಂ ತೂಕದ ಎರಡು ಎಳೆ ಚಿನ್ನದ ಮಾಂಗಲ್ಯ ಸರದ ಅಂದಾಜು ಬೆಲೆ ಸುಮಾರು 1.",2,"ನೂಲಿನ ಎಳೆ, ಸೂತ್ರ",A thread of yarn
ಎಳೆ,"ರಾಜ್ಯದ ಅದ್ಭುತ ಲೋಕೇಷನ್ ಗಳಲ್ಲಿ ನಗು, ಅಳು, ಕೋಪ, ರಹಸ್ಯ, ಭಾವನೆಗಳ ಪಯಣ ಎಳೆ ಎಳೆಯಾಗಿ ಅನಾವರಣಗೊಳ್ಳುತ್ತಾ ಹೋಗುತ್ತದೆ.",2,"ನೂಲಿನ ಎಳೆ, ಸೂತ್ರ",A thread of yarn
ಎಳೆ,ಎಳೆ ಬರುವಂತೆ ಪಾಕ ಮಾಡಿ ಒಲೆಯಿಂದ ಇಳಿಸಿ ಆರಲು ಬಿಡಿ.,2,"ನೂಲಿನ ಎಳೆ, ಸೂತ್ರ",A thread of yarn
ಎಳೆ,ಕ್ಷಣಾರ್ಧದಲ್ಲಿ ಗುಂಪಿನ ಮನಸ್ಥಿತಿಯೇ ಬದಲಾಯಿತು ಎಂದು ಗುಂಪು ಉದ್ರಿಕ್ತ ರೂಪ ಪಡೆದದ್ದನ್ನು ಎಳೆ ಎಳೆಯಾಗಿ ಬಿಡಿಸಿ ಇಟ್ಟರು.,2,"ನೂಲಿನ ಎಳೆ, ಸೂತ್ರ",A thread of yarn
ಎಳೆ,ಕ್ಲಾಸ್- ಮಾಸ್ ಸಿನಿಮಾಗಳ ನಡುವೆ ಮಾನವ ಸಂಬಂಧಗಳ ಎಳೆ ಇಟ್ಟುಕೊಂಡು ಮಂಸೋರೆ ಕಟ್ಟಿಕೊಟ್ಟಿರೋ ಬಹಳ ವಿಭಿನ್ನ ಸಿನಿಮಾ ಇದು.,2,"ನೂಲಿನ ಎಳೆ, ಸೂತ್ರ",A thread of yarn
ಎಳೆ,ವೆಂಕಟಸುಬ್ಬಯ್ಯ ಅವರು ತಮ್ಮ ನೆನಪಿನ ಅಂಗಳದಿಂದ ಎಳೆ ಎಳೆಯಾಗಿ ಬಿಚ್ಚಿಟ್ಟರು.,2,"ನೂಲಿನ ಎಳೆ, ಸೂತ್ರ",A thread of yarn
ಎಳೆ,ಖಾಸಗಿ ಸಾರಿಗೆ ಸಂಸ್ಥೆಯೊಂದಿಗೆ ಶಾಮೀಲಾಗಿ ರಾಜ್ಯ ರಸ್ತೆ ಸಾರಿಗೆ ಸಂಸ್ಥೆಯು ಕರ್ನಾಟಕದಲ್ಲಿ ನಷ್ಠದಿಂದ ಓಡಲು ಪ್ರೋತ್ಸಾಯಿಸುತ್ತಿರುವುದನ್ನು ಅವರು ಎಳೆ ಎಳೆಯಾಗಿ ವಿವರಿಸಿದರು.,2,"ನೂಲಿನ ಎಳೆ, ಸೂತ್ರ",A thread of yarn
ಎಳೆ,"ನಂತರ ಸಿಪಿಐ(ಎಂ) ಮುಖಂಡರು ಭಟ್ಕಳ ತಾಲ್ಲೂಕಿನಲ್ಲಿ ಆದ ಅವೈಜ್ಞಾನಿಕ ಸರ್ವೇ, ಕಾರ್ಡು ಹಂಚಿಕೆಯಲ್ಲಿ ಭ್ರಷ್ಟಾಚಾರದ ಕುರಿತು ಎಳೆ ಎಳೆಯಾಗಿ ವಿವರಿಸಿದರು.",2,"ನೂಲಿನ ಎಳೆ, ಸೂತ್ರ",A thread of yarn
ಎಳೆ,ಶತಮಾನದ ಹಿಂದೆ ಬ್ರಿಟಿಷ್‌ ಆಡಳಿತ ಹಾಗೂ ಮೈಸೂರು ಸಂಸ್ಥಾನಗಳು ಮಾಡಿಕೊಂಡ ಒಪ್ಪಂದವು ಈಗ ಅನ್ವಯವಾಗದು ಎಂದು ಅವರು ತಮ್ಮ ವಾದದಲ್ಲಿ ಎಳೆ ಎಳೆಯಾಗಿ ಬಿಡಿಸಿಟ್ಟರು.,2,"ನೂಲಿನ ಎಳೆ, ಸೂತ್ರ",A thread of yarn
ಕಣ,ಇಲ್ಲವೆ ಸ್ವತಃ ರೈತರೇ ಸಹಕಾರದ ಮೂಲಕ ಕಣ ನಿರ್ಮಿಸಿಕೊಂಡು ಈ ಸಮಸ್ಯೆ ಬಗೆಹರಿಸಿಕೊಳ್ಳಬೇಕು.,1,ಧಾನ್ಯಗಳನ್ನು ಒಕ್ಕುವುದಕ್ಕಾಗಿ ಸಿದ್ಧಪಡಿಸಿದ ಸ್ಥಳ,A place prepared for threshing grains
ಕಣ,ಉತ್ತರೆ ಮಳೆ ಬಂದರೆ ರಾಗಿ ಬೆಳೆ ರೈತರ ಕಣ ಸೇರುವುದು ನಿಶ್ಚಿತ ಎಂದು ಬೊಮ್ಮೆನಹಳ್ಳಿಯ ಹಿರಿಯ ರೈತ ಪರಮಶಿವಯ್ಯ ಹೇಳುತ್ತಾರೆ.,1,ಧಾನ್ಯಗಳನ್ನು ಒಕ್ಕುವುದಕ್ಕಾಗಿ ಸಿದ್ಧಪಡಿಸಿದ ಸ್ಥಳ,A place prepared for threshing grains
ಕಣ,ಈ ಅಕ್ರಮ ದಾಸ್ತಾನುಗಳು ಹರತಾಳು ನಾಗರಾಜ್ ಅವರ ಜಮೀನು ಸರ್ವೆ ನಂಬರ್ ಬಳಿ ಇದ್ದು ಇವರಿಗೆ ಶುಂಠಿ ಕಣ ಮಾಡಲು ಈ ಮರಗಳನ್ನ ಕತ್ತರಿಸಲಾಗಿದೆ ಎಂದು ಹರತಾಳು ನಾಗರಾಜ್ ವಿಚಾರಣೆ ವೇಳೆ ತಿಳಿಸಿರುತ್ತಾರೆ.,1,ಧಾನ್ಯಗಳನ್ನು ಒಕ್ಕುವುದಕ್ಕಾಗಿ ಸಿದ್ಧಪಡಿಸಿದ ಸ್ಥಳ,A place prepared for threshing grains
ಕಣ,ಅಂದರೆ ಕಣ ಸುಗ್ಗಿಯ ಸಂಭ್ರಮದ ಕ್ಷಣ.,1,ಧಾನ್ಯಗಳನ್ನು ಒಕ್ಕುವುದಕ್ಕಾಗಿ ಸಿದ್ಧಪಡಿಸಿದ ಸ್ಥಳ,A place prepared for threshing grains
ಕಣ,ಭತ್ತ ಬಗ ಉದುರುವ ಸ್ವಭಾವದ ಬೆಳೆಯಾದುದರಿಂದ ಅದನ್ನು ಕಣ ಮಾಡಿಯೇ ಕೊಯಲು ಮಾಡುತ್ತಾರೆ.,1,ಧಾನ್ಯಗಳನ್ನು ಒಕ್ಕುವುದಕ್ಕಾಗಿ ಸಿದ್ಧಪಡಿಸಿದ ಸ್ಥಳ,A place prepared for threshing grains
ಕಣ,"ತಾಲ್ಲೂಕಿನ ಗಂಗಾವತಿ, ವೆಂಕಟಗಿರಿ, ಆನೆಗೊಂದಿ, ಮರಳಿ, ಸಿದ್ದಾಪುರ ಮತ್ತು ಕಾರಟಗಿ ಹೋಬಳಿ ವ್ಯಾಪ್ತಿಯ ತುಂಗಭದ್ರಾ ಎಡದಂಡೆ ಕಾಲುವೆ ಮತ್ತು ನದಿ ಆಶ್ರಯದಲ್ಲಿ ಬೆಳೆದ ಸುಮಾರು 34 ಸಾವಿರ ಹೆಕ್ಟೇರಿನ ಪೈಕಿ 12 ಸಾವಿರ ಹೆಕ್ಟೇರ್‌ ಪ್ರದೇಶದ ಭತ್ತ ಬೆಳೆದ ರೈತರಿಗೀಗ ಕಣ ಮಾಡುವುದೇ ಸಮಸ್ಯೆ.",1,ಧಾನ್ಯಗಳನ್ನು ಒಕ್ಕುವುದಕ್ಕಾಗಿ ಸಿದ್ಧಪಡಿಸಿದ ಸ್ಥಳ,A place prepared for threshing grains
ಕಣ,"ಅಸಲಿಗೆ ಹೊಲದ ಕೆಲಸ, ರಾಗಿ ಕಣ ಎಂದೆಲ್ಲ ಅವರು ರಜೆ ಮುಗಿಸಿ ಕಾಲೇಜಿಗೆ ಬರುವುದೇ ನಿಧಾನವಾಗಿ.",1,ಧಾನ್ಯಗಳನ್ನು ಒಕ್ಕುವುದಕ್ಕಾಗಿ ಸಿದ್ಧಪಡಿಸಿದ ಸ್ಥಳ,A place prepared for threshing grains
ಕಣ,ಗಾಳಿ ಬಂದಾಗ ಎಲ್ಲರೂ ಮೊರ ಹಿಡಿದು ತೂರಿದ ನಂತರ ಉಳಿಯುವ ಶುದ್ಧ ರಾಗಿಯನ್ನು ರಾಶಿ ಹಾಕಿ ಅದರ ಮೇಲೆ ಹೂವು ಹಾಕಿ ಪೂಜೆ ಮಾಡಿ ಮನೆಗೆ ಸಾಗಿಸುವ ಕಾರ್ಯದೊಂದಿಗೆ ಕಣ ಸುಗ್ಗಿ ಮುಗಿಯುತ್ತಿತ್ತು.,1,ಧಾನ್ಯಗಳನ್ನು ಒಕ್ಕುವುದಕ್ಕಾಗಿ ಸಿದ್ಧಪಡಿಸಿದ ಸ್ಥಳ,A place prepared for threshing grains
ಕಣ,ಶ್ರೀಮಂಗಲ- ಕುಟ್ಟ ಹೆದ್ದಾರಿ ಬದಿಯಲ್ಲಿರುವ ಕೋಳೇರ ರವಿ ಕಾರ್ಯಪ್ಪ ಅವರ ಕಾಫಿ ಕಣ ಹಾಗೂ ಕುಟ್ಟದ ಮೇರಿಲ್ಯಾಂಡ್ ಎಸ್ಟೇಟ್‍ನ ಚೆಕ್ಕೇರ ದೇವಯ್ಯ ಅವರ ಮನೆಯ ಮುಂಭಾಗದಲ್ಲಿ ಗ್ರಹಣ ವೀಕ್ಷಣೆಗೆ ಕರ್ನಾಟಕ ರಾಜ್ಯ ವಿಜ್ಞಾನ ಪರಿಷತ್ ವತಿಯಿಂದ ಸೂಕ್ತ ವ್ಯವಸ್ಥೆ ಮಾಡಲಾಗಿತ್ತು.,1,ಧಾನ್ಯಗಳನ್ನು ಒಕ್ಕುವುದಕ್ಕಾಗಿ ಸಿದ್ಧಪಡಿಸಿದ ಸ್ಥಳ,A place prepared for threshing grains
ಕಣ,ಯೋಗ್ಯ ಬೆಲೆಯೂ ಸಿಗುತ್ತಿಲ್ಲ: ರೈತರು ಕಣ ಇಲ್ಲದೇ ಇರುವುದರಿಂದ ಬೆಳೆಗಳನ್ನು ತಮ್ಮೂರಿನ ರಸ್ತೆ ಮೇಲೆ ಒಂದಿಷ್ಟು ಒಣಗಿಸಿಕೊಳ್ಳುತ್ತಾರೆ.,1,ಧಾನ್ಯಗಳನ್ನು ಒಕ್ಕುವುದಕ್ಕಾಗಿ ಸಿದ್ಧಪಡಿಸಿದ ಸ್ಥಳ,A place prepared for threshing grains
ಕಣ,"ಜೋಳಿಗೆಯಲ್ಲಿ ಪಂಚಾಂಗ ತ್ತು ಭವಿಷ್ಯ ಹೇಳುವ ಹೊತ್ತಿಗೆಯನ್ನಿಟ್ಟುಕೊಂಡು ಊರಿನಲ್ಲಿ ಸುತ್ತಾಡುತ್ತಾ ಯಾರಾದರೂ ಮಳೆ, ಬೆಳೆ, ಬಿತ್ತುವ, ಕೊಯ್ಯುವ, ಕಣ ಮಾಡುವ, ರಾಶಿ ಮಾಡುವ, ಎತ್ತು ಖರೀದಿಸುವ ಮುಂತಾದ ವಿಷಯಗಳ ಬಗ್ಗೆ ಕೇಳಿದರೆ ಅವರಿಗೆ ವಿವರವಾದ ಮಾಹಿತಿಯನ್ನು ಹೇಳುತ್ತಾರೆ.",1,ಧಾನ್ಯಗಳನ್ನು ಒಕ್ಕುವುದಕ್ಕಾಗಿ ಸಿದ್ಧಪಡಿಸಿದ ಸ್ಥಳ,A place prepared for threshing grains
ಕಣ,"ಮುತ್ತೈದೆ ಮಹಾದೇವಿಯಾದ ಕನಕದುರ್ಗೆಗೆ ಅಕ್ಕಿ-ಬೇಳೆ, ಬೆಲ್ಲ-ಕೊಬ್ಬರಿ, ಕಣ ನೀಡಿ ಹರಕೆ ತೀರಿಸಿದರು",1,ಧಾನ್ಯಗಳನ್ನು ಒಕ್ಕುವುದಕ್ಕಾಗಿ ಸಿದ್ಧಪಡಿಸಿದ ಸ್ಥಳ,A place prepared for threshing grains
ಕಣ,"ಜೀವಸತ್ವ B9 (ಫಾಲಿಕ್ ಆಮ್ಲ) ಬಿಳಿ ರಕ್ತ ಕಣ ಅಭಿವೃದ್ಧಿಯಲ್ಲಿ ಕೋಶಗಳ ವಿಭಜನೆಯ ಪ್ರಕ್ರಿಯೆಯಲ್ಲಿ, ಚಯಾಪಚಯ ಒಳಗೊಂಡಿರುವ ಪ್ರವಾಹವನ್ನು ಸಂಶ್ಲೇಷಣೆಯಲ್ಲಿ ಕಾಣಬರುತ್ತದೆ ಇದೆ.",2,ಪದಾರ್ಥದ ಅತ್ಯಂತ ಸೂಕ್ಷ್ಮವಾದ ಅಂಶ/ಅಣು,Particle
ಕಣ,ಲ್ಯೂಕೊಸೈಟೊಸಿಸ್ ಪ್ರಕಾರಕ್ಕೆ ಅನುಗುಣವಾಗಿ ವಿಭಿನ್ನವಾಗಿ ರಕ್ತ ಪರೀಕ್ಷೆಯಲ್ಲಿ ಬಿಳಿ ರಕ್ತ ಕಣ ಮೌಲ್ಯವನ್ನು ಡೀಕೋಡ್ ಫಲಿತಾಂಶಗಳು ವ್ಯಾಖ್ಯಾನಿಸುವ ಅಗತ್ಯ.,2,ಪದಾರ್ಥದ ಅತ್ಯಂತ ಸೂಕ್ಷ್ಮವಾದ ಅಂಶ/ಅಣು,Particle
ಕಣ,"ನಿಯಮದಂತೆ, ಮಕ್ಕಳ ಬಿಳಿ ರಕ್ತ ಕಣ ವೈರಲ್ ಸೋಂಕು, ಉರಿಯೂತ, ಕರುಳಿನ ಸಮಸ್ಯೆಗಳು ವಿವಿಧ ಸೂಚಿಸುತ್ತದೆ ಹೆಚ್ಚಾಯಿತು.",2,ಪದಾರ್ಥದ ಅತ್ಯಂತ ಸೂಕ್ಷ್ಮವಾದ ಅಂಶ/ಅಣು,Particle
ಕಣ,ಲಿಂಫೋಸೈಟ್ಸ್ ಸಾಮಾನ್ಯ ಸಂಖ್ಯೆ ಯಾವುದೇ ವಯಸ್ಕ ರಕ್ತದ ಒಟ್ಟು ಬಿಳಿ ರಕ್ತ ಕಣ ಶೇಕಡಾ ನಲವತ್ತು ಒಳಗೆ ರಲ್ಲಿ.,2,ಪದಾರ್ಥದ ಅತ್ಯಂತ ಸೂಕ್ಷ್ಮವಾದ ಅಂಶ/ಅಣು,Particle
ಕಣ,ಪ್ರೋಟಾನ್ ಕಣ ತೂಕದ ಕಣ ; ಎಲೆಕ್ಟ್ರಾನ್‌ಗಿ೦ತ ಸುಮಾರು ೨೦೦೦ದಷ್ಟು ಹೆಚ್ಚು ತೂಕ.,2,ಪದಾರ್ಥದ ಅತ್ಯಂತ ಸೂಕ್ಷ್ಮವಾದ ಅಂಶ/ಅಣು,Particle
ಕಣ,"* ಇದರಲ್ಲಿರುವ ವಿಟಮಿನ್ ಸಿ ಜೀವಸತ್ವವು ಮೂಳೆ, ಹಲ್ಲಿನ ರಚನೆ, ಜೀರ್ಣಕ್ರಿಯೆ ಮತ್ತು ರಕ್ತ ಕಣ ರಚನೆಯಲ್ಲಿ ಪ್ರಮುಖ ಪಾತ್ರವಹಿಸುತ್ತದೆ.",2,ಪದಾರ್ಥದ ಅತ್ಯಂತ ಸೂಕ್ಷ್ಮವಾದ ಅಂಶ/ಅಣು,Particle
ಕಣ,"ಸ್ಥೂಲಕಾಯತೆ, ಮೂಗಿನ ಅಲರ್ಜಿಗಳು, ನರಸ್ನಾಯುಕ ರೋಗಗಳು, ನಿದ್ರಾಜನಕ ಪರಿಣಾಮಗಳೊಂದಿಗೆ ಔಷಧಿಗಳ ಬಳಕೆ, ಕುಡಗೋಲು ಕಣ ರಕ್ತಹೀನತೆ, ಮತ್ತು ಒಎಸ್ಎಯ ಕುಟುಂಬದ ಇತಿಹಾಸವು ಮಕ್ಕಳಲ್ಲಿ ಸ್ಲೀಪ್ ಅಪ್ನಿಯ ಬೆಳವಣಿಗೆಗೆ ಅಪಾಯಕಾರಿ ಅಂಶಗಳಾಗಿವೆ.",2,ಪದಾರ್ಥದ ಅತ್ಯಂತ ಸೂಕ್ಷ್ಮವಾದ ಅಂಶ/ಅಣು,Particle
ಕಣ,ಫಿಸಿಶಿಯನ್ಸ್ ಕೆಳಗಿನ ಮೂತ್ರದಲ್ಲಿ ಬಿಳಿ ರಕ್ತ ಕಣ ತಕ್ಷಣದ ಹೆಚ್ಚಳವನ್ನು ಉಂಟುಮಾಡುತ್ತದೆ ಇವೆ:,2,ಪದಾರ್ಥದ ಅತ್ಯಂತ ಸೂಕ್ಷ್ಮವಾದ ಅಂಶ/ಅಣು,Particle
ಕಣ,ಹೇಗ್ ಕೆಲ್ಸ ಮಾಡತ್ತೆ : ಆವಿ ನಮ್ ಚರ್ಮದ್ ಕಣ ಕಣಕ್ಕೂ ಆಳವಾಗಿ ತೂರತ್ತೆ.,2,ಪದಾರ್ಥದ ಅತ್ಯಂತ ಸೂಕ್ಷ್ಮವಾದ ಅಂಶ/ಅಣು,Particle
ಕಣ,ಬಿಳಿ ರಕ್ತ ಕಣ ಸಂಖ್ಯೆ ಮೂತ್ರ ಅಂಗಗಳಲ್ಲಿ ಉರಿಯೂತದ ಪ್ರಕ್ರಿಯೆಗಳಲ್ಲಿ ಹೆಚ್ಚಿಸುತ್ತದೆ.,2,ಪದಾರ್ಥದ ಅತ್ಯಂತ ಸೂಕ್ಷ್ಮವಾದ ಅಂಶ/ಅಣು,Particle
ಕಣ,ಸ್ವಯಂ ಪ್ರೇರಿತ ರಕ್ತದಾನ ಶಿಬಿರ ರಕ್ತದ ಕಣ ಕಣವೂ ಬದುಕಿನ ಜೀವಿತಾವಧಿಯ ಕುರುಹು.,2,ಪದಾರ್ಥದ ಅತ್ಯಂತ ಸೂಕ್ಷ್ಮವಾದ ಅಂಶ/ಅಣು,Particle
ಕಣ,"ಕೆನ್ - ಕೂದಲು ಆಳವಾಗಿ ವ್ಯಾಪಿಸಿರುವ ಮತ್ತು ಐದು ಬೃಹತ್ ಕಣ ಹೊರಹೊಮ್ಮುವ ಒಂದು ಅನನ್ಯ ಅಣು nitrone, ಒಳಗೊಂಡಿರುವ ಕೂದಲು ಡೈ.",2,ಪದಾರ್ಥದ ಅತ್ಯಂತ ಸೂಕ್ಷ್ಮವಾದ ಅಂಶ/ಅಣು,Particle
ಕಣ,"ಸಾಮಾನ್ಯವಾಗಿ, ರೋಗ ಉಪಸ್ಥಿತಿಯಲ್ಲಿ ಇದು, ಬಿಳಿ ರಕ್ತ ಕಣ ಅತಿ ಹೆಚ್ಚಿನ ಮಟ್ಟವನ್ನು ತೋರಿಸುತ್ತದೆ ಕ್ಷಿಪ್ರ ಇಳಿಮುಖ ಕಾಣಬರುತ್ತದೆ.",2,ಪದಾರ್ಥದ ಅತ್ಯಂತ ಸೂಕ್ಷ್ಮವಾದ ಅಂಶ/ಅಣು,Particle
ಕಣ,ಏಕ ಕಣ ಜೀವಿಗಳಾದ ಫ್ರೋಟೋಜೋವಾದಿಂದ ಹಿಡಿದು ಮನುಷ್ಯನವರೆಗೆ ವ್ಯಾಪಿಸಿರುವ ಹನ್ನೊಂದು ಮಿಲಿಯನ್ ಪ್ರಾಣಿಸಂಕುಲಗಳನ್ನು ಈ ಭೂಮಿ ಪೋಷಿಸುತ್ತಿದೆ.,2,ಪದಾರ್ಥದ ಅತ್ಯಂತ ಸೂಕ್ಷ್ಮವಾದ ಅಂಶ/ಅಣು,Particle
ಕಣ,"ಮಕ್ಕಳು ಮತ್ತು ವಯಸ್ಕರಲ್ಲಿ ವಿವರಣೆ ವೈಯಕ್ತಿಕ ರೂಪಗಳು ಬಿಳಿ ರಕ್ತ ಕಣ (ಬಾಸೊಫಿಲ್, ನ್ಯೂಟ್ರೋಫಿಲ್ಸ್ಗಳಲ್ಲಿ ಮೋನೊಸೈಟ್ಸ್, ಲಿಂಫೋಸೈಟ್ಸ್, ಇತ್ಯಾದಿ) ಡೇಟಾವನ್ನು ಹೊಂದಿರುತ್ತದೆ ನಿಯತಾಂಕಗಳನ್ನು ಲ್ಯೂಕೊಸೈಟ್ ಗುಂಪು ಸೂಚಿಸುವ ಒಳಗೊಂಡಿರುತ್ತದೆ.",2,ಪದಾರ್ಥದ ಅತ್ಯಂತ ಸೂಕ್ಷ್ಮವಾದ ಅಂಶ/ಅಣು,Particle
ಕಣ,Home ಕನ್ನಡ ವಾರ್ತೆಗಳು ಕರಾವಳಿ ಬಿಳಿ ರಕ್ತ ಕಣ ಹೆಚ್ಚು ಮಾಡಿಕೊಂಡರೆ ದೇಹಕ್ಕೆ ಯಾವುದೇ ಖಾಯಿಲೆ ಬರೋದಿಲ್ಲ ನಿಜಾನಾ.,2,ಪದಾರ್ಥದ ಅತ್ಯಂತ ಸೂಕ್ಷ್ಮವಾದ ಅಂಶ/ಅಣು,Particle
ಕಣ,"ರಕ್ತ, ಒಂದು ವಸ್ತು ವಸ್ತುವನ್ನು ರಕ್ತಪರಿಚಲನಾ ವ್ಯವಸ್ಥೆಯ ಎರಡು ಭಾಗಗಳನ್ನು ಒಳಗೊಂಡಿದೆ: ಎ ದೃವ ಅಥವಾ ಪ್ಲಾಸ್ಮಾ, ಹಾಗೂ ಒಣ ಕೋಳಿ ರೂಪುಗೊಂಡ ಅಂಶಗಳನ್ನು (ಕಿರುಬಿಲ್ಲೆಗಳು, ಬಿಳಿ ರಕ್ತ ಕಣ ಮತ್ತು ಎರಿಥ್ರೋಸೈಟ್).",2,ಪದಾರ್ಥದ ಅತ್ಯಂತ ಸೂಕ್ಷ್ಮವಾದ ಅಂಶ/ಅಣು,Particle
ಕಣ,ಕೆಂಪು ರಕ್ತ ಕಣಗಳು ಶ್ವಾಸಕೋಶದಿಂದ ಆಮ್ಲಜನಕವನ್ನು ದೇಹದ ಕಣ ಕಣ ಗಳಿಗೂ ಸಾಗಿಸುವ ವಾಹಕವಾದರೆ ಬಿಳಿರಕ್ತ ಕಣಗಳು ರೋಗಾಣುಗಳನ್ನು ನಾಶ ಪಡಿಸುವ ಸೈನಿಕರಾಗಿರುತ್ತವೆ.,2,ಪದಾರ್ಥದ ಅತ್ಯಂತ ಸೂಕ್ಷ್ಮವಾದ ಅಂಶ/ಅಣು,Particle
ಕಣ,ಬಿಳಿ ರಕ್ತ ಕಣ ಮತ್ತು ಕಿರುಬಿಲ್ಲೆಗಳು ರಚನೆಯನ್ನು ಭಿನ್ನವಾಗಿದೆ.,2,ಪದಾರ್ಥದ ಅತ್ಯಂತ ಸೂಕ್ಷ್ಮವಾದ ಅಂಶ/ಅಣು,Particle
ಕಣ,ತರುವಾಯ ಕ್ಯಾನ್ಸರ್ ಕಣ ರೂಪಾಂತರವು ಸಂಭವಿಸುತ್ತದೆ.,2,ಪದಾರ್ಥದ ಅತ್ಯಂತ ಸೂಕ್ಷ್ಮವಾದ ಅಂಶ/ಅಣು,Particle
ಕಣ,ಬಾಹ್ಯ ರಕ್ತದಲ್ಲಿ ನಾರ್ಮ ಬಿಳಿ ರಕ್ತ ಕಣ - ಸೂಚಕಗಳು ಮಾಡಬೇಕು ಮಾರ್ಗದರ್ಶನ ಮೇಲೆ,2,ಪದಾರ್ಥದ ಅತ್ಯಂತ ಸೂಕ್ಷ್ಮವಾದ ಅಂಶ/ಅಣು,Particle
ಕಣ,ಕ್ವಾಂಟಮ್ ಗುರುತ್ವ ಸಾಮಾನ್ಯ ಸಾಪೇಕ್ಷತೆ ಮತ್ತು ಕಣ ಭೌತಶಾಸ್ತ್ರದ ಪ್ರಮಾಣಿತ ಮಾದರಿಯನ್ನು ಒಳಗೊಂಡಿರುವ ಒಂದು ಸಿದ್ಧಾಂತವನ್ನು ರಚಿಸಲು ಸೈದ್ಧಾಂತಿಕ ಭೌತಶಾಸ್ತ್ರದ ಪ್ರಯತ್ನವಾಗಿದೆ.,2,ಪದಾರ್ಥದ ಅತ್ಯಂತ ಸೂಕ್ಷ್ಮವಾದ ಅಂಶ/ಅಣು,Particle
ಕಣ,Home ಪ್ರಾದೇಶಿಕ ಬೆಂಗಳೂರು 1 ತಿಂಗಳಲ್ಲಿ ಒಂದು ಕ್ಯೂಬಿಕ್ ಸೆಂಟಿಮೀಟರ್ ಧೂಳಿನ ಕಣ ಸಂಗ್ರಹ: ನಾಗರಿಕರಲ್ಲಿ ಹೆಚ್ಚಿದ ಆತಂಕ,2,ಪದಾರ್ಥದ ಅತ್ಯಂತ ಸೂಕ್ಷ್ಮವಾದ ಅಂಶ/ಅಣು,Particle
ಕಣ,ಒಂದು ರಕ್ತ ವಿಶ್ಲೇಷಣೆ ಹಿಮೋಗ್ಲೋಬಿನ್ಗಳು ಮತ್ತು ಪ್ಲೇಟ್ಲೆಟ್ ಮಟ್ಟದ ಕಡಿಮೆಯಾಗುತ್ತದೆ ಮತ್ತು ಬಿಳಿ ರಕ್ತ ಕಣ ಹೆಚ್ಚಾಗುತ್ತದೆ ಪರಿಮಾಣಾತ್ಮಕ ವಿಷಯ ತೋರಿಸುತ್ತದೆ.,2,ಪದಾರ್ಥದ ಅತ್ಯಂತ ಸೂಕ್ಷ್ಮವಾದ ಅಂಶ/ಅಣು,Particle
ಕಣ,ಮಣ್ಣಿನ ಭೌತಿಕ ಗುಣಧರ್ಮಗಳಾದ ಮಣ್ಣಿನ ಕಣ ರಚನೆಯ ಮೇಲೆ ಪ್ರಭಾವ ಬೀರಿ ನೀರು ಹಿಡಿದಿಡುವ ಸಾಮಥ್ರ್ಯವನ್ನು ಹೆಚ್ಚಿಸುತ್ತದೆ.,2,ಪದಾರ್ಥದ ಅತ್ಯಂತ ಸೂಕ್ಷ್ಮವಾದ ಅಂಶ/ಅಣು,Particle
ಕಣ,"ನಮ್ಮ ರಕ್ತದಲ್ಲಿ, ಬಿಳಿ ರಕ್ತ ಕಣ ಅನೇಕ ರೀತಿಯ (ಮುಂದಿನ ಭಾಗ ಇವುಗಳ ಬಗ್ಗೆ ಹೆಚ್ಚಿನ), ಮತ್ತು ಅವುಗಳನ್ನು ಪ್ರತಿಯೊಂದು ತನ್ನದೇ ಕೆಲಸವನ್ನು ಕೈಗೆತ್ತಿಕೊಳ್ಳುತ್ತದೆ.",2,ಪದಾರ್ಥದ ಅತ್ಯಂತ ಸೂಕ್ಷ್ಮವಾದ ಅಂಶ/ಅಣು,Particle
ಕಣ,"ಈ ಘಟನೆಗಳ ರೆಕಾರ್ಡೆಡ್ ಕಣ ಭೌತಶಾಸ್ತ್ರ, ಸಹ ವೇಗವರ್ಧಕ ಸ್ಥಾನದ ಸ್ಥಳವಾಗಿದೆ ಯಾರು ಯುರೋಪಿಯನ್ ಪ್ರಯೋಗಾಲಯ ಇದೆ ಇದು LHC ವ್ಯವಸ್ಥೆಯ ಡೇಟಾ ಸೆಂಟರ್ ಆರ್ಕೈವ್ ಇರುತ್ತದೆ.",2,ಪದಾರ್ಥದ ಅತ್ಯಂತ ಸೂಕ್ಷ್ಮವಾದ ಅಂಶ/ಅಣು,Particle
ಕಣ,"ಲ್ಯಾಮಿನೇಟ್ ಕೌಂಟರ್ಗಳು ಒಂದು ಕಣ ಹಲಗೆ ಬೇಸ್, ಇದು ಲ್ಯಾಮಿನೇಟ್ ಶೀಟ್ನೊಂದಿಗೆ ಅಗ್ರಸ್ಥಾನದಲ್ಲಿದೆ, ಅದು ರೆಸಿನ್-ಲೇಪಿತ ಕಾಗದದಿಂದ ಕೂಡಿದೆ.",2,ಪದಾರ್ಥದ ಅತ್ಯಂತ ಸೂಕ್ಷ್ಮವಾದ ಅಂಶ/ಅಣು,Particle
ಕಣ,"ಸಿಎಡಿ ರೋಗನಿರೋಧಕ ಹೆಮೋಲಿಟಿಕ್ ರಕ್ತಹೀನತೆ ಕಾರಣ, ನೇರ ಆಂಟಿಗ್ಲೋಬ್ಯುಲಿನ್ ಪರೀಕ್ಷೆ (ಡಾಟ್ ಅಥವಾ ನೇರ ಕೂಂಬ್ಸ್ ಟೆಸ್ಟ್) ಧನಾತ್ಮಕವಾಗಿರುತ್ತದೆ, ಇದು ಕೆಂಪು ರಕ್ತ ಕಣ ಪ್ರತಿಕಾಯಗಳ ಉಪಸ್ಥಿತಿಯನ್ನು ಸೂಚಿಸುತ್ತದೆ.",2,ಪದಾರ್ಥದ ಅತ್ಯಂತ ಸೂಕ್ಷ್ಮವಾದ ಅಂಶ/ಅಣು,Particle
ಕಣ,"ಸಿಗರೇಟ್ ಹೊಗೆ, ಗಾಳಿಯ ಮೂಲಕ ಪ್ಲಾಸ್ಮಾದಂತಹ ಏಲಿಯನ್ ಕಣ ದೇಹಕ್ಕೆ ಸೇರಿ ಮೂವರು ಸದಸ್ಯರು ಒಬ್ಬೊಬ್ಬರಾಗಿ ರಕ್ತ ಕಾರಿಕೊಂಡು ಭೀಕರವಾಗಿ ಸಾಯುತ್ತಾರೆ.",2,ಪದಾರ್ಥದ ಅತ್ಯಂತ ಸೂಕ್ಷ್ಮವಾದ ಅಂಶ/ಅಣು,Particle
ಕಣ,"ಒಟ್ಟಾಗಿ ಚೈನ್ಡ್, ಅವರು ಒಂದು ದೊಡ್ಡ ಬೃಹತ್ ಕಣ ರೂಪಿಸುತ್ತವೆ.",2,ಪದಾರ್ಥದ ಅತ್ಯಂತ ಸೂಕ್ಷ್ಮವಾದ ಅಂಶ/ಅಣು,Particle
ಕಣ,"ಸ್ಮೀಯರ್ ಸೈಟಾಲಜಿ ಬಿಳಿ ರಕ್ತ ಕಣ ಗಮನಾರ್ಹ ಸಂಖ್ಯೆಯ ತೋರಿಸಿದರು, ಈ ಉರಿಯೂತ ಸೂಚಿಸುತ್ತದೆ.",2,ಪದಾರ್ಥದ ಅತ್ಯಂತ ಸೂಕ್ಷ್ಮವಾದ ಅಂಶ/ಅಣು,Particle
ಕಣ,ರಕ್ತದಾನ ಮಾಡಿದ ಕೆಲವೇ ನಿಮಿಷಗಳಲ್ಲಿ ಹೊಸ ರಕ್ತ ಕಣ ಉತ್ಪತ್ತಿ ಆಗುತ್ತವೆ.,2,ಪದಾರ್ಥದ ಅತ್ಯಂತ ಸೂಕ್ಷ್ಮವಾದ ಅಂಶ/ಅಣು,Particle
ಕಣ,ರಕ್ತದ ಎರಿಥ್ರೋಸೈಟ್ ಮತ್ತು ಬಿಳಿ ರಕ್ತ ಕಣ ಇರುತ್ತವೆ.,2,ಪದಾರ್ಥದ ಅತ್ಯಂತ ಸೂಕ್ಷ್ಮವಾದ ಅಂಶ/ಅಣು,Particle
ಕಣ,ಕರ್ನಲ್ ಮೌಲ್ಯವನ್ನು ಇದು DNA ಕಣ ಕೂಡಿದೆಯೇ ದೊಡ್ಡದಾಗಿದೆ.,2,ಪದಾರ್ಥದ ಅತ್ಯಂತ ಸೂಕ್ಷ್ಮವಾದ ಅಂಶ/ಅಣು,Particle
ಕಣ,ಸುತ್ತೋಲೆ DNA ಕಣ ಕೆಲವು ವೈರಸ್ಗಳು ಆನುವಂಶಿಕ ಮಾಹಿತಿಯನ್ನು ಹೊಂದಬಹುದು.,2,ಪದಾರ್ಥದ ಅತ್ಯಂತ ಸೂಕ್ಷ್ಮವಾದ ಅಂಶ/ಅಣು,Particle
ಕಣ,ಹಿಮೋಗ್ಲೋಬಿನ್ ಪರೀಕ್ಷೆಯನ್ನು ಸಾಮಾನ್ಯವಾಗಿ ಸಂಪೂರ್ಣ ರಕ್ತ ಕಣ (ಸಿಬಿಸಿ) ಎಣಿಕೆಯಾಗಿ ಒಂದು ಭಾಗವಾಗಿ ಆದೇಶಿಸಲಾಗುತ್ತದೆ.,2,ಪದಾರ್ಥದ ಅತ್ಯಂತ ಸೂಕ್ಷ್ಮವಾದ ಅಂಶ/ಅಣು,Particle
ಕಣ,ಸ್ಮೀಯರ್ ರಲ್ಲಿ ಬಿಳಿ ರಕ್ತ ಕಣ ವೇಳೆ ಚಿಂತೆಯಿಲ್ಲದೆ ಹೋಗುತ್ತದೆ.,2,ಪದಾರ್ಥದ ಅತ್ಯಂತ ಸೂಕ್ಷ್ಮವಾದ ಅಂಶ/ಅಣು,Particle
ಕಣ,ಅಲ್ಲಿನ ರಸ್ತೆಗಳಲ್ಲಿ ಒ೦ದು ಕಣ ಧೂಳೂ ಕೂಡ ಇಲ್ಲ - ಇಲ್ಲಿ ನೋಡಿದರೆ ಎಲ್ಲೆಲ್ಲೂ ಧೂಳು ಅನ್ನುವವರೇ.,2,ಪದಾರ್ಥದ ಅತ್ಯಂತ ಸೂಕ್ಷ್ಮವಾದ ಅಂಶ/ಅಣು,Particle
ಕಣ,ಅಕ್ಷರದ ಎಲ್ ಬಿಳಿ ರಕ್ತ ಕಣ ಸೂಚಿಸುತ್ತದೆ.,2,ಪದಾರ್ಥದ ಅತ್ಯಂತ ಸೂಕ್ಷ್ಮವಾದ ಅಂಶ/ಅಣು,Particle
ಕಣ,ಯಾವುದೇ ವಯಸ್ಸಿನಲ್ಲಿ ಮಹಿಳೆಯರು ಪ್ರಮಾಣ ಮೀರಬಾರದು ಒಟ್ಟು ಬಿಳಿ ರಕ್ತ ಕಣ 10% ಆರು ತಿಂಗಳಿಗೊಮ್ಮೆ ಕನಿಷ್ಠ ರಕ್ತದಲ್ಲಿ ಏಕಕೋಶಗಳು ಪರೀಕ್ಷೆಗೊಳಪಡಿಸಲು ಅಗತ್ಯವಿದೆ.,2,ಪದಾರ್ಥದ ಅತ್ಯಂತ ಸೂಕ್ಷ್ಮವಾದ ಅಂಶ/ಅಣು,Particle
ಕಣ,ಚಿಕಿತ್ಸೆಯ ನಂತರ ಬಿಳಿ ರಕ್ತ ಕಣ ಸಂಖ್ಯೆಯನ್ನು ಹೆಚ್ಚಿಸಲು ಸಹಾಯ ಜನಪ್ರಿಯ ವಿಧಾನಗಳು ಸಹ ಇವೆ.,2,ಪದಾರ್ಥದ ಅತ್ಯಂತ ಸೂಕ್ಷ್ಮವಾದ ಅಂಶ/ಅಣು,Particle
ಕಣ,"ಆ ಸುತ್ತಲೂ ಸುತ್ತುತ್ತಿರುವ ನೆಗಟಿವ್ ವಿದ್ಯುತ್ ಕಣಗಳಲ್ಲಿ ಒಂದು ಸ್ವಲ್ಪ ಇಂಬ್ಯಾಲೆನ್ಸ್ ಆಯ್ತು ಅಂದರೆ, ಪಾಸಿಟಿವ್ ಹತ್ತು ಇದ್ದು ಅವು ಒಂಬತ್ತು ಇದ್ದವು ಅಂದರೆ, ನೆಗಟಿವ್ ಕಣ ಎಲೆಕ್ಟ್ರಾನ್ ಏನ್ಮಾಡ್ತವೆ.",2,ಪದಾರ್ಥದ ಅತ್ಯಂತ ಸೂಕ್ಷ್ಮವಾದ ಅಂಶ/ಅಣು,Particle
ಕಣ,"27:- ಲೋಕಸಭಾ ಚುನಾವಣಾ ಕಣ ಗರಿಗೆದರಿದ್ದು, ತೆನೆ ಕೈ ನಾಯಕರ ಭೇಟಿ ತೀವ್ರ ಕುತೂಹಲ ಮೂಡಿಸಿದೆ.",3,ರಣರಂಗ,Battlefield
ಕಣ,"ಹಾರೂಗೇರಿ 28: ರಾಯಬಾಗ ತಾಲೂಕಿನ ಕುಡಚಿ ಮತಕ್ಷೇತ್ರದಲ್ಲಿ ರಾಜ್ಯ ವಿಧಾನಸಭಾ ಚುನಾವಣಾ ಕಣ ರಂಗೇರಿದ್ದು, ಮತದಾನ ದಿನಾಂಕ ಸಮೀಪಿಸುತ್ತಿದ್ದಂತ್ತೆ ಬಿಜೆಪಿ ಹಾಗೂ ಬಿಎಸ್ಆರ್ ಕಾಂಗ್ರೇಸ್ ಕಾರ್ಯಕರ್ತರ ಮದ್ಯೆ ಶುಕ್ರವಾರ ರಾತ್ರಿ 11,30 ರ ಸಮಯದಲ್ಲಿ ಘರ್ಷಣೆ ನಡೆದಿದೆ.",3,ರಣರಂಗ,Battlefield
ಕಣ,ರಾಜ್ಯದಲ್ಲಿ ಚುನಾವಣಾ ಕಣ ರಂಗೇರುತ್ತಿವೆ.,3,ರಣರಂಗ,Battlefield
ಕಣ,ಕುಂದಾಪುರ: ಬೈಂದೂರು ಬಿಜೆಪಿ ಅಭ್ಯರ್ಥಿ ಹಾಗೂ ಕುಂದಾಪುರ ಕಾಂಗ್ರೆಸ್‌ ಅಭ್ಯರ್ಥಿ ಘೋಷಣೆಯಾಗದೆ ಹಚ್ಚಲಷ್ಟೇ ಬಾಕಿಯಿರುವ ಪಟಾಕಿಯಂತಿದ್ದ ಚುನಾವಣಾ ಕಣ ಸೋಮವಾರದಿಂದ ಕಳೆಗಟ್ಟತೊಡಗಿದೆ.,3,ರಣರಂಗ,Battlefield
ಕಣ,"ಒಟ್ಟಾರೆ ಹಾಸನ ಲೋಕಸಭಾ ಚುನಾವಣೆ ಕಣ ರಂಗೇರತೊಡಗಿದ್ದು, ಹೊಸದಾಗಿ ರಾಜಕೀಯ ಪ್ರವೇಶಿಸಿರುವ ಪ್ರಜ್ವಲ್ ಹಾಗೂ ಮಾಜಿ ಸಚಿವ ಎ.",3,ರಣರಂಗ,Battlefield
ಕಣ,ಕಣ ಚಿತ್ರಣ: ಮೈತ್ರಿ ಪಕ್ಷಗಳ ನಡುವಿನ ಸೀಟು ಹೊಂದಾಣಿಕೆ ವೇಳೆ ಕ್ಷೇತ್ರ ಉಳಿಸಿಕೊಂಡು ಕಾಂಗ್ರೆಸ್‌ ಅಭ್ಯರ್ಥಿಯಾಗಿ ಕಣಕ್ಕಿಳಿದಿರುವ ಎಂ.,3,ರಣರಂಗ,Battlefield
ಕಣ,ನಾಳೆಯಿಂದ ನಾಮಪತ್ರ ಸಲ್ಲಿಕೆ ಶುರುವಾಗುವುದರೊಂದಿಗೆ ಚುನಾವಣಾ ಕಣ ಇನ್ನಷ್ಟು ರಂಗೇರಲಿದೆ.,3,ರಣರಂಗ,Battlefield
ಕಣ,"ಹೈವೋಲ್ಟೇಜ್ ಕಣ ಮಂಡ್ಯದಲ್ಲಿ ಭರ್ಜರಿ ಪ್ರಚಾರ ನಡೆಯುತ್ತಿದೆ, ಇನ್ನೇನು ಬಹಿರಂಗ ಪ್ರಚಾರಕ್ಕೆ ಒಂದು ದಿನ ಮಾತ್ರ ಬಾಕಿ ಇದ್ದು, ಸಿ.",3,ರಣರಂಗ,Battlefield
ಕಣ,ಅಂತೆಯೇ ಭಾರಿ ಕುತೂಹಲಕ್ಕೆ ಕಾರಣವಾಗಿರುವ ಹುಣಸೂರು ಕ್ಷೇತ್ರದ ಉಪಚುನಾವಣಾ ಕಣ ರಂಗೇರಿದ್ದು ಅನರ್ಹ ಶಾಸಕ ಹೆಚ್.,3,ರಣರಂಗ,Battlefield
ಕಣ,"ಶಿಗ್ಗಾವಿ: ಸಂತ ಶಿಶುನಾಳ ಶರೀಫರ ನೆಲವಾದ ಶಿಗ್ಗಾವಿ-ಸವಣೂರ ಕ್ಷೇತ್ರದಲ್ಲಿ ಧಾರವಾಡ ಲೋಕಸಭಾ ಚುನಾವಣೆ ಕಣ ರಂಗೇರಿದ್ದು, ಪ್ರಚಾರ ಭರಾಟೆ ಭರಪೂರಾಗಿ ನಡೆದಿದೆ.",3,ರಣರಂಗ,Battlefield
ಕಣ,ಬೆಂಗಳೂರು: ರಾಜ್ಯದಲ್ಲಿ ಉಪಚುನಾವಣೆಯ ಕಣ ದಿನೇದಿನೇ ರಂಗೇರುತ್ತಿದೆ.,3,ರಣರಂಗ,Battlefield
ಕಣ,ಕ್ಷೇತ್ರದ ಕದನ ಕಣ ಸಾಕಷ್ಚು ಜಿದ್ದಾಜಿದ್ದಿನಿಂದ ಕೂಡಿತ್ತು.,3,ರಣರಂಗ,Battlefield
ಕಣ,"ಇದಕ್ಕೆ ಕಾರಣ ಬದಲಾವಣೆಗಳನ್ನು ಅಣುವಿನ ಮಟ್ಟದಲ್ಲಿ, ಒಂದು ಹೊಸ ಬೃಹತ್ ಕಣ ನಡೆಯುತ್ತಿರುವ ಸಂಗತಿಯ ಸಂಭವಿಸುತ್ತದೆ.",3,ರಣರಂಗ,Battlefield
ಕಣ,"ಬೆಂಗಳೂರು, ಆಗಸ್ಟ್ 18 : ಬಿಬಿಎಂಪಿ ಚುನಾವಣೆಗೆ ನಾಲ್ಕು ದಿನಗಳು ಬಾಕಿ ಇದ್ದು ಚುನಾವಣಾ ಪ್ರಚಾರ ಕಣ ರಂಗೇರಿದೆ.",3,ರಣರಂಗ,Battlefield
ಕಣ,ಚುನಾವಣಾ ಕಣ ರಂಗೇರುತ್ತಿದ್ದಂತೆ ಅಭ್ಯರ್ಥಿಗಳು ಆರೋಪ- ಪ್ರತ್ಯಾರೋಪಗಳಲ್ಲಿ ಮುಳುಗೇಳುತ್ತಿದ್ದಾರೆ.,3,ರಣರಂಗ,Battlefield
ಕಣ,18: ತನ್ನ 16 ವರ್ಷಗಳ ಉಪವಾಸ ಸತ್ಯಾಗ್ರಹದಿಂದ ಸುದ್ದಿಯಾಗಿದ್ದ ಮಣಿಪುರದ ಕಾರ್ಯಕರ್ತೆ ಇರೋಮ್ ಶರ್ಮಿಳಾ ಇದೀಗ ಚುನಾವಣಾ ಕಣ ಪ್ರವೇಶಿಸಲು ಸಜ್ಜಾಗಿದ್ದು ಮುಂಬರುವ ರಾಜ್ಯ ವಿಧಾನಸಭೆ ಚುನಾವಣೆಯಲ್ಲಿ ಸಾರ್ವಜನಿಕ ದೇಣಿಗೆಯ ಮೂಲಕ ನಿಧಿ ಸಂಗ್ರಹಿಸಿ ಮುಖ್ಯಮಂತ್ರಿ ಇಬೋಬಿ ಸಿಂಗ್ ವಿರುದ್ಧ ಸ್ಪರ್ಧಿಸುವುದಾಗಿ ತಿಳಿಸಿದ್ದಾರೆ.,3,ರಣರಂಗ,Battlefield
ಕಣ,ಹೊಸಕೋಟೆ ಉಪ ಚುನಾವಣೆ ಕಣ ಕುತೂಹಲಕ್ಕೆ ಕಾರಣವಾಗಿದೆ.,3,ರಣರಂಗ,Battlefield
ಕಣ,ರಾಜ್ಯದಲ್ಲಿ ಐದು ಕ್ಷೇತ್ರಗಳ ಉಪಚುನಾವಣೆ ಕಣ ರಂಗೇರಿರುವ ಸಮಯದಲ್ಲಿಯೇ ದೇವೇಗೌಡರು ಲಂಡನ್‌ಗೆ ತೆರಳುತ್ತಿರುವುದು ಕುತೂಹಲ ಮೂಡಿಸಿದೆ.,3,ರಣರಂಗ,Battlefield
ಕಣ,ಮೈಸೂರು : 2018 ರ ವಿಧಾನಸಭಾ ಚುನಾವಣೆ ಹಿನ್ನಲೆ ಚುನಾವಣಾ ಕಣ ಮೈಸೂರಿನಲ್ಲಿ ರಂಗೇರಿದೆ.,3,ರಣರಂಗ,Battlefield
ಕಣ,"ಈ ಮಧ್ಯೆ ಮತ ಪ್ರಚಾರದಲ್ಲಿ ಡಿಕೆ ಶಿವಕುಮಾರ್‍ ಎಂಟ್ರಿ ಕಾಂಗ್ರೆಸ್ ಕಾರ್‍ಯಕರ್ತರಲ್ಲಿ ಸಾಕಷ್ಟು ಲವಲವಿಕೆ ತುಂಬಿದ್ದು, ಪ್ರಚಾರದ ಕಣ ಜೋರು ಪಡೆದಿದೆ.",3,ರಣರಂಗ,Battlefield
ಕಣ,"ದೇಶದಲ್ಲಿ ಈಗ ಲೋಕಸಭಾ ಚುನಾವಣೆಯ ಕಣ ಕಾವೇರಿದ ಹಿನ್ನೆಲೆಯಲ್ಲಿ, ಫೇಸ್ ಬುಕ್ ಕೈಗೊಂಡಿರುವ ಈ ಕ್ರಮಕ್ಕೆ ಹೆಚ್ಚಿನ ಮಹತ್ವವಿದೆ.",3,ರಣರಂಗ,Battlefield
ಕಣ,"ಈ 14 ಕ್ಷೇತ್ರಗಳ ಪೈಕಿ ಮಂಡ್ಯ ಕಣ ಅತ್ಯಂತ ಹೈವೋಲ್ಟೇಜ್, ಹಾಟ್‍ಸೀಟ್ ಎನಿಸಿಕೊಂಡಿದೆ.",3,ರಣರಂಗ,Battlefield
ಕಣ,ಪಂಚ ರಾಜ್ಯಗಳ ಚುನಾವಣಾ ಕಣ ರಂಗೇರುತ್ತಿದೆ.,3,ರಣರಂಗ,Battlefield
ಕಣ,ಬಹುತೇಕ ಕಾಂಗ್ರೆಸ್ ಹಾಗೂ ಬಿಜೆಪಿ ಪಕ್ಷಗಳ ನಡುವೆ ನೇರ ಹೋರಾಟಕ್ಕೆ ಕಣ ಸಜ್ಜಾಗಿದೆ.,3,ರಣರಂಗ,Battlefield
ಕಣ,03]: ರಾಜಸ್ಥಾನ ವಿಧಾನಸಭಾ ಚುನಾವಣಾ ಕಣ ರಂಗೇರಿದೆ.,3,ರಣರಂಗ,Battlefield
ಕಣ,"ಈ ವೇಳೆಗಾಗಲೆ 13 ಅಕ್ಟೋಬರ್ 1998 ರಿಂದ 3 ಡಿಸೆಂಬರ್ 1998ರ ಅವಧಿಯಲ್ಲಿ ರಾಷ್ಟ್ರ ರಾಜಧಾನಿ ದೆಹಲಿಯ 5ನೇ ಮುಖ್ಯಮಂತ್ರಿಯಾಗಿ ಅಧಿಕಾರ ನಡೆಸಿದ್ದ ಸುಷ್ಮಾ ಸ್ವರಾಜ್, ಸೋನಿಯಾ ಗಾಂಧಿ ಚುನಾವಣಾ ರಾಜಕೀಯಕ್ಕೆ ಪ್ರವೇಶಿಸುತ್ತಿದ್ದಾರೆ ಎಂಬ ಸುದ್ದಿ ಹೊರ ಬಂದ ತಕ್ಷಣ ಅವರು ಯಾವ ಕ್ಷೇತ್ರದಿಂದ ಸ್ಪರ್ಧಿಸಿದರೂ ತಾನು ಅವರ ವಿರುದ್ಧ ಚುನಾವಣಾ ಕಣ ಪ್ರವೇಶಿಸುವ ಸೂಚನೆ ನೀಡಿದ್ದರು.",3,ರಣರಂಗ,Battlefield
ಕಣ,ಕಾವೇರಿದ್ದ ಚುನಾವಣಾ ಕಣ ಮಂಗಳವಾರ ನಡೆದ ಮತದಾನದ ನಂತರ ತಣ್ಣಗಾಗಿದೆ.,3,ರಣರಂಗ,Battlefield
ಕಣ,"ನವದೆಹಲಿ: ಪಶ್ಚಿಮ ಬಂಗಾಳದ ಚುನಾವಣಾ ಕಣ ದಿನದಿನಕ್ಕೂ ರಣಕಣವಾಗಿ ಮಾರ್ಪಟ್ಟು, ಬಿಜೆಪಿ ರಾಷ್ಟ್ರಾಧ್ಯಕ್ಷ ಅಮಿತ್ ಶಾ ರೋಡ್ ಶೋ ಮಾಡಿದ ಸಂದರ್ಭದಲ್ಲಿ ವ್ಯಾಪಕ ಹಿಂಸಾಚಾರ ನಡೆದ ಹಿನ್ನೆಲೆಯಲ್ಲಿ ಮತದಾನಕ್ಕೆ 48 ಗಂಟೆಗಳಿಗೆ ಮುಂಚಿತವಾಗಿಯೇ ಎಲ್ಲಾ ರೀತಿಯ ಚುನಾವಣಾ ಪ್ರಚಾರವನ್ನು ನಿಷೇಧಿಸಿ ಚುನಾವಣಾ ಆಯೋಗ ಆದೇಶ ಹೊರಡಿಸಿದೆ.",3,ರಣರಂಗ,Battlefield
ಕಣ,ಹೇಳಿಕೊಳ್ಳುವಂತಹ ಅಭಿವೃದ್ಧಿ ಕೆಲಸಗಳನ್ನು ಮಾಡಿಲ್ಲ - ವಿನಯ್​​ ಕುಲಕರ್ಣಿಲೋಕಸಭಾ ಕ್ಷೇತ್ರದ ಕಾಂಗ್ರೆಸ್‌ ಅಭ್ಯರ್ಥಿಯಾಗಿ ವಿನಯ ಕುಲಕರ್ಣಿಯವರು ನಾಮಪತ್ರ ಸಲ್ಲಿಸುತ್ತಿದ್ದಂತೆ ಚುನಾವಣಾ ಕಣ ರಂಗೇರಿದೆ.,3,ರಣರಂಗ,Battlefield
ಕಣ,"ಮಂಡ್ಯ ಲೋಕಸಭಾ ಚುನಾವಣಾ ಕಣ, ಜಿದ್ದಾಜಿದ್ದಿನ ಕಣ,ಹೈ ವೋಲ್ಟೇಜ್ ಕಣ ಹೀಗೆಲ್ಲಾ ಕರೆಯಲ್ಪಟ್ಟ ಚುನಾವಣಾ ಕಣದಲ್ಲಿ ಈಗ ಸುಮಲತಾ ಅವರಿಗೆ ಮಂಡ್ಯ ಜನ ಭರ್ಜರಿ ಜಯ ಸಾಧಿಸೋದಕ್ಕೆ ಅವರ ಬೆನ್ನಿಗೆ ನಿಂತು, ಮತ ಚಲಾಯಿಸಿ ವಿಜಯದ ಸವಿಯನ್ನು ಅವರಿಗೆ ನೀಡಿದೆ.",3,ರಣರಂಗ,Battlefield
ಕಣ,ಬಳ್ಳಾರಿ : ರಾಜ್ಯದಲ್ಲಿ ಉಪ ಚುನಾವಣಾ ಕಣ ರಂಗೇರುತ್ತಿದೆ.,3,ರಣರಂಗ,Battlefield
ಕಣ,ಬೆಂಗಳೂರು(ವಿಶ್ವ ಕನ್ನಡಿಗ ನ್ಯೂಸ್):-ಲೋಕಸಭಾ ಉಪಚುನಾವಣೆ ಕಣ ದಿನದಿಂದ ದಿನಕ್ಕೆ ರಂಗೇರುತ್ತಿದೆ.,3,ರಣರಂಗ,Battlefield
ಕಣ,ಚುನಾವಣಾ ನೀತಿ ಸಂಹಿತೆ ಕಟ್ಟುನಿಟ್ಟಿನ ಜಾರಿಯಿಂದ ಚಿಕ್ಕೋಡಿ-ಸದಲಗಾ ಮತ ಕ್ಷೇತದ ಉಪ ಚುನಾವಣಾ ಕಣ ಭಣಗುಡುತ್ತಿದೆ.,3,ರಣರಂಗ,Battlefield
ಕಣ,ಹೀಗಾಗಿ ಕಣ ರಂಗೇರುವ ಸಾಧ್ಯತೆ ಇದೆ.,3,ರಣರಂಗ,Battlefield
ಕಣ,12): ಹಿಂದೆಂದೂ ಕಾಣದ ರೀತಿಯಲ್ಲಿ ಈ ಬಾರಿ ರಾಜ್ಯ ವಿಧಾನಸಭಾ ಚುನಾವಣಾ ಕಣ ರಂಗೇರಿದೆ.,3,ರಣರಂಗ,Battlefield
ಕಣ,"ಲೋಕಸಭಾ ಚುನಾವಣಾ ಕಣ ರಂಗಾಗುತ್ತಿದ್ದು, ಮೈಸೂರು – ಕೊಡಗು ಕ್ಷೇತ್ರದ ಮೈತ್ರಿ ಅಭ್ಯರ್ಥಿ ಯಾರು ಎಂಬುದು ಇನ್ನೂ ಗೊಂದಲಮಯವಾಗಿದೆ.",3,ರಣರಂಗ,Battlefield
ಕಣ,ಮಂಡ್ಯದ ಚುನಾವಣಾ ಕಣ ಮುಂದಿನ ದಿನಗಳಲ್ಲಿ ಮತ್ತಷ್ಟು ರಂಗೇರಲಿದೆ .,3,ರಣರಂಗ,Battlefield
ಕಣ,"ಮೈಸೂರು: ನಂಜನಗೂಡು ಬೈ ಎಲೆಕ್ಷನ್‌ ಕಣ ದಿನದಿಂದ ದಿನಕ್ಕೆ ಸಾರ್ವಜನಿಕರ ಗಮನಸೆಳೆಯುತ್ತಿದ್ದು, ಗುರುವಾರ ಬಿಜೆಪಿ ಮುಖಂಡ ದಿವಂಗತ ಬೆಂಕಿ ಮಹದೇವು ಅವರ ಬೆಂಬಲಿಗರು ಕಾಂಗ್ರೆಸ್‌ ಪಕ್ಷ ಸೇರಿದ್ದಾರೆ.",3,ರಣರಂಗ,Battlefield
ಕಣ,"ಬೆಳಗಾವಿ: ಗೋಕಾಕ್ ಕ್ಷೇತ್ರದಲ್ಲಿ ಉಪಚುನಾವಣಾ ಕಣ ರಂಗೇರಿದ್ದು, ಕಾಂಗ್ರೆಸ್ ಅಭ್ಯರ್ಥಿ ಲಖನ್ ಜಾರಕಿಹೊಳಿ ಪರ ಪ್ರಚಾರಕ್ಕೆ ತೆರೆಳಿದ್ದ ಸತೀಶ್ ಜಾರಕಿಹೊಳಿ ಅವರಿಗೆ ಅಂಕಲಗಿ ಗ್ರಾಮದಲ್ಲಿ ಅದ್ಧೂರಿ ಸ್ವಾಗತ ಕೋರಲಾಯ್ತು.",3,ರಣರಂಗ,Battlefield
ಕಣ,"ಬೆಂಗಳೂರು: ಚುನಾವಣಾ ಕಣ ರಂಗೇರಿರುವ ಬೆನ್ನಲ್ಲೇ, ನಾಯಕರ ಬೆಂಬಲ ಸಿಗದೆೇ ಶಿವಾಜಿನಗರ ಕ್ಷೇತ್ರದ ಕಾಂಗ್ರೆಸ್ ಅಭ್ಯರ್ಥಿ ರಿಜ್ವಾನ್ ಅರ್ಷದ್ ಕಂಗಾಲಾಗಿದ್ದಾರೆ.",3,ರಣರಂಗ,Battlefield
ಕಣ,"ನಾವು ಏನನ್ನು ಗ್ರಹಿಸುತ್ತೇವೆಯೋ ಅದು ಸಂಪೂರ್ಣ ಬ್ರಹ್ಮಾಂಡವಲ್ಲ (ವಿಶ್ವವಲ್ಲ), ಆದರೆ ಕೇವಲ ಅದರ ಒಂದು ಧೂಳಿನ ಕಣ ಮಾತ್ರ ಮತ್ತದು ಮಾಯೆಯಿಂದ ಆವೃತವಾಗಿದೆ.",3,ರಣರಂಗ,Battlefield
ಕಣ,"ಬೇರೆ-ಬೇರೆ ಪಕ್ಷದಿಂದ ಅವರು ಚುನಾವಣೆಗೆ ಸ್ಪರ್ಧಿಸಿದ್ದು, 2018ರ ಚುನಾವಣೆಯ ಕಣ ಕುತೂಹಲಕ್ಕೆ ಕಾರಣವಾಗಿದೆ.",3,ರಣರಂಗ,Battlefield
ಕಣ,"ಒಟ್ಟಾರೆ ಬಿಹಾರ ಚುನಾವಣಾ ಕಣ ದಿನಕಳೆದಂತೆ ರಂಗೇರುತ್ತಿದ್ದು, ರಾಜಕೀಯ ಪಕ್ಷಗಳ ನಾಯಕರ ನಡುವಿನ ವಾಗ್ದಾಳಿ ಕೂಡ ಮುಂದುವರೆದಿದೆ.",3,ರಣರಂಗ,Battlefield
ಕಣ,"ಮೈಸೂರು, ಜನವರಿ 31 : ಸಾಂಸ್ಕೃತಿಕ ನಗರಿ ಮೈಸೂರಿನಲ್ಲಿ ಚುನಾವಣಾ ಕಣ ರಂಗೇರುತ್ತಿದೆ.",3,ರಣರಂಗ,Battlefield
ಕಣ,"ದೇಶದೆಲ್ಲೆಡೆ ಲೋಕಸಭಾ ಚುನಾವಣಾ ಕಣ ರಂಗೇರಿದ್ದು, ಮೊದಲನೇ ಹಂತದ ಯಶಸ್ವಿ ಮತದಾನದ ಬಳಿಕ ಇಂದು ಎರಡನೇ ಹಂತದ ಮತದಾನ ಆರಂಭವಾಗಿದೆ.",3,ರಣರಂಗ,Battlefield
ಕಣ,ನಾಳೆಯಿಂದ ಬಿಬಿಎಂಪಿ ಚುನಾವಣಾ ಕಣ ರಂಗೇರಲಿದೆ.,3,ರಣರಂಗ,Battlefield
ಕಣ,"ಶಿಕಾರಿಪುರ: ಪುರಸಭೆ ಚುನಾವಣಾ ಕಣ ರಂಗೇರಿದ್ದು, ಬುಧವಾರ 30 ಅಭ್ಯರ್ಥಿಗಳು ನಾಮಪತ್ರಗಳನ್ನು ಸಲ್ಲಿಸಿದರು.",3,ರಣರಂಗ,Battlefield
ಕರ,"ಈ ಸೌಲಭ್ಯ ಮಂಡಳಿಯ ಕ್ಯಾಶ ಕೌಂಟರಗಳಲ್ಲಿ ಲಭ್ಯವಿದ್ದು ಸಾರ್ವಜನಿಕರು ತಮ್ಮ ಡೆಬಿಟ್ ಕಾರ್ಡ, ಎಟಿಎಮ್ ಕಾರ್ಡ ಮುಖಾಂತರ ನೀರಿನ ಕರ ತುಂಬ ಬಹುದು ಎಂದು ಜಲಮಂಡಳಿ ಪ್ರಕಟಣೆಯಲ್ಲಿ ತಿಳಿಸಿದೆ.",1,ತೆರಿಗೆ,tax
ಕರ,ಆದರೆ ಕೆಲ ಜಾಣರು ಭಾರತದಿಂದ ಹೊರಕ್ಕೆ ಹೋಗಿ ವಿಶ್ವ ಪರ್ಯಟನೆ ಮಾಡುತ್ತಾ ಯಾವುದೇ ದೇಶದ ಕರ ನಿವಾಸಿಗಳಾಗಿರುವುದಿಲ್ಲ.,1,ತೆರಿಗೆ,tax
ಕರ,ಹತ್ತು ವರ್ಷಗಳಲ್ಲಿ ಸರ್ಕಾರಿ ವಸತಿ ಗೃಹಗಳ ನೀರಿನ ಕರ ₹15 ಲಕ್ಷದಷ್ಟು ಬಾಕಿ ಇದೆ.,1,ತೆರಿಗೆ,tax
ಕರ,ಅವ್ಯವಹಾರ ಆರೋಪದ ಮೇಲೆ ಕರ ಸಂಗ್ರಹಕಾರ ವಾಸುದೇವ ಜಾಧವ್ ಎಂಬಾತನನ್ನು ಗ್ರಾಪಂ ಆಡಳಿತವು ಅಮಾನತುಗೊಳಿಸಿತ್ತು.,1,ತೆರಿಗೆ,tax
ಕರ,ಈ ಅವಧಿಯಲ್ಲಿ ಕೂಡಾ ಅವರು ನಿವಾಸಿಗಳಾದರೂ ಕೂಡಾ ಅನಿವಾಸಿಗಳಂತೆಯೇ ಕರ ಕಾನೂನು ಲಾಗೂ ಆಗುತ್ತದೆ.,1,ತೆರಿಗೆ,tax
ಕರ,ಇದೇ ವೇಳೆ ನೌಕರ ವರ್ಗ ಆದಾಯ ಕರ ಮಿತಿ ಏರಿಕೆ ನಿರೀಕ್ಷೆಯಲ್ಲಿದೆ.,1,ತೆರಿಗೆ,tax
ಕರ,ವಿದ್ಯುತ್‌ ವಾಹನ ಬಳಸಿ-ಪರಿಸರ ಉಳಿಸಿ ಕುರಿತ ಕರ ಪತ್ರವನ್ನು ಇದೇ ಸಂದರ್ಭದಲ್ಲಿ ಬಿಡುಗಡೆ ಮಾಡಿದರು.,1,ತೆರಿಗೆ,tax
ಕರ,"ಇದು ನೀವು ಕಟ್ಟಿದ ಕರ ಸರಿಯಾಗಿದೆಯೇ, ಕಡಿಮೆಯಾಗಿದೆಯೇ ಅಥವಾ ಹೆಚ್ಚಾಗಿದೆಯೇ ಎನ್ನುವ ಮಾಹಿತಿಯನ್ನು ನೀಡುತ್ತದೆ.",1,ತೆರಿಗೆ,tax
ಕರ,"ಇಂತಿಪ್ಪ ಸಂದರ್ಭದಲ್ಲಿ, ಕೇವಲ ವಿಮೆಯನ್ನು ಪೋಷಿಸುವ ಉದ್ದೇಶದಿಂದ ನೀಡಲ್ಪಟ್ಟ ಕರ ವಿನಾಯಿತಿಗಳು ಇಂತಹ ಕುಡಿಕೆ ತುಂಬಿಸುವ ಯೋಜನೆಗಳಿಗೆ ದಯಮಾಡಿಸಬೇಕೇ ಎಂಬ ಮೂಲಭೂತ ಚಿಂತನೆ ನಮ್ಮ ಘನ ಸರಕಾರದ ಮಂಡೆಯೊಳಗೆ ನಿಧಾನವಾಗಿ ಹೊಳೆಯಲಾರಂಭಿಸಿತು.",1,ತೆರಿಗೆ,tax
ಕರ,"ಕಲಬುರಗಿ: ಕಲಬುರಗಿ ಮಹಾನಗರ ಪಾಲಿಕೆ ವ್ಯಾಪ್ತಿಯಲ್ಲಿ ಪಾಲಿಕೆಯ ಕರ ವಸೂಲಾತಿಯನ್ನು ಮತ್ತಷ್ಟು ಸರಳೀಕರಣ ಮಾಡಲು ಎಲೆಕ್ಟ್ರಾನಿಕ್ ಡೇಟಾ ಮಷಿನ್ ಸಾಫ್ಟವೇರ್ ಪರಿಚಯಿಸಲಾಗಿದ್ದು, ಮನೆ ಮನೆಗೆ ತೆರಳಿ ಸ್ಥಳದಲ್ಲಿಯೆ ಕಂದಾಯ ಹಣ ಪಾವತಿಸುವ ವ್ಯವಸ್ಥೆ ಜಾರಿಗೆ ತರಲಾಗುತ್ತಿದೆ ಎಂದು ಕಲಬುರಗಿ ಮಹಾನಗರ ಪಾಲಿಕೆಯ ಆಯುಕ್ತೆ ಬಿ.",1,ತೆರಿಗೆ,tax
ಕರ,"ನಿಗಮವು ಕಾಲುವೆ ನಿರ್ವಹಣೆಗಾಗಿ ಕೋಟ್ಯಂತರ ಹಣ ವ್ಯಯ ಮಾಡುತ್ತಿದ್ದು, ನೀರಾವರಿ ಕರ ಹೆಚ್ಚುತ್ತಾ ಹೋದರೆ ನಿಗಮಕ್ಕೆ ಮರು ಆದಾಯ ಇಲ್ಲದಂತೆ ಆಗಿದೆ ಎಂದು ನಿಗಮದ ಎಂಜಿನಿಯರ್ ಒಬ್ಬರು ತಿಳಿಸಿದರು.",1,ತೆರಿಗೆ,tax
ಕರ,"ಕನರ್ಾಟಕ ರಾಜ್ಯದಲ್ಲಿ 5,627 ಗ್ರಾಮ ಪಂಚಾಯತ್ಗಳಲ್ಲಿ ಗುಮಾಸ್ತ, ಕರ ವಸೂಲಿಗಾರ, ಗಣಕಯಂತ್ರ, ಸಹಾಯಕ, ನೀರಗಂಟಿ, ಸಿಪಾಯಿ, ಕಸಗುಡಿಸುವವರು, ಚರಂಡಿ ಸ್ವಚ್ಛಗೊಳಿಸುವವರು ಎಂಬ ಹುದ್ದೆಗಳಲ್ಲಿ 50 ಸಾವಿರಕ್ಕಿಂತ ಹೆಚ್ಚಿನ ಜನ ಕೆಲಸ ನಿರ್ವಹಿಸುತ್ತಿದ್ದಾರೆ.",1,ತೆರಿಗೆ,tax
ಕರ,"ಕೆಲವು ಮನೆಗಳಿಗೆ ನೀರಿನ ಕರ ವಸೂಲಿಗೆ ನಲ್ಲಿಗಳಿಗೆ ಮೀಟರ್‌ ಅಳವಡಿಸಿದರೆ, ಇನ್ನೂ ಸಾಕಷ್ಟು ಮನೆಗಳಿಗೆ ನಲ್ಲಿಗೆ ಮೀಟರ್‌ ಅಳವಡಿಸಿಲ್ಲ, ಪಟ್ಟಣದಲ್ಲಿ ಕಳೆದ 20 ವರ್ಷಗಳ ಹಿಂದೆ ಪುರಸಭೆ ಮಳಿಗೆಗಳಿಗೆ ಲೀಜ್‌ ನೀಡಿದ್ದು, ಅವುಗಳ ದರ ಹೆಚ್ಚಿಸಿಲ್ಲ ಎಂದು ಪ್ರಶ್ನಿಸಿದರು.",1,ತೆರಿಗೆ,tax
ಕರ,"ಬಲವರ್ಧನೆಗೆ ಕರ ವಸೂಲಿ ಅಗತ್ಯವಾಗಿದ್ದು, ಈ ಬಗ್ಗೆ ಗಮನಹರಿಸಬೇಕು.",1,ತೆರಿಗೆ,tax
ಕರ,"ಕರ ಬಾಕಿ ಇರಲಿ, ಇಲ್ಲದೆ ಇರಲಿ, ಹೊಸ ಕಾನೂನು ಪ್ರಕಾರ ತಡ ವಾಗಿ ರಿಟರ್ನ್ಸ್ ಫೈಲಿಂಗ್‌ ಮಾಡಲು ಆಯಾ ಅಸೆಸೆ¾ಂಟ್‌ ವರ್ಷದ ಮಾ.",1,ತೆರಿಗೆ,tax
ಕರ,ಪ್ರಿಸಂಪ್ಟಿವ್‌ ಟ್ಯಾಕ್ಸೇಶನ್‌ ಅಡಿಯಲ್ಲಿ ಬರಲು ಇಚ್ಚಿಸುವವರು ಆದಾಯ ಕರ ಇಲಾಖೆಯ ಫಾರ್ಮ್ 4 ಅಥವಾ ಸುಗಮ್‌ ಫಾರ್ಮ್ ಅನ್ನು ಬಳಸಬೇಕು.,1,ತೆರಿಗೆ,tax
ಕರ,ರೈತರ ಮೇಲೆ ಕರ ಹೆಚ್ಚಿಸಿದನ್ನು ವಿರೋಧಿಸಿದ 300 ಮಂದಿ ಲಿಂಗಾಯಿತ ಸ್ವಾಮೀಜಿಗಳನ್ನು ಇಮ್ಮಡಿ ರಾಜ ಒಡೆಯರು ಕೊಲ್ಲಿಸಿದ್ದರು.,1,ತೆರಿಗೆ,tax
ಕರ,ತುಂಗಾಭದ್ರ ಜಲಾಶಯದ ವ್ಯಾಪ್ತಿಯಲ್ಲಿ ಬ್ಯಾಂಕ್ ಸಾಲ ಹಾಗೂ ಇನ್ನಿತರ ಸೌಲಭ್ಯವನ್ನು ಪಡೆಯುವಾಗ ಆಯಾ ಬ್ಯಾಂಕಿನ ಸಿಬ್ಬಂದಿ ಕಡ್ಡಾಯವಾಗಿ ನೀರಾವರಿ ಕರ ಪಾವತಿಸಿದ ರಸೀದಿಯನ್ನು ಪಡೆಯುತ್ತಾರೆ.,1,ತೆರಿಗೆ,tax
ಕರ,ಇದರ ನಿರ್ವಹಣೆಗಾಗಿ ನಾಗರಿಕರ ಮನೆ ಕರ ವಸೂಲಿ ಜೊತೆಗೆ ಕಸ ವಿಲೆವಾರಿ ಶುಲ್ಕವಾಗಿ ಪ್ರತಿ ಮನೆಗೆ ವಾರ್ಷಿಕ,1,ತೆರಿಗೆ,tax
ಕರ,ಇವರು ಅಧಿಕಾರ ಸ್ವೀಕರಿಸಿದಾಗ ಪಂಚಾಯತಿಗೆ ಬರಬೇಕಾದ ಕರ ಬಾಕಿ ಲಕ್ಷ ಲಕ್ಷ ರೂಪಾಯಿ ಆಗಿತ್ತು.,1,ತೆರಿಗೆ,tax
ಕರ,"ಡಿ: ಇಲ್ಲೂ 80ಸಿ ಸೆಕ್ಷನ್‌ ಅನ್ವಯ, ಕರ ಉಳಿತಾಯಕ್ಕೆ ಎನ್ನುವ ಲೇಬಲ್‌ ಅಗತ್ಯ.",1,ತೆರಿಗೆ,tax
ಕರ,"ಮನೆ, ಮನೆಗೆ ಕರ ಪತ್ರಗಳನ್ನು ಹಂಚಿ ಮಕ್ಕಳನ್ನು ಸರ್ಕಾರಿ ಶಾಲೆಗೆ ಸೇರಿಸಿ ಎಂದು ಮನವಿ ಮಾಡಿಕೊಂಡರು.",1,ತೆರಿಗೆ,tax
ಕರ,ಸದಸ್ಯರು ಮತ್ತು ಸಿಬ್ಬಂದಿಯವರ ಸಹಕಾರದಲ್ಲಿ ಸ್ವತ್ಛತೆ ನೈರ್ಮಲೀಕರಣ ಜೊತೆಗೆ ಕರ ವಸೂಲಿಯಲ್ಲಿ ಉತ್ತಮ ಪ್ರಗತಿಸಾಧಿಸಲು ಸಾಧ್ಯವಾಗಿದೆ.,1,ತೆರಿಗೆ,tax
ಕರ,"ಇದಲ್ಲದೆ, ಶಾಲಾ-ಕಾಲೇಜು ವಿದ್ಯಾರ್ಥಿಗಳಿಂದ ಮತದಾನದ ಬಗ್ಗೆ ಜಾಥಾ, ಕರ ಪತ್ರ ವಿತರಣೆ ಸೇರಿದಂತೆ ಸಾಮಾಜಿಕ ಜಾಲತಾಣಗಳಲ್ಲೂ ಮತದಾನದ ಬಗ್ಗೆ ಜಾಗೃತಿ ಮೂಡಿಸಲಾಗುತ್ತಿದೆ ಎಂದರು.",1,ತೆರಿಗೆ,tax
ಕರ,"ಮೊತ್ತ ಮೊದಲನೆಯದಾಗಿ, ಕರ ಹೇಳಿಕೆಯಲ್ಲಿ ರಿಫ‌ಂಡ್‌ ಕೇಳಿದವರಿಗೆ ರಿಫ‌ಂಡ್‌ ಬರುವುದು ತಡವಾಗುತ್ತದೆ.",1,ತೆರಿಗೆ,tax
ಕರ,ಗ್ರಂಥಾಲಯ ಕರ ಸಂಗ್ರಹ : ಸಚಿವ ತನ್ವೀರ್ ಸೇಠ್,1,ತೆರಿಗೆ,tax
ಕರ,ಭಿಕ್ಷುಕರ ಕರ ಸಂಗ್ರಹಿಸುತ್ತಿದೆ.,1,ತೆರಿಗೆ,tax
ಕರ,ಮರುದಿನ ಬೆಳಿಗ್ಗೆ ಗ್ರಾಮದಲ್ಲಿ ಪ್ರಚಾರ ಮಾಡಿ ಕರ ಪತ್ರಗಳನ್ನು ವಿತರಿಸಲಾಯಿತು.,1,ತೆರಿಗೆ,tax
ಕರ,ಎಸ್ ನಂಜೇಶ್ ಹಾಗೂ ಸಹಾಯಕ ನಿರ್ದೇಶಕ ನಿಂಗಯ್ಯ ಪಂಚಾಯ್ತಿ ಅಭಿವೃದ್ಧಿ ಅಧಿಕಾರಿಗಳಾದ ಸಂತೋಷ್ ಮತ್ತು ಸ್ವಾಮಿರಾವ್ ಹಾಗೂ ಸ್ವೀಪ್ ಅಧಿಕಾರಿಗಳು ಕುಂಭಮೇಳ ಆವರಣದಲ್ಲಿ ಜನರಿಗೆ ಕರ ಪತ್ರ ನೀಡಿ ಮತದಾನದ ಬಗ್ಗೆ ಜಾಗೃತಿ ಮೂಡಿಸಿದರು.,1,ತೆರಿಗೆ,tax
ಕರ,"ರಾಜಶೇಖರ್‌, ಸರ್ಕಾರ ಆದೇಶ ಮಾಡಿದ ತಕ್ಷಣ ನೀರಿನ ಕರ ಏರಿಕೆ ಮಾಡಬೇಕಿಲ್ಲ.",1,ತೆರಿಗೆ,tax
ಕರ,"ಪಾಲಿಕೆ ಆವರಣದಲ್ಲಿರುವ ಕೌಂಟರ್‌ನಲ್ಲಿ ಆಸ್ತಿ ಕರ ಮತ್ತು ರಿಯಾಯಿತಿ, ಬಾಕಿಯ ಬಗ್ಗೆ ಮಾಹಿತಿ ಇರುವ ಮುದ್ರಿತ ಪ್ರತಿ ಕೊಡಲಾಗುತ್ತದೆ.",1,ತೆರಿಗೆ,tax
ಕರ,ಗ್ರಂಥಾಲಯ ಕರ ಸಂಗ್ರಹವನ್ನು ರಾಜ್ಯದ ಯಾವ ಸ್ಥಳೀಯ ಸಂಸ್ಥೆಗಳ ಮೂಲಕ ಸಂಗ್ರಹಿಸಲಾಗುತ್ತದೆ.,1,ತೆರಿಗೆ,tax
ಕರ,"ರಂಗಾರಾಂ ಮಾತನಾಡಿ, ಕರ ವಸೂಲಿಗೆ ಕಟ್ಟು ನಿಟ್ಟಿನ ಆದೇಶ ನೀಡಲಾಗಿದೆ.",1,ತೆರಿಗೆ,tax
ಕರ,"ರೈತರು ಮನಃಪೂರ್ವಕವಾಗಿ ಒಪ್ಪದೇ ಇದ್ದರೆ ನೀರಿನ ಬಳಕೆ ಕಡಿಮೆ ಮಾಡಲು ನೀರಿನ ಕರ ಪರಿಷ್ಕರಣೆ, ಫಲಾನುಭವಿ ರೈತರಿಂದ ನೀರಿನ ಅಭಿವೃದ್ಧಿಗೆ ಲೆವಿ ವಿಧಿಸುವ ಮೂಲಕ ಬಳಕೆಗೆ ಕಡಿವಾಣ ಹಾಕುವ ಅವಕಾಶವೂ ಇದೆ.",1,ತೆರಿಗೆ,tax
ಕರ,ಮೈಸೂರು: ಬಿಸಿಯೂಟ ಕಾರ್ಮಿಕರಿಗೆ ಕನಿಷ್ಠ ವೇತನ ಜಾರಿಗೆ ಒತ್ತಾಯಿಸಿ ಕರ್ನಾಟಕ ರಾಜ್ಯ ಸಂಯುಕ್ತ ಅಕ್ಷರ ದಾಸೋಹ ಕಾರ್ಮಿ ಕರ ಸಂಘದ ಜಿಲ್ಲಾ ಸಮಿತಿವತಿಯಿಂದ ಜಿಲ್ಲಾಧಿಕಾರಿ ಕಚೇರಿ ಬಳಿ ಪ್ರತಿಭಟನೆ ನಡೆಸಲಾಯಿತು.,1,ತೆರಿಗೆ,tax
ಕರ,ವಾರ್ಷಿಕ 10 ಸಾವಿರ ರೂಪಾಯಿಗಳವರೆಗಿನ ಬಡ್ಡಿಯ ಕರ ಮುಕ್ತ ಆದಾಯ ಕೇವಲ ಎಸಿº ಖಾತೆಯ ಬಡ್ಡಿಗೆ ಮಾತ್ರವೇ ಅನ್ವಯಿಸುತ್ತದೆ.,1,ತೆರಿಗೆ,tax
ಕರ,"ಅಲ್ಲದೆ ಬೆಳೆ ಪದ್ಧತಿ ಉಲ್ಲಂಘಿಸಿ ಅಧಿಕ ನೀರು ಬೇಕಾಗುವ ಭತ್ತ, ವಿಳ್ಯದೆಲೆ, ಕಬ್ಬು ಬೆಳೆದರೆ ನೀರಾವರಿ ಕಾಯ್ದೆಯಂತೆ ದುಪ್ಪಟ್ಟು ದಂಡ ಹಾಕಿ ಕರ ವಸೂಲಿ ಮಾಡಬೇಕು ಎಂಬ ನಿಯಮವಿದೆ.",1,ತೆರಿಗೆ,tax
ಕರ,"ಬೆಳಗಾವಿಯಲ್ಲಿ ಮಾತನಾಡಿದ ಅವರು, ಕರ ಸೇವಕರು ಅಪರಾಧಿಗಳಲ್ಲ.",1,ತೆರಿಗೆ,tax
ಕರ,ಅದಕ್ಕಾಗಿ ಮಂಗಳವಾರದಿಂದ ನಿರಂತರ ನೀರು ಪೂರೈಕೆ ಸಹಾಯವಾಣಿ ಕೇಂದ್ರದಲ್ಲಿಯೇ ಕರ ಸ್ವೀಕರಿಸಲು ಆರಂಭಿಸಬೇಕು.,1,ತೆರಿಗೆ,tax
ಕರ,"ಅಲ್ಲದೆ ಕರ ಪತ್ರಗಳ ಹಂಚಿಕೆ, ಪ್ರದರ್ಶನ ಅಳವಡಿಕೆ ಸೇರಿದಂತೆ ಎಲ್ಲಾ ರೀತಿಯ ಪ್ರಚಾರವನ್ನು ನಡೆಸಲಾಗಿದ್ದು, ಜ.",1,ತೆರಿಗೆ,tax
ಕರ,ಬೆಳಿಗ್ಗೆ ಎದ್ದ ತಕ್ಷಣ ನಮ್ಮ ಹಸ್ತವನ್ನು ನೋಡ್ತಾ ಕರಾಗ್ರೆ ವಸತೇ ಲಕ್ಷ್ಮಿ: ಕರ ಮಧ್ಯೆ ಸರಸ್ವತಿ ಕರ ಮೂಲೆ ಸ್ಥಿತೆ ಗೌರಿ: ಪ್ರಭಾತೆ ಕರ ದರ್ಶನಂ ಎಂಬ ಮಂತ್ರವನ್ನು ಪಠಿಸಬೇಕು.,2,ಹಸ್ತ,palm
ಕರ,ಕಾಸ್ನ ಧೂಪ ಹಾಕಿ ಕರ ಎತ್ತಿ ಕೈ ಮುಗಿದು,2,ಹಸ್ತ,palm
ಕರ,|| ಕ || ಕರಿಪತಿ ಕರ ಪುಷ್ಕರದಿಂ,2,ಹಸ್ತ,palm
ಕರ,"ಪ್ರಜೆಗಳು, ಪ್ರಜಾಪ್ರತಿನಿಧಿಗಳು, ಸರಕಾರ, ಕೃಷಿ, ಮುಜರಾಯಿ ಇಲಾಖೆಗಳು ಕಲೆತು ವರುಣನ ಕೃಪೆ ಬೇಡಿ ಕರ ಜೋಡಿಸಿ ಮುಗಿಲತ್ತ ಕಣ್ಣುನೆಟ್ಟವು.",2,ಹಸ್ತ,palm
ಕರ,ಬೋಲಾ ಬಚನ ಜೋರಿ ಕರ ಕೀಸಾ।।,2,ಹಸ್ತ,palm
ಕರ,ಮಾರವೈರಿಯ ಕರ ಭಿಕ್ಷವ ಗೈದುದು | ಬೇರಾರನುಳಿಸುವುದು ||35||,2,ಹಸ್ತ,palm
ಕರ,ಕರ ಮಿರುಗುವೈವಾಯ ಶಂಖವ ಬಲದಕೈಯಿಂದ ||,2,ಹಸ್ತ,palm
ಕರ,ಜನು ಅಸೋಕ ಅಂಗಾರ ದೀನ್ಹಿ ಹರಷಿ ಉಠಿ ಕರ ಗಹೇಉ।।12।।,2,ಹಸ್ತ,palm
ಕರ,ದೋ0- ಹನೂಮಾನ ತೇಹಿ ಪರಸಾ ಕರ ಪುನಿ ಕೀನ್ಹ ಪ್ರನಾಮ।,2,ಹಸ್ತ,palm
ಕರ,ತರುಣಿಯನು ಪಣದಂತೆ ವರಿಸುವೆನೆನುತ ಕರ ಜಡಿದಾ ||೧೩೪||,2,ಹಸ್ತ,palm
ಕರ,ಭೀಷಣನ ಕರ ಕೊಂಡು ಬಂದು ವಿ | ಲಾಸದಿಂದ ||4||,2,ಹಸ್ತ,palm
ಕರ,"ರಾಷ್ಟ್ರೀಯ ಮತ್ತು ರಾಜ್ಯ ಪ್ರಶಸ್ತಿಗಳನ್ನು ಪಡೆದಿರುವ ದೇಶದ ವಿವಿಧ ರಾಜ್ಯಗಳ 60 ಕರ ಕುಶಲ ಕರ್ಮಿಗಳು ಕರಕುಶಲ ವಸ್ತುಪ್ರದರ್ಶನದಲ್ಲಿ ಭಾಗಿಯಾಗಿದ್ದು, ಪರಿಶಿಷ್ಟ ಜಾತಿ ಮತ್ತು ಪಂಗಡದವರು ಉದ್ಯೋಗಿಗಳಿಗೆ ಹೆಚ್ಚಿನ ಅವಕಾಶ ನೀಡಲಾಗಿದೆ.",2,ಹಸ್ತ,palm
ಕರ,ಕ್ರಾಂತಿನಾಗಲು ಮುನಿ ನೋಡುತಲಿ | ಕರ,2,ಹಸ್ತ,palm
ಕರ,ಜೋಡಿಸಿ ಕರ ಮುಗಿದು ಶೃಂಗಾರವಾಗಿ ನಡೆಯಲು | ಮೂರಾರು ಸಾವಿರ ಬಲದಿ || ೨೪ ||,2,ಹಸ್ತ,palm
ಕರ,ನಿನ್ನ ಕರದಿ ದೇವನ ಕರ ಹಿಡಿದಿರಲು ಇಹುದು ಭಯವು,2,ಹಸ್ತ,palm
ಕರ,ಹೊಡೆದರು ತಮ್ಮೆರಡು ಕರ ಮನಸು ದಣಿವಂತೆ | ಹರದಾರಿ ಅಡ್ಡಗಲ ಭೂಮಿ |,2,ಹಸ್ತ,palm
ಕರ,ನಿಂದಿದಿರ್ಗೊಂಡು ಮಣಿದು | ಹರಿಯ ಕರ | ತಂದು ಸಂತಸದಿ ಕುಣಿದು ||೫೮||,2,ಹಸ್ತ,palm
ಕರ,ನೋಡಿ ಪಾಡಿ ಕರ ಜೋಡಿಸಿ ದೈನ್ಯದಿ ಬೇಡಿ ಗೃಹಗೆ ತಂದಾಡುತರ್ಚಿಸುತಲಿ || ಪ ||,2,ಹಸ್ತ,palm
ಕರ,ಕರ ಕಮಲಂಗಳ ಮುಗಿದು ಬಿನ್ನೆಯಿಸಲು,2,ಹಸ್ತ,palm
ಕರ,ಕಡಿದು ಹಸ್ತಿಯ ನೂಂಕಲು | ಆನೆಯ ಕರ,2,ಹಸ್ತ,palm
ಕರ,ಭುವನೇಸ್ವರ ಕಾಲಹು ಕರ ಕಾಲಾ।।,2,ಹಸ್ತ,palm
ಕರ,"ಕೈ ಕನ್ನಡ, ಕರ ಸಂಸ್ಕೃತ ಆಗಿರುವುದೇ ಕಾರಣವೇ?",2,ಹಸ್ತ,palm
ಕರ,"ಪೊರೆಗಳಚಿ ಹೊರಬರುವ ಕಾಳೋರಗನ ನೆ‌ನಪಿಸುವ, ಶಿಶುಶಿವನ ವರಖಡ್ಗವು ಒರೆಗಳಚಿ ಹೊರಬಂದು, ಕರ ಸೇರಿ, ಮುಗಿಲಮುಖಿಯಾಗಿ ಮೇಲೆದ್ದಿತು.",2,ಹಸ್ತ,palm
ಕರ,ಗಿರಿಧರನ ಹಲಧರನನಾ ಭೀ | ಕರ ಖಗೇಂದ್ರನ ಪಕ್ಷ ಮೂಲದ |,2,ಹಸ್ತ,palm
ಕರ,ಜಿಮಿ ಅಮೋಘ ರಘುಪತಿ ಕರ ಬಾನಾ।,2,ಹಸ್ತ,palm
ಕರ,ಪೂತುರೆನುತ ಕರ | ಘಾತಿಯ ತಾಳದಿ |,2,ಹಸ್ತ,palm
ಕರ,"ಇನ್ನು ಕೆಲವರು ಟೈಲರಿಂಗ್‌, ಕರ ಕುಶಲ ತರಬೇತಿ ಪಡೆದು ಸ್ವಂತ ಉದ್ಯೋಗ ನಿರ್ವಹಿಸುತ್ತಿದ್ದಾರೆ ಎನ್ನುತ್ತಾರೆ ಅವರು.",2,ಹಸ್ತ,palm
ಕರ,ಕಟ್ಟಿಹ ಕೋಟೆಯ ನೋಡಿ | ಕರ | ತಟ್ಟುತ ಶಿರವೊಲೆದಾಡಿ ||,2,ಹಸ್ತ,palm
ಕರ,"ವಿಕ್ರಮ: ಅಯ್ಯ ಮಂತ್ರಿ ಇಂದ್ರ ಭವನದಂತೆ ಸೌಂದರ‌್ಯಮಾಗಿ ಅಂದ ಚಂದಗಳಿಂದ ಹೊಂದಿ ಇರುವ ಕುಂದಣದ ಮಣಿಮಂಚದ ಮೇಲೆ ಸುಂದರ ಚಂದ್ರಕಾಂತೆ ಸಮೇತನಾಗಿ ಹೊಂದಿ ನಿದ್ರೆಯನ್ನು ಪೋಗುತ್ತಿರುವಲ್ಲಿ ಬಂದಿದ್ದ ಚೋರರು ಬೇಳ್ವೆ ಚೆಲ್ಲಿದರಾದ ಕಾರಣ, ಮಂದಮತಿ ಕವಿದಿರುವ ಸಮಯದಲ್ಲಿ ಯನ್ನ ಕರ ಕಂಕಣಕ್ಕೆ ಓಲೆಯನ್ನು ಬಂಧಿಸಿ ಧನಕನಕ ವಜ್ರ ವೈಢೂರ‌್ಯ ಮುಂತಾದ ಚಂದ್ರಾಯುಧಗಳನ್ನು ಸಹ ಕದ್ದುಕೊಂಡು ಪೋದರಾದ ಕಾರಣ ಮುಂದಿನ ಯೋಚನೆಯನ್ನು ತಿಳಿಸೋ ಪ್ರಧಾನಿ – ವಾರುಧಿ ಸಮಾನಿ ॥",2,ಹಸ್ತ,palm
ಕರ,ಕಳುಹೆಂದೆನುತ ಕರ ಮುಗಿದು ಧರ್ಮಜಗೆರಗಿ ಭಕ್ತಿಯಲಿ॥,2,ಹಸ್ತ,palm
ಕರ,"ವಿಜಯ ಕರ್ನಾಟಕ ಪತ್ರಿಕೆಯನ್ನು ಕೈಯಲ್ಲಿ ಹಿಡಿದು, ಓಡಾಡಿ ನನ್ನ ಕರ ಪತ್ರಗಳನ್ನು ಹಂಚಿದೆ.",2,ಹಸ್ತ,palm
ಕರ,ಕೊಡುವೆನು ಕಪ್ಪವನೆನುತಲಿ | ತಡಗೈಯದೆ ವಾಜಿಯ ಕರ ||,2,ಹಸ್ತ,palm
ಕರ,"ಚಿತ್ರಕಲೆ, ಕರ ಕುಶಲ ಕಲೆ ( ಕ್ರಾಫ್ಟ್), ಮುಖವಾಡ ತಯಾರಿ, ಆವೆ ಮಣ್ಣಿನ ಕಲೆ, ಸಂಗೀತ, ನೃತ್ಯ, ನಾಟಕ, ಯಕ್ಷಗಾನ, ಮುಖವರ್ಣಿಕೆ ಮತ್ತು ಆಟಗಳನ್ನು ಕಲಿಸುವ ಶಿಬಿರಗಳು ಮಕ್ಕಳಿಗೆ ಬಲು ಇಷ್ಟ.",2,ಹಸ್ತ,palm
ಕರ,ಕರ ಕರ್ಮಾರಿಯನಿಕ್ಕಿ ಮಿಕ್ಕಜಯಮಂ ಕೆಯ್ಕೊಳ್ವೆನಾನಂತಱಿಂ || ೬೧,2,ಹಸ್ತ,palm
ಕರ,"ನಂಗೇಲಿ ಯಾಚನೆಯ ದನಿಯಲ್ಲಿ ಅಮ್ಮನನ್ನು ಕೇಳಿದಳು, ಅಮ್ಮಾ, ನೀನು ಎಂದಾದರೊಂದು ದಿನ ಹಾಗೆಯೇ ಕರ ಕಟ್ಟಿ, ನನಗೂ ಬಟ್ಟೆ ತೊಡುವಂತೆ ಮಾಡುತ್ತೀಯಾ?",2,ಹಸ್ತ,palm
ಕರ,ಅಷ್ಟೆ ಅಲ್ಲ ಸ್ಥಳೀಯ ಕರ ಕುಶಲ ವಸ್ತುಗಳನ್ನು ಸಹ ನಗರ ಮಾರುಕಟ್ಟೆ ಪ್ರದೇಶಗಳಲ್ಲಿ ಕೊಂಡುಕೊಳ್ಳಬಹುದು.,2,ಹಸ್ತ,palm
ಕರ,"ಸಣ್ಣ ಸ್ಪರ್ಷವೊಂದರಿಂದಲೆ ಇಡೀ ಮೈಯಲ್ಲಿ ಬೆಂಕಿಯ ಕಿಡಿಯೆಬ್ಬಿಸಿದ ಸುಂದರಿ ಹೆಣ್ಣು ಉದ್ವೇಗ, ಉದ್ದೀಪನದ ಕುದುರೆಯೇರುವ ಮೊದಲೆ ಲಗಾಮು ಎಳೆದು ಮೊದಲು ಕರ ತೆತ್ತು ನಂತರ ಮುಂದೆ ಹೋಗೆನ್ನುವ ಸುಂಕದವಳಂತೆ ಹಣದ ಮಾತೆತ್ತಿದಾಗ, ಆ ವ್ಯವಹಾರದ ಕೌಶಲ್ಯತೆಯ ಹಿಂದಿನ ಚಾಣಾಕ್ಷತೆ ಕಂಡು ಸೋಜಿಗವೂ ಆಯ್ತು.",2,ಹಸ್ತ,palm
ಕರ,ತಳಿರಂದದಿ ಪೊಳೆವ ಕರ ಪಿಡಿದು,2,ಹಸ್ತ,palm
ಕರ,"ಹಿಂದಿನ ಕಾಲದಲ್ಲಿ ಬೆಳಿಗ್ಗೆ ಎದ್ದ ತಕ್ಷಣ ಜನರು ತಮ್ಮ ಎರಡು ಕೈಗಳನ್ನು ಉಜ್ಜಿ ಮುಖಕ್ಕೆ ಸ್ಪರ್ಶಿಸಿ, ಒಂದು ಕ್ಷಣ ಕರಾಗ್ರೇ ವಸತೇ ಲಕ್ಷ್ಮೀ, ಕರ ಮಧ್ಯೆ ಸರಸ್ವತಿ, ಕರ ಮೂಲೆ ತು ಗೋವಿಂದಃ, ಪ್ರಭಾತೇ ಕರದರ್ಶನಂ ಮಂತ್ರವನ್ನು ನೆನೆದು ಕೈ ನೋಡಿಕೊಳ್ಳುತ್ತಿದ್ದರು.",2,ಹಸ್ತ,palm
ಕರ,"ತೂರ ಎಮ್ಮೆಗೆ ಕೇಳಿಸುವಂತೆ ಇರಲಿ, ನಿನಗೆ ಮಾಡುತ್ತೇವೆ, ಕರ ಎಸೀತೀಯ ಎಂದ.",2,ಹಸ್ತ,palm
ಕರ್ಮ,ಹೀಗಾಗಿ ತಾನು ಹೆಚ್ಚೆಚ್ಚು ಉತ್ತಮ ಕರ್ಮ ಮಾಡುತ್ತಿರಬೇಕು.,1,ಕೆಲಸ,Work
ಕರ್ಮ,ಅವನು ವೈದಿಕ ಪರಂಪರೆಯ ಸಕಲ ಕರ್ಮ ಕಾಂಡವನ್ನು ನಿರಾಕರಿಸಿದ್ದನ್ನು ನಾವು ಈ ಹಿಂದೆಯೇ ಗಮನಿಸಿದ್ದೇವೆ.,1,ಕೆಲಸ,Work
ಕರ್ಮ,ಅದನ್ನು ಲೆಕ್ಕಿಸದೆ ಅನಾಸಕ್ತಿಯಿಂದ ಕರ್ಮ ಮಾಡುವುದೇ ಗಂಡು ಹೆಣ್ಣಿನ ಹುಟ್ಟುಗುಣವಾಗಿದೆ.,1,ಕೆಲಸ,Work
ಕರ್ಮ,ಪಂಚಭೂತಗಳನ್ನು ಶುದ್ಧವಾಗಿಡಲು ಕರ್ಮ ಮಾಡಬೇಕು.,1,ಕೆಲಸ,Work
ಕರ್ಮ,ಚಿಕ್ಕಬಳ್ಳಾಪುರ ಜಿಲ್ಲಾ ಕೇಂದ್ರವಾಗಿ 10 ವರ್ಷವಾಗುತ್ತ ಬಂದರೂ ನಮಗಿನ್ನೂ ಕಾಸು ನೀಡಿ ಬಿಂದಿಗೆ ನೀರು ಖರೀದಿಸಿ ಕುಡಿಯುವ ಕರ್ಮ ತಪ್ಪಿಲ್ಲ.,1,ಕೆಲಸ,Work
ಕರ್ಮ,ಹಾಗಿದ್ದೂ ಪೊಲೀಸ್ ಇಲಾಖೆ ಈ ಬಗ್ಗೆ ಯಾವುದೇ ಕರ್ಮ ಕೈಗೊಂಡಿಲ್ಲ .,1,ಕೆಲಸ,Work
ಕರ್ಮ,ಈ ದಿನ ಬೆಳಗಿನ ಜಾವವೆ ಮನೆ ಮಂದಿಯೆಲ್ಲ ಎದ್ದು ನಿತ್ಯ ಕರ್ಮ ಮುಗಿಸಿ ಮನೆಯ ಹಿತ್ತಲಿನಲ್ಲಿ ಪ್ರತಿಯೊಬ್ಬರೂ ಗರಿಕೆ ಹುಡುಕಿ ಕನಿಷ್ಟ ಇಪ್ಪತ್ತೊಂದಾದರೂ ಕೊಯ್ದು ದೇವರ ಮುಂದಿಟ್ಟು ನಮಸ್ಕರಿಸಬೇಕು.,1,ಕೆಲಸ,Work
ಕರ್ಮ,ಕಾಯಿಸುವವರಿಗಿಂತ ಕಾಯುವವರ ಕರ್ಮ ಹೇಳತೀರದು.,1,ಕೆಲಸ,Work
ಕರ್ಮ,ಅರ್ಥಸೂತ್ರ :- ಭಾರತೀಯ ಸಂಸ್ಕೃತಿಯಲ್ಲಿ ಕರ್ಮ ಅಥವಾ ಶ್ರಮಕ್ಕೆ ಸರ್ವೋಚ್ಛ ಸ್ಥಾನ ನೀಡಲಾಗಿದೆ.,1,ಕೆಲಸ,Work
ಕರ್ಮ,ಎಂತಹ ಕರ್ಮ ಮಾಡುವುದಾದರೂ ಸಹ ಸುಮ್ಮನೆ ಮಾಡುವುದಲ್ಲ.,1,ಕೆಲಸ,Work
ಕರ್ಮ,ಯುದ್ಧ ಭೂಮಿಗಿಂತ ಕರ್ಮ ಭೂಮಿಯಲ್ಲಿ ಮಡಿಯುವ ಬಿಎಸ್‌ಎಫ್ ಯೋಧರು!,1,ಕೆಲಸ,Work
ಕರ್ಮ,"ನೆನಪಿಡಿ, ಯಾವುದೇ ಗುಪ್ತಚರ ನಿರ್ದೇಶನ ಕರ್ಮ ಇಲ್ಲ ಎಂದು ನಾವು ಹೇಳಿದ್ದೇವೆ.",1,ಕೆಲಸ,Work
ಕರ್ಮ,ಲಗ್ನದ ಸಮಯ ಮೀರುತ್ತಿರುವುದನ್ನು ಗಮನಿಸಿದ ಬ್ರಹ್ಮ ಸನಿಹದಲ್ಲಿದ್ದ ಗಾಯತ್ರಿಯನ್ನು ಕರೆದು ಆರಂಭ ಕರ್ಮ ಮುಗಿಸಿದನು.,1,ಕೆಲಸ,Work
ಕರ್ಮ,ಅಂದು ಬಂಧುಗಳು ಕರ್ಮ ಮಾಡಿದವರಿಗೆ ಒಂಟಿ ಪಂಚೆ ಅಥವಾ ಟವಲ್‌ಅಥವಾ ಷರ್ಟ್‌‌ಪೀಸ್‌ಕೊಡುವುದು ವಾಡಿಕೆ.,1,ಕೆಲಸ,Work
ಕರ್ಮ,"ಪತ್ನಿಯ ನಿತ್ಯ ಕರ್ಮ ಮಾಡುವುದಕ್ಕೆ ಬೇಸತ್ತ ಕಲ್ಲಪ್ಪ, ಪತ್ನಿಯನ್ನು ಇಲ್ಲಿನ ಕಾಲುವೆಯಲ್ಲಿ ಭಾನುವಾರ ಬೆಳಗಿನ ಜಾವ ಎಸೆದಿದ್ದಾನೆ.",1,ಕೆಲಸ,Work
ಕರ್ಮ,ಬೆಳಗಿನ ನಿತ್ಯ ಕರ್ಮ ಮುಗಿಸುವುದು ಇಷ್ಟು ಕಷ್ಟವಾದರೆ ಏನು ಗತಿ ಎಂದು ಸ್ಪರ್ಧಿಗಳು ಚಿಂತಿಸಿದ್ದಾರೆ.,1,ಕೆಲಸ,Work
ಕರ್ಮ,ದಿನ ಬರೆಯುವುದು ಅನಿವಾರ್ಯ ಕರ್ಮ ಎನಗೆ.,1,ಕೆಲಸ,Work
ಕರ್ಮ,"ಬಗವದ್ಗೀತೆಯ ಕರ್ಮಯೋಗವೆಂಬ ಹೆಸರಿನ ಮೂರನೇ ಅದ್ಯಾಯದಲ್ಲಿ, ಕ್ರಿಶ್ಣನು ತಾನೇಕೆ ಕರ್ಮ ಮಾಡುತ್ತೇನೆ ಎಂದು ಅರ್ಜುನನಿಗೆ ಬೇರೆ ಬೇರೆ ಕಾರಣಗಳನ್ನು ಕೊಟ್ಟು ವಿವರಿಸುತ್ತಾನೆ.",1,ಕೆಲಸ,Work
ಕರ್ಮ,ಅದರ ಪರವಾಗಿ ವಾದ ಮಾಡುವ ಅನಿವಾರ್ಯ ಕರ್ಮ ಜಯಚಂದ್ರ ಅವರದ್ದು.,1,ಕೆಲಸ,Work
ಕರ್ಮ,ಈರುಳ್ಳಿ ಕತ್ತರಿಸುವ ಕರ್ಮ ಯಾರಿಗೆ ಬೇಕಪ್ಪ.,1,ಕೆಲಸ,Work
ಕರ್ಮ,ಅದನ್ನು ಅನುಸರಿಸುವ ಕರ್ಮ ಯಾರಿಗೇನಿದೆ?,1,ಕೆಲಸ,Work
ಕರ್ಮ,ಅಂತ್ಯ ಸಂಸ್ಕಾರ ಸೇರಿದಂತೆ ಕ್ರಿಯಾ ಕರ್ಮ ನೆರವೇರಿಸಲು ದೇಣಿಗೆ ಸಂಗ್ರಹ ಮಾಡಲಾಗ್ತಿದೆ.,1,ಕೆಲಸ,Work
ಕರ್ಮ,ಬೆಂಗಳೂರು–ಮೈಸೂರು ರಾಷ್ಟ್ರೀಯ ಹೆದ್ದಾರಿಯಲ್ಲಿರುವ ಸಾರ್ವಜನಿಕ ಶೌಚಾಲಯದಲ್ಲಿ ನಿತ್ಯ ಕರ್ಮ ಮುಗಿಸುತ್ತೇವೆ ಎಂದು ಮಳವಳ್ಳಿಯಿಂದ ಬಂದಿದ್ದ ರಾಮೇಗೌಡ ಹೇಳಿದರು.,1,ಕೆಲಸ,Work
ಕರ್ಮ,ಸಂಕಲ್ಪ ಮತ್ತು ಸಮರ್ಪಣೆಯಿಲ್ಲದ ಕರ್ಮ ಫಲಪ್ರದವಾಗುವದಿಲ್ಲ.,1,ಕೆಲಸ,Work
ಕರ್ಮ,ಮೊತ್ತೊಂದು ಕಡೆ ರಸ್ತೆಯಲ್ಲೆ ಮುಜುಗರದಿಂದ ಶೌಚ ಮಾಡಬೇಕಾದ ಕರ್ಮ ಈ ವಿದ್ಯಾರ್ಥಿಗಳದ್ದು.,1,ಕೆಲಸ,Work
ಕರ್ಮ,ಜ್ಞಾನಪ್ರಾಪ್ತಿಯ ನಂತರವೂ ಅದನ್ನು ಉಳಿಸಿಕೊಳ್ಳಲು ಜ್ಞಾನಿಗಳು ಕರ್ಮ (ಉದ್ಯೋಗ) ಮಾಡುತ್ತಿರಬೇಕು ಎಂದು ಭಗವದ್ಗೀತೆ ಹೇಳುತ್ತದೆ.,1,ಕೆಲಸ,Work
ಕರ್ಮ,ಅವರಿಗೆ ಕರ್ಮ ಮಾಡುವ ಸ್ವಾತಂತ್ರ್ಯವಿದೆ.,1,ಕೆಲಸ,Work
ಕರ್ಮ,ಏಳ ದೌಡು ಅಂದಾಗ ಸೋಗು ಮಾಡಿ ಆಕಳಿಸಿ ನಗುತ್ತಲೇ ಮೇಲೆದ್ದು ನಿತ್ಯ ಕರ್ಮ ಮುಗಿಸಿ ಎಣ್ಣೆ ಬಳಿದ ತಲೆಗೆರಡು ಶ್ಯಾಂಪು ಹಾಕಿ ತೊಳೆದೆ.,1,ಕೆಲಸ,Work
ಕರ್ಮ,ನಮ್ಮ ಕರ್ಮ ನಾವು ಮಾಡಬೇಕು,1,ಕೆಲಸ,Work
ಕರ್ಮ,ಹಜ್ ಕರ್ಮ ಇಸ್ಲಾಮಿನ ಐದು ಆಧಾರ ಸ್ತಂಭಗಳಲ್ಲಿ ಒಂದಾಗಿದೆ.,1,ಕೆಲಸ,Work
ಕರ್ಮ,ನಿಮ್ಮ ನಾಯಕ ಕರ್ಮ ಮತ್ತು ಅನುಭವವನ್ನು ನೀವು ಸೇರಿಸಬಹುದು.,1,ಕೆಲಸ,Work
ಕರ್ಮ,"ಲೋಕೇಶ್ ಸಾಗರ್ ಮಾತನಾಡಿ, ಕರ್ಮ ಎಂದರೆ ವೃತ್ತಿ ಯಾಗಿದೆ.",1,ಕೆಲಸ,Work
ಕರ್ಮ,ನಾನು ಹೋದಲ್ಲೆಲ್ಲ ಕ್ಯಾಮೆರಾ ಹಿಡಿದುಕೊಂಡು ಬರುವ ಕರ್ಮ ಅವರದಾಗಿತ್ತು.,1,ಕೆಲಸ,Work
ಕರ್ಮ,ನಿತ್ಯ ಕರ್ಮ ಮಾಡುವ ಉಪನೀತ ಕ್ಷತ್ರಿಯ ಹುಡುಗರು ದಿನಂಪ್ರತಿ ಖಡ್ಗಕ್ಕೆ ನಮಸ್ಕಾರ ಮಾಡುವ ಪದ್ಧತಿಯೂ ಇದೆ.,1,ಕೆಲಸ,Work
ಕರ್ಮ,ತನ್ನ ಕರ್ಮ ಕುಶಲತೆಯಿಂದ ವಿಶ್ವಕರ್ಮನು ತನ್ನ ತಂದೆ ತಾಯಿಯನ್ನು ಸಂತೋಷಪಡಿಸಿದನು.,1,ಕೆಲಸ,Work
ಕರ್ಮ,ನಾನು ನನ್ನ ಕರ್ಮ ಮಾಡಲು ಬಂದಿದ್ದೇನೆ.,1,ಕೆಲಸ,Work
ಕರ್ಮ,"ನಂತರ ನಾವು ಮಾಡುವ ಕರ್ಮ ಕಾರ್ಯ, ನಡತೆಗಳಿಂದ ಸಮಾಜ ನಮ್ಮನ್ನು ಗುರುತಿಸುತ್ತದೆ.",1,ಕೆಲಸ,Work
ಕರ್ಮ,ಅದೇ ಹೊತ್ತಿಗೆ ಕರ್ಮ ಮಾಡುವುದನ್ನೂ ಬಿಡಬೇಡ,1,ಕೆಲಸ,Work
ಕರ್ಮ,ಜನ್ಮಕ್ಕಿಂತ ಕರ್ಮ ಮುಖ್ಯ.,1,ಕೆಲಸ,Work
ಕರ್ಮ,ತನ್ನ ಜೀವನಕ್ಕಾಗಿ ಅನ್ಯರ ಹಿತಕ್ಕೆ ಧಕ್ಕೆಯುಂಟು ಮಾಡದಂತೆ ನಡೆಸುವ ಎಲ್ಲ ಕ್ರಿಯೆಗಳೂ ಕರ್ಮ ಎಂದು ಕರೆಯಲ್ಪಡುತ್ತವೆ.,1,ಕೆಲಸ,Work
ಕರ್ಮ,"ಸನಾತನ ಧರ್ಮದ ಪ್ರಕಾರ ಮನುಷ್ಯ ಭಗವಂತನಲ್ಲಿ ವ್ಯಕ್ತವಾಗಲು ರಾಜ ಯೋಗ, ಭಕ್ತಿ ಯೋಗ, ಕರ್ಮ ಯೋಗ, ಜ್ಞಾನ ಯೋಗದ ಮಾರ್ಗಗಳಿವೆ.",2,ಸುಖದುಃಖಗಳಿಗೆ ಕಾರಣವಾದ ಪೂರ್ವಜನ್ಮದ ಕಾರ್ಯ,Karma
ಕರ್ಮ,ನಾವು ಕರ್ಮ ಮಾರ್ಗದಲ್ಲಿ ಮಾಡುವ ತಪ್ಪುಗಳಿಗೆ ನಾವೇ ಜವಾಬ್ದಾರರು.,2,ಸುಖದುಃಖಗಳಿಗೆ ಕಾರಣವಾದ ಪೂರ್ವಜನ್ಮದ ಕಾರ್ಯ,Karma
ಕರ್ಮ,ಅದು ಅಲ್ಲಿಯ ಜನರ ಕರ್ಮ ಕೂಡ.,2,ಸುಖದುಃಖಗಳಿಗೆ ಕಾರಣವಾದ ಪೂರ್ವಜನ್ಮದ ಕಾರ್ಯ,Karma
ಕರ್ಮ,ತಂದೆಯೇನಾದರೂ ನನ್ನ ಆಯ್ಕೆಯನ್ನು ವಿರೋಧಿಸಿದರೆ ನನ್ನ ಪಾಡು ನನಗೆ ನಿನ್ನ ಕರ್ಮ ನಿನಗೆ ಅಂತ ಹೇಳಿ ಶಿವಾಪುರಕ್ಕೆ ನಾನು ಹೊರಡೋಳೇ ಎಂದು ರವಿಯೆದುರು ಸಾರಿ ಹೇಳಿಬಿಟ್ಟಳು.,2,ಸುಖದುಃಖಗಳಿಗೆ ಕಾರಣವಾದ ಪೂರ್ವಜನ್ಮದ ಕಾರ್ಯ,Karma
ಕರ್ಮ,ಕರ್ಮ ಬಂಧನವನ್ನು ಮೀರುವುದುಂಟೇ!,2,ಸುಖದುಃಖಗಳಿಗೆ ಕಾರಣವಾದ ಪೂರ್ವಜನ್ಮದ ಕಾರ್ಯ,Karma
ಕರ್ಮ,ನಮ್ಮ ಕಷ್ಟ-ಸುಖಗಳಿಗೆ ನಮ್ಮ ಕರ್ಮ ಫಲಗಳು ಹೆಚ್ಚಿನ ಪಾತ್ರವನ್ನು ವಹಿಸುತ್ತದೆ.,2,ಸುಖದುಃಖಗಳಿಗೆ ಕಾರಣವಾದ ಪೂರ್ವಜನ್ಮದ ಕಾರ್ಯ,Karma
ಕರ್ಮ,ಜೊತೆಗೆ ಈ ಹಿಂದೆ ಮಾಡಿದ ಕರ್ಮ ಫಲಗಳು ಪ್ರಸ್ತುತ ಜೀವನಕ್ಕೆ ಫಲವನ್ನು ನಡುತ್ತದೆ ಎಂದು ಹೇಳಲಾಗುವುದು.,2,ಸುಖದುಃಖಗಳಿಗೆ ಕಾರಣವಾದ ಪೂರ್ವಜನ್ಮದ ಕಾರ್ಯ,Karma
ಕರ್ಮ,"ಈ ಅನಗತ್ಯ, ಘೊರ ಅನಾಹುತಗಳಿಗೆ ಕಾರಣರಾದ ರಾಜೀವ್​ರನ್ನು ಅಂತಿಮವಾಗಿ ಅವರ ಕರ್ಮ ಹಿಂಬಾಲಿಸಿಕೊಂಡು ಬಂತು.",2,ಸುಖದುಃಖಗಳಿಗೆ ಕಾರಣವಾದ ಪೂರ್ವಜನ್ಮದ ಕಾರ್ಯ,Karma
ಕರ್ಮ,2019ರ ವರ್ಷದಲ್ಲಿ ರಾಶಿಚಕ್ರಗಳ ಅನುಸಾರ ಕರ್ಮ ಫಲಗಳು ಹೇಗಿರುತ್ತೆ ಗೊತ್ತಾ?,2,ಸುಖದುಃಖಗಳಿಗೆ ಕಾರಣವಾದ ಪೂರ್ವಜನ್ಮದ ಕಾರ್ಯ,Karma
ಕರ್ಮ,ಎಂಥ ಪಾಪ ಕರ್ಮ ಐದಿಯೋ,2,ಸುಖದುಃಖಗಳಿಗೆ ಕಾರಣವಾದ ಪೂರ್ವಜನ್ಮದ ಕಾರ್ಯ,Karma
ಕರ್ಮ,"ಕರ್ಮ ಎಂಬುದು ಎಂಥವರನ್ನೂ ಬಿಡುವುದಿಲ್ಲ, ಯಾವುದೋ ಒಂದು ರೀತಿಯಲ್ಲಿ ಖಂಡಿತ ಕಾಣಿಸಿಕೊಳ್ಳುತ್ತದೆ,",2,ಸುಖದುಃಖಗಳಿಗೆ ಕಾರಣವಾದ ಪೂರ್ವಜನ್ಮದ ಕಾರ್ಯ,Karma
ಕರ್ಮ,ದೇವಿಯು ಕರ್ಮ ನಿಯಮವನ್ನು ಮೀರಿ ಮುಕ್ತಿಯನ್ನು ದಯಪಾಲಿಸುವುದಿಲ್ಲ.,2,ಸುಖದುಃಖಗಳಿಗೆ ಕಾರಣವಾದ ಪೂರ್ವಜನ್ಮದ ಕಾರ್ಯ,Karma
ಕರ್ಮ,ಏನೋ ಧರ್ಮ ಕರ್ಮ ಸಂಯೋಗದಿಂದ ಕಲಾವಿದನಾದೆ.,2,ಸುಖದುಃಖಗಳಿಗೆ ಕಾರಣವಾದ ಪೂರ್ವಜನ್ಮದ ಕಾರ್ಯ,Karma
ಕರ್ಮ,ಕರ್ಮ ರಿಟರ್ನ್ಸ್.,2,ಸುಖದುಃಖಗಳಿಗೆ ಕಾರಣವಾದ ಪೂರ್ವಜನ್ಮದ ಕಾರ್ಯ,Karma
ಕರ್ಮ,ನನ್ ಕರ್ಮ .,2,ಸುಖದುಃಖಗಳಿಗೆ ಕಾರಣವಾದ ಪೂರ್ವಜನ್ಮದ ಕಾರ್ಯ,Karma
ಕರ್ಮ,ಸ್ಥೂಲ ಅನುವಾದ : ಅರ್ಜುನ: ನಿನಗೆ ಕರ್ಮ ಮಾಡುವುದರಲ್ಲಿ ಮಾತ್ರ ಅಧಿಕಾರವಿದೆ.,2,ಸುಖದುಃಖಗಳಿಗೆ ಕಾರಣವಾದ ಪೂರ್ವಜನ್ಮದ ಕಾರ್ಯ,Karma
ಕರ್ಮ,"ನಾನು ಕರ್ಮ ಯೋಗಿ, ಕರ್ಮ ಮಾಡುವುದಷ್ಟೇ ನನಗೆ ಗೊತ್ತು.",2,ಸುಖದುಃಖಗಳಿಗೆ ಕಾರಣವಾದ ಪೂರ್ವಜನ್ಮದ ಕಾರ್ಯ,Karma
ಕರ್ಮ,ಫಲದ ಅಪೇಕ್ಷೆ ಇಲ್ಲದೆ ಕರ್ಮ ಮಾಡು ಎನ್ನುವದು ಗೀತಾಸಿದ್ಧಾಂತ.,2,ಸುಖದುಃಖಗಳಿಗೆ ಕಾರಣವಾದ ಪೂರ್ವಜನ್ಮದ ಕಾರ್ಯ,Karma
ಕರ್ಮ,"ಅದರಲ್ಲಿಯೂ ಹಿಂದೂ ಸಂಪ್ರದಾಯದಲ್ಲಿ ಕರ್ಮ ಫಲವೆಂದು, ಹಿರಿಯರಿಗೆ ಪಿಂಡ ಪ್ರದಾನ ಮಾಡಿಯೇ ಮಾಡ್ತಾರೆ.",2,ಸುಖದುಃಖಗಳಿಗೆ ಕಾರಣವಾದ ಪೂರ್ವಜನ್ಮದ ಕಾರ್ಯ,Karma
ಕರ್ಮ,"ಕಷ್ಟ, ಬಡತನ, ಅವರವರ ಕರ್ಮ ಎನ್ನುವುದು ನಿಜವಾದರೂ, ಅವರಿಗೆ ಸಹಾಯ ಮಾಡುವುದು ನಮ್ಮ ಧರ್ಮ ಎಂಬ ಭಾವನೆ ಎಲ್ಲರನ್ನೂ ಬರಬೇಕು ಎಂದರು.",2,ಸುಖದುಃಖಗಳಿಗೆ ಕಾರಣವಾದ ಪೂರ್ವಜನ್ಮದ ಕಾರ್ಯ,Karma
ಕರ್ಮ,"ಮಕ್ಕಳು ಶತ್ರುಗಳಾಗುವರು, ಮಕ್ಕಳಿಗಾಗಿ ಸಾಲ ಮಾಡುವ ಪರಿಸ್ಥಿತಿ, ಬಂಧುಗಳಿಂದ ಅನುಕೂಲ, ಪತ್ರ ವ್ಯವಹಾರಗಳಲ್ಲಿ ಲಾಭ, ಪಾಪ ಕರ್ಮ ಕಾಡುವುದು.",2,ಸುಖದುಃಖಗಳಿಗೆ ಕಾರಣವಾದ ಪೂರ್ವಜನ್ಮದ ಕಾರ್ಯ,Karma
ಕರ್ಮ,ಏನು ಮಾಡೋದು ನಮ್ಮ ಕರ್ಮ ಅನುಭವಿಸಬೇಕಷ್ಟೆ.,2,ಸುಖದುಃಖಗಳಿಗೆ ಕಾರಣವಾದ ಪೂರ್ವಜನ್ಮದ ಕಾರ್ಯ,Karma
ಕರ್ಮ,ಇವರು ಕರ್ಮ ಮತ್ತು ಕರ್ಮ ಫಲದ ಸುಳಿಯಲ್ಲಿ ಸಿಲುಕಿ ಮತ್ತೆ ಸಂಸಾರ ಬಂಧದಲ್ಲಿ ಸಿಲುಕುತ್ತಾರೆ.,2,ಸುಖದುಃಖಗಳಿಗೆ ಕಾರಣವಾದ ಪೂರ್ವಜನ್ಮದ ಕಾರ್ಯ,Karma
ಕರ್ಮ,ಕರ್ಮ ಮಾಡು ಫಲದ ಆಸೆ ಪಡಬೇಡ!,2,ಸುಖದುಃಖಗಳಿಗೆ ಕಾರಣವಾದ ಪೂರ್ವಜನ್ಮದ ಕಾರ್ಯ,Karma
ಕರ್ಮ,ಉದಾಹರಣೆಗೆ ಕರ್ಮ ಸಿದ್ಧಾಂತದ ಪ್ರಕಾರ ಅವರವರಿಗೆ ತಕ್ಕ ಸ್ಥಿತಿ ತನ್ನಿಂದ ತಾನೇ ಉಂಟಾಗುತ್ತದೆ.,2,ಸುಖದುಃಖಗಳಿಗೆ ಕಾರಣವಾದ ಪೂರ್ವಜನ್ಮದ ಕಾರ್ಯ,Karma
ಕರ್ಮ,ಜೀವನದಲ್ಲಿ ಬರುವ ಹಲವಾರು ವ್ಯಕ್ತಿಗಳು ನಮ್ಮ ಹಿಂದಿನ ಕರ್ಮ ಫಲದಿಂದ ಸಿಕ್ಕಿರುತ್ತಾರೆ ಎಂಬುದು ಆಶ್ಚರ್ಯವಾದರೂ ಸತ್ಯ.,2,ಸುಖದುಃಖಗಳಿಗೆ ಕಾರಣವಾದ ಪೂರ್ವಜನ್ಮದ ಕಾರ್ಯ,Karma
ಕರ್ಮ,ಈ ಕರ್ಮ ಎಳೆಯ ಮಕ್ಕಳಿಗೆ ಬೇಕೆ?,2,ಸುಖದುಃಖಗಳಿಗೆ ಕಾರಣವಾದ ಪೂರ್ವಜನ್ಮದ ಕಾರ್ಯ,Karma
ಕರ್ಮ,ಆದ್ದರಿಂದ ಕರ್ಮದಿಂದ ಬಿಡುಗಡೆ ಹೊಂದದೆ ನಿಷ್ಕಾಮ ಕರ್ಮವನ್ನಾಚರಿಸುವುದು ಕರ್ಮ ಮಾರ್ಗ.,2,ಸುಖದುಃಖಗಳಿಗೆ ಕಾರಣವಾದ ಪೂರ್ವಜನ್ಮದ ಕಾರ್ಯ,Karma
ಕರ್ಮ,"ಕರ್ಮ ಮಾಡಿಸುವವನೂ ಭಗವಂತ, ಕರ್ಮದ ಫಲ ಕೊಡುವವನು ಭಗವಂತ.",2,ಸುಖದುಃಖಗಳಿಗೆ ಕಾರಣವಾದ ಪೂರ್ವಜನ್ಮದ ಕಾರ್ಯ,Karma
ಕರ್ಮ,ಅವರಾ ಕುಟುಂಬ ರೋದೀಸುವುದನ್ನು ನೋಡಿ ಇದೇನೇಂದು ಕೇಳಿದರೆ ಕರ್ಮ ಅಂದ್ರು,2,ಸುಖದುಃಖಗಳಿಗೆ ಕಾರಣವಾದ ಪೂರ್ವಜನ್ಮದ ಕಾರ್ಯ,Karma
ಕರ್ಮ,ತಿಳುವಳಿಕೆಯಿಂದ ಕರ್ಮ ಮಾಡಿದರೆ ತನ್ನ ಎಲ್ಲಾ ಪಾಪಗಳನ್ನು ಹಾಗು ಬೇಡವಾದ ಪುಣ್ಯವನ್ನು ತೊರೆದು ಭಗವಂತನನ್ನು ಸೇರುತ್ತಾನೆ.,2,ಸುಖದುಃಖಗಳಿಗೆ ಕಾರಣವಾದ ಪೂರ್ವಜನ್ಮದ ಕಾರ್ಯ,Karma
ಕರ್ಮ,ಈ ಹಂತದಲ್ಲಿಯೇ ಗರಿಷ್ಠ ಪ್ರಮಾಣದ ಕರ್ಮ ಫಲವು ಶೇಖರವಾಗುತ್ತದೆ.,2,ಸುಖದುಃಖಗಳಿಗೆ ಕಾರಣವಾದ ಪೂರ್ವಜನ್ಮದ ಕಾರ್ಯ,Karma
ಕರ್ಮ,"ನಾನೂ ಯಾರಿಗೆ ಅನ್ಯಾಯ ಮಾಡಿದ್ದೇನೊ, ಯಾವ ಕರ್ಮ ಮಾಡಿದ್ದೇನೊ.",2,ಸುಖದುಃಖಗಳಿಗೆ ಕಾರಣವಾದ ಪೂರ್ವಜನ್ಮದ ಕಾರ್ಯ,Karma
ಕರ್ಮ,ಹೀಗಿರುವಾಗ ಕರ್ಮ ಮಾಡಿಸಿದ ಭಗವಂತನಿಗೆ ಫಲ ಸೇರದೇ ನಮಗೇಕೆ ಸೇರುತ್ತದೆ?,2,ಸುಖದುಃಖಗಳಿಗೆ ಕಾರಣವಾದ ಪೂರ್ವಜನ್ಮದ ಕಾರ್ಯ,Karma
ಕರ್ಮ,ಎಲ್ಲವೂ ನಮ್ಮ ಕರ್ಮ ಎಂದು ಕೊರಗಬೇಡಿ.,2,ಸುಖದುಃಖಗಳಿಗೆ ಕಾರಣವಾದ ಪೂರ್ವಜನ್ಮದ ಕಾರ್ಯ,Karma
ಕರ್ಮ,ಮನಸ್ಸು ಬುದ್ಧಿ ಸಂಸ್ಕಾರಗಳಿಗೆ ವಶರಾಗಿ ಕರ್ಮ ಮಾಡಿದ್ದಾದರೆ ದುಃಖ ಅನುಭವಿಸಬೇಕಾಗುತ್ತದೆ.,2,ಸುಖದುಃಖಗಳಿಗೆ ಕಾರಣವಾದ ಪೂರ್ವಜನ್ಮದ ಕಾರ್ಯ,Karma
ಕರ್ಮ,ಅಂತಹ ಪಾಪ ಕರ್ಮ ಎಂದಿಗೂ ಮಾಡದೇ ಇರೋಣ.,2,ಸುಖದುಃಖಗಳಿಗೆ ಕಾರಣವಾದ ಪೂರ್ವಜನ್ಮದ ಕಾರ್ಯ,Karma
ಕರ್ಮ,ಅವರು ತಮ್ಮನ್ನಷ್ಟೇ ಅಲ್ಲದೆ ಇತರರನ್ನೂ ಕೂಡ ತಮ್ಮ ಕರ್ಮ ಬಂಧನದಲ್ಲಿ ಕಟ್ಟಿಹಾಕುತ್ತಾರೆ.,2,ಸುಖದುಃಖಗಳಿಗೆ ಕಾರಣವಾದ ಪೂರ್ವಜನ್ಮದ ಕಾರ್ಯ,Karma
ಕರ್ಮ,ಸ್ವಾಮಿಜಿ ಜದದ್ಗುರು ಕೃಪಾಳೂಜಿ ಮಹಾರಾಜ್ ಹೇಳುವ ಪ್ರಕಾರ ಕರ್ಮ ಅದಾಗಲೇ ನಿರ್ಧರಿತವಾಗಿರುವಂತದ್ದು.,2,ಸುಖದುಃಖಗಳಿಗೆ ಕಾರಣವಾದ ಪೂರ್ವಜನ್ಮದ ಕಾರ್ಯ,Karma
ಕರ್ಮ,ಇದೆಂಥ ಕರ್ಮ ಮಾರ್ರೆ!,2,ಸುಖದುಃಖಗಳಿಗೆ ಕಾರಣವಾದ ಪೂರ್ವಜನ್ಮದ ಕಾರ್ಯ,Karma
ಕಲೆ,"-ಜೀರಿಗೆಯನ್ನು ನುಣ್ಣಗೆ ಅರೆದು, ನೀರಿನಲ್ಲಿ ಬೆರೆಸಿ ಆ ನೀರಿನಿಂದ ಮುಖ ತೊಳೆಯುತ್ತಿದ್ದರೆ ಕಲೆ ಮಾಯವಾಗುತ್ತದೆ.",1,"ಕೊಳೆ, ಕಳಂಕ","Dirt, Stain"
ಕಲೆ,"ಆದರೂ, ತನ್ನ ಗಾಯದ ಕಲೆ ನೋಡಿಕೊಂಡಾಗ ಜೇಗೆಲ್ ಬಿಕ್ಕಳಿಸಿ ಅಳುತ್ತಿದ್ದ.",1,"ಕೊಳೆ, ಕಳಂಕ","Dirt, Stain"
ಕಲೆ,ಕಲೆ ತೆಗೆಯಲು ಮನೆ ಕೃತಕ ಕಾರ್ಪೆಟ್ ಕಷ್ಟ ಪಾಲಿಪ್ರೊಪಿಲೀನ್ ಆಗಿದೆ.,1,"ಕೊಳೆ, ಕಳಂಕ","Dirt, Stain"
ಕಲೆ,ಫುಲ್ ಕವರೇಜ್ ಮೇಕಪ್ ನಿಂದ ತ್ವಚೆಯ ಗುರುತು ಹಾಗು ಕಲೆ ನಿವಾರಣೆ ಮಾಡಬಹುದು.,1,"ಕೊಳೆ, ಕಳಂಕ","Dirt, Stain"
ಕಲೆ,ಬಾಳೆಹಣ್ಣನ್ನು ತೆಗೆದುಕೊಂಡು ಅದರ ಸಿಪ್ಪೆಯನ್ನು ಸುಳಿದುಕೊಂಡು ಅದರ ಸಿಪ್ಪಿಯಿಂದ ಕಂಕಳಲ್ಲಿನ ಕಪ್ಪು ಕಲೆಯನ್ನು ಮಸಾಜ್ ಮಾಡಿದರೆ ಕಪ್ಪು ಕಲೆ ಹೋಗುತ್ತದೆ.,1,"ಕೊಳೆ, ಕಳಂಕ","Dirt, Stain"
ಕಲೆ,ಆದರೆ ಅಡುಗೆ ಮನೆಯಲ್ಲಿ ಸಿಗುವ ಸಾಮಗ್ರಿಯನ್ನು ಬಳಸಿ ತುಂಬಾ ಪರಿಣಾಮಕಾರಿಯಾಗಿ ಕಲೆ ನಿವಾರಣೆ ಮಾಡಬಹುದು.,1,"ಕೊಳೆ, ಕಳಂಕ","Dirt, Stain"
ಕಲೆ,"ಒಂದುವೇಳೆ ಕಲೆ ಹೋಗದಿದ್ದರೆ, ಅದು ಬಾಯಿ ಹುಣ್ಣು ಆಗಿರುವ ಸಾಧ್ಯತೆಗಳಿವೆ.",1,"ಕೊಳೆ, ಕಳಂಕ","Dirt, Stain"
ಕಲೆ,ಇದರೊಂದಿಗೆ ಚರ್ಮದಲ್ಲಿ ಕೆಲವೊಂದು ಕಲೆ ಹಾಗೂ ಗಾಐಗಳು ಕೂಡ ಉಂಟಾಗಬಹುದು.,1,"ಕೊಳೆ, ಕಳಂಕ","Dirt, Stain"
ಕಲೆ,ಈ ಮರದ ತುಂಬ ರಕ್ತದ ರೀತಿ ಕೆಂಪು ಬಣ್ಣ ಕಲೆ ಇದೆ.,1,"ಕೊಳೆ, ಕಳಂಕ","Dirt, Stain"
ಕಲೆ,ಈ ಪ್ರಕ್ರಿಯೆಯನ್ನು ಪ್ರತಿದಿನ ಅನುಸರಿಸಿದರೆ ನಿಮ್ಮ ಹಳದಿ ಉಗುರುಗಳ ಕಲೆ ಮಾಯವಾಗುತ್ತದೆ.,1,"ಕೊಳೆ, ಕಳಂಕ","Dirt, Stain"
ಕಲೆ,ಇತರ ಅಂಶಗಳನ್ನು ಕಲೆ ಹಾಕಬೇಕಾಗಿದೆ.,1,"ಕೊಳೆ, ಕಳಂಕ","Dirt, Stain"
ಕಲೆ,"ಈ ಹಿನ್ನಲೆ ಇದ್ದಾಗ್ಯೂ ನಾನು ನಾಲ್ಕನೆಯ ಇಯತ್ತೆಯಲ್ಲಿದ್ದಾಗ ನನ್ನ ತಂದೆಯವರ ಗಮನಕ್ಕೆ ಬಾರದಂತೆ ರಾಮ, ಕೃಷ್ಣ, ಶಿವ, ಗಣಪತಿ, ಷಣ್ಮುಖ, ವೆಂಕಟರಮಣ, ಲಕ್ಷ್ಮೀ, ಸರಸ್ವತಿ, ಪಾರ್ವತಿ ಇತ್ಯಾದಿ ಕ್ಯಾಲೆಂಡರ್‌ ದೇವಗುಳ ದಂಡನ್ನೇ ಕಲೆ ಹಾಕಿ ಅಡಿಗೆ ಮನೆಯ ಗೂಡಿನೊಳಗಿರಿಸಿದ್ದೆ.",1,"ಕೊಳೆ, ಕಳಂಕ","Dirt, Stain"
ಕಲೆ,ಕನಸಿನಿಂದ ಎದ್ದು ನೋಡುವ ಬರಹಗಾರನಿಗೆ ಮಂಚದ ಕೆಳಗೆ ಬಿದ್ದ ರಕ್ತದ ಕಲೆ ಕಾಣಿಸುತ್ತದೆ.,1,"ಕೊಳೆ, ಕಳಂಕ","Dirt, Stain"
ಕಲೆ,"ತುಂಬಾ ಬಿಸಿ ನೀರು ಹಾಕಿ ತೊಳಿಯಬೇಡಿ ಕಲೆ ಇನ್ನಷ್ಟು ಅಂಟಿಕೊಳ್ಳತ್ತೆ, ಬೆಚ್ಚಗಿನ ಅಥವಾ ತಣ್ಣಿರನ್ನೇ ಉಪಯೋಗಿಸಿ",1,"ಕೊಳೆ, ಕಳಂಕ","Dirt, Stain"
ಕಲೆ,ಕಲೆ ಇನ್ನೂ ಬಹಳ ಕಡಿಮೆ ಇತ್ತು.,1,"ಕೊಳೆ, ಕಳಂಕ","Dirt, Stain"
ಕಲೆ,ಕೇವಲ ಒಂದು ಕಪ್ಪು ಉಗುರು ಕಲೆ ಅತ್ಯುತ್ತಮ ಆಯ್ಕೆಯನ್ನು - ಚೂಪಾದ ತುದಿಗಳೊಂದಿಗೆ ಸ್ಕ್ವೇರ್ ಉಗುರುಗಳು.,1,"ಕೊಳೆ, ಕಳಂಕ","Dirt, Stain"
ಕಲೆ,ಕಲೆ ಪರಿಶುದ್ಧ.,1,"ಕೊಳೆ, ಕಳಂಕ","Dirt, Stain"
ಕಲೆ,ಈ ಕಲೆ ತೆಗೆಯಲು ಉದ್ದೇಶಿಸಲಾಗಿದೆ ಮಿಶ್ರಣವಾಗಿದ್ದು ಮತ್ತು ದ್ರವ ಸೇರಿವೆ.,1,"ಕೊಳೆ, ಕಳಂಕ","Dirt, Stain"
ಕಲೆ,ಕಲೆ ಗಾಢವಾಗಿ ಉಳಿಯದಂತೆ ನೋಡುವುದು.,1,"ಕೊಳೆ, ಕಳಂಕ","Dirt, Stain"
ಕಲೆ,ಆದರೆ ಇದೇ ಭಾಗದಲ್ಲಿ ನಿಮ್ಮ ವಯಸ್ಸಾಗುವ ವೇಳೆ ಕಂಡುಬರುವಂತಹ ಕಪ್ಪು ಕಲೆ ಮತ್ತು ನೆರಿಗೆ ಕಣ್ಣಿನ ಕೆಳ ಹಾಗೂ ಸುತ್ತಲಿನ ಭಾಗದಲ್ಲಿ ಗೋಚರಿಸುವುದು.,1,"ಕೊಳೆ, ಕಳಂಕ","Dirt, Stain"
ಕಲೆ,"ನೀವು ಶುಷ್ಕ, ಮೃದು ನೀಲಿಬಣ್ಣದ chalks ಕಲೆ (ಉದಾ, ಮೇಣದ) ಅಗತ್ಯವಿರುತ್ತದೆ.",1,"ಕೊಳೆ, ಕಳಂಕ","Dirt, Stain"
ಕಲೆ,ಬೇಸಿಗೆಯಲ್ಲಿ ಕಾಡುವ ಕಪ್ಪು ಕಲೆ ಕಡಿಮೆಯಾಗುತ್ತದೆ.,1,"ಕೊಳೆ, ಕಳಂಕ","Dirt, Stain"
ಕಲೆ,ಈ ತಪ್ಪು ಕಲೆ ಹೋಲಿಕೆಯಾಗಿ ಆಧರಿಸಿದೆ.,1,"ಕೊಳೆ, ಕಳಂಕ","Dirt, Stain"
ಕಲೆ,* ನೆಲದ ಮೇಲೆ ಉಂಟಾದ ಕಲೆ ತೆಗೆಯಲು ಉಪ್ಪು ಮಿಶ್ರಿತ ಸೋಪು ದ್ರಾವಣ ಬಳಸಿದರೆ ಶೀಘ್ರ ಕಲೆ ನಿವಾರಣೆಯಾಗುತ್ತದೆ.,1,"ಕೊಳೆ, ಕಳಂಕ","Dirt, Stain"
ಕಲೆ,ಆದರೆ ಕತ್ತಿಗೆ ಅಂಟಿದ ರಕ್ತದ ಕಲೆ ಒರೆಸಿಕೊಳ್ಳುವಷ್ಟೇ ಸಲೀಸಲಾಗಿ ತಮ್ಮ ಮೈಮೇಲಿನ ಗಾಯಗಳನ್ನು ಒರೆಸಿ ಮತ್ತೆ ಹಣಾಹಣಿಗೆ ಸಿದ್ಧರಾಗುತ್ತಾರೆ.,1,"ಕೊಳೆ, ಕಳಂಕ","Dirt, Stain"
ಕಲೆ,ಕುತ್ತಿಗೆ ಮೇಲಿನ ಕಪ್ಪು ಕಲೆ ನಿವಾರಿಸಲು ಶಿಯಾ ಬಟರ್ ಬಳಸಿ,1,"ಕೊಳೆ, ಕಳಂಕ","Dirt, Stain"
ಕಲೆ,"ರಕ್ತದ ಕಲೆ ಕಾಣುವಂತೆ ಹಣೆಗೆ, ಕೈಗೆ ಬ್ಯಾಂಡೇಜ್‌.",1,"ಕೊಳೆ, ಕಳಂಕ","Dirt, Stain"
ಕಲೆ,ಕಪ್ಪು ಕಲೆ : ಕಣ್ಣುಗಳ ಕೆಳಗಿರುವ ಕಪ್ಪು ಕಲೆಗಳನ್ನು ಹೋಗಲಾಡಿಸಲು ಆಲೂಗಡ್ಡೆ ಉತ್ತಮ ಔಷಧಿ.,1,"ಕೊಳೆ, ಕಳಂಕ","Dirt, Stain"
ಕಲೆ,ಎನ್ಕೌಂಟರ್ ಸಮಯದಲ್ಲಿ ಸೊಹ್ರಾಬುದ್ದೀನ್ ಕಿಸೆಯಿಂದ ಪಡೆಯಲಾಗಿದೆಯೆಂದು ಪೊಲೀಸರು ಹೇಳಿದ್ದ ಟಿಕೆಟ್ ನಲ್ಲಿ ರಕ್ತದ ಕಲೆ ಇಲ್ಲ ಎಂಬುದು ಪ್ರಾಸಿಕ್ಯೂಷನ್ ನ ಗಮನಸೆಳೆಯಿತು.,1,"ಕೊಳೆ, ಕಳಂಕ","Dirt, Stain"
ಕಲೆ,"ಐದು ಪೈಸೆ, ಹತ್ತು ಪೈಸೆಗೆ ಫೋಟೊ, ಐವತ್ತು ಪೈಸೆಯ ಫೋಸ್ಟ್‌ ಕಾರ್ಡ್‌, ಗ್ರೀಟೀಂಗ್ಸ್‌ ಕಾರ್ಡ್‌ಗಳನ್ನು ಕಲೆ ಹಾಕಿದೆ ಎನ್ನುತ್ತಾರೆ ಅವರು.",1,"ಕೊಳೆ, ಕಳಂಕ","Dirt, Stain"
ಕಲೆ,ಪಾಲಿಯುರೇಥೇನ್ ಬಣ್ಣದ - ಬಣ್ಣದ ಕಲೆ,1,"ಕೊಳೆ, ಕಳಂಕ","Dirt, Stain"
ಕಲೆ,"ಕಲೆ ಮೊದಲ ಪ್ರಯತ್ನಗಳಲ್ಲಿ, ಅಥವಾ ಶಿಕ್ಷೆಯ ಕೋಶದಲ್ಲಿ ಕೆಲವು ದಿನಗಳ",1,"ಕೊಳೆ, ಕಳಂಕ","Dirt, Stain"
ಕಲೆ,ಪರಿ ಪೂರ್ಣವಾಗಿ ರಕ್ತದ ಕಲೆ ನೆಲಕ್ಕೆ ಅಂಟಿಕೊಂಡಿತ್ತು.,1,"ಕೊಳೆ, ಕಳಂಕ","Dirt, Stain"
ಕಲೆ,ಅದರಲ್ಲೂ ಲೆದರ್ ಶೂ ವಿನ ಮೇಲೆ ಆದಂತಹ ಕಲೆ ಪಕ್ಕನೇ ಹೋಗುವುದಿಲ್ಲ.,1,"ಕೊಳೆ, ಕಳಂಕ","Dirt, Stain"
ಕಲೆ,"ಇದನ್ನು ವಾರದಲ್ಲಿ 3 ಬಾರಿ ಹಚ್ಚಿ, ಕಪ್ಪು ಕಲೆ ಮಾಯವಾಗುವುದು.",1,"ಕೊಳೆ, ಕಳಂಕ","Dirt, Stain"
ಕಲೆ,ವಾರಕ್ಕೆ ಎರಡು ಬಾರಿ ಸೈಂಧವ ಲವಣದ ಪ್ಯಾಕ್ ಹಚ್ಚಿಕೊಳ್ಳುವುದ್ರಿಂದ ಕಪ್ಪು ಕಲೆ ಕಡಿಮೆಯಾಗುತ್ತದೆ.,1,"ಕೊಳೆ, ಕಳಂಕ","Dirt, Stain"
ಕಲೆ,ಕತ್ತಲೆಯಲ್ಲಿ ಚಾಪೆ ಹೆಣೆಯುವ ಕಲೆ,2,"ಲಲಿತವಿದ್ಯೆ, ಕುಶಲವಿದ್ಯೆ",art
ಕಲೆ,"ನಟಿ, ನೃತ್ಯಗಾರ್ತಿಯಾಗಿರುವ ಶ್ರುತಿ ಹರಿಹರನ್ ಅವರು ಮಾಡಿರುವ ಆರೋಪಗಳೇನೆಂದರೆ, ವಿಸ್ಮಯ ಚಿತ್ರೀಕರಣದ ಸಂದರ್ಭದಲ್ಲಿ ಅರ್ಜುನ್ ಸರ್ಜಾ ಅವರು ರಿಹರ್ಸಲ್ ಮಾಡುವಾಗ ಕಲೆ ಮತ್ತು ಕಾಮದ ನಡುವಿನ ಗೆರೆಯನ್ನು ಮೀರಿದ್ದರು.",2,"ಲಲಿತವಿದ್ಯೆ, ಕುಶಲವಿದ್ಯೆ",art
ಕಲೆ,ದೇಶದಲ್ಲೇ ಮಲ್ಲಗಂಭ ಸಾಹಸ ಕಲೆ ಪ್ರದರ್ಶನ ನೀಡುವ ಅಂಧ ಮಕ್ಕಳ ತಂಡ ನಮ್ಮ ಶಾಲೆಯ ವಿದ್ಯಾರ್ಥಿ ತಂಡ ಒಂದೇ ಇರಬೇಕು ಎಂದು ಸಂತಸ ವ್ಯಕ್ತಪಡಿಸಿದರು.,2,"ಲಲಿತವಿದ್ಯೆ, ಕುಶಲವಿದ್ಯೆ",art
ಕಲೆ,"ಯೋಗ, ಧ್ಯಾನ, ಸಂಗೀತ, ಕಲೆ ಇವುಗಳ ಬಗ್ಗೆ ಹೆಚ್ಚು ಆಸಕ್ತಿ ವಹಿಸುವುದರಿಂದ ಒತ್ತಡ ಕಡಿಮೆಯಾಗುತ್ತದೆ.",2,"ಲಲಿತವಿದ್ಯೆ, ಕುಶಲವಿದ್ಯೆ",art
ಕಲೆ,ಸ್ಟಿಕ್ಲೇ ಶೈಲಿ: ಕಲಾಕಾರರು ಸಂಪ್ರದಾಯದಲ್ಲಿ ಕಲೆ ಮತ್ತು ಕರಕುಶಲ ಮನೆಗಳು,2,"ಲಲಿತವಿದ್ಯೆ, ಕುಶಲವಿದ್ಯೆ",art
ಕಲೆ,"ಅವರು ಚಟುವಟಿಕೆಗಳನ್ನು ಸಕ್ರಿಯವಾಗಿ ಬೋಧನೆ ಆಸಕ್ತಿಗೊಂಡನು ಮತ್ತು ಅವರ ಕಲೆ ಇದೀಗ ಥಿಯೇಟರ್ಗಳಲ್ಲಿ ಹಾಗೂ ದೂರದರ್ಶನದಲ್ಲಿ ಪ್ರೇಕ್ಷಕರು ಸಂತೋಷಪಡಿಸಿ ಉತ್ತಮ ನಟರು, ಸಾಕಷ್ಟು ತರಬೇತಿ ನೀಡಿದೆ.",2,"ಲಲಿತವಿದ್ಯೆ, ಕುಶಲವಿದ್ಯೆ",art
ಕಲೆ,ಕಲೆ ರೂಪದ ಆರಿಸುವಾಗ ಆಫ್ ಒರಿಗಮಿ ಕ್ರಿಸ್ಮಸ್ ಗೊಂಬೆಗಳು ಮಾಡ್ಯೂಲ್ ಎಲ್ಲಾ ಇತರರ ಹೆಚ್ಚು ಸುಂದರ ಮತ್ತು ಅಸಾಮಾನ್ಯ ಪಡೆಯಬಹುದು.,2,"ಲಲಿತವಿದ್ಯೆ, ಕುಶಲವಿದ್ಯೆ",art
ಕಲೆ,ಅವರು ಕಲೆ ನೋಡಲು ಇಷ್ಟಪಡುತ್ತಾರೆ ಮತ್ತು ಅವರು ನಿಮ್ಮ ಕೆಲಸವನ್ನು ನೋಡುತ್ತಾರೆ.,2,"ಲಲಿತವಿದ್ಯೆ, ಕುಶಲವಿದ್ಯೆ",art
ಕಲೆ,ಈ ಕಲೆ ಉಳಿಸಲು ಸಾಕಷ್ಟು ಹೋರಾಟ ನಡೆಸುತ್ತಿದ್ದೇನೆ.,2,"ಲಲಿತವಿದ್ಯೆ, ಕುಶಲವಿದ್ಯೆ",art
ಕಲೆ,"ಈ ಕಲೆ ಮತ್ತು ಎಲ್ಲರೂ ಮಾಡಬಹುದು ಮಾಸ್ಟರ್, ಆದರೆ ಸಾಧಿಸು ಪ್ರಯತ್ನದಲ್ಲಿ ಮಾಡಲು ಹೊಂದಿರುತ್ತದೆ.",2,"ಲಲಿತವಿದ್ಯೆ, ಕುಶಲವಿದ್ಯೆ",art
ಕಲೆ,ಆಸ್ಟ್ರೇಲಿಯದ ನಾಟಕ ಕಲೆ ರಾಷ್ಟ್ರೀಯ ಅಕಾಡೆಮಿ ದಾಖಲೆಗಳನ್ನು ಸಲ್ಲಿಸಲು ನಟನಾ ಪರೀಕ್ಷೆ ಮತ್ತು ಸಮಾನಾಂತರವಾಗಿ ಹಾಜರಾಗುತ್ತಿದ್ದಳು ಅದೃಷ್ಟ ಪಡೆಯಲು ಆಶಯದೊಂದಿಗೆ.,2,"ಲಲಿತವಿದ್ಯೆ, ಕುಶಲವಿದ್ಯೆ",art
ಕಲೆ,ಕರ್ನಾಟಕದಲ್ಲಿ ಪ್ರಾಚೀನ ಕಾಲದಿಂದಲು ಈ ಕಲೆ ರೂಢಿಯಲ್ಲಿದೆ.,2,"ಲಲಿತವಿದ್ಯೆ, ಕುಶಲವಿದ್ಯೆ",art
ಕಲೆ,ನವೋದಯ ಕಲೆ ಪ್ರಭಾವಗಳು ಕ್ಯುಪಿಡ್ನ ಸ್ವರೂಪದಲ್ಲಿ ಬದಲಾವಣೆ,2,"ಲಲಿತವಿದ್ಯೆ, ಕುಶಲವಿದ್ಯೆ",art
ಕಲೆ,"ಚಿತ್ರಕ್ಕೆ ಕಥೆ, ಸಂಭಾಷಣೆ ಚಿಂತನ್, ಛಾಯಾಗ್ರಹಣ ಸತ್ಯ, ಸಂಗೀತ ಹರಿಕೃಷ್ಣ, ಕಲೆ ಈಶ್ವರಿ ಕುಮಾರ್, ಸಾಹಸ ರವಿವರ್ಮ, ನೃತ್ಯ ಮುರುಳಿ, ಗಣೇಶ್, ಕಲೈ, ಸಂಕಲನ ಪ್ರಕಾಶ್, ನಿರ್ಮಾಣ ಮೇಲ್ವಿಚಾರಣೆ ಮೋಹನ್, ನಿರ್ಮಾಣ ನಿರ್ವಹಣೆ ಅನಿಲ್‌ಕುಮಾರ್, ಚಿತ್ರದ ಸಹ ನಿರ್ಮಾಪಕರು ಮಹೇಶ್ ನಂಜಯ್ಯ, ಎಂ.",2,"ಲಲಿತವಿದ್ಯೆ, ಕುಶಲವಿದ್ಯೆ",art
ಕಲೆ,"ಮೀಟರ್ - ಕಟ್ಟಡವು ಚಾಪ ಆಕಾರದಲ್ಲಿ ರೂಪುಗೊಳ್ಳುತ್ತದೆ, ಮುಖ್ಯ ಸ್ಥಳದಲ್ಲಿ ದೊಡ್ಡ ಕ್ಯಾನ್ವಾಸ್ ಕಲೆ ಆವರಿಸಿಕೊಂಡಿದೆ, ಇದು ಉದ್ದ 67 ಮೀಟರ್, ಎತ್ತರ ಹೊಂದಿದೆ.",2,"ಲಲಿತವಿದ್ಯೆ, ಕುಶಲವಿದ್ಯೆ",art
ಕಲೆ,ಮೃಗಾಲಯದ ಮಕ್ಕಳಿಗೆ ನಿರಂತರವಾಗಿ ಕಲೆ ತರಗತಿಗಳು ನಡೆಯಿತು.,2,"ಲಲಿತವಿದ್ಯೆ, ಕುಶಲವಿದ್ಯೆ",art
ಕಲೆ,"ಕಾದಂಬರಿಯಲ್ಲಿ, ಹೆಸ್ಸೆ ಎಂಬುದನ್ನು ಮಧ್ಯಮವರ್ಗದ ಸಮಾಜದಲ್ಲಿ ಕಲೆ ಏನಾಗಬಹುದು ಯೋಚಿಸಿದ್ದೀರಾ, ಯಾವುದೇ ಸೃಜನಶೀಲತೆ ಆಳವಾಗಿ ಪ್ರತಿಕೂಲ?",2,"ಲಲಿತವಿದ್ಯೆ, ಕುಶಲವಿದ್ಯೆ",art
ಕಲೆ,ಹರದೇಶಿ-ನಾಗೇಶಿ: ಕಲೆ ಮತ್ತು ಕಲಾವಿದರು ಲಿಂಗಸಂಬಂಧಿ ಅಧ್ಯಯನ: ೪.,2,"ಲಲಿತವಿದ್ಯೆ, ಕುಶಲವಿದ್ಯೆ",art
ಕಲೆ,"ಆಕಾಶಬುಟ್ಟಿಗಳ ಒಂದು ಗುಂಪನ್ನು ನೀವೇ ಹೇಗೆ ಮಾಡಬೇಕೆಂದು ನೀವು ತಿಳಿದುಕೊಳ್ಳಲು ಬಯಸಿದರೆ, ಬಲೂನ್ಗಳಿಂದ ವ್ಯಕ್ತಿಗಳನ್ನು ರಚಿಸುವ ಕಲೆ - ಇದು ನಿಮಗೆ ತಿರುಗಿಸಲು ಸಹಾಯ ಮಾಡುತ್ತದೆ.",2,"ಲಲಿತವಿದ್ಯೆ, ಕುಶಲವಿದ್ಯೆ",art
ಕಲೆ,"ರುಚಿಯಾಗಿ ಅಡುಗೆ ಮಾಡುವ ಕಲೆ ಎಲ್ಲರಿಗೂ ಸಿದ್ಧಿಸುವುದಿಲ್ಲ, ಅಡುಗೆ ರುಚಿಗಟ್ಟುವುದು ನಿರಂತರ ಅಭ್ಯಾಸದಿಂದ.",2,"ಲಲಿತವಿದ್ಯೆ, ಕುಶಲವಿದ್ಯೆ",art
ಕಲೆ,"ಕಲೆಯ ವಿಕಾಸವನ್ನು ಸಮಗ್ರವಾಗಿ ಕಲೆ ಹಾಕಲು, ಮುಂದಿನ ಪೀಳಿಗೆಗೆ ಅರ್ಥೈಸಲು ಸಾಕ್ಷಚಿತ್ರಗಳ ದಾಖಲೀಕರಣದಿಂದ ಮಾತ್ರ ಸಾಧ್ಯ ಎಂದರು.",2,"ಲಲಿತವಿದ್ಯೆ, ಕುಶಲವಿದ್ಯೆ",art
ಕಲೆ,"ಹೀಗಾಗಿ ಗ್ಯಾಲರಿ ಕಲೆ ಹೊರ ಜಗತ್ತಿಗೂ ಕಾಣಬೇಕು, ಆ ಮೂಲಕ ಜನರು ಕಲೆಯ ಬಗೆಗೆ ಚರ್ಚಿಸುವ, ಸಂವಾದ ಕೈಗೊಳ್ಳುವಂತೆ ಮಾಡಬೇಕು ಎಂಬೆಲ್ಲಾ ಆಸೆ ನನ್ನನ್ನು ಕಾಡಿತ್ತು.",2,"ಲಲಿತವಿದ್ಯೆ, ಕುಶಲವಿದ್ಯೆ",art
ಕಲೆ,ಕೇಂದ್ರಬಿಂದುವಾಗಿ ಈ ಚಿಹ್ನೆಗಳನ್ನು ಬಳಸುವುದು ಸಹ ಉತ್ತಮವಾಗಿದೆ ಏಕೆಂದರೆ ಇದು ಕಲೆ ಮತ್ತು ಚಿತ್ರಗಳ ಸಾಂಪ್ರದಾಯಿಕ ಆಯ್ಕೆಗಳಿಗೆ ಬೇರೆ ಪರ್ಯಾಯವಾಗಿದೆ.,2,"ಲಲಿತವಿದ್ಯೆ, ಕುಶಲವಿದ್ಯೆ",art
ಕಲೆ,ಲಕ್ಕಿ ಉಗುರು ಕಲೆ ಅತ್ಯಂತ ಅವಿಧೇಯ ಮಹಿಳೆಯರ ಅಗತ್ಯಗಳನ್ನು ಪೂರೈಸಲು.,2,"ಲಲಿತವಿದ್ಯೆ, ಕುಶಲವಿದ್ಯೆ",art
ಕಲೆ,"ಪಾತ್ರಗಳ ಘನತೆಯನ್ನು ಬಲ್ಲ ಕಲಾವಿದರು, ಸಾಹಿತಿಗಳು, ಚಿಂತಕರು ಕಾಪಿಟ್ಟ ಕಲೆ ಯಕ್ಷಗಾನ.",2,"ಲಲಿತವಿದ್ಯೆ, ಕುಶಲವಿದ್ಯೆ",art
ಕಲೆ,"ಶೀರ್ಷಿಕೆಯಲ್ಲೇ ಮುನಿರತ್ನ ಎಂಬ ಹೆಸರು ಸೇರಿಸಿಕೊಂಡು, ನಿರ್ದೇಶಕನನ್ನು ಬದಿಗೊತ್ತಿ ರಾಜಕೀಯ ಹಿನ್ನೆಲೆಯ ತನ್ನ ಹಣವಂತ ನಿರ್ಮಾಪಕನನ್ನು ಮೆರೆಸಲು ಹಾತೊರೆಯುತ್ತಿರುವ ಕುರುಕ್ಷೇತ್ರ ಸಿನೆಮಾ ಬಿಡುಗಡೆಯಾದ ನಂತರ ಒಂದೊಮ್ಮೆ ಹಣಗಳಿಕೆಯಲ್ಲಿ ಬಾಹುಬಲಿಯ ದಾಖಲೆಗಳನ್ನು ಮುರಿದುಹಾಕಿದರೂ ಸಹ ತನ್ನ ನಿರ್ದೇಶಕನನ್ನು ನಡೆಸಿಕೊಳ್ಳುವ ವಿಚಾರದಲ್ಲಿ ಸೋತುಹೋದ ಕಲೆ ಮಾತ್ರ ಯಾವತ್ತಿಗೂ ಹಾಗೇ ಉಳಿಯಲಿದೆ.",2,"ಲಲಿತವಿದ್ಯೆ, ಕುಶಲವಿದ್ಯೆ",art
ಕಲೆ,ಉನ್ನತ ಕಲೆ ಯಾವುದೇ ದೇಶ ಸಂಸ್ಕೃತಿಯ ಜನರ‍ನ್ನು ಸೆರೆ ಹಿಡಿಯಬಲ್ಲದು ಎಂಬುದಕ್ಕೆ ಸುಬ್ಬಣ್ಣನವರೇ ಸಾಕ್ಷಿ.,2,"ಲಲಿತವಿದ್ಯೆ, ಕುಶಲವಿದ್ಯೆ",art
ಕಲೆ,ತಮ್ಮ ಮನೋಜ್ಞ ಅಭಿನಯದ ಮೂಲಕ ಎಂಥ ಪಾತ್ರವಾದರೂ ಸರಿಯೇ ಅದಕ್ಕೆ ಜೀವಕಳೆ ತುಂಬುವ ಕಲೆ ಬಲ್ಲ ಬಿ.,2,"ಲಲಿತವಿದ್ಯೆ, ಕುಶಲವಿದ್ಯೆ",art
ಕಲೆ,"ಆರ್ಕಿಟೆಕ್ಚರ್ನಲ್ಲಿನ ಇನ್ನಿವೇಶನ್ ಮತ್ತು ಕ್ರಿಯೇಟಿವ್ ಸ್ಟ್ರಾಟಜೀಸ್ ಕಾನ್ಲ್ಯೂಯನ್ಸ್ ಇನ್ಸ್ಟಿಟ್ಯೂಟ್ ಮತ್ತು ಫ್ರಾನ್ಸ್ನ ಲಿಯಾನ್ನಲ್ಲಿದೆ, ವಾಸ್ತುಶಿಲ್ಪ ಕಾರ್ಯಕ್ರಮವು ಐದು ವಿಷಯಾಧಾರಿತ ಕ್ಷೇತ್ರಗಳ ಛೇದನದ ಸುತ್ತಲೂ ನಿರ್ಮಿಸಲಾಗಿದೆ: ನರವಿಜ್ಞಾನ, ಹೊಸ ತಂತ್ರಜ್ಞಾನಗಳು, ಸಾಮಾಜಿಕ ಕ್ರಿಯೆ, ದೃಶ್ಯ ಕಲೆ ಮತ್ತು ಭೌತಶಾಸ್ತ್ರ.",2,"ಲಲಿತವಿದ್ಯೆ, ಕುಶಲವಿದ್ಯೆ",art
ಕಲೆ,"ಇವುಗಳು ಅಟಗಳು, ಮನಸ್ಸನ್ನು ವೃದ್ಧಿಸುವ ಮೈಂಡ್ ಗೇಮ್ ಗಳು, ಕಲೆ ಸಂಸ್ಕೃತಿಯ ಪರಿಚಯ- ಇತ್ಯಾದಿಗಳನ್ನು ಒಳಗೊಂಡಿದೆ.",2,"ಲಲಿತವಿದ್ಯೆ, ಕುಶಲವಿದ್ಯೆ",art
ಕಲೆ,"ಇಲ್ಲಿ ವೃತ್ತಿಪರ ಶಿಕ್ಷಕರು, ಅವುಗಳಲ್ಲಿ ಕಲೆ ಒಂದು ಪ್ರೀತಿ ತುಂಬುವುದು, ಆಕರ್ಷಕವಾಗಿ ಸರಿಸಲು ಜವಾಬ್ದಾರಿ ಮತ್ತು ಆತ್ಮ ವಿಶ್ವಾಸ ಅವರನ್ನು ಶಿಕ್ಷಣ ತಂಡಗಳು ನೃತ್ಯ, ಕೆಲಸ, ಮಕ್ಕಳಿಗೆ ಪಾಠ.",2,"ಲಲಿತವಿದ್ಯೆ, ಕುಶಲವಿದ್ಯೆ",art
ಕಲೆ,"ಅಲ್ಲಿ ಗ್ರೂಮಿಂಗ್‌, ಮಾತನಾಡುವ ಕಲೆ ಬಗ್ಗೆ ಕಲಿತುಕೊಂಡರು.",2,"ಲಲಿತವಿದ್ಯೆ, ಕುಶಲವಿದ್ಯೆ",art
ಕಲೆ,ಮಾಸ್ಕೋ ಚಲನಚಿತ್ರ ಕಲೆ ಸಂಸ್ಥೆ ಪದವಿ - ಯಾವುದೇ ಚಿತ್ರ ರೇಜ್ ವಿಮರ್ಶೆ ಕಡೆಗಣಿಸಬೇಡಿ ಪ್ರತಿಭಾವಂತ ಕ್ಯಾಮೆರಾ ಕೆಲಸ ರೋಮನ್ Vasyanova ಬರೆದ.,2,"ಲಲಿತವಿದ್ಯೆ, ಕುಶಲವಿದ್ಯೆ",art
ಕಲೆ,ಫೋಟೋ ಕಲೆ © [ಜೇಡಿ ನೈಟ್ಸ್],2,"ಲಲಿತವಿದ್ಯೆ, ಕುಶಲವಿದ್ಯೆ",art
ಕಲೆ,ಕಲೆ ಎಂಬುದು ಸಂಗೀತದಂತೆ.,2,"ಲಲಿತವಿದ್ಯೆ, ಕುಶಲವಿದ್ಯೆ",art
ಕಲೆ,ಈ ಹಿನ್ನೆಲೆಯಲ್ಲಿ ಸಿನಿಮಾ ಒಂದು ಒಕ್ಕೂಟ ಕಲೆ ಎಂದಿದ್ದಾರೆ.,2,"ಲಲಿತವಿದ್ಯೆ, ಕುಶಲವಿದ್ಯೆ",art
ಕಲೆ,ಇದಕ್ಕೆ ಪೂರಕವಾಗಿ ಕಲೆ ವಿಭಾಗ ಕೂಡಾ ಸಹಕಾರ ನೀಡಿದೆ.,2,"ಲಲಿತವಿದ್ಯೆ, ಕುಶಲವಿದ್ಯೆ",art
ಕಲೆ,"ಊಟ ಬಡಿಸುವುದು, ಉಣಿಸುವುದು ಕಲೆ ಅನ್ನೋದನ್ನು ಚಿಕ್ಕವಯಸ್ಸಲ್ಲೇ ಅರ್ಥ ಮಾಡಿಕೊಂಡದ್ದು ಅಮ್ಮನಿಂದಲೇ.",2,"ಲಲಿತವಿದ್ಯೆ, ಕುಶಲವಿದ್ಯೆ",art
ಕಲೆ,ಸಿನಿಮಾ ಕೈ ಹಿಡಿಯಲಿಲ್ಲ: ಕಲೆ ಎಲ್ಲರನ್ನೂ ಒಳಗೆ ಕರೆದುಕೊಳ್ಳುತ್ತದೆ.,2,"ಲಲಿತವಿದ್ಯೆ, ಕುಶಲವಿದ್ಯೆ",art
ಕಲೆ,ವರ್ಕ್ಸ್ ಕಲೆ ಮತ್ತು ವಿವಿಧ ಆಸಕ್ತಿ ವಿರಳವಾಗಿರುತ್ತವೆ ಸಹ ಮೊದಲ ಎಸ್ಟೇಟ್ ಮಾಲೀಕರ.,2,"ಲಲಿತವಿದ್ಯೆ, ಕುಶಲವಿದ್ಯೆ",art
ಕಳೆ,ರಾಜ್ಯೋತ್ಸವ ಸಂಭ್ರಮದ ಕಳೆ ಹೆಚ್ಚಿಸಿದ ಚಿಣ್ಣರಿವರು.,1,"ಕಾಂತಿ, ತೇಜಸ್ಸು",Radiance
ಕಳೆ,ತರುಣಿಯ ಬಿಂಬದಲ್ಲಿಯೂತೇಜಸ್ವಿಗಳಾಗಿ ಕಣ್ಣುಗಳಲ್ಲಿಯೂ ಆ ದಿನ ಏನೋ ಒಂದು ವಿಧವಾದ ತೃಪ್ತಿ ಸಂತೋಷಗಳ ಹೊಸ ಕಳೆ ಮೊಳೆದೋರಿತ್ತು.,1,"ಕಾಂತಿ, ತೇಜಸ್ಸು",Radiance
ಕಳೆ,ಪೊಲೀಸ್ ಇಲಾಖೆಯ ವಾದ್ಯವೃಂದ ಹಿಮ್ಮೇಳನ ಸಾಂಸ್ಕೃತಿಕ ಕಾರ್ಯಕ್ರಮಗಳಿಗೆ ಕಳೆ ಕಟ್ಟಿತು.,1,"ಕಾಂತಿ, ತೇಜಸ್ಸು",Radiance
ಕಳೆ,"ತಮಟೆ, ಮಂಗಳವಾದ್ಯ, ಡೊಳ್ಳು, ಜಾಂಚ್ ಹಾಗೂ ನಾಸಿಕ್ ಡೋಲಿನ ತಂಡ, ದಾಸ ಸಮೂಹದ ಹರಿಸೇವೆ ಕಳೆ ತಂದಿದ್ದವು.",1,"ಕಾಂತಿ, ತೇಜಸ್ಸು",Radiance
ಕಳೆ,"ಹಂಪಿ ಉತ್ಸವಕ್ಕೆ ಈಗ ಜನಸಾಗರವೇ ಹರಿಬರುತ್ತಿದ್ದು, ಉತ್ಸವಕ್ಕೆ ಕಳೆ ಬಂದಿದೆ.",1,"ಕಾಂತಿ, ತೇಜಸ್ಸು",Radiance
ಕಳೆ,"ಒಂದೇ ಎರಡೇ ಮೈಸೂರಿಗೆ ದಸರಾ ಕಳೆ ಬಂದಿದ್ದು, ಸಂಭ್ರಮ ಮನೆ ಮಾಡಿದೆ.",1,"ಕಾಂತಿ, ತೇಜಸ್ಸು",Radiance
ಕಳೆ,ಮನೋಹರ್ ಕಾರ್ಯಕ್ರಮಕ್ಕೆ ಇನ್ನಷ್ಟು ಕಳೆ ಮೆರಗು ತಂದಿದ್ದಾರೆ ಎನ್ನುತ್ತಾರೆ ಜನಶ್ರೀ ಚಾನೆಲ್ ನ ಸಿಇಒ ಹಾಗೂ ಪ್ರಧಾನ ಸಂಪಾದಕರಾದ ಅನಂತ್ ಚಿನಿವಾರ್.,1,"ಕಾಂತಿ, ತೇಜಸ್ಸು",Radiance
ಕಳೆ,ಜೀರ್ಣೊದ್ಧಾರಗೊಳಿಸಿದ ನಂತರ ಇಡೀ ದೇಗುಲಕ್ಕೆ ವಿಶೇಷ ಕಳೆ ಬಂದಿತ್ತು.,1,"ಕಾಂತಿ, ತೇಜಸ್ಸು",Radiance
ಕಳೆ,ಮಂಜೂರಾಗಿದ್ದು ಸ್ಥಗಿತಗೊಂಡಿದ್ದ ಕೆರೆಯ ಹೂಳೆತ್ತುವ ಕಾರ್ಯಕ್ಕೆ ಜೀವ ಕಳೆ ಬಂದಂತಾಗಿದೆ.,1,"ಕಾಂತಿ, ತೇಜಸ್ಸು",Radiance
ಕಳೆ,"ಬೆಳಗಾವಿ 10: ಕಳೆದ ಸಾಲಿನಲ್ಲಿ ಮುಂಗಾರು ಹಾಗೂ ಹಿಂಗಾರು ಮಳೆ ಕೈಕೊಟ್ಟಿದ್ದರಿಂದ ಬರಗಾಲದ ಛಾಯೆಯನ್ನು ಎದುರಿಸಿದ ರೈತ ಸಮುದಾಂiÀ,ು ಕಳೆದ ಮೂರನಾಲ್ಕು ದಿನಗಳಿಂದ ಸುರಿಯುತ್ತಿರುವ ಮಳೆಯು ರೈತರ ಮುಖದಲ್ಲಿ ಸಂತೋಷದ ಕಳೆ ಮೂಡಿಸಿದೆ.",1,"ಕಾಂತಿ, ತೇಜಸ್ಸು",Radiance
ಕಳೆ,"ಹೀಗೆ ಜನ್ನಕವಿ ತನ್ನ ಎರಡು ಕಾವ್ಯಗಳಲ್ಲಿ ಪ್ರಮುಖವಾಗಿ ಧರ್ಮವನ್ನು ಉಪದೇಶಿಸಿದರೂ ಅದಕ್ಕೆ ಕಳೆ ಕೊಡುವಂತೆ ಎರಡೂ ಕಾವ್ಯಗಳಲ್ಲೂ ಸ್ವಾರಸ್ಯವಾದ ಕಥೆಗಳನ್ನು ಹೇಳಿದ್ದಾನೆ, ಇದರಿಂದ ಕಾವ್ಯಗಳನ್ನು ಆಸಕ್ತಿಯಿಂದ ಓದಬಹುದು.",1,"ಕಾಂತಿ, ತೇಜಸ್ಸು",Radiance
ಕಳೆ,ಕುಮಾರಸ್ವಾಮಿ ಅವರ ಆಗಮನದಿಂದ ವಿಧಾನಸಭೆಗೆ ಹೊಸ ಕಳೆ ಬಂದ ಹಾಗೆ ಆಗುತ್ತದೆ ಎಂದು ಅವರ ಆಪ್ತೇಷ್ಟರು ಹೇಳಿದ್ದಾರೆ.,1,"ಕಾಂತಿ, ತೇಜಸ್ಸು",Radiance
ಕಳೆ,ಸುಂದರ ಅನಿಯಮಿತ ಸಂಭಾಷಣೆಗಳ ಮೂಲಕವೇ ಕಳೆ ಕಟ್ಟಿಕೊಂಡು ಬೆಳೆದುಕೊಳ್ಳುವ ನಾಟಕವನ್ನ ನೋಡುವಾಗ ಎಲ್ಲೂ ಬೇಸರ ಅನಿಸುವುದಿಲ್ಲ.,1,"ಕಾಂತಿ, ತೇಜಸ್ಸು",Radiance
ಕಳೆ,"ವಿವಿಧ ಕಲಾ ಮೇಳಗಳು, ಕಲಾವಿದರು ಮೆರವಣಿಗೆಯುದ್ಧಕ್ಕೂ ತಮ್ಮ ಕಲೆ ಪ್ರದರ್ಶಿಸಿ ಹಬ್ಬಕ್ಕೆ ಕಳೆ ತಂದುಕೊಡಲಿದ್ದಾರೆ.",1,"ಕಾಂತಿ, ತೇಜಸ್ಸು",Radiance
ಕಳೆ,ಪ್ರತಿಯೊಬ್ಬರು ಸಂಭ್ರಮದಿಂದ ಆಚರಣೆ ಮಾಡುವ ಯುಗಾದಿ ಹಬ್ಬ ಸಿನಿಮಾರಂಗದಲ್ಲಿಯೂ ಕಳೆ ಕಟ್ಟಲಿದೆ.,1,"ಕಾಂತಿ, ತೇಜಸ್ಸು",Radiance
ಕಳೆ,"ನಿನ್ನೆ ಮೆರವಣಿಗೆಯಲ್ಲಿ ಡೊಳ್ಳುಕುಣಿತ, ಕೀಲಿಕುದುರೆ, ಯಕ್ಷಗಾನದ ವೇಷ, ನಾನಾ ಸ್ತಬ್ಧ ಚಿತ್ರಗಳು ಮೆರವಣಿಗೆಗೆ ಕಳೆ ನೀಡಿದವು ಮೂಡುಮನೆಯಿಂದ ಪ್ರಾರಂಭವಾಗಿ ಕಟೀಲಿನಲ್ಲಿ ಸಮಾಪ್ತಿದ ಈ ಮೆರವಣಿಗೆಯಲ್ಲಿ.",1,"ಕಾಂತಿ, ತೇಜಸ್ಸು",Radiance
ಕಳೆ,ಸದ್ಯಕ್ಕೆ ವೀರ್ ಚಿತ್ರದಲ್ಲಿ ಬ್ಯುಸಿಯಾಗಿರುವ ಸಲ್ಲು ಮುಖದಲ್ಲಿ ಮದುಮಗನ ಕಳೆ ರಾರಾಜಿಸುತ್ತಿದೆ.,1,"ಕಾಂತಿ, ತೇಜಸ್ಸು",Radiance
ಕಳೆ,"ಈ ಹೆಸರಲ್ಲಿಯೇ ಸಂತಸದ ಹೊಳೆ, ಹಬ್ಬದ ಕಳೆ ಇದೆ.",1,"ಕಾಂತಿ, ತೇಜಸ್ಸು",Radiance
ಕಳೆ,ಪ್ರವಾಸೋದ್ಯಮ ವಿಭಾಗದ ವಿದ್ಯಾರ್ಥಿಗಳು ಡೊಳ್ಳು ಬಾರಿಸುವುದರ ಮೂಲಕ ಕಳೆ ತಂದರು.,1,"ಕಾಂತಿ, ತೇಜಸ್ಸು",Radiance
ಕಳೆ,"ತೇಜಕುಮಾರ್‌ ಭಾಗವಹಿಸಿದ್ದು, ಟೂರ್ನಿಯ ಕಳೆ ಹೆಚ್ಚಿಸಿತ್ತು.",1,"ಕಾಂತಿ, ತೇಜಸ್ಸು",Radiance
ಕಳೆ,ಅವಳ ಸೊರಗಿದ ದೇಹದಲ್ಲಿ ಹರೆಯದ ಕಳೆ ಇತ್ತು.,1,"ಕಾಂತಿ, ತೇಜಸ್ಸು",Radiance
ಕಳೆ,"ಅಲ್ಲದೇ, ಅಂಗನವಾಡಿ ಕಾರ್ಯಕರ್ತೆಯರು, ಆಶಾ ಕಾರ್ಯಕರ್ತೆಯರು, ಬಿಸಿಯೂಟ ತಯಾರಕರು ಕೆಂಪು ಸೀರೆ ಉಟ್ಟು ಮೆರವಣಿಗೆಗೆ ಕೆಂಬಾವುಟದ ಕಳೆ ತಂದು ಕಟ್ಟಿಕೊಟ್ಟರು.",1,"ಕಾಂತಿ, ತೇಜಸ್ಸು",Radiance
ಕಳೆ,ಕಳೆದ ಎರಡು ದಿನಗಳ ಹಿಂದಿನಿಂದಲೇ ಕೃಷ್ಣಮಠ ಮತ್ತು ರಥಬೀದಿಗೆ ಹಬ್ಬದ ಕಳೆ ಬಂದಿದೆ.,1,"ಕಾಂತಿ, ತೇಜಸ್ಸು",Radiance
ಕಳೆ,ಕರಣ್​ ಗ್ರೋವರ್ ಹೆಂಡತಿ ಬಿಪಾಶಾಗೆ ಸಿಂಧೂರ ಇಡುವ ಮೂಲಕ ಹಬ್ಬಕ್ಕೆ ಕಳೆ ಕಟ್ಟಿದ್ದಾರೆ,1,"ಕಾಂತಿ, ತೇಜಸ್ಸು",Radiance
ಕಳೆ,"ಭೋರೆಂದು ಸುರಿವ ಮಳೆ, ಹಸಿರು ಸೀರೆಯನುಟ್ಟು ಬಣ್ಣಬಣ್ಣದ ಹೂಗಳ ತೊಟ್ಟ ಪ್ರಕೃತಿದೇವಿಯ ವೈಭವ ಈ ಮಾಸಕ್ಕೆ ವಿಶೇಷವಾದ ಕಳೆ ನೀಡುತ್ತದೆ.",1,"ಕಾಂತಿ, ತೇಜಸ್ಸು",Radiance
ಕಳೆ,ಜನ್ಮಾಷ್ಟಮಿಯಂದು ಪೂರ್ತಿ ನಗರಕ್ಕೇ ಹೊಸ ಕಳೆ ತುಂಬಿಕೊಳ್ಳುತ್ತದೆ.,1,"ಕಾಂತಿ, ತೇಜಸ್ಸು",Radiance
ಕಳೆ,"ಮಾತು ಮುಂದುವರೆಸುತ್ತಾ ಕಲಾವಿದರಿಗೆ ಬದ್ದತೆ ಇದ್ದರೆ, ಕಳೆ ತುಂಬುತ್ತೆ.",1,"ಕಾಂತಿ, ತೇಜಸ್ಸು",Radiance
ಕಳೆ,"ಸವದತ್ತಿ ಯಲ್ಲಮ್ಮ, ಜೋತಿರ್ಲಿಂಗ, ಸಾಯಿಬಾಬಾ ಚರಿತ್ರೆ ಹಾಗೂ ಸಂತ ಶರಣ-ಶರಣೆಯರ ಜೀವನ ಹಾಗೂ ಸಂದೇಶ ಸಾರುವ ಪೌರಾಣಿಕ ಹಾಗೂ ಕಾರ್ಗಿಲ್ ಯುದ್ಧ ಮತ್ತು ನಾಡಿನ ಕಲಾವಿದರ ನೆನಪು ಮಾಡಿಕೊಡುವಂತಹ ಸನ್ನವೇಶಗಳ ಪ್ರದರ್ಶನ ಹುಬ್ಬಳ್ಳಿಯ ಗಣೇಶ ಹಬ್ಬಕ್ಕೆ ಕಳೆ ಕಟ್ಟುವಂತಹದ್ದು.",1,"ಕಾಂತಿ, ತೇಜಸ್ಸು",Radiance
ಕಳೆ,"ತಿರುಪತಿಯ ಕಳೆ ಇಲ್ಲಿ ಬಂದಿದೆ ಎಂದರು ಮುಖ್ಯ ಅಥಿತಿಯಾಗಿ ಉಪಸ್ಥಿತರಿದ್ದ ಹೊಗೆವಡ್ಡಿ ವೀರಾಂಜನೇಯ ದೇವಸ್ಥಾನದ ದರ್ಮದರ್ಶಿ ಅನಂತ ನಾಯ್ಕ ಮಾತನಾಡಿ ಮಾನವನು ಪರಮಾತ್ಮನಾಗಲು ಸಾಧ್ಯವಿಲ್ಲ, ಧರ್ಮಾತ್ಮನಾಗಬಹುದು.",1,"ಕಾಂತಿ, ತೇಜಸ್ಸು",Radiance
ಕಳೆ,"ಶಿಬಿರದಲ್ಲಿ ರಸ್ತೆ, ಚರಂಡಿ ಸ್ವಚ್ಛಗೊಳಿಸಿದ ಶಿಬಿರಾರ್ಥಿಗಳು ಪುಷ್ಕರಣಿಗೆ ಹೊಸ ಕಳೆ ತಂದುಕೊಂಡಿದ್ದಾರೆ.",1,"ಕಾಂತಿ, ತೇಜಸ್ಸು",Radiance
ಕಳೆ,ಚಾಂಪಿಯನ್ಸ್ ಟ್ರೋಫಿಗೆ ಕಳೆ ನೀಡಿದ ಗೂಗಲ್ ಡೂಡಲ್,1,"ಕಾಂತಿ, ತೇಜಸ್ಸು",Radiance
ಕಳೆ,"ವೀರಗಾಸೆ, ಹುಲಿವೇಷ, ನಂದಿಕೋಲು ಕುಣಿತ, ಕರಡಿ ಮಜಲು, ಮುಂತಾದ ಕಲಾತಂಡಗಳು ಹಬ್ಬದ ಕಳೆ ಸೃಷ್ಟಿಸಿದವು.",1,"ಕಾಂತಿ, ತೇಜಸ್ಸು",Radiance
ಕಳೆ,ಆದರೆ ಮನೆಗೆ ವಾಪಸ್‌ ಹೋಗುವ ಸಂತಸದ ಕಳೆ ಮಾತ್ರ ಅವರ ಮೊಗದಲ್ಲಿ ತುಂಬಿರುತ್ತದೆ.,1,"ಕಾಂತಿ, ತೇಜಸ್ಸು",Radiance
ಕಳೆ,ಒಂದು ವೇಳೆ ಅವರು ಸೊಂಡೂರು ಸಂಸ್ಥಾನವನ್ನು ಮರಳಿ ಪಡೆಯುವ ಯತ್ನ ಮಾಡಿದ್ದರೆ ಅರಸು ಮನೆತನವನ್ನು ವಿರೋಧಿಸುತ್ತಿದ್ದವರ ಹೋರಾಟಕ್ಕೆ ಹೊಸ ಕಳೆ ಬರುತ್ತಿತ್ತು.,1,"ಕಾಂತಿ, ತೇಜಸ್ಸು",Radiance
ಕಳೆ,ಮುಖಗಳಲ್ಲಿ ವಧುವಿನ ಕಳೆ ಬಂದು ಬಿಡುತ್ತದೆ.,1,"ಕಾಂತಿ, ತೇಜಸ್ಸು",Radiance
ಕಳೆ,"ಪರಿಣಿತಿ ಚೋಪ್ರಾ, ವರುಣ್ ಧವನ್‌, ಜಾಕ್ವೆಲಿನ್ ಫರ್ನಾಂಡಿಸ್‌, ಪ್ರಭುದೇವಾ, ಹೃತಿಕ್ ರೋಷನ್‌, ಹಿರಿಯ ಅಥ್ಲೀಟ್‌ ಮಿಲ್ಖಾ ಸಿಂಗ್‌ ಮುಂತಾದವರು ಕಾರ್ಯಕ್ರಮಕ್ಕೆ ಕಳೆ ತುಂಬಲಿದ್ದಾರೆ ಎಂದು ಅಧಿಕಾರಿಗಳು ತಿಳಿಸಿದ್ದಾರೆ.",1,"ಕಾಂತಿ, ತೇಜಸ್ಸು",Radiance
ಕಳೆ,"ದಾಂಪತ್ಯ ಅರ್ಥಪೂರ್ಣವಾಗಿದ್ದಾಗ ಮುನಿಸಿಗೂ ಸವಿ ಬರುತ್ತದೆ, ಕನಸಿಗೂ ಕಳೆ ಬರುತ್ತದೆ, ಹಗಲು ಹೇಗೆ ಹಾರುತ್ತದೆ, ಇರುಳು ಹೇಗೆ ಜಾರುತ್ತದೆ ಎಂಬುದೂ ತಿಳಿಯದಂತೆ ಜೀವನೋತ್ಸಾಹ ನಮ್ಮನ್ನು ಆವರಿಸಿಕೊಳ್ಳುತ್ತದೆ.",1,"ಕಾಂತಿ, ತೇಜಸ್ಸು",Radiance
ಕಳೆ,ಇಲ್ಲಿರುವ ಯಾವ ಮುಸ್ಲಿಮರಿಗೂ ಅರಬ್ ಕಳೆ ಇಲ್ಲ.,1,"ಕಾಂತಿ, ತೇಜಸ್ಸು",Radiance
ಕಳೆ,ಇಂತಹ ರಾಜಾಸೀಟ್‍ಗೆ ಮತ್ತಷ್ಟು ಕಳೆ ತರುವುದ್ದಕ್ಕೆ ಪ್ರವಾಸೋದ್ಯಮ ದಿನಚಾರಣೆ ಅಂಗವಾಗಿ.,1,"ಕಾಂತಿ, ತೇಜಸ್ಸು",Radiance
ಕಳೆ,ಮೈಸೂರು: ಈ ಬಾರಿಯ ಮೈಸೂರು ದಸರಾಕ್ಕೆ ವಿಶೇಷ ಕಳೆ ಯಾಕೆಂದರೆ ಆರು ದಶಕಗಳ ಬಳಿಕ ಯದುವಂಶದ ಯುವರಾಜ ಖಾಸಗಿ ದರ್ಬಾರ್ ನೋಡಲಿದ್ದಾರೆ.,1,"ಕಾಂತಿ, ತೇಜಸ್ಸು",Radiance
ಕಳೆ,"ಗುತ್ತಿನಮನೆಯ ಗತ್ತು ಹಬ್ಬಕ್ಕೆ ಕಳೆ ತಂದಿದ್ದು,ಹಳ್ಳಿಯಿಂದ ನಗರಕ್ಕೆ ಬಂದು ನಗರದ ಜಂಜಾಟದ ಜೀವನದಲ್ಲಿ ಕಳೆದು ಹೋಗಿದ್ದ ಜನ ಗುತ್ತಿನ ಮನೆಯಲ್ಲಾದ ಹಬ್ಬದಲ್ಲಿ ಪಾಲ್ಗೊಂಡು ಸಂಭ್ರಮಿಸಿದ್ರು",1,"ಕಾಂತಿ, ತೇಜಸ್ಸು",Radiance
ಕಳೆ,"ನಂದಿಕೋಲ ಮೇಳ, ಜಾಂಜ್ ಮೇಳ, ಡೊಳ್ಳು ಕುಣಿತ ಸೇರಿ ಜಾನಪದ ಕಲಾ ತಂಡಗಳು ರಥೋತ್ಸವಕ್ಕೆ ಕಳೆ ತಂದವು.",1,"ಕಾಂತಿ, ತೇಜಸ್ಸು",Radiance
ಕಳೆ,ತ್ವಚೆಯಲ್ಲೂ ಯಾವುದೇ ಆಕರ್ಷಣೆಯಿಲ್ಲದೆ ಮಂಕಾದ ಕಳೆ ತೋರುತ್ತದೆ.,1,"ಕಾಂತಿ, ತೇಜಸ್ಸು",Radiance
ಕಳೆ,ಅಧಿವೇಶನದ ನಾಲ್ಕನೆಯ ದಿನವು ಭಾರಿ ಪ್ರತಿಭಟನೆಗಳಿಗೆ ಸಾಕ್ಷಿಯಾಗದಿದ್ದರೂ ಅನೇಕ ಸಂಘಟನೆಗಳು ಪ್ರತಿಭಟನೆ ನಡೆಸಿದ ಅಲ್ಲಿಯ ಪರಿಣಾಮ ಪರಿಸರದ ಜೀವ ಕಳೆ ಮುಂದುವರೆದಿತ್ತು.,1,"ಕಾಂತಿ, ತೇಜಸ್ಸು",Radiance
ಕಳೆ,ಬಾಯಾಡಿಸಲು ಉಳಿದಿದ್ದ ಅವಲಕ್ಕಿಯನ್ನು ತಂದ ಮೇಲಂತೂ ಸಂಭಾಷಣೆಗೆ ಇನ್ನೂ ಕಳೆ ಕಟ್ಟಿತ್ತು.,1,"ಕಾಂತಿ, ತೇಜಸ್ಸು",Radiance
ಕಳೆ,"ಸಾಲು, ಡೊಳ್ಳು ಕುಣಿತ, ಮಹಿಳಾ ವೀರಗಾಸೆ, ಕರಡಿ ಮಜಲು, ಬ್ಯಾಂಜೋ ವಾದ್ಯವೃಂದ ಕಳೆ ಕಟ್ಟಿತು.",1,"ಕಾಂತಿ, ತೇಜಸ್ಸು",Radiance
ಕಳೆ,"ಕಾರಂತರು ಹಯವದನ, ಸಂಕ್ರಾಂತಿ, ಈಡಿಪಸ್, ಜೋಕುಮಾರಸ್ವಾಮಿ, ಸತ್ತವರ ನೆರಳು, ಏವಂ ಇಂದ್ರಜಿತ್ ನಾಟಕಗಳ ಮೂಲಕ ಹವ್ಯಾಸಿ ರಂಗಭೂಮಿಗೆ ಹೊಸ ಕಳೆ ತಂದಿದ್ದರು.",1,"ಕಾಂತಿ, ತೇಜಸ್ಸು",Radiance
ಕಳೆ,ಹಾಗಾಗಿ ಈ ಬಾರಿಯ ವಿಟಿಯು ಘಟಿಕೋತ್ಸವದಲ್ಲಿಸಾಂಪ್ರದಾಯಿಕ ಧಿರಿಸಿನ ಕಳೆ ಮೇಳೈಸಲಿದೆ.,1,"ಕಾಂತಿ, ತೇಜಸ್ಸು",Radiance
ಕಳೆ,ರಂಗಭೂಮಿ ಹಳೆ ಬೆಳೆ ಹೊಸ ಕಳೆ,1,"ಕಾಂತಿ, ತೇಜಸ್ಸು",Radiance
ಕಳೆ,"ದೇವಾಲಯ ಸುತ್ತಮುತ್ತ ಆಟಿಕೆ ಸಾಮಾಗ್ರಿ, ತಿಂಡಿತಿನಿಸುಗಳ ಅಂಗಡಿಗಳು ಜಾತ್ರೆ ಕಳೆತಂದಿದ್ದರೆ, ಪರ ಊರುಗಳಿಂದಲೂ ಬಂಧುಗಳು ಬಂದಿದ್ದರಿಂದ ಹಬ್ಬಕ್ಕೆ ಮತ್ತಷ್ಟು ಕಳೆ ಬಂದಿತ್ತು.",1,"ಕಾಂತಿ, ತೇಜಸ್ಸು",Radiance
ಕಳೆ,ಕಟ್ಟಡದ ಹೊರ ಭಾಗದಲ್ಲಿ ಲಾನ್‌ ಹಾಗೂ ಹಚ್ಚ ಹಸಿರಿನ ಸೊಬಗು ಹೊಸ ಕಳೆ ತಂದುಕೊಟ್ಟಿದೆ.,1,"ಕಾಂತಿ, ತೇಜಸ್ಸು",Radiance
ಕಳೆ,ಸ್ಯಾಮ್ ಹೂಸ್ಟನ್ ನ್ಯಾಷನಲ್ ಫಾರೆಸ್ಟ್ ಲಿಟಲ್ ಲೇಕ್ ಕ್ರೀಕ್ ಲೂಪ್ ಜಾಡು ಕಪ್ಪು ಪತಂಗಗಳು ಬಿಳಿ-ಹೂವುಗಳ ಹಾಲು ಕಳೆ (Asclepias ವೆರೀಗಟಾ).,2,ಬೆಳೆಗಳ ನಡುವೆ ಬೆಳೆಯುವ ಹುಲ್ಲು,Weed
ಕಳೆ,"ಅವರು ಎಲ್ಲಾ ಸಸ್ಯ ಮತ್ತು ಪ್ರಾಣಿ ಹೊರಹೋಗುವ ತ್ಯಾಜ್ಯ, ಕಳೆ ಮತ್ತು ಕಸದ, ಆಹಾರ ತ್ಯಾಜ್ಯ ಬೇಸಿಗೆಯಲ್ಲಿ ಸಂಗ್ರಹಿಸಲಾಗುತ್ತದೆ.",2,ಬೆಳೆಗಳ ನಡುವೆ ಬೆಳೆಯುವ ಹುಲ್ಲು,Weed
ಕಳೆ,"ಇದಲ್ಲದೆ, ಈ ವಿಧಾನದ ಬಳಕೆಗೆ ಬಿಡಿಬಿಡಿಯಾಗಿಸಿ ತೋಟಗಾರರು ಕಳೆ ಕಿತ್ತಲು ಮತ್ತು ಆಗಾಗ್ಗೆ ನೀರಿನ ಅವಶ್ಯಕತೆ ಶಮನ.",2,ಬೆಳೆಗಳ ನಡುವೆ ಬೆಳೆಯುವ ಹುಲ್ಲು,Weed
ಕಳೆ,ಕಳೆ ನಿಯಂತ್ರಿಸಲು ಪರಿಣಾಮಕಾರಿ ಮಾರ್ಗಗಳಲ್ಲಿ ವಿವರಣೆ,2,ಬೆಳೆಗಳ ನಡುವೆ ಬೆಳೆಯುವ ಹುಲ್ಲು,Weed
ಕಳೆ,ಕೃಷಿಕರಿಗೆ ಅತ್ಯಂತ ಹಾನಿಕಾರಕ ಕಳೆ ಸಸ್ಯವಾಗಿರುವ ಹಾಗೂ ಅಷ್ಟೇ ಔಷಧಿಯ ಗುಣಗಳಿಂದಲು ಕುಡಿರುವಂತಹ ಸಸ್ಯ ಈ ದತ್ತುರಿಗಿಡ ಈ ಸಸ್ಯದ ಮೂಲಸ್ಥಾನ ಮೆಕ್ಸಿಕೊದ ಉಷ್ಣವಲಯವಾಗಿದ್ದು ಇಂದು ಅಮೆರಿಕ ಹಾಗೂ ಭಾರತಾದ್ಯಂತ ಕಾಣಸಿಗುತ್ತದೆ.,2,ಬೆಳೆಗಳ ನಡುವೆ ಬೆಳೆಯುವ ಹುಲ್ಲು,Weed
ಕಳೆ,2-3 ಬಾರಿ ಅಂತರ ಬೇಸಾಯ ಮಾಡಿ ಕಳೆ ತೆಗೆಯಬೇಕು.,2,ಬೆಳೆಗಳ ನಡುವೆ ಬೆಳೆಯುವ ಹುಲ್ಲು,Weed
ಕಳೆ,"ಬೇಸಿಗೆಯಲ್ಲಿ ಪ್ಲ್ಯಾಸ್ಟಿಕ್ ತುಂಬಾ ಬಿಸಿಯಾಗಿರುತ್ತದೆ ಮತ್ತು ಕಳೆ ಬೀಜಗಳನ್ನು ಹೊಡೆಯುವುದರ ಜೊತೆಗೆ, ಸಾಕಷ್ಟು ತೇವಾಂಶ ಇಲ್ಲದಿದ್ದರೆ ಸಸ್ಯದ ಬೇರುಗಳು ಸೇರಿದಂತೆ ಮಣ್ಣಿನ ಎಲ್ಲ ಒಳ್ಳೆಯ ವಸ್ತುಗಳನ್ನು ಸಹ ಕೊಲ್ಲುತ್ತದೆ.",2,ಬೆಳೆಗಳ ನಡುವೆ ಬೆಳೆಯುವ ಹುಲ್ಲು,Weed
ಕಳೆ,"ಭೂಮಿ ಹದ, ಬೆಳೆಗಳಿಗೆ ಪಾತಿ, ಕಳೆ ತೆಗೆದು ತರಹೇವಾರಿ ದೇಶೀ ಮತ್ತು ವಿದೇಶಿ ತಳಿಯ ಹೂ-ಹಣ್ಣು ಬೆಳೆಯುತ್ತಿದ್ದಾರೆ.",2,ಬೆಳೆಗಳ ನಡುವೆ ಬೆಳೆಯುವ ಹುಲ್ಲು,Weed
ಕಳೆ,ಹಸಿರು ಬಣ್ಣದ ಕಳೆ ಗಿಡಗಳ ಮೇಲೆ ಬಿಳಿಯ ಮುತ್ತಿನಂತೆ ಹರಡಿ ಕಂಗೊಳಿಸುವ ಬೆಳ್ಳಕ್ಕಿಗಳ ಹಿಂಡು ಜನರ ಕಣ್ಮನ ತಣಿಸುತ್ತವೆ.,2,ಬೆಳೆಗಳ ನಡುವೆ ಬೆಳೆಯುವ ಹುಲ್ಲು,Weed
ಕಳೆ,"ಚೆರ್ರಿ ಯಾವುದೇ ವಿವಿಧ, ನೀರಿನ hoeing ಇದೆ ಕಳೆ ಕಿತ್ತಲು ಫಲೀಕರಣ ಕೀಟಗಳು ಮತ್ತು ರೋಗಗಳಿಂದ ಸಮರುವಿಕೆಯನ್ನು ಮತ್ತು ರಕ್ಷಣೆ ಆರೈಕೆಯ.",2,ಬೆಳೆಗಳ ನಡುವೆ ಬೆಳೆಯುವ ಹುಲ್ಲು,Weed
ಕಳೆ,ಮಹಿಳೆ ಜೀವ ಉಳಿಸಿದ ಬೆಳ್ಳಂದೂರು ಕೆರೆಯ ಕಳೆ ಗಿಡಗಳು,2,ಬೆಳೆಗಳ ನಡುವೆ ಬೆಳೆಯುವ ಹುಲ್ಲು,Weed
ಕಳೆ,"ಕಳೆ ಕಡಿಮೆ, ಗೊಬ್ಬರ ನಿರ್ವಹಣೆಯಾಗುತ್ತದೆ.",2,ಬೆಳೆಗಳ ನಡುವೆ ಬೆಳೆಯುವ ಹುಲ್ಲು,Weed
ಕಳೆ,ಬಿಡಿಬಿಡಿಯಾಗಿಸಿ ಕಳೆ ಕಿತ್ತಲು ಮತ್ತು ಸಸ್ಯಗಳ ಬೆಳವಣಿಗೆಯ ಮುಖ್ಯ ಕಾಳಜಿ ಇದ್ದಾರೆ ನಿಯತಕಾಲಿಕವಾಗಿ ಫಲೀಕರಣ.,2,ಬೆಳೆಗಳ ನಡುವೆ ಬೆಳೆಯುವ ಹುಲ್ಲು,Weed
ಕಳೆ,ಆದ್ದರಿಂದ ತಳಿ ಅಭಿವೃದ್ಧಿ ಮತ್ತು ಇತರ ಬೇಸಾಯ ಕ್ರಮಗಳ (ಮುಖ್ಯವಾಗಿ ಕಳೆ ನಿಯಂತ್ರಣ ಮತ್ತು ನೀರಿನ ಉಪಯೋಗ) ಸಂಶೋಧನೆಗೆ ಬಹಳ ಅವಕಾಶಗಳಿವೆ.,2,ಬೆಳೆಗಳ ನಡುವೆ ಬೆಳೆಯುವ ಹುಲ್ಲು,Weed
ಕಳೆ,"ಅಷ್ಟೇ ಅಲ್ಲ, ಮಣ್ಣಿನಿಂದ ಮಾಡಿದ ಪುಟ್ಟ ನೀರಿನ ಚಿಲುಮೆ ತೋಟಕ್ಕೆ ಕಳೆ ತರುತ್ತದೆ.",2,ಬೆಳೆಗಳ ನಡುವೆ ಬೆಳೆಯುವ ಹುಲ್ಲು,Weed
ಕಳೆ,ಕಾಲೊನಿಯಲ್ಲಿ ಬೆಳೆದಿರುವ ಕಳೆ ಸ್ವಚ್ಛಗೊಳಿಸಬೇಕು.,2,ಬೆಳೆಗಳ ನಡುವೆ ಬೆಳೆಯುವ ಹುಲ್ಲು,Weed
ಕಳೆ,"ಇದಲ್ಲದೆ, ಕಳೆ ಮುತ್ತಿಕೊಂಡಿರುವ ಪ್ರದೇಶಗಳಿಗೆ ತಂತ್ರ, ಹೆಚ್ಚು ಕ್ಲಾಗ್ಸ್ ಗೆ, moldboard ವಿಧಾನವನ್ನು ಉಳುಮೆ ಮತ್ತು ಭಾಗವನ್ನು ಹರಡಿತು ಕಳೆ ಬೀಜಗಳು ಕಾರ್ಯಗತಗೊಳಿಸಬಹುದು ಏಕೆಂದರೆ ಕಾರಣವಾಗುತ್ತದೆ.",2,ಬೆಳೆಗಳ ನಡುವೆ ಬೆಳೆಯುವ ಹುಲ್ಲು,Weed
ಕಳೆ,"ರೈತರಾದ ಚಂದ್ರಶೇಖರ ಕರಜಗಿ, ಚಂದ್ರಾಮ ಬಳಗುಂಡಿ, ವಿಜಯ ಕುಮಾರ ಪಾಟೀಲ ಹೇಳುವಂತೆ, ಬೇಗ ಮಳೆಯಾಗಿ ದ್ದರಿಂದ ಲಘು ವಾಣಿಜ್ಯ ಬೆಳೆಗಳಾದ ಹೆಸರು, ಉದ್ದು, ಅಲಸಂಧಿ, ಮೆಕ್ಕೆ ಜೋಳ ಬಿತ್ತನೆ ಮಾಡಿದ್ದೇವೆ, ಯಡೆ ಹೊಡೆದು ಕಳೆ ತೆಗೆದು ಮಳೆಗಾಗಿ ಕಾಯುತ್ತಿದ್ದೇವೆ, ಮಳೆ ಬಂದರೆ ಬೆಳೆ ಚೆನ್ನಾಗಿ ಬರುತ್ತದೆ ಎಂದು ಮಾಹಿತಿ ನೀಡಿದರು.",2,ಬೆಳೆಗಳ ನಡುವೆ ಬೆಳೆಯುವ ಹುಲ್ಲು,Weed
ಕಳೆ,ಆರಂಭಿಕ ವಸಂತ ನೆಟ್ಟ ಎರಡು ಸಮಸ್ಯೆಗಳನ್ನು ಪರಿಹರಿಸಬಹುದು: ಇದು ಪೋಷಕಾ ಮಣ್ಣಿನ ಒದಗಿಸುತ್ತದೆ ಮತ್ತು ಬೆಳೆಯಲು ಕಳೆ ಅನುಮತಿಸುವುದಿಲ್ಲ.,2,ಬೆಳೆಗಳ ನಡುವೆ ಬೆಳೆಯುವ ಹುಲ್ಲು,Weed
ಕಳೆ,ರೈತರು ಬೆಳೆಯೊಳಗಿನ ಕಳೆ ಕೀಳುವ ಮೂಲಕ ಫಸಲು ಇನ್ನಷ್ಟು ಸಮೃದ್ಧ ಬೆಳವಣಿಗೆಗೆ ಅವಕಾಶ ಮಾಡಿಕೊಡಲಿದ್ದಾರೆ.,2,ಬೆಳೆಗಳ ನಡುವೆ ಬೆಳೆಯುವ ಹುಲ್ಲು,Weed
ಕಳೆ,ಮತ್ತು ಸಸ್ಯದ ಕಾಂಡದ ಬಗ್ಗೆ ಎಲ್ಲಾ ಕಳೆ ಸಸ್ಯವರ್ಗದ ನಾಶ ಉತ್ತಮ.,2,ಬೆಳೆಗಳ ನಡುವೆ ಬೆಳೆಯುವ ಹುಲ್ಲು,Weed
ಕಳೆ,"ಚಿಕ್ಕೋಡಿ: ಗದ್ದೆಯಲ್ಲಿ ಕಳೆ ತೆಗೆಯುತ್ತಿದ್ದಾಗ ವಿದ್ಯುತ್ ಸ್ಪರ್ಶಿಸಿ ತಂದೆ-ಮಗ ಸಾವನ್ನಪ್ಪಿದ್ದು, ಓರ್ವ ಗಂಭೀರವಾಗಿ ಗಾಯಗೊಂಡ ಘಟನೆ ಚಿಕ್ಕೋಡಿಯ ಅಲಖನೂರು ಗ್ರಾಮದ ಪಾವಿನ ತೋಟದಲ್ಲಿ ನಡೆದಿದೆ.",2,ಬೆಳೆಗಳ ನಡುವೆ ಬೆಳೆಯುವ ಹುಲ್ಲು,Weed
ಕಳೆ,"ಸಸ್ಯಗಳು ಚಿಕ್ಕ ಯಾವಾಗ, ಇದು ಕಳೆ ಕಿತ್ತಲು ಸೂಚಿಸಲಾಗುತ್ತದೆ.",2,ಬೆಳೆಗಳ ನಡುವೆ ಬೆಳೆಯುವ ಹುಲ್ಲು,Weed
ಕಳೆ,"ಐಮು~ ಪ್ರಯೋಜನಗಳು: ಬೇಸಿಗೆಯಲ್ಲಿ ಕಸ ಕಡ್ಡಿಗಳನ್ನು ಒಟ್ಟುಗೂಡಿಸುವುದು, ಮಳೆಗಾಲದ ಮುಂಚೆ ಮಣ್ಣು ಹದಗೊಳಿಸುವುದು, ಮಳೆಯ ನಂತರ ಬೀಜ ಬಿತ್ತನೆ, ಕಳೆ ನಾಶಪಡಿಸುವುದು, ರಸಗೊಬ್ಬರ ಕೊಡುವುದು, ಬಿತ್ತನೆಯ ನಂತರ ಭೂಮಿಯ ಬಿರುಕು ಮುಚ್ಚುವುದು ಮತ್ತು ಕ್ರಿಮಿನಾಶಕ ಸಿಂಪಡಣೆ ಮಾಡಬಹುದು.",2,ಬೆಳೆಗಳ ನಡುವೆ ಬೆಳೆಯುವ ಹುಲ್ಲು,Weed
ಕಳೆ,ಸಸ್ಯಗಳ ಸಾಮಾನ್ಯ ಅಭಿವೃದ್ಧಿಗೆ ಸಾಕಷ್ಟು 2-3 ಬಾರಿ ಕಳೆ ಪೊದೆಗಳು ಮತ್ತು ಖನಿಜ ರಸಗೊಬ್ಬರಗಳು ಅವುಗಳನ್ನು ಫಲವತ್ತಾಗಿಸಲು.,2,ಬೆಳೆಗಳ ನಡುವೆ ಬೆಳೆಯುವ ಹುಲ್ಲು,Weed
ಕಳೆ,"ಇದು ಅಪೇಕ್ಷಣೀಯವಾಗಿದೆ , ಮಲ್ಚ್ ಕಳೆ ಹೆಚ್ಚಾಗದಂತೆ ತಡೆಯುವ ಗುರಿ ಮತ್ತು ಸಾಕಷ್ಟು ತೇವಾಂಶ ನಿರ್ವಹಿಸಲು.",2,ಬೆಳೆಗಳ ನಡುವೆ ಬೆಳೆಯುವ ಹುಲ್ಲು,Weed
ಕಳೆ,ಅಗಲಕ್ಕೆ ಕಾಡಿನ ಕಳೆ ತೆಗೆಯಲಾಗುತ್ತಿದ್ದು ಒಣಗಿದ ಬಳಿಕ ಸುಡಲಿದ್ದಾರೆ.,2,ಬೆಳೆಗಳ ನಡುವೆ ಬೆಳೆಯುವ ಹುಲ್ಲು,Weed
ಕಳೆ,ಯಂತ್ರಗಳನ್ನು ಬಳಸಿಕೊಂಡು ಸಮರೋಪಾದಿಯಲ್ಲಿ ಕಳೆ ತೆಗೆಯುವ ಕೆಲಸ ಮಾಡಬೇಕಿತ್ತು ಎಂದು ಅವರು ಅಭಿಪ್ರಾಯಪಟ್ಟರು.,2,ಬೆಳೆಗಳ ನಡುವೆ ಬೆಳೆಯುವ ಹುಲ್ಲು,Weed
ಕಳೆ,"ಉಂಡ್ರಾಲ್ದೊಡ್ಡಿಯ ದಲಿತ ಮಹಿಳೆಯೊಬ್ಬಳು ಸಾಗುವಳಿಮಾಡುತ್ತಿದ್ದ ಭೂಮಿಯಲ್ಲಿ ಕಳೆ ತೆಗೆಯುವ ಕೆಲಸಮಾಡುತ್ತಿದಾಗ ಅರಣ್ಯ ಇಲಾಖೆಯ ಸಿಬ್ಬಂಧಿಯವರು ಬಂದು, ಅವಾಚ್ಯ ಶಬ್ದಗಳಿಂದ ಬೈದು ಅವಳ ಕೈಯಲ್ಲಿದ್ದ ಸಲಿಕೆಯನ್ನು ಕಸಿದುಕೊಂಡು ಹೋದರು.",2,ಬೆಳೆಗಳ ನಡುವೆ ಬೆಳೆಯುವ ಹುಲ್ಲು,Weed
ಕಳೆ,"ಆಲ್ಮಂಡ್ ಬೇರಿನ - ಆಳವಿಲ್ಲದ, ಇದು hoeing ಮತ್ತು ಕಳೆ ಕಿತ್ತಲು ಮಾಡಿದಾಗ ವಿಚಾರಿಸಿದಾಗ ಯೋಗ್ಯವಾಗಿದೆ.",2,ಬೆಳೆಗಳ ನಡುವೆ ಬೆಳೆಯುವ ಹುಲ್ಲು,Weed
ಕಳೆ,"ಕೃಷಿಯ ಯಾಂತ್ರಿಕ ಸಂಶೋಧನೆಗಳಲ್ಲಿ ರೈತ ಬಳಸುತ್ತಿರುವುದು ಅಪರೂಪಕ್ಕೊಂದು ಟಿಲ್ಲರ್, ಕಳೆ ಕತ್ತರಿಸು",2,ಬೆಳೆಗಳ ನಡುವೆ ಬೆಳೆಯುವ ಹುಲ್ಲು,Weed
ಕಳೆ,"ರೋಗರುಜಿನಗಳನ್ನು ಉಂಟುಮಾಡುವ ಬೂಷ್ಟು, ಕ್ರಿಮಿಕೀಟಗಳಿಗೆ ಕಳೆ ಆಶ್ರಯ ಕೊಟ್ಟು ಬೆಳೆಗಳ ಮೇಲೆ ಅವು ಆಕ್ರಮಣ ನಡೆಸಲು ಕಾರಣವಾಗುತ್ತದೆ.",2,ಬೆಳೆಗಳ ನಡುವೆ ಬೆಳೆಯುವ ಹುಲ್ಲು,Weed
ಕಳೆ,ಸಸ್ಯಗಳು ಸುಮಾರು ಕಳೆ ಕಾಣುವುದಿಲ್ಲ.,2,ಬೆಳೆಗಳ ನಡುವೆ ಬೆಳೆಯುವ ಹುಲ್ಲು,Weed
ಕಳೆ,ಸುಮಾರು 9 ಇಂಚು ಅಂತರದಲ್ಲಿ ಸಾಲು ನಾಟಿ ಅಥವಾ ಮುಂಗಾರು ಮಳೆಯ ಆಗಮನಕ್ಕೂ ಮುನ್ನ ಬೀಜ ಬಿತ್ತನೆ ಮಾಡಿರುವ ಕೃಷಿ ಭೂಮಿಗಳಲ್ಲಿ ಸಸಿಗಳ ನಡುವಿನ ಅಂತರದಲ್ಲಿ ಬೆಳೆದಿರುವ ಕಳೆ ಗಿಡಗಳ ಬೇರು ಸಹಿತ ತೆಗೆಯಬಲ್ಲದು .,2,ಬೆಳೆಗಳ ನಡುವೆ ಬೆಳೆಯುವ ಹುಲ್ಲು,Weed
ಕಳೆ,"ಕಬ್ಬಿನ ಬೆಳೆಯಲ್ಲಿ ಕಳೆ ನಿರ್ವಹಣೆ,ತೊಗರಿ ಮತ್ತು ಹೆಸರಿನಲ್ಲಿ ಅಂತರ ಬೆಳೆ ಪದ್ಧತಿ, ಹಿಂಗಾರಿ ಬೀಜದಲ್ಲಿ ಬರ ನಿರೋಧಕತೆ ವೃದ್ಧಿಸುವ ವಿಧಾನಗಳು ವಿಶೇಷವಾಗಿವೆ.",2,ಬೆಳೆಗಳ ನಡುವೆ ಬೆಳೆಯುವ ಹುಲ್ಲು,Weed
ಕಳೆ,ಕಳೆ ನಿಯಂತ್ರಣಕ್ಕಾಗಿ ಪೊದೆಗಳನ್ನು ಮಲ್ಚ್ ಮಾಡಿ ಮತ್ತು ಮಣ್ಣಿನಲ್ಲಿ ತೇವಾಂಶವನ್ನು ಕಾಪಾಡಿಕೊಳ್ಳಲು.,2,ಬೆಳೆಗಳ ನಡುವೆ ಬೆಳೆಯುವ ಹುಲ್ಲು,Weed
ಕಳೆ,"ಅವರೊಂದಿಗೆ ಹೋರಾಟ, ವಿಜ್ಞಾನಿ ಪ್ರಕಾರ, ಕಡ್ಡಾಯ ಕಳೆ ಕಿತ್ತಲು ಒಳಗೊಂಡಿರಬೇಕು!",2,ಬೆಳೆಗಳ ನಡುವೆ ಬೆಳೆಯುವ ಹುಲ್ಲು,Weed
ಕಳೆ,"ಕಳೆ ಕೀಳುವುದು ದೀರ್ಘ ವಿಧಾನವಾಗಿದೆ, ರಾಸಾಯನಿಕಗಳು ಸಸ್ಯಗಳ ಅಂಗಾಂಶಗಳಲ್ಲಿ ಸಂಗ್ರಹಗೊಳ್ಳುತ್ತವೆ, ಅದು ಆರೋಗ್ಯಕ್ಕೆ ತಮ್ಮ ಹಣ್ಣುಗಳನ್ನು ಅಪಾಯಕಾರಿ ಮಾಡುತ್ತದೆ.",2,ಬೆಳೆಗಳ ನಡುವೆ ಬೆಳೆಯುವ ಹುಲ್ಲು,Weed
ಕಳೆ,"ಸಸ್ಯಗಳ ಕಳೆ ಕಿತ್ತಲು, ಸಡಿಲಗೊಳಿಸಲು ಮತ್ತು ನೀರನ್ನು ನಿಯಮಿತವಾಗಿ ನಡೆಸಬೇಕು.",2,ಬೆಳೆಗಳ ನಡುವೆ ಬೆಳೆಯುವ ಹುಲ್ಲು,Weed
ಕಳೆ,ಕಾರಣವೆಂದರೆ ಇದು ಪ್ರಸ್ತುತ ಬೀಜಗಳಾಗಿರಬಹುದು ಮಾಡುತ್ತದೆ ಕಳೆ ಮತ್ತು ಹಾನಿಕಾರಕ ಸೋಂಕುಗಳು.,2,ಬೆಳೆಗಳ ನಡುವೆ ಬೆಳೆಯುವ ಹುಲ್ಲು,Weed
ಕಳೆ,ರಸ್ತೆ ಒಕ್ಕಣೆಯೊಂದಿಗೆ ಜಮೀನುಗಳಲ್ಲಿ ಬೆಳೆಯುತ್ತಿರುವ ಈ ಕಳೆ ಕೃಷಿ ಭೂಮಿಯ ಫಲವತ್ತತೆ ಹೀರಿ ಹಿಪ್ಪೆ ಮಾಡುತ್ತಿವೆ.,2,ಬೆಳೆಗಳ ನಡುವೆ ಬೆಳೆಯುವ ಹುಲ್ಲು,Weed
ಕಳೆ,"ಮರಗಳಲ್ಲಿ ಮಕ್ಕಳನ್ನು ಕಂಡ ಮಹನೀಯರು ಅತ್ತೆ ಮೈದುನರ ಜತೆ ಕಾದಾಟ, ನೆರೆಮನೆಯವರ, ಸಂಬಂಧಿಕರಿಂದ ಅನುಭವಿಸುವ ಅವಮಾನಗಳು ಗಂಡನ ಜೊತೆಗೂಡಿ ನಗು-ಅಳು, ಗೇಣು ಹೊಟ್ಟೆಗೆ ತುಂಡು ಬಟ್ಟೆಗಾಗಿ ಜಲ್ಲಿ ಹೊಡೆಯುವುದು, ಮಣ್ಣು ಹೊರುವುದು, ಬಿತ್ತುವುದು, ಕಳೆ ತೆಗೆಯುವುದು, ರಾಗಿ ಕೊಯ್ಯುವುದು, ರಾಗಿ ತುಳಿಸುವುದು, ಕಾಳುಗಳನ್ನು ಹಸನು ಮಾಡುವುದು, ಮೊದಲಾದ ನೂರೆಂಟು ಕೆಲಸಗಳನ್ನು ಮಾಡೋದು ಆ ದೇವರ ಕರೆ ಬಂದಾಗ ಹೋಗೋದು ಇದಿಷ್ಟೇ ಜೀವನವೇ?",2,ಬೆಳೆಗಳ ನಡುವೆ ಬೆಳೆಯುವ ಹುಲ್ಲು,Weed
ಕಳೆ,ಲಂಟಾನ ಕಳೆ ಗಿಡ ಬೆಳೆಯುವುದನ್ನು ವೈಜ್ಞಾನಿಕವಾಗಿ ನಿರ್ಮೂಲನೆ ಮಾಡುವ ಮೂಲಕ ಬಿದಿರು ಬೆಳೆಸಲು ಇಲಾಖೆ ಕ್ರಮವಹಿಸಬೇಕಾಗಿದೆ ಎನ್ನುವರು.,2,ಬೆಳೆಗಳ ನಡುವೆ ಬೆಳೆಯುವ ಹುಲ್ಲು,Weed
ಕಳೆ,ಸುತ್ತ ಕಳೆ ಬೆಳೆಯಲು ತಲೆಯೆತ್ತಿ ನಿಂತೆ,2,ಬೆಳೆಗಳ ನಡುವೆ ಬೆಳೆಯುವ ಹುಲ್ಲು,Weed
ಕಳೆ,ಇದರ ಪರಿಣಾಮವಾಗಿ ಎಲ್ಲೆಲ್ಲೂ ಕಳೆ ಗಿಡಗಳು ದಟ್ಟವಾಗಿ ಬೆಳೆದು ನಿಂತಿವೆ.,2,ಬೆಳೆಗಳ ನಡುವೆ ಬೆಳೆಯುವ ಹುಲ್ಲು,Weed
ಕಳೆ,ಆದ್ದರಿಂದಲೇ ರೈತರು ಯಾವುದೇ ಬೆಳೆಯಲ್ಲಿ ಕಳೆ ಇಲ್ಲದಂತೆ ಎಚ್ಚರ ವಹಿಸುತ್ತಾರೆ.,2,ಬೆಳೆಗಳ ನಡುವೆ ಬೆಳೆಯುವ ಹುಲ್ಲು,Weed
ಕಳೆ,"ಹಾಸಿಗೆಗಳು ಸುಮಾರು ಮಣ್ಣಿನ ಸಾವಯವ ಮಲ್ಚ್ ವಿಯೋಜಿಸಲು ಸೂಚಿಸಲಾಗುತ್ತದೆ (ಸೂರ್ಯಕಾಂತಿ ಬೀಜಗಳ ಸಿಪ್ಪೆ, rotted ಮರದ ಪುಡಿ) - ಕೇವಲ ಶೀತಲೀಕರಣ ಪೊದೆಗಳು ಸಸ್ಯಗಳು ರಕ್ಷಿಸಲು, ಆದರೆ ಕಳೆ ಬೆಳೆಗಳನ್ನು ರಕ್ಷಿಸಲು.",2,ಬೆಳೆಗಳ ನಡುವೆ ಬೆಳೆಯುವ ಹುಲ್ಲು,Weed
ಕಳೆ,ಗಿಜಿಗುಡುವ ಬೆಂಗಳೂರಿನಿಂದ ಐವತ್ತು ಕಿಲೋ ಮೀಟರ್ ದೂರದಲ್ಲಿರುವ ಆ ಹಳ್ಳಿಯ ಹೊಲದಲ್ಲಿ ಫಿಲಿಪ್ ಕಳೆ ಕತ್ತರಿಸುವುದು ಹೇಗೆಂಬುದನ್ನು ಕಲಿಯುತ್ತಿದ್ದ.,2,ಬೆಳೆಗಳ ನಡುವೆ ಬೆಳೆಯುವ ಹುಲ್ಲು,Weed
ಕಳೆ,"in ): ಕಳೆ ಎರಡು ದಿನಗಳಿಂದ ಕಡಿಮೆಯಾಗಿದ್ದ ಮಳೆರಾಯ ಮತ್ತೆ ಆರ್ಭಟ ಮುಂದುರೆಸುವ ಸೂಚನೆ ಹಿನ್ನೆಲೆ ಕೊಡಗು, ಉಡುಪಿ ಜಿಲ್ಲೆಗಳಲ್ಲಿ ರೆಡ್ ಅಲರ್ಟ್ ಘೋಷಣೆ ಮಾಡಲಾಗಿದೆ.",2,ಬೆಳೆಗಳ ನಡುವೆ ಬೆಳೆಯುವ ಹುಲ್ಲು,Weed
ಕಳೆ,ಮನೆಯ ಸುತ್ತಮುತ್ತ ಕಳೆ ಬೆಳೆದ ಚೆಂಡು ಹೂಗಳ ಮತ್ತು ತರಕಾರಿ ತೋಟ.,2,ಬೆಳೆಗಳ ನಡುವೆ ಬೆಳೆಯುವ ಹುಲ್ಲು,Weed
ಕಳೆ,ಹತ್ತಿ ಹೊಲದಲ್ಲಿ ಕಳೆ (ಸದಿ) ತೆಗೆಯಲು ಗ್ರಾಮದ ಮಹಿಳೆಯರು ಸಾಕಷ್ಟು ಸಂಖೆಯಲ್ಲಿ ಹೊಲಗಳಿಗೆ ತೆರಳುತ್ತಿದ್ದಾರೆ.,2,ಬೆಳೆಗಳ ನಡುವೆ ಬೆಳೆಯುವ ಹುಲ್ಲು,Weed
ಕಸರತ್ತು,ಅವರಿಗೆ ಯೋಗ ಎಂದರೆ ಕಸರತ್ತು ಅಲ್ಲ.,1,ವ್ಯಾಯಾಮ,Excercise
ಕಸರತ್ತು,ಅವರ ಸಲಹೆ ಆಧರಿಸಿ ಸಿಕ್ಸ್‌ಪ್ಯಾಕ್‌ಗೆ ಕಸರತ್ತು ನಡೆಯುತ್ತಿದೆ.,1,ವ್ಯಾಯಾಮ,Excercise
ಕಸರತ್ತು,ಅಥವಾ ಜಿಮ್‌ಗೆ ಹೋಗಿ ಒಂದಿಷ್ಟು ಕಸರತ್ತು ಮಾಡು ಎಂದು ಹೇಳಬಹುದಾ?,1,ವ್ಯಾಯಾಮ,Excercise
ಕಸರತ್ತು,ಹಾಗಾಗಿ ಮೈದಾನದಲ್ಲೇ ನನ್ನ ಕಸರತ್ತು ಜಾಸ್ತಿ.,1,ವ್ಯಾಯಾಮ,Excercise
ಕಸರತ್ತು,ವಿ ನೋಡುವ ವೇಳೆ ಸಣ್ಣ ಪುಟ್ಟ ದೈಹಿಕ ಕಸರತ್ತು ಮಾಡುವುದು ಉತ್ತಮ.,1,ವ್ಯಾಯಾಮ,Excercise
ಕಸರತ್ತು,ಮಕ್ಕಳ ಆರೋಗ್ಯ ಸದೃಢವಾಗಲು ದೈಹಿಕ ಕಸರತ್ತು ಮಾಡಿಸಲಾಗುತ್ತದೆ.,1,ವ್ಯಾಯಾಮ,Excercise
ಕಸರತ್ತು,ಧೋನಿ ರೀತಿಯಲ್ಲೇ ಮಗಳು ಝಿವಾ ಕೂಡ ಫಿಟ್ನೆಸ್ ಕಸರತ್ತು ಆರಂಭಿಸಿದ್ದಾರೆ.,1,ವ್ಯಾಯಾಮ,Excercise
ಕಸರತ್ತು,ಜಿಮ್‌ನಲ್ಲಿ ಎಷ್ಟೇ ಕಸರತ್ತು ಮಾಡಿದರೂ ಒಂದು ವ್ಯಾಯಾಮದಲ್ಲಿ ಏಕಕಾಲಕ್ಕೆ ಎರಡು ಮಸಲ್‌ಗಳ ಮೇಲೆ ಪರಿಣಾಮ ಬೀರಬಹುದು.,1,ವ್ಯಾಯಾಮ,Excercise
ಕಸರತ್ತು,ಗೇಲ್ ಮಂಗಳವಾರ ಅಭ್ಯಾಸದ ವೇಳೆ ಸಹ ಆಟಗಾರರು ದೈಹಿಕ ಕಸರತ್ತು ನಡೆಸುವುದನ್ನು ನೋಡುತ್ತಾ ನಿಂತಿದ್ದರು!,1,ವ್ಯಾಯಾಮ,Excercise
ಕಸರತ್ತು,ತೂಕ ಇಳಿಸಲು ಸಾಕಷ್ಟು ಮಂದಿ ಎನೇನೋ ಕಸರತ್ತು ಮಾಡುತ್ತಾರೆ.,1,ವ್ಯಾಯಾಮ,Excercise
ಕಸರತ್ತು,"ಚಾಕೊಲೆಟ್ ತಿಂದಾಗ, ಕಸರತ್ತು ಮಾಡಿ ಬೆವರಿಳಿಸಿದಾಗಲೂ ಇಂತಹುದೇ ಸಂಚಲನ ಉಂಟಾಗುತ್ತದೆ.",1,ವ್ಯಾಯಾಮ,Excercise
ಕಸರತ್ತು,"ಇವತ್ತಿನಿಂದ ನೀನು ಮುಂಚಿನಂತೆ ಖುಷಿಯಿಂದ ಆಟ ಆಡು, ಬೆಳಿಗ್ಗೆ ಸಂಜೆ ಮೈದಾನಕ್ಕೆ ಹೋಗಿ ಜೊತೆಗಾರರ ಜೊತೆ ಕಸರತ್ತು ಮಾಡು, ಅಡ್ಡಾಡು, ಒಳ್ಳೆಯ ಗಾಳಿ ಸೇವನೆಯಿಂದ ದೇಹಕ್ಕೆ ಒಳ್ಳೆಯದಾಗುತ್ತೆ.",1,ವ್ಯಾಯಾಮ,Excercise
ಕಸರತ್ತು,ಐರ್ಲೆಂಡ್ ವಿರುದ್ಧ ಟಿ-ಟ್ವೆಂಟಿ ಪಂದ್ಯಕ್ಕಾಗಿ ಡಬ್ಲಿನ್‌ನಲ್ಲಿ ಬೀಡುಬಿಟ್ಟಿರುವ ಭಾರತ ತಂಡ ಜಿಮ್‌ನಲ್ಲಿ ಕಸರತ್ತು ಆರಂಭಿಸಿದೆ.,1,ವ್ಯಾಯಾಮ,Excercise
ಕಸರತ್ತು,ಇದರ ನಡುವೆಯೂ ತಮ್ಮ ದೇಹ ಹಾಗೂ ಮನಸ್ಸು ಫಿಟ್‌ ಆಗಿರಲು ದಿನಕ್ಕೆ ಕನಿಷ್ಠ ಒಂದೂವರೆ ಗಂಟೆ ಅವರು ಕಸರತ್ತು ನಡೆಸುತ್ತಾರೆ.,1,ವ್ಯಾಯಾಮ,Excercise
ಕಸರತ್ತು,ದೈಹಿಕ ಕಸರತ್ತು,1,ವ್ಯಾಯಾಮ,Excercise
ಕಸರತ್ತು,ಸ್ಪರ್ಧೆ ವೇಳೆ ಸಮೀರ್ ಕಸರತ್ತು ಮಾಡುತ್ತಾ ಛಾವಣಿ ಮೇಲೆ ಭೀಳುತ್ತಿದ್ದಂತೆ ಎಡಗಾಲು ಮೊಣಗಂಟಿನ ಕೆಳಗೆ 2 ತುಂಡಾಗಿದೆ.,1,ವ್ಯಾಯಾಮ,Excercise
ಕಸರತ್ತು,"ನಿಯಮಿತ ವ್ಯಾಯಾಮ, ಕಸರತ್ತು ಜೊತೆಗೆ ಸೂಕ್ತ ಆಹಾರವಿದ್ದಲ್ಲಿ ಚರ್ಮಕ್ಕೆ ವಯಸ್ಸಾಗುವುದನ್ನು ತಡೆಯಬಹುದು.",1,ವ್ಯಾಯಾಮ,Excercise
ಕಸರತ್ತು,ಚಿತ್ರದಲ್ಲಿರುವ ಬಾಕ್ಸರ್ ಪಾತ್ರಕ್ಕೆ ಅನುಸಾರವಾಗಿ ಸುದೀಪ್ ಜಿಮ್ಗೆ ಹೋಗಿ ಕಸರತ್ತು ನಡೆಸುತ್ತಿದ್ದು ತರಬೇತಿಗಾಗಿ ತಮ್ಮ ಟ್ರೈನರ್ ಜೊತೆ ಇದೇ ವಾರ ಥೈಲ್ಯಾಂಡ್ ಗೆ ಹೆಚ್ಚಿನ ಹೋಗಲಿದ್ದಾರಂತೆ.,1,ವ್ಯಾಯಾಮ,Excercise
ಕಸರತ್ತು,ದಿನಗಳ ತರಭೇತಿ: ಇಲ್ಲಿನ ಮಕ್ಕಳು ಇಷ್ಟೆಲ್ಲಾ ಕಸರತ್ತು ಮಾಡಿದ್ದು ನಿಜ.,1,ವ್ಯಾಯಾಮ,Excercise
ಕಸರತ್ತು,ಇದು ಗೊತ್ತಿದ್ದರೂ ಅಭ್ಯಾಸದ ವೇಳೆ 1000 ಬಾರಿ ಈ ಕಸರತ್ತು ಮಾಡಿದ್ದೆ.,1,ವ್ಯಾಯಾಮ,Excercise
ಕಸರತ್ತು,"ಆದರೂ, ಛಲ ಬಿಡದೆ ಕಸರತ್ತು ಶುರು ಮಾಡಿಕೊಂಡಿದ್ದಾರೆ ಅವರು.",1,ವ್ಯಾಯಾಮ,Excercise
ಕಸರತ್ತು,"ಮತ್ತೊಂದೆಡೆ ಜಿಮ್‌, ಯೋಗ, ಏರೋಬಿಕ್ಸ್‌ ರೀತಿಯ ದೈಹಿಕ ಕಸರತ್ತು ಜಾಸ್ತಿಯಾಗುತ್ತಿದೆ.",1,ವ್ಯಾಯಾಮ,Excercise
ಕಸರತ್ತು,ಜಾಕ್ವೆಲಿನ್ ಫರ್ನಾಂಡಿಸ್ ಆರೋಗ್ಯಕರವಾಗಿ ಹಾಗೂ ಫಿಟ್ ಆಗಿರಲು ಕಸರತ್ತು ಮಾಡ್ತಾಳೆ.,1,ವ್ಯಾಯಾಮ,Excercise
ಕಸರತ್ತು,"ಮೊದಲ ಒಂದು ಗಂಟೆ ಓಡುವುದು, ಆಟ, ಹರ್ಡಲ್ಸ್‌ಗೆ ಮೀಸಲು ನಂತರ ಜಿಮ್‌ನಲ್ಲಿ ಕಸರತ್ತು ನಡೆಸುತ್ತೇನೆ.",1,ವ್ಯಾಯಾಮ,Excercise
ಕಸರತ್ತು,ಕೇವಲ ಕೆಲವೇ ನಿಮಿಷಗಳಲ್ಲಿ ಮುಗಿಸುವ ಕಸರತ್ತು ಯೋಗವಲ್ಲ.,1,ವ್ಯಾಯಾಮ,Excercise
ಕಸರತ್ತು,ಜನ ಮನೆಯೊಳಗೆ ಇರಲು ಇಷ್ಟಪಡುವುದರಿಂದ ಜನರ ದೈಹಿಕ ಕಸರತ್ತು ಕಡಿಮೆಯಾಗಿ ವೈರಸ್‌ಗಳು ವೃದ್ಧಿಯಾಗಿ ಸೋಂಕಿತ ಚಳವಳಿ ನೀಡುತ್ತವೆ.,1,ವ್ಯಾಯಾಮ,Excercise
ಕಸರತ್ತು,ಪ್ರಾಥಮಿಕ ಶಾಲೆಗಳಲ್ಲಿ ಇರಬೇಕಾದ ದೈಹಿಕ ಶಿಕ್ಷಕರು ಬೇರೊಂದು ಕೆಲಸದ ಮೇಲೆ ನಿಯೋಜನೆಗೊಂಡು ಮಕ್ಕಳಿಗೆ ದೈಹಿಕ ಕಸರತ್ತು ಇಲ್ಲದಂತಾಗಿ ಮಕ್ಕಳು ಬಳಲುತ್ತಿದ್ದಾರೆ ಎಂದರು ತಪ್ಪಿಲ್ಲ.,1,ವ್ಯಾಯಾಮ,Excercise
ಕಸರತ್ತು,ಮುಖದ ಸೌಂದರ್ಯ ಹೆಚ್ಚಿಸುವ ತುಟಿಯ ಅಂದವನ್ನು ಹೆಚ್ಚಿಸಲು ನಾನಾ ನಮೂನೆಯ ಕಸರತ್ತು ಮಾಡಬೇಕಾಗುತ್ತದೆ‌.,1,ವ್ಯಾಯಾಮ,Excercise
ಕಸರತ್ತು,ಫಿಟ್ನೆಸ್‌ ಕಾಪಾಡಿಕೊಳ್ಳುವ ಉದ್ದೇಶ ದಿಂದ ಜಿಮ್‌ನಲ್ಲೂ ಹೆಚ್ಚು ಕಸರತ್ತು ನಡೆಸುತ್ತಿದ್ದೇನೆ.,1,ವ್ಯಾಯಾಮ,Excercise
ಕಸರತ್ತು,ಝಿರೋ ಫಿಗರ್ ಮೆಂಟೇನ್ ಮಾಡಲು ಕಸರತ್ತು ಮಾಡ್ತಾರೆ.,1,ವ್ಯಾಯಾಮ,Excercise
ಕಸರತ್ತು,ನಿದ್ರೆ ಮಾಡೋದಕ್ಕೆ ಪ್ರತಿದಿನ ಕಸರತ್ತು ಮಾಡ್ಬೇಕು ಎನ್ನುವವರ ಸಾಲಿನಲ್ಲಿ ನೀವೂ ಇದ್ದೀರಾ?,1,ವ್ಯಾಯಾಮ,Excercise
ಕಸರತ್ತು,"ಏನೇ ಕಸರತ್ತು ಮಾಡಿದರೂ, ಬೊಜ್ಜು ಕರಗದಿರಲು ಕಾರಣಗಳೇನು?",1,ವ್ಯಾಯಾಮ,Excercise
ಕಸರತ್ತು,ದಾಳಿ ಇಡಲು ಹತ್ತೊರೆಯುತ್ತವೆ ಜನರು ಮನೆಯೊಳಗೆ ಬೆಚ್ಚಗಿರಲು ಇಚ್ಚಿಸುತ್ತಾರೆ ದೈಹಿಕ ಕಸರತ್ತು ಕಡಿಮೆಯಾಗುತ್ತದೆ.,1,ವ್ಯಾಯಾಮ,Excercise
ಕಸರತ್ತು,ಜಿಮ್ ನಲ್ಲಿ ಕಸರತ್ತು ಮಾಡ್ತಿರುವ ಕೆಲ ಫೋಟೋಗಳನ್ನು ನಟಿ ಅಮೃತಾ ಅರೋರಾ ಇನ್ಸ್ಟ್ರಾಗ್ರಾಮ್ ಗೆ ಅಪ್ಲೋಡ್ ಮಾಡಿದ್ದಾಳೆ.,1,ವ್ಯಾಯಾಮ,Excercise
ಕಸರತ್ತು,ಹಾಗಂತ ಕಸರತ್ತು ಮಾಡಿಯೇ ದೇಹವನ್ನು ಕರಗಿಸಿಕೊಳ್ಳಬೇಕು ಎನ್ನುವ ಅನಿವಾರ್ಯತೆ ನನಗೆ ಇಲ್ಲ.,1,ವ್ಯಾಯಾಮ,Excercise
ಕಸರತ್ತು,ಈ ವೇಳೆ ಕೆಲವರಿಗೆ ಯೋಗ ಮಾಡೋಕೆ ಗೊತ್ತಾಗದೇ ಕಸರತ್ತು ಮಾಡಿದ ಪ್ರಸಂಗವೂ ನಡೆದಿದೆ.,1,ವ್ಯಾಯಾಮ,Excercise
ಕಸರತ್ತು,ದೈಹಿಕ ಕಸರತ್ತು ಮಾಡಲು ಆರಂಭಿಸಿದ ಮೇಲೆ ಇಷ್ಟೆಲ್ಲಾ ಅವಕಾಶ ಸಿಕ್ಕಿದ್ದು.,1,ವ್ಯಾಯಾಮ,Excercise
ಕಸರತ್ತು,ಎಷ್ಟೇ ಆಹಾರ ಸೇವಿಸಲಿ ಅದಕ್ಕೆ ಪೂರಕವಾದ ಮತ್ತು ಅತಿಯಾಗದ ಕಸರತ್ತು ದೇಹಕ್ಕೆ ಒಳಿತು ಎನ್ನುವ ಮಂತ್ರ ಅವರದು.,1,ವ್ಯಾಯಾಮ,Excercise
ಕಸರತ್ತು,ಆರಂಭದಲ್ಲಿ ಸ್ವಲ್ಪ ಅಭ್ಯಾಸದ ಕಸರತ್ತು ಮಾಡುವುದು ಅಗತ್ಯ.,1,ವ್ಯಾಯಾಮ,Excercise
ಕಸರತ್ತು,ವಿಶೇಷವೆಂದರೆ ಬೌಲಿಂಗ್‌ ಮಾಡಿ ದೈಹಿಕ ಕಸರತ್ತು ನಡೆಸಿದರು.,1,ವ್ಯಾಯಾಮ,Excercise
ಕಸರತ್ತು,ಮತ್ತೊಂದೆಡೆ ಮುಖಂಡ ನವೀನ್‌ ಕಿರಣ್‌ ಅವರ ಬೆಂಬಲಿಗ ಸದಸ್ಯರು ನವೀನ್‌ ಅವರ ತಾಯಿ ನಿರ್ಮಲಾ ಪ್ರಭು ಅವರನ್ನು ಉಪಾಧ್ಯಕ್ಷೆ ಮಾಡಲು ಕಸರತ್ತು ನಡೆಸುತ್ತಿದ್ದಾರೆ.,2,ಶಕ್ತಿಯ ಹಾಗೂ ಚಮತ್ಕಾರದ ಪ್ರದರ್ಶನ,A show of strength and finesse
ಕಸರತ್ತು,"ಹೇಗಾದ್ರೂ ಮಾಡಿ ಸಮ್ಮಿಶ್ರ ಸರ್ಕಾರವನ್ನು ಪತನ ಮಾಡಿ, ಅಧಿಕಾರದ ಗದ್ದುಗೆ ಏರಲು ಕಮಲ ಪಾಳೆಯ ಕಸರತ್ತು ನಡೆಸಿದೆ.",2,ಶಕ್ತಿಯ ಹಾಗೂ ಚಮತ್ಕಾರದ ಪ್ರದರ್ಶನ,A show of strength and finesse
ಕಸರತ್ತು,29): ರಾಜ್ಯದಲ್ಲಿ ಅಧಿಕಾರಕ್ಕೆ ಬರಲು ಜೆಡಿಎಸ್ ಪಕ್ಷ ಇನ್ನಿಲ್ಲದ ಕಸರತ್ತು ನಡೆಸುತ್ತಿದೆ.,2,ಶಕ್ತಿಯ ಹಾಗೂ ಚಮತ್ಕಾರದ ಪ್ರದರ್ಶನ,A show of strength and finesse
ಕಸರತ್ತು,ಮೇಯರ್ ಹಾಗೂ ಜಿಲ್ಲಾ ಪಂಚಾಯಿತಿ ಅಧ್ಯಕ್ಷೆ ಪ್ರಶಸ್ತಿ ಪ್ರಧಾನದ ವೇಳೆ ಪ್ರಶಸ್ತಿ ಪುರಸ್ಕೃತರ ಪಕ್ಕದಲ್ಲಿ ನಿಲ್ಲಲು ಈ ಇಬ್ಬರೂ ಕಸರತ್ತು ನಡೆಸಿದರು.,2,ಶಕ್ತಿಯ ಹಾಗೂ ಚಮತ್ಕಾರದ ಪ್ರದರ್ಶನ,A show of strength and finesse
ಕಸರತ್ತು,ಅಧಿಕಾರ ಉಳಿಸಿಕೊಳ್ಳಲು ಏನೇ ಕಸರತ್ತು ಮಾಡಿದರೂ ಅದು ಫಲಿಸಲಿಲ್ಲ.,2,ಶಕ್ತಿಯ ಹಾಗೂ ಚಮತ್ಕಾರದ ಪ್ರದರ್ಶನ,A show of strength and finesse
ಕಸರತ್ತು,ಹಿಂದೆ ಸಂಗೊಳ್ಳಿ ರಾಯಣ್ಣ ಬ್ರಿಗೆಡ್ ಹುಟ್ಟಿಕೊಂಡು ಬಿಜೆಪಿ ನಾಯಕತ್ವ ಬದಲಾವಣೆಗೆ ಕಸರತ್ತು ಶುರುಮಾಡಿದ್ದ ನಾಯಕರು ಈಗ ಸಹ ನಿಧಾನಕ್ಕೆ ಮುನ್ನೆಲೆಗೆ ಬಂದರೆ ಆಶ್ಚರ್ಯವಿಲ್ಲ.,2,ಶಕ್ತಿಯ ಹಾಗೂ ಚಮತ್ಕಾರದ ಪ್ರದರ್ಶನ,A show of strength and finesse
ಕಸರತ್ತು,"ಈ ಬಾರಿಯ ಚುನಾವಣೆಯಲ್ಲಿ 18ರಿಂದ 30 ವರ್ಷದೊಳಗಿನ ಸುಮಾರು 30 ಲಕ್ಷಕ್ಕೂ ಹೆಚ್ಚು ಯುವ ಮತದಾ ರರು ಪ್ರಮುಖ ಪಕ್ಷಗಳ ಟಾರ್ಗೆಟ್ ಆಗಿದ್ದು, ಬಿಜೆಪಿ, ಕಾಂಗ್ರೆಸ್, ಜೆಡಿಎಸ್ ಸೇರಿದಂತೆ ಮತ್ತಿತರ ಪಕ್ಷಗಳು ಈ ಯುವಕರನ್ನೇ ಸೆಳೆಯಲು ನಾನಾ ರೀತಿಯ ಕಸರತ್ತು ನಡೆಸಿದ್ದಾರೆ.",2,ಶಕ್ತಿಯ ಹಾಗೂ ಚಮತ್ಕಾರದ ಪ್ರದರ್ಶನ,A show of strength and finesse
ಕಸರತ್ತು,ಮ್ಯಾಜಿಕ್ ನಂ 18 ಕ್ಕೇರಲು ಬಿಜೆಪಿ ಕಸರತ್ತು ನಡೆಸುತ್ತಿದೆ ಎಂದು ತಿಳಿಸಿದರು.,2,ಶಕ್ತಿಯ ಹಾಗೂ ಚಮತ್ಕಾರದ ಪ್ರದರ್ಶನ,A show of strength and finesse
ಕಸರತ್ತು,ಜೆಡಿಎಸ್ ಪಾಲಿನ ಒಂದು ಸ್ಥಾನಕ್ಕಾಗಿ ಕಸರತ್ತು ಆರಂಭವಾಗಿದೆ.,2,ಶಕ್ತಿಯ ಹಾಗೂ ಚಮತ್ಕಾರದ ಪ್ರದರ್ಶನ,A show of strength and finesse
ಕಸರತ್ತು,ಸಿನಿಮಾವನ್ನು ಚಿಕ್ಕಂದಿನಿಂದ ಧ್ಯಾನಿಸಿದ್ದು ಮತ್ತು ನಟನೆಯ ಕಸರತ್ತು ಕಲಿತದ್ದನ್ನು ಬಣ್ಣಿಸಿದರು ಕುಶಾಲ್.,2,ಶಕ್ತಿಯ ಹಾಗೂ ಚಮತ್ಕಾರದ ಪ್ರದರ್ಶನ,A show of strength and finesse
ಕಸರತ್ತು,ಅಧಿಕಾರಕ್ಕೆ ಕಾಂಗ್ರೆಸ್ ಇನ್ನಿಲ್ಲದ ಕಸರತ್ತು ಮಾಡ್ತಿದೆ.,2,ಶಕ್ತಿಯ ಹಾಗೂ ಚಮತ್ಕಾರದ ಪ್ರದರ್ಶನ,A show of strength and finesse
ಕಸರತ್ತು,ಕಾಂಗ್ರೆಸ್‌ ಟಿಕೆಟ್‌: ಮುಗಿಯದ ಕಸರತ್ತು,2,ಶಕ್ತಿಯ ಹಾಗೂ ಚಮತ್ಕಾರದ ಪ್ರದರ್ಶನ,A show of strength and finesse
ಕಸರತ್ತು,ಚುನಾವಣೆಯಲ್ಲಿ ತಮ್ಮ ಪಕ್ಷಗಳ ಅಭ್ಯರ್ಥಿಯನ್ನು ಗೆಲ್ಲಿಸಲು ರಾಜಕೀಯ ಪಕ್ಷಗಳ ನಾಯಕರು ಅಂತಿಮ ಕಸರತ್ತು ನಡೆಸುತ್ತಿದ್ದಾರೆ.,2,ಶಕ್ತಿಯ ಹಾಗೂ ಚಮತ್ಕಾರದ ಪ್ರದರ್ಶನ,A show of strength and finesse
ಕಸರತ್ತು,ಅದಾಗಲೇ ಲಿಂಗಾಯತರಿಂದ ಕೆಂಗಣ್ಣಿಗೆ ಗುರಿಯಾಗಿದ್ದ ಸಿದ್ದರಾಮಯ್ಯ ಮನವೊಲಿಸಲು ಮಾಡಿರುವ ಕಸರತ್ತು ಒಂದೆರಡಲ್ಲ.,2,ಶಕ್ತಿಯ ಹಾಗೂ ಚಮತ್ಕಾರದ ಪ್ರದರ್ಶನ,A show of strength and finesse
ಕಸರತ್ತು,ಚುನಾವಣೆ ಗೆಲ್ಲುವ ಭರದಲ್ಲಿ ಜೆಡಿಎಸ್ ಇಲ್ಲದ ಕಸರತ್ತು ಮಾಡುತ್ತಿದೆ.,2,ಶಕ್ತಿಯ ಹಾಗೂ ಚಮತ್ಕಾರದ ಪ್ರದರ್ಶನ,A show of strength and finesse
ಕಸರತ್ತು,ಸರಕಾರ ಉಳಿಸಿಕೊಳ್ಳಲು ಕಸರತ್ತು ನಡೆಸಿರುವ ಮುಖ್ಯಮಂತ್ರಿ ಧರ್ಮಸಿಂಗ್‌ ಗೋಳನ್ನು ನನ್ನಿಂದ ನೋಡಲು ಸಾಧ್ಯವಾಗುತ್ತಿಲ್ಲ ಎಂದು ಬಂಗಾರಪ್ಪ ಅನುಕಂಪ ವ್ಯಕ್ತಪಡಿಸಿದರು.,2,ಶಕ್ತಿಯ ಹಾಗೂ ಚಮತ್ಕಾರದ ಪ್ರದರ್ಶನ,A show of strength and finesse
ಕಸರತ್ತು,"ಬೆಂಗಳೂರು, ಜೂನ್ 05: ಕಾಂಗ್ರೆಸ್ ಹಾಗೂ ಜೆಡಿಎಸ್ ಮೈತ್ರಿ ಸರ್ಕಾರದಲ್ಲಿ ಕ್ಯಾಬಿನೆಟ್ ದರ್ಜೆ ಸ್ಥಾನ ಹೊಂದಲು ಕಸರತ್ತು ಇನ್ನೂ ನಡೆಯುತ್ತಲೇ ಇದೆ.",2,ಶಕ್ತಿಯ ಹಾಗೂ ಚಮತ್ಕಾರದ ಪ್ರದರ್ಶನ,A show of strength and finesse
ಕಸರತ್ತು,"ಒಟ್ಟಾರೆ ರಾಜ್ಯಾದ್ಯಂತ ಮತದಾನದ ಮಹತ್ವ ಸಾರಲು ಹಲವರು ನಾನಾ ರೀತಿಯ ಕಸರತ್ತು ನಡೆಸುತ್ತಿದ್ದು, ಪ್ರಜ್ಞಾವಂತರಾಗಿ ಮತದಾನ ಮಾಡುವುದು ನಮ್ಮ ಕರ್ತವ್ಯ…",2,ಶಕ್ತಿಯ ಹಾಗೂ ಚಮತ್ಕಾರದ ಪ್ರದರ್ಶನ,A show of strength and finesse
ಕಸರತ್ತು,ಇತ್ತ ಸಿಎಂ ಸರ್ಕಾರ ಉಳಿಸಿಕೊಳ್ಳಲು ಅಂತಿಮ ಕಸರತ್ತು ನಡೆಸುತ್ತಿದ್ದಾರೆ.,2,ಶಕ್ತಿಯ ಹಾಗೂ ಚಮತ್ಕಾರದ ಪ್ರದರ್ಶನ,A show of strength and finesse
ಕಸರತ್ತು,ಅದಕ್ಕೆಲ್ಲ ಸಾಕಷ್ಟು ಕಸರತ್ತು ನಡೆಯುತ್ತದೆ.,2,ಶಕ್ತಿಯ ಹಾಗೂ ಚಮತ್ಕಾರದ ಪ್ರದರ್ಶನ,A show of strength and finesse
ಕಸರತ್ತು,ಎಡಗೈಯಲ್ಲಿ ಸೆಲ್‌‍ಫೋನ್ ಹಿಡ್ಕೊಂಡು ಸೆಲ್ಫೀ ತೆಗೆಯುವ ಕಸರತ್ತು ಬಲಗೈಯಲ್ಲಿ ಕನ್ನಡ ಧ್ವಜ ಹಳದಿ-ಕೆಂಪು ರುಮಾಲು ಸುತ್ತಿಕೊಂಡು ಅಮೆರಿಕನ್ನಡಿಗರ ನಾಡು-ನುಡಿ ಅಭಿಮಾನ ನೋಡುವಂತಿತ್ತು.,2,ಶಕ್ತಿಯ ಹಾಗೂ ಚಮತ್ಕಾರದ ಪ್ರದರ್ಶನ,A show of strength and finesse
ಕಸರತ್ತು,ಇಷ್ಟೆಲ್ಲ ಪದಕಗಳನ್ನು ಪಡೆಯಲು ಚೀನಾ ಏನೆನೆಲ್ಲ ಕಸರತ್ತು ಮಾಡುತ್ತೆ ಗೊತ್ತಾ.,2,ಶಕ್ತಿಯ ಹಾಗೂ ಚಮತ್ಕಾರದ ಪ್ರದರ್ಶನ,A show of strength and finesse
ಕಸರತ್ತು,ಜೆಡಿಎಸ್ ಮತ್ತು ಬಿಜೆಪಿ ಪಕ್ಷಗಳು ಈಗಾಗಲೇ ಅಖಾಡಕ್ಕಿಳಿದು ಕಸರತ್ತು ನಡೆಸುತ್ತಿವೆ.,2,ಶಕ್ತಿಯ ಹಾಗೂ ಚಮತ್ಕಾರದ ಪ್ರದರ್ಶನ,A show of strength and finesse
ಕಸರತ್ತು,"ಆದರೂ, ಸ್ವಚ್ಛ-ಸುಂದರ ಸ್ಪರ್ಧೆ ಯಶಸ್ವಿಗಾಗಿ ಜನರನ್ನು ಪ್ರೇರೇಪಿಸಲು ಪಿಡಿಒಗಳು ನಾನಾ ಕಸರತ್ತು ನಡೆಸುತ್ತಿದ್ದಾರೆ.",2,ಶಕ್ತಿಯ ಹಾಗೂ ಚಮತ್ಕಾರದ ಪ್ರದರ್ಶನ,A show of strength and finesse
ಕಸರತ್ತು,"ಹರಿಶೇಖರನ್ ಹಾಗೂ ಬೆಂಗಳೂರು ಜಿಲ್ಲಾ ಎಸ್ಪಿ ರಮೇಶ್ ಬಾನೋತ್ ಅವರು, ರೈತರ ಮನವೊಲಿಸಲು ಭಾರಿ ಕಸರತ್ತು ನಡೆಸಿದರು.",2,ಶಕ್ತಿಯ ಹಾಗೂ ಚಮತ್ಕಾರದ ಪ್ರದರ್ಶನ,A show of strength and finesse
ಕಸರತ್ತು,ಮತದಾರರ ಮನವೊಲಿಕೆಗೆ ಅಂತಿಮ ಕಸರತ್ತು ನಡೆಸಲಾಗುತ್ತಿದೆ.,2,ಶಕ್ತಿಯ ಹಾಗೂ ಚಮತ್ಕಾರದ ಪ್ರದರ್ಶನ,A show of strength and finesse
ಕಸರತ್ತು,ಜನಮನ್ನಣೆಗಾಗಿ ಬಿಜೆಪಿ ಅಭ್ಯರ್ಥಿ ಕಸರತ್ತು,2,ಶಕ್ತಿಯ ಹಾಗೂ ಚಮತ್ಕಾರದ ಪ್ರದರ್ಶನ,A show of strength and finesse
ಕಸರತ್ತು,"ಕಳೆದ ಎರಡು ವಾರದಿಂದ ಗಡಿಯಲ್ಲಿ ಕಸರತ್ತು ಆರಂಭವಾಗಿದ್ದರೂ, ಇದೀಗ ಚುರುಕುಗೊಂಡಿದೆ.",2,ಶಕ್ತಿಯ ಹಾಗೂ ಚಮತ್ಕಾರದ ಪ್ರದರ್ಶನ,A show of strength and finesse
ಕಸರತ್ತು,"ಹೀಗಾಗಿ, ಹೆಚ್ಚೆಚ್ಚು ಪೋಷಕರನ್ನು ಸೆಳೆಯಲು ಶಾಲೆಗಳು ನಾನಾ ಕಸರತ್ತು ಮಾಡುತ್ತಿವೆ.",2,ಶಕ್ತಿಯ ಹಾಗೂ ಚಮತ್ಕಾರದ ಪ್ರದರ್ಶನ,A show of strength and finesse
ಕಸರತ್ತು,"ಜನಾಶೀರ್ವಾದ ಯಾತ್ರೆ ಅಂಗವಾಗಿ ಮಧ್ಯ ಕರ್ನಾಟಕದಲ್ಲಿ ರೋಡ್ ಶೋ, ಬಹಿರಂಗ ಸಭೆಗಳಲ್ಲಿ ಪಾಲ್ಗೊಂಡ ರಾಹುಲ್‌ ಕೈ ಪಾಳಯದಲ್ಲಿ ಹೊಸ ಹುರುಪು ತಂದರಲ್ಲದೇ, ಮತ ಬೇಟೆಯ ಕಸರತ್ತು ಮುಂದುವರಿಸಿದರು.",2,ಶಕ್ತಿಯ ಹಾಗೂ ಚಮತ್ಕಾರದ ಪ್ರದರ್ಶನ,A show of strength and finesse
ಕಸರತ್ತು,": ಜಿಲ್ಲಾ ಪಂಚಾಯಿತಿ ಚುನಾವಣಾ ಪೂರ್ವದಲ್ಲಿ ಸೆಟಗೊಂಡಿದ್ದ ಕಾಂಗ್ರೆಸ್, ಜೆಡಿಎಸ್ ಇದೀಗ ಚುನಾವಣೆ ನಂತರ ಮೈತ್ರಿಗೆ ಕಸರತ್ತು ನಡೆಸಿವೆ.",2,ಶಕ್ತಿಯ ಹಾಗೂ ಚಮತ್ಕಾರದ ಪ್ರದರ್ಶನ,A show of strength and finesse
ಕಸರತ್ತು,ಪರಮೇಶ್ವರ್ ಪ್ರಮಾಣವಚನ ಸ್ವೀಕರಿಸಿದ ಬಳಿಕ ಸಂಪುಟ ರಚನೆಯ ಕಸರತ್ತು ನಡೆಯುತ್ತಲೇ ಇದೆ.,2,ಶಕ್ತಿಯ ಹಾಗೂ ಚಮತ್ಕಾರದ ಪ್ರದರ್ಶನ,A show of strength and finesse
ಕಸರತ್ತು,ನೀವೇನೇ ಕಸರತ್ತು ಮಾಡಿದರೂ ಸದನದ ಕಲಾಪವನ್ನು ನಾನು ಮುಂದೂಡುವುದಿಲ್ಲ ಎಂದರು.,2,ಶಕ್ತಿಯ ಹಾಗೂ ಚಮತ್ಕಾರದ ಪ್ರದರ್ಶನ,A show of strength and finesse
ಕಸರತ್ತು,ಸಮ್ಮಿಶ್ರ ಸರ್ಕಾರವನ್ನು ಬೀಳಿಸುವ ವ್ಯರ್ಥ ಕಸರತ್ತು ಬಿಜೆಪಿ ಮಾಡುತ್ತಿದೆ.,2,ಶಕ್ತಿಯ ಹಾಗೂ ಚಮತ್ಕಾರದ ಪ್ರದರ್ಶನ,A show of strength and finesse
ಕಸರತ್ತು,ದೋಸ್ತಿ ಸರ್ಕಾರ ಉರುಳಿಸುವ ಕಸರತ್ತು :,2,ಶಕ್ತಿಯ ಹಾಗೂ ಚಮತ್ಕಾರದ ಪ್ರದರ್ಶನ,A show of strength and finesse
ಕಸರತ್ತು,ವಿವಿಧ ಗ್ರಾಮಗಳಲ್ಲಿ ಡಿಕೆ ಸುರೇಶ್ ರೋಡ್ ಷೋ ಮಾಡುವ ಮೂಲಕ ಮತದಾರರ ಮನವೊಲಿಸುವ ಕಸರತ್ತು ನಡೆಸುತ್ತಿದ್ದಾರೆ.,2,ಶಕ್ತಿಯ ಹಾಗೂ ಚಮತ್ಕಾರದ ಪ್ರದರ್ಶನ,A show of strength and finesse
ಕಸರತ್ತು,ಆದರೆ ಸಂಸದೆ ಶೋಭಾ ಕರಂದ್ಲಾಜೆ ತಮ್ಮ ಆಪ್ತರೊಬ್ಬರಿಗೆ ಟಿಕೆಟ್ ಕೊಡಿಸಲು ಕಸರತ್ತು ನಡೆಸಿದ್ದಾರೆ.,2,ಶಕ್ತಿಯ ಹಾಗೂ ಚಮತ್ಕಾರದ ಪ್ರದರ್ಶನ,A show of strength and finesse
ಕಸರತ್ತು,ಮೀಸಲಾತಿಗೂ ಧಕ್ಕೆ ತರುವ ಯತ್ನವು ಅಧಿಕಾರಿ ವರ್ಗಗಳಿಂದ ತೆರೆಮರೆಯಲ್ಲಿ ಕಸರತ್ತು ನಡೆದಿದೆ.,2,ಶಕ್ತಿಯ ಹಾಗೂ ಚಮತ್ಕಾರದ ಪ್ರದರ್ಶನ,A show of strength and finesse
ಕಸರತ್ತು,ಗೊಕಾಕ್ ಕ್ಷೇತ್ರದಲ್ಲಿ ಜೆಡಿಎಸ್ ಅಭ್ಯರ್ಥಿಯ ನಾಮಪತ್ರವನ್ನು ಹಿಂದಕ್ಕೆ ಪಡೆಯುವ ಬಿಜೆಪಿ ಕಸರತ್ತು ವ್ಯರ್ಥವಾಯ್ತು.,2,ಶಕ್ತಿಯ ಹಾಗೂ ಚಮತ್ಕಾರದ ಪ್ರದರ್ಶನ,A show of strength and finesse
ಕಸರತ್ತು,ಈ ಸ್ಪೆಷಲ್ ಸಾಂಗನ್ನು ಬಿಪಾಶಾಳಿಂದ್ಲೇ ಮಾಡಿಸಬೇಕು ಅಂತಾ ಚಿತ್ರದ ನಿರ್ದೇಶಕರು ಕಸರತ್ತು ನಡೆಸಿದ್ದಾರೆ.,2,ಶಕ್ತಿಯ ಹಾಗೂ ಚಮತ್ಕಾರದ ಪ್ರದರ್ಶನ,A show of strength and finesse
ಕೂಲಿ,ಕೂಲಿ ಮಾಡಿಕೊಂಡು ಜೀವನ ಸಾಗಿಸುವ ನಾವು ಬಿಂದಿಗೆ ನೀರಿಗಾಗಿ ಇಡಿ ದಿನ ಅಲೆದಾಡುವ ಸ್ಥಿತಿ ಎದುರಾಗಿದೆ ಎನ್ನುತ್ತಾರೆ ಗ್ರಾಮದ ಹೊನ್ನಮ್ಮ.,1,ಕೂಲಿಯಾಳು,labourer
ಕೂಲಿ,"ಬಾಗಲಕೋಟೆ, ಜುಲೈ, 11 : ಹುನಗುಂದ ತಾಲೂಕಿನ ಧನ್ನೂರ ಗ್ರಾಮ ಪಂಚಾಯತಿ ವ್ಯಾಪ್ತಿಯ ಇದ್ದಲಗಿ ಗ್ರಾಮದ ಕರಿಯಮ್ಮದೇವಿ ಕೂಲಿ ಕಾರ್ಮಿಕರ ಸಂಘಟನೆಯ 15 ಕುಟುಂಬಗಳ 32 ಕಾರ್ಮಿಕರಿಗೆ ಒಟ್ಟು 36960 ರೂ.",1,ಕೂಲಿಯಾಳು,labourer
ಕೂಲಿ,"ನಮ್ಮ ಕೂಲಿ ಕಾರ್ಮಿಕರು, ರಿಕ್ಷಾ ಗಾಡಿ ಎಳೆಯುವ ದೃಶ್ಯಗಳನ್ನೋ ಅಥವಾ ಗೋದಾಮುಗಳಲ್ಲಿ ತಾವು ಎತ್ತುವ ಹೆಣ ಭಾರದ ಮೂಟೆಗಳ ದೃಶ್ಯಗಳನ್ನೊ ಬಿತ್ತರಿಸಿ ತಾವೂ ಫಿಟ್- ತಮ್ಮ ದೇಶವೂ ಫಿಟ್ ಎಂದು ಘೋಷಿಸಬಹುದು.",1,ಕೂಲಿಯಾಳು,labourer
ಕೂಲಿ,ಕಳೆದ ಒಂದುವರೆ ತಿಂಗಳ ಹಿಂದೆ ಕೂಲಿ ಕೆಲಸ ಮಾಡುತ್ತಿದ್ದ ಮಹಿಳೆಯನ್ನು ಬಲಿ.,1,ಕೂಲಿಯಾಳು,labourer
ಕೂಲಿ,ಹಾಗಾಗಿ ಕೂಲಿ ಮಾಡಿದ್ರೂ ಮಕ್ಕಳಿಗೆ ಶಿಕ್ಷಣ ಕೊಡಿಸಿ ಎಂದರು.,1,ಕೂಲಿಯಾಳು,labourer
ಕೂಲಿ,ನಮ್ಮ ತಂದೆ ಅಗರ್ಭ ಶ್ರೀಮಂತರಲ್ಲ ಕೂಲಿ ಮಾಡಿ ಈ ಮಟ್ಟಿಗೆ ಬಂದಿದ್ದೇವೆ ಎಂದು ತಂದೆ-ತಾಯಿ ನೆನೆದು ಭಾವುಕರಾದರು.,1,ಕೂಲಿಯಾಳು,labourer
ಕೂಲಿ,"ಕೂಲಿ ಕೆಲಸ ಮಾಡುವವರ ಹೆಸರು, ತೆಂಗಿನ ಮರದ ಬುಡಕ್ಕೆ ಕಾಸರಕ ಮರದ ಸೊಪ್ಪು ತಂದವರ ವಿವರಗಳು ನಮಗೆ ತಿಳಿದಿದ್ದವು.",1,ಕೂಲಿಯಾಳು,labourer
ಕೂಲಿ,ಸಂಜೆ ಸಂತೆಗೆ ಬಂದ ಕೂಲಿ ಕಾರ್ಮಿಕರು ಸಂತೆಯಲ್ಲಿ ಕೊಳ್ಳಲು ಪರದಾಡುತ್ತಿದ್ದರು.,1,ಕೂಲಿಯಾಳು,labourer
ಕೂಲಿ,ಇವರೆಲ್ಲಾ ಕೂಲಿ ಕೆಲಸವನ್ನೇ ಆಶ್ರಯಿಸಿ ಜೀವನ ನಿರ್ವಹಣೆ ಮಾಡುತ್ತಿದ್ದಾರೆ.,1,ಕೂಲಿಯಾಳು,labourer
ಕೂಲಿ,"ಕರೆಗಳು ಬಂದಾಗ ಕೂಲಿ ಕೆಲಸ ಮಾಡುತ್ತಿದ್ದರೆ, ಉಳಿದ ದಿನಗಳಲ್ಲಿ ಪತ್ನಿ ಲಲಿತಾ ಅವರ ದುಡಿಮೆಯೇ ಜೀವನಕ್ಕೆ ಆಧಾರ.",1,ಕೂಲಿಯಾಳು,labourer
ಕೂಲಿ,"ನೆಮ್ಮದಿಯ ಸೂರಿಲ್ಲ: ಇಳಿ ವಯಸ್ಸಿನ ಶರಣಮ್ಮ, ಮೊದಲೆಲ್ಲಾ ಹೊಲಕ್ಕೆ ತೆರಳಿ ಕೂಲಿ ಮಾಡಿ ಜೀವನ ನಡೆಸುತ್ತಿದ್ದರು.",1,ಕೂಲಿಯಾಳು,labourer
ಕೂಲಿ,ಮತ್ತೂಂದೆಡೆ ಸಕಾಲದಲ್ಲಿ ನ್ಯಾಯಬೆಲೆ ಅಂಗಡಿಗಳು ತೆರೆಯದೇ ಗ್ರಾಮೀಣ ಭಾಗದ ರೈತಾಪಿ ಕೂಲಿ ಕಾರ್ಮಿಕರಿಗೆ ತೊಂದರೆ ಆಗುತ್ತಿದೆ.,1,ಕೂಲಿಯಾಳು,labourer
ಕೂಲಿ,"ಈ ಪ್ರದೇಶದಲ್ಲಿ ಕಾಮರ್ಿಕರು, ಹಮಾಲಿಗಳು, ಕೂಲಿ ಕೆಲಸಗಾರರು ಇರುವುದರಿಂದ ಅವರಿಗೆ ಅನುಕೂಲವಾಗಲಿದೆ.",1,ಕೂಲಿಯಾಳು,labourer
ಕೂಲಿ,"ತಂದೆ ಶರವಣನ್‌ ಕಾಸರಗೋಡಿನಲ್ಲೂ, ಮೇಲ್ಪರಂಬದಲ್ಲೂ ಕೂಲಿ ಕೆಲಸ ಮಾಡಿ ಜೀವನ ಸಾಗಿಸಿದ್ದರು.",1,ಕೂಲಿಯಾಳು,labourer
ಕೂಲಿ,ಗ್ರಾಮದ ಅಂಗಡಿವೊಂದರ ಬಳಿ ಕೂಲಿ ಕಾರ್ಮಿಕ ಬಸವರಾಜು ಅವರು ಸಿಕ್ಕಾಗ ಬಾಕಿ ಕೂಲಿ ನೀಡುವಂತೆ ಕೇಳಿದ್ದಾರೆ.,1,ಕೂಲಿಯಾಳು,labourer
ಕೂಲಿ,ರುಕ್ಮಿಣಿ ಮತ್ತು ಲಕ್ಷ್ಮೀ ಎಂಬ ಇಬ್ಬರನ್ನು ವಿವಾಹವಾಗಿರುವ ಶಿವಣ್ಣ ಪ್ರಸ್ತುತ ತನ್ನ ಎರಡನೇ ಪತ್ನಿ ಲಕ್ಷ್ಮೀಯೊಂದಿಗೆ ಅಕ್ಕಿಹೆಬ್ಬಾಳಿನಲ್ಲಿ ಕೃಷಿ ಕೂಲಿ ಕಾರ್ಮಿಕನಾಗಿ ಜೀವನ ನಡೆಸುತ್ತಿದ್ದಾನೆ.,1,ಕೂಲಿಯಾಳು,labourer
ಕೂಲಿ,"ಕೂಲಿ ಕೆಲಸಕ್ಕಾಗಿ ಬಂದ ವರ್ಗ ಈ ರೀತಿಯ ಹೇಯ ಕೃತ್ಯ ನಡೆಸುವಷ್ಟು ಮಟ್ಟಕ್ಕೆ ಬೆಳೆದಿದ್ದಾರೆ ಅಂದರೆ ನಿಜಕ್ಕೂ ಆತಂಕಕಾರಿ, ಕೊಲೆ, ಅತ್ಯಾಚಾರ, ಕಳ್ಳತನ ಎಲ್ಲಾತರಹದ ಕೃತ್ಯದಲ್ಲೂ ಭಾಗಿಯಾಗಿದ್ದಾರೆ.",1,ಕೂಲಿಯಾಳು,labourer
ಕೂಲಿ,ನರೇಗಾ ಯೋಜನೆಯಡಿ ಕೂಲಿ ಕೆಲಸ ನೀಡುವಲ್ಲಿ ವಿಫಲವಾಗಿರುವಿರಿ.,1,ಕೂಲಿಯಾಳು,labourer
ಕೂಲಿ,"ರಣ ವಿಜಯ್ ಸಿಂಗ್ (ಬಲ) ಬಿಹಾರದ ಜಾಮುಯಿಯ ಕೂಲಿ ಕಾರ್ಮಿಕ, ಹಿಸ್ಟರಿ ಪದವೀಧರ",1,ಕೂಲಿಯಾಳು,labourer
ಕೂಲಿ,ಕೂಲಿ ಕಾರ್ಮಿಕರಿಗೆ ನರೇಗಾದಡಿ ವಾರದೊಳಗೆ ಕೆಲಸ ನೀಡಲಾಗುತ್ತದೆ.,1,ಕೂಲಿಯಾಳು,labourer
ಕೂಲಿ,"ಈ ನೋಟು ನಿಷೇಧದಿಂದ ರೈತರು, ಜನಸಾಮಾನ್ಯರು, ಕೂಲಿ ಕಾರ್ಮಿಕರು ನಷ್ಟವನ್ನು ಅನುಭವಿಸುತ್ತಿದ್ದಾರೆ.",1,ಕೂಲಿಯಾಳು,labourer
ಕೂಲಿ,ನಿತ್ಯ ಕೂಲಿ ಮಾಡಿದ ಹಣದ ಲ್ಲಿಯೇ ನಮ್ಮ ಜೀವನ ನಡೆಯುತ್ತದೆ.,1,ಕೂಲಿಯಾಳು,labourer
ಕೂಲಿ,ಗಳಗಂಟ ಗಾದಶೆಟ್ಟಿ ಇವನ ಮನೆಯಲ್ಲಿ ಕೂಲಿ ಆಳಿನಂತೆ ದುಡಿಯುತ್ತಿದ್ದ.,1,ಕೂಲಿಯಾಳು,labourer
ಕೂಲಿ,ನಿರ್ಮಲಾನಂದ ಸ್ವಾಮೀಜಿಯವರು ಹಳ್ಳಿಗರ ಎಲ್ಲ ಬಡ ಮಕ್ಕಳಂತೆ ಬೆಳೆದವರು ಅವರ ತಂದೆ ತಾಯಿ ಕೂಲಿ ಮಾಡುತ್ತಿದ್ದರು .,1,ಕೂಲಿಯಾಳು,labourer
ಕೂಲಿ,ತಿರುವನಂತಪುರಂ: ಕೆಲ ತಿಂಗಳ ಹಿಂದಷ್ಟೇ ಕೇರಳಕ್ಕೆ ಕೂಲಿ ಕೆಲಸಕ್ಕೆ ಬಂದಿದ್ದ ಕಾರ್ಮಿಕನೊಬ್ಬನಿಗೆ ಲಾಟರಿಯಲ್ಲಿ 1 ಕೋಟಿ ರೂ.,1,ಕೂಲಿಯಾಳು,labourer
ಕೂಲಿ,ಒಕ್ಕೂಟದ ಅಧ್ಯಕ್ಷೆ ಶೋಭಾ ನಾಯ್ಕ ಮಾತನಾಡಿ 2001ರಿಂದ ಪ್ರಾರಂಭವಾದ ಸ್ತ್ರೀಶಕ್ತಿ ಸಂಘಗಳು ಬಡ ಕೂಲಿ ಕಾರ್ಮಿಕರೊಳಗೊಂಡು ರಚನೆ­ಯಾಗಿವೆ.,1,ಕೂಲಿಯಾಳು,labourer
ಕೂಲಿ,ಕೂಲಿ ಕೆಲಸದಿಂದ ಮರಳುವ ಸಂದರ್ಭದಲ್ಲಿ ತುಂಗಭದ್ರಾ ಕಾಲುವೆಗೆ ಟ್ರ್ಯಾಕ್ಟರ್‌ ಉರುಳಿ ಮೃತಪಟ್ಟ ಐವರು ಮಹಿಳೆಯರಲ್ಲಿ ನವಲಿ ಗ್ರಾಮದ ದುರುಗಮ್ಮಾ ಮಡಿವಾಳರ(40) ಸಹ ಒಬ್ಬರಾಗಿದ್ದಾರೆ.,1,ಕೂಲಿಯಾಳು,labourer
ಕೂಲಿ,ಇವರ ಕುಟುಂಬವು ಇನ್ನೂ ಬಡತನದಲ್ಲೇ ನಲುಗುತ್ತಿದ್ದು ಇವರು ಹೊಟ್ಟೆಪಾಡಿಗಾಗಿ ಮನರೇಗಾ ಮತ್ತು ಕೂಲಿ ಕೆಲಸವನ್ನೇ ಆಶ್ರಯಿಸಿದೆ.,1,ಕೂಲಿಯಾಳು,labourer
ಕೂಲಿ,"ತುಂಬೆದಡ್ಕ ಎಂಬ ಕುಗ್ರಾಮದ ಹುಸೈನ್ ಯಾನೆ ಹುಸೈನಾಕ ಕೂಲಿ ಕೆಲಸ ಮಾಡಿಕೊಂಡರೆ, ಬೀಫಾತಿಮಾ ಬೀಡಿ ಕಟ್ಟಿ ಮಕ್ಕಳನ್ನು ಸಾಕಿ ಸಲಹಿದ್ದರು.",1,ಕೂಲಿಯಾಳು,labourer
ಕೂಲಿ,"ಮೂಲತಃ ಮಡಿಕೇರಿಯ 12 ವರ್ಷ ಪ್ರಾಯದ ಬಾಲಕಿಯು ಬಡ ಕುಟುಂಬಕ್ಕೆ ಸೇರಿದವರಾಗಿದ್ದು, ಈಕೆಯ ಹೆತ್ತವರು ಮಡಿಕೇರಿ ರಾಜಪೇಟೆಯ ಕಾಫಿ ತೋಟದಲ್ಲಿ ಕೂಲಿ ಕೆಲಸ ಮಾಡುತ್ತಿದ್ದಾರೆ.",1,ಕೂಲಿಯಾಳು,labourer
ಕೂಲಿ,ಅವಕಾಶ ಸಿಕ್ಕರೆ ಅಲ್ಲಿ ಇಲ್ಲಿ ಕೂಲಿ ಅರಸಿಕೊಂಡು ಹೋಗುವ ದಿನಚರಿ.,1,ಕೂಲಿಯಾಳು,labourer
ಕೂಲಿ,ಕೂಲಿ ಕೆಲಸದಿಂದ ಜೀವನ ಸಾಗಿಸುವ ನನ್ನ ತಂದೆಯಿಂದ ಈ ವೆಚ್ಚ ಭರಿಸಲು ಅಸಾಧ್ಯ.,1,ಕೂಲಿಯಾಳು,labourer
ಕೂಲಿ,ಇವತ್ತು ಬೆಳಗ್ಗೆ ತಾನೆ ಕೂಲಿ ಕೆಲಸಕ್ಕೆ ಹೋಗುವ ಶ೦ಕ್ರನ ಮಗ ಹೊಸ ಹರ್ಕ್ಯುಲಸ್ ಸ್ಯೆಕಲ್ ಅಲ್ಲಿ ವ್ಹೀಲಿ೦ಗ್ ಮಾಡ್ತ ಹೋಗಿದ್ದು ನೋಡಿದ್ದೆ.,1,ಕೂಲಿಯಾಳು,labourer
ಕೂಲಿ,ಗಂಡನ ಕೂಲಿ ಸಾಕಾಗುವುದಿಲ್ಲ ಎಂದು ತಾನೂ ಕೂಡ ಕೂಲಿ ಮಾಡಿ ಜೀವನ ಸಾಗಿಸುತ್ತಿದ್ದಳು.,1,ಕೂಲಿಯಾಳು,labourer
ಕೂಲಿ,ಕೂಲಿ ಕಾರ್ಮಿಕರೂ ನೀರಾ ತಂತ್ರಜ್ಞಾನ ಕಲಿಯಬಹುದು.,1,ಕೂಲಿಯಾಳು,labourer
ಕೂಲಿ,"ಆದರೆ, ಎರಡನೇ ಹಂತದ ವಿಸ್ತರಣೆ ಕಾಮಗಾರಿಯಲ್ಲಿ ಕನಿಷ್ಠ ಕೂಲಿ ಕೆಲಸವನ್ನೂ ಸ್ಥಳೀಯ ನಿರಾಶ್ರಿತರಿಗೆ ನೀಡುತ್ತಿಲ್ಲ.",1,ಕೂಲಿಯಾಳು,labourer
ಕೂಲಿ,ಕೂಲಿ ದೊರೆಯುತ್ತದೆ.,1,ಕೂಲಿಯಾಳು,labourer
ಕೂಲಿ,ಹೆಣ್ಣು ಮಕ್ಕಳಿಬ್ಬರನ್ನು ಕೂಲಿ ಮಾಡಿ ಓದಿಸುತ್ತಿದ್ದ ತಂದೆ ತಾಯಿ ತಾವು ಪ್ರಸಾದ ತಿಂದು ತಮ್ಮ ಮಕ್ಕಳಿಗೂ ತಂದು ಕೊಟ್ಟರು.,1,ಕೂಲಿಯಾಳು,labourer
ಕೂಲಿ,"ಕೂಲಿ ಕಾರ್ಮಿಕರ ಕೊರತೆ, ಮಣ್ಣಿನ ಫಲವತ್ತತೆ ನಷ್ಟ, ಮಳೆ ವ್ಯತ್ಯಯದ ಕಾರಣಗಳನ್ನು ರೈತರು ನೀಡಿದ್ದಾರೆ ಎಂದು ತಿಳಿಸಿದರು.",1,ಕೂಲಿಯಾಳು,labourer
ಕೂಲಿ,"ದಿನೇ ದಿನೇ ಏರಿಕೆಯಾಗುತ್ತಿರುವ ಕೂಲಿ ದರ, ಹೆಚ್ಚು ಕೂಲಿ ನೀಡಿದರೂ ಸಿಗದ ಕೃಷಿ ಕಾರ್ಮಿಕರು.",2,ದುಡಿಮೆಗಾಗಿ ಕೊಡುವ ಪ್ರತಿ ಫಲ,reward for labor
ಕೂಲಿ,"ಟಿಲ್ಲರ್‌ ಖರ್ಚು, ಗೊಬ್ಬರದ ಖರ್ಚು, ಕಾರ್ಮಿಕರ ಕೂಲಿ ಇತ್ಯಾದಿಗಳನ್ನು ಲೆಕ್ಕ ಹಾಕಿದರೆ ಇವರಿಗೆ ನಷ್ಟವೇ ಅಧಿಕ.",2,ದುಡಿಮೆಗಾಗಿ ಕೊಡುವ ಪ್ರತಿ ಫಲ,reward for labor
ಕೂಲಿ,ನಮ್ಮ ಗ್ರಾಮೀಣ ಕಾರ್ಮಿಕರಿಗೆ ಸೇರಬೇಕಾದ ಕೂಲಿ ಹಣವನ್ನು ಅದೊಂದೇ ವಿದೇಶೀ ಕಂಪನಿ ಗಳಿಸುತ್ತದೆ.,2,ದುಡಿಮೆಗಾಗಿ ಕೊಡುವ ಪ್ರತಿ ಫಲ,reward for labor
ಕೂಲಿ,ಉದ್ಯೋಗ ಖಾತ್ರಿ ಕೂಲಿ ಹಣ ಕೇಳಿದರೆ ಪೊಲೀಸರಿಂದ ಬೂಟುಗಾಲಲ್ಲಿ ಒದೆಸುತ್ತಾರೆ.,2,ದುಡಿಮೆಗಾಗಿ ಕೊಡುವ ಪ್ರತಿ ಫಲ,reward for labor
ಕೂಲಿ,"ಸಿಐಟಿಯು ಜಿಲ್ಲಾ ಮುಂದಾಳು ವಸಂತ ಆಚಾರಿ ಮಾತನಾಡಿ, ಸರ್ವಾನುಮತದಲ್ಲಿ ನಿರ್ಣಯಿಸಲ್ಪಟ್ಟ ಕನಿಷ್ಠ ಕೂಲಿ ಜಾರಿಯಾಗುತ್ತಿಲ್ಲ.",2,ದುಡಿಮೆಗಾಗಿ ಕೊಡುವ ಪ್ರತಿ ಫಲ,reward for labor
ಕೂಲಿ,"17): ಅರಸೀಕೆರೆ ತಾಲ್ಲೂಕು ಕರಗುಂದ ಗ್ರಾಮ ಪಂಚಾಯ್ತಿಯಲ್ಲಿ ಮಹಾತ್ಮಗಾಂಧಿ ರಾಷ್ಟ್ರೀಯ ಗ್ರಾಮೀಣ ಉದ್ಯೋಗ ಖಾತರಿ ಯೋಜನೆಯ ಅನುಷ್ಠಾನ ಸಂಬಂಧಪಟ್ಟಂತೆ ಯೋಜನೆಯ ಮಾರ್ಗಸೂಚಿ–ನಿಯಮಗಳನ್ನು ಉಲ್ಲಂಘಿಸಿ, ಕೂಲಿ ಹಣವನ್ನು ಪಾವತಿ ಮಾಡದೆ ಸಾಮಾಗ್ರಿ ಮೊತ್ತವನ್ನು ಪಾವತಿಸಿ ಕರ್ತವ್ಯ ಲೋಪವೆಸಗಿರುವ ಬಿ.",2,ದುಡಿಮೆಗಾಗಿ ಕೊಡುವ ಪ್ರತಿ ಫಲ,reward for labor
ಕೂಲಿ,ಇದಕ್ಕೆ ನಮಗೆ ಸಿಗುತ್ತಿದ್ದ ಕೂಲಿ ಕೇವಲ 40 ರೂಪಾಯಿ.,2,ದುಡಿಮೆಗಾಗಿ ಕೊಡುವ ಪ್ರತಿ ಫಲ,reward for labor
ಕೂಲಿ,ಆಳು ಬಂದರೆ ಕೂಲಿ ಕೊಡಬೇಕಲ್ಲಾ ಯಾರು ಕೊಡ್ತಾರೆ!,2,ದುಡಿಮೆಗಾಗಿ ಕೊಡುವ ಪ್ರತಿ ಫಲ,reward for labor
ಕೂಲಿ,ಕೂಲಿ ಕೊಟ್ಟರೆ ತೆಗೆದುಕೊಳ್ಳುವುದು ಇಲ್ಲವಾದರೆ ಇಲ್ಲ!,2,ದುಡಿಮೆಗಾಗಿ ಕೊಡುವ ಪ್ರತಿ ಫಲ,reward for labor
ಕೂಲಿ,1940ರಲ್ಲೇ ಕೂಲಿ ಹೆಚ್ಚಳಕ್ಕೆ ಒತ್ತಾಯಿಸಿ ನೇಯ್ಗೆ ಕಾರ್ಮಿಕರು ಮುಷ್ಕರ ನಡೆಸಿದ್ದರು.,2,ದುಡಿಮೆಗಾಗಿ ಕೊಡುವ ಪ್ರತಿ ಫಲ,reward for labor
ಕೂಲಿ,ಗ್ರಾಮದ ಕೂಲಿ ಸಿಗದೆ ಪ್ರತಿವರ್ಷ ಗುಳೆ ಹೋಗುವುದು ಗ್ರಾಮಸ್ಥರಿಗೆ ಅನಿವಾರ್ಯ.,2,ದುಡಿಮೆಗಾಗಿ ಕೊಡುವ ಪ್ರತಿ ಫಲ,reward for labor
ಕೂಲಿ,ಸಾಮಾಜಿಕ ಪರಿವರ್ತನೆ ಮಾರ್ಗದಲ್ಲಿ ಕೃಷಿ ಕಾರ್ಮಿಕರಿಗೆ ಕನಿಷ್ಠ ಕೂಲಿ ನಿಗದಿ ಮಾಡಿ ಋಣ ಪರಿಹಾರ ಕಾರ್ಯಕ್ರಮವನ್ನು ಜಾರಿಗೊಳಿಸಿದರು.,2,ದುಡಿಮೆಗಾಗಿ ಕೊಡುವ ಪ್ರತಿ ಫಲ,reward for labor
ಕೂಲಿ,ಚದರ ಅಡಿಯ ಕಟ್ಟಡವನ್ನು ನಿರ್ಮಿಸಿದರೆ ಅಂದಾಜು ₨3 ಲಕ್ಷದವರೆಗೆ ಕೂಲಿ ಪಡೆಯಬಹುದಾಗಿದೆ ಎಂದು ತಿಳಿಸಿದರು.,2,ದುಡಿಮೆಗಾಗಿ ಕೊಡುವ ಪ್ರತಿ ಫಲ,reward for labor
ಕೂಲಿ,ಕಟ್ಟಡ ನಿರ್ಮಾಣ: ಕಟ್ಟಡ ಮತ್ತು ಇತರೆ ನಿರ್ಮಾಣ ಕ್ಷೇತ್ರದಲ್ಲೂ ಮಹಿಳೆಯರಿಗೆ ಕೂಲಿ ಕಮ್ಮಿ.,2,ದುಡಿಮೆಗಾಗಿ ಕೊಡುವ ಪ್ರತಿ ಫಲ,reward for labor
ಕೂಲಿ,ಆಳುಗಳ ಕೂಲಿ ಗಿಟ್ತಿಲ್ಲ:,2,ದುಡಿಮೆಗಾಗಿ ಕೊಡುವ ಪ್ರತಿ ಫಲ,reward for labor
ಕೂಲಿ,ನಾವು ಕೆಲಸ ನಿರ್ವಹಿಸಿದ್ದಕ್ಕೆ ಕೂಲಿ ಪಾವತಿಸದಿದ್ದರೆ ಹೋರಾಟ ನಡೆಸುತ್ತೇವೆ.,2,ದುಡಿಮೆಗಾಗಿ ಕೊಡುವ ಪ್ರತಿ ಫಲ,reward for labor
ಕೂಲಿ,ಕೂಲಿ ನೀಡುವ ಮುನ್ನ ದಾಖಲೆಗಳನ್ನು ಸಲ್ಲಿಸಬೇಕಾಗುತ್ತದೆ.,2,ದುಡಿಮೆಗಾಗಿ ಕೊಡುವ ಪ್ರತಿ ಫಲ,reward for labor
ಕೂಲಿ,ಆಳುಗಳಿಗೆ ಕೊಡುವ ಕೂಲಿ ಉಳಿತಾಯವಾಗಿದೆ.,2,ದುಡಿಮೆಗಾಗಿ ಕೊಡುವ ಪ್ರತಿ ಫಲ,reward for labor
ಕೂಲಿ,ಈ ತನಕ ಜಿಲ್ಲಾ ಆಡಳಿತ ಕೊಟ್ಟಿರುವ ಕೂಲಿ ನಾಲ್ಕು ದಿನಗಳದು !,2,ದುಡಿಮೆಗಾಗಿ ಕೊಡುವ ಪ್ರತಿ ಫಲ,reward for labor
ಕೂಲಿ,ರವಿವಾರ ಹೇಗೂ ಕೂಲಿ ಸಿಗುತ್ತಿದ್ದಿಲ್ಲ.,2,ದುಡಿಮೆಗಾಗಿ ಕೊಡುವ ಪ್ರತಿ ಫಲ,reward for labor
ಕೂಲಿ,ಅಸ್ಸಾಂ ಕಾರ್ಮಿಕರ ಕೂಲಿ ವೆಚ್ಚ ಕಡಿಮೆ ಇರುವುದರಿಂದ ಕೆಲವು ಕಾಫಿ ತೋಟದ ಮಾಲೀಕರು ತೋಟದ ಲೈನ್ ಮನೆಗಳಲ್ಲಿ ಅವರಿಗೆ ವಾಸ್ತವ್ಯ ಕಲ್ಪಿಸಿ ಕೆಲಸ ನೀಡುತ್ತಿದ್ದಾರೆ.,2,ದುಡಿಮೆಗಾಗಿ ಕೊಡುವ ಪ್ರತಿ ಫಲ,reward for labor
ಕೂಲಿ,ಕಲಬುರ್ಗಿ ಜಿಲ್ಲೆಯಲ್ಲಿ ಕೆಲಸ ಮಾಡಿದ 22 ದಿನಗಳ (ಸರಾಸರಿ ದಿನ)ನಂತರ ಕೂಲಿ ಪಾವತಿಸಲಾಗುತ್ತಿದೆ.,2,ದುಡಿಮೆಗಾಗಿ ಕೊಡುವ ಪ್ರತಿ ಫಲ,reward for labor
ಕೂಲಿ,ಮೂರು ಮನೆ ಕೆಲಸಕ್ಕೆ ರೂ 4400 ಕೂಲಿ,2,ದುಡಿಮೆಗಾಗಿ ಕೊಡುವ ಪ್ರತಿ ಫಲ,reward for labor
ಕೂಲಿ,2016ರ ಏಪ್ರಿಲ್‌ನಲ್ಲಿ ನಡೆದ ಯೋಜನೆ ಕಾಮಗಾರಿಯಲ್ಲಿ ಕೂಲಿ ನೀಡಿಲ್ಲ.,2,ದುಡಿಮೆಗಾಗಿ ಕೊಡುವ ಪ್ರತಿ ಫಲ,reward for labor
ಕೂಲಿ,ಕೂಲಿ ಪಾವತಿಯಾಗಿದೆ!,2,ದುಡಿಮೆಗಾಗಿ ಕೊಡುವ ಪ್ರತಿ ಫಲ,reward for labor
ಕೂಲಿ,ಇವರಿಗೆ ಕನಿಷ್ಠ ಕೂಲಿ ನಿಗದಿಪಡಿಸಿ 2016ರ ಆ.,2,ದುಡಿಮೆಗಾಗಿ ಕೊಡುವ ಪ್ರತಿ ಫಲ,reward for labor
ಕೂಲಿ,92ರಷ್ಟು ಕಾರ್ಮಿಕ ರಿಗೆ ಕನಿಷ್ಠ ಕೂಲಿ ನೀಡದೇ ವಂಚಿಸ ಲಾಗುತ್ತಿದೆ ಎಂದು ಆರೋಪಿಸಿದರು.,2,ದುಡಿಮೆಗಾಗಿ ಕೊಡುವ ಪ್ರತಿ ಫಲ,reward for labor
ಕೂಲಿ,ನನಗೆ ನನ್ನ ಕೂಲಿ ಕೊಟ್ಟರೆ ಸಾಕು.,2,ದುಡಿಮೆಗಾಗಿ ಕೊಡುವ ಪ್ರತಿ ಫಲ,reward for labor
ಕೂಲಿ,ಅಲ್ಲಿ ದಿನಕ್ಕೆ ರೂ 300-400 ಕೂಲಿ ಸಿಗುತ್ತದೆ.,2,ದುಡಿಮೆಗಾಗಿ ಕೊಡುವ ಪ್ರತಿ ಫಲ,reward for labor
ಕೂಲಿ,ನರೇಗಾ ಯೋಜನೆಯಡಿ ಹಾಜರಾತಿ ಲೆಕ್ಕದಲ್ಲಿ ಕೂಲಿ ಪಾವತಿಸುವಂತೆ ಒತ್ತಾಯಿಸಿ ತಾಲೂಕಿನ ಹಿರೇಬನ್ನಿಗ.,2,ದುಡಿಮೆಗಾಗಿ ಕೊಡುವ ಪ್ರತಿ ಫಲ,reward for labor
ಕೂಲಿ,ಅಸ್ಸಾಂ ಕಾರ್ಮಿಕರ ಪ್ರವೇಶದಿಂದ ಕೂಲಿ ಕಡಿಮೆಯಾಗಿದೆ.,2,ದುಡಿಮೆಗಾಗಿ ಕೊಡುವ ಪ್ರತಿ ಫಲ,reward for labor
ಕೂಲಿ,ಯೋಜನೆಯಲ್ಲಿ ಕೆಲಸ ಮಾಡಿದವರಿಗೆ ಕೂಲಿ ನೀಡುವಂತೆ ಒತ್ತಾಯಿಸಿ ಕರ್ನಾಟಕ ಪ್ರಾಂತ ರೈತ ಸಂಘದ ಸದಸ್ಯರು ಇಲ್ಲಿನ ತಾ.,2,ದುಡಿಮೆಗಾಗಿ ಕೊಡುವ ಪ್ರತಿ ಫಲ,reward for labor
ಕೂಲಿ,ಅನಾವಶ್ಯವಾಗಿ ಕೂಲಿ ನಾಲಿ ಮಾಡಿ ಬದುಕುವ ಬಡವರ ದುಡಿದು ತಿನ್ನುವ ಶ್ರಮಿಕರ ಜೀವಹಾನಿ ಆಸ್ತಿ ಪಾಸ್ತಿ ನಷ್ಟ ಆಗಬಾರದು.,2,ದುಡಿಮೆಗಾಗಿ ಕೊಡುವ ಪ್ರತಿ ಫಲ,reward for labor
ಕೂಲಿ,ಆದರೆ ಈ ಹೊಸ ಪದ್ಧತಿಯು ಕೂಲಿ ಪಾವತಿಸುವಲ್ಲಿ ಪೂರ್ತಿ ತಾಂತ್ರಿಕ ಸಮಸ್ಯೆಯಾಗಿ ಕರ್ನಾಟಕ ರಾಜ್ಯದಲ್ಲಿ ಈಗಾಗಲೇ ಕೆಲಸ ಮಾಡಿದ ಕೂಲಿ ಕಾರ್ಮಿಕರ ಕೂಲಿ ರೂ.,2,ದುಡಿಮೆಗಾಗಿ ಕೊಡುವ ಪ್ರತಿ ಫಲ,reward for labor
ಕೂಲಿ,"11-ರಾಜ್ಯ ಉಗ್ರಾಣ ನಿಗಮಗಳಲ್ಲಿ ಕಾರ್ಯನಿರ್ವಹಿಸುತ್ತಿರುವ ಅಮಾಲಿ ಕಾರ್ಮಿಕರ ಕೂಲಿ ಹೆಚ್ಚಳ, ಕಿರುಕುಳಕ್ಕೆ ಶಾಶ್ವತ ಪರಿಹಾರ ಒದಗಿಸುವಂತೆ ಆಗ್ರಹಿಸಿ ಸೆ.",2,ದುಡಿಮೆಗಾಗಿ ಕೊಡುವ ಪ್ರತಿ ಫಲ,reward for labor
ಕೂಲಿ,ಈ ಕಾರ್ಮಿಕರಿಗೆ ಕಾರ್ಮಿಕರಿಗೆ 38 ವರ್ಷಗಳಿಂದ ಸರಿಯಾದ ಕೂಲಿ ನೀಡುತ್ತಿಲ್ಲ.,2,ದುಡಿಮೆಗಾಗಿ ಕೊಡುವ ಪ್ರತಿ ಫಲ,reward for labor
ಕೂಲಿ,ಮಾನವ ದಿನಗಳ ಕೂಲಿ ಒದಗಿಸಿದ ತಿಮ್ಮಾಪೂರ ಗ್ರಾಮ ಪಂಚಾಯಿತಿಗೆ ಮೂರನೇ ಸ್ಥಾನ ಪಡೆದಿದೆ ಎಂದರು.,2,ದುಡಿಮೆಗಾಗಿ ಕೊಡುವ ಪ್ರತಿ ಫಲ,reward for labor
ಕೂಲಿ,ದುರ್ಗಿ : ಆಕಿಗೇನೂ ಕೂಲಿ ಕೊಟ್ಟಿಲ್ಲರಿ.,2,ದುಡಿಮೆಗಾಗಿ ಕೊಡುವ ಪ್ರತಿ ಫಲ,reward for labor
ಕೂಲಿ,ತಲಾ ಹತ್ತು ರೂಪಾಯಿ ಕೂಲಿ ಒಪ್ಪಿದೆವು.,2,ದುಡಿಮೆಗಾಗಿ ಕೊಡುವ ಪ್ರತಿ ಫಲ,reward for labor
ಕೂಲಿ,ದುಡಿದ ಕೈಗಳಿಗೆ ಕೂಲಿ ನೀಡಬೇಕೆಂಬ ಉದ್ದೇಶದಿಂದ ರಾಜ್ಯ ಸರ್ಕಾರವೇ 900 ಕೋಟಿ ರೂ.,2,ದುಡಿಮೆಗಾಗಿ ಕೊಡುವ ಪ್ರತಿ ಫಲ,reward for labor
ಕೇಸರಿ,ಇಂದು ಉತ್ತರ ಪ್ರದೇಶದ ಯಾವುದೇ ಟಾಯ್ಲೆಟ್‌ಗಳನ್ನು ಇಣುಕಿ ನೋಡಿದರೆ ಅವು ಕೇಸರಿ ಬಣ್ಣದಿಂದ ಕಂಗೊಳಿಸುತ್ತಿರುತ್ತವೆ.,1,ಕೇಸರಿ ಬಣ್ಣ,Colour Orange
ಕೇಸರಿ,71ರಷ್ಟು ಭೂ ಪ್ರದೇಶದಲ್ಲಿ ಕೇಸರಿ ಬಾವುಟ ಹಾರಾಡಿತ್ತು.,1,ಕೇಸರಿ ಬಣ್ಣ,Colour Orange
ಕೇಸರಿ,"ದುಂಡುಮುಖ, ಗೋಧಿ ಮೈಬಣ್ಣ, ದೃಢಕಾಯ ಶರೀರ, ಕೇಸರಿ ಬಣ್ಣದ ಸೀರೆ, ರವಿಕೆ ಧರಿಸಿದ್ದಾರೆ.",1,ಕೇಸರಿ ಬಣ್ಣ,Colour Orange
ಕೇಸರಿ,"9ಟು5ಮ್ಯಾಕ್ ನ ವರದಿಯ ಅನ್ವಯ ಹೇಳುವುದಾದರೆ ಆಪಲ್ ಕಂಪೆನಿಯು ಅತೀ ಕಡಿಮೆ ಬೆಲೆಯ ಐಫೋನ್ ನ್ನು ಬೂದು, ಬಿಳಿ, ನೀಲಿ, ಕೆಂಪು ಮತ್ತು ಕೇಸರಿ ಬಣ್ಣಗಳಲ್ಲಿ ಬಿಡುಗಡೆಗೊಳಿಸಲು ತಯಾರಿ ನಡೆಸುತ್ತಿದೆಯಂತೆ.",1,ಕೇಸರಿ ಬಣ್ಣ,Colour Orange
ಕೇಸರಿ,"ಶೋಭಾಯಾತ್ರೆ ಸಾಗುವ ಮಾರ್ಗದಲ್ಲಿನ ವೃತ್ತ, ರಸ್ತೆಗಳಲ್ಲಿ ಕೇಸರಿ ಬಟ್ಟೆ ಬಳಸಲಾಗಿದೆ.",1,ಕೇಸರಿ ಬಣ್ಣ,Colour Orange
ಕೇಸರಿ,ಹೀಗೆ ಸಮಾಜವಾದಿ ಹಿನ್ನೆಲೆಯ ಜೆಸಿಎಂ ಕೇಸರಿ ಪಕ್ಷದ ಪ್ರಮುಖ ನಾಯಕರಾದರು.,1,ಕೇಸರಿ ಬಣ್ಣ,Colour Orange
ಕೇಸರಿ,ಸಂಭ್ರಮ ಕೇಸರಿ ಬಣ್ಣದ ಆಕಾರ ಪಡೆಯಿತು.,1,ಕೇಸರಿ ಬಣ್ಣ,Colour Orange
ಕೇಸರಿ,ಒಂದು ಫೊಟೊದಲ್ಲಿ ಆತ ಕೇಸರಿ ಹಣೆಪಟ್ಟಿ ಧರಿಸಿದ್ದರೆ ಇನ್ನೊಂದರಲ್ಲಿ ನೀಲಿ ಹಣೆಪಟ್ಟಿ ಧರಿಸಿದ್ದಾನೆ.,1,ಕೇಸರಿ ಬಣ್ಣ,Colour Orange
ಕೇಸರಿ,ಕರಾವಳಿ ಭಾಗದಲ್ಲಿ ಪ್ರಬಲವಾಗಿರುವ ಕೇಸರಿ ಪಡೆಯನ್ನು ಎದುರಿಸಲು ಕಾಂಗ್ರೆಸ್‍ನ ನಿಷ್ಠಾವಂತ ಯುವ ಪಡೆಗೆ ಅವಕಾಶ ನೀಡಬೇಕೆಂಬ ಕೂಗು ಕೇಳಿಬಂದಿದೆ.,1,ಕೇಸರಿ ಬಣ್ಣ,Colour Orange
ಕೇಸರಿ,(ಮೈಸೂರು ಬೇಳೆ ಕೇಸರಿ ಬಣ್ಣದಲ್ಲಿರುತ್ತದೆ.,1,ಕೇಸರಿ ಬಣ್ಣ,Colour Orange
ಕೇಸರಿ,ಈ ಹಿನ್ನೆಲೆಯಲ್ಲಿ ಭಾನುವಾರ ಪೊಲೀಸರು ಕೋಟೆ ಮೇಲ್ಭಾಗದಲ್ಲಿ ಹಾರಾಡುತ್ತಿದ್ದ ಕೇಸರಿ ಬಾವುಟ ತೆರವುಗೊಳಿಸಿದ್ದರು.,1,ಕೇಸರಿ ಬಣ್ಣ,Colour Orange
ಕೇಸರಿ,"ಹಣಕ್ಕೆ ಪ್ರತಿಯಾಗಿ ಕೇಸರಿ ಪಕ್ಷದ ಪರ ರಾಜಕೀಯ ಅಭಿಯಾನಗಳನ್ನು ನಡೆಸಲು, ಅಧ್ಯಾತ್ಮಿಕತೆ ಹಾಗೂ ಧಾರ್ಮಿಕ ಸುದ್ದಿಗಳಿಗೂ ರಾಜಕೀಯ ಥಳುಕು ಹಾಕಲು ಮತ್ತು ಚುನಾವಣಾ ಲಾಭಕ್ಕಾಗಿ ಮೃದು ಹಿಂದುತ್ವ ಕಾರ್ಯಸೂಚಿಯನ್ನು ಉತ್ತೇಜಿಸಲು ಈ ಮಾಧ್ಯಮಸಂಸ್ಥೆಗಳು ಕುಟುಕುಕಾರ್ಯಾಚರಣೆಯಲ್ಲಿ ಒಪ್ಪಿಕೊಂಡಿದ್ದವು.",1,ಕೇಸರಿ ಬಣ್ಣ,Colour Orange
ಕೇಸರಿ,ಮಿಥುನ ರಾಶಿಯ ಜನರಿಗೆ ಹಳದಿ ಹಾಗೂ ಕೇಸರಿ ಬಣ್ಣ ಶುಭದಾಯಕವಾಗಿದೆ.,1,ಕೇಸರಿ ಬಣ್ಣ,Colour Orange
ಕೇಸರಿ,"ಹೀಗಾಗಿ ಅಂಬೇಡ್ಕರ್ ಕೂಡ ಹಿಂದೂ ಸಾಂಸ್ಕೃತಿಕ ನಾಯಕ ಎಂದು ಕರೆದಿದ್ದಲ್ಲದೆ, ಅಂಬೇಡ್ಕರ್ ಪ್ರತಿಮೆಗಳಿಗೆ ಕೇಸರಿ ಬಣ್ಣ ಬಳಿಯುವ ಮೂಲಕ ಬಾರಿ ವಿವಾದ ಸೃಷ್ಟಿಸಿತ್ತು.",1,ಕೇಸರಿ ಬಣ್ಣ,Colour Orange
ಕೇಸರಿ,ಬಿಜೆಪಿ ಒಂದೇ ಒಂದು ಕ್ಷೇತ್ರದಲ್ಲೂ ಕೇಸರಿ ಬಾವುಟ ಹಾರಿಸಲು ಸಾಧ್ಯವಿಲ್ಲ ಎಂದು ಸಮೀಕ್ಷೆ ಭವಿಷ್ಯ ಹೇಳಿದೆ.,1,ಕೇಸರಿ ಬಣ್ಣ,Colour Orange
ಕೇಸರಿ,"ನಮ್ಮ ರಾಷ್ಟ್ರಧ್ವಜವು ಅಗಲದುದ್ದಕ್ಕೂ ಮೇಲೆ ಕೇಸರಿ ಬಣ್ಣ, ಮಧ್ಯದಲ್ಲಿ ಬಿಳಿ ಬಣ್ಣ, ಕೊನೆಯಲ್ಲಿ ಹಸಿರು ಬಣ್ಣದ ಪಟ್ಟಿಗಳಿಂದ ಕೂಡಿದೆ.",1,ಕೇಸರಿ ಬಣ್ಣ,Colour Orange
ಕೇಸರಿ,ಕಾರಿನ ಹಿಂಬದಿಯಲ್ಲಿ ಕೇಸರಿ ಬಣ್ಣದ ಕುದುರೆ ರಥದಲ್ಲಿರುವ ಶ್ರೀಕೃಷ್ಣನ ಚಿತ್ರಣವಿತ್ತು ಎಂದು ನವೀನ್ ಹೇಳಿಕೆಯಲ್ಲಿ ತಿಳಿಸಿದ್ದಾನೆ.,1,ಕೇಸರಿ ಬಣ್ಣ,Colour Orange
ಕೇಸರಿ,"ನಿಲ್ದಾಣದ ಕಟ್ಟಡಕ್ಕೆ ಕೇಸರಿ ಬಣ್ಣ ಬಳಿಯಲಾಗಿದ್ದು, ಎಲ್ಲ ನಾಮಫಲಕಗಳಲ್ಲಿ ಹೊಸ ಹೆಸರು ಬರೆಯಲಾಗಿದ್ದು, ನಾಮಕರಣ ಸಮಾರಂಭದಲ್ಲಿ ಬಿಜೆಪಿ ಅಧ್ಯಕ್ಷ ಅಮಿತ್ ಷಾ, ರೈಲ್ವೆ ಸಚಿವ ಪಿಯೂಶ್ ಗೋಯಲ್ ಮತ್ತು ಉತ್ತರ ಪ್ರದೇಶ ಮುಖ್ಯಮಂತ್ರಿ ಆದಿತ್ಯನಾಥ್ ಪಾಲ್ಗೊಳ್ಳಲಿದ್ದರೆ.",1,ಕೇಸರಿ ಬಣ್ಣ,Colour Orange
ಕೇಸರಿ,"ಕೇಸರಿ ಬಣ್ಣದ ಕಾವಿ ಬಟ್ಟೆಯನ್ನು ಧರಿಸಿ, ಕೂದಲನ್ನು ಗಂಟುಕಟ್ಟಿಕೊಳ್ಳುತ್ತಿದ್ದರು.",1,ಕೇಸರಿ ಬಣ್ಣ,Colour Orange
ಕೇಸರಿ,ದಾರಿಯಲ್ಲಿ ಎರಡು ಹಾವುಗಳು ಮತ್ತು ಕಾಲಿನ ಹೆಬ್ಬೆರಳಿನ ಗಾತ್ರದ ಕೇಸರಿ ಕಪ್ಪು ಬಣ್ಣದ ಶತಪದಿ ನಮಗೆ ಗೋಚರಿಸಿ ಹಾಯ್ ಹೇಳಿದವು.,1,ಕೇಸರಿ ಬಣ್ಣ,Colour Orange
ಕೇಸರಿ,ಕಿತ್ತಳೆ ಹಣ್ಣು ಕೇಸರಿ ಬಣ್ಣದಿಂದ ಕೂಡಿರುತ್ತದೆ.,1,ಕೇಸರಿ ಬಣ್ಣ,Colour Orange
ಕೇಸರಿ,ಕೇಸರಿ ಅಥವಾ ಕಿತ್ತಳೆ ಬಣ್ಣದ ಬಳೆಗಳು-ಯಶಸ್ಸಿನ ಪ್ರತೀಕ.,1,ಕೇಸರಿ ಬಣ್ಣ,Colour Orange
ಕೇಸರಿ,ಇದನ್ನು ಖಂಡಿಸಿ ಇನ್ನೊಂದು ಕೋಮಿನ ವಿದ್ಯಾರ್ಥಿಗಳು ಮತ್ತು ವಿದ್ಯಾರ್ಥಿನಿಯರು ಕೇಸರಿ ಶಾಲು ಧರಿಸಿ ಕಾಲೇಜಿಗೆ ಬರಲಾರಂಭಿಸಿದ್ದಾರೆ.,1,ಕೇಸರಿ ಬಣ್ಣ,Colour Orange
ಕೇಸರಿ,ಹಾಗಾಗಿ ಮುಂಬರುವ ಚುನಾವಣೆಯಲ್ಲಿ ಕೇಸರಿ ರಂಗು ಹೆಚ್ಚಾಗಲಿದೆ ಎಂದು ಅಮಿತ್‌ ಶಾ ಸ್ಪಷ್ಟಪಡಿಸಿದರು.,1,ಕೇಸರಿ ಬಣ್ಣ,Colour Orange
ಕೇಸರಿ,ಕಾರ್ಯಕ್ರಮದಲ್ಲಿ ಬಿಳಿ ಬಣ್ಣದ ಜುಬ್ಬಾ ಹಾಗೂ ಕೇಸರಿ ಬಣ್ಣದ ನೆಹರು ಜಾಕೆಟ್ ನಲ್ಲಿ ಅಮಿತಾಬ್ ಮಿಂಚಿದ್ದಾರೆ.,1,ಕೇಸರಿ ಬಣ್ಣ,Colour Orange
ಕೇಸರಿ,"ಇಡೀ ಮೆಂಟನ್‌ ನಗರದ ರಸ್ತೆಗಳು, ಉದ್ಯಾನವನಗಳು, ಕಟ್ಟಡಗಳು ಬರೀ ನಿಂಬೆ ಹಣ್ಣುಗಳಿಂದಲೇ ಅಲಂಕಾರಗೊಂಡು, ಹಳದಿ ಮತ್ತು ಕೇಸರಿ ಬಣ್ಣದ ದೀಪಗಳಿಂದ ನೋಡುಗರ ಮನಸೂರೆಗೊಳ್ಳುತ್ತವೆ.",1,ಕೇಸರಿ ಬಣ್ಣ,Colour Orange
ಕೇಸರಿ,ಕೇಸರಿ ಬಣ್ಣಕ್ಕೆ ತಿರುಗಿದ್ದ ಹಜ್ ಕಟ್ಟಡಕ್ಕೆ ಮತ್ತೆ ಬಿಳಿ ಬಣ್ಣ,1,ಕೇಸರಿ ಬಣ್ಣ,Colour Orange
ಕೇಸರಿ,"ಕೇಸರಿ ಬಣ್ಣದ ಪ್ಲಾಸ್ಟಿಕ್ ಬಕೀಟಿಗೆ ಹಚ್ಚಿದ ತೇಪೆಯಂತೆ ಕಂದು ಕಲರ್ ಕಾಲು, ಬೂದಿ ಬಣ್ಣದ ಕೈ ಪಟ್ಟಿಯೊಂದಿಗೆ ಭಾವಿ ಎದ್ದು ನಿಂತಿದ್ದಳು.",1,ಕೇಸರಿ ಬಣ್ಣ,Colour Orange
ಕೇಸರಿ,"ಬಸವೇಶ್ವರ ವೃತ್ತ, ಮಹಾತ್ಮ ಪುಲೆ ರಸ್ತೆ, ರೇಲ್ವೆ ಪ್ರಥಮ ಗೇಟ್‌ ಕಡೆ ಹೋಗುವ ರಸ್ತೆ, ಲೆಲೆ ಮೈದಾನದ ಸುತ್ತಲಿನ ಭಾಗಗಳಲ್ಲಿ ಮಣಗಟ್ಟಲೆ ಗುಲಾಲ, ಕೇಸರಿ ಬಣ್ಣದ ಪುಡಿ ಎರಚಿ ಸಂಭ್ರಮ ಪಟ್ಟರು.",1,ಕೇಸರಿ ಬಣ್ಣ,Colour Orange
ಕೇಸರಿ,"ಸ್ಕಾರ್ಫ್, ಟೀಶರ್ಟ್‌, ಟ್ರೌಸರ್‌ಗಳಲ್ಲಿಯೂ ಕೇಸರಿ ಬಣ್ಣ ಹೆಚ್ಚಾಗಿ ಬಳಕೆಯಾಗಿತ್ತು.",1,ಕೇಸರಿ ಬಣ್ಣ,Colour Orange
ಕೇಸರಿ,ಪಶ್ಚಿಮಘಟ್ಟದ ಅಣಶಿಯ ದಟ್ಟಾರಣ್ಯದಲ್ಲಿ ಕೇಸರಿ ಬಣ್ಣದ ಅಣಬೆ ಕಾಣಸಿಗುತ್ತದೆ.,1,ಕೇಸರಿ ಬಣ್ಣ,Colour Orange
ಕೇಸರಿ,ಕೊನೆಗೆ ಕೆಳಭಾಗದಲ್ಲಿ SAVE TEMPLATE ಎಂದು ಬರೆದಿರುವ ಕೇಸರಿ ಬಣ್ಣದ ಬಟನ್ ಇರುತ್ತದೆ.,1,ಕೇಸರಿ ಬಣ್ಣ,Colour Orange
ಕೇಸರಿ,ಯೋಗಿ ಆದಿತ್ಯನಾಥ್ ಅವರು ಮುಖ್ಯಮಂತ್ರಿಯಾದ ಮೇಲೆ ಉತ್ತರ ಪ್ರದೇಶದ ಹಲವೆಡೆ ಕೇಸರಿ ಬಣ್ಣ ರಾರಾಜಿಸುತ್ತಿದೆ.,1,ಕೇಸರಿ ಬಣ್ಣ,Colour Orange
ಕೇಸರಿ,"ಕೇಸರಿ ಬಣ್ಣದ ಬಟ್ಟೆ ಹಾಗೂ ಸಾಧು, ಸಂತರು ಇಂತಹ ಬಟ್ಟೆ ಧರಿಸಲು ಹಲವಾರು ಕಾರಣಗಳು ಇವೆ.",1,ಕೇಸರಿ ಬಣ್ಣ,Colour Orange
ಕೇಸರಿ,"ಭಾರತವನ್ನು ತುಂಡರಿಸಲು, ಭಾರತೀಯತೆಯನ್ನು ನಿಕೃಷ್ಟವಾಗಿ ತೋರಿಸಲು ಎಡಚ್ಚರು ಹೆಣೆದಿದ್ದ ವ್ಯವಸ್ತಿತ ಜಾಲದ ಅರಿವು ಯಾವಾಗ ಅವರಿಗೆ ಆಯಿತೋ ಅವರು ಲಾಲ್ ಸಲಾಮ್ ಅನ್ನು ತ್ಯಜಿಸಿ ಸನಾತನದ ಕೇಸರಿ ಬಣ್ಣದಲ್ಲಿ ಮುಳುಗೆದ್ದರು.",1,ಕೇಸರಿ ಬಣ್ಣ,Colour Orange
ಕೇಸರಿ,"ಅದರಂತೆ ಬಾವುಟದ ಕೇಸರಿ ಬಣ್ಣ ತ್ಯಾಗ ಬಲಿದಾನದ ಸಂಕೇತವಾಗಿದ್ದು 86 ಮಹಾತ್ಮಾ ಗಾಂಧೀ - ನನ್ನ ತಾತ ; ಭಾಗ 2 ಬಿಳಿ ಸರಳತೆ ಮತ್ತು ಶಾಂತಿಯ ಸಂಕೇತ, ಹಸಿರು ಕೃಷಿ ಉತ್ಪನ್ನಗಳ ಮತ್ತು ಭಾರತದ ಫಲವತ್ತಾದ ಸಸ್ಯ ಶ್ಯಾಮಲಾ ಭೂಮಿಯ ಪ್ರತೀಕ.",1,ಕೇಸರಿ ಬಣ್ಣ,Colour Orange
ಕೇಸರಿ,ಕೇಸರಿ ಹಾಗೂ ಕಂದು ಬಣ್ಣ ಮಿಶ್ರಿತ ಈ ಮೀನಿನ ನಡಿಗೆಯನ್ನು ಫ್ರಾನ್ಸ್ ನ ಚಾಲಕನೊಬ್ಬ ಸೆರೆಹಿಡಿದಿದ್ದಾನೆ.,1,ಕೇಸರಿ ಬಣ್ಣ,Colour Orange
ಕೇಸರಿ,"ಹೂವುಗಳು ಮೊದಲಿಗೆ ಕೇಸರಿ ಅಥವಾ ಹಳದಿ ಮಿಶ್ರಿತ ಕೇಸರಿ ಬಣ್ಣದಲ್ಲಿರುತ್ತವೆ, ಅರಳುತ್ತಾ ಹೋದಂತೆ ಕೆಂಪು ಬಣ್ಣಕ್ಕೆ ತಿರುಗುತ್ತವೆ.",1,ಕೇಸರಿ ಬಣ್ಣ,Colour Orange
ಕೇಸರಿ,ಸಾರ್ವಜನಿಕ ಕ್ಷೇಮಕ್ಕಾಗಿ ಮತ್ತು ರಾಷ್ಟ್ರ ನಿರ್ಮಾಣಕ್ಕಾಗಿ ಕೇಸರಿ ಬಣ್ಣದ ಬಟ್ಟೆ ತೊಡುತ್ತಿದ್ದು ಯೋಗಿಯವರು ಅದೇ ಹಾದಿಯಲ್ಲಿ ಮುನ್ನಡೆಯುತ್ತಿದ್ದಾರೆ ಎಂದು ಟ್ವೀಟ್ ಮಾಡಿದೆ.,1,ಕೇಸರಿ ಬಣ್ಣ,Colour Orange
ಕೇಸರಿ,"ಹಣೆಗೆ ಆಂಜನೇಯನ ತಿಲಕ, ಕೇಸರಿ ಬಣ್ಣದ ಪೋಷಾಕು ತೊಟ್ಟು ಸುದೀಪ್​ ಮಿಂಚಿದ್ದಾರೆ.",1,ಕೇಸರಿ ಬಣ್ಣ,Colour Orange
ಕೇಸರಿ,ಕೇಸರಿ ಬಣ್ಣವೂ ವಿನ್ಯಾಸದ ಭಾಗವೇ ಎಂದು ಉತ್ತರಿಸುತ್ತಾರೆ.,1,ಕೇಸರಿ ಬಣ್ಣ,Colour Orange
ಕೇಸರಿ,"ಒಂದು ಬಣ್ಣ ಕೇಸರಿಯಾಗಿದ್ದು, ತಾನು ಕೇಸರಿ ಕ್ರಾಂತಿ ತರಬಯಸುತ್ತಿದ್ದೇನೆ.",1,ಕೇಸರಿ ಬಣ್ಣ,Colour Orange
ಕೇಸರಿ,ಬಿಸಿಸಿಐನಿಂದ ಕೇಸರಿ ಬಣ್ಣದ ಟೀಮ್‌ ಇಂಡಿಯಾ ಜರ್ಸಿ ಅನಾವರಣ!,1,ಕೇಸರಿ ಬಣ್ಣ,Colour Orange
ಕೇಸರಿ,ಉತ್ತರ ಪ್ರದೇಶದಲ್ಲಿ ಶಾಲೆಗಳಿಗೂ ಕೇಸರಿ ಬಣ್ಣ!,1,ಕೇಸರಿ ಬಣ್ಣ,Colour Orange
ಕೇಸರಿ,"ಮೊದ ಮೊದಲು ಎಲ್ಲಾ ಸರ್ಕಾರಿ ಕಟ್ಟೆಗಳಿಗೆ ಕೇಸರಿ ಬಣ್ಣವನ್ನ ಬಳಿಸಿದ್ರು, ಆ ನಂತರ ಮುಂದುವರೆದೂ ರಾಮ ಮಂದಿರಕ್ಕೆ ಕೈ ಹಾಕಿದ್ದು.",1,ಕೇಸರಿ ಬಣ್ಣ,Colour Orange
ಕೇಸರಿ,ಮುಂದಿನ ಶೈಕ್ಷಣಿಕ ವರ್ಷದಿಂದ ಎಂಟನೇ ತರಗತಿಯವರೆಗಿನ ಪಠ್ಯಪುಸ್ತಕಗಳ ಮುಖಪುಟವನ್ನು ಕೇಸರಿ ಬಣ್ಣದಲ್ಲಿ ಮುದ್ರಿಸಲು ಶಿಕ್ಷಣ ಇಲಾಖೆ ನಿರ್ಧರಿಸಿದೆ.,1,ಕೇಸರಿ ಬಣ್ಣ,Colour Orange
ಕೇಸರಿ,"ಅಂಬೇಡ್ಕರ್‌ ಪ್ರತಿಮೆಗೆ ಈ ಹಿಂದೆ ಕೇಸರಿ ಬಣ್ಣ ಬಳಿದಿದ್ದ ಕೇಸರಿಪ್ರಿಯರು, ಈಗ ಮಹಾತ್ಮ ಗಾಂಧೀಜಿ ಪ್ರತಿಮೆಯನ್ನೂ ಬಿಟ್ಟಿಲ್ಲ.",1,ಕೇಸರಿ ಬಣ್ಣ,Colour Orange
ಕೇಸರಿ,ವಿನಾಕಾರಣ ನನಗೆ ಕೇಸರಿ ಬಣ್ಣ ಬಳಿಯುವ ಪ್ರಯತ್ನಗಳು ನಡೆಯುತ್ತಿದೆ .,1,ಕೇಸರಿ ಬಣ್ಣ,Colour Orange
ಕೇಸರಿ,ತುಪ್ಪದಲ್ಲಿ ಹುರಿದ ದ್ರಾಕ್ಷಿ ಗೋಡಂಬಿ ಸೇರಿಸಿ ಏಲಕ್ಕಿ ಪುಡಿ ಕೇಸರಿ ಹಾಕಿ ಚೆನ್ನಾಗಿ ಮಿಕ್ಸ್‌ ಮಾಡಿ ಬಿಸಿಬಿಸಿಯಾಗಿ ಕುಡಿದರೆ ತುಂಬ ರುಚಿ.,2,ಮಸಾಲೆ ಪದಾರ್ಥ,Safforn
ಕೇಸರಿ,"ವೃಶ್ಚಿಕ ರಾಶಿಯವರು ಈ ಮಂತ್ರವನ್ನು ಉಚ್ಛರಿಸುವುದರಿಂದ ಉತ್ತಮ ಫಲವನ್ನು ಕಂಡುಕೊಳ್ಳಬಹುದಾಗಿದೆ: ಆಮ್ ಏಂಗ್ ಕ್ಲಿಂಗ್ ಶ್ರಿಂಗ್ ಶ್ರೀಗಂಧ, ಹವಳ, ಕೇಸರಿ ಮೊದಲಾದವನ್ನು ಈ ರಾಶಿಯವರು ದಾನ ಮಾಡಬಹುದು.",2,ಮಸಾಲೆ ಪದಾರ್ಥ,Safforn
ಕೇಸರಿ,"ಹುಟ್ಟುವ ಮಗು ಕೆಂಪಗೆ, ದುಂಡಗೆ ಇರಬೇಕು ಎಂದರೆ ಹಾಲಿಗೆ ಕೇಸರಿ ಹಾಕಿ ಗರ್ಭಿಣಿಯರಿಗೆ ನಮ್ಮ ಅಜ್ಜಿಯಂದಿರ ಕಾಲದಿಂದಲೂ ನೀಡುತ್ತಿದ್ದಾರೆ.",2,ಮಸಾಲೆ ಪದಾರ್ಥ,Safforn
ಕೇಸರಿ,2)ತುಳಸಿ ಎಲೆಗಳನ್ನು ಕೇಸರಿ ಜತೆ ಸೇರಿಸಿ ಪೇಸ್ಟ್ ಮಾಡಿಕೊಳ್ಳಿ.,2,ಮಸಾಲೆ ಪದಾರ್ಥ,Safforn
ಕೇಸರಿ,"ಈ ಆಲ್ಕೊಹಾಲ್‌ಯುಕ್ತ ಪಾನೀಯವನ್ನು ಡ್ರೈಫ್ರೂಟ್ಸ್‌, ಬೇರುಗಳು, ಕೇಸರಿ ಮತ್ತು ಇತರ ಮಸಾಲೆಗಳಂತಹ ವಿಲಕ್ಷಣ ಪದಾರ್ಥಗಳನ್ನು ಬಳಸಿ ತಯಾರಿಸಲಾಗುತ್ತದೆ.",2,ಮಸಾಲೆ ಪದಾರ್ಥ,Safforn
ಕೇಸರಿ,ನಿಯಮಿತವಾಗಿ ಕೇಸರಿ ನೀರನ್ನು ಸೇವಿಸುವುದರಿಂದ ಎಲ್ಲ ವಿಧಗಳ ಕಾಯಿಲೆಗಳಿಂದ ಮುಕ್ತಿ ಪಡೆಯಬಹುದು.,2,ಮಸಾಲೆ ಪದಾರ್ಥ,Safforn
ಕೇಸರಿ,ಆಲಿಕಲ್ಲು ಮಳೆಯಲ್ಲ ಇಲ್ಲಿ ಕೇಸರಿ ಹಾಗೂ ಚಂದನದ ಮಳೆಯಾಗುತ್ತಂತೆ !,2,ಮಸಾಲೆ ಪದಾರ್ಥ,Safforn
ಕೇಸರಿ,ಆ ಕಾಲದಿಂದ ಇಂದಿನವರೆಗೂ ಕೇಸರಿ ಹಾಲನ್ನು ಆಯುರ್ವೇದದಲ್ಲಿ ಅತ್ಯುತ್ತಮ ರೋಗ ನಿರೋಧಕ ಔಷಧ ಎಂದು ಪರಿಗಣಿಸಲಾಗುತ್ತದೆ.,2,ಮಸಾಲೆ ಪದಾರ್ಥ,Safforn
ಕೇಸರಿ,ನಂತರ ಒಂದು ಬಾಣಲೆಯನ್ನು ಸ್ಟವ್‌ ಮೇಲಿಟ್ಟು ಅದು ಸ್ವಲ್ಪ ಬಿಸಿಯಾಗುವಾಗ ಅದಕ್ಕೆ ಸಕ್ಕರೆ ಹಾಕಿ ಅದು ಮುಳುಗುವಷ್ಟು ನೀರು ಹಾಕಿ ಕಲಕುತ್ತ ಇರಬೇಕು ಇದು ಪಾಕ ಹದಕ್ಕೆ ಬಂದಾಗ ಅದಕ್ಕೆ ಕೇಸರಿ ಹಾಕಿ ಸ್ವಲ್ಪ ಹೊತ್ತು ಬಿಟ್ಟು ಸ್ಟವ್ ಮೇಲಿಂದ ಕೆಳಗೆ ಇಳಿಸಬೇಕು.,2,ಮಸಾಲೆ ಪದಾರ್ಥ,Safforn
ಕೇಸರಿ,"ಕೊನೆಯ ಪದರವಾಗಿ ಅನ್ನ ಹಾಕಿ ನಂತರ ಕೇಸರಿ ಹಾಕಿ ಹಾಲು ಹಾಕಿ, ಅದರ ಮೇಲೆ ಉಳಿದ ಗ್ರೇವಿ ಹಾಕಿ ಪಾತ್ರೆಯ ಬಾಯಿ ಮುಚ್ಚಿ ಕಡಿಮೆ ಉರಿಯಲ್ಲಿ 10 ನಿಮಿಷ ಬೇಯಿಸಿದರೆ ಕಡಲೆ ಬಿರಿಯಾನಿ ರೆಡಿ.",2,ಮಸಾಲೆ ಪದಾರ್ಥ,Safforn
ಕೇಸರಿ,"ಈಗ ದಪ್ಪ ತಳದ ಬಾಣಲೆಯಲ್ಲಿ ಸಕ್ಕರೆ ಹಾಗು ನೀರು ಸೇರಿಸಿ ಕುದಿಸಿ, ಅದು ಒಂದೆಳೆ ಪಾಕಕ್ಕೆ ಬಂಡ ಕೂಡಲೇ ಅದಕ್ಕೆ ಗೋಡಂಬಿ ಮತ್ತು ಬಾದಾಮಿ ಪುಡಿ , ಹುರಿದ ರವಾ, ಕೇಸರಿ ಹಾಲು,ತುಪ್ಪ ಹಾಗು ಏಲಕ್ಕಿ ಲವಂಗದ ಪುಡಿ ಸೇರಿಸಿ ಮಗುಚುತ್ತಿರಿ.",2,ಮಸಾಲೆ ಪದಾರ್ಥ,Safforn
ಕೇಸರಿ,ರಕ್ತ ದೋಷವೇ : ಕೇಸರಿ ಹಾಲು ಸೇವಿಸಿ.,2,ಮಸಾಲೆ ಪದಾರ್ಥ,Safforn
ಕೇಸರಿ,"ಕಾಶ್ಮೀರದಲ್ಲಿ ಅನೇಕ ಶತಮಾನಗಳಿಂದಲೂ ಕೃಷಿ ಮಾಡುವ ಈ ಕೇಸರಿ ಸಿರಿಯಾ, ಅರ್ಮೀನಿಯಾ, ಪರ್ಶಿಯಾ ದೇಶಗಳಲ್ಲಿ ಇದು ಸ್ವಾಭಾವಿಕ ಬೆಳೆ.",2,ಮಸಾಲೆ ಪದಾರ್ಥ,Safforn
ಕೇಸರಿ,"ಕೇಸರಿ ಎಸಳು, ವೈಟ್ ಟ್ರಫಲ್, ಮಡಗಾಸ್ಕರ್‌ನ ವೆನಿಲ್ಲಾ ಮತ್ತು ಚಿನ್ನದ ಫ್ಲೇಕ್ ಗಳನ್ನು ಈ ಚಾಕಲೇಟು ಹೊಂದಿದೆಯಂತೆ.",2,ಮಸಾಲೆ ಪದಾರ್ಥ,Safforn
ಕೇಸರಿ,ಪಾಯಸ ಸಿದ್ಧವಾದ ಮೇಲೆ ಏಲಕ್ಕಿ ಪುಡಿ ಕೇಸರಿ ಹಾಕಿದರೆ ಹಲಸಿನ ಖೀರು ಸಿದ್ಧ.,2,ಮಸಾಲೆ ಪದಾರ್ಥ,Safforn
ಕೇಸರಿ,"* ಅಕ್ಕಿ ಚೆನ್ನಾಗಿ ಬೆಂದ ಬಳಿಕ ಏಲಕ್ಕಿ ಪುಡಿ, ಕಟ್ ಮಾಡಿಟ್ಟುಕೊಂಡ ಬಾದಾಮಿ ಹಾಗೂ ನೆನೆಸಿಕೊಂಡ ಕೇಸರಿ ಎಳೆಗಳನ್ನು ಸೇರಿಸಿ.",2,ಮಸಾಲೆ ಪದಾರ್ಥ,Safforn
ಕೇಸರಿ,ಪುರುಷರಲ್ಲಿ ಫಲವತ್ತತೆಯನ್ನು ಹೆಚ್ಚಿಸಲು ಕೇಸರಿ ನೆರವಾಗುತ್ತದೆ.,2,ಮಸಾಲೆ ಪದಾರ್ಥ,Safforn
ಕೇಸರಿ,"ಈಗ ಏಲಕ್ಕಿ ಪುಡಿ, ಹೆಚ್ಚಿಕೊಂಡ ಬಾದಾಮಿ ಮತ್ತು ನೆನೆಸಿಕೊಂಡ ಕೇಸರಿ ಎಳೆಗಳನ್ನು ಸೇರಿಸಿ.",2,ಮಸಾಲೆ ಪದಾರ್ಥ,Safforn
ಕೇಸರಿ,"ಚಂದನ, ಶ್ರೀಗಂಧ, ಹಳದಿ, ಹಾಲು, ಕೇಸರಿ ಹೀಗೆ ವಿವಿಧ ಅಭಿಷೇಕಗಳನ್ನು ಬಾಹುಬಲಿಗೆ ಅರ್ಪಿಸಲಾಗುತ್ತದೆ",2,ಮಸಾಲೆ ಪದಾರ್ಥ,Safforn
ಕೇಸರಿ,ಕೇಸರಿ ಸೇವನೆಯನ್ನು ನಿಮ್ಮ ಎರಡನೇ ತ್ರೈಮಾಸಿಕದಿಂದ ಆರಂಭಿಸಿ ಎಂಬುದಾಗಿ ವೈದ್ಯರು ಸಲಹೆ ನೀಡುತ್ತಾರೆ.,2,ಮಸಾಲೆ ಪದಾರ್ಥ,Safforn
ಕೇಸರಿ,"ಬಿಳಿ ವರ್ಣದ ಮಗು ನಿಮ್ಮ ಬಯಕೆಯಾಗಿದ್ದರೆ ತೆಂಗಿನಕಾಯಿ ತಿರುಳು, ಕೇಸರಿ ಹಾಲು, ಮೊಟ್ಟೆ, ಬಾದಾಮಿ, ತುಪ್ಪ, ಕಿತ್ತಳೆ ಹಣ್ಣನ್ನು ಸೇವಿಸಬೇಕು.",2,ಮಸಾಲೆ ಪದಾರ್ಥ,Safforn
ಕೇಸರಿ,"ಇದಕ್ಕೂ ಮೊದಲು ಬೆಳಿಗ್ಗೆ 6 ಗಂಟೆಗೆ ನಗರದ ಎಲ್ಲ ಬಸದಿಗಳಲ್ಲಿಯ ಜಿನಪ್ರತಿಮೆಗಳಿಗೆ ಜಲ, ಎಳನೀರು, ಕ್ಷೀರ, ಗಂಧ, ಚಂದನ, ಕೇಸರಿ ಅಭಿಷೇಕ ನಡೆಯಿತು.",2,ಮಸಾಲೆ ಪದಾರ್ಥ,Safforn
ಕೇಸರಿ,ಥಂಡಾಯಿ ಹಾಗೂ ಕೇಸರಿ ಬಾದಾಮಿ ಮಿಲ್ಕ್‌ಶೇಕ್,2,ಮಸಾಲೆ ಪದಾರ್ಥ,Safforn
ಕೇಸರಿ,ಕೇಸರಿ ನೋವು ನಿವಾರಕವಾಗಿ ಕೆಲಸ ಮಾಡುವದು.,2,ಮಸಾಲೆ ಪದಾರ್ಥ,Safforn
ಕೇಸರಿ,ಇಲ್ಲಿ ಕೇಸರಿ ಹಾಗೂ ಚಂದನದ ಮಳೆಯಾಗುತ್ತದೆ ಎನ್ನಲಾಗುತ್ತದೆ.,2,ಮಸಾಲೆ ಪದಾರ್ಥ,Safforn
ಕೇಸರಿ,ಅರ್ಚನೆಯನ್ನು ಮಾಡುವಾಗ ಕೇಸರಿ ಮಿಶ್ರಿತ ಹಾಲಿನಿಂದ ಶಂಖದಲ್ಲಿ ಅಭಿಷೇಕ ಮಾಡಿದರೆ ಒಳ್ಳೆಯದು.,2,ಮಸಾಲೆ ಪದಾರ್ಥ,Safforn
ಕೇಸರಿ,ಕೇಸರಿ ಬೆಳೆಯುವ ವಿಶ್ವದ 3 ರಾಜ್ಯಗಳ ಪೈಕಿ ಈ ಕಾಶ್ಮೀರ ಕೂಡ ಒಂದು.,2,ಮಸಾಲೆ ಪದಾರ್ಥ,Safforn
ಕೇಸರಿ,"ಮಿದುಳಿನಲ್ಲಿ ಸಿರೊಟೋನಿನ್ ಹಾರ್ಮೋನ್ ಮಟ್ಟವನ್ನು ಹೆಚ್ಚಿಸುವ ಮೂಲಕ ಬೆಳಗಿನ ಬೇನೆಯು, ಆತಂಕ, ಮನಸ್ಥಿತಿ ಮತ್ತು ಗರ್ಭಧಾರಣೆಯ ಸಮಯದಲ್ಲಿ ಖಿನ್ನತೆಯನ್ನು ನಿಯಂತ್ರಿಸಲು ಕೇಸರಿ ಸಹಾಯ ಮಾಡುತ್ತದೆ.",2,ಮಸಾಲೆ ಪದಾರ್ಥ,Safforn
ಕೇಸರಿ,ರಾಜರ ಕಾಲದಲ್ಲಿ ಕೇಸರಿ ಹಾಲನ್ನು ನಿತ್ಯವೂ ಸೇವಿಸುತ್ತಿದ್ದರು.,2,ಮಸಾಲೆ ಪದಾರ್ಥ,Safforn
ಕೇಸರಿ,10-15 ಕೇಸರಿ ದಳವನ್ನು ತೆಗೆದುಕೊಂಡು ಇದಕ್ಕೆ ಸ್ವಲ್ಪ ಹಾಲಿನ ಪುಡಿಯನ್ನು ಸೇರಿಸಿ.,2,ಮಸಾಲೆ ಪದಾರ್ಥ,Safforn
ಕೇಸರಿ,* ಕೇಸರಿ ಎಳೆಗಳು- 6(ನೆನೆಸಿಟ್ಟುಕೊಳ್ಳಿ),2,ಮಸಾಲೆ ಪದಾರ್ಥ,Safforn
ಕೇಸರಿ,"ಹಚ್ಚಿಕೊಂಡ ಬಾದಾಮಿ, ಗೋಡಂಬಿ ಹಾಗೂ ಕೇಸರಿ ಎಳೆಯಿಂದ ಅಲಂಕರಿಸಿ.",2,ಮಸಾಲೆ ಪದಾರ್ಥ,Safforn
ಕೇಸರಿ,") ಚಾಕ್ಲೇಟ್ ಮೇಲೆ ತಿನ್ನಲು ಯೋಗ್ಯವಾದ ಚಿನ್ನದ ಪದರವಿದ್ದು, ಒಳಗೆ ಕೇಸರಿ ದಳ, ವೈಟ್.",2,ಮಸಾಲೆ ಪದಾರ್ಥ,Safforn
ಕೇಸರಿ,"ಒಂದು ವೇಳೆ ನೀವು ಅವಿವಾಹಿತರಾಗಿದ್ದರೆ ಈ ತಿಂಗಳಿಡೀ, ಸಾಧ್ಯವಾದರೆ ಪ್ರತಿದಿನಕ್ಕೆ ಒಂದು ಬಾರಿ ಕೇಸರಿ ಮಿಶ್ರಣ ಮಾಡಿದ ಹಾಲನ್ನು ಶಿವನಿಗೆ ಅರ್ಪಿಸಿ.",2,ಮಸಾಲೆ ಪದಾರ್ಥ,Safforn
ಕೇಸರಿ,10-12 ತುಳಸಿ ದಳವನ್ನು ತೆಗೆದುಕೊಂಡು ಇದಕ್ಕೆ ಸರಿಸಮನಾಗಿ ಕೇಸರಿ ದಳವನ್ನು ಮಿಶ್ರ ಮಾಡಿಕೊಳ್ಳಿ.,2,ಮಸಾಲೆ ಪದಾರ್ಥ,Safforn
ಕೇಸರಿ,"ಹೆಚ್ಚಿನ ಪ್ರಮಾಣದಲ್ಲಿ ಕೇಸರಿ ಸೇವನೆಯು ತಲೆಸುತ್ತುವಿಕೆ,ಅತಿಸಾರ,ಲೋಳೆಯ ಪೊರೆಗಳು,ವಾಂತಿ,ಕಣ್ಣು ಮತ್ತು ಚರ್ಮ ಹಳದಿ ಬಣ್ಣಕ್ಕೆ ತಿರುಗುವಿಕೆ ಇತ್ಯಾದಿಗಳಿಗೆ ಕಾರಣವಾಗಬಹುದು.",2,ಮಸಾಲೆ ಪದಾರ್ಥ,Safforn
ಕೇಸರಿ,"ಆಹಾರಕ್ಕೆ ಬಣ್ಣ, ರುಚಿ ಮತ್ತು ಸುವಾಸನೆ ನೀಡುವ ಕೇಸರಿ ವಿಶ್ವದ ಅತ್ಯಂತ ದುಬಾರಿ ಮಸಾಲೆ ಪದಾರ್ಥವಾಗಿದೆ.",2,ಮಸಾಲೆ ಪದಾರ್ಥ,Safforn
ಕೇಸರಿ,"ಕೇಸರಿ ದಳಗಳನ್ನು ಎದೆಯ ಹಾಲಿನಲ್ಲಿ ಬೆರಸಿ, ಅದರ ಎರಡು ಹನಿಗಳನ್ನು ಕಣ್ಣಿಗೆ ಬಿಟ್ಟರೆ, ಕೆಲವೇ ಕ್ಷಣಗಲ್ಲಿ ಕಣ್ಣಿನ ನೋವು ವಾಸಿಯಾಗುತ್ತದೆ.",2,ಮಸಾಲೆ ಪದಾರ್ಥ,Safforn
ಕೈಲಾಸ,ಜಲಂಧರನಿಗೆ ಶಿವನ ಕೈಲಾಸ ಎಷ್ಟು ಚೆನ್ನಾಗಿದೆ ಎಂದು ಹೇಳ್ತಾನೆ.,1,ಶಿವನ ನೆಲೆ,Abode of Shiva
ಕೈಲಾಸ,"ಪುರಾಣ ಕಥೆಗಳ ಪ್ರಕಾರ, ಒಂದು ದಿನ ಯಾವುದೋ ಕೆಲಸ ನಿಮಿತ್ತ ಶಿವನು ಕೈಲಾಸ ಮಂದಿರದಿಂದ ಬೇರೆಡೆಗೆ ತೆರಳಿದ್ದನು,ಇತ್ತ ಮಗ ಷಣ್ಮುಖನೂ ಕೈಲಾಸದಲ್ಲಿರಲಿಲ್ಲ.",1,ಶಿವನ ನೆಲೆ,Abode of Shiva
ಕೈಲಾಸ,ಪರಮಾತ್ಮ ಎಂದರೆ ಆತ ಕೈಲಾಸ ವಾಸಿಯಲ್ಲ.,1,ಶಿವನ ನೆಲೆ,Abode of Shiva
ಕೈಲಾಸ,ವಿಶಾಲವಾದ ಸರೋವರದ ತೀರದಲ್ಲಿ ಭವ್ಯವಗಾಗಿ ನಿರ್ಮಾಣಗೊಂಡ ಈ ದೇವಸ್ಥಾನ ಕೈಲಾಸ ಪರ್ವತದ ಶಿವ ಸನ್ನಿಧಿಯ ಕಲ್ಪನೆಯನ್ನು ಒಡಮೂಡಿಸುತ್ತದೆ.,1,ಶಿವನ ನೆಲೆ,Abode of Shiva
ಕೈಲಾಸ,"ಕೈಲಾಸ ಹಾಗೂ ಮಾನಸಸರೋವರ ದೇವಸ್ಥಾನಗಳ ಬಳಿಕ, ತ್ರೈಲೋಕಿನಾಥ್ ದೇವಸ್ಥಾನವು ಅತ್ಯ೦ತ ಪವಿತ್ರವಾದ ದೇವಸ್ಥಾನವೆ೦ದು ಪರಿಗಣಿತವಾಗಿದೆ.",1,ಶಿವನ ನೆಲೆ,Abode of Shiva
ಕೈಲಾಸ,ಶಿವನ ವಾಸಸ್ಥಾನ ಕೈಲಾಸ ಎಂದು ಹಳೆಯ ಧಾರ್ಮಿಕ ಗ್ರಂಥಗಳಲ್ಲಿ ಹೇಳಲಾಗಿದೆ.,1,ಶಿವನ ನೆಲೆ,Abode of Shiva
ಕೈಲಾಸ,ಶೈವಕ್ಕೆ ಕೈಲಾಸ ವೈಷ್ಣವಕ್ಕೆ ವೈಕುಂಠ,1,ಶಿವನ ನೆಲೆ,Abode of Shiva
ಕೈಲಾಸ,ಗಜಾಸುರನು ಇವರ ಆಟಕ್ಕೆ ಮನಸೋತು ಏನು ಬೇಕೋ ಕೇಳಿ ಎನ್ನುತ್ತಲೇ ಶಿವನನ್ನು ಹೊರಕ್ಕೆ ತೆಗೆದು ನೀನು ಕೈಲಾಸ ಸೇರಿಕೋ ಎಂದರು.,1,ಶಿವನ ನೆಲೆ,Abode of Shiva
ಕೈಲಾಸ,ಪರಶಿವ ಮತ್ತು ಪಾರ್ವತಿಯರಿಬ್ಬರು ಕೈಲಾಸ ಪರ್ವತದಲ್ಲಿ ನೆಲೆಸಿದ್ದಾಗ ಮತ್ತೊಂದು ದಿನ ಶಿವ ಇಲ್ಲದೆ ಇರುವ ಸಂದರ್ಭದಲ್ಲಿ ಪಾರ್ವತಿ ಸ್ನಾನಕ್ಕೆ ಅಣಿಯಾಗುತ್ತಿದ್ದಳು.,1,ಶಿವನ ನೆಲೆ,Abode of Shiva
ಕೈಲಾಸ,"ಶಿವರಾತ್ರಿ, ಈ ದಿನದಂದು ಕೈಲಾಸ ವಾಸ ಪರಶಿವನನ್ನು ಕೋಟಿ ಕೋಟಿ ಜನರು ಭಜಿಸಿ ಪೂಜಿಸುತ್ತಾರೆ.",1,ಶಿವನ ನೆಲೆ,Abode of Shiva
ಕೈಲಾಸ,"ಅಷ್ಟೇ ಅಲ್ಲದೇ ಕೈಲಾಸ ವಾಸಿ ಶಿವನ ದೃಶ್ಯಾವಳಿಗಳನ್ನು ಬಿಂಬಿಸುವ ಅಪರೂಪದ ಕಲಾ ಕೃತಿಗಳನ್ನು ಸೂರತ್‌ನಲ್ಲಿ ಕೆತ್ತಿದ್ದು, ಇದು ಸುಮಾರು 85 ಅಡಿ ಎತ್ತರವಿದೆ.",1,ಶಿವನ ನೆಲೆ,Abode of Shiva
ಕೈಲಾಸ,ಕೈಲಾಸ ಪರ್ವತದಲ್ಲಿ ಶಿವ ಪಾರ್ವತಿಯನ್ನು ನೋಡಿ ರೂಪಿಸಿದ ವಿಶಿಷ್ಟ ವಾದ್ಯ ಇದು ಎನ್ನುತ್ತದೆ ಪುರಾಣ.,1,ಶಿವನ ನೆಲೆ,Abode of Shiva
ಕೈಲಾಸ,"ಈ ಸಂದರ್ಭದಲ್ಲಿ ರಾಹುಲ್ ಕೈಲಾಸ ಶಿವನ ಬಳಿ ರಕ್ಷಿಸುವಂತೆ ಬೇಡಿಕೊಂಡಿದ್ದು, ಕೈಲಾಸ ಶಿವನ ದೇವಾಲಯಕ್ಕೆ ಭೇಟಿ ನೀಡುವುದಾಗಿ ಮನದಲ್ಲಿ ಪ್ರಾರ್ಥನೆ ಮಾಡಿಕೊಂಡಿದ್ದಾಗಿ ರಾಹುಲ್ ತಿಳಿಸುದ್ದಾರೆ.",1,ಶಿವನ ನೆಲೆ,Abode of Shiva
ಕೈಲಾಸ,ಈ ಕ್ಷೇತ್ರದಲ್ಲಿ ಪರಮೇಶ್ವರ ಕೈಲಾಸ ಗಿರಿಗಳಲ್ಲಿ ನೆಲೆಸಿರುವ ದಕ್ಷಿಣ ಕಾಶಿಗಳು ಸಾಕಷ್ಟು ಇವೆ.,1,ಶಿವನ ನೆಲೆ,Abode of Shiva
ಕೈಲಾಸ,ಇಡೀ ಜಗತ್ತಿಗೆ ಸ್ವರ್ಗ ಹಾಗೂ ಸಾಕ್ಷಾತ್ ಪರಮೇಶ್ವರನೇ ನೆಲೆಯಾಗಿರುವ ಕೈಲಾಸ ಎಂದೆನಿಸಿಕೊಂಡಿರುವ ಅತ್ಯಂತ ಸುಂದರ ಪ್ರದೇಶ.,1,ಶಿವನ ನೆಲೆ,Abode of Shiva
ಕೈಲಾಸ,"ಕುಬೇರ ಶಿವನ ಅನುಮತಿಯಂತೆ ಕೈಲಾಸ ಪರ್ವತದಲ್ಲಿ ಅಲಕಾನಗರಿ ನಿರ್ಮಿಸಿಕೊಂಡು, ಯಕ್ಷರಿಗೆ ಅಧಿಪತಿಯಾದನು.",1,ಶಿವನ ನೆಲೆ,Abode of Shiva
ಕೈಲಾಸ,ಶಿವರಾತ್ರಿಯಂದು ಕೈಲಾಸ ವಾಸ ಪರಶಿವನನ್ನು ಕೋಟಿ ಕೋಟಿ ಜನರು ಭಜಿಸಿ ಪೂಜೆ ಮಾಡುತ್ತಾರೆ.,1,ಶಿವನ ನೆಲೆ,Abode of Shiva
ಕೈಲಾಸ,ಹಸಿಕಾಳಿನ ಉಪ್ನಸರಿಗೆ ಬೆಣ್ಣೆ ಅಥವಾ ತುಪ್ಪ ಸೇರಿತೆಂದರೆ ಉಣ್ಣವವನು ಕೈಲಾಸ ಸೇರಿದಂತೆ ಸುಖ ಪಡುತ್ತಾನೆ.,1,ಶಿವನ ನೆಲೆ,Abode of Shiva
ಕೈಲಾಸ,ಸೃಷ್ಟಿಕರ್ತನಾದ ಬ್ರಹ್ಮದೇವರು ಕೈಲಾಸ ಪರ್ವತದ ಮೇಲೆ ಮಾನಸ ಸರೋವರ…,1,ಶಿವನ ನೆಲೆ,Abode of Shiva
ಕೈಲಾಸ,"ಆ ಪುಣ್ಯ ಕಾಲದಲ್ಲಿ ಎಲ್ಲಾ ಶಿವ ಪೂಜಾ ಸ್ಥಳಗಳಲ್ಲಿ ಸಂಕ್ರಮಣಗೊಳ್ಳುವ ಕೈಲಾಸ ಪತಿಯನ್ನು ಯಾರು ಭಕ್ತಿ ಶ್ರದ್ಧೆಯಿಂದ ಆರಾಧಿಸುವರೋ ಅವರ ಸಕಲ ಪಾಪಗಳನ್ನು ಪರಿಹರಿಸುವ ಮಹಾ ಶಿವನು, ಅವರ ಜೀವನದಲ್ಲಿ ಸುಖ , ಶಾಂತಿ ಹಾಗೂ ಸಮೃದ್ಧತೆಯನ್ನು ಅನುಗ್ರಹಿಸಿ ಕಾಪಾಡುವನು.",1,ಶಿವನ ನೆಲೆ,Abode of Shiva
ಕೈಲಾಸ,ಚೋಳದೆಶದ ಮಹಾಧನನೆಂಬ ವೈಶ್ಯಂ ಶಿವಭಕ್ತರ್ಗೆಲ್ಲಂ ಬೇಕಾದ ಪದಾರ್ಥ ವನೀವೆನೆಂದು ಪ್ರತಿಜ್ಞೆಯಿಂದಿರಲ್ ಆತನ ಪೆಂಡತಿಯಂ ಶಿವಂ ಬೇಡಿದೊಡೆ ಆಕೆಯ ನೊಪ್ಪಿಸಲ್ ಅವಳವನೊಯ್ವಾಗ ಅವನ ಬಂದುಗಳೆಲ್ಲಂ ಬಂದು ತಡೆದೊಡಾಕೆಯ ಗಂಡಂ ಬಂಧುಗಳೆಲ್ಲರಂ ಛೇದಿಸಲು ವೃಷಭದ ಮೇಲಾ ದಂಪತಿಗಳನೇರಿಸಿ ಕೈಲಾಸ ಕ್ಕೊಯ್ದನೆಂಬುದುಂ,1,ಶಿವನ ನೆಲೆ,Abode of Shiva
ಕೈಲಾಸ,ಶಿವ ಅವನಿಗೆ ಮೆಚ್ಚಿ ಅವನಿಗೆ ಕೈಲಾಸ ಪದವಿಯನ್ನಿತ್ತನು.,1,ಶಿವನ ನೆಲೆ,Abode of Shiva
ಕೈಲಾಸ,ಹರನ ಹೆಟ್ಟುಗೆ ಹೊಂಬೆಟ್ಟೇಱಿ ಕೈಲಾಸ | ದುರುವರ್ಣನ ನೋಡುವಂತೆ,1,ಶಿವನ ನೆಲೆ,Abode of Shiva
ಕೈಲಾಸ,"ಶಿವಕುಮಾರ ಸ್ವಾಮೀಜಿಗಳಂತ ದೇವರು ಅದೆಷ್ಟೊ ಮಕ್ಕಳು ವಿದ್ಯೆಯಿಂದ ಹಿಂದೆ ಸರಿಯುತ್ತಿದ್ದರೇನೋ, ಶಿವನ ಕೈಲಾಸ ಬೇರೆಲ್ಲೂ ಇಲ್ಲ.",1,ಶಿವನ ನೆಲೆ,Abode of Shiva
ಕೈಲಾಸ,ಕಾಯಕವೇ ಕೈಲಾಸ ಎಂದು ಕಾಂಗ್ರೆಸ್ ಪಕ್ಷವು ಸಾಕಷ್ಟು ಕೆಲಸಗಳನ್ನು ಮಾಡಿದೆ.,2,"ಸುಖ, ಆನಂದ","Happiness, pleasure"
ಕೈಲಾಸ,ಕಾಯಕವೇ ಕೈಲಾಸ ಎಂಬ ತತ್ವಕ್ಕೆ ಮಾದರಿಯಂತೆ ಬದುಕಿ ತೋರಿಸಿದ್ದಾರೆ.,2,"ಸುಖ, ಆನಂದ","Happiness, pleasure"
ಕೈಲಾಸ,ಸಮಾಜದಲ್ಲಿ ಸಮಾನತೆಗಾಗಿ ತಮ್ಮ ಜೀವನವನ್ನು ಮುಡಿಪಾಗಿಟ್ಟು ಎಲ್ಲಿರಿಗೂ ಕಾಯಕವೇ ಕೈಲಾಸ ಎಂಬ ಮಹಾ ಆದರ್ಶವನ್ನಿತ್ತ ಶ್ರೀ ಕ್ರಾಂತಿ ಯೋಗಿ ಬಸವಣ್ಣರ ಚರಿತ್ರೆಯನ್ನು ತೆಲಂಗಾಣದ ಸರಕಾರ ಶಾಲಾ ಪಠ್ಯದಲ್ಲಿ ಸೇರಿಸಲು ಒಪ್ಪಿಗೆ ನೀಡಿದೆ.,2,"ಸುಖ, ಆನಂದ","Happiness, pleasure"
ಕೈಲಾಸ,ಕಾಯಕವೇ ಕೈಲಾಸ ಎಂಬ ಬಸವಣ್ಣನವರ ವಚನವನ್ನು ಉಲ್ಲೇಖಿಸಿದ ಮಾತ್ರಕ್ಕೆ ಉದ್ಯೋಗ ಸೃಷ್ಟಿಯಾಗುವುದಿಲ್ಲ ಎನ್ನುವುದು ಹಣಕಾಸ ಸಚಿವೆ ನಿರ್ಮಲಾ ಸೀತಾರಾಮನ್ ಅವರಿಗೆ ತಿಳಿದಿರಲಿ.,2,"ಸುಖ, ಆನಂದ","Happiness, pleasure"
ಕೈಲಾಸ,"111) ಪ್ರತಿನಿತ್ಯ ಯೋಗ, ಧ್ಯಾನದ ದಿನಚರಿ, ಸರಳ ಜೀವನ, ಸೇವೆ ಮೂಲಕ ಸಮಾಜಕ್ಕೆ ಕಾಯಕವೇ ಕೈಲಾಸ ಎಂಬ ಸಂದೇಶವನ್ನು ಸಿದ್ದಗಂಗಾ ಶ್ರೀಗಳು ಸಾರಿದ್ದರು.",2,"ಸುಖ, ಆನಂದ","Happiness, pleasure"
ಕೈಲಾಸ,ಆಫೀಸಿಗೆ ಹೋಗುವ ಜನಗಳೇ ಹೆಚ್ಚು ಅವರು ಕಾಯಕವೇ ಕೈಲಾಸ ಎಂದು ತಿಳಿದಿರುವವರು ಇದ್ದರೆ.,2,"ಸುಖ, ಆನಂದ","Happiness, pleasure"
ಕೈಲಾಸ,"ಹಣಕ್ಕಾಗಿ, ಹೆಸರಿಗಾಗಿ ಒಮ್ಮೆಯೂ ಹಂಬಲಿಸದೆ ಕೆಲಸವನ್ನೇ ಕೈಲಾಸ ಎಂದವ.",2,"ಸುಖ, ಆನಂದ","Happiness, pleasure"
ಕೈಲಾಸ,"ಕೈಲಾಸ ಎಂಬುವುದು ಮತ್ತಾವುದೂ ಅಲ್ಲ, ಅನ್ನ ದಾನ, ಸತ್ಯನಿಷ್ಠೆ, ತನ್ನಂತೆ ಪರರನ್ನೂ ಭಾವಿಸುವುದು - ಇದೇ ಕೈಲಾಸ ಎಂದು ಎಲ್ಲ ಕಾಲಕ್ಕೂ ಎಲ್ಲ ದೇಶಕ್ಕೂ ಸರಿಹೊಂದುವ ಸತ್ಯವಾದ ಮಾತನ್ನು ಆಡಿದ್ದಾನೆ.",2,"ಸುಖ, ಆನಂದ","Happiness, pleasure"
ಕೈಲಾಸ,ಕಾಯಕವೇ ಕೈಲಾಸ ಎಂಬುದು ನನ್ನ ನೀತಿ.,2,"ಸುಖ, ಆನಂದ","Happiness, pleasure"
ಕೈಲಾಸ,"ಅದೊಂದೇ ನನ್ನ ಸ್ಟ್ರೆಂಥ್‌ ಎನ್ನುವ ಶ್ರೀಧರ್‌, ಕಾಯಕವೇ ಕೈಲಾಸ ಎಂದು ನಂಬಿದವನು ನಾನು, ನನಗೆ ಸಂಗೀತ ಬಿಟ್ಟರೆ ಬೇರೇನೂ ಗೊರತ್ತಿಲ್ಲ.",2,"ಸುಖ, ಆನಂದ","Happiness, pleasure"
ಕೈಲಾಸ,ಬಸವಾದಿ ಪ್ರಮಥರು ಕಾಯಕವೇ ಕೈಲಾಸ ಎಂದು ಪ್ರತಿಪಾದಿ ಸಿದರು.,2,"ಸುಖ, ಆನಂದ","Happiness, pleasure"
ಕೈಲಾಸ,ಪೂಜ್ಯರು ಶ್ರೀಶ್ರೀಸಿದ್ಧಗಂಗಾಶ್ರೀ ಗಳವರು ತೂರಿದ ಸೇವಾ ಪಥದಲ್ಲಿಯೇ ನಡೆಯುತ್ತಾ ಸಮಾಜ ಮುಖಿ ಯೋಜನೆಗಳನ್ನು ಕೈಗೊಂಡು ಕಾಯಕವೇ ಕೈಲಾಸ ಎಂಬಂತೆ ತಮ್ಮ ತ್ಯಾಗ ಜೀವನವನ್ನು ನಡೆಸುತ್ತಿರುವುದು ನಿಜಕ್ಕೂ ಆಶ್ಚರ್ಯಕರ ಎಂದು ಬಣ್ಣಿಸಿದರು.,2,"ಸುಖ, ಆನಂದ","Happiness, pleasure"
ಕೈಲಾಸ,"ಕಾಯಕವೇ ಕೈಲಾಸ ಎಂದು ಸಾರಿ ಆರ್ಥಿಕ ತಜ್ಞರಾಗಿ, ಸಾಮಾಜಿಕ ಚಿಂತಕರಾಗಿ, ಅಧ್ಯಾತ್ಮ ಗುರುವಾಗಿ ಸಕಲರನ್ನೂ ಉದ್ಧರಿಸಿದ್ದಾರೆ.",2,"ಸುಖ, ಆನಂದ","Happiness, pleasure"
ಕೈಲಾಸ,ಕಾಯಕವೇ ಕೈಲಾಸ ಎಂಬುದೇ ಅವರ ನಿಲುವು.,2,"ಸುಖ, ಆನಂದ","Happiness, pleasure"
ಕೈಲಾಸ,ಗಳನ್ನು ಪ್ರತಿವರ್ಷ ನೀಡುತ್ತೇವೆ ಎನ್ನುತ್ತಿದ್ದಾರೆ ಕೈಲಾಗದ ಗಂಡ ಕೈಲಾಸ ಕಂಡ ಎಂಬ ಗಾಧೆಯಂತೆ ಪ್ರತಿ ಕುಟುಂಭಕ್ಕೆ 72 ಸಾವಿರ ರೂ.,2,"ಸುಖ, ಆನಂದ","Happiness, pleasure"
ಕೈಲಾಸ,"ಇಂದಿರೇಶನ್‌ ಅವರು, ಬಸವಣ್ಣನವರ ಕಾಯಕವೇ ಕೈಲಾಸ ಆದರ್ಶ ಕನ್ನಡಿಗರ ಪ್ರಗತಿಯ ಬೀಜಮಂತ್ರವಾಗಬೇಕು ಎಂದು ಹೇಳಿದರು.",2,"ಸುಖ, ಆನಂದ","Happiness, pleasure"
ಕೈಲಾಸ,ಮೈಸೂರು: ಕಾಯಕವೇ ಕೈಲಾಸ ಎಂಬ ನೀತಿಯನ್ನು ಚಾಚೂ ತಪ್ಪದೆ ಪಾಲಿಸುತ್ತಿರುವ ಮೈಸೂರಿನ ಅಶೋಕಪುರಂ ನಿವಾಸಿಯೊಬ್ಬರು ಕಳೆದ 31 ವರ್ಷಗಳಿಂದ ಮೈಸೂರಿನ ದೇವರಾಜ ಅರಸ್ ರಸ್ತೆ ಬದಿಯಲ್ಲಿ ನಿಲ್ಲುವ ಕಾರುಗಳನ್ನು ತೊಳೆಯುವ ಕಾಯಕ ವನ್ನು ರೂಢಿಸಿಕೊಂಡು ಸಂತೃಪ್ತ ಜೀವನ ನಡೆಸುವ ಮೂಲಕ ಗಮನ ಸೆಳೆದಿದ್ದಾರೆ.,2,"ಸುಖ, ಆನಂದ","Happiness, pleasure"
ಕೈಲಾಸ,"ಆರ್ಥಿಕ ಸ್ವಾವಲಂಬನೆ, ಮಿತವ್ಯಯ, ಸ್ವಾರ್ಥರಹಿತ ಜೀವನ, ಕಾಯಕವೇ ಕೈಲಾಸ ಇವೆಲ್ಲ ಗಾಂಧೀಜಿ ಜೀವನ ತತ್ವಗಳು.",2,"ಸುಖ, ಆನಂದ","Happiness, pleasure"
ಕೈಲಾಸ,ಕಾಯಕವೇ ಕೈಲಾಸ ಎಂಬ ವಚನ ಬದುಕಿನ ಸಾರ್ಥಕತೆಯ ಮೂಲ.,2,"ಸುಖ, ಆನಂದ","Happiness, pleasure"
ಕೈಲಾಸ,ಕಾಯಕವೇ ಕೈಲಾಸ ಎಂದು ಅರಿತು ಹಗಲಿರುಳೆನ್ನದೇ ಶ್ರಮ ವಹಿಸಿ ಕೆಲಸ ಮಾಡುತ್ತಾರೆ.,2,"ಸುಖ, ಆನಂದ","Happiness, pleasure"
ಕೈಲಾಸ,ಮಾಸ್ತರನ ಹೆಂಡತಿಯಾದರೂ ಆ ಗರ್ವ ಇಟ್ಟುಕೊಳ್ಳದೇ ಕಾಯಕವೇ ಕೈಲಾಸ ಎಂಬಂತೆ ಸ್ವತ: ದುಡಿದಳು.,2,"ಸುಖ, ಆನಂದ","Happiness, pleasure"
ಕೈಲಾಸ,ನುಡಿ: ಕಾಯಕವೇ ಕೈಲಾಸ,2,"ಸುಖ, ಆನಂದ","Happiness, pleasure"
ಕೈಲಾಸ,ಕಾಯಕವೇ ಕೈಲಾಸ ಎಂದಿದ್ದ ಬಸವಣ್ಣ.,2,"ಸುಖ, ಆನಂದ","Happiness, pleasure"
ಕೈಲಾಸ,"ತಮ್ಮ ಬದುಕಿನಲ್ಲಿ ಬಸವಣ್ಣನವರ ತತ್ವ, ಸಿದ್ಧಾಂತ, ಆಚಾರ–ವಿಚಾರಗಳನ್ನು ಅಳವಡಿಸಿಕೊಂಡು, ಕಾಯಕವೇ ಕೈಲಾಸ ಎಂಬ ತತ್ವದಡಿ ಹೆಚ್ಚು ಕೆಲಸ ಮಾಡುವ ಮೂಲಕ ಜಯಂತಿಯನ್ನು ಅರ್ಥ­ಪೂರ್ಣ­ಗೊಳಿಸಬೇಕು ಎಂದು ಹೇಳಿದರು.",2,"ಸುಖ, ಆನಂದ","Happiness, pleasure"
ಕೈಲಾಸ,ಕಾಯಕವೇ ಕೈಲಾಸ ಎಂಬ ಬಸವಣ್ಣನವರ ವಚನವನ್ನು ಉಲ್ಲೇಖಿಸಿದ ಮಾತ್ರಕ್ಕೆ ಉದ್ಯೋಗ ಸೃಷ್ಟಿಯಾಗುವುದಿಲ್ಲ ಎನ್ನುವುದು ಹಣಕಾಸ ಸಚಿವೆ @nsitharaman ಅವರಿಗೆ ತಿಳಿದಿರಲಿ.,2,"ಸುಖ, ಆನಂದ","Happiness, pleasure"
ಕೈಲಾಸ,ದೇವನಹಳ್ಳಿ: ಬಸವಣ್ಣ ಅವರ ಕಾಯಕವೇ ಕೈಲಾಸ ಎಂಬ ಸಂದೇಶವನ್ನು ಪ್ರತಿಯೊಬ್ಬರೂ ಪಾಲಿಸಬೇಕು ಎಂದು ಮಾಜಿ ಸಚಿವ ಹಾಗೂ ಶಾಸಕ ಬಸವರಾಜ ಬೊಮ್ಮಾಯಿ ತಿಳಿಸಿದರು.,2,"ಸುಖ, ಆನಂದ","Happiness, pleasure"
ಕೈಲಾಸ,ಕಾಯಕವೆ ಕೈಲಾಸ ಎಂಬುದು ಎಲ್ಲ ಧರ್ಮದವರಿಗೆ ಅನ್ವಯ ಆಗುತ್ತದೆ.,2,"ಸುಖ, ಆನಂದ","Happiness, pleasure"
ಕೈಲಾಸ,ಅವರ ಕಾಯಕವೇ ಕೈಲಾಸ ಎಂಬ ತತ್ವ ಎಲ್ಲ ನೌಕರರು ಪಾಲಿಸಬೇಕು ಎಂದು ಹೇಳಿದರು.,2,"ಸುಖ, ಆನಂದ","Happiness, pleasure"
ಕೈಲಾಸ,ಕಾಯಕವೇ ಕೈಲಾಸ ತತ್ವದಡಿ ರೈತರಿಗಿಂತ ಉತ್ತಮವಾದ ಕೃಷಿ ಬೆಳೆಯನ್ನು ಕಾರಾಗೃಹ ಆವರಣದಲ್ಲಿ ಕೈದಿಗಳು ಬೆಳೆದಿದ್ದಾರೆ.,2,"ಸುಖ, ಆನಂದ","Happiness, pleasure"
ಕೈಲಾಸ,"ಬಾಗಲಕೋಟ: ೧೨ನೇ ಶತಮಾನದ ಮಹಾನ್ ದಾರ್ಶನಿಕ, ಕಾಯಕವೇ ಕೈಲಾಸ ಎಂದು ಸಾರಿದ ಯೋಗಿ ಹಾಗೂ ಜಾತಿಭೇದಗಳನ್ನು ಅಳಿಸಲು ಯತ್ನಿಸಿದ ಸಮಾನತೆಯ ಸಾಧಕರಾದ ಬಸವಣ್ಣ ಅವರ ಆದರ್ಶ ಹಾಗೂ ತತ್ವಗಳನ್ನು ಪ್ರತಿಯೊಬ್ಬರು ತಮ್ಮ ಜೀವನದಲ್ಲಿ ಅಳವಡಿಸಿಕೊಳ್ಳಬೇಕು ಎಂದು ಮಾಜಿ ಸಚಿವ ವಿಧಾನ ಪರಿಷತ್ ಸದಸ್ಯ ಎಸ್.",2,"ಸುಖ, ಆನಂದ","Happiness, pleasure"
ಕೈಲಾಸ,"ಮಾರುತಿ ಶಿಡ್ಲಾಪುರ, ಕಾಯಕದಲ್ಲಿ ಕೈಲಾಸ ಕಾಣಬೇಕೆಂಬ ತತ್ವದಲ್ಲಿ ನಿಜವಾದ ಜೀವನ ಮೌಲ್ಯವಿದೆ.",2,"ಸುಖ, ಆನಂದ","Happiness, pleasure"
ಕೈಲಾಸ,ಬಸವಣ್ಣನವರ ಕಾಯಕವೆ ಕೈಲಾಸ ಸಿದ್ಧಾಂತವನ್ನು ರೂಢಿಸಿಕೊಳ್ಳುವ ಮೂಲಕ ಮೌಲ್ಯಯುತ ಬದುಕು ನಡೆಸುವುದನ್ನು ಕಲಿಯಬೇಕು ಎಂದರು.,2,"ಸುಖ, ಆನಂದ","Happiness, pleasure"
ಕೈಲಾಸ,ದೇಶದ ಅಭಿವೃದ್ದಿ ವಾಹಿನಿಯಲ್ಲಿ ತಮ್ಮ ಕಷ್ಟ -ನಷ್ಟ ಬದುಕಿನ ಮಧ್ಯೆ ಕೆಲಸದಲ್ಲಿ ತೊಡಗಿಸಿಕೊಂಡು ದೇಶದ ವಿವಿಧ ಕೃಷಿ ಉದ್ಯಮಿಗಳ ಆರ್ಥಿಕಾಭಿವೃದ್ದಿಯಲ್ಲಿ ಮೈ ಮುರಿದು ದುಡಿದು ಅಣ್ಣ ಬಸವಣ್ಣನವರ ಕಾಯಕವೇ ಕೈಲಾಸ ಎಂಬ ನಾಣ್ನುಡಿಯಂತೆ ದುಡಿದು ಉಣ್ಣುವವರೆ ಕಾರ್ಮಿಕರಾಗಿದ್ದಾರೆ.,2,"ಸುಖ, ಆನಂದ","Happiness, pleasure"
ಕೈಲಾಸ,ಸಮಾಜದಲ್ಲಿ ತಾಂಡವವಾಡುತ್ತಿದ್ದ ಅಸ್ಪೃಶ್ಯತೆ ಹೋಗಲಾಡಿಸಲು ನಿರಂತರ ಶ್ರಮಿಸಿದ ಮಾನವತಾವಾದಿ ಸಿದ್ದರಾಮೇಶ್ವರರು ಕಾಯಕವೇ ಕೈಲಾಸ ಎಂಬ ತತ್ವದಲ್ಲಿ ನಂಬಿಕೆ ಇಟ್ಟು ಸ್ವತಃ ತಾವೇ ಶ್ರಮವಹಿಸಿ ದುಡಿಯುತ್ತಿದ್ದರು.,2,"ಸುಖ, ಆನಂದ","Happiness, pleasure"
ಕೈಲಾಸ,"ನೇಕಾರಿಕೆ ವೃತ್ತಿ ಮಾಡುತ್ತಾ ವಚನಗಳನ್ನು ರಚಿಸಿ, ಭಕ್ತಿ ಮಾರ್ಗದಲ್ಲಿ ಶಿವನನ್ನು ಆರಾಧಿಸಿ ಕಾಯಕವೇ ಕೈಲಾಸ ಎಂದು ಮಾಡಿ ತೋರಿಸಿದವರು.",2,"ಸುಖ, ಆನಂದ","Happiness, pleasure"
ಕೈಲಾಸ,ಬಸವಣ್ಣಾದಿಗಳು ಹೇಳಿದ್ದು ಕಾಯಕವೇ ಕೈಲಾಸ ಅನ್ನೋ ಅದ್ಭುತ ಸಂದೇಶವನ್ನೆ.,2,"ಸುಖ, ಆನಂದ","Happiness, pleasure"
ಕೈಲಾಸ,ಆದರೆ ಬಸವಣ್ಣ ಕಾಯಕವೇ ಕೈಲಾಸ ಎಂದಿದ್ದಾರೆ.,2,"ಸುಖ, ಆನಂದ","Happiness, pleasure"
ಕೈಲಾಸ,ಇಂತಹ ಸಂದಿಗ್ಧ ಪರಿಸ್ಥಿತಿ ಎದುರಿಸುತ್ತಿರುವಾಗ ಸಿದ್ದರಾಮಯ್ಯನಂತಹ ನಾಯಕರು ಕೂಡ ಕೈಗೆ ಕೈಲಾಸ ತೋರಿಸಿದರೆ ಅದರ ಸ್ಥಿತಿ ದೇವರಿಗೆ ಪ್ರೀತಿ ಅನ್ನುವ ಮಟ್ಟಕ್ಕೆ ಬಂದು ನಿಲ್ಲುವುದರಲ್ಲಿ ಸಂಶಯವಿಲ್ಲ.,2,"ಸುಖ, ಆನಂದ","Happiness, pleasure"
ಕೈಲಾಸ,ಕಾರ್ಮಿಕರು ಪ್ರತಿದಿನ ಶ್ರದ್ಧೆಯಿಂದ ಕೆಲಸ ಮಾಡುವ ಮೂಲಕ ಬಸವಣ್ಣನವರ ಕಾಯಕವೇ ಕೈಲಾಸ ಎಂಬ ಮಾತಿಗೆ ಗೌರವ ತಂದಿದ್ದಾರೆ.,2,"ಸುಖ, ಆನಂದ","Happiness, pleasure"
ಕೈಲಾಸ,ಕಾಯಕವೇ ಕೈಲಾಸ ಎಂದು ಪ್ರಾಮಾಣಿಕವಾಗಿ ಬದುಕಿ ಇತರರಿಗೆ ಮಾದರಿಯಾಗಿದ್ದಾರೆ.,2,"ಸುಖ, ಆನಂದ","Happiness, pleasure"
ಕೈಲಾಸ,"ತಿರುಗಿ ತಿನ್ನುವ ಸೋಮಾರಿಗಳಿಗೆ ಆದರ್ಶರಾಗಿರುವ, ಕೂತು ಉಂಡರೆ ಕುಡಿಕೆ ಹೊನ್ನು ಸಾಲದು ಎಂದು ಅರಿತಿರುವ 74ರ ಹರೆಯದ, ಕಾಯಕವೇ ಕೈಲಾಸ ಎನ್ನುವ ವ್ಯಕ್ತಿಯೇ ಮಂಗಳೂರಿನ ಶೆಣೈ ಮಾಮ.",2,"ಸುಖ, ಆನಂದ","Happiness, pleasure"
ಕೈಲಾಸ,"ಬಾಗಲಕೋಟೆ, 22-ಬಸವಣ್ಣವರ ಕಾಯಕವೇ ಕೈಲಾಸ ತತ್ತ-್ವವನ್ನು ಜೀವನದಲ್ಲಿ ಅಳವಡಿಸಿಕೊಂಡಿರುವ ಈ ವಿಶ್ವಕರ್ಮ ಸಮಾಜ ತಮ್ಮ ವೃತ್ತಿ ಜೊತೆಗೆ ಮಕ್ಕಳ ಶಿಕ್ಷಣಕ್ಕೆ ಹೆಚ್ಚಿನ ಮಹತ್ವ ನೀಡಬೇಕು ಎಂದು ಅಖಿಲ ಭಾರತ ವಿಶ್ವಕರ್ಮ ಸಮಾಜದ ರಾಜ್ಯಾಧ್ಯಕ್ಷ ಪಿ.",2,"ಸುಖ, ಆನಂದ","Happiness, pleasure"
ಕೈಲಾಸ,ಕಾಯಕವೇ ಕೈಲಾಸ ಎಂಬುದು ನಿಮ್ಮ ಮೂಲ ಮಂತ್ರವಾಗಲಿ.,2,"ಸುಖ, ಆನಂದ","Happiness, pleasure"
ಕೈಲಾಸ,ಎಲ್ಲರೂ ಕಾಯಕವೇ ಕೈಲಾಸ ಎಂಬ ತತ್ವವನ್ನು ಅಳವಡಿಸಿಕೊಂಡು ದುಡಿಮೆ ಮಾಡಬೇಕು.,2,"ಸುಖ, ಆನಂದ","Happiness, pleasure"
ಕೈಲಾಸ,* ಕಾಯಕವೇ ಕೈಲಾಸ ಎಂದು ಜಗಜ್ಯೋತಿ ಬಸವೇಶ್ವರರ ವಚನ ಪ್ರಸ್ತಾಪಿಸಿದ ನಿರ್ಮಲಾ ಸೀತಾರಾಮನ್,2,"ಸುಖ, ಆನಂದ","Happiness, pleasure"
ಕೈಲಾಸ,ಕಾಯಕವೇ ನಿಜವಾದ ಕೈಲಾಸ ಎಂಬ ಸಿದ್ಧಾಂತಗಳು ಎಲ್ಲ ಕಾಲಕ್ಕೂ ಸಲ್ಲುವಂತಹದ್ದಾಗಿವೆ.,2,"ಸುಖ, ಆನಂದ","Happiness, pleasure"
ಕೈಲಾಸ,"ಕಾಯಕವೇ ಕೈಲಾಸ ವೆಂದು ಸಾರಿ, ಜನರನ್ನು ದುಡಿದು ಬದುಕುವ ಪಥದಲ್ಲಿ ಮುನ್ನೆಡೆಸಿದರು.",2,"ಸುಖ, ಆನಂದ","Happiness, pleasure"
ಕೈಲಾಸ,"ಕಾಯಕವೇ ಕೈಲಾಸ ಎಂಬ ಬಸವಣ್ಣನ ಮಾತನ್ನು ಉಲ್ಲೇಖಿಸಿದ ರಾಹುಲ್, ಮೋದಿ ಅವರು ಬಸವಣ್ಣನ ಬಗ್ಗೆ ಮಾತನಾಡುತ್ತಾರೆ.",2,"ಸುಖ, ಆನಂದ","Happiness, pleasure"
ಕೈಲಾಸ,ತಿನ್ನದಿದ್ದರೆ ನಾಲಿಗೆಗೆ ಮೋಸ ತಿಂದರೆ ದೇಹವೇ ಕೈಲಾಸ ಎಂದು ಮುದಿವಯಸ್ಸಿನ ಸಾಕಮ್ಮ ಮನಸ್ಸಿನಲ್ಲಿ ಅಂದುಕೊಳ್ಳುತ್ತಿದ್ದಾರೆ.,2,"ಸುಖ, ಆನಂದ","Happiness, pleasure"
ಕೈಲಾಸ,ಕೆಲ ದಿನಗಳ ನಂತರ ಕೈಲಾಸ ಪರ್ವತದಿಂದ .,3,ಹಿಮಾಲಯ ಪರ್ವತ ಶ್ರೇಣಿಯಲ್ಲಿರುವ ಒಂದು ಬೆಟ್ಟ,A hill in the Himalayan mountain range
ಕೈಲಾಸ,ಹಾಗಾಗಿ ಕೈಲಾಸ ಪರ್ವತವನ್ನು ನನ್ನ ಕೈಲಾದಷ್ಟು ಮಟ್ಟಿಗೆ ಪ್ರದರ್ಶಿಸುವ ಸಣ್ಣ ಪ್ರಯತ್ನ ಮಾಡಿದೆ.,3,ಹಿಮಾಲಯ ಪರ್ವತ ಶ್ರೇಣಿಯಲ್ಲಿರುವ ಒಂದು ಬೆಟ್ಟ,A hill in the Himalayan mountain range
ಕೈಲಾಸ,"ಬೆಂಗಳೂರು, ಮೇ 31 : 2011-12 ನೇ ಸಾಲಿನಲ್ಲಿ ಕರ್ನಾಟಕ ರಾಜ್ಯದಿಂದ ಪ್ರಥಮ ಬಾರಿಗೆ ಕೈಲಾಸ ಮಾನಸ ಸರೋವರ ಯಾತ್ರೆ ಕೈಗೊಂಡ ಯಾತ್ರಿಕರಿಗೆ ಸರ್ಕಾರ ಪ್ರೋತ್ಸಾಹ ಧನ ನೀಡಲು ಮುಂದಾಗಿದೆ.",3,ಹಿಮಾಲಯ ಪರ್ವತ ಶ್ರೇಣಿಯಲ್ಲಿರುವ ಒಂದು ಬೆಟ್ಟ,A hill in the Himalayan mountain range
ಕೈಲಾಸ,ನಾನು ಕಳೆದ ವರ್ಷ ಕೈಲಾಸ ಮಾನಸಸರೋವರಕ್ಕೆ ಭೇಟಿ ನೀಡಿದ್ದಾಗ.,3,ಹಿಮಾಲಯ ಪರ್ವತ ಶ್ರೇಣಿಯಲ್ಲಿರುವ ಒಂದು ಬೆಟ್ಟ,A hill in the Himalayan mountain range
ಕೈಲಾಸ,ಇತ್ತೀಚೆಗಷ್ಟೇ ರಾಹುಲ್ ಕೈಲಾಸ ಮಾನಸ ಸರೋವರ ಯಾತ್ರೆಗೆ ಹೋಗಿಬಂದಿರುವುದರಿಂದ ಅವರಿಗೆ ಶಿವಭಕ್ತನ ಪಟ್ಟ ಸಿಕ್ಕಿದೆ.,3,ಹಿಮಾಲಯ ಪರ್ವತ ಶ್ರೇಣಿಯಲ್ಲಿರುವ ಒಂದು ಬೆಟ್ಟ,A hill in the Himalayan mountain range
ಕೈಲಾಸ,ಕಳೆದ ವರ್ಷ ನಾನು ಕೈಲಾಸ ಮಾನಸ ಸರೋವರಕ್ಕೆ ಭೇಟಿ ನೀಡಿದ್ದಾಗ ನನ್ನ ಜೀವನದಲ್ಲಿ ನನ್ನ ಆದ್ಯತೆಗಳನ್ನು ಉತ್ತಮಗೊಳಿಸಲು ಸಹಾಯ ಮಾಡಿತ್ತು.,3,ಹಿಮಾಲಯ ಪರ್ವತ ಶ್ರೇಣಿಯಲ್ಲಿರುವ ಒಂದು ಬೆಟ್ಟ,A hill in the Himalayan mountain range
ಕೈಲಾಸ,"ಕೈಲಾಸ ಮಾನಸ ಸರೋವರ ಶಿವನ ಸ್ಥಳವಾಗಿದ್ದು, ಇದು ಪ್ರಸ್ತುತ ಚೀನಾ ಹಿಡಿತದಲ್ಲಿರುವ ಟಿಬೆಟ್ ನಲ್ಲಿದೆ.",3,ಹಿಮಾಲಯ ಪರ್ವತ ಶ್ರೇಣಿಯಲ್ಲಿರುವ ಒಂದು ಬೆಟ್ಟ,A hill in the Himalayan mountain range
ಕೈಲಾಸ,9- ರಾಜ್ಯದ ಕೈಲಾಸ ಮಾನಸ ಸರೋವರ ಯಾತ್ರಾರ್ಥಿಗಳು ನೇಪಾಳದ ಸಿಮಿಕೋಟ್‍ನಲ್ಲಿ ಸುರಕ್ಷಿತವಾಗಿದ್ದಾರೆ.,3,ಹಿಮಾಲಯ ಪರ್ವತ ಶ್ರೇಣಿಯಲ್ಲಿರುವ ಒಂದು ಬೆಟ್ಟ,A hill in the Himalayan mountain range
ಕೈಲಾಸ,"ನಂಜುಂಡಸ್ವಾಮಿ ಅವರ ಪುತ್ರಿಯಾಗಿರುವ ಇವರು, 2014 ರಲ್ಲಿ ಕೈಲಾಸ ಮಾನಸ ಸರೋವರ ಯಾತ್ರೆಯನ್ನು ತನ್ನ ತಾಯಿ ಜ್ಯೋತಿಯೊಂದಿಗೆ ಪೂರೈಸಿದ್ದಾರೆ.",3,ಹಿಮಾಲಯ ಪರ್ವತ ಶ್ರೇಣಿಯಲ್ಲಿರುವ ಒಂದು ಬೆಟ್ಟ,A hill in the Himalayan mountain range
ಕೈಲಾಸ,ಹೀಗಾಗಿ ಆಗಸ್ಟ್ 31ರಂದು ರಾಹುಲ್ ಕೈಲಾಸ ಮಾನಸ ಸರೋವರಕ್ಕೆ ಭೇಟಿ ನೀಡಿ ಹರಕೆ ತೀರಿಸಲಿದ್ದಾರೆ.,3,ಹಿಮಾಲಯ ಪರ್ವತ ಶ್ರೇಣಿಯಲ್ಲಿರುವ ಒಂದು ಬೆಟ್ಟ,A hill in the Himalayan mountain range
ಕೈಲಾಸ,"ಚೀನಾ ಮೂಲಕ (ನಾಥುಲ ಪಾಸ್) ಕೈಲಾಸ ಮಾನಸ ಸರೋವರಕ್ಕೆ ಸಾಗಲು ಯಾತ್ರಾರ್ಥಿಗಳಿಗೆ ಅನುಮತಿ, ವೀಸಾ ಸಮಸ್ಯೆ ಇತ್ಯರ್ಥ, ಹೈಸ್ಪೀಡ್ ರೈಲು, ಬುಲೇಟ್ ರೈಲು, ಕೈಗಾರಿಕಾ ಪಾರ್ಕ್ ಸ್ಥಾಪನೆ ಮುಂತಾದ ಕ್ಷೇತ್ರಗಳ ಯೋಜನೆಗಳಿಗೆ ಕುರಿತಂತೆ ಒಪ್ಪಂದ ಹಾಕಲಾಗಿದೆ.",3,ಹಿಮಾಲಯ ಪರ್ವತ ಶ್ರೇಣಿಯಲ್ಲಿರುವ ಒಂದು ಬೆಟ್ಟ,A hill in the Himalayan mountain range
ಕೈಲಾಸ,ಕೈಲಾಸ ಮಾನಸ ಸರೋವರ ಯಶಸ್ವಿ ಯಾತ್ರೆಯಿಂದ ಹಿಂದಿರುಗಿದ ಎಐಸಿಸಿ ಅಧ್ಯಕ್ಷ ರಾಹುಲ್ ಗಾಂಧಿ ರಾಜಧಾನಿ ದೆಹಲಿಯಲ್ಲಿ ಬೆಳಗ್ಗೆಯೇ ಬಂದ್ ನೇತೃತ್ವ ವಹಿಸಿ ರಸ್ತೆಗಿಳಿದು ಪ್ರತಿಭಟನೆ ನಡೆಸಿ ಕೇಂದ್ರ ಸರ್ಕಾರದ ವಿರುದ್ಧ ವಾಗ್ದಾಳಿ ನಡೆಸಿದರು.,3,ಹಿಮಾಲಯ ಪರ್ವತ ಶ್ರೇಣಿಯಲ್ಲಿರುವ ಒಂದು ಬೆಟ್ಟ,A hill in the Himalayan mountain range
ಕೈಲಾಸ,"ತಾವು ಕಂಡಿದ್ದನ್ನು ತಮ್ಮಲ್ಲೇ ಬಚ್ಚಿಟ್ಟುಕೊಳ್ಳದೆ ಉಳಿದವರೊಂದಿಗೂ ಹಂಚಿಕೊಳ್ಳಬೇಕು ಎಂಬ ಅವರ ಮುಕ್ತತೆ, ಮುಗ್ಧತೆಗೆ ಸಾಕ್ಷಿಯಾಗಿರುವುದು ವೆಂಕಟಪ್ಪ ಆರ್ಟ್ ಗ್ಯಾಲರಿಯಲ್ಲಿರುವ ಕೈಲಾಸ ಪರ್ವತದ ಚಿತ್ರಗಳು.",3,ಹಿಮಾಲಯ ಪರ್ವತ ಶ್ರೇಣಿಯಲ್ಲಿರುವ ಒಂದು ಬೆಟ್ಟ,A hill in the Himalayan mountain range
ಕೈಲಾಸ,ನಂತರ ಕೈಲಾಸ ಮಾನಸ ಸರೋವರಕ್ಕೆ ಭೇಟಿ ನೀಡುವುದಾಗಿ ತಿಳಿಸಿದ್ದರು.,3,ಹಿಮಾಲಯ ಪರ್ವತ ಶ್ರೇಣಿಯಲ್ಲಿರುವ ಒಂದು ಬೆಟ್ಟ,A hill in the Himalayan mountain range
ಕೈಲಾಸ,ಈ ಹೊಸ ಬೆಳವಣಿಗೆಯಿಂದಾಗಿ ವಾರ್ಷಿಕ ಕೈಲಾಸ ಮಾನಸ ಸರೋವರ ಯಾತ್ರೆಯ ಮೇಲೆ ಅನಿಶ್ಚಿತತೆಯ ಕರಿನೆರಳು ಕವಿದಿದೆ.,3,ಹಿಮಾಲಯ ಪರ್ವತ ಶ್ರೇಣಿಯಲ್ಲಿರುವ ಒಂದು ಬೆಟ್ಟ,A hill in the Himalayan mountain range
ಕೈಲಾಸ,ಟಿಬೆಟ್‌ನಲ್ಲಿರುವ ಕೈಲಾಸ ಮಾನಸ ಸರೋವರ ಹಿಂದೂಗಳು ಮಾತ್ರವಲ್ಲದೆ ಬೌದ್ಧ ಹಾಗೂ ಜೈನರಿಗೂ ಪವಿತ್ರ ಕ್ಷೇತ್ರ.,3,ಹಿಮಾಲಯ ಪರ್ವತ ಶ್ರೇಣಿಯಲ್ಲಿರುವ ಒಂದು ಬೆಟ್ಟ,A hill in the Himalayan mountain range
ಕೈಲಾಸ,ರಾಹುಲ್ ಟೆಂಪಲ್ ರನ್ ಕೈಲಾಸ ಮಾನಸಸರೋವರಕ್ಕೆ ರಾಹುಲ್ ಗಾಂಧಿಯವರು ಕೈಗೊಂಡಿದ್ದ ತೀರ್ಥಯಾತ್ರೆಯನ್ನು ಚುನಾವಣಾ ಲಾಭಕ್ಕಾಗಿ ದುರ್ಬಳಕೆ ಮಾಡಿಕೊಳ್ಳಲು ಕಾಂಗ್ರೆಸ್ ಪಕ್ಷ ಬಯಸುತ್ತಿಲ್ಲ.,3,ಹಿಮಾಲಯ ಪರ್ವತ ಶ್ರೇಣಿಯಲ್ಲಿರುವ ಒಂದು ಬೆಟ್ಟ,A hill in the Himalayan mountain range
ಕೈಲಾಸ,"ಇದಕ್ಕೂ ಮುನ್ನ ವಿಷಯ ಪ್ರಸ್ತಾಪಿಸಿದ ವಿಶ್ವೇಶ್ವರ ಹೆಗಡೆ ಕಾಗೇರಿ ಅವರು, ಅಮರನಾಥ ಯಾತ್ರೆ, ಕೈಲಾಸ ಮಾನಸ ಸರೋವರ ಯಾತ್ರಾರ್ಥಿಗಳು ಅತಿಯಾದ ಮಳೆಯಿಂದಾಗಿ ಸಂಕಷ್ಟಕ್ಕೆ ಸಿಲುಕಿದ್ದಾರೆ.",3,ಹಿಮಾಲಯ ಪರ್ವತ ಶ್ರೇಣಿಯಲ್ಲಿರುವ ಒಂದು ಬೆಟ್ಟ,A hill in the Himalayan mountain range
ಕೈಲಾಸ,"ಕಠ್ಮಂಡು (ಪಿಟಿಐ): ಕೈಲಾಸ ಮಾನಸ ಸರೋವರ ಯಾತ್ರೆಯಿಂದ ಭಾರತಕ್ಕೆ ಮರಳುತ್ತಿದ್ದ 200 ಯಾತ್ರಿಕರು ನೇಪಾಳದ ಹುಮ್ಲಾ ಜಿಲ್ಲೆಯಲ್ಲಿ ಸಿಲುಕಿಕೊಂಡಿದ್ದು, ಈ ಅವ್ಯವಸ್ಥೆಗೆ ಖಾಸಗಿ ಪ್ರವಾಸ ವ್ಯವಸ್ಥಾಪಕರೇ ಕಾರಣ ಎಂದು ದೂರಿದ್ದಾರೆ.",3,ಹಿಮಾಲಯ ಪರ್ವತ ಶ್ರೇಣಿಯಲ್ಲಿರುವ ಒಂದು ಬೆಟ್ಟ,A hill in the Himalayan mountain range
ಕೈಲಾಸ,ಇದಾದ ನಂತರ ಅವರು ಕೈಲಾಸ ಮಾನಸ ಸರೋವರ ಯಾತ್ರೆ ಕೈಗೊಳ್ಳುವ ಕುರಿತು ಮಾತನಾಡಿದ್ದರು.,3,ಹಿಮಾಲಯ ಪರ್ವತ ಶ್ರೇಣಿಯಲ್ಲಿರುವ ಒಂದು ಬೆಟ್ಟ,A hill in the Himalayan mountain range
ಕೈಲಾಸ,ಅದಕ್ಕೆ ತಕ್ಕಂತೆ ಆ ಸಮಯದಲ್ಲಿ ಕೈಲಾಸ ಪರ್ವತದಿಂದ ಮಾನಸ ಸರೋವರದಲ್ಲಿ ಒಂದು ಬೆಳಕು ಕೂಡ ಬರುವುದನ್ನು ಕಂಡಿದ್ದೇವೆ ಎಂದು ಅನೇಕ ಮಂದಿ ಭಕ್ತರು ಹೇಳುತ್ತಾರೆ.,3,ಹಿಮಾಲಯ ಪರ್ವತ ಶ್ರೇಣಿಯಲ್ಲಿರುವ ಒಂದು ಬೆಟ್ಟ,A hill in the Himalayan mountain range
ಕೈಲಾಸ,ತಮ್ಮ ಭಾಷಣದ ಕೊನೆಯಲ್ಲಿ ಮತ್ತೊಮ್ಮೆ ಈ ವಿಚಾರ ಎತ್ತಿದ ರಾಹುಲ್ ಕರ್ನಾಟಕ ಚುನಾವಣೆಯ ನಂತರ ಕೈಲಾಸ ಮಾನಸಸರೋವರ ಯಾತ್ರೆಗೆ ಹೋಗಲು ನಿಮ್ಮಿಂದ ನನಗೆ 10-15 ದಿನ ರಜೆ ಬೇಕಾಗಿದೆ ಎಂದು ಹೇಳಿ ಕಾರ್ಯಕರ್ತರ ಅನುಮತಿ ಕೋರಿದರು.,3,ಹಿಮಾಲಯ ಪರ್ವತ ಶ್ರೇಣಿಯಲ್ಲಿರುವ ಒಂದು ಬೆಟ್ಟ,A hill in the Himalayan mountain range
ಕೈಲಾಸ,ಪ್ರತಿ ವರ್ಷ ಜೂನ್‌–ಸೆಪ್ಟೆಂಬರ್‌ ಅವಧಿಯಲ್ಲಿ ಕೈಲಾಸ ಮಾನಸ ಸರೋವರ ಯಾತ್ರೆ ನಡೆಸಲಾಗುತ್ತದೆ.,3,ಹಿಮಾಲಯ ಪರ್ವತ ಶ್ರೇಣಿಯಲ್ಲಿರುವ ಒಂದು ಬೆಟ್ಟ,A hill in the Himalayan mountain range
ಕೈಲಾಸ,ಬೆಂಗಳೂರು: ಕೈಲಾಸ ಮಾನಸ ಸರೋವರ ಯಾತ್ರೆಗೆ ತೆರಳಿದ್ದ ಕರ್ನಾಟಕದ 290 ಯಾತ್ರಿಗಳು ಭಾರೀ ಮಳೆಯಿಂದ ರಸ್ತೆ ಸಂಪರ್ಕ ಕಡಿತಗೊಂಡ ಹಿನ್ನೆಲೆಯಲ್ಲಿ ನೇಪಾಳದ ಸಿಮಿಕೋಟ್‌ನಲ್ಲಿ ಸಿಲುಕಿಕೊಂಡಿದ್ದಾರೆ.,3,ಹಿಮಾಲಯ ಪರ್ವತ ಶ್ರೇಣಿಯಲ್ಲಿರುವ ಒಂದು ಬೆಟ್ಟ,A hill in the Himalayan mountain range
ಕೈಲಾಸ,ಕೈಲಾಸ ಮಾನಸ ಸರೋವರ ಹಾಗೂ ಅಮರನಾಥದ ಯಾತ್ರೆಯಂತೆಯೇ ಮಾರ್ಚ್ ತಿಂಗಳಿನಿಂದ ಪ್ರಾರಂಭವಾಗಿ ಮುಂಗಾರಿನ ಮೊದಲ ದಿನಗಳವರೆಗೆ ನಡೆಯುತ್ತದೆ ಒಂದು ಯಾತ್ರೆ.,3,ಹಿಮಾಲಯ ಪರ್ವತ ಶ್ರೇಣಿಯಲ್ಲಿರುವ ಒಂದು ಬೆಟ್ಟ,A hill in the Himalayan mountain range
ಕೈಲಾಸ,"ಆಗಸ್ಟ್ 31 ರಂದು ಕೈಲಾಸ ಮಾನಸ ಸರೋವರ ಯಾತ್ರೆ ಆರಂಭಿಸಿರುವ ರಾಹುಲ್ ಗಾಂಧಿ, ಕೈಲಾಸ ಪರ್ವತ ಮತ್ತು ಮಾನಸ ಸರೋವರ ಸುಂದರ ಚಿತ್ರಗಳನ್ನು ಟ್ವಿಟ್ಟರ್ ನಲ್ಲಿ ಪೋಸ್ಟ್ ಮಾಡಿದ್ದಾರೆ.",3,ಹಿಮಾಲಯ ಪರ್ವತ ಶ್ರೇಣಿಯಲ್ಲಿರುವ ಒಂದು ಬೆಟ್ಟ,A hill in the Himalayan mountain range
ಕೈಲಾಸ,ಸಿಕ್ಕಿಂನ ನಾಥು ಲಾ ಪಾಸ್‌ನಿಂದ ಟಿಬೆಟ್‌ ಮೂಲಕ ಕೈಲಾಸ ಮಾನಸ ಸರೋವರ ಯಾತ್ರೆಗೆ ಮುಂದಾಗಿದ್ದ 47 ಭಾರತೀಯರಿಗೆ ಕಳೆದ ವಾರ ಚೀನಾ ಸರ್ಕಾರ ಪ್ರವೇಶ ನಿರಾಕರಿಸಿತ್ತು.,3,ಹಿಮಾಲಯ ಪರ್ವತ ಶ್ರೇಣಿಯಲ್ಲಿರುವ ಒಂದು ಬೆಟ್ಟ,A hill in the Himalayan mountain range
ಕೈಲಾಸ,ಚೀನದ ನಾಥೂ ಲಾ ಪಾಸ್‌ ಮಾರ್ಗವಾಗಿ ಕೈಲಾಸ ಮಾನಸ ಸರೋವರ ಯಾತ್ರೆಯನ್ನು ಕೈಗೊಳ್ಳುವುದಕ್ಕೆ ಈ ಬಾರಿ ಚೀನ ಸರಕಾರ ಸಮ್ಮತಿಸಿತ್ತು.,3,ಹಿಮಾಲಯ ಪರ್ವತ ಶ್ರೇಣಿಯಲ್ಲಿರುವ ಒಂದು ಬೆಟ್ಟ,A hill in the Himalayan mountain range
ಕೈಲಾಸ,ಆದರೆ ಭೂಕುಸಿತ ಹಾಗೂ ಭಾರೀ ಮಳೆಯಂತಹ ಪ್ರಾಕೃತಿಕ ವಿಕೋಪಗಳ ಹಿನ್ನೆಲೆಯಲ್ಲಿ ಭಾರತೀಯ ಯಾತ್ರಿಕರಿಗೆ ಕೈಲಾಸ ಮಾನಸ ಸರೋವರ ಪ್ರವೇಶಕ್ಕೆ ಅನುಮತಿ ನಿರಾಕರಿಸಲಾಗಿದೆಯೇ ಎಂಬ ಬಗ್ಗೆ ಅವರು ಯಾವುದೇ ವಿವರಣೆ ನೀಡಿಲ್ಲ.,3,ಹಿಮಾಲಯ ಪರ್ವತ ಶ್ರೇಣಿಯಲ್ಲಿರುವ ಒಂದು ಬೆಟ್ಟ,A hill in the Himalayan mountain range
ಕೈಲಾಸ,"ಪ್ರಸಾದ ಯೋಜನೆಗೆ ₹ 800 ಕೋಟಿ, ಕೈಲಾಸ ಮಾನಸಸರೋವರ ಯಾತ್ರೆಗಾಗಿ ₹ 1 ಕೋಟಿ.",3,ಹಿಮಾಲಯ ಪರ್ವತ ಶ್ರೇಣಿಯಲ್ಲಿರುವ ಒಂದು ಬೆಟ್ಟ,A hill in the Himalayan mountain range
ಕೈಲಾಸ,"ಬೆಂಗಳೂರು: ಹಿಮಾಲಯ ಪರ್ವತ ಪ್ರದೇಶಗಳಲ್ಲಿ ಸುರಿಯುತ್ತಿರುವ ಧಾರಾಕಾರ ಮಳೆಯಿಂದಾಗಿ, ಕೈಲಾಸ ಮಾನಸ ಸರೋವರ ಯಾತ್ರೆ ವೇಳೆ ಸಿಲುಕಿದ್ದ 299 ಕನ್ನಡಿಗರು ಸುರಕ್ಷಿತವಾಗಿದ್ದಾರೆ.",3,ಹಿಮಾಲಯ ಪರ್ವತ ಶ್ರೇಣಿಯಲ್ಲಿರುವ ಒಂದು ಬೆಟ್ಟ,A hill in the Himalayan mountain range
ಕೈಲಾಸ,ಸಿಕ್ಕಿಂ ಗಡಿ ವಿವಾದದಿಂದಾಗಿ ಈ ವರ್ಷ ನಾಥು ಲಾ ಮಾರ್ಗವಾಗಿ ಕೈಲಾಸ ಮಾನಸ ಸರೋವರ ಯಾತ್ರೆಯನ್ನು ಸ್ಥಗಿತಗೊಳಿಸಲಾಗಿದೆ ಎಂದು ಅಧಿಕಾರಿಗಳು ತಿಳಿಸಿದ್ದಾರೆ.,3,ಹಿಮಾಲಯ ಪರ್ವತ ಶ್ರೇಣಿಯಲ್ಲಿರುವ ಒಂದು ಬೆಟ್ಟ,A hill in the Himalayan mountain range
ಕೈಲಾಸ,ನವದೆಹಲಿ: ಸಿಕ್ಕಿಂನ ನಾಥು ಲಾ ಮಾರ್ಗದ ಕೈಲಾಸ ಮಾನಸ ಸರೋವರ ಯಾತ್ರೆಯನ್ನು ಸ್ಥಗಿತಗೊಳಿಸಲಾಗಿದೆ.,3,ಹಿಮಾಲಯ ಪರ್ವತ ಶ್ರೇಣಿಯಲ್ಲಿರುವ ಒಂದು ಬೆಟ್ಟ,A hill in the Himalayan mountain range
ಕೈಲಾಸ,ಕೈಲಾಸ ಮಾನಸ ಯಾನ ಕೃತಿ ಕನ್ನಡ ಸಾರಸ್ವತ ಲೋಕಕ್ಕೆ ಉತ್ತಮ ಕೊಡುಗೆಯಾಗಿದೆ.,3,ಹಿಮಾಲಯ ಪರ್ವತ ಶ್ರೇಣಿಯಲ್ಲಿರುವ ಒಂದು ಬೆಟ್ಟ,A hill in the Himalayan mountain range
ಕೈಲಾಸ,ಕೈಲಾಸ – ಮಾನಸ ಸರೋವರ ಯಾತ್ರೆ ಕೈಗೊಳ್ಳುವವರಿಗೆ ರಾಜ್ಯ ಸರ್ಕಾರ ₹ 1 ಲಕ್ಷ ನೆರವು ನೀಡಲಿದೆ.,3,ಹಿಮಾಲಯ ಪರ್ವತ ಶ್ರೇಣಿಯಲ್ಲಿರುವ ಒಂದು ಬೆಟ್ಟ,A hill in the Himalayan mountain range
ಕೈಲಾಸ,"ನೇಪಾಳದ ಪರ್ವತ ಪ್ರದೇಶ ಸಿಮಿಕೋಟ್‌ನಲ್ಲಿ ಮಳೆಯಿಂದಾಗಿ ಉಂಟಾಗಿರುವ ಭೂಕುಸಿತದಿಂದ ಕೈಲಾಸ ಮಾನಸಸರೋವರ ಯಾತ್ರೆಗೆ ಅಡಚಣೆಯಾಗಿದ್ದು, 500ಕ್ಕೂ ಹೆಚ್ಚು ಯಾತ್ರಿಕರು ಮಾರ್ಗಮಧ್ಯೆ ಯಾತನೆ ಅನುಭವಿಸುತ್ತಿದ್ದಾರೆ.",3,ಹಿಮಾಲಯ ಪರ್ವತ ಶ್ರೇಣಿಯಲ್ಲಿರುವ ಒಂದು ಬೆಟ್ಟ,A hill in the Himalayan mountain range
ಕೈಲಾಸ,ಪ್ರಸಕ್ತ ಸಾಲಿನ ಐತಿಹಾಸಿಕ ಕೈಲಾಸ ಮಾನಸ ಸರೋವರ ಯಾತ್ರೆ ಕೈಗೊಂಡಿರುವ ಮೊದಲ ತಂಡದ ಪ್ರಯಾಣಕ್ಕೆ ವಿದೇಶಾಂಗ ಸಚಿವ ಡಾ.,3,ಹಿಮಾಲಯ ಪರ್ವತ ಶ್ರೇಣಿಯಲ್ಲಿರುವ ಒಂದು ಬೆಟ್ಟ,A hill in the Himalayan mountain range
ಕೈಲಾಸ,"ಕಠ್ಮಂಡು: ಕೈಲಾಸ ಮಾನಸ ಸರೋವರ ಯಾತ್ರೆಯಿಂದ ಹಿಂತಿರುಗುತ್ತಿದ್ದ ಸಂದರ್ಭದಲ್ಲಿ ಸಿಲುಕಿಕೊಂಡಿದ್ದ ಭಾರತದ ಎಲ್ಲ 1,430 ಯಾತ್ರಾರ್ಥಿಗಳನ್ನು ಸುರಕ್ಷಿತ ಸ್ಥಳಕ್ಕೆ ವಿಮಾನದ ಮೂಲಕ ಕರೆದೊಯ್ಯಲಾಗಿದೆ.",3,ಹಿಮಾಲಯ ಪರ್ವತ ಶ್ರೇಣಿಯಲ್ಲಿರುವ ಒಂದು ಬೆಟ್ಟ,A hill in the Himalayan mountain range
ಕೈಲಾಸ,31): ಕಾಂಗ್ರೆಸ್ ಅಧ್ಯಕ್ಷ ರಾಹುಲ್ ಗಾಂಧಿ ಕೈಲಾಸ ಮಾನಸ ಸರೋವರ ಯಾತ್ರೆ ಕೈಗೊಂಡಿದ್ದಾರೆ.,3,ಹಿಮಾಲಯ ಪರ್ವತ ಶ್ರೇಣಿಯಲ್ಲಿರುವ ಒಂದು ಬೆಟ್ಟ,A hill in the Himalayan mountain range
ಕೈಲಾಸ,ಭಾರತದಿಂದ ಸಿಕ್ಕಿಂನಲ್ಲಿ ತನ್ನ ಗಡಿ ಪ್ರದೇಶದ ಉಲ್ಲಂಘನೆಯಾಗಿದೆ ಎಂದು ಚೀನಾ ಕ್ಯಾತೆ ತೆಗೆದಿರುವುದು ಹಾಗೂ ಕೈಲಾಸ ಮಾನಸಸರೋವರ ಯಾತ್ರೆ ನಿಂತಿರುವುದು ಗೊತ್ತಿರುವ ಸಂಗತಿ.,3,ಹಿಮಾಲಯ ಪರ್ವತ ಶ್ರೇಣಿಯಲ್ಲಿರುವ ಒಂದು ಬೆಟ್ಟ,A hill in the Himalayan mountain range
ಕೈಲಾಸ,"ನವದೆಹಲಿ: ಕೈಲಾಸ ಮಾನಸ ಸರೋವರ ಯಾತ್ರೆಯಲ್ಲಿರುವ ಕಾಂಗ್ರೆಸ್ ಅಧ್ಯಕ್ಷ ರಾಹುಲ್ ಗಾಂಧಿ, ಗಂಭೀರ ಮತ್ತು ಶಾಂತವಾಗಿರುವ ಸರೋವರದ ಎರಡು ಚಿತ್ರಗಳ ಜೊತೆಗೆ, ಇಲ್ಲಿ ಯಾರೂ ದ್ವೇಷಿಗಳಿಲ್ಲ ಎಂಬ ಹೇಳಿಕೆಯನ್ನು ಟ್ವೀಟ್ ಮಾಡಿದ್ದಾರೆ.",3,ಹಿಮಾಲಯ ಪರ್ವತ ಶ್ರೇಣಿಯಲ್ಲಿರುವ ಒಂದು ಬೆಟ್ಟ,A hill in the Himalayan mountain range
ಕೈಲಾಸ,3;- ಧಾರಾಕಾರ ಮಳೆಯಿಂದಾಗಿ ಕೈಲಾಸ ಮಾನಸ ಸರೋವರ ಯಾತ್ರೆ ವೇಳೆ ಸಂಕಷ್ಟಕ್ಕೆ ಸಿಲುಕಿದ್ದ 200ಕ್ಕೂ ಹೆಚ್ಚು ಕನ್ನಡಿಗರು ಸುರಕ್ಷಿತವಾಗಿದ್ದಾರೆ.,3,ಹಿಮಾಲಯ ಪರ್ವತ ಶ್ರೇಣಿಯಲ್ಲಿರುವ ಒಂದು ಬೆಟ್ಟ,A hill in the Himalayan mountain range
ಕೈಲಾಸ,"ಕೈಲಾಸ ಮಾನಸ ಸರೋವರದ ಬದಿಯಲ್ಲಿಯೇ ಅಂದರೆ, ಉತ್ತರಭಾಗದ ಅನ್ನಪೂರ್ಣ ಪರ್ವತ ಶ್ರೇಣಿಯಲ್ಲಿರುವ ಮುಕ್ತಿನಾಥ (ಮುಕ್ತಿನಾರಾಯಣ) ಎಂದು ಕರೆಸಿಕೊಳ್ಳುವ ಪುಣ್ಯಕ್ಷೇತ್ರಕ್ಕೂ ಹೋಗಿ ಬರಬೇಕೆಂಬುವ ಹಂಬಲ ದಿನೇದಿನೇ ಹೆಚ್ಚಾಗುತ್ತಲೇ ಇತ್ತು.",3,ಹಿಮಾಲಯ ಪರ್ವತ ಶ್ರೇಣಿಯಲ್ಲಿರುವ ಒಂದು ಬೆಟ್ಟ,A hill in the Himalayan mountain range
ಕೈಲಾಸ,ಟಿಬೆಟ್ ಮೂಲಕ ಭಾರತೀಯರು ಹೋಗುವ ಕೈಲಾಸ ಮಾನಸ ಸರೋವರದ ದಾರಿಯನ್ನು ಬಂದ್ ಮಾಡಿತು.,3,ಹಿಮಾಲಯ ಪರ್ವತ ಶ್ರೇಣಿಯಲ್ಲಿರುವ ಒಂದು ಬೆಟ್ಟ,A hill in the Himalayan mountain range
ಕೈಲಾಸ,ಕಳೆದ ಆಗಸ್ಟ್ 31ರಂದು ಕೈಲಾಸ ಮಾನಸ ಸರೋವರ ಯಾತ್ರೆಗೆ ತೆರಳಿದ್ದ ಕಾಂಗ್ರೆಸ್ ಅಧ್ಯಕ್ಷ ರಾಹುಲ್ ಗಾಂಧಿ ಸೆಪ್ಟೆಂಬರ್ 12ರಂದು ವಾಪಸ್ ಆಗಮಿಸಬೇಕಿತ್ತು.,3,ಹಿಮಾಲಯ ಪರ್ವತ ಶ್ರೇಣಿಯಲ್ಲಿರುವ ಒಂದು ಬೆಟ್ಟ,A hill in the Himalayan mountain range
ಕೈಲಾಸ,4- ಟಿಬೆಟ್‍ನಲ್ಲಿರುವ ಕೈಲಾಸ ಮಾನಸ ಸರೋವರ ಪವಿತ್ರ ಯಾತ್ರೆಯಿಂದ ಹಿಂದಿರುಗುತ್ತಿದ್ದಾಗ ಭಾರೀ ಮಳೆಯಿಂದ ನೇಪಾಳದ ಪರ್ವತಮಯ ಪ್ರದೇಶದಲ್ಲಿ ಅತಂತ್ರ ಪರಿಸ್ಥಿತಿಯಲ್ಲಿ ಸಿಲುಕಿದ್ದ 100ಕ್ಕೂ ಹೆಚ್ಚು ಮಂದಿ [more],3,ಹಿಮಾಲಯ ಪರ್ವತ ಶ್ರೇಣಿಯಲ್ಲಿರುವ ಒಂದು ಬೆಟ್ಟ,A hill in the Himalayan mountain range
ಗಜ,"ನೀವೇನಾದರೂ ಅಲ್ಲಿದ್ದಲ್ಲಿ , ಗುಲಾಮ್ ಅಲಿಯ ಗೋರಿಯನ್ನು ಪರಿಶೀಲಿಸಬಹುದು, ಈ ಹಿರಿಮೆಯ ಗಜ ಸುಮಾರು 1565 ರಲ್ಲಿ ನಡೆದ ವಿಜಯನಗರ ರಾಜರ ವಿರುದ್ಧದ ಯುದ್ಧದಲ್ಲಿ ತನ್ನ ಕೊನೆಯುಸಿರೆಳೆಯಿತು.",1,ಆನೆ,Elephant
ಗಜ,ಚಿನ್ನದ ಅಂಬಾರಿ ಹಾಗೂ ಅದರಲ್ಲಿ ಚಾಮುಂಡೇಶ್ವರಿಯ ವಿಗ್ರಹ ಹೊತ್ತ ಗಜ ಪಡೆಯು ನಂದಿ ಧ್ವಜ ಪೂಜೆಯ ನಂತರ ಮೈಸೂರು ಅರಮನೆಯಿಂದ ಸಾಗುತ್ತದೆ.,1,ಆನೆ,Elephant
ಗಜ,"ಗಜ ಚರ್ಮಾಂಬರನಾದ ಶಿವನ ವೇಶ, ಭುಜಕೀರ್ತಿ ಮುಂತಾದ ದಿರಿಸುಗಳಿಂದ ಪರಂಪರೆಯ ಶಿವನ ವೇಶ, ಕೆಲವು ಕಡೆ ಸನ್ಯಾಸಿ ವೇಶವನ್ನೇ ಅಲ್ಪ ಸ್ವಲ್ಪ ಮಾರ್ಪಾಟು ಮಾಡಿ ಶಿವನ ವೇಶ ಧರಿಸುವುದು ಇದೆ.",1,ಆನೆ,Elephant
ಗಜ,ಗಾಂಭೀರ್ಯದಲ್ಲಿ ಗಜ,1,ಆನೆ,Elephant
ಗಜ,"ದೇವಸ್ಥಾನ ಕಟ್ಟುವ ಕಲೆ, ಗಜ ಲಕ್ಷಣ ಶಾಸ್ತ್ರ, ಶಕುನ ಶಾಸ್ತ್ರ ಹೀಗೆ ನಾನಾ ಬಗೆಯನ್ನು ಒಂದೇ ಕೃತಿಯಲ್ಲಿ ಹೇಳಲಾಗುತ್ತದೆ.",1,ಆನೆ,Elephant
ಗಜ,"ಜಿಲ್ಲಾಡಳಿತದಿಂದ ಗಜ ಪಡೆಗೆ ಸ್ವಾಗತ ಸಮಾರಂಭ ಏರ್ಪಡಿಸಲಾಗುತ್ತಿದ್ದು, ಜಿಲ್ಲಾ ಉಸ್ತುವಾರಿ ಸಚಿವ ಜಿ.",1,ಆನೆ,Elephant
ಗಜ,ಮೈಸೂರು: ಗಜ ಪಡೆಯ ಆಗಮಕ್ಕೆ ಕೆಲವೇ ಕ್ಷಣಗಳಲ್ಲಿ ಚಾಲನೆ,1,ಆನೆ,Elephant
ಗಜ,"ಹಾಸನ: ಜಿಲ್ಲೆಯ ಮಲೆನಾಡು ಭಾಗದಲ್ಲಿ ಉಪಟಳ ನೀಡುತ್ತಿದ್ದ ಗಜ ಗಲಾಟೆ, ಈಗ ನಗರಕ್ಕೂ ವ್ಯಾಪಿಸಿದೆ.",1,ಆನೆ,Elephant
ಗಜ,ಗಜ ನೋಡಿದರೆ ನಿಮಗೆ ಹಾಗನ್ನಿಸುತ್ತದೆ.,1,ಆನೆ,Elephant
ಗಜ,ಗಜ ಪಡೆಯ ಮೂರು ಆನೆಗಳನ್ನು ನಿನ್ನೆಯೇ ಚಾಮರಾಜನಗರಕ್ಕೆ ಹುಲಿ ಹಿಡಿಯುವ ಕಾರ್ಯಾಚರಣೆಗಾಗಿ ಕಳುಹಿಸಲಾಗಿದೆ.,1,ಆನೆ,Elephant
ಗಜ,"6: ನಾಗರಹೊಳೆ ಅರಣ್ಯ ಪ್ರದೇಶದಿಂದ ಮೈಸೂರು ಅರಮನೆಗೆ ಗಜ ಪಯಣ ಯಾವುದೇ ತೊಂದರೆಯಿಲ್ಲದೆ ನೆರವೇರಿದ್ದು, ಜಂಬೂ ಸವಾರಿಗೆ ಆನೆಗಳನ್ನು ಸಜ್ಜುಗೊಳಿಸಲಾಗುತ್ತಿದೆ.",1,ಆನೆ,Elephant
ಗಜ,"ಹೌದು ನಿನ್ನೆ ರಾತ್ರಿ ಮದ ಗಜ ಲಕ್ಷ್ಮೀಶನನ್ನು ಪಳಗಿಸುವ, ಹದ್ದುಬಸ್ತಿಗೆ ತರುವ ಪ್ರಯತ್ನದಲ್ಲಿದ್ದಾಗ ರೊಚ್ಚಿಗೆದ್ದು ಚಂದ್ರನ್ ಎಂಬ 45 ವರ್ಷದ ಮಾವುತನ ಮೇಲೆ ತಿರುಗಿಬಿದ್ದು, ಆತನನ್ನು ಸ್ಥಳದಲ್ಲೇ ಹೊಸಕಿಹಾಕಿದೆ.",1,ಆನೆ,Elephant
ಗಜ,ಗಜ ಚರ್ಮವನ್ನು ಧರಿಸಿರುವ ನಿನಗೆ ಒರೆಸಿಕೊಳ್ಳಲು ಒಂದು ಒಳ್ಳೆಯ ಬಟ್ಟೆಯಿಲ್ಲವೆಂದು ಕೋಪವೇ?,1,ಆನೆ,Elephant
ಗಜ,ಬಂದರಾಹವಕೆ ಖಳರಾಗ | ಕುದುರೆ | ಮಂದಿ ಗಜ ರಥ ಚತುರ್ಬಲ ನೆರಹಿ ಬೇಗ || ಪ ||,1,ಆನೆ,Elephant
ಗಜ,ಗಜ ಚರ್ಮಾಂಬರ ವ್ಯೋಮಕೇಶನಾ,1,ಆನೆ,Elephant
ಗಜ,ಈ ಗಜ ಕ್ರೀಡೆಯನ್ನು ನಾವೂ ನೋಡೋಣವೇ.,1,ಆನೆ,Elephant
ಗಜ,ಕುಂಜರಗಳಿಗೆ ಗಜ ಸಿಂಹ || ನಾಗೆಂದು,1,ಆನೆ,Elephant
ಗಜ,ಹುಣಸೂರು: ಮೈಸೂರು ದಸರಾದ ಪ್ರಮುಖ ಆಕರ್ಷಣೆ ಗಜ ಪಯಣಕ್ಕೆ ನಾಗರಹೊಳೆ ರಾಷ್ಟ್ರೀಯ ಉದ್ಯಾನದಂಚಿನ ನಾಗಾಪುರ ಪುನರ್ವಸತಿ ಕೇಂದ್ರದ ಆಶ್ರಮ ಶಾಲೆ ಬಳಿ ಸರ್ವಸಿದ್ಧತೆ ನಡೆದಿದೆ.,1,ಆನೆ,Elephant
ಗಜ,ಗಜದಳದ ಮುಖ್ಯಸ್ಥ - ಗಜ ಸಹನಿ,1,ಆನೆ,Elephant
ಗಜ,13ರಂದು ಗಜ ವಾಹನೋತ್ಸವ(ಪಂಕ್ತಿಸೇವೆ) ಹಾಗೂ ಜ.,1,ಆನೆ,Elephant
ಗಜ,ಗಜ ಪಡೆಗೆ ಪುಪ್ಪಾರ್ಚನೆ ಮಾಡಿ ಶುಭ ಹಾರೈಸಿದರು.,1,ಆನೆ,Elephant
ಗಜ,ನಾಗಾಪುರ ಗಿರಿಜನ ಆಶ್ರಮ ಶಾಲೆಯಿಂದ ಹೊರಟಿತು ಗಜ ಪಯಣ,1,ಆನೆ,Elephant
ಗಜ,ದಸರಾ-2018ರ ಜಂಬೂಸವಾರಿಯಲ್ಲಿ ಭಾಗವಹಿಸಲು ಮೊದಲ ಹಂತದಲ್ಲಿ 5 ಆನೆಗಳು ಹುಣಸೂರು ತಾಲೂಕಿನ ವೀರನಹೊಸಹಳ್ಳಿಯ ಹಾಡಿಯಿಂದ ಗಜ ಪಯಣದ ಮೂಲಕ ಮೈಸೂರಿಗೆ ಆಗಮಿಸಲಿದೆ.,1,ಆನೆ,Elephant
ಗಜ,"23ರಂದು ಆರಂಭವಾಗಬೇಕಿದ್ದ ಗಜ ಪಯಣವನ್ನು, ಉನ್ನತ ಮಟ್ಟದ ಸಮಿತಿ ಸಭೆ ನಡೆಯದ ಹಿನ್ನೆಲೆಯಲ್ಲಿ ಆ.",1,ಆನೆ,Elephant
ಗಜ,"ಅದರಂತೆ ಇಂದು ನಡೆದ ಗಜ ಪಯಣ ಕಾರ್ಯಕ್ರಮದಲ್ಲಿ ಬಿಜೆಪಿ, ಕಾಂಗ್ರೆಸ್ ಮತ್ತು ಜೆಡಿಎಸ್ ಮೂರು ಪಕ್ಷಗಳು ಸೇರಿ ಪಕ್ಷಾತೀತವಾಗಿ ನಾಡ ಹಬ್ಬವಾಗಿ ಅಚರಿಸುತ್ತಿರುವುದು ಈ ಬಾರಿಯ ವಿಶೇಷವಾಗಿದೆ ಎಂದರು.",1,ಆನೆ,Elephant
ಗಜ,ಇಂದು ಬೆಳಗ್ಗೆ ಗಜಪಡೆಗಳಿಗೆ ಹಾಗೂ ಮರಳು ಮೂಟೆಗೆ ವಿಶೇಷ ಪೂಜೆ ಸಲ್ಲಿಸಿ ನಂತರ ಗಜ ಪಡೆಯ ಕ್ಯಾಪ್ಟನ್ ಹಾಗೂ ಅಂಬಾರಿ ಹೊರುವ ಅರ್ಜುನನ ಬೆನ್ನಿಗೆ ಸುಮಾರು 350 ಕೆ.,1,ಆನೆ,Elephant
ಗಜ,ಈಶ್ವರ-ಪಾರ್ವತಿ ಮೆರವಣಿಗೆ ಹಾಗೂ ಗಜ ವಾಹನೋತ್ಸವ ನಡೆಯಿತು.,1,ಆನೆ,Elephant
ಗಜ,"ಮೊದಲ ಅಕ್ಷರಗಳು ಗಜ (ವೇಣು), ಹಯ (ಹುಣ್ಣಿಮೆ) ಹಾಗೂ ಶರಭಪ್ರಾಸಗಳ (ಪೂರ್ಣ) ಸಂಕರವಾಗಿದೆ.",1,ಆನೆ,Elephant
ಗಜ,ಮೈಸೂರು: ದಸರಾ ಮಹೋತ್ಸವ ಪ್ರಮುಖ ಆಕರ್ಷಣೆ ಯಾದ ಜಂಬೂಸವಾರಿಯ ಪೂರ್ವಭಾವಿಯಾಗಿ ಗಜ ಪಡೆಗೆ ಭಾರ ಹೊರುವ ತಾಲೀಮು ಆರಂಭಿಸಲಾಯಿತು.,1,ಆನೆ,Elephant
ಗಜ,ಬೌದ್ಧರ ನಾಡಿನಲ್ಲಿರುವ ಸಾಕಾನೆಗಳಿಗೆ ಹಣ ಕ್ರೋಢೀಕರಿಸುವ ಉದ್ದೇಶದೊಂದಿಗೆ ಧರ್ಮಾರ್ಥ ಗಜ ಕ್ರೀಡೆ ನಡೆಯಿತು.,1,ಆನೆ,Elephant
ಗಜ,ಮೈಸೂರಿನಲ್ಲಿ ಗಜ ಪಡೆಯೊಂದಿಗೆ ಆಸ್ಟ್ರೇಲಿಯಾ ತಂಡದ ಮಾಜಿ ಕ್ರಿಕೆಟಿಗ ಬ್ರೆಟ್‌ ಲೀ,1,ಆನೆ,Elephant
ಗಜ,"ಪಲ್ಲಕ್ಕಿ ಉತ್ಸವ, ಕುದುರೆ ಉತ್ಸವ, ನವಿಲು ಉತ್ಸವ, ಸಿಂಹ ಉತ್ಸವ, ಅಂಬಾರಿ ಉತ್ಸವ, ಮಾವಿನತೇರು ಉತ್ಸವ, ಗಜ ಸೇವೆಗಳು ನಡೆಯುತ್ತಿವೆ.",1,ಆನೆ,Elephant
ಗಜ,ಕಣ್ಣೂರಿನ ನಾರಾಯಣನ್ ಪೆಟ್ಟರಿ (66) ಮತ್ತು ಮುರುಗನ್(60) ಎಂಬ ಅತಿಥಿಗಳು ಗಜ ಆಕ್ರೋಶಕ್ಕೆ ಬಲಿಯಾಗಿದ್ದಾರೆ.,1,ಆನೆ,Elephant
ಗಜ,"ಇದೇ ವೇಳೆ ಕಾಡಿನಲ್ಲಿ ಆನೆಗಳ ಜೊತೆ ನಿಂತುಕೊಂಡು ಸ್ಯಾಂಡಲ್‌ವುಡ್‌ನ ಗಜ ಫೋಟೋ ತೆಗೆಸಿಕೊಂಡಿದ್ದು, ಪ್ರಾಣಿಪ್ರಿಯರು ಸೇರಿದಂತೆ ದರ್ಶನ್‌ ಅಭಿಮಾನಿಗಳೆಲ್ಲರೂ ಸಂತಸ ವ್ಯಕ್ತಪಡಿಸಿದ್ದಾರೆ.",1,ಆನೆ,Elephant
ಗಜ,"ದೇವೇಗೌಡ ಅವರು ಅರ್ಜುನ ನೇತೃತ್ವದ ಗಜ ಪಡೆಗೆ ಹಣ್ಣು, ಬೆಲ್ಲ, ಕಬ್ಬು ನೀಡಿ ಸ್ವಾಗತ ಕೋರಲಿದ್ದಾರೆ ಎಂಬ ಮಾಹಿತಿ ಲಭ್ಯವಾಗಿದೆ.",1,ಆನೆ,Elephant
ಗಜ,ಆಕರ್ಷಕವಾಗಿ ಕಾಣಿಸಿಕೊಂಡಿದ್ದ ಗಜ ರಾಣಿ,1,ಆನೆ,Elephant
ಗಜ,ಗಜ ಗಾಂಭೀರ್ಯದಿಂದ ರಸ್ತೆಯಲ್ಲಿ ಸಾಗುತ್ತಿದ್ದ ಅರ್ಜುನನಿಗೆ ಆರ್‍ಎಂಪಿ ವೃತ್ತದ ಬಳಿ ವಿದ್ಯುತ್ ತಂತಿ ತಡೆಯೊಡ್ಡಿತು.,1,ಆನೆ,Elephant
ಗಜ,"ಆದ್ದರಿಂದ, ಚಕ್ರವರ್ತಿಗಳ ಆಡಳಿತ ನಂತರ ಉರುಳಿಬಿದ್ದರೆ, ಮತ್ತು ಗಜ ಅಂತರ್ಯುದ್ಧ ಉಲ್ಬಣವಾಗುತ್ತಿರುವ ನಗರದ ಅನೌಪಚಾರಿಕವಾಗಿ Sicheslav ಕರೆಯಲಾಗುತ್ತದೆ.",1,ಆನೆ,Elephant
ಗಜ,: ನಾಡ ಹಬ್ಬ ದಸರಾ ಗಜ ಪಯಣವು ನಾಗಾಪುರ ಗಿರಿಜನ ಆಶ್ರಮ ಶಾಲೆ ಆವರಣದಿಂದ ಆ.,1,ಆನೆ,Elephant
ಗಜ,ಹಸಿರ ಕಾನನದಿ ಮೆರೆದಿದ್ದ ಗಜ ಸಮೂಹ !,1,ಆನೆ,Elephant
ಗಜ,"ವಿಭಿನ್ನ ಅಂಶಗಳನ್ನು ಪರಿಗಣಿಸಿ, ಪಕ್ಷಿದಾರರು ತಮ್ಮ ಗಜ ವಿನ್ಯಾಸವನ್ನು ಮೌಲ್ಯಮಾಪನ ಮಾಡಬಹುದು ಮತ್ತು ಸ್ಥಳೀಯ ಪಕ್ಷಿಗಳ ಆದರ್ಶ ಉದ್ಯೋಗವನ್ನು ಆಯ್ಕೆ ಮಾಡಬೇಕಾಗುತ್ತದೆ.",2,"ಒಂದು ಅಳತೆ, ಎರಡು ಮೊಳ, ಮೂರಡಿ ಉದ್ದ","ಒಂದು ಅಳತೆ, ಎರಡು ಮೊಳ, ಮೂರಡಿ ಉದ್ದ"
ಗಜ,ಕ್ರೀಡಾಂಗಣದ ಎರಡೂ ಅಂಚುಗಳಲ್ಲಿ ಬಗ್ಗಿಸಬಹುದಾದ ೮ ಗಜ ಅಗಲವಾದ ಗೋಲ್‌ಪೋಸ್ಟ್‌ಗಳನ್ನು ನಿರ್ಮಿಸಲಾಗಿರುತ್ತದೆ.,2,"ಒಂದು ಅಳತೆ, ಎರಡು ಮೊಳ, ಮೂರಡಿ ಉದ್ದ","ಒಂದು ಅಳತೆ, ಎರಡು ಮೊಳ, ಮೂರಡಿ ಉದ್ದ"
ಗಜ,ಪಾದ ಮತ್ತು ಗಜ - ಹಳೆಯ ಅಳತೆ ಕ್ರಮಗಳನ್ನು ಪರಸ್ಪರ ಸಂಬಂಧಿಸಿವೆ.,2,"ಒಂದು ಅಳತೆ, ಎರಡು ಮೊಳ, ಮೂರಡಿ ಉದ್ದ","ಒಂದು ಅಳತೆ, ಎರಡು ಮೊಳ, ಮೂರಡಿ ಉದ್ದ"
ಗಜ,ಹೀಗಾಗಿ ಕೆಪಿಸಿಸಿ ಗಜ ಗಾತ್ರದ ಹೊಂದಿತ್ತು.,2,"ಒಂದು ಅಳತೆ, ಎರಡು ಮೊಳ, ಮೂರಡಿ ಉದ್ದ","ಒಂದು ಅಳತೆ, ಎರಡು ಮೊಳ, ಮೂರಡಿ ಉದ್ದ"
ಗಜ,"ಸ್ವಿಂಗ್ ಮಕ್ಕಳಿಗೆ ಮನರಂಜನೆ ಮಾತ್ರ, ಆದರೆ ನಿಮ್ಮ ಗಜ ಅಥವಾ ತೋಟದ ಉತ್ತಮ ಅಲಂಕಾರ ತಿನ್ನುವೆ.",2,"ಒಂದು ಅಳತೆ, ಎರಡು ಮೊಳ, ಮೂರಡಿ ಉದ್ದ","ಒಂದು ಅಳತೆ, ಎರಡು ಮೊಳ, ಮೂರಡಿ ಉದ್ದ"
ಗಜ,"ನೀವು ಗ್ಯಾರೇಜ್ ಅಥವಾ ಅಂಗಳ ಮಾರಾಟವನ್ನು ಹೊಂದಿದ್ದರೆ, ಮಗುವನ್ನು ಇತರ ಗೊಂಬೆಗಳೊಂದಿಗೆ ಆಕರ್ಷಕವಾಗಿ ಪ್ರದರ್ಶಿಸಿರಿ ಆದರೆ ಗ್ಯಾರೆಜ್ ಅಥವಾ ಗಜ ಮಾರಾಟದಲ್ಲಿ ನೀವು ಮಾರಾಟವಾಗುವ ಯಾವುದೇ ಆಟಿಕೆಗೆ ನೀವು ತುಂಬಾ ಕಡಿಮೆ ಪಡೆಯುತ್ತೀರಿ ಎಂದು ತಿಳಿದಿರಲಿ.",2,"ಒಂದು ಅಳತೆ, ಎರಡು ಮೊಳ, ಮೂರಡಿ ಉದ್ದ","ಒಂದು ಅಳತೆ, ಎರಡು ಮೊಳ, ಮೂರಡಿ ಉದ್ದ"
ಗಜ,ಚೆಂಡನ್ನು ಡ್ರಿಬಲ್‌ ಮಾಡುತ್ತಾ ಎದುರಾಳಿ ತಂಡದ ಆವರಣ ಪ್ರವೇಶಿಸಿದ ಮಿಚಿ ಬತ್ಸುಯಾಯಿ ಅದನ್ನು 30 ಗಜ ದೂರದಿಂದ ಮಿಂಚಿನ ಗತಿಯಲ್ಲಿ ಒದ್ದು ಗುರಿ ಮುಟ್ಟಿಸಿದರು.,2,"ಒಂದು ಅಳತೆ, ಎರಡು ಮೊಳ, ಮೂರಡಿ ಉದ್ದ","ಒಂದು ಅಳತೆ, ಎರಡು ಮೊಳ, ಮೂರಡಿ ಉದ್ದ"
ಗಜ,"ಹ್ಯೂಸ್ ಕುರುಹುಗಳು ಇವೆ, ನೀವು ತುರ್ತು ಬ್ರೇಕ್ ಮಾಡಿದ ನೀವು ಸುರಕ್ಷಿತವಾಗಿ ತನ್ನ ಕುಶಲ ಪೂರ್ಣಗೊಳಿಸಲು ಅವಕಾಶ ಆದ್ದರಿಂದ ಮಾಡಿಲ್ಲ, (ಹಸ್ತಕ್ಷೇಪ ಸರಣಿ ಮತ್ತೆ, ಗಜ ಕಾರು ಅಥವಾ ಬಿಟ್ಟು ಮುಂಭಾಗದ ಆಫ್ ಪ್ರಯಾಣ ಘರ್ಷಣೆಯನ್ನು ತಪ್ಪಿಸುವ ಅನುಮತಿಸಲಾಗುವುದಿಲ್ಲ) ಎಂದು ಬಗ್ಗೆ ಮರೆಯಬೇಡಿ.",2,"ಒಂದು ಅಳತೆ, ಎರಡು ಮೊಳ, ಮೂರಡಿ ಉದ್ದ","ಒಂದು ಅಳತೆ, ಎರಡು ಮೊಳ, ಮೂರಡಿ ಉದ್ದ"
ಗಜ,ಸಿಂಗ್‌ ಮತ್ತು ಚಿಂತನ್‌ ಗಜ ಬೌಲಿಂಗ್‌ನಲ್ಲೂ ಚೆಂಡನ್ನು ಬೌಂಡರಿ ಗೆರೆ ದಾಟಿಸಿ ಮಿಂಚಿದರು.,2,"ಒಂದು ಅಳತೆ, ಎರಡು ಮೊಳ, ಮೂರಡಿ ಉದ್ದ","ಒಂದು ಅಳತೆ, ಎರಡು ಮೊಳ, ಮೂರಡಿ ಉದ್ದ"
ಗಜ,ಪಲ್ಲಿಗೆ ಪೋಪಾಸೆಯ ಗಜ,2,"ಒಂದು ಅಳತೆ, ಎರಡು ಮೊಳ, ಮೂರಡಿ ಉದ್ದ","ಒಂದು ಅಳತೆ, ಎರಡು ಮೊಳ, ಮೂರಡಿ ಉದ್ದ"
ಗಜ,ಗಜ ದೂರದಿಂದ ಮಾರಿಯೊ ಒದ್ದ ಚೆಂಡು ನಿಖರವಾಗಿ ಗುರಿ ಸೇರಿತು; ಅರ್ಜೆಂಟೀನಾ ಬಳಗದಲ್ಲಿ ಸಂಭ್ರಮ ಮನೆ ನಾಡಿತು.,2,"ಒಂದು ಅಳತೆ, ಎರಡು ಮೊಳ, ಮೂರಡಿ ಉದ್ದ","ಒಂದು ಅಳತೆ, ಎರಡು ಮೊಳ, ಮೂರಡಿ ಉದ್ದ"
ಗಜ,ಆಟದ ಮೈದಾನ ೩೦೦ ಗಜ ಉದ್ದ ಮತ್ತು ೨೦೦ ಗಜ ಅಗಲವಿರುತ್ತದೆ.,2,"ಒಂದು ಅಳತೆ, ಎರಡು ಮೊಳ, ಮೂರಡಿ ಉದ್ದ","ಒಂದು ಅಳತೆ, ಎರಡು ಮೊಳ, ಮೂರಡಿ ಉದ್ದ"
ಗಜ,ಅಲ್ಲದೇ ಹೊರಗೋಡೆಯ ಪ್ರತಿಯೊಂದು ಮೂಲೆಯಲ್ಲಿ ಗಜ (ಉಬ್ಬು) ಶಿಲ್ಪಗಳನ್ನು ಅಳವಡಿಸಲಾಗಿದೆ.,2,"ಒಂದು ಅಳತೆ, ಎರಡು ಮೊಳ, ಮೂರಡಿ ಉದ್ದ","ಒಂದು ಅಳತೆ, ಎರಡು ಮೊಳ, ಮೂರಡಿ ಉದ್ದ"
ಗಜ,ಎಡಗೈಯ ಗಜ ಕಟ್ಟಿಗೆ ಬಲಗೈಯ ದವೂತಿ,2,"ಒಂದು ಅಳತೆ, ಎರಡು ಮೊಳ, ಮೂರಡಿ ಉದ್ದ","ಒಂದು ಅಳತೆ, ಎರಡು ಮೊಳ, ಮೂರಡಿ ಉದ್ದ"
ಗಜ,7-9 ವರ್ಷಗಳ - ಒಂದು ವೈಯಕ್ತಿಕ ಗಜ ಮೇಕೆಯ ಬಳಕೆಯ ಸರಾಸರಿ ಕಾಲಾವಧಿ.,2,"ಒಂದು ಅಳತೆ, ಎರಡು ಮೊಳ, ಮೂರಡಿ ಉದ್ದ","ಒಂದು ಅಳತೆ, ಎರಡು ಮೊಳ, ಮೂರಡಿ ಉದ್ದ"
ಗಜ,ಮೊದಲ ಕುದುರೆ ಮುಂದಿನ ಅತಿಥಿ ಆಹಾರ: ಗಜ ಉದ್ದ ಲಂಡನ್ ಹೋಟೆಲ್ಗಳಲ್ಲಿ ಒಂದು 21 ನೇ ಶತಮಾನದ ಹೈಟೆಕ್ ಮತ್ತು ವೈಜ್ಞಾನಿಕ ಸಾಧನೆಗಳು ಬಂದಿದೆ ವಾಸ್ತವವಾಗಿ ನಿಯಮ.,2,"ಒಂದು ಅಳತೆ, ಎರಡು ಮೊಳ, ಮೂರಡಿ ಉದ್ದ","ಒಂದು ಅಳತೆ, ಎರಡು ಮೊಳ, ಮೂರಡಿ ಉದ್ದ"
ಗಜ,ನೆರೆಹೊರೆಯ ಚಾಲನೆ ಮಾಡಿ ಮತ್ತು ನಿಮ್ಮ ಗಜ ಮಾರಾಟ ಚಿಹ್ನೆಗಳನ್ನು ಎಲ್ಲಿ ಇರಿಸಬೇಕೆಂದು ನಿರ್ಧರಿಸಿ,2,"ಒಂದು ಅಳತೆ, ಎರಡು ಮೊಳ, ಮೂರಡಿ ಉದ್ದ","ಒಂದು ಅಳತೆ, ಎರಡು ಮೊಳ, ಮೂರಡಿ ಉದ್ದ"
ಗಜ,"ವಾಸ್ತವವಾಗಿ, 23 ಇಂಚು ಹ್ಯಾಂಡಲ್ ಉದ್ದ ಮತ್ತು 10 ಅಡಿ ಅನಿಲ ಮೆದುಗೊಳವೆ ನಿಮ್ಮ ಗಜ ಅಥವಾ ಉದ್ಯಾನದ ಪ್ರತಿ ಮೂಲೆಯಲ್ಲಿ ತಲುಪಲು ಒಂದು ಕ್ಷಿಪ್ರ ಮಾಡಿ ಆದ್ದರಿಂದ ನೀವು ನಿಖರವಾಗಿ ಗುರಿಯಿರಿಸಿ ನಿಖರವಾಗಿ ನೀವು ಅಗತ್ಯವಿರುವ ಅಲ್ಲಿ ಸೂಕ್ತ ವ್ಯಾಪ್ತಿ ಪಡೆಯಬಹುದು.",2,"ಒಂದು ಅಳತೆ, ಎರಡು ಮೊಳ, ಮೂರಡಿ ಉದ್ದ","ಒಂದು ಅಳತೆ, ಎರಡು ಮೊಳ, ಮೂರಡಿ ಉದ್ದ"
ಗಜ,ನಾವು ತನ್ನ ಕೈಗಳಿಂದ ಗಜ ಅಲಂಕರಿಸಲು ವಿಶೇಷವಾಗಿ.,2,"ಒಂದು ಅಳತೆ, ಎರಡು ಮೊಳ, ಮೂರಡಿ ಉದ್ದ","ಒಂದು ಅಳತೆ, ಎರಡು ಮೊಳ, ಮೂರಡಿ ಉದ್ದ"
ಗಜ,ಪಗ್ರಿ - ಐದರಿಂದ ಆರು ಗಜ ಅಥವಾ ಮೀಟರ್ನ ಡಬಲ್ ಅಗಲವಾದ ಪೇಟ.,2,"ಒಂದು ಅಳತೆ, ಎರಡು ಮೊಳ, ಮೂರಡಿ ಉದ್ದ","ಒಂದು ಅಳತೆ, ಎರಡು ಮೊಳ, ಮೂರಡಿ ಉದ್ದ"
ಗಜ,ಈ ಮೈದಾನ 60ಮೀ ಉದ್ದ ಹಾಗೆಯೇ 40ಮೀ ಅಗಲವಿದೆ ಜತೆಯಲ್ಲಿ ಬ್ಯಾಟ್ಸ್‌ಮನ್ ಹಿಂದೆ ಕೇವಲ 25 ಗಜ ದೂರ ಒಳಗೊಂಡಿದೆ.,2,"ಒಂದು ಅಳತೆ, ಎರಡು ಮೊಳ, ಮೂರಡಿ ಉದ್ದ","ಒಂದು ಅಳತೆ, ಎರಡು ಮೊಳ, ಮೂರಡಿ ಉದ್ದ"
ಗಜ,ಸಹ ಆಟಗಾರ ನೇಮರ್‌ ತಮ್ಮತ್ತ ಒದ್ದು ಕಳುಹಿಸಿದ ಚೆಂಡನ್ನು ತಡೆದ ಅವರು ಅದನ್ನು 18 ಗಜ ದೂರ ದಿಂದ ಒದ್ದು ಎದುರಾಳಿ ಗೋಲು ಪೆಟ್ಟಿಗೆಯೊಳಗೆ ಸೇರಿಸಿದರು.,2,"ಒಂದು ಅಳತೆ, ಎರಡು ಮೊಳ, ಮೂರಡಿ ಉದ್ದ","ಒಂದು ಅಳತೆ, ಎರಡು ಮೊಳ, ಮೂರಡಿ ಉದ್ದ"
ಗಜ,ಅಡಗಿ ಮಾಡಿ ಗಡಗಿ ಮೇಲ ಇಟ್ಟರು ಐದು ಗಜ,2,"ಒಂದು ಅಳತೆ, ಎರಡು ಮೊಳ, ಮೂರಡಿ ಉದ್ದ","ಒಂದು ಅಳತೆ, ಎರಡು ಮೊಳ, ಮೂರಡಿ ಉದ್ದ"
ಗಜ,"ಪಾಟ್ಕಾ - ಒಂದು ಗಜ ಅಥವಾ ಮೀಟರ್ಗೆ ಅರ್ಧದಷ್ಟು ಚದರ, ಜೊರಾ ( ಮೇಲಿನ ಗಂಟು ) ಮತ್ತು ತಲೆಯ ಮೇಲೆ ಕಟ್ಟಲಾಗುತ್ತದೆ.",2,"ಒಂದು ಅಳತೆ, ಎರಡು ಮೊಳ, ಮೂರಡಿ ಉದ್ದ","ಒಂದು ಅಳತೆ, ಎರಡು ಮೊಳ, ಮೂರಡಿ ಉದ್ದ"
ಗಜ,"ಚಳಿಗಾಲದಲ್ಲಿ, ಐಸ್ ಬಣ್ಣದ ಕಾಯಿಗಳ ಗಜ ಅಲಂಕರಿಸಲು ಅಥವಾ ಹಿಮದಲ್ಲಿ ಮಾದರಿಯನ್ನು ಮೊಟ್ಟ ಏನಾದರೂ ಮಾಡಬಹುದು.",2,"ಒಂದು ಅಳತೆ, ಎರಡು ಮೊಳ, ಮೂರಡಿ ಉದ್ದ","ಒಂದು ಅಳತೆ, ಎರಡು ಮೊಳ, ಮೂರಡಿ ಉದ್ದ"
ಗಜ,"ಕೆನಡಿಯನ್‌ ಫುಟ್‌ಬಾಲ್‌ನಲ್ಲಿ, ಹತ್ತು ಗಜ ಮುಂದೆ ಸಾಗಲು, ತಂಡಗಳಿಗೆ ಮೂರು ಡೌನ್‌ಗಳಿಗೆ ಅವಕಾಶವಿದೆ.",2,"ಒಂದು ಅಳತೆ, ಎರಡು ಮೊಳ, ಮೂರಡಿ ಉದ್ದ","ಒಂದು ಅಳತೆ, ಎರಡು ಮೊಳ, ಮೂರಡಿ ಉದ್ದ"
ಗಜ,ಈ ಔಟ್ ಹೌಸಿನ ಹಿಂದೆ ೧೦೦ ಗಜ ದೂರದಲ್ಲಿದ್ದ ಹಾಳುಬಾವಿಯನ್ನು ಅವರು ಹುಡುಕಿದರು.,2,"ಒಂದು ಅಳತೆ, ಎರಡು ಮೊಳ, ಮೂರಡಿ ಉದ್ದ","ಒಂದು ಅಳತೆ, ಎರಡು ಮೊಳ, ಮೂರಡಿ ಉದ್ದ"
ಗಜ,ಇದು ನೆನಸಿಕೊಂಡು ನೀರಿನ ಗಜ ಒಳಗೆ ಪೂರೈಸಲು ಎಂದು ಖಚಿತಪಡಿಸಿಕೊಳ್ಳಲು ಅಗತ್ಯ.,2,"ಒಂದು ಅಳತೆ, ಎರಡು ಮೊಳ, ಮೂರಡಿ ಉದ್ದ","ಒಂದು ಅಳತೆ, ಎರಡು ಮೊಳ, ಮೂರಡಿ ಉದ್ದ"
ಗಜ,ಒಂದು ಮಿತವ್ಯಯ ಅಂಗಡಿಯಲ್ಲಿ ಅಥವಾ ಗಜ ಮಾರಾಟದಲ್ಲಿ ಅಥವಾ $ 600 ಅಥವಾ ಅದಕ್ಕಿಂತ ಹೆಚ್ಚು ವರೆಗೆ ಬಳಸಿದ ಕ್ಲಬ್ಗಾಗಿ $ 2 ರಷ್ಟು ಕಡಿಮೆ ವೆಚ್ಚದ ಹೊಸ ಬ್ರಾಂಡ್ ಹೊಸ ಚಾಲಕಕ್ಕೆ ನೀವು ಖರ್ಚು ಮಾಡಬಹುದು.,2,"ಒಂದು ಅಳತೆ, ಎರಡು ಮೊಳ, ಮೂರಡಿ ಉದ್ದ","ಒಂದು ಅಳತೆ, ಎರಡು ಮೊಳ, ಮೂರಡಿ ಉದ್ದ"
ಗಜ,ಶಾಲೆಯ ನೂರು ಗಜ ಅಂತರದಲ್ಲಿ ತಂಬಾಕು ಉತ್ಪನ್ನ ಮಾರಾಟ ಮಾಡಲು ಯಾವುದೇ ಕಾರಣಕ್ಕೂ ಅವಕಾಶ ನೀಡಬಾರದು ಎಂದು ಡಿಸಿ ಸಿಂಧು ರೂಪೇಶ್ ಹೇಳಿದರು.,2,"ಒಂದು ಅಳತೆ, ಎರಡು ಮೊಳ, ಮೂರಡಿ ಉದ್ದ","ಒಂದು ಅಳತೆ, ಎರಡು ಮೊಳ, ಮೂರಡಿ ಉದ್ದ"
ಗಜ,ಕೈಲಾಸವಿರುವುದೆ ನಾಲ್ಕು ಗಜ ||ಪ||,2,"ಒಂದು ಅಳತೆ, ಎರಡು ಮೊಳ, ಮೂರಡಿ ಉದ್ದ","ಒಂದು ಅಳತೆ, ಎರಡು ಮೊಳ, ಮೂರಡಿ ಉದ್ದ"
ಗಜ,"ನೀವು ಕೊಳದ ಒಂದು ಗೋಡೆಯಿಂದ ತಳ್ಳಲು ಮತ್ತು ಇನ್ನೊಂದು ತುದಿಯಲ್ಲಿ ಈಜುವುದರಿಂದ, ಪೂಲ್ 25 ಮೀಟರ್ ಅಥವಾ ಗಜ ಉದ್ದವಿದೆ ಎಂದು ಊಹಿಸಿ.",2,"ಒಂದು ಅಳತೆ, ಎರಡು ಮೊಳ, ಮೂರಡಿ ಉದ್ದ","ಒಂದು ಅಳತೆ, ಎರಡು ಮೊಳ, ಮೂರಡಿ ಉದ್ದ"
ಗಜ,ನಾವು ಐದು ಗಜ ದೂರದಲ್ಲಿ ಕಾಯುತ್ತ ನಿಂತೆವು.,2,"ಒಂದು ಅಳತೆ, ಎರಡು ಮೊಳ, ಮೂರಡಿ ಉದ್ದ","ಒಂದು ಅಳತೆ, ಎರಡು ಮೊಳ, ಮೂರಡಿ ಉದ್ದ"
ಗಜ,ಗುಂಟೆ = 220 ಚದರ ಗಜ,2,"ಒಂದು ಅಳತೆ, ಎರಡು ಮೊಳ, ಮೂರಡಿ ಉದ್ದ","ಒಂದು ಅಳತೆ, ಎರಡು ಮೊಳ, ಮೂರಡಿ ಉದ್ದ"
ಗಜ,ಅಲ್ಲಿಂದ ಸುಮರು ಮುನ್ನೂರು ಗಜ ದೂರದಲ್ಲಿ ನಾವು ಹಿಂದೆ ವಾಸವಾಗಿದ್ದ ಹಳೆಯ ಮನೆ.,2,"ಒಂದು ಅಳತೆ, ಎರಡು ಮೊಳ, ಮೂರಡಿ ಉದ್ದ","ಒಂದು ಅಳತೆ, ಎರಡು ಮೊಳ, ಮೂರಡಿ ಉದ್ದ"
ಗಜ,ಡೊಮಲ್ಲಾ - 10 ಅಥವಾ ಹೆಚ್ಚಿನ ಗಜ ಅಥವಾ ಮೀಟರ್ಗಳ ಡಬಲ್ ಉದ್ದದ ಪೇಟ.,2,"ಒಂದು ಅಳತೆ, ಎರಡು ಮೊಳ, ಮೂರಡಿ ಉದ್ದ","ಒಂದು ಅಳತೆ, ಎರಡು ಮೊಳ, ಮೂರಡಿ ಉದ್ದ"
ಗಜ,ಖಾಸಗಿ ಮನೆಗಳು ಅಥವಾ ಕುಟೀರಗಳು ಮಾಲೀಕರು ನಿಮ್ಮ ಗಜ ಅಥವಾ ಬಯಸುವ ಸುಂದರವಾದ ತೋಟ ಮತ್ತು ಸ್ನೇಹಶೀಲ.,2,"ಒಂದು ಅಳತೆ, ಎರಡು ಮೊಳ, ಮೂರಡಿ ಉದ್ದ","ಒಂದು ಅಳತೆ, ಎರಡು ಮೊಳ, ಮೂರಡಿ ಉದ್ದ"
ಗಜ,"ಈ ಸಂದರ್ಭದಲ್ಲಿ, ಗಜ ಅಲಂಕರಿಸಲು ಹೇಗೆ ಪ್ರಶ್ನೆ, ಸುಲಭವಾಗಿ ಪರಿಹಾರ ಇದೆ.",2,"ಒಂದು ಅಳತೆ, ಎರಡು ಮೊಳ, ಮೂರಡಿ ಉದ್ದ","ಒಂದು ಅಳತೆ, ಎರಡು ಮೊಳ, ಮೂರಡಿ ಉದ್ದ"
ಗಜ,ಸೃಜನಾತ್ಮಕವಾಗಿ ತನ್ನ ಕೈಗಳಿಂದ ನಿಮ್ಮ ಗಜ ಅಲಂಕರಿಸಲು,2,"ಒಂದು ಅಳತೆ, ಎರಡು ಮೊಳ, ಮೂರಡಿ ಉದ್ದ","ಒಂದು ಅಳತೆ, ಎರಡು ಮೊಳ, ಮೂರಡಿ ಉದ್ದ"
ಗಜ,ಅವರು ಶೀಘ್ರದಲ್ಲೇ ಗಜ ಅಲಂಕರಿಸಲು ಕಾಣಿಸುತ್ತದೆ.,2,"ಒಂದು ಅಳತೆ, ಎರಡು ಮೊಳ, ಮೂರಡಿ ಉದ್ದ","ಒಂದು ಅಳತೆ, ಎರಡು ಮೊಳ, ಮೂರಡಿ ಉದ್ದ"
ಗುಂಡಿ,ಈಗ ಅವಳು ತನ್ನ ಬ್ಲೌಸಿನ ಒಂದೊಂದೇ ಗುಂಡಿ ಬಿಚ್ಚಿ ಪಕ್ಕಕ್ಕೆ ತೆಗೆದು ಇಟ್ಟಳು.,1,ಅಂಗಿ ಗುಂಡಿ,Shirt button
ಗುಂಡಿ,ಗುಂಡಿ ಬಿಚ್ಚಿದ ಫೋಟೋ,1,ಅಂಗಿ ಗುಂಡಿ,Shirt button
ಗುಂಡಿ,"ಸಾಕಷ್ಟು ಉದ್ದವಾದ ಛೇದನವನ್ನು ಬೇರ್ಪಡಿಸುವ ಅಗತ್ಯವಿದ್ದಲ್ಲಿ, ವೆಲ್ಕ್ರೋಗೆ ಆದ್ಯತೆ ನೀಡುವುದು ಉತ್ತಮ, ಮತ್ತು ಅದು ತೆಳುವಾದ ಬಟ್ಟೆಯೊಂದರ ವೇಳೆ, ನಂತರ ಸಣ್ಣ ಗುಂಡಿ ಅಥವಾ ಕೊಕ್ಕೆ ಮಾಡುತ್ತದೆ.",1,ಅಂಗಿ ಗುಂಡಿ,Shirt button
ಗುಂಡಿ,ಕಿಂಗ್ ಲಿಯರ್‌ನಲ್ಲಿ ಲಿಯರ್ ಮಗಳು ಕಾರ್ಡೀಲಿಯಾಗೆ ಪ್ರೇ ಅನ್‌ಬಟನ್‌ಮಿ (ದಯೆಯಿಟ್ಟು ಗುಂಡಿ ಬಿಚ್ಚು) ಎಂದು ಹೇಳುತ್ತಾನೆ.,1,ಅಂಗಿ ಗುಂಡಿ,Shirt button
ಗುಂಡಿ,ಹೀಗೆ ಹೇಳಿ ಕೋಟಿಗೆ ಗುಂಡಿ ಹೊಲಿಯಲು ಪ್ರಾರಂಭಿಸಿದರು.,1,ಅಂಗಿ ಗುಂಡಿ,Shirt button
ಗುಂಡಿ,ಎಷ್ಟೇ ನಿಗಾ ವಹಿಸಿದರೂ ಪ್ಯಾಂಟನ್ನು ಏರಿಸಿ ಸೊಂಟದ ಗುಂಡಿ ಹಾಕುವಾಗ ಆಗುವ ಬಿಗಿತ.,1,ಅಂಗಿ ಗುಂಡಿ,Shirt button
ಗುಂಡಿ,ಈ ಗುಂಡಿ ತಪ್ಪಿದ ಅಂಗಿ,1,ಅಂಗಿ ಗುಂಡಿ,Shirt button
ಗುಂಡಿ,"ಕತ್ತರಿಸುವವನು ಯಾರೋ, ಗುಂಡಿ ಹಾಕುವವನು ಯಾರೋ, ಇನ್ನು ಅದೆಷ್ಟು ಜನರ ಶ್ರಮ ಅಡಗಿದೆಯೋ, ಅಂತೂ ಇದ ನನ್ನ ಶರ್ಟ್ ಎಂದು ಬೀಗುವವರು ನಾವು.",1,ಅಂಗಿ ಗುಂಡಿ,Shirt button
ಗುಂಡಿ,ಗುಂಡಿ ಹಾಕದೆ ತೆರೆದಿದ್ದ ಬಿಳಿಯ ಕೋಟಿನ ಒಳಗೆ ಧರಿಸಿದ್ದ ಶರಟಿನ ಗುಂಡಿಗಳನ್ನು ಬಿಸಿಲಿಗೆ ಹೊಳೆಯುತ್ತಿದ್ದುವು.,1,ಅಂಗಿ ಗುಂಡಿ,Shirt button
ಗುಂಡಿ,ಇವತ್ತು ಟೈಲರ್ ಅಂಗಡಿಯವನು ಕೊಟ್ಟ ಗುಂಡಿ ಕಾಜದ ಕೆಲಸ ಮುಗಿಸಿ ಬಿಡಬೇಕು.,1,ಅಂಗಿ ಗುಂಡಿ,Shirt button
ಗುಂಡಿ,"ಮನೆಯಲ್ಲಿ ತಯಾರಿಸಿದ ಉಡುಗೊರೆ ಸಲಹೆಗಳೆಂದರೆ knitted mittens, ಕಸೂತಿ ಹಾಸಿಗೆ ಚಪ್ಪಲಿಗಳು ಮತ್ತು ಕೈಚೀಲಗಳು, ಕೊರೆಯಚ್ಚು ಲ್ಯಾಂಪ್ಶೇಡ್ಸ್, ಕೈಯಿಂದ ಚಿತ್ರಿಸಿದ ಗುಂಡಿ ಪೆಟ್ಟಿಗೆಗಳು ಮತ್ತು ಬಹುಶಃ ವಿಕ್ಟೋರಿಯನ್ ಗಿಫ್ಟ್ ಪಟ್ಟಿಯಲ್ಲಿ ದುಃಖಿಸುವ ಮಹಿಳೆಯ ಕೈಯಿಂದ ಹೊಲಿಯಲ್ಪಟ್ಟ ಕಪ್ಪು ಆಪ್ರೋನ್.",1,ಅಂಗಿ ಗುಂಡಿ,Shirt button
ಗುಂಡಿ,"ವಿದ್ಯುನ್ಮಾನ ಮತ ಯಂತ್ರದ (ಇವಿಎಂ) ಮೂಲಕ ಮತ ಚಲಾಯಿಸುವಾಗ, ಅಭ್ಯರ್ಥಿ ಹೆಸರಿನ ಮುಂದೆ ಗುಂಡಿ ಒತ್ತಿದಾಗ ಆಯ್ಕೆ ಮಾಡಿಕೊಂಡ ಅಭ್ಯರ್ಥಿ ಹಾಗೂ ಪಕ್ಷದ ಚಿಹ್ನೆ ಒಳಗೊಂಡ ಕಾಗದದ ತುಂಡೊಂದು ಇದೇ ಯಂತ್ರದಿಂದ ಕಾಣಿಸಿಕೊಳ್ಳುತ್ತದೆ.",2,ಒತ್ತುವ ಗುಬುಟು,Button - to press
ಗುಂಡಿ,"ಮಹಿಳಾ ಸಹಾಯವಾಣಿ, ಪೊಲೀಸ್‌ ಇಲಾಖೆಯಲ್ಲಿ ಮಹಿಳೆಯರಿಗೆ ಮೀಸಲಾತಿ, ತುರ್ತು ಸಂದರ್ಭಗಳಲ್ಲಿ ನೆರವು ಪಡೆಯಲು ಅನುಕೂಲವಾಗುವಂತೆ ಮೊಬೈಲ್‌ಗಳಲ್ಲಿ ಎಚ್ಚರಿಕೆಯ ಗುಂಡಿ ಒದಗಿಸುವುದು– ಮುಂತಾದ ಕ್ರಮಗಳನ್ನು ಜಾರಿಗೊಳಿಸುವ ಪ್ರಸ್ತಾವ ನೀತಿಯಲ್ಲಿದೆ ಎಂದು ತಿಳಿಸಿದರು.",2,ಒತ್ತುವ ಗುಬುಟು,Button - to press
ಗುಂಡಿ,"ನಾವು ಈಗಾಗಲೇ ಟೊರೆಂಟ್ ಒಂದು ಮ್ಯಾಗ್ನೆಟ್ ಗುಂಡಿ ಕೋಡ್ ಒಳಗೊಂಡಿರುವ, ಮತ್ತು ಕ್ಲೈಂಟ್ ಕಾನ್ಫಿಗರ್ ಮಾಡಬೇಕು ಉಲ್ಲೇಖಿಸಿರುವ.",2,ಒತ್ತುವ ಗುಬುಟು,Button - to press
ಗುಂಡಿ,"ಕನ್ನೇಗೌಡನಕೊಪ್ಪಲಿನಲ್ಲಿನ ಕಾಮಾಕ್ಷಿ ಆಸ್ಪತ್ರೆಯ ಬಳಿ ಒಂದನೇ ಕ್ರಾಸ್ ನಲ್ಲಿ ಬ್ರಾಹ್ಮಣ ಸೊಸೈಟಿ ವತಿಯಿಂದ ಸ್ಥಾಪಿಸಲಾದ ಶುದ್ಧ ನೀರಿನ ಘಟಕಕ್ಕೆ ಆದಿಚುಂಚನಗಿರಿ ಶಾಖಾಮಠದ ಸೋಮನಾಥ ಸ್ವಾಮೀಜಿ ರಿಬ್ಬನ್ ಕತ್ತರಿಸಿ, ಘಟಕದ ಗುಂಡಿ ಒತ್ತುವ ಮೂಲಕ ಚಾಲನೆ ನೀಡಿದರು.",2,ಒತ್ತುವ ಗುಬುಟು,Button - to press
ಗುಂಡಿ,ಅದನ್ನು ದೃಢಪಡಿಸಲು ಬೋರ್ಡ್‌ನ ಬಲಬದಿಯಲ್ಲಿರುವ ಡನ್ ಎಂಬ ಗುಂಡಿ ಒತ್ತಬೇಕು.,2,ಒತ್ತುವ ಗುಬುಟು,Button - to press
ಗುಂಡಿ,ಯಾವುದೇ ಪಕ್ಷದ ಗುಂಡಿ ಒತ್ತಿದರೂ ಬಿಜೆಪಿಗೆ ಮತ ಬೀಳುವ ವಿದ್ಯಮಾನ ನಡೆದಿದೆ ಎಂಬ ವಿಷಯ ಜನರ ಮನಸ್ಸಿನಲ್ಲಿ ನೂರಾರು ಪ್ರಶ್ನೆಗಳನ್ನು ಹುಟ್ಟುಹಾಕಿದೆ.,2,ಒತ್ತುವ ಗುಬುಟು,Button - to press
ಗುಂಡಿ,"ಮತಯಂತ್ರಗಳನ್ನು ತಿರುಚಲು ಸಾಧ್ಯವಿದೆ, ಯಾವುದೇ ಗುಂಡಿ ಒತ್ತಿದರೂ ಒಬ್ಬನೇ ಅಭ್ಯರ್ಥಿಗೆ ಮತ ಬೀಳುವಂತೆ ಅದರಲ್ಲಿರುವ ಆಂತರಿಕ ವ್ಯವಸ್ಥೆಯನ್ನು ಬದಲಾ­ಯಿಸಿ­ಕೊಳ್ಳ­ಬಹುದು ಎಂಬ ಆರೋಪವನ್ನು ಪ್ರತಿಪಕ್ಷಗಳು ಮಾಡಿದಾಗ…",2,ಒತ್ತುವ ಗುಬುಟು,Button - to press
ಗುಂಡಿ,ಯಾವುದೇ ಗುಂಡಿ ಒತ್ತಿದರೂ ಬಿಜೆಪಿಗೆ ಮತ ಚಲಾವಣೆಯಾಗಿರುವ ರಸೀದಿ ಬರುತ್ತಿತ್ತು.,2,ಒತ್ತುವ ಗುಬುಟು,Button - to press
ಗುಂಡಿ,ಬಹಳಷ್ಟು ಮೊಬೈಲ್ ಮತ್ತು ವೆಬ್ಸೈಟ್ ಗುಂಡಿ ವಿನ್ಯಾಸಗಳು ಅಥವಾ ಪುಟ ಘಟಕಗಳಲ್ಲಿ ಕಾರ್ಬನ್ ಫೈಬರ್ ಫಿಲ್ ಅನ್ನು ನೀವು ಬಳಸಿದ್ದೀರಿ.,2,ಒತ್ತುವ ಗುಬುಟು,Button - to press
ಗುಂಡಿ,ದೋಣಿಯಲ್ಲಿ ಬೆಂಕಿ ಕಾಣಿಸಿಕೊಂಡರೆ ತಕ್ಷಣ 1ನೇ ಗುಂಡಿ ಒತ್ತಬೇಕು.,2,ಒತ್ತುವ ಗುಬುಟು,Button - to press
ಗುಂಡಿ,"ಎಲ್ಲಾ ಸರಿಯಾಗಿ ನಡೆಯುತ್ತಿದ್ದರೆ ಕಂಪ್ಯೂಟರಿನಲ್ಲಿ ಆಯ್ಕೆಯ ಗುಂಡಿ ಒತ್ತಿ, ಎಡಗಡೆಯಿಂದ ಪ್ರಿಂಟಾದ ಇನ್ವಾಯ್ಸ್ , ಡೆಲಿವರಿ ನೋಟ್, ವೇ ಬಿಲ್ ಸಂಗ್ರಹಿಸಿ ಅದರ ಮೇಲಿನ ಸೂಚನೆಗನುಸಾರವಾಗಿ ಬಲ ಪಕ್ಕದಲ್ಲಿ ಲೇಬಲ್ ಮುದ್ರಿಸಿಕೊಂಡು ಮತ್ತೆ ಕಂಪ್ಯೂಟರಿಗೆ ವಾಪಸ್ ಬಂದು ಇನ್ನೊಂದು ಆಪ್ಶನ್ನಿನ್ನ ಕನ್ಫರಮ್ ಗುಂಡಿ ಒತ್ತಿದರೆ ಅದು ನೇರ ಆಚೆಯಿರುವ ಮತ್ತೊಂದು ಲೇಸರ್ ಪ್ರಿಂಟರಿನಲ್ಲಿ ಪಿಕ್ ಸ್ಲಿಪ್ ಪುಟ್ ಅವೇ ಸ್ಲಿಪ್ ಗಳನ್ನು ಮುದ್ರಿಸುತ್ತದೆ - ಅದು ಅಲ್ಲಿನ ಕೆಲಸದವರಿಗೆ ಸರಕನ್ನು ಭೌತಿಕವಾಗಿ ಆಯ್ದು ತರಲು ಅಥವಾ ಒಯ್ದು ಒಳಗಿಡಲು ಕೊಟ್ಟ ಸೂಚನೆ.",2,ಒತ್ತುವ ಗುಬುಟು,Button - to press
ಗುಂಡಿ,"ಬೆಂಗಳೂರಿನ ಆರ್‍ಎಂವಿ 2ನೇ ಹಂತ ದಲ್ಲಿ 5 ಬೂತ್ ಗಳಿದ್ದು, ಎರಡನೇ ಬೂತ್ ನಲ್ಲಿ ಯಾವುದೇ ಗುಂಡಿ ಒತ್ತಿದರೂ ಮತ ಕಮಲಕ್ಕೆ ಹೋಗುತ್ತಿದೆ ಎಂದು ಆರೋಪಿಸಿ ಟ್ವಿಟ್ ಮಾಡಿದ್ದಾರೆ.",2,ಒತ್ತುವ ಗುಬುಟು,Button - to press
ಗುಂಡಿ,ಇದರಲ್ಲಿ ಕ್ಯಾಮರಾದ ಷಟರ್ ಗುಂಡಿ ಒತ್ತಿ ಹಿಡಿದಷ್ಟು ಕಾಲ ಷಟರ್ ತೆರೆದಿರುತ್ತದೆ.,2,ಒತ್ತುವ ಗುಬುಟು,Button - to press
ಗುಂಡಿ,ಇದರ ಗುಂಡಿ ಒತ್ತಿಯೇ ಮುಂದಿನ ಹಾಡನ್ನು ಆಯ್ಕೆ ಮಾಡಿಕೊಳ್ಳಬಹುದು.,2,ಒತ್ತುವ ಗುಬುಟು,Button - to press
ಗುಂಡಿ,"ಯಾರಾದರೂ ದಾಳಿ ಮಾಡಿದರೆ ಬ್ಯಾಟ್‌ನ ಗುಂಡಿ ಒತ್ತಿದರೆ ಸಾಕು, ದಾಳಿಕೋರನಿಗೆ ಶಾಕ್‌ ಹೊಡೆಯುತ್ತದೆ.",2,ಒತ್ತುವ ಗುಬುಟು,Button - to press
ಗುಂಡಿ,25ನೇ ವಾರ್ಡ್‌ನಲ್ಲಿ 29 ಮತದಾರರು ನೋಟಾ ಗುಂಡಿ ಒತ್ತಿದ್ದಾರೆ.,2,ಒತ್ತುವ ಗುಬುಟು,Button - to press
ಗುಂಡಿ,"ತನ್ನ ಕಾರು ಇದ್ದ ಗ್ಯಾರೇಜಿನ ಗೇಟನ್ನು ತೆರೆಯಲು ಗುಂಡಿ ಒತ್ತಿ, ಕಾರನ್ನು ಹೊರಗೆ ತೆಗೆಯುತ್ತಿದ್ದಾಗ ಅವಳ ಸೆಲ್‌ ಫೋನ್‌ ರಿಂಗುಣಿಸಿತು.",2,ಒತ್ತುವ ಗುಬುಟು,Button - to press
ಗುಂಡಿ,"ಕೆಲವೇ ಗುಂಡಿ ಕ್ಲಿಕ್ಗಳೊಂದಿಗೆ ಮೂರು-ದಾರಿ ಕರೆಗಳನ್ನು ಪ್ರಾರಂಭಿಸಬಹುದು , ನಾನು ನೋಡಿದ ಸರಳವಾದ ಮೂರು-ದಾರಿ ಕರೆಗಳ ವೈಶಿಷ್ಟ್ಯವನ್ನು ನೀಡುತ್ತಿದ್ದೇನೆ.",2,ಒತ್ತುವ ಗುಬುಟು,Button - to press
ಗುಂಡಿ,"ಮೋದಿಗಾದರೂ ಮತ ನೀಡಿ; ಮನೋಹರ್‌ಗಾದರೂ ಮತ ನೀಡಿ, ನೀವು ಒತ್ತಬೇಕಾಗಿರುವ ಗುಂಡಿ ಕಮಲದ ಚಿಹ್ನೆ ಎಂದು ಚುನಾವಣಾ ರ್ಯಾಲಿಯಲ್ಲಿ ಖಟ್ಟರ್ ಹೇಳಿದರು.",2,ಒತ್ತುವ ಗುಬುಟು,Button - to press
ಗುಂಡಿ,ಸದಸ್ಯರು ಮೊದಲು ಗುಂಡಿ ಒತ್ತಿದಾಗ ಚಲಾವಣೆಯಾದ ಮತಗಳು.,2,ಒತ್ತುವ ಗುಬುಟು,Button - to press
ಗುಂಡಿ,ಸುರುಳಿಬಿಚ್ಚಿದ ಮತ್ತು ಪುರಸ್ಕೃತರಾಗುವಿರಿ ಇರುವ ಖಾತೆಯನ್ನು URL ಅನ್ನು ಗುಂಡಿ ಸೇರಿಸಿ.,2,ಒತ್ತುವ ಗುಬುಟು,Button - to press
ಗುಂಡಿ,ಮತದಾರರು ಯಾವುದರ ಮೇಲೆ ಗುಂಡಿ ಒತ್ತುತ್ತಾರೋ ಅದರ ಮೇಲ್ಭಾಗದಲ್ಲಿರುವ ಕೆಂಪು ದೀಪ ಹತ್ತಿಕೊಳ್ಳುತ್ತದೆ.,2,ಒತ್ತುವ ಗುಬುಟು,Button - to press
ಗುಂಡಿ,ಆದರೆ ನನ್ನವಳು ನನ್ನ ಪ್ಯಾಂಟ್ ಗುಂಡಿ ಬಿಚ್ಚಿ ನನ್ನ ಚೆಡ್ಡಿಯನ್ನು ನನ್ನ ದೇಹದಿಂದ ಬೇರ್ಪಡಿಸಿದೊಡನೆ ಮಲಗಿದ್ದ ಯಜಮಾನ ಎದ್ದು ನಿಂತ.,2,ಒತ್ತುವ ಗುಬುಟು,Button - to press
ಗುಂಡಿ,ನನ್ನ ಕೈ ಹಿಡಿದು ಕೈ ಗುರುತಿನ ಗುಂಡಿ ಒತ್ತುವಂತೆ ಒತ್ತಾಯಿಸಿದರು.,2,ಒತ್ತುವ ಗುಬುಟು,Button - to press
ಗುಂಡಿ,ಈ ಸಂದರ್ಭದಲ್ಲಿ ಚುನಾವಣಾ ನಿಯಮಗಳನ್ನು ಉಲ್ಲಂಘಟನೆಯ ಮಾಹಿತಿ ನೀಡಲು ಫೇಸ್‌ಬುಕ್ ಪುಟದಲ್ಲಿ ಒಂದು ಗುಂಡಿ ಇಲ್ಲವೇ ವಿಂಡೋ ಸೃಷ್ಟಿಸುವ ಬಗ್ಗೆ ಒಪ್ಪಿಗೆ ಸೂಚಿಸಲಾಗಿತ್ತು.,2,ಒತ್ತುವ ಗುಬುಟು,Button - to press
ಗುಂಡಿ,ಪಟ್ಟಣದ ಪುರಸಭೆಯಲ್ಲಿ ಶುಕ್ರುವಾರ ಬಯೋಮೆಟ್ರಿಕ್ ಯಂತ್ರವನ್ನು ಗುಂಡಿ ಅದುವಿಮುವ ಮೂಲಕ ಉದ್ಘಾಟಿಸಿ ಅವರು ಮಾತನಾಡಿದರು.,2,ಒತ್ತುವ ಗುಬುಟು,Button - to press
ಗುಂಡಿ,"ಅನೇಕ ಪ್ರಯೋಗಗಳನ್ನು ಸ್ವತಃ ಮಾಡುವ, ಗುಂಡಿ ಒತ್ತಿ ವಿಷಯಗಳನ್ನು ತಿಳಿದುಕೊಳ್ಳುವ ಸಾಧ್ಯತೆಗಳನ್ನು ಸಹ ಇಲ್ಲಿ ಕಲ್ಪಿಸಲಾಗಿದೆ.",2,ಒತ್ತುವ ಗುಬುಟು,Button - to press
ಗುಂಡಿ,ಮೊಬೈಲ್ ನಲ್ಲಿ ಕರೆ ಸ್ವೀಕರಿಸುವ ಗುಂಡಿ ಬಿಟ್ಟರೆ ಬೇರೇನೂ ಒತ್ತಲು ಗೊತ್ತಿಲ್ಲ.,2,ಒತ್ತುವ ಗುಬುಟು,Button - to press
ಗುಂಡಿ,ಆದರೆ ನಾವು ಮತಯಂತ್ರದ ಗುಂಡಿ ಯನ್ನು ಒತ್ತಿದ ಬಳಿಕ ಬೀಳುವ ಮತವನ್ನು ಕಬಳಿಸುವ ಷಡ್ಯಂತ್ರದಲ್ಲಿ ಕೆಲ ಅಧಿಕಾರಮೋಹಿ ಗಳು ಮುಂದಾಗಿದ್ದಾರೆ ಎನ್ನುವುದು ಇದರಿಂದ ಬಹಿರಂಗವಾಗಿದೆ.,2,ಒತ್ತುವ ಗುಬುಟು,Button - to press
ಗುಂಡಿ,"ನಂತರ ಗುಂಡಿ ಒತ್ತಿ, ಕಾಲುವೆಗಳ ಗೇಟ್‌ ತೆರೆದರು.",2,ಒತ್ತುವ ಗುಬುಟು,Button - to press
ಗುಂಡಿ,ಕಂದಹಾರ್‍ಗೆ ತೆರಳುತ್ತಿದ್ದ ವಿಮಾನದ ಸಿಬ್ಬಂದಿ ಪ್ರಮಾದವಶಾತ್ ಹೈಜಾಕ್ ಗುಂಡಿ ಒತ್ತಿದ್ದರಿಂದ ಆತಂಕ ಉಂಟಾಯಿತು.,2,ಒತ್ತುವ ಗುಬುಟು,Button - to press
ಗುಂಡಿ,"ಹೆಸರು, ಗಾತ್ರ ಮತ್ತು ಹೀಗೆ: - ಸರಳ ಪದಗಳಲ್ಲಿ, ಒಂದು ಮ್ಯಾಗ್ನೆಟ್ ಗುಂಡಿ ಈ ಹೊಕ್ಕುಳಬಳ್ಳಿ ಬಗ್ಗೆ ಮಾಹಿತಿಯನ್ನು ವಿವಿಧ ಒಯ್ಯುತ್ತದೆ ಸಾಮಾನ್ಯ ಕೋಡ್ ಆಗಿದೆ.",2,ಒತ್ತುವ ಗುಬುಟು,Button - to press
ಗುಂಡಿ,ಹೊಸ ಸಂದೇಶಗಳನ್ನು ಕೇಳಲು ಗುಂಡಿ ಒತ್ತಿದಳು.,2,ಒತ್ತುವ ಗುಬುಟು,Button - to press
ಗುಂಡಿ,"ನಾಗಮೋಹನ್‌ ಅವರು ಪೂಜೆ ಸಲ್ಲಿಸಿ, ಗುಂಡಿ ಒತ್ತುವ ಮೂಲಕ ಕಾಲುವೆಗೆ ನೀರು ಹರಿಸಿದರು.",2,ಒತ್ತುವ ಗುಬುಟು,Button - to press
ಗುಂಡಿ,ಜಿಲ್ಲಾಧಿಕಾರಿ ಮೊಹಮ್ಮದ್‌ ಮೊಹಸೀನ್‌ ಹಾಗೂ ಸೆಷನ್ಸ್‌ ಜಡ್ಜ್‌ ಪ್ರಕಾಶ್‌ ಹುಕ್ಕೇರಿ ಏಕಕಾಲದಲ್ಲಿ ಗುಂಡಿ ಒತ್ತುವ ಮೂಲಕ ವಿಡಿಯೋ ಕಾನ್ಫರೆನ್ಸಿಂಗ್‌ ಸೌಲಭ್ಯವನ್ನು ಬುಧವಾರ ಅನಾವರಣಗೊಳಿಸಿದರು.,2,ಒತ್ತುವ ಗುಬುಟು,Button - to press
ಗುಂಡಿ,"ಸಿಬ್ಬಂದಿ ತನಗೆ ಅಗತ್ಯವಾದ ರಜೆ (ಸಿಎಲ್, ಸಿಎಂಎಲ್, ಇಎಲ್), ಬೇಕಾದ ಅವಧಿ ಆಯ್ಕೆಮಾಡಿ ಗುಂಡಿ ಒತ್ತಬೇಕು.",2,ಒತ್ತುವ ಗುಬುಟು,Button - to press
ಗುಂಡಿ,ಮತದಾನದ ವೇಳೆ ನೋಟಾ ಗುಂಡಿ ಒತ್ತುವ ಮೂಲಕ ಪ್ರತಿಭಟನೆ ನಡೆಸಲಾಗುವುದು ಎಂದು ಸಾಮಾಜಿಕ ಜಾಲತಾಣಗಳಲ್ಲಿ ಕಿಡಿಕಾರಿದ್ದಾರೆ.,2,ಒತ್ತುವ ಗುಬುಟು,Button - to press
ಗುಂಡಿ,"ಸರಿ ಹಾಗಾದರೆ, ಈಗ ಒಂದೊಂದೇ ಫ್ಲೋರಿಗೂ ಹೋಗಿ ನೋಡೇಬಿಡೋಣ~ ಎಂದು ನಿರ್ಧರಿಸಿ, ಮತ್ತೆ ಕೆಳಗೆ ಬಂದು 1~ ಎಂದು ಗುಂಡಿ ಒತ್ತಿದ.",2,ಒತ್ತುವ ಗುಬುಟು,Button - to press
ಗುಂಡಿ,ಕುಳಿತಲ್ಲೇ ಗುಂಡಿ ಒತ್ತಿದರೆ ನ್ಯಾಯ ಸಿಗುವ ದಿನ ಬರಬೇಕು.,2,ಒತ್ತುವ ಗುಬುಟು,Button - to press
ಗುಂಡಿ,ಮಲಗಿದೆಡೆಯೇ ಒಂದು ಗುಂಡಿ ಒತ್ತಿದರೆ ಕಿಟಕಿಯ ಪರದೆ ತೆರೆದುಕೊಳ್ಳುತ್ತದೆ.,2,ಒತ್ತುವ ಗುಬುಟು,Button - to press
ಗುಂಡಿ,ಗುಂಡಿ ಪದ್ಧತಿ : ನೆಲದಲ್ಲಿ ಸಾಮಾನ್ಯವಾಗಿ 3 ರಿಂದ 4 ಅಡಿ ಅಗಲ.,3,"ಬಿಲ, ಡೊಗರು, ಗುಣಿ","Hole, Pothole"
ಗುಂಡಿ,ಕೃಷ್ಣ ನಗರದಲ್ಲೊಂದು ಕೊಳಚೆ ಗುಂಡಿ,3,"ಬಿಲ, ಡೊಗರು, ಗುಣಿ","Hole, Pothole"
ಗುಂಡಿ,"ಆದರೆ, ನಗರದ ಮುಖ್ಯ ಭಾಗದಲ್ಲಿ ಗುಂಡಿ ಬಿದ್ದಿದ್ದು, ವಾಹನ ಸವಾರರಿಗೆ ತಲೆನೋವಾಗಿದೆ.",3,"ಬಿಲ, ಡೊಗರು, ಗುಣಿ","Hole, Pothole"
ಗುಂಡಿ,"ಸಂಚಾರ ಸಮಸ್ಯೆ, ಗುಂಡಿ ಬಿದ್ದ ರಸ್ತೆಗಳು, ಕೆರೆಗಳ ಸಂರಕ್ಷಣೆ ಹೀಗೆ ಹಲವಾರು ಪ್ರಚಲಿತ ಸಮಸ್ಯೆಗಳ ಕುರಿತು ವಿದ್ಯಾರ್ಥಿಗಳೊಂದಿಗೆ ಸಂವಾದವನ್ನು ನಡೆಸಲಾಯಿತು.",3,"ಬಿಲ, ಡೊಗರು, ಗುಣಿ","Hole, Pothole"
ಗುಂಡಿ,ಆಗ ರಸ್ತೆ ಗುಂಡಿ ಸಮಸ್ಯೆ ಇರುವುದಿಲ್ಲ ಎಂದರು.,3,"ಬಿಲ, ಡೊಗರು, ಗುಣಿ","Hole, Pothole"
ಗುಂಡಿ,ಗುಂಡಿ ಬಿದ್ದು ಹದಗೆಟ್ಟಿರುವ ರಸ್ತೆಯ ಅರ್ಧ ಭಾಗವನ್ನು ರಸ್ತೆ ದುರಸ್ತಿಗೆ ಬಂದ್ ಮಾಡಿದ ಕಾರಣ ವಾಹನ ಸವಾರರು ಅಕ್ಷರಶಃ ಪರದಾಡಬೇಕಾಯಿತು.,3,"ಬಿಲ, ಡೊಗರು, ಗುಣಿ","Hole, Pothole"
ಗುಂಡಿ,"ಭಾಗಮಂಡಲ, ಅಪ್ಪಂಗಾಲ, ಉಡೋತ್‌ ಮೊಟ್ಟೆ, ಹಾಗೂ ಚೇರಂಬಾಣೆಯಲ್ಲಿ ವರ್ಷಕ್ಕೆ ಮೂರು ಬಾರಿಯಾದರೂ ರಸ್ತೆ ಗುಂಡಿ ಬೀಳುತ್ತಿದೆ ಎಂದು ಸ್ಥಳೀಯ ಗ್ರಾಮಸ್ಥರು ಆರೋಪಿಸುತ್ತಾರೆ.",3,"ಬಿಲ, ಡೊಗರು, ಗುಣಿ","Hole, Pothole"
ಗುಂಡಿ,"ಇದರ ಜೊತೆಗೆ ಆರು ಅಡಿ ಉದ್ದ, ನಾಲ್ಕು ಅಡಿ ಅಗಲದ ಆಳವಾದ ಗುಂಡಿ ತೋಡಿದ್ದಾರೆ.",3,"ಬಿಲ, ಡೊಗರು, ಗುಣಿ","Hole, Pothole"
ಗುಂಡಿ,"ರಸ್ತೆ ಕ್ಲೀನ್, ಪೇಂಟಿಂಗ್, ಗುಂಡಿ ಮುಚ್ಚಲು ಬಿಬಿಎಂಪಿ ಎರಡೂವರೆ ಕೋಟಿ ಖರ್ಚು ಮಾಡಿದೆ.",3,"ಬಿಲ, ಡೊಗರು, ಗುಣಿ","Hole, Pothole"
ಗುಂಡಿ,ಹೊಸ ಬಸ್‌ ನಿಲ್ದಾಣ ಪರಿಸರದಲ್ಲೂ ಬೃಹತ್‌ ಗುಂಡಿ ನಿರ್ಮಾಣವಾಗಿದೆ.,3,"ಬಿಲ, ಡೊಗರು, ಗುಣಿ","Hole, Pothole"
ಗುಂಡಿ,15ರಮದು ಮುಂಜಾನೆ ಗುಂಡಿ ಹಾರಿಸಿದ ಘಟನೆಗೆ ಸಂಬಂಧಿಸಿದಂತೆ ಪ್ರಮುಖ ಆರೋಪಿಯ ಸಹಿತ ನಾಲ್ವರನ್ನು ಕುಂಬಳೆ ಪೊಲೀಸರು ವಶಕ್ಕೆ ತೆಗೆದುಕೊಂಡಿದ್ದಾರೆ.,3,"ಬಿಲ, ಡೊಗರು, ಗುಣಿ","Hole, Pothole"
ಗುಂಡಿ,ಹುಳಿಯಾರಿನ ಗುಂಡಿ ಬಿದ್ದು ಓಡಾಡಲು ದುಸ್ತರವಾಗಿರುವ ಡಾಂಬರ್ ಕಾಣದ ರಸ್ತೆಗಳಿಗೆ ಕಾಯಕಲ್ಪ ನೀಡಲು ತಾವು ಮುಂದಾಗಿದ್ದು ಸದ್ಯಕ್ಕೆ ಮುಖ್ಯಮಂತ್ರಿ ಗ್ರಾಮ ವಿಕಾಸ ಯೋಜನೆಯಡಿ ಗಾಂಧಿ ಪೇಟೆ ರಸ್ತೆ ಹಾಗೂ 14 ನೇ ಹಣಕಾಸು ಯೋಜನೆ ಅಡಿ ರಾಜಕುಮಾರ್ ರಸ್ತೆಯ ಆಸ್ಪತ್ರೆ ಕಾಂಪೌಂಡ್ ಪಕ್ಕದ ರಸ್ತೆಗಳನ್ನು ಕಾಂಕ್ರೀಟ್ ರಸ್ತೆ ಮಾಡಲು ಹಣ ಬಿಡುಗಡೆಗೊಳಿಸುವಂತೆ ಪತ್ರ ಬರೆಯಲಾಗಿದೆ ಎಂದು ಶಾಸಕ ಜೆ.,3,"ಬಿಲ, ಡೊಗರು, ಗುಣಿ","Hole, Pothole"
ಗುಂಡಿ,"ಜಿಲ್ಲೆಯ ಸಾರ್ವಜನಿಕ ವಲಯದಲ್ಲಿ ರಸ್ತೆಗಳ ಅವ್ಯವಸ್ಥೆ ಬಗ್ಗೆ ಸಾಕಷ್ಟು ದೂರು ಕೇಳಿ ಬರುತ್ತಿದ್ದು, ಈ ಬಗ್ಗೆ ಲೋಕೋಯೋಗಿ ಇಲಾಖೆ ಅಧಿಕಾರಿಗಳು, ಕೂಡಲೇ ರಸ್ತೆಗಳಲ್ಲಿನ ಗುಂಡಿ ಮುಚ್ಚಿ ಸುಗಮ ಸಂಚಾರಕ್ಕೆ ಅನುಕೂಲ ಮಾಡಿಕೊಡಬೇಕೆಂದು ತಾಕೀತು ಮಾಡಿದರು.",3,"ಬಿಲ, ಡೊಗರು, ಗುಣಿ","Hole, Pothole"
ಗುಂಡಿ,ರಸ್ತೆಗಳ ನಡುವೆ ಗುಂಡಿ ಬಿದ್ದಿವೆ.,3,"ಬಿಲ, ಡೊಗರು, ಗುಣಿ","Hole, Pothole"
ಗುಂಡಿ,"ಪರದೆಯ ಎಡ ಮೂಲೆಯಲ್ಲಿ ಕೆಳಭಾಗದಲ್ಲಿ, ನಿಮಗೆ ತಿಳಿದಿರುವಂತೆ, ಪ್ರಾರಂಭ ಎಂಬ ದೊಡ್ಡ ಗುಂಡಿ ಇದೆ.",3,"ಬಿಲ, ಡೊಗರು, ಗುಣಿ","Hole, Pothole"
ಗುಂಡಿ,ಇಂಗು ಗುಂಡಿ ಮಾಡಿ ಬೇಸಿಗೆ ಗೆದ್ದವರು.,3,"ಬಿಲ, ಡೊಗರು, ಗುಣಿ","Hole, Pothole"
ಗುಂಡಿ,"ಘಟನಾ ಸ್ಥಳದಲ್ಲಿ ಅಪಾರ್ಟ್‌ ಮೆಂಟ್‌ ನಿರ್ಮಾಣವಾಗುತ್ತಿದ್ದು, ವಾಹನ ನಿಲುಗಡೆ ಪ್ರದೇಶಕ್ಕಾಗಿ ಆ ಜಾಗದಲ್ಲಿ ಸುಮಾರು 20 ಅಡಿ ಆಳದ ಗುಂಡಿ ತೆಗೆಯಲಾಗಿದೆ.",3,"ಬಿಲ, ಡೊಗರು, ಗುಣಿ","Hole, Pothole"
ಗುಂಡಿ,"ಹೀಗಾಗಿ, ಗುಂಡಿ ಮುಚ್ಚಲು ಸಾಧ್ಯವಾಗಲಿಲ್ಲ ಎಂದು ರೈಲ್ವೆ ಕಾರ್ಮಿಕರೊಬ್ಬರು ತಿಳಿಸಿದರು.",3,"ಬಿಲ, ಡೊಗರು, ಗುಣಿ","Hole, Pothole"
ಗುಂಡಿ,ಗ್ರಾಮೀಣ ಭಾಗದಲ್ಲಿ ಗುಂಡಿ ಬಿದ್ದ ರಸ್ತೆಗಳನ್ನು ದುರಸ್ತಿಪಡಿಸಲು ಕ್ರಮಕೈಗೊಳ್ಳಲಾಗುವುದು ಎಂದು ಜಿಲ್ಲಾ ಪಂಚಾಯಿತಿ ಸದಸ್ಯ ಪಿ.,3,"ಬಿಲ, ಡೊಗರು, ಗುಣಿ","Hole, Pothole"
ಗುಂಡಿ,ಬದಲಿಗೆ ಇಳಿಜಾರಿಗೆ ಅಡ್ಡಲಾಗಿ ಸಮರೇಖೆಯಲ್ಲಿಯೇ ಉಳುಮೆ ಮಾಡಬೇಕು ಅಥವಾ ಇಳಿಜಾರಿಗೆ ಅಡ್ಡಲಾಗಿ ಎರಡು ಅಡಿ ಆಳದ ಗುಂಡಿ ತೆಗೆಯುತ್ತಾ ಬರಬೇಕು.,3,"ಬಿಲ, ಡೊಗರು, ಗುಣಿ","Hole, Pothole"
ಗುಂಡಿ,ಶೌಚಾಲಯ ಗುಂಡಿ ತೆಗೆಯಲು ತೊಂದರೆ: ಮಳೆಗಾಲದಲ್ಲಿ ಪಕ್ಕದಲ್ಲಿರುವ ಯಮಸಂಧಿ ಚಾನಲ್‌ ತುಂಬಿ ಗ್ರಾಮದೊಳಗೆ ನೀರು ನುಗ್ಗುತ್ತದೆ.,3,"ಬಿಲ, ಡೊಗರು, ಗುಣಿ","Hole, Pothole"
ಗುಂಡಿ,ಇದರಿಂದ ಗುಂಡಿ ಸೃಷ್ಟಿಯಾಗಿದೆ.,3,"ಬಿಲ, ಡೊಗರು, ಗುಣಿ","Hole, Pothole"
ಗುಂಡಿ,ಸ್ಪೋಟದ ತೀವ್ರತೆ 10 ಅಡಿ ಗುಂಡಿ ಸೃಷ್ಟಿಯಾಯಿತು.,3,"ಬಿಲ, ಡೊಗರು, ಗುಣಿ","Hole, Pothole"
ಗುಂಡಿ,ಕೆಲವು ಕಡೆ ಗುಂಡಿ ಬಿದ್ದಿರುವ ರಸ್ತೆಗಳಿಗೆ ತೇಪೆ ಹಾಕುವ ಕೆಲಸ ನಡೆಯುತ್ತಿದೆ.,3,"ಬಿಲ, ಡೊಗರು, ಗುಣಿ","Hole, Pothole"
ಗುಂಡಿ,ಉದ್ದದ ಈ ರಸ್ತೆ ಗುಂಡಿ ಬಿದ್ದು ಎರಡು ದಶಕಗಳು ಕಳೆದಿವೆ.,3,"ಬಿಲ, ಡೊಗರು, ಗುಣಿ","Hole, Pothole"
ಗುಂಡಿ,ರಿಂದ 6 ರಿಂಗ್‌ಗಳನ್ನು ಬಳಸಿದರೆ ಆರು ಅಡಿ ಉದ್ದದ ಶೌಚ ಗುಂಡಿ ಸಿದ್ಧವಾಗುತ್ತದೆ.,3,"ಬಿಲ, ಡೊಗರು, ಗುಣಿ","Hole, Pothole"
ಗುಂಡಿ,ಗುಂಡಿ ಸರಿಪಡಿಸಲು ಸ್ವತಃ ರಸ್ತೆಗೆ ಬಂದಿಳಿದ್ವು ಬೃಹತ್ ಕಟ್ಟಿರುವೆಗಳು!,3,"ಬಿಲ, ಡೊಗರು, ಗುಣಿ","Hole, Pothole"
ಗುಂಡಿ,"ಬುಟ್ಟಿಯಿಂದ ಹಿಡಿದು ಗುದ್ದಲಿ, ಗುಂಡಿ ತೆಗೆಯುವ, ಬಿತ್ತನೆ, ಗೊಬ್ಬರ ವಿತರಿಸುವ ಯಂತ್ರದವರೆಗೆ 6 ಲಕ್ಷ ಮೌಲ್ಯದ 20 ಉಪಕರಣಗಳು ಬಾಡಿಗೆಗೆ ದೊರೆಯುತ್ತವೆ.",3,"ಬಿಲ, ಡೊಗರು, ಗುಣಿ","Hole, Pothole"
ಗುಂಡಿ,ಮಗುವನ್ನು ಹೂಳಲು ಗುಂಡಿ ತೋಡಿದಾಗ ಗುದ್ದಲಿಗೆ ಮಡಿಕೆಯೊಂದು ಸಿಕ್ಕಿಹಾಕಿಕೊಂಡಿದೆ.,3,"ಬಿಲ, ಡೊಗರು, ಗುಣಿ","Hole, Pothole"
ಗುಂಡಿ,"ಪ್ರತಿ ಬೂತ್‍ನಲ್ಲಿಯೂ ಹತ್ತು ಸಸಿಗಳನ್ನು ನೆಡುವುದು, ಜಲಸಂರಕ್ಷಣೆಗೆ ಒತ್ತು ನೀಡುವುದಕ್ಕಾಗಿ ಬೋರ್‍ವೆಲ್‍ಗಳು ಎಲ್ಲೆಲ್ಲಿದೆಯೋ ಅಲ್ಲೆಲ್ಲಾ ಪಕ್ಕದಲ್ಲಿ ಗುಂಡಿ ತೆಗೆದು ನೀರು ಇಂಗಿಸುವಂತೆ ಮಾಡುವುದು, ಕೊಳಗೇರಿ ಪ್ರದೇಶ, ಆಸ್ಪತ್ರೆ, ಸಾರ್ವಜನಿಕ ಸ್ಥಳಗಳಲ್ಲಿ ಸ್ವಚ್ಚತೆ ಕೈಗೊಳ್ಳಲಾಗುವುದು.",3,"ಬಿಲ, ಡೊಗರು, ಗುಣಿ","Hole, Pothole"
ಗುಂಡಿ,"ಅದರಂತೆ ಶಾಲಾ ಆಡಳಿತ ಮಂಡಳಿ, ಮುಖ್ಯೋಪಾಧ್ಯಾಯಿನಿ ಜಯಲಕ್ಷ್ಮಿ ದಾಮ್ಲೆ ಮತ್ತು ಶಿಕ್ಷಕರು ಮಕ್ಕಳಿಗೆ ಜಲ ಸಂರಕ್ಷಿಸಬೇಕಾದ ಅಗತ್ಯತೆ ಮತ್ತು ಇಂಗು ಗುಂಡಿಗಳ ಮಹತ್ವವನ್ನು ವಿವರಿಸಿದಾಗ ಮಕ್ಕಳು ಉತ್ಸಾಹದಿಂದ ಇಂಗು ಗುಂಡಿ ನರ್ಮಾಣ ಕಾರ್ಯದಲ್ಲಿ ತೊಡಗಿಕೊಂಡರು.",3,"ಬಿಲ, ಡೊಗರು, ಗುಣಿ","Hole, Pothole"
ಗುಂಡಿ,ಅದು ಕೈಗಾರಿಕಾ ಪ್ರದೇಶಕ್ಕೆ ಹೋಗದಂತೆ ಮುನ್ನೆಚ್ಚರಿಕೆಯಾಗಿ ಜೆಸಿಬಿ ಮೂಲಕ ಗುಂಡಿ ತೋಡಲಾಗಿದೆ.,3,"ಬಿಲ, ಡೊಗರು, ಗುಣಿ","Hole, Pothole"
ಗುಂಡಿ,"ಹೀಗಾಗಿ ಎಕ್ಸ್‌ಯುವಿಗೆ ಹೋಲಿಸಿದಲ್ಲಿ ಕಚ್ಚಾ ರಸ್ತೆ, ಗುಂಡಿ ಹಾಗೂ ರಸ್ತೆ ಉಬ್ಬು ರಸ್ತೆಯಲ್ಲೂ ಹೆಚ್ಚು ಕುಲುಕದ ಪ್ರಯಾಣದಲ್ಲಿ ಡಸ್ಟರ್ ಮುಂದಿದೆ.",3,"ಬಿಲ, ಡೊಗರು, ಗುಣಿ","Hole, Pothole"
ಗುಂಡಿ,ಜಿಲ್ಲಾಧಿಕಾರಿಗಳ ಕಚೇರಿ ಸಭಾಂಗಣದಲ್ಲಿಂದು ಸ್ಥಳಿಯ ಸಂಸ್ಥೆಗಳ ಪ್ರಗತಿ ಪರಿಶೀಲನಾ ಸಭೆ ನಡೆಸಿ ಮಾತನಾಡಿದ ಅವರು ಇತ್ತೀಚೆಗೆ ನಗರದ ಖಾಸಗಿ ಕಟ್ಟಡದ ಶೌಚಾಲಯ ಗುಂಡಿ ಸ್ವಚ್ಛ ಗೊಳಿಸುವಾಗ ಪೌರಕಾರ್ಮಿಕ ಕೋಟಯ್ಯ ಪೆದ್ದಬಾಲಯ್ಯ ಬುನಾದಿ ಮೃತಪಟ್ಟಿರುವುದು ಅತ್ಯಂತ ವಿಷಾದನೀಯ ಸಂಗತಿ.,3,"ಬಿಲ, ಡೊಗರು, ಗುಣಿ","Hole, Pothole"
ಗುಂಡಿ,Home ಕನ್ನಡ ವಾರ್ತೆಗಳು ಕರ್ನಾಟಕ 15 ದಿನದಲ್ಲಿ ಗುಂಡಿ ಮುಕ್ತವಾಗಲಿವೆ ಬೆಂಗಳೂರಿನ ರಸ್ತೆಗಳು,3,"ಬಿಲ, ಡೊಗರು, ಗುಣಿ","Hole, Pothole"
ಗುಂಡಿ,ಮಡಿಕೇರಿಯಿಂದ ತಲಕಾವೇರಿವರೆಗೆ ಗುಂಡಿ ಬಿದ್ದಿರುವ ರಸ್ತೆಯನ್ನು ಡಾಂಬರೀಕರಣ ಮಾಡಬೇಕು.,3,"ಬಿಲ, ಡೊಗರು, ಗುಣಿ","Hole, Pothole"
ಗುಂಡಿ,ಈ ಚಾರ್ಜ್ ಶೀಟ್ ನಲ್ಲಿ ನೇಪಾಳದ ಕಠ್ಮಂಡುವಿನಲ್ಲಿ ಎಲ್ಲೆಂದರಲ್ಲಿ ಹರಡಿ ಬಿದ್ದಿರುವ ಕಸದ ರಾಶಿಯ ಫೋಟೋ ಹಾಗೂ ಮಿಜೋರೋಂನ ಗುಂಡಿ ಬಿದ್ದ ರಸ್ತೆಯ ಚಿತ್ರಗಳನ್ನು ಬಳಸಿಕೊಂಡು ಬೆಂಗಳೂರಿನದ್ದೆಂದು ಬಿಂಬಿಸಿರುವುದು ಬಹಿರಂಗವಾಗುತ್ತಿದ್ದಂತೆಯೇ ಬಿಜೆಪಿ ತೀವ್ರ ಮುಜುಗರಕ್ಕೊಳಗಾಗಿದೆ.,3,"ಬಿಲ, ಡೊಗರು, ಗುಣಿ","Hole, Pothole"
ಗುಂಡಿ,"ಗಡುವಿನ ನಂತರ ತಾವೇ ಖುದ್ದಾಗಿ ರಸ್ತೆ ಗುಂಡಿ ಮುಚ್ಚಿರುವ ಬಗ್ಗೆ ಪರಿಶೀಲನೆ ನಡೆಸುತ್ತೇನೆ, ರಸ್ತೆಗುಂಡಿ ಕಾಣಿಸಿಕೊಂಡರೆ ಸಂಬಂಧಪಟ್ಟ ಮುಖ್ಯ ಎಂಜಿನಿಯರ್‌ಗಳ ವಿರುದ್ಧ ಶಿಸ್ತುಕ್ರಮ ಕೈಗೊಳ್ಳುವುದಾಗಿ ಮುಖ್ಯಮಂತ್ರಿ ಎಚ್ಚರಿಕೆ ನೀಡಿದ್ದರು.",3,"ಬಿಲ, ಡೊಗರು, ಗುಣಿ","Hole, Pothole"
ಗುಂಡಿ,"ನಗರದಲ್ಲಿ ಕಸದ ಸಮಸ್ಯೆಗೆ ಒಂದು ದಿನ, ಬೀದಿ ದೀಪಗಳ ದುರಸ್ಥಿಗೆ 2 ದಿನ ಮತ್ತು ರಸ್ತೆ ಗುಂಡಿ ದೀಪ ಮುಚ್ಚಲು ವಾರದ ಗಡುವು ನಿಗದಿ ಮಾಡಲಾಗಿದೆ.",3,"ಬಿಲ, ಡೊಗರು, ಗುಣಿ","Hole, Pothole"
ಗುಂಡಿ,ಚಿಕ್ಕಮಗಳೂರು ಜಿಲ್ಲೆಯ ಮೂಡಿಗೆರೆ ತಾಲೂಕಿನ ಕಳಸ ಹೋಬಳಿಯಲ್ಲಿ ರಸ್ತೆಗಳನ್ನು ನಿರ್ಮಾಣ ಮಾಡಿದ ಕೆಲವೇ ತಿಂಗಳಲ್ಲಿ ಆ ರಸ್ತೆಗಳಲ್ಲಿ ಗುಂಡಿ ಬಿದ್ದು ಹದಗೆಟ್ಟಿದೆ.,3,"ಬಿಲ, ಡೊಗರು, ಗುಣಿ","Hole, Pothole"
ಗುಂಡು,ಗಡಿ ಬೇಲಿಯ ತುಂಬಾ ಸಮೀಪಕ್ಕೆ ಬರುವ ಫೆಲೆಸ್ತೀನಿಯರ ಮೇಲೆ ಇಸ್ರೇಲಿ ಪಡೆಗಳು ಗುಂಡು ಹಾರಿಸಿವೆ.,1,ತುಪಾಕಿಯ ಗೋಲಿ,Bullet
ಗುಂಡು,ಗೋಡೆಯ ಮೇಲೆ ಅವರು ಗುಂಡು ಹಾರಿಸುತ್ತಾರೆ.,1,ತುಪಾಕಿಯ ಗೋಲಿ,Bullet
ಗುಂಡು,ಆ ದಿನ ಸಾಧ್ವಿಯೊಬ್ಬಳ ನೇತೃತ್ವದ ಮತಾಂಧರ ಗುಂಪು ಗಾಂಧೀಜಿ ಭಾವಚಿತ್ರಕ್ಕೆ ಗುಂಡು ಹಾರಿಸಿ ಗೋಡ್ಸೆಗೆ ಜಯವಾಗಲಿ ಎಂದು ಕೂಗಿ ಸಂಭ್ರಮಿಸಿತು.,1,ತುಪಾಕಿಯ ಗೋಲಿ,Bullet
ಗುಂಡು,ಆದರೆ ರಾತ್ರಿ 8:30 ರ ಸುಮಾರಿಗೆ ಜಾಟ್ ಸಮುದಾಯದ ಸುಮಾರು 100 ಮಂದಿ ಆ ಬಾಲಕಿಯ ಮನೆಯನ್ನು ಸುತ್ತುವರಿದು ಗುಂಡು ಹಾರಿಸಿದ್ದಾರೆ.,1,ತುಪಾಕಿಯ ಗೋಲಿ,Bullet
ಗುಂಡು,ಗುಂಪಿನ ಮೇಲೆ ಗುಂಡು ಹಾರಿಸಲು ಸೇನೆಗೆ ಆದೇಶಿಸುವಂತಿಲ್ಲ: ಸುಪ್ರೀಂ,1,ತುಪಾಕಿಯ ಗೋಲಿ,Bullet
ಗುಂಡು,"5: ಹವಾಯಿಯ ಇತಿಹಾಸ ಪ್ರಸಿದ್ಧ ಪರ್ಲ್ ಹಾರ್ಬರ್ ನೌಕಾನೆಲೆಯಲ್ಲಿ ಬುಧವಾರ ಅಮೆರಿಕದ ಯೋಧನೊಬ್ಬ ಮನಬಂದಂತೆ ಗುಂಡು ಹಾರಿಸಿ ಇಬ್ಬರನ್ನು ಹತ್ಯೆಗೈದು, ಇನ್ನೊಬ್ಬನನ್ನು ಗಾಯಗೊಳಿಸಿದ್ದಾನೆ.",1,ತುಪಾಕಿಯ ಗೋಲಿ,Bullet
ಗುಂಡು,ಪೊಲೀಸರ ಮೇಲೆ ಹಲ್ಲೆ : ಆರೋಪಿ ಕಾಲಿಗೆ ಗುಂಡು,1,ತುಪಾಕಿಯ ಗೋಲಿ,Bullet
ಗುಂಡು,"ಈತ ರ್ಯಾಂಪ್ ಸಂಗೀತಗಾರನಾಗಿದ್ದು, ಪ್ರಸ್ತುತ ಹೆಚ್ಚು ಜನಪ್ರಿಯವಾಗಿರುವ ಸಾಮಾಜಿಕ ಜಾಲತಾಣಗಳಲ್ಲಿ ದಿಢೀರ್ ಫೇಮಸ್ ಆಗಬೇಕೆಂಬ ಉದ್ದೇಶದಿಂದ ತನ್ನ ಕೆನ್ನೆಗೆ ತಾನೇ ಗುಂಡು ಹಾರಿಸಿಕೊಂಡಿದ್ದಾನೆ.",1,ತುಪಾಕಿಯ ಗೋಲಿ,Bullet
ಗುಂಡು,1ರಂದು ಬಿಜೆಪಿ ರಾಜ್ಯ ಕಾರ್ಯದರ್ಶಿ ಅನಿಲ್‌ ಪರಿಹಾರ್‌ ಮತ್ತು ಅವರ ಸಹೋದರ ಅಜಿತ್‌ರನ್ನು ಇದೇ ಪ್ರದೇಶದಲ್ಲಿ ಭಯೋತ್ಪಾದಕರು ಗುಂಡು ಹಾರಿಸಿ ಹತ್ಯೆಗೈದಿದ್ದರು.,1,ತುಪಾಕಿಯ ಗೋಲಿ,Bullet
ಗುಂಡು,ಕಾಲಿಗೆ ಗುಂಡು ತಗುಲಿದ್ದರಿಂದ ಸುಲಭವಾಗಿ ಪೊಲೀಸರಿಗೆ ಸಿಕ್ಕಿಬಿದಿದ್ದಾನೆ.,1,ತುಪಾಕಿಯ ಗೋಲಿ,Bullet
ಗುಂಡು,ಈ ವೇಳೆ ಹನುಮಂತಗೌಡ ತನ್ನ ಬಳಿ ಇದ್ದ ರಿವಾಲ್ವರ್ ನಿಂದ ಎರಡು ಸುತ್ತು ಗಾಳಿಯಲ್ಲಿ ಗುಂಡು ಹಾರಿಸಿದ್ದಾನೆ.,1,ತುಪಾಕಿಯ ಗೋಲಿ,Bullet
ಗುಂಡು,ಇಂತಹ ಸಂದರ್ಭದಲ್ಲೇ ಕ್ಷೇತ್ರದ ಕಾಣಿಕೆ ಡಬ್ಬಿಯೊಳಗೆ ಗುಂಡು ಪತ್ತೆಯಾಗಿರುವುದು ಭಕ್ತರನ್ನು ಮಾತ್ರವಲ್ಲ ಪೊಲೀಸರನ್ನೂ ಆತಂಕಕ್ಕೊಳಪಡಿಸಿದೆ.,1,ತುಪಾಕಿಯ ಗೋಲಿ,Bullet
ಗುಂಡು,ಬೈಕ್‌ನಲ್ಲಿದ್ದ ಬಂದಿದ್ದ ದುಷ್ಕರ್ಮಿಗಳು ಗೌರಿ ಲಂಕೇಶ್ ಅವರ ಎದೆ ಭಾಗಕ್ಕೆ ಎರಡು ಗುಂಡು ಸೇರಿ ಹಣೆ ಮತ್ತು ದೇಹಕ್ಕೆ ನಾಲ್ಕು ಗುಂಡು ಹಾರಿಸಿದ್ದಾರೆ.,1,ತುಪಾಕಿಯ ಗೋಲಿ,Bullet
ಗುಂಡು,"ರಾಜ್ ಕೋಟ್: ಟೀಂ ಇಂಡಿಯಾ ಆಲ್ ರೌಂಡರ್ ರವೀಂದ್ರ ಜಡೇಜಾ ವಿವಾಹ ಅದ್ಧೂರಿಯಾಗಿ ನೆರವೇರಿದ್ದು, ಸಾಂಪ್ರದಾಯದಂತೆ ಜಡೇಜಾ ಕುದುರೆ ಏರಿ ಬರುತ್ತಿದ್ದ ಸಂದರ್ಭದಲ್ಲಿ ಸಂಬಂಧಿಕನೊರ್ವ ಗಾಳಿಯಲ್ಲಿ ಗುಂಡು ಹಾರಿಸಿದ್ದು, ಕೆಲ ಕಾಲ ಆತಂಕದ ವಾತಾವರಣ ಸೃಷ್ಠಿಯಾಗಿತ್ತು.",1,ತುಪಾಕಿಯ ಗೋಲಿ,Bullet
ಗುಂಡು,ದುಷ್ಕರ್ಮಿಯು ಗುಂಡು ಹಾರಿಸುವ ಮೊದಲು ಜನರ ಧರ್ಮ ಯಾವುದೆಂದು ಕೇಳುತ್ತಿದ್ದನು ಎಂದು ಪ್ರತ್ಯಕ್ಷದರ್ಶಿಯೊಬ್ಬರು ತಿಳಿಸಿದರು.,1,ತುಪಾಕಿಯ ಗೋಲಿ,Bullet
ಗುಂಡು,"ಆರೋಪಿ ಉದ್ದೇಶಪೂರ್ವಕ್ಕಾಗಿ ಗುಂಡು ಹಾರಿಸಿದ್ದು, ಆತನ ಉದ್ದೇಶ ಏನೆಂಬುದುವುದು ತಿಳಿದು ಬಂದಿಲ್ಲ.",1,ತುಪಾಕಿಯ ಗೋಲಿ,Bullet
ಗುಂಡು,: ಕಾಡು ಹಂದಿ ಎಂದು ಭಾವಿಸಿ ಬಂದೂಕಿನಿಂದ ಹಾರಿಸಿದ ಗುಂಡು ಮತ್ತೋರ್ವ ಬೇಟೆಗಾರನಿಗೆ ತಗುಲಿ ಗಾಯ ಗೊಂಡು ಘಟನೆ ಭಾಗಮಂಡಲ ಪೊಲೀಸ್ ಠಾಣಾ ವ್ಯಾಪ್ತಿಯಲ್ಲಿ ನಡೆದಿದೆ.,1,ತುಪಾಕಿಯ ಗೋಲಿ,Bullet
ಗುಂಡು,"ಪಾಕಿಸ್ತಾನಿ ರೇಂಜರ್‍ಗಳು ಜಮ್ಮು ಮತ್ತು ಕಾಶ್ಮೀರದ ಅರ್ನಿಯಾ, ರಾಮ್‍ಗಢ್, ಸಾಂಬಾ ಮತ್ತು ಹೀರಾನಗರ್ ವಲಯಗಳಲ್ಲಿ ನಿನ್ನೆ ರಾತ್ರಿಯಿಂದ ಇಂದು ಮುಂಜಾನೆ 5 ಗಂಟೆವರೆಗೆ ಪಾಕಿಸ್ತಾನದಿಂದ ಗುಂಡು ಮತ್ತು ಷೆಲ್ ದಾಳಿಗಳು ನಡೆಯಿತು ಎಂದು ಬಿಎಸ್‍ಎಫ್ ಹಿರಿಯ ಅಧಿಕಾರಿಯೊಬ್ಬರು ತಿಳಿಸಿದ್ದಾರೆ.",1,ತುಪಾಕಿಯ ಗೋಲಿ,Bullet
ಗುಂಡು,ಈ ಸಂದರ್ಭದಲ್ಲಿ ಆದ ಯಡವಟ್ಟಿನಿಂದ ಮೂವರಿಗೆ ಗುಂಡು ತಗುಲಿದೆ.,1,ತುಪಾಕಿಯ ಗೋಲಿ,Bullet
ಗುಂಡು,ಬಳಿಕ ತನ್ನ ಬಳಿಯಿದ್ದ ಪಿಸ್ತೂಲ್‌ನಿಂದ ಸುನೈನಾ ಅವರ ತಲೆಗೆ ಗುಂಡು ಹಾರಿಸಿದ್ದಾನೆ ಎಂದು ಪೊಲೀಸರು ತಿಳಿಸಿದ್ದಾರೆ.,1,ತುಪಾಕಿಯ ಗೋಲಿ,Bullet
ಗುಂಡು,ಪೊಲೀಸರು ಅಲ್ಲೇ ಕಾರ್ಯ ನಿರತರಾಗಿದ್ದರೂ ಪಂಚಾಯತ್ ಚುನಾವಣೆಯಲ್ಲಿ ನಫೀಸಾ ಎಂಬಾಕೆ ಗೆಲವು ಸಾಧಿಸಿದ್ದಕ್ಕೆ ಸಮಾಜವಾದಿ ಪಕ್ಷದ ಕಾರ್ಯಕರ್ತರು ಗುಂಡು ಹಾರಿಸಿ ಸಂಭ್ರಮಾಚರಣೆ ನಡೆಸಿದ್ದರು.,1,ತುಪಾಕಿಯ ಗೋಲಿ,Bullet
ಗುಂಡು,ಕೂಡಲೇ ಎರಡು ಹೆಜ್ಜೆ ಮುಂದೆ ಹೋಗಿ ಮತ್ತೆ ಆತ ಕೆಳಗೆ ಬಿದ್ದು ನರಳಾಡುತ್ತಿದ್ದ ಗೌರಿ ಅವರಿಗೆ ಮತ್ತೊಂದು ಗುಂಡು ಹೊಡೆಯುತ್ತಾನೆ.,1,ತುಪಾಕಿಯ ಗೋಲಿ,Bullet
ಗುಂಡು,ಮಧ್ಯಾಹ್ನದ ಹೊತ್ತಿಗೆ ಬರ್ನ್ಸ್ ಇನ್ನೂ ಕಾಡಿನಲ್ಲಿ ಗುಂಡು ಹಾರಿಸುತ್ತಿದ್ದಾಗ ಅವನ ಸುತ್ತಲಿನ ಯೂನಿಯನ್ ರೆಜಿಮೆಂಟ್ಸ್ ಹಿಂತೆಗೆದುಕೊಳ್ಳಲು ಆರಂಭಿಸಿದರು.,1,ತುಪಾಕಿಯ ಗೋಲಿ,Bullet
ಗುಂಡು,"ದಾಸರಹಳ್ಳಿ: ಸುಲಿಗೆ, ಕೊಲೆ ಯತ್ನದಂತಹ ಗಂಭೀರ ಅಪರಾಧ ಪ್ರಕರಣಗಳಲ್ಲಿ ಭಾಗಿಯಾಗಿ ತಲೆಮರೆಸಿಕೊಂಡಿದ್ದ ಕುಖ್ಯಾತ ರೌಡಿಶೀಟರನ್ನು ಪೀಣ್ಯ ಪೊಲೀಸರು ಕಾಲಿಗೆ ಗುಂಡು ಹಾರಿಸಿ ಬಂಧಿಸಿದ್ದಾರೆ.",1,ತುಪಾಕಿಯ ಗೋಲಿ,Bullet
ಗುಂಡು,"ಕಾವಲು ಸೈನಿಕ ಗುಂಡು ಹಾರಿಸಲು ಆರಂಭಿಸಿದ್ದರಿಂದ, ಪಕ್ಕದ ಸೇನಾ ಶಿಬಿರದಲ್ಲಿರುವ 46 ರಾಷ್ಟ್ರೀಯ ರೈಫಲ್ಸ್‌ನ ಯೋಧರೂ ಅದೇ ದಿಕ್ಕಿನ ಕಡೆ ಗುಂಡು ಹಾರಿಸಿದರು.",1,ತುಪಾಕಿಯ ಗೋಲಿ,Bullet
ಗುಂಡು,ನಿಮ್ಹಾನ್ಸ್ ಆಸ್ಪತ್ರೆಗೆ ಚಿಕಿತ್ಸೆಗಾಗಿ ಬಂದಿದ್ದ ಮಾನಸಿಕ ಅಸ್ವಸ್ಥ ಕೈದಿಯೊಬ್ಬ ಗಾರ್ಡ್ ರೂಂನಲ್ಲಿದ್ದ ಬಂದೂಕು ಎತ್ತಿಕೊಂಡು ಗುಂಡು ಹಾರಿಸಿ ಕೊನೆಗೆ ಕಮಾಂಡೊ ಪೊಲೀಸರ ಗುಂಡೇಟು ಮೃತಪಟ್ಟಿದ್ದಾನೆ.,1,ತುಪಾಕಿಯ ಗೋಲಿ,Bullet
ಗುಂಡು,ಪೊಲೀಸರು ಚಳವಳಿಕಾರರ ಮೇಲೆ ಸಿಕ್ಕಸಿಕ್ಕಲ್ಲಿ ಗುಂಡು ಹಾರಿಸಿದ ಪ್ರಕರಣಗಳು ನಡೆದವು.,1,ತುಪಾಕಿಯ ಗೋಲಿ,Bullet
ಗುಂಡು,ಗುಂಡು ಹೊಡೆದರೂ ಒಬ್ಬರು ಸತ್ತಿಲ್ಲ ಎನ್ನುವ ಪೊಲೀಸ್ ಅಧಿಕಾರಿ ಇಲಾಖೆಗೆ ಅನರ್ಹ.,1,ತುಪಾಕಿಯ ಗೋಲಿ,Bullet
ಗುಂಡು,ಮುಸ್ಲಿಮ್ ಮತದಾರರಿದ್ದ ಬಸ್‌ಗಳ ಮೇಲೆ ಗುಂಡು,1,ತುಪಾಕಿಯ ಗೋಲಿ,Bullet
ಗುಂಡು,ವೇದಿಕೆಯ ಎಡಭಾಗದಲ್ಲಿದ್ದ ಗುಂಡು ನಿರೋಧಕ ಗಾಜು ಅಳವಡಿಸಿದ್ದ ಪೋಡಿಯಂ ಇದ್ದರೂ ಬಲಭಾಗದಲ್ಲಿ ಅರಳಿ ನಿಂತ ತಾವರೆಯ ಮಧ್ಯೆ ಅಳವಡಿಸಿದ್ದ ಪೋಡಿಯಂನಲ್ಲಿಯೇ ನಿಂತು ಮೋದಿ ಮಾತು ಆರಂಭಿಸಿದರು.,1,ತುಪಾಕಿಯ ಗೋಲಿ,Bullet
ಗುಂಡು,ಗುಂಡು ಹಾರಿಸಿ ಓಡಿ ಹೋದರು: ಕಾರು ಚಲಿಸುತ್ತಿತ್ತು.,1,ತುಪಾಕಿಯ ಗೋಲಿ,Bullet
ಗುಂಡು,ಸಿಆರ್ ಪಿಎಫ್ ಪಡೆಯವರು ಕೂಡ ನಾವು ಗುಂಡು ಹಾರಿಸಿಲ್ಲ ಅನ್ನುತ್ತಿದ್ದಾರೆ.,1,ತುಪಾಕಿಯ ಗೋಲಿ,Bullet
ಗುಂಡು,ಆದರೆ ಮೂರು ತಿಂಗಳ ಹಿಂದೆ ನೈಸ್ ರೋಡ್ ಬಳಿ ಆರೋಪಿ ಅಚ್ಯುತ್ ಕಾಲಿಗೆ ಗುಂಡು ಹಾರಿಸಿ ಆತನನ್ನು ಕೆಂಗೇರಿ ಪೊಲೀಸರು ಬಂಧಿಸಿದ್ದಾರೆ.,1,ತುಪಾಕಿಯ ಗೋಲಿ,Bullet
ಗುಂಡು,ಮನುಷ್ಯನ ರಕ್ತದ ರುಚಿ ಕಂಡಿರುವ ಈ ಹುಲಿ ಬೇರೆ ಪ್ರಾಣಿಗಳನ್ನು ಬಿಟ್ಟು ಮನುಷ್ಯನ ಮೇಲೆಯೇ ದಾಳಿ ಮಾಡಲು ಆರಂಭಿಸಿರುವುದರಿಂದ ಅರಣ್ಯ ಇಲಾಖೆ ಅಧಿಕಾರಿಗಳು ಸೆರೆಗೆ ಸಿಗದಿದ್ದರೆ ಗುಂಡು ಹಾರಿಸಿ ಸಾಯಿಸುವ ತೀರ್ಮಾನಕ್ಕೆ ಬಂದಂತೆ ಕಾಣುತ್ತಿದೆ.,1,ತುಪಾಕಿಯ ಗೋಲಿ,Bullet
ಗುಂಡು,ಗ್ಯಾಂಗ್‌ಸ್ಟರ್‌ಗಳು ಮಾಡುವ ಹತ್ಯೆಗಳ ಮಾದರಿಯಲ್ಲಿ ಗುಂಡು ಹಾರಿಸಿ ಕ್ಯಾಸ್ಟ್ರೊ ರನ್ನು ಕೊಲ್ಲುವ ಬಗ್ಗೆ ಸಿಐಎ ಯೋಚಿಸಿತ್ತು.,1,ತುಪಾಕಿಯ ಗೋಲಿ,Bullet
ಗುಂಡು,ಅಸಾರಾಮ್ ಬಾಪು ವಿರುದ್ಧದ ಅತ್ಯಾಚಾರ ಪ್ರಕರಣ: ಸಾಕ್ಷಿ ಮೇಲೆ ಗುಂಡು,1,ತುಪಾಕಿಯ ಗೋಲಿ,Bullet
ಗುಂಡು,ತಕ್ಷಣ ಉಳಿದ ಉಗ್ರರು ಭದ್ರತಾ ಪಡೆಗಳತ್ತ ಗುಂಡು ಹಾರಿಸುತ್ತಾ ವಾಯುನೆಲೆಗೆ ನುಗ್ಗಿ ಅಡಗಿ ಕುಳಿತರು.,1,ತುಪಾಕಿಯ ಗೋಲಿ,Bullet
ಗುಂಡು,"ಪರಶುರಾಮ್ ವಾಗ್ಮೋರೆ ಅವರ ವಿಚಾರಣೆ ನಡೆಯುತ್ತಿದ್ದು, ಆತನೇ ಗೌರಿ ಲಂಕೇಶ್ ಅವರ ಮೇಲೆ ಗುಂಡು ಹಾರಿಸಿದವ ಎಂದು ಎಸ್‌ಐಟಿ ಹೇಳುತ್ತಿದೆ.",1,ತುಪಾಕಿಯ ಗೋಲಿ,Bullet
ಗುಂಡು,ಈ ವೇಳೆ ಪೊಲೀಸರು ಉದ್ರಿಕ್ತರನ್ನ ಚದುರಿಸಲು ಪೊಲೀಸರು ಗಾಳಿಯಲ್ಲಿ ಗುಂಡು ಹಾರಿಸಿದ್ದರು.,1,ತುಪಾಕಿಯ ಗೋಲಿ,Bullet
ಗುಂಡು,ಮೊದಲಿಗೆ ಮೂವರನ್ನು ಬೆದರಿಸಲು ಗಾಳಿಯಲ್ಲಿ ಗುಂಡು ಹಾರಿಸಲಾಯಿತು.,1,ತುಪಾಕಿಯ ಗೋಲಿ,Bullet
ಗುಂಡು,"ಆಗ ಸ್ಥಳೀಯ ಗ್ರಾಮಸ್ಥರು ವಿರೋಧಿಸಿದಾಗ, ಅವರು ಗುಂಡು ಹಾರಿಸಿ ನಾಲ್ಕು ಮಹಿಳೆಯರು ಸೇರಿದಂತೆ ಒಂಬತ್ತು ಗ್ರಾಮಸ್ಥರ ಸಾವಿಗೆ ಕಾರಣರಾದರು.",1,ತುಪಾಕಿಯ ಗೋಲಿ,Bullet
ಗುಂಡು,ಆ ಸ್ಥಳವನ್ನು ಯೋಧರು ಸುತ್ತುವರೆದಾಗ ಅಡಗಿದ್ದ ಉಗ್ರರು ಗುಂಡು ಹಾರಿಸಿದರು.,1,ತುಪಾಕಿಯ ಗೋಲಿ,Bullet
ಗುಂಡು,ರೆಸಾರ್ಟ್ ನಲ್ಲಿ ಗಾಳಿಯಲ್ಲಿ ಗುಂಡು ಹಾರಿಸಿದ ಇಬ್ಬರು ವ್ಯಕ್ತಿಗಳ ಬಂಧನ,1,ತುಪಾಕಿಯ ಗೋಲಿ,Bullet
ಗುಂಡು,"ಭಾರತದ ಸೇನೆಗೆ ಮಾತ್ರವಲ್ಲದೇ, 100 ದೇಶಗಳಿಗೂ ಸಂಸ್ಥೆ ಗುಂಡು ನಿರೋಧಕ ಜಾಕೆಟ್‌ಗಳನ್ನು ತಯಾರಿಸಿ ಕೊಡುತ್ತಿದೆ.",1,ತುಪಾಕಿಯ ಗೋಲಿ,Bullet
ಗುಂಡು,ನಂತರ ಅತ್ಯಾಧುನಿಕ ಶಸ್ತ್ರಾಸ್ತ್ರಗಳಿಂದ ಮನಬಂದಂತೆ ಗುಂಡು ಹಾರಿಸಿ ನರಮೇಧ ನಡೆಸಿದ್ದರು.,1,ತುಪಾಕಿಯ ಗೋಲಿ,Bullet
ಗುಂಡು,ಆರೋಪಿಗಳನ್ನು ಪೊಲೀಸರು ತಮ್ಮ ವಶಕ್ಕೆ ಪಡೆ ಯುವುದಕ್ಕೂ ಮುನ್ನ ಪೊಲೀಸರು ಆರೋಪಿಗಳು ಕುಳಿತಿದ್ದ ಕಾರಿನತ್ತ ನಾಲ್ಕೈದು ಬಾರಿ ಗುಂಡು ಹಾರಿಸುವ ಮೂಲಕ ಆರೋಪಿಗಳು ಇಳಿದು ಪರಾರಿ ಯಾಗದಂತೆ ಭಯ ಹುಟ್ಟಿಸಿದ್ದರು.,1,ತುಪಾಕಿಯ ಗೋಲಿ,Bullet
ಗುಂಡು,ಮದುವೆಯಾದ ದಿನದಂದು ಸ್ವಲ್ಪ ಹೆಚ್ಚೂ ಕಡಿಮೆ ಗುಂಡು ಗುಂಡಾಗಿದ್ದ ಚಂದ್ರನು ರಾತ್ರಿಯೆಲ್ಲಾ ಕಾಣಿಸಿಕೊಂಡರೆ ಮದುವೆ ವಾರ್ಷಿಕೋತ್ಸವ ಆಚರಿಸಿಕೊಂಡ ಈ ದಿವಸ ಚಂದ್ರನು ಕಾಣಿಸಿಕೊಳ್ಳದ ಅಮಾವಾಸ್ಯೆಯಾಗಿತ್ತು.,2,ದುಂಡನೆಯ,Circular
ಗುಂಡು,ಜೋಳದ ಕಾಳಿನ ಗಾತ್ರದ ಚಿನ್ನದ ಗುಂಡು ಬಿತ್ತು!,2,ದುಂಡನೆಯ,Circular
ಗುಂಡು,"ಗಳು ಎರಡು ಚಿನ್ನ ಬಳೆಗಳು 22 ಗ್ರಾಂ, ಎರಡು ಜೊತೆ ಚಿನ್ನದಓಲೆಗಳು, ಒಂದು ಜೊತೆ ಚಿನ್ನ -ಮುತ್ತಿನ ಓಲೆ ಎಲ್ಲಾ ಸೇರಿ 16 ಗ್ರಾಂ ಎರಡು ಚಿನ್ನದ ಉಂಗುರಗಳು ಸುಮಾರು ಗ್ರಾಂ, ಒಂದು ಚಿನ್ನದ ಮಾಟಿ ಸುಮಾರು 3 ಗ್ರಾಂ, ಒಂದು ಜೊತೆ ಚಿನ್ನದ ಡಿಂಗ್ ಡಾಂಗ್ ಗುಂಡು ಸುಮಾರು 3 ಗ್ರಾಂ, ಮಕ್ಕಳ ಚಿನ್ನದ ಎರಡು ಉಂಗುರಗಳು 2 ಗ್ರಾಂ, ಮತ್ತು ಬೆಳ್ಳಿಯ ಗಣಪತಿ ಇರುವ ನಾಣ್ಯಗಳು ಎರಡು ಜೊತೆ ಕಾಲು ಚೈನ್ ಒಟ್ಟು 60 ಗ್ರಾಂಗಳು, ಅಂದಾಜು ಬೆಲೆ 1,50,000ರೂ.",2,ದುಂಡನೆಯ,Circular
ಗುಂಡು,ಸರ್ಕಾರಿ ಐಬಿಯಲ್ಲಿ ಹಾಸನ ತಹಶೀಲ್ದಾರ್​ಗಳ ಗುಂಡು ತುಂಡು ಪಾರ್ಟಿ,2,ದುಂಡನೆಯ,Circular
ಗುಂಡು,"ದಷ್ಟ ಪುಷ್ಟ ವ್ಯಕ್ತಿಗಳು, ಗಿಡ್ಡ ವ್ಯಕ್ತಿಗಳು ತಮ್ಮ ತಮ್ಮ ತಾಕತ್ತನ್ನು ಗುಂಡು ಎತ್ತುವುದರ ಮೂಲಕ ತೋರಿಸಿದರು.",2,ದುಂಡನೆಯ,Circular
ಗುಂಡು,"ಇಂದು ಸಮಾರೋಪ: ಕ್ರೀಡಾಕೂಟದಲ್ಲಿ 100 ಮೀ, 200 ಮೀ, 400 ಮೀ, 1500ಮೀ, 3000ಮೀ ಓಟ ಸ್ಪರ್ಧೆಗಳು, ಎತ್ತರ ಜಿಗಿತ, ಉದ್ದ ಜಿಗಿತ, ಡಿಸ್ಕಸ್ ಎಸೆತ, ಗುಂಡು ಎಸೆತ, ಹಗ್ಗ ಜಗ್ಗಾಟ, ಹರ್ಡಲ್ಸ ಓಟ, 4ಘಿ100 ಮೀ ರಿಲೆ ಮೊದಲಾದ ಸ್ಪರ್ಧೆಗಳನ್ನು ವಿದ್ಯಾರ್ಥಿಗಳಿಗೆ ಆಯೋಜಿಸಲಾಗಿದ್ದು, ಗುರುವಾರ ಸಂಜೆ ನಡೆಯಲಿರುವ ಸಮಾರೋಪ ಸಮಾರಂಭದಲ್ಲಿ ಅಂತರಾಷ್ಟ್ರೀಯ ಕ್ರೀಡಾಪಟು ಅರ್ಜುನ್ ದೇವಯ್ಯ ಮುಖ್ಯ ಅತಿಥಿಗಳಾಗಿ ಆಗಮಿಸಲಿದ್ದಾರೆ.",2,ದುಂಡನೆಯ,Circular
ಗುಂಡು,ಅವರ ಕಣ್ಣು ಗುಂಡು ಗುಂಡಾಗಿದ್ದ ವಿಧವೆಯ ಮೇಲೆ ನೆಟ್ಟಿತ್ತು.,2,ದುಂಡನೆಯ,Circular
ಗುಂಡು,"ತಂತಿ ಬೇಲಿ: ಜಿಲ್ಲೆಯಲ್ಲಿರುವ ಗೋಮಾಳ, ಸ್ಮಶಾನ, ಕೆರೆ ಅಂಗಳ, ಗುಂಡು ತೋಪು ಸೇರಿದಂತೆ ಸರ್ಕಾರಿ ಆಸ್ತಿಗಳ ಬಗ್ಗೆ ತಹಶೀಲ್ದಾರ್‌ ಸರ್ವೇ ಮಾಡಿ ತಾ.",2,ದುಂಡನೆಯ,Circular
ಗುಂಡು,ಬೀಳಗಿ: ತಾಲ್ಲೂಕಿನ ಬಾಡಗಿ ಹಾಗೂ ಬೂದಿಹಾಳ ಗ್ರಾಮಗಳಿಗೆ ಬಸ್‌ನಲ್ಲಿ ಹೋಗುತ್ತಿರುವಾಗ ಬೇರೆ ಬೇರೆ ಸೈಜಿನ ಗುಂಡು ಕಲ್ಲುಗಳನ್ನು ಗುಡ್ಡದೋಪಾದಿಯಲ್ಲಿ ಪೇರಿಸಿಟ್ಟ ದೃಶ್ಯ ಪ್ರಯಾಣಿಕರಿಗೆ ಕಾಣಿಸುತ್ತದೆ.,2,ದುಂಡನೆಯ,Circular
ಗುಂಡು,"ಪುರುಷರಿಗಾಗಿ 100ಮೀ ಓಟ,ಗುಂಡು ಎಸೆತ, ಚೆಸ್, ವಾಲಿಬಾಲ್, ಕೇರಂ ಸಿಂಗಲ್ಸ್ ಮತ್ತು ಡಬಲ್ಸ್, 40ವರ್ಷ ಮೇಲ್ಪಟ್ಟ ಪುರುಷರಿಗೆ ಮಡಿಕೆ ಒಡೆಯುವುದು, ಗುಂಡು ಎಸೆತ, ಮಹಿಳೆಯರಿಗೆ 100 ಮೀಟರ್ ಓಟ, ರಿಂಗ್ ಎಸೆಯುವುದು, ಥ್ರೋ ಬಾಲ್, ಮ್ಯೂಸಿಕಲ್ ಚೇರ್, ಕೇರಂ ಸಿಂಗಲ್,40 ವರ್ಷ ಮೇಲ್ಪಟ್ಟ ಮಹಿಳೆಯರಿಗೆ ಮಡಿಕೆ ಒಡೆಯುವುದು, ಹಗ್ಗ ಜಗ್ಗಾಟ ಕ್ರೀಡೆಗಳನ್ನು ಆಯೋಜಿಸಲಾಗಿತ್ತು.",2,ದುಂಡನೆಯ,Circular
ಗುಂಡು,"ಜಿಲ್ಲಾ ಘಟಕ ಅಧ್ಯಕ್ಷ ಮರಗಲ್ ಶ್ರೀನಿವಾಸ್ ಮಾತನಾಡಿ, ಗ್ರಾಮಗಳ ವ್ಯಾಪ್ತಿಯ ಗುಂಡು ತೋಪು, ಖರಾಬು, ಗೋಮಾಳದ ಸರ್ಕಾರಿ ಜಮೀನಿನ ರಕ್ಷಣೆ ಅಧಿಕಾರಿಗಳ ಹೊಣೆ.",2,ದುಂಡನೆಯ,Circular
ಗುಂಡು,"ವೈದ್ಯ ಪೋಲ್ ವಾಲ್ಟ್‍ನಲ್ಲಿ ಪ್ರಥಮ, ಅಂಕಿತ್ ಪೈ ದ್ವಿತೀಯ, ಮಹಮ್ಮದ್ ತನ್ಸಿಫ್, ದೇವೇಂದ್ರ ಖಾರ್ವಿ ಗುಡ್ಡಗಾಡು ಓಟದಲ್ಲಿ ತೃತೀಯ ಮತ್ತು ಚತುರ್ಥ, ಫರ್ದಿನ್ ಚಕ್ರ ಎಸೆತ, ಗುಂಡು ಎಸೆತ ದ್ವಿತೀಯ, ಹ್ಯಾಮರ್ ಥ್ರೋದಲ್ಲಿ ತೃತಿಯ ಸ್ಥಾನವನ್ನು ಗಳಿಸಿದ್ದಾನೆ.",2,ದುಂಡನೆಯ,Circular
ಗುಂಡು,ಈ ಹಂತದ ಕೋವಿಮದ್ದಿನ ಸಂಪೂರ್ಣ ಉಷ್ಣ ವಿಕಸನದ ಗುಂಡು ಕೊಳವೆಯ ಚಾನಲ್ ಗೋಚರಕ್ಕೆ ತನಕ ಇರುತ್ತದೆ.,2,ದುಂಡನೆಯ,Circular
ಗುಂಡು,"ಗುಂಡು ಎಸೆತ: ಕಾರ್ಕಳದ ಸರ್ಕಾರಿ ಪಾಲಿಟೆಕ್ನಿಕ್‌ನ ಸುಚಿತ್ರಾ (ಪ್ರಥಮ), ಭದ್ರಾವತಿಯ ಸರ್ಕಾರಿ ಪಾಲಿಟೆಕ್ನಿಕ್‌ನ ಮುಕಾಂಬಿಕೆ (ದ್ವಿತೀಯ) ಹಾಗೂ ನಿಟ್ಟೆಯ ಎನ್.",2,ದುಂಡನೆಯ,Circular
ಗುಂಡು,ಕೇತೂಳ ಬಾಯಿ ಅವನ ತುಣ್ಣೆಯ ಮೂಂದೊಗಲು ಸರಿಸಿ ಆ ಮೆತ್ತನೆಯ ಗುಂಡು ತಲೆಯನ್ನು ಹಲ್ಲಿನ ಮಧ್ಯೆ ಕಚ್ಚಿ ಇವನು ಸೀಟಿನಲ್ಲೇ ಎಗರುವಂತೆ ಮಾಡಿತು.,2,ದುಂಡನೆಯ,Circular
ಗುಂಡು,ಗುಂಡು ಎಸೆತ: ಪ್ರಥಮ– ಸಿ.,2,ದುಂಡನೆಯ,Circular
ಗುಂಡು,"ತಿರುವನಂತಪುರದ ಪೞಙಾಡಿ, ಕೊಟ್ಟಾರಕರ, ವಾಳಪ್ಪಳ್ಳಿ ಮೊದಲಾದೆಡೆಗಳಲ್ಲಿನ ಗಣಪತಿ ದೇವಾಲಯಗಳಲ್ಲಿನ ಅಪ್ಪಂನೈವೆದ್ಯಂ (ಒಂದು ತೆರನ ಸಿಹಿ ಗುಂಡು ಪೊಂಗಲ್) ವಿಶೇಷವಾದದ್ದು.",2,ದುಂಡನೆಯ,Circular
ಗುಂಡು,"ಆಗಿನಿಂದಲೇ ಶಾಲಾ ಮಟ್ಟದಲ್ಲಿ ಕಬಡ್ಡಿ, ಗುಂಡು ಎಸೆತ, ಓಟದ ಸ್ಪರ್ಧೆಗಳಲ್ಲಿ ಪ್ರಶಸ್ತಿಗಳನ್ನು ಪಡೆದಿದ್ದಾರೆ.",2,ದುಂಡನೆಯ,Circular
ಗುಂಡು,ಆ ಗುಂಡು ಮೂರ್ತಿಗೆ ತಾಗಿದ್ದು ಅಂದಿನಿಂದ ಈ ಮೂರ್ತಿಯ ಕುತ್ತಿಗೆ ಎಡಗಡೆಗೆ ತಿರುಗಿದೆ ಎನ್ನುತ್ತಾರೆ.,2,ದುಂಡನೆಯ,Circular
ಗುಂಡು,ಮಲ್ಲನು ನೆರೆಗಲಿ ವಜ್ರದ ಗುಂಡು ||೨೧||೩,2,ದುಂಡನೆಯ,Circular
ಗುಂಡು,"ಗುಂಡು ಮುಖ, ಸಾಧಾರಣ ಮೈಕಟ್ಟು, ಎಣ್ಣೆಗೆಂಪು ಮೈಬಣ್ಣ ಹೊಂದಿದ್ದು ನೀಲಿ ಬಣ್ಣದ ಜೀನ್ಸ್ ಪ್ಯಾಂಟ್, ಚೆಕ್ಸ್ ಕಾಪಿ ಕಲರ್ ಶರ್ಟ್ ಧರಿಸಿರುತ್ತಾರೆ.",2,ದುಂಡನೆಯ,Circular
ಗುಡುಗು,ಎಸ್ ಯಡಿಯೂರಪ್ಪ ಅವರ ಬಗ್ಗೆ ಮಾತನಾಡುತ್ತಾ ಮೊದಲಿನ ಯಡಿಯೂರಪ್ಪ ಈಗ ಇಲ್ಲ ಮೊದಲೆಲ್ಲ ಯಡಿಯೂರಪ್ಪ ಮಾತನಾಡಿದರೆ ಗುಡುಗು-ಮಿಂಚು ಎಂಬ ಮಾತುಗಳು ಬರುತ್ತಿತ್ತು ಆದರೆ ಈಗ ಯಡಿಯೂರಪ್ಪನನ್ನು ನೋಡಿದರೆ ಗುಡುಗು ಇಲ್ಲ ಮಿಂಚೂ ಇಲ್ಲಾ ಎಂದು ವಿಧಾನಸೌಧದಲ್ಲಿ ಮಾತನಾಡಿದರು.,1,ಆರ್ಭಟ,uproar
ಗುಡುಗು,ಜಮ್ಮು ಕಾಶ್ಮೀರ ಚೇತರಿಸಿಕೊಳ್ಳಲು ಸಮಯ ಬೇಡವೇ – ರಾಹುಲ್ ವಿರುದ್ಧ ಮಾಯಾವತಿ ಗುಡುಗು,1,ಆರ್ಭಟ,uproar
ಗುಡುಗು,"ನಮಗೆ ದೇಶ ಮೊದಲು, ನಂತ್ರ ವೋಟ್ ಬ್ಯಾಂಕ್: ಮಮತಾ ವಿರುದ್ಧ ಶಾ ಗುಡುಗು",1,ಆರ್ಭಟ,uproar
ಗುಡುಗು,"ಪರಭಾಷೆ ಚಿತ್ರಗಳ ವಿರುದ್ಧ ಸಿದ್ಲಿಂಗು, ಕೋ ಕೋ ಗುಡುಗು",1,ಆರ್ಭಟ,uproar
ಗುಡುಗು,ಸಿಎಂ ವಿರುದ್ಧ ಏಕವಚನದಲ್ಲಿ ಗುಡುಗು,1,ಆರ್ಭಟ,uproar
ಗುಡುಗು,ನಾವು ಪಕ್ಷಕ್ಕೆ ಹಿಂದಿರುಗುವ ಪ್ರಶ್ನೆಯೇ ಇಲ್ಲ: ಅತೃಪ್ತರ ಪರ ವಿಶ್ವನಾಥ್ ಗುಡುಗು,1,ಆರ್ಭಟ,uproar
ಗುಡುಗು,ಇದನ್ನೂ ಓದಿ: ಸೋಲಿನ ಭಯದಲ್ಲಿ ಕೇಂದ್ರದಿಂದ ಐಟಿ ರೇಡ್: ಮೈತ್ರಿ ಪಕ್ಷಗಳ ನಾಯಕರ ಗುಡುಗು,1,ಆರ್ಭಟ,uproar
ಗುಡುಗು,"ನಾಚಿಕೆ ಆಗ್ಬೇಕು, ನಿಮ್ಮ ವಿರುದ್ಧ ಕಾನೂನು ಸಮರ: ಬ್ರಿಜೇಶ್ ಕಾಳಪ್ಪ ವಿರುದ್ಧ ಸೋಮ್ ದತ್ತಾ ಗುಡುಗು",1,ಆರ್ಭಟ,uproar
ಗುಡುಗು,ಡ್ರೀಮ್ ಮಾಡುವಾಗ ಗುಡುಗು ಕೇಳಲು ಕೋಪ ಅಥವಾ ಆಕ್ರಮಣಗಳ ಹಿಂಸಾತ್ಮಕ ಪ್ರಕೋಪವನ್ನು ಸೂಚಿಸುತ್ತದೆ.,1,ಆರ್ಭಟ,uproar
ಗುಡುಗು,ಸರ್ಕಾರದ ವಿರುದ್ಧ ಎಚ್ಡಿಕೆ ಗುಡುಗು,1,ಆರ್ಭಟ,uproar
ಗುಡುಗು,ನಿಮಿಷ ಕಳೆದರೂ ಸದನಕ್ಕೆ ಬಾರದ ಆಡಳಿತ ಸದಸ್ಯರು : ಕೋಟ್ ಶ್ರಿÃನಿವಾಸ್ ಗುಡುಗು,1,ಆರ್ಭಟ,uproar
ಗುಡುಗು,2019ರ ಲೋಕಸಭಾ ಚುನಾವಣೆಯಲ್ಲಿ ಮೋದಿ ಮುಕ್ತ ಭಾರತ: ಮುಂಬೈನ ಶಿವಾಜಿ ಪಾರ್ಕ್​ನಲ್ಲಿ ರಾಜ್​ ಠಾಕ್ರೆ ಗುಡುಗು,1,ಆರ್ಭಟ,uproar
ಗುಡುಗು,"ಸಿದ್ದರಾಮಯ್ಯ ಗುಡುಗು : ಯಡಿಯೂರಪ್ಪನಂಥ ಭಂಡ, ಢೋಂಗಿ, ಮಹಾನ್ ಸುಳ್ಳುಗಾರ, ಸೋಗಲಾಡಿ ಮುಖ್ಯಮಂತ್ರಿಯನ್ನು ನೋಡಿಲ್ಲ, ನೋಡಲೂ ಸಾಧ್ಯವಿಲ್ಲ.",1,ಆರ್ಭಟ,uproar
ಗುಡುಗು,"ರಸ್ತೆ, ರಸ್ತೆಗಳಲ್ಲಿ ಸಿಎಂ, ಸಚಿವರ ಮಾನ ಹರಾಜು ಹಾಕ್ತೇನೆ: ಯಡ್ಡಿ ಗುಡುಗು",1,ಆರ್ಭಟ,uproar
ಗುಡುಗು,ಕಾಶ್ಮಿರ ಯಾವತ್ತೂ ಫಾಕಿಸ್ತಾನದ ಭಾಗವಾಗುವುದಿಲ್ಲ: ಸುಷ್ಮಾ ಸ್ವರಾಜ್ ಗುಡುಗು,1,ಆರ್ಭಟ,uproar
ಗುಡುಗು,ಯಡಿಯೂರಪ್ಪ ವಿರುದ್ಧ ಸಿಎಂ ಗುಡುಗು,1,ಆರ್ಭಟ,uproar
ಗುಡುಗು,ಎಂಬ ಮೂರಕ್ಷಗಳ ಗುಡುಗು ಹೆದರಿದ ವಿದ್ಯಾರ್ಥಿಗಳ ಧೈರ್ಯವನ್ನೆಲ್ಲ ದ್ರವೀಕರಿಸುತ್ತಿತ್ತು.,1,ಆರ್ಭಟ,uproar
ಗುಡುಗು,ರೇವಣ್ಣ ಆರೋಪ – ಬಿಜೆಪಿ ಸರ್ಕಾರದ ವಿರುದ್ಧ ಗುಡುಗು,1,ಆರ್ಭಟ,uproar
ಗುಡುಗು,ವಿಧಾನಸಭೆಯಲ್ಲಿ ಗುಡುಗು ಹಾಕುತ್ತಿದ್ದ ಇವರು ಸ್ವಕ್ಷೇತ್ರದ ಕಡೆಗೆ ಕಿಂಚತ್ತು ಕಾಳಜಿ ಇರಲಿಲ್ಲ.,1,ಆರ್ಭಟ,uproar
ಗುಡುಗು,ದೇವಯ್ಯ ಗರಂ : ನಿಮ್ಮನ್ನು ಗೆಲ್ಲಿಸಿ ಕಳುಹಿಸಿದ್ದೇ ದುರಂತವೆಂದು ಗುಡುಗು,1,ಆರ್ಭಟ,uproar
ಗುಡುಗು,ಮೌನಕ್ಕೆ ಜಾರಿದ ಸಿಎಂ-ಇತ್ತ ಕನಕಪುರ ಬಂಡೆಯ ಗುಡುಗು !,1,ಆರ್ಭಟ,uproar
ಗುಡುಗು,ಮತ್ತೆ ಸಿಎಂ ವಿರುದ್ಧ ಯತ್ನಾಳ ಗುಡುಗು,1,ಆರ್ಭಟ,uproar
ಗುಡುಗು,ಮಿಂಚಿನ ಬೋಲ್ಟ್ ನಂತೆ ಸ್ಫೂರ್ತಿ ಗುಡುಗು ದೇವರು ಹಿಟ್.,1,ಆರ್ಭಟ,uproar
ಗುಡುಗು,"ರಾಜ್ಯದಲ್ಲಿ ಮಳೆಗಾಳಿಯ ಅಬ್ಬರ ತಣ್ಣಗಿದ್ದರೂ, ಇಪ್ಪತ್ತ ಮೂರು ದಿನಗಳ ಈ ಅಧಿವೇಶನದಲ್ಲಿ ಪ್ರತಿಪಕ್ಷಗಳು ಮಿಂಚು ಗುಡುಗು ಹರಿಸುವ ನಿರೀಕ್ಷೆಯಿದೆ.",1,ಆರ್ಭಟ,uproar
ಗುಡುಗು,ಇದನ್ನೂ ಓದಿ: ಅಧಿಕಾರ ಇಲ್ಲ ಅಂದ ಮಾತ್ರಕ್ಕೆ ಪಕ್ಷವನ್ನು ಮುಗಿಸಲು ಸಾಧ್ಯವಿಲ್ಲ; ದೇವೇಗೌಡ ಗುಡುಗು,1,ಆರ್ಭಟ,uproar
ಗುಡುಗು,ಆಪ್ ಸಿದ್ಧಾಂತ ತ್ಯಜಿಸುವ ಬದಲು ಸಾಯಲೂ ಸಿದ್ಧ: ಕೇಜ್ರಿ ಗುಡುಗು,1,ಆರ್ಭಟ,uproar
ಗುಡುಗು,ಸಿದ್ದು ನೀಚ ಸಿಎಂ-ನೀಚನನ್ನು ಬೆಳೆಸಿದ್ದು ನನ್ನ ತಪ್ಪು : ದೇವೇಗೌಡ ಗುಡುಗು,1,ಆರ್ಭಟ,uproar
ಗುಡುಗು,ಸಾರ್ವಜನಿಕವಾಗಿ ಕ್ಷಮೆ ಕೇಳಿದ್ರೂ ನಾನು ತಾರ್ಕಿಕ ಅಂತ್ಯ ಸಿಗೋವರೆಗೆ ಹೋರಾಡ್ತೀನಿ: ಶೃತಿ ಗುಡುಗು,1,ಆರ್ಭಟ,uproar
ಗುಡುಗು,"ನಾವೇನು ಮಾಡ್ತೀವಿ ಅಂತ ಹೇಳಲ್ಲ, ಕಾದು ನೋಡಿ: ದುನಿಯಾ ವಿಜಿ ಗುಡುಗು",1,ಆರ್ಭಟ,uproar
ಗುಡುಗು,ಮುಂದೆ ಏನೆಲ್ಲಾ ಆಗುತ್ತೆ ಕಾದುನೋಡಿ- ಸಿದ್ದು ಭೇಟಿ ಬಳಿಕ ಶಾಸಕ ಎಂಟಿಬಿ ಗುಡುಗು,1,ಆರ್ಭಟ,uproar
ಗುಡುಗು,ಪಿಕ್ಚರ್ ಅಭಿ ಬಾಕಿ ಹೈ – ಭ್ರಷ್ಟಾಚಾರಿಗಳ ವಿರುದ್ಧ ಮೋದಿ ಗುಡುಗು,1,ಆರ್ಭಟ,uproar
ಗುಡುಗು,ಸಂಸದೆ ಶಾಂತಾ ಗುಡುಗು,1,ಆರ್ಭಟ,uproar
ಗುಡುಗು,[ ದೇಗುಲದ ವಿರುದ್ಧ ಮೋದಿ ಗುಡುಗು ],1,ಆರ್ಭಟ,uproar
ಗುಡುಗು,ನೈಸ್ ವಿರುದ್ಧ ಮತ್ತೆ ದೇವೇಗೌಡರ ಗುಡುಗು,1,ಆರ್ಭಟ,uproar
ಗುಡುಗು,ನೀವ್ಯಾರೂ ದೇವನಿಗಿಂತ ಮೇಲಲ್ಲ: ಬಿಸಿಸಿಐ ವಿರುದ್ಧ ಶ್ರೀಶಾಂತ್ ಗುಡುಗು,1,ಆರ್ಭಟ,uproar
ಗುಡುಗು,ಅಮೇರಿಕದ ಹ್ಯೂಸ್ಟನ್ ನಲ್ಲಿ ಮೋಡಿ ಮಾಡಿದ ಮೋದಿ : ಭಯೋತ್ಪಾದನೆ ಅದರ ಬೆಂಬಲಿಗರ ವಿರುದ್ಧ ಹೋರಾಟ ; ಪಾಕ್ ವಿರುದ್ಧ ಗುಡುಗು,1,ಆರ್ಭಟ,uproar
ಗುಡುಗು,ಕೇಂದ್ರದ ವಿರುದ್ಧ ಗುಡುಗು,1,ಆರ್ಭಟ,uproar
ಗುಡುಗು,ಹಿಂದಿನ ಅಧ್ಯಕ್ಷ ಒಬಾಮ ಆಗಾಗ ಸಿರಿಯಾ ವಿರುದ್ಧ ಗುಡುಗು ಹಾಕುಧಿತ್ತಿದ್ದರೂ ದಾಳಿ ನಡೆಸುವ ಸಾಹಸಕ್ಕೆ ಮುಂದಾಗಿರಲಿಲ್ಲ.,1,ಆರ್ಭಟ,uproar
ಗುಡುಗು,"ಮೋದಿ, ಬಿಎಸ್‍ವೈಯನ್ನು ಮತ್ತೆ ಹೊಗಳಿ ಗೌಡ್ರ ಕುಟುಂಬದ ವಿರುದ್ಧ ಜಿಟಿಡಿ ಗುಡುಗು",1,ಆರ್ಭಟ,uproar
ಗುಡುಗು,"ನನ್ ತಂಟೆಗೆ ಬಂದ್ರೆ ಸುಮ್ನೆ ಬಿಡಲ್ಲ, ಭೀಮಾ ತೀರದಲ್ಲಿ ಮತ್ತೆ ಹಂತಕರ ಗುಡುಗು",1,ಆರ್ಭಟ,uproar
ಗುಡುಗು,"ಹವಾಮಾನ ಕಚ್ಚುವಿಕೆ ಬದಲಾವಣೆ ಮೊದಲು ಗುಡುಗು ಅದರ ಬಲಪಡಿಸುವ ಆಚರಿಸಲಾಗುತ್ತದೆ ಸಮಯದಲ್ಲಿ, ದುರ್ಬಲಗೊಳಿಸುತ್ತದೆ.",2,ಮೇಘಗರ್ಜನೆ,Thunder
ಗುಡುಗು,ಗುಡುಗು ಸಿಡಿಲು ಕಾರ್ಗತ್ತಲು,2,ಮೇಘಗರ್ಜನೆ,Thunder
ಗುಡುಗು,"ಸಂಜೆ ವೇಳೆ ಭಾರಿ ಬಿರುಗಾಳಿ, ಗುಡುಗು ಮಿಂಚಿನ ಆರ್ಭಟ ಶುರುವಾಯಿತು.",2,ಮೇಘಗರ್ಜನೆ,Thunder
ಗುಡುಗು,ಗುಡುಗು ಕಾಲದಲ್ಲಿ ಸರಿಯಾದ ನಡವಳಿಕೆ ವಾಸ್ತವವಾಗಿ ಕೆಲವೊಮ್ಮೆ ಜೀವನ ಮತ್ತು ಮರಣದ ಬಗ್ಗೆ ನಿರ್ಧರಿಸುತ್ತದೆ.,2,ಮೇಘಗರ್ಜನೆ,Thunder
ಗುಡುಗು,"ಮಹಾನಗರ: ಅರಬ್ಬಿ ಸಮುದ್ರದಲ್ಲಿ ವಾಯುಭಾರ ಕುಸಿತ ಉಂಟಾದ ಪರಿಣಾಮದಿಂದಾಗಿ ನಗರದಲ್ಲಿ ಗುರುವಾರ ಸಂಜೆ ವೇಳೆಗೆ ಗುಡುಗು ಸಿಡಿಲಿನಿಂದ ಕೂಡಿದ ಭಾರೀ ಗಾಳಿ ಮಳೆಯಾಗಿದ್ದು, ಜನಜೀವನ ಕೂಡ ಸ್ವಲ್ಪ ಮಟ್ಟಿಗೆ ಅಸ್ತವ್ಯಸ್ಥಗೊಂಡಿತ್ತು.",2,ಮೇಘಗರ್ಜನೆ,Thunder
ಗುಡುಗು,100ಕ್ಕೂ ಹೆಚ್ಚು ಮನೆಗೆ ನೀರು: ಗುಡುಗು -ಮಿಂಚಿನೊಂದಿಗೆ ಗುರುವಾರ ರಾತ್ರಿ 11 ಗಂಟೆಗೆ ಆರಂಭವಾದ ಮಳೆ ಬಿರುಸಾಗಿಯೇ ಸುರಿಯಿತು.,2,ಮೇಘಗರ್ಜನೆ,Thunder
ಗುಡುಗು,ರಾಜ್ಯದ ವಿವಿಧ ಪ್ರದೇಶಗಳಲ್ಲಿ ಗುಡುಗು ಸಹಿತ ಭಾರೀ ಮಳೆ ಅಬ್ಬರಿಸಲಿದೆ ಎಂದು ಹವಾಮಾನ ಇಲಾಖೆ ಎಚ್ಚರಿಕೆ ನೀಡಿದೆ.,2,ಮೇಘಗರ್ಜನೆ,Thunder
ಗುಡುಗು,"ಕಟ್ಟಡ ಕುಸಿತಕ್ಕೆ ಮಳೆ, ಸಿಡಿಲು, ಗುಡುಗು ಕಾರಣವಲ್ಲ, ಕಳಪೆ ಕಾಮಗಾರಿಯೇ ಕಾರಣ ಎಂದು ಪೊಲೀಸರು ಹೇಳಿದ್ದಾರೆ.",2,ಮೇಘಗರ್ಜನೆ,Thunder
ಗುಡುಗು,"ಶುಕ್ರವಾರ ಕೂಡ ಕೆಲವು ಗಂಟೆ ಕಾಲ ಗುಡುಗು ಸಹಿತ ಮಳೆಯಾಗಿದ್ದು, ನಿರೀಕ್ಷೆ ಹೆಚ್ಚಿಸಿದೆ.",2,ಮೇಘಗರ್ಜನೆ,Thunder
ಗುಡುಗು,"ಒಂದು ದಿನ ಸಾಧಾರಣ ಮಳೆಯಾದರೆ ಇನ್ನೊಂದು ದಿನ ಆಲಿಕಲ್ಲು, ಗುಡುಗು ಸಹಿತ ಮಳೆ ಬೀಳುತ್ತಿದೆ.",2,ಮೇಘಗರ್ಜನೆ,Thunder
ಗುಡುಗು,ತಡರಾತ್ರಿ ಗುಡುಗು ಸಹಿತ ವರ್ಷಧಾರೆ-ಮನೆಗಳಿಗೆ ನುಗ್ಗಿದ ಮಳೆ ನೀರು,2,ಮೇಘಗರ್ಜನೆ,Thunder
ಗುಡುಗು,ಈ ಭಾನುವಾರದಂದು ಭಾರೀ ಗುಡುಗು ಉಂಟಾಗುತ್ತದೆ ಎಂದು ನಿರೀಕ್ಷಿಸಲಾಗಿದೆ.,2,ಮೇಘಗರ್ಜನೆ,Thunder
ಗುಡುಗು,ನಿತ್ಯ ಗುಡುಗು ಸಹಿತ ಮಳೆ ಬಿದ್ದರೂ ಕೇವಲ ಒಂದು ಅಡಿಯಷ್ಟು ನೀರು ತಳಭಾಗದಲ್ಲಿ ನಿಂತಿದೆ.,2,ಮೇಘಗರ್ಜನೆ,Thunder
ಗುಡುಗು,ಚಿಂಚೋಳಿ ಸುತ್ತ ಗುಡುಗು ಸಹಿತ ಮಳೆ,2,ಮೇಘಗರ್ಜನೆ,Thunder
ಗುಡುಗು,ಇತರೆ ಗುಡುಗು ಬಿರುಗಾಳಿ ನೈಸರ್ಗಿಕ ವಿದ್ಯಮಾನಗಳು,2,ಮೇಘಗರ್ಜನೆ,Thunder
ಗುಡುಗು,"ಉಳ್ಳಾಲ: ಗುಡುಗು ಸಹಿತ ಮಳೆ, ವಿವಿಧೆಡೆ ಹಾನಿ",2,ಮೇಘಗರ್ಜನೆ,Thunder
ಗುಡುಗು,"ತಕ್ಷಣ ಭಾರೀ ಮಳೆ ಬೇಸಿಗೆ, ಗುಡುಗು ಜೊತೆಗೂಡಿ ನಂತರ ರಸ್ತೆಯಲ್ಲಿ ಉಸಿರಾಡಲು ಹೇಗೆ ಉತ್ತಮ ನೆನಪಿಡಿ!",2,ಮೇಘಗರ್ಜನೆ,Thunder
ಗುಡುಗು,ಗೃಹಬಳಕೆಯ ಉಪಕರಣಗಳು ಕೂಡ ಗುಡುಗು ಸಿಡಿಲಿಗೆ ಸುಟ್ಟು ಹೋಗಿವೆ ಎಂದು ತಿಳಿದು ಬಂದಿದೆ.,2,ಮೇಘಗರ್ಜನೆ,Thunder
ಗುಡುಗು,ಸಂಜೆಯಿಂದ ರಾತ್ರಿವರೆಗೂ ವ್ಯಾಪಕ ಗುಡುಗು ಸಹಿತ ಭಾರೀ ಮಳೆಯಾಗಲಿದೆ ಎಂದು ಹವಾಮಾನ ಇಲಾಖೆ ಎಚ್ಚರಿಸಿದೆ.,2,ಮೇಘಗರ್ಜನೆ,Thunder
ಗುಡುಗು,ದಕ್ಷಿಣ ಒಳನಾಡಿನಲ್ಲಿ ಗುಡುಗು ಸಹಿತ ಸುರಿಮಳೆ ಬೀಳುವ ಮುನ್ಸೂಚನೆ ದೊರಕಿದೆ.,2,ಮೇಘಗರ್ಜನೆ,Thunder
ಗುಡುಗು,ಶನಿವಾರ ಮುಂಜಾನೆಯವರೆಗೆ ರಾಜ್ಯದ ಬಹುತೇಕ ಕಡೆಗಳಲ್ಲಿ ಗುಡುಗು ಸಹಿತ ಮಳೆಯಾಗಲಿದೆ ಎಂದು ಇಲಾಖೆ ತಿಳಿಸಿದೆ.,2,ಮೇಘಗರ್ಜನೆ,Thunder
ಗುಡುಗು,ಗಾಳಿ ಮತ್ತು ಗುಡುಗು ಜೋರಾಗಿತ್ತು.,2,ಮೇಘಗರ್ಜನೆ,Thunder
ಗುಡುಗು,ಗುಡುಗು ಸಹಿತ ಮಳೆ,2,ಮೇಘಗರ್ಜನೆ,Thunder
ಗುಡುಗು,"ರಾಯಚೂರು ಜಿಲ್ಲೆ ಮಸ್ಕಿ ಪಟ್ಟಣದಲ್ಲಿ ಬುಧವಾರ ಸಂಜೆ ಗಾಳಿ, ಗುಡುಗು ಸಹಿತ ಎರಡು ಗಂಟೆ ಸುರಿದ ಮಳೆಯಿಂದಾಗಿ ಪಟ್ಟಣದಲ್ಲಿ ಜನಜೀವನ ಅಸ್ತವ್ಯಸ್ತಗೊಂಡಿತ್ತು.",2,ಮೇಘಗರ್ಜನೆ,Thunder
ಗುಡುಗು,ಪ್ರತಿ ವರ್ಷ ರಾಜ್ಯ ಗುಡುಗು ಸಿಡಲಿನ ದಾಳಿಗೆ ಕನಿಷ್ಠ 70 ರಿಂದ 80 ಮಂದಿ ಸಾಯುತ್ತಿದ್ದಾರೆ.,2,ಮೇಘಗರ್ಜನೆ,Thunder
ಗುಡುಗು,ಅಕಾಲದಲ್ಲಿ ಗುಡುಗು ಕಾಣಿಸಿ ಮಳೆಯಾಗುತ್ತದೆ.,2,ಮೇಘಗರ್ಜನೆ,Thunder
ಗುಡುಗು,ಬೆಂಗಳೂರು: ಇಂದಿನಿಂದ ಶುಕ್ರವಾರದವರೆಗೆ ಹಲವೆಡೆ ಗುಡುಗು ಸಹಿತ ಮಳೆಯಾಗುವ ಸಾಧ್ಯತೆ ಇದೆ.,2,ಮೇಘಗರ್ಜನೆ,Thunder
ಗುಡುಗು,ಸುಂಟಿಕೊಪ್ಪ: ಗ್ರಾಮ ಹಾಗೂ ಸುತ್ತಮುತ್ತಲಿನ ಗ್ರಾಮಗಳಲ್ಲಿ ಸೋಮವಾರ ರಾತ್ರಿ ಗುಡುಗು ಸಹಿತ ಉತ್ತಮ ಮಳೆ ಸುರಿಯಿತು.,2,ಮೇಘಗರ್ಜನೆ,Thunder
ಗುಡುಗು,ಜಿಲ್ಲೆಯಾದ್ಯಂತ ಗುಡುಗು ಸಹಿತ ಬಾರೀ ಮಳೆ: ಜನಜೀವನ ಮತ್ತು ಸಂಚಾರ ಅಸ್ತವ್ಯಸ್ತ – ಕಹಳೆ ನ್ಯೂಸ್,2,ಮೇಘಗರ್ಜನೆ,Thunder
ಗುಡುಗು,ಅಂದಿನ ಗುಡುಗು ಹೊಸಹುಟ್ಟಿನ ಸಂಭ್ರಮಕ್ಕೆ ಮಂಗಳವಾದ್ಯವನ್ನು ಭಾರಿಸಿದಂತಿತ್ತು.,2,ಮೇಘಗರ್ಜನೆ,Thunder
ಗುಡುಗು,"ಹಂಗೆ ಸಿಕ್ಕಾಪಟ್ಟೆ ಮಳೆ‌ಬಂತೂ, ಅದೂ ಕೂಡ ಭಾರಿ ಸದ್ದಿನ ಗುಡುಗು ಸಿಡಿಲಿನ ಮಳೆ…ಇವತ್ ಇನ್ನೇನ್ ಮನಿಕಳತೋ.",2,ಮೇಘಗರ್ಜನೆ,Thunder
ಗುಡುಗು,ರಾಜ್ಯದ ಹಲವೆಡೆ ಇನ್ನೆರಡು ದಿನ ಗುಡುಗು ಸಹಿತ ಮಳೆಯಾಗುವ ಸೂಚನೆ,2,ಮೇಘಗರ್ಜನೆ,Thunder
ಗುಡುಗು,ಕೊನೆಯ ಹಂತದ ಶೂಟಿಂಗ್ ನಲ್ಲಿ ಗುಡುಗು,2,ಮೇಘಗರ್ಜನೆ,Thunder
ಗುಡುಗು,ದಕ್ಷಿಣ ಒಳನಾಡಿನಲ್ಲಿ ಶುಕ್ರವಾರದವರೆಗೂ ಗುಡುಗು ಸಹಿತ ಮಳೆಯಾಗುವ ನಿರೀಕ್ಷೆ ಇದೆ ಎಂದು ಹವಾಮಾನ ಇಲಾಖೆ ಮುನ್ಸೂಚನೆ ನೀಡಿದೆ.,2,ಮೇಘಗರ್ಜನೆ,Thunder
ಗುಡುಗು,"ಮಂಡ್ಯ ಜಿಲ್ಲೆಯಲ್ಲಿ ಗುಡುಗು ಮಿಂಚು ಸಹಿತ ಮಳೆಯಾಗಿದ್ದು, ಹಲವು ಭಾಗದಲ್ಲಿ ವಿದ್ಯುತ್ ಕಡಿತವಾಗಿದೆ.",2,ಮೇಘಗರ್ಜನೆ,Thunder
ಗುಡುಗು,ಗುಡುಗು ಸಿಡಿಲುಗಳು ಎಲ್ಲರನ್ನೂ ಆತಂಕಕ್ಕೆ,2,ಮೇಘಗರ್ಜನೆ,Thunder
ಗುಡುಗು,"ಉದಾಹರಣೆಗೆ, ಆಕಾಶ, ಡ್ರಾಪ್ ಅಥವಾ ಬ್ರೇಕ್ ಕೂಲಂಕಷವಾಗಿ, ಗುಡುಗು ಚಂಡಮಾರುತದ ಹಿಡಿಯಲು.",2,ಮೇಘಗರ್ಜನೆ,Thunder
ಗುಡುಗು,"ಗುಡುಗು ಮತ್ತು ಸಿಡಿಲಿಗೆ 94 ಮಂದಿ ಸತ್ತಿದ್ದು, 10 ಮಂದಿ ನೀರಿನಲ್ಲಿ ಕೊಚ್ಚಿ ಹೋಗಿದ್ದಾರೆ.",2,ಮೇಘಗರ್ಜನೆ,Thunder
ಗುಡುಗು,"ಗುರುವಾರ ರಾತ್ರಿ ಸುರಿದ ಗುಡುಗು ಸಹಿತ ಭಾರೀ ಗಾಳಿ ಮಳೆಗೆ ಭೂಮಿಗೆ ತಂಪಾದರೂ, ಜನತೆ ಬೆದರಿದ್ದಾರೆ.",2,ಮೇಘಗರ್ಜನೆ,Thunder
ಗುಡುಗು,ಚಳ್ಳಕೆರೆ ತಾಲೂಕಿನ ಹಲವು ಗ್ರಾಮಗಳಲ್ಲಿ ಗುಡುಗು ಮಿಂಚು ಸಹಿತ ಭಾರೀ ಮಳೆಯಾಗಿದೆ.,2,ಮೇಘಗರ್ಜನೆ,Thunder
ಗುರು,ಇದರ ಉದ್ದೇಶ ಅನೇಕ ಯುವ ಗುರು ಮತ್ತು ಯುವ ಕಲಾವಿದರಿಗೆ ನೃತ್ಯ ಪ್ರಸುತ್ತಪಡಿಸಲು ಅವಕಾಶ ಮಾಡಿಕೊಡುವುದು.,1,ಉಪಾಧ್ಯಾಯ,Teacher
ಗುರು,ಉಪೇಂದ್ರ ತಮ್ಮ ಗುರು ಕಾಶೀನಾಥ್ ಬಗ್ಗೆ ಮಾತನಾಡಿದ ಒಂದು ಪ್ರೋಮೋ ದೊಡ್ಡ ಮಟ್ಟದಲ್ಲಿ ಕ್ಲಿಕ್ ಆಗಿತ್ತು.,1,ಉಪಾಧ್ಯಾಯ,Teacher
ಗುರು,ಪರಿಹಾರದ ಅಕೌಂಟ್​ ಗುರು ತಮ್ಮ ನೋಡಿಕೊಳ್ಳುತ್ತಾನೆ.,1,ಉಪಾಧ್ಯಾಯ,Teacher
ಗುರು,ಮೇಘನಾದನು ಸ್ವತಃ ದೈತ್ಯ ಗುರು ಶುಕ್ರಾಚಾರ್ಯರಿಂದಲೇ ಶಿಕ್ಷಣವನ್ನು ಪಡೆದಿದ್ದ.,1,ಉಪಾಧ್ಯಾಯ,Teacher
ಗುರು,ಎಂಬ ವಿಲಕ್ಷಣ ಪ್ರಶ್ನೆಗೆ ಉತ್ತರ ನೀಡಲು ಗುರು ಬೇಕಿಲ್ಲ.,1,ಉಪಾಧ್ಯಾಯ,Teacher
ಗುರು,"ಪ್ರವೇಶ ಪತ್ರ, ಗುರು ತಿನ ಚೀಟಿ ನಿಮಗೆ ತಲುಪುತ್ತದೆ.",1,ಉಪಾಧ್ಯಾಯ,Teacher
ಗುರು,"ಯೋಗ ಗುರು ರಾಘವೇಂದ್ರ ಶೆಣೈ, ಸುದೀಂದ್ರ ಹೊಳ್ಳ, ಜನಾರ್ಧನ ಹಂದೆ, ಸುಜಯೀಂದ್ರ ಹಂದೆ, ಕೃಷ್ಣಮೂರ್ತಿ ಉಪ್ಪೂರ ಮತ್ತು ವಿಶ್ವಾನಾಥ ಉಪಸ್ಥಿತರಿದ್ದರು.",1,ಉಪಾಧ್ಯಾಯ,Teacher
ಗುರು,ಕಬಡ್ಡಿ ಆಟದಲ್ಲಿ ಗುರು ಶಿಷ್ಯ ಪರಂಪರೆಗೆ ಉನ್ನತ ಸ್ಥಾನವಿದೆ.,1,ಉಪಾಧ್ಯಾಯ,Teacher
ಗುರು,ಗುರು ಪರಂಪರೆಯ ಹಿನ್ನೆಲೆಯೊಂದಿಗೆ ಉಪ್ಪಿನಂಗಡಿ ಪರಿಸರಕ್ಕೆ ಆಗಮಿಸಿದ ಸಿಮಾಮ್ ಮುಕ್ರಿ ಎಂಬವರ ಕುಟುಂಬ ವೃಕ್ಷವು ಧಾರ್ಮಿಕ ಹಾಗೂ ಶೈಕ್ಷಣಿಕ ಕ್ಷೇತ್ರಗಳಲ್ಲಿ ಅನುಪಮ ಕೊಡುಗೆ ಸಲ್ಲಿಸುತ್ತಾ ಬದಲಾದ ಕಾಲಘಟ್ಟದಲ್ಲಿ ಅನನ್ಯ ಕ್ಷೇತ್ರಗಳಲ್ಲಿ ಗುರುತಿಸಿಕೊಂಡು ದೇಶ ಹಾಗೂ ಹೊರದೇಶಗಳಲ್ಲಿ ನೆಲೆಸಿಕೊಂಡಿದ್ದಾರೆ.,1,ಉಪಾಧ್ಯಾಯ,Teacher
ಗುರು,ಕಮಲಾ ಅವರ ಸಂಶೋಧನೆ ಹಾಗೂ ಚಿಂತನೆಗಳು ಅವರಿಗೆ ಕಲಿಸಿದ ಬಹುದೊಡ್ಡ ಗುರು ಪರಂಪರೆಯಿಂದ ಪ್ರೇರಿತವಾಗಿದೆ.,1,ಉಪಾಧ್ಯಾಯ,Teacher
ಗುರು,"ಕ್ಷೇತ್ರ ಶಿಕ್ಷಣಾಧಿಕಾರಿ ಸಿದ್ದವೀರಯ್ನಾ ರುದನೂರ ಕಾರ್ಯಕ್ರಮ ಉದ್ಘಾಟಿಸಿ ಮಾತನಾಡಿ, ವಿದ್ಯಾರ್ಥಿಗಳು ಸದಾ ಸಕಾರತ್ಮಕ ವಿಚಾರಗಳನ್ನು ಮಾಡಿ, ಗುರು ಹಿರಿಯರನ್ನು ಶ್ರದ್ಧೆ, ಭಕ್ತಿಯಿಂದ ಕಾಣಬೇಕು.",1,ಉಪಾಧ್ಯಾಯ,Teacher
ಗುರು,"13ನೇ ವಯಸ್ಸಿನಲ್ಲೇ ಕಲಾರಂಗ ಪ್ರವೇಶಿಸಿದ ರಾಯರು, ಓದಿದ್ದು 8ನೇ ತರಗತಿಯವರೆಗೇ ಆದರೂ, ನೂರಾರು ಶಿಷ್ಯರಿಂದ ಅತ್ಯುತ್ತಮ ಯಕ್ಷಗಾನ ಗುರು ಎಂದು ಹೊಗಳಿಸಿಕೊಂಡಿದ್ದಾರೆ.",1,ಉಪಾಧ್ಯಾಯ,Teacher
ಗುರು,ಇವರ ಗುರು ಶುಭ ಧನಂಜಯ ನಾಡಿನ ಹೆಮ್ಮೆಯ ನೃತ್ಯ ಕಲಾವಿದೆ ಹಾಗೂ ಸಮರ್ಥ ನೃತ್ಯ ಸಂಯೋಜಕಿ.,1,ಉಪಾಧ್ಯಾಯ,Teacher
ಗುರು,ತಮ್ಮ ಏಕತಾನತೆಯ ಭಾಷಣ ಗುರು ಧ್ವನಿ ಕೇವಲ ತೆಗೆದುಕೊಳ್ಳಲು ಮತ್ತು ನಿದ್ರೆ ಹೋಗಿ ಬಯಸುವ ಇಂತಹ ಶಿಕ್ಷಕರ ವಾಸ್ತವವಾಗಿ ಇವೆ!,1,ಉಪಾಧ್ಯಾಯ,Teacher
ಗುರು,ಗುರು ಅರ್ಥ ಮಾರ್ಗದರ್ಶಿ ಅಥವಾ ಜ್ಞಾನೋದಯ.,1,ಉಪಾಧ್ಯಾಯ,Teacher
ಗುರು,ದೆನುತ ಗುರು ರಚಿಸಿದನು ಲಕ್ಷ್ಯವನೊಂದು ವೃಕ್ಷದಲಿ ೫,1,ಉಪಾಧ್ಯಾಯ,Teacher
ಗುರು,ಅವನು ಮಹಾನ್ ಗುರು ಮಾಡುತ್ತದೆ.,1,ಉಪಾಧ್ಯಾಯ,Teacher
ಗುರು,ಗುರು ಶ್ರೀ ರಾಘವೇಂದ್ರ ದಯೆ ತೋರೋ,1,ಉಪಾಧ್ಯಾಯ,Teacher
ಗುರು,27:- ಇಂದು ಗುರುಪೂರ್ಣಿಮೆ ಅಂಗವಾಗಿ ಜೀವನದಲ್ಲಿ ಒಂದಲ್ಲ ಒಂದು ಪಾಠ ಕಲಿಸಿದ ಗುರು ಸಮಾನರಿಗೆ ಕೃತಜ್ಞತೆ ಅರ್ಪಿಸುವ ಸಲುವಾಗಿ ಮೈಸೂರಿನ ಅರ್ಜುನ ಅವಧೂತ ಮಹಾರಾಜರ ದಿವ್ಯಸಾನಿಧ್ಯದಲ್ಲಿ ಗುರುಪೂರ್ಣಿಮಾ…,1,ಉಪಾಧ್ಯಾಯ,Teacher
ಗುರು,ಆಗ ಸುಬ್ರಹ್ಮಣ್ಯ ನೀನು ಗುರು ದ್ರೋಹ ಮಾಡಿರುವೆ ಈಗ ಶರಣಾಗಿದ್ದರಿಂದ ನಿನ್ನ ಪಾಪ ವಿಮೋಚನೆ ಆಗಬೇಕಿದೆ.,1,ಉಪಾಧ್ಯಾಯ,Teacher
ಗುರು,ಗುರು ಹಿರಿಯರು ಮತ್ತು ಮಿತ್ರರಿಂದ ಹಣದ ಲಾಭ ಪಡೆಯುತ್ತೀರಿ.,1,ಉಪಾಧ್ಯಾಯ,Teacher
ಗುರು,ಅರುಣಾಚಲಾ ಪ್ರದೇಶದ ಗಡಿಭಾಗಕ್ಕೆ ನಾನು ಮತ್ತು ಬೌದ್ದ ಧರ್ಮದ ಗುರು ದಲೈಲಾಮ ಹೋಗಿದ್ದೆವು.,1,ಉಪಾಧ್ಯಾಯ,Teacher
ಗುರು,ಹೀಗೆ ಶಿಷ್ಯನ ಮೂಲ ಉದ್ದೇಶವೇ ಹಳ್ಳ ಹಿಡಿದಿರುವುದು ಒಂದು ಕಡೆಯಾದರೆ ಮಹಾಪಾಪ ಎಂದು ಭಾವಿಸುವ ಗುರು ಈಗ ಇಲ್ಲ.,1,ಉಪಾಧ್ಯಾಯ,Teacher
ಗುರು,ಅದೇ ರೀತಿ ಸ್ನೇಹ ಸಂಬಂಧ ಒಂದು ಹಂತದಲ್ಲಿ ಮತ್ತೆ ಗುರು ಶಿಷ್ಯರ ಸಂಬಂಧವಾಗಿ ಪರಿವರ್ತನೆಯಾಗುತ್ತದೆ.,1,ಉಪಾಧ್ಯಾಯ,Teacher
ಗುರು,ಗುರು ಪೂರ್ಣಿಮೆ ಹಿಂದುಗಳ ಪಾಲಿಗೆ ಅತಿ ಪವಿತ್ರವಾದ ದಿನ.,1,ಉಪಾಧ್ಯಾಯ,Teacher
ಗುರು,"ಮಧ್ವಾಚಾರ್ಯರನ್ನೂ ಗುರು ಎಂದಾಗಲೀ, ಅವತಾರ ಪುರುಷರೆಂದಾಗಲೀ ಪರಿಗಣಿಸುವಂತಿಲ್ಲ ಎಂದೇ ಅರ್ಥ.",1,ಉಪಾಧ್ಯಾಯ,Teacher
ಗುರು,ಒಂದು ಗುರು ದೈವಿಕ ಶಕ್ತಿಯನ್ನು ಮಂತ್ರಕ್ಕೆ ಸೇರಿಸುತ್ತಾನೆ.,1,ಉಪಾಧ್ಯಾಯ,Teacher
ಗುರು,ಮುಂದಿರುವ ಗುರು ಭೀಷ್ಮ | ರಿಂದೆಸವ ಸಭೆಗೇ ||179||,1,ಉಪಾಧ್ಯಾಯ,Teacher
ಗುರು,"ಈಗ, ನನ್ನ ಗುರು ನೀಡಿದ ಮಂತ್ರವನ್ನು ಓಂ ಗಮ್ ಗಣಪಟಾಯ ನಮ ಎಂದು ಎರಡು ದಶಕಗಳ ಕಾಲ ಹಾಡಿದ ನನ್ನ ಆಧಾರದ ಮೇಲೆ ನಾನು ನಿಮಗೆ ತಿಳಿಸುತ್ತೇನೆ.",1,ಉಪಾಧ್ಯಾಯ,Teacher
ಗುರು,೯ರಲ್ಲಿ ಶಿಕ್ಷಣ ಇಲಾಖೆ ವತಿಯಿಂದ ನಡೆದಿರುವ ಗುರು ಪ್ರೆÃರಣಾ ತರಬೇತಿಯಲ್ಲಿ ರಾಜ್ಯ ಪ್ರಾಥಮಿಕ ಪದವೀಧರ ಶಿಕ್ಷಕರ ಸಂಘದ ತಾಲೂಕು ಘಟಕದ ಪದಾಧಿಕಾರಿಗಳು ಹಾಗೂ ತರಬೇತಿದಾರ ಶಿಕ್ಷಕರು ಒತ್ತಾಯಿಸಿ ಬಿಇಒ ಎನ್.,1,ಉಪಾಧ್ಯಾಯ,Teacher
ಗುರು,"ಆ ರೀತಿ ಇರುವಾಗ ಜೀವನದಲ್ಲಿ ಮಾಡಲು ಬೇಕಾಗಿರುವುದು ಪ್ರತಿಯೊಬ್ಬ ವಿದ್ಯಾರ್ಥಿಗೆ ಶಿಸ್ತು, ಪ್ರಾಮಾಣಿಕತನ, ಅಥವಾ ವಿಧೇಯತೆ ಶಿಸ್ತು ಮತ್ತು ವಿಧೇಯತೆ ಒಂದು ನಾಣ್ಯದ ಎರಡು ಮುಖಗಳಂತೆ, ಜ್ಞಾನವನ್ನು ಜಾಗೃತಗೊಳಿಸುವವನು ಗುರು ಅಥವಾ ಶಿಕ್ಷಕನಾಗಿರುತ್ತಾನೆ.",1,ಉಪಾಧ್ಯಾಯ,Teacher
ಗುರು,ಆತನೆಯೆ ಗುರು ರೂಪದಲ್ಲಿ ನನ್ನ ಹೃದಯದಲ್ಲಿ ಕುಳಿತು ಭಕ್ತರಿಗೆ ಕೃಪೆ ಮಾಡುತ್ತಾನೆ.,1,ಉಪಾಧ್ಯಾಯ,Teacher
ಗುರು,ಅಧ್ಯಯನ ಕೇಂದ್ರ ಸ್ಥಾಪಿಸಿದರೆ ಅವರ ಜೀವನ ಚರಿತ್ರೆ ಹಾಗೂ ಹಿಂದಿನ ಗುರು ಪರಂಪರೆ ಹಾಗೂ ಶಿಷ್ಯ ಪರಂಪರೆಯಲ್ಲಿ ಅನೇಕ ಸಾಹಿತಿಗಳು ಬೆಳೆದು ಬಂದಿದ್ದು ತಿಳಿಸಬಹುದು.,1,ಉಪಾಧ್ಯಾಯ,Teacher
ಗುರು,ನಾವು ನಮ್ಮ ವೆಬ್ಸೈಟ್ ನಲ್ಲಿ ಈಗಾಗಲೇ ಹಲವು ಬಾರಿ ಗುರು ರಾಘವೇಂದ್ರ ಸ್ವಾಮಿಗಳ ಪವಾಡದ ಬಗ್ಗೆ ತಿಳಿಸಿದ್ದೇವೆ.,1,ಉಪಾಧ್ಯಾಯ,Teacher
ಗುರು,ಮೂವರು ಸದಸ್ಯರ ಸಂಧಾನ ಸಮಿತಿಯ ನೇತೃತ್ವವನ್ನುನಿವೃತ್ತ ನ್ಯಾಯಮೂರ್ತಿ ಎಫ್‌ಎಂಐ ಖಲಿಫುಲ್ಲಾ ಮತ್ತು ಬೆಂಗಳೂರು ಮೂಲದ ಆಧ್ಯಾತ್ಮಿಕ ಗುರು ರವಿಶಂಕರ್ ಹಾಗೂ ಹಿರಿಯ ವಕೀಲ ಶ್ರೀರಾಮ್ ಪಂಚು ವಹಿಸಿದ್ದರು.,1,ಉಪಾಧ್ಯಾಯ,Teacher
ಗುರು,ಗುರು ಅನುಗ್ರಹದಿಂದ ಪಾರಾಗುವಿರಿ,1,ಉಪಾಧ್ಯಾಯ,Teacher
ಗುರು,ಒಂದು ನ್ಯಾವಿಗೇಟ್ ವ್ಯಾಪಾರ ಪ್ರಪಂಚದಲ್ಲಿ ಹೂಡಿಕೆದಾರರು ಅಥವಾ ಉತ್ತಮ ಗುರು ಸಹಾಯ ಮಾಡುವುದು.,1,ಉಪಾಧ್ಯಾಯ,Teacher
ಗುರು,ಸುಧಾಕರ್ ಕಾಮತ್ ಸ್ವಾಗತಿಸಿ ಯೋಗ ಗುರು ಡಾ.,1,ಉಪಾಧ್ಯಾಯ,Teacher
ಗುರು,ಸದ್ಗುರು ಜಗ್ಗಿ ವಾಸುದೇವ ಆಧ್ಯಾತ್ಮಿಕ ಗುರು,1,ಉಪಾಧ್ಯಾಯ,Teacher
ಗುರು,"ಚಾಣಕ್ಯ, ಸಮರ್ಥ ಗುರು ರಾಮದಾಸರು ಮುಂತಾದ ನೂರಾರು ಮಾರ್ಗದರ್ಶಕರ ನೆರವಿನಿಂದ ಸನಾತನ ಸಂಸ್ಕೃತಿ ಜೀವಂತವಾಗಿದೆ.",1,ಉಪಾಧ್ಯಾಯ,Teacher
ಗುರು,ಅಕ್ಟೋಬರ್ 11ಕ್ಕೆ ಗುರು ಗ್ರಹವು ವೃಶ್ಚಿಕ ರಾಶಿಗೆ ಪ್ರವೇಶ ಮಾಡುವ ವಿಚಾರ ನಿಮಗೆ ಈಗಾಗಲೇ ಗೊತ್ತಾಗಿರಬಹುದು.,2,ನವ ಗ್ರಹಗಳಲ್ಲಿ ಒಂದು,One of the planets
ಗುರು,"ಏಪ್ರಿಲ್ ಮಧ್ಯದಿಂದ ಜೂನ್‌ವರೆಗೆ ಮತ್ತು ನವೆಂಬರ್ ಮಧ್ಯದಿಂದ ವರ್ಷದ ಅಂತ್ಯದವರೆಗೆ ಏಳನೇ ಮನೆಯಲ್ಲಿ ಗುರು ಮತ್ತು ಶನಿಯ ಸಂಯೋಜಿತ ಸಾಗಣೆಯಿಂದಾಗಿ, ನಿಮಗೆ ಮದುವೆಯ ಯೋಗವು ರೂಪುಗೊಳ್ಳುತ್ತದೆ ಮತ್ತು ನೀವು ಇದಕ್ಕೆ ಪ್ರಯತ್ನಿಸುತ್ತಿದ್ದರೆ, ನೀವು ಯಶಸ್ಸನ್ನು ಪಡೆಯಬಹುದು.",2,ನವ ಗ್ರಹಗಳಲ್ಲಿ ಒಂದು,One of the planets
ಗುರು,"ಜುಲೈ 29, 1938 11:01 PM ಗುರು ರಾಕ್ಸ್ ಅಕ್ವೇರಿಯಸ್ಗೆ ಪ್ರವೇಶಿಸುತ್ತಾನೆ",2,ನವ ಗ್ರಹಗಳಲ್ಲಿ ಒಂದು,One of the planets
ಗುರು,* ಗುರು ಚಾಂಡಾಲ ಯೋಗ ಇರುವಾಗ ಎಷ್ಟು ಎತ್ತರಕ್ಕೆ ಏರಿದರೂ ಮತ್ತೆ ಕೆಳ ಮಟ್ಟಕ್ಕೆ ತಲುಪುತ್ತದೆ,2,ನವ ಗ್ರಹಗಳಲ್ಲಿ ಒಂದು,One of the planets
ಗುರು,ಲಗ್ನಾಧಿಪತಿ ಗುರು ಪಂಚಮದಲ್ಲಿ ಉಚ್ಛಾಂಶದಲ್ಲಿ ರವಿಯೊಡನೆ ಸ್ಥಿತರಿದ್ದಾರೆ.,2,ನವ ಗ್ರಹಗಳಲ್ಲಿ ಒಂದು,One of the planets
ಗುರು,1989ರಲ್ಲಿ ಹಾರಿಸಲಾದ ಗಲೀಲಿಯೊ ಸುಮಾರು ಒಂದು ದಶಕದ ಕಾಲ ಗುರು ಗ್ರಹಕ್ಕೆ ಪ್ರದಕ್ಷಿಣೆ ಬಂದಿತ್ತು.,2,ನವ ಗ್ರಹಗಳಲ್ಲಿ ಒಂದು,One of the planets
ಗುರು,"ಪ್ರತೀ ವರ್ಷ ಗುರು ಬ್ರುಹಸ್ಪತಿಯು ತನ್ನ ಪಥವನ್ನು ಬದಲಿಸಿದಾಗ, ಭಕ್ತಾದಿಗಳು ಒಳ್ಳೆಯದನ್ನು ಬರಮಾಡಿಕೊಳ್ಳುತ್ತಾ ಮತ್ತು ಕೆಡಕುಗಳನ್ನು ನಿವಾರಿಸಿಕೊಳ್ಳುವ ಉದ್ದೇಶದಿಂದ ಈ ದೇವಸ್ಥಾನಕ್ಕೆ, ಗುರು ಬ್ರುಹಸ್ಪತಿಯನ್ನು ಪೂಜಿಸಲು ತಂಡೊಪತಂಡವಾಗಿ ಬರುತ್ತಾರೆ.",2,ನವ ಗ್ರಹಗಳಲ್ಲಿ ಒಂದು,One of the planets
ಗುರು,"ಮಿಥುನ ರಾಶಿಯಲ್ಲಿ ರವಿ ಇದ್ದು, ಕರ್ಕಟಕ ರಾಶಿಯಲ್ಲಿ ಬುಧ, ಶುಕ್ರ, ರಾಹುಗಳಿದ್ದು, ತುಲಾ ರಾಶಿಯಲ್ಲಿ ಗುರು ಇದ್ದು, ಇಂದೂ ಕೂಡ ಧನಸ್ಸು ರಾಶಿಯಲ್ಲಿ ಶನಿಯರು ಹಾಗೂ ಮಕರ ರಾಶಿಯಲ್ಲಿ ಚಂದ್ರ-ಕುಜ-ಕೇತುಗಳ ಯುತಿ ಇದೆ.",2,ನವ ಗ್ರಹಗಳಲ್ಲಿ ಒಂದು,One of the planets
ಗುರು,"ಅವರು ಪ್ರಮುಖ ಗ್ರಹಗಳ ರಚನೆಯ ನಂತರ ಕಾಸ್ಮಿಕ್ ಮ್ಯಾಟರ್ ಅವಶೇಷಗಳನ್ನು ರೂಪುಗೊಂಡ ಭಾವಿಸಲಾಗಿದೆ, ಅಥವಾ ಇದು ಮಂಗಳ ಮತ್ತು ಗುರು ಗ್ರಹಗಳ ನಡುವಿನ ಇದೆ ಗ್ರಹದ ತುಣುಕುಗಳನ್ನು ಇದೆ.",2,ನವ ಗ್ರಹಗಳಲ್ಲಿ ಒಂದು,One of the planets
ಗುರು,ಗುರು ಎರಡನೇ ಮನೆಯಲ್ಲಿದ್ದರೆ ಕುಟುಂಬ ಸೌಖ್ಯ.,2,ನವ ಗ್ರಹಗಳಲ್ಲಿ ಒಂದು,One of the planets
ಗುರು,ಲಾಭ ಸ್ಥಾನದ ಗುರು ನಿಮ್ಮ ಮನೋಕಾಮನೆಯನ್ನು ಪೂರ್ಣಗೊಳಿಸಿಧಿಯಾನು.,2,ನವ ಗ್ರಹಗಳಲ್ಲಿ ಒಂದು,One of the planets
ಗುರು,ಗುರು ಗ್ರಹವು ಸಾಮಾಜಿಕ ಗೌರವ ಮತ್ತು ಅದೃಷ್ಟ ಪಡೆಯಲು ನೆರವಾಗುವುದು.,2,ನವ ಗ್ರಹಗಳಲ್ಲಿ ಒಂದು,One of the planets
ಗುರು,ತುಲಾ:ಈ ರಾಶಿಯಿಂದ 2ನೇ ರಾಶಿಗೆ ಗುರು ಪ್ರವೇಶ.,2,ನವ ಗ್ರಹಗಳಲ್ಲಿ ಒಂದು,One of the planets
ಗುರು,"ಗುರು ಬೃಹತ್ ಗಾತ್ರದಿಂದಾಗಿ ಕೀಳು ಮತ್ತು ಚಲನಚಿತ್ರಗಳು, ಟಿವಿ ಪ್ರದರ್ಶನಗಳು, ವಿಡಿಯೋ ಆಟಗಳು ಮತ್ತು ಕಾಮಿಕ್ಸ್ ಸೇರಿದಂತೆ ಜನಪ್ರಿಯ ಸಂಸ್ಕೃತಿ, ತನ್ನ ಮಹತ್ವದ ಅಸ್ತಿತ್ವ ಇವೆ.",2,ನವ ಗ್ರಹಗಳಲ್ಲಿ ಒಂದು,One of the planets
ಗುರು,ಇಪ್ಪತ್ತೇಳು ವರ್ಷಗಳ ನಂತರ ಗುರು ಗ್ರಹವು ಚಿತ್ರಾ ನಕ್ಷತ್ರದಲ್ಲಿ ಸ್ಥಿತನಿದ್ದು.,2,ನವ ಗ್ರಹಗಳಲ್ಲಿ ಒಂದು,One of the planets
ಗುರು,"ಗುರು - ಉದಾರತೆ, ಉದಾರತೆಗಾಗಿ ಮತ್ತು ಆತ್ಮ ವಿಶ್ವಾಸವನ್ನು ಗ್ರಹದ.",2,ನವ ಗ್ರಹಗಳಲ್ಲಿ ಒಂದು,One of the planets
ಗುರು,ಇಲ್ಲದಿದ್ದರೆ ಆ ನಂತರ ಶನಿ ದಶೆ ಗುರು ಭಕ್ತಿ ಆರಂಭವಾಗುತ್ತದೆ.,2,ನವ ಗ್ರಹಗಳಲ್ಲಿ ಒಂದು,One of the planets
ಗುರು,ಇದಕ್ಕೆ ಗಂಗೆಯು ಒಪ್ಪಿ ಅವರನ್ನು ಕುರಿತು ನೀವು ನನ್ನ ಜೊತೆ ನೆಲೆಸಬೇಕೆಂದು ವಿನಂತಿಸಿದಾಗ ಅದಕ್ಕೊವರೊಪ್ಪಿ ಯಾವಾಗ ಸೂರ್ಯ ಹಾಗೂ ಗುರು ಸೀಂಹ ರಾಶಿಯನ್ನು ಪ್ರವೇಶಿಸುತ್ತಾರೊ ಅಂದು ನಾವು ನಿನ್ನ ಜೊತೆ ಭೂಮಿಯ ಮೇಲಿರುತ್ತೇವೆಂದು ಅಭಯ ನೀಡಿದರು.,2,ನವ ಗ್ರಹಗಳಲ್ಲಿ ಒಂದು,One of the planets
ಗುರು,"ಗುರು ನೀಚನಾಗಿರುವುದರಿಂದ ಶುಭ ಕಾರ್ಯಗಳು ಹಿನ್ನಡೆ, ಸ್ಥಗಿತ ಅಥವಾ ಕಾರ್ಯಗಳು ಕೈಗೊಡದಿರುವಿಕೆ ಆಗುತ್ತದೆ.",2,ನವ ಗ್ರಹಗಳಲ್ಲಿ ಒಂದು,One of the planets
ಗುರು,"ವರ್ಷದ ಆರಂಭದಲ್ಲಿ, ಜನವರಿ 24 ರಂದು ಶನಿದೇವ ನಿಮ್ಮ ಮೂರನೇ ಮನೆಗೆ ಪ್ರವೇಶಿಸಲಿದ್ದಾರೆ, ಮತ್ತೊಂದೆಡೆ, ಗುರು ಮಾರ್ಚ್ 30 ರಂದು ಮೂರನೇ ಮನೆಗೆ ಪ್ರವೇಶಿಸಲಿದ್ದಾರೆ ಮತ್ತು ಮೇ 14 ವಕ್ರೀಯರಾಗುತ್ತಾರೆ.",2,ನವ ಗ್ರಹಗಳಲ್ಲಿ ಒಂದು,One of the planets
ಗುರು,ಶನಿಯು ಜೂನ್‌ 2017ರಿಂದ ನವೆಂಬರ್‌ 2017ರವರೆಗೆ ಧನು ರಾಶಿಯಿಂದ ವ್ಯಯ ಭಾವದಲ್ಲಿ ಇರುವುದರಿಂದ ಈ ಸಮಯದಲ್ಲಿ ಗುರು ಅನುಗ್ರಹಿಸಿದ ಲಾಭಾದಿಗಳು ಖರ್ಚಾಗುತ್ತವೆ ಎಂದು ತಿಳಿಯಬೇಕು.,2,ನವ ಗ್ರಹಗಳಲ್ಲಿ ಒಂದು,One of the planets
ಗುರು,"ಮೀನ : ಹಣಕಾಸಿನ ತೊಂದರೆ, ಲಾಭಕ್ಕೆ ಕತ್ತರಿ ಬೀಳಲಿದೆ, ಉದ್ಯೋಗದಲ್ಲಿ ಅಸಮಾಧಾನ, ಗುರು ಪ್ರಾರ್ಥನೆ ಮಾಡಿ",2,ನವ ಗ್ರಹಗಳಲ್ಲಿ ಒಂದು,One of the planets
ಗುರು,ಲಗ್ನಾಧಿಪತಿ ಶನಿ ಪುಷ್ಕರ ನವಾಂಶದಲ್ಲಿ ಗುರು ಒಡನೆ ಅಷ್ಟಮಸ್ಥಿತರಿದ್ದಾರೆ.,2,ನವ ಗ್ರಹಗಳಲ್ಲಿ ಒಂದು,One of the planets
ಗುರು,ಅಕ್ಟೋಬರ್ ನಲ್ಲಿ ಗುರು ಏಳನೇ ಮನೆಗೆ ಬಂದಾಗ ಸ್ವಲ್ಪ ಮಟ್ಟಗಿನ ಅನುಕೂಲ ನಿರೀಕ್ಷೆ ಮಾಡಬಹುದು.,2,ನವ ಗ್ರಹಗಳಲ್ಲಿ ಒಂದು,One of the planets
ಗುರು,ಇದ್ರಿಂದ ಗುರು ಗ್ರಹದ ದೋಷ ನಿವಾರಣೆಯಾಗುತ್ತದೆ.,2,ನವ ಗ್ರಹಗಳಲ್ಲಿ ಒಂದು,One of the planets
ಗುರು,"ನವೆಂಬರ್ 24, 2006 -1: 43 ಎಎಮ್ ಗುರು ಧೂಮಕೇತು ಪ್ರವೇಶಿಸುತ್ತದೆ",2,ನವ ಗ್ರಹಗಳಲ್ಲಿ ಒಂದು,One of the planets
ಗುರು,ಲಾಭ ಸ್ಥಾನಕ್ಕೆ ಗುರು ಅನಿಷ್ಟ ಸ್ಥಿತಿಯೂ ಷಷ್ಟಾಧಿಪತಿಯೂ ಆಗಿರುವಂತಹ ಮುಹೂರ್ತ ಕಾಲ.,2,ನವ ಗ್ರಹಗಳಲ್ಲಿ ಒಂದು,One of the planets
ಗುರು,"ನಾನು ಹೇಗೆ ಖಗೋಳಶಾಸ್ತ್ರಜ್ಞರು ಪತ್ತೆ ಇಲ್ಲ, ಅವುಗಳೆಂದರೆ ಗುರು ಅಯೊಲೈಟ್ ನಿಯಮಗಳು.",2,ನವ ಗ್ರಹಗಳಲ್ಲಿ ಒಂದು,One of the planets
ಗುರು,ಕೊನೆಯದಾಗಿ ಜನ್ಮ ರಾಶಿಯಲ್ಲಿನ ಗುರು ಇತರರ ಸಹಾಯದಿಂದಾಗಿ ನಿಮಗೆ ಉದ್ಯೋಗ ಸಿಗುವಂತೆ ಮಾಡುತ್ತದೆ.,2,ನವ ಗ್ರಹಗಳಲ್ಲಿ ಒಂದು,One of the planets
ಗುರು,ನಿಮ್ಮ ಜನ್ಮ ಜಾತಕದಲ್ಲಿ ಗುರು ಯಾವ ಸ್ಥಾನದಲ್ಲಿದ್ದಾನೆ ಎಂಬುದನ್ನು ನೋಡಿಕೊಳ್ಳಿ.,2,ನವ ಗ್ರಹಗಳಲ್ಲಿ ಒಂದು,One of the planets
ಗುರು,ಈ ವರ್ಷದ ಅಕ್ಟೋಬರ್ ನಲ್ಲಿ ಗುರು ಬಲ ಬರುತ್ತದೆ.,2,ನವ ಗ್ರಹಗಳಲ್ಲಿ ಒಂದು,One of the planets
ಗುರು,"ಇಷ್ಟಲ್ಲದೇ ಸಪ್ತಮಾಧಿಪತಿಯ ದೆಸೆ ಮತ್ತು ಸಪ್ತಮ ಸ್ಥಾನದಲ್ಲಿರುವ ಗ್ರಹಗಳ ಅಂತರ್ದೆಸೆ ಶುಕ್ರಯುಕ್ತನಾಗಿರುವ ಸಪ್ತಮಾಧಿಪತಿಯು ದಶಾಭುಕ್ತಿ, ಸಪ್ತಮಾಧಿಪತಿಯ ಮೇಲೆ ಗುರು ಸಂಚಾರ ಮಾಡುವ ಕಾಲದಲ್ಲಿ ಅಥವಾ ಸಪ್ತಮಾಧಿಪತಿಯು ಯಾವ ನಕ್ಷತ್ರದಲ್ಲಿರುತ್ತಾನೋ, ಆ ದಶಾ ನಕ್ಷತ್ರಗಳ ಮೇಲೆ ಗುರು ಸಂಚಾರ ಮಾಡುವ ಕಾಲದಲ್ಲಿ, ವಿವಾಹ ಸಮಯವನ್ನು ನಿಗದಿಪಡಿಸುವ ಕ್ರಮವೂ ಇದೆ.",2,ನವ ಗ್ರಹಗಳಲ್ಲಿ ಒಂದು,One of the planets
ಗುರು,"ಅಕ್ಟೋಬರ್ 16, 1976 4:24 PM ಗುರು ರಾಕ್ಸ್ ಟಾರಸ್ಗೆ ಪ್ರವೇಶಿಸುತ್ತಾನೆ",2,ನವ ಗ್ರಹಗಳಲ್ಲಿ ಒಂದು,One of the planets
ಗುರು,"ಪ್ರತಿ ಗುರುವಾರ ಗುರು ಗ್ರಹವನ್ನು ಅರ್ಚಿಸಿ, ನವಗ್ರಹ ಸುತ್ತಿರಿ.",2,ನವ ಗ್ರಹಗಳಲ್ಲಿ ಒಂದು,One of the planets
ಗುರು,ಅಲ್ಲದೇ ಈ ನಕ್ಷತ್ರದ ಅಧಿಪತಿ ಗುರು ಆಗಿರುವುದರಿಂದ ಇವರಲ್ಲಿ ಕಲಿಯುವುದು ಮತ್ತು ಕಲಿಸುವ ಗುಣ ಜನ್ಮದಿಂದಲೇ ಬಂದಿರುತ್ತದೆ.,2,ನವ ಗ್ರಹಗಳಲ್ಲಿ ಒಂದು,One of the planets
ಗುರು,ಪರಿಹಾರ :- ಆಜ್ಯಕ್ತ ತಿಲ ವ್ರೀಹಿ ದ್ರವ್ಯದಲ್ಲಿ ರುದ್ರ ಹವನ ಸಹಿತ ಗುರು ಶಾಂತಿ ಹವನವನ್ನು ಮಾಡಿಸಿದರೆ ಉತ್ತಮ.,2,ನವ ಗ್ರಹಗಳಲ್ಲಿ ಒಂದು,One of the planets
ಗುರು,"ಸೆಪ್ಟಂಬರ್ 9, 2010 12:49 ಎಎಮ್ ಗುರು ರಾಕ್ಸ್ ಮೀನುಗಳಿಗೆ ಪ್ರವೇಶಿಸುತ್ತಾನೆ",2,ನವ ಗ್ರಹಗಳಲ್ಲಿ ಒಂದು,One of the planets
ತಿಳಿ,ನಿನ್ನೆಲ್ಲ ಕಷ್ಟಗಳು ತೀರಿದವೆಂದು ತಿಳಿ,1,"ಜ್ಞಾನ, ಅರಿವು","Knowledge, awareness"
ತಿಳಿ,"ಆದರೆ, ಇಂಗ್ಲಿಷ್‌ ಹೊರತುಪಡಿಸಿ ಕನ್ನಡ ಸೇರಿದ ದೇಶೀಯ ಭಾಷೆಯಲ್ಲಿ ಈ ಬಗ್ಗೆ ತಿಳಿ ಹೇಳುವ ಸಾಹಿತ್ಯ, ಮನಸ್ಥಿತಿ ಬಂದಿಲ್ಲ ಎಂದರು.",1,"ಜ್ಞಾನ, ಅರಿವು","Knowledge, awareness"
ತಿಳಿ,ಸವಾರರಿಗೆ ರಸ್ತೆ ಸುರಕ್ಷತೆಯ ಬಗ್ಗೆ ತಿಳಿ ಹೇಳಲಾಯಿತು.,1,"ಜ್ಞಾನ, ಅರಿವು","Knowledge, awareness"
ತಿಳಿ,ಮಕ್ಕಳಿಗೂ ಈ ಕುರಿತು ತಿಳಿ ಹೇಳಬೇಕು ಎಂದರು.,1,"ಜ್ಞಾನ, ಅರಿವು","Knowledge, awareness"
ತಿಳಿ,ಸಂಚಾರ ಠಾಣೆ ಪೊಲೀಸರು ಕೆಲವೆಡೆ ಯುವಕರಿಗೆ ತಿಳಿ ಹೇಳಿದರು.,1,"ಜ್ಞಾನ, ಅರಿವು","Knowledge, awareness"
ತಿಳಿ,ಇದು ಘನವೆಂದು | ತಿಳಿ ಮಂಗಳಾಂಗಿ || ೧ ||,1,"ಜ್ಞಾನ, ಅರಿವು","Knowledge, awareness"
ತಿಳಿ,ಆದ್ದರಿಂದ ಆ ರಾಶಿಯ ಪೋಷಕರು ಸರಿ-ತಪ್ಪುಗಳ ಬಗ್ಗೆ ಅವರಿಗೆ ತಿಳಿ ಹೇಳಬೇಕು.,1,"ಜ್ಞಾನ, ಅರಿವು","Knowledge, awareness"
ತಿಳಿ,"ಅವರು ನನ್ನೆಲ್ಲಾ ಇತಿಹಾಸ, ದಾಖಲೆ ಪರಿಶೀಲಿಸಿ ನನಗೆ ಮಾಡಬೇಕಾದ, ಮಾಡ ಬಾರದ ಕೆಲಸಗಳ ಬಗ್ಗೆ ತಿಳಿ ಹೇಳಿದರು.",1,"ಜ್ಞಾನ, ಅರಿವು","Knowledge, awareness"
ತಿಳಿ,ಇದಕ್ಕೆ ಬುದ್ದಿವಾದ ಹೇಳಿದ ಪೋಷಕರು ವಿದ್ಯಾಭ್ಯಾಸ ಪೂರ್ತಿಗೊಳಿಸಿ ಬಳಿಕ ಕೆಲಸಕ್ಕೆ ಹೋಗು ಎಂದು ತಿಳಿ ಹೇಳಿದರು.,1,"ಜ್ಞಾನ, ಅರಿವು","Knowledge, awareness"
ತಿಳಿ,ಇದನ್ನು ಗಮನಿಸಿದ್ದ ಪೋಷಕರು ಫೋನ್ ಹೆಚ್ಚು ಬಳಸದಂತೆ ತಿಳಿ ಹೇಳಿದ್ದರು.,1,"ಜ್ಞಾನ, ಅರಿವು","Knowledge, awareness"
ತಿಳಿ,"ಮಕ್ಕಳಿಗೆ ಹೊಡೆಯದೆ, ಬಯ್ಯದೆ, ಅವಹೇಳನ ಮಾಡದೇ ತಿಳಿ ಹೇಳಬೇಕು.",1,"ಜ್ಞಾನ, ಅರಿವು","Knowledge, awareness"
ತಿಳಿ,ಕೆಲವೊಂದು ಪದ್ಧತಿಗಳಲ್ಲಿರುವ ಕೆಡುಕನ್ನು ತಿಳಿ ಹೇಳಿ ತಿದ್ದಲು ಇದು ತೀರಾ ಚಿಕ್ಕ ವಯಸ್ಸು.,1,"ಜ್ಞಾನ, ಅರಿವು","Knowledge, awareness"
ತಿಳಿ,ಕಾರಣ ಸರಕಾರ ಇತ್ತ ಕಡೆ ಗಮನ ಕೊಟ್ಟು ತೈಲ ಕಂಪನಿಗಳಿಗೆ ತಿಳಿ ಹೇಳಬೇಕು.,1,"ಜ್ಞಾನ, ಅರಿವು","Knowledge, awareness"
ತಿಳಿ,ಗೋಕಾಕ್‌ ಅವರು ಆ ವೇಳೆಗಾಗಲೇ ರಾಷ್ಟ್ರ­ಮಟ್ಟದ ಸಮಿತಿಗಳಲ್ಲಿ ಕಾರ್ಯ ನಿರ್ವಹಿಸಿದ್ದ­ರಿಂದ ಒಬ್ಬ ವಿದ್ಯಾರ್ಥಿಗೆ ತಿಳಿ ಹೇಳುವಂತೆ ಪ್ರತಿ ಕ್ರಮವನ್ನು ವಿವರಿಸಿ ಹೇಳುತ್ತಿದ್ದರು.,1,"ಜ್ಞಾನ, ಅರಿವು","Knowledge, awareness"
ತಿಳಿ,ಸ್ವಚ್ಛವಾಗಿಲ್ಲದಿರುವಿಕೆ ಹಾಗೂ ಎಲ್ಲೆಂದರಲ್ಲಿ ಸಿಗುವ ನೀರು ಹಾಗೂ ಆಹಾರಪದಾರ್ಥಗಳ ಸೇವನೆಯಿಂದ ಆಗುವ ದುಷ್ಪರಿಣಾಮಗಳನ್ನು ಮಕ್ಕಳಿಗೆ ತಿಳಿ ಹೇಳಬೇಕು.,1,"ಜ್ಞಾನ, ಅರಿವು","Knowledge, awareness"
ತಿಳಿ,ಅವರ ಸಮಾಜದ ಜತೆ ತಮ್ಮ ಭಯಂಕರ ತತ್ವಗಳನ್ನು ಹರಡುವುದಕ್ಕೆ ಕಡಿವಾಣ ಹಾಕಬೇಕು ಎಂದು ಡಾನ್ ತಿಳಿ ಹೇಳಿದೆ.,1,"ಜ್ಞಾನ, ಅರಿವು","Knowledge, awareness"
ತಿಳಿ,"ಎಕ್ಲಾಂಪ್ಸಿಯಾ ಪ್ರಮುಖ ಆತಂಕಕ್ಕೆ ಕಾರಣವಾಗಿದ್ದು, ಈ ಕುರಿತು ಜಾಗೃತಿ ಬಹಳ ಮುಖ್ಯವಾಗಿರುತ್ತದೆ ಎಂದು ಅಂಕಿ-ಅಂಶಗಳು ತಿಳಿ ಸಿವೆ.",1,"ಜ್ಞಾನ, ಅರಿವು","Knowledge, awareness"
ತಿಳಿ,ಮೊದಲು ನಿಮ್ಮ ನಡುವಳಿಕೆ ಬದಲು ಮಾಡಿಕೊಂಡು ನಮಗೆ ತಿಳಿ ಹೇಳಿ; ಎಚ್​ಡಿಕೆಗೆ ಚಲುವರಾಯಸ್ವಾಮಿ ಟಾಂಗ್​​,1,"ಜ್ಞಾನ, ಅರಿವು","Knowledge, awareness"
ತಿಳಿ,ಮನುಕುಲದ ಕವಿಯಾಗು ಕುಲಕೋಟಿಗಳನು ತಿಳಿ,1,"ಜ್ಞಾನ, ಅರಿವು","Knowledge, awareness"
ತಿಳಿ,ಇದಕ್ಕೆ ತಾನು ಜಾಗೃತರಾಗಿರುವಂತೆ ಅವರಿಗೆ ತಿಳಿ ಹೇಳಿದ್ದೆ.,1,"ಜ್ಞಾನ, ಅರಿವು","Knowledge, awareness"
ತಿಳಿ,ಯಾರಾದರೂ ಬೈದರೂ ಸಹಿತ ಅವರಿಗೆ ತಿಳಿ ಹೇಳಿ ಮಾತಿಗೆ ವಿರಾಮ ನೀಡಬೇಕು.,1,"ಜ್ಞಾನ, ಅರಿವು","Knowledge, awareness"
ತಿಳಿ,"ಡೆಂಗಿ, ಮಲೇರಿಯಾ ಮುಂತಾದ ಸಾಂಕ್ರಾಮಿಕ ರೋಗಗಳು ಹರಡುವಿಕೆ, ನಿಯಂತ್ರಣದ ಬಗ್ಗೆ ತಿಳಿ ಹೇಳುವ ಮಳಿಗೆಯನ್ನು ಆರೋಗ್ಯ ಇಲಾಖೆ ತೆರೆದಿದೆ.",1,"ಜ್ಞಾನ, ಅರಿವು","Knowledge, awareness"
ತಿಳಿ,ಹಿಂದೆ ಈ ಬಗ್ಗೆ ವಯಸ್ಸಿಗೆ ಬಂದ ಮಗಳಿಗೆ ತಿಳಿ ಹೇಳುವುದು ಹೇಗೆ ಎಂಬುದು ಎಲ್ಲಾ ತಾಯಂದಿರ ಸಂಕೋಚ ಹಾಗೂ ಕಳವಳವೂ ಆಗಿತ್ತು.,1,"ಜ್ಞಾನ, ಅರಿವು","Knowledge, awareness"
ತಿಳಿ,ಮಕ್ಕಳನ್ನು ಈ ರೀತಿ ಕೆಟ್ಟದಾಗಿ ಶಿಕ್ಷಿಸುವುದಕ್ಕಿಂತ ಪೋಷಕರಿಗೆ ತಿಳಿ ಹೇಳುವುದು ಉತ್ತಮ.,1,"ಜ್ಞಾನ, ಅರಿವು","Knowledge, awareness"
ತಿಳಿ,ಪ್ರಮುಖ ರಸ್ತೆಗಳಲ್ಲಿಯೇ ಇಂತಹ ದಶ್ಯ ಕಂಡುಬರುತ್ತಿದ್ದರೂ ತಿಳಿ ಹೇಳುವ ಅಥವಾ ಕ್ರಮ ಜರುಗಿಸುವ ಕಾರ್ಯ ನಡದೇ ಇಲ್ಲ ಎಂಬ ಅಸಮಾಧಾನ ವಾಹನ ಸವಾರರಿಂದ ವ್ಯಕ್ತವಾಗುತ್ತಿದೆ.,1,"ಜ್ಞಾನ, ಅರಿವು","Knowledge, awareness"
ತಿಳಿ,ಆ ಹಿನ್ನಲೆಯ ವಿಷಯಗಳನ್ನು ಸಹ ಇಂದು ಜಾನಪದ ಕಲಾವಿದರು ಜನರಿಗೆ ತಿಳಿ ಹೇಳುವುದು ಅವಶ್ಯವಿದೆ ಎಂದು ಹೇಳಿದರು.,1,"ಜ್ಞಾನ, ಅರಿವು","Knowledge, awareness"
ತಿಳಿ,ಎಂದು ಹಳ್ಳಿ ಹಳ್ಳಿಗಳಿಗೆ ಹೋಗಿ ತಿಳಿ ಹೇಳಿ ಜಾಗ್ರತಿ ಮೂಡಿಸುವ ಇವರಿಂದಾಗಿ ಇತ್ತೀಚೆಗೆ ಮನೆಯಲ್ಲಿ ಕಟ್ಟಿರುವ ಜೇಡದ ಬಲೆ ತೆಗೆಯಲೂ ನಾನು ನೂರು ಸಲ ಯೋಚಿಸುವಂತಾಗಿ ಬಿಟ್ಟಿದೆ.,1,"ಜ್ಞಾನ, ಅರಿವು","Knowledge, awareness"
ತಿಳಿ,"ಇದಕ್ಕೆ ಉತ್ತರಿಸಿದ ರೈಲ್ವೆ ಇಲಾಖೆ, IRCTC ವೆಬ್‌ಸೈಟ್‌ನಲ್ಲಿ ಇಂತಹ ಅಶ್ಲೀಲ ಜಾಹಿರಾತುಗಳು ಕಾಣಿಸಿಕೊಳ್ಳಲು ನೀವೇ ಕಾರಣ ಎಂಬುದನ್ನು ಟೀಕೆ ಮಾಡಿದ್ದ ವ್ಯಕ್ತಿಗೆ ತಿಳಿ ಹೇಳಿದೆ.",1,"ಜ್ಞಾನ, ಅರಿವು","Knowledge, awareness"
ತಿಳಿ,ಸ್ಕ್ರೀನ್ ಮತ್ತು ಕಣ್ಣುಗಳ ನಡುವೆ ಸೂಕ್ತ ಅಂತರ ಇಟ್ಟು ಕುಳಿತುಕೊಳ್ಳುವಂತೆ ನಿಮ್ಮ ಮಕ್ಕಳಿಗೆ ವಿವರಿಸಬೇಕು ಮತ್ತು ಹೀಗೆ ಮಾಡುವುದರಿಂದ ಕಣ್ಣಿಗೆ ಆಗುವ ಆಯಾಸವನ್ನು ತಡೆಗಟ್ಟಬಹುದು ಎಂಬುದನ್ನು ತಿಳಿ ಹೇಳಿ.,1,"ಜ್ಞಾನ, ಅರಿವು","Knowledge, awareness"
ತಿಳಿ,ಹಸಿ ಮತ್ತು ಒಣ ಕಸವನ್ನು ಪ್ರತ್ಯೇಕವಾಗಿ ವಿಂಗಡಿಸಿ ನಗರಸಭೆಯ ವಾಹನಗಳಿಗೆ ಹಾಕಬೇಕು ಎಂದು ತಿಳಿ ಹೇಳಿದರು.,1,"ಜ್ಞಾನ, ಅರಿವು","Knowledge, awareness"
ತಿಳಿ,"ಆದ್ದರಿಂದ ನಿಮ್ಮ ಕುಟುಂಬದಲ್ಲಿ ಯಾರೇಷ್ಟೆ ದೊಡ್ಡವರಿರಲಿ ದೊಡ್ಡ ಹುದ್ದೆಯಲ್ಲಿರಲಿ ಅನ್ಯಾಯ, ಅನೀತಿಯ ಹಾದಿ ತುಳಿಯುತ್ತಿದ್ದರೆ ತಿಳಿ ಹೇಳಿ.",1,"ಜ್ಞಾನ, ಅರಿವು","Knowledge, awareness"
ತಿಳಿ,ಆ ದೇವರು ಮಾಡುತ್ತಾನೆ ನಿರ್ಮಾಣವನ್ನಾ ಈ ಮನುಷಾ ಮಾಡುತ್ತಾನೆ ನಿರ್ನಾಮವನ್ನಾ ಪರಿಸರ ಅಂದ್ರೆ ಇವರಿಗೆ ಕೇರೇ ಇಲ್ಲಾ ಪರಿಸರ ಇಲ್ದೇ ಇವರ ಉಸಿರೇ ಇಲ್ಲಾ ತಿಳಿ ತಿಳಿ ಈ ಸತ್ಯಾ ಓ ಮನುಜಾ ನೀ ನಿತ್ಯಾ ಇದು ಪರಿಸರದಾ ಹಾಡು ಇದು ಪರಿಸರದಾ ಪಾಡು,1,"ಜ್ಞಾನ, ಅರಿವು","Knowledge, awareness"
ತಿಳಿ,"ತಮ್ಮ ಮಗಳನ್ನು ಪ್ರತಿನಿತ್ಯ ಶಾಲೆಗೆ ಬಿಡಲು ಕರೆದುಕೊಂಡು ಹೋಗುತ್ತಿದ್ದ ಗಿರೀಶ್ ಪಾಟೀಲ್, ಇದನ್ನು ಗಮನಿಸಿ ವಾಹನ ಸವಾರರಿಗೆ ತಿಳಿ ಹೇಳಲು ಈ ಕಾರ್ಯ ಮಾಡುತ್ತಿದ್ದಾರೆ.",1,"ಜ್ಞಾನ, ಅರಿವು","Knowledge, awareness"
ತಿಳಿ,ಉಪನ್ಯಾಸಕರಿಂದ ಉತ್ತಮವಾದ ಶಿಕ್ಷಣವನ್ನು ಪಡೆದಾಗ ಪರೀಕ್ಷೆಯಲ್ಲಿ ಉತ್ತಮವಾದ ಆಂಕಗಳನ್ನು ಪಡೆಯಲು ಸಾಧ್ಯವಿದೆ ಎಂದು ತಿಳಿ ಹೇಳಿದರು.,1,"ಜ್ಞಾನ, ಅರಿವು","Knowledge, awareness"
ತಿಳಿ,"ಕಂಡಿದ್ದೆಲ್ಲ ಕೇಳಬಹುದು, ಕೇಳಿದ್ದೆಲ್ಲ ಸಿಗುತ್ತದೆ ಎಂಬ ಭಾವನೆ ಮೂಡಿಸೋದಕ್ಕಿಂತ ಅನುಕೂಲ ಇದ್ದಾಗ ಮಾತ್ರ ಲಭ್ಯತೆ ಅನ್ನೋದನ್ನ ತಿಳಿ ಹೇಳಬೇಕಿತ್ತಷ್ಟೇ ನಾನು.",1,"ಜ್ಞಾನ, ಅರಿವು","Knowledge, awareness"
ತಿಳಿ,ನೈತಿಕವಾಗಿ ತಮ್ಮನ್ನು ಕುಗ್ಗಿಸುವ ಪಾಪಕಾರ್ಯಗಳಿಂದ ದೂರವಿರುವಂತೆ ತಿಳಿ ಹೇಳಬೇಕಾಗಿದೆ.,1,"ಜ್ಞಾನ, ಅರಿವು","Knowledge, awareness"
ತಿಳಿ,ರಾಹುಲ್ ಗಾಂಧಿಗೆ ತಿಳಿ ಹೇಳಿದ ಕುಮಾರಣ್ಣ.,1,"ಜ್ಞಾನ, ಅರಿವು","Knowledge, awareness"
ತಿಳಿ,"ಮೋದಿಯವರ ಫೋಟೊವನ್ನು ತನ್ನ ಜಾಹೀರಾತಿಗೆ ಬಳಸಿಕೊಂಡ ರಿಲಯನ್ಸ್ ಕಂಪೆನಿಯ ವಿರುದ್ಧ ಕ್ರಮ ಕೈಗೊಳ್ಳದೇ ಇದ್ದರೆ, ಯಾವ ತಿರಂಗ ಯಾತ್ರೆಯೂ ಈ ದೇಶದ ಘನತೆಯನ್ನು ಉಳಿಸಲಾರದು ಎನ್ನುವುದನ್ನು ಬಿಜೆಪಿಯ ಹಿರಿಯ ನಾಯಕರು ಮೋದಿ ಅವರಿಗೆ ತಿಳಿ ಹೇಳುವ ಅಗತ್ಯವಿದೆ.",1,"ಜ್ಞಾನ, ಅರಿವು","Knowledge, awareness"
ತಿಳಿ,ಕರಾವಳಿ ಭಾಗದ ವಿದ್ಯಾರ್ಥಿಗಳ ಜತೆ ಎರಡು ದಿನಗಳ ಸಂವಾದ ನಡೆಸಿದ ಅಬ್ದುಲ್ ಕಲಾಂ ಅವರು ಮತದಾನದ ಮಹತ್ವದ ಬಗ್ಗೆ ಕೂಡಾ ಯುವ ವಿದ್ಯಾರ್ಥಿಗಳಿಗೆ ತಿಳಿ ಹೇಳಿದರು.,1,"ಜ್ಞಾನ, ಅರಿವು","Knowledge, awareness"
ತಿಳಿ,ಇಷ್ಟು ಮಾತ್ರವಲ್ಲ ಈ ಜಗತ್ತಿಗೆ ಮಾಲಿನ್ಯದಿಂದ ಆಗುವ ತೊಂದರೆಯನ್ನು ತಿಳಿ ಹೇಳಿ ಅದರ ವಿರುದ್ಧ ಹೋರಾಟಕ್ಕಿಳಿದರು.,1,"ಜ್ಞಾನ, ಅರಿವು","Knowledge, awareness"
ತಿಳಿ,"ಮಾತುಮಾತಿಗೆ ಉರಿದು ಬೀಳುವ ಅಣ್ಣನ ಎದುರೇ, ತಂಗಿಗೆ ತಿಳಿ ಗುಲಾಬಿ ಪಾರದರ್ಶಕ ನಾಜೂಕು ರೆಕ್ಕೆಗಳು ಮೂಡಿ ಅವಳು ಮೆಲ್ಲಗೆ ಅಂತರಿಕ್ಷದಲ್ಲಿ ಏರುತ್ತ ಫ್ಯಾನಿನ ರೆಕ್ಕೆ ತಗುಲಿದ್ದೇ ಶಾಪವಿಮೋಚನೆಗೊಂಡು ಯಾವುದೋ ನಿರ್ಜನ ರೈಲೊಂದರ ಧಡೂತಿ ಡೀಸೆಲ್ ಎಂಜಿನ್ ಡ್ರೈವರ್ ಆಗುವಳು.",2,"ಸ್ವಚ್ಛತೆ, ನೈರ್ಮಲ್ಯ","Cleanliness, hygiene"
ತಿಳಿ,"ಡಿಎಫ್‌ಆರ್‌ಎಲ್‌ ಸಂಸ್ಥೆಯ ತಂತ್ರಜ್ಞಾನದಿಂದ ಟೊಮೆಟೊವನ್ನು ಸಂಸ್ಕರಿಸುವುದಲ್ಲದೆ ಅದನ್ನು ಬಳಕೆ ಮಾಡಿಕೊಂಡು ಟೊಮೆಟೊ ಸಾಂಬಾರ್‌, ಚಟ್ನಿ, ಸಾಸ್‌, ತಿಳಿ ಸಾಂಬಾರ್‌ ಪೇಸ್ಟ್‌, ಪಲ್ಫ್‌, ಹಸಿರು ಟೊಮೆಟೊ ಪೇಸ್ಟ್‌ನಂತಹ ಆಹಾರ ಪದಾರ್ಥಗಳನ್ನು ತಯಾರಿಸಬಹುದು.",2,"ಸ್ವಚ್ಛತೆ, ನೈರ್ಮಲ್ಯ","Cleanliness, hygiene"
ತಿಳಿ,"ಕಾಳುಗಳು ತಿಳಿ ಕಂದು ಬಣ್ಣ ಹೊಂದಿದ್ದು, ಬೇಳೆ ತಯಾರಿಸಲು ಉತ್ತಮವಾಗಿರುತ್ತದೆ.",2,"ಸ್ವಚ್ಛತೆ, ನೈರ್ಮಲ್ಯ","Cleanliness, hygiene"
ತಿಳಿ,ಹೀಗೆ ಎಲ್ಲವನ್ನೂ ತಿಳಿ ಹಾಸ್ಯದಿಂದ ನಿರ್ದೇಶಕರು ಅಚ್ಚುಕಟ್ಟಾಗಿ ಕಟ್ಟಿಕೊಟ್ಟಿದ್ದಾರೆ.,2,"ಸ್ವಚ್ಛತೆ, ನೈರ್ಮಲ್ಯ","Cleanliness, hygiene"
ತಿಳಿ,ಅದು ಹಣ್ಣಾಗಿ ತುಂಬಿದ ಬಸುರಿಯ ಪರಿಮಳದಂತೆ ತಿಳಿ ಅರಶಿನ ಬಣ್ಣಕ್ಕೆ ತಿರುಗಿ ಅದರೊಳಗಿನ ನಸುಗೆಂಪು ಹಣ್ಣನ್ನು ಅಳಿಲುಗಳು ತಿನ್ನುತ್ತಿದ್ದವು.,2,"ಸ್ವಚ್ಛತೆ, ನೈರ್ಮಲ್ಯ","Cleanliness, hygiene"
ತಿಳಿ,ತಿಳಿ ನೀಲಿ ಬಣ್ಣವು ಸ್ವಾಭಾವಿಕ ಸೌಂದರ್ಯದ ಪ್ರತೀಕ.,2,"ಸ್ವಚ್ಛತೆ, ನೈರ್ಮಲ್ಯ","Cleanliness, hygiene"
ತಿಳಿ,ಶ್ರಾವಣದಲ್ಲಿ ಅವೆಲ್ಲಾ ಮಾಯವಾಗಿ ಸಣ್ಣಗಿನ ತಿಳಿ ಜಲ ಜುಳು ಜುಳನೆ ಹರಿಯುತ್ತದೆ.,2,"ಸ್ವಚ್ಛತೆ, ನೈರ್ಮಲ್ಯ","Cleanliness, hygiene"
ತಿಳಿ,"ತಿಳಿ ಗುಲಾಬಿ ಬಣ್ಣದ, ಸಿಲ್ವರ್ ಮತ್ತು ಗೋಲ್ಡ್ ಕಂಬಿನೇಷನ್ ನಲ್ಲಿ ಪರ್ಲ್ ಮತ್ತು ಬೀಡ್ಸ್ ಗಳೊಂದಿಗೆ ತಯಾರಿಸಿದ ಸಬ್ಯಾಸಾಚಿ ಲೆಹಂಗಾದಲ್ಲಿ ಅನುಷ್ಕಾ ಕಂಗೊಳಿಸುತ್ತಿದ್ದರು.",2,"ಸ್ವಚ್ಛತೆ, ನೈರ್ಮಲ್ಯ","Cleanliness, hygiene"
ತಿಳಿ,"ತಿಳಿ ಹಾಸ್ಯದೊಂದಿಗೆ ಸಾಗುವ ಚಿತ್ರವು ಮಧುರವಾದ ಪ್ರೇಮದ ಘಮಲಿನ ಸ್ಪರ್ಶದೊಂದಿಗೆ ಹೆಣ್ಣಿನ ಅಸಾಹಯಕತೆಯನ್ನು ತೆರೆದಿಡುತ್ತಾ, ಮಾಧ್ಯಮಗಳ ಹುಚ್ಚುತನವನ್ನು ಬಯಲಿಗೆಳೆಯುತ್ತಾ ಹೆಣ್ಣುಮಗಳ ಮೌಲ್ಯವನ್ನು ತಿಳಿಸುವುದರೊಂದಿಗೆ ಕೊನೆಯಾಗುತ್ತದೆ.",2,"ಸ್ವಚ್ಛತೆ, ನೈರ್ಮಲ್ಯ","Cleanliness, hygiene"
ತಿಳಿ,"ತಿಳಿ ಹಸಿರು ಎಂಬುದು ವಸಂತ ಮನಸ್ಥಿತಿ, ಗಾಳಿ, ಶುದ್ಧತೆ ಮತ್ತು ತಣ್ಣನೆಯ ಬಣ್ಣವಾಗಿದೆ.",2,"ಸ್ವಚ್ಛತೆ, ನೈರ್ಮಲ್ಯ","Cleanliness, hygiene"
ತಿಳಿ,ಬೇಸಿಗೆ ಕಳ್ಳಿ ಕೊಠಡಿ ತೊಡಗಿಸಿಕೊಳ್ಳಲು ತಿಳಿ ಛಾಯೆಯನ್ನು ಅಥವಾ ವಿಂಡೋ ಅಡಿ ರಚಿಸಲು ಆಗಿದೆ.,2,"ಸ್ವಚ್ಛತೆ, ನೈರ್ಮಲ್ಯ","Cleanliness, hygiene"
ತಿಳಿ,"ಮೈಬಣ್ಣ ತಿಳಿ ಕಂದು, ಕಡುಗೆಂಪಾಗಿದ್ದು, ಕಿವಿಗಳು ದೊಡ್ಡದಾಗಿವೆ.",2,"ಸ್ವಚ್ಛತೆ, ನೈರ್ಮಲ್ಯ","Cleanliness, hygiene"
ತಿಳಿ,"ಇದು ತಿಳಿ ಕಪ್ಪು ಬಣ್ಣದ ಶೂಗಳು ತೆಗೆದುಕೊಂಡಿಲ್ಲ ವೇಳೆ, ಸಹಜವಾಗಿ, ಧರಿಸಲು ಉತ್ತಮ.",2,"ಸ್ವಚ್ಛತೆ, ನೈರ್ಮಲ್ಯ","Cleanliness, hygiene"
ತಿಳಿ,"ಮೊದಲ ಪ್ರಕರಣದಲ್ಲಿ, ಅಪಾರ್ಟ್ಮೆಂಟ್ ಒಂದು ಚಿಕ್ ಮತ್ತು ದುಬಾರಿ ಆಂತರಿಕ ರಚಿಸಲು ತಂತ್ರಜ್ಞಾನವನ್ನು ಬಳಸಿಕೊಂಡು ಗೋಡೆಗಳ ತಿಳಿ ಹಸಿರು ಬಣ್ಣವನ್ನು ಬಳಿಯಲಾಗಿದೆ, ಮತ್ತು ಪೀಠೋಪಕರಣ ನಾವು ಭಾರಿ, ಬಿಳಿಯ ಖರೀದಿ.",2,"ಸ್ವಚ್ಛತೆ, ನೈರ್ಮಲ್ಯ","Cleanliness, hygiene"
ತಿಳಿ,ಒಣಗಿದ ಕಲ್ಲಂಗಡಿ ತಯಾರಿಸಿದ ಚೂರುಗಳು ಎಲಾಸ್ಟಿಕ್ ಆಗಿರಬೇಕು ಮತ್ತು ಬೆಳಕಿನ ಹಳದಿ ಬಣ್ಣದಿಂದ ತಿಳಿ ಕಂದು ಬಣ್ಣ ಹೊಂದಿರುತ್ತವೆ.,2,"ಸ್ವಚ್ಛತೆ, ನೈರ್ಮಲ್ಯ","Cleanliness, hygiene"
ತಿಳಿ,"ದ್ರವ ತಿಳಿ ಹಳದಿ ಮಲ, ಕೆಲವೊಮ್ಮೆ ಜೀರ್ಣಗೊಳ್ಳದ ಆಹಾರ, ಅನಿಲ ಗುಳ್ಳೆಗಳು ಮತ್ತು ಫೋಮ್ ಸಂಗ್ರಹಗಳನ್ನು.",2,"ಸ್ವಚ್ಛತೆ, ನೈರ್ಮಲ್ಯ","Cleanliness, hygiene"
ತಿಳಿ,"ಮಾತ್ರವಲ್ಲ, ತಿಳಿ ಅಥವಾ ಬಿಳಿಬಣ್ಣದ ಬಟ್ಟೆಗಳು ನೀರು ತಗಲಿದಂತೆ ಹೆಚ್ಚು ಪಾರದರ್ಶಕವೆನಿಸಿ ಇರುಸುಮುರುಸುಂಟಾಗಿಸುವ ಸಾಧ್ಯತೆಯಿರುತ್ತದೆ.",2,"ಸ್ವಚ್ಛತೆ, ನೈರ್ಮಲ್ಯ","Cleanliness, hygiene"
ತಿಳಿ,ಟೂ ಬಿಸಿ ಮತ್ತು ಬಿಸಿಲು ಕೊಠಡಿ ತಿಳಿ ನೀಲಿ ಮತ್ತು ನೀಲಿ ತಂಪು.,2,"ಸ್ವಚ್ಛತೆ, ನೈರ್ಮಲ್ಯ","Cleanliness, hygiene"
ತಿಳಿ,"ಆಕ್ವಾಮರೀನ್, ತಿಳಿ ನೀಲಿ ನೀಲಮಣಿ, ತಿಳಿ ನೀಲಿ ನೀಲಮಣಿ, ಮತ್ತು ವೈಡೂರ್ಯವು ಆ ಶಕ್ತಿಗೆ ಸಂಬಂಧಿಸಿರುವ ಕೆಲವು ಹರಳುಗಳು.",2,"ಸ್ವಚ್ಛತೆ, ನೈರ್ಮಲ್ಯ","Cleanliness, hygiene"
ತಿಳಿ,ಮದುವೆಯಲ್ಲಿ ಅನುಷ್ಕಾ ತಿಳಿ ಗುಲಾಬಿ ಬಣ್ಣ ಲೆಹಂಗಾ ಅದಕ್ಕೊಪ್ಪುವ ಸುಂದರ ಒಡವೆಗಳನ್ನು ಧರಿಸಿದ್ದರು.,2,"ಸ್ವಚ್ಛತೆ, ನೈರ್ಮಲ್ಯ","Cleanliness, hygiene"
ತಿಳಿ,ತಮ್ಮನ್ನು ಆಹಾರ ಮೊದಲು ಹಾಲಿನ ಕೆಲವು ಹನಿಗಳನ್ನು ತಿಳಿ ಸುರಿ.,2,"ಸ್ವಚ್ಛತೆ, ನೈರ್ಮಲ್ಯ","Cleanliness, hygiene"
ತಿಳಿ,ಈ ಸರಣಿಗಳು ಬೆಳಕಿನ ಅಥವಾ ತಿಳಿ ಕೂದಲು ಹೊಂದಲು ಬಯಸುವವರಿಗೆ 19 ಛಾಯೆಗಳು ಹೊಂದಿದೆ.,2,"ಸ್ವಚ್ಛತೆ, ನೈರ್ಮಲ್ಯ","Cleanliness, hygiene"
ತಿಳಿ,ಈ ಸಿದ್ಧತೆಯಲ್ಲಿ ತಿಳಿ ಹಳದಿ ಬಣ್ಣದ 1 ಪ್ರತಿಶತ ಒಳಹೊಗಿಸುವ ಸ್ಪಷ್ಟ ಪರಿಹಾರವಾಗಿ ಉತ್ಪಾದಿಸಲಾದ ಪಶು ರಾಜ್ಯಗಳ ಬಳಕೆಗೆ ಸೂಚನೆಗಳು.,2,"ಸ್ವಚ್ಛತೆ, ನೈರ್ಮಲ್ಯ","Cleanliness, hygiene"
ತಿಳಿ,"ತಿಳಿ ಹಸಿರು ಮಿಶ್ರಿತ ಬಣ್ಣದ ಸೀರೆಯಲ್ಲಿ ರವಿಚಂದ್ರನ್ ಪುತ್ರಿ ಗೀತಾಂಜಲಿ ಮಿಂಚಿದ್ರೆ, ಕಡು ನೀಲಿ ಬಣ್ಣದ ಸೂಟ್ ನಲ್ಲಿ ರವಿ ಭಾವಿ ಅಳಿಯ, ಉದ್ಯಮಿ ಅಜಯ್ ಕಂಗೊಳಿಸುತ್ತಿದ್ದರು.",2,"ಸ್ವಚ್ಛತೆ, ನೈರ್ಮಲ್ಯ","Cleanliness, hygiene"
ತಿಳಿ,"ಅನೇಕ ಮಾಂತ್ರಿಕ ಸಂಪ್ರದಾಯಗಳಲ್ಲಿ, ಇದು ಮೃದು ನೀಲಿಬಣ್ಣದ ಛಾಯೆಗಳ ಸಮಯವಾಗಿದೆ - ತಿಳಿ ನೀಲಿ ಮತ್ತು ಕೆನ್ನೀಲಿಗಳು, ತಿಳಿ ಹಳದಿ ಬಣ್ಣಗಳು ಮತ್ತು ಪಿಂಕ್ಗಳು.",2,"ಸ್ವಚ್ಛತೆ, ನೈರ್ಮಲ್ಯ","Cleanliness, hygiene"
ತಿಳಿ,"ಅಂಡಾಕಾರದ ಆಕಾರದಲ್ಲಿರುವ ಮೊಟ್ಟೆಗಳು ಕೆನೆ ಬಿಳಿ ಅಥವಾ ತಿಳಿ ಹಸಿರು ಮತ್ತು ಕಂದು, ಬೂದು ಅಥವಾ ನೇರಳೆ ಕಲೆಗಳು, ಗೆರೆಗಳು ಮತ್ತು ಸ್ಪ್ಲಾಟ್ಗಳೊಂದಿಗೆ ಗುರುತಿಸಲಾಗಿದೆ.",2,"ಸ್ವಚ್ಛತೆ, ನೈರ್ಮಲ್ಯ","Cleanliness, hygiene"
ತಿಳಿ,"ಇದು ಬಣ್ಣವಿಲ್ಲದ, ವಿಷಕಾರಿ, ನಾಶಕಾರಿ ಅನಿಲ ಅಥವಾ ತಿಳಿ ಹಸಿರು-ಹಳದಿ ದ್ರವವಾಗಿದೆ, ಇದು ನೀವು ಪ್ರತಿಕ್ರಿಯಾತ್ಮಕವಾಗಿದ್ದು, ನೀವು ಹೆಸರಿಸಬಹುದಾದ ಯಾವುದಾದರೂ ವಸ್ತುವಿನ ಬಗ್ಗೆ ಕೇವಲ ದಹನವನ್ನು ಉಂಟುಮಾಡುತ್ತದೆ ಮತ್ತು ಬೆಂಕಿಯನ್ನು ಪ್ರಾರಂಭಿಸಲು ದಹನ ಮೂಲದ ಅಗತ್ಯವಿರುವುದಿಲ್ಲ!",2,"ಸ್ವಚ್ಛತೆ, ನೈರ್ಮಲ್ಯ","Cleanliness, hygiene"
ತಿಳಿ,"ನೆರಳುಗಳಿಗೆ ಗಮನ ಕೊಡಿ, ಇದು ಸಾಮಾನ್ಯವಾಗಿ ಶಿಷ್ಯರಿಗೆ ಹತ್ತಿರದಲ್ಲಿದೆ ಮತ್ತು ಕಣ್ಣುಗುಡ್ಡೆಯ ಅಂಚುಗಳ ಸುತ್ತಲೂ ತಿಳಿ ಬಣ್ಣಗಳಿಗೆ ಕೆಲಸ ಮಾಡುತ್ತದೆ.",2,"ಸ್ವಚ್ಛತೆ, ನೈರ್ಮಲ್ಯ","Cleanliness, hygiene"
ತಿಳಿ,"ಈ ಸರೋವರಗಳ ಒಂದು ವೈಶಿಷ್ಟ್ಯವನ್ನು ನೀರಿನ ಕೇವಲ ಅದ್ಭುತ ನೆರಳು, ಆದರೆ ಬಣ್ಣಗಳ ವಿವಿಧ ತಿಳಿ ನೀಲಿ, ವೈಡೂರ್ಯ ಆಸಿಡ್ ಹಸಿರು ಅಲ್ಲ.",2,"ಸ್ವಚ್ಛತೆ, ನೈರ್ಮಲ್ಯ","Cleanliness, hygiene"
ತಿಳಿ,ನಾನು ಮದುವೆಗೆ ಆ್ಯಂಟಿಕ್‌ ಆಭರಣ ಮತ್ತು ತಿಳಿ ಗುಲಾಬಿ ಬಣ್ಣದ ಸೀರೆ ಉಟ್ಟಿದ್ದರಿಂದ ಅದಕ್ಕೆ ಹೊಂದಿಕೆಯಾಗುವಂತೆಯೇ ಮೊಗ್ಗಿನ ಜಡೆ ಧರಿಸಿದ್ದೆ.,2,"ಸ್ವಚ್ಛತೆ, ನೈರ್ಮಲ್ಯ","Cleanliness, hygiene"
ತಿಳಿ,ಒರೆ ಬಣ್ಣ - ತಿಳಿ ಹಳದಿ.,2,"ಸ್ವಚ್ಛತೆ, ನೈರ್ಮಲ್ಯ","Cleanliness, hygiene"
ತಿಳಿ,"ಎಲೆಗಳು ಬಣ್ಣ - ತಿಳಿ ಹಸಿರು, ಪ್ರಕಾಶಮಾನವಾದ ಹಸಿರು ಬೆಳ್ಳಿ.",2,"ಸ್ವಚ್ಛತೆ, ನೈರ್ಮಲ್ಯ","Cleanliness, hygiene"
ತಿಳಿ,ಅದು ಗಾಢ ಜೇನುತುಪ್ಪ ಬಣ್ಣದಿಂದ ತಿಳಿ ಹಳದಿ(ಸ್ಟ್ರಾ ಹಳದಿ) ಬಣ್ಣವನ್ನು ಹೊಂದಿದೆ.,2,"ಸ್ವಚ್ಛತೆ, ನೈರ್ಮಲ್ಯ","Cleanliness, hygiene"
ತಿಳಿ,"ಗುಲಾಬಿಗಳು, ಸ್ಟೆತಾನೊಟಿಸ್, ಬಿಳಿ ಬಣ್ಣ ಬಣ್ಣದ ಹೂವುಳ್ಳ ಗಿಡ, ಸೊಗಸಾದ ಬಿಳಿ ಕ್ಯಾಲಾ ಲಿಲ್ಲಿಗಳು, ಬೃಹತ್ ಮತ್ತು ಪರಿಮಳಯುಕ್ತ ಕ್ಯಾಸಾ ಬ್ಲಾಂಕಾ ಲಿಲ್ಲಿಗಳು, ಹೈಡ್ರೇಂಜ, ಸ್ನೋಬಾಲ್ ಮಾಮ್ಸ್, ಮತ್ತು ಡೈಸಿಗಳು (ಶಾಸ್ತಾ ಡೈಸಿಗಳು ಎಂದು ಕೂಡ ಕರೆಯಲ್ಪಡುತ್ತವೆ) ಮುಂತಾದ ಬಿಳಿ ಮತ್ತು ತಿಳಿ ಬಣ್ಣದ ಹೂವುಗಳು, .",2,"ಸ್ವಚ್ಛತೆ, ನೈರ್ಮಲ್ಯ","Cleanliness, hygiene"
ತಿಳಿ,"ಫ್ಯಾಷನ್ ಪ್ರವೃತ್ತಿಗಳು ಹಾಗೂ ಋತುಗಳ ಅನುಗುಣವಾಗಿ, ಮಹಿಳೆಯರು ಬೇಸಿಗೆಯಲ್ಲಿ ಬಟ್ಟೆಗಳನ್ನು ಗಾಢ ಬಣ್ಣಗಳು ಆರಿಸಿಕೊಳ್ಳಬಹುದು (ತಿಳಿ ಗುಲಾಬಿ, ತಿಳಿ ಹಸಿರು ಅಥವಾ ಆಕಾಶ ನೀಲಿ), ಅಥವಾ ಚಳಿಗಾಲದ - ಒಂದು ಮ್ಯೂಟ್ ಮತ್ತು ಆಳವಾದ (ಕಪ್ಪು, ನೀಲಿ ಬೂದು, ಕಪ್ಪು ಅಥವಾ ಕಂದು).",2,"ಸ್ವಚ್ಛತೆ, ನೈರ್ಮಲ್ಯ","Cleanliness, hygiene"
ತಿಳಿ,"ತಿಳಿ ಗುಲಾಬಿ ಬಣ್ಣದ ಬ್ರೈಡಲ್ ಲೆಹೆಂಗಾ ತೊಟ್ಟಿದ್ದ ಅನುಷ್ಕಾ ಸುರಸುಂದರಿಯಾಗಿ ಕಂಗೊಳಿಸಿದ್ದರೆ, ಅದಕ್ಕೆ ಸೂಟ್ ಆಗುವಂಥದೇ ಶೆರ್ವಾನಿ ಧರಿಸಿದ್ದ ಕೋಹ್ಲಿ ಸಹ ತಾವೂ ಕಡಿಮೆ ಇಲ್ಲ ಎಂಬಂತೆ ಕಂಡುಬಂದರು.",2,"ಸ್ವಚ್ಛತೆ, ನೈರ್ಮಲ್ಯ","Cleanliness, hygiene"
ತಿಳಿ,"ತಿಳಿ ಹಸಿರು ತೊಟ್ಟಿನಿಂದ ಕೂಡಿದ ಅಚ್ಚ ಬಿಳಿ ಬಣ್ಣದ ಉಗುನಿ ಹೂವು ಆಕರ್ಷಕ ರಚನೆ ಹೊಂದಿದ್ದು, ಮುಳ್ಳಿಗೆ ಜೋಡಿಸಿದ ಅವುಗಳನ್ನು ನೋಡುವುದೇ ಒಂದು ಚಂದ.",2,"ಸ್ವಚ್ಛತೆ, ನೈರ್ಮಲ್ಯ","Cleanliness, hygiene"
ತಿಳಿ,"ರೈಟ್ ಇನ್ ದ ರೈನ್ ನಿಂದ ಬಿಳಿ, ಕಂದು, ಮತ್ತು ತಿಳಿ ಹಸಿರುಗಳಲ್ಲಿ ಲಭ್ಯವಿರುವ ಎಲ್ಲಾ-ಹವಾಮಾನ ಕಾಪಿಯರ್ (ಮತ್ತು ಲೇಸರ್ ಮುದ್ರಕ) ಕಾಗದದಲ್ಲೂ ನನಗೆ ತುಂಬಾ ಸಂತೋಷವಾಗಿದೆ.",2,"ಸ್ವಚ್ಛತೆ, ನೈರ್ಮಲ್ಯ","Cleanliness, hygiene"
ತಿಳಿ,ಅವರು ಟಚ್ ಸುಗಮ ಮತ್ತು ತಿಳಿ ಹಸಿರು ಬಣ್ಣವನ್ನು ಬಳಿಯಲಾಗಿದೆ ಇವೆ.,2,"ಸ್ವಚ್ಛತೆ, ನೈರ್ಮಲ್ಯ","Cleanliness, hygiene"
ತಿಳಿ,"ಮದುವೆಯ ಉಡುಪುಗಳು ಹೆಚ್ಚು ವೈವಿಧ್ಯಮಯವಾಗುತ್ತಿವೆ - ಕೆಂಪು, ನೇರಳೆ, ಗುಲಾಬಿ, ಸಹ ಹಳದಿ ಅಥವಾ ತಿಳಿ ಹಸಿರು - ನೀವು ಸಾಮಾನ್ಯ ಬಿಳಿ ಅಥವಾ ಕೆನೆಗೆ ನಿಮ್ಮನ್ನು ಮಿತಿಗೊಳಿಸಲು ಅಗತ್ಯವಿಲ್ಲ - ಎಲ್ಲಾ ಮತ್ತು ಅನೇಕ ಇತರ ಬಣ್ಣಗಳನ್ನು ಮದುವೆಯ ಫ್ಯಾಷನ್ 2013 ರಲ್ಲಿ ಬಳಸಲಾಗುತ್ತದೆ.",2,"ಸ್ವಚ್ಛತೆ, ನೈರ್ಮಲ್ಯ","Cleanliness, hygiene"
ತಿಳಿ,ಹುಬ್ಬು ತಿಳಿ ಹಳದಿಕಂದು.,2,"ಸ್ವಚ್ಛತೆ, ನೈರ್ಮಲ್ಯ","Cleanliness, hygiene"
ತಿಳಿ,"ಅವರಿಗೆ, ಎಲ್ಲಾ ಅಂಶಗಳು ಪೂರ್ವ ಮುಖ ಲಘುವಾಗಿ ಉಪ್ಪುಸಹಿತ ನೀರಿನಲ್ಲಿ ಕುದಿ, ಮತ್ತು ನಂತರ ಒಂದು ಕಡಾಯಿ ಮತ್ತು ತಿಳಿ ಸಾರನ್ನು ಸೇರಿಸಿ ಆಗಿ ಬದಲಾಯಿಸುವಂತೆ ಅಗತ್ಯವಿದೆ, ಔಟ್ ಮುಚ್ಚಳವನ್ನು ಅಡಿಯಲ್ಲಿ ನಂತರ ಕತ್ತರಿಸಿದ ಗಿಡಮೂಲಿಕೆಗಳೊಂದಿಗೆ ತುಂತುರು ಅರ್ಧ ಗಂಟೆ ಮುಚ್ಚಲಾಗಿದೆ ಪುಟ್.",2,"ಸ್ವಚ್ಛತೆ, ನೈರ್ಮಲ್ಯ","Cleanliness, hygiene"
ತಿಳಿ,ಮರಳು ಅಥವಾ ಮಣ್ಣಿನಲ್ಲಿ ತಟ್ಟೆಯಂತಹ ಹೊಂಡದಲ್ಲಿ ಮೊಟ್ಟೆ ಕಂದು ಚುಕ್ಕೆ ಗಳಿರುವ ಮರುಳು ಬಣ್ಣದ ಅಥವಾ ತಿಳಿ ಹಸಿರಿನ ೨-೩ ಮೊಟ್ಟೆಗಳು.,2,"ಸ್ವಚ್ಛತೆ, ನೈರ್ಮಲ್ಯ","Cleanliness, hygiene"
ತಿಳಿ,"ಕಾಯಿಗಳು ಉದ್ದ, ತಿಳಿ ಹಸಿರು ಬಣ್ಣ, ಹೆಕ್ಟೇರಿಗೆ ಸುಮಾರು ೨೬ ಟನ್ನುಗಳವರೆಗೆ ಪಸಲು.",2,"ಸ್ವಚ್ಛತೆ, ನೈರ್ಮಲ್ಯ","Cleanliness, hygiene"
ತಿಳಿ,ಹಾಗೆಯೇ ಹಿನ್ನೆಲೆಯ ತಿಳಿ ನೀರಲ್ಲಿ ಹೊಳೆಯುವ ಮೋಡಗಳು ಪ್ರತಿಫಲನಗೊಂಡಾಗಿನ ಈ ಸುಂದರ ದೃಶವನ್ನು ಕ್ಯಾಮೆರಾ ಕಣ್ಣಲ್ಲಿ ಸೆರೆಹಿಡಿದವರು ಭಾಗ್ಯ.,2,"ಸ್ವಚ್ಛತೆ, ನೈರ್ಮಲ್ಯ","Cleanliness, hygiene"
ತಿಳಿ,"ಹಳದಿ-ಹಸಿರು, ಮೂರನೇ - - ತಿಳಿ ಕೆಂಪು ಕೆಲವು ಪ್ರಭೇದಗಳಲ್ಲಿ, ಗರಿಯಂಥ ಎಲೆಗಳು ತಿಳಿ ಹಸಿರು, ಇತರರು.",2,"ಸ್ವಚ್ಛತೆ, ನೈರ್ಮಲ್ಯ","Cleanliness, hygiene"
ತಿಳಿ,"ಹೆಣ್ಣು ಹಕ್ಕಿಯ ಬೆನ್ನು ಕಂದು ಗೆಂಪು ಇದ್ದು -ರೆಕ್ಕೆ ಹೊಟ್ಟೆ, ಬಾಲದ ಅಡಿಯಲ್ಲಿ ಕಂದು ಕೆಂಪು ತಿಳಿ ಬಣ್ಣವನ್ನು ಕೂಡಿದೆ.",2,"ಸ್ವಚ್ಛತೆ, ನೈರ್ಮಲ್ಯ","Cleanliness, hygiene"
ತಿಳಿ,"ಬಿಳಿ, ತಿಳಿ ಗುಲಾಬಿ ಬಣ್ಣದ ಪಟ್ಟಾ–ಪಟ್ಟಿಯ ಬ್ಲೇಜರ್ ಧರಿಸಿನಲ್ಲಿ ಕಂಗೊಳಿಸಿದ ಪ್ರಿಯಾಂಕ ಎಲ್ಲರ ಮೆಚ್ಚುಗೆಗೆ ಪಾತ್ರರಾಗಿದ್ದಾರೆ.",2,"ಸ್ವಚ್ಛತೆ, ನೈರ್ಮಲ್ಯ","Cleanliness, hygiene"
ತಿಳಿ,"ಲ್ಯಾಶಸ್ ಕೇವಲ ಕಲ್ಲಿದ್ದಲಿನ ಕಪ್ಪು, ತಿಳಿ ಕಣ್ಣುಗಳು ಹೊಂದಿದೆ ಎಂದು ತೋರುತ್ತಿಲ್ಲ.",2,"ಸ್ವಚ್ಛತೆ, ನೈರ್ಮಲ್ಯ","Cleanliness, hygiene"
ತಿಳಿ,", ತಿಳಿ ಹಸಿರು ಅಥವಾ ಕೆಂಪು ಮಣ್ಣಿನ ಟೇಕ್ ಒಂದು ಸಣ್ಣ ತುಂಡು ಮಾಡಿ.",2,"ಸ್ವಚ್ಛತೆ, ನೈರ್ಮಲ್ಯ","Cleanliness, hygiene"
ತೀರ್ಥ,"ಒಟ್ಟಿನಲ್ಲಿ ನದಿ ಮೂಲ, ಅರಣ್ಯ ವಿಶೇಷ, ವನ್ಯಸಂಕುಲ, ಜಲಚರ, ನದಿ ದಂಡೆಯ ಕಾಡು, ತೀರ್ಥ ಕ್ಷೇತ್ರ, ಮಳೆಯ ಸ್ಥಿತಿ, ಕೃಷಿ ವಿಶೇಷ ಬಿತ್ತರಿಸಬೇಕು.",1,"ಕೊಳ, ನದಿ ಜಲಪ್ರದೇಶವಿರುವ ಪುಣ್ಯ ಕ್ಷೇತ್ರ",A holy place with pond and river water area
ತೀರ್ಥ,ವಾರಕರಿ ಸಂಪ್ರದಾಯದವರಿಗೆ ಆಳಂದಿ ಒಂದು ತೀರ್ಥ ಕ್ಷೇತ್ರ.,1,"ಕೊಳ, ನದಿ ಜಲಪ್ರದೇಶವಿರುವ ಪುಣ್ಯ ಕ್ಷೇತ್ರ",A holy place with pond and river water area
ತೀರ್ಥ,ಬೆಂಗಳೂರು: ಅಯೋಧ್ಯೆಯಲ್ಲಿ ಶ್ರೀರಾಮ ಜನ್ಮ ಭೂಮಿಯಲ್ಲಿ ರಾಮಮಂದಿರ ನಿರ್ಮಾಣ ಹಾಗೂ ಸಂಬಂಧಪಟ್ಟ ವಿಷಯಗಳ ಮೇಲ್ವಿಚಾರಣೆಗಾಗಿ ಸುಪ್ರೀಂ ಕೋರ್ಟ್‌ ಮಾರ್ಗಸೂಚಿಯಂತೆ ಕೇಂದ್ರ ಸರ್ಕಾರ ಶ್ರೀರಾಮ ಜನ್ಮಭೂಮಿ ತೀರ್ಥ ಕ್ಷೇತ್ರ ಟ್ರಸ್ಟ್‌ ರಚಿಸುವುದಾಗಿ ಪ್ರಕಟಿಸಿರುವುದನ್ನು ಮುಖ್ಯಮಂತ್ರಿ ಬಿ.,1,"ಕೊಳ, ನದಿ ಜಲಪ್ರದೇಶವಿರುವ ಪುಣ್ಯ ಕ್ಷೇತ್ರ",A holy place with pond and river water area
ತೀರ್ಥ,ನೇ ಶತಮಾನದಲ್ಲಿ ಸಾಂತರಸರು ಕುಮಧ್ವತಿ ನದಿಯ ಉಗಮ ಸ್ಥಾನದಲ್ಲಿ ತೀರ್ಥ ಕೋಳವನ್ನ ನಿರ್ಮಿಸಿರುವುದು ಪುರಾತತ್ವ ಸಂಗ್ರಾಹಲಯ ಮತ್ತು ಪರಂಪರೆ ಇಲಾಖೆಯ ಸಹಾಯಕ ನಿರ್ದೇಶಕ ಆರ್.,1,"ಕೊಳ, ನದಿ ಜಲಪ್ರದೇಶವಿರುವ ಪುಣ್ಯ ಕ್ಷೇತ್ರ",A holy place with pond and river water area
ತೀರ್ಥ,ಅಂದು ಮುಂಜಾನೆಯಿಂದಲೇ ನವ ವಧು ವರರು ಪರ್ವತವೇರಿ ಪವಿತ್ರ ತೀರ್ಥ ಕೆರೆಗಳಲ್ಲಿ ಮಿಂದು ಶ್ರೀದೇವರಿಗೆ ಸೇವೆ ಸಲ್ಲಿಸಿ ಪುನೀತರಾಗುತ್ತಾರೆ.,1,"ಕೊಳ, ನದಿ ಜಲಪ್ರದೇಶವಿರುವ ಪುಣ್ಯ ಕ್ಷೇತ್ರ",A holy place with pond and river water area
ತೀರ್ಥ,ತೀರ್ಥ ಕ್ಷೇತ್ರಗಳ ಸಂದರ್ಶನ ಆತ್ಮ ತೃಪ್ತಿ ಕೊಡಲಿದೆ.,1,"ಕೊಳ, ನದಿ ಜಲಪ್ರದೇಶವಿರುವ ಪುಣ್ಯ ಕ್ಷೇತ್ರ",A holy place with pond and river water area
ತೀರ್ಥ,೪)ಗೆ ಹೊಂದಿಕೊಮಡು ಸುಮಾರು ೪೦ ಎಕರೆ ಜಮೀನು ಹೊಂದಿರುವ ನವಗ್ರಹ ತೀರ್ಥ ಕ್ಷೇತ್ರವು ತುಂಬಾ ಪ್ರಸಿದ್ಧಿಯನ್ನು ಪಡೆದಿದೆ.,1,"ಕೊಳ, ನದಿ ಜಲಪ್ರದೇಶವಿರುವ ಪುಣ್ಯ ಕ್ಷೇತ್ರ",A holy place with pond and river water area
ತೀರ್ಥ,"ಭಾರತ ದೇಶವು ಸಾಕಷ್ಟು ಪುಣ್ಯ ಕ್ಷೇತ್ರಗಳು, ತೀರ್ಥ ಕ್ಷೇತ್ರಗಳಿಂದ ಕೂಡಿರುವ ನೆಲೆಬೀಡಾಗಿದೆ.",1,"ಕೊಳ, ನದಿ ಜಲಪ್ರದೇಶವಿರುವ ಪುಣ್ಯ ಕ್ಷೇತ್ರ",A holy place with pond and river water area
ತೀರ್ಥ,ಮುಳಬಾಗಿಲು: ಇಲ್ಲಿನ ನರಸಿಂಹ ತೀರ್ಥ ಸಮೀಪ ರಾಷ್ಟ್ರೀಯ ಹೆದ್ದಾರಿಯಲ್ಲಿ ಜೈಲೋ ಕಾರಿಗೆ ಹಾಲಿನ ಲಾರಿ ಡಿಕ್ಕಿ ಹೊಡೆದು ಪರಿಣಾಮ ಮೂವರು ಮೃತಪಟ್ಟಿರುವ ಘಟನೆ ನಡೆದಿದೆ.,1,"ಕೊಳ, ನದಿ ಜಲಪ್ರದೇಶವಿರುವ ಪುಣ್ಯ ಕ್ಷೇತ್ರ",A holy place with pond and river water area
ತೀರ್ಥ,"ಡೆಹ್ರಾಡೂನ್: ಪ್ರಸಿದ್ಧ ತೀರ್ಥ ಕ್ಷೇತ್ರ ಬದರಿನಾಥ, ಕೇದಾರನಾಥ​ ದೇಗುಲ ಸಮಿತಿಗೆ ಉತ್ತರಾಖಂಡ ಮುಖ್ಯಮಂತ್ರಿ ತ್ರಿವೇಂದ್ರ ಸಿಂಗ್​ಅವರು ಉದ್ಯಮಿ ಮುಖೇಶ್ ಅಂಬಾನಿ ಅವರ ಪುತ್ರ ಅನಂತ್​ ಅಂಬಾನಿ ಅವರನ್ನು ನೇಮಕ ಮಾಡಿದ್ದಾರೆ.",1,"ಕೊಳ, ನದಿ ಜಲಪ್ರದೇಶವಿರುವ ಪುಣ್ಯ ಕ್ಷೇತ್ರ",A holy place with pond and river water area
ತೀರ್ಥ,ಅಂತೆಯೆ ಇದೊಂದು ಐದು ಸಂಗಮಗಳ ತೀರ್ಥ ಯಾತ್ರೆ ಎಂದೆ ಜನಜನಿತವಾಗಿದೆ ಹಾಗೂ ಯೋಗ್ಯವಾದ ಋತುಮಾನದಲ್ಲಿ ಈ ತಾಣಗಳನ್ನು ದರ್ಶಿಸಲು ದೇಶದೆಲ್ಲೆಡೆಯಿಂದ ಅಪಾರ ಸಂಖ್ಯೆಯಲ್ಲಿ ಭಕ್ತರು ಉತ್ತರಾಖಂಡ ರಾಜ್ಯಕ್ಕೆ ಭೇಟಿ ನೀಡುತ್ತಾರೆ.,1,"ಕೊಳ, ನದಿ ಜಲಪ್ರದೇಶವಿರುವ ಪುಣ್ಯ ಕ್ಷೇತ್ರ",A holy place with pond and river water area
ತೀರ್ಥ,ಆ ಜಲಧಾರೆಯೇ ಲಕ್ಷ್ಮಣ ತೀರ್ಥ ಎಂದು ಜನ ನಂಬಿದ್ದಾರೆ.,1,"ಕೊಳ, ನದಿ ಜಲಪ್ರದೇಶವಿರುವ ಪುಣ್ಯ ಕ್ಷೇತ್ರ",A holy place with pond and river water area
ತೀರ್ಥ,ರಾಜ್ಯದ ಪ್ರಸಿದ್ದ ತೀರ್ಥ ಕ್ಷೇತ್ರಗಳಲ್ಲಿ ಒಂದಾದ ಕುಕ್ಕೆ ಸುಬ್ರಮಣ್ಯ ದೇವಸ್ಥಾನದ ತೀರ್ಥ ಬಾವಿಯಲ್ಲಿ ದಿನೇ ದಿನೇ ನೀರು ಬರಿದಾಗುತ್ತಿರುವ ಕಾರಣ ದೇವಸ್ಥಾನದಿಂದ 2 ಕಿ.,1,"ಕೊಳ, ನದಿ ಜಲಪ್ರದೇಶವಿರುವ ಪುಣ್ಯ ಕ್ಷೇತ್ರ",A holy place with pond and river water area
ತೀರ್ಥ,ಸಿದ್ಧನಾಥ ತೀರ್ಥ ಮಧ್ಯಪ್ರದೇಶದ ಉಜ್ಜೈನಿಯಲ್ಲಿ ಶಿಪ್ರ ನದಿ ತೀರದಲ್ಲಿದೆ.,1,"ಕೊಳ, ನದಿ ಜಲಪ್ರದೇಶವಿರುವ ಪುಣ್ಯ ಕ್ಷೇತ್ರ",A holy place with pond and river water area
ತೀರ್ಥ,ಮಿ ದೂರದಲ್ಲಿ ಇರುವ ಭಗವಾನ್ ವಾಲ್ಮೀಕಿ ತೀರ್ಥ ಸ್ಥಳವಾಗಿತ್ತು.,1,"ಕೊಳ, ನದಿ ಜಲಪ್ರದೇಶವಿರುವ ಪುಣ್ಯ ಕ್ಷೇತ್ರ",A holy place with pond and river water area
ತೀರ್ಥ,ನಮಗೆ ಬಾಪೂ ಭಕ್ತರಿಗೆ ಶ್ರೀ ಅನಿರುದ್ಧ ಗುರುಕ್ಪೇತ್ರಂ ಎಂದರೆ ಈ ಸಂಸಾರದ ಸರ್ವೋಚ್ಚ ತೀರ್ಥ ಸ್ಥಳವೇ ಸರಿ.,1,"ಕೊಳ, ನದಿ ಜಲಪ್ರದೇಶವಿರುವ ಪುಣ್ಯ ಕ್ಷೇತ್ರ",A holy place with pond and river water area
ತೀರ್ಥ,ಉಡುಪಿ: ಅಯೋಧ್ಯೆಯಲ್ಲಿ ರಾಮ ಮಂದಿರ ನಿರ್ಮಾಣ ಹಾಗೂ ಕ್ಷೇತ್ರದ ಅಭಿವೃದ್ಧಿಗಾಗಿ ಸುಪ್ರೀಂ ಕೋರ್ಟ್ ಆದೇಶದಂತೆ ಕೇಂದ್ರ ಸರ್ಕಾರ ಶ್ರೀರಾಮ ಜನ್ಮಭೂಮಿ ತೀರ್ಥ ಕ್ಷೇತ್ರ ಟ್ರಸ್ಟ್‌ ರಚಿಸಿದೆ.,1,"ಕೊಳ, ನದಿ ಜಲಪ್ರದೇಶವಿರುವ ಪುಣ್ಯ ಕ್ಷೇತ್ರ",A holy place with pond and river water area
ತೀರ್ಥ,ಲಕ್ನೋ : ಉತ್ತರ ಪ್ರದೇಶ ಮುಖ್ಯಮಂತ್ರಿ ಯೋಗಿ ಆದಿತ್ಯನಾಥ್‌ ಅವರು ವೃಂದಾವನ ಮತ್ತು ಬಾರ್‌ಸಾನಾ ವನ್ನು ಪವಿತ್ರ ತೀರ್ಥ ಕ್ಷೇತ್ರಗಳೆಂದು ಘೋಷಿಸಿದ್ದಾರೆ.,1,"ಕೊಳ, ನದಿ ಜಲಪ್ರದೇಶವಿರುವ ಪುಣ್ಯ ಕ್ಷೇತ್ರ",A holy place with pond and river water area
ತೀರ್ಥ,ಯಾವುದಾದ್ರೂ ತೀರ್ಥ ಕ್ಷೇತ್ರಕ್ಕೆ ತೆರಳುವ ಸಾಧ್ಯತೆ ಇದೆ.,1,"ಕೊಳ, ನದಿ ಜಲಪ್ರದೇಶವಿರುವ ಪುಣ್ಯ ಕ್ಷೇತ್ರ",A holy place with pond and river water area
ತೀರ್ಥ,ಹಾಗೆಯೇ ದಕ್ಷಿಣ ಭಾರತದ ಪ್ರಸಿದ್ದ ತೀರ್ಥ ಕ್ಷೇತ್ರಗಳಾದ,1,"ಕೊಳ, ನದಿ ಜಲಪ್ರದೇಶವಿರುವ ಪುಣ್ಯ ಕ್ಷೇತ್ರ",A holy place with pond and river water area
ತೀರ್ಥ,"ಈ ಹಿನ್ನೆಲೆಯಲ್ಲಿ ಪಂಚ ತೀರ್ಥ ಸಪ್ತ ಕ್ಷೇತ್ರ ರಥಯಾತ್ರೆಗೆ ಭಾರತೀಯ ಜನಾತ ಪಾರ್ಟಿ ಬೆಂಬಲ ನೀಡುತ್ತಿದ್ದು, ರಥಯಾತ್ರೆ ಸಂದರ್ಭ ಆಯಾ ಕ್ಷೇತ್ರ ವ್ಯಾಪ್ತಿಯಲ್ಲಿ ಬಿಜೆಪಿ ಕಾರ್ಯಕರ್ತರು ಪಾಲ್ಗೊಂಡು ಹೋರಾಟಕ್ಕೆ ಬೆಂಬಲ ವ್ಯಕ್ತಪಡಿಸಲಿದ್ದಾರೆ ಎಂದರು.",1,"ಕೊಳ, ನದಿ ಜಲಪ್ರದೇಶವಿರುವ ಪುಣ್ಯ ಕ್ಷೇತ್ರ",A holy place with pond and river water area
ತೀರ್ಥ,ರಾಷ್ಟ್ರಕೂಟರು ಈ ಊರನ್ನು ಆಳುತ್ತಿದ್ದಾಗ ಮುಳಗುಂದ ಜೈನರ ತೀರ್ಥ ಕ್ಷೇತ್ರವಾಗಿತ್ತು.,1,"ಕೊಳ, ನದಿ ಜಲಪ್ರದೇಶವಿರುವ ಪುಣ್ಯ ಕ್ಷೇತ್ರ",A holy place with pond and river water area
ತೀರ್ಥ,ಹಿರಿಯರ ತೀರ್ಥ ಯಾತ್ರೆಗೆ ಏರ್ಪಾಟು ಮಾಡುವಿರಿ.,1,"ಕೊಳ, ನದಿ ಜಲಪ್ರದೇಶವಿರುವ ಪುಣ್ಯ ಕ್ಷೇತ್ರ",A holy place with pond and river water area
ತೀರ್ಥ,"ಡೆಹರಾಡೂನ್‌,ಮೇ 9-ಸುಪ್ರಸಿದ್ಧ, ಹಿಂದುಗಳ ಪಾಲಿನ ಪವಿತ್ರ ತೀರ್ಥ ಕ್ಷೇತ್ರಗಳಲ್ಲಿ ಒಂದಾಗಿರುವ ಕೇದಾರನಾಥ ದೇಗುಲದ ಬಾಗಿಲನ್ನು ಆರು ತಿಂಗಳ ನಂತರ ಮತ್ತೆ ತೆರೆಯಲಾಗಿದೆ.",1,"ಕೊಳ, ನದಿ ಜಲಪ್ರದೇಶವಿರುವ ಪುಣ್ಯ ಕ್ಷೇತ್ರ",A holy place with pond and river water area
ತೀರ್ಥ,ಭದ್ರಾಚಲಂ ದೇವಸ್ಥಾನ : ಭದ್ರಾಚಲಂ ಭಾರತದ ದಕ್ಷಿಣ ಭಾಗದ ತೆಲಂಗಾಣ ರಾಜ್ಯದ ಖಮ್ಮಮ್ ಜಿಲ್ಲೆಯಲ್ಲಿರುವ ಒಂದು ಸಣ್ಣ ಪಟ್ಟಣ ಹಾಗೂ ಪ್ರಬುದ್ಧ ತೀರ್ಥ ಕ್ಷೇತ್ರ.,1,"ಕೊಳ, ನದಿ ಜಲಪ್ರದೇಶವಿರುವ ಪುಣ್ಯ ಕ್ಷೇತ್ರ",A holy place with pond and river water area
ತೀರ್ಥ,ತೀರ್ಥ ಕ್ಷೇತ್ರಗಳಿಗೆ ಯಾತ್ರೆ ಮಾಡುವ ಯೋಗ ಇದೆ ಜೊತೆಗೆ ನಿಮಗೆ ಪುಣ್ಯ ಲಭ್ಯ ಆಗುತ್ತದೆ.,1,"ಕೊಳ, ನದಿ ಜಲಪ್ರದೇಶವಿರುವ ಪುಣ್ಯ ಕ್ಷೇತ್ರ",A holy place with pond and river water area
ತೀರ್ಥ,ಬುಧವಾರ ಕೇಂದ್ರ ಸರ್ಕಾರ ರಾಮ ಮಂದಿರ ನಿರ್ಮಾಣ ಸಂಬಂಧ ಸುಪ್ರೀಂ ನಿರ್ದೇಶನದಂತೆ ಶ್ರೀರಾಮ ಜನ್ಮಭೂಮಿ ತೀರ್ಥ ಕ್ಷೇತ್ರ ಹೆಸರಿನ ಟ್ರಸ್ಟ್ ಸ್ಥಾಪಿಸಿತ್ತು.,1,"ಕೊಳ, ನದಿ ಜಲಪ್ರದೇಶವಿರುವ ಪುಣ್ಯ ಕ್ಷೇತ್ರ",A holy place with pond and river water area
ತೀರ್ಥ,ಮಹರ್ಷಿ ವಾಲ್ಮೀಕಿಗೆ ಸಮರ್ಪಿಸಲಾಗಿರುವ ಭಗವಾನ್ ವಾಲ್ಮೀಕಿ ತೀರ್ಥ ಸ್ಥಳವು ಅಮೃತಸರದಿಂದ 11 ಕಿ.,1,"ಕೊಳ, ನದಿ ಜಲಪ್ರದೇಶವಿರುವ ಪುಣ್ಯ ಕ್ಷೇತ್ರ",A holy place with pond and river water area
ತೀರ್ಥ,ಸನಾತನ ಧರ್ಮದ ಅಷ್ಟೂ ತೀರ್ಥ ಕ್ಷೇತ್ರಗಳ ರಾಜ ಈ ಪ್ರಯಾಗ.,1,"ಕೊಳ, ನದಿ ಜಲಪ್ರದೇಶವಿರುವ ಪುಣ್ಯ ಕ್ಷೇತ್ರ",A holy place with pond and river water area
ತೀರ್ಥ,ಕಂಖಲ : ವಾಯು ಪುರಾಣ ಹಾಗೂ ಮಹಾಭಾರತದಲ್ಲಿ ಕನಖಲ ಎಂದು ಕರೆಯಲ್ಪಟ್ಟಿದ್ದ ಈ ಸ್ಥಳವು ಉತ್ತರಾಖಂಡ ರಾಜ್ಯದ ಪ್ರಸಿದ್ಧ ತೀರ್ಥ ಕ್ಷೇತ್ರ ಹರಿದ್ವಾರದಲ್ಲಿದೆ.,1,"ಕೊಳ, ನದಿ ಜಲಪ್ರದೇಶವಿರುವ ಪುಣ್ಯ ಕ್ಷೇತ್ರ",A holy place with pond and river water area
ತೀರ್ಥ,"ರಾಯಚೂರು: ಹೊಸ ವರ್ಷಾಚರಣೆ ನೆಪದಲ್ಲಿ ಡಿಸೆಂಬರ್ 31ರಂದು ರಾಜ್ಯದ ವಿವಿಧ ತೀರ್ಥ ಕ್ಷೇತ್ರ, ಸಾರ್ವಜನಿಕ ಸ್ಥಳ ಮತ್ತು ಪ್ರೇಕ್ಷಣೀಯ ಪ್ರದೇಶದಲ್ಲಿ ನಡೆಯುವ ಕುಸಂಸ್ಕೃತಿಯನ್ನು ತಡೆಗಟ್ಟಬೇಕು.",1,"ಕೊಳ, ನದಿ ಜಲಪ್ರದೇಶವಿರುವ ಪುಣ್ಯ ಕ್ಷೇತ್ರ",A holy place with pond and river water area
ತೀರ್ಥ,"ತದನಂತರ ಅವರು ಅಲ್ಲಿ ಇಲ್ಲಿ ಅಲೆಮಾರಿಯಾಗಿ, ಧಾರ್ಮಿಕತೆಯಲ್ಲಿ ಆಸಕ್ತಿಯನ್ನು ಬೆಳೆಸಿಕೊಳ್ಳುತ್ತ ಸನ್ಯಾಸಿ ಜೀವನ ನಡೆಸುತ್ತ, ಕಾಶಿ, ಹರಿದ್ವಾರ, ಬದರಿ, ಪುರಿ, ದ್ವಾರಕಾಗಳಂತಹ ತೀರ್ಥ ಕ್ಷೇತ್ರಗಳಿಗೆಲ್ಲ ಭೇಟಿ ನೀಡಿದರು.",1,"ಕೊಳ, ನದಿ ಜಲಪ್ರದೇಶವಿರುವ ಪುಣ್ಯ ಕ್ಷೇತ್ರ",A holy place with pond and river water area
ತೀರ್ಥ,"ಅಂದು ಬೆಳಗ್ಗೆ 6 ಗಂಟೆಗೆ ಮೂಲದೇವರಿಗೆ ಪಂಚಾಮೃತ ಅಭಿಷೇಕ, 11 ಗಂಟೆಗೆ ಪೂರ್ಣಾಹುತಿ, ನಂತರ ಕುಂಬಾಭಿಷೇಕ, 1 ಗಂಟೆಗೆ ಮಹಾಮಂಗಳಾರತಿ ತೀರ್ಥ ಪ್ರಸಾದ ವಿನಿಯೋಗವಿರಲಿದೆ.",2,ಪವಿತ್ರ ಜಲ,Holy Water
ತೀರ್ಥ,"ನಂತರ 11 ರಿಂದ 11-30ರವರಗೆ ತಪ್ತ ಮುದ್ರಾಧಾರಣಿ, ಮಧ್ಯಾಹ್ನ 1 ಗಂಟೆಗೆ ಶ್ರೀ ಮಠದ ಸಂಸ್ಥಾನ ಪೂಜೆ ಮತ್ತು ಮಹಾ ನೈವೇದ್ಯ ಹಾಗೂ ತೀರ್ಥ ಪ್ರಸಾದ ಕಾರ್ಯಕ್ರಮ ನೆರವೇರುವವು.",2,ಪವಿತ್ರ ಜಲ,Holy Water
ತೀರ್ಥ,ನಿತ್ಯವೂ ದೇವಾಲಯದ ಆರ್ಚಕರು ಕಲ್ಯಾಣಿಯಿಂದ ತೀರ್ಥ ತೆಗೆದುಕೊಂಡು ಹೋಗಿ ದೇವರಿಗೆ ಅಭಿಷೇಕ ನಡೆಸುತ್ತಾರೆ.,2,ಪವಿತ್ರ ಜಲ,Holy Water
ತೀರ್ಥ,ಬಳಿಕ ಮಹಾಮಂಗಳಾರತಿ ನಡೆದು ನೆರೆದಿದ್ದ ಭಕ್ತರು ದೇವರ ದರ್ಶನ ಪಡೆದು ತೀರ್ಥ ಪ್ರಸಾದ ಸ್ವೀಕರಿಸಿದರು.,2,ಪವಿತ್ರ ಜಲ,Holy Water
ತೀರ್ಥ,"ಉದಯ­ರಾಗ, ಅಷ್ಟೋತ್ತರ, ಅಲಂಕಾರ ಸೇವಾ, ವಿಶೇಷ ಪಂಚಾಮೃತ ಅಭಿಷೇಕ ರಜತ ರಥೋತ್ಸವ, ಕನಕಾಭಿಷೇಕ, ಪುಷ್ಪಾಲಂಕಾರ, ತೀರ್ಥ ಪ್ರಸಾದ ವಿತರಣೆಗಳು ನಡೆದವು.",2,ಪವಿತ್ರ ಜಲ,Holy Water
ತೀರ್ಥ,"ಮಂಗಳಾರತಿ ತೆಗೆದುಕೊಂಡರೆ ಉಷ್ಣ, ತೀರ್ಥ ತೆಗೆದುಕೊಂಡರೆ ಶೀತ.",2,ಪವಿತ್ರ ಜಲ,Holy Water
ತೀರ್ಥ,"ಈ ಸಂದರ್ಭದಲ್ಲಿ ಭಜನೆ, ನಾರಾಯಣ ಗುರುಗಳ ಸಹಸ್ರ ನಾಮಾವಳಿ ಹಾಗೂ ತೀರ್ಥ ಪ್ರಸಾದ ವಿತರಿಸಲಾಯಿತು.",2,ಪವಿತ್ರ ಜಲ,Holy Water
ತೀರ್ಥ,ಕನಕದಾಸರ ಮೇಲೆ ಅವರ ಗುರುಗಳಾದ ವ್ಯಾಸರಾಯ ಸ್ವಾಮಿಗಳಿಗೆ ಅಭಿಮಾನ ಪ್ರೀತಿ ಗುರುಗಳು ತಮ್ಮ ಈ ಶಿಷ್ಯನಲ್ಲಿ ಇಷ್ಟೊಂದು ಅಭಿಮಾನವಿಟ್ಟಿರುವುದನ್ನು ಕಂಡು ಇತರ ಶಿಷ್ಯರಿಗೆ ಅಸಮಾಧಾನ ಜಾತಿಯಲ್ಲಿ ವಿದ್ಯೆಯಲ್ಲೂ ತಮಗಿಂತಲೂ ಕಡಿಮೆ ಮಟ್ಟದ ಕನಕದಾಸನಿಗೆ ಗುರುಗಳು ಮೊದಲು ತೀರ್ಥ ಕೊಡುತ್ತಿದ್ದುದು ಬೇಸರವನ್ನುಂಟು ಮಾಡಿತು.,2,ಪವಿತ್ರ ಜಲ,Holy Water
ತೀರ್ಥ,"ಬೆಳಗ್ಗೆ ಬೇಗನೇ ಎದ್ದು, ಕೆರೆಯಲ್ಲಿ ಎರಡು ಮುಳುಗು ಹಾಕಿ, ವರಂಗ ಪೇಟೆ, ಬಸದಿ ಮಾರ್ಗದಲ್ಲಿ ಸುತ್ತಾಡಿ ಮನೆಗೆ ಮರಳಿ, ತಿಂಡಿ ತೀರ್ಥ ಮುಗಿಸಿ ಬೇರೆಯವರ ತೋಟದ ಕೆಲಸಕ್ಕೆ ಹೋಗೋದು ಅವನ ದಿನಚರಿಯಂತೆ.",2,ಪವಿತ್ರ ಜಲ,Holy Water
ತೀರ್ಥ,ಹಿಂದೆಲ್ಲ ಪ್ರತಿ ದಿನ ಹೋಗುತ್ತಿದ್ದ ತನ್ನೂರಿನ ಏಕಮಾತ್ರ ದೇವಸ್ಥಾನಕ್ಕೆ ಹೋಗಿ ನಮಸ್ಕರಿಸಿ ತೀರ್ಥ ಪ್ರಸಾದ ಸ್ವೀಕರಿಸಿ ಬಂದಳು.,2,ಪವಿತ್ರ ಜಲ,Holy Water
ತೀರ್ಥ,ಭಕ್ತರಿಗೆ ಸುಲಭಸಾಧ್ಯವಾಗುವಂತೆ ಇತ್ತೀಚಿನ ವರ್ಷಗಳಲ್ಲಿ ತೀರ್ಥ ಬಾಟಲಿಗಳ ವಿತರಣಾ ವ್ಯವಸ್ಥೆ ಅಳವಡಿಸಲಾಗಿದೆಯೇ ಹೊರತು ಪೂರ್ವಕಾಲದಲ್ಲಿ ತೀರ್ಥಬಾಟಲಿಗಳೇ ಇರಲಿಲ್ಲ.,2,ಪವಿತ್ರ ಜಲ,Holy Water
ತೀರ್ಥ,"ಮನೆಯಲ್ಲಿ ಪೂಜೆಗಳನ್ನು ಮಾಡಿದಾಗ, ದೇವಸ್ಥಾನದಲ್ಲೋ ಅಥವಾ ಇನ್ನೆಲ್ಲಾದರೂ ದೇವರ ದರ್ಶನ ಪಡೆದ ಬಳಿಕ ತೀರ್ಥ ಸ್ವೀಕರಿಸುತ್ತೇವೆ.",2,ಪವಿತ್ರ ಜಲ,Holy Water
ತೀರ್ಥ,ಪುರಾತನವಾದ ಈ ಅಗಸ್ತ್ಯೇಶ್ವರ ದೇವಾಲಯದಲ್ಲಿರುವ ಲಿಂಗದ ಶಿಖರದಲ್ಲಿ ರಂಧ್ರವಿದ್ದು ಅದರಿಂದ ಕಾರಂಜಿಯ ತೀರ್ಥ ಬರುತ್ತದೆ.,2,ಪವಿತ್ರ ಜಲ,Holy Water
ತೀರ್ಥ,ಇಲ್ಲಿನ ಬೆಟ್ಟದಲ್ಲಿ ಒಳಕಲ್ಲು ತೀರ್ಥ ಇದೆ ಆ ತೀರ್ಥದಲ್ಲಿ ನೀರು ಕಂಡರೂ ಅದು ನಮ್ಮ ಕೈಗೆ ಸಿಗುವುದಿಲ್ಲ.,2,ಪವಿತ್ರ ಜಲ,Holy Water
ತೀರ್ಥ,"ಹಾಗೆ ಸಣ್ಣ ಎಚ್ಚರಿಕೆ - ಹಾಗೆ ಎಗ್ಗುಸಿಗ್ಗಿಲ್ಲದೆ ಎಕ್ಕಮುಕ್ಕ ಎರಡು ಮೂರು ಹಣ್ಣು ತಿನ್ನಲು ಹೋಗಬೇಡಿ ; ನಂತರದ ಫಾರಿನ್ ಯಾತ್ರೆಯಲ್ಲಿ ಕೆಲವೊಮ್ಮೆ ಕೆಂಪು ತೀರ್ಥ ವಿಸರ್ಜನೆಯಾಗಿದ್ದು ಕಂಡು ರಕ್ತವೊ ಏನೋ ಅಂತ ಗಾಬರಿಬಿದ್ದು , ಡಾಕ್ಟರ ಹತ್ತಿರ ಹೋಗಿ.",2,ಪವಿತ್ರ ಜಲ,Holy Water
ತೀರ್ಥ,"ಬೆಳಗಾವಿ,5: ವರ್ಷದುದ್ದ ಬೆಳೆದುಬಂದ ತೀರ್ಥ ಪ್ರಸಾದದ ದುರಾಭ್ಯಾಸಕ್ಕೆ ಶ್ರಾವಣ ಎನ್ನುವ ಹಿಂದೂಗಳ ಪವಿತ್ರ ಮಾಸ ತಿಂಗಳ ಕಾಲ ವಿರಾಮ ನೀಡಲಿದೆ.",2,ಪವಿತ್ರ ಜಲ,Holy Water
ತೀರ್ಥ,ಚುಂಬಕ ಶಕ್ತಿಯ ಕಲ್ಲಿನ ಮೇಲೆ ಹರಿದಾಡಿ ನಂತರ ಗಿಡ ಮೂಲಿಕೆಗಳ ಲೇಪನದ ಅಂಶಗಳನ್ನು ಹೊಂದಿರುವುದರಿಂದ ಆ ತೀರ್ಥ ಸಾಕಷ್ಟು ಒಷಧೀಯ ಗುಣಗಳನ್ನು ಹೊಂದಿರುತ್ತದೆ ಎನ್ನಲಾಗುತ್ತದೆ ಹಾಗೂ ಎಲ್ಲ ದೈಹಿಕ ಹೀನತೆಗಳನ್ನು ಹೋಗಲಾಡೈಸಬಲ್ಲುದು ಎಂದು ಬಕ್ತರು ನಂಬುತ್ತಾರೆ.,2,ಪವಿತ್ರ ಜಲ,Holy Water
ತೀರ್ಥ,"ಆನಂತರ ಅರಮನೆ ಆವರಣದಲ್ಲಿನ ಎಲ್ಲ ದೇವಾಲಯಗಳು, ಚಾಮುಂಡಿಬೆಟ್ಟದ ದೇಗುಲ, ಶೃಂಗೇರಿಪೀಠ, ನಗರದ ಕಾಮಕಾಮೇಶ್ವರಿ ದೇವಸ್ಥಾನ, ತಿರುಪತಿ ದೇವಸ್ಥಾನ, ತಮಿಳುನಾಡಿನ ಶ್ರೀರಂಗಂ ದೇವಾಲಯಗಳಲ್ಲಿ ವಿಶೇಷ ಪೂಜೆ ಸಲ್ಲಿಸಿ ತಂದ ತೀರ್ಥ ಪ್ರಸಾದಗಳನ್ನು ಯದುವೀರರಿಗೆ ದೇವಾಲಯದವರು ನೀಡಿದರು.",2,ಪವಿತ್ರ ಜಲ,Holy Water
ತೀರ್ಥ,l ಗರ್ಭಗುಡಿ ಪ್ರವೇಶಿಸುವ ಮುಜಾವರ್ರಿಂದಲೇ ಭಕ್ತರಿಗೆ ತೀರ್ಥ ವಿತರಣೆ,2,ಪವಿತ್ರ ಜಲ,Holy Water
ತೀರ್ಥ,"ಮೊದಲ ದಿನವಾದ ಇಂದು(ಭಾನುವಾರ) ರಾತ್ರಿ 7 ಗಂಟೆಗೆ ಮಹಾ ಗಣಪತಿ ಹೋಮ, ಸುದರ್ಶನ ಹೋಮ, ನವಗ್ರಹ ಹೋಮ ನಡೆದ ನಂತರ 10 ಗಂಟೆಗೆ ಪೂರ್ಣಾ ಹುತಿ, ಮಹಾಮಂಗಳಾರತಿ ನಡೆದು ತೀರ್ಥ ಪ್ರಸಾದ ವಿನಿ ಯೋಗಿಸಲಾಯಿತು.",2,ಪವಿತ್ರ ಜಲ,Holy Water
ತೀರ್ಥ,ಮಡಿಕೇರಿ: ದೇವಾಲಯದ ಹೆಸರಿನಲ್ಲಿ ಕೊರಿಯರ್ ಮೂಲಕ ಬಂದ ತೀರ್ಥ ಸೇವಿಸಿದ ವ್ಯಕ್ತಿಯೊಬ್ಬರು ಮೃತ ಪಟ್ಟಿರುವ ಘಟನೆ ಸೋಮವಾರ ಪೇಟೆಯಲ್ಲಿ ನಡೆದಿದೆ.,2,ಪವಿತ್ರ ಜಲ,Holy Water
ತೀರ್ಥ,ತೀರ್ಥ ಹೇಗೆ ಸ್ವೀಕರಿಸಬೇಕು?,2,ಪವಿತ್ರ ಜಲ,Holy Water
ತೀರ್ಥ,ದೇಗುಲಕ್ಕೆ ಬಂದಿದ್ದ ಭಕ್ತರಿಗೆ ಸರಾಯಿ ತೀರ್ಥ ವನ್ನು ನೀಡಲಾಯ್ತು.,2,ಪವಿತ್ರ ಜಲ,Holy Water
ತೀರ್ಥ,»ಈ ಕೂಷ್ಮಾಂಡಿನಿ ದೇವಿಯ ತೀರ್ಥ ಸೇವಿಸಿದ್ರೆ ಕಾಯಿಲೆ ವಾಸಿಯಾಗುತ್ತಂತೆ !,2,ಪವಿತ್ರ ಜಲ,Holy Water
ತೀರ್ಥ,"ಹೋಮ–ಹವನ; ಕ್ಷೀರಾಭಿಷೇಕ, ತೀರ್ಥ ಪ್ರಸಾದ ವಿನಿಯೋಗ",2,ಪವಿತ್ರ ಜಲ,Holy Water
ತೀರ್ಥ,"ಶ್ರೀ ಕ್ಷೇತ್ರದಲ್ಲಿ ಮೇ 31 ರಂದು ಬೆಳಗ್ಗೆ 6 ರಿಂದ ದೀಪಬಲಿ, ಮಹಾಪೂಜೆ, ಸಂಜೆ 6 ರಿಂದ ಕೃಷ್ಣ ಕಲಾ ಡಾನ್ಸ್‌ ಅಕಾಡೆಮಿ ದಹಿಸರ್‌ ಇವರಿಂದ ಭರತನಾಟ್ಯ, ಸಂಜೆ 7 ರಿಂದ ಉತ್ಸವ ಬಲಿ, ವಸಂತ ಕಟ್ಟೆ ಪೂಜೆ, ಮಹಾಪೂಜೆ, ತೀರ್ಥ ಪ್ರಸಾದ ವಿತರಣೆ, ನಿತ್ಯ ಬಲಿ ನಡೆಯಿತು.",2,ಪವಿತ್ರ ಜಲ,Holy Water
ತೀರ್ಥ,"ವಾಸವಿ ರಸ್ತೆಯಲ್ಲಿ ನೆಲೆಸಿದ ಗಂಗಮ್ಮ ದೇವಿ ಹಾಗೂ ಮಾರಮ್ಮ ದೇವಿಗೆ ವಿಶೇಷ ಹೂವಿನ ಅಲಂಕಾರ ಮಾಡಿ , ತೀರ್ಥ ಪ್ರಸಾದ ವಿನಿಯೋಗ ನಡೆಯಿತು.",2,ಪವಿತ್ರ ಜಲ,Holy Water
ತೀರ್ಥ,"ಅಲ್ಲಿ ಏಸುಕ್ರಿಸ್ತನ ಫೋಟೋಗೆ ಪುಷ್ಪಾರ್ಚನೆ, ಚಾಮರ, ಆರತಿ, ಶಂಖ, ತೀರ್ಥ ಇತ್ಯಾದಿಗಳ ಮೂಲಕ ಪಂಚೋಪಚಾರ ಪೂಜೆ ಸಲ್ಲಿಸಲಾಗುತ್ತದೆ.",2,ಪವಿತ್ರ ಜಲ,Holy Water
ತೀರ್ಥ,ಮಹದೇಶ್ವರ ಭಕ್ತರು ಉಘೇ ಉಘೇ ಉಘೇ ಮಾದಪ್ಪ ಎನ್ನುವ ಜೈಕಾರದೊಡನೆ ಮುದ್ದು ಮಾದಪ್ಪನ ದರ್ಶನ ಪಡೆದು ಸರದಿ ಸಾಲಿನಲ್ಲಿ ಬಂದು ತೀರ್ಥ ಪ್ರಸಾದ ಹಾಗೂ ಎಣ್ಣೆ ಮಜ್ಜನ ಪ್ರಸಾದವನ್ನು ಸ್ವೀಕರಿಸಿದರು.,2,ಪವಿತ್ರ ಜಲ,Holy Water
ತೀರ್ಥ,"ಹೌದು, ದೇವರ ತೀರ್ಥ ಹಾಕಿದಾಗ ಮೇಕೆ ತನ್ನ ದೇಹ ಅಲುಗಾಡಿಸಿದರೆ ಹರಕೆ ಈಡೇರುತ್ತದೆ ಎಂಬುದು ನಂಬಿಕೆ.",2,ಪವಿತ್ರ ಜಲ,Holy Water
ತೀರ್ಥ,"ಊರಿನ ಅಧಿದೈವಗಳಾದ ದೇವಮ್ಮ, ಮಾದೇಶ್ವರ ಗುಡಿ ಅಲ್ಲದೆ ಬಸವಣ್ಣನ ಮಂಟಪದ ಬಳಿಯೂ ಬಂಡಿಗಳೂ ಬಂದು ಪೂಜೆ ಸಲ್ಲಿಸಿ, ತೀರ್ಥ ಹಾಕಿಸಿಕೊಂಡ ನಂತರ ಅವರು ಹೊತ್ತ ಹರಕೆ ತೀರಿದಂತಾಗುತ್ತದೆ.",2,ಪವಿತ್ರ ಜಲ,Holy Water
ತೀರ್ಥ,"ತಾಯಿಯ ಪಾದದ ಬಳಿ ಬಿಸಾಕಿದರೆ, ಆಮೇಲೆ ನಿನಗೆ ಮುಂದೆಂದೂ ಅನ್ನನೀರು ಸಿಗುವುದಿಲ್ಲ ಎಂದು ಎಚ್ಚರಿಕೆ ನೀಡಿ ಯುವತಿಗೆ ತೀರ್ಥ ಪ್ರೋಕ್ಷಣೆ ಮಾಡಿದಾಗ ಕ್ಷಣಾರ್ಧದಲ್ಲಿ ಸಹೋದರನ ಆತ್ಮ ಯುವತಿಯ ಮೈಯಿಂದ ದೂರಾವಾದದ್ದು, ಘಟನೆ ನಡೆದು ಎರಡ್ಮೂರು ದಿನವಾದರೂ ಕಣ್ಣಮುಂದೆ ಬಂದು ನಿಲ್ಲುತ್ತದೆ.",2,ಪವಿತ್ರ ಜಲ,Holy Water
ತೀರ್ಥ,"ಈ ಮುರುಘಾ ಮೂರ್ತಿಗೆ ಹಾಲು, ಪವಿತ್ರ ತೀರ್ಥ ಮತ್ತು ಪಂಚಾಮೃತದ ಅಭಿಷೇಕ ಮಾಡಲಾಗುತ್ತದೆ ಹೀಗೆ ನಿತ್ಯ ಅಭಿಷೇಕ ಮಾಡುವುದರಿಂದ ಮುರುಘ ಮೂರ್ತಿಗೆ ಯಾವುದೇ ಹಾನಿಯಾಗುವುದಿಲ್ಲ.",2,ಪವಿತ್ರ ಜಲ,Holy Water
ತೀರ್ಥ,"ರಂದು ಬೆಳಗ್ಗೆ ಗುರುಗಣಪತಿ ಪೂಜೆ, ಪುಣ್ಯಾಹ, ಗಣಪತಿ ಹೋಮ, ಕಲಾ ಹೋಮ, ತತ್ವ ಹೋಮ, ತತ್ವ ಶಾಂತಿ ಹೋಮ, ದುರ್ಗಾ ಹೋಮ, ತತ್ವಕಲಶಾಭಿಷೇಕ, ಮಹಾಪೂಜೆ, ತೀರ್ಥ ಪ್ರಸಾದ ವಿನಿಯೋಗ ನಡೆಯಲಿದ್ದು, ಮಧ್ಯಾಹ್ನ 12.",2,ಪವಿತ್ರ ಜಲ,Holy Water
ತೀರ್ಥ,"ತೀರ್ಥೋದ್ಭವದ ಹಂತದಲ್ಲಿ ಯಾವುದೇ ನೂಕು ನುಗ್ಗಲಿಗೆ ಅವಕಾಶವಾಗದಂತೆ ಪೊಲೀಸರು ಅಗತ್ಯ ಬ್ಯಾರಿಕೇಡ್‌ಗಳನ್ನು ನಿರ್ಮಿಸಿದ್ದರಾದರು, ತೀರ್ಥೋದ್ಭವದ ಬಳಿಕ ಭಕ್ತ ಸಮೂಹಕ್ಕೆ ತೀರ್ಥ ಸ್ವೀಕಾರಕ್ಕೆ ಅನುವುಮಾಡಿಕೊಡುವುದರೊಂದಿಗೆ ಕೊಳ ಭಕ್ತರಿಂದ ತುಂಬಿತ್ತಾದರೆ ಕಾವೇರಿ ಮಾತಾ ಘೋಷಣೆ ಮುಗಿಲು ಮುಟ್ಟಿತ್ತು.",2,ಪವಿತ್ರ ಜಲ,Holy Water
ತೀರ್ಥ,ಇದರಿಂದ ಆ ತೀರ್ಥ ಅತ್ಯಂತ ಪವಿತ್ರವಾಗಿ ಬದಲಾಗುತ್ತದೆ.,2,ಪವಿತ್ರ ಜಲ,Holy Water
ತೀರ್ಥ,ದೇಗುಲಕ್ಕೆ ಬಂದ 13 ಮಂದಿ ಮುಸ್ಲಿಂ ಮುಖಂಡರು ತೀರ್ಥ ಪ್ರಸಾದ ಸ್ವೀಕರಿಸಿದರು.,2,ಪವಿತ್ರ ಜಲ,Holy Water
ತುರಿ,ಈರುಳ್ಳಿ ಮತ್ತು ತುರಿದ ಈರುಳ್ಳಿ ರಸ ತುರಿ ದೈನಂದಿನ ಚರ್ಮದ ಪೀಡಿತ ಪ್ರದೇಶದಲ್ಲಿ ತೊಡೆ.,1,ಒಂದು ಬಗೆಯ ಚರ್ಮರೋಗ,Itch
ತುರಿ,"ನಾವು ಫ್ರಿಜ್ನ ಶೆಲ್ಫ್ನಲ್ಲಿ ಹಲವಾರು ಗಂಟೆಗಳ ಕಾಲ ಹಂದಿ ಮಾಂಸವನ್ನು ಬಿಡುತ್ತೇವೆ, ಅದರ ನಂತರ ನಾವು ಚೂರುಗಳನ್ನು ಮರದ ಚರ್ಮದ ಮೇಲೆ ನೀರಿನಲ್ಲಿ ನೆನೆಸಿ, ತುರಿ ಮೇಲೆ ಇರಿಸಿ.",1,ಒಂದು ಬಗೆಯ ಚರ್ಮರೋಗ,Itch
ತುರಿ,"ಮೂಲಂಗಿ ಬೀಜವನ್ನು ನಿಂಬೆರಸದಲ್ಲಿ ಅರೆದು ಹಚ್ಚುವುದರಿಂದ ಹುಳುಕಡ್ಡಿ, ತುರಿ ರೋಗಗಳು ಗುಣವಾಗುತ್ತದೆ.",1,ಒಂದು ಬಗೆಯ ಚರ್ಮರೋಗ,Itch
ತುರಿ,ಅರಿವಿಲ್ಲದೇ ನಾಲ್ಕು ಸಲ ಅಡ್ಡಾದಿಡ್ಡೀ ಕಡಿ ಆಡಿಸಿದ್ದಕ್ಕೆ ಸ್ವಲ್ಪ ತುರಿ ಬೀಳುವುದು ಇರಬಹುದು.,1,ಒಂದು ಬಗೆಯ ಚರ್ಮರೋಗ,Itch
ತುರಿ,"ಏತನ್ಮಧ್ಯೆ ಕಜ್ಜೀ ಕುರು, ತುರಿ ಆದ್ರೆ",1,ಒಂದು ಬಗೆಯ ಚರ್ಮರೋಗ,Itch
ತುರಿ,"ಮನೆ ಚಿಕಿತ್ಸೆಯ ಮತ್ತೊಂದು ರೂಪಾಂತರ ಬೀಟ್ಗೆಡ್ಡೆಗಳು ತುರಿ ಎಂದು, ಒಂದು ನೋಯುತ್ತಿರುವ ಕೈಯಿಂದ ಕಿವಿ ಕಾಲುವೆ ನಮೂದಿಸುವ ಮಡಿಸಿದ ಬ್ಯಾಂಡೇಜ್ ಹಲವು ಪದರಗಳ ಪುಟ್.",1,ಒಂದು ಬಗೆಯ ಚರ್ಮರೋಗ,Itch
ತುರಿ,*ಆಲೂಗಡ್ಡೆಯನ್ನು ನಿಂಬೆ ರಸದಲ್ಲಿ ನುಣ್ಣಗೆ ಅರೆದು ಚರ್ಮದ ಮೇಲೆ ಲೇಪಿಸಿದರೆ ತುರಿ ಕಜ್ಜಿ ನಿವಾರಣೆಯಗುವದು.,1,ಒಂದು ಬಗೆಯ ಚರ್ಮರೋಗ,Itch
ತುರಿ,ಇದರೊಂದಿಗೆ ಚರ್ಮದಲ್ಲಿ ಉಂಟಾಗುವ ತುರಿ ಕಜ್ಜಿಯನ್ನು ಕೂಡ ಇದು ವಾಸಿ ಮಾಡುತ್ತದೆ.,1,ಒಂದು ಬಗೆಯ ಚರ್ಮರೋಗ,Itch
ತುರಿ,"- ತುರಿ ಮತ್ತು ಯಾತನೆಯಿಂದ ಇವೆ ಸ್ಥಳಗಳಲ್ಲಿ ಇರಿಸಬೇಕಾಗುತ್ತದೆ ಕಚ್ಚಾ ಆಲೂಗಡ್ಡೆ,, ಇದು ಉರಿಯೂತ ಕಡಿಮೆ ಸಹಾಯ ಮಾಡುತ್ತದೆ;",1,ಒಂದು ಬಗೆಯ ಚರ್ಮರೋಗ,Itch
ತುರಿ,ತುರಿ ಸಿಪ್ಪೆ - ಬಿಳಿ ಭಾಗ ಸ್ಪರ್ಶಕ್ಕೆ ಅಲ್ಲ ಆದ್ದರಿಂದ ಜಾಗರೂಕತೆಯಿಂದ.,1,ಒಂದು ಬಗೆಯ ಚರ್ಮರೋಗ,Itch
ತುರಿ,"ನಾವು ಕ್ಯಾರೆಟ್ ಮತ್ತು ಈರುಳ್ಳಿವನ್ನು ಸ್ವಚ್ಛಗೊಳಿಸಿ, ಈರುಳ್ಳಿ ಚೆನ್ನಾಗಿ ನುಣ್ಣಗೆ ಹಾಕಿ ಸಣ್ಣ ಕ್ಯಾರಟ್ನಲ್ಲಿ ಕ್ಯಾರೆಟ್ ತುರಿ ಮಾಡಿ ಟೊಮ್ಯಾಟೊ ಮಾಂಸ ಬೀಸುವ ಮೂಲಕ ಹಾದುಹೋಗಲಿ.",2,ತೆಂಗಿನಕಾಯಿ ಕೊಬ್ಬರಿ ಹೆರೆ,Grated
ತುರಿ,"ಅದೇ ಬಾಣಲಿಗೆ ಸೇಬುಹಣ್ಣಿನ ತುರಿ ಹಾಕಿ, ಚೆನ್ನಾಗಿ ಮಗುಚಿ, ಅದಕ್ಕೆ ಸಕ್ಕರೆ ಬೆರೆಸಿ.",2,ತೆಂಗಿನಕಾಯಿ ಕೊಬ್ಬರಿ ಹೆರೆ,Grated
ತುರಿ,"ನಂತರ ಅದಕ್ಕೆ ಹದವಾಗಿ ಒಗ್ಗರಣೆ ಹಾಕಿ, ಮೇಲೆ ನಾಲ್ಕಾರು ಕೊಬ್ಬರಿ ತುರಿ ಉದುರಿಸಿದರೆ ರುಚಿ ರುಚಿ ಹುಳಿಯನ್ನ ಸಿದ್ದ.",2,ತೆಂಗಿನಕಾಯಿ ಕೊಬ್ಬರಿ ಹೆರೆ,Grated
ತುರಿ,", ಸಂಸ್ಕರಿಸಿದ ಚೀಸ್ ತುರಿ ಸಾರು ಅವುಗಳನ್ನು ಕಳುಹಿಸಿ.",2,ತೆಂಗಿನಕಾಯಿ ಕೊಬ್ಬರಿ ಹೆರೆ,Grated
ತುರಿ,ಈಗ ದಂಡ ತುರಿಯುವ ಮಣೆ ಮೇಲೆ ಚೀಸ್ ತುರಿ ಮತ್ತು ಹಾಳೆಯ ನಿಮ್ಮ ಹಾಳೆಯಲ್ಲಿ ಚೀಸ್ ಮೂರನೇ ಒಂದು ಸುರಿಯುತ್ತಾರೆ (ಉದ್ದ ರೋಲ್ ಉದ್ದಕ್ಕೆ ಸಮನಾಗಿರುವುದು ಇರಬೇಕು).,2,ತೆಂಗಿನಕಾಯಿ ಕೊಬ್ಬರಿ ಹೆರೆ,Grated
ತುರಿ,ಮೊಟ್ಟೆಗಳನ್ನು ಕುದಿಸಿ ಮತ್ತು ಅವುಗಳನ್ನು ತುರಿ ಮಾಡಿ.,2,ತೆಂಗಿನಕಾಯಿ ಕೊಬ್ಬರಿ ಹೆರೆ,Grated
ತುರಿ,"ದಟ್ಟಣೆ ಮತ್ತು ಮೂಗಿನ ಊತ ತೆಗೆದುಹಾಕಲು, ಬಹಳ ಉತ್ತಮ ತುರಿಯುವ ಮಣೆ ಮೇಲೆ ತಾಜಾ ಶುಂಠಿ ಮೂಲ ತುರಿ ಮತ್ತು ರಸ ಹಿಂಡು.",2,ತೆಂಗಿನಕಾಯಿ ಕೊಬ್ಬರಿ ಹೆರೆ,Grated
ತುರಿ,"ನೆನೆಸಿದ ಕುಚ್ಚಿಗೆ ಅಕ್ಕಿ 2 ಕಪ್, ನೆನೆಸಿದ ಬೆಳ್ತಿಗೆ ಅಕ್ಕಿ (ದೋಸೆ ಅಕ್ಕಿ) 1 ಕಪ್, ತೆಂಗಿನಕಾಯಿ ತುರಿ 1 ಕಪ್, ಈರುಳ್ಳಿ 2, ಹಸಿಮೆಣಸಿನಕಾಯಿ 2, ಶುಂಠಿ ಒಂದು ಇಂಚು, ಕರಿಬೇವಿನ ಎಲೆಗಳು 10, ಉಪ್ಪು ರುಚಿಗೆ ತಕ್ಕಷ್ಟು.",2,ತೆಂಗಿನಕಾಯಿ ಕೊಬ್ಬರಿ ಹೆರೆ,Grated
ತುರಿ,"ನೀವು ಮೊದಲ ಒರಟಾದ ತುರಿಯುವ ಮಣೆ ಮೇಲೆ, ಬೆಣ್ಣೆ ತುರಿ ಮಾಡಬೇಕು ನಂತರ ಸಕ್ಕರೆ, ಮೊಟ್ಟೆ ಮತ್ತು ಹಿಟ್ಟಿನ ಪುಟ್.",2,ತೆಂಗಿನಕಾಯಿ ಕೊಬ್ಬರಿ ಹೆರೆ,Grated
ತುರಿ,ಕ್ಯಾರೆಟ್ ತುರಿ ಮತ್ತು ತರಕಾರಿ ಎಣ್ಣೆಯಲ್ಲಿ ಆರಿಸು.,2,ತೆಂಗಿನಕಾಯಿ ಕೊಬ್ಬರಿ ಹೆರೆ,Grated
ತುರಿ,ಕಾಯಿ ತುರಿ - 2 ಚಮಚ,2,ತೆಂಗಿನಕಾಯಿ ಕೊಬ್ಬರಿ ಹೆರೆ,Grated
ತುರಿ,"ಕ್ಯಾರೆಟ್ ಕ್ಲೀನ್, ತುರಿ ಒರಟಾಗಿ ಇವೆ.",2,ತೆಂಗಿನಕಾಯಿ ಕೊಬ್ಬರಿ ಹೆರೆ,Grated
ತುರಿ,ಇಳಿಸುವ ಮುನ್ನ ತೆಂಗಿನ ಕಾಯಿ ತುರಿ ಸೇರಿಸಿದರೆ ರುಚಿ ಇನ್ನಷ್ಟು ಹೆಚ್ಚುತ್ತದೆ.,2,ತೆಂಗಿನಕಾಯಿ ಕೊಬ್ಬರಿ ಹೆರೆ,Grated
ತುರಿ,", ಸೌತೆಕಾಯಿ ತಿರುಳು ತುರಿ ಪಾರ್ಸ್ಲಿ ಮತ್ತು ಹಾಲೊಡಕು ಸೇರಿಸಿ.",2,ತೆಂಗಿನಕಾಯಿ ಕೊಬ್ಬರಿ ಹೆರೆ,Grated
ತುರಿ,"ತರಕಾರಿಗಳನ್ನು ತಯಾರಿಸಿ, ಶುಂಠಿ ಮತ್ತು ಬೆಳ್ಳುಳ್ಳಿಯನ್ನು ತುರಿ ಮಾಡಿ, ಎಲ್ಲವೂ ಸಿದ್ಧವಾಗುತ್ತವೆ.",2,ತೆಂಗಿನಕಾಯಿ ಕೊಬ್ಬರಿ ಹೆರೆ,Grated
ತುರಿ,ಆಲೂಗಡ್ಡೆ ತುರಿ,2,ತೆಂಗಿನಕಾಯಿ ಕೊಬ್ಬರಿ ಹೆರೆ,Grated
ತುರಿ,"ಒರಟಾಗಿ, ಒಂದು ತುರಿಯುವ ಮಣೆ ಮೇಲೆ ಹಣ್ಣು ತುರಿ ಸಾಸ್ ಮತ್ತು ಚೂರುಚೂರು ಮೂಲಂಗಿ ಸೇರಿಸಿ.",2,ತೆಂಗಿನಕಾಯಿ ಕೊಬ್ಬರಿ ಹೆರೆ,Grated
ತುರಿ,"ನೀವು ಒಂದು ದೊಡ್ಡ ತುರಿಯುವ ಮಣೆ ಮೇಲೆ ಚೀಸ್ ತುರಿ ಮಾಡಬೇಕು ನಂತರ, ಒಂದು ಚಾಕುವಿನಿಂದ ಬೆಳ್ಳುಳ್ಳಿ ಕೊಚ್ಚು ಅಥವಾ ಪತ್ರಿಕಾ ಮೂಲಕ ಹಾದುಹೋಗುತ್ತವೆ.",2,ತೆಂಗಿನಕಾಯಿ ಕೊಬ್ಬರಿ ಹೆರೆ,Grated
ತುರಿ,"ಘನ ಚೀಸ್ ತುರಿ 100-150 ಗ್ರಾಂ ಟೊಮ್ಯಾಟೊ, ಟಕ್ ಮೇಯನೇಸ್, ಮೆಣಸು ಸಂಪರ್ಕ.",2,ತೆಂಗಿನಕಾಯಿ ಕೊಬ್ಬರಿ ಹೆರೆ,Grated
ತುರಿ,ಕೊಬ್ಬರಿ ತುರಿ – 1 ಕಪ್,2,ತೆಂಗಿನಕಾಯಿ ಕೊಬ್ಬರಿ ಹೆರೆ,Grated
ತುರಿ,"ಮಾರ್ಜಕಗಳ ನೂರು ಗ್ರಾಂ ತುರಿ ಒಂದು ತುರಿಯುವ ಮಣೆ ಮೇಲೆ ಇದನ್ನು ಮಾಡಲು, ನೀರಿನ ಒಂದು ಲೀಟರ್ ಮೇಲೆ ಸುರಿಯುತ್ತಾರೆ.",2,ತೆಂಗಿನಕಾಯಿ ಕೊಬ್ಬರಿ ಹೆರೆ,Grated
ತುರಿ,ಈಗ ನೀವು ಕ್ಯಾರೆಟ್ ತುರಿ ಮತ್ತು ಮೊಟ್ಟೆ ಮೇಲೆ ಲೇ ಅಗತ್ಯವಿದೆ.,2,ತೆಂಗಿನಕಾಯಿ ಕೊಬ್ಬರಿ ಹೆರೆ,Grated
ತುರಿ,"ಮುಖ್ಯವಾಗಿ ಇದಕ್ಕೆ ಬೇಕಿರುವುದು ಬ್ರೆಡ್‌ ಪೀಸ್‌ ನಾಲ್ಕು, ಕ್ಯಾರೆಟ್‌ ಎರಡು, ಒಣಮೆಣಸು ಮೂರು, ಉಪ್ಪು ರುಚಿಗೆ ತಕ್ಕಷ್ಟು, ಪುದೀನಾ ಸೊಪ್ಪು ಒಂದು ಹಿಡಿ, ಹಸಿ ಮೆಣಸು ಎರಡು, ಕಾಯಿ ತುರಿ ಎರಡು ಚಮಚ, ಲಿಂಬೆ ರಸ ಒಂದು ಚಮಚ, ತುರಿದ ಪನ್ನೀರ್‌ ದೊಡ್ಡ ಚಮಚದಲ್ಲಿ ಎರಡು.",2,ತೆಂಗಿನಕಾಯಿ ಕೊಬ್ಬರಿ ಹೆರೆ,Grated
ತುರಿ,"ತೊಟ್ಟುಗಳನ್ನು ಬೀಟ್ ಎಲೆಗಳು ತೊಟ್ಟುಗಳನ್ನು ಅಡುಗೆಯ ಕೊನೆಯಲ್ಲಿ ಎಲೆಗಳನ್ನು ಸೇರಿಸಿ, ತರಕಾರಿ ತೈಲ ಒಂದು ಪ್ಯಾನ್ ವಿನೆಗರ್, ಬೀಟ್ಗೆಡ್ಡೆಗಳು ತುರಿ ಮತ್ತು ಸ್ಟ್ಯೂ ಬೇಯಿಸಲಾದ ಮಾಡಬೇಕು.",2,ತೆಂಗಿನಕಾಯಿ ಕೊಬ್ಬರಿ ಹೆರೆ,Grated
ತುರಿ,ಚೀಸ್ ತುರಿ ಅಥವಾ ಚಾಪ್ ಉತ್ತಮ ಅದರೊಂದಿಗೇ.,2,ತೆಂಗಿನಕಾಯಿ ಕೊಬ್ಬರಿ ಹೆರೆ,Grated
ತುರಿ,ಸಹ ಪ್ರತ್ಯೇಕವಾಗಿ ತಾಜಾ ಗಿಡಮೂಲಿಕೆಗಳು ಮತ್ತು ತುರಿ ಚೀಸ್ ಕೊಚ್ಚು ಅಗತ್ಯವಿದೆ.,2,ತೆಂಗಿನಕಾಯಿ ಕೊಬ್ಬರಿ ಹೆರೆ,Grated
ತುರಿ,ಆಲೂಗಡ್ಡೆಗಳು ಮತ್ತು ಈರುಳ್ಳಿ ಸಣ್ಣ ತುಂಡುಗಳನ್ನು ಮತ್ತು ಕ್ಯಾರೆಟ್ ತುರಿ ಕತ್ತರಿಸಿದ್ದನ್ನು.,2,ತೆಂಗಿನಕಾಯಿ ಕೊಬ್ಬರಿ ಹೆರೆ,Grated
ತುರಿ,"ಇದಕ್ಕೆ ಹೆಚ್ಚಿದ ಗುಜ್ಜೆಯನ್ನು ಹಾಕಿ ನೀರು, ಉಪ್ಪು, ಅರಸಿನ ಹುಡಿ ಹಾಕಿ ಮೆತ್ತಗೆ ಬೆಂದ ನಂತರ ಬೆಲ್ಲ, ಹುಳಿ ಹಾಕಿ ನೀರು ಆರುವವರೆಗೆ ಬೇಯಿಸಿ ತೆಂಗಿನ ತುರಿ ಹಾಕಿ ಎರಡು ನಿಮಿಷ ಹುರಿದುಕೊಂಡು ಇಳಿಸಿ.",2,ತೆಂಗಿನಕಾಯಿ ಕೊಬ್ಬರಿ ಹೆರೆ,Grated
ತುರಿ,"ಇದನ್ನು ಮಾಡಲು, ನೀವು ಒಂದು ಉತ್ಪನ್ನವನ್ನು ತೆಗೆದುಕೊಳ್ಳಬೇಕು, ಉದಾಹರಣೆಗೆ, ಮೀನು ಅಥವಾ ಮಾಂಸ, ಮಸಾಲೆಗಳೊಂದಿಗೆ ಅದನ್ನು ತುರಿ ಮಾಡಿ, ಅದನ್ನು ಒಂದು ಚಿತ್ರದಲ್ಲಿ ಪ್ಯಾಕ್ ಮಾಡಿ ಮತ್ತು ಬೇಕಾದ ತಾಪಮಾನಕ್ಕೆ ಪೂರ್ವಭಾವಿಯಾಗಿ ನೀರಿನಲ್ಲಿ ಒಂದು ಪ್ಯಾನ್ ನಲ್ಲಿ ಇರಿಸಿ.",2,ತೆಂಗಿನಕಾಯಿ ಕೊಬ್ಬರಿ ಹೆರೆ,Grated
ತುರಿ,"ಬೇಯಿಸಿದ ಮೊಟ್ಟೆಗಳು, ಚೀಸ್, ಬೀಜಗಳು, ಬೆಳ್ಳುಳ್ಳಿ ತುರಿ ಮತ್ತು ನಯವಾದ ಮೇಯನೇಸ್ ರವರೆಗೆ ಸಂಪೂರ್ಣವಾಗಿ ಮಿಶ್ರಣ.",2,ತೆಂಗಿನಕಾಯಿ ಕೊಬ್ಬರಿ ಹೆರೆ,Grated
ತುರಿ,ಹಾಲನ್ನು ಕ್ಯಾರಟ್ ನ ತುರಿ ಪೂರ್ಣವಾಗಿ ಹೀರಿಕೊಂಡ ಬಳಿಕ ಉರಿಯನ್ನು ಚಿಕ್ಕದಾಗಿಸಿ ಇನ್ನೂ ಎರಡು ದೊಡ್ಡ ಚಮಚ ತುಪ್ಪವನ್ನು ಹಾಕಿ ತಿರುವಿ.,2,ತೆಂಗಿನಕಾಯಿ ಕೊಬ್ಬರಿ ಹೆರೆ,Grated
ತುರಿ,"ಬೆಣ್ಣೆಯನ್ನು ಒಳಗೆ ನಯಗೊಳಿಸಿ ಕುಂಬಳಕಾಯಿ, ತುರಿ ಬೆಳ್ಳುಳ್ಳಿ ಎಂದು ಕೆಲವು ನೀರಿನ ತುಂಬಲು ಮತ್ತು ಒಲೆಯಲ್ಲಿ 180 ಡಿಗ್ರಿಗಳಷ್ಟು ತಯಾರಿಸಲು ತರಬೇಕಿರುವ.",2,ತೆಂಗಿನಕಾಯಿ ಕೊಬ್ಬರಿ ಹೆರೆ,Grated
ತುರಿ,"ಮೊಟ್ಟೆಗಳ ಕುದಿಯುತ್ತವೆ, ಶೆಲ್ನಿಂದ ಸಿಪ್ಪೆ, ಅಂದವಾಗಿ ಅಳಿಲುಗಳು ಮತ್ತು ಹಳದಿಗಳನ್ನು ವಿಭಜಿಸಿ ವಿಭಿನ್ನ ಬಟ್ಟಲುಗಳಲ್ಲಿ ಅವುಗಳನ್ನು ತುರಿ ಮಾಡಿ.",2,ತೆಂಗಿನಕಾಯಿ ಕೊಬ್ಬರಿ ಹೆರೆ,Grated
ತುರಿ,* ರವೆಯ ಮಿಶ್ರಣ ಊರ್ಣಕ್ಕೆ ಕೊಬ್ಬರಿ ತುರಿ ಸೇರಿಸಿ ಸಣ್ಣ ಸಣ್ಣ ಉಂಡೆಯನ್ನಾಗಿ ಮಾಡಿಟ್ಟುಕೊಳ್ಳಿ.,2,ತೆಂಗಿನಕಾಯಿ ಕೊಬ್ಬರಿ ಹೆರೆ,Grated
ತುರಿ,"ನಂತರ ಎರಡೂವರೆ ಲೋಟ ನೀರು ಹಾಕಿ, ರುಚಿಗೆ ತಕ್ಕಷ್ಟು ಉಪ್ಪು ಹಾಕಿ ನೀರು ಕುದಿಯುವಾಗ ರವೆ ಹಾಕಿ ಮಗುಚಿ ಕೊನೆಗೆ ತೆಂಗಿನ ತುರಿ ಹಾಕಿದರೆ ರುಚಿಕರವಾದ ವಾಂಗೀ ಭಾತ್ ಸವಿಯಲು ಸಿದ್ಧ.",2,ತೆಂಗಿನಕಾಯಿ ಕೊಬ್ಬರಿ ಹೆರೆ,Grated
ತುರಿ,ಅದು ತಣ್ಣಗಾದ ಬಳಿಕ 2 ಚಮಚ ತೆಂಗಿನ ತುರಿ ಸೇರಿಸಿ ನುಣ್ಣಗೆ ರುಬ್ಬಿಕೊಳ್ಳಿ.,2,ತೆಂಗಿನಕಾಯಿ ಕೊಬ್ಬರಿ ಹೆರೆ,Grated
ತುರಿ,"ಬೇಕಾಗುವ ಸಾಮಗ್ರಿ: ಕೆಸುವಿನ ಗಡ್ಡೆ 5-6, ಬ್ಯಾಡಗಿ ಮೆಣಸು 8, ಎಣ್ಣೆ, ಕೊತ್ತಂಬರಿ ಬೀಜ- 2 ಚಮಚ, ಕಡ್ಲೆ ಬೇಳೆ- 2 ಚಮಚ, ಮೆಂತ್ಯೆ- 1 ಚಮಚ, ಜೀರಿಗೆ -1 ಚಮಚ, ಸಾಸಿವೆ, ಅರಿಶಿನ- 1 ಚಮಚ, ಇಂಗು, ಉಪ್ಪು ರುಚಿಗೆ ತಕ್ಕಷ್ಟು, ತೆಂಗಿನ ತುರಿ - ಅರ್ಧ ಕಪ್‌, ಹುಣಸೆ ಹಣ್ಣು- ಲಿಂಬೆ ಗಾತ್ರ, ಬೆಲ್ಲ ರುಚಿಗೆ ತಕ್ಕಷ್ಟು, ಕರಿಬೇವು.",2,ತೆಂಗಿನಕಾಯಿ ಕೊಬ್ಬರಿ ಹೆರೆ,Grated
ತುರಿ,ಟೊಮ್ಯಾಟೋಸ್ ಸುಲಿದ ಮತ್ತು ಬ್ಲೆಂಡರ್ (ಚೆನ್ನಾಗಿ ಅಥವಾ ತುರಿ ಒರಟಾಗಿ) ನುಣ್ಣಗೆ ಕೆನೆಯಂತೆ ಬದಲಾಗುತ್ತವೆ.,2,ತೆಂಗಿನಕಾಯಿ ಕೊಬ್ಬರಿ ಹೆರೆ,Grated
ತುರಿ,"ನಂತರ ಅರಿಶಿಣ, ಉಪ್ಪು, ತೆಂಗಿನ ತುರಿ ಸೇರಿಸಬೇಕು.",2,ತೆಂಗಿನಕಾಯಿ ಕೊಬ್ಬರಿ ಹೆರೆ,Grated
ತುರಿ,"ತಣ್ಣಗಾದ ಮೇಲೆ ಕಾಲು ಬಾಗ ತೆಂಗಿನಕಾಯಿ ತುರಿ ಎರಡು ಹಸಿಮೆಣಸು, ಹತ್ತು ಚಮಚ ಆಗುವಷ್ಟು ಮೊಸರು ಸೇರಿಸಿ ರುಬ್ಬಿಕೊಳ್ಳಬೇಕು.",2,ತೆಂಗಿನಕಾಯಿ ಕೊಬ್ಬರಿ ಹೆರೆ,Grated
ತುರಿ,ಲಿಟಲ್ ಕಿಟನ್ ತುರಿ ತೆಗೆದು ಟ್ರೇ ಫಿಲ್ಲರ್ ಒಳಗೆ ಸುರಿಯುತ್ತಾರೆ ಉತ್ತಮ.,2,ತೆಂಗಿನಕಾಯಿ ಕೊಬ್ಬರಿ ಹೆರೆ,Grated
ತುರಿ,ಕೆಳಗಿಳಿಸಿದ ನಂತರ ತೆಂಗಿನ ತುರಿ ಹಾಕಿ ಬಾಡಿಸಿ.,2,ತೆಂಗಿನಕಾಯಿ ಕೊಬ್ಬರಿ ಹೆರೆ,Grated
ತುರಿ,ಒಣ ಕೊಬ್ಬರಿ - ಒಂದು ಹೋಳು ಅಥವಾ ತೆಂಗಿನಕಾಯಿ ತುರಿ,2,ತೆಂಗಿನಕಾಯಿ ಕೊಬ್ಬರಿ ಹೆರೆ,Grated
ತುರಿ,ಅರ್ಧ ಕಪ್ ಒಣ ಕೊಬ್ಬರಿ ತುರಿ ಬೆಚ್ಚಗೆ ಮಾಡಿ ಇದರೊಂದಿಗೆ ಸೇರಿಸಿ ಇಡಿ.,2,ತೆಂಗಿನಕಾಯಿ ಕೊಬ್ಬರಿ ಹೆರೆ,Grated
ತುರಿ,ಆಳವಿಲ್ಲದ ತುರಿಯುವಿಕೆಯೊಂದಿಗೆ ಮುಲ್ಲಂಗಿ ಮೂಲವನ್ನು ತುರಿ ಮಾಡಿ.,2,ತೆಂಗಿನಕಾಯಿ ಕೊಬ್ಬರಿ ಹೆರೆ,Grated
ತುರಿ,"ನುಣ್ಣಗೆ ತುರಿ ಚೀಸ್, ಟೊಮೆಟೋಗಳು ಮತ್ತು ಹೋಳುಗಳಾಗಿ ಕತ್ತರಿಸಿ.",2,ತೆಂಗಿನಕಾಯಿ ಕೊಬ್ಬರಿ ಹೆರೆ,Grated
ತುರಿ,ಇದು ಪಡೆಯಬಹುದು ಮತ್ತು ಸ್ವತಂತ್ರ ದಾರಿ - ಒಂದು ತುರಿಯುವ ಮಣೆ ಮೇಲೆ ಈರುಳ್ಳಿ ತುರಿ ಮತ್ತು ರಸ ಹಿಂಡು.,2,ತೆಂಗಿನಕಾಯಿ ಕೊಬ್ಬರಿ ಹೆರೆ,Grated
ದಂತ,ಗುಲಾಮ ಮತ್ತು ದಂತ ವ್ಯಾಪಾರಿಗಳ ಮೂಲಕ ನೈರೋಪಿಕ್ ಸೂಡಾನ್‌ನಲ್ಲಿ ಈಜಿಪ್ಟ್ ಆಕ್ರಮಿಸಿತು.,1,ಆನೆಯ ಕೋರೆ,An elephant's tusk
ದಂತ,ಆನೆ ದಂತ ಕಳ್ಳತನ: ಆರೋಪಿ ಬಂಧನ,1,ಆನೆಯ ಕೋರೆ,An elephant's tusk
ದಂತ,ಇಲ್ಲಿನ ಅರಣ್ಯ ಭವನದಲ್ಲಿರುವ ಆನೆದಂತ ಸಂಗ್ರಹಾಲಯ ಇಡೀ ರಾಜ್ಯದಲ್ಲಿ ದಂತ ದಾಸ್ತಾನು ಮಾಡುವ ಏಕಮಾತ್ರ ಸ್ಥಳ.,1,ಆನೆಯ ಕೋರೆ,An elephant's tusk
ದಂತ,ಕಾಡಾನೆ ಸತ್ತಿದ್ದ ಸಂದರ್ಭ ಸ್ಥಳಕ್ಕೆ ತೆರಳಿದ ಅಧಿಕಾರಿಗಳಿಗೆ ಆನೆಯ ದಂತ ಅಪಹರಿಸಿದ್ದು ಬೆಳಕಿಗೆ ಬಂದಿತ್ತು.,1,ಆನೆಯ ಕೋರೆ,An elephant's tusk
ದಂತ,"ದಕ್ಷಿಣ ಭಾರತದಲ್ಲಿ ತಾಂಡವವಾಡುತ್ತಿದ್ದ ಭಯೋತ್ಪಾದನೆ, ಆನೆಗಳ ಸಾವು, ದಂತ ಕಳ್ಳತನ, ಶ್ರೀಗಂಧದ ಮರ ಕಳ್ಳ ಸಾಗಾಣಿಕೆ ಮತ್ತು ಎಲ್ಲಕ್ಕಿಂತ ಹೆಚ್ಚಾಗಿ ನಿರಪರಾಧಿ, ಕರ್ತವ್ಯ ನಿರತ ಪೊಲೀಸ್ ಮತ್ತು ಅಮಾಯಕ ಪ್ರಜೆಗಳ ದಾರುಣ ಹತ್ಯೆಯನ್ನು ಸಾಂಕೇತಿಕವಾಗಿ ವಿರೋಧಿಸುವ ಸಂದರ್ಭ ಇದಾಗಿದೆ.",1,ಆನೆಯ ಕೋರೆ,An elephant's tusk
ದಂತ,"ಆದರೆ ಆಧುನಿಕ ಫ್ಯಾಶನ್ ನೈಸರ್ಗಿಕ ವೆಲ್ವೆಟ್ ಹುಡುಕಲು ಬಹಳ ಕಷ್ಟ, ಕಸೂತಿ ಕೈಯಾರೆ ರಚಿಸಲಾಗಿದೆ ಅಥವಾ ಆಭರಣ, ದಂತ ಮಾಡಿದ ಮದರ್ ಆಫ್ ಪರ್ಲ್.",1,ಆನೆಯ ಕೋರೆ,An elephant's tusk
ದಂತ,ಮೌಲ್ಯದ ಜೋಡಿ ಆನೆ ದಂತ ನಾಪತ್ತೆ ಪ್ರಕರಣವನ್ನು ರಾಜ್ಯ ಸರ್ಕಾರ ಕೊನೆಗೂ ಸಿಐಡಿಗೆ ವಹಿಸಿದೆ.,1,ಆನೆಯ ಕೋರೆ,An elephant's tusk
ದಂತ,ಕಾಡಾನೆ ಕೊಂದು ಅಪಹರಿಸಲಾಗಿದ್ದ ದಂತ ವಶಪಡಿಸಿಕೊಂಡ ಅರಣ್ಯಾಧಿಕಾರಿಗಳು,1,ಆನೆಯ ಕೋರೆ,An elephant's tusk
ದಂತ,25: ಮೈಸೂರಿನ ಸುಭಾಷ್‌ನಗರದಲ್ಲಿ ಆನೆ ದಂತ ಮಾರಾಟ ಮಾಡಲು ಯತ್ನ.,1,ಆನೆಯ ಕೋರೆ,An elephant's tusk
ದಂತ,"ವರಮಾನ ಅದರ ದುಡಿಮೆಯಿಂದ ದೊರಕಿದರೆ, ಆನೆ ಸತ್ತಮೇಲೆ ಅದರ ದಂತ ಮತ್ತು ಅಂಗಾಗಳಿಂದ ಕೋಟಿ ರೂ.",1,ಆನೆಯ ಕೋರೆ,An elephant's tusk
ದಂತ,– ಎರಡು ಆನೆ ದಂತ ವಶಕ್ಕೆ ಪಡೆದ ಅಧಿಕಾರಿಗಳು,1,ಆನೆಯ ಕೋರೆ,An elephant's tusk
ದಂತ,ರೂ ಮೌಲ್ಯದ ಎರಡು ದಂತ ಸೇರಿ ಇಬ್ಬರ ವಶ,1,ಆನೆಯ ಕೋರೆ,An elephant's tusk
ದಂತ,"ಈಗಿನ ಆನೆಗಳ ಪೂರ್ವಜ ಪ್ರಭೇದಗಳೂ ಕೂಡ ಭವ್ಯವಾದ ಬೃಹದಾಕಾರದ ದಂತ ಜೋಡಿಯನ್ನು ಪಡೆದಿದ್ದುವು ಎಂಬುದು (ಚಿತ್ರ 3,5) ಪಳೆಯುಳಿಕೆಗಳಿಂದ ನಿಚ್ಚಳ.",1,ಆನೆಯ ಕೋರೆ,An elephant's tusk
ದಂತ,ಈ ವೇಳೆ ಗೌರಮ್ಮ ಎಂಬ ಸಿಬ್ಬಂದಿಗೆ ಪೇಪರ್‌ನಲ್ಲಿ ಸುತ್ತಿಟ್ಟ ರೀತಿಯಲ್ಲಿ ಆನೆ ದಂತ ಪತ್ತೆಯಾಗಿದೆ.,1,ಆನೆಯ ಕೋರೆ,An elephant's tusk
ದಂತ,ಪ್ರವಾಸಿಗರ ಹುಡುಗಾಟಕ್ಕೆ ಮಡಿಕೇರಿಯಲ್ಲಿ ಆನೆ ದಂತ ಭಗ್ನ!,1,ಆನೆಯ ಕೋರೆ,An elephant's tusk
ದಂತ,ಶಿವಮೊಗ್ಗ: ರಾಜ್ಯದಲ್ಲಿ ತೀವ್ರ ಸಂಚಲನ ಮೂಡಿಸಿದ್ದ ನಗರದ ಎಸ್‌ಪಿ ಕಚೇರಿಯ ಜೋಡಿ ಆನೆ ದಂತ ನಾಪತ್ತೆ ಪ್ರಕರಣದ ಕುರಿತು ಯಾವುದೇ ಸುಳಿವು ಇದುವರೆಗೆ ಪೊಲೀಸರಿಗೆ ಸಿಕ್ಕಿಲ್ಲ.,1,ಆನೆಯ ಕೋರೆ,An elephant's tusk
ದಂತ,"ಖಚಿತ ಮಾಹಿತಿ ಮೇರೆಗೆ ವಲಯ ಅರಣ್ಯಾಧಿಕಾರಿ ಸುಂದರ್ ನೇತೃತ್ವದ ತಂಡ ದಾಳಿ ಮಾಡಿ ಎರಡು ದಂತ ವಶಪಡಿಸಿಕೊಂಡು, ಆರೋಪಿಯನ್ನು ಬಂಧಿಸಿದ್ದಾರೆ.",1,ಆನೆಯ ಕೋರೆ,An elephant's tusk
ದಂತ,ಕೆಜಿ ತೂಕದ 10 ಆನೆ ದಂತ ವಶ – ಮೂವರು ಅರೆಸ್ಟ್,1,ಆನೆಯ ಕೋರೆ,An elephant's tusk
ದಂತ,"ನಿಯಮದಂತೆ, ಅವರು ಬೂದು, ಆನೆ ದಂತ ಮತ್ತು ಮರಳಿನ ವಿವಿಧ ಛಾಯೆಗಳನ್ನು ಕೂಡ ಸಂಯೋಜಿಸುತ್ತಾರೆ, ಜೊತೆಗೆ ಮಸುಕಾದ ನೀಲಿ ಬಣ್ಣವನ್ನು ಹೆಚ್ಚು ತೀವ್ರವಾದ ಛಾಯೆಗಳೊಂದಿಗೆ ಸಂಯೋಜಿಸುತ್ತಾರೆ.",1,ಆನೆಯ ಕೋರೆ,An elephant's tusk
ದಂತ,ಪರಶುರಾಮನ ಕೊಡಲಿಯಿಂದ ಗಣೇಶನ ದಂತ ತುಂಡಾದ ಸ್ಥಳ ಇದು ಎನ್ನಲಾಗಿದೆ.,1,ಆನೆಯ ಕೋರೆ,An elephant's tusk
ದಂತ,ಸೂರ್ಯ ರಾಗ ಆದಿತಾಳದ ಪುಷ್ಪಾಂಜಲಿಯ ಜೊತೆ ಅಡಕವಾಗಿದ್ದ ವಿಘ್ನವಿನಾಯಕ ಸಿದ್ಧಿಬುದ್ಧಿ ಪ್ರದಾಯಕನಾದ ಗಣೇಶನ ಪ್ರಾರ್ಥನೆಯಲ್ಲಿ ಗಣೇಶ ತನ್ನ ದಂತ ಮುರಿದು ವೇದವ್ಯಾಸರಿಗೆ ಮಹಾಭಾರತ ಬರೆದುಕೊಟ್ಟಂಟಹ ಪ್ರಸಂಗವನ್ನು ಒಳಗೊಂಡಿತ್ತು.,1,ಆನೆಯ ಕೋರೆ,An elephant's tusk
ದಂತ,"ಮೂವರು ಆರೋಪಿಗಳು ಕಾಡುಮನೆ ಎಸ್ಟೇಟ್‍ನಲ್ಲಿ ಕೆಲಸ ಮಾಡುತ್ತಿದ್ದು, ಆನೆ ದಂತ ಕಿತ್ತ ನಂತರ ಆನೆಯನ್ನು ಭೂಮಿಯಲ್ಲಿ ಹೂಳಲು ಯತ್ನಿಸಿದ್ದರು.",1,ಆನೆಯ ಕೋರೆ,An elephant's tusk
ದಂತ,ಶ್ರೀನಿವಾಸ್ ಅವರು ದಂತ ಚೋರ ವೀರಪ್ಪನ್ ಅವರಿಂದ ಹುತಾತ್ಮರಾದರು.,1,ಆನೆಯ ಕೋರೆ,An elephant's tusk
ದಂತ,ಎಸ್ ಪಿ ಕಚೇರಿಯಲ್ಲಿ ಆನೆ ದಂತ ಕಾಣೆಯಾದ ಪ್ರಕರಣ.,1,ಆನೆಯ ಕೋರೆ,An elephant's tusk
ದಂತ,ಆನೆ ದಂತ ಕಲಾಕೃತಿಗಳನ್ನು ಅಕ್ರಮವಾಗಿ ಹೊಂದಿದ್ದಕ್ಕಾಗಿ ನಟನ ವಿರುದ್ಧ ಚಾರ್ಜ್‌ಶೀಟ್ ಸಲ್ಲಿಸಲಾಗಿದೆ.,1,ಆನೆಯ ಕೋರೆ,An elephant's tusk
ದಂತ,ಆಕಸ್ಮಿಕವಾಗಿ ಸತ್ತ ಆನೆಯಿಂದ ಮೂವರು ಆರೋಪಿಗಳು ದಂತ ಕಿತ್ತಿದ್ದರು.,1,ಆನೆಯ ಕೋರೆ,An elephant's tusk
ದಂತ,ಪರಶುರಾಮನ ಕೊಡಲಿಯಿಂದ ಗಣೇಶನ ದಂತ ತುಂಡಾದ ಸ್ಥಳ ಇದಾಗಿದೆ ಎನ್ನಲಾಗುತ್ತದೆ.,1,ಆನೆಯ ಕೋರೆ,An elephant's tusk
ದಂತ,"ಸ್ಥಳಕ್ಕೆ ಎಸಿಎಫ್ ನೆಹರು ಭೇಟಿ ನೀಡಿ ಪರಿಶೀಲಿಸಿದ್ದು, ಸ್ವಾಭಾವಿಕವಾಗಿ ಕಾಡಾನೆ ಸಾವನ್ನಪ್ಪಿರುವುದು ಮೇಲ್ನೊಟಕ್ಕೆ ಕಂಡು ಬಂದಿದ್ದು, ದುಷ್ಕರ್ಮಿಗಳೇನಾದರೂ ಕೊಂದಿದ್ದರೆ ಆನೆಯ ದಂತ ಇರುತ್ತಿರಲಿಲ್ಲ.",1,ಆನೆಯ ಕೋರೆ,An elephant's tusk
ದಂತ,ಬೆಳ್ತಂಗಡಿಯಲ್ಲಿ ಆನೆ ದಂತ ಚೋರರ ಸೆರೆ 51 ಕೆಜಿ ತೂಕದ 10 ದಂತ ವಶ,1,ಆನೆಯ ಕೋರೆ,An elephant's tusk
ದಂತ,ಈ ಕಾಳಗದಲ್ಲಿ ಕಾಡಾನೆಯ ದಂತ ತುಂಡಾಗಿತ್ತು.,1,ಆನೆಯ ಕೋರೆ,An elephant's tusk
ದಂತ,ಈ ಗುಂಪನ್ನು ಯುರೋಪಿಯನ್ನರೊಂದಿಗೆ ದಂತ ಮತ್ತು ಚರ್ಮವನ್ನು ಗನ್ಗಳಿಗೆ ವಿನಿಮಯ ಮಾಡಿಕೊಂಡು ಮಿಷನರಿಗಳು ಕ್ರೈಸ್ತಧರ್ಮ ಮಾಡಿದರು.,1,ಆನೆಯ ಕೋರೆ,An elephant's tusk
ದಂತ,ಬರೋಬ್ಬರಿ 8 ಸಾವಿರ ಆನೆಗಳ ದಂತ ಹಾಗೂ 343 ಘೇಂಡಾಮೃಗಗಳ ಕೊಂಬು.,1,ಆನೆಯ ಕೋರೆ,An elephant's tusk
ದಂತ,ಮಾರುಕಟ್ಟೆಯಲ್ಲಿ ಈ ದಂತ ಒಂದು ಕೋಟಿ ಬೆಲೆ ಬಾಳುತ್ತದೆ.,1,ಆನೆಯ ಕೋರೆ,An elephant's tusk
ದಂತ,ಆಗ ಪೊಲೀಸರು ದಂತ ಮಾರಾಟಕ್ಕೆ ಮದ್ಯವರ್ತಿಯಾಗಿದ್ದ ಕೃಷ್ಣರಾಜು ಸಂಬಂಧಿಯನ್ನು ವಶಕ್ಕೆ ಪಡೆದು ವಿಚಾರಿಸಿದ ವೇಳೆ ಆರೋಪಿಗಳ ವಿವರ ಬಹಿರಂಗಪಡಿಸಿದ್ದಾನೆ.,1,ಆನೆಯ ಕೋರೆ,An elephant's tusk
ದಂತ,"ಕಾಡುಗಳ್ಳ, ದಂತ ಚೋರ ವೀರಪ್ಪನ್ ಮತ್ತು ಆತನ ಸಹಚರರನ್ನು ಸದೆಬಡೆಯುವಲ್ಲಿ ಪ್ರಮುಖ ಪಾತ್ರ ವಹಿಸಿದ್ದ ಖಡಕ್ ನಿವೃತ್ತ ಐಪಿಎಸ್ ಅಧಿಕಾರಿ ಶಂಕರ ಬಿದರಿ ಅವರು ವಿಧಾನಸಭೆ ಚುನಾವಣೆಯಲ್ಲಿ ಸ್ಪರ್ಧಿಸಲು ಸಜ್ಜಾಗಿದ್ದಾರೆ.",1,ಆನೆಯ ಕೋರೆ,An elephant's tusk
ದಂತ,ಈ ದಂತ ನಾಪತ್ತೆ ಪ್ರಕರಣವನ್ನು ರಾಜ್ಯ ಸರ್ಕಾರವು ಕಳೆದ ಜನವರಿಯಲ್ಲಿ ಸಿಐಡಿ ತನಿಖೆ ಒಪ್ಪಿಸಿದೆ.,1,ಆನೆಯ ಕೋರೆ,An elephant's tusk
ದಂತ,"ದಂತ ಒಂದು ಟನ್ ಪಡೆಯಲು, ಸುಮಾರು 113 ಆನೆಗಳು ನಾಶ ಅಗತ್ಯ.",1,ಆನೆಯ ಕೋರೆ,An elephant's tusk
ದಂತ,ಕರ್ನಾಟಕ ಸರ್ಕಾರ ಎಂದು ಬೋರ್ಡ್ ಹಾಕಿದ ಕಾರಿನಲ್ಲಿ ದಂತ ಸಾಗಾಟ ಮಾಡುತ್ತಿದ್ದರು.,1,ಆನೆಯ ಕೋರೆ,An elephant's tusk
ದಂತ,"ಯಾಕುಟ್ಸ್ ಮತ್ತು ಹೆಚ್ಚಿನ ಗೌರವ ನಲ್ಲಿ toboltsev ಮಹಾಗಜ ದಂತ ಉತ್ಪನ್ನಗಳಾಗಿದ್ದರು ಏಕೆ ಹೀಗೆ, ಇದನ್ನು ಅರ್ಥವಾಗುವಂತಹದ್ದಾಗಿದೆ.",1,ಆನೆಯ ಕೋರೆ,An elephant's tusk
ದಂತ,"ಬೆಳಗಾವಿ: ಇಲ್ಲಿನ ಶೆಟ್ಟಿಗಲ್ಲಿಯ ಮನೆಯೊಂದರಲ್ಲಿ ಅಕ್ರಮವಾಗಿ ಸಂಗ್ರಹಿಸಲಾಗಿದ್ದ ಕೋಟ್ಯಂತರ ರೂಪಾಯಿ ಬೆಲೆಬಾಳುವ ಸಾರಂಗ ಹಾಗೂ ಜಿಂಕೆ ಕೊಂಬುಗಳು, ಒಂದು ಜೊತೆ ಆನೆ ದಂತ ಮತ್ತು ಚಿಪ್ಪುಹಂದಿಯ ಚಿಪ್ಪುಗಳನ್ನು ಪೊಲೀಸರು ಮಂಗಳವಾರ ವಶಪಡ.",1,ಆನೆಯ ಕೋರೆ,An elephant's tusk
ದಂತ,ದಂತ ಮಾರಾಟದ ಖಚಿತ ಮಾಹಿತಿಯನ್ನು ಆಧರಿಸಿ ಭಾನುವಾರ ಸಂಜೆ ಕಾರ್ಯಾಚರಣೆ ನಡೆಸಿದ ಪಟ್ಟಣ ಠಾಣೆ ಪೊಲೀಸರು ಮತ್ತು ರಾಜ್ಯ ಅರಣ್ಯ ಘಟಕದ ಇನ್ಸ್ ಪೆಕ್ಟರ್ ನೇತೃತ್ವದ ಸಿಬ್ಬಂದಿಗಳ ತಂಡ ಪಟ್ಟಣದ ಹೊರವಲಯದ ಕೆ.,1,ಆನೆಯ ಕೋರೆ,An elephant's tusk
ದಂತ,"ಈ ಮೇಲಿನ ವಾಲ್ರಸ್ ದಂತ ಕಾಲಾನಂತರದಲ್ಲಿ ಅದರ ಆಕಾರ, ಆದರೆ ಡೆಸ್ಟಿನಿ ಕೇವಲ ಬದಲಾಗಿದೆ ಏಕೆಂದರೆ, ಸಂಪೂರ್ಣವಾಗಿ ಸತ್ಯವಲ್ಲ: ಅವರು ನಿಜವಾದ ದಂತ ಆಗಿತ್ತು.",1,ಆನೆಯ ಕೋರೆ,An elephant's tusk
ದಂತ,ಮೋಜಿನ ಬದುಕಿಗೆ ಆನೆ ಕೊಂದು ದಂತ ಅಪಹರಣ ಮಾಡುವ ಸ್ಥಿತಿ ನಿರ್ಮಾಣವಾದಾಗ ದಶಕದ ಹಿಂದೆಯೇ ದಂತ ಬಳಕೆಯ ನಿಷೇಧದ ಆದೇಶ ಹೊರ ಬಿದ್ದಿತು.,1,ಆನೆಯ ಕೋರೆ,An elephant's tusk
ದಂತ,ಗಣೇಶನ ಒಂದು ದಂತ ಮುರಿದು ಊಟವೆಲ್ಲಾ ಚೆಲ್ಲಿತ್ತಂತೆ.,1,ಆನೆಯ ಕೋರೆ,An elephant's tusk
ದಂತ,ಕಳೆದು ಮೂರು ತಿಂಗಳಿಂದ ಆನೆ ದಂತ ದಾಸ್ತಾನು ಇರಿಸಿದ್ದು ಮಾತ್ರವಲ್ಲದೆ ಮಾರಾಟ ಜಾಲದ ಕುರಿತು ಇಲಾಖೆಗೆ ಮಾಹಿತಿ ಲಭಿಸಿತ್ತು.,1,ಆನೆಯ ಕೋರೆ,An elephant's tusk
ದಂತ,"ಸೈದ್ಧಾಂತಿಕವಾಗಿ, ದಂತ ನರಗಳು ಮಾತ್ರ ತಜ್ಞ ಅಪಾಯಿಂಟ್ಮೆಂಟ್ ಸಂಪೂರ್ಣವಾಗಿ ಅಗತ್ಯ ತೆಗೆದುಹಾಕಲಾಗುತ್ತದೆ.",2,"ಹಲ್ಲು, ರದನ",Tooth
ದಂತ,"ಹರಿಯಾಣ, ಹಿಮಾಚಲ ಪ್ರದೇಶ, ಮಧ್ಯಪ್ರದೇಶ, ಮಣಿಪುರ, ರಾಜಸ್ತಾನ, ಒಡಿಶಾ ಮತ್ತು ಬಿಹಾರ ರಾಜ್ಯಗಳು ನೀಟ್‌ ಮೂಲಕವೇ ವೈದ್ಯಕೀಯ ಮತ್ತು ದಂತ ವೈದ್ಯ ಕೋರ್ಸು ಸೀಟುಗಳನ್ನು ಭರ್ತಿ ಮಾಡಲು ನಿರ್ಧರಿಸಿವೆ.",2,"ಹಲ್ಲು, ರದನ",Tooth
ದಂತ,ಕಾರ್ಯಕ್ರಮದಲ್ಲಿ ದಂತ ವೈದ್ಯಕೀಯ ಪರಿಷತ್‌ ಸದಸ್ಯೆ ಡಾ.,2,"ಹಲ್ಲು, ರದನ",Tooth
ದಂತ,ನಾಲಿಗೆಯನ್ನು ಸರಿಯಾಗಿ ಸ್ವಚ್ಛಗೊಳಿಸದಿರುವುದು ಬಾಯಿಯ ಮತ್ತು ದಂತ ಸಮಸ್ಯೆಗಳಿಗೆ ಶೇ.,2,"ಹಲ್ಲು, ರದನ",Tooth
ದಂತ,ತ್ಯಾಜ್ಯ ಮಿಶ್ರಣವನ್ನು ದಂತ ಕ್ಲೀನರ್ ತೆಗೆದು ಹಾಕಲ್ಪಡುತ್ತದೆ.,2,"ಹಲ್ಲು, ರದನ",Tooth
ದಂತ,ಶೆಟ್ಟಿ ಮೆಮೋರಿಯಲ್ ಇನ್‌ಸ್ಟಿಟ್ಯೂಟ್ ಆ್ ಡೆಂಟಲ್ ಸಯನ್ಸಸ್ ವತಿಯಿಂದ ಶಾಲಾ ಮಕ್ಕಳಿಗಾಗಿ ದಂತ ಆರೋಗ್ಯ ಮೇಳವನ್ನು ೆ.,2,"ಹಲ್ಲು, ರದನ",Tooth
ದಂತ,"ಆದರೆ ದಂತವೈದ್ಯರು ಕೂಡ ಪುದೀನ-ಸುವಾಸನೆಯ ದಂತ ನೈರ್ಮಲ್ಯ ಉತ್ಪನ್ನಗಳನ್ನು ಕಾಯಿಲೆ ಪಡೆಯಬೇಕು, ಬಲ?",2,"ಹಲ್ಲು, ರದನ",Tooth
ದಂತ,"ಇದು ದಂತ ಇಲಾಖೆಯ ಮುಖ್ಯಸ್ಥ, ಅತ್ಯುನ್ನತ ವರ್ಗದಲ್ಲಿ ವೈದ್ಯರು.",2,"ಹಲ್ಲು, ರದನ",Tooth
ದಂತ,ಜನರಲ್ ದಂತವೈದ್ಯರು ವಿಶಿಷ್ಟವಾಗಿ ಅವರು ಯಾವ ದಂತ ಶಾಲೆಗೆ ಹಾಜರಾಗುತ್ತಾರೆ ಎಂಬ ಆಧಾರದ ಮೇಲೆ ಡಿಡಿಎಸ್ ಅಥವಾ ಡಿಎಂಡಿ ಪದವಿಯನ್ನು ಪಡೆದುಕೊಳ್ಳುತ್ತಾರೆ.,2,"ಹಲ್ಲು, ರದನ",Tooth
ದಂತ,ವೈದ್ಯಕೀಯ ಮತ್ತು ದಂತ ವೈದ್ಯಕೀಯ ಕೋರ್ಸ್ ಪ್ರವೇಶಕ್ಕೆ ಅವಕಾಶ ಕಲ್ಪಿಸುವ ರಾಷ್ಟ್ರೀಯ ಅರ್ಹತಾ ಮತ್ತು ಪ್ರವೇಶ ಪರೀಕ್ಷೆ (ನೀಟ್) ಮೇ 7 ರಂದು ನಡೆಯಲಿವೆ.,2,"ಹಲ್ಲು, ರದನ",Tooth
ದಂತ,ಹಲ್ಲಿನ ಸಂದುಗಳಲ್ಲಿ ಸಿಕ್ಕಿಕೊಳ್ಳುವ ತಂಬಾಕು ದಂತ ದಳಗಳನ್ನು ನಾಶಪಡಿಸುತ್ತದೆ.,2,"ಹಲ್ಲು, ರದನ",Tooth
ದಂತ,"ಜಿಂಗೈವಿಟಿಸ್, ಪೇರೆರೋಂಟಿಟಿಸ್, ಮತ್ತು ಹಲ್ಲಿನ ನಷ್ಟಗಳಂತಹ ದಂತ ಸಮಸ್ಯೆಗಳು ಎಲ್ಲಾ ಉರಿಯೂತ, ಮತ್ತು ಕೆಲವೊಮ್ಮೆ ಸೋಂಕಿನೊಂದಿಗೆ ಸಂಬಂಧಿಸಿವೆ.",2,"ಹಲ್ಲು, ರದನ",Tooth
ದಂತ,"ಮಾಧ್ಯಮಗಳ ವರದಿ ಪ್ರಕಾರ ಪ್ರೀತಿ ಜೊತೆ ಹೋಟೆಲ್​ನಲ್ಲಿ ತಂಗಿದ್ದ ವ್ಯಕ್ತಿ ಕೂಡ ದಂತ ವೈದ್ಯನಾಗಿದ್ದು, ಆಕೆಯ ಮಾಜಿ ಪ್ರಿಯಕರ ಡಾ.",2,"ಹಲ್ಲು, ರದನ",Tooth
ದಂತ,ಶಾಲಾ ಗ್ರಂಥಾಲಯಕ್ಕೆ ಇದೇ ಸಂದರ್ಭದಲ್ಲಿ ದಂತ ಆರೋಗ್ಯದ ಬಗೆಗಿನ ಪುಸ್ತಕಗಳನ್ನು ಹಸ್ತಾಂತರಿಸಲಾಯಿತು.,2,"ಹಲ್ಲು, ರದನ",Tooth
ದಂತ,ಬಳಿಕ ಮಂಗಳೂರಿನ ಯೆನಪೋಯ ಆಸ್ಪತ್ರೆ ಮತ್ತು ಯೆನಪೋಯ ದಂತ ಮಹಾ ವಿದ್ಯಾಲಯದ ವತಿಯಿಂದ ಸುಮಾರು 35 ವೈದ್ಯರ ತಂಡದಿಂದ ಸಾರ್ವಜನಿಕರಿಗೆ ಉಚಿತ ವೈದ್ಯಕೀಯ ತಪಾಸಣೆ ಮತ್ತು ಸೌಲಭ್ಯಗಳ ವಿತರಣೆ ನಡೆಯಿತು.,2,"ಹಲ್ಲು, ರದನ",Tooth
ದಂತ,ತೀವ್ರ ದಂತ ನೋವಿನ ಮರೆಯಾಗಬಹುದು ಮತ್ತು ಗೋಚರತೆಯನ್ನು ಕಾರಣವು ಇದುವರೆಗೂ ಉಳಿಯುತ್ತದೆ.,2,"ಹಲ್ಲು, ರದನ",Tooth
ದಂತ,ಸರಿಯಾದ ದಂತ ಆರೈಕೆ ಆದ್ಯತೆ ದಿನಕ್ಕೆ ಎರಡು ಬಾರಿ - - ಬೆಳಿಗ್ಗೆ ಮತ್ತು ಸಂಜೆ ಅವುಗಳನ್ನು ಸರಿಪಡಿಸುವ ಆರಂಭವಾಗುತ್ತದೆ.,2,"ಹಲ್ಲು, ರದನ",Tooth
ದಂತ,ವೈದ್ಯಕೀಯ ಮತ್ತು ದಂತ ವೈದ್ಯಕೀಯ ಕೋರ್ಸುಗಳಿಗಾಗಿ ಈಗ ಯಾವ ಪ್ರವೇಶಪರೀಕ್ಷೆಯನ್ನು ಬರೆಯಬೇಕು?,2,"ಹಲ್ಲು, ರದನ",Tooth
ದಂತ,ಹೆಚ್ಚಿನ ದಂತ ಶಾಲೆಗಳು ಪ್ರಮುಖ ನಗರಗಳಲ್ಲಿವೆ.,2,"ಹಲ್ಲು, ರದನ",Tooth
ದಂತ,ಬೆಂಗಳೂರು: ವೈದ್ಯಕೀಯ ಮತ್ತು ದಂತ ವೈದ್ಯ ಕೋರ್ಸ್ ಪ್ರವೇಶಕ್ಕೆ ಇಂದು ರಾಜ್ಯದ 4 ನಗರಗಳಲ್ಲಿ ನೀಟ್ ಪರೀಕ್ಷೆ ನಡೆದಿದೆ.,2,"ಹಲ್ಲು, ರದನ",Tooth
ದಂತ,ಉಚಿತ ಆರೋಗ್ಯ ತಪಾಸಣಾ ಶಿಬಿರದಲ್ಲಿ ಬೆಳಗಾವಿಯ ವಿಜಯ ಆಸ್ಪತ್ರೆಯ ದಂತ ವೈದ್ಯರಾದ ಡಾ.,2,"ಹಲ್ಲು, ರದನ",Tooth
ದಂತ,ಈ ಪರಿಣಾಮಗಳು ಇನ್ನೂ ಸರಿಪಡಿಸಬಹುದು ಅಥವಾ ದಂತ ಕ್ಲಿನಿಕ್ ಪರಿಗಣಿಸಬೇಕೆಂದರೆ ಹೊಂದಿರುತ್ತದೆ.,2,"ಹಲ್ಲು, ರದನ",Tooth
ದಂತ,ಸಮುದ್ರದ ಉಪ್ಪನ್ನು ಸೇವಿಸುವುದರಿಂದ ನಿಮ್ಮ ತ್ವಚೆಯನ್ನು ಸಂರಕ್ಷಿಸಬಹುದು ಮತ್ತು ನಿಮ್ಮ ದಂತ ಆರೋಗ್ಯವನ್ನು ಸುಧಾರಿಸಿಕೊಳ್ಳಬಹುದು.,2,"ಹಲ್ಲು, ರದನ",Tooth
ದಂತ,16ರಂದು ಸುಳ್ಯ ಕೆವಿಜಿ ದಂತ ಮಹಾವಿದ್ಯಾಲಯದಲ್ಲಿ ಉಚಿತವಾಗಿ ಚಿಕಿತ್ಸೆ ನೀಡಲಾಗುತ್ತದೆ.,2,"ಹಲ್ಲು, ರದನ",Tooth
ದಂತ,ಆಧುನಿಕ ದಂತ ಚಿಕಿತ್ಸಾಲಯಗಳು ನಿಮ್ಮ ಹಲ್ಲುಗಳ ಒಟ್ಟಾರೆ ಪರಿಸ್ಥಿತಿ ಮತ್ತು ಸೊಬಗು ಅನುಮತಿಸುವ ಹಲವಾರು ಸೇವೆಗಳನ್ನು ಒದಗಿಸುತ್ತವೆ.,2,"ಹಲ್ಲು, ರದನ",Tooth
ದಂತ,9: ವೈದ್ಯಕೀಯ ಮತ್ತು ದಂತ ವೈದ್ಯಕೀಯ ಸ್ನಾತಕೋತ್ತರ ಕೋರ್ಸ್‌ಗಳ ಪ್ರವೇಶಾತಿಗಾಗಿ ನಡೆಯುತ್ತಿರುವ ಕೌನ್ಸಿಲಿಂಗ್‌ನಲ್ಲಿ ಮೀಸಲಾತಿ ನೀಡಿಲ್ಲ ಎಂದು ಆರೋಪಿಸಿ ಮಲ್ಲೇಶ್ವರದಲ್ಲಿರುವ ಸಿಇಟಿ ಕಚೇರಿ ಮುಂದೆ ನೂರಾರು ವಿದ್ಯಾರ್ಥಿಗಳು ಪ್ರತಿಭಟನೆ ನಡೆಸಿದರು.,2,"ಹಲ್ಲು, ರದನ",Tooth
ದಂತ,"ತಂಪಿನ ವ್ಯಕ್ತಿಗಳು ಪದೇ ಪದೇ ದಂತ ಸಮಸ್ಯೆಗಳು, ಪ್ರಾಥಮಿಕ ಹಲ್ಲುಗಳು ಮತ್ತು ಹಲ್ಲಿನ ಕ್ಷಯ ಕಳೆದುಕೊಳ್ಳಬೇಕಾಗುತ್ತದೆ ನಂತರ.",2,"ಹಲ್ಲು, ರದನ",Tooth
ದಂತ,"(ವಿಶ್ವ ಕನ್ನಡಿಗ ನ್ಯೂಸ್) : ಸುರಕ್ಷಾ – ದಂತ ಆರೋಗ್ಯ ಮಾರ್ಗದರ್ಶಿ ಅನೇಕ ಮಾಹಿತಿಗಳನ್ನೊಳಗೊಂಡ ಒಂದು ಉಪಯುಕ್ತ ಕೃತಿ ತುಂಬ ವ್ಯಾಪ್ತವಾದ ವಿಷಯವನ್ನು ಸಮಗ್ರವಾಗಿ ಸಂಕ್ಷಿಪ್ತವಾಗಿ ಸರಳವಾಗಿ ಮತ್ತು ಸ್ವಾರಸ್ಯವಾಗಿ ಹೇಳಿರುವುದು ಇದರ ಹೆಗ್ಗಳಿಕೆ, ಆರೋಗ್ಯಕ್ಕೆ ಸಂಬಂಧಿಸಿದ ಲೇಖನಗಳು ಸಮಾಜಮುಖಿಯಾಗಿರಬೇಕೆನ್ನುವ ಆರೋಗ್ಯಪೂರ್ಣ ಧೋರಣೆ ಕೃತಿಯ ಉದ್ದಕ್ಕೂ ವ್ಯಕ್ತವಾಗುವಂತಿದೆ.",2,"ಹಲ್ಲು, ರದನ",Tooth
ದಂತ,"ನಾಡಗೌಡ ಸ್ಮಾರಕ ದಂತ ವೈದ್ಯಕೀಯ ಮಹಾವಿದ್ಯಾಲಯ ಮತ್ತು ಆಸ್ಪತ್ರೆ, ಹಳೆಯ ಬಾಗಲಕೋಟೆಯಿಂದ ನವನಗರದ ಎಸ್.",2,"ಹಲ್ಲು, ರದನ",Tooth
ದಂತ,"ರೋಗಿಯ, ಅವನ ಜೀವನಶೈಲಿ ಆಹಾರ, ಆಹಾರ, ಸಂಬಂಧಿಸಿದ ದಂತ ರೋಗಲಕ್ಷಣಗಳನ್ನು ಮತ್ತು ಇತರ ವ್ಯಾಧಿಗಳಿಗೆ ಸಮ್ಮುಖದಲ್ಲಿ ವಯಸ್ಸು: ಕಾಯಿಲೆಯುಂಟಾಗಲು ವಿವಿಧ ಅಂಶಗಳು ಇದೆ, ಕೇವಲ ತಜ್ಞ ಒಂದು ರಾಜ್ಯದಲ್ಲಿ ಮೂಳೆಗಳ ಯಾ ಹಲ್ಲಿನ ಸವೆತ ಕಾರಣ ದರವನ್ನು.",2,"ಹಲ್ಲು, ರದನ",Tooth
ದಂತ,ಈ ವೃತ್ತಿಪರರು ಸವೆದ ಮತ್ತು ಸವೆದ ಅಲ್ಲದ ದಂತ ರೋಗಗಳು ಮತ್ತು ದಂತ ಗಾಯಗಳು ಮತ್ತು ಬಾಯಿಯ ಲೋಳೆಪೊರೆಯ ರೋಗಗಳು ಎರಡೂ ಪರಿಗಣಿಸುತ್ತಿದ್ದಾರೆ.,2,"ಹಲ್ಲು, ರದನ",Tooth
ದಂತ,ಶೆಟ್ಟಿ ಸ್ಮಾರಕ ದಂತ ಮಹಾವಿದ್ಯಾಲಯದ ಹಳೆ ವಿದ್ಯಾರ್ಥಿ ಸಂಘದ ವತಿಯಿಂದ ದೇರಳಕಟ್ಟೆ ಕ್ಷೇಮ ಸಭಾಂಗಣದಲ್ಲಿ ಸೋಮವಾರ ನಡೆದ ಡಾ.,2,"ಹಲ್ಲು, ರದನ",Tooth
ದಂತ,ಕಿರೀಟದ ಹೆಚ್ಚು ಅನುಕೂಲವಾಗಿರುವ ದೇಹರಚನೆ ಹಲ್ಲು ಮತ್ತು ವಿಶೇಷ ದಂತ ಸಿಮೆಂಟ್ ಬಳಸಿ ಅದರ ಸ್ಥಿರೀಕರಣಕ್ಕೆ ಫಾರ್.,2,"ಹಲ್ಲು, ರದನ",Tooth
ದಂತ,"ಎಂಜಿನಿಯರಿಂಗ್, ಬಯೋ ಟೆಕ್ನಾಲಜಿ, ವೈದ್ಯಕೀಯ, ದಂತ ವೈದ್ಯಕೀಯ ಕೋರ್ಸ್‌ನ ಪಠ್ಯಪುಸ್ತಕಗಳು ಈಗ amazon.",2,"ಹಲ್ಲು, ರದನ",Tooth
ದಂತ,"ವಿವಿಧ ಕಾರಣಗಳು ಪೆರಿಯೊಸ್ಟಿಟಿಸ್ಗೆ ಕಾರಣವಾಗುತ್ತವೆ: ಕಳಪೆ-ಗುಣಮಟ್ಟದ ದಂತ ಚಿಕಿತ್ಸೆ, ಸಾಕಷ್ಟು ಆಂಟಿಸ್ಸೆಪ್ಟಿಕ್ ಚಿಕಿತ್ಸೆ, ಸೀಲ್ನ ಅನುಚಿತ ಭರ್ತಿ; ದ್ವಿತೀಯಕ ಕಾರಣಗಳು: ಒತ್ತಡ, ದೇಹದ ಪ್ರತಿರಕ್ಷಣಾ ವ್ಯವಸ್ಥೆಯ ದುರ್ಬಲಗೊಳ್ಳುವಿಕೆ, ಲಘೂಷ್ಣತೆ.",2,"ಹಲ್ಲು, ರದನ",Tooth
ದಂತ,ದಂತ ಮಹಾವಿದ್ಯಾಲಯದಲ್ಲಿ ರೀಡರ್ ಆಗಿ ಕೆಲಸ ಮಾಡುತ್ತಿರುವ ಅವರು ಬರೆದ ಈ ಪುಸ್ತಕ ಸರಳವಾಗಿ ಓದಿಸಿಕೊಂಡು ಹೋಗುತ್ತದೆ.,2,"ಹಲ್ಲು, ರದನ",Tooth
ದಂತ,ಇದರಂತೆ ದಂತ ಸಮಸ್ಯೆಗಳಿಗೆ ಅನುಗುಣವಾಗಿ ಪ್ರಿಮಿಯಂ ಪಾವತಿಸಬೇಕು.,2,"ಹಲ್ಲು, ರದನ",Tooth
ದಂತ,ಆಧುನಿಕ ವೈದ್ಯಕೀಯ ದಂತ ಕಚೇರಿಗಳು ಮತ್ತು ಚಿಕಿತ್ಸಾಲಯಗಳು ಕ್ಷಿಪ್ರ ಧನ್ಯವಾದಗಳು ಯಾವುದೇ ಜನರು ಸುತ್ತಿನಲ್ಲಿ ಪಡೆಯಲು ಪ್ರಯತ್ನಿಸಿದ್ದಾರೆ ಮತ್ತು ಆದರ್ಶಪ್ರಾಯ ಭೇಟಿ ಎಂದಿಗೂ ಆ ಅಸಹ್ಯ ಸ್ಥಳಗಳಲ್ಲಿ ಮುಂದೆ.,2,"ಹಲ್ಲು, ರದನ",Tooth
ದಂತ,"ವೈದ್ಯಕೀಯ, ದಂತ ವೈದ್ಯಕೀಯ ಪದವಿ ಕೋರ್ಸ್‌ಗಳ ಪ್ರವೇಶ ಬಯಸುವ ವಿದ್ಯಾರ್ಥಿಗಳು ಭಾನುವಾರದ ಎನ್‌ಇಇಟಿಗೆ ಹೆಸರು ನೋಂದಾಯಿಸದಿದ್ದರೆ ಜುಲೈ 24ರಂದು ನಡೆಯುವ ಎರಡನೇ ಹಂತದ ಎನ್‌ಇಇಟಿಗೆ ಹಾಜರಾಗಬೇಕು ಎಂದರು.",2,"ಹಲ್ಲು, ರದನ",Tooth
ದಂತ,"ದಂತವೈದ್ಯರು ಆಸ್ಪತ್ರೆಗಳಿಗೆ ಸಂಬಂಧಿಸಬೇಕಾಗಿಲ್ಲವಾದ್ದರಿಂದ, ಅಭ್ಯಾಸದ ಪರಿಸರದ ಆಯ್ಕೆಗಳು ಪ್ರಾಥಮಿಕವಾಗಿ ದಂತ ಕಚೇರಿಗಳಿಗೆ ಸೀಮಿತವಾಗಿವೆ.",2,"ಹಲ್ಲು, ರದನ",Tooth
ದಂತ,ಅದೇ ಐಸ್ ಕ್ವಿನೈನ್ ಅನ್ನು ಬಳಸುವಾಗ ಅರಿವಳಿಕೆಯೊಂದಿಗೆ ಗರ್ಭಾವಸ್ಥೆಯಲ್ಲಿ ದಂತ ಚಿಕಿತ್ಸೆಯು ಸ್ವೀಕಾರಾರ್ಹವಾಗಿರುತ್ತದೆ.,2,"ಹಲ್ಲು, ರದನ",Tooth
ದಂತ,"ವೈದ್ಯಕೀಯದಲ್ಲಿ, ಶಸ್ತ್ರಚಿಕಿತ್ಸೆಗಳು, ದಂತ ಶುಚಿಗೊಳಿಸುವಿಕೆಗಳು , ಲಸಿಕೆಗಳು, ಜನನ ನಿಯಂತ್ರಣ ಮತ್ತು ಹಲವಾರು ರೀತಿಯ ವಿಧಾನಗಳು ಮತ್ತು ಚಿಕಿತ್ಸೆಗಳ ಬಗ್ಗೆ ವಿವರಿಸಲು ಪದವಿ ರೋಗನಿರೋಧಕವನ್ನು ಬಳಸಲಾಗುತ್ತದೆ.",2,"ಹಲ್ಲು, ರದನ",Tooth
ದಂತ,ಶಕ್ತಿ ರೆಸಿಡೆನ್ಶಿಯಲ್ ಶಾಲೆ ಮತ್ತು ಶಕ್ತಿ ಪ ಪೂ ಕಾಲೇಜಿನ ವತಿಯಿಂದ ವಿದ್ಯಾರ್ಥಿಗಳಿಗೆ ದಂತ ತಪಾಸಣಾ ಶಿಬಿರ,2,"ಹಲ್ಲು, ರದನ",Tooth
ದಂತ,ವೈದ್ಯಕೀಯ ಮತ್ತು ದಂತ ವೈದ್ಯ ಕೋರ್ಸ್‌ಗೆ ಸೇರುವವರು ಈ ವರ್ಷ ರಾಜ್ಯ ಸರ್ಕಾರ ನಡೆಸುವ ಸಿಇಟಿ ಮತ್ತು ದೇಶವ್ಯಾಪಿ ನಡೆಯಲಿರುವ ನೀಟ್‌ (ರಾಷ್ಟ್ರೀಯ ಅರ್ಹತಾ ಪ್ರವೇಶ ಪರೀಕ್ಷೆ) ಎರಡನ್ನೂ ಬರೆಯುವುದು ಕಡ್ಡಾಯವಾಗಿದೆ.,2,"ಹಲ್ಲು, ರದನ",Tooth
ದಂತ,"ಸದ್ಯಕ್ಕೆ ಆಸ್ಪತ್ರೆಯಲ್ಲಿ ಸರ್ಜನ್, ಸ್ತ್ರೀರೋಗ ತಜ್ಞ, ಅರಿವಳಿಕೆ ತಜ್ಞ, ಕಣ್ಣಿನ ವೈದ್ಯರು ಹಾಗೂ ದಂತ ವೈದ್ಯರು ಮಾತ್ರ ಇಲ್ಲಿ ಕಾರ್ಯನಿರ್ವಹಿಸುತ್ತಿದ್ದು, ಮುಖ್ಯ ವೈದ್ಯ, ಮೂಳೆ ತಜ್ಞ, ಫಿಜಿಶಿ­ಯನ್, ಮಕ್ಕಳ ತಜ್ಞ, ಕಿವಿ, ಗಂಟಲು ತಜ್ಞ, ಸಾಮಾನ್ಯ ವೈದ್ಯಾಧಿಕಾರಿಗಳು (ಜಿಡಿಎಂಡಿ) ಹಾಗೂ ಮತ್ತೊಬ್ಬ ದಂತವೈದ್ಯ ಹಾಗೂ ಸ್ತ್ರೀರೋಗ ತಜ್ಞರ ಹುದ್ದೆಗಳು ಖಾಲಿ ಇವೆ.",2,"ಹಲ್ಲು, ರದನ",Tooth
ದಂತ,ದಂತ ಮತ್ತು ಬಾಯಿಯ ಸಮಸ್ಯೆಗಳು,2,"ಹಲ್ಲು, ರದನ",Tooth
ದಂತ,ದಂತ ಕ್ಷಯ ಸಹ ಸಂಪೂರ್ಣವಾಗಿ ಕ್ಲೀನ್ ಹಲ್ಲುಗಳಿಗೆ ಬೆಳೆಯಬಹುದು.,2,"ಹಲ್ಲು, ರದನ",Tooth
ದಂತ,"2013ರ ನವೆಂಬರ್‌ನಿಂದ ಗಾಜಿಯಾಬಾದ್‌ನ ದಸ್ನಾ ಜೈಲಿನಲ್ಲಿರುವ ತಲ್ವಾರ್ ದಂಪತಿ, ಜೈಲುವಾಸಿಗಳಿಗೆ ದಂತ ಚಿಕಿತ್ಸೆ ನೀಡುತ್ತಿದ್ದಾರೆ.",2,"ಹಲ್ಲು, ರದನ",Tooth
ದಂತ,ಬ್ರೀಡಿಂಗ್ ಅಂತರ ದಂತ ಸೂಕ್ಷ್ಮಜೀವಿಗಳನ್ನು ಪ್ರೇರೇಪಿಸುವ ಒಸಡಿನ ಉರಿಯೂತ ದಂತ ರೋಗ ಉಂಟುಮಾಡಬಹುದು.,2,"ಹಲ್ಲು, ರದನ",Tooth
ದಳ,"ದಾನ, ದಕ್ಷಿಣೆ ಕೊಡುವಾಗ ತುಳಸಿ ದಳ ಯಾಕೆ?",1,ಎಲೆ,Leaf
ದಳ,ಮುಂದಿನ ಈ ಅಂಟದಂತೆ ಉತ್ಪನ್ನದ ತಪ್ಪು ಬದಿಯಲ್ಲಿ ಪ್ರತಿ ದಳ ಕೋರ್ ಒಂದು ಹೂವಿನ ಆಯ್ಕೆ.,1,ಎಲೆ,Leaf
ದಳ,ಅದರಲ್ಲಿ ಒಂದು ಬೆಳಿಗ್ಗೆ ದುಂಡಗೆ ದಪ್ಪಗೆ ಬೆಳ್ಳಗೆ ದಳ ತೆರೆದು ಅರಳಿದ ಒಂದೇ ಒಂದು ಹೂವು ಕಾಣಿಸಿಕೊಂಡಿತು.,1,ಎಲೆ,Leaf
ದಳ,ಒಂದು ದಳ ಶ್ರೀತುಳಸಿಯಿಂದ ತೃಪ್ತನಾಗುವ ಕೃಷ್ಣನಂತೆಯೇ ಅಲ್ಲವೇ ಇತರ ದೇವರುಗಳೂ ಕೂಡಾ?,1,ಎಲೆ,Leaf
ದಳ,ರೈತರ ಆದಾಯವನ್ನು ದ್ವಿಗುಣಗೊಳಿಸಬೇಕಾದಲ್ಲಿ ಮೊದಲು ಭಾರತದ ಅತಿ ದೊಡ್ಡ ಕೃಷಿಯಾಗಿರುವ ದ್ವಿ ದಳ ಹಾಗೂ ಎಣ್ಣೆ ಕಾಳುಗಳ ಮಾರುಕಟ್ಟೆಯನ್ನು ದೇಶದ ಒಳಗೆ ಹಾಗೂ ಜಾಗತಿಕವಾಗಿ ವಿಸ್ತರಿಸುವ ನಿಟ್ಟಿನಲ್ಲಿ ಕ್ರಮ ಕೈಗೊಳ್ಳುವ ಅಗತ್ಯವಿದೆ.,1,ಎಲೆ,Leaf
ದಳ,"ನಕಲಿ ನಾಣ್ಯ ವದಂತಿ: ನಾಣ್ಯದ ಒಂದು ಬದಿಯಲ್ಲಿ ₹ ಚಿಹ್ನೆ ಇರದ, ದೊಡ್ಡದಾಗಿ 10 ಎಂದು ಬರೆದ, ಮೇಲ್ಭಾಗದಲ್ಲಿ 15 ತೆಳ್ಳಗಿನ ದಳ ಆಕಾರದ ಚಿಹ್ನೆಗಳಿದ್ದರೆ ಆ ನಾಣ್ಯ ನಕಲಿ ಎಂದು ವಾಟ್ಸ್‌ಆ್ಯಪ್‌ನಲ್ಲಿ ಕಿಡಿಗೇಡಿಗಳು ಸಂದೇಶ ರವಾನಿಸಿದ್ದರು.",1,ಎಲೆ,Leaf
ದಳ,ತುಳಸಿ ದಳ ಬಳಸಿ ರೇಡಿಯೇಷನ್​ನಿಂದ ರಕ್ಷಣೆ ಪಡೆಯಬಹುದು ಎಂಬ ವಿಚಾರವನ್ನು ಇದೇ ಮೊದಲ ಬಾರಿಗೆ ಬಹಿರಂಗಪಡಿಸುತ್ತಿರುವುದಾಗಿಯೂ ಬಾಬಾ ರಾಮದೇವ್ ಹೇಳಿದರು.,1,ಎಲೆ,Leaf
ದಳ,"ಸ್ನಾನ ಮಾಡುವ ನೀರಿಗೆ ಕೆಲವು ಹನಿ ಬಾದಾಮಿ ಎಣ್ಣೆ, ಗುಲಾಬಿ ಹೂವಿನ ದಳ ಮತ್ತು ಸ್ನಾನಕ್ಕೆಂದು ದೊರೆಯುವ ಉಪ್ಪನ್ನು ಬೆರೆಸಿ ಸ್ನಾನ ಮಾಡಬಹುದು.",1,ಎಲೆ,Leaf
ದಳ,"ಆರು ದಳಗಳು ಬಿಡಿಬಿಡಿ ಇದ್ದು ಹಿಂದಕ್ಕೆ ಮುದುರಿದಂತಿರುವುದು ಒಂದು ಬಗೆಯಾದರೆ, ಇನ್ನೊಂದು ದಳ ಅಗಲವಿದ್ದು ಒಂದಕ್ಕೊಂದು ಸೇರಿದಂತಿರುತ್ತದೆ.",1,ಎಲೆ,Leaf
ದಳ,"ಹೂವು, ದಳ ಅಥವಾ ಹೃದಯದ ರೂಪದಲ್ಲಿ ಮಾಡಿದ ಅತ್ಯಂತ ಸುಂದರವಾದ ನೋಟ ಸಂಯೋಜಿತ ಅಲಂಕಾರ.",1,ಎಲೆ,Leaf
ದಳ,"ಬೆಳಗಾದರೆ ಹಚ್ಚ ಹಸುರಿನ ಗಿಡದಲ್ಲಿ ಬೆಳ್ಳನೆಯ ದಳ ತೆರೆದು ಕಣ್ಣನ್ನು ತುಂಬುವ ಹೂವು, ಬಾನಗಲಕ್ಕೂ ಸಪ್ತವರ್ಣದ ಕಮಾನು ಕಟ್ಟುವ ಕಾಮನ ಬಿಲ್ಲು; ದಂಡುದುಂಡಾಗಿ, ಬೆಟ್ಟಬೆಟ್ಟವಾಗಿ ಆಕಾಶದ ನೀಲಿಯಲ್ಲಿ ದಟ್ಟೈಸುವ ಮೋಡಗಳು ಮಿಂಚು ಗುಡುಗುಗಳಿಂದ ಹುಟ್ಟಿಸುವ ಬೆರಗು ಭಯಗಳು; ಹಸುರು ಹುಲ್ಲಿನ ಮೇಲೆ ಕಿಡಿಕಿಡಿ ಮಿರುಗುವ ಅಸಂಖ್ಯಾತ ಹಿಮಮಣಿಗಳು- ಇತ್ಯಾದಿ ಇತ್ಯಾದಿ ಅನಂತ ಸಂಖ್ಯೆಯ ಸಂಗತಿಗಳು, ಆಶ್ಚರ್ಯಪೂರ್ವಕವಾದ ಅಘಟಿತ ಘಟನೆಗಳಂತೆ ತೋರುವುದರಿಂದ ಇವೆಲ್ಲವನ್ನೂ ಪವಾಡಗಳೆಂದೇ ಹೇಳಬಹುದಲ್ಲವೆ?",1,ಎಲೆ,Leaf
ದಳ,ಸಾವಿರ ಪುಷ್ಪಗಳಿಗೆ ಒಂದು ತುಳಸಿ ದಳ ಸಮವೆಂದು ನಂಬಿಕೆ.,1,ಎಲೆ,Leaf
ದಳ,"ಹಾಗಾಗಿ ಯಾವುದೇ ದಾನ ನೀಡುವುದಿದ್ದರೂ, ತುಳಸಿ ದಳ ಸಹಿತ ನೀಡಬೇಕು ಎನ್ನುತ್ತಾರೆ.",1,ಎಲೆ,Leaf
ದಳ,ಈ ತುಳಸಿ ಗಿಡಕ್ಕೆ ಆಧ್ಯಾತ್ಮಿಕವಾಗಿ ತುಳಸಿ ಮಾತೇ ಎಂದು ಕೂಡ ನಾವು ಕರೆಯುತ್ತೇವೆ ತುಳಸಿ ಮಾತೆಯ ಒಂದು ದಳ ಕೂಡ ಇಲ್ಲದೆ ಇದ್ದರೆ ಶ್ರೀ ಕೃಷ್ಣನ ಪೂಜೆ ಆಗುವುದಿಲ್ಲ ಶ್ರೀ ಕೃಷ್ಣನಿಗೆ ತುಳಸಿ ಇಲ್ಲದೆ ಪೂಜೆ ಸಲ್ಲದು ಎಂದು ಹೇಳುತ್ತಾರೆ.,1,ಎಲೆ,Leaf
ದಳ,ಪ್ರತಿ ಹೂವಿನ ದಳ ಪ್ರತ್ಯೇಕವಾಗಿ ಹೊಲಿದು ಇದೆ.,1,ಎಲೆ,Leaf
ದಳ,ಮೂರನೇ ಮನೆಮದ್ದು ಪುದಿನ ಕೊತ್ತಂಬರಿ ಸೊಪ್ಪು ಹಾಗೆ ತುಳಸಿ ದಳ ಈ ಮೂರನ್ನು ಸೇರಿಸಿ ರಸವನ್ನು ತೆಗೆದುಕೊಂಡು ಇದನ್ನು ವಾರದಲ್ಲಿ ಒಂದರಿಂದ ಎರಡು ಬಾರಿ ಕುಡಿದರೆ ತುಂಬಾ ಒಳ್ಳೆಯದು ಹಾಗೇನೇ ಕರಿಬೇವು ನುಗ್ಗೆಸೊಪ್ಪಿನ ನೀರನ್ನು ಸಹ ವಾರದಲ್ಲಿ ಒಂದರಿಂದ ಎರಡು ಬಾರಿ ಕುಡಿಯಿರಿ.,1,ಎಲೆ,Leaf
ದಳ,"ವಿಷೇಷ ಅಪರಾಧ ಪತ್ತೆ ದಳ ಪೊಲೀಸರಿಗೆ ದೊರೆತ ಖಚಿತ ಮಾಹಿತಿ ಮೇರೆಗೆ ಮೂಡುಬಿದ್ರೆ ತೋಡಾರ್ ನಿವಾಸಿ, ದನಕಳ್ಳತನ ಪ್ರಕರಣಗಳಲ್ಲಿ ತಲೆಮರೆಸಿಕೊಂಡಿದ್ದ ಆರೋಪಿ ಬಶೀರ್ ಯಾನೆ ಆರ್ಗಾ ಬಶೀರ್ ಎಂಬಾತನನ್ನು ಬಂಧಿಸಿದ್ದಾರೆ.",2,"ಪಡೆ, ಸೈನ್ಯ",Army
ದಳ,ಕಪ್ಪುಹಣದ ಮೇಲಿನ ವಿಶೇಷ ತನಿಖಾ ದಳ ಈಗಾಗಲೇ 3 ಲಕ್ಷ ರೂಪಾಯಿಗೂ ಹೆಚ್ಚಿನ ನಗದು ವಹಿವಾಟನ್ನು ನಿಷೇಧಿಸಬೇಕು.,2,"ಪಡೆ, ಸೈನ್ಯ",Army
ದಳ,ಆದಾಯಕ್ಕಿಂತ ಹೆಚ್ಚು ಆಸ್ತಿ ಗಳಿಕೆ ಆರೋಪದ ಮೇಲೆ ಕೆಐಎಡಿಬಿ ಮತ್ತು ಬಿಡಿಎ ಅಧಿಕಾರಿಗಳಿಬ್ಬರ ನಿವಾಸದ ಮೇಲೆ ಭ್ರಷ್ಟಾಚಾರ ನಿಗ್ರಹ ದಳ (ಎಸಿಬಿ) ಅಧಿಕಾರಿಗಳು ದಾಳಿ ನಡೆಸಿದ್ದಾರೆ.,2,"ಪಡೆ, ಸೈನ್ಯ",Army
ದಳ,ಮಡಿಕೇರಿ : ಚಿಪ್ಪುಹಂದಿಯನ್ನು ಅಕ್ರಮ ಬೇಟೆಯಾಡಿ ಕೊಂದು ಮಾರಾಟಕ್ಕೆ ಯತ್ನಿಸಿದ್ದ ಆರೋಪಿಗಳಿಬ್ಬರನ್ನು ವೀರಾಜಪೇಟೆ ಅರಣ್ಯ ದಳ ಪೊಲೀಸರು ಪತ್ತೆಹಚ್ಚಿ ತನಿಖೆ ನಡೆಸುತ್ತಿದ್ದಾರೆ.,2,"ಪಡೆ, ಸೈನ್ಯ",Army
ದಳ,ಧಾರವಾಡ ಜಿಲ್ಲೆಯ ನವಲಗುಂದ ತಾಲೂಕಿನ ಜಾವುರು ಗ್ರಾಮದಲ್ಲಿ ಸಿಲುಕಿದ್ದ ದಂಪತಿಗಳನ್ನ ಅಗ್ನಿ ಶಾಮಕ ದಳ ರಕ್ಷಣೆ ಮಾಡಿದೆ.,2,"ಪಡೆ, ಸೈನ್ಯ",Army
ದಳ,"ಮಹಾರಾಷ್ಟ್ರದ ವಿಚಾರವಾದಿ ಗೋವಿಂದ ಪನ್ಸಾರೆ ಅವರ ಕೊಲೆ ಪ್ರಕರಣದ ಕಿಂಗ್ ಪಿನ್ ಆಗಿರುವ ರುದ್ರೇಗೌಡ ಪಾಟೀಲ್‌ಗೆ ರಾಷ್ಟ್ರೀಯ ತನಿಖಾ ದಳ ರೆಡ್‌ಕಾರ್ನರ್ ನೋಟಿಸ್ ನೀಡಿದ್ದು, ಕಲ್ಬುರ್ಗಿ ಹತ್ಯೆಯಲ್ಲೂ ಈತನ ಕೈವಾಡ ಇರುವ ಬಲವಾದ ಶಂಕೆ ವ್ಯಕ್ತವಾಗಿದೆ.",2,"ಪಡೆ, ಸೈನ್ಯ",Army
ದಳ,": ಸಂಘ ಸಂಸ್ಥೆಗಳು ಹಾಗೂ ಜನರು ಸಾರ್ವಜನಿಕ ಸ್ಥಳಗಳಲ್ಲಿ ಗಣೇಶನ ವಿಗ್ರಹಗಳನ್ನು ಇಡಲು ಬಿಬಿಎಂಪಿ, ಬೆಸ್ಕಾಂ, ಅಗ್ನಿಶಾಮಕ ದಳ ಹಾಗೂ ಸಂಚಾರಿ ಪೊಲೀಸರಿಂದ ಅನುಮತಿ ಪತ್ರ ಪಡೆಯುವುದು ಕಡ್ಡಾಯ ಎಂದು ಪೊಲೀಸ್ ಪ್ರಕಟಣೆ ತಿಳಿಸಿದೆ.",2,"ಪಡೆ, ಸೈನ್ಯ",Army
ದಳ,: ಹೆಬ್ಬಲಸು ಮರದ ತುಂಡುಗಳನ್ನು ಅಕ್ರಮವಾಗಿ ಸಾಗಿಸುತ್ತಿದ್ದ ಪ್ರಕರಣವನ್ನು ಪತ್ತೆ ಹಚ್ಚಿರುವ ಕೊಡಗು ಜಿಲ್ಲಾ ಅಪರಾಧ ಪತ್ತೆ ದಳ ಒಟ್ಟು ೩.,2,"ಪಡೆ, ಸೈನ್ಯ",Army
ದಳ,"ಮಾಹಿತಿ ತಿಳಿದು ಸ್ಥಳಕ್ಕಾಗಮಿಸಿದ ಕಾಸರಗೋಡು ಅಗ್ನಿಶಾಮಕ ದಳ ಮತ್ತು ಪೊಲೀಸರು ಮೃತದೇಹವನ್ನು ಮೇಲಕ್ಕೆತ್ತಿ ಮಹಜರು ನಡೆಸಿದ್ದು ,ಮೃತದೇಹವನ್ನು ಮರಣೋತ್ತರ ಪರೀಕ್ಷೆಗಾಗಿ ಪರಿಯಾರಂ ವೈದ್ಯಕೀಯ ಕಾಲೇಜು, ಆಸ್ಪತ್ರೆಗೆ ಕೊಂಡೊಯ್ಯಲಾಗಿದೆ .",2,"ಪಡೆ, ಸೈನ್ಯ",Army
ದಳ,"ಮನೆಯಲ್ಲಿದ್ದ ಗೃಹಪಯೋಗಿ ವಸ್ತುಗಳು ಸಂಪೂರ್ಣ ಬೆಂಕಿಗಾಹುತಿಯಾಗಿದ್ದು, ಸ್ಥಳಕ್ಕೆ ಅಗ್ನಿಶಾಮಕ ದಳ ಸಿಬ್ಬಂದಿ ಭೇಟಿ ನೀಡಿ ಬೆಂಕಿ ನಂದಿಸುವ ಕಾರ್ಯ ನಡೆಸಿದ್ದಾರೆ.",2,"ಪಡೆ, ಸೈನ್ಯ",Army
ದಳ,ಶ್ವಾನ ದಳ,2,"ಪಡೆ, ಸೈನ್ಯ",Army
ದಳ,"ಈ ಸಂದರ್ಭದಲ್ಲಿ ಭಜರಂಗ ದಳ ಶ್ರೀರಾಮ ಸೇನಾದ, ಕಾರ್ಯಕರ್ತರು ಇದ್ದರು.",2,"ಪಡೆ, ಸೈನ್ಯ",Army
ದಳ,ಉಡುಪಿ: ಕರ್ನಾಟಕ ಪದವಿಪೂರ್ವ ಶಿಕ್ಷಣ ಇಲಾಖೆಯ ಬೆಂಗಳೂರು ಮಲ್ಲೇಶ್ವರಂನಲ್ಲಿರುವ ಕಚೇರಿಯಲ್ಲಿರುವ ಜಂಟಿ ನಿರ್ದೇಶಕರ ವಿರುದ್ಧ ಬೆಂಗಳೂರಲ್ಲಿರುವ ಭ್ರಚ್ಟಾಚಾರ ನಿಗ್ರಹ ದಳ (ಎಸಿಬಿ)ದ ಹೆಚ್ಚುವರಿ.,2,"ಪಡೆ, ಸೈನ್ಯ",Army
ದಳ,"ಬೆಂಗಳೂರು, ಜುಲೈ 22 : ಲೋಕಾಯುಕ್ತದಲ್ಲಿ ನಡೆದ ಲಂಚದ ಹಗರಣದ ತನಿಖೆ ನಡೆಸುತ್ತಿರುವ ವಿಶೇಷ ತನಿಖಾ ದಳ ಅಶೋಕ್ ಕುಮಾರ್ ಎಂಬುವವರನ್ನು ಬಂಧಿಸಿದೆ.",2,"ಪಡೆ, ಸೈನ್ಯ",Army
ದಳ,ಸ್ಥಳಕ್ಕೆ ದೌಡಾಯಿಸಿದ ಅಗ್ನಿಶಾಮಕ ದಳ,2,"ಪಡೆ, ಸೈನ್ಯ",Army
ದಳ,ರಾಷ್ಟ್ರೀಯ ವಿಪತ್ತು ದಳ ಮತ್ತು ರಾಜ್ಯ ವಿಪತ್ತು ದಳ ಜಂಟಿಯಾಗಿ ಮಾಡಿದ ಕಾರ್ಯಾಚರಣೆಯಿಂದ ಪುಟ್ಟ ಬಾಲಕಿ ಸನಾಳ ಜೀವ ಉಳಿದಿದೆ.,2,"ಪಡೆ, ಸೈನ್ಯ",Army
ದಳ,"ಕುಸಿದು ಬಿದ್ದ ಅವಶೇಷಗಳಡಿಯಲ್ಲಿ ಸಿಲುಕಿದ್ದ ವರನ್ನು ಅಗ್ನಿಶಾಮಕ ದಳ , ಸ್ಥಳೀಯರು , ಪೊಲೀಸರು ಹೊರತೆಗೆದು ಆಸ್ಪತ್ರೆಗೆ ಸಾಗಿಸಿದರು.",2,"ಪಡೆ, ಸೈನ್ಯ",Army
ದಳ,"ನಿನ್ನೆ ಮಧ್ಯಾಹ್ನ ಪಾತನಡ್ಕದ ಕೊಳದ ಬದಿಯಲ್ಲಿ ಪ್ರಶಾಂತರ ಕಾರು, ಚಪ್ಪಲಿ ಕಂಡು ಬಂದಿದ್ದು, ಸ್ಥಳೀಯರು ಶಂಕೆಗೊಂಡು ನೀಡಿದ ಮಾಹಿತಿಯಂತೆ ಅಗ್ನಿಶಾಮಕ ದಳ ಹಾಗೂ ಊರವರು ಸೇರಿ ನಡೆಸಿದ ಪರಿಶೀಲನೆಯಲ್ಲಿ ಮೃತದೇಹ ಕಂಡು ಬಂದಿದೆ.",2,"ಪಡೆ, ಸೈನ್ಯ",Army
ದಳ,"ಇನ್ನು ಸ್ಥಳಕ್ಕೆ ಅಗ್ನಿಶಾಮಕ ದಳ ಮತ್ತು ಚಿಕ್ಕಜಾಲ ಪೊಲೀಸರು ಆಗಮಿಸಿ, ಪರಿಶೀಲನೆ ನಡೆಸಿದ್ದಾರೆ.",2,"ಪಡೆ, ಸೈನ್ಯ",Army
ದಳ,"ನವದೆಹಲಿ: ಕರ್ನಾಟದ ಗೋರಕ್ಷಾ ದಳ ಪ್ರಧಾನಿ ನರೇಂದ್ರ ಮೋದಿಗೆ ಪತ್ರ ಬರೆದಿದ್ದು, ಗೋಹತ್ಯೆಯಲ್ಲಿ ತೊಡಗಿರುವವರಿಗೆ ಕಠಿಣ ಶಿಕ್ಷೆ ವಿಧಿಸಬೇಕೆಂದು ಮನವಿ ಮಾಡಿದೆ.",2,"ಪಡೆ, ಸೈನ್ಯ",Army
ದಳ,"ಸ್ಥಳದಲ್ಲಿ ಬಾಂಬ್ ಪತ್ತೆ ದಳ ಹಾಗೂ ಶ್ವಾನ ದಳ ಆಗಮಿಸಿದ್ದು, ಶೋಧ ಕಾರ್ಯ ನಡೆಸುತ್ತಿವೆ.",2,"ಪಡೆ, ಸೈನ್ಯ",Army
ದಳ,ಬೆಂಕಿ ಅವಘಡ ಕುರಿತು ಜಾಗೃತಿ: ಸರ ಸ್ವತಿಪುರಂ ಅಗ್ನಿಶಾಮಕ ದಳ ಅಧಿಕಾರಿ ಸೋಮಶೇಖರ್ ಅವರು ಸಾರ್ವಜನಿಕ ಆಸ್ತಿಪಾಸ್ತಿಗೆ ಬೆಂಕಿ ತಗುಲಿದರೆ ಸಾಧ್ಯ ವಾದಷ್ಟು ನಂದಿಸಲು ಪ್ರಯತ್ನಿಸಬೇಕು.,2,"ಪಡೆ, ಸೈನ್ಯ",Army
ದಳ,"ಬ್ರೆಸ್ಟ್ ಫೋರ್ಟ್ರೆಸ್, 1941, ರಕ್ಷಣೆ ಒಂಭತ್ತು ಸೋವಿಯತ್ ಬೆಟಾಲಿಯನ್ಗಳು, ಎರಡು ಫಿರಂಗಿ ದಳ ಮತ್ತು ಪ್ರತ್ಯೇಕ ಘಟಕಗಳು ಹೆಗಲ ಮೇಲೆ ಬಿದ್ದಿತು.",2,"ಪಡೆ, ಸೈನ್ಯ",Army
ದಳ,"ನವದೆಹಲಿ, ಜನವರಿ 23: ಭೂಗತ ಪಾತಕಿ ಛೋಟಾ ರಾಜನ್ ವಿರುದ್ಧ ಕೇಂದ್ರೀಯ ತನಿಖಾ ದಳ (ಸಿಬಿಐ) ಮೂರು ಹೊಸ ಪ್ರಕರಣಗಳನ್ನು ದಾಖಲಿಸಲಾಗಿದೆ.",2,"ಪಡೆ, ಸೈನ್ಯ",Army
ದಳ,ಬಾಂಬ್ ನಿಷ್ಕ್ರಿಯ ದಳ ಹಾಗೂ ರಿಜರ್ವ್ ಪೋಲಿಸ್ ತುಕಡಿಗಳಿದ್ದು ಯಾತ್ರಾರ್ಥಿಗಳ ಸುರಕ್ಷಿತೆಯ ಹೊಣೆ ನಿರ್ವಹಿಸಲಿರುವರು.,2,"ಪಡೆ, ಸೈನ್ಯ",Army
ದಳ,"ವಿಶ್ವ ಹಿಂದೂ ಪರಿಷತ್‌, ಭಜರಂಗ ದಳ ಹಾಗೂ ಸ್ಥಳೀಯ ಸ್ವಯಂ ಘೋಷಿತ ಗೋರಕ್ಷಕರು ಈ ದಾಳಿಗಳನ್ನು ನಡೆಸಿದ್ದಾರೆ.",2,"ಪಡೆ, ಸೈನ್ಯ",Army
ದಳ,"ಮಾತ್ರವಲ್ಲದೇ, ರಾಷ್ಟ್ರೀಯ ತನಿಖಾ ದಳ ತಮಿಳುನಾಡು, ಕೇರಳ, ಕಾಸರ ಗೋಡು ಹಾಗೂ ಕಣ್ಣೂರಿನಲ್ಲಿ ಕೆಲವು ಶಂಕಿತರ ಮನೆಗಳ ಮೇಲೆ ದಾಳಿ ನಡೆ ಸಿದೆ.",2,"ಪಡೆ, ಸೈನ್ಯ",Army
ದಳ,"ರಕ್ಷಣಾ ಕಾರ್ಯಾಚರಣೆ ನಡೆಸಿದ ಅಗ್ನಿಶಾಮಕ ದಳ ಸಿಬ್ಬಂದಿ, ಪೊಲೀಸ್ ಅಧಿಕಾರಿಗಳಿಗೆ ಧನ್ಯವಾದ ತಿಳಿಸದರು.",2,"ಪಡೆ, ಸೈನ್ಯ",Army
ದಳ,"ಕೊಡಗಿನಲ್ಲಿ ಮಳೆ ಕಡಿಮೆಯಾಗಿದ್ದರೂ, ಜನಜೀವನ ಅಸ್ತವ್ಯಸ್ತಗೊಂಡಿದ್ದು, ಜಿಲ್ಲಾ ಉಸ್ತುವಾರಿ ಸಚಿವರು, ಜಿಲ್ಲಾ ಉಸ್ತುವಾರಿ ಕಾರ್ಯದರ್ಶಿಗಳು, ಅಗ್ನಿ ಶಾಮಕ ದಳ ಡಿಜಿಪಿ, ಇಬ್ಬರು ಎಡಿಜಿಪಿಗಳು, ಇಬ್ಬರು ಹೆಚ್ಚುವರಿ ಮುಖ್ಯ ಕಾರ್ಯದರ್ಶಿಗಳು ಸ್ಥಳದಲ್ಲೇ ಮೊಕ್ಕಾಂ ಮಾಡಿ, ಪರಿಹಾರ ಕಾರ್ಯನಿರ್ವಹಿಸುತ್ತಿದ್ದಾರೆ",2,"ಪಡೆ, ಸೈನ್ಯ",Army
ದಳ,"ಕಾಶ್ಮೀರ ವಿಚಾರದಲ್ಲಿ ಕೇಂದ್ರ ಸರಕಾರ ಕೈಗೊಂಡ ನಿರ್ಧಾರದ ಬಳಿಕ ಕಾಶ್ಮೀರಕ್ಕೆ ಭೇಟಿ ನೀಡಿದ ದೋವೆಲ್, ಸೇನೆ, ಗುಪ್ತಚರ ದಳ ಹಾಗೂ ಪೊಲೀಸ್‌ ಇಲಾಖೆಯ ಹಿರಿಯ ಅಧಿಕಾರಿಗಳ ಜತೆ ಸಭೆ ನಡೆಸಿ ಭದ್ರತಾ ಪರಿಶೀಲನೆ ನಡೆಸಿದರು.",2,"ಪಡೆ, ಸೈನ್ಯ",Army
ದಳ,"ಈ ಪ್ರಕರಣದಲ್ಲೂ ಪಿಎಫ್‍ಐ ಸಂಘಟನೆ ಇದ್ದಿರುವ ಸಾಧ್ಯತೆ ಇದ್ದು, ತನಿಖಾ ದಳ ಈ ಪ್ರಕರಣವನ್ನು ಗಂಭೀರವಾಗಿ ಪರಿಗಣಿಸಬೇಕಿದೆ.",2,"ಪಡೆ, ಸೈನ್ಯ",Army
ದಳ,"ಘಟನಾ ಸ್ಥಳಕ್ಕೆ ದೌಡಾಯಿಸಿದ ಪೊಲೀಸರು, ಅಗ್ನಿ ಶಾಮಕ ದಳ ಸಿಬ್ಬಂದಿಗಳು ಜನರನ್ನು ನಿಯಂತ್ರಿಸಲು ಹರಸಾಹಸಪಟ್ಟರು.",2,"ಪಡೆ, ಸೈನ್ಯ",Army
ದಳ,ವರದರಾಜನ್‌ ಅವರು ಭಾಗವಹಿಸಿ ಜನರ ಸೇವೆಯೇ ನಮ್ಮ ಮುಖ್ಯ ಕರ್ತ್ಯವ್ಯ ಎಂಬ ಮನೋಭಾವದಿಂದ ಸೇವೆ ಸಲ್ಲಿಸುತ್ತಿರುವ ಗೃಹರಕ್ಷಕ ದಳ ಹಾಗೂ ಸಮಾಜದ ಸ್ವಾಸ್ಥ ಕಾಪಾಡುವಲ್ಲಿ ಗೃಹರಕ್ಷಕ ದಳದ ಕಾರ್ಯ ಶ್ಲಾಘನೀಯ ಎಂದರು.,2,"ಪಡೆ, ಸೈನ್ಯ",Army
ದಳ,"ಪ್ರತಿ ಕೆರೆಗಳಲ್ಲಿ ಯಾವುದೇ ಅಹಿತಕರ ಘಟನೆ ಉಂಟಾಗದಂತೆ, ಅಗ್ನಿಶಾಮಕ ದಳ ಸಿಬ್ಬಂದಿಗಳನ್ನು ನಿಯೋಜಿಸಲಾಗಿದೆ.",2,"ಪಡೆ, ಸೈನ್ಯ",Army
ನರ,"ನಮ್ಮ ಪರವಾಗಿ ಶತಕೋಟಿ ನರ ಕೋಶಗಳು ಕಾರ್ಯನಿರ್ವಹಿಸುತ್ತಿವೆ, ಬುದ್ಧಿವಂತಿಕೆಯಿಂದ ಯೋಚಿಸಲು, ಮಾಹಿತಿಯನ್ನು ಪ್ರಕ್ರಿಯೆಗೊಳಿಸಲು ಮತ್ತು ನಿರ್ಧಾರಗಳನ್ನು ತೆಗೆದುಕೊಳ್ಳಲು ನಮಗೆ ಅನುವು ಮಾಡಿಕೊಡುತ್ತದೆ.",1,"ಅವಯವಗಳಿಂದ ಸಂವೇದನೆಗಳನ್ನೂ, ಮೆದುಳಿನಿಂದ ಅವಯವಗಳಿಗೆ ಸೂಚನೆಗಳನ್ನು ಒಯ್ಯುವ - ತಂತು, ಸೆರೆ",Nerve
ನರ,"ಕೇಂದ್ರ ನರ ವ್ಯವಸ್ಥೆಯ ರೋಗ ಮಕ್ಕಳು - ತಜ್ಞರು ಅವುಗಳಲ್ಲಿ, Sevoran ಅಸ್ತಿತ್ವದ ಸಮಯದಲ್ಲಿ ಔಷಧ ಮಕ್ಕಳ ದೊಡ್ಡ ಸಂಖ್ಯೆಯಲ್ಲಿ ಚಿಕಿತ್ಸೆ ಗಮನಿಸಿ.",1,"ಅವಯವಗಳಿಂದ ಸಂವೇದನೆಗಳನ್ನೂ, ಮೆದುಳಿನಿಂದ ಅವಯವಗಳಿಗೆ ಸೂಚನೆಗಳನ್ನು ಒಯ್ಯುವ - ತಂತು, ಸೆರೆ",Nerve
ನರ,ದೇಹದ (ಫೀನೈಲ್ಕೀನೋಟ್ಯೂರಿಯ) ವಿಷ ವಸ್ತುಗಳನ್ನು ಕ್ರೋಢೀಕರಣ ಅನುವಂಶೀಯ ನರ ಹಾನಿ.,1,"ಅವಯವಗಳಿಂದ ಸಂವೇದನೆಗಳನ್ನೂ, ಮೆದುಳಿನಿಂದ ಅವಯವಗಳಿಗೆ ಸೂಚನೆಗಳನ್ನು ಒಯ್ಯುವ - ತಂತು, ಸೆರೆ",Nerve
ನರ,ಅತ್ಯಂತ ಸೂಕ್ಷ್ಮ ನರ ಮತ್ತು ನಿರ್ನಾಳ ಸಿಸ್ಟಮ್ಸ್.,1,"ಅವಯವಗಳಿಂದ ಸಂವೇದನೆಗಳನ್ನೂ, ಮೆದುಳಿನಿಂದ ಅವಯವಗಳಿಗೆ ಸೂಚನೆಗಳನ್ನು ಒಯ್ಯುವ - ತಂತು, ಸೆರೆ",Nerve
ನರ,ನರ ಮತ್ತು ಒತ್ತಡ ಸಂಬಂಧಿ ಪರಿಸ್ಥಿತಿಗಳಲ್ಲಿ ಅತ್ಯಂತ ಪ್ರಯೋಜನಕಾರಿಯಾಗಿ ಬಳಸಲ್ಪಡುತ್ತದೆ.,1,"ಅವಯವಗಳಿಂದ ಸಂವೇದನೆಗಳನ್ನೂ, ಮೆದುಳಿನಿಂದ ಅವಯವಗಳಿಗೆ ಸೂಚನೆಗಳನ್ನು ಒಯ್ಯುವ - ತಂತು, ಸೆರೆ",Nerve
ನರ,"ಮೆದುಳಿನ ಸಂಭವಿಸುವ ನರ ಸಂಪರ್ಕಗಳನ್ನು, ಅಂದರೆ, ಆಲೋಚನೆಗಳು ನರಮಂಡಲದ ವಾಸ್ತವ ಘಟನೆ ರೀತಿಯಲ್ಲಿ ಉತ್ತೇಜಿಸುತ್ತದೆ.",1,"ಅವಯವಗಳಿಂದ ಸಂವೇದನೆಗಳನ್ನೂ, ಮೆದುಳಿನಿಂದ ಅವಯವಗಳಿಗೆ ಸೂಚನೆಗಳನ್ನು ಒಯ್ಯುವ - ತಂತು, ಸೆರೆ",Nerve
ನರ,"ಮಾನವ ಶಕ್ತಿ, ಇದು ನರ ಮತ್ತು ಸ್ನಾಯು ಶಕ್ತಿ ಸಂಗ್ರಹವಾಗಿದೆ, ಸಾಮರಸ್ಯ ಅಭಿವೃದ್ಧಿ ಮತ್ತು ನಮ್ಮ ಜೀವನಾಧಾರ ಪ್ರಚಾರ.",1,"ಅವಯವಗಳಿಂದ ಸಂವೇದನೆಗಳನ್ನೂ, ಮೆದುಳಿನಿಂದ ಅವಯವಗಳಿಗೆ ಸೂಚನೆಗಳನ್ನು ಒಯ್ಯುವ - ತಂತು, ಸೆರೆ",Nerve
ನರ,"ವಿಶೇಷವಾಗಿ ಜಠರದುರಿತ, ಅಧಿಕ ರಕ್ತದೊತ್ತಡ, ಬಳಲಿಕೆ, ರಕ್ತಹೀನತೆ, ಮಧುಮೇಹ ಮತ್ತು enterocolitis ಫಾರ್ ನರ ಮತ್ತು ಹೃದಯರಕ್ತನಾಳದ ವ್ಯವಸ್ಥೆಯ ಕಾಯಿಲೆಗಳನ್ನು, ಅವುಗಳನ್ನು ಬಳಸಲು ಶಿಫಾರಸು.",1,"ಅವಯವಗಳಿಂದ ಸಂವೇದನೆಗಳನ್ನೂ, ಮೆದುಳಿನಿಂದ ಅವಯವಗಳಿಗೆ ಸೂಚನೆಗಳನ್ನು ಒಯ್ಯುವ - ತಂತು, ಸೆರೆ",Nerve
ನರ,ಸಾಮಾನ್ಯವಾಗಿ ನರ ಬೇರುಗಳು ಎಂದು ಕರೆಯಲ್ಪಡುವ ಡರ್ಮಟೊಮ್ಗಳು ನಿಮ್ಮ ನರಮಂಡಲದ ಬಗ್ಗೆ ನಿಮ್ಮ ಚರ್ಮದಲ್ಲಿ ಭಾವನೆ ಮೂಡಿಸುವ ಬಗ್ಗೆ ಮಾಹಿತಿಯನ್ನು ನೀಡುತ್ತದೆ.,1,"ಅವಯವಗಳಿಂದ ಸಂವೇದನೆಗಳನ್ನೂ, ಮೆದುಳಿನಿಂದ ಅವಯವಗಳಿಗೆ ಸೂಚನೆಗಳನ್ನು ಒಯ್ಯುವ - ತಂತು, ಸೆರೆ",Nerve
ನರ,"ಕೆಲವು ತಜ್ಞರು ಚಿತ್ತ, ಚೇತರಿಕೆ, ಯುದ್ಧ ನಿದ್ರಾಹೀನತೆ ಮತ್ತು ನರ ಜೀವಕೋಶಗಳ ಸಾಮಾನ್ಯ ಸೆಟ್ ಮೀನು ತಿನ್ನುವ ಶಿಫಾರಸು.",1,"ಅವಯವಗಳಿಂದ ಸಂವೇದನೆಗಳನ್ನೂ, ಮೆದುಳಿನಿಂದ ಅವಯವಗಳಿಗೆ ಸೂಚನೆಗಳನ್ನು ಒಯ್ಯುವ - ತಂತು, ಸೆರೆ",Nerve
ನರ,"ದೇಹಕ್ಕೆ ಪ್ರವೇಶಿಸಿ, ವೈರಸ್ ತ್ವರಿತವಾಗಿ ಅಂಗಾಂಶ ತಡೆಗಳನ್ನು ಮೀರಿಸುತ್ತದೆ, ಮತ್ತು ರಕ್ತ ಮತ್ತು ದುಗ್ಧರಸಕ್ಕೆ ಒಳಗಾಗುತ್ತದೆ, ಎಲ್ಲಾ ಆಂತರಿಕ ಅಂಗಗಳ ಮೂಲಕ ಹರಡುತ್ತದೆ, ನರ ತುದಿಗಳಿಗೆ ವ್ಯಾಪಿಸುತ್ತದೆ, ಇದು DNA ಗೆ ಪರಿಚಯಿಸಲ್ಪಟ್ಟಿದೆ.",1,"ಅವಯವಗಳಿಂದ ಸಂವೇದನೆಗಳನ್ನೂ, ಮೆದುಳಿನಿಂದ ಅವಯವಗಳಿಗೆ ಸೂಚನೆಗಳನ್ನು ಒಯ್ಯುವ - ತಂತು, ಸೆರೆ",Nerve
ನರ,"ಆಮ್ಲಜನಕ ಮತ್ತು ಪೋಷಕಾಂಶಗಳ ದೀರ್ಘಕಾಲದ ಪೂರೈಕೆಯು ದೀರ್ಘಾವಧಿಯ ರಕ್ತದೊತ್ತಡವನ್ನು ಉಂಟುಮಾಡುತ್ತದೆ, ಇದು ನರ ಕೋಶಗಳ ಸಾವು ಮತ್ತು ಮೆದುಳಿನ ಅಸಮರ್ಪಕ ಕ್ರಿಯೆಗಳನ್ನು ಪ್ರೇರೇಪಿಸುತ್ತದೆ ಮತ್ತು ಮೆದುಳಿನ ಅಂಗಾಂಶಕ್ಕೆ ರಕ್ತದ ಹರಿವಿನ ಹಠಾತ್ ಉಲ್ಲಂಘನೆಯು ಒಂದು ಸ್ಟ್ರೋಕ್ಗೆ ಕಾರಣವಾಗುತ್ತದೆ.",1,"ಅವಯವಗಳಿಂದ ಸಂವೇದನೆಗಳನ್ನೂ, ಮೆದುಳಿನಿಂದ ಅವಯವಗಳಿಗೆ ಸೂಚನೆಗಳನ್ನು ಒಯ್ಯುವ - ತಂತು, ಸೆರೆ",Nerve
ನರ,ಮತ್ತು ಮಾನವರ ಮತ್ತು ಪ್ರಾಣಿಗಳ ಒಂದು ಸಂಪೂರ್ಣವಾಗಿ ಬೇಷರತ್ತಾದ ಪ್ರತಿಕ್ರಿಯೆಗಳು ಪರಿಸರದ ಕೆಲವು ಕೆರಳಿಕೆಯನ್ನು ನರ ವ್ಯವಸ್ಥೆಯನ್ನು ಪ್ರಾಮುಖ್ಯತೆಯನ್ನು ಏನು?,1,"ಅವಯವಗಳಿಂದ ಸಂವೇದನೆಗಳನ್ನೂ, ಮೆದುಳಿನಿಂದ ಅವಯವಗಳಿಗೆ ಸೂಚನೆಗಳನ್ನು ಒಯ್ಯುವ - ತಂತು, ಸೆರೆ",Nerve
ನರ,"ಆದರೆ ರೋಗಿಗಳು ಮತ್ತು ದಂತವೈದ್ಯರು ನೀವು ಸತ್ತ ನರ ತೆಗೆದು ಹಲ್ಲಿನಲ್ಲಿರುವ ಬಿಳುಪುಗೊಳಿಸುವಲ್ಲಿ ಬಯಸಿದರೆ, ನೀವು ವ್ಯರ್ಥವಾಗಿ ಸಮಯ ವ್ಯರ್ಥ ಎಂದು ಹೇಳುತ್ತಾರೆ.",1,"ಅವಯವಗಳಿಂದ ಸಂವೇದನೆಗಳನ್ನೂ, ಮೆದುಳಿನಿಂದ ಅವಯವಗಳಿಗೆ ಸೂಚನೆಗಳನ್ನು ಒಯ್ಯುವ - ತಂತು, ಸೆರೆ",Nerve
ನರ,ಅನಾವಶ್ಯಕವಾಗಿ ಬೊಜ್ಜು ಬೆಳೆಯುವುದು ಚರ್ಮದ ಸುಕ್ಕುಗಳು ಅಥವಾ ನಮ್ಮ ದೇಹದ ನರ ವ್ಯವಸ್ಥೆ ಸುಧಾರಿಸುವುದು ಹಾಗೆಯೇ ಮಾಂಸಖಂಡಗಳನ್ನು ಬಲಪಡಿಸುತ್ತದೆ ನಮ್ಮ ಜೀರ್ಣ ವ್ಯವಸ್ಥೆ ಸುಧಾರಣೆ ಮಾಡುತ್ತದೆ,1,"ಅವಯವಗಳಿಂದ ಸಂವೇದನೆಗಳನ್ನೂ, ಮೆದುಳಿನಿಂದ ಅವಯವಗಳಿಗೆ ಸೂಚನೆಗಳನ್ನು ಒಯ್ಯುವ - ತಂತು, ಸೆರೆ",Nerve
ನರ,ನರ ಕೋಶದ ಕಾರ್ಯಚಟುವಟಿಕೆಯನ್ನು ಪುನಃಸ್ಥಾಪಿಸಲು ಸಹಾಯ ಮಾಡುವ 3 ಸಪ್ಲಿಮೆಂಟ್ಸ್,1,"ಅವಯವಗಳಿಂದ ಸಂವೇದನೆಗಳನ್ನೂ, ಮೆದುಳಿನಿಂದ ಅವಯವಗಳಿಗೆ ಸೂಚನೆಗಳನ್ನು ಒಯ್ಯುವ - ತಂತು, ಸೆರೆ",Nerve
ನರ,"ಈ ಪ್ರಕ್ರಿಯೆಯು ನರಗಳ ದೌರ್ಬಲ್ಯಕ್ಕೆ ಕಾರಣವಾಗುತ್ತದೆ, ಇದು ನರ ಕೋಶಗಳ ನಡುವೆ ಸಂವಹನವನ್ನು ತೀವ್ರವಾಗಿ ಅಡ್ಡಿಪಡಿಸುತ್ತದೆ.",1,"ಅವಯವಗಳಿಂದ ಸಂವೇದನೆಗಳನ್ನೂ, ಮೆದುಳಿನಿಂದ ಅವಯವಗಳಿಗೆ ಸೂಚನೆಗಳನ್ನು ಒಯ್ಯುವ - ತಂತು, ಸೆರೆ",Nerve
ನರ,"ಈ ವ್ಯಾಖ್ಯಾನವು, ಸ್ವಲ್ಪ ತಪ್ಪು ಇದು ಅತ್ಯಂತ ನರ ತುದಿಗಳಿಂದ ಇಲ್ಲದಿರುವುದರಿ, ಅದನ್ನು ಮುಚ್ಚಲಾಗುತ್ತದೆ ಮಾತ್ರ ಚಿಪ್ಪುಗಳನ್ನು ಇವೆ.",1,"ಅವಯವಗಳಿಂದ ಸಂವೇದನೆಗಳನ್ನೂ, ಮೆದುಳಿನಿಂದ ಅವಯವಗಳಿಗೆ ಸೂಚನೆಗಳನ್ನು ಒಯ್ಯುವ - ತಂತು, ಸೆರೆ",Nerve
ನರ,ಸ್ವಲ್ಪ ನೀರು ಕುಡಿದು ದೀರ್ಘವಾಗಿ ಉಸಿರಾಡಿ ಮತ್ತು ನಿಮ್ಮ ನರ ವ್ಯವಸ್ಥೆಯನ್ನು ಶಾಂತಗೊಳಿಸಿ.,1,"ಅವಯವಗಳಿಂದ ಸಂವೇದನೆಗಳನ್ನೂ, ಮೆದುಳಿನಿಂದ ಅವಯವಗಳಿಗೆ ಸೂಚನೆಗಳನ್ನು ಒಯ್ಯುವ - ತಂತು, ಸೆರೆ",Nerve
ನರ,"ಹೇಗಾದರೂ, ರಾಶ್ ಒಂದು ಡರ್ಮಟೊಮಲ್ ವಿತರಣೆ ಎಂದು ಕರೆಯಲ್ಪಡುವ ಮೇಲೆ ಹರಡುತ್ತದೆ, ಅಂದರೆ ಒಂದು ನಿರ್ದಿಷ್ಟ ನರ ಮೂಲದಿಂದ ನರಗಳ ಚರ್ಮದ ಪ್ರದೇಶ.",1,"ಅವಯವಗಳಿಂದ ಸಂವೇದನೆಗಳನ್ನೂ, ಮೆದುಳಿನಿಂದ ಅವಯವಗಳಿಗೆ ಸೂಚನೆಗಳನ್ನು ಒಯ್ಯುವ - ತಂತು, ಸೆರೆ",Nerve
ನರ,"ಹೀರಿಕೊಳ್ಳುವ ಆಫ್ ಉಪದ್ರವಕಾರಿಗಳನ್ನು ಸಹಾಯ ಋಣಾತ್ಮಕ ಪರಿಣಾಮಗಳಿಂದ ಮ್ಯೂಕಸ್ ಇದೆ ನರ ತುದಿಗಳಿಂದ, ರಕ್ಷಿಸಿ.",1,"ಅವಯವಗಳಿಂದ ಸಂವೇದನೆಗಳನ್ನೂ, ಮೆದುಳಿನಿಂದ ಅವಯವಗಳಿಗೆ ಸೂಚನೆಗಳನ್ನು ಒಯ್ಯುವ - ತಂತು, ಸೆರೆ",Nerve
ನರ,ರೋಗದ ಸಂಭವ ಇದು ಒಂದು ಸಾಂದರ್ಭಿಕ ರೋಗನಿರ್ಣಯ ಮಾಡಲು ಅಗತ್ಯ ನರಶೂಲೆಯ ಮುಖದ ನರ ಕೋಶದಿಂದ ಹಲ್ಲಿನ ಅಥವಾ ಸೈನುಟಿಸ್ ಇತರ ರೂಪ.,1,"ಅವಯವಗಳಿಂದ ಸಂವೇದನೆಗಳನ್ನೂ, ಮೆದುಳಿನಿಂದ ಅವಯವಗಳಿಗೆ ಸೂಚನೆಗಳನ್ನು ಒಯ್ಯುವ - ತಂತು, ಸೆರೆ",Nerve
ನರ,ಒಂದು ನರ ಹಾಯಿಸುವಿಕೆ ಮಾನವ ದೇಹದ ವಿವಿಧ ಭಾಗಗಳಲ್ಲಿ ಸಂಭವಿಸಬಹುದು.,1,"ಅವಯವಗಳಿಂದ ಸಂವೇದನೆಗಳನ್ನೂ, ಮೆದುಳಿನಿಂದ ಅವಯವಗಳಿಗೆ ಸೂಚನೆಗಳನ್ನು ಒಯ್ಯುವ - ತಂತು, ಸೆರೆ",Nerve
ನರ,ಕ್ಷೀಣಿಸುವಂತೆ ಆಪ್ಟಿಕ್ ನರ ಮತ್ತು ಅಕ್ಷಿಪಟಲದ ಪ್ರದೇಶದಲ್ಲಿ ಸ್ಪಾಟ್.,1,"ಅವಯವಗಳಿಂದ ಸಂವೇದನೆಗಳನ್ನೂ, ಮೆದುಳಿನಿಂದ ಅವಯವಗಳಿಗೆ ಸೂಚನೆಗಳನ್ನು ಒಯ್ಯುವ - ತಂತು, ಸೆರೆ",Nerve
ನರ,ನರ ದೋಷಗಳನ್ನು ತಡೆಗಟ್ಟಲು ಬೇಳೆಗಳನ್ನು ಮೊದಲ ತ್ರೈಮಾಸಿಕದಲ್ಲಿ ಸಾಮಾನ್ಯಕ್ಕಿಂತ ಹೆಚ್ಚಿನ ಪ್ರಮಾಣದಲ್ಲಿ ಸೇವನೆ ಮಾಡಲು ಶಿಫಾರಸು ಮಾಡಲಾಗಿದೆ.,1,"ಅವಯವಗಳಿಂದ ಸಂವೇದನೆಗಳನ್ನೂ, ಮೆದುಳಿನಿಂದ ಅವಯವಗಳಿಗೆ ಸೂಚನೆಗಳನ್ನು ಒಯ್ಯುವ - ತಂತು, ಸೆರೆ",Nerve
ನರ,ಸೋಂಕಿತ ಪ್ರಾಣಿ ಅಥವಾ ಮಾನವರ ನರ ಜೀವಕೋಶಗಳಲ್ಲಿ ಉರಿಯೂತವು ಹೆಚ್ಚಿನ ಸಾಂದ್ರತೆಗಳಲ್ಲಿ ಕಂಡುಬರುತ್ತದೆ.,1,"ಅವಯವಗಳಿಂದ ಸಂವೇದನೆಗಳನ್ನೂ, ಮೆದುಳಿನಿಂದ ಅವಯವಗಳಿಗೆ ಸೂಚನೆಗಳನ್ನು ಒಯ್ಯುವ - ತಂತು, ಸೆರೆ",Nerve
ನರ,ಟ್ರಾನ್ಸ್ಕ್ಯುಟನಿಯಸ್ ಎಲೆಕ್ಟ್ರಿಕಲ್ ನರ ಸ್ಟಿಮ್ಯುಲೇಷನ್ (TENS),1,"ಅವಯವಗಳಿಂದ ಸಂವೇದನೆಗಳನ್ನೂ, ಮೆದುಳಿನಿಂದ ಅವಯವಗಳಿಗೆ ಸೂಚನೆಗಳನ್ನು ಒಯ್ಯುವ - ತಂತು, ಸೆರೆ",Nerve
ನರ,ಯಾಕೆಂದರೆ ನರ ದೌರ್ಬಲ್ಯ ಮತ್ತು ಕಿಡ್ನಿ ಸಮಸ್ಯೆಯಿಂದ ಬಳಲುತ್ತಿದ್ದ ಈ ಮಹಿಳೆಗೆ ಅಂಬರೀಶ್​ ವಿದೇಶದಿಂದ ಖ್ಯಾತ ವೈದ್ಯ ರಾಮಕೃಷ್ಣ ಎಂಬುವರನ್ನು ಕರೆಯಿಸಿ ಶಸ್ತ್ರ ಚಿಕಿತ್ಸೆ ಮಾಡಿಸಿದ್ದರು.,1,"ಅವಯವಗಳಿಂದ ಸಂವೇದನೆಗಳನ್ನೂ, ಮೆದುಳಿನಿಂದ ಅವಯವಗಳಿಗೆ ಸೂಚನೆಗಳನ್ನು ಒಯ್ಯುವ - ತಂತು, ಸೆರೆ",Nerve
ನರ,"ಅಪರೂಪದ ಸಂದರ್ಭಗಳಲ್ಲಿ, ನರ ಒತ್ತಡ ನಿವಾರಿಸಲು ಸಹಾಯ ಮಾಡುತ್ತದೆ.",1,"ಅವಯವಗಳಿಂದ ಸಂವೇದನೆಗಳನ್ನೂ, ಮೆದುಳಿನಿಂದ ಅವಯವಗಳಿಗೆ ಸೂಚನೆಗಳನ್ನು ಒಯ್ಯುವ - ತಂತು, ಸೆರೆ",Nerve
ನರ,ಸ್ಥಳವನ್ನು ಅವಲಂಬಿಸಿ ಮಿದುಳಿನಲ್ಲಿರುವ ನರ ಕೋಶಗಳನ್ನು ವಿವಿಧ ಫ್ಯಾಶನ್ಗಳಲ್ಲಿ ಆಯೋಜಿಸಲಾಗುತ್ತದೆ.,1,"ಅವಯವಗಳಿಂದ ಸಂವೇದನೆಗಳನ್ನೂ, ಮೆದುಳಿನಿಂದ ಅವಯವಗಳಿಗೆ ಸೂಚನೆಗಳನ್ನು ಒಯ್ಯುವ - ತಂತು, ಸೆರೆ",Nerve
ನರ,"ಮೇಷ: ಬಂಧುಗಳಿಂದ ಸಹಾಯ ಕೇಳುವಿರಿ, ಚರ್ಮ ತುರಿಕೆ, ನರ ದೌರ್ಬಲ್ಯ,ತಲೆ ನೋವು, ತಾಯಿಯ ಆರೋಗ್ಯದಲ್ಲಿ ಏರುಪೇರು, ಸಾಲ ಮಾಡುವ ಪರಿಸ್ಥಿತಿ.",1,"ಅವಯವಗಳಿಂದ ಸಂವೇದನೆಗಳನ್ನೂ, ಮೆದುಳಿನಿಂದ ಅವಯವಗಳಿಗೆ ಸೂಚನೆಗಳನ್ನು ಒಯ್ಯುವ - ತಂತು, ಸೆರೆ",Nerve
ನರ,"ಶ್ರೇಣಿ 3: ಚರ್ಮದ ಕಿತ್ತುಬಂದಿರುತ್ತವೆ ಆಫ್, ಅಥವಾ ಸತ್ತಾಗ, ನರ ತುದಿಗಳಿಂದ ನಾಶವಾಗುತ್ತವೆ, ಹಾನಿಗೊಳಗಾದ ಚರ್ಮ, ಆದರೆ ಕೊಬ್ಬಿನ ಅಂಗಾಂಶ ಮತ್ತು ಸ್ನಾಯು, ಮತ್ತು ಮೂಳೆಯು.",1,"ಅವಯವಗಳಿಂದ ಸಂವೇದನೆಗಳನ್ನೂ, ಮೆದುಳಿನಿಂದ ಅವಯವಗಳಿಗೆ ಸೂಚನೆಗಳನ್ನು ಒಯ್ಯುವ - ತಂತು, ಸೆರೆ",Nerve
ನರ,ನೀವು ಗರ್ಭಿಣಿ ಮಹಿಳೆಯರಿಗೆ ನರ ಸಾಧ್ಯವಿಲ್ಲ ಏಕೆ ವಿವರಿಸುವ ಅತ್ಯಂತ ಅಪಾಯಕಾರಿ ಪರಿಣಾಮವಾಗಿ - ಒಂದು ಸಂಭವನೀಯ ವಿಫಲತೆ.,1,"ಅವಯವಗಳಿಂದ ಸಂವೇದನೆಗಳನ್ನೂ, ಮೆದುಳಿನಿಂದ ಅವಯವಗಳಿಗೆ ಸೂಚನೆಗಳನ್ನು ಒಯ್ಯುವ - ತಂತು, ಸೆರೆ",Nerve
ನರ,ಇಡೀ ಜೀವಿಯ ಸಂಬಂಧಿಸಿದ ನರ ತುದಿಗಳಿಂದ ಮೂಲಕ ಬೆನ್ನುಮೂಳೆಯ.,1,"ಅವಯವಗಳಿಂದ ಸಂವೇದನೆಗಳನ್ನೂ, ಮೆದುಳಿನಿಂದ ಅವಯವಗಳಿಗೆ ಸೂಚನೆಗಳನ್ನು ಒಯ್ಯುವ - ತಂತು, ಸೆರೆ",Nerve
ನರ,"ಇದು ನರಮಂಡಲದ ಮತ್ತು ಭ್ರೂಣದ ಸರಿಯಾದ ರಚನೆ, ವಿಶೇಷವಾಗಿ ನರ ನಾಳದ ಅನಿವಾರ್ಯ ಇದೆ.",1,"ಅವಯವಗಳಿಂದ ಸಂವೇದನೆಗಳನ್ನೂ, ಮೆದುಳಿನಿಂದ ಅವಯವಗಳಿಗೆ ಸೂಚನೆಗಳನ್ನು ಒಯ್ಯುವ - ತಂತು, ಸೆರೆ",Nerve
ನರ,"ಇದು ಒತ್ತಡ, ನರ ಕುಸಿತಗಳು, ಖಿನ್ನತೆ ನಿಭಾಯಿಸಲು ಸಹಾಯ ಮಾಡುತ್ತದೆ.",1,"ಅವಯವಗಳಿಂದ ಸಂವೇದನೆಗಳನ್ನೂ, ಮೆದುಳಿನಿಂದ ಅವಯವಗಳಿಗೆ ಸೂಚನೆಗಳನ್ನು ಒಯ್ಯುವ - ತಂತು, ಸೆರೆ",Nerve
ನರ,"ನಿಮ್ಮ ಮೈಗ್ರೇನ್ಗಳು ಸಾಂಪ್ರದಾಯಿಕ ಮೈಗ್ರೇನ್ಗೆ ತಡೆಗಟ್ಟುವ ಮತ್ತು ನಿಷೇಧಿತ ಔಷಧಿಗಳಿಗೆ ಪ್ರತಿಕ್ರಿಯಿಸುತ್ತಿಲ್ಲವಾದರೆ, ನಿಮ್ಮ ತಲೆನೋವು ತಜ್ಞರು ನರರೋಗ ನಿರೋಧಕ ಎಂಬ ಪರ್ಯಾಯ ಚಿಕಿತ್ಸೆಯನ್ನು ಪರಿಗಣಿಸಬಹುದು - ನರ ಕೋಶಗಳನ್ನು ಉತ್ತೇಜಿಸಲು ವಿದ್ಯುತ್ ಪ್ರವಾಹವನ್ನು ಬಳಸಿಕೊಳ್ಳುವ ತಂತ್ರಜ್ಞಾನವು ನೋವು ಸಂಕೇತಗಳನ್ನು ಹರಡುವುದನ್ನು ನಿಲ್ಲಿಸುತ್ತದೆ.",1,"ಅವಯವಗಳಿಂದ ಸಂವೇದನೆಗಳನ್ನೂ, ಮೆದುಳಿನಿಂದ ಅವಯವಗಳಿಗೆ ಸೂಚನೆಗಳನ್ನು ಒಯ್ಯುವ - ತಂತು, ಸೆರೆ",Nerve
ನರ,"ಇದು ಕಾಯಿಲೆಯ ಲಕ್ಷಣಗಳನ್ನು ಒಂದಾಗಿದೆ, ಪ್ರಕ್ರಿಯೆಯಲ್ಲಿ ನರ ಜೀವಕೋಶಗಳ ನೆಕ್ರೋಸಿಸ್ ವರದಿ.",1,"ಅವಯವಗಳಿಂದ ಸಂವೇದನೆಗಳನ್ನೂ, ಮೆದುಳಿನಿಂದ ಅವಯವಗಳಿಗೆ ಸೂಚನೆಗಳನ್ನು ಒಯ್ಯುವ - ತಂತು, ಸೆರೆ",Nerve
ನರ,ನರ ಕೊನೆಗೊಂಡಂತೆಯೇ ಏಕೆಂದರೆ ಟ್ರೈಫಲ್ಸ್ ಖಿನ್ನತೆಗೊಳಗಾಗುತ್ತೇನೆ ಇಲ್ಲ.,1,"ಅವಯವಗಳಿಂದ ಸಂವೇದನೆಗಳನ್ನೂ, ಮೆದುಳಿನಿಂದ ಅವಯವಗಳಿಗೆ ಸೂಚನೆಗಳನ್ನು ಒಯ್ಯುವ - ತಂತು, ಸೆರೆ",Nerve
ನರ,ಬೆಂಗಳೂರು: ನರ ಸಂಬಂಧಿ ಸಮಸ್ಯೆಗಳಿಂದ ಬಳಲುತ್ತಿರುವ ಹಾಗೂ ಕೈ ಚಲನೆ ಕಡಿಮೆ ಇರುವ ರೋಗಿಗಳ ಬೆರಳು ಮತ್ತು ಮಣಿಕಟ್ಟುಗಳ ಚಲನೆಗೆ ಸಹಾಯ ಮಾಡುವಂತಹ ರೋಬೊಟಿಕ್‌ ಸಾಧನವನ್ನು ಬೆಂಗಳೂರು ಇಂಟರ್‌ನ್ಯಾಷನಲ್‌ ಇನ್‌ಸ್ಟಿಟ್ಯೂಟ್‌ ಆಫ್‌ ಇನ್ಫಾರ್ಮೆಷನ್‌ ಟೆಕ್ನಾಲಜಿ (ಐಐಐಟಿ–ಬಿ) ಹಾಗೂ ನಿಮ್ಹಾನ್ಸ್‌ ಸಂಸ್ಥೆಗಳು ಜಂಟಿಯಾಗಿ ಅಭಿವೃದ್ಧಿಪಡಿಸಿವೆ.,1,"ಅವಯವಗಳಿಂದ ಸಂವೇದನೆಗಳನ್ನೂ, ಮೆದುಳಿನಿಂದ ಅವಯವಗಳಿಗೆ ಸೂಚನೆಗಳನ್ನು ಒಯ್ಯುವ - ತಂತು, ಸೆರೆ",Nerve
ನರ,ನರ ಸತ್ತ ನಪುಸಂಕರಾಗಬೇಡಿ…ಕೆಚ್ಚೆದೆಯ ವೀರ ಸಿಂಹಗಳಾಗಿ ದೇಶ -ಧರ್ಮದ ರಕ್ಷಣೆ ಮಾಡಿ ಹಿಂದೂಗಳೆ.,2,ಮನುಷ್ಯ,Human
ನರ,"ವಾನರ ನರನಾದದ್ದು, ನರ ಮಾನವನಾದದ್ದು ಒಂದು ಘಟ್ಟವಾದರೆ ವ್ಯಕ್ತಿಗತ ಸ್ವಾರ್ಥಕ್ಕೆ ತನ್ನನ್ನು ಒಡ್ಡಿಕೊಂಡ ಮನುಷ್ಯ ಮಾನವತೆಯನ್ನು ಮರೆತು ಅನಾಗರೀಕತೆಯ ಕಡೆಗೆ ಸರಿದಿದ್ದು ಸಂಸ್ಕೃತಿಯ ವಿರೂಪಗಳಿಗೆ ಹೇಗೆ ಕಾರಣವಾಯಿತು ಎಂಬುದು ಅವರ ಅಧ್ಯಯನದ ಇನ್ನೊಂದು ಘಟ್ಟ.",2,ಮನುಷ್ಯ,Human
ನರ,ಇದೇ ಅಕ್ಟೋಬರ್ ೯ ರಂದು ನರ ರಾಕ್ಷಸ ತಾಲಿಬಾನಿಗರಿಂದ ಗುಂಡೇಟು ತಿಂದು ಸದ್ಯ ಜೀವನ್ಮರಣ ಹೋರಾಟದಲ್ಲಿರುವ 14ರ ಹರೆಯದ ಪುಟ್ಟ ಪಾಕಿಸ್ತಾನಿ ಮಾನವ ಹಕ್ಕುಗಳ ಹೋರಾಟಗಾರ್ತಿಯದು.,2,ಮನುಷ್ಯ,Human
ನರ,ಆರನೆ ದಿನಕ್ಕೆ ನಾವೆಲ್ಲ ನರ ಮುನಿಯ ತಪದ ಜಾಗದಿಂದ ಅರ್ಧ ಯೋಜನ ದೂರದಲ್ಲಿರುತ್ತೇವೆ.,2,ಮನುಷ್ಯ,Human
ನರ,ಇಲ್ಲಿ ನರ ಶಬ್ಧವು ಪುರುಷ ಅಂತಲೂ ಮುಡಿ ಶಬ್ಧವು ಸ್ತ್ರೀ ಅಂತಲೂ ಇಲ್ಲಿನ ಸ್ಥಳೀಯ ಭಾಷೆಯಲ್ಲಿ ಪರಿಗಣಿಸಲಾಗುತ್ತದೆ.,2,ಮನುಷ್ಯ,Human
ನರ,ಇವರು ತಮ್ಮ ನಿಜ ಜೀವನದಲ್ಲಿ ಒಬ್ಬ ನರ ರೂಪ ರಾಕ್ಷಸರು ಮತ್ತು ಸರಣಿ ಕೊಲೆಗಾರ.,2,ಮನುಷ್ಯ,Human
ನರ,ಬಾಯ ಹೊಗಳಿಕೆ ಬಿಡು ವಥಾ ನರ |,2,ಮನುಷ್ಯ,Human
ನರ,ನರ ವೃಕೋದರರೌಡುಗಚ್ಚುತ,2,ಮನುಷ್ಯ,Human
ನರ,ಆ ನರ ರಾಕ್ಷಸರ ಹಿಂದೆ ಯಾರೆಲ್ಲ ಇದ್ದಾರೆ.,2,ಮನುಷ್ಯ,Human
ನರ,ತಿಳಿದಿಲ್ಲ ನರ ಚಂದ ಜನಸ್ಥಾನದ ಬಗೆಯ | ಹರನಿಂದ ಪಡೆದು ಬಂದಿಹನು |,2,ಮನುಷ್ಯ,Human
ನರ,ನರ ವೃಕೋದರ ನಕುಲ ಧೃಷ್ಟದ್ಯುಮ್ನ ಮೊದಲಾದ,2,ಮನುಷ್ಯ,Human
ನರ,ವರಪುತ್ರ ಮಾನವಗೆ ನರ ಅನ್ನದಿರು |,2,ಮನುಷ್ಯ,Human
ನರ,ನರ ಲೋಕದಿ ಸಂಸಾರದೊಳು ಸುಖವಿಲ್ಲ ||ಪ||,2,ಮನುಷ್ಯ,Human
ನರ,"ರಾಜ್ಯಪಾಲರ ವಿವೇಚನಾಧಿಕಾರವನ್ನು ಮೊಟಕುಗೊಳಿಸುವ ಮೂಲಕ ಶಾಸಕಾಂಗದ ಮೇಲೆ ನ್ಯಾಯಾಂಗ ಸವಾರಿ ಮಾಡುತ್ತಿದೆ ಎಂದು ಟೀಕಿಸಿದ ಬಿಜೆಪಿ ಮಾಧುಸ್ವಾಮಿ, ನಾವು ನರ ಸತ್ತವರು.",2,ಮನುಷ್ಯ,Human
ನರ,ನರ ಹರೀಂದ್ರನು ಪೇಳಿದಾಶಯ |,2,ಮನುಷ್ಯ,Human
ನರ,ನರ ಬಲಿ ಕಾಯ್ದಿತ್ತೇ ದೇವರು; ಸಾಕೆನಿಸಲಿಲ್ಲ ಹೂ ಹಣ್ಣು.,2,ಮನುಷ್ಯ,Human
ನರ,ಕೇಳೆಲೆ ತಂಗಿ ವಿ | ಶಾಲದ ನರ ಗಂ | ಧಾಳಿ ಬರುವದಿಂ | ದೇಳೆತ್ತಣದೆಂ ||,2,ಮನುಷ್ಯ,Human
ನರ,ಅಲರುವಿಲ್ಲನ ಬಿಜ್ಜೆಯಂಬಾ | ಗಲದ ಬಿನ್ನಣಿ ಸವೆದ ನರ ಪು |,2,ಮನುಷ್ಯ,Human
ನರ,ಹಾಗೆಂದು ನರ ನಾರಾಯಣರ ಪೂರ್ಣ ಹಿನ್ನಲೆಯೇನು ಅಪಾರದರ್ಶಕದಲ್ಲಡಗಿಕೊಂಡ ಊಹಾಪ್ರಪಂಚವೇನಲ್ಲ.,2,ಮನುಷ್ಯ,Human
ನರ,ಅಂಬುಜಾಕ್ಷನ ನುಡಿಗೆ ನರ ಹೈ | ಡಿಂಬಿಯನು ಕರೆದೆಂದ ವೈರಿ ಕ |,2,ಮನುಷ್ಯ,Human
ನರ,ಬಾಲಕನನ್ನ ಬಲಿ ಪಡೆದಿದ್ದ ನರ ಭಕ್ಷಕ ಚಿರತೆಯ ಚಲನವಲನ ಕ್ಯಾಮೆರಾದಲ್ಲಿ ಸೆರೆ,2,ಮನುಷ್ಯ,Human
ನರ,ನರ ನಾರಾಯಣರು ತನ್ನ ಅಧಿಕಾರಕ್ಕೆ ಕುತ್ತಾಗುವ ಕ್ಷುಲ್ಲಕ ಮಟ್ಟಕ್ಕಿಳಿಯಲಾರರು ಎಂದೆ ನಿರಾಳವಾಗಿದ್ದವನಿಗೆ ಈಗ ಇದ್ದಕ್ಕಿದ್ದಂತೆ ಸಂಶಯದ ಕೀಟ ಕೊರೆಯಹತ್ತಿದೆ.,2,ಮನುಷ್ಯ,Human
ನರ,"ನರ ಸಿಂಹ, ಕವಿರಾಜ್ ಮೊದಲಾದವರು ಉಪಸ್ಥಿತರಿದ್ದರು.",2,ಮನುಷ್ಯ,Human
ನರ,ಹುಬ್ಬಳ್ಳಿಯಲ್ಲಿ ತಮ್ಮ ಹುಟ್ಟುಹಬ್ಬ ಆಚರಿಸಿಕೊಂಡು ಮಾತನಾಡಿದ ಶಿವಕುಮಾರ್ ಕಾಂಗ್ರೆಸ್‍ನವರೆಲ್ಲ ನರ ಸತ್ತವರು ಎಂಬ ಈಶ್ವರಪ್ಪ ಅವರ ಹೇಳಿಕೆಗೆ ತಿರುಗೇಟು ನೀಡಿದರು.,2,ಮನುಷ್ಯ,Human
ನರ,ನರ ಮನುಷ್ಯರು ನೀವು,2,ಮನುಷ್ಯ,Human
ನರ,ಕ್ವಜಲ್-ನಾಟಲ್ ಪ್ರಾಂತ್ಯದ ಎಸ್ಕೋರ್ಟ್ ಗ್ರಾಮದ ನಿವಾಸಿಗಳಾದ ಈ ನರ ಭಕ್ಷಕರನ್ನು ಒಂದು ವಾರದ ಹಿಂದೆ ಪೊಲೀಸರು ಬಂಧಿಸಿದರು.,2,ಮನುಷ್ಯ,Human
ನರ,ದೇವರು ಧರ್ಮದ ಹೆಸರಿನ ನರ ರಾಕ್ಷಸರ ಅಟ್ಟಹಾಸ ದಿನದಿಂದ ದಿನಕ್ಕೆ ಕೊಬ್ಬಿ ಕೆನೆಯುತ್ತಿದೆ.,2,ಮನುಷ್ಯ,Human
ನರ,ಅವರ ಮಧ್ಯೆ ಪ್ರಚಲಿತವಿದ್ದ ನರ ಬಲಿ ಪದ್ಧತಿಯನ್ನೂ ನಿಲ್ಲಿಸಲು ಶ್ರಮ ಪಡಬೇಕಾಯಿತು ಎಂದು ಡಾ.,2,ಮನುಷ್ಯ,Human
ನರ,ಪಾಕಿಸ್ತಾನ ಮೂಲದ ಇಸ್ಲಾಂ ಉಗ್ರಗಾಮಿ ಗುಂಪು ಜೈಷ್- ಎ – ಮೊಹಮದ್ ಈ ಹತ್ಯೆಯ ಮೂಲ ನರ ರಾಕ್ಷಸರು ಎನ್ನಲಾಗಿತ್ತು.,2,ಮನುಷ್ಯ,Human
ನರ,"ಇದನ್ನು ಮಾಡಲು, ನೀವು ನಮ್ಮ ಪ್ರಕೃತಿ ಹೆಚ್ಚು ನರ ಮತ್ತು ಕಚ್ಚುವಿಕೆ ಪ್ರಾಣಿಯ ತಿಳಿದಿರುವುದಿಲ್ಲ ಏಕೆಂದರೆ, ಹಾರ್ಡ್ ಕೆಲಸ ಮಾಡಬೇಕು!",2,ಮನುಷ್ಯ,Human
ನರ,ಸುರ ನರ ವಿದ್ಯಾಧರ ಜನ,2,ಮನುಷ್ಯ,Human
ನರ,ನರ ಭಕ್ಷಕ ಚಿರತೆಗೆ ಬಾಲೆ ಬಲಿ,2,ಮನುಷ್ಯ,Human
ನರ,", ಇವೆಲ್ಲವೂ ನರ ಹೊರತುಪಡಿಸಿ, ಜೀವಿಗಳು ಪ್ರತಿಯಾಗಿ ಗುರುಗಳು.",2,ಮನುಷ್ಯ,Human
ನರ,"ಅವರು ನರ ಎಂದು ವ್ಯಕ್ತಿಯ ಬಲವಂತ ಮಾಡುವುದಿಲ್ಲ, ಆದರೆ ಅವುಗಳನ್ನು ಸಮಯ ಕಳೆಯುವ ಅಗತ್ಯವಿದೆ.",2,ಮನುಷ್ಯ,Human
ನಾಮ,"ಬದಲಿಗೆ ಕ್ರಿಕೆಟ್ ಬೆಟ್ಟಿಂಗ್, ಬ್ಲಾಕ್ ಅಂಡ್ ವೈಟ್ ದಂಧೆಯಲ್ಲೂ ಎಕ್ಸ್ ಪರ್ಟ್ ಆಗಿದ್ದು, ದೊಡ್ಡ ಕುಳಗಳಿಗೆ ನಾಮ ಇಟ್ಟಿದ್ದಾನೆ.",1,ಮೋಸ,cheating
ನಾಮ,ಅಣ್ಣಾರವರ ಆಂದೋಲನವನ್ನು ಮೊದ ಮೊದಲು ಅವಗಣನೆ ಮಾಡಿ ನಂತರ ಪರಿಸ್ಥಿತಿ ವಿಕೋಪಕ್ಕೆ ಹೋಗಬಹುದು ಎಂದು ಭಯ ಬಿದ್ದು ಲೋಕಪಾಲ್ ಮಸೂದೆಗೆ ಒಪ್ಪುವ ನಾಟಕ ಆಡಿ ಅಣ್ಣಾ ರಿಗೆ ಸೊಗಸಾಗಿ ನಾಮ ಬಳಿದರು.,1,ಮೋಸ,cheating
ನಾಮ,ನೀರವ್ ಮೋದಿಗಿಂತಲೂ ಸಂದೇಸರಾ ಸೋದರರು ಬ್ಯಾಂಕುಗಳಿಗೆ ಹಾಕಿದ ನಾಮ ದೊಡ್ಡದು!,1,ಮೋಸ,cheating
ನಾಮ,ಲಕ್ಷ ನಾಮ ಹಾಕಿದ ಕನ್ನಡದ ನಟಿ ಈಗ ಪೊಲೀಸ್ ವಶಕ್ಕೆ.,1,ಮೋಸ,cheating
ನಾಮ,"ಯಾವುದೇ ಮೂಲಸೌಲಭ್ಯಗಳಿಲ್ಲದೇ ಅಗತ್ಯ ಪರಿಣಿತರಿಲ್ಲದೇ ಕನ್ನಡ ಮಾಧ್ಯಮದ ಶಾಲೆಗಳೆಂದು ಪರವಾನಗಿ ಪಡೆದು ಸರಕಾರಕ್ಕೆ ಮತ್ತು ಸರಕಾರದ ನಿಯಮಾವಳಿಗಳಿಗೆ ನಾಮ ಹಾಕಿ ಇಂಗ್ಲಿಷ್‌ ಮಾಧ್ಯಮ ಶಾಲೆಗಳಾಗಿ ಪರಿವರ್ತಿಸಿ ಜನತೆಯನ್ನು ಲೂಟಿ ಮಾಡುತ್ತಿದ್ದು, ಇವುಗಳನ್ನು ತಡೆಯುವಲ್ಲಿ ಸರಕಾರ ಕಣ್ಣಿದ್ದು ಕುರುಡನಂತೆ ವರ್ತಿಸುತ್ತಿದೆ.",1,ಮೋಸ,cheating
ನಾಮ,ಆಸ್ಪತ್ರೆಯ ಸಿಬ್ಬಂದ್ದಿಗಳು ಪೋಲೀಸರಿಗೆ ಉಂಡೆ ನಾಮ ತಿಕ್ಕಿದ್ದಾರೆ.,1,ಮೋಸ,cheating
ನಾಮ,ಕೆಲಸದ ಆಮೀಷ ಒಡ್ಡಿ 5 ಲಕ್ಷಕ್ಕೆ ನಾಮ ಹಾಕಿದ ನಟ,1,ಮೋಸ,cheating
ನಾಮ,ನಕಲಿ ಚಿನ್ನಾಭರಣ ನೀಡಿ ಮಲಬಾರ್ ಗೋಲ್ಡ್ ಸಂಸ್ಥೆಗೆ ನಾಮ ಹಾಕಿದ ಮಹಿಳೆ!,1,ಮೋಸ,cheating
ನಾಮ,"17ಟಿಎಂಸಿ ಬದಲಿಗೆ 45 ಟಿಎಂಸಿ ನೀರನ್ನು ಉಪಯೋಗಿಸಿಕೊಂಡು ಎಲ್ಲರಿಗೂ ನಾಮ ಹಾಕ್ಕೊಂಡು, ನಾಲೆ ಒಡೆಯುವಂಥವರಿಗೆ ನಾವು ಬಲಿಯಾಗಲ್ಲ , ಅವರಂತೆ ಸ್ವಾರ್ಥಕ್ಕಾಗಿ ಮೂರ್ಖತನದ ಪರಮಾವಧಿ ಮಾಡಲ್ಲ ಎಂದು ಆಕ್ರೋಶ ಹೊರಹಾಕಿದರು.",1,ಮೋಸ,cheating
ನಾಮ,"ಆಸ್ತಿ ತೆರಿಗೆ: ಮಧ್ಯವರ್ತಿಗಳಿಂದ ವಂಚನೆ, ನಗರಸಭೆ ಸದಸ್ಯನಿಗೇ ನಾಮ",1,ಮೋಸ,cheating
ನಾಮ,ಈ ಸಂಸ್ಥೆ ಸಹ ಸುಮಾರು ಒಂದು ಸಾವಿರಕ್ಕೂ ಅಧಿಕ ಮಂದಿಗೆ ಹಣ ವಸೂಲಿಗೆ ಮಾಡಿ ನಾಮ ಹಾಕಿದ ಆ ಆರೋಪಕ್ಕೆ ತುತ್ತಾಗಿದೆ.,1,ಮೋಸ,cheating
ನಾಮ,ಬ್ಯಾಂಕ್​ಗಳಿಗೆ 9000 ಸಾವಿರ ಕೋಟಿ ನಾಮ ಹಾಕಿ ಪರಾರಿಯಾದ ಮಲ್ಯನಿಗೆ ಮೂರನೇ ಮದುವೆ.,1,ಮೋಸ,cheating
ನಾಮ,"ಇವರು ಎಲ್ಲರೊಂದಿಗೂ ನಗುನಗುತ್ತಾ ಮಾತನಾಡುತ್ತಾ, ನಿನ್ನನ್ನೇ ಮದುವೆಯಾಗುತ್ತೇನೆ ಎಂದೆಲ್ಲಾ ಹೇಳಿ ಈ ಭರವಸೆಯ ತಪ್ಪು ಪ್ರಯೋಜನ ಪಡೆಯುತ್ತಾ ಕಡೆಗೊಂದು ದಿನ ಎಲ್ಲರಿಗೂ ಮೂರು ನಾಮ ಹಾಕಿ ಇನ್ನೋರ್ವ ವ್ಯಕ್ತಿಯ ಹಿಂದೆ ಹೋಗುತ್ತಾರೆ.",1,ಮೋಸ,cheating
ನಾಮ,ಕೊನೆಗೆ ಜನರೇ ಅವರಿಗೆ ನಾಮ ಹಾಕಿದ್ದಾರೆ.,1,ಮೋಸ,cheating
ನಾಮ,ನನಗೆ ನೀವೆಲ್ಲ ನಾಮ ಹಾಕಿದ್ರಿ – ಕಾರ್ಯಕರ್ತರಿಗೆ ಸನ್ನೆ ಮೂಲಕ ಸಿದ್ದು ಟಾಂಗ್,1,ಮೋಸ,cheating
ನಾಮ,ಡೇಟಿಂಗ್ ಮಾಡಲು ಹೋಗಿ 60ಲಕ್ಷ ನಾಮ ಹಾಕಿಸಿಕೊಂಡ!,1,ಮೋಸ,cheating
ನಾಮ,"ಪ್ರ : ಅವನು ರೀಲು ಬಿಡ್ತಾನೆ ಅಂತ ಎಲ್ಲರೂ ಹೇಳ್ತಾರೆ, ನಂಬಿ ನಾಮ ಹಾಕಿಸಿಕೊಳ್ಳಬೇಡ",1,ಮೋಸ,cheating
ನಾಮ,ಈ ವಿಡಿಯೋದಲ್ಲಿ ಸೈಬರ್ ಡಕಾಯತರು ಹೇಗೆ ನಿಮ್ಮ ಸೆಲ್ಫಿಗಳನ್ನು ದುರುಪಯೋಗ ಮಾಡಿಕೊಂಡು ನಿಮ್ಮ ಹಣಕ್ಕೆ ಉಂಡೆ ನಾಮ ಬಳಿಯುತ್ತಾರೆ ಎಂಬುದನ್ನು ವಿವರಿಸಲಾಗಿದೆ.,1,ಮೋಸ,cheating
ನಾಮ,ರಿಸರ್ವ್ ಬ್ಯಾಂಕಿನ ಗವರ್ನರ್ ಆಗಿದ್ದ ರಘುರಾಮ್ ರಾಜನ್ ಅವರು ಸರಕಾರಕ್ಕೆ 2017ರಲ್ಲಿ ಕೊಟ್ಟ ವರದಿಯ ಪ್ರಕಾರವೇ ಕೇವಲ 100 ದೊಡ್ಡ ಕಂಪೆನಿಗಳು ಭಾರತದ ಬ್ಯಾಂಕುಗಳಿಗೆ ಏನಿಲ್ಲವೆಂದರೂ 11 ಲಕ್ಷ ಕೋಟಿ ರೂಪಾಯಿಗಳಷ್ಟು ನಾಮ ಹಾಕಿವೆ.,1,ಮೋಸ,cheating
ನಾಮ,Home ಕನ್ನಡ ವಾರ್ತೆಗಳು ಕರಾವಳಿ ಕೆಲಸ ಕೊಡಿಸುವುದಾಗಿ ಯುವತಿಗೆ 4 ಲಕ್ಷ ನಾಮ ಹಾಕಿ ತಲೆಮರೆಸಿಕೊಂಡ ಕೊಕ್ಕರ್ಣೆಯ ಯುವಕ,1,ಮೋಸ,cheating
ನಾಮ,"ಮಾತನಾಡಿದ ಅವರು, ನೌಕರರ ವೇತನದ ಹಣವನ್ನು ಷೇರು ಮಾರುಕಟ್ಟೆಗೆ ಹಾಕುವ ಮೂಲಕ ರಾಜ್ಯ ಸರ್ಕಾರ ನಾಮ ಹಚ್ಚುವ ಹುನ್ನಾರ ನಡೆಸಿದೆ.",1,ಮೋಸ,cheating
ನಾಮ,ರಿಯಲ್ ಎಸ್ಟೇಟ್ ವ್ಯವಹಾರ ಮಾಡುವ ನೆಪದಲ್ಲಿ ಕೋಟಿಗಟ್ಟಲೆ ಹಣ ಪಡೆದು ನಾಮ ಇಕ್ಕಿದ್ದ.,1,ಮೋಸ,cheating
ನಾಮ,ಹೀಗೆ ನಿಮ್ಮ ಮೊಬೈಲ್‍ಗೇ ಬಂದ ಈ ರಂಬೆ-ಮೆನಕೆಯರಂತಹ ಫೋಟೋಗಳು ನೋಡಿ ನೀವು ಯಾಮಾರಿದ್ರೆ ನಿಮಗೆ ಮೂರು ನಾಮ ಬಿಳುವುದು ಮಾತ್ರ ಗ್ಯಾರಂಟಿಯಾಗಿದೆ.,1,ಮೋಸ,cheating
ನಾಮ,ಬಿಡಿಎ ಆವರಣದಲ್ಲಿ ನಾಮ ಹಾಕುವರ ಜಾಲ ತಲೆ ಎತ್ತಿದೆ.,1,ಮೋಸ,cheating
ನಾಮ,ಹೀಗೆ ಮಧ್ಯವರ್ತಿಗಳಿಂದ ನಾಮ ಹಾಕಿಸಿಕೊಂಡವರ ಪೈಕಿ ನಗರಸಭೆ ಸದಸ್ಯರೊಬ್ಬರೂ ಸೇರಿದ್ದಾರೆ.,1,ಮೋಸ,cheating
ನಾಮ,"ಓಟಿಗಾಗಿ ಡ್ರಾಮಾ, ಜನರಿಗೆ ನಾಮ ಹಾಕುವ ಮೋದಿ ಶ್ರೀಮಂತರ ಸಾಲಮನ್ನಾ ಮಾಡಿ, ರೈತರ ಸಾಲಮನ್ನಾ ಮಾಡಲಿಲ್ಲ.",1,ಮೋಸ,cheating
ನಾಮ,"ನೋಡಿದರೆ, ದುಡ್ಡು ಕೊಟ್ಟು ನಾಮ ಹಾಕಿಸಿಕೊಂಡ ವ್ಯಕ್ತಿಯೇ ಅಡ್ಮಿನ್‌ ಜಾಗದಲ್ಲಿ ಇದ್ದಾರೆ.",1,ಮೋಸ,cheating
ನಾಮ,ಅವನು ಭಾಗ ಮಾಡ್ತೀನಿ ಅಂತ ಚಿನ್ನದ ಗಟ್ಟೀನ ಪೂರ್ತಿಯಾಗಿ ಕರಗಿಸಿ ಕಳ್ಳರಿಗೆ ನಾಮ ಹಾಕಿ ಕಳಿಸ್ತಾನೆ.,1,ಮೋಸ,cheating
ನಾಮ,"ಈ ಹಿಂದೆ ಯಾವುದೇ ಸಮಾರಂಭ, ಪೂಜೆ ಅಥವಾ ಜಾತ್ರಾ ಮಹೋತ್ಸವಗಳಲ್ಲಿ ಭಾಗಿಯಾದರೆ ನಾಮ ಹಾಕಿಕೊಳ್ಳುವುದಿಲ್ಲ ಎನ್ನುವ ಮೂಲಕ ಮೂಲಭೂತವಾದ ಮತ್ತು ಕಠೋರ ಹಿಂದುತ್ವದ ವಿರುದ್ಧ ನಿಲುವು ತಾಳುತ್ತಿದ್ದ ಸಿದ್ದರಾಮಯ್ಯ ಈಗ ಬದಲಿಗಾದ್ದಾರ?",2,ಹಣೆಯಲ್ಲಿ ಧರಿಸುವ ಲಾಂಛನ,An emblem worn on the forehead
ನಾಮ,ಮಂಗಳೂರಿನ style ನಲ್ಲಿ ಉದ್ದನೆ ಕುಂಕುಮ ನಾಮ ಬೇರೆ ಹಾಕಿದ್ವಿ (ಅಲ್ಲಿದ್ದಾಗ ಯಾಕೋ ದೈವ ಭಕ್ತಿ ಜಾಸ್ತಿನೇ ಉಕ್ಕಿ ಬಂದಿತ್ತು !).,2,ಹಣೆಯಲ್ಲಿ ಧರಿಸುವ ಲಾಂಛನ,An emblem worn on the forehead
ನಾಮ,ನಾಮಪತ್ರ ಹಾಕುವಾಗ ಸಿದ್ದರಾಮಯ್ಯ ನಾಮ ಧರಿಸಿದ್ದನ್ನು ಕಂಡಿದ್ದೇನೆ.,2,ಹಣೆಯಲ್ಲಿ ಧರಿಸುವ ಲಾಂಛನ,An emblem worn on the forehead
ನಾಮ,"ಟೌನ್‍ಹಾಲ್ ಸಮೀಪ ಕನ್ನಡಪರ ಹೋರಾಟಗಾರರು ಹಾಗೂ ಚಾಲಕರು ಕಾರುಗಳಿಗೆ ಹಗ್ಗ ಕಟ್ಟಿ ಎಳೆಯುವ ಮೂಲಕ ವಿನೂತನವಾಗಿ ಪ್ರತಿಭಟನೆ ನಡೆಸಿದರೆ, ಇನ್ನೂ ಕೆಲವರು ಗ್ಯಾಸ್ ಸಿಲಿಂಡರ್‍ಗಳಿಗೆ ತಿರುಪತಿ ನಾಮ ಬಳಿದು ತಾವೂ ನಾಮ ಹಾಕಿಕೊಂಡು ಪ್ರತಿಭಟನೆ ನಡೆಸಿದರು.",2,ಹಣೆಯಲ್ಲಿ ಧರಿಸುವ ಲಾಂಛನ,An emblem worn on the forehead
ನಾಮ,ಯಾಕೆಂದರೆ ಮೂರು ನಾಮ ಇಟ್ಟುಕೊಂಡು ದೇವೇಗೌಡರು ತಿರುಪತಿಯ ಬೆಟ್ಟ ಹತ್ತಿದರೂ ಅನಂತಮೂರ್ತಿಗಳಿಗೆ ನೋಬೆಲ್ ಅವಾರ್ಡು ಕೊಡಿಸಲು ಸಾಧ್ಯವಿಲ್ಲ.,2,ಹಣೆಯಲ್ಲಿ ಧರಿಸುವ ಲಾಂಛನ,An emblem worn on the forehead
ನಾಮ,"ಬದಲಾಗಿ ನಾನಾ ತರಹದ ವೇಷಭೂಷಣಗಳಿಂದ ಕಂಗೊಳಿಸುವಂತಹ, ಹಣೆಗೆ ಅಡ್ಡನಾಮ, ಉದ್ದುದ್ದ ನಾಮ (ಕೆಲವರದ್ದು ಯು ಆಕಾರದ ನಾಮವಾದರೆ, ಕೆಲವರದ್ದು ವಿ ನಾಮ, ಇನ್ನು ಕೆಲವರದ್ದು ಸೂರ್ಯ ನಾಮ!) ಇಂಥಹ ತರಾತರದ ನಾಮಗಳಿಂದ ಅಲಂಕೃತವಾದ ವಿಧ ವಿಧದ ಸೈಜುಗಳ ದೇಹದ ಜ್ಯೋತಿಷಿಗಳು.",2,ಹಣೆಯಲ್ಲಿ ಧರಿಸುವ ಲಾಂಛನ,An emblem worn on the forehead
ನಾಮ,"ನೀಲಿ ಬಣ್ಣದ ಜರಿಯಂಚಿನ ಕಚ್ಚೆ ಉಟ್ಟು ನಾಮ ಹಾಕಿಕೊಂಡ ನನಗೆ, ತುಳುನಾಡಿನ ದೈವ ಸಿರಿಯ ಮಗ ಕುಮಾರನೇ ಮೈಹೊಕ್ಕ ಹಾಗೆ ಅನ್ನಿಸುತ್ತಿತ್ತು.",2,ಹಣೆಯಲ್ಲಿ ಧರಿಸುವ ಲಾಂಛನ,An emblem worn on the forehead
ನಾಮ,"ಹಣೆ ತುಂಬ ನಾಮ ಹಾಕುವವನು, ದೇವರ ಹೆಸರನ್ನೇ ಎಲ್ಲ ಕಡೆ, ಎಲ್ಲ ಕಾಲ ಉಸಿರುವವನು, ಇನ್ನೊಬ್ಬರನ್ನು ಕ್ರೂರವಾಗಿ ಟೀಕಿಸುವುದರಲ್ಲಿ ಹಿಂದೆ ಬಿದ್ದಿಲ್ಲ ಮಾತ್ರವಲ್ಲ, ಎಲ್ಲರಿಗಿಂತ ಮುಂದೆ ಇದ್ದಾನೆ.",2,ಹಣೆಯಲ್ಲಿ ಧರಿಸುವ ಲಾಂಛನ,An emblem worn on the forehead
ನಾಮ,ನಾಮ ಇಟ್ಟವರನ್ನ ಕಂಡ್ರೆ ಭಯವಾಗುತ್ತೆ – ಪರೋಕ್ಷವಾಗಿ ಬಿಜೆಪಿಗರನ್ನ ಕಿಚಾಯಿಸಿದ ಸಿದ್ದರಾಮಯ್ಯ,2,ಹಣೆಯಲ್ಲಿ ಧರಿಸುವ ಲಾಂಛನ,An emblem worn on the forehead
ನಾಮ,"ಕಾವಿ ಹಾಕಲಿಲ್ಲ, ನಾಮ ಬಳಿದುಕೊಳ್ಳಲಿಲ್ಲ ಆದರೆ ಅವರುಗಳು ನಾಚಿಸುವ ರೀತಿಯಲ್ಲಿ ಹಿಂದುತ್ವದ ವಿಚಾರಧಾರೆಗಳನ್ನು ಸಮರ್ಥವಾಗಿ , ತಲೆದೂಗುವಂತೆ ಮಂಡಿಸಿ ಸೈ ಎನಿಸಿಕೊಂಡವರು.",2,ಹಣೆಯಲ್ಲಿ ಧರಿಸುವ ಲಾಂಛನ,An emblem worn on the forehead
ನಾಮ,ಇದನ್ನೂ ಓದಿ: ಉದ್ದಕ್ಕೆ ನಾಮ ಹಾಕಿದವ್ರನ್ನ ಕಂಡ್ರೆ ನನಗೆ ಭಯ; ಮಾಜಿ ಸಿಎಂ ಸಿದ್ದರಾಮಯ್ಯ!,2,ಹಣೆಯಲ್ಲಿ ಧರಿಸುವ ಲಾಂಛನ,An emblem worn on the forehead
ನಾಮ,ನಾಮ ಇಟ್ಟುಕೊಂಡವರನ್ನು ಕಂಡರೆ ನನಗೆ ಭಯವಾಗತ್ತೆ ಎಂದಿದ್ದ ಕರ್ನಾಟಕ ಮಾಜಿ ಮುಖ್ಯಮಂತ್ರಿ ಸಿದ್ದರಾಮಯ್ಯ ಹೇಳಿಕೆಗೆ ವ್ಯಾಪಕ ಚರ್ಚೆಯಾಗುತ್ತಿದ್ದಂತೆ ಅವರು ತಮ್ಮ ಹೇಳಿಎಕೆ ಸಂಬಂಧ ಸ್ಪಷ್ಟನೆ.,2,ಹಣೆಯಲ್ಲಿ ಧರಿಸುವ ಲಾಂಛನ,An emblem worn on the forehead
ನಾಮ,ಇನ್ನು ಮುಂದೆ ದೇವಾಲಯದಲ್ಲಿ ಕಾರ್ಯ ನಿರ್ವಹಿಸುವ ಎಲ್ಲಾ ಸಿಬ್ಬಂದಿ ನಾಮ ಹಾಕಬೇಕೆಂಬ ನಿಯಮ ಜಾರಿಗೆ ಚಿಂತನೆ ನಡೆದಿದೆ.,2,ಹಣೆಯಲ್ಲಿ ಧರಿಸುವ ಲಾಂಛನ,An emblem worn on the forehead
ನಾಮ,ಮಾಸ್ತಿಯವರ ಹಣೆಯ ಮೇಲಿನ ನಾಮ ಎದ್ದುಕಂಡರೂ ಕೂಡ ಅವರ ಮೊಸರಿನ ಮಂಗಮ್ಮನ ಮೇಲೆ ಅದು ಬೇರೆಯ ಸಂಕೇತವಿದೆ.,2,ಹಣೆಯಲ್ಲಿ ಧರಿಸುವ ಲಾಂಛನ,An emblem worn on the forehead
ನಾಮ,"ಬಿಜೆಪಿ ನಾಯಕರು, ಹಿಂದೂ ಪರ ಕಾರ್ಯಕರ್ತರು ಉದ್ದದ ನಾಮ ಬಳಿದುಕೊಂಡು ನಾನೂ ಹಿಂದೂ ಸಾಮಾಜಿಕ ಜಾಲತಾಣದಲ್ಲಿ ಫೋಟೋ ಹಾಕಿದ್ದರು.",2,ಹಣೆಯಲ್ಲಿ ಧರಿಸುವ ಲಾಂಛನ,An emblem worn on the forehead
ನಾಮ,ಶಶಾಂಕ್ ತಮ್ಮ ಸ್ಟುಡಿಯೋದ ಕಂಪ್ಯೂಟರ್‌ ನಲ್ಲಿ ಫೋಟೋಶಾಪ್ ನಲ್ಲಿ ಬಿಳಿಯ ಖಾಲಿ ಪುಟಕ್ಕೆ ಕಪ್ಪು ಬಣ್ಣ ಹಾಕಿ ಮೂರು ನಾಮ ಬಿಡಿಸಿದರು.,2,ಹಣೆಯಲ್ಲಿ ಧರಿಸುವ ಲಾಂಛನ,An emblem worn on the forehead
ನಾಮ,"ಅವರವರ ಭಾವಕ್ಕೆ ಬಕುತಿಗೆ ತಕ್ಕಂತೆ ಕೆಲವರು ನಾಮ ಎಂದರೆ, ಕೆಲವರು ತ್ರಿನೇತ್ರ ಎಂದು, ಇನ್ನೂ ಕೆಲವರು ತಿಲಕ ಎಂದು ಕರೆಯುವಂತಾಯಿತು.",2,ಹಣೆಯಲ್ಲಿ ಧರಿಸುವ ಲಾಂಛನ,An emblem worn on the forehead
ನಾಮ,ಶಿಕಾರಿಪುರ: ಹಣೆಗೆ ಕುಂಕುಮದ ನಾಮ ಹಾಕಿ ಧರ್ಮದ ಆಧಾರದ ಮೇಲೆ ಯುವಕರನ್ನು ದಾರಿ ತಪ್ಪಿಸುವುದೇ ಬಿಜೆಪಿಯ ಉದ್ದೇಶ ವಾಗಿದೆ ಎಂದು ಮಾಜಿ ಸಚಿವ ಕುಮಾರ್‌ ಬಂಗಾರಪ್ಪ ಲೇವಡಿ ಮಾಡಿದರು.,2,ಹಣೆಯಲ್ಲಿ ಧರಿಸುವ ಲಾಂಛನ,An emblem worn on the forehead
ನಾಮ,ಇದನ್ನು ಓದಿ: ಉದ್ದನೆಯ ನಾಮ ಕಂಡ್ರೆ ಭಯ ಅಂದಿದ್ದ ಸಿದ್ದರಾಮಯ್ಯ ಕಡೆಗೂ ನಾಮ ಹಾಕಿಸಿಕೊಂಡೇ ಬಿಟ್ರು.,2,ಹಣೆಯಲ್ಲಿ ಧರಿಸುವ ಲಾಂಛನ,An emblem worn on the forehead
ನಾಮ,"ಗಡ್ಡ ಬಿಡುವುದು, ನಾಮ ಹಾಕುವುದು, ಟೋಪಿ ಧರಿಸುವುದು, ಮಸೀದಿ-ಮಂದಿರಗಳಿಗೆ ಹೋಗುವುದು, ನಿರ್ದಿಷ್ಟ ಉಡುಪು ಧರಿಸುವುದು ಮುಂತಾದುವುಗಳೆಲ್ಲ ಧರ್ಮದ ಗುರುತುಗಳೇ ಹೊರತು ಒಳ್ಳೆಯವರು ಮತ್ತು ಕೆಟ್ಟವರು ಅನ್ನುವುದರ ಗುರುತುಗಳಲ್ಲ.",2,ಹಣೆಯಲ್ಲಿ ಧರಿಸುವ ಲಾಂಛನ,An emblem worn on the forehead
ನಾಮ,"ಬೆಂಗಳೂರು: ಮಾಜಿ ಸಿಎಂ ಸಿದ್ದರಾಮಯ್ಯ ಅವರು ನಾಮ ಇಟ್ಕೊಂಡವರನ್ನು ಕಂಡ್ರೆ ಭಯ ಆಗುತ್ತೆ ಎಂಬ ಹೇಳಿಕೆಯನ್ನು ನೀಡಿದ್ದು, ಇದೀಗ ಸಿದ್ದರಾಮಯ್ಯ ಅವರ ಹೇಳಿಕೆ ವಿರುದ್ಧ ಬಿಜೆಪಿ ತಿಲಕದೊಂದಿಗೆ ಸೆಲ್ಫಿ ಎಂಬ ಅಭಿಯಾನ ಶುರು ಮಾಡಿದೆ.",2,ಹಣೆಯಲ್ಲಿ ಧರಿಸುವ ಲಾಂಛನ,An emblem worn on the forehead
ನಾಮ,"ಹುಬ್ಬು ಮತ್ತು ಕಣ್ಣಿನ ಎವೆಗಳಿಗೆ ಕಪ್ಪು ತುಟಿಗೆ ಕೆಂಪು ಕಿವಿಯಿಂದ ಗದ್ದದ ಬದಿಯಲ್ಲಿ ಕಪ್ಪು ಗೆರೆ, ಹಣೆಯಲ್ಲಿ ನಾಮ ಅಥವಾ ತಿಲಕ ಇವು ಬೂತಕೋಲದ ಮುಖವರ್ಣಿಕೆಯ ಸಾಮಾನ್ಯ ಸ್ವರೂಪ.",2,ಹಣೆಯಲ್ಲಿ ಧರಿಸುವ ಲಾಂಛನ,An emblem worn on the forehead
ನಾಮ,"ಕೆಂಪು ಪಂಚೆಯನ್ನು ತೊಟ್ಟಿದ್ದ, ಎದೆಯ ಮೇಲೆ ಕಪ್ಪಗಿನ ರೋಮ, ತಲೆಯ ಮೇಲಿಂದ ಉದ್ದನೆಯ ಕೂದಲನ್ನು ಹಿಂದೆ ಚಾಚಿದ್ದ, ಹಣೆಯ ಮೇಲೆ ಬಿಳಿಯ ಅಡ್ಡ ನಾಮ ಮತ್ತು ಅದರ ಮಧ್ಯ ಭಾಗದಲ್ಲಿ ಕಡು ಕೆಂಪಗಿನ ಕುಂಕುಮವನ್ನು ಹಾಕಿರುವ ವ್ಯಕ್ತಿಯನ್ನು ನೋಡಿ ಸ್ವಲ್ಪ ಗಾಬಾರಿಯಾಯಿತು ಚಂದ್ರುವಿಗೆ.",2,ಹಣೆಯಲ್ಲಿ ಧರಿಸುವ ಲಾಂಛನ,An emblem worn on the forehead
ನಾಮ,ಧರಿಸಿ ಕುಂಕುಮವ ಕ | ಸ್ತುರಿಯ ನಾಮ ಹಣೆಯೊಳಿಟ್ಟು || ರಂಗ ||೨೬೦||,2,ಹಣೆಯಲ್ಲಿ ಧರಿಸುವ ಲಾಂಛನ,An emblem worn on the forehead
ನಾಮ,"ಬೆಂಗಳೂರು, ಮಾರ್ಚ್ 7: ನಾಮ ಕಂಡರೆ ಭಯ ಎಂದಿದ್ದ ಮಾಜಿ ಸಿಎಂ ಸಿದ್ದರಾಮಯ್ಯನವರ ವಿರುದ್ದ ತಿರುಗಿ ಬಿದ್ದಿದ್ದ ಟ್ವಿಟ್ಟಿಗರು, ಸಾಕುಸಾಕು ಅನಿಸುವಷ್ಟು ತಿಲಕ ಹಾಕಿಕೊಂಡ ಫೋಟೋವಿರುವ ಪೋಸ್ಟುಗಳನ್ನು ಹಾಕಿದ್ದರು.",2,ಹಣೆಯಲ್ಲಿ ಧರಿಸುವ ಲಾಂಛನ,An emblem worn on the forehead
ನಾಮ,ಆಗ ನಾವು ವಿಭೂತಿ ಮತ್ತು ನಾಮ ಮೂಢನಂಬಿಕೆಯ ಸಂಕೇತವೆಂದು ಸ್ಪಷ್ಟೀಕರಣ ನೀಡಿದಾಗ ಸಭೆ ಶಾಂತವಾಯಿತು.,2,ಹಣೆಯಲ್ಲಿ ಧರಿಸುವ ಲಾಂಛನ,An emblem worn on the forehead
ನಾಮ,ಹೀಗೆ ತನ್ನ ಪಾಡಿಗೆ ತಾನು ತಲೆಗೆ ಹಳದಿಟೇಪು ಕಟ್ಟಿಕೊಂಡು ಹಣೆಗೆ ನಾಮ ಎಳೆದುಕೊಂಡು ಕುಣಿತದ ಹೆಸರಿನಲ್ಲಿ ತಟ್ಟಾಡುತ್ತಿದ್ದ ಪುರ್ರನೆದುರು ಕರೆಂಟು ಆಫೀಸಿನ ವಿಜಿಲೆನ್ಸ್ ತಂಡದ ಒಂದು ಜೀಪು ಬಂದು ನಿಂತಿತ್ತು.,2,ಹಣೆಯಲ್ಲಿ ಧರಿಸುವ ಲಾಂಛನ,An emblem worn on the forehead
ನಾಮ,ಹಣೆಯಲ್ಲಿ ನಾಮ ಅಥವಾ ಅರ್ಧಚಂದ್ರಾಕೃತಿಯನ್ನು ಕೆಂಪು ಬಣ್ಣದಿಂದ ಅಗಲವಾಗಿ ಬರೆಯುತ್ತಾರೆ.,2,ಹಣೆಯಲ್ಲಿ ಧರಿಸುವ ಲಾಂಛನ,An emblem worn on the forehead
ನಾಮ,"ಈ ಹಣವನ್ನು ನಿರುದ್ಯೋಗ ನಿವಾರಿಸಲು ಮತ್ತು ಉನ್ನತ ವಿದ್ಯಾಭ್ಯಾಸಕ್ಕಾಗಿ ಬಳಸುವಂತಾಗಬೇಕಿದೆ ಎಂದ ಮೂರ್ತಿಯವರು ಹಿಂದೆ ಶಿಲುಬೆ ಹಾಕಿಕೊಂಡು ತಿರುಗಾಡುತ್ತಿದ್ದವರು ಈಗ ಜನಿವಾರ ಮತ್ತು ನಾಮ ಹಾಕಿಕೊಂಡು ಓಡಾಡುತ್ತಿದ್ದಾರೆ, ಮುಂದಿನ ಚುನಾವಣೆಯಲ್ಲಿ ಯಾರನ್ನು ಆಯ್ಕೆ ಮಾಡಬೇಕು ಎಂಬುದನ್ನು ನಾವು ನಿಶ್ಚಯ ಮಾಡಬೇಕಿದೆ ಎಂದರು.",2,ಹಣೆಯಲ್ಲಿ ಧರಿಸುವ ಲಾಂಛನ,An emblem worn on the forehead
ನಾಮ,"ಬಾಗಲಕೋಟೆ: ಅಯ್ಯೋ ನನಗೆ ನಾಮ ಕಂಡರೆ ಭಯ, ನಾನು ನಾಮ ಹಚ್ಚಿಕೊಳ್ಳಲ್ಲ ಎನ್ನುತ್ತಿದ್ದ ಮಾಜಿ ಮುಖ್ಯಮಂತ್ರಿ ಸಿದ್ದರಾಮಯ್ಯ ಈಗ ಹಣೆಗೆ ನಾಮ ಇಡಿಸಿಕೊಂಡಿದ್ದಾರೆ.",2,ಹಣೆಯಲ್ಲಿ ಧರಿಸುವ ಲಾಂಛನ,An emblem worn on the forehead
ನಾಮ,"ಅದ್ಯಾಕೋ ಏನೋ ಗೊತ್ತಿಲ್ಲ, ಹೀಗೆ ನಾಮ ಹಾಕಿಕೊಂಡವರನ್ನ ಕಂಡ್ರೆ ಭಯವಾಗುತ್ತೇ ಎಂದ ಮಾಜಿ ಸಿಎಂ ಸಿದ್ದರಾಮಯ್ಯನವರ ಹೇಳಿಕೆ ಸುತ್ತ ಭಾರೀ ಚರ್ಚೆ ನಡೆಯುತ್ತಿದೆ.",2,ಹಣೆಯಲ್ಲಿ ಧರಿಸುವ ಲಾಂಛನ,An emblem worn on the forehead
ನಾಮ,ಈ ಹಿಂದಿನಂತೆ ನಾಮ ಹಚ್ಚಬೇಡ ಅನ್ನುತ್ತಾರೆ ಎಂದು ಎಲ್ಲರೂ ಅಂದುಕೊಂಡಿದ್ದರೆ ಸಿದ್ದರಾಮಯ್ಯ ಹಣೆ ಮುಂದೆ ಮಾಡಿದರು.,2,ಹಣೆಯಲ್ಲಿ ಧರಿಸುವ ಲಾಂಛನ,An emblem worn on the forehead
ನಾಮ,ಈ ಗುಣವನ್ನು ಇದುವರೆಗಾಗಲೇ ನಾಮ ೬೩ ಹಾಗು ೫೬೭ರಲ್ಲಿ ಚರ್ಚಿಸಲಾಗಿದೆ.,3,ಹೆಸರು,Name
ನಾಮ,ಕಾರಿನ ನಾಮ ಫಲಕ ತೆಗೆದ ಅಧಿಕಾರಿಗೆ ಥಳಿಸಿದ ಬಿಜೆಪಿ ನಾಯಕ!,3,ಹೆಸರು,Name
ನಾಮ,ಅಷ್ಟೇ ಅಲ್ಲ ವಿಠ್ಠಲನ ನಾಮ ಸದಾಕಾಲ ಶುಭದಾಯಕ.,3,ಹೆಸರು,Name
ನಾಮ,ಇಂದು ಮನೆಯಲ್ಲಿ ಇರೋ ಶಿವಲಿಂಗಕ್ಕೆ ತಪ್ಪದೆ ನಾಲ್ಕು ಉದ್ದರಣೆ ಹಾಲು ಮತ್ತು ಎಂಟು ಉದ್ದರಣೆ ನೀರಿನಿಂದ ಅಭಿಷೇಕ ಮಾಡುತ್ತಾ ಓಂ ನಮಃ ಶಿವಾಯ ಪಂಚಾಕ್ಷರಿ ನಾಮ ಪಾರಾಯಣ ಮಾಡುವುದು ಮರೆಯಬೇಡಿ.,3,ಹೆಸರು,Name
ನಾಮ,ಓಂ ನಾಮ ಸ್ಮರಣೆಯೊಂದಿಗೆ ಅಕ್ಷರ ಲೋಕಕ್ಕೆ ಕಾಲಿರಿಸಿದ ಪುಟಾಣಿಗಳು – ಕಹಳೆ ನ್ಯೂಸ್,3,ಹೆಸರು,Name
ನಾಮ,ರಾಮಾ ನಿನ್ನ ನಾಮ ಸ್ಮರಣೆಯೇ ಸಾಕು,3,ಹೆಸರು,Name
ನಾಮ,"ಇದು ಗಮನಿಸಬೇಕು, BRIC ಆ - ಇದು ಅವರು ವೇದಿಕೆ ನಾಮ ನಂತರ ಬಳಸಿದ ಹೆಸರು ನಟಿ ಅಜ್ಜಿ.",3,ಹೆಸರು,Name
ನಾಮ,"ದೇವನೊಬ್ಬನೇ ನಾಮ ಹಲವು ಎಂದು ನಂಬಿದವನು, ಎಂದು ಸಿದ್ದರಾಮಯ್ಯ ವಿವರಿಸಿದರು.",3,ಹೆಸರು,Name
ನಾಮ,"ಗಕಾರ ಗಣಪತಿ ಸಹಸ್ರ ನಾಮ ಪಾರಾಯಣ, ಗಣಪತಿ ಬೀಜ ಮಂತ್ರ ಪಠಿಸಬೇಕು.",3,ಹೆಸರು,Name
ನಾಮ,ಹಿಂದು ಗೋತ್ರವು ನಾಮ ಮಾತ್ರದೊಳಗೇನು ||೧||,3,ಹೆಸರು,Name
ನಾಮ,ಪುತ್ರಿ ಹುಟ್ಟುಹಬ್ಬದ ಸಂದರ್ಭ 2019ರ ವರ್ಷ ರೋಹಿತ್​ ಶರ್ಮಾ ನಾಮ ಸಂವತ್ಸರ ಆಗಿ ರೂಪುಗೊಂಡಿದೆ.,3,ಹೆಸರು,Name
ನಾಮ,ಕೃಷ್ಣ ನಾಮ ಸ್ಮರಣೆಯ ಜತೆಗೆ ನಂಬಿದೆ ನಿನ್ನ ನಾದ ದೇವತೆಯೆ~ ಎಂದು ಹಾಡಿದ ಗಾಯಕ ನಿಶಾಂತ್ ಅವರ ಗಾಯನದಿಂದ ಇಡೀ ಸಭಾಂಗಣವು ನಾದ ಲೋಕದಲ್ಲಿ ಮುಳುಗಿ ಹೋಯಿತು.,3,ಹೆಸರು,Name
ನಾಮ,ನಮ್ಮಲ್ಲಿ ಪ್ರತಿಯೊಬ್ಬರೂ ಈ ಸಂಸಾರದಲ್ಲಿ ನಾಮ ರೂಪ ಜಗತ್ತಿನಲ್ಲಿ ಇದ್ದೇವೆ.,3,ಹೆಸರು,Name
ನಾಮ,ರಾಜ್ಯ ಸಭೆಗೆ ವಿವಿಧ ಕ್ಷೇತ್ರಗಳಲ್ಲಿ ಸೇವೆ ಸಲ್ಲಿಸಿರುವ 12 ಮಂದಿಯನ್ನು ನಾಮ ನಿರ್ದೇಶನ ಮಾಡಲಾಗುತ್ತದೆ.,3,ಹೆಸರು,Name
ನಾಮ,ನಾಮ ಸ್ಮರಣೆ,3,ಹೆಸರು,Name
ನಾಮ,ಅದೇನೆಂದರೆ ಈ ಆಲಯದಲ್ಲಿ ಹನುಮಂತನ ವಿಗ್ರಹದ ಸುತ್ತ ಸದಾ ಕಾಲ ರಾಮ ನಾಮ ಕೇಳಿ ಬರುತ್ತಲೇ ಇರುತ್ತದೆ.,3,ಹೆಸರು,Name
ನಾಮ,ಭಜನೆ ಮತ್ತು ದೇವರ ನಾಮ,3,ಹೆಸರು,Name
ನಾಮ,ಚಂದ್ರನ ನಿಜ ನಾಮ ಲೂನಾ.,3,ಹೆಸರು,Name
ನಾಮ,ದೇವರ ನಾಮ ಗಾಯನ- ದೀಪಾ ಕೃಷ್ಣಮೂರ್ತಿ ಮತ್ತು ರೂಪಾ ಕಿರಣ್.,3,ಹೆಸರು,Name
ನಾಮ,ದೋಷ ಪರಿಹಾರ : ಇಷ್ಟ ದೇವರ ದರ್ಶನ ಅಥವ ನಾಮ ಸ್ಮರಣೆ ಮಾಡಿದರೆ ದಿನವು ಶುಭದಾಯಕವಾಗಿರಲಿದೆ.,3,ಹೆಸರು,Name
ನಾಮ,ನಾಮ ಪತ್ರಗಳ ಪರಿ­ಶೀಲನೆ ಫೆ.,3,ಹೆಸರು,Name
ನಾಮ,"ಕೂಡಲ ಸಂಗಮದಿಂದ ತಂದ ನೀರನ್ನು ಸಸಿಗಳಿಗೆ ಹಾಕುವ ಮೂಲಕ ಇಳಕಲ್ ಚಿತ್ತರಗಿ ವಿಜಯ ಮಹಾಂತೇ ಶ್ವರ ಸಂಸ್ಥಾನಮಠದ ಮಹಾಂತಪ್ಪ ನವರು, ಬಸವ ಸಸಿಗಳು ಎಂದು ನಾಮ ಕರಣ ಮಾಡಿದರು.",3,ಹೆಸರು,Name
ನಾಮ,ಅವನ ನಾಮ ನೋಡಿ ಶಿವರಾಮ ಕಾರಂತರು ಕೆರಳಿಬಿಟ್ಟರು.,3,ಹೆಸರು,Name
ನಾಮ,ಹಗಲಿರುಳು ನಿನ್ನ ನಾಮ,3,ಹೆಸರು,Name
ನಾಮ,ಹೊಗೆಯ ಒತ್ತಡಕ್ಕೆ ಬಲೂನು ದೀಪದ ಸಮೇತವಾಗಿ ದೇವರ ನಾಮ ಸ್ಮರಣೆ ಮಾಡಿ ಆಕಾಶದೆತ್ತರಕ್ಕೆ ಹಾರಿ ಬಿಡಲಾಗುದೆ.,3,ಹೆಸರು,Name
ನಾಮ,ಬೆಳಗ್ಗೆ 6ಕ್ಕೆ ಭಗವಾನ ನಿತ್ಯಾನಂದರ ಪಾದುಕಾ ಪೂಜೆ ಹಾಗೂ ಅಖಂಡ ನಾಮ ಸ್ಮರಣೆ ಜರುಗಿತು.,3,ಹೆಸರು,Name
ನಾಮ,ನಿನ್ನ ನಾಮ ಹಿಡಿದುಕೊಂಡೆ ಜಯವು ನಿನಗೆ ನಾನೆಂದೆ,3,ಹೆಸರು,Name
ನಾಮ,ಜೋಗಯ್ಯ ಎಲ್ಲಮ್ಮನ ನಾಮ ಸ್ಮರಿಸುತ ಜೋಕಿಲೆ ಹೊಕ್ಕಾರ ||,3,ಹೆಸರು,Name
ನಾಮ,ಕನ್ನಡ ಸಂಘದ ಪರದೆಯ ಹಿಂದೆ ಕೆಲಸ ಮಾಡಿ ಯಾವುದೇ ಪ್ರಚಾರವನ್ನು ಒಲ್ಲದ ಇವರ ಮುಖಪರಿಚಯವಿದ್ದರೂ ಬಹಳಷ್ಟು ಸದಸ್ಯರಿಗೆ ನಾಮ ಪರಿಚಯ ಕಮ್ಮಿ.,3,ಹೆಸರು,Name
ನಾಮ,ಜೊತೆಗೆ ಈ ನಾಮಕ್ಕೆ ಸಮಾನವಾದ ನಾಮ ಯಾವುದು ಇಲ್ಲ,3,ಹೆಸರು,Name
ನಾಮ,ರಾಮ ನಾಮ ಅಂಕಿತ ಅತಿ ಸುಂದರ।।,3,ಹೆಸರು,Name
ನಾಮ,ಒಬ್ಬೊಬ್ಬರಿಗೆ ಒಂದೊಂದು ನಾಮ,3,ಹೆಸರು,Name
ನಾಮ,ದೇವನೊಬ್ಬನೇ ನಾಮ ಹಲವು ಎನ್ನುವ ವಾಣಿಯನ್ನು ಎಲ್ಲ ಧರ್ಮಗಳು ಅರ್ಥ ಮಾಡಿಕೊಂಡು ಬದುಕಬೇಕಿದೆ.,3,ಹೆಸರು,Name
ನಾಮ,ಶಿವನ ನಾಮ ಸ್ಮರಿಸಿ ಕೋಟಿ ಶಿವಲಿಂಗ ದರ್ಶನ ಪಡೆದ್ರೆ ಒಳ್ಳೆಯದಾಗುತ್ತೆ.,3,ಹೆಸರು,Name
ನಾಮ,ಚಿತ್ರ ವಿಚಿತ್ರ ನಾಮ ಫಲಕ- ಮೊದಲು ಹಾರುವುದನ್ನು ಕಳಿತುಕೊಳ್ಳಿ,3,ಹೆಸರು,Name
ನಾಮ,ದೇವನೊಬ್ಬ ನಾಮ ಹಲವು ಎಂಬ ಮಾತಿದೆ.,3,ಹೆಸರು,Name
ನಾಮ,ಸಾಹಸ-ಶೌರ್ಯ ಪ್ರಶಸ್ತಿಗೆ ನಾಮ ನಿರ್ದೇಶನಕ್ಕೆ ಅರ್ಜಿ ಆಹ್ವಾನ,3,ಹೆಸರು,Name
ನಾಮ,ದೇವನೊಬ್ಬ ನಾಮ ಹಲವು ಎಂಬುದು ಇದರಿಂದಲೇ ಸೃಷ್ಟಿಯಾಗಿರಬಹುದೇ ಎಂಬುದರ ಬಗ್ಗೆ ನನ್ನ ಗೊಂದಲ ಇದ್ದೇಯಿದೆ.,3,ಹೆಸರು,Name
ನಾಮ,14): ರಾಷ್ಟ್ರಪತಿ ರಾಮನಾಥ್​ ಕೋವಿಂದ್​ ರಾಜ್ಯಸಭೆಗೆ ನಾಲ್ವರ ಹೆಸರನ್ನು ನಾಮ ನಿರ್ದೇಶನ ಮಾಡಿದ್ದಾರೆ.,3,ಹೆಸರು,Name
ನಾಮ,ಆದರೆ ನಾಮ ನಿರ್ದೇಶನ ಸದಸ್ಯರ ನೇಮಕದಿಂದ ಕಾಂಗ್ರೆಸ್ ಬಹುಮತ ಪಡೆದಿದೆ.,3,ಹೆಸರು,Name
ನಿರ್ಮಾಪಕ,"ನಿರ್ಮಾಪಕ ತರುಣ್ ಶಿವಪ್ಪ ಮಾತನಾಡಿ, ಚಿತ್ರಕ್ಕೆ ಯುಎ ಸರ್ಟಿಫಿಕೆಟ್ ದೊರಕಿದೆ.",1,"ಚಲನಚಿತ್ರ, ನಾಟಕ ಮುಂ.ವುಗಳ ನಿರ್ಮಾಣಕ್ಕೆ ಹಣವನ್ನು ಒದಗಿಸುವವನು, ಬಂಡವಾಳ ಹಾಕುವವನು",Film/Drama Producer
ನಿರ್ಮಾಪಕ,ಚಿತ್ರೋತ್ಸವದ ಸ್ಮರಣ ಸಂಚಿಕೆಯನ್ನು ಹಿರಿಯ ಚಲನಚಿತ್ರ ನಿರ್ದೇಶಕ ಹಾಗೂ ನಿರ್ಮಾಪಕ ಶ್ರೀ ಸಂಜಯ್‌ ಲೀಲಾ ಬನ್ಸಾಲಿ ಬಿಡುಗಡೆ ಮಾಡುವರು.,1,"ಚಲನಚಿತ್ರ, ನಾಟಕ ಮುಂ.ವುಗಳ ನಿರ್ಮಾಣಕ್ಕೆ ಹಣವನ್ನು ಒದಗಿಸುವವನು, ಬಂಡವಾಳ ಹಾಕುವವನು",Film/Drama Producer
ನಿರ್ಮಾಪಕ,"ತೆಲುಗಿನ ಖ್ಯಾತ ನಟ, ನಿರ್ಮಾಪಕ ಅಕ್ಕಿನೇನಿ ನಾಗಾರ್ಜುನ್ ಅವರು ಶಿವಣ್ಣ ಮಗಳ ಮದುವೆಯ ಸಡಗರದಲ್ಲಿ ಪಾಲ್ಗೊಂಡು ಸಂಭ್ರಮಿಸಿದರು.",1,"ಚಲನಚಿತ್ರ, ನಾಟಕ ಮುಂ.ವುಗಳ ನಿರ್ಮಾಣಕ್ಕೆ ಹಣವನ್ನು ಒದಗಿಸುವವನು, ಬಂಡವಾಳ ಹಾಕುವವನು",Film/Drama Producer
ನಿರ್ಮಾಪಕ,ತಮಿಳು ಚಿತ್ರರಂಗದ ನಿರ್ದೇಶಕ ಹಾಗೂ ನಿರ್ಮಾಪಕ ಎಸ್.,1,"ಚಲನಚಿತ್ರ, ನಾಟಕ ಮುಂ.ವುಗಳ ನಿರ್ಮಾಣಕ್ಕೆ ಹಣವನ್ನು ಒದಗಿಸುವವನು, ಬಂಡವಾಳ ಹಾಕುವವನು",Film/Drama Producer
ನಿರ್ಮಾಪಕ,ನಟ ಕುಮಾರ್ ಗೋವಿಂದು ಒಂದು ವೇಳೆ ಸೋತರೂ ನಿರ್ಮಾಪಕ ಗೋವಿಂದು ಗೋತಾ ಹೊಡೆಯಲ್ಲ ಬಿಡಿ ಎಂದು ಗಾಂಧಿನಗರದ ಮಂದಿ ಆಡಿಕೊಳ್ಳುತ್ತಿದ್ದರು.,1,"ಚಲನಚಿತ್ರ, ನಾಟಕ ಮುಂ.ವುಗಳ ನಿರ್ಮಾಣಕ್ಕೆ ಹಣವನ್ನು ಒದಗಿಸುವವನು, ಬಂಡವಾಳ ಹಾಕುವವನು",Film/Drama Producer
ನಿರ್ಮಾಪಕ,ಕುರುಕ್ಷೇತ್ರ ಸಿನಿಮಾದ ಚಿತ್ರೀಕರಣ ಜುಲೈ 27 ರಿಂದ ಮಾಡಲು ನಿರ್ಮಾಪಕ ಮುನಿರತ್ನ ಪ್ಲಾನ್ ಮಾಡಿದ್ದಾರೆ.,1,"ಚಲನಚಿತ್ರ, ನಾಟಕ ಮುಂ.ವುಗಳ ನಿರ್ಮಾಣಕ್ಕೆ ಹಣವನ್ನು ಒದಗಿಸುವವನು, ಬಂಡವಾಳ ಹಾಕುವವನು",Film/Drama Producer
ನಿರ್ಮಾಪಕ,"ಪತ್ನಿ ಗೀತಾಶಿವರಾಜ್‌ಕುಮಾರ್, ಶಿವಲಿಂಗ ನಿರ್ಮಾಪಕ ಸುರೇಶ್ ಉಪಸ್ತಿತರಿದ್ದರು.",1,"ಚಲನಚಿತ್ರ, ನಾಟಕ ಮುಂ.ವುಗಳ ನಿರ್ಮಾಣಕ್ಕೆ ಹಣವನ್ನು ಒದಗಿಸುವವನು, ಬಂಡವಾಳ ಹಾಕುವವನು",Film/Drama Producer
ನಿರ್ಮಾಪಕ,"ಯೂರಿ Ilienko (1936-2010) - ಉಕ್ರೇನ್ ಪೀಪಲ್ಸ್ ಕಲಾವಿದ, ಅಕಾಡೆಮಿ ಉಕ್ರೇನ್, ಚಿತ್ರಕಥೆಗಾರ, ಕ್ಯಾಮರಾಮನ್, ನಿರ್ಮಾಪಕ ಆಫ್ ಆರ್ಟ್ಸ್ ನಲ್ಲಿನ ಶಿಕ್ಷಣತಜ್ಞ.",1,"ಚಲನಚಿತ್ರ, ನಾಟಕ ಮುಂ.ವುಗಳ ನಿರ್ಮಾಣಕ್ಕೆ ಹಣವನ್ನು ಒದಗಿಸುವವನು, ಬಂಡವಾಳ ಹಾಕುವವನು",Film/Drama Producer
ನಿರ್ಮಾಪಕ,ಕೋಟಿ ಹಣವನ್ನು ನೀಡುವಂತೆ ಹೇಳಿದ್ದ ಮಹಾರಾಷ್ಟ್ರ ನವನಿರ್ಮಾಣ ಸೇನೆಯ ಆಗ್ರಹದ ವಿರುದ್ಧ ನಿರ್ದೇಶಕ ಹಾಗ ನಿರ್ಮಾಪಕ ಅಶೋಕ್ ಪಂಡಿತ್ ಗರಂ ಆಗಿದ್ದಾರೆ.,1,"ಚಲನಚಿತ್ರ, ನಾಟಕ ಮುಂ.ವುಗಳ ನಿರ್ಮಾಣಕ್ಕೆ ಹಣವನ್ನು ಒದಗಿಸುವವನು, ಬಂಡವಾಳ ಹಾಕುವವನು",Film/Drama Producer
ನಿರ್ಮಾಪಕ,ಈ ಚಿತ್ರದ ಮೂಲಕ ನಿರ್ಮಾಪಕ ವಿಜಯ್ ಸದಾನಂದ್ ತಮ್ಮ ಪುತ್ರ ಆಕಾಶ್‌ನನ್ನು ಹೀರೋ ಮಾಡಿದ ಖುಷಿಯಲ್ಲಿದ್ದಾರೆ.,1,"ಚಲನಚಿತ್ರ, ನಾಟಕ ಮುಂ.ವುಗಳ ನಿರ್ಮಾಣಕ್ಕೆ ಹಣವನ್ನು ಒದಗಿಸುವವನು, ಬಂಡವಾಳ ಹಾಕುವವನು",Film/Drama Producer
ನಿರ್ಮಾಪಕ,ಸಿನಿಮಾವನ್ನು ಮುಂದಿನ ವಾರ ಬಿಡುಗಡೆ ಮಾಡುವ ಸಾಧ್ಯತೆ ಇದೆ ಎಂದು ನಿರ್ಮಾಪಕ ದೇವರಾಜ್ ಹೇಳಿದ್ದಾರೆ.,1,"ಚಲನಚಿತ್ರ, ನಾಟಕ ಮುಂ.ವುಗಳ ನಿರ್ಮಾಣಕ್ಕೆ ಹಣವನ್ನು ಒದಗಿಸುವವನು, ಬಂಡವಾಳ ಹಾಕುವವನು",Film/Drama Producer
ನಿರ್ಮಾಪಕ,ಚಿತ್ರ ಅದ್ದೂರಿಯಾಗಿ ಬರುವುದಕ್ಕೆ ನಿರ್ಮಾಪಕ ಗಂಗಾಧರ್ ಅವರು ಎಲ್ಲ ರೀತಿಯಲ್ಲೂ ಸಾಥ್ ನೀಡುತ್ತಿದ್ದಾರೆ.,1,"ಚಲನಚಿತ್ರ, ನಾಟಕ ಮುಂ.ವುಗಳ ನಿರ್ಮಾಣಕ್ಕೆ ಹಣವನ್ನು ಒದಗಿಸುವವನು, ಬಂಡವಾಳ ಹಾಕುವವನು",Film/Drama Producer
ನಿರ್ಮಾಪಕ,ಸಂಗೀತಗಾರ ಗಂಭೀರವಾಗಿ ಗಾಯಗೊಂಡರು ಮತ್ತು ಅವರ ಪ್ರಯಾಣಿಕರ - 34 ವರ್ಷದ ನಿರ್ಮಾಪಕ Amirov - ನಿಧನರಾದರು.,1,"ಚಲನಚಿತ್ರ, ನಾಟಕ ಮುಂ.ವುಗಳ ನಿರ್ಮಾಣಕ್ಕೆ ಹಣವನ್ನು ಒದಗಿಸುವವನು, ಬಂಡವಾಳ ಹಾಕುವವನು",Film/Drama Producer
ನಿರ್ಮಾಪಕ,"* ಅನಾಥರು ಸಿನಿಮಾ ಮಾಡುತ್ತಿದ್ದಾಗಲೇ ನಿರ್ಮಾಪಕ ಮುನಿರತ್ನ ಅವರು, ಕುರುಕ್ಷೇತ್ರ ಮಾಡೋಣ ಅಂದಾಗ, ನಾನು ನಕ್ಕುಬಿಟ್ಟು, ಹೋಗಣ್ಣ ಅಂದಿದ್ದೆ.",1,"ಚಲನಚಿತ್ರ, ನಾಟಕ ಮುಂ.ವುಗಳ ನಿರ್ಮಾಣಕ್ಕೆ ಹಣವನ್ನು ಒದಗಿಸುವವನು, ಬಂಡವಾಳ ಹಾಕುವವನು",Film/Drama Producer
ನಿರ್ಮಾಪಕ,ಇನ್ನು ಚಿತ್ರದ ನಿರ್ಮಾಪಕ ಆನಂದ್ ಅಪ್ಪುಗೋಳ್ ಅವರಂತೂ ಚಿತ್ರೀಕರಣ ಸುಸೂತ್ರವಾಗಿ ನಡೆದರೆ ಸಾಕಪ್ಪಾ ಎಂದು ದೇವರಿಗೆ ಮೊರೆ ಹೋಗಿದ್ದಾರೆ.,1,"ಚಲನಚಿತ್ರ, ನಾಟಕ ಮುಂ.ವುಗಳ ನಿರ್ಮಾಣಕ್ಕೆ ಹಣವನ್ನು ಒದಗಿಸುವವನು, ಬಂಡವಾಳ ಹಾಕುವವನು",Film/Drama Producer
ನಿರ್ಮಾಪಕ,ಸಹ ನಿರ್ಮಾಪಕ ನಾಗೇಶ್ ಹಾಗೂ ಗೌರಿ ಎಂಬಾಕೆಯ ಪತ್ತೆಗಾಗಿ ಪೊಲೀಸರು ಬಲೆ ಬೀಸಿದ್ದಾರೆ.,1,"ಚಲನಚಿತ್ರ, ನಾಟಕ ಮುಂ.ವುಗಳ ನಿರ್ಮಾಣಕ್ಕೆ ಹಣವನ್ನು ಒದಗಿಸುವವನು, ಬಂಡವಾಳ ಹಾಕುವವನು",Film/Drama Producer
ನಿರ್ಮಾಪಕ,"ಅವರು ನಿರ್ಮಾಪಕ ಜೇ ಜಾಯ್ಸ್ಗೆ ಪರಿಚಯಿಸಲ್ಪಟ್ಟರು ಮತ್ತು ಪ್ರದರ್ಶನವನ್ನು ಪ್ರದರ್ಶಿಸಿದ ನಂತರ ಕ್ಯಾಪಿಟಲ್ ರೆಕಾರ್ಡ್ಸ್ ಸಹಿ ಮಾಡಿದರು, ಜಾಯ್ಸ್ ತನ್ನ ಆಲ್ಬಮ್ ಅನ್ನು ತಯಾರಿಸಿದರು.",1,"ಚಲನಚಿತ್ರ, ನಾಟಕ ಮುಂ.ವುಗಳ ನಿರ್ಮಾಣಕ್ಕೆ ಹಣವನ್ನು ಒದಗಿಸುವವನು, ಬಂಡವಾಳ ಹಾಕುವವನು",Film/Drama Producer
ನಿರ್ಮಾಪಕ,"ನಟ, ನಿರ್ಮಾಪಕ ರಾಘವೇಂದ್ರ ರಾಜ್‌ಕುಮಾರ್‌ ಅವರು ಮರಳಿ ಬಂದಳು ಸೀತೆ ಧಾರಾವಾಹಿಯ ಪತ್ರಿಕಾಗೋಷ್ಠಿ ಮುಗಿಸಿ ಕುಳಿತಿದ್ದರು.",1,"ಚಲನಚಿತ್ರ, ನಾಟಕ ಮುಂ.ವುಗಳ ನಿರ್ಮಾಣಕ್ಕೆ ಹಣವನ್ನು ಒದಗಿಸುವವನು, ಬಂಡವಾಳ ಹಾಕುವವನು",Film/Drama Producer
ನಿರ್ಮಾಪಕ,ಚಿತ್ರ ನಿರ್ಮಾಪಕ ಆಶಿಸಿದ್ದರು ಚಿಗುರು ಎರಡನೇ ಭಾಗ ಮೊದಲ ಕೆಟ್ಟದಾಗಿದೆ ಎಂಬುದನ್ನು.,1,"ಚಲನಚಿತ್ರ, ನಾಟಕ ಮುಂ.ವುಗಳ ನಿರ್ಮಾಣಕ್ಕೆ ಹಣವನ್ನು ಒದಗಿಸುವವನು, ಬಂಡವಾಳ ಹಾಕುವವನು",Film/Drama Producer
ನಿರ್ಮಾಪಕ,ಆಗ ಬಾಬು ರಾಣಿ ಮಹಾರಾಣಿಯಲ್ಲಿ ನಿರ್ಮಾಪಕ ಜೈಜಗದೀಶ್ ಮ್ಯಾನೇಜರ್ ಅಗಿ ಪರಿಚಯವಿತ್ತು.,1,"ಚಲನಚಿತ್ರ, ನಾಟಕ ಮುಂ.ವುಗಳ ನಿರ್ಮಾಣಕ್ಕೆ ಹಣವನ್ನು ಒದಗಿಸುವವನು, ಬಂಡವಾಳ ಹಾಕುವವನು",Film/Drama Producer
ನಿರ್ಮಾಪಕ,": ಹಾಯ್ ಕೃಷ್ಣ ಚಿತ್ರದ ನಾಯಕ, ನಿರ್ಮಾಪಕ ನವೀನ್ ಕೊಲೆ ಪ್ರಕರಣಕ್ಕೆ ಸಂಬಂಧಿಸಿದಂತೆ ಇಬ್ಬರು ಆರೋಪಿಗಳನ್ನು ಬಂಧಿಸಲಾಗಿದೆ.",1,"ಚಲನಚಿತ್ರ, ನಾಟಕ ಮುಂ.ವುಗಳ ನಿರ್ಮಾಣಕ್ಕೆ ಹಣವನ್ನು ಒದಗಿಸುವವನು, ಬಂಡವಾಳ ಹಾಕುವವನು",Film/Drama Producer
ನಿರ್ಮಾಪಕ,"ಮಳಲಿಗೌಡ, ಕೋಶಾಧ್ಯಕ್ಷ ಪುಂಡಲೀಕಹಾಲಂಬಿ, ಬಿಜೆಪಿ ಮುಖಂಡ ಬಾಲೇನಹಳ್ಳಿ ಶಿವಣ್ಣ, ಚಲನಚಿತ್ರ ನಿರ್ಮಾಪಕ ಮುರಳೀಧರ ಹಾಲಪ್ಪ, ಪುರಸಭಾಧ್ಯಕ್ಷ ಎಂ.",1,"ಚಲನಚಿತ್ರ, ನಾಟಕ ಮುಂ.ವುಗಳ ನಿರ್ಮಾಣಕ್ಕೆ ಹಣವನ್ನು ಒದಗಿಸುವವನು, ಬಂಡವಾಳ ಹಾಕುವವನು",Film/Drama Producer
ನಿರ್ಮಾಪಕ,"ನಿರ್ಮಾಪಕ ರಾಜೇಶ್ ಭಟ್ ರಿಷಬ್ ಅವರ ಕಥೆಯನ್ನು ಇಷ್ಟಪಟ್ಟಿದ್ದು, ಸಿನಿಮಾ ನಿರ್ಮಾಣಕ್ಕೆ ಒಪ್ಪಿದ್ದಾರೆ ಅನ್ನಲಾಗ್ತಿದ್ದು, ಏಪ್ರಿಲ್ ಅಥವಾ ಮೇ ವೇಳೆಗೆ ಚಿತ್ರಕ್ಕೆ ಚಾಲನೆ ಸಿಗಲಿದೆ.",1,"ಚಲನಚಿತ್ರ, ನಾಟಕ ಮುಂ.ವುಗಳ ನಿರ್ಮಾಣಕ್ಕೆ ಹಣವನ್ನು ಒದಗಿಸುವವನು, ಬಂಡವಾಳ ಹಾಕುವವನು",Film/Drama Producer
ನಿರ್ಮಾಪಕ,"ಟ್ರೇಲರ್‌ ಲಾಂಚ್‌ ಮತ್ತು ರಿಲೀಸ್‌ ಸುದ್ದಿಗೋಷ್ಠಿಗೆ ಪುನೀತ್‌ ರಾಜ್‌ಕುಮಾರ್‌, ಯಶ್‌ ಹಾಗೂ ಕೆಜಿಎಫ್‌ ಚಿತ್ರದ ನಿರ್ಮಾಪಕ ವಿಜಯ್‌ ಕಿರಗಂದೂರು ಅತಿಥಿಗಳಾಗಿ ಆಗಮಿಸಿದ್ದರು.",1,"ಚಲನಚಿತ್ರ, ನಾಟಕ ಮುಂ.ವುಗಳ ನಿರ್ಮಾಣಕ್ಕೆ ಹಣವನ್ನು ಒದಗಿಸುವವನು, ಬಂಡವಾಳ ಹಾಕುವವನು",Film/Drama Producer
ನಿರ್ಮಾಪಕ,"ಸೀರಿಯಲ್ ಸ್ಟಾರ್ ನಿರ್ಮಾಪಕ ಚಿಟ್ಟೇಸ್ವಾಮಿಗೆ ಕನ್ನಡದಲ್ಲಿ ಮಹಾಭಾರತ ಸೀರಿಯಲ್ ಮಾಡಬೇಕು, ಅತ್ಯಂತ ಡಿಫೆರೆಂಟಾಗಿ ಮಾಡಬೇಕು ಅನ್ನೋ ಆಸೆ ಒದ್ಗೊಂಡ್ ಬಂದಿತ್ತು .",1,"ಚಲನಚಿತ್ರ, ನಾಟಕ ಮುಂ.ವುಗಳ ನಿರ್ಮಾಣಕ್ಕೆ ಹಣವನ್ನು ಒದಗಿಸುವವನು, ಬಂಡವಾಳ ಹಾಕುವವನು",Film/Drama Producer
ನಿರ್ಮಾಪಕ,ಐಟಿ ದಾಳಿ ಬಳಿಕ ಕೆಜಿಎಫ್ ನಿರ್ಮಾಪಕ ವಿಜಯ್ ಕಿರಗಂದೂರು ಮೊದಲ ಪ್ರತಿಕ್ರಿಯೆ,1,"ಚಲನಚಿತ್ರ, ನಾಟಕ ಮುಂ.ವುಗಳ ನಿರ್ಮಾಣಕ್ಕೆ ಹಣವನ್ನು ಒದಗಿಸುವವನು, ಬಂಡವಾಳ ಹಾಕುವವನು",Film/Drama Producer
ನಿರ್ಮಾಪಕ,ರಾಷ್ಟ್ರೀಯ ಚಲನಚಿತ್ರ ಪ್ರಶಸ್ತಿ ವಿಜೇತ ಚಿತ್ರ ನಿರ್ಮಾಪಕ ಆನಂದ್ ಗಾಂಧಿ ಸಾಕ್ಷ್ಯಚಿತ್ರ ನಿರ್ಮಾಣ ಮಾಡಿದ್ದಾರೆ.,1,"ಚಲನಚಿತ್ರ, ನಾಟಕ ಮುಂ.ವುಗಳ ನಿರ್ಮಾಣಕ್ಕೆ ಹಣವನ್ನು ಒದಗಿಸುವವನು, ಬಂಡವಾಳ ಹಾಕುವವನು",Film/Drama Producer
ನಿರ್ಮಾಪಕ,ಮಾಸ್ತಿಗುಡಿ ಚಿತ್ರದ ನಿರ್ಮಾಪಕ ಸುಂದರ್ ಗೌಡ ಹಾಗೂ ಮಾಯಕೊಂಡ ಕ್ಷೇತ್ರದ ಕಾಂಗ್ರೆಸ್ ಶಾಸಕ ಶಿವಮೂರ್ತಿ ನಾಯ್ಕ್ ಅವರ ಪುತ್ರಿ ಲಕ್ಷ್ಮೀ ನಾಯ್ಕ್ ಗುರುವಾರದಂದು ಮೈಸೂರಿನ ದೇವಾಲಯವೊಂದರಲ್ಲಿ ವೈವಾಹಿಕ ಬದುಕಿಗೆ Read more…,1,"ಚಲನಚಿತ್ರ, ನಾಟಕ ಮುಂ.ವುಗಳ ನಿರ್ಮಾಣಕ್ಕೆ ಹಣವನ್ನು ಒದಗಿಸುವವನು, ಬಂಡವಾಳ ಹಾಕುವವನು",Film/Drama Producer
ನಿರ್ಮಾಪಕ,"ಚೆನ್ನೈ: ರಜನೀಕಾಂತ್‌ರ ಮುಂದಿನ ಚಿತ್ರ ಮುಂಬೈ ಭೂಗತ ಲೋಕದ ಮಾಜಿ ಡಾನ್‌ ದಿ| ಹಾಜಿ ಮಸ್ತಾನ್‌ ಜೀವನ ಆಧರಿಸಿಲ್ಲ ಎಂದು ರಜನಿ ಅಳಿಯ, ಚಿತ್ರದ ನಿರ್ಮಾಪಕ ಧನುಷ್‌ ಸ್ಪಷ್ಟಪಡಿಸಿದ್ದಾರೆ.",1,"ಚಲನಚಿತ್ರ, ನಾಟಕ ಮುಂ.ವುಗಳ ನಿರ್ಮಾಣಕ್ಕೆ ಹಣವನ್ನು ಒದಗಿಸುವವನು, ಬಂಡವಾಳ ಹಾಕುವವನು",Film/Drama Producer
ನಿರ್ಮಾಪಕ,"ನಿರ್ದೇಶಕ ಮುರಳಿ ಮಾತನಾಡಿ, ನಿರ್ಮಾಪಕ ಸುಧಾಕರ್ ನನ್ನ ಹಳೇ ಗೆಳೆಯರಾಗಿದ್ದರಿಂದ ಚಿತ್ರವು ತುಂಬಾ ಚೆನ್ನಾಗಿ ಮೂಡಿದೆ.",1,"ಚಲನಚಿತ್ರ, ನಾಟಕ ಮುಂ.ವುಗಳ ನಿರ್ಮಾಣಕ್ಕೆ ಹಣವನ್ನು ಒದಗಿಸುವವನು, ಬಂಡವಾಳ ಹಾಕುವವನು",Film/Drama Producer
ನಿರ್ಮಾಪಕ,"ಇನ್ನು, ನಿರ್ಮಾಪಕ ವೆಂಕಟ್‌ ಚಿತ್ರದಲ್ಲಿ ಎಸಿಪಿ ಪಾತ್ರ ನಿರ್ವಹಿಸಿದ್ದಾರೆ.",1,"ಚಲನಚಿತ್ರ, ನಾಟಕ ಮುಂ.ವುಗಳ ನಿರ್ಮಾಣಕ್ಕೆ ಹಣವನ್ನು ಒದಗಿಸುವವನು, ಬಂಡವಾಳ ಹಾಕುವವನು",Film/Drama Producer
ನಿರ್ಮಾಪಕ,"04: ಕನ್ನಡ ಹಾಗೂ ತುಳು ಸಿನಿಮಾದ ಖ್ಯಾತ ನಾಯಕ ನಟ ದುಬೈಯ ಖ್ಯಾತ ಉದ್ಯಮಿ, ಚಲನ ಚಿತ್ರ ನಿರ್ಮಾಪಕ ಶ್ರೀ ಹರೀಶ್ ಶೇರಿಗಾರ್ ಹಾಗೂ ಶ್ರೀಮತಿ ಶರ್ಮಿಳಾ ಶೇರಿಗಾರ್ ನಿರ್ಮಾಣದ ಸೂರಾಜ್ ಶೆಟ್ಟಿ ನಿರ್ದೇಶನದ ಇಂಗ್ಲೀಷ್ ತುಳು ಚಿತ್ರದ ನಾಯಕ ನಟ ಚಿ| ನಾಗರಾಜ್ (ಪೃಥ್ವಿ ಅಂಬಾರ್) ಇವರ ವಿವಾಹವು ಚಿ| ಸೌ| ಪಾರುಲ್ ಶುಕ್ಲಾ (ಬೆಂಗಳೂರು ಶ್ರೀ ಅಜಯ್ ಶುಕ್ಲಾ ಮತ್ತು ಶ್ರೀಮತಿ ಇಂದಿರಾ ಶುಕ್ಲಾ ದಂಪತಿಗಳ ಪುತ್ರಿ) ಇವರ ಜೊತೆ ನವೆಂಬರ್ 3, ರವಿವಾರ ಮಂಜೇಶ್ವರ ಸಮೀಪದ ಉಪ್ಪಳ ಐಲ ಶ್ರೀ ದುರ್ಗಾಪರಮೇಶ್ವರೀ ಕಲಾ ಭವನದಲ್ಲಿ ನೆರವೇರಿತು.",1,"ಚಲನಚಿತ್ರ, ನಾಟಕ ಮುಂ.ವುಗಳ ನಿರ್ಮಾಣಕ್ಕೆ ಹಣವನ್ನು ಒದಗಿಸುವವನು, ಬಂಡವಾಳ ಹಾಕುವವನು",Film/Drama Producer
ನಿರ್ಮಾಪಕ,ನಾಯಕ ದರ್ಶನ್ ಅವರು ಅಂದು ನಿರ್ಮಾಪಕ ಎಂ ಜಿ ರಾಮಮೂರ್ತಿ ಅವರು ಬಳಸುತ್ತಾ ಇದ್ದ ಮಾರುತಿ 800 ಕಾರನ್ನು ಅವರಿಂದ ಪಡೆದದ್ದು ವಿಶೇಷವಾಗಿತ್ತು.,1,"ಚಲನಚಿತ್ರ, ನಾಟಕ ಮುಂ.ವುಗಳ ನಿರ್ಮಾಣಕ್ಕೆ ಹಣವನ್ನು ಒದಗಿಸುವವನು, ಬಂಡವಾಳ ಹಾಕುವವನು",Film/Drama Producer
ನಿರ್ಮಾಪಕ,ಜನರ ನಿರೀಕ್ಷೆಗೆ ನಿರ್ದೇಶಕ ಅರ್ಜುನ್ ಹಾಗೂ ನಿರ್ಮಾಪಕ ಶಂಕರ್ ಸ್ಪಂದಿಸುವ ಭರವಸೆ ಎಲ್ಲರದು.,1,"ಚಲನಚಿತ್ರ, ನಾಟಕ ಮುಂ.ವುಗಳ ನಿರ್ಮಾಣಕ್ಕೆ ಹಣವನ್ನು ಒದಗಿಸುವವನು, ಬಂಡವಾಳ ಹಾಕುವವನು",Film/Drama Producer
ನಿರ್ಮಾಪಕ,ಮಾಸ್ತಿಗುಡಿ ಚಿತ್ರಕ್ಕಾಗಿ ತಿಪ್ಪಗೊಂಡನಹಳ್ಳಿ ಜಲಾಶಯದಲ್ಲಿ ಹೆಲಿಕಾಪ್ಟರ್‍ನಿಂದ ಜಿಗಿಯುವ ದೃಶ್ಯ ಚಿತ್ರೀಕರಿಸುವಾಗ ಆಕಸ್ಮಿಕವಾಗಿ ನೀರು ಪಾಲಾದ ನಟರಾದ ಅನಿಲ್ ಮತ್ತು ಉದಯ್ ಪ್ರಕರಣಕ್ಕೆ ಸಂಬಂಧಿಸಿದಂತೆ ಈಗಾಗಲೇ ನಿರ್ಮಾಪಕ ಸುಂದರ್ ಪಿ.,1,"ಚಲನಚಿತ್ರ, ನಾಟಕ ಮುಂ.ವುಗಳ ನಿರ್ಮಾಣಕ್ಕೆ ಹಣವನ್ನು ಒದಗಿಸುವವನು, ಬಂಡವಾಳ ಹಾಕುವವನು",Film/Drama Producer
ನಿರ್ಮಾಪಕ,"ಹಾಲಿವುಡ್‌ ನಂತರ ಸೋಲಿನ ಸಂಕಷ್ಟಕ್ಕೆ ಸಿಲುಕಿದ್ದ ನಿರ್ಮಾಪಕ ರಾಮುಗೆ ಮಲ್ಲ, ದುರ್ಗಿ, ಕಲಾಸಿಪಾಳ್ಯ ಯಶಸ್ಸಿನ ರುಚಿ ತೋರಿಸಿದ್ದವು.",1,"ಚಲನಚಿತ್ರ, ನಾಟಕ ಮುಂ.ವುಗಳ ನಿರ್ಮಾಣಕ್ಕೆ ಹಣವನ್ನು ಒದಗಿಸುವವನು, ಬಂಡವಾಳ ಹಾಕುವವನು",Film/Drama Producer
ನಿರ್ಮಾಪಕ,ಖ್ಯಾತ ಚಲನ ಚಿತ್ರ ನಟ ಹಾಗೂ ನಿರ್ಮಾಪಕ ರಾಜ ಶೇಖರ ಕೋಟ್ಯಾನ್ ಈ ಅದ್ದೂರಿ ಕಾರ್ಯಕ್ರಮವನ್ನು ಉದ್ಘಾಟಿಸಲಿದ್ದಾರೆ.,1,"ಚಲನಚಿತ್ರ, ನಾಟಕ ಮುಂ.ವುಗಳ ನಿರ್ಮಾಣಕ್ಕೆ ಹಣವನ್ನು ಒದಗಿಸುವವನು, ಬಂಡವಾಳ ಹಾಕುವವನು",Film/Drama Producer
ನಿರ್ಮಾಪಕ,ಕೊನೆಗೂ ಆಕೆ ಒಪ್ಪಿಕೊಂಡಿರೋದು ಖುಷಿ ತಂದಿದೆ ಅಂತಾ ನಿರ್ಮಾಪಕ ಕಾರ್ತಿಕ್ ಗೌಡ ತಿಳಿಸಿದ್ದಾರೆ.,1,"ಚಲನಚಿತ್ರ, ನಾಟಕ ಮುಂ.ವುಗಳ ನಿರ್ಮಾಣಕ್ಕೆ ಹಣವನ್ನು ಒದಗಿಸುವವನು, ಬಂಡವಾಳ ಹಾಕುವವನು",Film/Drama Producer
ನಿರ್ಮಾಪಕ,ಮಳೆಯ ಕಾರಣಕ್ಕೋ ಅಥವಾ ಇನ್ಯಾವುದೋ ಕಾರಣಕ್ಕೋ ಸದ್ರಿ ನಿರ್ಮಾಪಕ ಅಂದುಕೊಂಡಂತೆ ಅವನ ಸಿನಿಮಾ ಫ್ಲಾಪ್ ಆಗುತ್ತದೆ.,1,"ಚಲನಚಿತ್ರ, ನಾಟಕ ಮುಂ.ವುಗಳ ನಿರ್ಮಾಣಕ್ಕೆ ಹಣವನ್ನು ಒದಗಿಸುವವನು, ಬಂಡವಾಳ ಹಾಕುವವನು",Film/Drama Producer
ನಿರ್ಮಾಪಕ,ನಿರ್ಮಾಪಕ ಸ್ಟೀಫನ್ ಡೌಗ್ಲಾಸ್ ಅವರೊಂದಿಗೆ ಸಾಂದರ್ಭಿಕ ಪರಿಚಯದಿಂದಾಗಿ ವೃತ್ತಿಜೀವನದಲ್ಲಿ ಬ್ರಿಯಾನ್ ಪ್ರಾರಂಭವಾಯಿತು.,1,"ಚಲನಚಿತ್ರ, ನಾಟಕ ಮುಂ.ವುಗಳ ನಿರ್ಮಾಣಕ್ಕೆ ಹಣವನ್ನು ಒದಗಿಸುವವನು, ಬಂಡವಾಳ ಹಾಕುವವನು",Film/Drama Producer
ನಿರ್ಮಾಪಕ,ಆದರೆ ಇಲ್ಲಿನವರು ಕಥೆಯಿಲ್ಲ ಎಂದು ಬೊಬ್ಬೆ ಹೊಡೆಯುತ್ತಿದ್ದಾರೆ ಎಂಬ ಬೇಸರ ನಿರ್ಮಾಪಕ ಬಸಂತ್‌ ಕುಮಾರ್‌ ಪಾಟೀಲ್ ಅವರಲ್ಲಿತ್ತು.,1,"ಚಲನಚಿತ್ರ, ನಾಟಕ ಮುಂ.ವುಗಳ ನಿರ್ಮಾಣಕ್ಕೆ ಹಣವನ್ನು ಒದಗಿಸುವವನು, ಬಂಡವಾಳ ಹಾಕುವವನು",Film/Drama Producer
ನಿರ್ಮಾಪಕ,ಇನ್ನು ಆ್ಯಕ್ಷನ್‌ ದೃಶ್ಯಗಳನ್ನಂತೂ ಜನ ಎಂಜಾಯ್‌ ಮಾಡಿಕೊಂಡು ನೋಡುತ್ತಿದ್ದಾರೆ ಎನ್ನುತ್ತಾರೆ ನಿರ್ಮಾಪಕ ಜಯಣ್ಣ.,1,"ಚಲನಚಿತ್ರ, ನಾಟಕ ಮುಂ.ವುಗಳ ನಿರ್ಮಾಣಕ್ಕೆ ಹಣವನ್ನು ಒದಗಿಸುವವನು, ಬಂಡವಾಳ ಹಾಕುವವನು",Film/Drama Producer
ನಿರ್ಮಾಪಕ,"ಸಂಗೀತ ಉದ್ಯಮವನ್ನು ತಿಳಿದಿರುವ ಯಾರಾದರೂ ಇದ್ದರೆ, ಇದು ಪ್ರಸಿದ್ಧ ನಿರ್ಮಾಪಕ ಕ್ವಿನ್ಸಿ ಜೋನ್ಸ್.",1,"ಚಲನಚಿತ್ರ, ನಾಟಕ ಮುಂ.ವುಗಳ ನಿರ್ಮಾಣಕ್ಕೆ ಹಣವನ್ನು ಒದಗಿಸುವವನು, ಬಂಡವಾಳ ಹಾಕುವವನು",Film/Drama Producer
ನಿರ್ಮಾಪಕ,ಇದರಿಂದ ಎಚ್ಚೆತ್ತುಕೊಂಡ ನಿರ್ಮಾಪಕ ಮಾರುತಿ ಜಡೆಯರ್ ಹಾಗೂ ವಿತರಕ ಮಹೇಶ್ ಕೊಠಾರಿ ಸುಮಾರು 22 ನಿಮಿಷಗಳಷ್ಟು ಸಿನಿಮಾವನ್ನು ಎಡಿಟ್ ಮಾಡಿದ್ದರು.,1,"ಚಲನಚಿತ್ರ, ನಾಟಕ ಮುಂ.ವುಗಳ ನಿರ್ಮಾಣಕ್ಕೆ ಹಣವನ್ನು ಒದಗಿಸುವವನು, ಬಂಡವಾಳ ಹಾಕುವವನು",Film/Drama Producer
ನಿರ್ಮಾಪಕ,ಯಶ್‌ ಸ್ಥಾಪಿಸಿದ ಯಶೋಮಾರ್ಗ ಫೌಂಡೇಷನ್‌ ಗೆ ನಿರ್ಮಾಪಕ ಚೇತನ್‌ ಅವರು ಹತ್ತು ಲಕ್ಷ ರೂ.,1,"ಚಲನಚಿತ್ರ, ನಾಟಕ ಮುಂ.ವುಗಳ ನಿರ್ಮಾಣಕ್ಕೆ ಹಣವನ್ನು ಒದಗಿಸುವವನು, ಬಂಡವಾಳ ಹಾಕುವವನು",Film/Drama Producer
ನಿರ್ಮಾಪಕ,ಚಂದ್ರಶೇಖರ್ ನಿರ್ಮಾಪಕ ಅಗ್ನಿ ಶ್ರೀಧರ್‌ಗೆ ಫೋನಾಯಿಸಿದ್ದಾರೆ.,1,"ಚಲನಚಿತ್ರ, ನಾಟಕ ಮುಂ.ವುಗಳ ನಿರ್ಮಾಣಕ್ಕೆ ಹಣವನ್ನು ಒದಗಿಸುವವನು, ಬಂಡವಾಳ ಹಾಕುವವನು",Film/Drama Producer
ನಿರ್ಮಾಪಕ,ಚೀಲಗಳು ಮಾದರಿಗಳು ಮ್ಯಾಟ್ರಿಕ್ಸ್ ನಿರ್ಮಾಪಕ ಗುರುತಿಸಬಹುದು.,2,ಸೃಷ್ಟಿ ಮಾಡುವವನು,Creator
ನಿರ್ಮಾಪಕ,ಬೆಲೆ ಖರೀದಿ ಮತ್ತು ನಿರ್ಮಾಪಕ ಸ್ಥಳದ ಮೇಲೆ ಅವಲಂಬಿಸಿ ಬದಲಾಗುತ್ತದೆ.,2,ಸೃಷ್ಟಿ ಮಾಡುವವನು,Creator
ನಿರ್ಮಾಪಕ,ರಹಸ್ಯ ಸಾಮಾನ್ಯವಾಗಿ ನಿರ್ಮಾಪಕ ದೇಶೀಯ ವಸ್ತುಗಳನ್ನು ಬಳಸುತ್ತದೆ ಎಂದು ವಾಸ್ತವವಾಗಿ ಇರುತ್ತದೆ.,2,ಸೃಷ್ಟಿ ಮಾಡುವವನು,Creator
ನಿರ್ಮಾಪಕ,"ಕೆಲವು ಸಮಯದ ನಂತರ, ನಿರ್ಮಾಪಕ ಉತ್ತಮ ಭಾವಿಸಿದರು ಮತ್ತು ಅವರು ಮನೆಗೆ ಕಳುಹಿಸಲಾಯಿತು.",2,ಸೃಷ್ಟಿ ಮಾಡುವವನು,Creator
ನಿರ್ಮಾಪಕ,ಈ ನಿರ್ಮಾಪಕ ಮಾರುಕಟ್ಟೆಯಲ್ಲಿ ಒಂದು ಬಹಳ ಸಮಯ ಮತ್ತು ಉತ್ಪನ್ನದ ಶ್ರೇಣಿಯನ್ನು ಶುದ್ಧೀಕರಣ ಅಂಶಗಳು ಒಳಗೊಂಡಿದೆ.,2,ಸೃಷ್ಟಿ ಮಾಡುವವನು,Creator
ನಿರ್ಮಾಪಕ,ಓವರ್ಲಾಕಿಂಗ್ ಗ್ರಾಫಿಕ್ಸ್ ಕೋರ್ನ ನಿರ್ಮಾಪಕ ಮಾಲೀಕರು ಈ ಅವಕಾಶವನ್ನು ನೀಡುವ ಮೂಲಕ ಮಾಡಲಿಲ್ಲ.,2,ಸೃಷ್ಟಿ ಮಾಡುವವನು,Creator
ನಿರ್ಮಾಪಕ,ಮತ್ತು 2011 ರಲ್ಲಿ ನೆಲೆಗೊಂಡ ಮೊಕದ್ದಮೆಯಲ್ಲಿ ಒಂದು ತೆಂಗಿನ ನೀರಿನ ನಿರ್ಮಾಪಕ ತಮ್ಮ ಉತ್ಪನ್ನದ ಆರೋಗ್ಯದ ಬಗ್ಗೆ ಉಬ್ಬಿಕೊಳ್ಳುವ ಹಕ್ಕುಗಳನ್ನು ನಿಲ್ಲಿಸುವ ಅಗತ್ಯವಿದೆ.,2,ಸೃಷ್ಟಿ ಮಾಡುವವನು,Creator
ನಿರ್ಮಾಪಕ,"ಶೀತ-ವಿರೂಪಗೊಂಡ ಬಲವರ್ಧನೆಯ ಆಯ್ಕೆ, ಗುಣಮಟ್ಟ ಅನೇಕ ಪ್ರಭಾವಿತವಾಗಿರುತ್ತದೆ ಏಕೆಂದರೆ, ನಿರ್ಮಾಪಕ ಗಮನ ಕೊಡುತ್ತೇನೆ ಮರೆಯಬೇಡಿ.",2,ಸೃಷ್ಟಿ ಮಾಡುವವನು,Creator
ನಿರ್ಮಾಪಕ,ಕೆಎಫ್ ಸಿಸಿ ಕದ ತಟ್ಟಿದ ರಂಗಿತರಂಗದ ನಿರ್ಮಾಪಕ,2,ಸೃಷ್ಟಿ ಮಾಡುವವನು,Creator
ನಿರ್ಮಾಪಕ,ಈ ವಿಮಾನದ ನಿರ್ಮಾಪಕ ಮೈಕ್ರೋಸಾಫ್ಟ್‌ ಸಂಸ್ಥೆಯ ಸಹ ಸಂಸ್ಥಾಪಕ ಪೌಲ್‌ ಅಲೇನ್‌.,2,ಸೃಷ್ಟಿ ಮಾಡುವವನು,Creator
ನಿರ್ಮಾಪಕ,ವಿಷನ್ ಎನ್ವಿಡಿಯಾ ನಿರ್ಮಾಪಕ,2,ಸೃಷ್ಟಿ ಮಾಡುವವನು,Creator
ನಿರ್ಮಾಪಕ,"ಆದ್ದರಿಂದ, ಏನು ಒಳ್ಳೆಯದು ಬ್ರೇಕ್ ಪ್ಯಾಡ್, ವಿವಿಧ ಮಾನದಂಡಗಳನ್ನು ಮೂಲಕ ಕಂಡುಹಿಡಿಯಬಹುದು, ನಿರ್ದಿಷ್ಟವಾಗಿ ನಿರ್ಮಾಪಕ ತರಗತಿಯಲ್ಲಿ, ಇತರ ವಾಹನ ಸವಾರರ ಅಭಿಪ್ರಾಯ, ಸ್ವತಂತ್ರ ಪ್ರಯೋಗಗಳ ಫಲಿತಾಂಶಗಳು.",2,ಸೃಷ್ಟಿ ಮಾಡುವವನು,Creator
ನೆರೆ,"ಜಾಮೀಯಾ ಮಸೀದಿ ಮುತ್ತುವಲ್ಲಿ ಇದಾಯತ್‌ವುಲ್ಲಾ ಷರೀಫ್‌ ಮಾತನಾಡಿ, ಪವಿತ್ರ ಬಕ್ರೀದ್‌ ಹಬ್ಬದ ದಿನ ನಾವೆಲ್ಲರೂ ಪಟ್ಟಣದಲ್ಲಿ ನೆರೆ ಸಂತ್ರಸ್ತರಿಗಾಗಿ ಸ್ವಾಮೀಜಿಗಳ ಜತೆಗೂಡಿ ಬಿಕ್ಷಾಟನೆ ಮಾಡುತ್ತಿದ್ದೇವೆ.",1,ತುಂಬು ಪ್ರವಾಹ,Flooding
ನೆರೆ,ನೆರೆ ಸಂತ್ರಸ್ತರು ಎಷ್ಟು ನೋವಿನಿಂದ ಅಳುತ್ತಿದ್ದಾರೆ.,1,ತುಂಬು ಪ್ರವಾಹ,Flooding
ನೆರೆ,ಆದ್ದರಿಂದ ಸರಕಾರ ಹಾಗೂ ಜಿಲ್ಲಾಡಳಿತದ ವತಿಯಿಂದ ನೆರೆ ಹಾವಳಿಗೆ ಸಿಲುಕಿರುವ ಜನರಿಗೆ ನ್ಯಾಯ ಸಮ್ಮತವಾಗಿ ತಾತ್ಕಾಲಿಕ ಪರಿಹಾರವನ್ನು ನೀಡದೆ.,1,ತುಂಬು ಪ್ರವಾಹ,Flooding
ನೆರೆ,ಅಲ್ಲಿ ಅಮಿತ್ ಶಾ ಪ್ರಭಾವ ಬಳಸಿ ಅನರ್ಹರ ಹಿತಾಸಕ್ತಿ ಕಾಪಾಡೋದು ಬಿಎಸ್‍ವೈ ಉದ್ದೇಶವೇ ವಿನಃ ನೆರೆ ಸಂತ್ರಸ್ಥರ ರಕ್ಷಣೆಯಲ್ಲ ಎಂದು ಎಚ್‍ಡಿಕೆ ಆರೋಪಿಸಿದ್ದಾರೆ.,1,ತುಂಬು ಪ್ರವಾಹ,Flooding
ನೆರೆ,ಅಂಕಲಿ ಗ್ರಾಮದ ಪರಿಹಾರಕೇಂದ್ರಕ್ಕೆ ತೆರಳಿ ನೆರೆ ಸಂತ್ರಸ್ತರ ಕುಂದುಕೊರತೆಗಳನ್ನು ಆಲಿಸಿದರು.,1,ತುಂಬು ಪ್ರವಾಹ,Flooding
ನೆರೆ,"ಇನ್ಫೋಸಿಸ್ ಉತ್ತರ ಕರ್ನಾಟಕ ನೆರೆ ಪರಿಹಾರ ಯೋಜನೆಯ ಮುಖ್ಯಸ್ಥ ವಾಸುದೇವ ದೇಶಪಾಂಡೆ ಮಾತನಾಡಿ, ವ್ಯಸನಮುಕ್ತ ಗ್ರಾಮವೆಂಬ ಹೆಗ್ಗಳಿಕೆಗೆ ಪಾತ್ರವಾಗಿರುವ ಬೀರನಗಡ್ಡಿಯಲ್ಲಿ 100 ಶೌಚಾಲಯಗಳನ್ನು ನಿರ್ಮಿಸಲು ಇನ್ಫೋಸಿಸ್ ಮುಂದಾಗಿದೆ.",1,ತುಂಬು ಪ್ರವಾಹ,Flooding
ನೆರೆ,ನೆರೆ ನಿರ್ವಹಣೆಗೆ ಮುಂದಾಗಿರುವ ಸರ್ಕಾರವು ಸಂಕಷ್ಟ ಸ್ಥಿತಿಯಲ್ಲಿದೆ.,1,ತುಂಬು ಪ್ರವಾಹ,Flooding
ನೆರೆ,ನೆರೆ ಪರಿಹಾರದಲ್ಲಿ ಮಂಜೂರಾದ ಸುಮಾರು 1.,1,ತುಂಬು ಪ್ರವಾಹ,Flooding
ನೆರೆ,ಬೆಳಗಾವಿ ಜಿಲ್ಲೆ ಅರಭಾವಿ ಶಾಸಕ ಬಾಲಚಂದ್ರ ಜಾರಕಿಹೊಳಿ ಇಂದು ಕ್ಷೇತ್ರದ ವಿವಿಧ ಹಳ್ಳಿಗಳಗೆ ಭೇಟಿ ನೀಡಿ ನೆರೆ ಸಂತ್ರಸ್ತರ ಸಮಸ್ಯೆ ಆಲಿಸಿದರು.,1,ತುಂಬು ಪ್ರವಾಹ,Flooding
ನೆರೆ,ನೆರೆ ಪರಿಹಾರ ವಿಳಂಬ ನೀತಿ ಕುರಿತಂತೆ ಸ್ವಪಕ್ಷದ ವಿರುದ್ಧವೇ ಟೀಕೆ ಮಾಡಿದ್ದ ಹಿನ್ನಲೆಯಲ್ಲಿ ಯತ್ನಾಳ್ ಅವರಿಗೆ ಬಿಜೆಪಿ ಶೋಕಾಸ್ ನೋಟಿಸ್ ಜಾರಿ ಮಾಡಿದೆ ಎಂದು ಹೇಳಲಾಗುತ್ತಿತ್ತು.,1,ತುಂಬು ಪ್ರವಾಹ,Flooding
ನೆರೆ,"ಪ್ರತಿಪಕ್ಷಗಳ ಆರೋಪಗಳಿಗೆ ತಕ್ಕ ಪ್ರತ್ಯುತ್ತರ ನೀಡುವುದು, ಕೇಂದ್ರ ಸರ್ಕಾರದ ನಡೆ ಸಮರ್ಥಿಸಿಕೊಳ್ಳುವುದು, ನೆರೆ ಪರಿಹಾರ ಕಾರ್ಯದಲ್ಲಿ ರಾಜ್ಯ ಸರ್ಕಾರ ವಿಫ‌ಲವಾಗಿಲ್ಲ ಎಂದು ಬಲವಾಗಿ ಪ್ರತಿಪಾದಿಸುವ ಬಗ್ಗೆ ಚರ್ಚೆ ನಡೆಯುವ ಸಾಧ್ಯತೆ ಇದೆ.",1,ತುಂಬು ಪ್ರವಾಹ,Flooding
ನೆರೆ,ಕೇಂದ್ರ ವಿಶೇಷ ಪ್ಯಾಕೇಜ್ ಘೋಷಿಸಲು ರಾಜ್ಯದಲ್ಲಿ ಉಂಟಾಗಿರುವ ನೆರೆ ಹಾವಳಿ ಪರಿಸ್ಥಿತಿ ಹಿನ್ನಲೆಯಲ್ಲಿ ಶಾಸಕನಾಗಿ ನನ್ನ ಒಂದು ತಿಂಗಳ ಸಂಬಳ ಹಾಗೂ ಸಿದ್ದಾರ್ಥ ಶಿಕ್ಷಣ 10 ಲಕ್ಷ ರುಪಾಯಿಗಳನ್ನು ಮುಖ್ಯಮಂತ್ರಿಗಳ ಪರಿಹಾರ ನಿಧಿಗೆ ನೀಡಲಾಗುವುದು ಎಂದು ಮಾಜಿ ಉಪಮುಖ್ಯಮಂತ್ರಿಡಾ.,1,ತುಂಬು ಪ್ರವಾಹ,Flooding
ನೆರೆ,"ಗಣೇಶ ಶೇಟ್, ಮಗನಾದ ಸಂತೋಷ ಶೇಟ್, ತಮ್ಮನಾದ ಸತೀಶ ಕುರಡೇಕರ್ ಇವರು ತಾವೇ ಖುದ್ದಾಗಿ ನೆರೆ ಹಾಳಿ ಹಳ್ಳಿಗಳಾದ ಹಲಸೂರ, ನಾಗನೂರ, ವರದಾಹಳ್ಳಿ, ಕಡೊಳ್ಳಿ, ಸವೂರ, ಮೇಲ್ಮುರಿ, ವದರ್ಿ ಮಲ್ಲಾಪೂರ, ಮೂಗೂರ, ಮುಂತಾದ ಹಳ್ಳಿಗಳಿಗೆ ಪ್ರವಾಸ ಮಾಡಿ ನೆರೆ ಸಂತ್ರಸ್ಥರಿಗೆ ಬಟ್ಟೆ, ಬೆಡ್ಶೀಟ್ ಊಟ, ಬಿಸ್ಕೇಟ್, ಹಾಲು ದಿನಬಳಕೆ ಸಾಮಗ್ರಿಗಳನ್ನು ನೀಡಿ ತಮ್ಮ ಮಾನವೀಯತೆಯನ್ನು ಮೆರೆದಿದ್ದಾರೆ.",1,ತುಂಬು ಪ್ರವಾಹ,Flooding
ನೆರೆ,ಬೆಂಗಳೂರು: ರಾಜ್ಯಕ್ಕೆ ನೆರೆ ಪರಿಹಾರ ನೀಡದ ಪ್ರಧಾನಿ ನರೇಂದ್ರ ಮೋದಿ ಅವರನ್ನು ತುಘಲಕ್ ಎಂದು ಟೀಕಿಸಿರುವ ಕರ್ನಾಟಕ ಕಾಂಗ್ರೆಸ್ ರಾಜ್ಯಕ್ಕೆ ಪರಿಹಾರ ತರುವಲ್ಲಿ ವಿಫಲರಾದ ಮುಖ್ಯಮಂತ್ರಿ ಬಿ ಎಸ್ ಯಡಿಯೂರಪ್ಪ ಅವರು ನಾಲಾಯಕ್ ಎಂದು ಕರ್ನಾಟಕ ಕಾಂಗ್ರೆಸ್ ಟೀಕೆ ಮಾಡಿದೆ.,1,ತುಂಬು ಪ್ರವಾಹ,Flooding
ನೆರೆ,ಶ್ರೀಶೈಲಂ ಭಯಾನಕ ನೆರೆ ಹಾವಳಿಯಿಂದ ಬೀದಿಪಾಲಾದ ಸಂತ್ರಸ್ತರಿಗೆ ಎಲ್ಲ ರೀತಿಯಿಂದಲೂ ನೆರವು ನೀಡುವುದು ಸರ್ವರ ಆಧ್ಯ ಕರ್ತವ್ಯವಾಗಿದೆ ಎಂದು ಶ್ರೀಶೈಲ ಜಗದ್ಗುರು ಡಾ ಚನ್ನಸಿದ್ಧರಾಮ ಪಂಡಿತಾರಾಧ್ಯ ಶಿವಾಚಾರ್ಯ ಮಹಾಸ್ವಾಮಿ ಹೇಳಿದರು.,1,ತುಂಬು ಪ್ರವಾಹ,Flooding
ನೆರೆ,"ಈ ಮಧ್ಯೆ ಸ್ಥಳೀಯ ಯುವಕರ ತಂಡವೊಂದು ಮಕ್ಕಂದೂರು ಭಾಗದಲ್ಲಿ ಡ್ರೋನ್ ಕ್ಯಾಮರಾ ಮೂಲಕ ಭೂ ಕುಸಿತ ಹಾಗೂ ನೆರೆ ಪ್ರದೇಶಗಳ ದೃಶ್ಯಗಳನ್ನು ಸೆರೆ ಹಿಡಿದಿದ್ದು, ಅವು ಸಾಮಾಜಿಕ ಜಾಲತಾಣಗಳಲ್ಲಿ ಹರಿದಾಡುತ್ತಿವೆ.",1,ತುಂಬು ಪ್ರವಾಹ,Flooding
ನೆರೆ,"ಚಿಕ್ಕಬಳ್ಳಾಪುರ: ನಗರದ ಕಾಲೇಜು ಉಪನ್ಯಾಸಕರೊಬ್ಬರು ತಮ್ಮ ಗೃಹ ಪ್ರವೇಶ ಕಾರ್ಯಕ್ರಮದಲ್ಲಿ ಸ್ನೇಹಿತರ, ಬಂಧು ಬಳಗದಿಂದ ಉಡುಗೊರೆಯಾಗಿ ಬಂದ ಹಣವನ್ನು ಉತ್ತರ ಕರ್ನಾಟಕದ ಪ್ರವಾಹ ಪೀಡಿತ ನೆರೆ ಸಂತ್ರಸ್ತರಿಗೆ ನೀಡಲು ಮುಂದಾಗಿ ಮಾನವೀಯತೆ ಮೆರೆದ್ದಿದ್ದಾರೆ.",1,ತುಂಬು ಪ್ರವಾಹ,Flooding
ನೆರೆ,ನೆರೆ ಪೀಡಿತ ಸ್ಥಳಗಳಲ್ಲಿ ಜನ ಜೀವನ ಸಾಮಾನ್ಯ ಪರಿಸ್ಥಿತಿಗೆ ಮರಳುತ್ತಿದೆ ಆದರೂ ಅಲ್ಲಿ ಎಲ್ಲವೂ ಹಿಂದಿನಂತಾಗುವುದು.,1,ತುಂಬು ಪ್ರವಾಹ,Flooding
ನೆರೆ,"ಈಗಾಗಲೇ ಮಳೆಗಾಲ ಆರಂಭವಾಗಿದ್ದು, 34 ನೇ ನೆಕ್ಕಿಲಾಡಿಯು ಕುಮಾರಧಾರ ಹಾಗೂ ನೇತ್ರಾವತಿ ನದಿ ತೀರದಲ್ಲಿ ಇರುವುದರಿಂದ ಇದು ನೆರೆ ಬಾಧಿತ ಪ್ರದೇಶವೂ ಹೌದು.",1,ತುಂಬು ಪ್ರವಾಹ,Flooding
ನೆರೆ,: ನೆರೆ ಪೀಡಿತ ಪ್ರದೇಶಕ್ಕೆ ಕೇಂದ್ರದಿಂದ ಹೆಚ್ಚಿನ ನೆರವು ಪಡೆಯುವುದಕ್ಕೆ ಸಂಬಂಧಿಸಿದಂತೆ ಆಂಧ್ರಪ್ರದೇಶದ ಮುಖ್ಯಮಂತ್ರಿ ಕೆ ರೋಸಯ್ಯ ಇಂದು ಬೆಂಗಳೂರಿಗೆ ಭೇಟಿ ನೀಡಿ ಮುಖ್ಯಮಂತ್ರಿ ಯಡಿಯೂರಪ್ಪ ಅವರೊಂದಿಗೆ ಚರ್ಚೆ ನಡೆಸಿದರು.,1,ತುಂಬು ಪ್ರವಾಹ,Flooding
ನೆರೆ,"ಅರಕಲಗೂಡು ತಾಲ್ಲೂಕಿನ ರಾಮನಾಥಪುರದ ನೆರೆ ಸಂತ್ರಸ್ತರಿಗೆ 3 ಸಾವಿರ ಲೀಟರ್ ಹಾಲು, ಒಂದು ಸಾವಿರ ಬಿಸ್ಕತ್‌ ಪ್ಯಾಕ್‌ ಹಾಗೂ ಹೊದಿಕೆ ನೀಡಲಾಗುತ್ತಿದೆ.",1,ತುಂಬು ಪ್ರವಾಹ,Flooding
ನೆರೆ,ನೆರೆ ಸಂತ್ರಸ್ತರ ನೆರವಿಗೆ ಮೈಸೂರು ಪಾಲಿಕೆ: ಹುಂಡಿ ಹಿಡಿದು ಹಣ ಸಂಗ್ರಹಕ್ಕೆ ಮುಂದಾದ ಮೇಯರ್.,1,ತುಂಬು ಪ್ರವಾಹ,Flooding
ನೆರೆ,ಜಿಲ್ಲೆಯ ವಿವಿಧೆಡೆ ನೆರೆ ನೀರು ವ್ಯಾಪಿಸಿ ನೂರಾರು ಜನರು ಸಂಕಷ್ಟ ಅನುಭವಿಸುವ ದೃಶ್ಯದಿಂದ ಬೇಸರಗೊಂಡ ಸಿನೆಮಾ ತಂಡ…,1,ತುಂಬು ಪ್ರವಾಹ,Flooding
ನೆರೆ,ಮೈಸೂರು: ಜಿಲ್ಲೆಯ ನೆರೆ ಪ್ರದೇಶದ ನಿವಾಸಿಗಳಿಗೆ ಬ್ಯಾಂಕ್ ಸಾಲ ಮರುಪಾವತಿಸಲು 1 ವರ್ಷ ಸಮಯ ಅವಕಾಶ ನೀಡಲಾಗುವುದು ಎಂದು ಮೈಸೂರು ಅಪಾರ ಜಿಲ್ಲಾಧಿಕಾರಿ ಪೂರ್ಣಿಮಾ ಹೇಳಿದ್ದಾರೆ.,1,ತುಂಬು ಪ್ರವಾಹ,Flooding
ನೆರೆ,"ಭೂಕಂಪ, ಜ್ವಾಲಾಮುಖಿ, ಸುನಾಮಿ, ಚಂಡಮಾರುತ, ನೆರೆ ಹೀಗೆ ವಸುಧೆ ಬಳಿ ಹತ್ತು ಹಲವು ವಿನಾಶಕಾರಿ ಬತ್ತಳಿಕೆಗಳಿವೆ.",1,ತುಂಬು ಪ್ರವಾಹ,Flooding
ನೆರೆ,ಅಲ್ಲದೆ ಇಡೀ ಪರಿಸರದಲ್ಲಿ ದಿಢೀರ್ ಸುರಿದ ಮಳೆಯಿಂದ ನೀರು ತೋಡಿನಲ್ಲಿ ಹರಿದು ಹೋಗಲು ಸಾಧ್ಯವಾಗದೆ ಹಲವು ಕಡೆಗಳಲ್ಲಿ ಕೃತಕ ನೆರೆ ಉಂಟಾಯಿತು.,1,ತುಂಬು ಪ್ರವಾಹ,Flooding
ನೆರೆ,"ಪ್ರತಿಭಟನೆಯನ್ನುದ್ದೇಶಿಸಿ ಮಾತನಾಡಿದ ಕೆಪಿಸಿಸಿ ಕಾರ್ಯಾಧ್ಯಕ್ಷ ಈಶ್ವರ್ ಖಂಡ್ರೆ, ನೆರೆ ಪರಿಹಾರಕ್ಕಾಗಿ ಅನೇಕ ಬಾರಿ ಮನವಿ ಸಲ್ಲಿಸಿದರೂ ಕೇಂದ್ರ ಮತ್ತು ರಾಜ್ಯ ಸರಕಾರಗಳು ಯಾವುದೇ ಕ್ರಮ ಕೈಗೊಂಡಿಲ್ಲ.",1,ತುಂಬು ಪ್ರವಾಹ,Flooding
ನೆರೆ,"ಇದಕ್ಕೆ ಸಮಾಜದ ಸಹಮತವಿದ್ದು, ಚೆನ್ನಮ್ಮ ಜಯಂತಿಗೆ ಮೀಸಲಿಟ್ಟ ಹಣವನ್ನು ನೆರೆ ಸಂತ್ರಸ್ತರ ನಿಧಿಗೆ ಬಳಸಿಕೊಳ್ಳಬೇಕು.",1,ತುಂಬು ಪ್ರವಾಹ,Flooding
ನೆರೆ,"ಇನ್ನು, ನೆರೆ ಪರಿಹಾರದ ವಿಚಾರದಲ್ಲಿ ಸರ್ಕಾರವನ್ನು ಸಮರ್ಥನೆ ಮಾಡಿಕೊಳ್ಳಲು ಸಂಸದ ತೇಜಸ್ವಿ ಸೂರ್ಯ ವಿಫಲರಾಗಿದ್ದಾರೆ.",1,ತುಂಬು ಪ್ರವಾಹ,Flooding
ನೆರೆ,ರಾಜ್ಯದಲ್ಲಿ ಬರ ಹಾಗೂ ನೆರೆ ಸಮಸ್ಯೆಯಿದ್ದರೂ ಯಾವುದೇ ಪ್ಯಾಕೇಜ್ ಘೋಷಿಸಿಲ್ಲ ಎಂದು ಅವರು ಹೇಳಿದರು.,1,ತುಂಬು ಪ್ರವಾಹ,Flooding
ನೆರೆ,24- ಕೊಡಗಿನ ನೆರೆ ಸಂತ್ರಸ್ತರ ಪುನರ್ ವಸತಿಗೆ ಒಂದು ಕೋಟಿ ರೂ.,1,ತುಂಬು ಪ್ರವಾಹ,Flooding
ನೆರೆ,ನೆರೆ ಪರಿಹಾರದ ವಿಚಾರದಲ್ಲಿ ಕರ್ನಾಟಕವನ್ನು ಕಡೆಗಣಿಸಿತಾ ಕೇಂದ್ರ ಸರ್ಕಾರ…?,1,ತುಂಬು ಪ್ರವಾಹ,Flooding
ನೆರೆ,"ಅಶ್ವತ್ಥ್ ನಾರಾಯಣ್‌, ಲಕ್ಷ್ಮಣ್ ಸವದಿ ಹೀಗೆ ಸಾಲು ಸಾಲು ನಾಯಕರುಗಳು ಬೇರೆ ರಾಜ್ಯದ ಚುನಾವಣಾ ಆಖಾಡದ ಪ್ರಚಾರದಲ್ಲಿ ಭಾಗಿಯಾದ್ರೆ, ಇಲ್ಲಿನ ನೆರೆ ಸಂತ್ರಸ್ತರ ಪಾಡೇನು?",1,ತುಂಬು ಪ್ರವಾಹ,Flooding
ನೆರೆ,ಇನ್ನೂ 10 ದಿನಗಳು ನೆರೆ ಪರಿಹಾರ ಕೇಂದ್ರಗಳು ಮುಂದುವರಿಯುತ್ತವೆ.,1,ತುಂಬು ಪ್ರವಾಹ,Flooding
ನೆರೆ,13]: ರಾಜ್ಯದಲ್ಲಿ ಭೀಕರ ಪ್ರವಾಹ ಪರಿಸ್ಥಿತಿ ನಡುವೆ ನೆರೆ ಪೀಡಿತ ಪ್ರದೇಶಕ್ಕೆ ತೆರಳಿದ ಬಿಜೆಪಿ ಶಾಸಕರೋರ್ವರ ಕಷ್ಟದ ಸಮಯದಲ್ಲೂ ತಮ್ಮ ರಾಜಕೀಯ ನಡೆ ಪ್ರದರ್ಶಿಸಿದ್ದಾರೆ.,1,ತುಂಬು ಪ್ರವಾಹ,Flooding
ನೆರೆ,ಈ ಮಾದರಿಯನ್ನು ಈಗಾಗಲೇ ನೆರೆ ರಾಜ್ಯಗಳಾದ ತಮಿಳುನಾಡು ಹಾಗೂ ಮಹಾರಾಷ್ಟ್ರ ಸರ್ಕಾರಗಳು ಅನುಷ್ಠಾನಗೊಳಿಸಿವೆ.,2,ಪಕ್ಕ,Side
ನೆರೆ,"ಹುಬ್ಬಳ್ಳಿಯ ಪತ್ರಿಕಾ ಛಾಯಾಗ್ರಾಹಕರ ವತಿಯಿಂದ ನೆರೆ ಛಾಯಾ ಛಾಯಾಚಿತ್ರ ಪ್ರದರ್ಶನವನ್ನು ಅಕ್ಟೋಬರ್ 19, 20 ಕ್ಕೆ ಇಂದಿರಾ ಗಾಜಿನ ಮನೆಯಲ್ಲಿ ಪ್ರದರ್ಶನ ಮಾಡಲಾಗುತ್ತಿದೆ.",2,ಪಕ್ಕ,Side
ನೆರೆ,ರಾಜ್ಯ ಮತ್ತು ನೆರೆ ರಾಜ್ಯಗಳಿಂದ ಹೆಸರಾಂತ ಜಟ್ಟಿಗಳು ಭಾಗವಹಿಸುತ್ತಾರೆ.,2,ಪಕ್ಕ,Side
ನೆರೆ,ಇದೇ ವೇಳೆ ನೆರೆ ದೇಶಗಳ ನಡುವಿನ ಬಂಡವಾಳ ಹರಿವಿನ ಸಮಗ್ರತೆಗೆ ಸಂಬಂಧಿಸಿದಂತೆ ಯಾವುದೇ ರಾಜಿ ಮಾಡಿಕೊಳ್ಳದೆ,2,ಪಕ್ಕ,Side
ನೆರೆ,ವಿಶ್ವ ಸಂಸ್ಥೆಯ ಮಹಾಧಿವೇಶನದಲ್ಲಿ ಮಾತನಾಡಿದ ಪಾಕಿಸ್ಥಾನವು ತನ್ನ ನೆಲದಲ್ಲಿನ ಜಿಹಾದಿ ಮೂಲಭೂತವಾದವನ್ನು ಮತ್ತು ನೆರೆ ಪ್ರದೇಶಗಳಲ್ಲಿನ ಉಗ್ರವಾದವನ್ನು ಕೊನೆಗೊಳಿಸುವುದಾಗಿ ಭರವಸೆ ನೀಡಿದೆ.,2,ಪಕ್ಕ,Side
ನೆರೆ,"ಸಿಡ್ರಿಕ್ ಜಾಕೋಬ ಮಾತನಾಡಿ, ಇತರರ ಓರೆಕೋರೆ ಬದಲಿಸುವ ಮೊದಲು ತನ್ನನ್ನು ತಾನು ಬದಲಿಸಬೇಕು, ನೆರೆ ಹೊರೆಯವರನ್ನು ಪ್ರೀತಿಸು, ಸಮರ್ಪಣಾ ಭಾವನೆ, ನಮ್ಮಲ್ಲಿ ಅಳವಡಿಸಿಕೊಳ್ಳಬೇಕೆಂದರು.",2,ಪಕ್ಕ,Side
ನೆರೆ,"ಈ ಬೆಳವಣಿಗೆ, ಗೊಂದಲಕ್ಕೆ ಕಾಂಗ್ರೆಸ್ ಕಾರಣ ನಾವಲ್ಲ, ಈ ವಿವಾದ ಸುಪ್ರೀಮ್ ಕೋರ್ಟಗೆ ಕಾರಣರಾದ ಕಾಂಗ್ರೆಸ್‌ನವರೊಂದಿಗೆ ಹೋಗಿ ನೆರೆ ರಾಜ್ಯಗಳ ಒಪ್ಪಿಸಲು ಸಿದ್ದರಿದ್ದೇವೆ ಎಂದರು.",2,ಪಕ್ಕ,Side
ನೆರೆ,ಪ್ರಕರಣದ ತನಿಖೆಯನ್ನು ತೀವ್ರಗೊಳಿಸಿ ಇವರ ಮನೆ ಪಕ್ಕದಲ್ಲಿನ ಟೈಲರ್ ಅಂಗಡಿಯಲ್ಲಿ ಕೆಲಸ ಮಾಡುತ್ತಿದ್ದ ಆಸೀಫ್ ಮೇಲೆ ನೆರೆ ಮನೆಯವರು ಸಂಶಯ ವ್ಯಕ್ತಪಡಿಸಿದ್ದರು.,2,ಪಕ್ಕ,Side
ನೆರೆ,ನೆರೆ ರಾಜ್ಯದ ವ್ಯಾಪಾರಿಗಳಂತೆ ನಮ್ಮ ತಾಲೂಕಿನ ವ್ಯಾಪಾರಿಗಳು ಕೂಡ ರೈತರಿಗ ಗಂಟೆಯಲ್ಲಿ ಹಣ ನೀಡಲು ಮುಂದಾಗಬೇಕು.,2,ಪಕ್ಕ,Side
ನೆರೆ,"ಅಥ್ಲೀಟ್‌ಗಳಿಗೆ ಅಂತಿಮ ಪ್ರವೇಶಾತಿಗೆ ಮಂಗಳವಾರ ಕೊನೆಗೊಂಡಿದ್ದು, ನೆರೆ ರಾಷ್ಟ್ರಗಳ ಅಥ್ಲೀಟ್‌ಗಳು ಇನ್ನು ಕೆಲವೇ ದಿನಗಳಲ್ಲಿ ಭಾರತಕ್ಕೆ ಆಗಮಿಸಲಿದ್ದಾರೆ.",2,ಪಕ್ಕ,Side
ನೆರೆ,"ಉತ್ತಮ ಗುರುವಾಗಿ ಇವರು ತರಬೇತಿ ನೀಡಿದ್ದ ಶಿಷ್ಯರಲ್ಲನೇಕರು ರಾಜಮಹೇಂದ್ರಿ, ರಂಗಾಪುರ, ಕೃಷ್ಣಗಿರಿ, ಪಾಂಡಿಚೇರಿ ಮುಂತಾದ ನೆರೆ ರಾಜ್ಯಗಳ ಸ್ಥಳಗಳಲ್ಲಿಯೂ, ನಮ್ಮ ನಾಡಿನ ಹಲವೆಡೆಯಲ್ಲಿಯೂ ವ್ಯಾಪಕವಾಗಿ ನೆಲೆಸಿ ಗುರುಗಳ ಪರಂಪರೆಯನ್ನು ಮುಂದುವರೆಸುತ್ತಿದ್ದಾರೆ.",2,ಪಕ್ಕ,Side
ನೆರೆ,"ಪೌರತ್ವ ತಿದ್ದುಪಡಿ ಕಾಯ್ದೆ ಕುರಿತು ಪ್ರತಿಕ್ರಿಯಿಸಿದ ಅವರು, ನೆರೆ ದೇಶದ ಅಲ್ಪಸಂಖ್ಯಾತರಿಗೆ ರಕ್ಷಣೆ ನೀಡುವ ಬದಲು, ದೇಶದಲ್ಲಿನ ಅಲ್ಪಸಂಖ್ಯಾತ ಸಮುದಾಯಕ್ಕೆ ರಕ್ಷಣೆ ನೀಡಬೇಕು.",2,ಪಕ್ಕ,Side
ನೆರೆ,ಈ ಎಲ್ಲ ನೌಕರರು ತಾವು ಶೌಚಾಲಯ ನಿರ್ಮಿಸಿಕೊಳ್ಳುವುದುಲ್ಲದೇ ತಮ್ಮ ನೆರೆ ಹೊರೆಯವರಿಗೆ ಶೌಚಾಲಯ ನಿರ್ಮಿಸಿಕೊಳ್ಳುವಂತೆ ಮನವೊಲಿಸಬೇಕು.,2,ಪಕ್ಕ,Side
ನೆರೆ,ನಮ್ಮ ನೆರೆ ರಾಷ್ಟ್ರವಾದ ಚೀನಾದ ಅಧ್ಯಕ್ಷ.,2,ಪಕ್ಕ,Side
ನೆರೆ,ನೆರೆ ರಾಷ್ಟ್ರಗಳು ಒಂದಿಲ್ಲೊಂದು ರೀತಿಯ ಉಪಟಳ ನೀಡುತ್ತಿವೆ.,2,ಪಕ್ಕ,Side
ನೆರೆ,ಈ ಸಂಘಟನೆ ನೆರೆ ಹೊರೆಯ ದೇಶಗಳ ಪ್ರಾದೇಶಿಕ ಬಾಂಧವ್ಯಗಳನ್ನು ಅತ್ಯಂತ ದುರ್ಭರಗೊಳಿಸಿದೆ ಎಂದು ಅಮೆರಿಕ ವಿದೇಶಾಂಗ ಇಲಾಖೆ ತಿಳಿಸಿದೆ.,2,ಪಕ್ಕ,Side
ನೆರೆ,ನಮ್ಮಲ್ಲೇ ನೀರಿಲ್ಲದೇ ಇರುವಾಗ ನೆರೆ ರಾಜ್ಯಕ್ಕೆ ನೀರು ಬಿಡುವುದು ಎಲ್ಲಿಂದ ಎಂದು ಪ್ರಶ್ನಿಸಿದರು.,2,ಪಕ್ಕ,Side
ನೆರೆ,ಭಾರತದ ನೆರೆ ರಾಷ್ಟ್ರ ಬಾಂಗ್ಲಾದೇಶದ ಶೇ.,2,ಪಕ್ಕ,Side
ನೆರೆ,"* ಕರ್ನಾಟಕದ ನೆರೆ ರಾಜ್ಯಗಳಾದ ತಮಿಳುನಾಡು, ಆಂಧ್ರಪ್ರದೇಶ, ಮಹಾರಾಷ್ಟ್ರದಲ್ಲಿ ಲಕ್ಷಾಂತರ ಕನ್ನಡಿಗರು ನೆಲೆಸಿದ್ದರೂ ಅಲ್ಲಿ ಕನ್ನಡ ಚಿತ್ರಗಳ ಮಾರುಕಟ್ಟೆ ಇಲ್ಲ.",2,ಪಕ್ಕ,Side
ನೆರೆ,ಇಂದಿಗೂ ಕರಗಕ್ಕೆ ದೇಶ-ವಿದೇಶ ಹಾಗೂ ನೆರೆ ರಾಜ್ಯಗಳಿಂದ ಸಾವಿರಾರು ಭಕ್ತರು ಆಗಮಿಸಿ ದೇವಿ ಸ್ವರೂಪಿಯಾದ ಕರಗಕ್ಕೆ ಬಿಡಿ ಮಲ್ಲಿಗೆ ಹೂವುಗಳನ್ನು ಎಸೆದು ಭಕ್ತಿ ಪರಾಕಾಷ್ಠೆ ಮೆರೆಯುತ್ತಾರೆ.,2,ಪಕ್ಕ,Side
ನೆರೆ,ಇಂಥ ಕಾಡಿನ ಅಕ್ಕಪಕ್ಕದಲ್ಲಿರುವ ಗ್ರಾಮಗಳಿಗೆ ಹೇಗೆ ಅಪಾಯ ಇರುತ್ತದೋ ಹಾಗೇಯೇ ಕಮ್ಯುನಿಸಂ ರಾಷ್ಟ್ರಗಳನ್ನು ನೆರೆ ರಾಷ್ಟ್ರಗಳನ್ನಾಗಿ ಹೊಂದಿದ ಎಲ್ಲಾ ರಾಷ್ಟ್ರಗಳಿಗೆ ಅಪಾಯ ಕಟ್ಟಿಟ್ಟದ್ದು ಎಂದು ಎಚ್ಚರಿಸಿದ್ದರು.,2,ಪಕ್ಕ,Side
ನೆರೆ,ನೆರೆ ರಾಜ್ಯದಂತೆ ಪಕ್ಷಾಂತರಿಗಳಿಗೆ ತಕ್ಕ ಪಾಠ : ಆರ್.,2,ಪಕ್ಕ,Side
ನೆರೆ,ಘಟನೆ ಸಂಬಂಧ ಈತನ ನೆರೆ ಮನೆ ನಿವಾಸಿಯಾದ ಸ್ನೇಹಿತನಾದ ಯುವಕನನ್ನು ಬೇಕಲ ಪೊಲೀಸರು ಕಸ್ಟಡಿಗೆ ತೆಗೆದು ತನಿಖೆಗೊಳ ಪಡಿಸಿದ್ದಾರೆ.,2,ಪಕ್ಕ,Side
ನೆರೆ,ನಾಗರಹೊಳೆ ಅಭಯಾರಣ್ಯದ ಕಾಡಂಚಿನ ಹಾಡಿ ಹುಣಸೂರು ತಾಲೂಕಿನ ವೀರನಹೊಸಹಳ್ಳಿ ಗೇಟ್ ಬಳಿ ನಾಳೆ ಬೆಳಿಗ್ಗೆ 11ಕ್ಕೆ ದಸರಾ ಗಜಪಡೆಗೆ ಮೈಸೂರು ಜಿಲ್ಲೆ ನೆರೆ ಪರಿಹಾರ ಉಸ್ತುವಾರಿಯಾಗಿ ನಿಯೋಜನೆಗೊಂಡಿರುವ ಸಚಿವ ಆರ್.,2,ಪಕ್ಕ,Side
ನೆರೆ,ನೆರೆ ರಾಜ್ಯದ ಭಕ್ತರ ದಂಡು,2,ಪಕ್ಕ,Side
ನೆರೆ,"ನೆರೆ ರಾಜ್ಯದವರು ಆ ಕಾರ್ಯವನ್ನು ನಿಷ್ಠೆಯಿಂದ ಮಾಡುತ್ತಿದ್ದರೆ, ನಮ್ಮ ರಾಜ್ಯದಲ್ಲಿ ಕನ್ನಡ ವಿರೋಧಿ ಧೋರಣೆ ಮುಂದುವರಿಯುತ್ತಿದೆ ಎಂದು ಬೇಸರ ವ್ಯಕ್ತಪಡಿಸಿದರು.",2,ಪಕ್ಕ,Side
ನೆರೆ,ಆದರೆ ವಿದೇಶಿ ಜೀವನದಲ್ಲಿ ಹೆಣಗಬೇಕಾದವರ ಕಥೆ ಅಷ್ಟು ಸುಲಭವಲ್ಲ - ಮೊದಲಿಗೆ ನೆರೆ ಹೊರೆಯ ಆಯ್ಕೆ ನಿರ್ಧರಿಸುವುದು ಸುಲಭವಲ್ಲ.,2,ಪಕ್ಕ,Side
ನೆರೆ,ನೆರೆ ದೇಶಗಳೊಂದಿಗೆ ನಮ್ಮ ರಾಜ್ಯದ ಸಂಬಂಧಗಳ ನಿರ್ದಿಷ್ಟತೆಯನ್ನು ಸಂಶೋಧಕರು ವಿಶ್ಲೇಷಿಸುತ್ತಿದ್ದಾರೆ.,2,ಪಕ್ಕ,Side
ನೆರೆ,"ಮಹಾರಾಷ್ಟ್ರ, ಆಂಧ್ರಪ್ರದೇಶ, ತೆಲಂಗಾಣ, ಗೋವಾ, ಕೇರಳ, ತಮಿಳುನಾಡು ಹೀಗೆ ನೆರೆ ರಾಜ್ಯಗಳ ಅಂಚಿನಲ್ಲಿರುವ ಗಡಿ ಗ್ರಾಮಗಳ ಗೋಳು ನಿರಂತರ ಕಣ್ಣೀರಧಾರೆ.",2,ಪಕ್ಕ,Side
ನೆರೆ,ರಾಮಸ್ವರೂಪ್ ಅವರ ನೆರೆ ಮನೆಯಾತ ಸಂಜಯ್ ಯಾದವ್ ಅವರ 21 ವರ್ಷ ಮಗಳು ಯೋಗಿತಾಳಿಗೆ ಗಂಡು ಹುಡುಕುತ್ತಿದ್ದಾರೆ.,2,ಪಕ್ಕ,Side
ನೆರೆ,"ಸಮರ ಛಾಯೆ ತೀವ್ರವಾಗುತ್ತಿದ್ದಂತೆಯೇ, ಇರಾಕ್‌ ಮತ್ತು ನೆರೆ ದೇಶಗಳಲ್ಲಿರುವ ತನ್ನೆಲ್ಲ ಪ್ರಜೆಗಳೂ ಕೂಡಲೇ ಸ್ವದೇಶಕ್ಕೆ ಮರಳಬೇಕು ಎಂದು ಅಮೆರಿಕ ಶುಕ್ರವಾರ ಸೂಚಿಸಿದೆ.",2,ಪಕ್ಕ,Side
ನೆರೆ,ಇದರಿಂದ ಜಿಲ್ಲೆ ಹಾಗೂ ನೆರೆ ಹೊರೆಯ ಜಿಲ್ಲೆಯ ರಫ್ತು ಉದ್ದಿಮೆದಾರರಿಗೆ ಅಗತ್ಯ ಸೌಲಭ್ಯ ಕಲ್ಪಿಸಿದಂತಾಗಿ ರಫ್ತು ಉತ್ತೇಜನಕ್ಕೆ ಒತ್ತು ಕೊಟ್ಟಂತಾಗುತ್ತದೆ.,2,ಪಕ್ಕ,Side
ನೆರೆ,ಆದುದರಿಂದ ಮಹಾರಾಷ್ಟ್ರೀಯರು ಸೊಲ್ಲಾಪುರ ನಗರವನ್ನು ಆ ತಾಲ್ಲೂಕಿನಿಂದ ಬೇರ್ಪಡಿಸಿ ನಗರ ಸುತ್ತಲೂ ಇರುವ ಸುಮಾರು ಇಪ್ಪತ್ತು ಗ್ರಾಮಗಳನ್ನು ನೆರೆ ತಾಲ್ಲೂಕಿನಲ್ಲಿನ ಮರಾಠಿ ಪ್ರಾಧಾನ್ಯವಿರುವ ನಲ್ವತ್ತು ಗ್ರಾಮಗಳೊಂದಿಗೆ ಸೊಲ್ಲಾಪುರ ನಗರವನ್ನು ಸೇರಿಸಿ ಅದಕ್ಕೆ ಉತ್ತರ ಸೊಲ್ಲಾಪುರ ತಾಲ್ಲೂಕೆಂದು ಹೆಸರಿಸಿದ್ದಾರೆ.,2,ಪಕ್ಕ,Side
ನೆರೆ,"ನಗರದ ಕೈಗಾರಿಕಾ ಪ್ರದೇಶದ ಹಿಂಭಾಗದಲ್ಲಿ ಅರಣ್ಯ ಇಲಾಖೆ ಇಟ್ಟಿದ್ದ ಬೋನಿಗೆ ಬಿದ್ದ ಚಿರತೆ ಎರಡು ವರ್ಷ ಪ್ರಾಯದ ಗಂಡು ಚಿರತೆಯಾಗಿದ್ದು, ಕೂಡಲೇ ಇದನ್ನು ಗಮನಿಸಿಕೊಂಡ ನೆರೆ ಹೊರೆಯರು ಅರಣ್ಯ ಇಲಾಖೆ ಸಿಬ್ಬಂದಿಗೆ ಮಾಹಿತಿ ನೀಡಿದ್ದಾರೆ.",2,ಪಕ್ಕ,Side
ನೆರೆ,"ಜಾತ್ರೆಗೆ ಆಗಮಿಸಿದ್ದ ನೆರೆ ರಾಜ್ಯ ಹಾಗೂ ವಿವಿಧ ಜಿಲ್ಲೆಗಳಿಂದ ಆಗಮಿಸಿದ್ದ ಎತ್ತುಗಳು, ಕೃಷಿ ಪರಿಕರಗಳು ರೈತರನ್ನು ಆಕರ್ಷಿಸುತ್ತಿದ್ದವು.",2,ಪಕ್ಕ,Side
ನೆರೆ,ಮೀ ದೂರದ ವಾಯವ್ಯ ದಿಕ್ಕಿನಲ್ಲಿ ನೆಲೆಸಿದ್ದು ಇತರರ ನೆರೆ ರಾಜ್ಯಗಳಾದ ಮಹಾರಾಷ್ಟ್ತ್ರದ ರಾಜಧಾನಿ ಮುಂಬೈಯಿಂದ ದಕ್ಷಿಣಕ್ಕೆ 550 ಕಿ.,2,ಪಕ್ಕ,Side
ನೆರೆ,ಭಾರತದ ನೆರೆ ರಾಷ್ಟ್ರ ಪಾಕಿಸ್ತಾನ 72ನೇ ಸ್ಥಾನದಲ್ಲಿದೆ.,2,ಪಕ್ಕ,Side
ನೆರೆ,ಆದರೆ ಈ ಬಾರಿ ನಮ್ಮ ನೆರೆ ದೇಶ ಚೀನಾ ದಿನೇ ದಿನೇ ತನ್ನ ಸೇನಾ ಸಾಮರ್ಥ್ಯವನ್ನು ವೃದ್ಧಿಸಿಕೊಂಡು ದಕ್ಷಿಣ ಚೀನಾ ಸಮುದ್ರ ಸೇರಿದಂತೆ ಹಿಂದೂ ಮಹಾಸಾಗರದ ಮೇಲೆ ಪ್ರಭುತ್ವ ಸಾಧಿಸಲು ಪ್ರಯತ್ನಿಸುತ್ತಿದೆ.,2,ಪಕ್ಕ,Side
ನೆರೆ,- ಕೇಂದ್ರ ಸರಕಾರ ನೆರೆ ರಾಜ್ಯಗಳೊಂದಿಗೆ ಉತ್ತಮ ಸಂಬಂಧ ಇಟ್ಟುಕೊಂಡರೆ ರಾಜ್ಯಕ್ಕೂ ಒಳಿತಾಗುತ್ತದೆ ಎಂಬ ತಿಳಿವಳಿಕೆ ಹೊಂದಿರಬೇಕು.,2,ಪಕ್ಕ,Side
ನೇರ,ಕಾಲಕಳೆದಂತೆ ಬುದ್ಧನ ನೇರ ಅನುಯಾಯಿಗಳ ಹೀನಯಾನ ಪಂಥವು ಕಣ್ಮರೆಯಾಗಿ ಮಹಾಯಾನ ಪಂಥವು ಬೇರು ಬಿಟ್ಟು ಬೆಳೆಯತೊಡಗಿತು.,1,"ನಿಜ, ಸತ್ಯ, ಕಾಲ, ಸಮಯ",Live
ನೇರ,ಡ್ರಾಪ್ಬಾಕ್ಸ್ನಂತಹ ಸೇವೆಗಳು ವಿಭಿನ್ನ ಫೋಲ್ಡರ್ಗಳಿಗೆ ಚಿತ್ರಗಳನ್ನು ಮತ್ತು ವೀಡಿಯೊಗಳನ್ನು ಅಪ್ಲೋಡ್ ಮಾಡಲು ಮಾತ್ರವಲ್ಲದೆ ನಿಮಗೆ ವಿಷಯವನ್ನು ತೋರಿಸಲು ನೀವು ಬಯಸುವಂತಹ ನೇರ ಡೌನ್ಲೋಡ್ ಲಿಂಕ್ಗಳನ್ನು ನಿಮಗೆ ಒದಗಿಸುತ್ತದೆ.,1,"ನಿಜ, ಸತ್ಯ, ಕಾಲ, ಸಮಯ",Live
ನೇರ,"ಇದು ಹದಿಮೂರು ವಸಾಹತುಗಳ ಮೇಲೆ ನೇರ ಪರಿಣಾಮವನ್ನು ಹೊಂದಿಲ್ಲವಾದರೂ, ಕ್ವಿಬೆಕ್ ಆಕ್ಟ್ ಅನ್ನು ಅಮೆರಿಕನ್ ವಸಾಹತುಗಾರರು ಅಸಹನೀಯ ಕಾಯಿದೆಗಳ ಭಾಗವೆಂದು ಪರಿಗಣಿಸಲಾಯಿತು.",1,"ನಿಜ, ಸತ್ಯ, ಕಾಲ, ಸಮಯ",Live
ನೇರ,"ಮಿನಿ ಉದ್ಯೋಗ ಮೇಳೆದಲ್ಲಿ ಬೆಂಗಳೂರಿನ ಅಪೋಲೋ ಆಸ್ಪತ್ರೆಯಲ್ಲಿ ಖಾಲಿಯಿರುವ ಸ್ಟಾಫ್‍ನರ್ಸ್ ಹುದ್ದೆಗೆ ಪುರುಷ, ಮಹಿಳಾ ಅಭ್ಯರ್ಥಿಗಳನ್ನು ನೇರ ಸಂದರ್ಶನದ ಮೂಲಕ ಆಯ್ಕೆ ಮಾಡಿಕೊಳ್ಳಲಾಗುತ್ತದೆ.",1,"ನಿಜ, ಸತ್ಯ, ಕಾಲ, ಸಮಯ",Live
ನೇರ,ಬಿಜೆಪಿ ಹಾಗೂ ಕಾಂಗ್ರೆಸ್ ನಡುವಿನ ನೇರ ಹೋರಾಟದ ಈ ಕಣದಲ್ಲಿ ಜಾ.,1,"ನಿಜ, ಸತ್ಯ, ಕಾಲ, ಸಮಯ",Live
ನೇರ,"ಜಿಲ್ಲಾಧಿಕಾರಿಯಾಗಿ ತುಮಕೂರು ಜಿಲ್ಲೆಯಲ್ಲಿ ಕರ್ತವ್ಯ ವಹಿಸಿಕೊಂಡ ನಂತರ ಚುನಾವಣಾ ಕರ್ತವ್ಯದ ಜೊತೆಯಲ್ಲಿ ಜಿಲ್ಲೆಯಲ್ಲಿ 174ಮಂದಿ ನೇರ ನೇಮಕಾತಿಯಡಿ ಹಾಗೂ 549 ಮಂದಿ ನೇರ ಪಾವತಿ, ಒಟ್ಟು 723 ಮಂದಿ ಪೌರ ನೌಕರರಿಗೆ ಆದೇಶ ನೀಡಲಾಗಿದೆ.",1,"ನಿಜ, ಸತ್ಯ, ಕಾಲ, ಸಮಯ",Live
ನೇರ,"ಕಾರ್ಯಕ್ರಮದ ಮುಖ್ಯ ಅತಿಥಿಗಳಾಗಿ ಆಗಮಿಸಿದ್ದ ಕೇಂದ್ರ ರಸಗೊಬ್ಬರ ಖಾತೆ ಸಚಿವ ಅನಂತ ಕುಮಾರ್ ಅವರು ಮಾತನಾಡಿ 7 ದಶಕಗಳಿಂದ ಗಾಂಧಿ ತತ್ವಗಳನ್ನು ಪಾಲನೆ ಮಾಡಿಕೊಂಡು ಅದರಂತೆ ಬದುಕುತ್ತಿರುವ ಚನ್ನಮ್ಮ ನಂತವರು ನಮಗೆ ಗಾಂಧಿಜಿಯ ನೇರ ಬಾತ್ಮೀದಾರರಿದ್ದಂತೆ, ಇವತ್ತಿನ ನೆಡೆದಾಡುವ ಗಾಂಧಿ ಅವರು, ಅವರಿಗೆ ಪ್ರಶಸ್ತಿಯನ್ನು ನೀಡಿ ಗೌರವಿಸುತ್ತಿರುವುದು ಕರ್ನಾಟಕ ಸರಕಾರದ ಗೌರವ ಹೆಚ್ಚಿಸಿದೆ ಎಂದು ಹೇಳಿದರು.",1,"ನಿಜ, ಸತ್ಯ, ಕಾಲ, ಸಮಯ",Live
ನೇರ,ಹೀಗಾಗಿ ನನ್ನಂಥವರ ಅನುಕೂಲಕ್ಕಾಗಿ ಸಮ್ಮೇಳನವನ್ನು ಯೂ-ಟ್ಯೂಬ್‌ನಲ್ಲಿ ನೇರ ಪ್ರಸಾರ ಗೊಳಿಸುವಂತೆ ಮನು ಬಳಿಗಾರ್ ಅವರಿಗೆ ಮೊಬೈಲ್ ಸಂದೇಶವನ್ನು ಕಳುಹಿಸಿದ್ದೆ.,1,"ನಿಜ, ಸತ್ಯ, ಕಾಲ, ಸಮಯ",Live
ನೇರ,ಹುಮನಾಬಾದ್: ಬೀದರ್ ಜಿಲ್ಲೆಯಲ್ಲಿ ಕಾಂಗ್ರೆಸ್ ಪಕ್ಷ ಹೀನಾಯ ಸೋಲು ಅನುಭವಿಸುವುದಕ್ಕೆ ಸಂಸದ ಹಾಗೂ ಮಾಜಿ ಮುಖ್ಯಮಂತ್ರಿ ಧರ್ಮಸಿಂಗ್ ಹಾಗೂ ಜಿಲ್ಲಾ ಕಾಂಗ್ರೆಸ್ ಅಧ್ಯಕ್ಷ ಈಶ್ವರ ಖಂಡ್ರೆ ನೇರ ಹೊಣೆಗಾರರು ಎಂದು ಶಾಸಕ ರಾಜಶೇಖರ ಪಾಟೀಲ ಆರೋಪಿಸಿದರು.,1,"ನಿಜ, ಸತ್ಯ, ಕಾಲ, ಸಮಯ",Live
ನೇರ,"ನೇರ ವ್ಯಾಪಾರವು ನಿರ್ಮಾಪಕರ ಪಾಕೆಟ್ಸ್ ಮತ್ತು ಸಮುದಾಯಗಳಿಗೆ ಹೆಚ್ಚು ಹಣವನ್ನು ಪೂರೈಕೆ ಸರಪಳಿಯಿಂದ ಮಧ್ಯವರ್ತಿಗಳನ್ನು ಕಡಿತಗೊಳಿಸಿ, ಮತ್ತು ನ್ಯಾಯೋಚಿತ ವ್ಯಾಪಾರ ಬೆಲೆಗಿಂತ ಹೆಚ್ಚಾಗಿ ಪಾವತಿಸುವ ಮೂಲಕ ಇರಿಸುತ್ತದೆ.",1,"ನಿಜ, ಸತ್ಯ, ಕಾಲ, ಸಮಯ",Live
ನೇರ,"ಹಾಗಾಗಿ, ತರಬೇತುದಾರರು ನೇರ ಚೆನ್ನೈಗೆ ಬಂದು ಆಮಿಗೆ ಆಕ್ಷನ್ ಪಾಠ ಹೇಳಿಕೊಡುತ್ತಿದ್ದರಂತೆ!",1,"ನಿಜ, ಸತ್ಯ, ಕಾಲ, ಸಮಯ",Live
ನೇರ,ದೇಗುಲದ ಚೈತನ್ಯಕ್ಕೂ ಬಿ ಕೊಠಡಿಗೂ ನೇರ ಸಂಬಂಧವಿದೆ.,1,"ನಿಜ, ಸತ್ಯ, ಕಾಲ, ಸಮಯ",Live
ನೇರ,ಕಾನೂನಿನ ಯಾವುದೇ ನೇರ ಕಡಿವಾಣಗಳು ಈ ವೇದಿಕೆಗಳಿಗಿಲ್ಲ.,1,"ನಿಜ, ಸತ್ಯ, ಕಾಲ, ಸಮಯ",Live
ನೇರ,ಹೊಸದಿಲ್ಲಿ: ತೆರಿಗೆ ವಂಚನೆಯನ್ನು ಪತ್ತೆ ಮಾಡಲು ಜನರ ಸೋಷಿಯಲ್‌ ಮೀಡಿಯಾ ಖಾತೆಗಳ ಮೇಲೆಯೂ ಆದಾಯ ತೆರಿಗೆ ಇಲಾಖೆ ಕಣ್ಣಿಟ್ಟಿದೆ ಎಂಬುದು ತಪ್ಪು ಕಲ್ಪನೆ ಎಂದು ನೇರ ತೆರಿಗೆ ಮಂಡಳಿ ಅಧ್ಯಕ್ಷ ಪಿ.,1,"ನಿಜ, ಸತ್ಯ, ಕಾಲ, ಸಮಯ",Live
ನೇರ,"ಸಕ್ರಾಂತಿ ಹಬ್ಬದ ಪ್ರಯುಕ್ತ ಈ ವಸ್ತ್ರ ಮೇಳದಲ್ಲಿ ರೇಷ್ಮೆ ಸೀರೆ, ಟವೆಲ್, ಗುಡಾರ, ಲುಂಗಿ, ಬೆಡ್‍ಸೀಟ್, ಬೆಡ್‍ಸ್ಟ್ರೇಡ್, ಮೊಳಕಾಲ್ಮೂರು ಸೀರೆ, ಚಿಂತಾಮಣಿ ಸೀರೆಗಳು, ಕೈ ವಸ್ತ್ರ, ಕಂಬಳಿ, ಉಣ್ಣೆ ರಗ್ಗು, ಶಾಲು, ಡೋರ್‍ಮ್ಯಾಟ್, ವಾಲ್ ಹ್ಯಾಂಗಿಂಗ್ಸ್, ಡ್ರೆಸ್ ಮೆಟಿರಿಯಲ್, ಖಾದಿ ಬಟ್ಟೆಗಳು ಹಾಗೂ ಇಲಕಲ್ ಸೀರೆಗಳು ಇತ್ಯಾದಿಗಳು ಕೈಮಗ್ಗ ನೇಕಾರರಿಂದ ನೇರ ಮಾರಾಟಕ್ಕೆ ಯೋಗ್ಯಬೆಲೆಯಲ್ಲಿ ಲಭಿಸಲಿದೆ.",1,"ನಿಜ, ಸತ್ಯ, ಕಾಲ, ಸಮಯ",Live
ನೇರ,ರೈ- ಕಾಂಗ್ರೆಸ್‌ ನಡುವೆ ನೇರ ಸ್ಪರ್ಧೆ ಇದ್ದು ಕುತೂಹಲ ಕೆರಳಿಸಿದೆ.,1,"ನಿಜ, ಸತ್ಯ, ಕಾಲ, ಸಮಯ",Live
ನೇರ,ಗುರುತ್ವಾಕರ್ಷಣೆಯ ಮೂಲ ನೇರ ವಾಗಿ ಭೌತಿಕ ಹಾಗೂ ಪ್ರತಿ ಭೌತಿಕ ತತ್ವ ಗಳ ಜೊತೆಗೆ ಸಂಬಂಧ ಹೊಂದಿದೆ.,1,"ನಿಜ, ಸತ್ಯ, ಕಾಲ, ಸಮಯ",Live
ನೇರ,"ನಾವು ಯಾವುದೇ ಹೊಸವಿಚಾರಗಳನ್ನು ಹೇಳಬೇಕಾಗಿ ಬಂದಾಗಲೂ, ಅದನ್ನು ಎಲ್ಲರಿಗೂ ಈಗಾಗಲೇ ತಿಳಿದಿರುವ ವಿಚಾರಗಳ ಮುಖಾಂತರವೇ ಹೇಳಬೇಕಾಗುತ್ತದೆಯೇ ಹೊರತು, ನೇರ ಹೊಸ ಪರಿಭಾಷೆಯಲ್ಲಿ ಹೊಸವಿಚಾರಗಳನ್ನು ಹೇಳುವುದು ಸಾಧ್ಯವಿಲ್ಲ, ಸಾಧುವೂ ಅಲ್ಲ; ಒಂದು ವೇಳೆ ಹಾಗೆ ಮಾಡಲು ಯತ್ನಿಸಿದರೆ ಅದು ಯಾರಿಗೂ ಅರ್ಥವೂ ಆಗುವುದಿಲ್ಲ.",1,"ನಿಜ, ಸತ್ಯ, ಕಾಲ, ಸಮಯ",Live
ನೇರ,ಪತ್ರಿಕಾಗೋಷ್ಠಿ ಫೇಸ್‌ಬುಕ್‌ನಲ್ಲಿ ನೇರ ಪ್ರಸಾರವಾಗುತ್ತಿದ್ದಂತೆ ಅಧಿಕಾರಿ ಮುಖದ ಮೇಲೆ,1,"ನಿಜ, ಸತ್ಯ, ಕಾಲ, ಸಮಯ",Live
ನೇರ,"ಬಾಂಗ್ಲಾದೇಶದಲ್ಲಿಯೂ ಹೆಚ್ಚುತ್ತಿರುವ ದೌರ್ಜನ್ಯಗಳು, ಜನವಿರೋಧಿ ನೀತಿಗಳ ನೇರ ಬಲಿ ಮಹಿಳೆಯರು ಎಂಬಿತ್ಯಾದಿ ಮಾತುಗಳಿಂದ ವಿಶ್ವದಾದ್ಯಂತ ಕಟ್ಟಬೇಕಾದ ಮಹಿಳಾ ಚಳುವಳಿಯ ಸಣ್ಣ ಕಲ್ಪನೆಯನ್ನು ಪಡೆಯಲು ಸಾಧ್ಯವಾಯಿತು.",1,"ನಿಜ, ಸತ್ಯ, ಕಾಲ, ಸಮಯ",Live
ನೇರ,ಇಮ್ರಾನ್‌ ಖಾನ್‌ ಚೀನಾದ ಬೀಜಿಂಗ್‌ನ ಶಾಲೆ ಯೊಂದರಲ್ಲಿ ಭಾಷಣ ಮಾಡುತ್ತಿರುವುದನ್ನು ನೇರ ಪ್ರಸಾರ ಮಾಡಿರುವ ಪಾಕಿಸ್ತಾನ ಟೆಲಿವಿಷನ್‌ ಕಾರ್ಪೊರೇಷನ್‌(ಪಿಟಿವಿ)ಬೀಜಿಂಗ್‌ನಿಂದ ನೇರ ಪ್ರಸಾರ ಎಂದು ನಮೂದಿಸುವ ಕಡೆ ಬೀಜಿಂಗ್‌ ಬದಲು ಬೆಗ್ಗಿಂಗ್‌ (ಭಿಕ್ಷಾಟನೆ) ಎಂದು ನಮೂದಿಸಿದೆ.,1,"ನಿಜ, ಸತ್ಯ, ಕಾಲ, ಸಮಯ",Live
ನೇರ,ಹೀಗೆ ಸಮಾಧಿಗಳ ಕಲ್ಪನೆಗೂ ದೇವಾಲಯದ ನಿರ್ಮಾಣಕ್ಕೂ ನೇರ ಸಂಬಂಧವಿದೆ.,1,"ನಿಜ, ಸತ್ಯ, ಕಾಲ, ಸಮಯ",Live
ನೇರ,"49ರಷ್ಟು ನೇರ ಹೂಡಿಕೆಗೆ ಮಾತ್ರ ಅವಕಾಶವಿದ್ದು, ಶೇ.",1,"ನಿಜ, ಸತ್ಯ, ಕಾಲ, ಸಮಯ",Live
ನೇರ,"ಯಾವುದೇ ನೇರ ಕಸುಬಿ ವೈದ್ಯ ಮತ್ತು ವಿಜ್ಞಾನಪುಟಗಳು ಡೆಂಗಿಯಾದಿ ವೈರಲ್ ಜ್ವರಗಳಿಗೆ ಯಾವುದೇ ಔಷಧವನ್ನು, ನಿರಂತರ ರಕ್ತಕಣಗಳ ಪರೀಕ್ಷೆ ಮತ್ತು ಅಗತ್ಯ ಬಂದರೆ ಪೂರಣವನ್ನು ಹೇಳುವುದಿಲ್ಲ.",1,"ನಿಜ, ಸತ್ಯ, ಕಾಲ, ಸಮಯ",Live
ನೇರ,"ಮಂಗಳೂರು, ಉಡುಪಿ, ಶಿವಮೊಗ್ಗ, ಮೈಸೂರು, ದಾವಣಗೆರೆ, ಬಳ್ಳಾರಿ, ರಾಯಚೂರು, ಹುಬ್ಬಳ್ಳಿಯಿಂದಲೂ ನೇರ ಬಸ್‌ ಸೌಲಭ್ಯ ಇದೆ.",1,"ನಿಜ, ಸತ್ಯ, ಕಾಲ, ಸಮಯ",Live
ನೇರ,ಸೂರ್ಯನು ಸಂಧ್ಯೋಪಾಸನೆಯಂತಹ ನಿತ್ಯಾನುಷ್ಠಾನದ ನೇರ ವಿಸ್ತರಣೆಯಂತಿರುವುದರಿಂದ ಅವನಿಗೆ ಪ್ರಾಥಮ್ಯ.,1,"ನಿಜ, ಸತ್ಯ, ಕಾಲ, ಸಮಯ",Live
ನೇರ,ನೂತನ ಜವಳಿ ನೀತಿಯಡಿ ಬ್ಯಾಂಕ್ಗಳಿಗೆ ನೇರ ಸಾಲಪಡೆಯಲು ನೂತನ ಉದ್ಯಮಿದಾರರಿಗೆ ಇಲಾಖೆ ನೆರವು ಒದಗಿಸುತ್ತಿದೆ ಹಾಗೂ ಜವಳಿ ಕ್ಷೇತ್ರದಲ್ಲಿ ಆಸಕ್ತಿ ಹೊಂದಿವದಿರಗೆ ಇಲಾಖೆಯಿಂದ ತರಬೇತಿ ಸಹ ನೀಡಲಾಗುತ್ತಿದೆ.,1,"ನಿಜ, ಸತ್ಯ, ಕಾಲ, ಸಮಯ",Live
ನೇರ,"ಹೈಕಮಾಂಡ್ ನೇರ ಸಂಪರ್ಕದಿಂದ ಕಾಂಗ್ರೆಸ್ ಗೆ ಬಂದ, ಅದೇ ಸಂಪರ್ಕದಿಂದಲೇ ವಿಧಾನಸಭೆ ಪ್ರತಿಪಕ್ಷ ನಾಯಕ, ಮುಖ್ಯಮಂತ್ರಿ ಪಟ್ಟವನ್ನೂ ಅಲಂಕರಿಸಿದ ಸಿದ್ದರಾಮಯ್ಯ ಅವರನ್ನು ಈವರೆಗೂ ಯಾರು ಪ್ರಶ್ನೆ ಮಾಡಿರಲಿಲ್ಲ.",1,"ನಿಜ, ಸತ್ಯ, ಕಾಲ, ಸಮಯ",Live
ನೇರ,ಇಲ್ಲಿ ಪಿಂಡದಾನ ಮಾಡಿದರೆ ನೇರ ವೈಕುಂಠ ಮೋಕ್ಷ ದೊರೆಯುತ್ತದೆ ಎನ್ನಲಾಗುತ್ತದೆ.,1,"ನಿಜ, ಸತ್ಯ, ಕಾಲ, ಸಮಯ",Live
ನೇರ,"ಹೀಗಿರುತ್ತಾ ಅದೊಂದು ದಿನ ದೃಢ ನಿರ್ಧಾರಕ್ಕೆ ಬಂದವರಂತೆ ಶೈಲಜಾ ಅವರು ಸ್ನಾತಕೋತ್ತರ ಪದವಿ ಪಡೆದುಕೊಳ್ಳುವ ನಿರ್ಧಾರ ಮಾಡಿಯೇ ಬಿಟ್ಟರು, ಅದೂ ಅಂಚೆ ತೆರಪಿನ (Distance course) ಮೂಲಕವಲ್ಲ, ಬದಲಾಗಿ ಇವರ ಮನೆಯಿಂದ 20 ಕಿಲೋಮೀಟರ್ ದೂರದಲ್ಲಿದ್ದ ವಿಶ್ವವಿದ್ಯಾನಿಲಯಕ್ಕೆ ಪ್ರತೀದಿನ ರೈಲಿನಲ್ಲಿ ಸಾಗಿ ನೇರ ತರಗತಿಗಳಿಗೆ ಪ್ರವೇಶ ಪಡೆದು ನಿತ್ಯ ತರಗತಿಗಳಿಗೆ ಹಾಜರಾಗುವ ಮೂಲಕ.",1,"ನಿಜ, ಸತ್ಯ, ಕಾಲ, ಸಮಯ",Live
ನೇರ,ಪುಸ್ತಕದಿಂದ ದೊರೆಯುವ ಮಾಹಿತಿಯನ್ನು ಪಡೆಯುವುದು ಕಸುಬಿನ ನೇರ ಅನುಭವಕ್ಕಿಂತ ಮುಖ್ಯ ಅನ್ನುವ ಧೋರಣೆ ಬೆಳೆಯಿತು.,1,"ನಿಜ, ಸತ್ಯ, ಕಾಲ, ಸಮಯ",Live
ನೇರ,"ನವದೆಹಲಿ: ದೇಶದ ಆರ್ಥಿಕ ವ್ಯವಸ್ಥೆಯ ಸ್ವರೂಪ ನಿರ್ಧರಿಸುವ ನೇರ ತೆರಿಗೆ ಸಂಗ್ರಹ ಮೊತ್ತ, ಆದಾಯ ಮತ್ತು ಬಳಕೆ ವಿಧಾನದಲ್ಲಿ ಭಾರಿ ವ್ಯತ್ಯಾಸ ಕಾಣುತ್ತಿದ್ದು ಒಂದೊಕ್ಕೊಂದು ತಾಳೆಯಾಗುತ್ತಿಲ್ಲ.",1,"ನಿಜ, ಸತ್ಯ, ಕಾಲ, ಸಮಯ",Live
ನೇರ,ಪತ್ರಕರ್ತ ವಿಶ್ವಕಪ್ ನಡೆಯುತ್ತಿದ್ದ ರಸ್ತೆಯಲ್ಲಿ ನೇರ ಪ್ರಸಾರ ಮಾಡುತ್ತಿದ್ದರು.,1,"ನಿಜ, ಸತ್ಯ, ಕಾಲ, ಸಮಯ",Live
ನೇರ,ವಿಶ್ವನಾಥರೆ ನಿಮ್ಮ ಸೋಲಿಗೆ ಇವಿಎಂ ನೇರ ಕಾರಣ.,1,"ನಿಜ, ಸತ್ಯ, ಕಾಲ, ಸಮಯ",Live
ನೇರ,ಕರ್ನಾಟಕ ರಾಜ್ಯ ರಸ್ತೆ ಸಾರಿಗೆ ನಿಗಮದ ವತಿಯಿಂದ ಮೇಲ್ವಿಚಾರಕೇತರ ವರ್ಗದ ವಿವಿಧ ವೃಂದಗಳ ಒಟ್ಟು 1116 ಹುದ್ದೆಗಳಿಗೆ ಮೆರಿಟ್ ಆಧಾರದ ಮೇಲೆ ನೇರ ನೇಮಕಾತಿಗಾಗಿ ಆನ್‌ಲೈನ್ ಮೂಲಕ ಅರ್ಜಿಯನ್ನು ಆಹ್ವಾನಿಸಲಾಗಿತ್ತು.,1,"ನಿಜ, ಸತ್ಯ, ಕಾಲ, ಸಮಯ",Live
ನೇರ,"ಮೂಡುಬಿದಿರೆ: ರಾಜ್ಯದ 19 ಇಲಾಖೆಗಳಲ್ಲಿ 1ನೇ, 2ನೇ ದರ್ಜೆಯ ಹುದ್ದೆಗಳಿಗೆ ರಾಷ್ಟ್ರಮಟ್ಟದಲ್ಲಿ ಸಾಧನೆ ತೋರಿದ ಕ್ರೀಡಾಳುಗಳಿಗೆ ನೇರ ನೇಮಕಾತಿ ನಡೆಸಲು ಕ್ರಮ ಕೈಗೊಳ್ಳಲಾಗುತ್ತಿದೆ ಎಂದು ರಾಜ್ಯ ಗ್ರಾಮೀಣಾಭಿವೃದ್ಧಿ, ಪಂಚಾಯತ್‌ರಾಜ್‌ ಮತ್ತು ಕ್ರೀಡಾ ಸಚಿವ ಈಶ್ವರಪ್ಪ ಹೇಳಿದರು.",1,"ನಿಜ, ಸತ್ಯ, ಕಾಲ, ಸಮಯ",Live
ನೇರ,"ಆದರೆ ವಿರೋಧ ಪಕ್ಷವಾದ ಬಿಜೆಪಿ, ಅಭ್ಯರ್ಥಿ ಯನ್ನು ಕಣಕ್ಕಿಳಿಸಿದ್ದು, ನೇರ ಪೈಪೋಟಿಯನ್ನು ನಡೆಸಲು ಮುಂದಾಗಿದೆ.",1,"ನಿಜ, ಸತ್ಯ, ಕಾಲ, ಸಮಯ",Live
ನೇರ,ಲೈಂಗಿಕ ಕಿರುಕುಳದ ರೂಪವನ್ನು ತೆಗೆದುಕೊಳ್ಳುವ ಲೈಂಗಿಕ ಕಿರುಕುಳದ ಸ್ವರೂಪವನ್ನು ಎದುರಿಸುವ ವ್ಯಕ್ತಿಗಳಿಗೆ ಲೈಂಗಿಕ VIEI ಸಹ ಲೈಂಗಿಕ ಸಂಬಳದ ನೇರ ವಿನಂತಿಗಳನ್ನು ತೆಗೆದುಕೊಳ್ಳುವ ವ್ಯಕ್ತಿಗಳಿಗೆ ರಕ್ಷಣೆ ನೀಡುವಂತಹುದಾಗಿದೆ.,1,"ನಿಜ, ಸತ್ಯ, ಕಾಲ, ಸಮಯ",Live
ನೇರ,ಈ ಬಾರಿ ನೇರ ಸ್ಪರ್ಧೆ ಇರುವುದರಿಂದ ಇಲ್ಲಿ ಬಿ.,1,"ನಿಜ, ಸತ್ಯ, ಕಾಲ, ಸಮಯ",Live
ನೇರ,ಪೊಲೀಸ್‌ ಇಲಾಖೆಯಲ್ಲಿ ಕ್ರೀಡಾ ಕೋಟಾದಲ್ಲಿ ನೇರ ನೇಮಕಾತಿ ಇತ್ತು.,1,"ನಿಜ, ಸತ್ಯ, ಕಾಲ, ಸಮಯ",Live
ನೇರ,"ವಿಜ್ಞಾನ ವಿಷಯಕ್ಕೆ ತಕ್ಕಂತೆ ನೇರ ಚಲನೆ, ವಕ್ರ ಚಲನೆ, ಗ್ರಹಣ ಸೇರಿದಂತೆ ವಿವಿಧ ವಿಷಯಗಳಿಗೆ ಸಂಬಂಧಿಸಿದಂತೆ ಪ್ರಯೋಗಗಳನ್ನು ಮಾಡಿಸಿದ್ದಾರೆ ಎನ್ನುತ್ತಾರೆ 5ನೇ ತರಗತಿ ವಿದ್ಯಾರ್ಥಿನಿ ಪವಿತ್ರಾ ಬೆಟಗೇರಿ.",2,"ನೆಟ್ಟಗಿರುವಿಕೆ, ಡೊಂಕಿಲ್ಲದಿರುವಿಕೆ","Erect, not bent"
ನೇರ,ತಮ್ಮ ವ್ಯವಹಾರವನ್ನು ನೇರ ಮತ್ತು ಸರಾಸರಿ ಮತ್ತು ತೇಲುವಂತೆ ಇರಿಸಿಕೊಳ್ಳಲು ಅಗ್ಗದ ಮಾರ್ಗವನ್ನು ಹುಡುಕುತ್ತಾರೆ.,2,"ನೆಟ್ಟಗಿರುವಿಕೆ, ಡೊಂಕಿಲ್ಲದಿರುವಿಕೆ","Erect, not bent"
ನೇರ,"in) : ಉತ್ತಮ ನಡೆ ನುಡಿಯ ನೇರ ವ್ಯಕ್ತಿತ್ವವನ್ನು ಹೊಂದಿರುವ ಒಬ್ಬ ನಿಷ್ಟಾವಂತ ನ್ಯಾಯಾವಾದಿಯಾಗಿ ಕಳೆದ ಹಲವಾರು ವರ್ಷದಿಂದ ಪುತ್ತೂರು ವರ್ತಕ ಸಂಘದಲ್ಲಿ ಕಾನೂನು ಸಲಹೆಗಾರರಾಗಿ, ಹಲವು ಸಂಘ ಸಂಸ್ಥೆಗಳಲ್ಲಿ ಹಲವಾರು ಹುದ್ದೆಗಳನ್ನು ಅಲಂಕರಿಸಿ ಸಕ್ರೀಯ ಜನಸೆವಕರಾಗಿ ಇದೀಗ ರಾಜ್ಯ ಕಾನೂನು ಮತ್ತು ಮಾನವ ಹಕ್ಕುಗಳ ವಿಬಾಗದ ರಾಜ್ಯ ಸಂಘಟನಾ ಕಾರ್ಯದರ್ಶಿಯಾಗಿ ನೆಮಕಗೊಂಡ ಫ಼ಜ಼ಲ್ ರಹೀಮ್ ರವರಿಗೆ ವಾಣಿಜ್ಯ ಮತ್ತು ಕೈಗಾರಿಕಾ ಸಂಘದ ವತಿಯಿಂದ ಅವರ ಕಚೇರಿಯಲ್ಲಿ ಸನ್ಮಾನಿಸಲಾಯಿತು.",2,"ನೆಟ್ಟಗಿರುವಿಕೆ, ಡೊಂಕಿಲ್ಲದಿರುವಿಕೆ","Erect, not bent"
ನೇರ,ಕುದುಮುಸರಿಗೆ ಯಾವುದೇ ನೇರ ರಸ್ತೆ ಸಂಪರ್ಕವಿಲ್ಲ.,2,"ನೆಟ್ಟಗಿರುವಿಕೆ, ಡೊಂಕಿಲ್ಲದಿರುವಿಕೆ","Erect, not bent"
ನೇರ,"ವಿಜಯಪುರದಿಂದ ಮುಂಬಯಿಗೆ ದಿನನಿತ್ಯ ಸಾವಿರಾರು ಸಂಖ್ಯೆಯಲ್ಲಿ ಪ್ರಯಾಣಿಕರು ಪ್ರಯಾಣ ಬೆಳೆಸುತ್ತಾರೆ, ವ್ಯಾಪಾರೋದ್ಯಮಿಗಳು ಸಹ ದಿನನಿತ್ಯ ತಮ್ಮ ವ್ಯಾಪಾರ-ವಹಿವಾಟು ಉದ್ದೇಶದಿಂದ ಮುಂಬಯಿಗೆ ತೆರಳುತ್ತಾರೆ, ಹಿಂದೆ ಮುಂಬಯಿಗೆ ನೇರ ರೈಲು ಸಂಪರ್ಕವಿಲ್ಲದೇ ಪ್ರಯಾಣಿಕರು ಪರದಾಡುವಂತಹ ಪರಿಸ್ಥಿತಿ ನಿರ್ಮಾಣವಾಗಿತ್ತು, ಸೊಲ್ಲಾಪೂರಕ್ಕೆ ತೆರಳಿ ಅಲ್ಲಿಂದ ಮುಂಬಯಿ ಟ್ರೇನ್‌ ಹಿಡಿಯುವ ಅನಿವಾರ್ಯತೆ ಇತ್ತು.",2,"ನೆಟ್ಟಗಿರುವಿಕೆ, ಡೊಂಕಿಲ್ಲದಿರುವಿಕೆ","Erect, not bent"
ನೇರ,ಹಾಗಾಗಿ ಸೂರ್ಯನ ನೇರ ಬೆಳಕಿನಿಂದ ದೂರವಿಡುವುದು ಉತ್ತಮ.,2,"ನೆಟ್ಟಗಿರುವಿಕೆ, ಡೊಂಕಿಲ್ಲದಿರುವಿಕೆ","Erect, not bent"
ನೇರ,"ಕೇಸ್ ರೂಪದಲ್ಲಿ ನೇರ ಶೈಲಿಗಳಂತೆ ಉತ್ತಮವಾಗಿ ನೋಡಿ, ಮತ್ತು ಭುಗಿಲೆದ್ದಿತು.",2,"ನೆಟ್ಟಗಿರುವಿಕೆ, ಡೊಂಕಿಲ್ಲದಿರುವಿಕೆ","Erect, not bent"
ನೇರ,ನೇರ ಸಂಚಾರ ಸ್ಥಗಿತ: ಪ್ರಯಾಣಿಕರ ಪರದಾಟ,2,"ನೆಟ್ಟಗಿರುವಿಕೆ, ಡೊಂಕಿಲ್ಲದಿರುವಿಕೆ","Erect, not bent"
ನೇರ,"ಈ ಸಂದರ್ಭದಲ್ಲಿ, ಹಲವಾರು ಗಂಟೆಗಳು ತೆಗೆದುಕೊಳ್ಳುತ್ತದೆ, ಚಂದ್ರನ ಮೇಲ್ಮೈಗೆ ತಲುಪಲು ಭೂಮಿಯು ನೇರ ಸೂರ್ಯನ ಬೆಳಕನ್ನು ನಿರ್ಬಂಧಿಸುತ್ತದೆ, ಆದರೂ ಚಂದ್ರನನ್ನು ಇನ್ನೂ ಮಸುಕಾದ ಪ್ರತಿಬಿಂಬದ ಬೆಳಕಿನಲ್ಲಿ ಕಾಣಬಹುದು.",2,"ನೆಟ್ಟಗಿರುವಿಕೆ, ಡೊಂಕಿಲ್ಲದಿರುವಿಕೆ","Erect, not bent"
ನೇರ,ಹಿಂದಿನ ಉದ್ವಿಗ್ನದಲ್ಲಿ ನೇರ ವಸ್ತು ಸರ್ವನಾಮಗಳನ್ನು ಬಳಸುವುದಕ್ಕೆ ನಾಲ್ಕು ಚಲಿಸುವ ಭಾಗಗಳು ಇವೆ.,2,"ನೆಟ್ಟಗಿರುವಿಕೆ, ಡೊಂಕಿಲ್ಲದಿರುವಿಕೆ","Erect, not bent"
ನೇರ,"ಸಹಜವಾಗಿ, ಡೆನಿಮ್ ಸ್ಕರ್ಟ್ ಅನ್ನು ಹೊಲಿಯಲು ಸಾಕಷ್ಟು ಆಯ್ಕೆಗಳಿವೆ - ಡೆನಿಮ್ ಮತ್ತು ಚಿಫನ್ ಅಥವಾ ಸ್ಯಾಟಿನ್ಗಳನ್ನು ಸಂಯೋಜಿಸುವ ಸರಳ ನೇರ ಕಟ್ನಿಂದ ಮಾದರಿಗಳು.",2,"ನೆಟ್ಟಗಿರುವಿಕೆ, ಡೊಂಕಿಲ್ಲದಿರುವಿಕೆ","Erect, not bent"
ನೇರ,"ಜಿಲ್ಲೆಯ ಭದ್ರಾ, ಶಾಂತಿಸಾಗರ, ತುಂಗಾಭದ್ರಾ ಸೇರಿದಂತೆ ನೀರಾವರಿ ಅಚ್ಚುಕಟ್ಟು ಭಾಗದ ರೈತರು ಹಾಗೂ ಕೊನೆ ಭಾಗಕ್ಕೆ ಕಡಿಮೆ ಪ್ರಮಾಣದಲ್ಲಿ ನೀರು ದೊರೆಯುವ ರೈತರು ನೇರ ಕೂರಿಗೆ ಭತ್ತದ ಬಿತ್ತನೆ ಅಳವಡಿಸಿಕೊಂಡರೆ ಹೆಚ್ಚು ಅನುಕೂಲ.",2,"ನೆಟ್ಟಗಿರುವಿಕೆ, ಡೊಂಕಿಲ್ಲದಿರುವಿಕೆ","Erect, not bent"
ನೇರ,"ದಿನನಿತ್ಯದ ಮೆನುವಿನಲ್ಲಿ ನೀವು ಬ್ರೆಡ್, ಧಾನ್ಯಗಳು, ಹಣ್ಣುಗಳು, ತರಕಾರಿಗಳೊಂದಿಗೆ, ಹುಳಿ-ಹಾಲು ಉತ್ಪನ್ನಗಳು, ನೇರ ಮಾಂಸ, ಕೋಳಿಗಳನ್ನು ಸೇರಿಸಿಕೊಳ್ಳಬೇಕು.",2,"ನೆಟ್ಟಗಿರುವಿಕೆ, ಡೊಂಕಿಲ್ಲದಿರುವಿಕೆ","Erect, not bent"
ನೇರ,ನೈಸರ್ಗಿಕವಾಗಿ ನೇರ ಕೂದಲನ್ನು ಪಡೆದುಕೊಳ್ಳುವ ಹಂಬಲ ಇದ್ದಲ್ಲಿ ಇಲ್ಲಿದೆ ನೈಸರ್ಗಿಕ ಪರಿಹಾರ.,2,"ನೆಟ್ಟಗಿರುವಿಕೆ, ಡೊಂಕಿಲ್ಲದಿರುವಿಕೆ","Erect, not bent"
ನೇರ,"ಅತ್ಯುತ್ತಮ ಬೇಸಿಗೆ ಲಘು ಟೊಮೆಟೊಗಳೊಂದಿಗೆ ನೇರ ಸ್ಯಾಂಡ್ವಿಚ್ಗಳಾಗಿರುತ್ತದೆ , ನೀವು ಹೆಚ್ಚು ಯುವ ಕುಂಬಳಕಾಯಿಯನ್ನು ಹೋಲುವ ಚೀನೀಕಾಯಿ ಅಥವಾ ಕುಂಬಳಕಾಯಿಯನ್ನು ಹೋಲುವ ಚೀನೀಕಾಯಿ ಸೇರಿಸಿ ಅದು ತುಂಬಾ ಟೇಸ್ಟಿ ಎಂದು ಕಾಣಿಸುತ್ತದೆ.",2,"ನೆಟ್ಟಗಿರುವಿಕೆ, ಡೊಂಕಿಲ್ಲದಿರುವಿಕೆ","Erect, not bent"
ನೇರ,"ಅಲ್ಮಾಗ್ರೊ ಚಿಕ್ಕವರನ್ನು ತ್ವರಿತವಾಗಿ ಸೆಳೆಯಿತು ಮತ್ತು ಮರಣದಂಡನೆ ಮಾಡಿ, ಅಲ್ಮಾಗ್ರೊನ ನೇರ ರೇಖೆಯನ್ನು ಕೊನೆಗೊಳಿಸಿದನು.",2,"ನೆಟ್ಟಗಿರುವಿಕೆ, ಡೊಂಕಿಲ್ಲದಿರುವಿಕೆ","Erect, not bent"
ನೇರ,"ಅಲರ್ಜಿಗಳು ಮತ್ತು ಆಸ್ತಮಾ ಹೊಂದಿರುವವರಿಗೆ, ಪ್ರತಿ ದಿನವೂ ಕಣ್ಣುಗಳು, ಮೂಗು ಮತ್ತು ಬಾಯಿಯೊಂದಿಗೆ ನೇರ ಸಂಪರ್ಕದಲ್ಲಿರುವುದರಿಂದ ಹೆಚ್ಚಾಗಿ ಮೆತ್ತೆ ಪ್ರಕರಣಗಳನ್ನು ಬದಲಿಸುವುದನ್ನು ಪರಿಗಣಿಸುತ್ತಾರೆ.",2,"ನೆಟ್ಟಗಿರುವಿಕೆ, ಡೊಂಕಿಲ್ಲದಿರುವಿಕೆ","Erect, not bent"
ನೇರ,ಇಂಪಾವಿಡ್ ಹ್ಯಾಟ್ರಿಕ್ ಗೆಲುವು ಪಡೆದ ನಂತರ ಕೋಲ್ಟ್ಸ್ ಚಾಂಪಿಯನ್‌ಶಿಪ್‌ ಸ್ಟೇಕ್ಸ್‌ನಲ್ಲಿ ವಾರ್ ಹ್ಯಾಮರ್ಗೆ ನೇರ ಅಂತರದಲ್ಲಿ ಸೋತಿದೆ.,2,"ನೆಟ್ಟಗಿರುವಿಕೆ, ಡೊಂಕಿಲ್ಲದಿರುವಿಕೆ","Erect, not bent"
ನೇರ,ಆದರೆ ಅದು ಪ್ರವಾಸಿಗರಿಗೆ ಗೋಚರಿಸದಿರುವುದರಿಂದ ವಾಹನ ಚಾಲಕರು ನೇರ ಬಂಡೀಪುರಕ್ಕೆ ಹೋಗಿ ಅಲ್ಲಿ ವಿಚಾರಿಸಿ ಹಿಂತಿರುಗಿ ಬರುವಂತಾಗಿದೆ.,2,"ನೆಟ್ಟಗಿರುವಿಕೆ, ಡೊಂಕಿಲ್ಲದಿರುವಿಕೆ","Erect, not bent"
ನೇರ,ಟಾಪ್ ಲೂಯಿನ್ ಸ್ಟೀಕ್: ನ್ಯೂಯಾರ್ಕ್ ಸಿಟಿ ಅಥವಾ ಕಾನ್ಸಾಸ್ ಸಿಟಿಯ ಸ್ಟ್ರಿಪ್ ಸ್ಟೀಕ್ ಆಗಿ ಮಾರಾಟ ಮಾಡಲ್ಪಟ್ಟ ಈ ಕಟ್ ನೇರ ಮತ್ತು ಪೂರ್ಣ ಪರಿಮಳವನ್ನು ಹೊಂದಿದೆ.,2,"ನೆಟ್ಟಗಿರುವಿಕೆ, ಡೊಂಕಿಲ್ಲದಿರುವಿಕೆ","Erect, not bent"
ನೇರ,ನೇರ ಆದರೆ ಸಭ್ಯರಾಗಿರಿ.,2,"ನೆಟ್ಟಗಿರುವಿಕೆ, ಡೊಂಕಿಲ್ಲದಿರುವಿಕೆ","Erect, not bent"
ನೇರ,ನೇರ ಸೂರ್ಯನ ಬೆಳಕಿನಿಂದ ಹೊರಗಿಡಲು ಇದು ಉತ್ತಮವಾಗಿದೆ.,2,"ನೆಟ್ಟಗಿರುವಿಕೆ, ಡೊಂಕಿಲ್ಲದಿರುವಿಕೆ","Erect, not bent"
ನೇರ,ಚಾಪೆ ಒಂದು ಬಟ್ಟೆ ನೆಲದ ಮೇಲೆ ಒಣಗಲು ಅಥವಾ ನೇರ ಸೂರ್ಯ ಮತ್ತು ಶಾಖದಿಂದ ಹಲ್ಲುಗಾಡಿ ಒಣಗಲು ಅನುಮತಿಸಿ.,2,"ನೆಟ್ಟಗಿರುವಿಕೆ, ಡೊಂಕಿಲ್ಲದಿರುವಿಕೆ","Erect, not bent"
ನೇರ,ವೆಂಟ್-ಮುಕ್ತ ಮಾದರಿಗಳು ಜ್ವಾಲೆಗಳು ನೇರ ಹೊಂಡದ ಅನಿಲ ಅಥವಾ ಮರದ ಸುಡುವ ಬೆಂಕಿಯ ಸ್ಥಳಗಳಿಗಿಂತ ಕಡಿಮೆ ನೈಜವಾಗಿ ಕಾಣುತ್ತವೆ.,2,"ನೆಟ್ಟಗಿರುವಿಕೆ, ಡೊಂಕಿಲ್ಲದಿರುವಿಕೆ","Erect, not bent"
ನೇರ,"ಆದಾಗ್ಯೂ, ನೇರ ಶೈಲಿ ಒಂದೇ ಪರಿಹಾರಕ್ಕೆ ಸೀಮಿತವಾಗಿರಲಿಲ್ಲ.",2,"ನೆಟ್ಟಗಿರುವಿಕೆ, ಡೊಂಕಿಲ್ಲದಿರುವಿಕೆ","Erect, not bent"
ನೇರ,"ನೇರ ಬೆನ್ನಿನಿಂದ, ನಿಮ್ಮ ಮುಂದಕ್ಕೆ ನೇರ ಮುಂದಕ್ಕೆ ಮುನ್ನಡೆಯುವುದು.",2,"ನೆಟ್ಟಗಿರುವಿಕೆ, ಡೊಂಕಿಲ್ಲದಿರುವಿಕೆ","Erect, not bent"
ನೇರ,"ನಿಷ್ಪಕ್ಷಪಾತಿ, ನ್ಯಾಯನಿಷ್ಠುರ ಮತ್ತು ನೇರ ಮಾತಿನ ಸಭ್ಯ ವ್ಯಕ್ತಿ ಎಂದೂ ಅವರು ಹೇಳುತ್ತಾರೆ.",2,"ನೆಟ್ಟಗಿರುವಿಕೆ, ಡೊಂಕಿಲ್ಲದಿರುವಿಕೆ","Erect, not bent"
ನೇರ,"ಒಂದು ಸೂಟ್ ಜಾಕೆಟ್, ನೇರ ಕೋಟ್, ಪಂಪ್ಗಳು, ಕಟ್ಟುನಿಟ್ಟಾದ ಚೀಲ - ನೀವು ಒಂದು ಲೇಸ್ ಡ್ರೆಸ್-ಸಂಯೋಜನೆಯನ್ನು ಬಳಸಿದರೆ, ವ್ಯಾಪಾರದ ಸಜ್ಜುಯಾಗಿ, ಆಗ ವಾರ್ಡ್ರೋಬ್ ಮತ್ತು ಅದರ ಪರಿಕರಗಳನ್ನು ಕ್ಲಾಸಿಕ್ ಆಯ್ಕೆ ಮಾಡಬೇಕು.",2,"ನೆಟ್ಟಗಿರುವಿಕೆ, ಡೊಂಕಿಲ್ಲದಿರುವಿಕೆ","Erect, not bent"
ನೇರ,ನೇರ ಮಿಡಿ ಉಡುಗೆ ಅಥವಾ ಲ್ಯಾಕ್ ಡಾರ್ಕ್ ಮಾದರಿಗಳನ್ನು ಆಯ್ಕೆ ಮಾಡುವುದು ಉತ್ತಮ.,2,"ನೆಟ್ಟಗಿರುವಿಕೆ, ಡೊಂಕಿಲ್ಲದಿರುವಿಕೆ","Erect, not bent"
ನೇರ,"ಸೊಂಪಾದ ಗ್ರೀನ್ಸ್ ಮತ್ತು ಸುಂದರ ಕಲ್ಲುಗಳ ಸಂಯೋಜನೆಯೊಂದಿಗೆ ಮುಂಭಾಗದ ಬಾಗಿಲಕ್ಕೆ ಬಾಗಿದ ರೋಮಾಂಚಕ ಪ್ರತಿಕ್ರಿಯಾ ಸರಣಿಯನ್ನು ರಚಿಸುವಲ್ಲಿ ನೀವು ಉತ್ತಮವಾದರೆ, ಯಾವುದೇ ಪಾತ್ರವಿಲ್ಲದೆಯೇ ನೇರ ಮಾರ್ಗಕ್ಕಿಂತ ಉತ್ತಮ ಗುಣಮಟ್ಟದ ಶಕ್ತಿಯನ್ನು ಇದು ಆಕರ್ಷಿಸುತ್ತದೆ.",2,"ನೆಟ್ಟಗಿರುವಿಕೆ, ಡೊಂಕಿಲ್ಲದಿರುವಿಕೆ","Erect, not bent"
ನೇರ,"ಕ್ವಾರ್ಟರ್‌ ಫೈನಲ್‌ನಲ್ಲಿ ಫೆಡರರ್‌ ದಕ್ಷಿಣ ಆಫ್ರಿಕಾದ ಕೆವಿನ್‌ ಆ್ಯಂಡರ್ಸನ್‌ ಅವರನ್ನು 6-0, 6-4 ನೇರ ಸೆಟ್‌ಗಳಿಂದ ಸೋಲಿಸಿದರು.",2,"ನೆಟ್ಟಗಿರುವಿಕೆ, ಡೊಂಕಿಲ್ಲದಿರುವಿಕೆ","Erect, not bent"
ನೇರ,"ನಾಲ್ಕು ಮಾದರಿ ಪ್ರಕಾರಗಳಿವೆ - ಯಾದೃಚ್ಛಿಕ ಪಂದ್ಯ, ಡ್ರಾಪ್ ಪಂದ್ಯ, ನೇರ ಪಂದ್ಯ ಮತ್ತು ಮುಕ್ತ ಪಂದ್ಯ.",2,"ನೆಟ್ಟಗಿರುವಿಕೆ, ಡೊಂಕಿಲ್ಲದಿರುವಿಕೆ","Erect, not bent"
ನೇರ,"ಪ್ರತಿದಿನ ಸಂಚರಿಸಲಿರುವ ವಿಶ್ವಮಾನವ ಎಕ್ಸ್ ಪ್ರೆಸ್ ರೈಲು ಮೈಸೂರು ಹಾಗೂ ತುಮಕೂರು ನಡುವೆ ನೇರ ಸಂಪರ್ಕ ಹೊಂದಿರುವ ಮೊದಲ ರೈಲಾಗಿದ್ದು, ಬೆಂಗಳೂರು-ಮೈಸೂರು ನಡುವೆ ಸಂಚರಿಸುವ ಜನರಿಗೆ ಅತಿ ಹೆಚ್ಚು ಪ್ರಯೋಜನವಾಗಲಿದೆ.",2,"ನೆಟ್ಟಗಿರುವಿಕೆ, ಡೊಂಕಿಲ್ಲದಿರುವಿಕೆ","Erect, not bent"
ನೇರ,ನಿಮ್ಮ ವಾರ್ಡ್ರೋಬ್ನಲ್ಲಿ ಇಂತಹ ಘಟನೆಗಾಗಿ ಮಿಡಿ-ಸ್ಕರ್ಟ್ ಅಥವಾ ಪ್ಯಾಂಟ್ ನೇರ ಕಟ್ ಆಗಿರಬೇಕು.,2,"ನೆಟ್ಟಗಿರುವಿಕೆ, ಡೊಂಕಿಲ್ಲದಿರುವಿಕೆ","Erect, not bent"
ನೇರ,"ಯಾವುದೇ ಪಬ್ನಂತೆ ಆರೋಗ್ಯಕರ ಆಯ್ಕೆಗಳು ಹುರಿಯಲಾಗುವುದಿಲ್ಲ, ಭಾರೀ ಸಾಸ್ಗಳೊಂದಿಗೆ ಬರುವುದಿಲ್ಲ, ಮತ್ತು ಆರೋಗ್ಯಕರ ತರಕಾರಿಗಳು ಮತ್ತು ನೇರ ಮಾಂಸವನ್ನು ಒಳಗೊಂಡಿರುತ್ತದೆ.",2,"ನೆಟ್ಟಗಿರುವಿಕೆ, ಡೊಂಕಿಲ್ಲದಿರುವಿಕೆ","Erect, not bent"
ನೇರ,"ಇದೀಗ ನೀವು ಉಲ್ಲೇಖದ ಒಂದು ಬಿಂದುವಾಗಿ ಬಳಸಲು ನೇರ ರೇಖೆ ಇದೆ, ಮತ್ತು ಇದು ಬಾಗಿದ ನೆಟ್ಟ ಹಾಸಿಗೆ ಹತ್ತಿರದಲ್ಲಿದೆ.",2,"ನೆಟ್ಟಗಿರುವಿಕೆ, ಡೊಂಕಿಲ್ಲದಿರುವಿಕೆ","Erect, not bent"
ನೇರ,"ಮಂಗಳವಾರ ರಾತ್ರಿ ನಡೆದ ಪಂದ್ಯದಲ್ಲಿ ಫ್ರಾನ್ಸ್‌ನ ಕ್ರಿಸ್ಟಿನಾ ಲಾಡೆನೊವಿಕ್ ವಿರುದ್ಧ 3-6, 3-6 ನೇರ ಸೆಟ್‌ಗಳಿಂದ ಆಘಾತ ಅನುಭವಿಸಿದ ಆಸ್ಟ್ರೇಲಿಯನ್ ಓಪನ್ ಚಾಂಪಿಯನ್ ಜಪಾನ್‌ನ ನವೊಮಿ ಒಸಾಕಾ, ದುಬೈ ಟೆನಿಸ್ ಚಾಂಪಿಯನ್‌ಶಿಪ್‌ನಿಂದ ಮೊದಲ ಸುತ್ತಿನಲ್ಲೇ ಹೊರಬಿದ್ದಿದ್ದಾರೆ.",2,"ನೆಟ್ಟಗಿರುವಿಕೆ, ಡೊಂಕಿಲ್ಲದಿರುವಿಕೆ","Erect, not bent"
ನೇರ,"ಇಂದು, ಬಹುತೇಕ ಪ್ಯಾಲೆಯೊಂಟೊಲಜಿಸ್ಟ್ಗಳು, ರಾಪಿಪಿಥೆಕಸ್ಗೆ ಕಾರಣವಾದ ಪಳೆಯುಳಿಕೆಗಳು ವಾಸ್ತವವಾಗಿ ಶಿವಪಿಥೆಕಸ್ನ (ಲಿಂಗ ಭಿನ್ನತೆಗಳು ಪೂರ್ವಜ ಕೋತಿಗಳು ಮತ್ತು ಹೋಮಿನಿಡ್ಗಳ ಅಪರೂಪದ ಲಕ್ಷಣವಲ್ಲ) ಸ್ವಲ್ಪ ಚಿಕ್ಕ ಹೆಣ್ಣುಮಕ್ಕಳನ್ನು ಪ್ರತಿನಿಧಿಸುತ್ತವೆ ಎಂದು ನಂಬುತ್ತವೆ, ಮತ್ತು ಯಾವುದೇ ಜನಾಂಗವು ನೇರ ಹೋಮೋ ಸೇಪಿಯನ್ಸ್ ಪೂರ್ವಜರಲ್ಲ.",2,"ನೆಟ್ಟಗಿರುವಿಕೆ, ಡೊಂಕಿಲ್ಲದಿರುವಿಕೆ","Erect, not bent"
ನೇರ,"ಇವುಗಳ ಯಾದಿಗೆ ಭೂಮಿ, ಯುರೇನಸ್‌, ನೆಪ್ಚೂನ್‌ಮತ್ತು ಪ್ಲೂಟೊ ಗ್ರಹಗಳನ್ನು ಸೇರಿಸಬೇಕು) ನಮ್ಮ ಸುತ್ತ ನಿರಂತರವಾಗಿ ಪರಿಭ್ರಮಿಸುತ್ತಿವೆ; ಪರಿಭ್ರಮಣದ ದಿಶೆ (ರಾಹು, ಕೇತು ಹೊರತಾಗಿ) ಪಶ್ಚಿಮ – ಪೂರ್ವ: ಇವುಗಳ ಕಕ್ಷೆಗಳು, ಸ್ಥಿರನಕ್ಷತ್ರ ಚಿತ್ರಗಳ ಮುನ್ನೆಲೆಯಲ್ಲಿ , ಒಂದು ಇಕ್ಕಟ್ಟು ಪಟ್ಟಿಗೆ ಸೀಮಿತವಾಗಿರುವಂತೆ ಭಾಸವಾಗುತ್ತವೆ; ಎಂದೇ ಇದರ ನೇರ ಅದೇ ದಿಶೆಯಲ್ಲಿ ಮೇಷದಿಂದ ಮೀನದವರೆಗಿನ 12 ರಾಶಿಗಳನ್ನು ಗುರುತಿಸಿದೆ; ಈ ಪಟ್ಟಿಗೆ ರಾಶಿಚಕ್ರವೆಂದು ಹೆಸರು.",2,"ನೆಟ್ಟಗಿರುವಿಕೆ, ಡೊಂಕಿಲ್ಲದಿರುವಿಕೆ","Erect, not bent"
ನೇರ,ನೇರ ವಿದ್ಯುತ್ ತಂತಿಯಿಂದ ನೀರಿನ ಕೊಳವೆಗಳಿಗೆ ಏನನ್ನಾದರೂ ತಪ್ಪಿಸಲು ನೀವು ಖಂಡಿತವಾಗಿ ತಪ್ಪಿಸಲು ಬಯಸುವ ಸರ್ಪ್ರೈಸಸ್.,2,"ನೆಟ್ಟಗಿರುವಿಕೆ, ಡೊಂಕಿಲ್ಲದಿರುವಿಕೆ","Erect, not bent"
ಪೂರ್ವ,ಆಫ್ಘಾನಿ ಪ್ಯಾಂಟ್ ಪೂರ್ವ ದೇಶಗಳ ಅತಿಥಿಗಳು.,1,ಮೂಡಣ ದಿಕ್ಕು,Direction East
ಪೂರ್ವ,ಬಾಯಿ (Yenissei ರಲ್ಲಿ ಸಂಗಮ) - 66 ಡಿಗ್ರಿ 29 ನಿಮಿಷದ ಉತ್ತರ ಅಕ್ಷಾಂಶ ಮತ್ತು 87 ಡಿಗ್ರಿ ಮತ್ತು 14 ನಿಮಿಷಗಳ ಪೂರ್ವ ರೇಖಾಂಶದ.,1,ಮೂಡಣ ದಿಕ್ಕು,Direction East
ಪೂರ್ವ,"ಮೂಲಗಳ ಪ್ರಕಾರ ಪೂರ್ವ ಉತ್ತರ ಪ್ರದೇಶ ರಾಮ್ ನಗರ್ ಪಟ್ಟಣದಲ್ಲಿ ಈ ಘಟನೆ ನಡೆದಿದ್ದು, ರಾಮನಗರ್ ಪಟ್ಟಣದಲ್ಲಿ ಸ್ಥಳೀಯ ಜಿಲ್ಲಾಡಳಿತ ಶೌಚಾಲಯಗಳ ನಿರ್ಮಾಣ ಮಾಡಿತ್ತು.",1,ಮೂಡಣ ದಿಕ್ಕು,Direction East
ಪೂರ್ವ,"ಫೀಸ್ಟ್ ಡೇ: ಪಶ್ಚಿಮ ಚರ್ಚ್ನಲ್ಲಿ ಆಗಸ್ಟ್ 19, ಮತ್ತು ಮೇ 21 ರಂದು ಪೂರ್ವ ಚರ್ಚ್ನಲ್ಲಿ",1,ಮೂಡಣ ದಿಕ್ಕು,Direction East
ಪೂರ್ವ,ಈಸ್ಟ್ ಕೋಸ್ಟ್ ರೋಡ್ (ಇ ಸಿ ಆರ್) ಅಥವಾ ಪೂರ್ವ ಕರಾವಳಿ ಹೆದ್ದಾರಿಯು ತಮಿಳುನಾಡು ರಾಜ್ಯದಲ್ಲಿರುವ ಒಂದು ಸುಂದರ ಹಾಗೂ ಅದ್ಭುತವಾಗಿ ಹರಡಿದ ರಾಜ್ಯ ಹೆದ್ದಾರಿಯಾಗಿದೆ.,1,ಮೂಡಣ ದಿಕ್ಕು,Direction East
ಪೂರ್ವ,"ಅವುಗಳು ದಕ್ಷಿಣ ಅಮೆರಿಕಾದಲ್ಲಿ ವ್ಯಾಪಕವಾಗಿ ಹರಡಿವೆ, ಅಲ್ಲಿ ಅವು ಪೂರ್ವ ಬ್ರೆಜಿಲ್ ಮತ್ತು ಉತ್ತರ ಅರ್ಜೆಂಟೈನಾದ ದಟ್ಟವಾದ ಕಾಡುಗಳಲ್ಲಿ ವಿಶೇಷವಾಗಿ ಜನಸಂಖ್ಯೆಯನ್ನು ಹೊಂದಿವೆ.",1,ಮೂಡಣ ದಿಕ್ಕು,Direction East
ಪೂರ್ವ,"ವಿಶ್ವ-ಪ್ರಸಿದ್ಧ ಎಂಎಂಆರ್ಪಿಪಿ ವರ್ಲ್ಡ್ ಆಫ್ ವಾರ್ಕ್ರಾಫ್ಟ್ನ ದೊಡ್ಡ ಮತ್ತು ವೈವಿಧ್ಯಮಯ ಪ್ರಪಂಚವು ಪಾಂಡೇರಿಯಾ ಇಲ್ಲದೆ ತುಂಬಾ ಆಸಕ್ತಿದಾಯಕವಾಗಿರಲಿಲ್ಲ - ಸುಂದರವಾದ ಮತ್ತು ಅದೇ ಸಮಯದಲ್ಲಿ ಅದರ ಭೂದೃಶ್ಯಗಳು ಮತ್ತು ವಾಸ್ತುಶಿಲ್ಪವು ಪೂರ್ವ ದೇಶಗಳಾದ ಚೀನಾ, ಭಾರತ ಮತ್ತು ಜಪಾನ್ಗಳನ್ನು ಹೋಲುತ್ತದೆ.",1,ಮೂಡಣ ದಿಕ್ಕು,Direction East
ಪೂರ್ವ,"ಶೀತಲ ಸಮರ ನೀತಿಗಳಿಗೆ ಹೋದಂತೆ, ಬ್ರೆಝ್ನೆವ್ ಸಿದ್ಧಾಂತವು ಸಂಪೂರ್ಣವಾಗಿ ಯಶಸ್ವಿಯಾಯಿತು, ರಷ್ಯಾವು ಕೊಡುಗೆಯನ್ನು ತನಕ ಈಸ್ಟರ್ನ್ ಬ್ಲಾಕ್ನ ವ್ಯವಹಾರಗಳಲ್ಲಿ ಮುಚ್ಚಳವನ್ನು ಇರಿಸಿಕೊಂಡು ಶೀತಲ ಸಮರವನ್ನು ಕೊನೆಗೊಳಿಸಿತು, ಈ ಸಮಯದಲ್ಲಿ ಪೂರ್ವ ಯೂರೋಪ್ ಮತ್ತೊಮ್ಮೆ ತನ್ನನ್ನು ಒತ್ತಾಯಿಸಿತು.",1,ಮೂಡಣ ದಿಕ್ಕು,Direction East
ಪೂರ್ವ,ಈ ಬಂದರು ನಗರಿ ನಯನ ಮನೋಹರ ಪೂರ್ವ ಕರಾವಳಿ ರೈಲು ಮಾರ್ಗ ಹಾಗೂ ವಿಶ್ವವಿಖ್ಯಾತ ಟೊರೊಕೊ ಕಣಿವೆಗೆ ಸಮೀಪದಲ್ಲಿದೆ.,1,ಮೂಡಣ ದಿಕ್ಕು,Direction East
ಪೂರ್ವ,"ಇಂಡೋನೇಷ್ಯಾದಲ್ಲಿ ಸುನಾಮಿಯ ಎಚ್ಚರಿಕೆ ನೀಡಲಾಗಿದ್ದು, ಜಪಾನ್, ಪಾಕಿಸ್ತಾನ, ಬಾಂಗ್ಲಾದೇಶ, ಮಲೇಶಿಯಾ, ಥೈಲ್ಯಾಂಡ್, ಶ್ರೀಲಂಕಾ ಮತ್ತು ಭಾರತದ ಪೂರ್ವ ಮತ್ತು ಪಶ್ಚಿಮ ಕರಾವಳಿಯಲ್ಲಿಯೂ ಜನ ಎಚ್ಚರದಿಂದ ಇರುವಂತೆ ಸೂಚಿಸಲಾಗಿದೆ.",1,ಮೂಡಣ ದಿಕ್ಕು,Direction East
ಪೂರ್ವ,ಇದು ಪೂರ್ವ ಸೈಬೀರಿಯಾದಲ್ಲಿ ಇದೆ ಮತ್ತು ಸಿಹಿ ನೀರನ್ನು ಜಲಾಶಯದ ಇದೆ.,1,ಮೂಡಣ ದಿಕ್ಕು,Direction East
ಪೂರ್ವ,28- ಪಾಕಿಸ್ತಾನದ ಪರಮಾಣು ಅಸ್ತ್ರದ ಗುಮ್ಮನಿಗೆ ನಾವು ಹೆದರುವ ಪ್ರಶ್ನೆಯೇ ಇಲ್ಲ ಎಂದು ಭಾರತೀಯ ಸೇನೆಯ ಪೂರ್ವ ವಿಭಾಗದ ಸೇನಾ ಮುಖ್ಯಸ್ಥ ಲೆಫ್ಟಿನೆಂಟ್ ಜನರಲ್ ಎಂ.,1,ಮೂಡಣ ದಿಕ್ಕು,Direction East
ಪೂರ್ವ,ಏಳನೇ ಆಗ್ನೇಯ ಏಷ್ಯಾ ದೇಶಗಳ ಶೃಂಗಸಭೆ (ಏಷ್ಯಾನ್)ಮತ್ತು ನಾಲ್ಕನೆಯ ಪೂರ್ವ ಏಷ್ಯಾ ಶೃಂಗಸಭೆಗಳಲ್ಲಿ ಭಾಗವಹಿಸುವ ಸಲುವಾಗಿ ಪ್ರಧಾನಿ ಮನಮೋಹನ್ ಸಿಂಗ್ ಅವರು ಥಾಯ್ಲೆಂಡಿಗೆ ಭೇಟಿ ನೀಡಿದ್ದಾರೆ.,1,ಮೂಡಣ ದಿಕ್ಕು,Direction East
ಪೂರ್ವ,"ಪಂಚಕದಂತಹ ಸಂದರ್ಭದಲ್ಲಿ (ಧನಿಷ್ಠ, ಶತತಾರ, ಪೂರ್ವ ಭಾದ್ರಪದ, ಉತ್ತರ ಭಾದ್ರಪದ, ರೇವತಿ ನಕ್ಷತ್ರಗಳಲ್ಲಿ) ಬಣಿವೆಗಳಿಗೆ ಪಾಯ ಹಾಕುವುದಾಗಲೀ, ಬಣಿವೆ ಒಟ್ಟಲು ಪ್ರಾರಂಭಿಸುವದಾಗಲೀ, ಬಾಯಿ ಮಾಡುವುದಾಗಲೀ ಮಾಡಿದ್ದಲ್ಲಿ ಬಣಿವೆಗಳು ಆಕಸ್ಮಿತವಾಗಿ ಬೆಂಕಿ ಹೊತ್ತಿ ಸುಟ್ಟು ಹೋಗುತ್ತವೆ ಎಂದು ಗ್ರಾಮೀಣ ಜನರ ನಂಬಿಕೆ.",1,ಮೂಡಣ ದಿಕ್ಕು,Direction East
ಪೂರ್ವ,ಮುಂಚಿತವಾಗಿ 200 ಡಿಗ್ರಿ ಪೂರ್ವ ಶಾಖ ಒಲೆಯಲ್ಲಿ.,1,ಮೂಡಣ ದಿಕ್ಕು,Direction East
ಪೂರ್ವ,"ಶ್ರೀಕಾಕುಳಂ (ಎಪಿ): ಪೂರ್ವ ಕರಾವಳಿಗೆ ಮೂರು ದಿನದ ಹಿಂದೆ ಅಪ್ಪಳಿಸಿದ ಫೈಲಿನ್‌ ಚಂಡಮಾರುತ ಜೀವ ಹಾನಿ, ಅಪಾರ ಆಸ್ತಿಪಾಸ್ತಿ ನಷ್ಟಮಾಡಿದೆ.",1,ಮೂಡಣ ದಿಕ್ಕು,Direction East
ಪೂರ್ವ,"ಅಲ್ಲಿಯವರೆಗೆ ಬೆಳಗಿನ ಆಕಾಶದಲ್ಲಿ ಪೂರ್ವದಲ್ಲಿ ಕಂಡರೆ, ಜುಲೈ ನಂತರ ಸಂಜೆ ಪೂರ್ವ ಆಕಾಶದಲ್ಲಿ ಕಾಣುವುದು.",1,ಮೂಡಣ ದಿಕ್ಕು,Direction East
ಪೂರ್ವ,"ಮಧ್ಯಪ್ರದೇಶದ ಸೆನ್ ನದಿ ಮತ್ತು ಜೋಹಿಲಾ ನದಿ ಪೂರ್ವ ದಿಕ್ಕಿನ ಕಡೆಗೆ ಹರಿದರೆ, ಬಂಧ್ವಾಗಢ್ ಮತ್ತು ಉಮರ್ ನದಿ ಪಶ್ಚಿಮ ಪ್ರದೇಶದಲ್ಲಿ ಹರಿಯುತ್ತದೆ.",1,ಮೂಡಣ ದಿಕ್ಕು,Direction East
ಪೂರ್ವ,ನೀವು ಶುಕ್ರವಾರ ಸಂಜೆ ತಾಯಿ ಚಾಮುಂಡಿ ದರ್ಶನ ಪಡೆದುಕೊಂಡು ಪೂರ್ವ ದಿಕ್ಕಿನಲ್ಲಿ ಕಾಣುವ ಒಬ್ಬ ಬಡವನಿಗೆ ನಿಮ್ಮ ಕೈಲಾದಷ್ಟು ಆಹಾರ ನೀಡಿದರೆ ನಿಮಗೆ ಶುಭಆಗಲಿದೆ.,1,ಮೂಡಣ ದಿಕ್ಕು,Direction East
ಪೂರ್ವ,ಅವರ ಅಜ್ಜಿಯರು ಮೊದಲು ಪೂರ್ವ ಆಫ್ರಿಕಾಕ್ಕೆ ಮತ್ತು ನಂತರ ಯುಕೆಗೆ ಪಂಜಾಬ್‌ನಿಂದ ತೆರಳಿದರು.,1,ಮೂಡಣ ದಿಕ್ಕು,Direction East
ಪೂರ್ವ,ತೆಲಂಗಾಣದ ವಾಡಪಲ್ಲಿಯಲ್ಲಿರುವ ಈ ಮಹಿಮಾನ್ವಿತವಾದ ದೇವಾಲಯವು ಪೂರ್ವ ದಿಕ್ಕಿನಲ್ಲಿದೆ.,1,ಮೂಡಣ ದಿಕ್ಕು,Direction East
ಪೂರ್ವ,ಮೇ 2 ಮತ್ತು 3 ರಂದು ರಾಜಸ್ಥಾನದ ಪೂರ್ವ ಭಾಗದಲ್ಲಿ ಧೂಳಿನ ಚಂಡಮಾರುತದಿಂದ ಕನಿಷ್ಠ 36 ಮಂದಿ ಸಾವನ್ನಪ್ಪಿದ್ದಾರೆ ಮತ್ತು ಸುಮಾರು 200 ಜನ ಗಾಯಗೊಂಡಿದ್ದಾರೆ ಎನ್ನಲಾಗಿದೆ,1,ಮೂಡಣ ದಿಕ್ಕು,Direction East
ಪೂರ್ವ,"ದಕ್ಷಿಣ ಅಮೆರಿಕಾದ ಮೇಲ್ಭಾಗದಲ್ಲಿ ಈಕ್ವಡಾರ್, ಕೊಲಂಬಿಯಾ, ವೆನುಜೆವೆಲಾ, ಗುಯಾನಾ, ಸುರಿಮಾನ್, ಫ್ರೆಂಚ್ ಗುಯಾನಾ, ಪಶ್ಚಿಮ ಕರಾವಳಿಯಲ್ಲಿ ಪೆರು ಮತ್ತು ಚಿಲಿ; ಮಧ್ಯ ಭಾಗದಲ್ಲಿ ಬೊಲಿವಿಯಾ ಮತ್ತು ಪರಾಗುವೆ; ಪೂರ್ವ ಕರಾವಳಿಯಲ್ಲಿ ಬ್ರೆಜಿಲ್, ಉರುಗ್ವೆ ಮತ್ತು ಅರ್ಜೆಂಟೀನಾ ದೇಶಗಳಿವೆ.",1,ಮೂಡಣ ದಿಕ್ಕು,Direction East
ಪೂರ್ವ,"ರಾಜ್ಯದ ಧ್ವಜ ವಿಚಾರ ಐದು ಬಿಂದುವಿನ ನಕ್ಷತ್ರದ ಹೊಂದಿದೆ, ಒಂದು ಮಹಾನ್ ಪೂರ್ವ ದೇಶದ ಸುಮಾರು ಮರೆಯಬೇಡಿ.",1,ಮೂಡಣ ದಿಕ್ಕು,Direction East
ಪೂರ್ವ,ಪೂರ್ವ ಕೇರಳದ ಜಿಲ್ಲೆಗಳಲ್ಲಿ ಪ್ರವಾಹ ತೀವ್ರವಾಗಿದೆ.,1,ಮೂಡಣ ದಿಕ್ಕು,Direction East
ಪೂರ್ವ,"ಅವನ ಪ್ರಕಾರ, ನಮ್ಮ ದೇಶದ ಪ್ರಭಾವದಿಂದ ಪೂರ್ವ ಯುರೋಪ್ ಪ್ರದೇಶವನ್ನು ಹೊರಟಿತು.",1,ಮೂಡಣ ದಿಕ್ಕು,Direction East
ಪೂರ್ವ,"ಆರೋಪಿಗಳ ಪತ್ತೆ ಕಾರ್ಯವನ್ನು ಪೂರ್ವ ವಿಭಾಗದ ಹೆಚ್ಚುವರಿ ಪೊಲೀಸ್ ಆಯುಕ್ತ ಸೀಮಂತ್‍ಕುಮಾರ್ ಸಿಂಗ್, ಉಪ ಪೊಲೀಸ್ ಆಯುಕ್ತರಾದ ಕಲಾಕೃಷ್ಣಸ್ವಾಮಿ, ಎಸಿಪಿ ಶ್ರೀನಿವಾಸ್ ಅವರ ಮಾರ್ಗದರ್ಶನದಲ್ಲಿ ಇನ್ಸ್‍ಪೆಕ್ಟರ್ ರಾಮಮೂರ್ತಿ ಅವರನ್ನೊಳಗೊಂಡ ತಂಡ ಕೈಗೊಂಡು ಆರೋಪಿಗಳನ್ನು ಬಂಧಿಸುವಲ್ಲಿ ಯಶಸ್ವಿಯಾಗಿದೆ.",1,ಮೂಡಣ ದಿಕ್ಕು,Direction East
ಪೂರ್ವ,"ಆದರೆ, ಊಬರ್ ಯುಎಸ್, ಕೆನಡಾ, ಮಧ್ಯ ಮತ್ತು ದಕ್ಷಿಣ ಅಮೆರಿಕಾ, ಯುರೋಪ್, ಮಧ್ಯಪ್ರಾಚ್ಯ, ಆಫ್ರಿಕಾ, ಪೂರ್ವ ಏಷ್ಯಾ, ದಕ್ಷಿಣ ಏಷ್ಯಾ, ಆಗ್ನೇಯ ಏಷ್ಯಾ, ಆಸ್ಟ್ರೇಲಿಯಾ ಮತ್ತು ನ್ಯೂಜಿಲೆಂಡ್‌ಗಳಲ್ಲಿ ಕಾರ್ಯನಿರ್ವಹಿಸುತ್ತದೆ.",1,ಮೂಡಣ ದಿಕ್ಕು,Direction East
ಪೂರ್ವ,ಸ್ಯಾಂಡಿ ಚಂಡಮಾರುತದ ಪೂರ್ವ ಭಾಗವು ಹಡ್ಸನ್ ನದಿಗೆ ಪ್ರವೇಶಿಸಿತು ಮತ್ತು ಪೂರ್ವದಿಂದ ಪಶ್ಚಿಮಕ್ಕೆ ನೀರನ್ನು 90 ಡಿಗ್ರಿ ಕೋನವನ್ನು ಮಾಡುವ ಪ್ರದೇಶಕ್ಕೆ ತಳ್ಳಿತು.,1,ಮೂಡಣ ದಿಕ್ಕು,Direction East
ಪೂರ್ವ,ಪೂರ್ವ ಸ್ಲಾವ್ಸ್ ಸಂಸ್ಕೃತಿಯ ಮೇಲೆ ಅವರ ಪ್ರಭಾವದಿಂದ ಇಂದಿಗೂ ಅಧ್ಯಯನ.,1,ಮೂಡಣ ದಿಕ್ಕು,Direction East
ಪೂರ್ವ,ಪೂರ್ವ ಏಷಿಯಾ ದೇಶಗಳ ವಿದೇಶಾಂತ ಸಚಿವ 6ನೆ ಸಮಾವೇಶ ಸೇರಿದಂತೆ ಕೆಲವು ಅಂತಾರಾಷ್ಟ್ರೀಯ ಮಟ್ಟದ ಸಭೆ ಸಮಾರಂಭಗಳು ನಡೆಯುತ್ತಿವೆ.,1,ಮೂಡಣ ದಿಕ್ಕು,Direction East
ಪೂರ್ವ,"ಪುರದ ವಿಧಾನಸಭೆ ಕ್ಷೇತ್ರದ ಮತಗಟ್ಟೆಗಳ ವೀಕ್ಷಣೆಗೆ ಆಗಮಿಸಿದ ಹೆಚ್ಚುವರಿ ಪೊಲೀಸ್ ಆಯುಕ್ತ ಪೂರ್ವ ವಿಭಾಗದ ಮುರುಗನ್, ಕೆ.",1,ಮೂಡಣ ದಿಕ್ಕು,Direction East
ಪೂರ್ವ,ಈ ಮಳೆ ಪ್ರಮಾಣ ರಾಜ್ಯದ ಪೂರ್ವ ಭಾಗದಲ್ಲಿ ಕಡಿಮೆ ಇದ್ದರೆ ಪಶ್ಚಿಮ ಭಾಗದಲ್ಲಿ ಹೆಚ್ಚಾಗಿರುತ್ತದೆ.,1,ಮೂಡಣ ದಿಕ್ಕು,Direction East
ಪೂರ್ವ,ಬೆಂಗಳೂರಿನ 106 ಪೊಲೀಸ್‌ಠಾಣೆಗಳ ಪೈಕಿ 33 ಪೊಲೀಸ್‌ಠಾಣೆಗಳನ್ನು(ಪಶ್ಚಿಮ ವಿಭಾಗದ 26 ಹಾಗೂ ಪೂರ್ವ ವಿಭಾಗದ 7) ಸೂಕ್ಷ್ಮ ಎಂದು ಗುರುತಿಸಲಾಗಿದೆ.,1,ಮೂಡಣ ದಿಕ್ಕು,Direction East
ಪೂರ್ವ,ಅಫ್ಘಾನಿಸ್ತಾನದ ಪೂರ್ವ ಖೋಸ್ಟ್ ಪ್ರಾಂತ್ಯದಲ್ಲಿ ಮಂಗಳವಾರ ಸಂಭವಿಸಿದ ನೆಲಬಾಂಬ್‌ ಸ್ಫೋಟದಲ್ಲಿ ಮೂವರು ಮಕ್ಕಳು ಸೇರಿದಂತೆ ಹತ್ತು ನಾಗರಿಕರು ಸಾವನ್ನಪ್ಪಿದ್ದಾರೆ ಎಂದು ಪೊಲೀಸ್ ವಕ್ತಾರರು ಖಚಿತಪಡಿಸಿದ್ದಾರೆ.,1,ಮೂಡಣ ದಿಕ್ಕು,Direction East
ಪೂರ್ವ,ದಕ್ಷಿಣ ಮತ್ತು ಪೂರ್ವ ಏಷ್ಯಾಗಳಲ್ಲಿ ದಿನಕ್ಕೆ 400 ಗ್ರಾಂಗಳಿಗಿಂತಲೂ ಕಡಿಮೆ ಕ್ಯಾಲ್ಸಿಯಂ ಸೇವಿಸುತ್ತಾರೆ.,1,ಮೂಡಣ ದಿಕ್ಕು,Direction East
ಪೂರ್ವ,ಆಂಧ್ರಪ್ರದೇಶದ ಪೂರ್ವ ಗೋದಾವರಿ ಜಿಲ್ಲೆಯ ನಿವಾಸಿ.,1,ಮೂಡಣ ದಿಕ್ಕು,Direction East
ಪೂರ್ವ,"ಪೂರ್ವ ನ್ಯೂ ಆರ್ಲಿಯನ್ಸ್, ಲೂಯಿಸಿಯಾನ, ಮೇ 26, 2006",1,ಮೂಡಣ ದಿಕ್ಕು,Direction East
ಪೂರ್ವ,ರಲ್ಲಿ ಅತ್ಯಂತ ಪೂರ್ವ ಭಾಗದ ರಸ್ತೆ ಜಾಲ ಮೂರು ಜನರು ಸತ್ತರು 18 ತುರ್ತುಸ್ಥಿತಿಗಳಲ್ಲಿ ನೋಂದಾಯಿಸಲಾಗಿದೆ.,1,ಮೂಡಣ ದಿಕ್ಕು,Direction East
ಪೂರ್ವ,"ಪರಿಸರ ಸಂರಕ್ಷಣೆ, ಪ್ಲಾಸ್ಟಿಕ್ ಬಳಕೆ ನಿಷೇಧ, ಕಸ ವಿಂಗಡಣೆ ಕುರಿತಂತೆ ಸರ್ಕಾರಿ ಹಾಗೂ ಖಾಸಗಿ ಶಾಲಾ ಮಕ್ಕಳೊಂದಿಗೆ ಪೂರ್ವ ವಲಯದಲ್ಲಿ ಹಮ್ಮಿಕೊಳ್ಳಲಾಗಿದ್ದ ಜಾಗೃತಿ ಜಾಥಾಕ್ಕೆ ಚಾಲನೆ ನೀಡಿ ಅವರು ಮಾತನಾಡಿದರು.",1,ಮೂಡಣ ದಿಕ್ಕು,Direction East
ಪೂರ್ವ,"ಬೇಸಿಗೆ ಮತ್ತು ಶರತ್ಕಾಲದ ವೇಳೆಗೆ, ಯುದ್ಧನೌಕೆಗಳ ಬಂದೂಕುಗಳು ಕೊರಿಯಾದ ಪೂರ್ವ ಕರಾವಳಿಯಲ್ಲಿ ಗುರಿಗಳನ್ನು ಮುಟ್ಟುತ್ತವೆ.",1,ಮೂಡಣ ದಿಕ್ಕು,Direction East
ಪೂರ್ವ,"ವ್ಯಾಪಕವಾದ ಯೋಜನೆಗಳ ನಂತರ, ಅಕ್ಟೋಬರ್ 20, 1944 ರಂದು ಮಿತ್ರಪಕ್ಷಗಳು ಪೂರ್ವ ಫಿಲಿಪೈನ್ಸ್ನ ಲೇಯ್ಟೆ ದ್ವೀಪದಿಂದ ಹೊರಬಂದವು.",1,ಮೂಡಣ ದಿಕ್ಕು,Direction East
ಪೂರ್ವ,ಹೀಗಾಗಿ ತಮ್ಮ ತೋಟದ ಪೂರ್ವ ಹಾಗೂ ಪಶ್ಚಿಮ ದಿಕ್ಕಿನ ಬದುಗಳಲ್ಲಿ 250 ಸಾಗುವಾನಿ ಮರಗಳನ್ನು ಗಾಳಿ ತಡೆಯಾಗಿ ಬಳಸಿಕೊಂಡಿದ್ದಾರೆ.,1,ಮೂಡಣ ದಿಕ್ಕು,Direction East
ಪೂರ್ವ,"ಅಂದರೆ ಆಧುನಿಕ ಯುಗದ ೨೦೦ ವರ್ಷಗಳಲ್ಲಿ ಜಾಗತಿಕ ಮಟ್ಟದಲ್ಲಿ ಐರೋಪ್ಯ ರಾಷ್ಟ್ರಗಳು ಬೆಳೆಯುತ್ತಿರುವ ಬಂಡವಾಳಶಾಹಿ ರಾಷ್ಟ್ರಗಳಾಗಿ ಪರಿಣಮಿಸಿದರೆ, ಪೂರ್ವ ಮತ್ತು ದಕ್ಷಿಣ ಪೂರ್ವ(ಜಪಾನನ್ನು ಹೊರತುಪಡಿಸಿ) ಏಷ್ಯಾ ದೇಶಗಳೆಲ್ಲವೂ ಇಡೀ ಜಗತ್ತಿನಲ್ಲಿ ಅನಭಿವೃದ್ದಿ ಹೊಂದಿದ.",1,ಮೂಡಣ ದಿಕ್ಕು,Direction East
ಪೂರ್ವ,"ಸೀಮಾಂಧ್ರವ್ಯಾಪ್ತಿಗೆ ಒಳಪಡುವ ಕೃಷ್ಣಾ, ಗುಂಟೂರು, ಪ್ರಕಾಶಂ, ನೆಲ್ಲೂರು, ಶ್ರೀಕಾಕುಳಂ, ವಿಜಯನಗರಂ, ವಿಶಾಖಪಟ್ಟಣ, ಪೂರ್ವ ಗೋದಾವರಿ, ಪಶ್ಚಿಮ ಗೋದಾವರಿ, ಚಿತ್ತೂರು, ಕರ್ನೂಲು, ಕಡಪ, ಅನಂತಪುರ ಸೇರಿದಂತೆ ಬಹುತೇಕ ಎಲ್ಲ ಕಡೆ ಬಂದ್ ಗೆ ಉತ್ತಮ ಪ್ರತಿಕ್ರಿಯೆ ಕಂಡು ಬಂದಿದೆ.",1,ಮೂಡಣ ದಿಕ್ಕು,Direction East
ಪೂರ್ವ,ಸೋನ್​ಭದ್ರಾದ ಶೂಟೌಟ್​ ಪ್ರಕರಣದಲ್ಲಿ ಹತರಾದವರ ಕುಟುಂಬ ವರ್ಗದವರನ್ನು ಭೇಟಿಯಾಗಿ ಸಾಂತ್ವನ ಹೇಳಬೇಕು ಎಂಬ ಜವಾಬ್ದಾರಿಯನ್ನು ಈಗಲಾದರೂ ಅರ್ಥ ಮಾಡಿಕೊಂಡರಲ್ಲಾ… ಎಂದು ಹೇಳಿ ಟ್ವೀಟ್​ ಮಾಡುವ ಮೂಲಕ ಉತ್ತರ ಪ್ರದೇಶ ಕಾಂಗ್ರೆಸ್​ನ ಪೂರ್ವ ವಿಭಾಗದ ಪ್ರಧಾನ ಕಾರ್ಯದರ್ಶಿ ಪ್ರಿಯಾಂಕಾ ಗಾಂಧಿ ಉತ್ತರ ಪ್ರದೇಶ ಸಿಎಂ ಯೋಗಿ ಆದಿತ್ಯನಾಥ ಅವರ ಕಾಲೆಳೆದಿದ್ದಾರೆ.,1,ಮೂಡಣ ದಿಕ್ಕು,Direction East
ಪೂರ್ವ,"ಬೆಂಗಳೂರಿನ ಪೂರ್ವ ಭಾಗದಲ್ಲಿರುವ ಈ ಬಡಾವಣೆಯ ಮೊದಲಿನ ಹೆಸರು ಭಗತ್ ಸಿಂಗ್ ನಗರ, ಆದರೆ ಈಗ ದೊಮ್ಮಲೂರು ಎಂದು ಕರೆಯಲು ನಿಖರ ಕಾರಣ ಗೊತ್ತಿಲ್ಲ.",1,ಮೂಡಣ ದಿಕ್ಕು,Direction East
ಪೂರ್ವ,"ಸೋಮವಾರ ಜಿಲ್ಲಾಧಿಕಾರಿ ಕಚೇರಿಯಲ್ಲಿ ಮುಂಗಾರು ಮಳೆ ಕುರಿತು ಪೂರ್ವ ಸಿದ್ಧತೆಗಳ ಪರಿಶೀಲನೆ ಸಭೆಯ ಅಧ್ಯಕ್ಷತೆ ವಹಿಸಿ ಮಾತನಾಡಿದ ಅವರು, ಮರಳುಗಾರಿಕೆ ನಿಷೇಧ ಹಿನ್ನೆಲೆಯಲ್ಲಿ ಅಗತ್ಯವಿರುವ ಮರಳನ್ನು ಸಂಗ್ರಹಿಸಿಟ್ಟುಕೊಳ್ಳಬೇಕು.",2,ಹಿಂದೆ,Before
ಪೂರ್ವ,ಇದು ಪೂರ್ವ ಯೋಜಿತ ಕೃತ್ಯ.,2,ಹಿಂದೆ,Before
ಪೂರ್ವ,ಪ್ರೌಢ ಶಿಕ್ಷಣ ಪರೀಕ್ಷಾ ಮಂಡಳಿ ಪೂರ್ವ ಸಿದ್ಧತಾ ಪರೀಕ್ಷೆ ನಡೆಸುವುದಾಗಿ ಹೇಳುತ್ತಿದೆ.,2,ಹಿಂದೆ,Before
ಪೂರ್ವ,"ವೈದ್ಯರ ಕನಿಷ್ಠ ಇಲ್ಲ ಕಾರನ್ನು ಚಲಾಯಿಸಲು ಸಾಧ್ಯವಾಗುತ್ತದೆ ಚಾಲಕ ಪೂರ್ವ ಟ್ರಿಪ್ ವೈದ್ಯಕೀಯ ಪರೀಕ್ಷೆ ಸಮಯದಲ್ಲಿ ಅನುಮಾನಗಳನ್ನು ವೇಳೆ, ಇದು ಕರ್ತವ್ಯದಿಂದ ಅಮಾನತುಗೊಳಿಸಲಾಗಿದೆ.",2,ಹಿಂದೆ,Before
ಪೂರ್ವ,"ನಿಮ್ಮ ಮಣಿಕಟ್ಟಿನ ಮೇಲೆ cleanser ಮೂಲಕ ಅರ್ಜಿ ಮತ್ತು ಅರ್ಧ ಗಂಟೆ ನಿರೀಕ್ಷಿಸಿ: ಆದ್ದರಿಂದ, ಇದು ಪೂರ್ವ ಪರೀಕ್ಷೆ ನಡೆಸಲು ಅಗತ್ಯ.",2,ಹಿಂದೆ,Before
ಪೂರ್ವ,ಇನ್ನೂ ವಿದ್ಯಾವಂತ ಯುವತಿ ವಿವಾಹ ಪೂರ್ವ ಲೈಂಗಿಕತೆ ವಿಷಯದಲ್ಲಿ ಜವಾಬ್ದಾರಿ ವಹಿಸಬೇಕು.,2,ಹಿಂದೆ,Before
ಪೂರ್ವ,"ಪೂರ್ವ ಸಿದ್ಧತೆ ಸರಿಯಾಗಿದ್ದು, ದಿನಾಂಕವನ್ನು ಪ್ರಕಟಿಸಲಾಗಿದೆ ಎಂದು ಫೀಫಾ ಅಂಡರ್ 17 ವಿಶ್ವಕಪ್ ಇವೆಂಟ್ ಮ್ಯಾನೇಜರ್ ಎಂಎಸ್ ಮಾರಿಯಾನ್ ಹೇಳಿದ್ದಾರೆ.",2,ಹಿಂದೆ,Before
ಪೂರ್ವ,ಇದಕ್ಕೆ ಪೂರ್ವ ಸಿದ್ಧತೆ ಮಾಡಿಕೊಳ್ಳಲಾಗುತ್ತಿದೆ.,2,ಹಿಂದೆ,Before
ಪೂರ್ವ,"ಈ ವಾದವನ್ನು ಒಪ್ಪಿದರೆ, ವಸಾಹತು ಪೂರ್ವ ಯುಗದಲ್ಲಿ, ಇಂತಹ ವಿಸ್ಮೃತಿ ಇರಲಿಲ್ಲ; ಮತ್ತು ಆ ಯುಗದಲ್ಲಿ ಅವೈದಿಕ ಚಿಂತನೆಗೂ ಪ್ರಮುಖ ಸ್ಥಾನವಿತ್ತು ಎಂದು ಒಪ್ಪಬೇಕಾಗುತ್ತದೆ.",2,ಹಿಂದೆ,Before
ಪೂರ್ವ,"ಬೆಂಗಳೂರು ಪೂರ್ವ ತಾಲ್ಲೂಕು ಸೀಗೇಹಳ್ಳಿ ಗ್ರಾಮ ಪಂಚಾಯಿತಿ ಅಧ್ಯಕ್ಷ, 2007ರಿಂದ 2012ರವರೆಗೆ ಕೆಪಿಸಿಸಿ ರಾಜ್ಯ ಸಂಚಾಲಕರಾಗಿ ಸೇವೆ ಸಲ್ಲಿಸಿದ್ದಾರೆ.",2,ಹಿಂದೆ,Before
ಪೂರ್ವ,"ಸತ್ಯನಾರಾಯಣರಾವ್ ಅವರು ಹಿಂದೆ ಪೂರ್ವ ವಲಯದ ಐಜಿಪಿಯಾಗಿದ್ದಾಗ, ಅವರ ಅಧೀನದಲ್ಲಿ ರೂಪಾ ಹೆಚ್ಚುವರಿ ಪೊಲೀಸ್ ವರಿಷ್ಠಾಧಿಕಾರಿಯಾಗಿ ಕೆಲಸ ಮಾಡಿದ್ದರು.",2,ಹಿಂದೆ,Before
ಪೂರ್ವ,7: ಕೆಲವೇ ದಿನಗಳಲ್ಲಿ ಘೋಷಣೆಯಾಗುವ ಸಾರ್ವತ್ರಿಕ ಲೋಕಸಭಾ ಚುನಾವಣೆಗೆ ಸಂಬಂಧಿಸಿದಂತೆ ಉಡುಪಿ ಜಿಲ್ಲೆಯಲ್ಲಿ ಎಲ್ಲಾ ಪೂರ್ವ ಸಿದ್ಧತೆಗಳನ್ನು ಮಾಡಲಾಗಿದೆ ಎಂದು ಉಡುಪಿ ಜಿಲ್ಲಾಧಿಕಾರಿ ಹೆಪ್ಸಿಬಾ ರಾಣಿ ಕೊರ್ಲಪಾಟಿ ತಿಳಿಸಿದ್ದಾರೆ.,2,ಹಿಂದೆ,Before
ಪೂರ್ವ,ಪೂರ್ವ ಸಿದ್ಧತಾ ಪರಿಕ್ಷೆಯಲ್ಲಿಯೇ ಈ ಪರಿಸ್ಥಿತಿಯಾದರೇ ಅಂತಿಮ ಪರೀಕ್ಷೆಯಲ್ಲಿ ಏನಾಗಬಹುದು ಎಂಬ ಆತಂಕ ಪೋಷಕರನ್ನು ಇದೀಗ ಕಾಡಲು ಆರಂಭಿಸಿದೆ.,2,ಹಿಂದೆ,Before
ಪೂರ್ವ,"ಕ್ಷಣದಲ್ಲಿ, ಕಾರಣ ಉಕ್ರೇನ್ ಪೂರ್ವ ಅಮಾನತುಗೊಳಿಸಲಾಗಿದೆ ರಲ್ಲಿ ಕರಿಕು ಕಲ್ಲಿದ್ದಲಿನ ರಾಜಕೀಯ ಅಸ್ಥಿರತೆಯ.",2,ಹಿಂದೆ,Before
ಪೂರ್ವ,"ಅಲ್ಲದೇ, ಈ ಒಪ್ಪಂದಕ್ಕೆ ರಕ್ಷಣಾ ಸಂಪುಟ ಸಮಿತಿಯ ಪೂರ್ವ ಅನುಮೋದನೆಯನ್ನು ಪಡೆದುಕೊಂಡಿರಲಿಲ್ಲ.",2,ಹಿಂದೆ,Before
ಪೂರ್ವ,"ಅವಧಿ ಪೂರ್ವ ವರ್ಗಾವಣೆ ಪ್ರಶ್ನಿಸಿ ರೋಹಿಣಿ, ಮೊದಲು ಸಿಎಟಿ, ಬಳಿಕ ಹೈಕೋರ್ಟ್ ಮೆಟ್ಟಿಲೇರಿ ಎರಡು ಸುತ್ತಿನ ಹೋರಾಟ ನಡೆಸಿದ್ದರು.",2,ಹಿಂದೆ,Before
ಪೂರ್ವ,"ಡಿಸೆಂಬರ್ 5 ರಂದು ಜರ್ಮನಿ ಮತ್ತು ಬವೇರಿಯಾದ ಕೆಲವು ಪ್ರದೇಶಗಳು ಕ್ರಾಂಪ್ಸ್ನಾಚ್ಟ್ನ್ನು ಆಚರಿಸುತ್ತಾರೆ, ಇದು ಕ್ರಿಶ್ಚಿಯನ್ ಪೂರ್ವ ಸಂಪ್ರದಾಯಕ್ಕೆ ಥ್ರೋಬ್ಯಾಕ್ ಆಗಿರುತ್ತದೆ.",2,ಹಿಂದೆ,Before
ಪೂರ್ವ,"ಪಟ್ಟದ ಚಾವಡಿಯಲ್ಲಿ ನಡೆಯುತ್ತಿರುವ ನೇಮ ನಡಾವಳಿಗಳು ಪ್ರಕೃತ ಯಥೋಚಿತವಾಗಿ ನಡೆಯುತ್ತಿದ್ದು, ಪೂರ್ವ ಸಂಪ್ರದಾಯದಂತೆ ಮೂರು ಮುಡಿ ಗದ್ದೆಗೆ ದೀಪೋತ್ಸವ, ಅರಿಯಡ್ಕ ಬೀಡಿನಿಂದ ಎರುಮಾನಿ ವಿಜೃಂಭಣೆಯಿಂದ ಬರುವುದು, ಎಳೆಯುವ ಬಂಡಿಯಲ್ಲಿ ಗದ್ದೆಗೆ ಪೂಕರೆ ಹಾಕುವುದು, ನೇಮ ನಡಾವಳಿ, ಕೆದಂಬಾಡಿ ಗ್ರಾಮ ಜಾತ್ರೆಯು ಊರ ಪರವೂರವರ ಭಾಗವಹಿಸುವಿಕೆಯಿಂದ ನಡೆಯುತ್ತಿದೆ.",2,ಹಿಂದೆ,Before
ಪೂರ್ವ,"ಹುಡುಗಿಯರಿಗೆ ಮಕ್ಕಳ ಕೊಠಡಿಗಳನ್ನು ಆವರಣ ಆಯ್ಕೆ ಮಾಡುವಾಗ, ಪೋಷಕರು ಖಾತೆಗೆ ನೈಸರ್ಗಿಕ predilections ಸ್ವಲ್ಪ ರಾಜಕುಮಾರಿಯರು ತೆಗೆದುಕೊಳ್ಳಬೇಕು - ಅವರು ಬಹಳ ಪೂರ್ವ ವಯಸ್ಸಿನ ಒಂದು, ಪ್ರಣಯ ಸೊಗಸಾದ ಮತ್ತು ಅಸಾಧಾರಣ ವಿಷಯಗಳನ್ನು ಬಯಸುತ್ತಾರೆ.",2,ಹಿಂದೆ,Before
ಪೂರ್ವ,ಆದರೂ ರೈಲ್ವೆ ತನ್ನ ಪೂರ್ವ ತಯಾರಿಯನ್ನು ಪತ್ರಿಕೆಗಳಿಗೆ ತಿಳಿಸುತ್ತದೆ.,2,ಹಿಂದೆ,Before
ಪೂರ್ವ,"ಇತ್ತೀಚಿನ ಕೈಸರ್ ಫ್ಯಾಮಿಲಿ ಫೌಂಡೇಷನ್ ಡೇಟಾವು ಅಮೆರಿಕದಲ್ಲಿ 27 ವರ್ಷ ವಯಸ್ಕರ ವಯಸ್ಕರ ವಯಸ್ಕರಲ್ಲಿ ಪೂರ್ವ ಅಸ್ತಿತ್ವದಲ್ಲಿರುವ ಪರಿಸ್ಥಿತಿಗಳನ್ನು ಹೊಂದಿದ್ದು ಅದು ವೈಯಕ್ತಿಕ ಮಾರುಕಟ್ಟೆಯಲ್ಲಿ ಅಸಮರ್ಪಕವಾಗಬಹುದು ಎಂದು ನಾವು ಸೂಚಿಸುತ್ತೇವೆ, ನಾವು ವೈದ್ಯಕೀಯ ಅಂಡರ್ರೈಟಿಂಗ್ ಮಾನದಂಡಗಳಿಗೆ ಹಿಂತಿರುಗಿದರೆ ಅದು 2014 ಕ್ಕೂ ಮುಂಚೆಯೇ ಪ್ರತಿಯೊಂದು ರಾಜ್ಯದಲ್ಲಿದೆ.",2,ಹಿಂದೆ,Before
ಪೂರ್ವ,"ಹೇಗೆ ತಂಪಾದ, ಆದರೆ ಅರ್ಥಮಾಡಿಕೊಳ್ಳಲು ಈ ಅಸಂಗತ ಕಾರಣ ಮಾತ್ರ ಪೂರ್ವ ನಿರ್ಮಿತ ಪ್ರಯೋಗಾಲಯದ ಅಧ್ಯಯನಗಳ ಆಧಾರದ ಮೇಲೆ ಜ್ಞಾನವನ್ನು ತಜ್ಞ ಮಾಡಬಹುದು.",2,ಹಿಂದೆ,Before
ಪೂರ್ವ,ಪೂರ್ವ ಮಹಾಭಾರತ ಕಾಲದಲ್ಲಿ ಪಾಂಡವರು ಅರಣ್ಯವಾಸ ಮಾಡುವ ಸಮಯದಲ್ಲಿಇಲ್ಲಿ ಕೆಲವು ದಿನಗಳು ಕಳೆದ್ದಿದ್ದರಂತೆ ಎಂದು ಮಲ್ಲರೆಡ್ಡಿ ಪ್ರದೇಶವುಗುರುತಿಸಿಕೊಂಡಿದೆ.,2,ಹಿಂದೆ,Before
ಪೂರ್ವ,"ಆದ್ದರಿಂದ ಅವುಗಳನ್ನು ನಿರೀಕ್ಷಣಾ ಚಿಂತನೆ, ಹಾಗೂ ಪೂರ್ವ ಸಂಶೋಧನೆ ಯೋಜನೆಗೆ.",2,ಹಿಂದೆ,Before
ಪೂರ್ವ,"ಒಂದು ಮಗುವನ್ನು ಅನೇಕವೇಳೆ ಸಂಗೀತ ಶಾಲೆಗೆ ಹೊರಹಾಕಬೇಕೆಂದು ಬಯಸಿದರೆ, ನಂತರ ಪೂರ್ವ ನೃತ್ಯಗಳು ಮಕ್ಕಳನ್ನು ಬಯಕೆ ಮತ್ತು ಸಂತೋಷದಿಂದ ನೃತ್ಯ ಮಾಡುತ್ತವೆ ಮತ್ತು ಬಲದ ಮೂಲಕವಲ್ಲ;",2,ಹಿಂದೆ,Before
ಪೂರ್ವ,ಆರ್ ಬಿಐ ತಜ್ಞರೊಂದಿಗೆ ಚರ್ಚಿಸಿ ಪೂರ್ವ ತಯಾರಿ ಇಲ್ಲದೇ ನೋಟ್ ಬ್ಯಾನ್ ಮಾಡಿರೋದ್ರಿಂದ ಏನೂ ತಪ್ಪು ಮಾಡದ ಜನಸಾಮಾನ್ಯರೂ ಸಹ ದಿನನಿತ್ಯ ಕಷ್ಟ ಅನುಭವಿಸುತ್ತಿದ್ದಾರೆ ಎಂದು ಲೋಕಸಭೆ ಪ್ರತಿಪಕ್ಷ ನಾಯಕ ಮಲ್ಲಿಕಾರ್ಜುನ ಖರ್ಗೆ ತಿಳಿಸಿದ್ದಾರೆ.,2,ಹಿಂದೆ,Before
ಪೂರ್ವ,"ಬೆಂಗಳೂರು, ಸೆಪ್ಟೆಂಬರ್ 15: ಮುಂಗಾರು ಪೂರ್ವ ಮಳೆ ಹೊಯ್ದು ಮರೆಯಾಗಿದ್ದ ಮಳೆರಾಯ ಮತ್ತೆ ಬೆಂಗಳೂರಿಗೆ ಬಂದು ತಂಪೆರೆದಿದ್ದಾನೆ.",2,ಹಿಂದೆ,Before
ಪೂರ್ವ,ವಿಜಯಕುಮಾರ್ ಸರಿಯಾದ ಪೂರ್ವ ತಯಾರಿಯೊಂದಿಗೆ ಪರೀಕ್ಷೆ ಎದುರಿಸುವ ಮೂಲಕ ವಿದ್ಯಾರ್ಥಿಗಳು ಸಂಸ್ಥೆಗೆ ಕೀರ್ತಿ ತರಬೇಕು ಎಂದರು.,2,ಹಿಂದೆ,Before
ಪೂರ್ವ,ರಸ್ತೆ ವಿಸ್ತರಣೆಗೆ ಬೇಕಾದ ಪೂರ್ವ ಸಿದ್ಧತೆ.,2,ಹಿಂದೆ,Before
ಪೂರ್ವ,ಹಿಂದೆ ಸುಲಿದ ಬೆಳ್ಳುಳ್ಳಿಹಿಳುಕು ನೆನೆಸಿ ಬಿಗಿಯಾಗಿ ಒಂದು ಪೂರ್ವ ತಯಾರಾದ ಗಾಜಿನ ಜಾರ್ ಇಡಿ.,2,ಹಿಂದೆ,Before
ಪೂರ್ವ,"ಆದರೆ, ಈ ಬಗ್ಗೆ ಪೂರ್ವ ಮಾಹಿತಿ ಇಲ್ಲದೆ ಸ್ನಾನ ಘಟ್ಟದ ಬಳಿ ಬಂದ ಫೋಟೋ ಜರ್ನಲಿಸ್ಟ್, ಮಾಧ್ಯಮ ಪ್ರತಿನಿಧಿಗಳು, ಉತ್ಸಾಹಿ ಫೋಟೋಗ್ರಾಫರ್ ಗಳು ಫೋಟೋಗ್ರಾಫಿ ನಿಷೇಧ ಬೋರ್ಡ್ ನೋಡಿ ಕಂಗಾಲಾಗಿದ್ದಾರೆ.",2,ಹಿಂದೆ,Before
ಬಂಡವಾಳ,ಶೇರು ಮಾರುಕಟ್ಟೆಯಲ್ಲಿ ಬಂಡವಾಳ ಹೂಡಿದರೆ ಕೆಲವೇ ದಿನಗಳಲ್ಲಿ ಹಣ ದ್ವಿಗುಣಗೊಳ್ಳುತ್ತದೆ ಎಂದು ನಂಬಿಸಿ 183 ಜನರಿಂದ ಸುಮಾರು ನಾಲ್ಕವರೆ ಕೋಟಿಯಷ್ಟು ಹಣವನ್ನು ವಸೂಲಿ ಮಾಡಿ ವಂಚನೆ ಮಾಡಿದ್ದಾನೆ.,1,"ಬೆಲೆ, ಮೌಲ್ಯ","Price, value"
ಬಂಡವಾಳ,"ಅನಿಕ್ಸ್ಟರ್ ಹೂಡಿಕೆಯು ಜೆಲ್ನ ಕಾರ್ಯತಂತ್ರದ ವಿಶಿಷ್ಟ ಲಕ್ಷಣವಾಗಿತ್ತು, ಏಕೆಂದರೆ ಅವರು ಅನಾಮಧೇಯ ಗುಣಲಕ್ಷಣಗಳಲ್ಲಿ ಬಂಡವಾಳ ಹೂಡಲು ಒಲವು ತೋರಿದರು.",1,"ಬೆಲೆ, ಮೌಲ್ಯ","Price, value"
ಬಂಡವಾಳ,", ಮತ್ತು ಆರ್ಥಿಕ ಭದ್ರತೆ ಗಾತ್ರ ಒಂದು ನಿಯಮದಂತೆ, ಕೇವಲ ಒಂದು ಕಡಿಮೆ ಬೌಂಡ್ ಹೊಂದಿದೆ - ಅಧಿಕೃತ ಬಂಡವಾಳ ಅಥವಾ ಆಸ್ತಿ - ಅನೇಕ ದೇಶಗಳಲ್ಲಿ ಕಂಪನಿಯ ಒಂದು ಪೂರ್ವಾಪೇಕ್ಷಿತ ರಚನೆಗೆ ಒಂದು ನಿರ್ದಿಷ್ಟ ಆರ್ಥಿಕ ಭದ್ರತೆ ಹೊಂದಲಿದೆ.",1,"ಬೆಲೆ, ಮೌಲ್ಯ","Price, value"
ಬಂಡವಾಳ,"ರೊಬೋಟಿಕ್ ನೌಕರರನ್ನು ಹೊಂದಿದ ಕಂಪೆನಿಗಳ ಸ್ಥಾಪನೆಗೆ ಹೆಚ್ಚಿನ ಬಂಡವಾಳ ಬೇಕು,ಆದರಿವು ಹತ್ತು ಹನ್ನೆರಡು ವರ್ಷಗಳ ಅವಧಿಯಲ್ಲಿ ಖರ್ಚನ್ನು ಪೂರ್ಣ ಹಿಂದಿರುಗಿಸಿ,ಪೂರ್ತಿ ಲಾಭ ತಂದುಕೊಡುವ ಘಟಕಗಳಾಗಬಲ್ಲುವು.",1,"ಬೆಲೆ, ಮೌಲ್ಯ","Price, value"
ಬಂಡವಾಳ,ಕೆಳಗಿನವುಗಳನ್ನು ನಾವು ಉಲ್ಲೇಖಿಸಿದಂತೆ ತೆಗೆದುಕೊಳ್ಳುತ್ತೇವೆ: ಹೂಡಿಕೆ ಬ್ಯಾಂಕುಗಳು ಸಾಂಸ್ಥಿಕ ಮತ್ತು ಸರ್ಕಾರಿ ಭದ್ರತೆಗಳ ವ್ಯಾಪಾರದೊಂದಿಗೆ ಮುಖ್ಯವಾಗಿ ದೊಡ್ಡ ಪ್ಯಾಕೇಜ್ಗಳ ಮೂಲಕ ಕಾರ್ಯನಿರ್ವಹಿಸುವ ಉದ್ಯಮಗಳಾಗಿವೆ; ಅವರು ಷೇರುಗಳನ್ನು ಮತ್ತು ಬಾಂಡ್ಗಳಿಗೆ ಬಂಡವಾಳ ಹೂಡುವ ರೂಪದಲ್ಲಿ ಅಥವಾ ದೀರ್ಘಕಾಲೀನ ಹೂಡಿಕೆಯ ಸಾಲವನ್ನು ನೀಡುವ ಮೂಲಕ ಕಾರ್ಪೊರೇಟ್ ಹಣಕಾಸು ವ್ಯವಹಾರದಲ್ಲಿ ಸಹ ತೊಡಗುತ್ತಾರೆ.,1,"ಬೆಲೆ, ಮೌಲ್ಯ","Price, value"
ಬಂಡವಾಳ,"ಹಣಕಾಸು ಸಚಿವ ನಿರ್ಮಲಾ ಸೀತಾರಾಮನ್ ಅವರ ಮೊದಲ ಬಜೆಟ್ ಮುಂದಿನ ಐದು ವರ್ಷಗಳಲ್ಲಿ ಸುಧಾರಣೆಗಳಿಗೆ ವೇದಿಕೆ ಕಲ್ಪಿಸಲಿದ್ದು, ಹೂಡಿಕೆ, ಆಕರ್ಷಣೆಯನ್ನು ಹೆಚ್ಚಿಸಲು ಭೂಮಿ, ಕಾರ್ಮಿಕ, ಬಂಡವಾಳ ಮತ್ತು ಉದ್ಯಮಶೀಲತೆ ಮುಂತಾದ ಕ್ಷೇತ್ರಗಳಲ್ಲಿ ರಚನಾತ್ಮಕ ನೀತಿ ಬದಲಾವಣೆಗಳನ್ನು ಕಾಣಬಹುದು, ಬಳಕೆಯನ್ನು ಹೆಚ್ಚಿಸಲು ಪ್ರೋತ್ಸಾಹಕಗಳನ್ನು ನೀಡುತ್ತದೆ ಮತ್ತು ಸಾರ್ವಜನಿಕ ಹಣವನ್ನು ಸಾಮಾಜಿಕಕ್ಕಾಗಿ ಖರ್ಚು ಮಾಡುತ್ತದೆ ಸಮಾನ ಬೆಳವಣಿಗೆಗೆ ಮೂಲಸೌಕರ್ಯ, ಈ ವಿಷಯದ ಬಗ್ಗೆ ತಿಳಿದಿರುವ ಅಧಿಕಾರಿಗಳು ಹೇಳಿದರು.",1,"ಬೆಲೆ, ಮೌಲ್ಯ","Price, value"
ಬಂಡವಾಳ,ವಸೂಲಿಯಾಗದ ಸಾಲ ತಗ್ಗಿಸಲು ಬ್ಯಾಂಕ್‌ಗಳಿಗೆ ಬಂಡವಾಳ ಮರುಪೂರಣ ಯೋಜನೆ ಪ್ರಕಟಿಸಲಾಗಿದೆ.,1,"ಬೆಲೆ, ಮೌಲ್ಯ","Price, value"
ಬಂಡವಾಳ,ಯುರೋಸ್ ಒಂದು ಆರ್ಥಿಕ ಬಂಡವಾಳ ಉತ್ತಮ ಗುಣಮಟ್ಟದ ಮತ್ತು ಹಸಿರು ಹೊದಿಕೆಯ ಬಾಳಿಕೆ ಪಾವತಿಸುತ್ತದೆ.,1,"ಬೆಲೆ, ಮೌಲ್ಯ","Price, value"
ಬಂಡವಾಳ,"ಅದರಂತೆಯೇ, ಹಿಂದಿನ ಸರ್ಕಾರ ಡಸಾಲ್ಟ್ ಕಂಪನಿ ಸರ್ಕಾರಿ ಸ್ವಾಮ್ಯದ ಊಂಐ ನಲ್ಲಿ ಬಂಡವಾಳ ಮತ್ತು ತಂತ್ರಜ್ಞಾನ ತೊಡಗಿಸಬೇಕೆಂಬ ಒಪ್ಪಂದ ಮಾಡಿಕೊಂಡಿದ್ದು.",1,"ಬೆಲೆ, ಮೌಲ್ಯ","Price, value"
ಬಂಡವಾಳ,70ರಷ್ಟು ಬಂಡವಾಳ ಹೂಡಿಕೆಯಾಗಲಿದೆ ಎಂದು ವಿವರಿಸಿದರು.,1,"ಬೆಲೆ, ಮೌಲ್ಯ","Price, value"
ಬಂಡವಾಳ,"ಟಾವೊಯುನ್‍ನಲ್ಲಿ ಬಂಡವಾಳ ಹೂಡುವಂತೆ ಭಾರತದ ಅದರಲ್ಲೂ ಕರ್ನಾಟಕದ ಉದ್ಯಮಿಗಳಿಗೆ ಮುಕ್ತ ಆಹ್ವಾನ ನೀಡಿದ ಅವರು, 2017ರಲ್ಲಿ ತೈವಾನ್ ಭಾರತದೊಂದಿಗೆ ತೈವಾನ್ 240 ದಶಲಕ್ಷ ಡಾಲರ್‍ಗಳ ವ್ಯಾಪಾರ ವಹಿವಾಟು ನಡೆಸಿದೆ.",1,"ಬೆಲೆ, ಮೌಲ್ಯ","Price, value"
ಬಂಡವಾಳ,ಮೊದಲು ನಾನೇ ಬಂಡವಾಳ ಹಾಕಿ ವ್ಯಾಪಾರ ಮಾಡುವಾಗ ಮಾಲು ಉಳಿದ್ರೆ ಆಕಾಶಾನೇ ತಲೆ ಮೇಲೆ ಬಿದ್ದಂಗೆ ಆಗ್ತಿತ್ತು.,1,"ಬೆಲೆ, ಮೌಲ್ಯ","Price, value"
ಬಂಡವಾಳ,"ಹಸಿವು ಮುಕ್ತ ರಾಜ್ಯ , ಕೃಷಿ, ಉದ್ಯೋಗ, ಶಿಕ್ಷಣ, ಕೈಗಾರಿಕೋದ್ಯಮ, ವಿದೇಶಿ ಬಂಡವಾಳ ಹೂಡಿಕೆ, ಗ್ರಾಮಗಳ ಅಭಿವೃದ್ಧಿ ಸೇರಿ ಎಲ್ಲ ಕ್ಷೇತ್ರಗಳಲ್ಲಿ ಉತ್ತಮ ಸಾಧನೆ ಮಾಡುವ ಮೂಲಕ ದೇಶಕ್ಕೆ ಮಾದರಿ ರಾಜ್ಯವಾಗಿದೆ ಎಂದರು.",1,"ಬೆಲೆ, ಮೌಲ್ಯ","Price, value"
ಬಂಡವಾಳ,ಬಂಡವಾಳ ಹೂಡಿಕೆಗೆ ಆಸಕ್ತಿ,1,"ಬೆಲೆ, ಮೌಲ್ಯ","Price, value"
ಬಂಡವಾಳ,"ಆದರೆ, ಬಂಡವಾಳ ಹೂಡಿಕೆಯ ನಿರ್ಧಾರ ಯಶಸ್ವಿಯಾಗಬೇಕಾದರೆ ಇದಕ್ಕೆ ವಿಭಿನ್ನವಾಗಿ ಆಲೋಚಿಸಿ ಹೂಡಿಕೆ ಮೊತ್ತವನ್ನು ಪ್ರತ್ಯೇಕಗೊಳಿಸುವ ನಿರ್ಧಾರಕ್ಕೆ ಬರುವುದು ಮುಖ್ಯವಾಗಿರುತ್ತದೆ.",1,"ಬೆಲೆ, ಮೌಲ್ಯ","Price, value"
ಬಂಡವಾಳ,"ಮೈಸೂರು ಮಹಾನಗರ ಪಾಲಿಕೆ ವತಿಯಿಂದ ವಿಕಲ ಚೇತನರಿಗೆ ಪೆಟ್ಟಿಗೆ ಅಂಗಡಿ ಮಂಜೂರು ಮಾಡಿ ಯಾವುದೇ ಸಮಸ್ಯೆ ಇಲ್ಲದಂತೆ ಅವರು ನಿರ್ವಹಿಸಿಕೊಂಡು ಹೋಗುತ್ತಿದ್ದರೂ ಪಾಲಿಕೆಯ ಕೆಲ ಸಿಬ್ಬಂದಿ ಅಕ್ಕಪಕ್ಕದ ಅಂಗಡಿಗಳ ಬಂಡವಾಳ ಶಾಹಿಗಳ ಮಾತನ್ನು ಆಲಿಸಿ ಅಂಗವಿಕಲರಿಗೆ ವ್ಯಾಪಾರ ವಹಿವಾಟು ನಡೆಸಲು ಅಡ್ಡಿಯುಂಟು ಮಾಡುತ್ತಿದ್ದು, ಕೂಡಲೇ ಈ ಸಮಸ್ಯೆ ಬಗೆಹರಿಸಬೇಕೆಂದು ಆಗ್ರಹಿಸಿ ನಗರದ ವಿಕಲಚೇತನರ ಅಭ್ಯುದಯ ವೇದಿಕೆವತಿಯಿಂದ ಪಾಲಿಕೆ ಎದುರು ಪ್ರತಿಭಟನೆ ನಡೆಸಲಾಯಿತು.",1,"ಬೆಲೆ, ಮೌಲ್ಯ","Price, value"
ಬಂಡವಾಳ,ನಿನ್ನೆ ಮುಖ್ಯಮಂತ್ರಿ ಸಿದ್ದರಾಮಯ್ಯ ತಮ್ಮ ಭಾಷಣದಲ್ಲಿ ಬಂಡವಾಳ ಹೂಡಿಕೆದಾರರಿಗೆ ವಿಶೇಷ ಸವಲತ್ತು ನೀಡುವುದಾಗಿ ಘೋಷಣೆ ಮಾಡಿದ್ದರು.,1,"ಬೆಲೆ, ಮೌಲ್ಯ","Price, value"
ಬಂಡವಾಳ,ವೆಚ್ಚದಲ್ಲಿ ಅಳವಡಿಸುವ ಬಯೋ ಗ್ಯಾಸ್ ಘಟಕದಿಂದ ಕೇವಲ 2 ವರ್ಷದಲ್ಲಿ ಹಾಕಿದ ಬಂಡವಾಳ ವಾಪಸ್ ಬರುತ್ತದೆ.,1,"ಬೆಲೆ, ಮೌಲ್ಯ","Price, value"
ಬಂಡವಾಳ,ಸ್ವಂತ ಬಂಡವಾಳ ಹೊಂದಿರುವವರು ಕಲಾವಿದರಾಗುತ್ತಿದ್ದಾರೆ.,1,"ಬೆಲೆ, ಮೌಲ್ಯ","Price, value"
ಬಂಡವಾಳ,ಘಟಕ ಆರಂಭಕ್ಕೆ ರೂ 250 ಕೋಟಿ ಬಂಡವಾಳ ಹೂಡಿಕೆಯಾಗಲಿದೆ ಎಂದು ನಗರಸಭೆ ಎಂಜಿನಿಯರೊಬ್ಬರು ತಿಳಿಸಿದರು.,1,"ಬೆಲೆ, ಮೌಲ್ಯ","Price, value"
ಬಂಡವಾಳ,"ಉಪ್ಪುಂದ: ಶಿಕ್ಷಣ ಕ್ಷೇತ್ರವನ್ನು ವ್ಯವಹಾರಿಕವಾಗಿ ಮಾಡಿಕೊಂಡು ಬಂಡವಾಳ ಶಾಹಿಗಳು ನಿಯಂತ್ರಿಸುತ್ತಿರುವುದರಿಂದ ಗ್ರಾಮೀಣ ಭಾಗದ ಪ್ರತಿಭಾವಂತರಿಗೆ, ಬಡವರಿಗೆ ಹಾಗೂ ಮದ್ಯಮ ವರ್ಗದ ವಿದ್ಯಾರ್ಥಿಗಳಿಗೆ ಉನ್ನತ ಶಿಕ್ಷಣದಿಂದ ವಂಚಿತರಾಗುತ್ತಿದ್ದಾರೆ ಎಂದು ಸಂಪನ್ಮೂಲ ವ್ಯಕ್ತಿ ಹಾಗೂ ಸಾಹಿತಿ ಯು.",1,"ಬೆಲೆ, ಮೌಲ್ಯ","Price, value"
ಬಂಡವಾಳ,"ಕಳೆದ ವಾರ ಮೂರು ದಿನಗಳ ಭಾರತ ಭೇಟಿ ಕೈಗೊಂಡಿದ್ದ ಅಮೆಜಾನ್ ಮುಖ್ಯಸ್ಥ ಹಾಗೂ ಜಗತ್ತಿನ ಕೆಲವೇ ಕೆಲವು ಕೋಟ್ಯಾಧಿಪತಿಗಳಲ್ಲಿ ಒಬ್ಬರಾದ ಜೆಫ್ ಬಿಜೋಸ್ ಅವರು ಭಾರತದಲ್ಲಿ 7,100 ಕೋಟಿ ರುಪಾಯಿ ಬಂಡವಾಳ ಹೂಡುವುದರ ಜೊತೆಗೆ 10 ಲಕ್ಷ ಉದ್ಯೋಗ ಸೃಷ್ಟಿಸುವುದಾಗಿ ಹೇಳಿಕೆ ನೀಡಿದ್ದರು.",1,"ಬೆಲೆ, ಮೌಲ್ಯ","Price, value"
ಬಂಡವಾಳ,ಇನ್ನು ಈ ರೀತಿಯ ವ್ಯಕ್ತಿಗಳಿಗೆ ಅಥವಾ ಸಂಸ್ಥೆಗೆ ಇಂತಹ ಸೇವೆ ನೀಡಲು ಮುಂದಾಗುವ ದೇಶಗಳಿಗೆ ತಮ್ಮ ದೇಶದ ಅಭಿವೃದ್ಧಿಗೆ ಬೇಕಾದ ಬಂಡವಾಳ ದೊರಕುತ್ತದೆ.,1,"ಬೆಲೆ, ಮೌಲ್ಯ","Price, value"
ಬಂಡವಾಳ,"ಹಣಕಾಸಿನ ಯಾವುದೂ, ಅತ್ಯಂತ ಅಭಿವೃದ್ಧಿ ರಾಷ್ಟ್ರಗಳ ಸರ್ಕಾರದ ಬಾಂಡ್ಗಳನ್ನು ವಿರುದ್ಧವಾಗಿ, ಯಾವುದೇ ಖಾತ್ರಿ, ಅಂದರೆ, ನೀವು ಕೇವಲ ನಿರೀಕ್ಷಿಸಲಾಗಿದೆ ಹೆಚ್ಚಿನ ಲಾಭ ಶೇಕಡಾವಾರು ಪಡೆಯಬಹುದು ಇಲ್ಲ, ಆದರೆ ಎಲ್ಲಾ ನಿಮ್ಮ ಬಂಡವಾಳ ಕಳೆದುಕೊಳ್ಳುವ ಎಂದು.",1,"ಬೆಲೆ, ಮೌಲ್ಯ","Price, value"
ಬಂಡವಾಳ,ಆರ್‌ ಮಧುಗಿರಿ ವಿಜಯರಥ ಚಿತ್ರಕ್ಕೆ ಬಂಡವಾಳ ಹೂಡಿ ನಿರ್ಮಿಸಿದ್ದಾರೆ.,1,"ಬೆಲೆ, ಮೌಲ್ಯ","Price, value"
ಬಂಡವಾಳ,ಆದರೆ ಅದನ್ನೇ ನಂಬಿ ಹೆಚ್ಚಿನ ಸಾಲ ಮಾಡಿ ಬಂಡವಾಳ ಹೂಡಿದರೆ ಮಾತ್ರ ವರ್ಷಾಂತ್ಯದಲ್ಲಿ ನಷ್ಟ ಕಟಿಟ್ಟ ಬುತ್ತಿ ಆಗುತ್ತದೆ.,1,"ಬೆಲೆ, ಮೌಲ್ಯ","Price, value"
ಬಂಡವಾಳ,"ಈ ಚಿತ್ರಕ್ಕೆ ಪುಷ್ಕರ್ ಮಲ್ಲಿಕಾರ್ಜುನಯ್ಯ ಬಂಡವಾಳ ಹೂಡಿದ್ದು, ಈಗಾಗಲೇ ಚಿತ್ರ ಸಾಕಷ್ಟು ಹೈಪ್‌ ಕ್ರಿಯೇಟ್ ಮಾಡಿದೆ.",1,"ಬೆಲೆ, ಮೌಲ್ಯ","Price, value"
ಬಂಡವಾಳ,"ಕನ್ನಡದ ಸಿನಿಮಾ ಮಾರುಕಟ್ಟೆ ವಿಸ್ತಾರವಾಗಿದ್ದು, ಬಂಡವಾಳ ಹೂಡಿಕೆ ಹೆಚ್ಚಾಗಿದೆ ಎನ್ನಲಾಗಿದೆ.",1,"ಬೆಲೆ, ಮೌಲ್ಯ","Price, value"
ಬಂಡವಾಳ,ವಿದೇಶಿ ಸಾಂಸ್ಥಿಕ ಹೂಡಿಕೆದಾರರು (ಎಫ್‌ಐಐ) ಷೇರುಪೇಟೆಯಿಂದ ಬೃಹತ್‌ ಪ್ರಮಾಣದಲ್ಲಿ ಬಂಡವಾಳ ವಾಪಸ್‌ ಪಡೆದ ಕಾರಣ ಕಳೆದ ವಾರ ಸೂಚ್ಯಂಕ ಒಟ್ಟಾರೆ 619 ಅಂಶಗಳಷ್ಟು ಕುಸಿತ ಕಂಡಿದೆ.,1,"ಬೆಲೆ, ಮೌಲ್ಯ","Price, value"
ಬಂಡವಾಳ,ಇದರಿಂದ ಭಾರತದಂತಹ ಪ್ರವರ್ಧಮಾನಕ್ಕೆ ಬರುತ್ತಿರುವ ದೇಶಗಳಿಗೆ ಹೆಚ್ಚಿನ ವಿದೇಶಿ ಬಂಡವಾಳ ಹರಿದು ಬರಲಿದೆ ಎಂದು ಜಿಯೋಜಿತ್ ಬಿಎನ್‌ಪಿ ಪರಿಬಾಸ್‌ ಫೈನಾನ್ಶಿಯಲ್‌ ಸರ್ವೀಸಸ್‌ನ ಸಂಶೋಧನಾ ಮುಖ್ಯಸ್ಥ ವಿನೋದ್‌ ನಾಯರ್‌ ಹೇಳಿದ್ದಾರೆ.,1,"ಬೆಲೆ, ಮೌಲ್ಯ","Price, value"
ಬಂಡವಾಳ,"ಜನವರಿಯಲ್ಲಿ ಅದ್ದೂರಿಯಾಗಿ ಶ್ರೀಕಂಠ ಚಿತ್ರಕ್ಕೆ ಚಾಲನೆ ಸಿಗಲಿದ್ದು, ಚಿಂಗಾರಿ ಚಿತ್ರವನ್ನ ನಿರ್ಮಿಸಿದ್ದ ಮಹದೇವ್ ಬಂಡವಾಳ ಹಾಕ್ತಿದ್ದಾರೆ.",1,"ಬೆಲೆ, ಮೌಲ್ಯ","Price, value"
ಬಂಡವಾಳ,ಹೆಚ್ಚು ಬಂಡವಾಳ ಇರುವವರು ಸಣ್ಣ ಪುಟ್ಟ ಅಂಗಡಿಗಳನ್ನು ಹಾಕಿಕೊಂಡಿದ್ದಾರೆ.,1,"ಬೆಲೆ, ಮೌಲ್ಯ","Price, value"
ಬಂಡವಾಳ,ಬಂಡವಾಳ ಮೇಲೆ ರಿಟರ್ನ್ ಯಾಂತ್ರಿಕ ಬಹಿರಂಗಪಡಿಸಲು ಮತ್ತು ಬಗ್ಗೆ ಮಾತನಾಡಲು ಮರೆಯಬೇಡಿ ಮರುಪಾವತಿಯ ಅವಧಿಯು.,1,"ಬೆಲೆ, ಮೌಲ್ಯ","Price, value"
ಬಂಡವಾಳ,ತೋಟಗಾರಿಕೆ ಉತ್ಪನ್ನಗಳ ಮೌಲ್ಯವರ್ಧನೆ ಮತ್ತು ಸಂಸ್ಕರಣೆ ಕ್ಷೇತ್ರದಲ್ಲಿ ಬಂಡವಾಳ ಹೂಡಲು ಮುಕ್ತ ಆಹ್ವಾನ ನೀಡಲಾಗಿದೆ.,1,"ಬೆಲೆ, ಮೌಲ್ಯ","Price, value"
ಬಂಡವಾಳ,"ಇಂದು, ಮಾತೃತ್ವ ಬಂಡವಾಳ 453 ಸಾವಿರ.",1,"ಬೆಲೆ, ಮೌಲ್ಯ","Price, value"
ಬಂಡವಾಳ,ಚಿಲ್ಲರೆ ವ್ಯಾಪಾರದಲ್ಲಿ ವಿದೇಶಿ ಬಂಡವಾಳ ಕುರಿತು ಕಾಂಗ್ರೆಸ್ ಸರಕಾರವಿದ್ದಾಗ ಸುಷ್ಮಾ ಸ್ವರಾಜ್ ಅವರು ಸದನದಲ್ಲಿ ಮಾಡಿದ ಭಾಷಣ ಅದ್ಬುತ ಮತ್ತು ದಾಖಲಾರ್ಹ.,1,"ಬೆಲೆ, ಮೌಲ್ಯ","Price, value"
ಬಂಡವಾಳ,ಅದಕ್ಕಾಗಿ ವಿಶ್ವ ಬಂಡವಾಳ ಆಕರ್ಷಣೆಯ ಮೂಲಕ ದೇಶದಲ್ಲಿ ಇತರೆ ಕ್ಷೇತ್ರಗಳ ಅಭ್ಯುದಯಕ್ಕೆ ಅವರು ಅಪಾರ ಆಸಕ್ತಿ ತೋರಿದ್ದಾರೆ.,1,"ಬೆಲೆ, ಮೌಲ್ಯ","Price, value"
ಬಂಡವಾಳ,ಕಳೆದ ವರ್ಷ ನಡೆದ ಜಾಗತಿಕ ಬಂಡವಾಳ ಹೂಡಿಕೆದಾರರ ಸಮಾವೇಶದಲ್ಲಿ ರೂ.,1,"ಬೆಲೆ, ಮೌಲ್ಯ","Price, value"
ಬಂಡವಾಳ,"ಜಾಗತಿಕ ಬಂಡವಾಳ ಹೂಡಿಕೆದಾರರ ಸಮಾವೇಶದಲ್ಲಿ ಪಡೆದ ₹ 14,520 ಕೋಟಿ ಮೊತ್ತದ ವಿಮಾನಯಾನ ಉದ್ಯಮದ 33 ಪ್ರಸ್ತಾವನೆಗಳಿಗೆ ಒಪ್ಪಿಗೆ.",1,"ಬೆಲೆ, ಮೌಲ್ಯ","Price, value"
ಬಂಡವಾಳ,ನೀವು ತೊಡಗಿಸಿದ ಬಂಡವಾಳ ಕೂಡ ಅದೇ ವೇಗದಿಂದ ಬೆಳೆಯುತ್ತಿರುತ್ತದೆ.,1,"ಬೆಲೆ, ಮೌಲ್ಯ","Price, value"
ಬಂಡವಾಳ,"ಜಿಎಸ್‌ಟಿ ಜತೆಗೆ, ಕೇಂದ್ರದಿಂದ ಹೆಚ್ಚಿನಅನುದಾನ, ವಿದೇಶೀ ಬಂಡವಾಳ ಹೂಡಿಕೆಯಿಂದ ಸಂಪನ್ಮೂಲ ಕ್ರೋಡೀಕರಣ ಮಾಡುವ ದಾರಿ ಹುಡುಕಬೇಕಾಗಿದೆ.",1,"ಬೆಲೆ, ಮೌಲ್ಯ","Price, value"
ಬಂಡವಾಳ,"ಅಮೀನ್, ಶ್ರೀನಿವಾಸ ಶಿವಮೊಗ್ಗ ಚಿತ್ರಕ್ಕೆ ಬಂಡವಾಳ ಹೂಡುವ ಮೂಲಕ ಹೊಸ ತಂಡಕ್ಕೆ ಬೆನ್ನೆಲುಬಾಗಿದ್ದಾರೆ.",1,"ಬೆಲೆ, ಮೌಲ್ಯ","Price, value"
ಬಂಡವಾಳ,ಇದನ್ನೇ ಬಂಡವಾಳ ಮಾಡಿಕೊಂಡಿರುವ ಇಂತಹ ಕೆಲವೊಂದು ಕೋಮುವಾದಿ ನಾಯಕರುಗಳು ಒಬ್ಬರಿಗಿಂತ ಒಬ್ಬರು ಮುಸ್ಲಿಂ ಸಮುದಾಯದ ವಿರುದ್ಧ ವಿವಾದಾತ್ಮಕ ಹೇಳಿಕೆಗಳನ್ನು ನೀಡಿ ರಾಜಕೀಯ ಲಾಭವನ್ನು ಪಡೆಯಲು ಎಲ್ಲಾ ರೀತಿಯ ಪ್ರಯತ್ನಗಳನ್ನು ಮಾಡುತ್ತಿದ್ದಾರೆ.,2,"ಸತ್ವ, ತಿರುಳು","Essence, core"
ಬಂಡವಾಳ,ಬಂಡವಾಳ ಮೀಸಲು (ಅನಿಶ್ಚಯತೆ ಫಾರ್ ಉದ್ಯಮದ ಲಾಭ ಶಾಶ್ವತ ತೀರ್ಮಾನಗಳನ್ನು ಪರಿಣಾಮವಾಗಿ ರಚಿಸಿದರು).,2,"ಸತ್ವ, ತಿರುಳು","Essence, core"
ಬಂಡವಾಳ,"ಸಂತ್ರಸ್ತ ಮಹಿಳೆ ಪತಿ ಅನಾರೋಗ್ಯ ಪೀಡಿತರಾಗಿದ್ದು, ಇದನ್ನೇ ಬಂಡವಾಳ ಮಾಡಿಕೊಂಡಿದ್ದಾರೆ.",2,"ಸತ್ವ, ತಿರುಳು","Essence, core"
ಬಂಡವಾಳ,"ಇವರು ತಮ್ಮ ಬಂಡವಾಳ ಬಯಲಿಗೆ ಬರಬಾರದು ಎಂಬ ನಿಟ್ಟಿನಲ್ಲಿ ಮುಸ್ಲಿಮರು, ಕ್ರೈಸ್ತರು ಹಿಂದೂಗಳ ಶತ್ರುಗಳು ಎಂಬಂತೆ ಬಿಂಬಿಸಲು ಹೊರಟಿದ್ದಾರೆ ಎಂದು ನುಡಿದರು.",2,"ಸತ್ವ, ತಿರುಳು","Essence, core"
ಬಂಡವಾಳ,ಇನ್ನು ಬಂಡವಾಳ ಬಯಲಾಗುತ್ತದೆ ಎಂದುಕೊಂಡರು ರಾಜೀವ್.,2,"ಸತ್ವ, ತಿರುಳು","Essence, core"
ಬಂಡವಾಳ,ಅನಗತ್ಯ ಬಂಡವಾಳ ಹೂಡಬೇಕಿಲ್ಲ.,2,"ಸತ್ವ, ತಿರುಳು","Essence, core"
ಬಂಡವಾಳ,ರಾಜೇಶ್‌ ಭಾಟಿಯ ಮತ್ತು ಕಿರಣ್ ಭಾಟಿಯ ಬಂಡವಾಳ ಹೂಡುತ್ತಿರುವ ಈ ಚಿತ್ರಕ್ಕೆ ನವಾಜುದ್ದೀನ್‌ ಸಹೋದರ ಶಮಾಸ್‌ ಸಿದ್ದಿಕಿ ಆ್ಯಕ್ಷನ್ ಕಟ್‌ ಹೇಳಲಿದ್ದಾರೆ.,2,"ಸತ್ವ, ತಿರುಳು","Essence, core"
ಬಂಡವಾಳ,"ಅದರ ಮೂಲ ಬಂಡವಾಳ ಭಕ್ತಿ, ಜ್ಞಾನ, ಕರ್ಮ, ವೈಚಾರಿಕತೆ, ಶರಣರು ತಮ್ಮ ಸಾಧನೆಯಿಂದ ಅನುಭಾವ, ಭಕ್ತಿ, ಜ್ಞಾನ, ವಿಚಾರ ಮುಂತಾದ ಮೌಲ್ಯಗಳನ್ನು ಗಳಿಸಿ ಅನುಭವ ಮಂಟಪದಲ್ಲಿ ಒಟ್ಟು ಕೂಡಿಸುತ್ತಿದ್ದರು; ಅಲ್ಲಿಂದ ಆ ಮೌಲ್ಯಗಳನ್ನು ವಚನಗಳ ರೂಪದಲ್ಲಿ ರಾಷ್ಟ್ರದ ತುಂಬ ಪ್ರಸಾರಗೊಳಿಸುತ್ತಿದ್ದರು.",2,"ಸತ್ವ, ತಿರುಳು","Essence, core"
ಬಂಡವಾಳ,"ಒಂದು ಮಹಾನ್ ಸಾಮರ್ಥ್ಯವನ್ನು ಮಾರಾಟ ಮಾರುಕಟ್ಟೆಯಲ್ಲಿ ಅಗ್ಗದ ದುಡಿಮೆಯ ಲಭ್ಯತೆ ಸಂಯೋಜಿಸಲ್ಪಟ್ಟ ಮತ್ತು ಕಚ್ಚಾ ವಸ್ತುಗಳ ಮೂಲ, ಜಪಾನೀಸ್ ಬಂಡವಾಳ ಹೂಡಿಕೆ ಮಾಡುವ ಭರವಸೆಯ ವಸ್ತು ಆಗ್ನೇಯ ಏಷ್ಯಾದ ದೇಶಗಳಲ್ಲಿ ಎಂದು.",2,"ಸತ್ವ, ತಿರುಳು","Essence, core"
ಬಂಡವಾಳ,ಮೈತ್ರಿ ಪಕ್ಷಗಳ ನಡುವಿನ ಈ ತಿಕ್ಕಾಟವನ್ನೇ ಬಂಡವಾಳ ಮಾಡಿಕೊಂಡಿರುವ ಬಿಜೆಪಿ ಬಿನ್ನಿಪೇಟೆಯಲ್ಲಿ ಗೆಲುವು ಸಾಧಿಸಲು ರಣತಂತ್ರ ರೂಪಿಸಿ ಸ್ಥಳೀಯ ಕಾರ್ಯಕರ್ತೆ ಚಾಮುಂಡೇಶ್ವರಿ ಅವರಿಗೆ ಟಿಕೆಟ್ ನೀಡಿದೆ.,2,"ಸತ್ವ, ತಿರುಳು","Essence, core"
ಬಂಡವಾಳ,ಆದ್ರೆ ಕೆಲವರು ಇದನ್ನೆ ಬಂಡವಾಳ ಮಾಡಿಕೊಳ್ಳುತ್ತಾರೆ ಏನು ಮಾಡೋದು?,2,"ಸತ್ವ, ತಿರುಳು","Essence, core"
ಬಂಡವಾಳ,ದಂಪತಿಯ ನಂಬಿಕೆಯನ್ನೇ ಬಂಡವಾಳ ಮಾಡಿಕೊಂಡ ಚಂದ್ರಪ್ಪ ಚೆಕ್ ಪಡೆದು ನಕಲಿ ಸಹಿ ಮಾಡಿ ಹಣ ವಿತ್ ಮಾಡಿದ್ದಾನೆ ಅನ್ನೋದು ದಂಪತಿ ಆರೋಪವಾಗಿದೆ.,2,"ಸತ್ವ, ತಿರುಳು","Essence, core"
ಬಂಡವಾಳ,ಅವುಗಳ ಬಂಡವಾಳ ಮನುಷ್ಯನ ಭಾವುಕತೆಯ ದೌರ್ಬಲ್ಯ.,2,"ಸತ್ವ, ತಿರುಳು","Essence, core"
ಬಂಡವಾಳ,"ಯಂಗ್ ಟಟಿಯಾನಾ ಅವರು ಬಂಡವಾಳ ಪ್ರವಾಸಕ್ಕೆ ಹೊರಟಿದ್ದ ತನ್ನ ತಂದೆ ಹಾಗೂ ತಾಯಿ ಹೇಳುತ್ತಾರೆ, ಆದರೆ ವಾಸ್ತವವಾಗಿ ಅವರು ನಾಟಕ ರಲ್ಲಿ ಪ್ರವೇಶ ಪರೀಕ್ಷೆಗಳನ್ನು ತೆಗೆದುಕೊಳ್ಳಲು ಮಾಸ್ಕೋ ಹೋದರು.",2,"ಸತ್ವ, ತಿರುಳು","Essence, core"
ಬಂಡವಾಳ,"ಮಾತಿನ ವೈಖರಿ, ಜ್ಞಾನದ ಹರಿವು, ಸಾಹಿತ್ಯದ ಅರಿವು, ಸಂಭಾಷಣೆಯ ಬಂಡವಾಳ ವೃದ್ಧಿಯಾಗುವಲ್ಲಿ ಯಕ್ಷ ತಾಳಮದ್ದಳೆಯ ಅಭ್ಯಸಿಸುವಿಕೆ ಉತ್ತಮ ವಾದುದು.",2,"ಸತ್ವ, ತಿರುಳು","Essence, core"
ಬಂಡವಾಳ,ಹೈದರಾಬಾದ್‌ : ಪ್ರಿಯತಮನಿಗಾಗಿ ತನ್ನ ಪತಿಯನ್ನು ಕೊಂದು ಲವರ್‌ ಮುಖವನ್ನು ಗಂಡನ ಮುಖದಂತೆ ಪ್ಲಾಸ್ಟಿಕ್ ಸರ್ಜರಿ ಮಾಡಿಸಿದ್ದ ಪತ್ನಿಯ ಬಂಡವಾಳ ಬೆಳಕಿಗೆ ಬಂದಿದೆ.,2,"ಸತ್ವ, ತಿರುಳು","Essence, core"
ಬಂಡವಾಳ,"ಸ್ನಾತಕ ನೋಟವನ್ನು ರೂಪಾಂತರಿಸಿ, ಮತ್ತು ತನ್ನ ವೈಯಕ್ತಿಕ ಜೀವನದ ಬಂಡವಾಳ ಬೀದಿಗಳಲ್ಲಿ ಸ್ವಲ್ಪ ponofeletiv ವ್ಯವಸ್ಥೆ ಮಾಡಲು ಪ್ರಯತ್ನಿಸಿದರು, ಗಿನಾ ಇದ್ದಕ್ಕಿದ್ದಂತೆ ಭೂಮಿಗೆ ಅಪ್ಪಳಿಸಿದ.",2,"ಸತ್ವ, ತಿರುಳು","Essence, core"
ಬಂಡವಾಳ,ಆ ಜನರ ಸಾವನ್ನೇ ಬಂಡವಾಳ ಮಾಡಿಕೊಂಡು ಮತ್ತಷ್ಟು ಜನರ ಯೋಚನಾಶಕ್ತಿ ಕಸಿಯುವಲ್ಲಿ ಧರ್ಮಾಂಧರಿಗೆ ಅನುಕೂಲವಾಗುತ್ತದೆಯಷ್ಟೇ,2,"ಸತ್ವ, ತಿರುಳು","Essence, core"
ಬಂಡವಾಳ,"ಅವರು ತೆಳುವಾದ ಅರ್ಧ ಆಕಾಶದಲ್ಲಿ ನೋಡಿದಾಗ, ಅವರಿಗೆ ಕೆಲವು ಮಸೂದೆಗಳು ತೋರಿಸಲು ಮತ್ತು ಬಂಡವಾಳ ಹೆಚ್ಚಿಸಲು ಹೊಂದಿವೆ.",2,"ಸತ್ವ, ತಿರುಳು","Essence, core"
ಬಂಡವಾಳ,# ಸತ್ಯವನ್ನು ಬಂಡವಾಳ ಮಾಡೋಕೆ ನಿಮಗಾಗುತ್ತಿಲ್ಲವಲ್ಲ ?,2,"ಸತ್ವ, ತಿರುಳು","Essence, core"
ಬಂಡವಾಳ,"ಜಾರಕಿಹೊಳಿ ಸಹೋದರರ ಮಧ್ಯೆ ಇದ್ದ ಭಿನ್ನಾಭಿಪ್ರಾಯಗಳನ್ನೇ ಬಂಡವಾಳ ಮಾಡಿಕೊಂಡ ಬಾಲಚಂದ್ರ ಜಾರಕಿಹೊಳಿ, ರಮೇಶ್ ಜಾರಕಿಹೊಳಿ ಅವರನ್ನೇ ಅಸ್ತ್ರವಾಗಿ ಬಳಸಿಕೊಂಡು ಸಮ್ಮಿಶ್ರ ಸರ್ಕಾರವನ್ನ ಕೆಡವಿಸಿ, ತನಗೂ,‌ ಸರ್ಕಾರ ಬೀಳುವುದಕ್ಕೂ ಯಾವುದೇ ಸಂಬಂಧವಿಲ್ಲ ಎಂಬಂತೆ ನಡೆದುಕೊಂಡರಂತೆ.",2,"ಸತ್ವ, ತಿರುಳು","Essence, core"
ಬಯಲು,ಆದರೂ ಆತ ಪವಾಡ ರಹಸ್ಯ ಬಯಲು ಮಾಡಲು ಕಲಿತಿದ್ದ!,1,ಬಹಿರಂಗ,Reveal
ಬಯಲು,ಫೇಸ್‍ಬುಕ್ ಮೂಲಕ ಪತಿಯ ರಹಸ್ಯ ಬಯಲು,1,ಬಹಿರಂಗ,Reveal
ಬಯಲು,16: ಸ್ವಾಮಿ ನಿತ್ಯಾನಂದನ ಲೈಂಗಿಕ ಹಗರಣ ಬಯಲು ಮಾಡುವಲ್ಲಿ ಕ್ರೈಸ್ತ ಮಿಷನರಿಗಳ ಪಾತ್ರ ಇದೇ ಎಂಬ ಪ್ರಮೋದ್ ಮುತಾಲಿಕ್ ಅವರ ಆರೋಪವನ್ನು ರಾಜ್ಯ ದ ಕ್ಯಾಥೋಲಿಕ್ ಚರ್ಚ್ ಗಳ ಸಂಘಟನೆ ಅಲ್ಲಗೆಳೆದಿದೆ.,1,ಬಹಿರಂಗ,Reveal
ಬಯಲು,ಉತ್ತರದಿಂದ ದಕ್ಷಿಣಕ್ಕೆ ದಿಕ್ಕಿನಲ್ಲಿ ಕ್ರಮೇಣವಾಗಿ ತಾಪಮಾನ ಬಯಲು ಸ್ಪಷ್ಟ ಅಕ್ಷಾಂಶದ ಸಸ್ಯವಲಯೀಕರಣ ಉಪಸ್ಥಿತಿಯಲ್ಲಿ ಪತ್ತೆಹಚ್ಚಿದೆ.,1,ಬಹಿರಂಗ,Reveal
ಬಯಲು,ಪಬ್ಲಿಕ್ ಟಿವಿ ರಿಯಾಲಿಟಿ ಚೆಕ್‍ನಲ್ಲಿ ಸರ್ಕಾರಿ ಆಸ್ಪತ್ರೆಯ ಕರ್ಮಕಾಂಡ ಬಯಲು,1,ಬಹಿರಂಗ,Reveal
ಬಯಲು,ಚುನಾವಣೆಯಲ್ಲಿ ಹೀನಾಯವಾಗಿ ಸೋತಿದ್ದರೂ ಅವಕಾಶವಾದಿ ರಾಜಕಾರಣ ಮಾಡುತ್ತಿರುವ ಕಾಂಗ್ರೆಸ್-ಜೆಡಿಎಸ್‍ನ ನಿಜ ಬಣ್ಣವನ್ನು ಬಯಲು ಮಾಡಬೇಕೆಂದು ಕಾರ್ಯಕರ್ತರಿಗೆ ಮನವಿ ಮಾಡಿದರು.,1,ಬಹಿರಂಗ,Reveal
ಬಯಲು,"ಉಚಿತ ವಿದ್ಯುತ್ ಎನ್ನುವುದು ಒಂದು ಖೊಟ್ಟಿ ಭರವಸೆ ಎಂದು ತಿಳಿದಿದ್ದರೂ, ಬಿಜೆಪಿ ಆ ಸುಳ್ಳನ್ನು ಎಲ್ಲರ ಎದುರು ಬಯಲು ಮಾಡಲು ವಿಫಲವಾಯಿತು.",1,ಬಹಿರಂಗ,Reveal
ಬಯಲು,ಅಂಥದ್ದೇ ಉಗ್ರ ಸ್ಫೋಟದ ಕೃತ್ಯವನ್ನು ದೇಶದ ಹಲವೆಡೆ ನಡೆಸುವ ಸುಸಜ್ಜಿತ ಪ್ರಯತ್ನ ನಡೆದಿತ್ತು ಎನ್ನುವುದನ್ನು ರಾಷ್ಟ್ರೀಯ ತನಿಖಾ ಸಂಸ್ಥೆ ಬಯಲು ಮಾಡಿದೆ.,1,ಬಹಿರಂಗ,Reveal
ಬಯಲು,ಈ ಕುರಿತು ವಿದೇಶದಲ್ಲಿ ಎಲ್ಲ ನಾಯಕರ ಮುಂದೆ ಅವರ ಬಂಡವಾಳ ಬಯಲು ಮಾಡಿದ್ದೇನೆಂದು ತಿಳಿಸಿದರು.,1,ಬಹಿರಂಗ,Reveal
ಬಯಲು,ದೇವರು ಅರೆಸ್ಟ್ ಆದ ಕತೆಯು ಬರಹಕ್ಕೂ ಬದುಕಿಗೂ ಸಂಬಂಧವಿಲ್ಲದೆ ನಾಡಿಗೆ ಬುದ್ಧಿ ಹೇಳುವ ಆಷಾಡಭೂತಿಗಳ ಬಣ್ಣ ಬಯಲು ಮಾಡುತ್ತದೆ.,1,ಬಹಿರಂಗ,Reveal
ಬಯಲು,"» ಧೋನಿಗೆ ನಾಯಕತ್ವ, ಕೊಹ್ಲಿ ಕಡೆಗಣನೆ ರಹಸ್ಯ ಬಯಲು",1,ಬಹಿರಂಗ,Reveal
ಬಯಲು,ಹನಿಟ್ರ್ಯಾಪ್ ಮೂಲಕ ಸೇನಾ ಗೌಪ್ಯತೆ ಬಯಲು !,1,ಬಹಿರಂಗ,Reveal
ಬಯಲು,ಸರ್ವ ಪಕ್ಷಗಳ ಸಭೆಯಲ್ಲಿ ತೆಹಲ್ಕಾ ಬಯಲು ಮಾಡಿದ ರಕ್ಷಣಾ ಒಪ್ಪಂದಗಳ ಹಗರಣ ಪ್ರಕರಣಕ್ಕೆ ಸಂಬಂಧಿಸಿದಂತೆ ಜಿಪಿಸಿ ತನಿಖೆ ನಡೆಸಲು ಸರ್ಕಾರ ಮುಕ್ತ ಮನಸ್ಸಿನಿಂದಿರುವುದಾಗಿ ಪ್ರಧಾನಿ ವಾಜಪೇಯಿ ಹೇಳಿದ್ದರು.,1,ಬಹಿರಂಗ,Reveal
ಬಯಲು,"ಎಡ-ಪ್ರಜಾಸತ್ತಾತ್ಮಕ ಶಕ್ತಿಗಳು ಭ್ರಷ್ಟಾಚಾರ-ವಿರೋಧಿ ಅಸ್ತ್ರವಾಗಿ ಉತ್ತಮ ಲೋಕಾಯುಕ್ತ ವ್ಯವಸ್ಥೆ ಬಗ್ಗೆ ಚಳುವಳಿ ನಡೆಸುತ್ತಲೇ, ಅದರ ವಿಫಲತೆಯ ಹಿಂದಿನ ಮೂಲಕಾರಣವಾದ ಭ್ರಷ್ಟಾತಿಭ್ರಷ್ಟ ನವ-ಉದಾರವಾದಿ ಘಟ್ಟದ ಬಂಡವಾಳಶಾಹಿ ವ್ಯವಸ್ಥೆಯನ್ನು ಬಯಲು ಮಾಡಬೇಕು.",1,ಬಹಿರಂಗ,Reveal
ಬಯಲು,ಕಾಂಗ್ರೆಸ್ ಹುಳುಕು ತೋರಿಸಲು ಹೋದ ಬಿಜೆಪಿ ಬಣ್ಣ ಬಯಲು,1,ಬಹಿರಂಗ,Reveal
ಬಯಲು,ಆದಷ್ಟೂ ಬೇಗ ಬಯಲು ಮಾಡುತ್ತೇನೆ.,1,ಬಹಿರಂಗ,Reveal
ಬಯಲು,ಅಲ್ಲದೆ ತನ್ನ ಕೃತ್ಯವನ್ನು ಬಯಲು ಮಾಡಿದರೆ ಗುಂಡಿಕ್ಕಿ ಕೊಲ್ಲುವುದಾಗಿ ಬೆದರಿಕೆ ಹಾಕಿದ್ದಾನೆಂದು ಆಕೆ ಆರೋಪಿಸಿದ್ದಾಳೆ.,1,ಬಹಿರಂಗ,Reveal
ಬಯಲು,ಇದಕ್ಕಾಗಿ ಬೃಹತ್ ಮೊತ್ತದ ಹಣದ ಆಮಿಷವೊಡ್ಡಲಾಗಿತ್ತು ಎಂದು ಆರೋಪಿಸುವ ಮೂಲಕ ಬಿಜೆಪಿ ಮುಖಂಡರ ಆಪರೇಷನ್ ಕಮಲದ ಸಂಚನ್ನು ಬಯಲು ಮಾಡಿದ್ದಾರೆ.,1,ಬಹಿರಂಗ,Reveal
ಬಯಲು,"ರವಿವಾರ ನಗರದ ಬೆನ್ಸನ್ ಟೌನ್‌ನ ಇಂಡಿಯನ್ ಸೋಶಿಯಲ್ ಇನ್ಸ್‌ಟ್ಯೂಟ್ ಸಭಾಂಗಣದಲ್ಲಿ ಬಹುಜನ ಕ್ರಾಂತಿ ಮೋರ್ಚಾ ಆಯೋಜಿಸಿದ್ದ, ವಾಮನ ಮೆಶ್ರಾಮ ನೇತೃತ್ವದಲ್ಲಿ ಇವಿಎಂ ರಹಸ್ಯ ಬಯಲು ಸಮಾರೋಪ ಸಮಾರಂಭವನ್ನುದ್ದೇಶಿಸಿ ಅವರು ಮಾತನಾಡಿದರು.",1,ಬಹಿರಂಗ,Reveal
ಬಯಲು,ನಿಮ್ಮನ್ನು ನೀವೇ ಬಯಲು ಮಾಡಿಕೊಳ್ಳುತ್ತಿದ್ದೀರಿ ಎಂದು ವಾಗ್ದಾಳಿ ನಡೆಸಿದರು.,1,ಬಹಿರಂಗ,Reveal
ಬಯಲು,ವಾಟ್ಸಾಪ್ ಗುಂಪುಗಳ ಹೆಸರು ನಿಮ್ಮ ಹಿನ್ನೆಲೆಯನ್ನೇ ಬಯಲು ಮಾಡಬಹುದು.,1,ಬಹಿರಂಗ,Reveal
ಬಯಲು,ಚಾದರ್‌ ತೆಗೆಯಲು ಅಲ್ಲಿನ ಮೌಲ್ವಿಗಳು ಅವಕಾಶ ನೀಡದ ಕಾರಣ ಪವಾಡ ರಹಸ್ಯ ಬಯಲು ಮಾಡಲು ಸಾಧ್ಯವಾಗಲಿಲ್ಲ ಎಂದು ಅವರು ಪ್ರಜಾವಾಣಿಗೆ ವಿವರಿಸಿದರು.,1,ಬಹಿರಂಗ,Reveal
ಬಯಲು,ಅಜ್ಞಾನ ಕಳಚಿದಪವಾಡ ರಹಸ್ಯ ಬಯಲು,1,ಬಹಿರಂಗ,Reveal
ಬಯಲು,"ಜಾಣತನದ, ಅತೀ ಬುದ್ದಿವಂತಿಕೆಯ ಮೌನ, ತಮ್ಮ ನಿಜಬಣ್ಣವನ್ನು ಬಯಲು ಮಾಡಬಹುದಾದ, ಮುಖವಾಡವನ್ನು ಕಳಚಿ ಹಾಕಬಹುದಾದ ಪ್ರಕರಣಗಳ ಬಗ್ಗೆ ಮಾತ್ರ ಮೋದಿ ಮೌನೇಂದ್ರ !",1,ಬಹಿರಂಗ,Reveal
ಬಯಲು,ಈ ಘಟನೆ ಬಿಜೆಪಿಯ ನಿಜಮುಖವನ್ನು ಬಯಲು ಮಾಡಿದೆ.,1,ಬಹಿರಂಗ,Reveal
ಬಯಲು,ಅಕ್ರಮ ಬಯಲು ಮಾಡುತ್ತಾ ಬ್ಲಾಕ್ ಡೈರಿ.,1,ಬಹಿರಂಗ,Reveal
ಬಯಲು,ಶ್ವೇತಾ ಬಗ್ಗೆಯೇ ಟಿವಿ ಚಾನೆಲ್‌ವೊಂದು ಸ್ಟಿಂಗ್ ಆಪರೇಷನ್ ನಡೆಸಿ ನಿಜ ಬಣ್ಣ ಬಯಲು ಮಾಡಿತ್ತು.,1,ಬಹಿರಂಗ,Reveal
ಬಯಲು,"ಸ್ಟೆರ್ನ್‌ ಅವರಿಗೆ ನೀಡಿರುವ ಸಂದರ್ಶನದಲ್ಲಿ ಟ್ರಂಪ್‌, ಪುತ್ರಿ ವಿರುದ್ಧ ಅವಹೇಳನಕಾರಿಯಾಗಿ ಮಾತನಾಡಿರುವುದನ್ನು ಸಿಎನ್‌ಎನ್‌ ಬಯಲು ಮಾಡಿದೆ.",1,ಬಹಿರಂಗ,Reveal
ಬಯಲು,ಅನೇಕ ಬಾರಿ ನನ್ಗಳ ಕೋಣೆಯೊಳಕ್ಕೆ ಹೊಕ್ಕರೆ ಅಸಹ್ಯವೆನಿಸುವ ಸ್ಥಿತಿ ಇರುತ್ತದೆ ಒಟ್ಟಾರೆ ಚಚರ್ುಗಳ ಬಣ್ಣ ಬಯಲು ಮಾಡುವ ಕೃತಿ ಮಿಷನರೀಸ್ ಇನ್ ಇಂಡಿಯಾ ಎಂಬ ಕೃತಿಯನ್ನು ಅರುಣ್ ಶೌರಿಯವರು ಬರೆದಿದ್ದಾರೆ.,1,ಬಹಿರಂಗ,Reveal
ಬಯಲು,ಹುಚ್ಚ ವೆಂಕಟ್ ಮದುವೆ ಆಗಿರುವ ಸಂಗತಿಯನ್ನ ಈಟಿವಿ ನ್ಯೂಸ್ ಕನ್ನಡ ವಾಹಿನಿ ಫೋಟೋ ಸಮೇತ ಬಯಲು ಮಾಡಿತು.,1,ಬಹಿರಂಗ,Reveal
ಬಯಲು,ಪವಾಡಗಳ ಬದಲಿಗೆ ಅಂಬೇಡ್ಕರ್ ಸತ್ಯವನ್ನು ಬಯಲು ಮಾಡಿದರು.,1,ಬಹಿರಂಗ,Reveal
ಬಯಲು,[ ಮೈಸೂರು : ಬಿಜೆಪಿ ಕಾರ್ಯಕರ್ತ ರಾಜು ಹತ್ಯೆ ರಹಸ್ಯ ಬಯಲು ],1,ಬಹಿರಂಗ,Reveal
ಬಯಲು,ಸಿನಿಮಾ ನೋಡಿ ಪತ್ನಿ ಹತ್ಯೆ – ಒಂದು ವರ್ಷದ ಬಳಿಕ ಕೊಲೆ ರಹಸ್ಯ ಬಯಲು,1,ಬಹಿರಂಗ,Reveal
ಬಯಲು,ಪವಾಡಗಳ ರಹಸ್ಯ ಬಯಲು : ಶೂನ್ಯದಿಂದ ವಸ್ತುಗಳನ್ನು ಸೃಷ್ಟಿಸುವುದು,1,ಬಹಿರಂಗ,Reveal
ಬಯಲು,ನಮ್ಮಂಥವರು ಮುಂದೆ ಬಂದು ಬಣ್ಣ ಬಯಲು ಮಾಡಬೇಕು ನಂತರ ಪೊಲೀಸರ ಮೊರೆ ಹೊಕ್ಕಬೇಕು ಎಂದು ಶ್ವೇತಾ ಸಮಜಾಯಿಸಿ ನೀಡಿದ್ದಾರೆ.,1,ಬಹಿರಂಗ,Reveal
ಬಯಲು,"ಗೆಲುವಿಗಾಗಿ ದೇವರ ಮೊರೆ ಹೋದವರು, ಹರಕೆ ಕಟ್ಟಿಕೊಂಡವರ ಪೈಕಿ ಕೆಲವರು ಆಗೊಮ್ಮೆ ಈಗೊಮ್ಮೆ ಸಮಯ ಸಂದರ್ಭಕ್ಕನುಸಾರವಾಗಿ ಆ ಗುಟ್ಟನ್ನು ಸಾರ್ವಜನಿಕವಾಗಿ ಬಯಲು ಮಾಡುತ್ತಾರೆ.",1,ಬಹಿರಂಗ,Reveal
ಬಯಲು,ಕಾರ್ಪೊರೇಟರ್ಗಳ ಬಣ್ಣ ಬಯಲು ಮಾಡಿದ ಎಡಿಆರ್,1,ಬಹಿರಂಗ,Reveal
ಬಯಲು,ಈ ಒಂದು ಅಂಶವೇ ಜಗತ್ತಿನಲ್ಲೇ ಅತಿ ದೊಡ್ಡ ಆರೋಗ್ಯ ವಿಮೆಯ ನಿಜ ಸ್ವರೂಪವನ್ನು ಬಯಲು ಮಾಡಿತ್ತು.,1,ಬಹಿರಂಗ,Reveal
ಬಯಲು,"ಲಾಹೋರ್: ಜಮ್ಮು ಕಾಶ್ಮೀರದ ಉರಿಯಲ್ಲಿ ಪಾಕ್ ಪ್ರಚೋದನೆಯಿಂದ ಉಗ್ರರು ದಾಳಿ ಮಾಡಿದ ನಂತರ, ವಿಶ್ವ ಸಮುದಾಯದ ಎದುರು ಪಾಕ್ ಬಣ್ಣವನ್ನು ಭಾರತ ಬಯಲು ಮಾಡತೊಡಗಿದೆ.",1,ಬಹಿರಂಗ,Reveal
ಬಯಲು,ಇತ್ತೀಚೆಗೆ ಜನಾರ್ದನ ಪೂಜಾರಿಗೆ ರಮಾನಾಥ ರೈ ಅವಾಚ್ಯ ಶಬ್ಧಗಳಿಂದ ನಿಂದಿಸಿದ್ದನ್ನೂ ಹರಿಕೃಷ್ಣ ಬಂಟ್ವಾಳ್ ಬಯಲು ಮಾಡಿದ್ದರು.,1,ಬಹಿರಂಗ,Reveal
ಬಯಲು,"ಮಹಿಳೆಯರು ದೀರ್ಘ ಕಲಾವಿದರ ರಹಸ್ಯವನ್ನು ಬಯಲು ಮಾಡಿದ್ದಾರೆ: ಬೆಳಕು ಮತ್ತು ನೆರಳು, ಮಲ್ಟಿಡೈರೆಕ್ಷನಲ್ ಲೈನ್ಗಳು, ಮತ್ತು ಬಣ್ಣದ ವ್ಯತ್ಯಾಸಗಳು ನಾಟಕವು ಒಬ್ಬ ವ್ಯಕ್ತಿಯ ಮುಖವನ್ನು ಮಾರ್ಪಡಿಸುತ್ತದೆ, ಸುಕ್ಕುಗಳು ಕಲೆಯ ನಿಜವಾದ ಕೆಲಸ ಮತ್ತು ಮೆಚ್ಚುಗೆಗೆ ನಿಜವಾದ ವಸ್ತುಗಳೊಂದಿಗೆ ಅಸಹನೆಯ ಮುಖವನ್ನುಂಟುಮಾಡುತ್ತದೆ.",1,ಬಹಿರಂಗ,Reveal
ಬಯಲು,ನಿಧಿ ಆಸೆಗೆ ಮಗು ಬಲಿಯಾಯ್ತೆಂದು ತಪ್ಪು ಭಾವಿಸಿದ ಜನರು; ಪೊಲೀಸ್ ತನಿಖೆಯಲ್ಲಿ ನಿಜಾಂಶ ಬಯಲು,1,ಬಹಿರಂಗ,Reveal
ಬಯಲು,"ತಾರತವ್ಮ್ಯ, ಬಾಲವ್ಯ ವಿವಾಹ, ಮೂಢನಂಬಿಕೆಗಳು, ಬಯಲು",1,ಬಹಿರಂಗ,Reveal
ಬಯಲು,ಮುಂದಿನ ಚುನಾವಣೆಯಲ್ಲಿ ನಿಜ ಬಣ್ಣ ಬಯಲು,1,ಬಹಿರಂಗ,Reveal
ಬಯಲು,ಕೃಷಿಯ ಹೆಸರಲ್ಲಿ ತೆರಿಗೆ ವಂಚನೆ ಮಾಡುತ್ತಿದ್ದವರ ಬಣ್ಣ ಬಯಲು ಮಾಡಲು ತೆರಿಗೆ ಇಲಾಖೆ ಅಧಿಕಾರಿಗಳು ಇಂಥದ್ದೊಂದು ವಿನೂತನ ತಂತ್ರ ಬಳಸಿದ್ದಾರೆ.,1,ಬಹಿರಂಗ,Reveal
ಬಯಲು,ಒಟ್ಟು 30 ಕ್ಕೂ ಹೆಚ್ಚು ಪವಾಡಗಳ ರಹಸ್ಯ ಬಯಲು ಮಾಡಿ ಸಭಿಕರಿಂದ ಚಪ್ಪಾಳೆ ಗಿಟ್ಟಿಸಿಕೊಂಡರು.,1,ಬಹಿರಂಗ,Reveal
ಬಯಲು,ಬಯಲು ಶೌಚಾಲಯ ಉದ್ಘಾಟನೆಯ ಅಣಕು ಪ್ರದರ್ಶನ,2,ಮೈದಾನ,Arena
ಬಯಲು,ಸಂಗಮೇಶ್ವರ ದೇವಾಲಯ ಹೊರ ಆವರಣದ ರಥ ಬೀದಿಯ ರಸ್ತೆ ಬಯಲು ಜಾಗದಲ್ಲಿ ಹಮ್ಮಿಕೊಂಡಿದ್ದ ಹೋರಾಟದಲ್ಲಿ ರಾಜ್ಯದ 15…,2,ಮೈದಾನ,Arena
ಬಯಲು,ಹೆಚ್ಚು ಕಡಿಮೆ ಇಡೀ ಬಳ್ಳಾರಿಯ ಬಯಲು ಸೀಮೆಯೇ ಇದೇ ರೀತಿ.,2,ಮೈದಾನ,Arena
ಬಯಲು,ಸಾಮ್ರಾಜ್ಯಗಳು ಬಯಲು ಪ್ರದೇಶ ಗಳಲ್ಲಿ ಶತ್ರುಗಳ ನೇರ ದಾಳಿಗೆ ಸಿಲುಕಿ ನಾಶವಾಗುತ್ತಿದ್ದವು.,2,ಮೈದಾನ,Arena
ಬಯಲು,ರಸ್ತೆ ಅಂಚಿನ ಜಾಗ ಬಯಲು ಶೌಚಾಲಯವಾಗಿದೆ.,2,ಮೈದಾನ,Arena
ಬಯಲು,ಮೂಡಬಿದಿರೆ ಅಲಂಗಾರಿನ ಶ್ರೀಮಹಾಲಿಂಗೇಶ್ವರ ದೇವಸ್ಥಾನದ ಬಯಲು ರಂಗಮಂಟಪದಲ್ಲಿ ಇತ್ತೀಚೆಗೆ ನಡೆದ 9ನೇ ಅಖಿಲ ಕರ್ನಾಟಕ ಬೆಳದಿಂಗಳ ಸಾಹಿತ್ಯ ಸಮ್ಮೇಳನದ ಅಧ್ಯಕ್ಷತೆಯನ್ನು ವಹಿಸಿ ಅವರು ಮಾತನಾಡುತಿದ್ದರು.,2,ಮೈದಾನ,Arena
ಬಯಲು,"ಆದರೆ, ಬಯಲು ಸೀಮೆಯಲ್ಲಿ ಮಳೆ ಇಲ್ಲದೆ ರೈತರು ಕಂಗಾಲಾಗಿದ್ದಾರೆ.",2,ಮೈದಾನ,Arena
ಬಯಲು,"ಮಳೆ ಬಂದರೆ ಇವರನ್ನು ದೇವರೇ ಕಾಪಾಡಬೇಕು, ಬೆಳಿಗ್ಗೆ ಬಯಲು ಶೌಚ, ಸ್ನಾನವೂ ಇಲ್ಲದೆ ವಾಹನ ದಟ್ಟಣೆ ಹೆಚ್ಚಾಗಿರುವ ಈ ಪ್ರದೇಶದಲ್ಲಿ ಕುಡಿಯಲು ನೀರು ಸಿಗುವುದಿಲ್ಲ, ಕನಿಷ್ಠ ಸ್ಥಳಿಯವಾಗಿ ಶುಲ್ಕ ಪಾವತಿ ಶೌಚಾಲಯ ಮತ್ತು ಸ್ನಾನ ಗೃಹಗಳನ್ನಾದರೂ ನಿರ್ಮಿಸಿದರೆ ದೇಶ ಕಾಯ್ದಷ್ಟೆ ಸಾರ್ಥಕತೆ ಬರುವುದೆನೊ.",2,ಮೈದಾನ,Arena
ಬಯಲು,"ನೈಸರ್ಗಿಕ ಪ್ರಧೇಶವಾದ ಮಲೆನಾಡಿನಲ್ಲಿ ಈಗಾ ಗಲೇ ಉಷ್ಣಾಂಶದಲ್ಲಿ ಏರಿಕೆಯಾಗಿದ್ದು, ಹತ್ತಾರು ಸಾವಿರ ಸಂಖ್ಯೆಯಲ್ಲಿ ಮರಗಳನ್ನು ಕಡಿದಲ್ಲಿ ಮುಂದಿನ ದಿನಗಳಲ್ಲಿ ಬಯಲು ಸೀಮೆಯ ವಾತಾವರಣ ಸೃಷ್ಟಿಯಾಗಲಿದೆ.",2,ಮೈದಾನ,Arena
ಬಯಲು,ಎರಡು ತಾಲ್ಲೂಕು ಶೀಘ್ರ: ಡಿಸೆಂಬರ್‌ ಒಳಗೆ ಹಡಗಲಿ ಮತ್ತು ಹೊಸಪೇಟೆಯನ್ನು ಸಂಪೂರ್ಣ ಬಯಲು ಶೌಚ ಮುಕ್ತ ತಾಲ್ಲೂಕೆಂದು ಘೋಷಿಸಲು ನಿರ್ಧರಿಸಲಾಗಿದೆ.,2,ಮೈದಾನ,Arena
ಬಯಲು,"ಚಿತ್ರದುರ್ಗ, ಮಾರ್ಚ್ 18: ನಮ್ಮ ರಾಜ್ಯದ ಹಳೇ ಮೈಸೂರಿಗೆ ಸೇರಿದ ಬಯಲು ಸೀಮೆಯ ಜಿಲ್ಲೆಗಳಲ್ಲಿ ಚಿತ್ರದುರ್ಗ ಪ್ರಮುಖವಾದದ್ದು.",2,ಮೈದಾನ,Arena
ಬಯಲು,ಪ್ರವೇಶದ್ವಾರ ದಾಟುತ್ತಿದ್ದಂತೆಯೇ ವಿಶಾಲವಾದ ಬಯಲು ರಂಗಮಂದಿರದ ಮಧ್ಯೆ 40 ಅಡಿ ಎತ್ತರದ ಲೋಹದ ಕಮಲಸ್ತಂಭವೊಂದು ಕಾಣುತ್ತದೆ.,2,ಮೈದಾನ,Arena
ಬಯಲು,"ಬಯಲು ಮಲ ವಿಸರ್ಜನಾಮುಕ್ತ ನಗರಗಳನ್ನಾಗಿ ಘೋಷಿಸಲು ಈ ಯೋಜನೆ ಸಹಕಾರಿಯಾಗಿದ್ದು, ಪರಿಸರ ಸ್ನೇಹಿ ಕಾರ್ಯಕ್ರಮಗಳನ್ನು ಹಮ್ಮಿಕೊಳ್ಳಲಾಗಿದೆ.",2,ಮೈದಾನ,Arena
ಬಯಲು,"ನಂತರ ಗ್ರಂಥಾಲಯ, ವಿದ್ಯಾರ್ಥಿನಿಲಯಗಳು, ಅತಿಥಿಗೃಹ, ಪಾರ್ಕಿಂಗ್, ಆಟದ ಮೈದಾನ, ಬಯಲು ರಂಗಮಂದಿರ, ಉದ್ಯಾನ, ಉದ್ಯಾನದೊಳಗೆ ಅಲ್ಲಲ್ಲಿ ಕುಳಿತು ನಿಸರ್ಗದೊಂದಿಗೆ ವಿದ್ಯಾರ್ಥಿಗಳು ಸಂಗೀತದ ತಾಲೀಮು ನಡೆಸಲು ಅನುಕೂಲವಾಗುವಂಥ ಆಸನಗಳು, ಆಡಿಯೊ–ವಿಡಿಯೊ ಒಳಗೊಂಡ ಸ್ಟುಡಿಯೊ, ಸಂಶೋಧನ ಕೇಂದ್ರ, ಪ್ರಸಾರಾಂಗ, ಉಪಾಹಾರಗೃಹ, ಬ್ಯಾಂಕ್‌, ಅಂಚೆಕಚೇರಿ.",2,ಮೈದಾನ,Arena
ಬಯಲು,ಕೊಂಡ್ಲಹಳ್ಳಿ: ವೀರಭದ್ರಸ್ವಾಮಿ ರಥೋತ್ಸವ ಪ್ರಯುಕ್ತ ಮೊಗಲಹಳ್ಳಿಯಲ್ಲಿ ಶುಕ್ರವಾರ ರಾತ್ರಿ ವಿರಾಟ ಪರ್ವ ಯಕ್ಷಗಾನ ಬಯಲು ನಾಟಕದ ಪ್ರದರ್ಶನ ನಡೆಯಿತು.,2,ಮೈದಾನ,Arena
ಬಯಲು,ಇಂದು ಗುರುವಾರ ಮುಂಜಾನೆ ಸುಮರು 4 ಗಂಟೆಗೆ ನಿರಂಜನ್ ಸಶೀಹ್ ಎಂಬವರು ಪುರುಲಿಯಾದ ಅಯೋಧ್ಯಾ ಹಿಲ್ಸ್ ಬಳಿಯ ಹಳ್ಳಿಯಲ್ಲಿರುವ ತನ್ನ ಮನೆ ಬಳಿ ಬಯಲು ಶೌಚಕ್ಕೆಂದು ತೆರಳಿದ್ದರು.,2,ಮೈದಾನ,Arena
ಬಯಲು,ಇನ್ನು ಕೆಲವೊಮ್ಮೆ ಅನಿವಾರ್ಯ ಪ್ರಸಂಗದಲ್ಲಿ ಮರ ಗಿಡಗಳಿಲ್ಲದ ಬಯಲು ಪ್ರದೇಶದಲ್ಲಿ ಇಳಿಸಿದ ಘಟನೆಗಳೂ ಇವೆ.,2,ಮೈದಾನ,Arena
ಬಯಲು,ಸತತ 70 ವರ್ಷಗಳಿಂದ ಮಳೆಯನ್ನೇ ನಂಬಿ ಜೀವನ ನಡೆಸುವ ತಾಲೂಕಿನ ರೈತರಿಗೆ ಭದ್ರೆ ನೀರನ್ನು ಹರಿಸಿ ಬರಪೀಡಿತ ಬಯಲು ಸೀಮೆಯನ್ನು ಹಸಿರುನಾಡನ್ನಾಗಿ ಪರಿವರ್ತನೆ ಮಾಡದಿದ್ದರೆ ಮುಂಬರುವ ದಿನಗಳಲ್ಲಿ ಉಗ್ರ ಹೋರಾಟ ಹಮ್ಮಿಕೊಳ್ಳಲಾಗುವುದೆಂದು ಎಚ್ಚರಿಕೆ ನೀಡಿದರು.,2,ಮೈದಾನ,Arena
ಬಯಲು,"ಘನೀಕರಿಸಿದ ಪರ್ವತದ ತೊರೆಗಳು, ಎತ್ತರದ ವೈಭವದ ಹಾದಿಗಳು, ಭವ್ಯವಾಗಿ ತುಂಬಿದ ಬಯಲು ಪ್ರದೇಶಗಳು ಮತ್ತು ಅಗಾಧವಾದ ಪರ್ವತ ಸರೋವರಗಳಿಂದ ಹಿಮಾಲಯ ಪರ್ವತವು ಕೂಡಿರುತ್ತದೆ.",2,ಮೈದಾನ,Arena
ಬಯಲು,ಗುರುವಾರ ನಗರದ ಮಾನಸ ಗಂಗೋತ್ರಿ ಬಯಲು ರಂಗಮಂದಿರದಲ್ಲಿ ನಡೆದ ಕಾವೇರಿ ಕೂಗು ಅಭಿಯಾನದಲ್ಲಿ…,2,ಮೈದಾನ,Arena
ಬಯಲು,ಸಮೀಕ್ಷೆಯಲ್ಲಿ ನೀಡಲಾದ ಬಯಲು ಶೌಚಾಲಯ ಮುಕ್ತತೆಯ ಸಂಭಾವ್ಯ ಸ್ಥಳಗಳನ್ನು ಖಚಿತಪಡಿಸಿಕೊಳ್ಳಲು ನಿರ್ದಿಷ್ಟ ನಿಯಮಾವಳಿಗಳ ಪ್ರಕಾರ ಆಯ್ಕೆ ಮಾಡಲಾಗುತ್ತದೆ ಎಂದು ಪುರಸಭೆ ಅಧಿಕಾರಿಗಳು ತಿಳಿಸಿದ್ದಾರೆ.,2,ಮೈದಾನ,Arena
ಬಯಲು,ಮೋದಿಯವರ ಬಯಲು ಶೌಚ ಮುಕ್ತ ಆಂದೋಲನದ ಸಮಾರೋಪ ಅತ್ಯಂತ ಕ್ರೂರ ರೀತಿಯಲ್ಲಿ ಅಕ್ಟೋಬರ್ 3ರಂದು ನಡೆಯಿತು.,2,ಮೈದಾನ,Arena
ಬಯಲು,ಐತಿಹಾಸಿಕ ಹಿನ್ನೆಲೆ: ದಾವಣಗೆರೆ ಜಿಲ್ಲೆ ಹರಪನಹಳ್ಳಿ ಪಾಳೇಗಾರರಿಗೆ ಹೆಸರಾದ ತಾಲೂಕು ಪಾಳೇಗಾರಿಕೆಗಳು ಎತ್ತರದ ಗುಡ್ಡ ಬೆಟ್ಟಗಳಲ್ಲಿ ಕೋಟೆ ನಿರ್ಮಾಣ ಮಾಡಿ ಆಳ್ವಿಕೆ ನಡಿಸಿದರೆ ಹರಪನಹಳ್ಳಿ ಪಾಳೇಗಾರರು ಬಯಲು ಪ್ರದೇಶದಲ್ಲಿ ಕೋಟೆ ನಿರ್ಮಿಸಿ ಪಾಳೇಗಾರಿಕೆ ನಡೆಸಿದ ಅಪ್ರತಿಮ ವೀರರಾಗಿದ್ದರು.,2,ಮೈದಾನ,Arena
ಬಯಲು,ಬಯಲು ಶೌಚಮುಕ್ತ ಗ್ರಾಮವಾಗುವತ್ತ ಹಾಸನದ \ಕೊಂಡಜ್ಜಿ ಗ್ರಾಮ\,2,ಮೈದಾನ,Arena
ಬಯಲು,"ನಾವು ಪರ್ವತಗಳು, ಬಯಲು ಮತ್ತು ಸರೋವರದೊಂದಿಗೆ ಭೂದೃಶ್ಯವನ್ನು ಬಣ್ಣ ಮಾಡುತ್ತೇವೆ.",2,ಮೈದಾನ,Arena
ಬಯಲು,ಶ್ರೀಮಂತ ಕಲಾಪರಂಪರೆಯ ಬಯಲು ಪ್ರದರ್ಶನಾಲಯವೆಂದು ಪರಿಗಣಿಸಲಾಗಿರುವ ವಿಜಯ ನಗರ ಸಾಮ್ರಾಜ್ಯದ ವೈಭವಕ್ಕೆ ಸಾಕ್ಷಿಯಾಗಿರುವ ಹಂಪಿಯಲ್ಲಿ ಈ ಬಾರಿ ಕಲೆ ಹಾಗೂ ಸಾಂಸ್ಕೃತಿಕ ಸಾಮ್ರಾಜ್ಯವೇ ಮೇಳೈಸಲಿದೆ.,2,ಮೈದಾನ,Arena
ಬಯಲು,ಸ್ವಚ್ಛ ಭಾರತ ಅಭಿಯಾನದಡಿ ಬಯಲು ಮಲ ವಿಸರ್ಜನೆಯನ್ನು ನಿಷೇಧಿಸಲಾಗಿದೆ.,2,ಮೈದಾನ,Arena
ಬಯಲು,"ಉಳಿದಂತೆ ಕಲ್ಲು, ತ್ಯಾಜ್ಯಗುಂಡಿ, ಬಯಲು ಪ್ರದೇಶ, ಕಟ್ಟಡ ನಿವೇಶನ, ಟಾರು ಹಾಕದ ರಸ್ತೆ, ಕೃಷಿ ಪ್ರದೇಶ, ಗಿಡಗಳನ್ನು ಬೆಳೆಸುವ ನರ್ಸರಿ ಹಾಗೂ ಉಳಿಕೆ ಭೂ ಪ್ರದೇಶ ಇತರ ವರ್ಗದಲ್ಲಿ ಸೇರುತ್ತದೆ.",2,ಮೈದಾನ,Arena
ಬಯಲು,ಪಸಲ್‌ವೇಡ ೧೦ – ೮೩ (ಗ) ಹಸಿರು ಹುಲ್ಲಿನ ಬಯಲು,2,ಮೈದಾನ,Arena
ಬಯಲು,ಇಲ್ಲಿ ಕೆಲವು ಬಯಲು ರಂಗಮಂದಿರಗಳಿದ್ದರೂ ಅವುಗಳಲ್ಲಿ ಸಾಂಸ್ಕ್ರತಿಕ ಚಟುವಟಿಕೆಗಳು ನಡೆ ಯುವುದೇ ಅಪರೂಪ.,2,ಮೈದಾನ,Arena
ಬಯಲು,"ಮಹಿಳೆಯರು ದಾರಿ ಪಕ್ಕ, ಬಯಲು ಜಾಗದಲ್ಲಿ ಬೆಳೆದ ಮುಳ್ಳಿನ ಗಿಡಗಂಟಿ ಆಸರೆಯಲ್ಲಿ ಶೌಚಕ್ಕೆ ಆಶ್ರಯಿಸುತ್ತಾರೆ.",2,ಮೈದಾನ,Arena
ಬಯಲು,ಡೆಲ್ಟಾದ ಮಧ್ಯಭಾಗವು ಕೆಳ ಡೆಲ್ಟಾ ಬಯಲು ಪ್ರದೇಶವಾಗಿದೆ.,2,ಮೈದಾನ,Arena
ಬಯಲು,"ಕಾಕಸಸ್ ಪರ್ವತಗಳು, ತಪ್ಪಲಿನಲ್ಲಿ, ಬಯಲು ಪ್ರದೇಶ ವಿಂಗಡಿಸಲಾಗಿದೆ.",2,ಮೈದಾನ,Arena
ಬಯಲು,"ಈ ದೊಡ್ಡ ಮರಕುಟಿಗಗಳು ಸೂಕ್ತವಾದ ಆವಾಸಸ್ಥಾನಕ್ಕೆ ದೊಡ್ಡದಾದ, ಪ್ರಬುದ್ಧ ಮರಗಳನ್ನು ಅವಲಂಬಿಸಿರುವುದರಿಂದ, ಬಯಲು ಪ್ರದೇಶಗಳು ಮತ್ತು ಹುಲ್ಲುಗಾವಲು ಪ್ರದೇಶಗಳಿಂದ ಅವು ಇರುವುದಿಲ್ಲ.",2,ಮೈದಾನ,Arena
ಬಯಲು,ಬಯಲು ಮುಕ್ತ ಶೌಚಾಲಯದ ಹೆಸರಿನಲ್ಲಿ ಬಹುದೊಡ್ಡ ಕಾಂತ್ರಿ ನಡೆದಿದೆ ಎಂದು ಹೊಗಳಿದರು.,2,ಮೈದಾನ,Arena
ಬಯಲು,ಬಯಲು ಸೀಮೆಯ ಬಲು ಮಾಡಿಕೊಳ್ಳುತ್ತಿರುವ ರೈತರನ್ನು ಗಮನಿಸಿದರೆ ಅತಿ ನೀರಿನ ಲಭ್ಯತೆಯೂ ಶಾಪವೇ.,2,ಮೈದಾನ,Arena
ಬಯಲು,ಪರ್ವತಗಳನ್ನು ಕೊರೆದು ಅವುಗಳೊಳಗೆ ಕಟ್ಟಡಗಳನ್ನು ಮತ್ತು ಬಯಲು ಪ್ರದೇಶಗಳಲ್ಲಿ ಭವ್ಯ ಅರಮನೆಗಳನ್ನು ನಿರ್ಮಿಸುವುದು ಸಮೂದ್ ಜನಾಂಗದ ವೈಶಿಷ್ಟ್ಯವಾಗಿತ್ತು.,2,ಮೈದಾನ,Arena
ಬಯಲು,ಉಳಿದಂತೆ ಬಹುತೇಕರಿಗೆ ಬಯಲು ಶೌಚವೇ ಗತಿಯಾಗಿದೆ.,2,ಮೈದಾನ,Arena
ಬಯಲು,"ಬಯಲು ಸೀಮೆಗೆ ಭಯಂಕರ ನೀರಿನ ಸಮಸ್ಯೆ ಇದೆ, ಬರವಿದ್ದರೂ ರೈತರ ಸಾಲಮನ್ನಾ ಮಾಡಿಲ್ಲ, ಕಳಸಾ ಬಂಡೂರಿ ನಾಲಾ ಯೋಜನೆ ಜಾರಿಗೊಳಿಸುತ್ತಿಲ್ಲ, ಕಾಸರಗೋಡಿನಲ್ಲಿ ಕನ್ನಡಿಗರ ಮೇಲೆ ದಾಳಿ ನಡೆಯುತ್ತಿದೆ ಸರ್ಕಾರ ತಲೆಕೆಡಿಸಿಕೊಳ್ಳುತ್ತಿಲ್ಲ ಎಂದು ವಾಗ್ದಾಳಿ ನಡೆಸಿದರು.",2,ಮೈದಾನ,Arena
ಬಯಲು,"ಪ್ರತಿ ವರ್ಷ ಪ್ರೇಕ್ಷಕ ಸ್ನೇಹಿ ಹಂತ ಹೊರತುಪಡಿಸಿ ಉಳಿದ ಎರಡು ವಿಶೇಷ ಹಂತದ ಸ್ಪರ್ಧೆ ಬಯಲು ಸೀಮೆಯಾದ ಕಡೂರು, ಬೀರೂರು, ತರೀಕೆರೆ ರಸ್ತೆಗಳಲ್ಲಿ ನಡೆಯುತ್ತಿತ್ತು.",2,ಮೈದಾನ,Arena
ಬಯಲು,"ಮಾರ್ಚ್‌ನಲ್ಲಿ ಘೋಷಣೆ ಖಚಿತ: ಜಿಲ್ಲೆಯನ್ನು ಮಾರ್ಚ್‌ 8ರ ವೇಳೆಗೆ ಬಯಲು ಶೌಚ ಮುಕ್ತಗೊಳಿಸಿ, ಘೋಷಣೆ ಹೊರಡಿಸಲಾಗುವುದು ಎಂದು ಜಿಲ್ಲಾ ಪಂಚಾಯಿತಿ ಮುಖ್ಯ ಕಾರ್ಯನಿರ್ವಾಹಕ ಅಧಿಕಾರಿ ಡಾ.",2,ಮೈದಾನ,Arena
ಬಯಲು,ಜನಪದ ಕ್ರೀಡೆಗಳಲ್ಲಿ ಒಂದಾದ ಹೋರಿಬೇದರಿಸುವ ಕ್ರೀಡೆ ಗ್ರಾಮಾಂತರ ಕ್ರೀಡೆಯಾಗಿದ್ದು ಈ ಬಯಲು ಸೀಮೆಗಳಲ್ಲಿ ಹೆಚ್ಚಾಗಿ ಕಂಡು ಬರುವ ಹಬ್ಬ ಮುಂಡಗೋಡ ನಲ್ಲಿ ಪ್ರತಿ ದೀಪಾವಳಿಯ ಹಬ್ಬದ ಪಾಡ್ಯ ಹಬ್ಬದ ದಿನದೊಂದು ದನಬೇದರಿಸುವ ಕಾರ್ಯಕ್ರಮ ಆಯೋಜಿಸಲಾಗುತ್ತಿದೆ.,2,ಮೈದಾನ,Arena
ಬಯಲು,ಬಿತ್ತನೆ ಮಾಡುವ ಗದ್ದೆಗಳು ಒಣಗಿ ಬಯಲು ಸೀಮೆಯ ಹೊಲದಂತಾಗಿವೆ.,2,ಮೈದಾನ,Arena
ಬಯಲು,ಜಿಲ್ಲೆಯ ಇನ್ನೊಂದು ಬಹುದೊಡ್ಡ ಸಮಸ್ಯೆ ಎಂದರೆ ಬಯಲು ಶೌಚಾಲಯ.,2,ಮೈದಾನ,Arena
ಬಯಲು,"ಕಲಾಧಾಮದಲ್ಲೊಂದು ಸುತ್ತು ಹಾಕುವಾಗ ಅಲ್ಲಿಯ ಬಯಲು ಮಂದಿರ, ಸಾಂಸ್ಕೃತಿಕ ಚಟುವಟಿಕೆಗಳಿಗಾಗಿಯೇ ನಿರ್ಮಿಸಿರುವ ಸಭಾಂಗಣ, ನಮ್ಮಲ್ಲಿಯೂ ಹೊಸ ಜೋಷ್ ಹುಟ್ಟುಹಾಕುತ್ತದೆ.",2,ಮೈದಾನ,Arena
ಬಯಲು,ಆಟದ ಬಯಲು ವಿಶಾಲವಾದ ಶಾಲೆಯಿದ್ದಂತೆ – ಶ್ರೀ ಚಿದಾನಂದ ನಂದಾರ್,2,ಮೈದಾನ,Arena
ಬರೆ,ಎತ್ತಿಗೆ ಜ್ವರ ಬಂದ್ರೆ ಎಮ್ಮೆಗೆ ಬರೆ ಹಾಕಿದ್ರು ಅಂತ.,1,ಕಾದ ಕುಳದಿಂದ ಮೈಮೇಲೆ ಎಳೆದ ಗೆರೆ,burn
ಬರೆ,ಎರಡು ತಿಂಗಳು ಕಳೆಯುವುದೊರಳಗೆ ಮತ್ತೊಮ್ಮೆ ರೈತರಿಗೆ ಬರೆ ಎಳೆಯಲು ಹೊರಟ ಕೆಎಂಎಫ್‌ಗೆ ಸಭೆಯಲ್ಲಿ ತೀವ್ರ ವಿರೋಧ ವ್ಯಕ್ತವಾಯಿತು.,1,ಕಾದ ಕುಳದಿಂದ ಮೈಮೇಲೆ ಎಳೆದ ಗೆರೆ,burn
ಬರೆ,ಎತ್ತಿಗೆ ಜ್ವರ ಬಂತೆಂದು ಎಲ್ಲೆಗೂ ಬರೆ ಎಳೆದರು~ ಎಂಬ ಗಾದೆ ಮಾತಿದೆ.,1,ಕಾದ ಕುಳದಿಂದ ಮೈಮೇಲೆ ಎಳೆದ ಗೆರೆ,burn
ಬರೆ,ಮೇಲಿಂದ ಮೇಲೆ ಬರಗಾಲ ಹಾಗೂ ಅಕಾಲಿಕ ಮಳೆಯಿಂದಾಗಿ ಈಗಾಗಲೇ ಬೆಳೆ ನಷ್ಟದಿಂದ ಕಂಗೆಟ್ಟಿರುವ ರೈತರ ಪಾಲಿಗಂತೂ ಇದು ಗಾಯದ ಮೇಲೆ ಬರೆ ಎಳೆದಂತಾಗಿದೆ.,1,ಕಾದ ಕುಳದಿಂದ ಮೈಮೇಲೆ ಎಳೆದ ಗೆರೆ,burn
ಬರೆ,ಗಾಯದ ಮೇಲೆ ಬರೆ ಎಳೆದಂತೆ ಕಾರ್ಮಿಕರ ಸಮಸ್ಯೆಯೂ ಬೆಳೆಗಾರರನ್ನು ಚಿಂತೆಗೆ ತಳ್ಳಿದೆ.,1,ಕಾದ ಕುಳದಿಂದ ಮೈಮೇಲೆ ಎಳೆದ ಗೆರೆ,burn
ಬರೆ,"ಸುಟಿಗೆ ಹಾಕು = ಚುರುಕು ಮುಟ್ಟಿಸು, ಬರೆ ಹಾಕು",1,ಕಾದ ಕುಳದಿಂದ ಮೈಮೇಲೆ ಎಳೆದ ಗೆರೆ,burn
ಬರೆ,ಮುಂಜಾನೆ ಬರೆ ಬಿದ್ದಾಗ ಮೊದಲು ಅಯ್ಯಯ್ಯೋ ಎಂದದ್ದು ಗಂಡ ಅವಳು ಎದ್ದು ಕೂತು ನಂಗೆರಡು ನಿಂಗೊಂದು ಅಂದಳು ಬಂದವರಿಗೆ ಏನೊಂದು ಅರ್ಥವಾಗಲಿಲ್ಲ ಅವಳು ಎಲ್ಲವನ್ನು ಹೇಳಿದಳು.,1,ಕಾದ ಕುಳದಿಂದ ಮೈಮೇಲೆ ಎಳೆದ ಗೆರೆ,burn
ಬರೆ,"ಗಾಯದ ಮೇಲೆ ಬರೆ ಹಾಕು = ನೋವನ್ನು ದ್ವಿಗುಣಗೊಳಿಸು, ಉರಿಯುವುದರ ಮೇಲೆ ಉಪ್ಪು ಹಾಕು",1,ಕಾದ ಕುಳದಿಂದ ಮೈಮೇಲೆ ಎಳೆದ ಗೆರೆ,burn
ಬರೆ,ಇನ್ನು ರಾಜಿನಾಮೆ ಕೇಳಿದರೆ ಗಾಯದ ಮೇಲೆ ಬರೆ ಎಳೆದಂತಾಗುತ್ತದೆ ಎಂದು ಸಮಿತಿಯ ಗೌರವಾಧ್ಯಕ್ಷ ಮಾರೆಪ್ಪ ಹಾಗೂ ಪದಾಧಿಕಾರಿಗಳು ಆಕ್ರೋಶ ವ್ಯಕ್ತಪಡಿಸಿದ್ದಾರೆ.,1,ಕಾದ ಕುಳದಿಂದ ಮೈಮೇಲೆ ಎಳೆದ ಗೆರೆ,burn
ಬರೆ,ನೋಟು ರದ್ದತಿ ಆದೇಶ ಎತ್ತಿಗೆ ಜ್ವರ ಬಂದರೆ ಎಮ್ಮೆಗೆ ಬರೆ ಹಾಕಿದಂತೆ ಆಗಿದೆ.,1,ಕಾದ ಕುಳದಿಂದ ಮೈಮೇಲೆ ಎಳೆದ ಗೆರೆ,burn
ಬರೆ,ಅಲ್ಲಿಗೆ ಗಾಯದ ಮೇಲೆ ಬರೆ ಎಳೆದಂತಾಗುತ್ತದೆ.,1,ಕಾದ ಕುಳದಿಂದ ಮೈಮೇಲೆ ಎಳೆದ ಗೆರೆ,burn
ಬರೆ,ಗಾಯದ ಮೇಲೆ ಬರೆ ಎಂಬಂತೆ ರೈತ ಶರಣಪ್ಪ ಕಣ್ಣಿರಿನಲ್ಲಿ ಕೈ ತೊಳೆಯುವ ಪರಿಸ್ಥಿತಿ ನಿರ್ಮಾಣವಾಗಿದೆ.,1,ಕಾದ ಕುಳದಿಂದ ಮೈಮೇಲೆ ಎಳೆದ ಗೆರೆ,burn
ಬರೆ,ಇದೊಂತರ ಎತ್ತಿಗೆ ಜ್ವರ ಬಂದ್ರೆ ಎಮ್ಮೆಗೆ ಬರೆ ಎಳೆದ್ರು ಅಂತಾರಲ್ಲ ಹಾಗಾಗಿದೆ.,1,ಕಾದ ಕುಳದಿಂದ ಮೈಮೇಲೆ ಎಳೆದ ಗೆರೆ,burn
ಬರೆ,ಅದರ ಮೇಲೆ ಬರೆ ಎಳೆದಂತೆ ಬಂದಿದ್ದು ಜಿಎಸ್ ಟಿ ಜಾರಿ.,1,ಕಾದ ಕುಳದಿಂದ ಮೈಮೇಲೆ ಎಳೆದ ಗೆರೆ,burn
ಬರೆ,"ಆದರೆ, ಗಾಯದ ಮೇಲೆ ಬರೆ ಎಳೆದಂತೆ ಮತ್ತೆ ಹೊಸ ಹೊಸ ವಿದ್ಯುತ್ ಯೋಜನೆಗಳು ಇವರ ಬದುಕಿನ ನೆಮ್ಮದಿಯನ್ನು ಕೆಡಿಸಿ ಆತಂಕದಿಂದ ದಿನದೂಡುವಂತಹ ವಾತವರಣ ನಿರ್ಮಾಣವಾಗುತ್ತಿದೆ.",1,ಕಾದ ಕುಳದಿಂದ ಮೈಮೇಲೆ ಎಳೆದ ಗೆರೆ,burn
ಬರೆ,ಗಾಯದ ಮೇಲೆ ಬರೆ ಎಳೆದರು ಎನ್ನುವಂತೆ ಮಲಪ್ರಭಾ ನದಿಯಲ್ಲಿ ಮತ್ತೊಮ್ಮೆ ಪ್ರವಾಹ ಭೀತಿ ಕಾಣಿಸಿಕೊಂಡಿದೆ.,1,ಕಾದ ಕುಳದಿಂದ ಮೈಮೇಲೆ ಎಳೆದ ಗೆರೆ,burn
ಬರೆ,ಎಲ್‍ಪಿಜಿ ದರ ಮತ್ತೆ ಏರಿಕೆ – ಗ್ರಾಹಕರಿಗೆ ಬರೆ ಎಳೆದ ಕೇಂದ್ರ ಸರ್ಕಾರ,1,ಕಾದ ಕುಳದಿಂದ ಮೈಮೇಲೆ ಎಳೆದ ಗೆರೆ,burn
ಬರೆ,ಕಬ್ಬಿಣ ಕಾಯಿಸಿ ಬರೆ ಹಾಕಿದ,1,ಕಾದ ಕುಳದಿಂದ ಮೈಮೇಲೆ ಎಳೆದ ಗೆರೆ,burn
ಬರೆ,"ಆರು ತಿಂಗಳ ಹಿಂದೆ, ಗಾಯದ ಮೇಲೆ ಬರೆ ಎಂಬಂತೆ ಫಯಾಝ್ ನನ್ನು ಜಮ್ಮು ಪೊಲೀಸರು ಮಾದಕ ವಸ್ತು ಕಳ್ಳಸಾಗಾಣಿಕೆ ಆರೋಪದಲ್ಲಿ ಬಂಧಿಸಿದರು.",1,ಕಾದ ಕುಳದಿಂದ ಮೈಮೇಲೆ ಎಳೆದ ಗೆರೆ,burn
ಬರೆ,ಒಟ್ಟಿನಲ್ಲಿ ಗಾಯದ ಮೇಲೆ ಬರೆ ಎಳೆದಂತಾಗಿದೆ ಈಗಿನ ಬದುಕು.,1,ಕಾದ ಕುಳದಿಂದ ಮೈಮೇಲೆ ಎಳೆದ ಗೆರೆ,burn
ಬರೆ,ಎತ್ತಿಗೆ ಜ್ವರ ಬಂದ್ರೆ ಎಮ್ಮೆಗೆ ಬರೆ ಹಾಕುವವನು ಯಾರು?,1,ಕಾದ ಕುಳದಿಂದ ಮೈಮೇಲೆ ಎಳೆದ ಗೆರೆ,burn
ಬರೆ,ಮರಳು ಕೊರತೆಯ ಹೊರೆ ಸ್ಥಳೀಯ ಆರ್ಥಿಕತೆಗೆ ಬರೆ,1,ಕಾದ ಕುಳದಿಂದ ಮೈಮೇಲೆ ಎಳೆದ ಗೆರೆ,burn
ಬರೆ,ಗಾಯದ ಮೇಲೆ ಬರೆ ಎಳೆದಂತೆ ಪ್ರಯಾಣ ದರವನ್ನು ಕೂಡ ರಾಜ್ಯ ಸರಕಾರ ಏರಿಸಿ.,1,ಕಾದ ಕುಳದಿಂದ ಮೈಮೇಲೆ ಎಳೆದ ಗೆರೆ,burn
ಬರೆ,"ಹಣದುಬ್ಬರದಿಂದ ಜನತೆ ತತ್ತರಿಸುತ್ತಿರುವ ಸಂದರ್ಭದಲ್ಲಿ, ಗಾಯದ ಮೇಲೆ ಬರೆ ಎಳೆಯುವಂತೆ ಈರುಳ್ಳಿ ದರ ಅಕ್ಟೋಬರ್ ವೇಳೆಗೆ ಪ್ರತಿ ಕೆ.",1,ಕಾದ ಕುಳದಿಂದ ಮೈಮೇಲೆ ಎಳೆದ ಗೆರೆ,burn
ಬರೆ,"ಅಮ್ಮ ಬೇಕು ಅಂತ ಹಠಹಿಡಿದಿದ್ದ 4ರ ಕಂದಮ್ಮನ ಬೆನ್ನಿಗೆ ಬರೆ ಎಳೆದ ಶಿಕ್ಷಕ, ಆಯಾ!",1,ಕಾದ ಕುಳದಿಂದ ಮೈಮೇಲೆ ಎಳೆದ ಗೆರೆ,burn
ಬರೆ,ಇದನ್ನು ಓದಿ: ಬೆಲೆ ಕುಸಿತದಿಂದ ಕಂಗೆಟ್ಟಿದ್ದ ರೈತರ ಗಾಯದ ಮೇಲೆ ಬರೆ ಎಳೆದ ಮಳೆರಾಯ!,1,ಕಾದ ಕುಳದಿಂದ ಮೈಮೇಲೆ ಎಳೆದ ಗೆರೆ,burn
ಬರೆ,ನೋವಿನ ಮೇಲೆ ಬರೆ ಎಂಬಂತೆ ಫರ್ಝಾನ ರಕ್ತ ಕ್ಯಾನ್ಸರ್‌ನಿಂದ ಬಳಲುತ್ತಿದ್ದರೆ ಉಳಿದ ಇಬ್ಬರು ಮಕ್ಕಳಲ್ಲಿ ಓರ್ವ ಪುತ್ರ ಎಂಡೋಪೀಡಿತರಾಗಿ ಬಳಲುತ್ತಿದ್ದಾರೆ.,1,ಕಾದ ಕುಳದಿಂದ ಮೈಮೇಲೆ ಎಳೆದ ಗೆರೆ,burn
ಬರೆ,ಎಲ್ಲಾ ಎಮ್ಮೆಗಳಿಗೂ ಒಂದೇ ಬರೆ ಎಳೆಯಬಾರದು.,1,ಕಾದ ಕುಳದಿಂದ ಮೈಮೇಲೆ ಎಳೆದ ಗೆರೆ,burn
ಬರೆ,: ಹೆಂಡತಿ ಶೀಲ ಶಂಕಿಸಿ ಪತಿಯೊಬ್ಬ ಆಕೆಯ ಗುಪ್ತಾಂಗದ ಮೇಲೆ ಬರೆ ಹಾಕಿ ಕಬ್ಬಿಣದ ವೈರ್ ನಿಂದ ಗುಪ್ತಾಂಗವನ್ನು ಹೊಲಿದ ಪೈಶಾಚಿಕೆ ಕೃತ್ಯ ಜಾರ್ಖಂಡ್ ನ ಧನಬಾದ್ ಜಿಲ್ಲೆಯಲ್ಲಿ ನಡೆದಿದೆ.,1,ಕಾದ ಕುಳದಿಂದ ಮೈಮೇಲೆ ಎಳೆದ ಗೆರೆ,burn
ಬರೆ,"ಎರಡನೇಯದನ್ನು ಹಡೆದು, ಎಷ್ಟೇ ತಿಪ್ಪರಲಾಗ ಹಾಕಿದರೂ ಹೊಟ್ಟೆಯ ಮೇಲಿನ ಬರೆ ಹಾಗೂ, ಬಸುರಿಯಂತಹ ಹೊಟ್ಟೆ ಹೋಗಲೇ ಇಲ್ಲ.",1,ಕಾದ ಕುಳದಿಂದ ಮೈಮೇಲೆ ಎಳೆದ ಗೆರೆ,burn
ಬರೆ,ಅಲ್ಲದೆ ಗಾಯದ ಮೇಲೆ ಬರೆ ಎಂಬಂತೆ ಭಾರತ ತಂಡ ಆಸಿಸ್ ಮೇಲೆ ಫಾಲೋ ಆನ್ ಹೇರಿತು.,1,ಕಾದ ಕುಳದಿಂದ ಮೈಮೇಲೆ ಎಳೆದ ಗೆರೆ,burn
ಬರೆ,"ಯುವತಿಯ ಮೈ, ಕೈಗೆ ಬೆಂಕಿಯಿಂದ ಬರೆ ಹಾಕಿ ಹಲ್ಲೆ ನಡೆಸಿರೋ ಆರೋಪ ಕೇಳಿಬಂದಿದೆ.",1,ಕಾದ ಕುಳದಿಂದ ಮೈಮೇಲೆ ಎಳೆದ ಗೆರೆ,burn
ಬರೆ,ಈ ಮಧ್ಯೆ ಪಾಕ್​ ಪ್ರಧಾನಿ ಸೇರಿದಂತೆ ಅವರ ಸಚಿವರುಗಳ ಹೇಳಿಕೆಗಳು ಕಂಗಾಲಾಗಿರುವ ಪಾಕಿಸ್ತಾನಕ್ಕೆ ಗಾಯದ ಮೇಲೆ ಬರೆ ಎಳೆಯುತ್ತಿವೆ.,1,ಕಾದ ಕುಳದಿಂದ ಮೈಮೇಲೆ ಎಳೆದ ಗೆರೆ,burn
ಬರೆ,13- ನೆರೆ ತಗ್ಗಿದೆ; ಆದರೆ ಬದುಕಿಗೆ ದೊಡ್ಡ ಬರೆ ಎಳೆದಿದೆ.,1,ಕಾದ ಕುಳದಿಂದ ಮೈಮೇಲೆ ಎಳೆದ ಗೆರೆ,burn
ಬರೆ,ಮಗು ಅಂಗನವಾಡಿಯಲ್ಲಿ ಮೂತ್ರ ವಿಸರ್ಜನೆ ಮಾಡಿತೆಂದು ಚಾಕುವಿನಿಂದ ಬರೆ,1,ಕಾದ ಕುಳದಿಂದ ಮೈಮೇಲೆ ಎಳೆದ ಗೆರೆ,burn
ಬರೆ,ಗಾಯದ ಮೇಲೆ ಬರೆ ಎಳೆದಂತಾದ ವಾರ್ನರ್ ಪರಿಸ್ಥಿತಿ.,1,ಕಾದ ಕುಳದಿಂದ ಮೈಮೇಲೆ ಎಳೆದ ಗೆರೆ,burn
ಬರೆ,ಎತ್ತಿಗೆ ಬಂದ ಜ್ವರಕ್ಕೆ ಎಮ್ಮೆಗೆ ಬರೆ ಎಳೆದು ನಗೆ ಪಾಟಲಿಗೆ ಗುರಿ ಆಗಿದೆ.,1,ಕಾದ ಕುಳದಿಂದ ಮೈಮೇಲೆ ಎಳೆದ ಗೆರೆ,burn
ಬರೆ,ಎತ್ತಿಗೆ ಜ್ವರ ಬಂದರೆ ಎಮ್ಮೆಗೆ ಬರೆ ಹಾಕಿದಂತೆ~ ಹೋಟೆಲ್ ಮಾಲೀಕರಿಗೆ ತೊಂದರೆಯಾದರೆ ಸರ್ಕಾರವನ್ನು ಕೇಳಿ ಅನುಕೂಲ ಮಾಡಿಸಿಕೊಳ್ಳಲಿ.,1,ಕಾದ ಕುಳದಿಂದ ಮೈಮೇಲೆ ಎಳೆದ ಗೆರೆ,burn
ಬರೆ,"ತಮಗೆ ಅನುಕೂಲವಾಗುವಂತೆ ದರಪಟ್ಟಿಯನ್ನು ಬದಲಿಸಿಕೊಂಡಿದ್ದು, ಗ್ರಾಹಕರಿಗೆ ಬರೆ ಹಾಕುತ್ತಿದ್ದಾರೆ ಎಂಬ ದೂರುಗಳು ಕೇಳಿಬಂದಿವೆ.",1,ಕಾದ ಕುಳದಿಂದ ಮೈಮೇಲೆ ಎಳೆದ ಗೆರೆ,burn
ಬರೆ,ಆದರೂ ಗುಂಡುಸೂಜಿಯು ಕೈಗೆ ಬರೆ ಎಳೆಯುತ್ತದೆ; ಚರ್ಮ ಸುಡುತ್ತದೆ.,1,ಕಾದ ಕುಳದಿಂದ ಮೈಮೇಲೆ ಎಳೆದ ಗೆರೆ,burn
ಬರೆ,ಅಡಿಗೆ ವಿಚಾರವಾಗಿ ಬರೆ ಸೂಪಶಾಸ್ತ್ರವೆಂಬ ಕೃತಿಯಿದೆ.,2,ರೇಖೆ,line
ಬರೆ,* ಕಡಿಮೆ ಅಥವಾ ಅರೆ ಬರೆ ನಿದ್ರೆಯಿಂದ ದೇಹದ ತೂಕ ಹೆಚ್ಚಾಗುವ ಸಂಭವ ಇರುತ್ತದೆ.,2,ರೇಖೆ,line
ಬರೆ,"ಪಾಕ್ ನಾಗರಿಕರನ್ನು ಉದ್ದೇಶಿಸಿ ಪತ್ರ ಬರೆ ದಿರುವ ಸಿನ್ಹಾ, ಹಿಂದು ಮತ್ತು ಮುಸ್ಲಿಂ ಶಾಂತಿ ಸಾರುವ ಸಂದೇಶ ಚಿತ್ರದಲ್ಲಿದೆ.",2,ರೇಖೆ,line
ಬರೆ,ಸಾಮಾನ್ಯ ಬಸ್‍ಗಳಲ್ಲಿ ದರ ಇಳಿಕೆ ಮಾಡಿರೋದಾಗಿ ಹೇಳ್ತಿರೋ ಬಿಎಂಟಿಸಿ ಒಂದು ಕೈಯಲ್ಲಿ ಕೊಟ್ಟು ಮತ್ತೊಂದು ಕೈಯಲ್ಲಿ ಕಂಡು ಕಾಣದ ಹಾಗೆ ದರ ಏರಿಕೆ ಬರೆ ಹಾಕಿದೆ.,2,ರೇಖೆ,line
ಬರೆ,ಹೀಗಾಗಿ ವಾಹನ ಖರೀದಿದಾರರಿಗೆ ಮತ್ತೊಮ್ಮೆ ದರ ಏರಿಕೆಯ ಬರೆ ಬೀಳುವ ನಿರೀಕ್ಷೆಯಿದೆ.,2,ರೇಖೆ,line
ಬರೆ,ಮದ್ಯದ ಅಂಗಡಿಗಳಿಗೆ ಬರೆ,2,ರೇಖೆ,line
ಬರೆ,ಆದಾಯ ವೃದ್ಧಿಗೆ ಶಿಕ್ಷಣ ಸಂಸ್ಥೆಗಳಿಗೆ ಬರೆ,2,ರೇಖೆ,line
ಬರೆ,"ಇನ್ನು, ಪ್ಯಾರಿಸ್‌ನಲ್ಲಿ ನಡೆದ ಎಫ್‌ಎಟಿಎಫ್‌ನ ಮಹತ್ವದ ಸರ್ವ ಸದಸ್ಯರ ಸಭೆಯಲ್ಲಿ ಪಾಕ್​ಗೆ ಬರೆ ಎಳೆಯಲಾಗಿದೆ.",2,ರೇಖೆ,line
ಬರೆ,ಪೆಟ್ರೋಲ್​​​​-ಡೀಸೆಲ್​​ ಬೆಲೆ ಏರಿಕೆ ಬೆನ್ನಲ್ಲೇ ಸುಂಕದ ಬರೆ ಹಾಕಲು ಮುಂದಾದ ಕೇಂದ್ರ ಸರ್ಕಾರ,2,ರೇಖೆ,line
ಬರೆ,ಹೀಗೆ ವರ್ಷದಿಂದ ವರ್ಷ ಉಪನ್ಯಾಸಕರು ಮತ್ತು ಶಿಕ್ಷಕರು ಸರ್ಕಾರವನ್ನು ಬ್ಲಾಕ್‍ಮೇಲ್ ಮಾಡುವ ಹಂತ ತಲುಪಿರುವುದರಿಂದ ರಾಜ್ಯ ಸರ್ಕಾರ ಬಹಿಷ್ಕರಿಸುವವರಿಗೆ ಬರೆ ಎಳೆಯಲು ಮುಂದಾಗಿದೆ.,2,ರೇಖೆ,line
ಬರೆ,ಕೇಂದ್ರ ಸಕರ್ಾರದ ಬೆಲೆ ಏರಿಕೆಯಂತಹ ನೀತಿಗಳು ಬರೆ ಎಳೆಯುತ್ತಲೇ ಇವೆ.,2,ರೇಖೆ,line
ಬರೆ,ಇನ್ನು ಜಿಎಸ್​ಟಿಯ ಈ ತೆರಿಗೆ ಪದ್ಧತಿಯಿಂದಾಗಿ ಒಂದೊಡೆ ಹೋಟೆಲ್​ಗಳಿಗೆ ನಷ್ಟವಾದರೆ ಮತ್ತೊಂದೆಡೆ ಗ್ರಾಹಕರಿಗೂ ಬರೆ ಬೀಳಲಿದೆ ಎಂದು ಆರೋಪಿಸಿ ಬಂದ್​ಗೆ ಕರೆ ನೀಡಲಾಗಿದೆ.,2,ರೇಖೆ,line
ಬರೆ,"ಪೆಟ್ರೋಲ್‌ ಮತ್ತು ಡೀಸೆಲ್‌ ಮೇಲಿನ ಸೆಸ್‌ ಏರಿಕೆ ಮಾಡಲಾಗಿದ್ದು, ಬಂಗಾರದ ಮೇಲಿನ ಆಮದು ಸುಂಕವನ್ನು ಹೆಚ್ಚಿಸುವ ಮೂಲಕ ನಿರ್ಮಲಾ ಸೀತಾರಾಮನ್‌ ಚೊಚ್ಚಲ ಬಜೆಟ್‌ನಲ್ಲಿ ಬರೆ ನೀಡಿದ್ದಾರೆ.",2,ರೇಖೆ,line
ಬರೆ,ಜನಸಾಮಾನ್ಯರು ಪಾದಚಾರಿ ಮಾರ್ಗದ ಸಮಸ್ಯೆಯನ್ನು ಎದುರಿಸುತ್ತಿರುವ ಹೊತ್ತಿನಲ್ಲಿಯೇ ಈ ರೀತಿ ಎಲ್ಲೆಂದರಲ್ಲಿ ತ್ಯಾಜ್ಯ ಸುರಿಯುತ್ತಿರುವುದು ಪಾದಚಾರಿಗಳಿಗೆ ಗಾಯದ ಮೇಲೆ ಬರೆ ಎಳೆದಂತಾಗಿದೆ ಎಂದು ಎಂ.,2,ರೇಖೆ,line
ಬರೆ,"ಬೆಂಗಳೂರು, ಫೆಬ್ರವರಿ 04: ಈಗಾಗಲೇ ಹಣಕಾಸು ಕೊರತೆಯಿಂದ ಬಳಲುತ್ತಿರುವ ಕರ್ನಾಟಕಕ್ಕೆ ಕೇಂದ್ರ ಬಜೆಟ್ 9000 ಕೋಟಿ ಬರೆ ಎಳೆದಿದೆ.",2,ರೇಖೆ,line
ಬರೆ,"ಸಂಪನ್ಮೂಲದ ಕ್ರೋಡೀಕರಣಕ್ಕೆ ಮದ್ಯದ ಮೇಲಿನ ಸುಂಕ ಹೆಚ್ಚಿಸುವ ರೂಢಿಗತ ದಾರಿಯನ್ನು ಬಿಟ್ಟಿರುವ ಕುಮಾರಸ್ವಾಮಿ, ಬಿಯರ್ ಮೇಲೆ ತೆರಿಗೆಯ ಬರೆ ಹಾಕಿದ್ದು, ತಣ್ಣಗೆ ಕುಳಿತು ಕುಡಿಯುವವರಿಗೆ ಮತ್ತೇರದಂತೆ ಮಾಡಿದ್ದಾರೆ.",2,ರೇಖೆ,line
ಬರೆ,ಮ್ಯಾಂಚೆಸ್ಟರ್‌ ಖ್ಯಾತಿ ನಗರಕ್ಕೂ ಜಿಎಸ್‌ಟಿ ಬರೆ,2,ರೇಖೆ,line
ಬರೆ,ನೋಟು ನಿಷೇಧದ ಹೊಡೆತದ ಮೇಲೆ ಜಿಎಸ್ ಟಿ ಬರೆ,2,ರೇಖೆ,line
ಬರೆ,ಅಂಡರ್-19 ವಿಶ್ವಕಪ್ ತಂಡದ ಸ್ಟಾರ್ ಆಟಗಾರನಿಗೆ 1 ವರ್ಷದ ನಿಷೇಧದ ಬರೆ,2,ರೇಖೆ,line
ಬರೆ,"ಆದರೆ, ದರ ಏರಿಕೆ ಬರೆ ಮಾತ್ರ ಮಧ್ಯರಾತ್ರಿಯಿಂದಲೇ ಜಾರಿಗೆ ಬರುತ್ತವೆ ಎಂದು ಜನರು ಆಕ್ರೌಶ ವ್ಯಕ್ತಪಡಿಸುತ್ತಾರೆ.",2,ರೇಖೆ,line
ಬರೆ,ಖಾದಿಗೂ ಬಂತು GST: ಸ್ವಾತಂತ್ರ್ಯ ನಂತರ ಮೊದಲ ಬಾರಿಗೆ ತೆರಿಗೆ ಬರೆ,2,ರೇಖೆ,line
ಬರೆ,"ದಾನಿಗಳಿಂದ ಪಡೆಯಲಾಗಿರುವ ವಸ್ತುಗಳನ್ನು ಪರಿಹಾರದ ಕಿಟ್‍ಗಳಾಗಿ ರೂಪಿಸಲಾಗಿದ್ದು, ಮಹಿಳೆಯರಿಗೆ ಹಾಗೂ ಪುರುಷರಿಗೆ ಪ್ರತ್ಯೇಕವಾಗಿ ಬಟ್ಟೆ ಬರೆ ಕಿಟ್ ಸಿದ್ಧಪಡಿಸಲಾಗಿದೆ.",2,ರೇಖೆ,line
ಬರೆ,ಸೋದರದೊಳಾದರವು ಮತ್ತಮ | ನಾದರವು ಬರೆ ಪೂರ್ವಕೃತ ಕ |,2,ರೇಖೆ,line
ಬರೆ,ಒತ್ತಿ ಬರೆ ಮಾಗಧ ಸುತನ ಬಲ | ವಿತ್ತರದಿ ನುಗ್ಗಾಗುತಿದ್ದುದ |,2,ರೇಖೆ,line
ಬರೆ,ಭರದಿ ಪಾಂಚಾಲಪುರಕೈತಂದು ಕುಂಭಕಾರರ ಗಹಕೆ ಬರೆ ಕಾಣುತ ||,2,ರೇಖೆ,line
ಬರೆ,ಯಲಹಂಕ: ವಿದ್ಯುತ್ ಕಡಿತದ ಬರೆ,2,ರೇಖೆ,line
ಬರೆ,ಮನೆಬಾಗಿಲಿಗೆ ನಾಕವೊಲಿದು ಬರೆ,2,ರೇಖೆ,line
ಬರೆ,"ಬೆಂಗಳೂರು: ಪ್ರವಾಹ ಪರಿಸ್ಥಿತಿಯನ್ನು ನಿರ್ವಹಿಸಲು, ಪರಿಹಾರ ಕಾರ್ಯಗಳಿಗೆ ಹಾಗೂ ನೆರೆ ಸಂತ್ರಸ್ತರಿಗೆ ಬಟ್ಟೆ ಬರೆ ಮತ್ತಿತರ ಸೌಲಭ್ಯ ಒದಗಿಸಲು ರಾಜ್ಯ ಸರ್ಕಾರ ಒಟ್ಟು 195 ಕೋಟಿ ರೂ.",2,ರೇಖೆ,line
ಬರೆ,ಸೆಳೆದು ಮುಷ್ಟಿಯ ಕೆನ್ನೆಗಡಿಯಂಬಿನಲಿ ಬರೆ ಕಂಡು,2,ರೇಖೆ,line
ಬರೆ,ಕಳುಹಿನಿಖಿಳಾಮರರು ತನ್ನನೆ | ಬಳಸಿ ಬರೆ ಸೌಧರ್ಮಪತಿ ನಿಜ |,2,ರೇಖೆ,line
ಬರೆ,ಸುಂದರವಾದ ಸ್ವಚ್ಛಂದ ಪರಿಸರದಲ್ಲಿ ಕುಳಿತು ಪರಿಸರ ಸಂರಕ್ಷಣೆಯ ಕುರಿತು ಚಿತ್ರ ಬರೆ ಯುತ್ತಿರುವುದು ಅವರಲ್ಲಿ ಪರಿಸರ ಬಗ್ಗೆ ಹೆಚ್ಚು ಆಸಕ್ತಿ ಮೂಡಿಸಲಿದೆ.,2,ರೇಖೆ,line
ಬರೆ,ಪಡಿಯಱನಿತ್ತಳೇ ನಿನಗೆ ಮತ್ಪ್ರಿಯೆಯಾಂ ಬರೆ ಬಾರಿಸೆಂದು ನೀಂ,2,ರೇಖೆ,line
ಬರೆ,ಶೇಕ್ಸ್ ಪಿಯರ್ ಕೊನೆಯದಾಗಿ ಐತಿಹಾಸಿಕ ನಾಟಕಕ್ಕೆ ಮರಳಿ ಹೆನ್ರಿ ಬರೆ ಯುತ್ತಾನೆ.,2,ರೇಖೆ,line
ಬರೆ,ಹೆಚ್ಚಿನ ಇಂಗ್ಲಿಷ್ ಪತ್ರಕರ್ತರಂತೆ ಅವರಿಗೂ ಕನ್ನಡ ಓದಲು ಬರೆ ಯಲು ಬರುತ್ತಿದ್ದಿಲ್ಲ.,2,ರೇಖೆ,line
ಬೆಳೆ,ಬಳ್ಳಿ ವೇಗವಾಗಿ ಬೆಳೆಯುತ್ತಿರುವ ಮತ್ತು 2-3 ವರ್ಷದ ಬೆಳೆ ನೀಡುತ್ತದೆ ಬುಷ್ ಪ್ರಬಲ ಬೆಳೆಯುತ್ತಿರುವ.,1,ದೊಡ್ಡದಾಗು,to grow
ಬೆಳೆ,"ಬಳೆ ಎಂದರೆ ಬೆಳೆ ಎಂದೂ, ಹೌದು ಹೆಣ್ಣೋ ಗಂಡೋ ಹುಟ್ಟಿದ ಮೇಲೆ ಬೆಳೆಯಬೇಕು ತಾನೆ?",1,ದೊಡ್ಡದಾಗು,to grow
ಬೆಳೆ,"ಆದರೆ, ಇದು ಒಂದು ಉತ್ತಮ ಬೆಳೆ ಬೆಳೆಯಲು, ಆದರೆ ಚಳಿಗಾಲದಲ್ಲಿ ತಮ್ಮ ಅದನ್ನು ಸಂರಕ್ಷಿಸುವ ಮುಖ್ಯ.",1,ದೊಡ್ಡದಾಗು,to grow
ಬೆಳೆ,"ಇಳಿಜಾರಿನಲ್ಲಿ ಬೆಳೆಯುವಿಕೆಯನ್ನು ಕೈಗೊಳ್ಳುವುದರಿಂದ, ರಾಗಿಯ ಸಸಿಗಳು ಹತ್ತಿರವಿರುವ ಕಾರಣ,ಮಣ್ಣಿನ ಸವಕಳಿ ಕಡಿಮೆಯಾಗುತ್ತದೆ.",1,ದೊಡ್ಡದಾಗು,to grow
ಬೆಳೆ,"ವಿದ್ಯಾರ್ಥಿಗಳ ಜ್ಞಾನ, ಅರ್ಹತೆ ಬೆಳೆ ಸುವ ಸಲುವಾಗಿ ಈ ಹೆಚ್ಚುವರಿ ಪರೀಕ್ಷೆಗಳನ್ನು ಮಾಡಲಾಗುತ್ತದೆ.",1,ದೊಡ್ಡದಾಗು,to grow
ಬೆಳೆ,ಬರ ಪರಿಸ್ಥಿತಿಗೂ ಎದೆಗುಂದದೆ ಬೆಳೆ ಬೆಳೆಯುತ್ತಿದ್ದಾರೆ.,1,ದೊಡ್ಡದಾಗು,to grow
ಬೆಳೆ,ರೈತರಿಗೆ ಸಕಾಲದಲ್ಲಿ ಬಿತ್ತನೆ ಬೀಜ ಹಾಗೂ ರಸಗೊಬ್ಬರ ಸೇರಿದಂತೆ ಅಗತ್ಯ ಸೌಲಭ್ಯ ಕಲ್ಪಿಸಿದರೆ ಉತ್ತಮ ಬೆಳೆ ಬೆಳೆಯಲು ಅನುಕೂಲವಾಗಲಿದೆ ಎಂದು ಕೃಷಿ ಇಲಾಖೆ ನಿರ್ದೇಶಕ ಬಿ.,1,ದೊಡ್ಡದಾಗು,to grow
ಬೆಳೆ,ನೀರು ಹರಿಸುವ ವೇಳೆಗೆ ಅನುಗುಣವಾಗಿ ಬೆಳೆ ಬೆಳೆಯುವ ಆಲೋಚನೆಯಿದೆ.,1,ದೊಡ್ಡದಾಗು,to grow
ಬೆಳೆ,"ಈ ಪರಿಹಾರ ಕ್ಯಾರೆಟ್ ಹೆಚ್ಚು ಸ್ಥಳವನ್ನು ತೆಗೆದುಕೊಳ್ಳುವುದಿಲ್ಲ ಜೊತೆಗೆ, ಸಂಪೂರ್ಣವಾಗಿ ಪೂರಕವಾಗಿದೆ ನೋಟ ಹೂವಿನ ಹಾಸಿಗೆಗಳು ಮತ್ತು ತುಂಬಾ ಸಾಮಾನ್ಯವಾಗಿ ಒಂದು ಘನ ಹಾಸಿಗೆಯ ರೂಪದಲ್ಲಿ ಬಿತ್ತನೆಯ ಮಾಡಿದಾಗ ಸಾಮಾನ್ಯವಾಗಿ ಸಂಭವಿಸುತ್ತದೆ ಎಂದು ಬೆಳೆಯುತ್ತದೆ ಏಕೆಂದರೆ ಅತ್ಯುತ್ತಮ ಬೆಳೆ ಒದಗಿಸುತ್ತದೆ.",1,ದೊಡ್ಡದಾಗು,to grow
ಬೆಳೆ,ಇದರಿಂದ ಬೆಳೆ ಬೆಳೆಯುವ ಲೆಕ್ಕಾಚಾರದಲ್ಲಿ ರೈತ ಗೊಂದಲಕ್ಕೀಡಾಗಿದ್ದಾನೆ.,1,ದೊಡ್ಡದಾಗು,to grow
ಬೆಳೆ,ಅಲ್ಲದೆಮ ಎಲ್ಲರೂ ಒಂದೇ ರೀತಿಯ ಬೆಳೆ ಬೆಳೆಯುತ್ತಿರುವುದರಿಂದ ಸೂಕ್ತ ಬೆಲೆ ಸಿಗದೆ ನಷ್ಟ ಅನುಭ ವಿಸುತ್ತಿದ್ದಾರೆ ಎಂದರು.,1,ದೊಡ್ಡದಾಗು,to grow
ಬೆಳೆ,"ರೈತರ ಹೆಸರಿನಲ್ಲಿ ರಾಜಕಾರನ ಮಾಡುವ ಮಂಡ್ಯದ ಪುಟ್ಟಣ್ಣಯ್ಯ, ಮೈಸುರಿನ ಕುರುಬರ ಶಾಂತಕುಮಾರ ಹಾಗೂ ಹಾಸನದ ಕೋಡಿಹಳ್ಳಿ ಚಂದ್ರಶೇಖರ ಇವರುಗಳು ಉತ್ತರ ಕರ್ನಾಟಕದ ರೈತರ ಸಮಸ್ಯೆ ಅರಿತೆ ಇಲ್ಲ ಅಧಿವೇಶನದಲ್ಲಿ ತಮ್ಮ ಸ್ವಾರ್ಥ ರಾಜಕಾರಣವನ್ನು ಮಾಡಿಕೊಂಡು ಬೆಳೆ ಬೆಳಿಸಿಕೊಳ್ಳುತ್ತಿದ್ದಾರೆ.",1,ದೊಡ್ಡದಾಗು,to grow
ಬೆಳೆ,ತೊಟ್ಟಿಗಳನ್ನು ನಿಯಮಿತವಾಗಿ ಸ್ವಚ್ಛ ಗೊಳಿಸದೆ ಇರುವುದರಿಂದ ಅದರಲ್ಲಿ ಹುಲ್ಲು ಹಾಗೂ ಗಿಡಗಂಟೆಗಳು ಬೆಳೆ ದಿವೆ.,1,ದೊಡ್ಡದಾಗು,to grow
ಬೆಳೆ,"ಆದರೆ, ವ್ಯಕ್ತಿ ಬೆಳೆ ದಂತೆಲ್ಲಾ ಆತನ ನಿರೀಕ್ಷೆಗಳು ದೊಡ್ಡದಾಗಿ ಬೆಳೆಯುತ್ತವೆ.",1,ದೊಡ್ಡದಾಗು,to grow
ಬೆಳೆ,"ಶಾಂತಿ ಎಂಬ ಬೆಳೆ ಬೆಳೆಯೋಣ, ಮನಸು ಹೇಳುತ್ತದೆ ನನ್ನನ್ನು ಚನ್ನಾಗಿ ಬಳಸು ನಿನ್ನನ್ನು ದೇವರನ್ನಾಗಿಸುತ್ತೇನೆ.",1,ದೊಡ್ಡದಾಗು,to grow
ಬೆಳೆ,ಹಾರಂಗಿ ನದಿ ನೀರನ್ನು ಆಶ್ರಯಿಸಿ ಬೆಳೆ ಬೆಳೆಯುವ ಜಿಲ್ಲೆಯ ಮತ್ತು ಗಡಿಭಾಗದ ರೈತರು ಜಲಾಶಯ ಭರ್ತಿಯಾಗಿದ್ದರಿಂದ ನೀರು ಹರಿಸಬಹುದೆಂದು ಖುಷಿಯಾಗಿದ್ದರು.,1,ದೊಡ್ಡದಾಗು,to grow
ಬೆಳೆ,"ಪ್ರತಿ ಋತುವಿನಲ್ಲಿ, ನೀವು ಬೆಳೆ ಬೆಳೆಯಲು, ಆಹಾರ ಕೊಯ್ಲು, ಬೀಜಗಳು ಉಳಿಸಲು, ಮತ್ತು ಮುಂದಿನ ವರ್ಷದ ಉದ್ಯಾನ ಬೆಳೆಯಲು ಅವುಗಳನ್ನು ಸಂಗ್ರಹಿಸಲು ಮಾಡಬಹುದು.",1,ದೊಡ್ಡದಾಗು,to grow
ಬೆಳೆ,ಜತೆಗೆ ಇಲ್ಲಿನ ಕೃಷಿಕರು ಬರದಿಂದಾಗಿ ಬೆಳೆ ಬೆಳೆಯಲಾಗದೆ ಕೆಲಸ ಹುಡುಕಿಕೊಂಡು ಕೇರಳಕ್ಕೆ ಹೋಗುವ ಪರಿಸ್ಥಿತಿ ನಿರ್ಮಾಣವಾಗಿತ್ತು.,1,ದೊಡ್ಡದಾಗು,to grow
ಬೆಳೆ,ಜೂನ್‌ ಕೊನೆ ವಾರ ಮತ್ತು ಜುಲೈ ಮೊದಲ ವಾರದಲ್ಲಿ ಅಲ್ಲಲ್ಲಿ ಸುರಿದ ಮಳೆಯಿಂದಾಗಿ ಬಿತ್ತನೆ ಮಾಡಿದ ಭೂಮಿಯಲ್ಲಿ ಬೆಳೆ ಬೆಳೆದಿವೆ.,1,ದೊಡ್ಡದಾಗು,to grow
ಬೆಳೆ,"ನಿವೃತ್ತ ಪ್ರಾಧ್ಯಾಪಕಿ ಸುಧಾ ಪ್ರಕಾಶ್ ಮಾತನಾಡಿ, ಬರೀ ಅಂಕಗಳಿಂದ ಬೆಳೆ ಯಲು ಸಾಧ್ಯವಿಲ್ಲ ಎಂಬುದನ್ನು ಶಿಕ್ಷಕರು ವಿದ್ಯಾರ್ಥಿಗಳಿಗೆ ಮನದಟ್ಟು ಮಾಡಬೇಕು.",1,ದೊಡ್ಡದಾಗು,to grow
ಬೆಳೆ,"ನಾನು ಪ್ರಾರ್ಥಿಸುವುದಿಷ್ಟೇ, ದೇವರೇ ಬೇವು ಸ್ವಲ್ಪವೇ ಕೊಡು,ಆ ನಿನ್ನ ಮಡಿಲಲ್ಲಿ ಬೆಳೆ ಬೆಳೆದು ಸಾವಿರಾರು ಜನಗಳಿಗೆ ಅನ್ನ ನೀಡುವ, ನಿನ್ನನ್ನೇ ನಂಬಿದ ಜನರ ಕೈಬಿಡದಿರು.",1,ದೊಡ್ಡದಾಗು,to grow
ಬೆಳೆ,ಐದು ವರ್ಷದ ಹಿಂದೆ ಚಿನ್ನದ ಧಾರಣೆ ಕಂಡು ಎಲ್ಲರಲ್ಲೂ ಸಂಚಲನ ಮೂಡಿಸಿದ್ದ ವೆನಿಲ್ಲಾ ಬೆಳೆ ಬೆಲೆ ಸ್ವಲ್ಪ ಚೇತರಿಕೆ ಕಂಡಿದೆ.,2,"ಬೆಳೆದುದು; ಮರ, ಗಿಡ, ಪೈರು",Agriclute Crop Yield
ಬೆಳೆ,ಮಕ್ಕಳ ಎಡವಟ್ಟಿಗೆ ಲಕ್ಷಾಂತರ ರೂಪಾಯಿಯ ತಂಬಾಕು ಬೆಳೆ ನಾಶ,2,"ಬೆಳೆದುದು; ಮರ, ಗಿಡ, ಪೈರು",Agriclute Crop Yield
ಬೆಳೆ,"ಮಾರುತಿ ಮಾಹಿತಿ ನೀಡಿ, ಪ್ರಸ್ತುತ ಮುಂಗಾರು ಹಂಗಾಮಿನಲ್ಲಿ 45 ಸಾವಿರ ರೈತರು ಬೆಳೆ ವಿಮೆ ಮಾಡಿಸಿದ್ದು, 56.",2,"ಬೆಳೆದುದು; ಮರ, ಗಿಡ, ಪೈರು",Agriclute Crop Yield
ಬೆಳೆ,"ಹಳೇಬೀಡು ಭಾಗದಲ್ಲಿ ಸೂರ್ಯ ಕಾಂತಿ, ಹತ್ತಿ ಪ್ರಮುಖ ವಾಣಿಜ್ಯ ಬೆಳೆ ಗಳಾದರೂ ಈ ವರ್ಷ ಬಿತ್ತನೆ ಪ್ರಮಾಣ ಕಡಿಮೆಯಾಗಿದೆ.",2,"ಬೆಳೆದುದು; ಮರ, ಗಿಡ, ಪೈರು",Agriclute Crop Yield
ಬೆಳೆ,ಜಮೀನುಗಳಿಗೆ ನುಗ್ಗುತ್ತಿರುವ ಭೀಮಾನದಿ ಪ್ರವಾಹದ ನೀರು ಅಪಾರ ಪ್ರಮಾಣದ ಬೆಳೆ ನಾಶವಾಗಿದೆ.,2,"ಬೆಳೆದುದು; ಮರ, ಗಿಡ, ಪೈರು",Agriclute Crop Yield
ಬೆಳೆ,ಒಂದಿಷ್ಟು ಬಡತವನ್ನು ಮೆಟ್ಟಿನಿಲ್ಲಿಸುವಂತಹ ಬೆಳೆ ಹತ್ತಿ­.,2,"ಬೆಳೆದುದು; ಮರ, ಗಿಡ, ಪೈರು",Agriclute Crop Yield
ಬೆಳೆ,ಆಲಮೇಲ: ಎಲ್ಲರೂ ಬೆನ್ನತ್ತುವ ಬೆಳೆಗೆ ಜೋತು ಬೀಳದೆ ಹೊಸ ಬೆಳೆ ಬೆಳೆಯಬೇಕು ಎಂಬ ಆಲೋಚನೆ ಮೂಡಿತು.,2,"ಬೆಳೆದುದು; ಮರ, ಗಿಡ, ಪೈರು",Agriclute Crop Yield
ಬೆಳೆ,ಬೆಳೆ ನಷ್ಟದ ಕುರಿತು ಸಮೀಕ್ಷೆಯಲ್ಲಷ್ಟೇ ನಿಖರವಾದ ಅಂಕಿ ಅಂಶಗಳು ಸಿಗಲಿದೆ ಎಂದರು.,2,"ಬೆಳೆದುದು; ಮರ, ಗಿಡ, ಪೈರು",Agriclute Crop Yield
ಬೆಳೆ,"ಕೃಷಿ ಇಲಾಖೆ ಜಂಟಿ ನಿರ್ದೆÃಶಕರು ೨೦೧೫-೧೬ನೇ ಸಾಲಿನ ಬೆಳೆ ವಿಮೆ ಕುರಿತಂತೆ ಮಾಹಿತಿ ನೀಡಿ, ೮೩೭೬೬ ಫಲಾನುಭವಿಗಳಿಗೆ ೧೨೩ ಕೋಟಿ ರೂ.",2,"ಬೆಳೆದುದು; ಮರ, ಗಿಡ, ಪೈರು",Agriclute Crop Yield
ಬೆಳೆ,ಬೆಳೆ ಉತ್ತಮವಾಗಿ ಬೆಳೆಯಲು ಕನಿಷ್ಠ ಆರು ತಾಸುಗಳವರೆಗೆ ಭೂಮಿಯು ಮರದ ನೆರಳಿನಲ್ಲಿರಬೇಕು.,2,"ಬೆಳೆದುದು; ಮರ, ಗಿಡ, ಪೈರು",Agriclute Crop Yield
ಬೆಳೆ,"ಓದಿದ್ದು ಸೈಕಾಲಜಿ, ಕಂಪ್ಯೂಟರ್ ಸೈನ್ಸ್- ಆದ್ರೂ, ಬರಡು ಭೂಮಿಯಲ್ಲಿ ಬೆಳೆದ್ರು ಬಂಗಾರದ ಬೆಳೆ",2,"ಬೆಳೆದುದು; ಮರ, ಗಿಡ, ಪೈರು",Agriclute Crop Yield
ಬೆಳೆ,ಭತ್ತದ ಇಳುವರಿ ಕಡಿಮೆಯಾಗಿ ದ್ದರಿಂದ ಗದ್ದೆಗಳನ್ನು ಶುಂಠಿ ಬೆಳೆ ಆವರಿಸಿದೆ.,2,"ಬೆಳೆದುದು; ಮರ, ಗಿಡ, ಪೈರು",Agriclute Crop Yield
ಬೆಳೆ,"ತುಮಕೂರು ಜಿಲ್ಲೆಯಲ್ಲಿ ನೀರಿನ ಅಭಾವವಿದೆ, ರೈತರು ಬೆಳೆ ಇಲ್ಲದೆ ಸಂಕಷ್ಟದಲ್ಲಿದ್ದಾರೆ, ಎಲ್ಲಾ ಸಮಸ್ಯೆಗಳು ನನ್ನ ಅರಿವಿಗೆ ಬಂದಿವೆ.",2,"ಬೆಳೆದುದು; ಮರ, ಗಿಡ, ಪೈರು",Agriclute Crop Yield
ಬೆಳೆ,ಪ್ರತಿ ಬೆಳೆ ಮುಗಿದಾಗ ಸಾಕಾಣಿಕಾ ಮನೆಯನ್ನು ಬ್ಲೀಚಿಂಗ್ ಮತ್ತು ಡೆಟಾಲ್‌ ಹಾಕಿ ನಾಲ್ಕು ಸಲ ತೊಳೆಯುತ್ತಾರೆ.,2,"ಬೆಳೆದುದು; ಮರ, ಗಿಡ, ಪೈರು",Agriclute Crop Yield
ಬೆಳೆ,ಬೆಳೆ ಹಾನಿ ಸಮೀಕ್ಷೆಗೆ ಬಂತು ಡ್ರೋನ್ ಸರ್ವೆ.,2,"ಬೆಳೆದುದು; ಮರ, ಗಿಡ, ಪೈರು",Agriclute Crop Yield
ಬೆಳೆ,"ಇದನ್ನು ಗಮನಿಸಿದರೆ ಅವರು ಈ ಬಿಳಿ ಜೋಳ, ಗೋದಿ ಇತ್ಯಾದಿ ಹಿಂಗಾರಿ ಬೆಳೆ ಬೆಳೆಯುವ ನೆಲದಲ್ಲಿ ಇದ್ದರು.",2,"ಬೆಳೆದುದು; ಮರ, ಗಿಡ, ಪೈರು",Agriclute Crop Yield
ಬೆಳೆ,ಬೆಳೆ ಸಹಿತ ಮಣ್ಣನ್ನೂ ಕಿತ್ತುಕೊಂಡು ಹೋಗಿರುವ ಈ ಹಳ್ಳದ ನೀರು ಸದ್ಯ ಸಂಪೂರ್ಣ ಇಳಿಮುಖವಾಗಿದೆ.,2,"ಬೆಳೆದುದು; ಮರ, ಗಿಡ, ಪೈರು",Agriclute Crop Yield
ಬೆಳೆ,ಬಿತ್ತನೆ ಮಾಡಿದ ಬೆಳೆ ಹೊಲದಲ್ಲೇ ಕಮರಿ ಹೋಗುತ್ತಿದೆ.,2,"ಬೆಳೆದುದು; ಮರ, ಗಿಡ, ಪೈರು",Agriclute Crop Yield
ಬೆಳೆ,ರಾಗಿ ಬೆಳೆ ನಷ್ಟದ ಸರ್ವೆಗೆ ಸೂಚನೆ,2,"ಬೆಳೆದುದು; ಮರ, ಗಿಡ, ಪೈರು",Agriclute Crop Yield
ಬೆಳೆ,ತಮಿಳುನಾಡಿನಲ್ಲಿ ವರ್ಷಕ್ಕೆ ಮೂರು ಬೆಳೆ ಬೆಳೆಯಲಾಗುತ್ತಿದೆ.,2,"ಬೆಳೆದುದು; ಮರ, ಗಿಡ, ಪೈರು",Agriclute Crop Yield
ಬೆಳೆ,"ಆದರೆ ರಕ್ತ, ಬೆವರು ಸುರಿಸಿ, ಗಿಡ ಗೆಂಟೆ ಕಡಿದು, ಕಲ್ಲುಮಣ್ಣು ಸುರಿದು ಭೂಮಿಯನ್ನು ಹಸನುಗೊಳಿಸಿ, ಬೀಜ ಬಿತ್ತಿ, ಬೆಳೆ ಬೆಳೆದು ಅನ್ನ ನೀಡುವ ರೈತನಿಗೆ .",2,"ಬೆಳೆದುದು; ಮರ, ಗಿಡ, ಪೈರು",Agriclute Crop Yield
ಬೆಳೆ,ತೊಗರಿ ಬೆಳೆ ಖರೀದಿ ಕೇಂದ್ರ ಆರಂಭ ಮಾಡುವಂತೆ ಒತ್ತಾಯಿಸಿ ರೈತ ಪರ ಸಂಘಟನೆಗಳಿಗೆ ಇಂದು ಬೀದರ್ ಬಂದ್ ಗೆ ಕರೆನೀಡಿವೆ.,2,"ಬೆಳೆದುದು; ಮರ, ಗಿಡ, ಪೈರು",Agriclute Crop Yield
ಬೆಳೆ,ಬೆಳೆ ವೈಫಲ್ಯ ಮತ್ತು ಸಾಲದ ಬಾಧೆಯಿಂದ ಆತ್ಮಹತ್ಯೆ ಮಾಡಿಕೊಂಡಿದ್ದ ರೈತ ಶೇಕ್ ಫರೀದ್ ಮನೆಯಲ್ಲಿ ಇಂದಿಗೂ ನಿರವಮೌನ ಆವರಿಸಿದೆ.,2,"ಬೆಳೆದುದು; ಮರ, ಗಿಡ, ಪೈರು",Agriclute Crop Yield
ಬೆಳೆ,ಅನ್ನದಾತರಿಗೆ ಪುಡಿಗಾಸು ಪರಿಹಾರ- ನದಿಯಲ್ಲಿ ನೀರಿಲ್ಲದಿದ್ರೂ ಸಮೃದ್ಧ ಬೆಳೆ ಎಂದು ಸರ್ಕಾರಕ್ಕೆ ವರದಿ,2,"ಬೆಳೆದುದು; ಮರ, ಗಿಡ, ಪೈರು",Agriclute Crop Yield
ಬೆಳೆ,"ಅಷ್ಟೇ ಅಲ್ಲದೆ, ಮಣ್ಣಿನ ತೇವಾಂಶ ಗಣನೀಯ ಇಳಿದಿರುವುದರಿಂದ ಕೀಟ ಮತ್ತು ರೋಗಗಳ ಗಂಭೀರ ದಾಳಿಗೆ ತೆಂಗು ಬೆಳೆ ಒಳಗಾಗಿದೆ.",2,"ಬೆಳೆದುದು; ಮರ, ಗಿಡ, ಪೈರು",Agriclute Crop Yield
ಬೆಳೆ,"ಸಾಧ್ಯವಾದರೆ, ಕಾಟೇಜ್ ಅಥವಾ ತೋಟದ ಕಥಾವಸ್ತುವಿನ ಒಟ್ಟಿಗೆ ಬೆಳೆ ಸಂಗ್ರಹಿಸಲು.",2,"ಬೆಳೆದುದು; ಮರ, ಗಿಡ, ಪೈರು",Agriclute Crop Yield
ಬೆಳೆ,ನಾಲ್ಕು ದಿನಗಳಿಂದ ಹೊಲಮನಿ ಕೆಲಸ ಬಿಟ್ಟು ಬೆಳೆ ವಿಮೆ ತುಂಬಲು ಬುತ್ತಿ ಸಮೇತ ಬಂದಿದ್ದೇನೆ.,2,"ಬೆಳೆದುದು; ಮರ, ಗಿಡ, ಪೈರು",Agriclute Crop Yield
ಬೆಳೆ,ಬೆಳೆ ನಷ್ಟ ತುಂಬಿಕೊಡಲು,2,"ಬೆಳೆದುದು; ಮರ, ಗಿಡ, ಪೈರು",Agriclute Crop Yield
ಬೆಳೆ,ಹೀಗಾಗಿ ಆಹಾರ ಧಾನ್ಯ ಮತ್ತು ವಾಣಿಜ್ಯ ಬೆಳೆ ಎರಡರಲ್ಲೂ ಬಿತ್ತನೆಗೆ ಹಿನ್ನಡೆಯಾಗಿದೆ.,2,"ಬೆಳೆದುದು; ಮರ, ಗಿಡ, ಪೈರು",Agriclute Crop Yield
ಬೆಳೆ,ಆನೆ ದಾಳಿ: ರಾಗಿ ಬೆಳೆ ನಾಶ,2,"ಬೆಳೆದುದು; ಮರ, ಗಿಡ, ಪೈರು",Agriclute Crop Yield
ಬೆಳೆ,ಒಟ್ನಲ್ಲಿ ಪ್ರವಾಹದಿಂದ ನೊಂದು ಬೆಂದ ಹೋಗಿದ್ದ ರೈತರಿಗೆ ಹಿಂಗಾರು ಬೆಳೆ ಕೈಹಿಡಿದಿದೆ.,2,"ಬೆಳೆದುದು; ಮರ, ಗಿಡ, ಪೈರು",Agriclute Crop Yield
ಬೆಳೆ,ಮೆಣಸಿನಕಾಯಿ ಬೆಳೆ ದರ ನೆಲಕ್ಕಚ್ಚಿದೆ.,2,"ಬೆಳೆದುದು; ಮರ, ಗಿಡ, ಪೈರು",Agriclute Crop Yield
ಬೆಳೆ,ಕಳೆದ ವರ್ಷದ ಅತಿವೃಷ್ಟಿಯಿಂದ ಬಹುತೇಕ ರೈತರು ಬೆಳೆ ಕಳೆದುಕೊಂಡಿದ್ದರು.,2,"ಬೆಳೆದುದು; ಮರ, ಗಿಡ, ಪೈರು",Agriclute Crop Yield
ಬೆಳೆ,ವಿಶೇಷ ಪ್ಯಾಕೇಜ್: ಅತಿವೃಷ್ಟಿಯಿಂದ ರಾಜ್ಯದಲ್ಲಿ ಬೆಳೆ ನಷ್ಟವಾಗಿದೆ.,2,"ಬೆಳೆದುದು; ಮರ, ಗಿಡ, ಪೈರು",Agriclute Crop Yield
ಬೆಳೆ,ರಾಜ್ಯದಲ್ಲಿ ಕುಡಿಯಲು ನೀರಿಲ್ಲದ ಸಂಕಷ್ಟದ ಸ್ಥಿತಿಯಲ್ಲಿ ಬೆಳೆ ಬೆಳೆಯಲು ನೀರು ಹರಿಸಲು ಹೇಗೆ ಸಾಧ್ಯ?,2,"ಬೆಳೆದುದು; ಮರ, ಗಿಡ, ಪೈರು",Agriclute Crop Yield
ಬೆಳೆ,ಆದರೆ ಬೆಳೆ ಇಲ್ಲದೆ ಮನನೊಂದು ಈಕೆ ನೇಣು ಬಿಗಿದುಕೊಂಡು ಆತ್ಮಹತ್ಯೆಗೆ ಶರಣಾಗಿದ್ದಾರೆ.,2,"ಬೆಳೆದುದು; ಮರ, ಗಿಡ, ಪೈರು",Agriclute Crop Yield
ಬೆಳೆ,ಅಲ್ಲದೆ ಕೃಷಿ ಇಲಾಖೆಯ ಅಧಿಕಾರಿಗಳು ಬೆಳೆ ಹಾನಿ ಪ್ರಮಾಣವನ್ನು ಲೆಕ್ಕ ಹಾಕುತ್ತಿದ್ದಾರೆ.,2,"ಬೆಳೆದುದು; ಮರ, ಗಿಡ, ಪೈರು",Agriclute Crop Yield
ಬೆಳೆ,"ಬೆಣ್ಣೆಹಳ್ಳ, ತುಪ್ಪರಿಹಳ್ಳ, ಯರೇಹಳ್ಳದ ಪ್ರವಾಹದಿಂದಾಗಿ ಹುಬ್ಬಳ್ಳಿ, ನವಲಗುಂದ, ಕುಂದಗೋಳ ಮೊದಲಾದ ಕಡೆ ಸಾವಿರಾರು ಕೃಷಿ ಭೂಮಿಗೆ ನೀರು ನುಗ್ಗಿ ಬೆಳೆ ನಾಶವಾಗಿದೆ.",2,"ಬೆಳೆದುದು; ಮರ, ಗಿಡ, ಪೈರು",Agriclute Crop Yield
ಬೆಳೆ,ಮಾರುಕಟ್ಟೆಯಲ್ಲಿ ಉತ್ತಮ ಬೆಲೆ ಸಿಗದೇ ರೈತರು ಪರ್ಯಾಯ ಬೆಳೆ ಕಡೆಗೆ ಮುಖ ಮಾಡಿದ್ದಾರೆ.,2,"ಬೆಳೆದುದು; ಮರ, ಗಿಡ, ಪೈರು",Agriclute Crop Yield
ಬೆಳೆ,"39,368 ಹೆಕ್ಟೇರ್ ಪ್ರದೇಶದಲ್ಲಿ ತೋಟಗಾರಿಕಾ ಬೆಳೆ",2,"ಬೆಳೆದುದು; ಮರ, ಗಿಡ, ಪೈರು",Agriclute Crop Yield
ಭೂತ,ಕೆಲ ಸ್ಥಳಗಳು ಭೂತ ಪಿಶಾಚಗ್ರಸ್ಥವಾದವುಗಳು ಎಂದು ಕುಖ್ಯಾತಿ ಪಡೆದಿದ್ದರೆ ಇನ್ನೂ ಹಲವು ದೈವಿಕ ಅಚ್ಚರಿಗಳನ್ನು ಒಳಗೊಂಡಿರುವುದನ್ನು ಕಾಣಬಹುದು.,1,"ದೆವ್ವ, ಪಿಶಾಚಿ",Devil
ಭೂತ,ಗಂಗೂಲಿಗೆ ಕಾಡಿದ್ದ ಭೂತ ವಿರಾಟ್ ಕೊಹ್ಲಿಗೂ ಕಾಡಿತಾ?,1,"ದೆವ್ವ, ಪಿಶಾಚಿ",Devil
ಭೂತ,ಅದರ ದರ ಕಂಡು ಕೆಲವರು ಭೂತ ಹಿಡಿದಂತೆ ನಡುಗುತ್ತಾರೆ.,1,"ದೆವ್ವ, ಪಿಶಾಚಿ",Devil
ಭೂತ,ಹಾಗಂತ ಅಲ್ಲಿ ಭೂತ ಇದಿಯೋ ಇಲ್ವೋ ಅಂತ ಇನ್ವೆಸ್ಟಿಗೇಶನ್‌ ಮಾಡೋವಷ್ಟು ಧೈರ್ಯಾನೂ ಇಲ್ಲ.,1,"ದೆವ್ವ, ಪಿಶಾಚಿ",Devil
ಭೂತ,ಅಥವಾ ದಕ್ಷಿಣ ಕನ್ನಡದ ಭೂತ ಕೋಲಕ್ಕೆ ಇರುವ ಸಾಮಾಜಿಕ ಆಯಾಮವನ್ನು ಬೆಂಗಳೂರಿನಿಂದ ಬಂದಿದ್ದ ಉತ್ಸಾಹಿಗಳ ಗುಂಪು ಅರ್ಥ ಮಾಡಿಕೊಳ್ಳಲಿಲ್ಲವೇನೋ?,1,"ದೆವ್ವ, ಪಿಶಾಚಿ",Devil
ಭೂತ,ಅಲ್ಲಿನ 10 ಹುಡುಗರು ಭೂತ ಹುಡುಕಲು ಸ್ಮಶಾನಕ್ಕೆ ಬಂದಿದ್ದಾರೆ.,1,"ದೆವ್ವ, ಪಿಶಾಚಿ",Devil
ಭೂತ,"ಹೇಗಾದರೂ, ಒಂದು ಪುಟ್ಟ ತುಂಟ ಭೂತ ಹಿಡಿಯುವಿಕೆಯು ತೋರುತ್ತದೆ ಎಂದು ಸುಮಾರು ಸುಲಭ ಅಲ್ಲ.",1,"ದೆವ್ವ, ಪಿಶಾಚಿ",Devil
ಭೂತ,ಇಷ್ಟೇ ಅಲ್ಲ ಭೂತ ಬಿಡಿಸುವ ಪ್ರಯತ್ನ ಕೂಡ ನಡೆಯುತ್ತದೆ.,1,"ದೆವ್ವ, ಪಿಶಾಚಿ",Devil
ಭೂತ,ಮಹಾವೀರ ಹನುಮನ ನಾಮ ಕೇಳದರೆ ಭೂತ ಪ್ರೇತಗಳು ಹತ್ತಿರ ಸುಳಿಯುವುದಿಲ್ಲ ನೀವು ಇಲ್ಲಿ ಬಂದು ಕೇಳಿಕೊಂಡಿರುವುದು ನೆರವೇರಿದಲ್ಲಿ ಪುನಃ ಬಂದು ದೇವಸ್ಥಾನಕ್ಕೆ ಭೇಟಿಕೊಡಬೇಕು ಎಂಬುದು ಕಡ್ಡಾಯವಾಗಿದೆ.,1,"ದೆವ್ವ, ಪಿಶಾಚಿ",Devil
ಭೂತ,ಭೂತ ಪ್ರೇತ ಪಿಶಾಚ ಗಣಕು ಅರಿವಿಲ್ಲ,1,"ದೆವ್ವ, ಪಿಶಾಚಿ",Devil
ಭೂತ,"ಭೂತ ಇದೆ ಎಂದು ನಂಬುವ ಜನರು, ಭೂತ ಮೈಮೇಲೆ ಬರುತ್ತೆ ಎಂಬುದನ್ನು ನಂಬುತ್ತಾರೆ.",1,"ದೆವ್ವ, ಪಿಶಾಚಿ",Devil
ಭೂತ,": ಮಾಟ, ಮಂತ್ರ , ದೆವ್ವ, ಭೂತ ಎಂದೆಲ್ಲಾ ಢೋಂಗಿ ಬಿಡುತ್ತಾ ಮುಸ್ಲಿಂ ಧರ್ಮಗುರುವಿನ ವೇಷ ಧರಿಸಿ ಜನರನ್ನು ವಂಚಿಸುತ್ತಿದ್ದ ಬಂಟ್ವಾಳದ ಬಾಬಾ ಅಬೂಬಕರ್ ಮಸ್ತಾನ್ ಪೊಲೀಸರಿಗೆ ಶರಣಾಗಿದ್ದಾನೆ.",1,"ದೆವ್ವ, ಪಿಶಾಚಿ",Devil
ಭೂತ,"ಒಂದೂವರೆ ದಶಕಗಳ ಹಿಂದೆ ಅತ್ಯಂತ ಸುಸಜ್ಜಿತ ಕಟ್ಟಡಗಳು, ಕುಕ್ಕುಟೋದ್ಯಮಕ್ಕೆ ಅಗತ್ಯವಿರುವ ಪರಿಕರಗಳು ಜತೆಗೆ ಪ್ರಾತ್ಯಕ್ಷಿಕೆ ಕೇಂದ್ರದ ರೀತಿಯಲ್ಲಿ ಸದಾ ಜನ ಜಂಗುಳಿಯಿಂದ ಕೂಡಿರುತ್ತಿದ್ದ ಈ ಆವರಣ ಇಂದು ಭೂತ ಬಂಗಲೆಯಂತೆ ಭಾಸವಾಗಿದೆ.",1,"ದೆವ್ವ, ಪಿಶಾಚಿ",Devil
ಭೂತ,"ಭಯ ಪಡಬೇಡಿ, ಅದು ದೆವ್ವ ಭೂತ ಅಲ್ಲ.",1,"ದೆವ್ವ, ಪಿಶಾಚಿ",Devil
ಭೂತ,ಬೆನ್ನು ಬಿಡದ ಬೇತಾಳ-ಪೋಂಜಿ ಭೂತ,1,"ದೆವ್ವ, ಪಿಶಾಚಿ",Devil
ಭೂತ,"ಮನೆಗೆ ಬಂದು ಮತ್ತೆ ಊಟ ಮಾಡಿದೆ, ನನ್ನ ಹೊಟ್ಟೇಲಿ ಭೂತ ಸೇರಿಕೊಂಡಿದೆ ಅನ್ನಿಸ್ತಾ ಇದೆ.",1,"ದೆವ್ವ, ಪಿಶಾಚಿ",Devil
ಭೂತ,ಭೂತ ಬಂಗಲೆಯಂತೆ ಗೋಚರಿಸುವ ಈ ದೂರವಾಣಿ ಕೇಂದ್ರದಲ್ಲಿ ಸ್ಮಶಾನ ಮೌನ ಆವರಿಸಿದೆ.,1,"ದೆವ್ವ, ಪಿಶಾಚಿ",Devil
ಭೂತ,ಇಲ್ಲಿಗೂ ಬಿಟ್ಟಿಲ್ಲ ಪ್ಲಾಸ್ಟಿಕ್‌ ಭೂತ,1,"ದೆವ್ವ, ಪಿಶಾಚಿ",Devil
ಭೂತ,"ಮಿಥ್ಯಾಪವಾದದಿಂದ ಕಲಂಕಿತವಾದ ಕೀರ್ತಿಯಂತೆ, ಒಂದು ಕಡೆ ಇಷ್ಟವಾದವರು ಜೊತೆಯಿಲ್ಲದ ದುಃಖ, ಇನ್ನೊಂದು ಕಡೆ ಅನಿಷ್ಟವಾದ ಭೂತ ಪಕ್ಕದಲ್ಲಿರುವ ಕಷ್ಟ.",1,"ದೆವ್ವ, ಪಿಶಾಚಿ",Devil
ಭೂತ,ಭೂತ ಮತ್ತು ಕೋಲ ನಡೆಯುವ ಸ್ಥಳಕ್ಕೆ ಅನುಗುಣವಾಗಿ ಈ ವಿಧಿ-ವಿಧಾನಗಳು ಬೇರೆಯಾಗಬಹುದು.,1,"ದೆವ್ವ, ಪಿಶಾಚಿ",Devil
ಭೂತ,ಸ್ಥಳೀಯ ಹಿರಿಯರು ಹೇಳುವಂತೆ ಕಾಜು ಕುಜುಂಬ ಭೂತ ಸ್ಥಳದಲ್ಲಿ ನಿಧಿ ಎಳೆದು ತಂದು ಹಾಕಿದೆ.,1,"ದೆವ್ವ, ಪಿಶಾಚಿ",Devil
ಭೂತ,ಆದರೆ ಸದ್ಯ ಅಧಿಕಾರಿಗಳ ನಿರ್ಲಕ್ಷ್ಯದಿಂದ ಪಾಳು ಬಿದ್ದಿರುವ ಭೂತ ಬಂಗಲೆಯಂತಾಗಿದೆ.,1,"ದೆವ್ವ, ಪಿಶಾಚಿ",Devil
ಭೂತ,"ಭೂತ ಎಂದಾಕ್ಷಣ ದೆವ್ವ, ಪ್ರೇತ, ಪಿಶಾಚಿ, ಇತ್ಯಾದಿಗಳ ಕಲ್ಪನೆಯ ರೂಪ ಕಣ್ಣು ಮುಂದೆ ಬರುತ್ತದೆ.",1,"ದೆವ್ವ, ಪಿಶಾಚಿ",Devil
ಭೂತ,"ನಿನ್ನೆ ಅನೇಕರು ಮೈಮೇಲೆ ಭೂತ ಬಂದಂತೆ ಆಡಿದ್ರು, ಇದಕ್ಕೆ ಕಾರಣ ನಾಳೆಯಿಂದ ಎಟಿಎಂ ಬಂದ್ ಆಗುತ್ತೆ ಎಂದೂ ದೂರಿದ್ದಾರೆ.",1,"ದೆವ್ವ, ಪಿಶಾಚಿ",Devil
ಭೂತ,ಉಕ್ರೇನ್ನಿನ ಕೀವ್ ನಲ್ಲಿ ಯುವಕರು ಮೈ ಮೇಲೆ ಭೂತ ಬಂದಂತೆ ಹಿಟ್ಟು ಸುರಿದುಕೊಂಡಿದ್ದಾರೆ.,1,"ದೆವ್ವ, ಪಿಶಾಚಿ",Devil
ಭೂತ,"ಭೂತಾವೇಶಗೊಂಡಾಗ ಉತ್ಸವದ ಕೇಂದ್ರಬಿಂದುಗಳಾಗಿ, ಪೂರ್ತಿ ಸನ್ನಿವೇಶವನ್ನು ಆಳುವ ಇವರು ಭೂತ ವೇಷ ಕಳಚಿದೊಡನೆ ಸವರ್ಣೀಯರ ಮನೆಯ ಹೊಸ್ತಿಲು ದಾಟಿ ಜಗಲಿ ಏರುವ ಸ್ವಾತಂತ್ರ್ಯವನ್ನು ಕೂಡಾ ಕಳೆದುಕೊಳ್ಳುತ್ತಾರೆ.",1,"ದೆವ್ವ, ಪಿಶಾಚಿ",Devil
ಭೂತ,"ದೇವರು ದೈವ ಭೂತ ಅನ್ನುವುದು ಇದ್ದರೆ ಅವು ನಮಗಿಂತ ಹೆಚ್ಚಿನ ವರ್ಚಸ್ಸು, ನಮಗಿಂತ ಹೆಚ್ಚಿನ ಬುದ್ಧಿಯುಳ್ಳ ಶಕ್ತಿಗಳು.",1,"ದೆವ್ವ, ಪಿಶಾಚಿ",Devil
ಭೂತ,ನುಡಿಕೊಡುತ್ತಿದ್ದ ಭೂತ ಒಂದು ಕ್ಷಣ ತಬ್ಬಿಬ್ಬಾಗಿ ಚಡಪಡಿಸಿತು.,1,"ದೆವ್ವ, ಪಿಶಾಚಿ",Devil
ಭೂತ,ನೀಡಿರೆ ನೀವೀ ಭೂತ ಪ್ರೇತಂಗಳ,1,"ದೆವ್ವ, ಪಿಶಾಚಿ",Devil
ಭೂತ,ಭೂತಯ್ಯ ಎಂಬ ಸಾಕ್ಷಾತ್ ಪ್ರತ್ಯಕ್ಷ ಭೂತ ಪದಕ್ಕಿಂತಲೂ ಭಯಂಕರವಾದ ಅಪ್ಪನ ಏಕೈಕ ಮಗ ಮಂಜ.,1,"ದೆವ್ವ, ಪಿಶಾಚಿ",Devil
ಭೂತ,ಭೂತ ಅಥವಾ ದೈವವು ಕುಟು೦ಬ ಸದಸ್ಯರಿ೦ದ ಆರಾಧನೆಗೊ೦ಡಾಗ ಕುಟು೦ಬ ದೈವ ಎನಿಸಿಕೊಳ್ಳುತ್ತದೆ.,1,"ದೆವ್ವ, ಪಿಶಾಚಿ",Devil
ಭೂತ,ಅಸಲಿಗೆ ಕಾಣಿಸಿಕೊಳ್ಳುವ ಭೂತ ಯಾರದು ಎಂಬುದನ್ನು ಸಿನಿಮಾ ನೋಡಿದ ಮೇಲೆ ತಿಳಿಯುತ್ತದೆ.,1,"ದೆವ್ವ, ಪಿಶಾಚಿ",Devil
ಭೂತ,"ರಂಗಮಂದಿರಗಳ ಹೆಸರಿನಲ್ಲಿ ಜಿಲ್ಲೆಗೊಂದರಂತೆ ನಿರ್ಮಿಸಿರುವ ಬೃಹತ್ ಕಟ್ಟಡಗಳು ವಾಸ್ತವವಾಗಿ ರಂಗಮಂದಿರಗಳೇ ಅಲ್ಲ, ಅವು ಭೂತ ಬಂಗಲೆಗಳು!",1,"ದೆವ್ವ, ಪಿಶಾಚಿ",Devil
ಭೂತ,ಸರಕಾರಿ ಸ್ವಾಮ್ಯದ ಸಂಸ್ಥೆಗಳ ಖಾಸಗೀಕರಣದ ಭೂತ ಕಾಡುತ್ತಿರುವ ನಡುವೆಯೇ ವಿಶ್ವ ವಿಖ್ಯಾತ ಕೆಆರ್‌ಎಸ್‌ ಬೃಂದಾವನದ ಪ್ರವೇಶ ಶುಲ್ಕ ಸಂಗ್ರಹವನ್ನು ಸರಕಾರ ಖಾಸಗಿ ಯವರಿಗೆ ವಹಿಸಿದೆ.,1,"ದೆವ್ವ, ಪಿಶಾಚಿ",Devil
ಭೂತ,"ಭೂತ , ಪ್ರೇತಾತ್ಮಗಳು ಕೂಡ ಇವರನ್ನು ಹುಡುಕಿಕೊಂಡು ಬರುತ್ತವೆ ಮತ್ತು ಮಕರ ರಾಶಿಯವರಿಗೆ ಸಹಾಯ ಮಾಡುತ್ತವೆ .",1,"ದೆವ್ವ, ಪಿಶಾಚಿ",Devil
ಭೂತ,ಭೂತ ಕಟ್ಟಿದವನು ಈ ದೊಣ್ಣೆಯನ್ನು ಹಿಡಿದುಕೊಂಡು ಕೂಡಲೇ ಭೂತ ಅವನ ಮೈಮೇಲೆ ಬರುತ್ತದೆ.,1,"ದೆವ್ವ, ಪಿಶಾಚಿ",Devil
ಭೂತ,» ಐಪಿಎಲ್ ಫಿಕ್ಸಿಂಗ್ ಭೂತ ಎಬ್ಬಿಸಿದ ಲಲಿತ್ ಮೋದಿ,1,"ದೆವ್ವ, ಪಿಶಾಚಿ",Devil
ಭೂತ,"ಇಂತಹ ರಾತ್ರಿಗಳು ಮತ್ತೆ ಮತ್ತೆ ಬರಲಿ ದೇವರೆ, ಬಿಳಿ ಬಣ್ಣವೆಂಬ ಭೂತ ಓಡಿ ಹೋಗಲಿ ಎಂದುಕೊಂಡು ಮಲಗಿದವನಿಗೆ ನಿದ್ದೆ ಯಾವಾಗ ಹತ್ತಿತೋ ತಿಳಿಯಲಿಲ್ಲ.",1,"ದೆವ್ವ, ಪಿಶಾಚಿ",Devil
ಭೂತ,"ಕೆಂಚಣ್ಣ ಕರಿಯಣ್ಣ ಭೂತ ವೇಷಾಧಾರಿಗಳು ನರಸಿಂಹಸ್ವಾಮಿ ದೇವಾಲಯದಿಂದ ಆರಂಭಗೊಂಡು ಭಕ್ತಾದಿಗಳಿಂದ ಪೂಜೆ ಸ್ವೀಕರಿಸಿ, ಧೂಪ ಹಾಕಿಸಿಕೊಂಡು ಗ್ರಾಮದ ಆನಂದ್ ಅವರ ಮಂತ್ರ ಪಠಣದಿಂದ ಕೆರಳಿ ಗ್ರಾಮದ ಪ್ರಮುಖ ಬೀದಿಗಳಲ್ಲಿ ಸಂಚರಿಸಿದರು.",1,"ದೆವ್ವ, ಪಿಶಾಚಿ",Devil
ಭೂತ,"ಈ ಕಟ್ಟಡವು ಸ್ವಲ್ಪ ಕೆಟ್ಟದಾಗಿ ನೋಟ ನೀಡಿತು, ಮತ್ತು ಡಾರ್ಕ್ muzzles ಕೆಲವು hewn ಕಲ್ಲುಗಳ ಹೆದರಿಕೆಯೆ ಭೂತ ಜೀವಿಗಳು ಕಾಣುತ್ತದೆ.",1,"ದೆವ್ವ, ಪಿಶಾಚಿ",Devil
ಭೂತ,ದೆಹಲಿ: ರಾಷ್ಟ್ರ ರಾಜಧಾನಿಗೆ ಮತ್ತೆ ಮಾಲಿನ್ಯ ಅನ್ನೋ ಭೂತ ವಕ್ಕರಿಸಿದೆ.,1,"ದೆವ್ವ, ಪಿಶಾಚಿ",Devil
ಭೂತ,ಈ ಬೃಹತ್ ಬಂಗಲೆಯಲ್ಲಿ 76 ವರ್ಷದ ಟೇಮರ್ ಮತ್ತು 33 ವರ್ಷದ ಪತ್ನಿ ಮಾರ್ಸೆಲಾ ಅವರಿಗೆ ಭೂತ ಚೇಷ್ಟೆಯ ಅನುಭವವಾಗಿದೆಯಂತೆ.,1,"ದೆವ್ವ, ಪಿಶಾಚಿ",Devil
ಭೂತ,"ಸಾಧನೆಯ ಭೂತ ಹತ್ತಿದಂತೆ ವೃತ್ತಿಜೀವನದ ಮಜಲುಗಳನ್ನು ಅತಿ ವೇಗವಾಗಿ ಏರಿ, ಮಾಡುತ್ತಿದ್ದ ನೌಕರಿ ಸಾಕೆನಿಸಿ ತನ್ನದೇ ಹೊಸ ವ್ಯವಹಾರವನ್ನು ಮಾಡಲು ಹೊಸ ಸಂಸ್ಥೆ ಶುರು ಮಾಡಿದ್ದಾಯಿತು.",1,"ದೆವ್ವ, ಪಿಶಾಚಿ",Devil
ಭೂತ,ಬ್ಲೂ ವೇಲ್ – ಸದ್ಯ ಭಾರತದಲ್ಲೂ ಭೀತಿ ಹುಟ್ಟಿಸಿರುವ ಅನ್‌ಲೈನ್‌ ಭೂತ ಇದು.,1,"ದೆವ್ವ, ಪಿಶಾಚಿ",Devil
ಭೂತ,"ದೇವಾಲಯದ ಬಿ~ ನೆಲಮಾಳಿಗೆಯನ್ನು ತೆರೆದರೆ ಭೂತ ಕಾಟ ಉಂಟಾಗುತ್ತದೆಂದು ರಾಜ ಮನೆತನವು ಸುಳ್ಳು ಸುದ್ದಿ ಹರಡುತ್ತಿದೆ~ ಎಂದು ಕಿಡಿಕಾರಿದ ಅವರು, ವರ್ಮ ನೆಲಮಾಳಿಗೆ ತೆರೆದಾಗ ಮಾತ್ರ ಏನು ಆಗುವುದಿಲ್ಲವೇ~ ಎಂದು ಖಾರವಾಗಿ ಪ್ರಶ್ನಿಸಿದ್ದಾರೆ.",1,"ದೆವ್ವ, ಪಿಶಾಚಿ",Devil
ಭೂತ,ಇಯರ್‌ ಫೋನ್‌ ಹಾಕಿಕೊಂಡು ಈ ದೃಶ್ಯಾವಳಿ ವೀಕ್ಷಿಸಿದರೆ ಅಂದು ರಾತ್ರಿ ಆ ವ್ಯಕ್ತಿಯ ಕನಸಿನಲ್ಲಿ ಭೂತ ಖಂಡಿತವಾಗಿಯೂ ಬರುತ್ತದೆ ಎಂಬುದು ವ್ಯೋಮ ಸಂಸ್ಥೆಯ ಭರತ್ ಹೇಳುವ ಮಾತು.,1,"ದೆವ್ವ, ಪಿಶಾಚಿ",Devil
ಭೂತ,ವರ್ತಮಾನ ಕಾಲ ಭೂತ ಕಾಲದ ನೆಲೆಗಟ್ಟಿನ ಮೇಲೆ ನಿಂತಿದೆ.,2,"ಹಿಂದೆ ಆದುದು, ಕಳೆದುದು",Past
ಭೂತ,"ಇದು ಪದಾದಿಯ ಸ್ಟ್ ಧ್ವನಿಮಾಕ್ಕೆ ಉದಾಹರಣೆಗಳುಕ, ಹಾಗೆಯೇ ಭೂತ ಕಾಲಸೂಚಕವಾಗಿಯೂ ಅದರ ಬಳಕೆಯಿದೆ –",2,"ಹಿಂದೆ ಆದುದು, ಕಳೆದುದು",Past
ಭೂತ,ಬಿಇಓ ಎಲ್ ಜಯಪ್ಪ ಮಾತನಾಡಿ ಪರಿಸರ ಸಂರಕ್ಷಣೆ ಮೂಲ ಭೂತ ಕರ್ತವ್ಯವಾಗಿದೆ.,2,"ಹಿಂದೆ ಆದುದು, ಕಳೆದುದು",Past
ಭೂತ,"ನಾಟಕದ ಸ್ಟೇಜು ಕಟ್ಟುವವನಿಂದ ಹಿಡಿದು, ಕಲಾವಿದರು ತಂತ್ರಜ್ಞರವರೆಗೆ ಒಂದು ರೀತಿಯ ಬದ್ಧತೆ, ಹುಮ್ಮಸ್ಸು ತುಂಬಿರುತ್ತಿತ್ತು ಎಂದು ರಾಜ್‌ ಭೂತ ಹಾಗೂ ವರ್ತಮಾನವನ್ನು ಬೆಸೆಯುವ ಪ್ರಯತ್ನ ನಡೆಸಿದರು.",2,"ಹಿಂದೆ ಆದುದು, ಕಳೆದುದು",Past
ಭೂತ,ಕೊಸಾಂಬಿಯವರ ವ್ಯಾಖ್ಯಾನವನ್ನು ಉಲ್ಲೇಖಿಸಬೇಕು: ಚರಿತ್ರೆಕಾರನ ಕೆಲಸ ಕೇವಲ ಭೂತಕಾಲವನ್ನು ಪ್ರೀತಿಸುವುದು ಅಥವಾ ಭೂತ ಕಾಲದಿಂದ ದೂರವಾಗುವುದಲ್ಲ.,2,"ಹಿಂದೆ ಆದುದು, ಕಳೆದುದು",Past
ಭೂತ,ಭೂತ ಎನ್ನುವುದು ವರ್ತಮಾನದ ನಡುಗೆಯೊಂದಿಗೆ ಬೆಸೆದುಕೊಂಡಿದೆ.,2,"ಹಿಂದೆ ಆದುದು, ಕಳೆದುದು",Past
ಭೂತ,ಅವೆಲ್ಲ ದೂರದ ಭೂತ ಹಾಗೂ ನಿಗೂಢ ಭವಿಷ್ಯ.,2,"ಹಿಂದೆ ಆದುದು, ಕಳೆದುದು",Past
ಭೂತ,ರಾಜಕಾರಣಿಗಳ ತರಹ ಇತರರ ಭೂತ ದಹನ ಮಾಡಿಲ್ಲ.,2,"ಹಿಂದೆ ಆದುದು, ಕಳೆದುದು",Past
ಭೂತ,ಸಮೀಪದ ಹೆಗ್ಗೋಡಿನಲ್ಲಿ ನಡೆಯುತ್ತಿರುವ ನೀನಾಸಂ ಸಂಸ್ಕೃತಿ ಶಿಬಿರದಲ್ಲಿ ಸೋಮವಾರ ಗಾಂಧಿ ಕಲ್ಪನೆ ಶಿಕ್ಷಣ ಮಾರ್ಗದ ಭೂತ ಮತ್ತು ಭವಿಷ್ಯ ವಿಷಯ ಕುರಿತು ಅವರು ಮಾತನಾಡಿದರು.,2,"ಹಿಂದೆ ಆದುದು, ಕಳೆದುದು",Past
ಭೂತ,ಅಳಿದ ಭೂತ ಕಾಲ,2,"ಹಿಂದೆ ಆದುದು, ಕಳೆದುದು",Past
ಭೂತ,ನೀರ್ಚಾಲು:(ವಿಶ್ವಕನ್ನಡಿಗ ನ್ಯೂಸ್): ಉತ್ತಮ ವರದಿಗಾರನೊಬ್ಬನಿಗೆ ಭೂತ ಭವಿಷ್ಯ ವರ್ತಮಾನಗಳ ಕಲ್ಪನೆಯಿದ್ದು ವರದಿಗಾರಿಕೆಯಲ್ಲಿ ತನ್ನತನವನ್ನು ಬೆಳೆಸಿಕೊಂಡರೆ ಉಜ್ವಲಭವಿಷ್ಯ ಕಂಡುಕೊಳ್ಳಬಹುದುಎಂದು ವಿಜಯವಾಣಿ ಪತ್ರಿಕೆಯ ವರದಿಗಾರ ಪುರುಷೋತ್ತಮ ಭಟ್ ಪುದುಕೋಳಿ ಅಭಿಪ್ರಾಯಪಟ್ಟರು.,2,"ಹಿಂದೆ ಆದುದು, ಕಳೆದುದು",Past
ಭೂತ,ವೃದ್ಧಾಪ್ಯ ಮತ್ತು ಯೌವನಗಳ ನಡುವಿನ ಸಂಬಂಧಗಳ ಮೂಲಕ ಭೂತ ವರ್ತಮಾನಗಳ ಸಂಬಂಧವನ್ನು ವ್ಯಕ್ತಗೊಳಿಸುವುದರಲ್ಲಿ ಈ ಸಂಕಲನದ ಕಥೆಗಳಲ್ಲೆಲ್ಲ ನಗರ ಪ್ರಜ್ಞೆಯಿರುವ ಪ್ರಮುಖ ವ್ಯಕ್ತಿಯೆಂದರೆ ರಂಗನಾಥ ಎಂಬುದು ಗಮನಾರ್ಹ ಸಂಗತಿ.,2,"ಹಿಂದೆ ಆದುದು, ಕಳೆದುದು",Past
ಭೂತ,"ಇಲ್ಲಿಬರಲ್ ಇಂಡಿಯ ಪುಸ್ತಕದ ಪೂರ್ತಿ ಗೌರಿಯವರನ್ನು ಅವರು ಹೋರಾಟಗಾರ್ತಿಯಾಗಿ ರೂಪುಗೊಂಡದ್ದನ್ನು ಸನ್ನಿವೇಶಗಳು, ಘಟನೆಗಳು, ಪ್ರಸಂಗಗಳು, ಮಾತುಕತೆಗಳ ಮೂಲಕ, ಅವುಗಳ ಐತಿಹಾಸಿಕ, ಸಾಮಾಜಿಕ, ಸದ್ಯದ ಭೂತ ಮತ್ತು ವರ್ತಮಾನದ ಎಳೆಗಳ ಮೂಲಕ ನೇಯ್ದು ಕೊಟ್ಟಿದ್ದಾರೆ.",2,"ಹಿಂದೆ ಆದುದು, ಕಳೆದುದು",Past
ಭೂತ,"ನೇ ವಯಸ್ಸಿನಲ್ಲಿದ್ದಾಗ, ಅವರು ಈಗಾಗಲೇ ಶೀರ್ಷಿಕೆ ಭೂತ ಸಂದರ್ಭದಲ್ಲಿ USSR ನ ರಾಷ್ಟ್ರೀಯ ತಂಡದ ಪರವಾಗಿ ಆಡಿದರು, ಮತ್ತು ಟಾಪ್ ಫೈವ್ ಕ್ರೀಡೆ ಗೌರವಿಸಲಾಯಿತು ಮಾಸ್ಟರ್.",2,"ಹಿಂದೆ ಆದುದು, ಕಳೆದುದು",Past
ಭೂತ,"ಚಂದ್ರಶೇಖರ ಪಾಟೀಲರು ಕನ್ನಡ ಕಾವ್ಯದ ಭೂತ ಭವಿಷ್ಯವ ಬಣ್ಣಿಸಿ ಹೇಳೋ ಗಾಂಪಾ; ನಮ್ಮ ಆದಿಕವಿ ಪಂಪಾ, ಗುರುವೇ ನಮ್ಮ ಅಂತ್ಯಕವಿ ಚಂಪಾ ಅಂದು ತಮ್ಮನ್ನೇ ತಾವು ವಿನೋದ ಮಾಡಿಕೊಳ್ಳುತ್ತಾರೆ.",2,"ಹಿಂದೆ ಆದುದು, ಕಳೆದುದು",Past
ಭೂತ,"ನೀವು ನೋಡಬಹುದು ಎಂದು, ಅಪೂರ್ಣ ಮಾದರಿ ಮಾತುಗಳಲ್ಲಿ ಯಾವಾಗಲೂ ತಮ್ಮ ಸಂಪೂರ್ಣತೆ ಯಾವುದೇ ಸೂಚನೆ ಇಲ್ಲದೆ ಪುನರಾವರ್ತಿತ ಅಥವಾ ಸುದೀರ್ಘವಾದ ಕ್ರಮ ಬೆಟ್ಟು, ಹಾಗೂ ಸಮಯ (ವರ್ತಮಾನ, ಭೂತ ಮತ್ತು ಭವಿಷ್ಯ) ಎಲ್ಲಾ ಮೂರು ಪ್ರಕಾರಗಳಾಗಿವೆ.",2,"ಹಿಂದೆ ಆದುದು, ಕಳೆದುದು",Past
ಭೂತ,ನಾನು ನೀನುಗಳ ನಡುವೆ ಖುಷಿ ಲಕ್ಷ್ಮಿಗಳ ನಡುವೆ ಭೂತ ಭವಿಷ್ಯಗಳ ನಡುವೆ ವರ್ತಮಾನದಲ್ಲಿ ನೀವು ನೋಡುವ ಸತ್ಯ ಅರಗಿಸಿಕೊಂಡರೆ ಸಾಕು.,2,"ಹಿಂದೆ ಆದುದು, ಕಳೆದುದು",Past
ಭೂತ,ನಿತ್ಯಕಥೆ ಎಂದರೆ ಭೂತ ವರ್ತಮಾನ ಭವಿಷ್ಯತ್ ಕಾಲಗಳಿಗೆ ಮಾತ್ರ ಅನ್ವಿತವಾಗದೆ ಅವುಗಳನ್ನೊಳಗೊಂಡೂ ಅತೀತವಾಗಿ ನಿಲ್ಲುವ ಕಥೆ: ತ್ರಿಕಾಲಾತೀತವಾದ ಅಲೋಕಸತ್ಯಗಳು ಲೋಕಕಾಲದೇಶಾಧೀನವಾಗಿ ಸ್ವತಂತ್ರವಾಗಿ ರೂಪಗೊಂಡು ಸ್ವಭಾವತಂತ್ರವಾಗಿ ವಿಕಾಸಗೊಳ್ಳುವುದನ್ನು ಪ್ರತಿಮಾವಿಧಾನದಿಂದ ನಿರೂಪಿಸುವ ಕಥೆ.,2,"ಹಿಂದೆ ಆದುದು, ಕಳೆದುದು",Past
ಭೂತ,ಆದರೆ ನಾನು ಬರೆಯಲು ಆರಂಭಿಸಿದಾಗ ಬಾಲಕ ನಾಗಿ ಅಥವಾ ಹದೆಹರೆಯದವನಾಗಿದ್ದಾಗ ನನಗಿರದಿದ್ದಂತಹ ಧೈರ್ಯ ಹಾಗೂ ಸಾಹಸತನದೊದಿಗೆ ನನ್ನ ಭೂತ ಕಾಲವನ್ನು ಮರು ಜೀವಂತಗೊಳಿಸಲು ಬಯಸಿದ್ದೆ.,2,"ಹಿಂದೆ ಆದುದು, ಕಳೆದುದು",Past
ಭೂತ,ಈ ಭೂತ ನಮ್ಮ ಭವಿಷ್ಯದಲ್ಲಿ ಹಾಜರಾಗುತ್ತಾ ಎಂದು ನ್ಯೂಸ್ ಚಾನೆಲ್ಲುಗಳು ಯಾಕೆ ಒಬ್ಬ ಜ್ಯೋತಿಷಿಯನ್ನು ಕರೆಸಿ ಪ್ರೋಗ್ರಾಂ ಮಾಡಿಲ್ಲ ಎಂಬ ವಿಸ್ಮಯವೂ ನನ್ನನ್ನು ಕಾಡುತ್ತಿದೆ.,2,"ಹಿಂದೆ ಆದುದು, ಕಳೆದುದು",Past
ಭೂತ,ವರ್ತಮಾನ ಮತ್ತು ಭೂತ ಕಾಲದಲ್ಲಿ ಆಗಿ ಹೋದ ಕಲಾವಿದರ ಕಲಾಭಿಜ್ಞತೆಯ ನೆನಪು ಹಂದೆಯವರಲ್ಲಿದೆ.,2,"ಹಿಂದೆ ಆದುದು, ಕಳೆದುದು",Past
ಭೂತ,"ಕಲೆಯ ಭೂತ ವರ್ತಮಾನ ಭವಿಷ್ಯಗಳ ವಿವೇಚನೆ, ಮುಖ್ಯತಃ, ಪ್ರಸ್ತುತ ಸ್ಥಿತಿ ಗತಿಗಳ ಮತ್ತು ಆಗಬೇಕಾದ ಕೆಲಸಗಳ ಚಿಂತನೆಗಳು ಇವೆಲ್ಲ ಅಪೇಕ್ಷಿತ.",2,"ಹಿಂದೆ ಆದುದು, ಕಳೆದುದು",Past
ಭೂತ,"ಯಮುನಾ ನದಿಗೆ ಅಡ್ಡಲಾಗಿ ಇರುವ ಸೇತುವೆಯ ಮೇಲಿನ ನಿಹಾಂಗ್ ಸಿಖ್, ಭೂತ ಹಾಗೂ ಭವಿಷ್ಯತ್ತಿನ ನಡುವೆ ಸಮಚಿತ್ತದಲ್ಲಿರುವಂತೆ ಕಂಡು ಬಂದ ಪಟ್ನಾದ ಗೋಡೆ, ಬೆಂಗಳೂರಿನಲ್ಲಿ ಹಳೆಯ ಚರ್ಚ್‌ಗೆ ಎದುರಾಗಿ ಮಾರಾಟಕ್ಕಿಟ್ಟ ನಸುಗೆಂಪು ಚಡ್ಡಿಗಳನ್ನು ಚಿತ್ರಗಳಾಗಿ ಸೆರೆ ಹಿಡಿದಿರುತ್ತಿದ್ದೆ.",2,"ಹಿಂದೆ ಆದುದು, ಕಳೆದುದು",Past
ಭೂತ,"ಭೂತ ಭವಿಷ್ಯಾನ್ನ ಚಿಂತೆ ಮಾಡದವನಿಗೆ ಸುಖ ಅಸುಖ ಮಾತ್ರ ಇದೆ, ಫಲದ ಪ್ರಶ್ನೆ ಇಲ್ಲ.",2,"ಹಿಂದೆ ಆದುದು, ಕಳೆದುದು",Past
ಭೂತ,ನೆಹರೂ ಅವರು ಅಂಬೇಡ್ಕರ್ ಮಾತು ಕೇಳಬೇಕಾಗಿತ್ತು ಎಂಬ ಭೂತ ಕಾಲದ ಮಾತುಗಳನ್ನಾಡುವ ಕಲ್ಲಡ್ಕ ಪ್ರಭಾಕರ್ ಭಟ್ರೇ ಅಂಬೇಡ್ಕರ್ ಹೇಳಿದ ಮಾತುಗಳನ್ನು ನೀವು ಕೇಳಿಸಿಕೊಳ್ಳಿ.,2,"ಹಿಂದೆ ಆದುದು, ಕಳೆದುದು",Past
ಭೂತ,ಹೀಗೆ ಭೂತ ಭವಿಷ್ಯ ಮತ್ತು ವರ್ತಮಾನ ಎಂಬ ಮೂರು ಕಾಲರೂಪದಲ್ಲಿಯೇ ಪಾತ್ರಗಳನ್ನು ಕಟ್ಟುತ್ತಾ ಹೋದೆ.,2,"ಹಿಂದೆ ಆದುದು, ಕಳೆದುದು",Past
ಭೂತ,ಉಡುಪಿ: ಪರ್ಯಾಯೋತ್ಸವವೆಂದರೆ ಇದು ಭೂತ ಮತ್ತು ಭವಿಷ್ಯ ಕಾಲದ ನಡುವಿನ ಕೊಂಡಿ.,2,"ಹಿಂದೆ ಆದುದು, ಕಳೆದುದು",Past
ಭೂತ,ಭೂತ ಹಾಗೂ ಭವಿಷ್ಯತ್ ಗಳ ಚಿಂತೆಯಲ್ಲಿ ಬಂಧಿಯಾಗಿರುವ ನಾಯಕನ ಸುತ್ತ ಹೆಣೆದಿರುವ ವರ್ತಮಾನ ಚಿತ್ರಕ್ಕೆ ಮಿಶ್ರ ಪ್ರತಿಕ್ರಿಯೆ ವ್ಯಕ್ತವಾಗಿದೆ.,2,"ಹಿಂದೆ ಆದುದು, ಕಳೆದುದು",Past
ಭೂತ,ಅಂದರೆ ಭೂತ ವರ್ತಮಾನ ಹಾಗೂ ಭವಿಷ್ಯತ್ ಕಾಲವನ್ನು ಏಕಕಾಲಕ್ಕೆ ಗ್ರಹಿಸಬಲ್ಲವರಾಗಿದ್ದರು.,2,"ಹಿಂದೆ ಆದುದು, ಕಳೆದುದು",Past
ಭೂತ,ನಮ್ಮ ಪರಿಕಲ್ಪನೆಯಲ್ಲಿ ಭೂತ ಹಾಗೂ ವರ್ತಮಾನ ಕಾಲ ಮಾತ್ರ ಇದೆ.,2,"ಹಿಂದೆ ಆದುದು, ಕಳೆದುದು",Past
ಭೂತ,"ಅಲ್ಲಿನ ಹಸಿರು, ಆಡುವ ಹಕ್ಕಿಗಳ ಹಿಂಡು ನನ್ನ ಹಾಗೆ ಭೂತ ಭವಿಷ್ಯಗಳ ಕಾಟವಿಲ್ಲದ್ದಕ್ಕೇ ಉಲ್ಲಸಿತವಾಗಿಯೇ ಕಾಣುತ್ತಿತ್ತು.",2,"ಹಿಂದೆ ಆದುದು, ಕಳೆದುದು",Past
ಭೂತ,ಆದರೂ ಇಲ್ಲಿ ಕನ್ನಡ ಸಂಶೋಧನೆಯ ಭೂತ ಮತ್ತು ಭವಿಷ್ಯತ್ತು ಎರಡನ್ನು ಕುರಿತೂ ವಿಶ್ಲೇಷಣೆ ನಡೆಸಲಾಗಿದೆ.,2,"ಹಿಂದೆ ಆದುದು, ಕಳೆದುದು",Past
ಭೂತ,"ವರ್ತಮಾನದ ಒಡಲಲ್ಲಿಯೇ ಭೂತ ಅಡಗಿರುವುದರಿಂದ, ಸಮಕಾಲೀನ ಬದುಕಿನ ಯಾವುದೇ ಘಟನೆಯನ್ನು ತೆಗೆದುಕೊಂಡರೂ ಸಂವೇದನಾಶೀಲನಾದ ಬರಹಗಾರನಿಗೆ ವರ್ತಮಾನದ ಆಚೆ-ಈಚೆಗಿನ ಒಟ್ಟು ನಕಾಶ ಕಣ್ಣಿಗೆ ಹೊಡೆಯುತ್ತದೆ.",2,"ಹಿಂದೆ ಆದುದು, ಕಳೆದುದು",Past
ಭೂತ,ಭೂತ ಮತ್ತು ವರ್ತಮಾನದ ಅರಿವು ಪಡೆದು ವಾಸ್ತವದಲ್ಲಿ ಮಾಡಬೇಕಾಗಿರುವುದೇ ಎಂಬುದನ್ನು ಅರಿತುಕೊಳ್ಳುವ ಕಾಲಘಟ್ಟವದು.,2,"ಹಿಂದೆ ಆದುದು, ಕಳೆದುದು",Past
ಭೂತ,"ಆದರೆ ಸಮಾಜದ ಆಗುಹೋಗುಗಳನ್ನು, ಭೂತ ಭವಿಷ್ಯಗಳನ್ನು ಮತ್ತು ವರ್ತಮಾನದ ತಲ್ಲಣಗಳನ್ನು ಒರೆ ಹಚ್ಚಿ ನೋಡುವ ಮೂಲಕ ಸ್ಥಾಪಿತ ವ್ಯವಸ್ಥೆಯಲ್ಲಿನ ಲೋಪಗಳನ್ನು ತಿದ್ದಲು ಯತ್ನಿಸುವ ಕಲೆ, ಸಾಹಿತ್ಯ ಮತ್ತು ಸಂವಹನ ಮಾಧ್ಯಮಗಳ ದೃಷ್ಟಿಯಲ್ಲಿ ಅಭಿವ್ಯಕ್ತಿ ಸ್ವಾತಂತ್ರ್ಯ ಬೌದ್ಧಿಕ ನೆಲೆಯಲ್ಲಿ ಕಂಡುಬರುತ್ತದೆ.",2,"ಹಿಂದೆ ಆದುದು, ಕಳೆದುದು",Past
ಭೂತ,ಕಥೆ ಅರ್ಥಪೂರ್ಣವಾಗಿ ಬಾಲ್ಯ – ಭೂತ – ವಾಸ್ತವ – ಅಪ್ಪ – ಹಳ್ಳಿ – ಬಾದಾಮಿ ಗಿಡ – ಗುಬ್ಬಿ ಆಯಿ ಎಲ್ಲರನ್ನು ಎಲ್ಲವನ್ನೂ ಬೆಸೆಯುತ್ತಾ ಸಾಗುತ್ತದೆ.,2,"ಹಿಂದೆ ಆದುದು, ಕಳೆದುದು",Past
ಭೂತ,ಸೈಬರ್ ಸೆಕ್ಯೂರಿಟಿಯಿಂದ ಹೋಮಿಯೋಪಥಿಯವರೆಗೆ ಒಂಭತ್ತು ದ್ವಿಪಕ್ಷೀಯ ಒಪ್ಪಂದಗಳಿಗೆ ಸಹಿಬಿದ್ದು ಉಭಯ ದೇಶಗಳ ನಡುವಿನ ಸಂಬಂಧವರ್ಧನೆಯಲ್ಲಿ ಮೈಲಿಗಲ್ಲು ಎಂದು ವರ್ಣಿತವಾಗುತ್ತಿರುವ ಈ ಭೇಟಿಯನ್ನು ಭೂತ ಮತ್ತು ಭವಿಷ್ಯಗಳ ಒರೆಗಲ್ಲಿಗೆ ತಿಕ್ಕಿ ಇದರ ನಿಜವಾದ ಮೌಲ್ಯಮಾಪನ ಮಾಡುವುದು ಎರಡು ಭಾಗಗಳ ಈ ಲೇಖನದ ಉದ್ದೇಶ.,2,"ಹಿಂದೆ ಆದುದು, ಕಳೆದುದು",Past
ಭೂತ,"ಅಲ್ಲಿ ಒಬ್ಬ ಬ್ರಾಹ್ಮಣ ಕಣ್ಣು ಮುಚ್ಚಿ, ಮೂಗು ಹಿಡಿದುಕೊಂಡು ಕುಳಿತು, ತಾನೊಬ್ಬ ದೊಡ್ಡ ಯೋಗಿಯೆಂದೂ, ಮನಸ್ಸನ್ನು ತನ್ನ ಹತೋಟಿಯಲ್ಲಿಟ್ಟುಕೊಂಡವನೆಂದೂ, ಭೂತ ಭವಿಷ್ಯಗಳನ್ನು ಬಲ್ಲವನೆಂದೂ ಕೊಚ್ಚಿಕೊಳ್ಳುತ್ತಿದ್ದ.",2,"ಹಿಂದೆ ಆದುದು, ಕಳೆದುದು",Past
ಭೂತ,"ಭೂತ ಕಾಲವಾಗಲಿ, ಭವಿಷ್ಯತ್ ಕಾಲವಾಗಲಿ ಇಲ್ಲ ಇರುವುದು ವರ್ತಮಾನ ಕಾಲ ಮಾತ್ರ ಅದು ಕೂಡ ಒಂದು ಭ್ರಮೆ ಅಷ್ಟೆ .",2,"ಹಿಂದೆ ಆದುದು, ಕಳೆದುದು",Past
ಭೂತ,ಸದನದಲ್ಲಿ ನೀಲಿ ಚಿತ್ರ ನೋಡಿದ್ದ ತಮ್ಮ ಶಾಸಕರ ಭೂತ ಕಾಲದ ಇತಿಹಾಸವನ್ನು ಮನಗಂಡಿರುವ ಬಿಜೆಪಿ ಸರ್ಕಾರ ಸದನದಲ್ಲಿ ದೃಶ್ಯ ಮಾಧ್ಯಮಗಳಿಗೆ ಶಾಶ್ವತ ನಿಷೇಧ ಹೇರಲು ಮುಂದಾಗಿದೆ.,2,"ಹಿಂದೆ ಆದುದು, ಕಳೆದುದು",Past
ಮಂಡಿ,ಮಂಡಿ ಮೇಲಿನ ದೇಹದ ಅಂಗವೈಕಲ್ಯದ ಅಥ್ಲೀಟ್ ಗಳು ಟಿ-೪೨ ವಿಭಾಗದ ಟ್ರ್ಯಾಕ್ ಅಂಡ್ ಫೀಲ್ಡ್ ವಿಭಾಗದಲ್ಲಿ ಸ್ಪರ್ಧಿಸಬಹುದು.,1,ತೊಡೆ ಮತ್ತು ಕಣಕಾಲಿನ ಮಧ್ಯದ ಕೀಲುಸಂಧಿ,Knee
ಮಂಡಿ,-ಆದರೆ ಈಗಾಗಲೇ ಮಂಡಿ ನೋವು ಇರುವವರು ಈ ಆಸನ ಮಾಡಬಾರದು.,1,ತೊಡೆ ಮತ್ತು ಕಣಕಾಲಿನ ಮಧ್ಯದ ಕೀಲುಸಂಧಿ,Knee
ಮಂಡಿ,"ನಿಮಗೂ ಮಂಡಿ ನೋವಿದ್ದಲ್ಲಿ, ನೀವು ಸಹ ಈ ಮನೆ ಮದ್ದುಗಳ ಸಹಾಯದಿಂದ ಅದನ್ನು ನಿವಾರಿಸಿಕೊಳ್ಳಬಹುದು.",1,ತೊಡೆ ಮತ್ತು ಕಣಕಾಲಿನ ಮಧ್ಯದ ಕೀಲುಸಂಧಿ,Knee
ಮಂಡಿ,ಮಂಡಿ ನೋವಿಗೆ ಸಾವಿರಾರು ಕಾರಣಗಳಿರುತ್ತವೆ.,1,ತೊಡೆ ಮತ್ತು ಕಣಕಾಲಿನ ಮಧ್ಯದ ಕೀಲುಸಂಧಿ,Knee
ಮಂಡಿ,? ಮಂಡಿ ಮೇಲಾಗಿದ್ದ ಕಪ್ಪು ಕಲೆಗಳನ್ನೇ ದಿಟ್ಟಿಸುತ್ತಾ ಕೇಳಿದಳು.,1,ತೊಡೆ ಮತ್ತು ಕಣಕಾಲಿನ ಮಧ್ಯದ ಕೀಲುಸಂಧಿ,Knee
ಮಂಡಿ,ಊರಿ ಮಂಡಿ ಮೈ ಬಗ್ಗಿ ಅಡಿಗೆ ಮನೆ ನೆಲವನ್ನುಜ್ಜುವುದು ೧೦,1,ತೊಡೆ ಮತ್ತು ಕಣಕಾಲಿನ ಮಧ್ಯದ ಕೀಲುಸಂಧಿ,Knee
ಮಂಡಿ,"ಹಾಗೆಯೇ, ಮಂಡಿ ನೋವಿನಿಂದಾಗಿ ಡೆನ್ಮಾರ್ಕ್‌ ಹಾಗೂ ಫ್ರ್ಯಾನ್ಸ್‌ ಓಪನ್‌ ಟೂರ್ನಿಗಳಿಂದಲೂ ತಪ್ಪಿಸಿಕೊಂಡಿದ್ದರು.",1,ತೊಡೆ ಮತ್ತು ಕಣಕಾಲಿನ ಮಧ್ಯದ ಕೀಲುಸಂಧಿ,Knee
ಮಂಡಿ,ಮಂಡಿ ನೋವಿನಿಂದ ಬಳಲುತ್ತಿದ್ದ ಧವನ್ ಮೊದಲ ಟೆಸ್ಟ್ ಪಂದ್ಯದಲ್ಲಿ ಭಾಗವಹಿಸುವುದು ಅನುಮಾನವೇ ಆಗಿತ್ತು.,1,ತೊಡೆ ಮತ್ತು ಕಣಕಾಲಿನ ಮಧ್ಯದ ಕೀಲುಸಂಧಿ,Knee
ಮಂಡಿ,"ಸೂಚನೆ: ಹೆಚ್ಚಿನ ರಕ್ತದೊತ್ತಡ, ಅರೆತಲೆನೋವು, ಮಂಡಿ ನೋವು ಇದ್ದವರು ಈ ಆಸನವನ್ನುಅಭ್ಯಾಸ ಮಾಡುವುದು ಬೇಡ.",1,ತೊಡೆ ಮತ್ತು ಕಣಕಾಲಿನ ಮಧ್ಯದ ಕೀಲುಸಂಧಿ,Knee
ಮಂಡಿ,ದೇಹದ ತೂಕ ಹೆಚ್ಚಾದರೆ ಮಂಡಿ ನೋವು ಕಾಣಿಸಿಕೊಳ್ಳುತ್ತದೆ.,1,ತೊಡೆ ಮತ್ತು ಕಣಕಾಲಿನ ಮಧ್ಯದ ಕೀಲುಸಂಧಿ,Knee
ಮಂಡಿ,"ವಯಸ್ಸಾದ ಅಪ್ಪನಿಗೆ ಇತ್ತೀಚೆಗೆ ಮಂಡಿ ನೋವು ತುಂಬಾ ಕಾಡುತ್ತಿತ್ತಾದ್ದರಿಂದ ಡಾಕ್ಟರ್‌, ಕಾಲುನೋವಿಗೆ ವಿಶ್ರಾಂತಿಯೊಂದೇ ಏಕೈಕ ಪರಿಹಾರ ಎಂದಿದ್ದರು.",1,ತೊಡೆ ಮತ್ತು ಕಣಕಾಲಿನ ಮಧ್ಯದ ಕೀಲುಸಂಧಿ,Knee
ಮಂಡಿ,"ಅನೇಕ ಚಾಲನೆಯಲ್ಲಿರುವ ಗಾಯಗಳು, ವಿಶೇಷವಾಗಿ ಮಂಡಿ ಮತ್ತು ಹಿಪ್-ಸಂಬಂಧಿತ ಸಮಸ್ಯೆಗಳು, ಸ್ನಾಯುವಿನ ಅಸಮತೋಲನ ಅಥವಾ ದೌರ್ಬಲ್ಯಗಳ ಪರಿಣಾಮವಾಗಿದೆ.",1,ತೊಡೆ ಮತ್ತು ಕಣಕಾಲಿನ ಮಧ್ಯದ ಕೀಲುಸಂಧಿ,Knee
ಮಂಡಿ,ಆಗಸ್ಟ್‌ನಲ್ಲಷ್ಟೇ ಮಂಡಿ ನೋವಿಗೆ ಶಸ ಚಿಕಿತ್ಸೆಗೆ ಒಳಗಾಗಿದ್ದರು.,1,ತೊಡೆ ಮತ್ತು ಕಣಕಾಲಿನ ಮಧ್ಯದ ಕೀಲುಸಂಧಿ,Knee
ಮಂಡಿ,"ಅದೇರೀತಿ ಮಂಡಿ ನೋವು, ಕಾಲು ನೋವು ಇತ್ತು.",1,ತೊಡೆ ಮತ್ತು ಕಣಕಾಲಿನ ಮಧ್ಯದ ಕೀಲುಸಂಧಿ,Knee
ಮಂಡಿ,ಕೃತಕ ಮಂಡಿ ಚಿಪ್ಪನ್ನು ಕೂಡ ಇತ್ತೀಚೆಗೆ ಈ ವ್ಯಾಪ್ತಿಗೆ ತರಲಾಗಿದೆ.,1,ತೊಡೆ ಮತ್ತು ಕಣಕಾಲಿನ ಮಧ್ಯದ ಕೀಲುಸಂಧಿ,Knee
ಮಂಡಿ,"ಅರುವತ್ತು ದಾಟಿರುವ ಮಂಗಳಾ ಚಂದ್ರಶೇಖರ್ ಅವರಿಗೆ ಮಂಡಿ ನೋವು, ಬೆನ್ನುನೋವಿಗೆ ವಾಕಿಂಗ್‌ಗಿಂತಲೂ ಇಲ್ಲಿನ ಜಿಮ್‌ನಲ್ಲಿ ಸರಳ ಕಸರತ್ತು ಮಾಡುವುದು ಹೆಚ್ಚು ಸಹಕಾರಿಯಾಗಿದೆಯಂತೆ.",1,ತೊಡೆ ಮತ್ತು ಕಣಕಾಲಿನ ಮಧ್ಯದ ಕೀಲುಸಂಧಿ,Knee
ಮಂಡಿ,"ಮಂಡಿ ನೋವಿನ ಶಸ್ತ್ರಚಿಕಿತ್ಸೆಗೆ ಒಳಗಾದ ಬಳಿಕ ಮೊದಲ ಮಹತ್ವದ ಟೂರ್ನಿ ಆಡುತ್ತಿರುವ ಸೈನಾ ಶನಿವಾರ ನಡೆದ ಸೆಮಿಫೈನಲ್ ನಲ್ಲಿ 21-13, 21-10ರಲ್ಲಿ ಯಿಪ್ ಪುಯಿ ಯಿನ್ ಎದುರು ಸುಲಭ ಗೆಲುವು ಪಡೆದು ಫೈನಲ್ ಪ್ರವೇಶಿಸಿದ್ದರು.",1,ತೊಡೆ ಮತ್ತು ಕಣಕಾಲಿನ ಮಧ್ಯದ ಕೀಲುಸಂಧಿ,Knee
ಮಂಡಿ,ಚಳಿಗಾಲದಲ್ಲಿ ಕಾಡುವ ಮಂಡಿ ನೋವು,1,ತೊಡೆ ಮತ್ತು ಕಣಕಾಲಿನ ಮಧ್ಯದ ಕೀಲುಸಂಧಿ,Knee
ಮಂಡಿ,ಅರಿಶಿನ ಬೆರೆತ ಹಾಲು ಸೇವನೆ ಮಂಡಿ ನೋವಿಗೆ ಉಪಶಮನವನ್ನು ಒದಗಿಸುವ ಒಂದು ಮನೆಮದ್ದಾಗಿದ್ದು ನಿಮಗೆ ತಕ್ಷಣ ಆರಾಮವನ್ನು ನೀಡುತ್ತದೆ.,1,ತೊಡೆ ಮತ್ತು ಕಣಕಾಲಿನ ಮಧ್ಯದ ಕೀಲುಸಂಧಿ,Knee
ಮಂಡಿ,ಸಾಯುವವರೆಗೂ ಅನುಭವಿಸಿದ ಮಂಡಿ ನೋವನ್ನೂ ಅವರು ಅತ್ಯುತ್ಸಾಹದಿಂದ ಮನೆಗೆ ಬಂದವರಿಗೆಲ್ಲ ವರ್ಣಿಸುತ್ತಿದ್ದರು.,1,ತೊಡೆ ಮತ್ತು ಕಣಕಾಲಿನ ಮಧ್ಯದ ಕೀಲುಸಂಧಿ,Knee
ಮಂಡಿ,ಮಂಡಿ ಸಮಸ್ಯೆಗೆ ಮಹೇಶ್ ಬಾಬು ಅಮೆರಿಕಾದಲ್ಲಿ ಶಸ್ತ್ರಚಿಕಿತ್ಸೆ ಮಾಡಿಸಿಕೊಳ್ಳಲಿದ್ದಾರೆ.,1,ತೊಡೆ ಮತ್ತು ಕಣಕಾಲಿನ ಮಧ್ಯದ ಕೀಲುಸಂಧಿ,Knee
ಮಂಡಿ,"31ರಂದು ಮದ್ಯಾಹ್ನ ಮಂಡಿ ನೋವಿಗೆ ಔಷಧಿ ಕೊಡುವುದಾಗಿ ತಿಳಿಸಿದ ಬಾಲಾಜಿ ಎಂಬ ಹುಡುಗನನ್ನು ಕುಂದಾಪುರ ಕಸಬಾ ಗ್ರಾಮದ ಈಸ್ಟ್ ಬ್ಲಾಕ್ ರಸ್ತೆಯಲ್ಲಿರುವ ಮಹಿಳೆಯ ಮನೆಗೆ ಕರೆದುಕೊಂಡು ಬಂದಿದ್ದು, ಆತ ದೀಪಾ ಎಂ ಶೆಣೈ ಮತ್ತು ಅವರ ಗಂಡನನ್ನು ನಂಬಿಸಿ ಮಂಡಿ ನೋವಿಗೆ ಔಷಧಿ ಕೊಡುವುದಾಗಿ ತಿಳಿಸಿ ತನ್ನ ಅಣ್ಣನೆಂದು ಹೇಳಿದ ಸೀತಾರಾಮ ಎಂಬ ವ್ಯಕ್ತಿಗೆ ದೀಪಾ ಅವರ ದೂರವಾಣಿ ನಂಬ್ರವನ್ನು ಕೊಟ್ಟಿದ್ದು, ಜ.",1,ತೊಡೆ ಮತ್ತು ಕಣಕಾಲಿನ ಮಧ್ಯದ ಕೀಲುಸಂಧಿ,Knee
ಮಂಡಿ,"ಇನ್ನು ನಿಯಮಿತವಾದ ಆಹಾರ ಪದ್ಧತಿ ಇಲ್ಲದೇ ಇರೋದು, ವ್ಯಾಯಾಮ, ಯೋಗಾಸನ ಮಾಡದೇ ಇರೋದೂ ಕೂಡ ಈ ಮಂಡಿ ನೋವಿಗೆ ಕಾರಣವಾಗಬಹುದು.",1,ತೊಡೆ ಮತ್ತು ಕಣಕಾಲಿನ ಮಧ್ಯದ ಕೀಲುಸಂಧಿ,Knee
ಮಂಡಿ,ಹೀಗೆ ನಿಯಮಿತವಾಗಿ ಕುಡಿಯುತ್ತಿದ್ದರೆ ಒಂದು ತಿಂಗಳಲ್ಲಿ ಮಂಡಿ ನೋವು ಕಡಿಮೆಯಾಗುತ್ತದೆ.,1,ತೊಡೆ ಮತ್ತು ಕಣಕಾಲಿನ ಮಧ್ಯದ ಕೀಲುಸಂಧಿ,Knee
ಮಂಡಿ,"ಮಂಡಿ ಬಗ್ಗಿಸಿ, ಬೌಲ್ ಮೇಲೆತ್ತಿ ಅವರ ಕಾಲ್ಬೆರಳುಗಳನ್ನು ಮೇಲೆ ಕೀಪಿಂಗ್ ಪೃಷ್ಠದ ಮತ್ತು 5 ಸೆಕೆಂಡುಗಳ ಹಿಂಡು.",1,ತೊಡೆ ಮತ್ತು ಕಣಕಾಲಿನ ಮಧ್ಯದ ಕೀಲುಸಂಧಿ,Knee
ಮಂಡಿ,ಮಂಡಿ ನೋವಿನ ಎಣ್ಣೆ ಹೆಸರಿನಲ್ಲಿ ವಂಚನೆ: ದೂರು,1,ತೊಡೆ ಮತ್ತು ಕಣಕಾಲಿನ ಮಧ್ಯದ ಕೀಲುಸಂಧಿ,Knee
ಮಂಡಿ,"ಗೋಡೆಗೆ ವಿರುದ್ಧವಾಗಿ ನಿಂತು ಕೇವಲ ಕಾಲಿನ ಬೆರೆಳುಗಳ ಮೇಲೆ ಬ್ಯಾಲೆನ್ಸ್ ಮಾಡುವುದು , ನೇರವಾಗಿ ನಿಂತುಕೊಂಡು ಬಗ್ಗಿ ಮಂಡಿ ಮಡಚದೇ ಹಾಗೆಯೇ ಕಾಲಿನ ಬೆರಳುಗಳನ್ನು ಕೈ ಬೆರಳುಗಳಿಂದ ಮುಟ್ಟಲು ಪ್ರಯತ್ನ ಮಾಡುವುದು , ಭೂಮಿ ಮೇಲೆ ನಿಂತು ತಲೆಯ ಮೇಲೆ ಸ್ವಲ್ಪ ದೂರದಲ್ಲಿ ಇರುವ ಯಾವುದಾದರೂ ವಸ್ತುವನ್ನು ಮುಟ್ಟಲು ಪ್ರಯತ್ನ ಮಾಡುವುದು ಹೀಗೆ ಹತ್ತು ಹಲವಾರು ರೀತಿಯ ಚಟುವಟಿಕೆಗಳನ್ನು ನಾವು ಇಲ್ಲಿ ಕಾಣಬಹುದು .",1,ತೊಡೆ ಮತ್ತು ಕಣಕಾಲಿನ ಮಧ್ಯದ ಕೀಲುಸಂಧಿ,Knee
ಮಂಡಿ,"ಕೀಲು ನೋವು, ಮೂಳೆ ಸವೆತ ಮಂಡಿ ನೋವು ಇತ್ತೀಚೆಗೆ 30, 40 ವರ್ಷದವರಿಗೆ ಸಾಮಾನ್ಯವಾಗಿದೆ.",1,ತೊಡೆ ಮತ್ತು ಕಣಕಾಲಿನ ಮಧ್ಯದ ಕೀಲುಸಂಧಿ,Knee
ಮಂಡಿ,"ಮಂಡಿ ಮೇಲೆ ಭಾರವನ್ನು ಊರಿ ತೆಗೆದುಕೊಳ್ಳಬೇಕೇ ವಿನಾ, ಹಿಂಭಾಗದ ಮೇಲೆ ಹೆಚ್ಚಿನ ಭಾರವನ್ನು ಬಿಡಬಾರದು.",1,ತೊಡೆ ಮತ್ತು ಕಣಕಾಲಿನ ಮಧ್ಯದ ಕೀಲುಸಂಧಿ,Knee
ಮಂಡಿ,"ಮಂಡಿ ನೋವು, ಆಯಾಸವಿದ್ದರೂ 95 ವರ್ಷದ ದೊರೆಸ್ವಾಮಿ ಎಂಬುವರು ಮತ ಹಾಕಿದರು.",1,ತೊಡೆ ಮತ್ತು ಕಣಕಾಲಿನ ಮಧ್ಯದ ಕೀಲುಸಂಧಿ,Knee
ಮಂಡಿ,ಮಧ್ಯ ವಯಸ್ಸು ದಾಟುತ್ತಿದ್ದಂತೆ ಮಂಡಿ ನೋವು ಸಾಮಾನ್ಯವಾಗಿ ಕಂಡು ಬರುವ ಸಮಸ್ಯೆಯಾಗಿದೆ.,1,ತೊಡೆ ಮತ್ತು ಕಣಕಾಲಿನ ಮಧ್ಯದ ಕೀಲುಸಂಧಿ,Knee
ಮಂಡಿ,ಜಾರುವ ನೆಲದಲ್ಲಿ ಜೂಟ್-ಮುಟ್ಟಾಟ ಆಡುವಾಗ ಬಿದ್ದು ಮಂಡಿ ತರಚಿಕೊಂಡ ಹುಡುಗನಿಗೆ ಟಿಂಚರ್ ಹಚ್ಚಲಾಗುತ್ತಿದೆ.,1,ತೊಡೆ ಮತ್ತು ಕಣಕಾಲಿನ ಮಧ್ಯದ ಕೀಲುಸಂಧಿ,Knee
ಮಂಡಿ,"ಅವರ ಎದ್ರು ಮಂಡಿ ಬಗ್ಸಿ ಕೂತು, ವಿನಯ ಗೌರವದಿಂದ ಹಣ್ ಕೊಟ್ಟು, ಹಣೆಮೇಲೆ ಕ್ರಾಸಿನ ಚಿನ್ನೆ ಬರಸ್ಕಳೋರು.",1,ತೊಡೆ ಮತ್ತು ಕಣಕಾಲಿನ ಮಧ್ಯದ ಕೀಲುಸಂಧಿ,Knee
ಮಂಡಿ,ಮೋದಿ ಮುಂದೆ ಮಂಡಿ ಊರದ ಸಿದ್ದರಾಮಯ್ಯ,1,ತೊಡೆ ಮತ್ತು ಕಣಕಾಲಿನ ಮಧ್ಯದ ಕೀಲುಸಂಧಿ,Knee
ಮಂಡಿ,ಮೆಲ್ಬರ್ನ್ ಟೆಸ್ಟ್‌ನಿಂದೀಚೆಗೆ ಇಶಾಂತ್ ಮಂಡಿ ಗಾಯದಿಂದ ನರಳುತ್ತಿದ್ದಾರೆ.,1,ತೊಡೆ ಮತ್ತು ಕಣಕಾಲಿನ ಮಧ್ಯದ ಕೀಲುಸಂಧಿ,Knee
ಮಂಡಿ,ಮುಂಬೈನ ಬ್ಯಾಟ್ಸ್‌ಮನ್‌ ಮಂಡಿ ನೋವಿನಿಂದ ಬಳಲುತ್ತಿದ್ದಾರೆ.,1,ತೊಡೆ ಮತ್ತು ಕಣಕಾಲಿನ ಮಧ್ಯದ ಕೀಲುಸಂಧಿ,Knee
ಮಂಡಿ,ಬಹಳಷ್ಟು ಟ್ರಾಫಿಕ್‌ ಪೊಲೀಸರಿಗೆ ಮಂಡಿ ನೋವು ಬರುವುದು ಸಾಮಾನ್ಯವಾಗಿ ಬಿಟ್ಟಿದೆ.,1,ತೊಡೆ ಮತ್ತು ಕಣಕಾಲಿನ ಮಧ್ಯದ ಕೀಲುಸಂಧಿ,Knee
ಮಂಡಿ,"ಮಂಡಿ ನೋವು, ಉಸಿರಾಟದ ತೊಂದರೆ, ಅನಾರೋಗ್ಯದಿಂದ ದೀರ್ಘಕಾಲ ನರಳಿದ್ದರು.",1,ತೊಡೆ ಮತ್ತು ಕಣಕಾಲಿನ ಮಧ್ಯದ ಕೀಲುಸಂಧಿ,Knee
ಮಂಡಿ,ಇಲ್ಲಿನ ನೀರು ಬಳಸುವ ಬಹುತೇಕ ಗ್ರಾಮಸ್ಥರು ಕೀಲು ಮತ್ತು ಮಂಡಿ ನೋವಿನಿಂದ ಬಳಲುತ್ತಿದ್ದಾರೆ.,1,ತೊಡೆ ಮತ್ತು ಕಣಕಾಲಿನ ಮಧ್ಯದ ಕೀಲುಸಂಧಿ,Knee
ಮಂಡಿ,ಜನರಲ್ ಆಸ್ಪತ್ರೆಯಲ್ಲಿ ಮಂಡಿ ಎಲುಬಿಗೆ ಶಸ್ತ್ರ ಚಿಕಿತ್ಸೆ ನಡೆಸಿದ್ದರು.,1,ತೊಡೆ ಮತ್ತು ಕಣಕಾಲಿನ ಮಧ್ಯದ ಕೀಲುಸಂಧಿ,Knee
ಮಂಡಿ,ಮಂಡಿ ನೋವು ಎಂದ ರಾಜ್‌ಗೆ ಆಕೆ ಅಯೋಡೆಕ್ಸ್‌ ಹಚ್ಚುತ್ತಾಳೆ.,1,ತೊಡೆ ಮತ್ತು ಕಣಕಾಲಿನ ಮಧ್ಯದ ಕೀಲುಸಂಧಿ,Knee
ಮಂಡಿ,ಮಂಡಿ ನೋವು ಕಾಣಿಸಿಕೊಂಡು ದೀರ್ಘಕಾಲ ಬ್ಯಾಡ್ಮಿಂಟನ್‌ನಿಂದ ಹೊರಗುಳಿದರು.,1,ತೊಡೆ ಮತ್ತು ಕಣಕಾಲಿನ ಮಧ್ಯದ ಕೀಲುಸಂಧಿ,Knee
ಮಂಡಿ,"ಅಲ್ಲದೇ ತೀವ್ರವಾದ ಸ್ಲಿಪ್ ಡಿಸ್ಕ್, ಹೃದ್ರೋಗಿ, ತೀವ್ರ ರಕ್ತದೊತ್ತಡದ ರೋಗಿಗಳು, ಕ್ಯಾನ್ಸರ್, ಅಪಸ್ಮಾರ, ರಕ್ತಹೆಪ್ಪುಗಟ್ಟುವ ತೊಂದರೆ (ಥ್ರೋಂಬೋಸಿಸ್), ಗೌಟ್ ಮುಂತಾದ ಮಂಡಿ ನೋವುಗಳು, ಗಾಯಗಳು, ಇತ್ಯಾದಿ ತೊಂದರೆಗಳಿದ್ದಲ್ಲಿ ಅಭ್ಯಂಗ ಮಾಡಿಸಬಾರದು.",1,ತೊಡೆ ಮತ್ತು ಕಣಕಾಲಿನ ಮಧ್ಯದ ಕೀಲುಸಂಧಿ,Knee
ಮಂಡಿ,ಆಫ್ರಿಕಾದ ಎಬಿ ಡಿವಿಲಿಯರ್ಸ್‌ ಎಡಗಾಲಿನ ಮಂಡಿ ನೋವಿನ ಸಮಸ್ಯೆಯಿಂದ ಬಳಲುತ್ತಿದ್ದು ಭಾರತ ವಿರುದ್ಧದ 3 ಪಂದ್ಯಗಳ ಟಿ20 ಸರಣಿಯಿಂದ ಹೊರಬಿದ್ದಿದ್ದಾರೆ.,1,ತೊಡೆ ಮತ್ತು ಕಣಕಾಲಿನ ಮಧ್ಯದ ಕೀಲುಸಂಧಿ,Knee
ಮಂಡಿ,ಬಟ್ಟೆಯನ್ನು ನೋವು ಇರುವ ಮಂಡಿ ಮೇಲೆ ಹತ್ತು ನಿಮಿಷ ಕಾಲ ಇಡಿ.,1,ತೊಡೆ ಮತ್ತು ಕಣಕಾಲಿನ ಮಧ್ಯದ ಕೀಲುಸಂಧಿ,Knee
ಮಂಡಿ,ನಾವು ಮಂಡಿ ಮೊಣಕೈ ಸ್ಥಾನವನ್ನು ತೆಗೆದುಕೊಂಡು ಗುದನಾಳದ ಮೆದುಗೊಳವೆ ಪರಿಚಯಿಸಲು.,1,ತೊಡೆ ಮತ್ತು ಕಣಕಾಲಿನ ಮಧ್ಯದ ಕೀಲುಸಂಧಿ,Knee
ಮಂಡಿ,ಹಾಗಾಗಿ ಮಂಡಿ ನೋವಿಗೆ ಮಾತ್ರೆಗಳು ಬೇಡ.,1,ತೊಡೆ ಮತ್ತು ಕಣಕಾಲಿನ ಮಧ್ಯದ ಕೀಲುಸಂಧಿ,Knee
ಮಂಡಿ,"ಈ ಮಧ್ಯೆ ಕೋಲಾರದಲ್ಲಿ ಟೊಮೆಟೊ ದರ ಕುಸಿತದ ಮಧ್ಯೆಯೂ ವ್ಯಾಪಾರದ ನಿರ್ಧಾರವನ್ನು ಬದಿಗಿಟ್ಟು, ದೇಶದ ಹಿತಕ್ಕಾಗಿ ಪಾಕಿಸ್ತಾನದೊಂದಿಗಿನ ಸಂಬಂಧ ಕಡಿದುಕೊಳ್ಳುವ ಎಪಿಎಂಸಿ ಮಂಡಿ ಮಾಲೀಕರ ನಿರ್ಧಾರ ಎಲ್ಲರ ಮೆಚ್ಚುಗೆಗೆ ಪಾತ್ರವಾಗಿದೆ.",2,ಭಾರೀ ಪ್ರಮಾಣದ ವ್ಯಾಪಾರ ನಡೆಯುವ ಸ್ಥಳ,Market
ಮಂಡಿ,"ಉಳಿದ 14 ಮಂಡಿ ನಾಪತ್ತೆಯಾಗಿದ್ದು, ಅವರಿಗಾಗಿ ಹುಡುಕಾಟ ನಡೆಸಲಾಗುತ್ತಿದೆ ಎಂದು ಎಕ್ಮಾ ಪೊಲೀಸ್ ಠಾಣೆಯ ಮುಖ್ಯಾಧಿಕಾರಿ ಅನುಜ್ ಕುಮಾರ್ ಸಿಂಗ್ ಹೇಳಿದ್ದಾರೆ.",2,ಭಾರೀ ಪ್ರಮಾಣದ ವ್ಯಾಪಾರ ನಡೆಯುವ ಸ್ಥಳ,Market
ಮಂಡಿ,"ತಮ್ಮ ಕಚೇರಿಯಲ್ಲಿ ನಡೆದ ಸುದ್ದಿಗೋಷ್ಠಿಯಲ್ಲಿ ಮಾತನಾಡಿದ ಅವರು ಬಂಧಿತರನ್ನು ಬನ್ನಿಮಂಟಪ ಬಡಾವಣೆಯ ಹನುಮಂತನಗರದ ನಿವಾಸಿಗಳಾದ ರಿಯಾಜ್ ಷರೀಪ್ ಬಿನ್ ಇಸ್ಮಾಯಿಲ್ ಷರೀಪ್(42), ಫಯಾಜ್ ಷರೀಪ್ ಅಲಿಯಾಸ್ ಫಯಾಜ್ ಬಿನ್ ರಿಯಾಜ್ ಷರೀಫ್ (22)ಎಂದು ಗುರುತಿಸಲಾಗಿದ್ದು, ಇವರು ಮಂಡಿ ಠಾಣಾ ವ್ಯಾಪ್ತಿಯ 3ನೇ ಕ್ರಾಸ್ ನಲ್ಲಿರುವ ಮನೆಯನ್ನು ಡಿ.",2,ಭಾರೀ ಪ್ರಮಾಣದ ವ್ಯಾಪಾರ ನಡೆಯುವ ಸ್ಥಳ,Market
ಮಂಡಿ,ನವದೆಹಲಿ: ಇಲ್ಲಿನ ಮಂಡಿ ಹೌಸ್‌ನಲ್ಲಿರುವ ಎಫ್‌ಐಸಿಸಿಐ ಕಟ್ಟಡದಲ್ಲಿ ಸೋಮವಾರ ರಾತ್ರಿ 1.,2,ಭಾರೀ ಪ್ರಮಾಣದ ವ್ಯಾಪಾರ ನಡೆಯುವ ಸ್ಥಳ,Market
ಮಂಡಿ,"ಈ ಹಣ್ಣು ಒಂದು ವಾರದವರೆಗೂ ಕೆಡದ ಕಾರಣ ತಳ್ಳುವ ಗಾಡಿ ಮೇಲೆ ಹಣ್ಣು ಮಾರಾಟ ಮಾಡುವವರು, ಜ್ಯೂಸ್ ಅಂಗಡಿಯವರು ಪೈನಾಪಲ್ ಹಣ್ಣುಗಳನ್ನು ಮಂಡಿ ವ್ಯಾಪಾರಸ್ಥರಿಂದ ಕ್ವಿಂಟಲ್‌ಗಟ್ಟಲೇ ಖರೀದಿಸಿ, ಸೈಜುಗಳ ಮೇಲೆ 100 ರೂಪಾಯಿಗೆ ಎರಡು ಮೂರು ಹಣ್ಣು ಮಾರಾಟ ಮಾಡುತ್ತಾರೆ.",2,ಭಾರೀ ಪ್ರಮಾಣದ ವ್ಯಾಪಾರ ನಡೆಯುವ ಸ್ಥಳ,Market
ಮಂಡಿ,ಖಚಿತ ಮಾಹಿತಿ ಮೇರೆಗೆ ಸಿಸಿಬಿ ಪೊಲೀಸರು ನಗರದ ಮಂಡಿ ಪ್ರದೇಶದಲ್ಲಿರುವ ರೆಡ್ ರೋಜ್ ಮಸಾಜ್ ಪಾರ್ಲರ್ ಮೇಲೆ ದಾಳಿ ಮಾಡಿ ವೇಶ್ಯಾವಟಿಕೆಯಲ್ಲಿ ತೊಡಗಿದ್ದ ಶಿವರಾಜ್ ಹಾಗೂ ಮಹದೇವ ಎಂಬುವರನ್ನು ಬಂಧಿಸಿದ್ದು ಒಬ್ಬ ನೇಪಾಳಿ ಮಹಿಳೆಯನ್ನು ರಕ್ಷಿಸಿದ್ದಾರೆ.,2,ಭಾರೀ ಪ್ರಮಾಣದ ವ್ಯಾಪಾರ ನಡೆಯುವ ಸ್ಥಳ,Market
ಮಂಡಿ,"ಹೆಚ್ಚಿನ ಸಂಖ್ಯೆಯ ರೈತರು, ಮಾವಿನ ಮಂಡಿ ಮಾಲೀಕರಿಂದ ಸಾಲ­ವಾಗಿ ಔಷಧಿ ಪಡೆದುಕೊಳ್ಳುತ್ತಾರೆ.",2,ಭಾರೀ ಪ್ರಮಾಣದ ವ್ಯಾಪಾರ ನಡೆಯುವ ಸ್ಥಳ,Market
ಮಂಡಿ,"ಪೆÇಲೀಸರಿಗೆ ನೀಡಿರುವ ದೂರಿನಲ್ಲಿ, ಹೊಸ ಮಂಡಿ ಪ್ರದೇಶದ ಕುರ್ಕಾ ಗ್ರಾಮದಲ್ಲಿ ಚಿಕ್ಕಪ್ಪನ ಮನೆಯಿದೆ.",2,ಭಾರೀ ಪ್ರಮಾಣದ ವ್ಯಾಪಾರ ನಡೆಯುವ ಸ್ಥಳ,Market
ಮಂಡಿ,"ಮುನಿಸ್ವಾಮಿ, ಎಪಿಎಂಸಿ ಆಡಳಿತ ಮಂಡಳಿ ಸದಸ್ಯರು ಹಾಗೂ ಮಂಡಿ ಮಾಲೀಕರ ಸಭೆ ಕರೆದು ಸಮಸ್ಯೆ ಬಗೆಹರಿಸುತ್ತೇವೆ ಎಂದು ಭರವಸೆ ನೀಡಿದರು.",2,ಭಾರೀ ಪ್ರಮಾಣದ ವ್ಯಾಪಾರ ನಡೆಯುವ ಸ್ಥಳ,Market
ಮಂಡಿ,ಹೊಸದಿಲ್ಲಿ: ಇಲ್ಲಿನ ರಾಣಿ ಜಾನ್ಸಿ ರಸ್ತೆಯಲ್ಲಿರುವ ಅನಜ್ ಮಂಡಿ ಪ್ರದೇಶದಲ್ಲಿ ಇಂದು ಮುಂಜಾನ ನಡೆದ ಅಗ್ನಿ ಅವಗಢಕ್ಕೆ ಪ್ರಧಾನಿ ನರೇಂದ್ರ ಮೋದಿ ಆಘಾತ ವ್ಯಕ್ತಪಡಿಸಿದ್ದಾರೆ.,2,ಭಾರೀ ಪ್ರಮಾಣದ ವ್ಯಾಪಾರ ನಡೆಯುವ ಸ್ಥಳ,Market
ಮಂಡಿ,ಹಿರಿಯ ಅಧಿಕಾರಿಗಳ ಕೈಗೊಂಬೆಯಾಗಿರುವ ಸಿಬ್ಬಂದಿಯು ದಲ್ಲಾಳಿಗಳು ಮತ್ತು ಮಂಡಿ ಮಾಲೀಕರಿಂದ ಕಮಿಷನ್‌ ವಸೂಲು ಮಾಡುತ್ತಿದ್ದಾರೆ ಎಂದು ದೂರಿದರು.,2,ಭಾರೀ ಪ್ರಮಾಣದ ವ್ಯಾಪಾರ ನಡೆಯುವ ಸ್ಥಳ,Market
ಮಂಡಿ,ರಾಜಣ್ಣ ತರಕಾರಿ ಮಂಡಿ ಮಾಲೀಕ ರಾಜಣ್ಣ.,2,ಭಾರೀ ಪ್ರಮಾಣದ ವ್ಯಾಪಾರ ನಡೆಯುವ ಸ್ಥಳ,Market
ಮಂಡಿ,"- ಶ್ರೀಕಾಂತ್‌ ಕೆಳಹಟ್ಟಿ, ತಿಪಟೂರು ರೈತ ಬಂಧು ಮಂಡಿ ಮಾಲೀಕ",2,ಭಾರೀ ಪ್ರಮಾಣದ ವ್ಯಾಪಾರ ನಡೆಯುವ ಸ್ಥಳ,Market
ಮಂಡಿ,ಚಿಕ್ಕಬಳ್ಳಾಪುರ ಬಸ್ ನಿಲ್ದಾಣಕ್ಕೆ ಹೂವಿನ ಮಂಡಿ ವ್ಯಾಪಾರಿಗಳೇ ಬಂದು ಚೀಲಗಳನ್ನು ತೆಗೆದುಕೊಂಡು ಹೋಗುತ್ತಾರೆ.,2,ಭಾರೀ ಪ್ರಮಾಣದ ವ್ಯಾಪಾರ ನಡೆಯುವ ಸ್ಥಳ,Market
ಮಂಡಿ,ಮತ್ತು ಮಾರುಕಟ್ಟೆಯ ಶುಲ್ಕವನ್ನು ಪಾವತಿಸದ ಮಂಡಿ ಮಾಲೀಕರ ಪರವಾನಗಿಯನ್ನು ರದ್ದು ಮಾಡಬೇಕು ಹಾಗೂ ಎಲ್ಲಾ ಪರವಾನಗಿದಾರರು ಕಡ್ಡಾಯವಾಗಿ ತಮ್ಮ ಪರವಾನಗಿಯ ಸಂಖ್ಯೆಯನ್ನು ಅಂಗಡಿಯ ಮುಂದೆ 10*10 ಅಳತೆಯಲ್ಲಿ ಬರೆಯಿಸಬೇಕು.,2,ಭಾರೀ ಪ್ರಮಾಣದ ವ್ಯಾಪಾರ ನಡೆಯುವ ಸ್ಥಳ,Market
ಮಂಡಿ,ಕೈಗಾರಿಕಾ ಪ್ರದೇಶದಲ್ಲಿ ಅಡಿಕೆ ಮಂಡಿ ಹೊಂದಿದ್ದಾರೆ.,2,ಭಾರೀ ಪ್ರಮಾಣದ ವ್ಯಾಪಾರ ನಡೆಯುವ ಸ್ಥಳ,Market
ಮಂಡಿ,"ಉತ್ತಮ ಮಳೆಯಾದ ಹಿನ್ನೆಲೆಯಲ್ಲಿ ಒಂದು ತಿಂಗಳಿನಿಂದಲೂ ತಂಬಾಕು ಸಸಿ ಮಂಡಿ ಮತ್ತು ಉಳುಮೆ ಮಾಡಿ ಹದವಾಗಿದ್ದ ಭೂಮಿಗೆ ರೈತರು ಸಂತೋಷದಿಂದ ತಂಬಾಕು ಸಸಿ ನಾಟಿ ಮಾಡಿ, ಗೊಬ್ಬರ ವಿತರಿಸಿದ್ದರು.",2,ಭಾರೀ ಪ್ರಮಾಣದ ವ್ಯಾಪಾರ ನಡೆಯುವ ಸ್ಥಳ,Market
ಮಂಡಿ,ನವದೆಹಲಿ: ರಾಜಧಾನಿ ದೆಹಲಿಯ ರಾಣಿ ಜಾನ್ಸಿ ರಸ್ತೆಯಲ್ಲಿರುವ ಅನಜ್ ಮಂಡಿ ಪ್ರದೇಶದಲ್ಲಿ ಭಾನುವಾರ ನಸುಕಿನ ಜಾವ ಸಂಭವಿಸಿದ ಭೀಕರ ಅಗ್ನಿ ಅವಘಡಕ್ಕೆ ಪ್ರಧಾನಿ ನರೇಂದ್ರ ಮೋದಿ ಆಘಾತ ವ್ಯಕ್ತಪಡಿಸಿದ್ದಾರೆ.,2,ಭಾರೀ ಪ್ರಮಾಣದ ವ್ಯಾಪಾರ ನಡೆಯುವ ಸ್ಥಳ,Market
ಮಂಡಿ,"ಲಕ್ನೋ, ಮೇ 21: ಬಿಜೆಪಿ ಎಲೆಕ್ಟ್ರಾನಿಕ್ ಮತಯಂತ್ರಗಳನ್ನು ಬದಲಾಯಿಸುತ್ತಿದೆ ಎಂದು ಆಪಾದಿಸಿ, ಎಸ್ಪಿ-ಬಿಎಸ್ಪಿ ಮೈತ್ರಿಕೂಟ ಮತ್ತು ಕಾಂಗ್ರೆಸ್ ಕಾರ್ಯಕರ್ತರು ಚಂದೌಲಿಯಲ್ಲಿರುವ ನವೀನ್ ಕೃಷಿ ಮಂಡಿ ಸ್ಥಳದಲ್ಲಿ ಸೋಮವಾರ ಸಂಜೆ ದಿಢೀರ್ ಪ್ರತಿಭಟನೆ ನಡೆಸಿದರು.",2,ಭಾರೀ ಪ್ರಮಾಣದ ವ್ಯಾಪಾರ ನಡೆಯುವ ಸ್ಥಳ,Market
ಮಂಡಿ,ಯೋಗೇಶ್ವರ್‌ ಅವರು ಚನ್ನಪಟ್ಟಣದಲ್ಲಿ ಎರಡು ಎಳನೀರು ಮಂಡಿ ಸ್ಥಾಪಿಸಲು ಯೋಜನೆ ರೂಪಿಸಿದ್ದಾರೆ.,2,ಭಾರೀ ಪ್ರಮಾಣದ ವ್ಯಾಪಾರ ನಡೆಯುವ ಸ್ಥಳ,Market
ಮಂಡಿ,25- ಹಳೇ ದ್ವೇಷದ ಹಿನ್ನೆಲೆಯಲ್ಲಿ ಆರು ವರ್ಷದ ಮಗನ ಮುಂದೆಯೇ ತಂದೆಯನ್ನು ಅಪರಿಚಿತ ವ್ಯಕ್ತಿಗಳು ಗುಂಡಿಕ್ಕಿ ಕೊಂದಿರುವ ದಾರುಣ ಘಟನೆ ದೇಶದ ರಾಜಧಾನಿಯ ಓಖ್ಲಾ ಸಬ್ಜಿ ಮಂಡಿ ಬಳಿ ಸಂಭವಿಸಿದೆ.,2,ಭಾರೀ ಪ್ರಮಾಣದ ವ್ಯಾಪಾರ ನಡೆಯುವ ಸ್ಥಳ,Market
ಮಂಡಿ,ಶಿವಮೊಗ್ಗದ ರವೀಂದ್ರ ನಗರದ 100 ಅಡಿ ರಸ್ತೆಯಲ್ಲಿ ನಿವಾಸ ಹೊಂದಿರುವ ಪ್ರಮುಖ ಅಡಕೆ ಮಂಡಿ ವ್ಯಾಪಾರಸ್ಥರು ಹಾಗೂ ಮರಳು ವ್ಯಾಪಾರದಲ್ಲಿ ತೊಡಗಿಕೊಂಡಿರುವ ಪ್ರಮುಖರಿಗೆ ರವಿ ಪೂಜಾರಿ ಹೆಸರಿನಲ್ಲಿ ಬಂದಿದ್ದ ಜೀವ ಬೆದರಿಕೆ ಹಾಗೂ ಹಣಕ್ಕಾಗಿನ ಬ್ಲ್ಯಾಕ್‌ ಮೇಲ್ ಗೆ ಸಂಬಂಧಿಸಿದಂತೆ ಪೊಲೀಸ್ ಠಾಣೆಯಲ್ಲಿ ಪ್ರಕರಣ ದಾಖಲಾಗಿದೆ.,2,ಭಾರೀ ಪ್ರಮಾಣದ ವ್ಯಾಪಾರ ನಡೆಯುವ ಸ್ಥಳ,Market
ಮಂಡಿ,ಮಾವಿನಕಾಯಿ ಮಂಡಿ ರಸ್ತೆಯ ಮೂಲಕ ಅರಮನೆ ಮೈದಾನಕ್ಕೆ ಪ್ರವೇಶ ಪಡೆದು ಪಾರ್ಕಿಂಗ್-ಡಿ ಸ್ಥಳದಲ್ಲಿ ವಾಹನ ನಿಲ್ಲಿಸಬೇಕು.,2,ಭಾರೀ ಪ್ರಮಾಣದ ವ್ಯಾಪಾರ ನಡೆಯುವ ಸ್ಥಳ,Market
ಮಂಡಿ,ಮಂಡಿ ಮರ್ಚೆಂಟ್ ಅಸೋಸಿಯೇಷನ್ನಿನ ಅಧ್ಯಕ್ಷರಾಗಿದ್ದರು.,2,ಭಾರೀ ಪ್ರಮಾಣದ ವ್ಯಾಪಾರ ನಡೆಯುವ ಸ್ಥಳ,Market
ಮಂಡಿ,"ಮಂಡಿ ಬಿರಿಯಾನಿ ದಾವತ್, ಕಬ್ಸಾ ಬಿರಿಯಾನಿ ಸೇರಿ ವಿವಿಧ ಬಗೆಯ ಬಿರಿಯಾನಿಗಳು ಇಲ್ಲಿ ಜನರನ್ನು ಹೆಚ್ಚು ಸೆಳೆಯುತ್ತವೆ.",2,ಭಾರೀ ಪ್ರಮಾಣದ ವ್ಯಾಪಾರ ನಡೆಯುವ ಸ್ಥಳ,Market
ಮಂಡಿ,ಪ್ರತಿ ವರ್ಷ ಈ ವೇಳೆಗೆ ಗಿಜಿಗುಡುವ ಟೊಮೆಟೊ ಹಬ್ ಎನಿಸಿಕೊಂಡ ಗಿರ್ನಾರ್ ಮಂಡಿ ಈ ಬಾರಿ ನಿಶ್ಶಬ್ದವಾಗಿದೆ.,2,ಭಾರೀ ಪ್ರಮಾಣದ ವ್ಯಾಪಾರ ನಡೆಯುವ ಸ್ಥಳ,Market
ಮಂಡಿ,ಕೆಲ ಮಂಡಿ ಮಾಲೀಕರು ಒಂದೆರಡು ದಿನ ನಾಸಿಕ್‌ನಿಂದ ಟೊಮೆಟೊ ತರಿಸಿದ್ದು ನಿಜ.,2,ಭಾರೀ ಪ್ರಮಾಣದ ವ್ಯಾಪಾರ ನಡೆಯುವ ಸ್ಥಳ,Market
ಮಂಡಿ,ಟೊಮ್ಯಾಟೋ ವ್ಯವಹಾರದ ಕೇಂದ್ರವಾಗಿರುವ ಗಿರ್ನಾರ್ ಮಂಡಿ ಎಂಬ ಧೂಳು ತುಂಬಿದ ಮೈದಾನ ಸಾಮಾನ್ಯವಾಗಿ ವರ್ಷದ ಈ ಹೊತ್ತಿನಲ್ಲಿ ಗಿಜಿಗುಡುತ್ತಿರಬೇಕು.,2,ಭಾರೀ ಪ್ರಮಾಣದ ವ್ಯಾಪಾರ ನಡೆಯುವ ಸ್ಥಳ,Market
ಮಂಡಿ,"ಶಿವಮೊಗ್ಗ ಅಡಿಕೆ ಮಂಡಿ ವರ್ತಕರ ಕ್ಲಬ್ ಮೇಲೆ ಗುರುವಾರ ರಾತ್ರಿ ದಾಳಿ ನಡೆಸಿದ ಪೊಲೀಸರು, ಅಕ್ರಮವಾಗಿ ಜೂಟಾಡುತ್ತಿದ್ದವರನ್ನು ಬಂಧಿಸಿದರು.",2,ಭಾರೀ ಪ್ರಮಾಣದ ವ್ಯಾಪಾರ ನಡೆಯುವ ಸ್ಥಳ,Market
ಮಂಡಿ,ಎಲ್ಲ ಕಡೆ ಒಂದೇ ಸಲ ಶುರುವಾಗಿರುವ ಸುಗ್ಗಿಯಿಂದಾಗಿ ಮಾವು ಬೆಳೆಗಾರರು ನಷ್ಟ ಅನುಭವಿಸಬೇಕಾಗಿದೆ ಎಂದು ಶ್ರೀನಿವಾಸಪುರ ಮಂಡಿ ಮಾಲೀಕ ಮಂಜುನಾಥರೆಡ್ಡಿ ತಿಳಿಸಿದರು.,2,ಭಾರೀ ಪ್ರಮಾಣದ ವ್ಯಾಪಾರ ನಡೆಯುವ ಸ್ಥಳ,Market
ಮಂಡಿ,"ಪಟ್ಟಣದ ರಾಜಧಾನಿ ಮ್ಯಾಂಗೋ ಮಂಡಿ ಗಾರ್ಡನ್ ಸಭಾಂಗಣದಲ್ಲಿ ಸೋಮವಾರ ಏರ್ಪಡಿಸಿದ್ದ ತಾಲ್ಲೂಕಿನ ನಾಗರಿಕರ ಸಮಾವೇಶದ ಅಧ್ಯಕ್ಷತೆ ವಹಿಸಿ ಮಾತನಾಡಿ, ಕೋಲಾರದ ಸರ್ಕಾರಿ ಜೂನಿಯರ್‌ ಕಾಲೇಜು ಮೈದಾನದಲ್ಲಿ ಫೆ.",2,ಭಾರೀ ಪ್ರಮಾಣದ ವ್ಯಾಪಾರ ನಡೆಯುವ ಸ್ಥಳ,Market
ಮಂಡಿ,ನೋಡಿ ನಮಗೆ ಮಾಹಿತಿ ಕೇಳಿರುವ ಅರ್ಜಿಯಲ್ಲಿ ನಮ್ಮ ಮಂಡಿ ಹೆಸರಿಲ್ಲ.,2,ಭಾರೀ ಪ್ರಮಾಣದ ವ್ಯಾಪಾರ ನಡೆಯುವ ಸ್ಥಳ,Market
ಮಂಡಿ,"ಬ್ಯಾಗು ತಗುಲಿಸಿಕೊಂಡು ನಿಂತಿರುವ ಕಾಲೇಜು ಕುಮಾರ-ಕುಮಾರಿಯರು, ಹೇಳದೇ ಕೇಳದೇ ಕೆಟ್ಟು ಕುಳಿತಿರುವ ತೋಟದ ಮೋಟಾರನ್ನು ರಿಪೇರಿಗೆ ಒಯ್ಯುತ್ತಿರುವ ಬಡ ರೈತ, ಅಡಿಕೆ ಮಂಡಿ ಸಾವುಕಾರರ ಬಳಿ ಹತ್ತು ಸಾವಿರ ಹೆಚ್ಚಿಗೆ ಸಾಲ ಕೇಳಲೆಂದು ಹೊರಟಿರುವ ಹೆಗ್ಡೆàರು, ಎರಡು ದಿನದಿಂದ ಬಿಡದೆ ವಾಂತಿ ಮಾಡಿಕೊಳ್ಳುತ್ತಿರುವ ಮಗುವನ್ನು ನಗರದ ದೊಡ್ಡ ಡಾಕ್ಟರಿಗೆ ತೋರಿಸಲೆಂದು ಒಯ್ಯುತ್ತಿರುವ ಆತಂಕದ ತಾಯಿ, ಜೇಬಿನಲ್ಲಿ ತನ್ನ ಅಂಗಡಿಗೆ ಬೇಕಾದ ಸಾಮಾನುಗಳ ಪಟ್ಟಿಯನ್ನೂ, ಕಂಕುಳಲ್ಲಿ ಖಾಲಿ ಚೀಲವನ್ನೂ ಅವುಚಿಕೊಂಡಿರುವ, ಆಗಾಗ ಒಳಜೇಬಿನಲ್ಲಿನ ಹಣವನ್ನು ಮುಟ್ಟಿ ಮುಟ್ಟಿ ನೋಡಿಕೊಳ್ಳುತ್ತಿರುವ ಗೂಡಂಗಡಿಯ ಬಾಬಣ್ಣ, ಸೆಂಟು, ಪೌಡರು ಬಳಿದುಕೊಂಡು ಘಮಘಮಿಸುತ್ತ ಪಟ್ಟಣದ ರಸ್ತೆರಸ್ತೆಯನ್ನೂ ಸರ್ವೇ ಮಾಡಲಿಕ್ಕೆ ತಯಾರಾಗಿ ಬಂದಿರುವ ಪಡ್ಡೆ ಹುಡುಗರು, ಎದುರಾದವರೆಲ್ಲರಿಂದ ನಮಸ್ಕಾರ ಹೇಳಿಸಿಕೊಳ್ಳುತ್ತ ಪಕ್ಕದೂರ ಶಾಲೆಗೆ ಹೊರಟು ಕಾಯುತ್ತಿರುವ ಮೇಷ್ಟರು, ಈ ಸಲದ ಚಳಿ, ಗಾಳಿ, ಮಳೆ, ಬೆಳೆಗಳ ಬಗ್ಗೆ ಘನಗಂಭೀರವಾದ ಚರ್ಚೆ ನಡೆಸುತ್ತ ನಿಂತಿರುವ ಹಿರಿಯದ್ವಯರು, ಅಜ್ಜನ ಮನೆಗೆ ಹೋಗುವ ಸಂಭ್ರಮದಲ್ಲಿ ತೇಲುತ್ತಿರುವ ದೊಗಲೆ ಚಡ್ಡಿಯ ಪೋರ ಮತ್ತು ಜರತಾರಿ ಲಂಗದ ಪೋರಿ ಹಾಗೂ ಅವರಿಬ್ಬರನ್ನೂ ನಿಭಾಯಿಸುತ್ತ ತಾನೂ ಒಳಗೊಳಗೇ ತವರಿಗೆ ಹೋಗುವ ಖುಷಿಯನ್ನು ಅನುಭವಿಸುತ್ತಿರುವ ಅಮ್ಮ… ಹೀಗೆ ಜಗದ, ಜನಜೀವನದ ವಿವಿಧ ಮಜಲುಗಳು ಬಸ್ಸಿನ ದಾರಿಯಲ್ಲಿ ಕಾದುನಿಲ್ಲುತ್ತವೆ.",2,ಭಾರೀ ಪ್ರಮಾಣದ ವ್ಯಾಪಾರ ನಡೆಯುವ ಸ್ಥಳ,Market
ಮಂಡಿ,ಮಂಡಿ ಮಾಲೀಕರು ಹಾಗೂ ರೈತರು ಉಳಿದ ತರಕಾರಿಗಳನ್ನು ಮಾರುಕಟ್ಟೆ ಆವರಣದಲ್ಲೇ ಸುರಿಯುತ್ತಿದ್ದಾರೆ.,2,ಭಾರೀ ಪ್ರಮಾಣದ ವ್ಯಾಪಾರ ನಡೆಯುವ ಸ್ಥಳ,Market
ಮಂಡಿ,"ರೈತರು, ವರ್ತಕರು, ಮಂಡಿ ಮಾಲೀಕರು ಒಂದಾಗಿ ನಷ್ಟವಾದ್ರೂ ಸಹ ಪಾಕಿಸ್ತಾನಕ್ಕೆ ಟೊಮೆಟೊ ಕೊಡುವುದು ಬೇಡ ಎಂಬ ನಿರ್ಧಾರ ಮಾಡಿದ್ದಾರೆ.",2,ಭಾರೀ ಪ್ರಮಾಣದ ವ್ಯಾಪಾರ ನಡೆಯುವ ಸ್ಥಳ,Market
ಮಂಡಿ,ಜೊತೆಗೆ ಮಂಡಿ ವ್ಯಾಪಾರ ಇತ್ತು.,2,ಭಾರೀ ಪ್ರಮಾಣದ ವ್ಯಾಪಾರ ನಡೆಯುವ ಸ್ಥಳ,Market
ಮಂಡಿ,"ಶ್ರೀನಿವಾಸಪುರ(ವಿಶ್ವಕನ್ನಡಿಗ ನ್ಯೂಸ್): ಪಟ್ಟಣದ ಹೊರ ವಲಯದಲ್ಲಿನ ಮಷ್ಬೂರ್‌ ಮಾವಿನ ಕಾಯಿ ಮಂಡಿ ಸಭಾಂಗಣದಲ್ಲಿ ರೂಹಾ ಮಿಲನ್‌ ಸಮಿತಿ ವತಿಯಿಂದ ಭಾನುವಾರ ಏರ್ಪಡಿಸಲಾಗಿದ್ದ ಮುಸ್ಲಿಂ ವಧೂ ವರರ ಸಾಮೂಹಿಕ ವಿವಾಹ ಸಮಾರಂಭದಲ್ಲಿ ಮಾತನಾಡಿ, ಆರ್ಥಿಕವಾಗಿ ಹಿಂದುಳಿದಿರುವ ಕುಟುಂಬಗಳ ತಂದೆ ತಾಯಂದಿರಿಗೆ ತಮ್ಮ ಮಕ್ಕಳ ಮದುವೆ ಮಾಡುವುದು ಸುಲಭದ ಮಾತಲ್ಲ ಎಂದು ಹೇಳಿದರು.",2,ಭಾರೀ ಪ್ರಮಾಣದ ವ್ಯಾಪಾರ ನಡೆಯುವ ಸ್ಥಳ,Market
ಮಂಡಿ,ಮುಂದಿನ ಜೂನ್ ತಿಂಗಳಿಂದ ಪಾಕಿಸ್ತಾನ ದೇಶಕ್ಕೆ ಟೊಮೆಟೊ ರಪ್ತು ಮಾಡುವ ಮಂಡಿ ಮಾಲೀಕರು ಆಗಮಿಸಲಿದ್ದಾರೆ.,2,ಭಾರೀ ಪ್ರಮಾಣದ ವ್ಯಾಪಾರ ನಡೆಯುವ ಸ್ಥಳ,Market
ಮಂಡಿ,ರಾಷ್ಟ್ರ ರಾಜಧಾನಿ ದೆಹಲಿಯ ಅನಜ್ ಮಂಡಿ ಕಟ್ಟಡಲ್ಲಿ ಭಾನುವಾರ ಅಗ್ನಿ ದುರಂತ ಸಂಭವಿಸಿ 43 ಮಂದಿ ಸಾವಿಗೀಡಾಗಿದ್ದರು.,2,ಭಾರೀ ಪ್ರಮಾಣದ ವ್ಯಾಪಾರ ನಡೆಯುವ ಸ್ಥಳ,Market
ಮಂಡಿ,ಸಾಲ ಬಾಕಿಯಾಗಿದ್ದಕ್ಕೆ ಮಂಡಿ ಮಾಲೀಕರು ನ್ಯಾಯಾಲಯದಲ್ಲಿ ದಾವೆ ಹೂಡಿದ್ದರು.,2,ಭಾರೀ ಪ್ರಮಾಣದ ವ್ಯಾಪಾರ ನಡೆಯುವ ಸ್ಥಳ,Market
ಮಂಡಿ,ದೆಹಲಿ ಪೊಲೀಸರು ಅನಜ್ ಮಂಡಿ ಕಟ್ಟಡದ ಮಾಲೀಕ ರೆಹಾನ್ ಮತ್ತು ಆತನ ಮ್ಯಾನೇಜರ್ ಫುರ್ಕಾನ್ ಎಂಬಾತನನ್ನು ಪೊಲೀಸರು ಬಂಧಿಸಿದ್ದು ಅವರ ವಿರುದ್ಧ ಐಪಿಸಿ ಸೆಕ್ಷನ್ 304 ಮತ್ತು 285 ಅಡಿಯಲ್ಲಿ ಪ್ರಕರಣ ದಾಖಲಿಸಲಾಗಿದೆ.,2,ಭಾರೀ ಪ್ರಮಾಣದ ವ್ಯಾಪಾರ ನಡೆಯುವ ಸ್ಥಳ,Market
ಮತ,ಮತ ವಿಭಜನೆಯಾದರೆ ಕುತೂಹಲ ಫಲಿತಾಂಶ,1,caste,caste
ಮತ,"ಇದಕ್ಕಾಗಿ ದೇಶದ ಎಲ್ಲಾ ಭಾಗದ ಜನರು ಜಾತಿ, ಮತ ಭೇದವಿಲ್ಲದೆ ಕಾರ್ಯಪ್ರವೃತ್ತರಾಗಬೇಕಿದೆ.",1,caste,caste
ಮತ,"ಆದರೆ, ಇಂದು, ನೆಹರೂ ಪಕ್ಷದ ನಾಯಕರು, ಚುನಾವಣೆಯ ಹೊತ್ತಿಗೆ ಮತ ಧರ್ಮ ದೇವಸ್ಥಾನಗಳ ವಿಚಾರದಲ್ಲಿ ನಡೆದುಕೊಳ್ಳುತ್ತಿರುವ ರೀತಿಯಂತೂ ಬೃಹನ್ನಾಟಕದಂತೆ ಕಾಣುತ್ತದೆ!",1,caste,caste
ಮತ,"ಆದರೆ ಇಸ್ಲಾಂ ಈಥರದ್ದಲ್ಲ, ಅದರ ಸಂಸ್ಥಾಪಕ ಹಾಗೂ ಅದರ ಪರಿಪಾಲಕರು ಹಿಂಸಾಮಾರ್ಗವನ್ನು, ಬೇಟೆಗಾರತನವನ್ನು ತಮ್ಮ ಮತ ಗ್ರಂಥಗಳಲ್ಲಿಯೇ ಹುದುಗಿಸಿದ್ದಾರೆ, ಆಡಿ ತೋರಿಸಿದ್ದಾರೆ, ಮಾಡಿಯೂ ತೋರಿಸಿದ್ದಾರೆ ಮಾದರಿಯಾಗಿ ನಿಂತಿದ್ದಾರೆ.",1,caste,caste
ಮತ,ಮುಸ್ಲಿಮರಲ್ಲಿ ಇರುವ ಪಾಕಿಸ್ತಾನದ ಪರವಾದ ಗುಂಪುಗಳ ಮತ ಬೆಂಬಲವನ್ನು ಕಳೆದುಕೊಳ್ಳುವ ಭಯದಿಂದಾಗಿ ವ್ಯಕ್ತಿಗಳೂ ಪಕ್ಷಗಳೂ ಭಾರತ ಸರ್ಕಾರವು ಪಾಕಿಸ್ತಾನದ ಬಗ್ಗೆ ತೋರುವ ತುಷ್ಟೀಕರಣ ನೀತಿಯನ್ನು ವಿರೋಧಿಸುವ ಧೈರ್ಯ ತೋರುವುದಿಲ್ಲ; ಅವರಾಗಲೇ ಕೇಂದ್ರ ಮತ್ತು ಪಶ್ಚಿಮ ಬಂಗಾಳಗಳ ನಡುವೆ ಬೆಳೆಯುತ್ತಿರುವ ಸ್ನೇಹಭಂಗದ ಕುರುಹೆಂದು ಈ ಇಡೀ ವಿದ್ಯಮಾನವನ್ನು ಅರ್ಥೈಸಲು ಪ್ರಾರಂಭ ಮಾಡಿದ್ದಾರೆ.,1,caste,caste
ಮತ,"12ರಂದು ನಡೆಯಲಿದ್ದು, ಇದರ ಅಂಗವಾಗಿ ಏಕದಿನ ಧಾರ್ಮಿಕ ಮತ ಪ್ರಭಾಷಣ ನಡೆಯಲಿದೆ ಎಂದು ಕಾರ್ಯಕ್ರಮದ ಸ್ವಾಗತ ಸಮಿತಿ ಅಧ್ಯಕ್ಷ ಬಿ.",1,caste,caste
ಮತ,ನವದೆಹಲಿ: ಹಿಂದುಳಿದ ಹಲವು ಜಾತಿಗಳ ಮತ ಪಡೆದು ಬಿಜೆಪಿಯನ್ನು ಸೋಲಿಸಬಹುದು ಎಂಬ ಲೆಕ್ಕಾಚಾರದಲ್ಲಿ ಕಾಂಗ್ರೆಸ್ ಇದೆ.,1,caste,caste
ಮತ,"ಮನುಕುಲ ಒಂದೇ ಜಾತಿ ಎಂದು ಜಾತಿ, ಮತ ಭೇದ -ಭಾವಗಳನ್ನು ಸಮಾಜದಿಂದ ಕಿತ್ತೊಗೆಯಲು ಹೋರಾಟ ನಡೆಸಿದ್ದಾರೆ.",1,caste,caste
ಮತ,"ಹೀಗೆ ಬೇಡರಿಗೆ ಒಂದು ಧರ್ಮ, ಮತ ಮತ್ತು ಒಬ್ಬ ನೇತಾರನ ಮೂಲಕ ವೀರನ ಅಥವಾ ಸಂತನ ಆರಾಧನೆ ಇಲ್ಲ.",1,caste,caste
ಮತ,ಹೀಗೆ ಮತಿಹೀನವಾದ ಮತ ಜ್ಞಾನದ ಪ್ರಗತಿಗೆ ಅಡಚಣೆಯಾಗಿರುವುದಕ್ಕೆ ಸಾವಿರಾರು ನಿದರ್ಶನಗಳು ಹಿಂದೆಯೂ ಸಿಕ್ಕುತ್ತವೆ; ಇಂದೂ ದೊರೆಯುತ್ತವೆ.,1,caste,caste
ಮತ,"ಬಾಗಿಲು ಮುಚ್ಚಿದೆ: ಶ್ರೀರಾಮ ಸೇನೆ, ಶಿವಸೇನೆ ಸ್ಪರ್ಧೆಯಿಂದ ಹಿಂದುತ್ವದ ಮತ ಬ್ಯಾಂಕ್ ವಿಭಜನೆಯಾಗುತ್ತದೆ ನಿಜ.",1,caste,caste
ಮತ,ಮತ್ತು 5 ರಂದು ರಾತ್ರಿ ಧಾರ್ಮಿಕ ಮತ ಪ್ರಭಾಷಣ ನಡೆಯಲಿದೆ ಎಂದು ಹೇಳಿದರು.,1,caste,caste
ಮತ,ಕಾರ್ಯಕ್ರಮದ ರೂವಾರಿಗಳಾದ ಚಂದ್ರಶೇಖರ ಶಿವಾಚಾರ್ಯರು ಮಾತನಾಡಿ ಬಸವಣ್ಣನವರು ಕಾಯಕವನ್ನು ಅನುಭಾವದೆತ್ತರಕ್ಕೆ ಒಯ್ದವರು ಕಾಯಕ ಮಾಡಿದವರಿಗೆ ಮಾತ್ರ ಬದುಕಲು ಹಕ್ಕಿದೆಯೆಂದು ಹೇಳಿರುವ ಅರ್ಥ ಶಾಸ್ತ್ತ್ರಜ್ಞರು ಅವರು ಬೇರೆ ಇವರು ಬೇರೆ ಎನ್ನುವದು ಬೇಡ ನಮ್ಮ ಮತ ಮನುಜ ಮತವೆಂದು ಸಾರಿರುವ ಮಹಾ ಮಾನವತಾವಾದಿ ಈ ದೇಶದ ಬಹು ದೊಡ್ಡ ಸಮಾನತೆಯ ಸಾಧಕರು ಬಸವಣ್ಣನವರು.,1,caste,caste
ಮತ,"ಕರ್ನಾಟಕದ ಹೆಸರಿನಲ್ಲಿ ನಾವು ಜಾತಿ ಧರ್ಮ, ಮತ ಎಲ್ಲ ಬಿಟ್ಟು, ಎಲ್ಲ ಒಗ್ಗೂಡಿ, ನಮ್ಮ ನಾಡು, ಭಾಷೆ ರಕ್ಷಣೆ ಮಾಡುವ ವಿಚಾರದಲ್ಲಿ ನಾವೆಲ್ಲಾ ಒಟ್ಟಾಗಿ ಕೆಲಸ ಮಾಡುತ್ತೇವೆ.",1,caste,caste
ಮತ,ದೇಶದುದ್ದಗಲ ಮತ ಸೌಹಾರ್ದಕ್ಕೆ ಧಕ್ಕೆ ಉಂಟಾಗುತ್ತಿರುವ ಈ ಸಂದರ್ಭದಲ್ಲಿ ಮಂಗಳೂರಿನಲ್ಲಿ ನಡೆಯುತ್ತಿರುವ ಸೌಹಾರ್ದ ರ್ಯಾಲಿಯಲ್ಲಿ ಭಾಗವಹಿಸುತ್ತಿರುವುದು ನನಗೆ ಸಂತಸ ತಂದಿದೆ.,1,caste,caste
ಮತ,"ಸಣ್ಣ ಮಕ್ಕಳಿಂದ ಹಿಡಿದು ವೃದ್ಧರ ವರೆಗೆ ಯಾವುದೇ ಜಾತಿ, ಮತ ಭೇದವಿಲ್ಲದೆ ಎಲ್ಲರೂ ಸಂಸ್ಕೃತದಲ್ಲೇ ಮಾತನಾಡುತ್ತಾರೆ.",1,caste,caste
ಮತ,ಮುಸ್ಲಿಂ ಮತ ವಿಭಜನೆಯಾದರೆ ಕಾಂಗ್ರೆಸ್‌ಗೆ ನಷ್ಟ ಎಂಬ ಲೆಕ್ಕಾ ಚಾರ ನಡೆದಿದೆ.,1,caste,caste
ಮತ,ಸಣ್ಣಾಟಗಳು ಶೈವ ಮತ್ತು ವೈಷ್ಣವ ಮತ ಪ್ರಚಾರದ ಉದ್ದೇಶದಿಂದಲೇ ಹುಟ್ಟಿದವೆಂಬುದಂತೂ ಸತ್ಯ.,1,caste,caste
ಮತ,ಜಾತಿ ಮತ ಪಂಥಗಳ ಭೇದ ಕಾಣಿಸದು.,1,caste,caste
ಮತ,"ತಮ್ಮ ಭಾಗದ ಸಾಹಿತಿಗಳನ್ನು ಜಾತಿ ಮತ ಭೇದವಿಲ್ಲದೇ ಉನ್ನತ ಸ್ಥಾನಮಾನಗಳನ್ನು ಕೊಟ್ಟು ಪೂಜಿಸುವ ಬೆಂಗಳೂರು ಮತ್ತು ಮೈಸೂರು ಪ್ರಾಂತ್ಯಗಳಿಗೆ ಹೋಲಿಸಿದಾಗ ಉತ್ತರದ ಸಾಹಿತಿ, ಪಂಡಿತರುಗಳಿಗೆ ದೊರೆತ ಸ್ಥಾನಮಾನಗಳು ಕಮ್ಮಿಯೇ.",1,caste,caste
ಮತ,ಜಾತಿ ಮತ ಬೇಧವಿಲ್ಲದೆ ಎಲ್ಲರೂ ಇದರಲ್ಲಿ ಭಾಗಿಯಾಗಿದ್ದಾರೆ.,1,caste,caste
ಮತ,"ಮೋದಿ ಮಾತ್ರವೇ ಮುಖ್ಯ, 2014 ರ ಚುನಾವಣೆಯಲ್ಲಿ ಅಭ್ಯರ್ಥಿಗಳನ್ನು ಪಕ್ಕಕ್ಕಿಟ್ಟು, ಮೋದಿಯನ್ನು ಗಮನದಲ್ಲಿರಿಸಿಕೊಂಡು ಮತ ಹಾಕಿದ್ದರು ಎಂದು ಬಿಜೆಪಿ ನಾಯಕರೊಬ್ಬರು ಹೇಳಿದ್ದಾರೆ.",2,"ಅಭಿಪ್ರಾಯ, ಚುನಾವಣೆಗಳಲ್ಲಿ ಜನರು ತಮ್ಮ ಆಯ್ಕೆಯನ್ನು ಕುರಿತು ಸೂಚಿಸುವ ಅಭಿಪ್ರಾಯ","Opinon, Vote"
ಮತ,ಆದರೆ ಈ ಬಾರಿ 2014 ರ ಚುನಾವಣೆ ವೇಳೆಗೆ 12 ಕೋಟಿ ಯುವ ಮತದಾರರು ಮತ ಚಲಾಯಿಸುವ ಹಕ್ಕನ್ನು ಪಡೆಯಲಿದ್ದಾರೆ.,2,"ಅಭಿಪ್ರಾಯ, ಚುನಾವಣೆಗಳಲ್ಲಿ ಜನರು ತಮ್ಮ ಆಯ್ಕೆಯನ್ನು ಕುರಿತು ಸೂಚಿಸುವ ಅಭಿಪ್ರಾಯ","Opinon, Vote"
ಮತ,ಐದೂ ಮುಕ್ಕಾಲು ಲಕ್ಷ ಜನರು ನಿಖಿಲ್ ಕುಮಾರಸ್ವಾಮಿ ಅಥವಾ ಜನತಾದಳದ ಪರವಾಗಿ ಮತ ಹಾಕಿದ್ದೀರಿ.,2,"ಅಭಿಪ್ರಾಯ, ಚುನಾವಣೆಗಳಲ್ಲಿ ಜನರು ತಮ್ಮ ಆಯ್ಕೆಯನ್ನು ಕುರಿತು ಸೂಚಿಸುವ ಅಭಿಪ್ರಾಯ","Opinon, Vote"
ಮತ,ಪುತ್ತೂರು: ಕಬಕ ಹಾಗೂ 34 ನೆಕ್ಕಿಲಾಡಿ ಗ್ರಾಮ ಪಂಚಾಯತ್ ಗಳಲ್ಲಿ ತೆರವಾದ ತಲಾ ಒಂದೊಂದು ಸ್ಥಾನಗಳಿಗೆ ನಡೆದ ಚುವಾವನೆಯ ಮತ ಎಣಿಕೆ ಕಾರ್ಯ ಮೇ.,2,"ಅಭಿಪ್ರಾಯ, ಚುನಾವಣೆಗಳಲ್ಲಿ ಜನರು ತಮ್ಮ ಆಯ್ಕೆಯನ್ನು ಕುರಿತು ಸೂಚಿಸುವ ಅಭಿಪ್ರಾಯ","Opinon, Vote"
ಮತ,ಇದೇ ವೇಳೆ ಅವರು ಮಾರ್ಚ್ 21ಕ್ಕೂ ಮುನ್ನ ನಿರ್ಣಯದ ಪರ ಮತ ಹಾಕುವ ಗೊತ್ತುವಳಿಯನ್ನು ಸಂಸತ್ತಿನಲ್ಲಿ ಅಂಗೀಕರಿಸುವುದಾದರೆ ಡಿಎಂಕೆ ತನ್ನ ನಿರ್ಧಾರವನ್ನು ಪುನಃ ಪರಿಶೀಲಿಸಲು ಸಿದ್ಧವಿದೆ ಎಂದು ತಿಳಿಸಿದರು.,2,"ಅಭಿಪ್ರಾಯ, ಚುನಾವಣೆಗಳಲ್ಲಿ ಜನರು ತಮ್ಮ ಆಯ್ಕೆಯನ್ನು ಕುರಿತು ಸೂಚಿಸುವ ಅಭಿಪ್ರಾಯ","Opinon, Vote"
ಮತ,ರಾಹುಲ್​ ಜೋಶಿ: ಮಹಾಮೈತ್ರಿಗೆ ಮತ ಹಾಕುವಂತೆ ಮಾಯಾವತಿ ಮುಸ್ಲಿಮರಿಗೆ ಮನವಿ ಮಾಡಿದ್ದಾರೆ.,2,"ಅಭಿಪ್ರಾಯ, ಚುನಾವಣೆಗಳಲ್ಲಿ ಜನರು ತಮ್ಮ ಆಯ್ಕೆಯನ್ನು ಕುರಿತು ಸೂಚಿಸುವ ಅಭಿಪ್ರಾಯ","Opinon, Vote"
ಮತ,"ಬ್ರಿಟನ್ ಜನತೆ ಬ್ರೆಕ್ಸಿಟ್ ಪರವಾಗಿ ಮತ ಚಲಾಯಿಸಿದ ಬೆನ್ನಲ್ಲೇ ಚಿನ್ನದ ಬೆಲೆ 30,000 ಗಡಿ ದಾಟಿದೆ.",2,"ಅಭಿಪ್ರಾಯ, ಚುನಾವಣೆಗಳಲ್ಲಿ ಜನರು ತಮ್ಮ ಆಯ್ಕೆಯನ್ನು ಕುರಿತು ಸೂಚಿಸುವ ಅಭಿಪ್ರಾಯ","Opinon, Vote"
ಮತ,ಬೆಳಿಗ್ಗೆಯಿಂದಲೇ ಜನ ಮತಗಟ್ಟೆಗಳಿಗೆ ಬಂದು ಉತ್ಸಾಹದಿಂದ ಮತ ಚಲಾಯಿಸಿದರು.,2,"ಅಭಿಪ್ರಾಯ, ಚುನಾವಣೆಗಳಲ್ಲಿ ಜನರು ತಮ್ಮ ಆಯ್ಕೆಯನ್ನು ಕುರಿತು ಸೂಚಿಸುವ ಅಭಿಪ್ರಾಯ","Opinon, Vote"
ಮತ,ಪ್ರಜೆಗಳು ಚುನಾವಣೆಗಳಲ್ಲಿ ಆಳುವವರ ವಿರುದ್ಧ ಮತ ನೀಡುತ್ತಾರೆ.,2,"ಅಭಿಪ್ರಾಯ, ಚುನಾವಣೆಗಳಲ್ಲಿ ಜನರು ತಮ್ಮ ಆಯ್ಕೆಯನ್ನು ಕುರಿತು ಸೂಚಿಸುವ ಅಭಿಪ್ರಾಯ","Opinon, Vote"
ಮತ,ಸಂಜೆ 5 ಗಂಟೆಯಿಂದ ಮತ ಎಣಿಕೆ ಆರಂಭಗೊಂಡಿದ್ದು ಮೊದಲ ಸುತ್ತಿನಿಂದಲೇ ಅಜಿತ್‌ ಕುಮಾರ್‌ ರೈ ಮಾಲಾಡಿ ಮುನ್ನಡೆ ಕಾಯ್ದುಕೊಂಡಿದ್ದರು.,2,"ಅಭಿಪ್ರಾಯ, ಚುನಾವಣೆಗಳಲ್ಲಿ ಜನರು ತಮ್ಮ ಆಯ್ಕೆಯನ್ನು ಕುರಿತು ಸೂಚಿಸುವ ಅಭಿಪ್ರಾಯ","Opinon, Vote"
ಮತ,ಈ ವಿಶ್ವಾಸದಲ್ಲಿ ಈ ಬಾರಿಯೂ ರೂಹಾನಿಗೆ ಮತ ಹಾಕಿರುವುದಾಗಿ ಟೆಹ್ರಾನ್‌ನ ಅಲಿರೆಝ ನಿಕಪುರ್ ಎಂಬವರು ಮತದಾನ ನಡೆಸಿದ ಬಳಿಕ ಪ್ರತಿಕ್ರಿಯಿಸಿದ್ದಾರೆ.,2,"ಅಭಿಪ್ರಾಯ, ಚುನಾವಣೆಗಳಲ್ಲಿ ಜನರು ತಮ್ಮ ಆಯ್ಕೆಯನ್ನು ಕುರಿತು ಸೂಚಿಸುವ ಅಭಿಪ್ರಾಯ","Opinon, Vote"
ಮತ,ಚುನಾವಣಾ ಆಯೋಗವು ಮತದಾನದ ಸಂಖ್ಯೆ ಹೆಚ್ಚಿಸಲು ಹಲವು ಪ್ರಯತ್ನ ಮಾಡುತ್ತಿದ್ದರೂ ಮತದಾನದ ಪ್ರಮಾಣವನ್ನು ಹೆಚ್ಚಿಸಲು ಸಾಧ್ಯವಾಗುತ್ತಿಲ್ಲ ನಗರಗಳಿಗಿಂತ ಗ್ರಾಮೀಣ ಪ್ರದೇಶದಲ್ಲಿರುವ ಮತದಾರರಿಗೆ ಮತ ಚಲಾಯಿಸಲು ಆಸಕ್ತಿ ಜಾಸ್ತಿ ಎಂಬ ಅಭಿಪ್ರಾಯವನ್ನು ವ್ಯಕ್ತಪಡಿಸಿದ್ದು ಈ ಹಿನ್ನೆಲೆಯಲ್ಲಿ ಪಟ್ಟಣದಲ್ಲಿರುವ ಯುವಕರು ಯಾವುದೇ ಕಾರಣಕ್ಕೂ ಮತದಾನದಿಂದ ದೂರ ಉಳಿಯದಂತೆ ಮನವಿ ಮಾಡಿದರು.,2,"ಅಭಿಪ್ರಾಯ, ಚುನಾವಣೆಗಳಲ್ಲಿ ಜನರು ತಮ್ಮ ಆಯ್ಕೆಯನ್ನು ಕುರಿತು ಸೂಚಿಸುವ ಅಭಿಪ್ರಾಯ","Opinon, Vote"
ಮತ,ಮತ ಎಣಿಕೆ ಕೇಂದ್ರಕ್ಕೆ ಅಭ್ಯರ್ಥಿಗಳು ಹಾಗೂ ಅವರು ನಿಯೋಜಿಸಿದ ಏಜೆಂಟರುಗಳಿಗೆ ಮಾತ್ರ ಪ್ರವೇಶ ಕಲ್ಪಿಸಲಾಗುವುದು.,2,"ಅಭಿಪ್ರಾಯ, ಚುನಾವಣೆಗಳಲ್ಲಿ ಜನರು ತಮ್ಮ ಆಯ್ಕೆಯನ್ನು ಕುರಿತು ಸೂಚಿಸುವ ಅಭಿಪ್ರಾಯ","Opinon, Vote"
ಮತ,ಮತ ಹಾಕಿ ಮಾದರಿಯಾಗಿ - ರಾಕೇಶ್‌ ಮಯ್ಯ,2,"ಅಭಿಪ್ರಾಯ, ಚುನಾವಣೆಗಳಲ್ಲಿ ಜನರು ತಮ್ಮ ಆಯ್ಕೆಯನ್ನು ಕುರಿತು ಸೂಚಿಸುವ ಅಭಿಪ್ರಾಯ","Opinon, Vote"
ಮತ,"ಪಕ್ಷೇತರರಾಗಿದ್ದ ಅವರಿಗೆ 4,540 ಮತ ಬಿದ್ದಿದ್ದವು.",2,"ಅಭಿಪ್ರಾಯ, ಚುನಾವಣೆಗಳಲ್ಲಿ ಜನರು ತಮ್ಮ ಆಯ್ಕೆಯನ್ನು ಕುರಿತು ಸೂಚಿಸುವ ಅಭಿಪ್ರಾಯ","Opinon, Vote"
ಮತ,ಅಭ್ಯರ್ಥಿಯೋರ್ವ ಗೆಲ್ಲಬೇಕಾದರೆ ಒಟ್ಟು ಮತಗಳ ನಾಲ್ಕನೇ ಒಂದು ಭಾಗ ಮತ್ತು ಒಂದು ಹೆಚ್ಚುವರಿ ಮತ ಪಡೆಯಬೇಕಾಗುತ್ತದೆ.,2,"ಅಭಿಪ್ರಾಯ, ಚುನಾವಣೆಗಳಲ್ಲಿ ಜನರು ತಮ್ಮ ಆಯ್ಕೆಯನ್ನು ಕುರಿತು ಸೂಚಿಸುವ ಅಭಿಪ್ರಾಯ","Opinon, Vote"
ಮತ,"ಈ ನಿಯಮದ ಪ್ರಕಾರ, 18 ವರ್ಷ ದಾಟಿ ಮತ ಚಲಾಯಿಸುವ ಹಕ್ಕು ಪಡೆದಿರುವ ಪ್ರತಿಯೊಬ್ಬ ಮತದಾರನೂ ಕಡ್ಡಾಯವಾಗಿ ಮತದಾನ ಮಾಡಲೇಬೇಕು.",2,"ಅಭಿಪ್ರಾಯ, ಚುನಾವಣೆಗಳಲ್ಲಿ ಜನರು ತಮ್ಮ ಆಯ್ಕೆಯನ್ನು ಕುರಿತು ಸೂಚಿಸುವ ಅಭಿಪ್ರಾಯ","Opinon, Vote"
ಮತ,19- ರಾಜ್ಯಪಾಲರು 2018ರ ಆಗಿನ ಮುಖ್ಯಮಂತ್ರಿಗೆ ವಿಶ್ವಾಸ ಮತ ಸಾಬೀತುಪಡಿಸಲು 15 ದಿನಗಳ ಗಡುವು ಕೊಟ್ಟಿದ್ದರು.,2,"ಅಭಿಪ್ರಾಯ, ಚುನಾವಣೆಗಳಲ್ಲಿ ಜನರು ತಮ್ಮ ಆಯ್ಕೆಯನ್ನು ಕುರಿತು ಸೂಚಿಸುವ ಅಭಿಪ್ರಾಯ","Opinon, Vote"
ಮತ,ಹಾಗಾಗಿ ಜಿಲ್ಲೆಯ ಪ್ರಜ್ಞಾವಂತ ನಾಗರಿಕರು ಬಿಜೆಪಿ ಅಭ್ಯರ್ಥಿ ನಳಿನ್‌ಕುಮಾರ್ ಅವರಿಗೆ ಮತ ಚಲಾಯಿಸಬಾರದು.,2,"ಅಭಿಪ್ರಾಯ, ಚುನಾವಣೆಗಳಲ್ಲಿ ಜನರು ತಮ್ಮ ಆಯ್ಕೆಯನ್ನು ಕುರಿತು ಸೂಚಿಸುವ ಅಭಿಪ್ರಾಯ","Opinon, Vote"
ಮತ,ಬಿಜೆಪಿ ಹೆಚ್ಚು ಮತ ನೀಡಿದ್ದಕ್ಕೆ ಕುಡಿವ ನೀರು ಪೂರೈಕೆ ಬಂದ್‌,2,"ಅಭಿಪ್ರಾಯ, ಚುನಾವಣೆಗಳಲ್ಲಿ ಜನರು ತಮ್ಮ ಆಯ್ಕೆಯನ್ನು ಕುರಿತು ಸೂಚಿಸುವ ಅಭಿಪ್ರಾಯ","Opinon, Vote"
ಮತ,ಹುಡಿಮಣ್ಣಿನಲಿ ಹೊರಳಾಡಿ ಪದತಲದಿ ಮಲಗಿ ಮತ ಕೇಳುವವರಿದ್ದೂ,2,"ಅಭಿಪ್ರಾಯ, ಚುನಾವಣೆಗಳಲ್ಲಿ ಜನರು ತಮ್ಮ ಆಯ್ಕೆಯನ್ನು ಕುರಿತು ಸೂಚಿಸುವ ಅಭಿಪ್ರಾಯ","Opinon, Vote"
ಮತ,ಏನೇ ನಿರ್ಲಕ್ಷ್ಯ ಮಾಡಿದರೂ ದಲಿತರು ಕಾಂಗ್ರೆಸ್‍ಗೇ ಮತ ಹಾಕುತ್ತಾರೆ ಎನ್ನುವ ಭ್ರಮೆಯಲ್ಲಿ ಕಾಂಗ್ರೆಸ್ ಮುಖಂಡರು ಇರುವಂತಿದೆ.,2,"ಅಭಿಪ್ರಾಯ, ಚುನಾವಣೆಗಳಲ್ಲಿ ಜನರು ತಮ್ಮ ಆಯ್ಕೆಯನ್ನು ಕುರಿತು ಸೂಚಿಸುವ ಅಭಿಪ್ರಾಯ","Opinon, Vote"
ಮತ,"ಸಾಮಾಜಿಕ ಜಾಲತಾಣಗಳಲ್ಲದೆ ಕ್ಷೇತ್ರ ವ್ಯಾಪ್ತಿಯ ಪ್ರತಿಯೊಂದು ಮನೆ ಮತ್ತು ಧಾರ್ಮಿಕ, ಸಾಮಾಜಿಕ ಕೇಂದ್ರಗಳಿಗೂ ಭೇಟಿ ನೀಡಿ ಮತ ಯಾಚಿಸುತ್ತಿದ್ದೇವೆ.",2,"ಅಭಿಪ್ರಾಯ, ಚುನಾವಣೆಗಳಲ್ಲಿ ಜನರು ತಮ್ಮ ಆಯ್ಕೆಯನ್ನು ಕುರಿತು ಸೂಚಿಸುವ ಅಭಿಪ್ರಾಯ","Opinon, Vote"
ಮತ,ಬರೀ ಪಟ್ಟಣದ ಪ್ರದೇಶಗಳನ್ನು ಮಾತ್ರ ಗಣನೆಗೆ ತೆಗೆದುಕೊಂಡು ಗ್ರಾಮೀಣ ಭಾಗದ ಮತದಾರರು ಮತ ನೀಡಿಲ್ಲವೆಂದು ಕಡೆಗಣಿಸಿದ್ದಕ್ಕೆ ಮತದಾರರ ಕೆಂಗಣ್ಣಿಗೆ ಶಿವರಾಮ ಹೆಬ್ಬಾರ್ ಗುರಿಯಾಗಿದ್ದಾರೆ.,2,"ಅಭಿಪ್ರಾಯ, ಚುನಾವಣೆಗಳಲ್ಲಿ ಜನರು ತಮ್ಮ ಆಯ್ಕೆಯನ್ನು ಕುರಿತು ಸೂಚಿಸುವ ಅಭಿಪ್ರಾಯ","Opinon, Vote"
ಮತ,ಮತ ಚಲಾಯಿಸಿ ಅರಿವು ಮೂಡಿಸಿದ ನಟಿ ದೀಪಿಕಾ ಪಡುಕೋಣೆ,2,"ಅಭಿಪ್ರಾಯ, ಚುನಾವಣೆಗಳಲ್ಲಿ ಜನರು ತಮ್ಮ ಆಯ್ಕೆಯನ್ನು ಕುರಿತು ಸೂಚಿಸುವ ಅಭಿಪ್ರಾಯ","Opinon, Vote"
ಮತ,ಮತ ಚಲಾಯಿಸುವ ಮೂಲಕ ಅವರೆಲ್ಲರ ಶ್ರಮಕ್ಕೆ ಕೃತಜ್ಞತೆ ಸಲ್ಲಿಸುವ ಸಮಯ ಇದು.,2,"ಅಭಿಪ್ರಾಯ, ಚುನಾವಣೆಗಳಲ್ಲಿ ಜನರು ತಮ್ಮ ಆಯ್ಕೆಯನ್ನು ಕುರಿತು ಸೂಚಿಸುವ ಅಭಿಪ್ರಾಯ","Opinon, Vote"
ಮತ,ನಮಗೆ ಮತ ಹಾಕಿ ಎಂದು ಸುಳ್ಳು ಹೇಳಿಕೊಂಡು,2,"ಅಭಿಪ್ರಾಯ, ಚುನಾವಣೆಗಳಲ್ಲಿ ಜನರು ತಮ್ಮ ಆಯ್ಕೆಯನ್ನು ಕುರಿತು ಸೂಚಿಸುವ ಅಭಿಪ್ರಾಯ","Opinon, Vote"
ಮತ,ಮತ್ತು ಶನಿವಾರ ನಡೆದ ಮೊದಲ ಹಂತದ ಚುನಾವಣೆಯಲ್ಲಿ ಮತದಾನಕ್ಕೆ ಅಡ್ಡಿಪಡಿಸುವ ಶಕ್ತಿಗಳ ವಿರುದ್ಧ ಹೋರಾಡಿ ಮತ ಚಲಾಯಿಸಿದ ರಾಜ್ಯದ ಜನರಿಗೆ ನಾನು ಧನ್ಯವಾದ ಅರ್ಪಿಸುತ್ತೇನೆ ಎಂದು ಹೇಳಿದರು.,2,"ಅಭಿಪ್ರಾಯ, ಚುನಾವಣೆಗಳಲ್ಲಿ ಜನರು ತಮ್ಮ ಆಯ್ಕೆಯನ್ನು ಕುರಿತು ಸೂಚಿಸುವ ಅಭಿಪ್ರಾಯ","Opinon, Vote"
ಮತ,ಸೋಮವಾರ ಬೆಳಿಗ್ಗೆ ಮತ ಎಣಿಕೆ ಆರಂಭಗೊಂಡಾಗ ಸ್ವಲ್ಪ ಸಮಯ ಬಿಜೆಪಿ ಪರವಾಗಿ ಹೆಚ್ಚಿನ ಮತಗಳ ಘೋಷಣೆಯಾದಾಗ ಕೆಲ ಕಾಲ ಠಾಕೂರ್ ಉದ್ವಿಗ್ನಗೊಂಡಿದ್ದರು.,2,"ಅಭಿಪ್ರಾಯ, ಚುನಾವಣೆಗಳಲ್ಲಿ ಜನರು ತಮ್ಮ ಆಯ್ಕೆಯನ್ನು ಕುರಿತು ಸೂಚಿಸುವ ಅಭಿಪ್ರಾಯ","Opinon, Vote"
ಮತ,ಇಂತಹ ಪಕ್ಷಗಳಿಗೆ ಬಿಸಿಯೂಟ ನೌಕರರು ಎಂದಿಗೂ ಮತ ಚಲಾವಣೆ ಮಾಡುವುದಿಲ್ಲ.,2,"ಅಭಿಪ್ರಾಯ, ಚುನಾವಣೆಗಳಲ್ಲಿ ಜನರು ತಮ್ಮ ಆಯ್ಕೆಯನ್ನು ಕುರಿತು ಸೂಚಿಸುವ ಅಭಿಪ್ರಾಯ","Opinon, Vote"
ಮತ,ಮಧ್ಯಪ್ರದೇಶ ಕಾಂಗ್ರೆಸ್ ಮುಖಂಡ ಕಮಲನಾಥ್ ಅವರು ಶೇಕಡ 90ರಷ್ಟು ಮುಸ್ಲಿಮರು ಕಾಂಗ್ರೆಸ್‌ಗೆ ಮತ ಹಾಕಿದಲ್ಲಿ ಮಾತ್ರ ಪಕ್ಷ ಗೆಲ್ಲುತ್ತದೆ ಎಂದು ಕಳೆದ ವಿಧಾನಸಭಾ ಚುನಾವಣೆಯಲ್ಲಿ ಹೇಳಿದ ಸಂದರ್ಭದಲ್ಲಿ ಆದಿತ್ಯನಾಥ್ ಮೊಟ್ಟಮೊದಲ ಬಾರಿಗೆ ಅಲಿ- ಬಜರಂಗ ಬಲಿ ನಡುವಿನ ಹೋರಾಟ ಎಂದು ಬಣ್ಣಿಸಿದ್ದರು.,2,"ಅಭಿಪ್ರಾಯ, ಚುನಾವಣೆಗಳಲ್ಲಿ ಜನರು ತಮ್ಮ ಆಯ್ಕೆಯನ್ನು ಕುರಿತು ಸೂಚಿಸುವ ಅಭಿಪ್ರಾಯ","Opinon, Vote"
ಮತ,"ಶನಿವಾರ ಮತ ಎಣಿಕೆ, ಫಲಿತಾಂಶದತ್ತ ಎಲ್ಲರ ಚಿತ್ತ",2,"ಅಭಿಪ್ರಾಯ, ಚುನಾವಣೆಗಳಲ್ಲಿ ಜನರು ತಮ್ಮ ಆಯ್ಕೆಯನ್ನು ಕುರಿತು ಸೂಚಿಸುವ ಅಭಿಪ್ರಾಯ","Opinon, Vote"
ಮತ,ಜೇವರ್ಗಿ ಕ್ಷೇತ್ರದಲ್ಲಿ ಪಡೆಯುವ ಮತ ಹೆಚ್ಚಳವೇ ಕಲಬುರಗಿ ಲೋಕಸಭಾ ಕ್ಷೇತ್ರದ ಫಲಿತಾಂಶಕ್ಕೆ ನಾಂದಿಯಾಗಲಿದೆ.,2,"ಅಭಿಪ್ರಾಯ, ಚುನಾವಣೆಗಳಲ್ಲಿ ಜನರು ತಮ್ಮ ಆಯ್ಕೆಯನ್ನು ಕುರಿತು ಸೂಚಿಸುವ ಅಭಿಪ್ರಾಯ","Opinon, Vote"
ಮತ,"ಇಡೀ ದೇಶದ ಗಮನ ಸೆಳೆದಿರುವ ವಿಧಾನಸಭೆ ಚುನಾವಣೆಗೆ ದಿನಾಂಕ ನಿಗದಿಯಾಗಿದ್ದು, ಮಾರ್ಚ್ 12 ರಂದು ಶನಿವಾರ ಮತದಾನ, ಮಾರ್ಚ್ 15 ರಂದು ಮಂಗಳವಾರ ಮತ ಎಣಿಕೆ ನಡೆಯಲಿದೆ.",2,"ಅಭಿಪ್ರಾಯ, ಚುನಾವಣೆಗಳಲ್ಲಿ ಜನರು ತಮ್ಮ ಆಯ್ಕೆಯನ್ನು ಕುರಿತು ಸೂಚಿಸುವ ಅಭಿಪ್ರಾಯ","Opinon, Vote"
ಮತ,ಶಿವಸೇನೆ ಎಲ್ಲಾ ಶಾಸಕರಿಗೂ ವಿಪ್ ನೀಡಿ ವಿಶ್ವಾಸ ಮತದ ವಿರುದ್ಧ ಮತ ಚಲಾಯಿಸುವಂತೆ ಸೂಚಿಸಿತ್ತು.,2,"ಅಭಿಪ್ರಾಯ, ಚುನಾವಣೆಗಳಲ್ಲಿ ಜನರು ತಮ್ಮ ಆಯ್ಕೆಯನ್ನು ಕುರಿತು ಸೂಚಿಸುವ ಅಭಿಪ್ರಾಯ","Opinon, Vote"
ಮತ,ಹಣ ಹಂಚಿ ಮತ ಪಡೆಯುವ ಹೀನ ರಾಜಕಾರಣ ನಡೆಸಿದೆ ಎಂದು ಆರೋಪಿಸಿದ್ದಾರೆ.,2,"ಅಭಿಪ್ರಾಯ, ಚುನಾವಣೆಗಳಲ್ಲಿ ಜನರು ತಮ್ಮ ಆಯ್ಕೆಯನ್ನು ಕುರಿತು ಸೂಚಿಸುವ ಅಭಿಪ್ರಾಯ","Opinon, Vote"
ಮತ,ಕ್ಷೇತ್ರದಿಂದ ಹೊರಗುಳಿದ ತಮ್ಮ ಮತದಾರರನ್ನು ಕರೆಯಿಸಿ ಮತ ಚಲಾಯಿಸುವ ಕೆಲಸ ಎರಡು ಪಕ್ಷದಿಂದ ನಡೆದಿದೆ.,2,"ಅಭಿಪ್ರಾಯ, ಚುನಾವಣೆಗಳಲ್ಲಿ ಜನರು ತಮ್ಮ ಆಯ್ಕೆಯನ್ನು ಕುರಿತು ಸೂಚಿಸುವ ಅಭಿಪ್ರಾಯ","Opinon, Vote"
ಮತ,ಅವರಿಗೆ ಮತ್ತೆ ಮತ ಹಾಕುತ್ತೀರಾ?,2,"ಅಭಿಪ್ರಾಯ, ಚುನಾವಣೆಗಳಲ್ಲಿ ಜನರು ತಮ್ಮ ಆಯ್ಕೆಯನ್ನು ಕುರಿತು ಸೂಚಿಸುವ ಅಭಿಪ್ರಾಯ","Opinon, Vote"
ಮತ,ಈ ನಿಟ್ಟಿನಲ್ಲಿ ಆಯಾ ಕ್ಷೇತ್ರಗಳ ನಿಗದಿತ ಮತ ಎಣಿಕೆ ಕೇಂದ್ರಗಳ ಸ್ಟ್ರಾಂಗ್ ರೂಂಗಳಲ್ಲಿ ಇವಿಎಂಗಳನ್ನು ಭದ್ರವಾಗಿಡಲಾಗಿದೆ.,2,"ಅಭಿಪ್ರಾಯ, ಚುನಾವಣೆಗಳಲ್ಲಿ ಜನರು ತಮ್ಮ ಆಯ್ಕೆಯನ್ನು ಕುರಿತು ಸೂಚಿಸುವ ಅಭಿಪ್ರಾಯ","Opinon, Vote"
ಮತ,"ಪ್ರಧಾನಿ ಮೋದಿಯನ್ನು ತೋರಿಸಿ ಮತ ಕೇಳುವುದೆಂದರೆ ಅಪ್ಪನನ್ನು ತೋರಿಸಿ ಮಗನಿಗೆ ಹೆಣ್ಣು ಕೇಳಿದಂತೆ - ಮಲ್ಲಿಕಾರ್ಜುನ ಖರ್ಗೆ, ಕಾಂಗ್ರೆಸ್ ನಾಯಕ",2,"ಅಭಿಪ್ರಾಯ, ಚುನಾವಣೆಗಳಲ್ಲಿ ಜನರು ತಮ್ಮ ಆಯ್ಕೆಯನ್ನು ಕುರಿತು ಸೂಚಿಸುವ ಅಭಿಪ್ರಾಯ","Opinon, Vote"
ಮದ್ದು,"ಈ ವಿಧಾನವು ಬೆಳವಣಿಗೆಗಳು ಕೆ Silin, ಮದ್ದು ಗುಂಡಿನ ಪೆಟ್ಟಿಗೆ ಯಾ ಬಂಡಿ ಅಡಿಪಾಯ, ಸಾಮಾನ್ಯವಾಗಿ ತುಂಬಿದ ಒಂದು ಹೆಚ್ಚು ರೆಸಲ್ಯೂಶನ್, ಹೊಂದಿರುವ ವಸ್ತುಗಳು ಕಾಮಗಾರಿಯಲ್ಲಿ ಬಳಸಿದ ಹೊರಗಿಟ್ಟಿತು ವ್ಯತ್ಯಾಸವೆಂದರೆ ಜೊತೆ ಟ್ರಾನ್ಸ್ ಸೈಬೀರಿಯನ್ ಕಲಿತ .",1,"ಅಗ್ನಿಸ್ಫೋಟಕ, ಸಿಡಿ ಮದ್ದು",Gunpowder
ಮದ್ದು,ಅದರ ಮೇಲೆ ಹೆಲಿಕಾಪ್ಟರ್ನಲ್ಲಿ ಮದ್ದು ಬಿಡುತ್ತಿದ್ದರೆಂದು ಜನ ಹೇಳುತ್ತಿದ್ದರು ಎಂದು ಸುಶೀಲ್ ನೆನಪಿಸಿಕೊಳ್ಳುತ್ತಾರೆ.,1,"ಅಗ್ನಿಸ್ಫೋಟಕ, ಸಿಡಿ ಮದ್ದು",Gunpowder
ಮದ್ದು,"ಸುಳುಗೋಡು ಗ್ರಾಮದಲ್ಲಿ ಸಾವಿಗೀಡಾದ ಕಾಡಾನೆ ದೇಹದಲ್ಲಿ ಎರಡು ಮದ್ದು ಗುಂಡುಗಳು ಪತ್ತೆಯಾಗಿದ್ದು, ಶವ ಪರೀಕ್ಷೆ ಸಂದರ್ಭ ಸಿಕ್ಕಿದ ಮದ್ದುಗುಂಡುಗಳನ್ನು ವಶ ಪಡಿಸಿಕೊಳ್ಳಲಾಗಿದೆ ಎಂದು ತಿಳಿದು ಬಂದಿದೆ.",1,"ಅಗ್ನಿಸ್ಫೋಟಕ, ಸಿಡಿ ಮದ್ದು",Gunpowder
ಮದ್ದು,ಮದ್ದು ಗುಂಡು ಫಿರಂಗಿಗಳ ಅಮೆರಿಕ ಸಂಯುಕ್ತ ಸಂಸ್ಥಾನದ ಸೈನ್ಯದ ಮುಂದೆ ಗರುಡನ ಗರಿಯ ಯುವಕರು ಇರುವೆಗಳಂತೆ ಸತ್ತರು.,1,"ಅಗ್ನಿಸ್ಫೋಟಕ, ಸಿಡಿ ಮದ್ದು",Gunpowder
ಮದ್ದು,"ನೀವು ಈಗಾಗಲೇ ಯಾವುದೇ ಮದ್ದು ನೀವು ಸ್ಫೋಟಕ ಮಾಡಲು ನಿಖರವಾಗಿ ಹೇಗೆ ತಿಳಿದಿರುವಂತೆ, ಸ್ಪೋಟಕ ಮಾಡಬಹುದು ತಿಳಿದಿದೆ ಮದ್ದು.",1,"ಅಗ್ನಿಸ್ಫೋಟಕ, ಸಿಡಿ ಮದ್ದು",Gunpowder
ಮದ್ದು,ಬಳಕೆಯಾಗುತಿವೆ ಅದೇ ಮದ್ದು ಗುಂಡುಗಳು,1,"ಅಗ್ನಿಸ್ಫೋಟಕ, ಸಿಡಿ ಮದ್ದು",Gunpowder
ಮದ್ದು,ಸುತ್ತಮುತ್ತ ಮದ್ದು ಗುಂಡುಗಳು ಹಾರುತ್ತಿದ್ದರೂ ಕಲ್ಲುಗಳ ತೂರಾಟ ಹೆಚ್ಚಾಗಿದ್ದರೂ ಅಲ್ಲಿ ಪ್ರೇಮಪುಷ್ಪಗಳು ಯಥಾಪ್ರಕಾರ ಅರಳುತ್ತಲೇ ಇವೆ.,1,"ಅಗ್ನಿಸ್ಫೋಟಕ, ಸಿಡಿ ಮದ್ದು",Gunpowder
ಮದ್ದು,"9: ಭಾರತದ ಕ್ರಿಕೆಟ್ ನಿಯಂತ್ರಣ ಮಂಡಳಿ(ಬಿಸಿಸಿಐ) ಕೊನೆಗೂ ರಾಷ್ಟ್ರೀಯ ಉದ್ದೀಪನಾ ಮದ್ದು ನಿಗ್ರಹ ಘಟಕ(ನಾಡಾ)ವ್ಯಾಪ್ತಿಗೆ ಸೇರ್ಪಡೆಯಾಗಲು ಒಪ್ಪಿಕೊಂಡಿದ್ದು, ಆರ್ಥಿಕವಾಗಿ ಸ್ವಾಯತ್ತತೆ ಹೊಂದಿದ್ದರೂ ಇದೀಗ ಅಧಿಕೃತವಾಗಿ ರಾಷ್ಟ್ರೀಯ ಕ್ರೀಡಾ ಒಕ್ಕೂಟವಾಗಲಿದೆ.",1,"ಅಗ್ನಿಸ್ಫೋಟಕ, ಸಿಡಿ ಮದ್ದು",Gunpowder
ಮದ್ದು,"ವಿನ್ಯಾಸದ ಪ್ರಕಾರ, ರೆಕ್ಕೆ ಎಎನ್ -26 (ಫೋಟೋ ವಿಮಾನ ಸಂಪೂರ್ಣವಾಗಿ ದೃಢೀಕರಿಸಲ್ಪಟ್ಟಿದೆ), ಮದ್ದು ಗುಂಡಿನ ಪೆಟ್ಟಿಗೆ ಯಾ ಬಂಡಿ ವಿಧವನ್ನು ಸೂಚಿಸಲು ಮತ್ತು ರೆಕ್ಕೆ, ರಿಬ್ ಟ್ರಿಮ್ ಮತ್ತು 23 ಒಳಗೊಂಡಿದೆ.",1,"ಅಗ್ನಿಸ್ಫೋಟಕ, ಸಿಡಿ ಮದ್ದು",Gunpowder
ಮದ್ದು,"ನಿಜವಿಷಯ ತಿಳಿದರೆ ನಾವು ಕದ್ದಿದ್ದ ಮದ್ದು ಗುಂಡು ರವೆ ತೋಟಾ ಎಲ್ಲ ಬಯಲಿಗೆ ಬಂದು, ತನಗೆ (ಏಕೆಂದರೆ ನನಗೆ ಆಗಲೆ ಸಿಡಿಮದ್ದಿನ ಶಿಕ್ಷೆ ಆಗಿದ್ದುದರಿಂದ ನನ್ನ ಮೇಲೆ ಸಹಾನುಭೂತಿ ತೋರಿಸಿ, ತಪ್ಪನ್ನೆಲ್ಲ ತನಗಿಂತಲೂ ತುಸು ಹಿರಿಯನಾಗಿದ್ದ ಅವನೊಬ್ಬನ ಮೇಲೆ ಹೊರಿಸುವುದರಲ್ಲಿ ಅವನಿಗೆ ಸಂದೇಹವಿರಲಿಲ್ಲ!",1,"ಅಗ್ನಿಸ್ಫೋಟಕ, ಸಿಡಿ ಮದ್ದು",Gunpowder
ಮದ್ದು,"ಮದ್ದು ಗುಂಡುಗಳನ್ನು, ಶಸ್ತ್ರಾಸ್ತ್ರಗಳನ್ನು ಶೇಖರಿಸಿ ಸುರಪುರಕ್ಕೆ ಸಾಗಿಸುವ ಕಾಯ್ ಆತನದಾಯಿತು.",1,"ಅಗ್ನಿಸ್ಫೋಟಕ, ಸಿಡಿ ಮದ್ದು",Gunpowder
ಮದ್ದು,"ಹೊಸದಿಲ್ಲಿ: ಚೀನಾದ ತಂಟೆಕೋರತನಕ್ಕೆ ಸರಿಯಾಗಿ ಮದ್ದು ಅರೆಯಲು ನಿರ್ಧರಿಸಿರುವ ಭಾರತ, ಪೂರ್ವಗಡಿಯಲ್ಲಿ ಸುಧಾರಿತ ಬ್ರಹ್ಮೋಸ್ ಕ್ಷಿಪಣಿ ಪಡೆ ನಿಯೋಜಿಸಲು ನಿರ್ಧರಿಸಿದೆ.",1,"ಅಗ್ನಿಸ್ಫೋಟಕ, ಸಿಡಿ ಮದ್ದು",Gunpowder
ಮದ್ದು,"ಅವರಿಗೆ ಮದ್ದು ಗುಂಡುಗಳು ಎಲ್ಲಿಂದ ಸಿಕ್ಕಿತು, ಯಾಕಾಗಿ ತಂದರು ಎಂಬುವುದು ತಿಳಿದು ಬಂದಿಲ್ಲ.",1,"ಅಗ್ನಿಸ್ಫೋಟಕ, ಸಿಡಿ ಮದ್ದು",Gunpowder
ಮದ್ದು,ವಿಜಯಪುರದ ಗ್ರಾಮದೇವತೆ ಶ್ರೀ ಸಿದ್ದರಾಮೇಶ್ವರ ಜಾತ್ರೆಯ ಶತಮಾನೋತ್ಸವದ ಅಂಗವಾಗಿ ಜಿಲ್ಲಾ ಕ್ರೀಡಾಂಗಣದಲ್ಲಿ ನಡೆದ ಚಿತ್ರ ವಿಚಿತ್ರ ಮದ್ದು ಸುಡುವ ಕಾರ್ಯಕ್ರಮದಲ್ಲಿ ಮೇಲಿನಿಂದ ಕೇಳಕ್ಕೆ ಬೀಳುತ್ತಿರುವ ಬೆಳಕಿನ ಚುಕ್ಕಿಗಳು,1,"ಅಗ್ನಿಸ್ಫೋಟಕ, ಸಿಡಿ ಮದ್ದು",Gunpowder
ಮದ್ದು,"ತಂಪಾದ ನಮ್ಮ ಮಲೆನಾಡಿನ ಸಮಸ್ಯೆಗೆ ಪರಿಹಾರ ಮದ್ದು ಗುಂಡು, ರಕ್ತ ಕ್ರಾಂತಿಯಿಂದ ಎಂಬ ವದಂತಿ ಹಬ್ಬುವವರೆಗೆ ಸರಕಾರ ಸುಮ್ಮನೆ ಕುಳಿತಿದ್ದು ದೊಡ್ಡ ತಪ್ಪು.",1,"ಅಗ್ನಿಸ್ಫೋಟಕ, ಸಿಡಿ ಮದ್ದು",Gunpowder
ಮದ್ದು,ಇದು ಅದರ ವ್ಯಾಸದ ಬಹಳ ಮದ್ದು ಗುಂಡಿನ ಪೆಟ್ಟಿಗೆ ಯಾ ಬಂಡಿ ಹೋಲಿಸಿದರೆ ಸ್ವಲ್ಪ ದೊಡ್ಡ ಎಂದು ಪರಿಗಣಿಸಲು ಮುಖ್ಯ -.,1,"ಅಗ್ನಿಸ್ಫೋಟಕ, ಸಿಡಿ ಮದ್ದು",Gunpowder
ಮದ್ದು,ಕಣ್ಣೂರು: ಕರ್ನಾಟಕದ ಬೆಳ್ತಂಗಡಿ ಯಲ್ಲಿ ಭಾರೀ ಪ್ರಮಾಣದ ಆನೆದಂತ ಸಹಿತ ಸೆರೆಗೀಡಾದ ಆರೋಪಿಗಳ ಪೈಕಿ ಓರ್ವನಾದ ಕಣ್ಣೂರು ನಿವಾಸಿಯ ಮನೆ ಯಿಂದ ಅರಣ್ಯಾಧಿಕಾರಿಗಳು ಮದ್ದು ಗುಂಡುಗಳನ್ನು ಪತ್ತೆಹಚ್ಚಿ ವಶಪಡಿಸಿ ಕೊಂಡಿದ್ದಾರೆ.,1,"ಅಗ್ನಿಸ್ಫೋಟಕ, ಸಿಡಿ ಮದ್ದು",Gunpowder
ಮದ್ದು,"ಬಾಗಲಕೋಟೆ: ವಿಧಾನಸಭೆ ಚುನಾವಣೆ ಹಿನ್ನೆಲೆಯಲ್ಲಿ ಶಾಂತಿ, ಸುವ್ಯವಸ್ಥೆ ಕಾಪಾಡಲು ಪರವಾನಗಿ ಹೊಂದಿದ ಶಸ್ತ್ರಾಸ್ತ್ರಗಳನ್ನು ಹಾಗೂ ಮದ್ದು ಗುಂಡುಗಳನ್ನು ಸಂಬಂಧಿಸಿದ ಪೋಲಿಸ್ ಠಾಣೆ ಅಥವಾ ಆಯುಧ ಮಾರಾಟಗಾರರಲ್ಲಿ ಜಮೆ ಮಾಡಬೇಕು ಎಂದು ಜಿಲ್ಲಾಧಿಕಾರಿ ಕೆ.",1,"ಅಗ್ನಿಸ್ಫೋಟಕ, ಸಿಡಿ ಮದ್ದು",Gunpowder
ಮದ್ದು,ಸುರಂಗ ನಿರ್ಮಾಣವಾಗುತ್ತಿದ್ದಾಗ ಸೃಷ್ಟಿಸುತ್ತದೆ ಮದ್ದು ಗುಂಡಿನ ಪೆಟ್ಟಿಗೆ ಯಾ ಬಂಡಿ ಉಪಯೋಗಿಸಲಾಗಿತ್ತು ವಿಪರೀತ ಒತ್ತಡ ನದಿ ಹಾಸಿಗೆ ಅಡಿಯಲ್ಲಿ ನೀರಿನ ಒಳನುಸುಳುವಿಕೆಗೆ ಪ್ರತಿರೋಧಿಸಲು.,1,"ಅಗ್ನಿಸ್ಫೋಟಕ, ಸಿಡಿ ಮದ್ದು",Gunpowder
ಮದ್ದು,ಮದ್ದು ಗುಂಡುಗಳ ಕಾರಖಾನೆಯನ್ನು ಶುರುಮಾಡಿದ.,1,"ಅಗ್ನಿಸ್ಫೋಟಕ, ಸಿಡಿ ಮದ್ದು",Gunpowder
ಮದ್ದು,"ವಿಟ್ಲ: ಮಾದಕ ವಸ್ತು ಮಾರಾಟಮಾಡುತ್ತಿದ್ದ ವಿಟ್ಲ ನಿವಾಸಿ ಸಹಿತ ಐವರು ಆರೋಪಿಗಳನ್ನು ಬಂಧಿಸಿರುವ ಮಂಗಳೂರು ದಕ್ಷಿಣ ರೌಡಿ ನಿಗ್ರಹ ದಳದ ಪೊಲೀಸರು ಮಾದಕ ವಸ್ತು MDMA Crystal 2 ಪಿಸ್ತೂಲ್, 22 ಮದ್ದು ಗುಂಡುಗಳನ್ನು ವಶಪಡಿಸಿಕೊಂಡ ಘಟನೆ ಆ.",1,"ಅಗ್ನಿಸ್ಫೋಟಕ, ಸಿಡಿ ಮದ್ದು",Gunpowder
ಮದ್ದು,ಈ ಸಿದ್ದೇಶ್ವರ ಜಾತ್ರೆಯ ಮುಖ್ಯ ಸೆಳೆತ ಪಟಾಕಿ ಮದ್ದು ಸುಡುವ ಕಾರ್ಯಕ್ರಮ.,1,"ಅಗ್ನಿಸ್ಫೋಟಕ, ಸಿಡಿ ಮದ್ದು",Gunpowder
ಮದ್ದು,ಈ ರಾಕೆಟ್​ಗಳ ಒಳಗೆ ಮದ್ದು ತುಂಬಿ ಚಿಮ್ಮಿಸಿದರೆ ಸುಮಾರು ಒಂದೂವರೆ ಕಿ.,1,"ಅಗ್ನಿಸ್ಫೋಟಕ, ಸಿಡಿ ಮದ್ದು",Gunpowder
ಮದ್ದು,ಕ್ಷಿಪಣಿ ಮದ್ದು ಗುಂಡುಗಳ ಸಂಗ್ರಹ ಕಡಿಮೆಯಾದೊಡನೆ ಯುದ್ಧ ನಿಲ್ಲಬೇಕಾಗುತ್ತದೆ.,1,"ಅಗ್ನಿಸ್ಫೋಟಕ, ಸಿಡಿ ಮದ್ದು",Gunpowder
ಮದ್ದು,ಸೆಡ್ ಆರೋಹಿಸುವಾಗ ಸಾಧನದಲ್ಲಿ ನೆಲದಲ್ಲಿ ತಯಾರಿಸಲಾಗುತ್ತದೆ ಕವಚವನ್ನು ಸುಮಾರು ಎರಡು ಮೀಟರ್ ಆಳ ಮದ್ದು ಗುಂಡಿನ ಪೆಟ್ಟಿಗೆ ಯಾ ಬಂಡಿ ಸೇರಿಸಲಾಗಿದೆ.,1,"ಅಗ್ನಿಸ್ಫೋಟಕ, ಸಿಡಿ ಮದ್ದು",Gunpowder
ಮದ್ದು,ಗಾಂಧೀಜಿಯವರು ವಶಾಹತುಶಾಹಿ ಮದ್ದು ಗುಂಡುಗಳ ಸಾಮ್ರಾಜ್ಯಶಾಹಿ ಚರಿತ್ರೆಯ ಗರ್ವವನ್ನು ತಣ್ಣಗೆ ಮೌನದಲ್ಲಿ ಹೊಡೆದುರುಳಿಸಿದರು.,1,"ಅಗ್ನಿಸ್ಫೋಟಕ, ಸಿಡಿ ಮದ್ದು",Gunpowder
ಮದ್ದು,"ಇಬ್ಬರು ದಾಳಿಕೋರರ ಶವಗಳನ್ನು ಹೊರತೆಗೆಯಲಾಗಿದ್ದು ಅವರ ಬಳಿಯಿದ್ದ ಎಕೆ-47 ರೈಫಲ್, ಪಿಸ್ತೂಲ್ ಮತ್ತು 12ಕ್ಕೂ ಅಧಿಕ ಮದ್ದು ಗುಂಡುಗಳನ್ನು ವಶಪಡಿಸಿಕೊಳ್ಳಲಾಗಿದೆ ಎಂದು ಗಡಿ ಭದ್ರತಾ ಪಡೆ ತಿಳಿಸಿದೆ.",1,"ಅಗ್ನಿಸ್ಫೋಟಕ, ಸಿಡಿ ಮದ್ದು",Gunpowder
ಮದ್ದು,"ವಾಡಾದ ಮಹಾನಿರ್ದೇಶಕ ಹಾಲಿವರ್ ನಿಗ್ಲೆ, ಉದ್ದೀಪನ ಮದ್ದು ಪರೀಕ್ಷೆ ನಡೆಸುವ ಬಗ್ಗೆ ಐಸಿಸಿಯೊಂದಿಗೆ ಈಗಾಗಲೇ ಮಾತುಕತೆ ನಡೆಸಲಾಗಿದೆ.",1,"ಅಗ್ನಿಸ್ಫೋಟಕ, ಸಿಡಿ ಮದ್ದು",Gunpowder
ಮದ್ದು,ನೀವು ಮದ್ದು ಸ್ಫೋಟದಿಂದಾಗಿ ಎಸೆಯಲು ಎಂಬುದನ್ನು ಗಮನಿಸಿ.,1,"ಅಗ್ನಿಸ್ಫೋಟಕ, ಸಿಡಿ ಮದ್ದು",Gunpowder
ಮದ್ದು,ಅದನ್ನು ಹೊಡೆಯಬೇಕಾದರೆ ನಾವು ಮದ್ದು ಗುಂಡುಗಳನ್ನೇ ತಯಾರು ಮಾಡಿಕೊಳ್ಳಬೇಕು.,1,"ಅಗ್ನಿಸ್ಫೋಟಕ, ಸಿಡಿ ಮದ್ದು",Gunpowder
ಮದ್ದು,ಏನನ್ನು ಮದ್ದು ಗುಂಡಿನ ಪೆಟ್ಟಿಗೆ ಯಾ ಬಂಡಿ ಆಳ ಇರುತ್ತದೆ ಉದಾಹರಣೆ ನೋಡೋಣ.,1,"ಅಗ್ನಿಸ್ಫೋಟಕ, ಸಿಡಿ ಮದ್ದು",Gunpowder
ಮದ್ದು,ಮಹಾರಾಷ್ಟ್ರದ ಎಸ್ ಐ ಟಿ ತಂಡ ಇವರನ್ನು ಬಂಧಿಸಿದಾಗ ಬಂಧಿತರಿಂದ ಪಿಸ್ತೂಲ್ ಗಳು ಹಾಗೂ ಮದ್ದು ಗುಂಡುಗಳು ಸಿಕ್ಕಿದ್ದವು.,1,"ಅಗ್ನಿಸ್ಫೋಟಕ, ಸಿಡಿ ಮದ್ದು",Gunpowder
ಮದ್ದು,"ಶ್ರೀನಗರ: ಮಹತ್ವದ ಕಾರ್ಯಾಚರಣೆಯೊಂದರಲ್ಲಿ ಸೇನಾಯೋಧರು ಇಬ್ಬರು ಉಗ್ರರನ್ನು ಹತ್ಯೆ ಮಾಡಿ, ₹2000 ಮುಖ ಬೆಲೆಯ ನೋಟು ಸೇರಿದಂತೆ ಅಪಾರ ಪ್ರಮಾಣದ ಮದ್ದು ಗುಂಡುಗಳನ್ನು ಮಂಗಳವಾರ ವಶಪಡಿಸಿಕೊಂಡಿದ್ದಾರೆ.",1,"ಅಗ್ನಿಸ್ಫೋಟಕ, ಸಿಡಿ ಮದ್ದು",Gunpowder
ಮದ್ದು,ಇಂಧನ ಎಂಜಿನ್ ಮತ್ತು ಮದ್ದು ಗುಂಡಿನ ಪೆಟ್ಟಿಗೆ ಯಾ ಬಂಡಿ ತೊಟ್ಟಿಯ ಮೈಕಟ್ಟಿನ ಪೂರೈಸಲಾಗುತ್ತದೆ.,1,"ಅಗ್ನಿಸ್ಫೋಟಕ, ಸಿಡಿ ಮದ್ದು",Gunpowder
ಮದ್ದು,ಹತ ನಕ್ಸಲೀಯರಿಂದ ಭಾರೀ ಪ್ರಮಾಣದ ಶಸ್ತ್ರಾಸ್ತ್ರಗಳು ಮತ್ತು ಮದ್ದು ಗುಂಡುಗಳನ್ನು ವಶಪಡಿಸಿಕೊಳ್ಳಲಾಗಿದೆ.,1,"ಅಗ್ನಿಸ್ಫೋಟಕ, ಸಿಡಿ ಮದ್ದು",Gunpowder
ಮದ್ದು,"ಎರಡನೇ ಸುತ್ತಿನಲ್ಲಿ ಪ್ರಖ್ಯಾತ ರಂಗಭೂಮಿ ಕಲಾವಿದೆ ಚಿಂದೋಡಿ ಲೀಲಾ ಪರಿಚಯ, ಬ್ಯಾಡಗಿ ಮೆಣಸಿನಕಾಯಿಯ ವಿಶೇಷ, ಚನ್ನಗಿರಿ ರಂಗಪ್ಪ ಕ್ಲಾಕ್ ಟವರ್‌ ಸ್ಪೆಷಲ್‌, ಚಿತ್ರದುರ್ಗದ ಕೋಟೆಯಲ್ಲಿರುವ ಮದ್ದು ಗುಂಡು ಅರೆಯುವ ಕಲ್ಲು, ಹರಿಹರದ ಹರಿಹರೇಶ್ವರ ದೇವಸ್ಥಾನದ ಬಗ್ಗೆ ಪ್ರಾದೇಶಿಕತೆಯ ಮಾಹಿತಿಯನ್ನು ಸ್ಪರ್ಧಿಗಳ ಮೂಲಕವೇ ಪ್ರೇಕ್ಷಕರಿಗೂ ಹಂಚಲಾಯಿತು.",1,"ಅಗ್ನಿಸ್ಫೋಟಕ, ಸಿಡಿ ಮದ್ದು",Gunpowder
ಮದ್ದು,ಆದ್ರೆ ಭಾರತೀಯ ಅಥ್ಲೀಟ್‌ಗಳಿಗೆ ಉದ್ದೀಪನ ಮದ್ದು ಸೇವನೆ ಭೀತಿ ಕಾಡುತ್ತಿದೆ.,2,ಔಷಧ,Medicine
ಮದ್ದು,ಈಗ ನಾನು ರಾಷ್ಟ್ರೀಯ ಉದ್ದೀಪನ ಮದ್ದು ತಡೆ ಘಟಕದ (ನಾಡಾ) ಶಿಸ್ತು ಸಮಿತಿ ಮುಂದೆ ವಿಚಾರಣೆಗೆ ಹಾಜರಾಗಬೇಕು.,2,ಔಷಧ,Medicine
ಮದ್ದು,"ಇದು ಸಾಧ್ಯವಾಗದಿದ್ದಾಗ, ಅರಣ್ಯ ಇಲಾಖೆ ಸಹಾಯದೊಂದಿಗೆ ಅರವಳಿಕೆ ಮದ್ದು ನೀಡಿ ಬಳಿಕ ತಲೆಯನ್ನು ಹೊರ ತೆಗೆದಿದ್ದಾರೆ ಎಂದು ವರದಿಯಾಗಿದೆ.",2,ಔಷಧ,Medicine
ಮದ್ದು,ಬದಲಿ ಒಂದು ಮದ್ದು ಸರಿಯಾದ ಮಾತ್ರ ವೈದ್ಯರಾಗಿದ್ದ ಸೇರಿದೆ.,2,ಔಷಧ,Medicine
ಮದ್ದು,ಇದಕ್ಕೆ ಅಭಿವೃದ್ಧಿಯೊಂದೇ ಮದ್ದು ಎಂದೂ ಪ್ರತಿಪಾದಿಸಿದ್ದಾರೆ.,2,ಔಷಧ,Medicine
ಮದ್ದು,ಪುರುಷರಲ್ಲಿ ವೀರ್ಯಾಣು ಹೆಚ್ಚಿಸಲು ಇಲ್ಲಿದೆ ಮನೆ ಮದ್ದು,2,ಔಷಧ,Medicine
ಮದ್ದು,ಮದ್ದು ದೈನಂದಿನ ಡೋಸೇಜ್ ಸಾಮಾನ್ಯವಾಗಿ ಒಳಗೆ 2 ಅಥವಾ 3 ಪ್ರಮಾಣದಲ್ಲಿ ವಿಂಗಡಿಸಲಾಗಿದೆ.,2,ಔಷಧ,Medicine
ಮದ್ದು,"ಈ ಮದ್ದು ಕಣ್ಣಿನ ರೂಪದಲ್ಲಿ ಸರಬರಾಜಾದ ಕೊಳವೆ ಡ್ರಾಪರ್ ಒಂದು ಮಿಲಿ ಲೀಟರ್ ಒಂದೂವರೆ ಮಿಲಿಲೀಟರ್ಗಳ 20 tiprotsentnyh, ಹಾಗೂ ಪೆಟ್ಟಿಗೆಗಳು ಪ್ಯಾಕಿಂಗ್ ಪಾಲಿಮರ್ ಕೊಳವೆ ಡ್ರಾಪರ್ ಮತ್ತು ಒಂದೂವರೆ ಮಿಲಿಲೀಟರ್ಗಳ, ಒಂದನ್ನು ನೂರು ಗೆ ಸಿರಿಂಜ್ ಟ್ಯೂಬ್ಗಳು ಸರಿಹೊಂದಿಸಲು ಇಳಿಯುತ್ತದೆ.",2,ಔಷಧ,Medicine
ಮದ್ದು,"ಈ ಸಂದರ್ಭದಲ್ಲಿ, ಮದ್ದು Cortexin ರಕ್ತ ಪರಿಮಾಣ ಹೆಚ್ಚಳ ಉತ್ತೇಜಿಸುವ ಮತ್ತು ಮೆದುಳಿನ ಪೀಡಿತ ಪ್ರದೇಶಗಳಲ್ಲಿ ಅದರ ಪ್ರವೇಶವನ್ನು ಸುಧಾರಣೆ ಪರೋಕ್ಷವಾಗಿ ವರ್ತಿಸುತ್ತದೆ.",2,ಔಷಧ,Medicine
ಮದ್ದು,ಉದ್ದೀಪನಾ ಮದ್ದು ಸೇವಿಸಿದ್ದರೇ ಎಂಬುದು ಸ್ಯಾಂಪಲ್‌ಗಳನ್ನು ಪರೀಕ್ಷೆಗೆ ಒಳಪಡಿಸಿದ ಬಳಿಕವೇ ತಿಳಿಯಲಿದೆ.,2,ಔಷಧ,Medicine
ಮದ್ದು,ಇದು ಇಂಜೆಕ್ಷನ್ Promethazine ಮತ್ತು ಪೆಂಟಾಜೋಕಿನ್ ಒಂದು ಮದ್ದು ಗವಿಶೋಧಕ (ಚುಚ್ಚುಮದ್ದು) ಒಂದು ದ್ರಾವಣದಲ್ಲಿ ಸಂಯೋಜನ ನಿಷೇಧಿಸಲಾಗಿದೆ.,2,ಔಷಧ,Medicine
ಮದ್ದು,ವಸತಿ ನಿಲಯದ ಇಬ್ಬರು ಕಿರಿಯ ಕುಸ್ತಿಪಟುಗಳು ತಮ್ಮ ಪಾನೀಯದಲ್ಲಿ ಉದ್ದೀಪನ ಮದ್ದು ಬೇರೆಸಿ ಪಿತೂರಿ ಮಾಡಿದ್ದಾರೆ ಎಂದು ನರಸಿಂಗ್ ದೂರಿದ್ದರು.,2,ಔಷಧ,Medicine
ಮದ್ದು,"ತೆಗೆದುಕೊಂಡ ಸಹಾಯ ಇಲ್ಲ ಯಾವುದೇ ಕ್ರಮಗಳನ್ನು, ರಕ್ತ ಸ್ಟಾಪ್ ಅಥವಾ ಆರಂಭವಾಗುತ್ತದೆ ಮತ್ತೆ ಹೋಗಲು ಅದನ್ನು ಈಗಾಗಲೇ ಮದ್ದು ಅಗತ್ಯವಿದೆ.",2,ಔಷಧ,Medicine
ಮದ್ದು,"ವಿಷಯ ತಿಳಿಯುತ್ತಿದ್ದಂತೆ ಸ್ಥಳಕ್ಕೆ ಆಗಮಿಸಿದ ಅರಣ್ಯ ಸಿಬ್ಬಂದಿ ಹಾಗೂ ಪೊಲೀಸರು ಚಿರತೆಯನ್ನು ಹಿಡಿಯಲು ಹರಸಾಹಸ ಪಡುತ್ತಿದ್ದು, ಚಿರತೆಗೆ ಅರವಳಿಕೆ ಮದ್ದು ನೀಡಿ ಹಿಡಿಯುವ ನಿರ್ಧಾರಕ್ಕೆ ಬಂದಿದ್ದಾರೆ.",2,ಔಷಧ,Medicine
ಮದ್ದು,"ಇಲ್ಲಿ ಬೊಟೋಕ್ಸ್ ಮದ್ದು ಹೇಗೆ ತಯಾರಿಸಲಾಗುತ್ತದೆ ಎಂದರೆ, ಎಂಬ ಬ್ಯಾಕ್ಟೀರಿಯಾದಿಂದ ತೆಗೆದ(ನ್ಯೂರೋಟಾಕ್ಸಿನ್‌))))೦) ಸತ್ವವನ್ನು ಹದಮಾಡಿ ಬಹಳ ಅಲ್ಪ ಪ್ರಮಾಣದಲ್ಲಿ ಉಪಯೋಗಿಸಲಾಗುತ್ತದೆ.",2,ಔಷಧ,Medicine
ಮದ್ದು,ನವದೆಹಲಿ: ಉದ್ದೀಪನಾ ಮದ್ದು ಸೇವನೆ ತಡೆಗಟ್ಟುವ ನಿಟ್ಟಿನಲ್ಲಿ ಮಹತ್ವದ ಹೆಜ್ಜೆ ಇಟ್ಟಿರುವ ಭಾರತ ಅಥ್ಲೆಟಿಕ್ಸ್‌ ಫೆಡರೇಷನ್‌ (ಎಎಫ್‌ಐ) ಸೂಜಿ ಮುಕ್ತ ನೀತಿಯನ್ನು ಕಟ್ಟುನಿಟ್ಟಾಗಿ ಜಾರಿಗೆ ತರಲು ಮುಂದಾಗಿದೆ.,2,ಔಷಧ,Medicine
ಮದ್ದು,"ಉಳುಕು ಚಿಕಿತ್ಸೆ ಹೇಗೆ ಪ್ರಶ್ನೆ, ಯಾವುದೇ ಮದ್ದು ಅಥವಾ ವಿಶೇಷ ಚಿಕಿತ್ಸೆ ಅವಲಂಬಿತವಾಗಿಲ್ಲ.",2,ಔಷಧ,Medicine
ಮದ್ದು,ಅವರು ಶುದ್ಧತೆ ಔಷಧಿಗಳನ್ನು ಘಟಕಗಳನ್ನು ರಾಸಾಯನಿಕಗಳು ಪ್ರಮಾಣದ ಅಥವಾ ಸೇರ್ಪಡೆಗಳು ರೀತಿಯ ಮದ್ದು ಉಳಿಸುವ ಭಿನ್ನವಾಗಿರುತ್ತವೆ.,2,ಔಷಧ,Medicine
ಮದ್ದು,"ಸೋಲಿಗ ವೈದ್ಯರು ಹಲವು ಗಿಡ ಮೂಲಿಕೆಗಳನ್ನು ಬಳಸಿ ಪ್ರಾಸ್ಟೇಟ್, ಸ್ತನ ಕ್ಯಾನ್ಸರ್, ಚರ್ಮ ಕ್ಯಾನ್ಸರ್ ಸೇರಿದಂತೆ ವಿವಿಧ ರೋಗಗಳಿಗೆ ಮದ್ದು ನೀಡುತ್ತಾರೆ.",2,ಔಷಧ,Medicine
ಮದ್ದು,ಇಷ್ಟೆಲ್ಲಾ ಮದ್ದು ಜೀವನದ ಮೊದಲ ಅಥವಾ ಎರಡನೇ ವರ್ಷದ ಮಕ್ಕಳಿಗೆ ಬಳಸಬಹುದು.,2,ಔಷಧ,Medicine
ಮದ್ದು,ನಂತರ ಪಶು ವೈದ್ಯರು ಸ್ಥಳಕ್ಕೆ ಬಂದು ಚುಚ್ಚು ಮದ್ದು ನೀಡಿದ ಬಳಿಕ ಚಿಕಿತ್ಸೆಗಾಗಿ ಮಾಕೋನಹಳ್ಳಿಯ ಜಾನುವಾರುಗಳ ದೊಡ್ಡಿಗೆ ಸಾಗಿಸಲಾಯಿತು.,2,ಔಷಧ,Medicine
ಮದ್ದು,"ಈ ಪರಿಣಾಮಗಳು ಡ್ರಗ್ ಬಳಕೆ ನಂತರ ಸಂಭವಿಸುತ್ತವೆ, ಅಥವಾ ಚಿಕಿತ್ಸೆಯು, ಮದ್ದು ಅನೂರ್ಜಿತಗೊಳಿಸಿತು ಇದೆ.",2,ಔಷಧ,Medicine
ಮದ್ದು,"ಮದ್ದು ನಿರ್ದಿಷ್ಟಪಡಿಸಲಾದ ಪ್ರಮಾಣದ ಪರಿಣಾಮ ಬೀರಲಿಲ್ಲ, ಅದು 60-80 ಮಿಗ್ರಾಂ ಹೆಚ್ಚಿಸಲಾಯಿತು.",2,ಔಷಧ,Medicine
ಮದ್ದು,ಮದ್ದು Zirtek ವಿವಿಧ ರೋಗನಿದಾನಗಳಲ್ಲಿ ಮಾಡಿದಾಗ ಅಲರ್ಜಿ ಪ್ರತಿಕ್ರಿಯೆಗಳು ನಿಗದಿಪಡಿಸಲಾಗಿದೆ ತಯಾರಿಕೆ ಮತ್ತು ಸಾಪೇಕ್ಷ ಬದಲಿ ಸದೃಶ.,2,ಔಷಧ,Medicine
ಮದ್ದು,"ಕುಂದಾಪುರದ ಜನತೆಗೆ ಸುಳ್ಳು ಹೇಳಿ ಶಾಸಕರಾಗಿದ್ದಿರಿ ಎಂದು ವಾಗ್ದಾಳಿ ನಡೆಸಿದ ರಾಕೇಶ್ ಮಲ್ಲಿ, ಮುಂಬರುವ ಚುನಾವಣೆಯಲ್ಲಿ ಕ್ಷೇತ್ರದ ಜನತೆ ಹಾಲಾಡಿ ಅವರಿಗೆ ಸರಿಯಾದ ಮದ್ದು ನೀಡುತ್ತಾರೆ ಎಂದು ಹೇಳಿದರು.",2,ಔಷಧ,Medicine
ಮದ್ದು,ಮನೆ ಮದ್ದು ಸೇವಿಸಬೇಕೆಂದೇನೂ ಇಲ್ಲ.,2,ಔಷಧ,Medicine
ಮದ್ದು,ಅವರು ಮಗುವನ್ನು ಸೂಕ್ಷ್ಮವಾಗಿ ತಪಾಸಣೆ ಮಾಡಿ ಮದ್ದು ಕೊಟ್ಟರು.,2,ಔಷಧ,Medicine
ಮದ್ದು,"ಇವರು ಕ್ಯಾನ್ಸರ್ ರೋಗಕ್ಕೆ ಗೋ ಮೂತ್ರವು ಮದ್ದು ಎಂದು ನಂಬಲಾಗಿದ್ದು, ಇವುಗಳ ಆಧಾರದ ಮೇಲೆ ಮತ್ತು ಯಾವುದೇ ಪರೀಶೀಲನೆಯು ಇಲ್ಲದೆ ಕಾರಿನ ಮೇಳೆ ಸಗಣಿಯನ್ನು ಮೆತ್ತುವುದು ಎಷ್ಟರ ಮಟ್ಟಿಗೆ ಸರಿ.",2,ಔಷಧ,Medicine
ಮದ್ದು,"Topics : Actress Yami Gautam, Beauty secrets, Home remedies, Grandmother, ನಟಿ ಯಾಮಿ ಗೌತಮ್, ಸೌಂದರ್ಯ ಗುಟ್ಟು, ಮನೆ ಮದ್ದು",2,ಔಷಧ,Medicine
ಮದ್ದು,ಮೆಕ್ಸಿಕೊದಲ್ಲಿ 1968ರಲ್ಲಿ ನಡೆದ ಒಲಿಂಪಿಕ್ಸ್‌ನಲ್ಲಿ ಮೊದಲಿಗೆ ಮದ್ದು ಸೇವನೆ ಪರೀಕ್ಷೆ ನಡೆಸುವ ಪದ್ಧತಿ ಜಾರಿಗೆ ಬಂದಿತು.,2,ಔಷಧ,Medicine
ಮದ್ದು,ಇಂತಹ ಪರಿಸ್ಥಿತಿಗಳಲ್ಲಿ ಮದ್ದು ಅತ್ಯಂತ ಪರಿಣಾಮಕಾರಿಯಾಗಿ ಸ್ವತಃ ತೋರಿಸುತ್ತದೆ.,2,ಔಷಧ,Medicine
ಮದ್ದು,ದಿನ ಸುಸ್ತು ಸುಸ್ತು ಅಂತ ಬಳಲೋರು ಈ 5 ಸುಲಭವಾದ ಮನೆ ಮದ್ದು ಬಳಸಿ ಸರಿ ಮಾಡ್ಕೊಳಿ.,2,ಔಷಧ,Medicine
ಮದ್ದು,ಒಂದು ಮದ್ದು ತಯಾರಿ ನಂತರ ಅವುಗಳನ್ನು wetted ಬ್ಯಾಂಡೇಜ್ ಹತ್ತಿ ಉಣ್ಣೆ ಸುತ್ತಿ ಗುದದ ಇಪ್ಪತ್ತು ನಿಮಿಷ ಅಳವಡಿಸಲಾದ.,2,ಔಷಧ,Medicine
ಮದ್ದು,ಅವರು ದೇಶದ ಪ್ರಗತಿಗೆ ಔದ್ಯೋಗೀಕರಣವೇ ಮದ್ದು ಎಂದು ತಿಳಿದಿದ್ದರು.,2,ಔಷಧ,Medicine
ಮದ್ದು,ರಲ್ಲಿ ಭಾರತದ ಆರು ಪ್ರಮುಖ ಅಥ್ಲೀಟ್‌ಗಳು ನಿಷೇಧಿತ ಮದ್ದು ಸೇವಿಸಿ ಸಿಕ್ಕಿಬಿದ್ದಿದ್ದರು.,2,ಔಷಧ,Medicine
ಮದ್ದು,"ಈ ಸಂದರ್ಭದಲ್ಲಿ, ಮದ್ದು ಬಳಕೆಯ ರೋಗಲಕ್ಷಣದ ಚಿಕಿತ್ಸೆ ನಿಲ್ಲಿಸಿ ಹಿಸ್ಟಮಿನ್ರೋಧಕಗಳು ಶಿಫಾರಸು ಇದೆ.",2,ಔಷಧ,Medicine
ಮದ್ದು,"ಮದ್ದು ಮುಖ ರೋಗನಿರೋಧಕ ಪರಿಣಾಮ ಹೆಚ್ಚಿಸಬಹುದಾದ ಔಷಧಗಳು, ಹೈಪೊಗ್ಲಿಸಿಮಿಯಾದ ಇನ್ಸುಲಿನ್ ಪರಿಣಾಮಗಳು.",2,ಔಷಧ,Medicine
ಮದ್ದು,"ಮದ್ದು ಸಾಮಾನ್ಯ ಉತ್ತೇಜಿಸುತ್ತದೆ ಲಿಪಿಡ್ ಚಯಾಪಚಯ ಅದರ ಎಸ್ಟರ್ ರಚನೆ, ಮತ್ತು ಲಿನೊಲಿಯಿಕ್ ಆಮ್ಲ ಹೆಚ್ಚಿಸಿ ಕೊಲೆಸ್ಟರಾಲ್ ಕಡಿಮೆ.",2,ಔಷಧ,Medicine
ಮದ್ದು,ಒಂದೇ ಸಮನೆ ಮೂಗಿನಿಂದ ನೀರು ಸುರಿಯುವುದು ಶೀತ ಮತ್ತು ಜ್ವರಕ್ಕೆ ಈ ಕಾಮ ಕಸ್ತೂರಿ ಎಲೆಗಳ ಕಷಾಯ ಒಳ್ಳೆಯ ಮದ್ದು ಇದರಿಂದ ಕಷಾಯವನ್ನು ಮಾಡಿಕೊಂಡು ಕುಡಿದರೆ ಸಮಸ್ಯೆಗಳು ದೂರ ಆಗುತ್ತವೆ.,2,ಔಷಧ,Medicine
ಮದ್ದು,ಉದ್ದೀಪನ ಮದ್ದು ಸೇವನೆ ಸಂಜೀವನಿ ಅಮಾನತು,2,ಔಷಧ,Medicine
ಮದ್ದು,ವರದಿಯಾಗಿರುವಂತೆ ಸಿರಿಂಜ್ ಕೊಳವೆಯ ಪರಿಗಣಿಸಲಾಗುತ್ತದೆ ಮದ್ದು ಒತ್ತಡದ ಅಳವಡಿಕೆಯ ಸಮಯದಲ್ಲಿ ತಜ್ಞರು ಅಂಗಾಂಶಗಳ ಸಂವೇದನೆ ಅವಲಂಬಿಸಿ ಸರಿಹೊಂದಿಸಬೇಕಾಗಿದೆ.,2,ಔಷಧ,Medicine
ಮದ್ದು,"ಮೂರು ದಿನದಲ್ಲಿ ಎಂತದ್ದೆ ಗಜಕರ್ಣ,ಕಜ್ಜಿ,ಚರ್ಮ ಸಮಸ್ಯೆಗಳು ನಿವಾರಿಸುವ ಮನೆ ಮದ್ದು ಇಲ್ಲಿದೆ ನೋಡಿ ತುಂಬಾ ಉಪಕಾರಿ",2,ಔಷಧ,Medicine
ಮದ್ದು,"ಉತ್ಪನ್ನ ಏಡ್ಸ್ ರೋಗಾಣುಗಳನ್ನು ನಾಶಪದಿಸಲು ಬಳಸುವ ಮದ್ದು 300 ಖರೀದಿಸಿದ ಯಾರು, ನೀವು ದಿನಕ್ಕೆ ಎರಡು ಮಾತ್ರೆಗಳು ಬಳಸಬೇಕು.",2,ಔಷಧ,Medicine
ಮುತ್ತು,ಹಾಗೆಯೇ ಅವಳಿಗೆ ಬಾಯಿಂದ ಬಾಯಿಗೆ ಕಿಸ್ ಹೊಡೆದ ನಾನು ಹಾಗೆಯೇ ಅವಳ ಕೆನ್ನೆಗೆ ಮುತ್ತು ಕೊಟ್ಟು ಹಾಗೆಯೇ ನೆಕ್ಕುತ್ತ ಅವಳ ಕತ್ತಿನವರೆಗೂ ನೆಕ್ಕಿದೆ.,1,ಚುಂಬನ,Kiss
ಮುತ್ತು,ಸಿರಿವೆತ್ತಿ ಸಗ್ಗನೀಲಿಗೆ ಮುತ್ತು ಕೊಡುವಂತೆವೋಲ್,1,ಚುಂಬನ,Kiss
ಮುತ್ತು,", ಇದು ಬಾಯಿ ನಾಲಿಗೆ ಮಹಿಳೆಯರಲ್ಲಿ ನಡೆಸಲು ಸುಲಭ ಅಲ್ಲ ಇದು ಇಡೀ ಬಾಯಿಯ ಕೃತಿ - - ಮುತ್ತು ಸಾಮರ್ಥ್ಯ ತುಟಿಗಳು, ನಾಲಿಗೆ, ಹಲ್ಲುಗಳು, ಮತ್ತು ದೇಹದ ಇತರ ಭಾಗಗಳು.",1,ಚುಂಬನ,Kiss
ಮುತ್ತು,ಯೆನ್ನ ಮುತ್ತು ಮೋವ ಮೋಕೆಂದ ಪುಲ್ಲಿ ಗಿಂಡೆಗ್‌,1,ಚುಂಬನ,Kiss
ಮುತ್ತು,"ಅದರಲ್ಲಿ ಆಶಿತಾ ಎಲ್ಲರೆದುರು ಜಗನ್‌ಗೆ ಕಿಸ್‌ ಮಾಡಿ, ನನ್ನ ಗಂಡನಿಗೆ ಮುತ್ತು ಕೊಟ್ಟಿದ್ದೇನೆ ಅದರಲ್ಲಿ ತಪ್ಪೇನು ಎಂದು ಪ್ರಶ್ನಿಸಿದರು.",1,ಚುಂಬನ,Kiss
ಮುತ್ತು,"ಬೀದಿ ನಾಟಕ, ಜಾಗೃತಿ ಗೀತೆಗಳ ಹಾಡುಗಳ ಮೂಲಕ ದೇವದಾಸಿ ನಿರ್ಮೂಲನೆ, ಹೆಣ್ಣಿನ ಶೋಷಣೆ, ಮುಗ್ದ ಮಕ್ಕಳಿಗೆ ಮುತ್ತು ಕಟ್ಟುವುದನ್ನು ನಿಲ್ಲಿಸಿ ಅವರಿಗೆ ಶಿಕ್ಷಣ ಸಂಸ್ಕಾರ ಮತ್ತು ಸಮಾಜದ ದೊರೆಯುವ ಅನೇಕ ಮೂಕಭೂತ ಸೌಕರ್ಯ ಕೊಡುವುದರ ಜೋತೆಗೆ ಸಮಾಜದಲ್ಲಿ ಎಲ್ಲರಂತೆ ಸ್ವಾಭಿಮಾನದ ಬದಕು ಬದಕುವ ಬಗ್ಗೆ ಅರಿವು ಮೂಡಿಸಿದರು.",1,ಚುಂಬನ,Kiss
ಮುತ್ತು,ನಿಖಿಲ್‍ಗೆ ಮುತ್ತು ನೀಡಿ ಶುಭ ಹಾರೈಸಿದ ವೃದ್ಧೆ,1,ಚುಂಬನ,Kiss
ಮುತ್ತು,ವಾಸುಕಿ ಮುತ್ತು ನೀಡಲು ಹೇಳಿದರೂ ಹಾಗಾಗಿ ನೀಡಿದೆ ಎಂದು ಕಿಶನ್ ಹೇಳಿದ್ದರು.,1,ಚುಂಬನ,Kiss
ಮುತ್ತು,ಮಾತನಾಡುತ್ತಿದ್ದಾಗ ಇದ್ದಕ್ಕಿಂತ ನನ್ನ ಬಳಿ ಬಂದು ಮುತ್ತು ಕೊಟ್ಟರು.,1,ಚುಂಬನ,Kiss
ಮುತ್ತು,"ದೊಡ್ಡವರ ಹಗರಣ : ಅವನು ಮುತ್ತು ಕೇಳಿದ, ಆಕೆ ದೂರು ಕೊಟ್ಟಳು | ThatsKannada.",1,ಚುಂಬನ,Kiss
ಮುತ್ತು,ಮಾಸ್ಕೋ: ಕೊಲಂಬಿಯ ಮೂಲದ ಪತ್ರಕರ್ತೆ ಫುಟ್ಬಾಲ್ ಪಂದ್ಯದ ಕುರಿತು ನೇರ ಪ್ರಸಾರದಲ್ಲಿ ಮಾತನಾಡುತ್ತಿದ್ದ ವೇಳೆ ಆಕೆಗೆ ಮುತ್ತು ನೀಡಿ ಅಸಭ್ಯವಾಗಿ ವರ್ತಿಸಿದ್ದ ದುಷ್ಕರ್ಮಿ ಕುರಿತ ಸುದ್ದಿ ಹಸಿರಾಗಿರುವಾಗಲೇ ಅಂತಹುದೇ ಮತ್ತೊಂದು ಪ್ರಕರಣ.,1,ಚುಂಬನ,Kiss
ಮುತ್ತು,"ಹುಡುಗಿ ತುಟಿಗಳಿಗೆ ಮುತ್ತು ಮಾಡಿದಾಗ ಮನಶಾಸ್ತ್ರಜ್ಞರ ಅವಲೋಕನಗಳ ಪ್ರಕಾರ, ಇದು ಸಂವೇದನೆ ಮತ್ತು ಅಡ್ರಿನಾಲಿನ್ ವಿಪರೀತ ಇಂತಹ ಹರಿವಿನಿಂದಾಗಿ, ಅಗದು ಮೇಲೆ ಕಿಸ್ ಹಾಗೆ ಕುತ್ತಿಗೆ.",1,ಚುಂಬನ,Kiss
ಮುತ್ತು,ಟ್ರೋಫಿಗೆ ಟೆನ್ನಿಸ್ ತಾರೆಯ ಮುತ್ತು,1,ಚುಂಬನ,Kiss
ಮುತ್ತು,ಇದು ನಿಸ್ಸಂಶಯವಾಗಿ ರಿಯಾಲಿಟಿ ವಿಚ್ಛೇದನಕ್ಕೆ ದಾರಿ - ನಿಮ್ಮ ಇಚ್ಛೆಗನುಸಾರವಾಗಿ ತುಟಿಗಳಿಗೆ ಮುತ್ತು ಕನಸಿನಲ್ಲಿ ವೇಳೆ ಒಂದು ಸಾಮಾನ್ಯ ಪ್ರತೀತಿ ಇದೆ.,1,ಚುಂಬನ,Kiss
ಮುತ್ತು,"ಹಂಗೇರಿಯಲ್ಲಿ, ಉದಾಹರಣೆಗೆ, ಇದು ತನ್ನ ಕೈಯಲ್ಲಿ ಒಂದು ಚೈನ್ಸಾ ಪತ್ನಿ ಮುತ್ತು ನಿಷೇಧಿಸಲಾಗಿದ್ದು, ಮತ್ತು ಚೀನಾ ಮಹಿಳೆಯ ಅವರು ಒಂದು ತಿಂಗಳು ವೇಳೆ nalyso ಕತ್ತರಿಸಲು ಪತಿ ಹಕ್ಕು ಅಥವಾ ಒಮ್ಮೆ ಮುತ್ತಿಕ್ಕಿ .",1,ಚುಂಬನ,Kiss
ಮುತ್ತು,ಮುದುಕನ ಕೈಗೆ ಯುವಕ ಮುತ್ತು ಕೊಟ್ಟ.,1,ಚುಂಬನ,Kiss
ಮುತ್ತು,ಅಲ್ಲದೇ ಒಂದು ಮುತ್ತು ಕೊಡುವ ರೀತಿಯ ಮೇಲೆ ಅದ್ಯಾವುದರ ಸಂಕೇತ ಎಂಬುದನ್ನು ಕಂಡು ಹಿಡಿಯಬಹುದು.,1,ಚುಂಬನ,Kiss
ಮುತ್ತು,"ನೊಂದವರಿಗೆ ಸಾಂತ್ವನ ಹೇಳಿ ಹಣೆ ಮೇಲೆ ನೀಡುವ ಕೇರಿಂಗ್ ಮುತ್ತು, ಮುದ್ದಾದ ಮಗು ನೀಡುವ ಮುಗ್ಧ ಮುತ್ತು, ಮನದನ್ನೆಯ ಕೈ ಹಿಡಿದು, ಮುಂಗೈಯ ಮೇಲ್ಭಾಗವನ್ನು ಮೆಲ್ಲಗೆ ಮುದ್ದಿಸುವ ಪ್ರಪೋಸಲ್ ಮುತ್ತು, ಏಕಾಂತದಲ್ಲಿ ನಲ್ಲೆ-ನಲ್ಲ ರೋಮಾಂಚಿತರಾಗಿ ವದನದ ಮೇಲೆಲ್ಲಾ ತುಟಿಯಾಡಿಸುತ್ತಾ ನೀಡುವ ರೋಮ್ಯಾಂಟಿಕ್ ಮುತ್ತು .",1,ಚುಂಬನ,Kiss
ಮುತ್ತು,"ಆ ಬಿಳಿಯಾದ ಮೋಡಗಳು ಎತ್ತರ, ಸುಂದರವಾದ ಬೆಟ್ಟ–ಗುಡ್ಡಗಳಿಗೆ ಮುತ್ತು ನೀಡುತ್ತೆವೆಯೋ ಎಂಬಂತೆ ಭಾಸವಾಗುತ್ತಿತ್ತು.",1,ಚುಂಬನ,Kiss
ಮುತ್ತು,ಈ ವೇಳೆ ಕೊಹ್ಲಿ ಕೈಗೆ ಮುತ್ತು ನೀಡಿದ ಅನುಷ್ಕಾ ಸಮಾಧಾನ ಮಾಡುವಂತೆ ಕಾಣುವಂತಿತ್ತು.,1,ಚುಂಬನ,Kiss
ಮುತ್ತು,ಸೆಲ್ಫಿ ಕ್ಲಿಕ್ಕಿಸಿದ ಬಳಿಕ ಅಭಿಮಾನಿ ರಶ್ಮಿಕಾಗೆ ಮುತ್ತು ಕೊಟ್ಟು ಓಡಿ ಹೋಗಿದ್ದಾನೆ,1,ಚುಂಬನ,Kiss
ಮುತ್ತು,ಆದ್ರೆ ದೀಪಿಕಾ ಗೆ ಮುತ್ತು ಕೊಡುವಾಗ ಬಹಳಷ್ಟು ಭಯವಾಗಿತ್ತು ಎಂದು ಹೇಳುತ್ತಾರೆ.,1,ಚುಂಬನ,Kiss
ಮುತ್ತು,ಮುತ್ತು ಕೊಡುವ ಮುನ್ನ ಕೆಲವೊಂದು ವಿಷಯಗಳನ್ನು ಅವಶ್ಯವಾಗಿ ತಿಳಿದುಕೊಳ್ಳಬೇಕಾಗುತ್ತದೆ.,1,ಚುಂಬನ,Kiss
ಮುತ್ತು,ಯಾರಪ್ಪ ಇವಳು ರೋರಿಂಗ್ ಸ್ಟಾರ್ ಶ್ರೀಮುರಳಿ ಕೆನ್ನೆಗೆ ಮುತ್ತು ಕೊಡುತ್ತಿರುವುದು?,1,ಚುಂಬನ,Kiss
ಮುತ್ತು,ಯುವಕನಿಂದ ಮುತ್ತು ಪಡೆಯುತ್ತಿರುವ ಅಮಿರ್ ಮಗಳ ಫೋಟೋ ವೈರಲ್,1,ಚುಂಬನ,Kiss
ಮುತ್ತು,ಪ್ರೇಮ ನಿವೇದನೆ ಮಾಡುವ ಮುತ್ತು ಕೂಡ ಜೈಲಿನ ದಾರಿ ತೋರಿಸುತ್ತೆ ಅಂದ್ರೆ ನಂಬೋದು ಕಷ್ಟ.,1,ಚುಂಬನ,Kiss
ಮುತ್ತು,ಅದರಲ್ಲಿ ತಂಗಿಯ ಆ ಪುಟ್ಟ ಕೈಗಳನ್ನು ನನ್ನ ಕೈಮೇಲಿಟ್ಟುಕೊಂಡು ಹಣೆಗೊಂದು ಮುತ್ತು ನೀಡಬೇಕು.,1,ಚುಂಬನ,Kiss
ಮುತ್ತು,ಚಿತ್ರದಲ್ಲಿ ರೇಖಾಗೆ ಹೇಳದೆ ಮುತ್ತು ಕೊಡುವ ದೃಶ್ಯವನ್ನು ನಿರ್ದೇಶಕರು ಶೂಟ್ ಮಾಡಿದರು.,1,ಚುಂಬನ,Kiss
ಮುತ್ತು,ಮಳೆಹನಿಗಳ ಸ್ಪರ್ಶದೊಂದಿಗೆ ನಾನಾಕೆಯ ಹಣೆಮೇಲೊಂದು ಸಿಹಿ ಮುತ್ತು ನೀಡಬೇಕು.,1,ಚುಂಬನ,Kiss
ಮುತ್ತು,ಈಗ ನೀವು ಮುತ್ತು ಮತ್ತು ಮುದ್ದಾಡುವ ಮಾಡಬಹುದು.,1,ಚುಂಬನ,Kiss
ಮುತ್ತು,ಸುಮ್ಮನೆ 2000 ರೂಪಾಯಿ ನೋಟಿಗೆ ಮುತ್ತು ಕೊಟ್ಟರೆ ಸಾಕು ನಿಮ್ಮ ತುಟಿಗಳಿಗೆ ಬಣ್ಣ ತಾನಾಗೇ ಸಿಗುತ್ತದೆ.,1,ಚುಂಬನ,Kiss
ಮುತ್ತು,ನಿಮ್ಮ ಆಯ್ಕೆ ಮಾಡಿದವರು ನಿಮ್ಮನ್ನು ಸಂತೋಷದಿಂದ ಮುತ್ತು ಬಯಸುತ್ತೀರಾ?,1,ಚುಂಬನ,Kiss
ಮುತ್ತು,ಮೊದಲ ಮುತ್ತು ಸದಾ ನೆನಪಿನಲ್ಲುಳಿಯಬೇಕೆಂಬ ಆಸೆ ಇದ್ರೆ ಅದಕ್ಕಾಗಿ ರೊಮ್ಯಾಂಟಿಕ್ ಸ್ಥಳವನ್ನು ಆಯ್ಕೆ ಮಾಡಿಕೊಳ್ಳಿ.,1,ಚುಂಬನ,Kiss
ಮುತ್ತು,": ಕಿಸ್ ಆಫ್ ಲವ್‌ನಲ್ಲಿ ಪಾಲ್ಗೊಳ್ಳುವವರು ಮಾನಸಿಕ ಅಸ್ವಸ್ಥರಿಗೆ, ಎಚ್‌ಐವಿ ಪೀಡಿತರಿಗೆ ಮುತ್ತು ಕೊಡಲಿ ಎಂದು ಭಾರತೀಯ ಕ್ರಾಂತಿ ಸೇನೆಯ ರಾಷ್ಟ್ರಾಧ್ಯಕ್ಷ ಪ್ರಣವಾನಂದ ಸ್ವಾಮೀಜಿ ಸವಾಲು ಹಾಕಿದ್ದಾರೆ.",1,ಚುಂಬನ,Kiss
ಮುತ್ತು,ಮರುದಿನ ಸಂಜೆ ಒಂದು ಶ್ವೇತವರ್ಣದ ಬಹು ಸುಂದರವಾದ ಮುದ್ದಾದ ನಾಯಿ ಮರಿಯೊಂದಿಗೆ ಬಂದ ಪಪ್ಪನಿಗೆ ಮುತ್ತು ನೀಡಿ ಅದನ್ನೆತ್ತಿಕೊಂಡು ಆಟವಾಡಲು ಹೋದಳು.,1,ಚುಂಬನ,Kiss
ಮುತ್ತು,ಈ ವೇಳೆ ನಿರೂಪಕನೋರ್ವ ನೀವು ಈಗ ನಿಮ್ಮ ಪತಿಗೆ ಇಲ್ಲಿಯೇ ಮುತ್ತು ಕೊಡಿ ಎಂದು ಹೇಳುತ್ತಾರೆ.,1,ಚುಂಬನ,Kiss
ಮುತ್ತು,ಆಮೇಲೆ ಆಕೆಯ ಅನುಮತಿ ಇಲ್ಲದೆ ಮುತ್ತು ಕೊಟ್ಟಿದ್ದಾರೆ.,1,ಚುಂಬನ,Kiss
ಮುತ್ತು,ಜೊತೆಗೆ ಸಿಕ್ಕ ಸಿಕ್ಕವರಿಗೆಲ್ಲ ಕಿಶನ್ ಮುತ್ತು ನೀಡುತ್ತಿರುವುದು ಪ್ರೇಕ್ಷಕರಿಗೆ ಇಷ್ಟವಾಗುತ್ತಿಲ್ಲ.,1,ಚುಂಬನ,Kiss
ಮುತ್ತು,"ಹೊಕ್ಕಳಿಗೆ ಮುತ್ತು ಕೊಡೋದು, ತೊಡೆ ತೋರಿಸೋದು ಇಷ್ಟೇ ಅಂತ ತಿಳ್ಕೊಂಡಿದ್ದಾರೆ.",1,ಚುಂಬನ,Kiss
ಮುತ್ತು,ನೀವು ಬೆಳ್ಳಿ ಬಂಗಾರ ಮುತ್ತು ರತ್ನನೇ,2,ನವರತ್ನಗಳಲ್ಲಿ ಒಂದು,Pearl
ಮುತ್ತು,ಅಲ್ಲಿ ಬಿದ್ದಿದೆ ಮುತ್ತು ಇಲ್ಲಿ ಬಿದ್ದಿದೆ ರತ್ನ,2,ನವರತ್ನಗಳಲ್ಲಿ ಒಂದು,Pearl
ಮುತ್ತು,"ಆ ಕಾಲದ ವರ್ತಕರು ಮುತ್ತು ರತ್ನಗಳನ್ನು ಬೀದಿಯಲ್ಲಿ ಮಾರಾಟಮಾಡುತ್ತಿದ್ದಾಗ, ಅದೇ ಬೀದಿಯಲ್ಲಿ ಓಡಾಡಿದ ದಾಸರು – ಲಂಗೋಟಿ ಬಲು ಒಳ್ಳೇದಣ್ಣ ಒಬ್ಬರ ಹಂಗಿಲ್ಲದೆ ಮಡಿಗೆ ಒದಗುವುದಣ್ಣ, ಎಂದು ಹಾಡಿ ಪ್ರತಿಭಟಿಸಿದರು.",2,ನವರತ್ನಗಳಲ್ಲಿ ಒಂದು,Pearl
ಮುತ್ತು,"ನಾವು ಗಂಜಿ ತಯಾರಿಸುವ ಬಗ್ಗೆ ಮಾತನಾಡುವ ಮೊದಲು, ನಾವು ಮುತ್ತು ಬಾರ್ಲಿಯ ಲಾಭದಾಯಕ ಗುಣಗಳನ್ನು ಕುರಿತು ಮಾತನಾಡಬೇಕಾಗಿದೆ.",2,ನವರತ್ನಗಳಲ್ಲಿ ಒಂದು,Pearl
ಮುತ್ತು,ಗ್ಲಿಟರ್ ಲೆವೆರೆಸ್ ಸಿಂಟಿಲ್ಲಾಂಟೆಸ್ ಗ್ಲೋಸ್ಸಿಮರ್ ಎಂಬುದು ಶಾಂತ ಗುಲಾಬಿ ಅಥವಾ ಮುತ್ತು ಬಣ್ಣವಾಗಿದೆ - ನಿಮಗೆ ಬೇಕಾದುದನ್ನು.,2,ನವರತ್ನಗಳಲ್ಲಿ ಒಂದು,Pearl
ಮುತ್ತು,ಇವರ ಅದೃಷ್ಟ ರತ್ನ ಮುತ್ತು .,2,ನವರತ್ನಗಳಲ್ಲಿ ಒಂದು,Pearl
ಮುತ್ತು,"ಸಮಯದ ಬಗ್ಗೆ ನೀವು ತುಂಬಾ ಸೀಮಿತವಾಗಿದ್ದರೆ, ಮಲ್ಟಿವಾರ್ಕ್ನಲ್ಲಿ ಮುತ್ತು ಪಟ್ಟಿಯನ್ನು ಹೇಗೆ ತಯಾರಿಸಬೇಕೆಂದು ನಾವು ನಿಮಗೆ ತಿಳಿಸುತ್ತೇವೆ .",2,ನವರತ್ನಗಳಲ್ಲಿ ಒಂದು,Pearl
ಮುತ್ತು,ಸ್ವಾತ್ಯಾಂ ಸಾಗರಶುಕ್ತಿಮಧ್ಯಪತಿತಂ ತನ್ಮೌಕ್ತಿಕಂ ಜಾಯತೆ । ಎಂಬ ಸುಭಾಷಿತ ಸಾಲಿನಲ್ಲಿ ಹೇಳಿದಂತೆ ಸ್ವಾತಿ ನಕ್ಷತ್ರದಲ್ಲಿ ಮಳೆನೀರು ಸಮುದ್ರ ಚಿಪ್ಪಿನಲ್ಲಿ ಬಿದ್ದರೆ ಮುತ್ತು ಆಗುತ್ತದೆ ಎಂಬುದರ ಹಿಂದಿನ ವೈಜ್ಞಾನಿಕ ಸತ್ಯವೂ ಅದೇ!,2,ನವರತ್ನಗಳಲ್ಲಿ ಒಂದು,Pearl
ಮುತ್ತು,ಮುತ್ತು ಮಾಣಿಕ ರತ್ನ ಕೆತ್ತಿದ ಸದರನು | ಹತ್ತಿದ ಪಾಶ್ಚಾಯ ಬರೀದ |,2,ನವರತ್ನಗಳಲ್ಲಿ ಒಂದು,Pearl
ಮುತ್ತು,ಈ ಮುತ್ತು ಜಾಗತಿಕವಾಗಿಯೇ ಗಮನ ಸೆಳೆದಿತ್ತು.,2,ನವರತ್ನಗಳಲ್ಲಿ ಒಂದು,Pearl
ಮುತ್ತು,"ಪರ್ಲ್ ಆಭರಣಗಳು ಕೆಲವು ಜನರಿಗೆ ವರ್ಸಸ್ ಇತರರಿಗೆ ಉತ್ತಮವಾಗಿ ಕೆಲಸ ಮಾಡಬಹುದು, ಆದರೆ ಧರಿಸಿರುವ ಮುತ್ತು ಆಭರಣ ಕೆಟ್ಟ ಫೆಂಗ್ ಶೂಯಿ ಎಂಬುದು ನಿಖರವಾಗಿಲ್ಲ ಎಂದು ಹೇಳಲು.",2,ನವರತ್ನಗಳಲ್ಲಿ ಒಂದು,Pearl
ಮುತ್ತು,ಕಟಕ:- ಮಾತೇ ಮುತ್ತು ಮಾತೇ ಶತ್ರು.,2,ನವರತ್ನಗಳಲ್ಲಿ ಒಂದು,Pearl
ಮುತ್ತು,"ಮಾತು ಆಡಿದ್ರೆ ಹೋಯ್ತು, ಮುತ್ತು ಒಡೆದ್ರೆ ಹೋಯ್ತು.",2,ನವರತ್ನಗಳಲ್ಲಿ ಒಂದು,Pearl
ಮುತ್ತು,"ನವರತ್ನಗಳು ಎಂದರೆ ವಜ್ರ, ನೀಲ, ಮಾಣಿಕ್ಯ, ಪುಷ್ಯರಾಗ, ಪಚ್ಚೆ, ಹವಳ, ಮುತ್ತು , ವೈಢೂರ್ಯ ಹಾಗೂ ಗೋಮೇಧಕ.",2,ನವರತ್ನಗಳಲ್ಲಿ ಒಂದು,Pearl
ಮುತ್ತು,"ಸಹ ಪಾಲಿಮರ್ ಮಣ್ಣಿನ, ಮುತ್ತು ಎಳೆಗಳನ್ನು, ನೆಕ್ಲೇಸ್ಗಳು ಮತ್ತು ಇತರ ಆಭರಣ ಬಣ್ಣಗಳನ್ನು ಬಳಸಿ, ಬಾಟಲ್ ಅಲಂಕರಿಸಲು.",2,ನವರತ್ನಗಳಲ್ಲಿ ಒಂದು,Pearl
ಮುತ್ತು,ಹತ್ತು ಹಡೆಯುವದಕ್ಕಿಂತ | ಒಂದೆ ಮುತ್ತು ಹಡೆದರೆ ಸಾಕು ||,2,ನವರತ್ನಗಳಲ್ಲಿ ಒಂದು,Pearl
ಮುತ್ತು,"ಗೌರಾಮಿ ಮುತ್ತು ಬಣ್ಣ, ಅಮೃತಶಿಲೆ, ಜೇನುತುಪ್ಪ, ಚಿನ್ನ, ಮತ್ತು ಇತರ ವಿಲಕ್ಷಣ ಬಣ್ಣಗಳಿಂದ ಕೂಡಿದೆ.",2,ನವರತ್ನಗಳಲ್ಲಿ ಒಂದು,Pearl
ಮುತ್ತು,ಮುತ್ತು ರತ್ನವ ಸುರಿದುಯೆರಗಲು |,2,ನವರತ್ನಗಳಲ್ಲಿ ಒಂದು,Pearl
ಮುತ್ತು,ಮುತ್ತು ತರಲು ಹೋದ ತನ್ನೂರಿನ ಹುಡುಗರೇ ದಾರಿ ತಪ್ಪಿದರೇ?,2,ನವರತ್ನಗಳಲ್ಲಿ ಒಂದು,Pearl
ಮುತ್ತು,ದೇವಾಲಯ ಬಲುದೂರಕ್ಕೆ ನೋಡಬಹುದು ಮತ್ತು ನಿಸ್ಸಂದೇಹವಾಗಿ ಕ್ರಿಮೀಯನ್ ಕರಾವಳಿ ಮುತ್ತು ಆಗಿದೆ.,2,ನವರತ್ನಗಳಲ್ಲಿ ಒಂದು,Pearl
ಮುತ್ತು,"ಅಷ್ಟೇಅಲ್ಲ, ಯಡಿಯೂರಪ್ಪನವರ ಸುತ್ತಮುತ್ತ ಇರುವ ಮುತ್ತು ರತ್ನಗಳನ್ನೆಲ್ಲಾ ಕಿತ್ತು ಹಾಕುತ್ತಾರೆ ಎಂದರು.",2,ನವರತ್ನಗಳಲ್ಲಿ ಒಂದು,Pearl
ಮುತ್ತು,"ಈ ಸೆಣಸಾಟದಲ್ಲಿ ಓಲೆ ಸಡಿಲಿತು, ಮುತ್ತು ಹರಿದು ಬಿದ್ದವು, ರತ್ನದ ಹಾರ ಹದಿನಾರು ತುಂಡಾಯಿತು, ಬಳೆಗಳು ಒಡೆದವು, ಮಾಣಿಕ ಸಿಡಿದವು, ತೊಡಿಗೆಗಳು ಬೆಸುಗೆ ಬಿಚ್ಚಿದವು, ಬಾಯ ತಾಂಬೂಲ ಪುಡಿ ಪುಡಿಯಾಯಿತು, ಕೂದಲು ಕಿತ್ತು ತಲೆ ತರಗಾಯಿತು.",2,ನವರತ್ನಗಳಲ್ಲಿ ಒಂದು,Pearl
ಮುತ್ತು,ಅಚಾನಕ್ಕಾಗಿ ಎದ್ದ ದೊಡ್ಡ ಸಮುದ್ರದ ತೆರೆಯೊಂದು ತನ್ನ ತಲೆಯ ಮೇಲೆ ದೊಡ್ಡ ಮುತ್ತು ಮತ್ತು ಹವಳವನ್ನು ಹೊತ್ತು ತಂದು ಮಾಲವಿಯ ಕಾಲಿನ ಬುಡಕ್ಕೆ ಹಾಕಿತು.,2,ನವರತ್ನಗಳಲ್ಲಿ ಒಂದು,Pearl
ಮುತ್ತು,ವಜ್ರ ವೈಢೂರ್ಯ ಮಾಣಿಕ್ಯ ಮುತ್ತು ಉಂಗುರಕ್ಕೆ ರತ್ನ ಖಚ್ಚಿತ್ತು,2,ನವರತ್ನಗಳಲ್ಲಿ ಒಂದು,Pearl
ಮುತ್ತು,"ಸಮುದ್ರತಳವನ್ನು ಮುಟ್ಟಬಲ್ಲವನಿಗೆ ಮುತ್ತು ಮಾಣಿಕ್ಯ ಗಳು ದೊರೆಯುತ್ತವೆಯೆ ಹೊರತು, ದಡದಲ್ಲಿ ಕುಳಿತವನಿಗಲ್ಲ; ಎಂ.",2,ನವರತ್ನಗಳಲ್ಲಿ ಒಂದು,Pearl
ಮುತ್ತು,ಕೊಡಗಿನ ರಾಜ ಕಿರೀಟದ ಅಮೂಲ್ಯ ಮುತ್ತು ರತ್ನಗಳನ್ನೂ ಈತನೇ ತನ್ನ ಕುಡುಕತನದಿಂದಾಗಿ ಹಾಳುಮಾಡಿದ ಎಂದು ಇತಿಹಾಸದ ಕಥೆಗಳು ಹೇಳುತ್ತವೆ.,2,ನವರತ್ನಗಳಲ್ಲಿ ಒಂದು,Pearl
ಮುತ್ತು,"ಇಲ್ಲಿಂದ ಕಾಣುವ ಸೂರ್ಯೋದಯ, ಸೂರ್ಯಾಸ್ಥಗಳ ದೃಶ್ಯ ರಮಣೀಯ, ಕಡಲ ತಡಿಯ ಮರಳು ರಾಶಿ ಮುತ್ತು ರತ್ನಗಳಂತೆ.",2,ನವರತ್ನಗಳಲ್ಲಿ ಒಂದು,Pearl
ಮುತ್ತು,"ಹಣೆಯ ಮೇಲ್ಭಾಗದಲ್ಲಿ ಮುತ್ತು ಬೈತಲೆ, ಬೈತಲೆ ಪದಕ ಶೋಭಿಸುತ್ತದೆ.",2,ನವರತ್ನಗಳಲ್ಲಿ ಒಂದು,Pearl
ಮುತ್ತು,"ಹಂದಿಗಳ ಮುಂದೆ ಮುತ್ತು ಚೆಲ್ಲುವವನ ಧೋರಣೆಯಿಂದ ಆ ಬಗಲಿ ತನ್ನ ಅಮೂಲ್ಯವಾದ ಅಭಿಪ್ರಾಯಗಳನ್ನು ಎರಚುತ್ತ, ಹಿಂದೆ ಅನೇಕ ಅಂಕಗಳಲ್ಲಿ ಗೆದ್ದು ಹೆಸರುವಾಸಿಯಾಗಿ ಅಭಿಮನ್ಯು ಕರ್ಣ ಅರ್ಜುನ ಮೊದಲಾದ ಪೌರಾಣಿಕ ಬಿರುದಾವಳಿಗಳನ್ನೂ ಪಡೆದು, ನೋಡುವುದಕ್ಕೆ ಲಕ್ಷಣವಾಗಿಯೂ ಧೀರವಾಗಿಯೂ ಇದ್ದು, ತಮ್ಮನ್ನು ಸಂದರ್ಶಿಸುವುದಕ್ಕೆ ಬಂದ ನರಾಕೃತಿಗಳನ್ನು ಅದೇನೊ ಒಂದು ಅಹಂಭಾವದಿಂದ ನೋಡುತ್ತಿದ್ದ ಕೋಳಿಹುಂಜಗಳನ್ನು ಮೈನೀವಿ ಶ್ಲಾಘಿಸಿ ಹುರಿದುಂಬಿಸುತ್ತ, ಮುಂದೆ ಮುಂದೆ ಸರಿದನು.",2,ನವರತ್ನಗಳಲ್ಲಿ ಒಂದು,Pearl
ಮುತ್ತು,"ಮುತ್ತು ಪೋಣಿಸಿದ ರೀತಿಯ ಕೈಬರಹ, ಅವರ ಮುತ್ತಿನಂಥ ಮನದ ಪ್ರತೀಕ.",2,ನವರತ್ನಗಳಲ್ಲಿ ಒಂದು,Pearl
ಮುತ್ತು,ನಾವು ಸುಮ್ಸುಮ್ನೆ ಹೇಳ್ತಾ ಇರ್ತೀವಿ - ವಿಜಯ ನಗರ ವೈಭವದ ಕಾಲ - ರಸ್ತೆ ರಸ್ತೆಲಿ ಮುತ್ತು ರತ್ನ ಹಾಕ್ಕೊಂಡು ಸೇರಲಿ ಅಳ್ಕೊಂಡು ಮಾರ್ತಿದ್ರು ಅಂತ.,2,ನವರತ್ನಗಳಲ್ಲಿ ಒಂದು,Pearl
ಮುತ್ತು,ಈಗಲೀಗ ಮುತ್ತು ರತ್ನ ಬೆಳ್ಳಿ ಬಂಗಾರವೆಲ್ಲ,2,ನವರತ್ನಗಳಲ್ಲಿ ಒಂದು,Pearl
ಮುತ್ತು,"ಸಮುದ್ರದಲ್ಲಿ ಮುತ್ತನ್ನು ಹುಡುಕುವಾಗ ಅದಕ್ಕಾಗೇ ಒಂದು ಹಾಡು, ಮುತ್ತು ಸಿಕ್ಕಾಗ ಒಂದು, ಸಿಕ್ಕ ಮುತ್ತನ್ನು ಕಾಯಬೇಕು ಎಂದಾಗ, ಬೆನ್ನ ಹಿಂದೆ ಬಿದ್ದ ಶತ್ರುಗಳ ಸುಳಿವು ಸಿಕ್ಕಾಗ ಹೊರಬರುವ ಶತ್ರುಗಳ ಹಾಡು, ಹೀಗೆ ಇಲ್ಲಿ ಆ ಹಾಡುಗಳೊಂದನ್ನೂ ಬರೆಯದೇ ಇಂಥ ಹಾಡು ಎಂದಷ್ಟೇ ಹೇಳುತ್ತ ಕಥೆಯ ಪಾತ್ರದ ಮನಸ್ಥಿತಿ ಹೇಳಿಬಿಡುತ್ತಾನೆ.",2,ನವರತ್ನಗಳಲ್ಲಿ ಒಂದು,Pearl
ಮುತ್ತು,ಮುತ್ತು ಚಿಪ್ಪಿನಲ್ಲಿ ಹುಟ್ಟಿ ಮೂಗುತಿಯಾಯಿತು | ರತ್ನಕಲ್ಲು ಮಂಗಲ ಪದಕ |,2,ನವರತ್ನಗಳಲ್ಲಿ ಒಂದು,Pearl
ಮುತ್ತು,ಪಾರ್ಶ್ವ ಪಂಕ್ತಿಯ ಮೇಲಿರುವ ಹುರುಪೆಗಳ ಮಧ್ಯಭಾಗದಲ್ಲಿ ಬಿಳಿ ಮುತ್ತು ಗುರುತಿದೆ.,2,ನವರತ್ನಗಳಲ್ಲಿ ಒಂದು,Pearl
ಮುತ್ತು,ದಿವ್ಯ ಸಭಾಂಗಣವು ಮುತ್ತು ರತ್ನಗಳಿಂದ ಶೋಭಾಯಮಾನವಾಗಿತ್ತು.,2,ನವರತ್ನಗಳಲ್ಲಿ ಒಂದು,Pearl
ಮುತ್ತು,"ರತ್ನ ಕಂಬಳಿ ಹಾಸಿನ ಮೇಲೆ, ಮುತ್ತು ರತ್ನದ ಚಿತ್ತಾರದ ನಡುವೆರ ಬೆಣ್ಣೆ ಗಡಿಗೆ ಹಿಡಿದು ಕೂತಿರುವ ನಮ್ಮ ಪುಟಾಣಿ ಕೃಷ್ಣನ ನೋಡ್ರಿ.",2,ನವರತ್ನಗಳಲ್ಲಿ ಒಂದು,Pearl
ಮುತ್ತು,ಇಂತಹ ಸಮಯದಲ್ಲಿ ಯಾವ ಯೋಚನೆಯೂ ಇಲ್ಲದೆ ನಮ್ಮಲ್ಲಿರುವ ಅನರ್ಘ್ಯ ಮುತ್ತು ರತ್ನಗಳನ್ನು ಮಾರ್ಗದಲ್ಲಿ ಬೀಳಿಸಿ ಕೊಳ್ಳುತ್ತಿರುವ ನಮ್ಮ ಮನಸ್ಸುಗಳನ್ನು ಮುಖ್ಯವಾದ ಸತ್ಯಗಳಿಂದ ಮೈಗೂಡಿಸಿ ಕೊಳ್ಳಬೇಕು.,2,ನವರತ್ನಗಳಲ್ಲಿ ಒಂದು,Pearl
ಮುತ್ತು,"ಅಲ್ಲದೇ ಮುತ್ತಿನ ಹಾರ, ಸ್ವರ್ಣ ಹಾರ, ಸ್ವರ್ಣ ತೋಳು ಬಂದಿ, ಮುತ್ತು ರತ್ನ ಖಚಿತ ಉಂಗುರ ತೊಟ್ಟಿದ್ದರು.",2,ನವರತ್ನಗಳಲ್ಲಿ ಒಂದು,Pearl
ಮೃಗ,ಗುರುವಾರ ಸೂರ್ಯ ನಗರಿ ಕಲಬುರ್ಗಿಯಲ್ಲಿ ಕಾಡಿನಿಂದ ನಾಡಿಗೆ ಬಂದ ಕೃಷ್ಣ ಮೃಗ ಜನರಿಗೆ ಅಚ್ಚರಿ ಮುಡಿಸಿತು.,1,ಒಂದು ಬಗೆಯ ಜಿಂಕೆ,A kind of deer
ಮೃಗ,ಕಲಬುರ್ಗಿ ನಗರದ ಲಾಲಗೆರಿ ಕ್ರಾಸ್ ಬಳಿ ಜನಬಿಡು ಪ್ರದೇಶದಲ್ಲಿ ಕೃಷ್ಣ ಮೃಗ ದಿಢೀರನೆ ಪ್ರತ್ಯಕ್ಷವಾಗಿದೆ.,1,ಒಂದು ಬಗೆಯ ಜಿಂಕೆ,A kind of deer
ಮೃಗ,"ಸಲ್ಮಾನ್​ ಖಾನ್​ರನ್ನು ಕೃಷ್ಣ ಮೃಗ ಬೇಟೆ ಪ್ರಕರಣದಲ್ಲಿ ದೋಷಿ ಎಂದು ಪರಿಗಣಿಸಲಾಗಿದ್ದು, ಪ್ರಕರಂಣಕ್ಕೆ ಸಂಬಂಧಿಸಿದಂತೆ ವೀಗಾಗಲೇ 5 ವರ್ಷಗಳ ಶಿಕ್ಷೆಯನ್ನು ಘೋಷಿಸಿದೆ.",1,ಒಂದು ಬಗೆಯ ಜಿಂಕೆ,A kind of deer
ಮೃಗ,ವರ್ಷಗಳಷ್ಟು ಹಿಂದಿನ ಕೃಷ್ಣ ಮೃಗ ಬೇಟೆ ಪ್ರಕರಣದಲ್ಲಿ ಕೋರ್ಟ್ Read more…,1,ಒಂದು ಬಗೆಯ ಜಿಂಕೆ,A kind of deer
ಮೃಗ,ಕರಡಿ ಸಾವು: ಕೃಷ್ಣ ಮೃಗ ರಕ್ಷಣೆ,1,ಒಂದು ಬಗೆಯ ಜಿಂಕೆ,A kind of deer
ಮೃಗ,Home ಕನ್ನಡ ವಾರ್ತೆಗಳು ಕರ್ನಾಟಕ ಕೃಷ್ಣ ಮೃಗ ಚರ್ಮ ಮಾರಾಟ : ಇಬ್ಬರ ಸೆರೆ,1,ಒಂದು ಬಗೆಯ ಜಿಂಕೆ,A kind of deer
ಮೃಗ,ಎರಡು ದಶಕಗಳ ಹಿಂದಿನ ಕೃಷ್ಣ ಮೃಗ ಬೇಟೆ ಪ್ರಕರಣಕ್ಕೆ ಸಂಬಂಧಿಸಿದಂತೆ ಸಲ್ಮಾನ್ ಖಾನ್‍ಗೆ 5 ವರ್ಷಗಳ ಜೈಲು ಶಿಕ್ಷೆ ಮತ್ತು 10 ಸಾವಿರ ದಂಡವನ್ನು ವಿಧಿಸಿ ಜೋಧಪುರ ಸಿಜೆಎಂ ಕೋರ್ಟ್ ಶಿಕ್ಷೆಯನ್ನುನಿನ್ನೆ ಪ್ರಕಟಮಾಡಿತ್ತು.,1,ಒಂದು ಬಗೆಯ ಜಿಂಕೆ,A kind of deer
ಮೃಗ,ಸಲ್ಮಾನ್ ಖಾನ್ ಅವರು ಕೃಷ್ಣ ಮೃಗ ಬೇಟೆ ಪ್ರಕರಣದಲ್ಲಿ ಐದು ವರ್ಷಗಳ ಜೈಲು ಶಿಕ್ಷೆ ಒಳಗಾಗಿದ್ದಾರೆ.,1,ಒಂದು ಬಗೆಯ ಜಿಂಕೆ,A kind of deer
ಮೃಗ,ಹಿಮಾಲಯದಲ್ಲಿ ವಿಶೇಷವಾಗಿ ಚಮರಿ ಮೃಗ ಎಂಬ ಪ್ರಾಣಿಸಂಕುಲವು ವಾಸವಾಗಿದ್ದು ಅವುಗಳು ಚಂದ್ರಕಿರಣದಂತಿರುವ ತನ್ನ ಬಾಲದಿಂದ ಪರ್ವತರಾಜನಾದ ಹಿಮಾಲಯಕ್ಕೆ ಚಾಮರಸೇವೆಯನ್ನು ನಡೆಸುತ್ತವೆ.,1,ಒಂದು ಬಗೆಯ ಜಿಂಕೆ,A kind of deer
ಮೃಗ,ಕೃಷ್ಣ ಮೃಗ ಚರ್ಮ ಮಾರಾಟ : ಇಬ್ಬರ ಸೆರೆ,1,ಒಂದು ಬಗೆಯ ಜಿಂಕೆ,A kind of deer
ಮೃಗ,"ಕ್ಯಾನ್ಸರ್ನಂತಹ ಬೀವರ್ಗಳು, ಆದರೆ, ಉದಾಹರಣೆಗೆ, ಕಸ್ತೂರಿ ಮೃಗ ಮಾತ್ರವಲ್ಲ.",1,ಒಂದು ಬಗೆಯ ಜಿಂಕೆ,A kind of deer
ಮೃಗ,ಹೇಗೆ ಪುರುಷ ಮೃಗ ಬ್ರೌಸರ್ ಸ್ವಚ್ಛಗೊಳಿಸಲು,1,ಒಂದು ಬಗೆಯ ಜಿಂಕೆ,A kind of deer
ಮೃಗ,ಅವರು ಪುರುಷ ಮೃಗ ಮೂಲಕ ಕೇವಲ ಸಂದರ್ಭದಲ್ಲಿ ಸಹಾಯ ಮಾಡುತ್ತದೆ.,1,ಒಂದು ಬಗೆಯ ಜಿಂಕೆ,A kind of deer
ಮೃಗ,ಕೃಷ್ಣ ಮೃಗ ಬೇಟೆ ಪ್ರಕರಣದಲ್ಲಿ ಜಾಮೀನು ಸಿಕ್ಕ ನಂತರ ಮತ್ತೆ ಸುದ್ದಿಯಲ್ಲಿದ್ದಾರೆ.,1,ಒಂದು ಬಗೆಯ ಜಿಂಕೆ,A kind of deer
ಮೃಗ,ಕಸ್ತೂರಿ ಮೃಗ ಒಂದು ತನ್ನೊೊಳಗೇ ಇರುವ ಕಸ್ತೂರಿಯ ಸುಗಂಧಕ್ಕಾಾಗಿ ಕಾಡೆಲ್ಲ ಅಲೆಯುತ್ತದೆ.,1,ಒಂದು ಬಗೆಯ ಜಿಂಕೆ,A kind of deer
ಮೃಗ,ನವದೆಹಲಿ: ಎರಡು ದಶಕಗಳ ಹಿಂದಿನ ಕೃಷ್ಣ ಮೃಗ ಬೇಟೆ ಪ್ರಕರಣಕ್ಕೆ ಸಂಬಂಧಿಸಿದಂತೆ ಸಲ್ಮಾನ್ ಖಾನ್ ಐದು ವರ್ಷಗಳ ಜೈಲು ಶಿಕ್ಷೆ ಮತ್ತು ಹತ್ತು ಸಾವಿರ ದಂಡವನ್ನು ವಿಧಿಸಿ ಜೋಧಪುರ ಸಿಜೆಎಂ ಕೋರ್ಟ್ ಶಿಕ್ಷೆ ತೀರ್ಪು ನೀಡಿದೆ.,1,ಒಂದು ಬಗೆಯ ಜಿಂಕೆ,A kind of deer
ಮೃಗ,ರಾತ್ರಿ ನಡೆಯುವ ಮೃಗ ಬೇಟೆ ಉತ್ಸವ ಬೇರೆಲ್ಲೂ ನೋಡಲು ಸಿಗುವುದಿಲ್ಲ.,1,ಒಂದು ಬಗೆಯ ಜಿಂಕೆ,A kind of deer
ಮೃಗ,ಅಳಿವಿನಂಚಿನಲ್ಲಿರುವ ಕೃಷ್ಣ ಮೃಗ ಬೇಟೆಗೆ ನಟರು ಜಿಪ್ಸಿ ಬಳಸಿದ್ದರು.,1,ಒಂದು ಬಗೆಯ ಜಿಂಕೆ,A kind of deer
ಮೃಗ,ಮುಂಬೈ : ಕೃಷ್ಣ ಮೃಗ ಬೇಟೆಯಾಡಿದ ಪ್ರಕರಣದಲ್ಲಿ ಇತ್ತೀಚೆಗಷ್ಟೇ ನ್ಯಾಯಾಲಯದಿಂದ ರಿಲೀಫ್ ಪಡೆದಿರುವ ಬಾಲಿವುಡ್ ನಟ ಸೈಫ್ ಅಲಿ ಖಾನ್‌ ಅವರಿಗೆ ಇದೀಗ ಮತ್ತೊಂದು ಪ್ರಕರಣದಲ್ಲಿ ಸಿಲುಕಿಕೊಂಡಿದ್ದಾರೆ.,1,ಒಂದು ಬಗೆಯ ಜಿಂಕೆ,A kind of deer
ಮೃಗ,"ಹೌದು, ಕೃಷ್ಣ ಮೃಗ ಭೇಟೆ, ರ್ಯಾಶ್ ಡ್ರೈವಿಂಗ್, ಹೀಗೆ ಹಲವಾರು ವಿಚಾರಗಳಿಗೆ ಸುದ್ದಿಯಾಗಿರೋ ಸಲ್ಮಾನ್ ಖಾನ್ ಇದೀಗ ಟ್ರಾಫಿಕ್ ದಂಡ ವಿಚಾರವಾಗಿ ಕೂಡ ಮತ್ತೆ ಸದ್ದು ಮಾಡ್ತಾ ಇದ್ದಾರೆ.",1,ಒಂದು ಬಗೆಯ ಜಿಂಕೆ,A kind of deer
ಮೃಗ,ಕೃಷ್ಣ ಮೃಗ ಬೇಟೆ,1,ಒಂದು ಬಗೆಯ ಜಿಂಕೆ,A kind of deer
ಮೃಗ,ಕಸ್ತೂರಿ ಮೃಗ →ಬ.,1,ಒಂದು ಬಗೆಯ ಜಿಂಕೆ,A kind of deer
ಮೃಗ,"ಬಾಲಿವುಡ್ ನಟ ಸಲ್ಮಾನ್ ಖಾನ್ ಜೈಲಿಗೆ ಹೋಗುತ್ತಿರುವ ಸಂಗತಿ ಖಾನ್ ಅಭಿಮಾನಿಗಳಿಗೆ ಬೇಸರ ತಂದಿರಬಹುದು, ಆದರೆ ಸಲ್ಮಾನ ಖಾನ್ ಮೇಲೆ ಕೃಷ್ಣ ಮೃಗ ಬೇಟೆಯ ವಿಚಾರವಾಗಿ ಕೋರ್ಟ್ ಮೆಟ್ಟಿಲೇರಿ ಅವರನ್ನು ಸೆರೆಮನೆಗೆ ಕಳುಹಿಸುವಲ್ಲಿ ಯಶಸ್ವಿಯಾದ ರಾಜಸ್ತಾನದ ಬಿಷ್ನೋಯಿ ಸಮುದಾಯದ ಇತಿಹಾಸ ಕೇಳಿದರೆ ನಿಮಗೆ ಖಂಡಿತಾ ಅಚ್ಚರಿಯಾಗುತ್ತದೆ.",1,ಒಂದು ಬಗೆಯ ಜಿಂಕೆ,A kind of deer
ಮೃಗ,ಕೃಷ್ಣ ಮೃಗ ಬೇಟೆ ಪ್ರಕರಣ: ಸಲ್ಮಾನ್ ಖಾನ್ ದೋಷಿ,1,ಒಂದು ಬಗೆಯ ಜಿಂಕೆ,A kind of deer
ಮೃಗ,ಸಲ್ಮಾನ್ ಖಾನ್ ರನ್ನು ಕೃಷ್ಣ ಮೃಗ ಪ್ರಕರಣದಲ್ಲಿ ದೋಷಿ ಎಂದು ಪರಿಗಣಿಸಲಾಗಿದೆ.,1,ಒಂದು ಬಗೆಯ ಜಿಂಕೆ,A kind of deer
ಮೃಗ,ಕೃಷ್ಣ ಮೃಗ ಬೇಟೆ ಪ್ರಕರಣದಲ್ಲಿ ಸಲ್ಮಾನ್‌ ಜೈಲುಪಾಲಾಗಿದ್ದು ಜೋಧಪುರ ಕೋರ್ಟ್ ಆತನಿಗೆ ಐದುವರ್ಷಗಳ ಸಜೆ ನೀಡಿದೆ.,1,ಒಂದು ಬಗೆಯ ಜಿಂಕೆ,A kind of deer
ಮೃಗ,ಎರಡು ದಶಕಗಳ ಹಿಂದಿನ ಕೃಷ್ಣ ಮೃಗ ಬೇಟೆ ಪ್ರಕರಣಕ್ಕೆ ಸಂಬಂಧಿಸಿದಂತೆ ಸಲ್ಮಾನ್ ಖಾನ್‍ಗೆ ಐದು ವರ್ಷಗಳ ಜೈಲು ಶಿಕ್ಷೆ ಮತ್ತು ಹತ್ತು ಸಾವಿರ ದಂಡವನ್ನು ವಿಧಿಸಿ ಜೋಧಪುರ ಸಿಜೆಎಂ ಕೋರ್ಟ್ ಶಿಕ್ಷೆ ತೀರ್ಪು ನೀಡಿತ್ತು.,1,ಒಂದು ಬಗೆಯ ಜಿಂಕೆ,A kind of deer
ಮೃಗ,"ಅಂದ್ರೆ, ಇಂದಿಗೆ ಸರಿಯಾಗಿ 9 ವರ್ಷಗಳ ಹಿಂದೆ ಕೃಷ್ಣ ಮೃಗ ಬೇಟೆ ಪ್ರಕರಣದಲ್ಲಿ ಸಲ್ಮಾನ್ ಖಾನ್ ದೋಷಿ ಅಂತ ಕೋರ್ಟ್ ಘೋಷಿಸಿತು.",1,ಒಂದು ಬಗೆಯ ಜಿಂಕೆ,A kind of deer
ಮೃಗ,ಕೃಷ್ಣ ಮೃಗ ಬೇಟೆ ಪ್ರಕರಣ ; ಬಾಲಿವುಡ್ ನಟ-ನಟಿಯರಿಗೆ ಮತ್ತೆ ಎದುರಾಗಿದೆ ಸಂಕಷ್ಟ,1,ಒಂದು ಬಗೆಯ ಜಿಂಕೆ,A kind of deer
ಮೃಗ,"ಕೃಷ್ಣ ಮೃಗ ಬೇಟೆ ಪ್ರಕರಣ-ಸಲ್ಮಾನ್ ದೋಷಿ, ಉಳಿದ ಆರು ಮಂದಿಗೆ ಬಿಗ್ ರಿಲೀಫ್!",1,ಒಂದು ಬಗೆಯ ಜಿಂಕೆ,A kind of deer
ಮೃಗ,ಮೃಗ ಅತೀ ಹೆಚ್ಚು ಬಾರಿ ಕಾಣಿಸಿಕೊಂಡ ಮಾರ್ಪನಡ್ಕ ಬಳಿಯ ಕಜೆಮಲೆ ಎಂಬಲ್ಲಿ ಬೋನು ಇರಿಸಲಾಗಿದೆ.,1,ಒಂದು ಬಗೆಯ ಜಿಂಕೆ,A kind of deer
ಮೃಗ,ಕೃಷ್ಣ ಮೃಗ ಭೇಟೆ ಪ್ರಕರಣದಲ್ಲಿ ಕೋರ್ಟ್ ನಲ್ಲಿ ನೀವು ಪಾರಾದರೂ ವೈಷ್ಣೋಯ್ ಸಮಾಜ ಮತ್ತು ಸೋಪು ಪಕ್ಷದಿಂದ ನೀವು ಪಾರಾಗಲು ಸಾಧ‍್ಯವಿಲ್ಲ.,1,ಒಂದು ಬಗೆಯ ಜಿಂಕೆ,A kind of deer
ಮೃಗ,ಒಮ್ಮೆ ಮೃಗ ಬೇಟೆಗಾಗಿ ಪರೀಕ್ಷಿತ ಕಾಡಿಗೆ ಹೋಗುತ್ತಾನೆ.,1,ಒಂದು ಬಗೆಯ ಜಿಂಕೆ,A kind of deer
ಮೃಗ,ರ ಕೃಷ್ಣ ಮೃಗ ಬೇಟೆ ಪ್ರಕರಣ ಸಂಬಂಧ ನಿನ್ನೆ ಸಲ್ಮಾನ್ ಖಾನ್ ಗೆ ಕೋರ್ಟ್ 5 ವರ್ಷ ಜೈಲು ಶಿಕ್ಷೆ ಹಾಗೂ 10 ಸಾವಿರ ರೂ.,1,ಒಂದು ಬಗೆಯ ಜಿಂಕೆ,A kind of deer
ಮೃಗ,Home ಕನ್ನಡ ವಾರ್ತೆಗಳು ಧರ್ಮಸ್ಥಳ : ಕೃಷ್ಣ ಮೃಗ ಚರ್ಮ ಮಾರಾಟಕ್ಕೆ ಯತ್ನಿಸುತ್ತಿದ್ದ ಇಬ್ಬರ ಸೆರೆ,1,ಒಂದು ಬಗೆಯ ಜಿಂಕೆ,A kind of deer
ಮೃಗ,"Topics : Blackbuck case, Salman Khan, Foreign travel, Court, ಕೃಷ್ಣ ಮೃಗ ಬೇಟೆ ಪ್ರಕರಣ, ಸಲ್ಮಾನ್ ಖಾನ್, ವಿದೇಶ ಪ್ರವಾಸ, ನ್ಯಾಯಾಲಯ",1,ಒಂದು ಬಗೆಯ ಜಿಂಕೆ,A kind of deer
ಮೃಗ,ಧರ್ಮಸ್ಥಳ : ಕೃಷ್ಣ ಮೃಗ ಚರ್ಮ ಮಾರಾಟಕ್ಕೆ ಯತ್ನಿಸುತ್ತಿದ್ದ ಇಬ್ಬರ ಸೆರೆ,1,ಒಂದು ಬಗೆಯ ಜಿಂಕೆ,A kind of deer
ಮೃಗ,ಶ್ರೀ ವೆಂಕಟರಮಣ ದೇವಸ್ಥಾನ : ಮಂಗಳೂರು ರಥೋತ್ಸವ ಪ್ರಯುಕ್ತ ಮೃಗ ಬೇಟೆ ಉತ್ಸವ ಹಾಗೂ ಸಣ್ಣ ರಥೋತ್ಸವ,1,ಒಂದು ಬಗೆಯ ಜಿಂಕೆ,A kind of deer
ಮೃಗ,ರಾತ್ರಿ 10 ರಂದು ವಿವಿಧ ಆಕರ್ಷಣೀಯ ಸಿಡಿಮದ್ದು ಪ್ರದರ್ಶನ ಹಾಗೂ ಅಘನಾಶಿನಿ ನದಿ ಬಳಿ ತೆರಳಿ ಮೃಗ ಭೇಟೆ ನಡೆಯಲಿದೆ.,1,ಒಂದು ಬಗೆಯ ಜಿಂಕೆ,A kind of deer
ಮೃಗ,ಕರಿಯ ಬೇಡನ ಕಸ್ತೂರಿಯ ಮೃಗ ನುಂಗಿದರೆ,1,ಒಂದು ಬಗೆಯ ಜಿಂಕೆ,A kind of deer
ಮೃಗ,"ಅನೇಕ ಜಾತಿಯ ವನ್ಯ ಮೃಗ , ಪಕ್ಷಿಗಳು ಹಾಗೂ ವಿವಿಧ ಮರಗಳು ಇಲ್ಲಿ ಕಂಡು ಬರುತ್ತವೆ.",2,ಪಶು,Animal
ಮೃಗ,ವನದಲ್ಲಿ ಮೃಗ ಪ್ರಾಣಿಗಳಿವೆಯೇ ಎಂದು ಕೇಳಿದೆ.,2,ಪಶು,Animal
ಮೃಗ,ಚಮರೀ ಮೃಗ ಹಾಗೂ ಹಸುಗಳ ಕೂಡಿಕೆಯಿಂದ ಹುಟ್ಟಿದ ಮಿಶ್ರ ತಳಿ Godfrua ಶಿಕ್ಷಕ ಅಂಶವನ್ನು ಮತ್ತು ಸವಾಲನ್ನು ಒಪ್ಪಿಕೊಂಡರು.,2,ಪಶು,Animal
ಮೃಗ,"ಆದರೆ ಇವರ ಕಣ್ಣಿಗೆ ಬಿದ್ದಿರುವಷಟು ಬಗೆ ಬಗೆಯ ಮರ ಬಳ್ಳಿ ಪೊದರುಗಳು, ಮೃಗ ಪಕ್ಷಿ ಕ್ರಿಮಿಕೀಟಗಳು ಬೇರೆಯವರ ದೃಷ್ಟಿಗೆ ಬಿದ್ದಿರಲಿಕ್ಕಿಲ್ಲ.",2,ಪಶು,Animal
ಮೃಗ,"ಆಗ ಹೆಂಡತಿ, ಯಾವ್ ಮೃಗ ಬರುತ್ತೋೋ ನೋಡಿಯೇ ಬಿಡೋಣ.",2,ಪಶು,Animal
ಮೃಗ,ಪುರುಷ ಮೃಗ ನೇರ: ಹೇಗೆ ಸ್ಥಾಪಿಸಲು ಮತ್ತು ಸೇವೆ ಕೆಲಸ,2,ಪಶು,Animal
ಮೃಗ,ಕೃಷ್ಣ ಮೃಗ ಬೇಟೆ ಪ್ರಕರಣ: ನನ್ನದೇನೂ ತಪ್ಪಿಲ್ಲ ಎಂದ ಸಲ್ಮಾನ್,2,ಪಶು,Animal
ಮೃಗ,ಭಾರತ ೧೯೮೩ ರಿಂದಲೂ ವಲಸೆ ವನ್ಯ ಮೃಗ ಸಂರಕ್ಷಣಾ ಸಮಾವೇಶಗಳಲ್ಲಿ ಭಾಗಿಯಾಗಿದೆ.,2,ಪಶು,Animal
ಮೃಗ,ಆದರೆ ನೀವು ಘರ್ಜನೆ ಮಾಡಲು ಸಿದ್ಧವಾಗಿದ್ದರೆ ಅದನ್ನು ಇನ್ನಷ್ಟು ತೀವ್ರತೆಗಾಗಿ ನೀವು ಮೃಗ ಕ್ರಮದಲ್ಲಿ ತೆಗೆದುಕೊಳ್ಳಬಹುದು.,2,ಪಶು,Animal
ಮೃಗ,"ಎಲ್ಲಾ ಪಾತ್ರಗಳನ್ನೂ, ಭಿಲ್ಲರಿಂದ ಹಿಡಿದು ಮೃಗ ಪಕ್ಷಿಗಳೆಲ್ಲವನ್ನೂ ಶಾಸ್ತ್ರೀಯ ನೃತ್ಯದ ಚೌಕಟ್ಟಿನಲ್ಲಿ ಬಿಂಬಿಸಿರುವ ಭ್ರಮರಿಯ ಶೈಲಿ ಅದ್ಭುತವಾಗಿದೆ.",2,ಪಶು,Animal
ಮೃಗ,"ಬಂಡೀಪುರ ರಾಷ್ಟ್ರೀಯ ಉದ್ಯಾನ, ವನ್ಯ ಮೃಗ ಸಂರಕ್ಷಣಾ ಕೇಂದ್ರ ಹಾಗೂ ಟೈಗರ್ ಪ್ರಾಜೆಕ್ಟ್ ನಂತರ ದಕ್ಷಿಣ ಭಾರತದ ಅತಿ ದೊಡ್ಡ.",2,ಪಶು,Animal
ಮೃಗ,ಬಂದುದೈ ಮಾರೀಚ ಬಹು ಮೃಗ |,2,ಪಶು,Animal
ಮೃಗ,ಅಂದರೆ ಈ ಲೈಂಗಿಕಭಾವನೆ ಮಾನವ ಮೃಗ ಪಕ್ಷಿಗಳಿಗೊಂದೇ ಇರುವುದಿಲ್ಲ.,2,ಪಶು,Animal
ಮೃಗ,ರಾಜಿಯಿಂದಿಹ ಮೃಗ | ರಾಜಪೀಠವ ನೋಡಿ ||೨೦೬||,2,ಪಶು,Animal
ಮೃಗ,"ಇಲ್ಲಿರುವ ಆನೆ, ಘೇಂಡಾ ಮೃಗ ಅಮೆರಿಕನ್ ಪ್ರವಾಸಿಗಳ ಪಾಲಿಗಂತೂ ಅಪರೂಪದ ಪ್ರಾಣಿಗಳು.",2,ಪಶು,Animal
ಮೃಗ,ಕಡಿವ ಕರಡಿ ಸಿಂಹ ಸಾರಂಗ ಮೃಗ ನಮ್ಮ,2,ಪಶು,Animal
ಮೃಗ,ಮೃಗ ಪಕ್ಷಿಗಳಿಗಿಲ್ಲದ ಸ್ವಾತಂತ್ರ್ಯ ಮನುಷ್ಯನಿಗೆಲ್ಲಿ?,2,ಪಶು,Animal
ಮೃಗ,ಕೊಂದು ತಿನ್ನುವ ಮೃಗ ಆಗಬೇಕಿಲ್ಲ ಅಲ್ಲವೇ?,2,ಪಶು,Animal
ಮೃಗ,"ಕರಿರಾಜ : ಝೇಂಕರಿಪ ಈ ಕಾಠಿಣ್ಯತರವಾದ ಘೋರ ಅಟವಿಯೊಳ್ ಹೂಂಕರಿಪ ಕರಿ, ಸಿಂಹ, ಶಾರ್ಧೂಲ, ವ್ಯಾಘ್ರ, ಗಂಡಭೇರುಂಡ ಮೃಗಜಾತಿಗಳ ತಂಡಗಳಲ್ಲಿ ಸಂಚರಿಪ ಕಡವೆ, ಕಾಡೆಮ್ಮೆ, ಸಾರಂಗ, ಕರಡಿ, ಹಂದಿ, ಹುಲ್ಲೆ ಮುಂತಾದ ದುಷ್ಠ ಮೃಗ ಜಾತಿಗಳು ಸಂಚರಿಪ ಈ ಅಟವಿಯೋಳ್ ಝಣ ಝಣತ್ಕಾರ ಶಬ್ಧಗಳಿಂದ ಸಂಚರಿವ ನೀನ್ಯಾರೆ ನಾರಿ ಮದನ ಕಠಾರಿ-",2,ಪಶು,Animal
ಮೃಗ,"ಆದರೆ, ಈ ಮೃಗ ಸ್ವಭಾವದ ಗುಣಗಳ ಹೊರತಾಗಿ ಅನೇಕ ಮಾನವೀಯ ಗುಣಗಳನ್ನೂ ಶಕ್ತಿ ಸಾಮರ್ಥ್ಯಗಳನ್ನೂ ಮನುಷ್ಯ ಪಡೆದಿರುತ್ತಾನೆ.",2,ಪಶು,Animal
ಮೃಗ,ಇಲ್ಲಿ ಪಕ್ಷಿಗಳು ದುಃಖದಲ್ಲಿ ಪಾಲುಗೊಂಡುದನ್ನು ಓದಿದಾಗ ನಮಗೆ ತಟ್ಟನೆ ಲಕ್ಷ್ಮೀಶನ ಜೈಮಿನಿ ಭಾರತದ ಸೀತೆಯ ದುಃಖದಲ್ಲಿ ಅಲ್ಲಿದ್ದ ಪಕ್ಷಿ ಮೃಗ ಸಮೂಹ ಭಾಗಿಯಾದ ಸನ್ನೀವೇಶ ನೆನಪಿಗೆ ಬರದಿರದು.,2,ಪಶು,Animal
ಮೃಗ,ಮೃಗ ಮನುಶ್ಯನನ್ನ ಕೊ೦ದ್ರೆ ಅದು ಆತ್ಮ ರಕ್ಷಣೆ.,2,ಪಶು,Animal
ಮೃಗ,ಅಂತಹ ಸೊಬಗಿನ ತಾಣ ತಿರುವನಂತಪುರಂ ನಲ್ಲಿರುವ ವನ್ಯ ಮೃಗ ಅಭಯಾರಣ್ಯ!,2,ಪಶು,Animal
ಮೃಗ,"ಒಂದು ಮೃಗ ಒಂದೇ ರೀತಿಯ ಕೆಲಸವನ್ನು ಮಾಡುತ್ತದೆ, ಇದು ಮರದಂತೆಯೇ ಹೋಗುತ್ತದೆ, ಆದರೆ ಇದು ಅದೇ ರೀತಿಯ ಜಾತಿಯ ಜಾತಿಯಷ್ಟೇ ಅಲ್ಲದೇ ವ್ಯಾಪಕ ಗಾತ್ರದಲ್ಲಿ ಕಂಡುಬರುತ್ತದೆ.",2,ಪಶು,Animal
ಮೃಗ,ಮತ್ತೊಬ್ಬನನ್ನು ಕೊಂದೇ ತಾನು ಬದುಕ ಬೇಕೆಂಬ ಮೃಗ ಪ್ರವೃತ್ತಿ ನಾಗರೀಕತೆಯ ಸೀಮೆಯ ಅಡಿಯಲ್ಲೇ ಹೆಡೆಯಾಡಿಬಿಡುತ್ತದೆ.,2,ಪಶು,Animal
ಮೃಗ,"ಆದರೆ ಇಲ್ಲಿ ಮನುಷ್ಯರ್ಯಾರು, ಮೃಗ ಯಾವುದು ಎಂದು ನಿರ್ಧರಿಸುವುದು ಪ್ರೇಕ್ಷಕನಿಗೆ ಬಿಟ್ಟ ವಿಚಾರ.",2,ಪಶು,Animal
ಮೃಗ,ಇದು ಖಡ್ಗ ಮೃಗ ಗಳಿಗೆ ಬ್ರಹ್ಮಪುತ್ರಾ ನದಿಯ ಉತ್ತರಕ್ಕಿರುವ ಏಕೈಕ ಅವಾಸಸ್ಥಾನವಾಗಿದೆ.,2,ಪಶು,Animal
ಮೃಗ,ಧರ್ಮವಿಲ್ಲದ ಬದುಕು ಮೃಗ ಸಮಾನ ಬದುಕು.,2,ಪಶು,Animal
ಮೃಗ,ನಿಜ ಹೇಳಬೇಕೆಂದರೆ ಮನುಷ್ಯನಿಗಿಂತ ಕೆಟ್ಟ ಕ್ರೂರ ಮೃಗ ಈ ಭೂಮಿಯ ಮೇಲೆ ಬೇರೆ ಯಾವ ಜೀವಿಯೂ ಇಲ್ಲ.,2,ಪಶು,Animal
ಮೃಗ,ಸಂದುಗೊಂದನರಸಲು ಮೃಗ ಕಾಣದೆ |,2,ಪಶು,Animal
ಮೃಗ,ಹೆಸರೇ ಹೇಳುವಂತೆ ಇಲ್ಲಿ ಮೃಗ ವಧೆ ಆಗಿದೆ .,2,ಪಶು,Animal
ಮೃಗ,"ಒಂದೆರಡು ವರ್ಷ ಮಳೆ ಬೀಳದಿದ್ದರೆ, ಭೂಮಿಯಲ್ಲಿರುವ ಸಕಲ ಚರಾಚರ ಜೀವರಾಶಿ ನಾಶವಾಗುತ್ತದೆ; ಮರ ಮನುಷ್ಯ ಮೃಗ ಪಕ್ಷಿ ಯಾವುದೂ ಇರುವುದಿಲ್ಲ.",2,ಪಶು,Animal
ಮೃಗ,ದೇವಾಲಯದಲ್ಲಿ ಹೊಕ್ಕ ಮೃಗ ಸಿಕ್ಕ ಕೂಡಲೇ ಆತನಿಗೆ ಶಿವನಲ್ಲಿ ಎಲ್ಲಿಲ್ಲದ ನಿಷ್ಠೆ ಪ್ರೀತಿ ಭಕ್ತಿಗಳು ಬೆಳೆಯುತ್ತವೆ.,2,ಪಶು,Animal
ಮೃಗ,ಇಲ್ಲಾ ಅಂದ್ರೆ ಯಾವುದೋ ಕಾಡು ಮೃಗ ಅಂದುಕೊಂಡು ಮಗು ನಿಮ್ಮನ್ನು ನೋಡಿ ಹೆದರಿಕೊಂಡೀತು ಎಂದು ಹೇಳಿದ್ದಾರಂತೆ.,2,ಪಶು,Animal
ಮೃಗ,"ಮೃಗ ಪಕ್ಷಿಗಳ ಕೂಗು ಪ್ರಕೃತಿ, ಅದರಲ್ಲಿಯ ಸ್ವರಪ್ರಬೇಧಗಳನ್ನು ಗುರುತಿಸಿ ಜೋಡಿಸಿ, ರಾಗವಿನ್ಯಾಸ ಮಾಡಿದ್ದು ಸಂಸ್ಕೃತಿ.",2,ಪಶು,Animal
ಮೃಗ,ಕಪಿಗಳಿಗೆ ಶಾಖಾ ಮೃಗ ಎಂದು ಹೆಸರಿದೆ.,2,ಪಶು,Animal
ಮೃಗ,"ಅತ್ತ ಪುರುಷರು ಮೃಗ ಭೇಟೆಗೆ ಹೊರಟರೆ, ಇತ್ತ ಪ್ರಾಣಿ-ಪಕ್ಷಿಗಳು ತಿನ್ನುವ-ತಿನ್ನದ ಸಸ್ಯ-ಪ್ರಾಣಿಜನ್ಯ ಆಹಾರ ವಸ್ತುಗಳನ್ನು ಸ್ತ್ರೀ ಗಮನಿಸುತ್ತಾ ಕೃಷಿ-ಸಾಕು ಪ್ರಾಣಿಗಳ ಪಾಲನೆ ಆರಂಭಿಸಿದಳು.",2,ಪಶು,Animal
ಮೃಗ,"ಈ ರೀತಿಯಲ್ಲಿ ಯೋಗ ಮೃಗ ಮಾನವನನ್ನು ಹಂತ ಹಂತವಾಗಿ ಮಾನವ, ಮಹಾ ಮಾನವ ಮತ್ತು ದೇವಮಾನವನಾಗಿ ಪರಿವರ್ತಿಸುವ ಒಂದು ವೈಜ್ಞಾನಿಕ ಪ್ರಕ್ರಿಯೆಯಾಗಿದೆ.",2,ಪಶು,Animal
ಮೃಗ,ಕ್ರೂರವಾದ ಮೃಗ,2,ಪಶು,Animal
ಮೃಗ,ಹಾಗಾದಾಗ ಎರಡೂ ಕಡೆ ಎಲ್ಲ ವಿವೇಕವೂ ಕಳೆದು ಹೋಗಿ ಮೃಗ ರಾಜ್ಯವೊಂದು ಸೃಷ್ಟಿಯಾಗುತ್ತದಷ್ಟೆ.,2,ಪಶು,Animal
ರಾಶಿ,"ಈ ಎಲ್ಲ ಹೊಂದಾಣಿಕೆಯ ಸಂಬಂಧಗಳೊಂದಿಗೆ, ಧನು ರಾಶಿ ಒಂದನ್ನು ರಾಶಿಚಕ್ರ ಸ್ನೇಹಿತ ಎಂದು ಕರೆಯುತ್ತಾರೆ.",1,"ಜ್ಯೋತಿಷ್ಚಕ್ರದಲ್ಲಿರುವ) ಮೇಷ, ವೃಷಭ ಮೊ. ಹನ್ನೆರಡು ವಿಭಾಗಗಳು",Astrology Sign
ರಾಶಿ,2019ರ ರಾಶಿ ಭವಿಷ್ಯವನ್ನು ಆಧರಿಸಿದರೆ ಈ ವರ್ಷ ನಿಮ್ಮ ಆರ್ಥಿಕ ಸ್ಥಿತಿಯು ಅತ್ಯುತ್ತಮವಾದ ಬದಲಾವಣೆಯನ್ನು ಪಡೆದುಕೊಳ್ಳುವುದು.,1,"ಜ್ಯೋತಿಷ್ಚಕ್ರದಲ್ಲಿರುವ) ಮೇಷ, ವೃಷಭ ಮೊ. ಹನ್ನೆರಡು ವಿಭಾಗಗಳು",Astrology Sign
ರಾಶಿ,ಇಂದಿನ ರಾಶಿ ಭವಿಷ್ಯ : ಶುಕ್ರವಾರದ ನಿಮ್ಮ ಸಂಪೂರ್ಣ ರಾಶಿ ಭವಿಷ್ಯ ಇಲ್ಲಿದೆ ನೋಡಿ.,1,"ಜ್ಯೋತಿಷ್ಚಕ್ರದಲ್ಲಿರುವ) ಮೇಷ, ವೃಷಭ ಮೊ. ಹನ್ನೆರಡು ವಿಭಾಗಗಳು",Astrology Sign
ರಾಶಿ,ಶುಭ ಶನಿವಾರ ರಾಶಿ ಭವಿಷ್ಯ ಮಹಾನ್ ದೈವತಜ್ಞರು ಪ್ರಚಂಡ ಜ್ಯೋತಿಷ್ಯ ಪಾಂಡಿತ್ಯ ಹೊಂದಿರುವ ಕೃಷ್ಣ ಭಟ್ ಅವರು ಆದ್ಯಾತ್ಮಿಕ ಚಿಂತಕರು ನಿಮ್ಮ ಸಮಸ್ಯೆಗಳಿಗೆ ಪರಿಹಾರ ತಿಳಿಯಲು ಹಾಗು ನಿಮ್ಮ ಮನಸಿನಲ್ಲಿ ಅಡಚಣೆ ಉಂಟಾಗುವ ಯಾವುದೇ ಪ್ರಶ್ನೆ ಅಥವಾ ಸಮಸ್ಯೆ ಇದ್ದಲ್ಲಿ ಅದರ ಉತ್ತರ ತಿಳಿಯಲು ಪ್ರಯತ್ನ ಪಡೆಯುತ್ತೀರಾ?,1,"ಜ್ಯೋತಿಷ್ಚಕ್ರದಲ್ಲಿರುವ) ಮೇಷ, ವೃಷಭ ಮೊ. ಹನ್ನೆರಡು ವಿಭಾಗಗಳು",Astrology Sign
ರಾಶಿ,ಇಂದಿನ ಸಂಪೂರ್ಣ ರಾಶಿ ಭವಿಷ್ಯ : ಗುರುವಾರದ ನಿಮ್ಮ ರಾಶಿಫಲಗಳು ಇಲ್ಲಿವೆ ನೋಡಿ‌.,1,"ಜ್ಯೋತಿಷ್ಚಕ್ರದಲ್ಲಿರುವ) ಮೇಷ, ವೃಷಭ ಮೊ. ಹನ್ನೆರಡು ವಿಭಾಗಗಳು",Astrology Sign
ರಾಶಿ,"ಧನು ರಾಶಿ ಭೂಮಿಯ ಯಾವುದೇ ಚಿಹ್ನೆಗಳೊಂದಿಗೆ (ಮಕರ ಸಂಕ್ರಾಂತಿ, ಕನ್ಯಾರಾಶಿ, ಅಥವಾ ತಾರಸ್) ಮಾತನಾಡದ ತಿಳುವಳಿಕೆಯನ್ನು ಕಾಣಬಹುದು.",1,"ಜ್ಯೋತಿಷ್ಚಕ್ರದಲ್ಲಿರುವ) ಮೇಷ, ವೃಷಭ ಮೊ. ಹನ್ನೆರಡು ವಿಭಾಗಗಳು",Astrology Sign
ರಾಶಿ,"ನೈಸರ್ಗಿಕ ಮೊಂಡುತನ ನಿಖರವಾಗಿ ಮತ್ತು ಸಮಯಕ್ಕೆ ಕರ್ತವ್ಯಗಳನ್ನು ಪೂರೈಸಲು ಸಹಾಯ, ಆದ್ದರಿಂದ ಈ ರಾಶಿ ಪ್ರತಿನಿಧಿಗಳು ಅಪ್ರತಿಮ ಕಾರ್ಮಿಕರ-ಪ್ರದರ್ಶನ ಇವೆ.",1,"ಜ್ಯೋತಿಷ್ಚಕ್ರದಲ್ಲಿರುವ) ಮೇಷ, ವೃಷಭ ಮೊ. ಹನ್ನೆರಡು ವಿಭಾಗಗಳು",Astrology Sign
ರಾಶಿ,ಅತೀವವಾದ ಅತೀಂದ್ರಿಯ ಲೇಹ್ ಸಲಹೆ ಕುಂಭ ರಾಶಿ ಆರೆಗಳು ಜ್ಯೋತಿಷ್ಯಶಾಸ್ತ್ರ ಕ್ಯಾನ್ಸರ್ ಕ್ಯಾಪಿರಿಕನ್ ಸ್ಫಟಿಕ ಮಕ್ಕಳ ಮಾನಸಿಕ ಪುಸ್ತಕಗಳು ಮುನ್ಸೂಚನೆ ಉಚಿತ ಆನ್ಲೈನ್ ​​ಅತೀಂದ್ರಿಯ ಚಾಟ್ ಉಚಿತ ಮಾನಸಿಕ ಪ್ರಶ್ನೆ ಜೆಮಿನಿ ಜಾತಕ ಐಪ್ಯಾಡ್ ಪೌಂಡ್ ಅತೀಂದ್ರಿಯ ಬದುಕು ಮಾನಸಿಕ ಆನ್ಲೈನ್ ​​ಲೈವ್ ಮಾನಸಿಕವಾಗಿ ಬದುಕು ಪ್ರೀತಿ ಮಾನಸಿಕ ಓದುವಿಕೆ ಪ್ರೀತಿ ಮಾನಸಿಕ ರೀಡಿಂಗ್ಸ್ ಪ್ರೀತಿಸುತ್ತೇನೆ ಮಧ್ಯಮ ಆನ್ಲೈನ್ ​​ಮಾನಸಿಕ ಫೋನ್ ಮಾನಸಿಕ ಮೀನ ಅತೀಂದ್ರಿಯ ಅತೀಂದ್ರಿಯ ಲೇಹ್ ಮಾನಸಿಕ ಓದುವಿಕೆ ಅತೀಂದ್ರಿಯ ವಾಚನಗೋಷ್ಠಿಗಳು ಅತೀಂದ್ರಿಯ ಓದುವುದು ಧನು ರಾಶಿ ಸ್ಕಾರ್ಪಿಯೋ ಸೈನ್ ಆತ್ಮ ಆಧ್ಯಾತ್ಮಿಕ ಮಾನಸಿಕ ವಾಚನಗೋಷ್ಠಿಗಳು ಟ್ಯಾರೋ ಟಾರಸ್ ನಿಮ್ಮ ಅತೀಂದ್ರಿಯ ಪರೀಕ್ಷೆ ಸ್ಫಟಿಕ ಮಕ್ಕಳು ಮಾನಸಿಕ ಕನ್ಯಾರಾಶಿ ಸಾಪ್ತಾಹಿಕ ರಾಶಿಚಕ್ರ,1,"ಜ್ಯೋತಿಷ್ಚಕ್ರದಲ್ಲಿರುವ) ಮೇಷ, ವೃಷಭ ಮೊ. ಹನ್ನೆರಡು ವಿಭಾಗಗಳು",Astrology Sign
ರಾಶಿ,ನಿಮ್ಮ ರಾಶಿ ಚಕ್ರದ ಪ್ರಕಾರ ಮೇ ತಿಂಗಳಲ್ಲಿ ನಿಮ್ಮ ವೇಗಕ್ಕೆ ಸ್ವಲ್ಪ ತಡೆಯಾಗುವ ಸಾಧ್ಯತೆಗಳು ಇವೆ.,1,"ಜ್ಯೋತಿಷ್ಚಕ್ರದಲ್ಲಿರುವ) ಮೇಷ, ವೃಷಭ ಮೊ. ಹನ್ನೆರಡು ವಿಭಾಗಗಳು",Astrology Sign
ರಾಶಿ,ಮೂರನೆಯದು ತುಲಾ ರಾಶಿ ಈ ರಾಶಿಯವರು ಜೀವನದಲ್ಲಿ ತುಂಬಾ ಕಷ್ಟಗಳನ್ನು ಅನುಭವಿಸಿಕೊಂಡು ಬಂದಿರುವವರು ಆದರೆ ಹೊಸ ವರ್ಷದಲ್ಲಿ ಶನಿ ದೇವರ ಆಶೀರ್ವಾದ ಈ ರಾಶಿಯವರ ಮೇಲೆ ಇರುವುದರಿಂದ ಎಲ್ಲ ಕಷ್ಟಗಳು ನಿವಾರಣೆ ಆಗಲಿವೆ ಈ ವರ್ಷದಲ್ಲಿ,1,"ಜ್ಯೋತಿಷ್ಚಕ್ರದಲ್ಲಿರುವ) ಮೇಷ, ವೃಷಭ ಮೊ. ಹನ್ನೆರಡು ವಿಭಾಗಗಳು",Astrology Sign
ರಾಶಿ,ರಾಶಿ ಭವಿಷ್ಯ: 2 ಫೆಬ್ರವರಿ 2020,1,"ಜ್ಯೋತಿಷ್ಚಕ್ರದಲ್ಲಿರುವ) ಮೇಷ, ವೃಷಭ ಮೊ. ಹನ್ನೆರಡು ವಿಭಾಗಗಳು",Astrology Sign
ರಾಶಿ,ಸ್ಪರ್ಧಾತ್ಮಕ ಪರೀಕ್ಷೆಗಳು ಮತ್ತು ಕ್ರೀಡಾ ಚಟುವಟಿಕೆಗಳಿಗೆ ನಿಮ್ಮ ರಾಶಿ ನಕ್ಷತ್ರ ಚಲನೆಯು ಬೆಂಬಲ ನೀಡುತ್ತವೆ.,1,"ಜ್ಯೋತಿಷ್ಚಕ್ರದಲ್ಲಿರುವ) ಮೇಷ, ವೃಷಭ ಮೊ. ಹನ್ನೆರಡು ವಿಭಾಗಗಳು",Astrology Sign
ರಾಶಿ,"ಧನು ರಾಶಿ ಹುಡುಗಿ ಅತಿ ಆತಿಥ್ಯ ಮತ್ತು ಆತಿಥ್ಯ, ಸಲಿಂಗಕಾಮಿ ಕಂಪನಿಗಳು ಪ್ರೀತಿಸುತ್ತಾರೆ.",1,"ಜ್ಯೋತಿಷ್ಚಕ್ರದಲ್ಲಿರುವ) ಮೇಷ, ವೃಷಭ ಮೊ. ಹನ್ನೆರಡು ವಿಭಾಗಗಳು",Astrology Sign
ರಾಶಿ,ಶುಕ್ರ ಮಿಥುನ ರಾಶಿ ಪ್ರವೇಶ ಮಾಡುವುದ್ರಿಂದ ಮೇಷ ರಾಶಿಯವರಿಗೆ ಹೊಸ ಸಂಬಂಧಗಳು ಶುರುವಾಗುವ ಜೊತೆಗೆ ಉದ್ಯೋಗದಲ್ಲಿ ಲಾಭ ಪ್ರಾಪ್ತಿಯಾಗಲಿದೆ.,1,"ಜ್ಯೋತಿಷ್ಚಕ್ರದಲ್ಲಿರುವ) ಮೇಷ, ವೃಷಭ ಮೊ. ಹನ್ನೆರಡು ವಿಭಾಗಗಳು",Astrology Sign
ರಾಶಿ,ಮಕರ ರಾಶಿ : ನಿಮ್ಮ ಕೆಲಸದ ಮೇಲೆ ಕೇಂದ್ರೀಕರಿಸಿ.,1,"ಜ್ಯೋತಿಷ್ಚಕ್ರದಲ್ಲಿರುವ) ಮೇಷ, ವೃಷಭ ಮೊ. ಹನ್ನೆರಡು ವಿಭಾಗಗಳು",Astrology Sign
ರಾಶಿ,ಭಾನುವಾರದ ಸಂಪೂರ್ಣ ರಾಶಿ ಭವಿಷ್ಯ : ಈ ದಿನದ ಸಂಪೂರ್ಣ ರಾಶಿಫಲ ಇಲ್ಲಿದೆ ನೋಡಿ.,1,"ಜ್ಯೋತಿಷ್ಚಕ್ರದಲ್ಲಿರುವ) ಮೇಷ, ವೃಷಭ ಮೊ. ಹನ್ನೆರಡು ವಿಭಾಗಗಳು",Astrology Sign
ರಾಶಿ,ಇಂದಿನ ರಾಶಿ ಭವಿಷ್ಯ(02-02-2020),1,"ಜ್ಯೋತಿಷ್ಚಕ್ರದಲ್ಲಿರುವ) ಮೇಷ, ವೃಷಭ ಮೊ. ಹನ್ನೆರಡು ವಿಭಾಗಗಳು",Astrology Sign
ರಾಶಿ,"ಅಕ್ಟೋಬರ್ 11, 2018ರಂದು ಗುರು ಗ್ರಹವು ತುಲಾ ರಾಶಿಯಿಂದ ವೃಶ್ಚಿಕ ರಾಶಿ ಪ್ರವೇಶ ಮಾಡಲಿದೆ.",1,"ಜ್ಯೋತಿಷ್ಚಕ್ರದಲ್ಲಿರುವ) ಮೇಷ, ವೃಷಭ ಮೊ. ಹನ್ನೆರಡು ವಿಭಾಗಗಳು",Astrology Sign
ರಾಶಿ,ಮೇಷ ರಾಶಿ : ಮಿತ್ರರೇ ಇಂದು ನಿಮ್ಮ ದಿನ ಹೇಗಿದೆ.,1,"ಜ್ಯೋತಿಷ್ಚಕ್ರದಲ್ಲಿರುವ) ಮೇಷ, ವೃಷಭ ಮೊ. ಹನ್ನೆರಡು ವಿಭಾಗಗಳು",Astrology Sign
ರಾಶಿ,ಗುರುವಾರದ ರಾಶಿ ಭವಿಷ್ಯ .,1,"ಜ್ಯೋತಿಷ್ಚಕ್ರದಲ್ಲಿರುವ) ಮೇಷ, ವೃಷಭ ಮೊ. ಹನ್ನೆರಡು ವಿಭಾಗಗಳು",Astrology Sign
ರಾಶಿ,ಇಂದಿನ ಸಂಪೂರ್ಣ ರಾಶಿ ಭವಿಷ್ಯ : ಮಂಗಳವಾರದ ರಾಶಿಫಲಗಳು ಇಲ್ಲಿವೆ ನೋಡಿ.,1,"ಜ್ಯೋತಿಷ್ಚಕ್ರದಲ್ಲಿರುವ) ಮೇಷ, ವೃಷಭ ಮೊ. ಹನ್ನೆರಡು ವಿಭಾಗಗಳು",Astrology Sign
ರಾಶಿ,ಮೀನ ರಾಶಿ ಪುರುಷ ಎಮೋಷನಲ್ ಫೂಲ್.,1,"ಜ್ಯೋತಿಷ್ಚಕ್ರದಲ್ಲಿರುವ) ಮೇಷ, ವೃಷಭ ಮೊ. ಹನ್ನೆರಡು ವಿಭಾಗಗಳು",Astrology Sign
ರಾಶಿ,[ ಧನಸ್ಸು ರಾಶಿ ವರ್ಷ ಭವಿಷ್ಯ 2015 ],1,"ಜ್ಯೋತಿಷ್ಚಕ್ರದಲ್ಲಿರುವ) ಮೇಷ, ವೃಷಭ ಮೊ. ಹನ್ನೆರಡು ವಿಭಾಗಗಳು",Astrology Sign
ರಾಶಿ,ಮಿಥುನ ರಾಶಿ : ನೀವು ಕೆಲವು ಗಂಭೀರ ತೊಂದರೆಗಳನ್ನು ಎದುರಿಸಲು ಸಾಧ್ಯತೆಯಿರುವುದರಿಂದ ನಿಮ್ಮನ್ನು ನಿಯಂತ್ರಿಸಿಕೊಳ್ಳಿ.,1,"ಜ್ಯೋತಿಷ್ಚಕ್ರದಲ್ಲಿರುವ) ಮೇಷ, ವೃಷಭ ಮೊ. ಹನ್ನೆರಡು ವಿಭಾಗಗಳು",Astrology Sign
ರಾಶಿ,ನಿಮಗೂ ಅದ್ಯಾವ ರಾಶಿಯವರಿಗೆ ಅತ್ಯಂತ ಉತ್ತಮವಾದ ಬದಲಾವಣೆ ಉಂಟಾಗುತ್ತಿದೆ ಎನ್ನುವದನ್ನು ತಿಳಿಯುವ ಕಾತುರ ಉಂಟಾಗುತ್ತಿದ್ದರೆ ಈ ಮುಂದಿರುವ ರಾಶಿ ಭವಿಷ್ಯವನ್ನು ಅರಿಯಿರಿ.,1,"ಜ್ಯೋತಿಷ್ಚಕ್ರದಲ್ಲಿರುವ) ಮೇಷ, ವೃಷಭ ಮೊ. ಹನ್ನೆರಡು ವಿಭಾಗಗಳು",Astrology Sign
ರಾಶಿ,ವೃಷಭ ರಾಶಿ Read more…,1,"ಜ್ಯೋತಿಷ್ಚಕ್ರದಲ್ಲಿರುವ) ಮೇಷ, ವೃಷಭ ಮೊ. ಹನ್ನೆರಡು ವಿಭಾಗಗಳು",Astrology Sign
ರಾಶಿ,ಬುಧವಾರದ ರಾಶಿ ಭವಿಷ್ಯ.,1,"ಜ್ಯೋತಿಷ್ಚಕ್ರದಲ್ಲಿರುವ) ಮೇಷ, ವೃಷಭ ಮೊ. ಹನ್ನೆರಡು ವಿಭಾಗಗಳು",Astrology Sign
ರಾಶಿ,ಬೆಂಗಳೂರು : ಇಂದಿನ ರಾಶಿ ಭವಿಷ್ಯ ಹೀಗಿದೆ.,1,"ಜ್ಯೋತಿಷ್ಚಕ್ರದಲ್ಲಿರುವ) ಮೇಷ, ವೃಷಭ ಮೊ. ಹನ್ನೆರಡು ವಿಭಾಗಗಳು",Astrology Sign
ರಾಶಿ,"ಜನವರಿ ಒಂದರಂದು ಸ್ವಾತಿ ನಕ್ಷತ್ರ, ತುಲಾ ರಾಶಿ ಇರುವುದರಿಂದ ಅದೃಷ್ಟದ ಸಂಕೇತವಾಗಿರುತ್ತದೆ.",1,"ಜ್ಯೋತಿಷ್ಚಕ್ರದಲ್ಲಿರುವ) ಮೇಷ, ವೃಷಭ ಮೊ. ಹನ್ನೆರಡು ವಿಭಾಗಗಳು",Astrology Sign
ರಾಶಿ,ಮೇಷ ರಾಶಿ ಕುಟುಂಬ ಮತ್ತು ಕಚೇರಿಯಲ್ಲಿ ಜಗಳವಾಗದಂತೆ ಹೊಂದಾಣಿಕೆಯಿಂದ ವ್ಯವಹರಿಸಿ.,1,"ಜ್ಯೋತಿಷ್ಚಕ್ರದಲ್ಲಿರುವ) ಮೇಷ, ವೃಷಭ ಮೊ. ಹನ್ನೆರಡು ವಿಭಾಗಗಳು",Astrology Sign
ರಾಶಿ,ಸೋಮವಾರದ ರಾಶಿ ಭವಿಷ್ಯ .,1,"ಜ್ಯೋತಿಷ್ಚಕ್ರದಲ್ಲಿರುವ) ಮೇಷ, ವೃಷಭ ಮೊ. ಹನ್ನೆರಡು ವಿಭಾಗಗಳು",Astrology Sign
ರಾಶಿ,"ಧನು ರಾಶಿ ಮಹಿಳೆ ಯಾವಾಗಲೂ ಕೇಳಲು ಮತ್ತು ಪ್ರೋತ್ಸಾಹಿಸುತ್ತೇವೆ, ಆದರೆ ಪ್ರಶ್ನೆಗಳನ್ನು ತಿನ್ನುವೆ ಉಳಿಸಿಕೊಳ್ಳಿ ಸಿದ್ಧವಾಗಿದೆ.",1,"ಜ್ಯೋತಿಷ್ಚಕ್ರದಲ್ಲಿರುವ) ಮೇಷ, ವೃಷಭ ಮೊ. ಹನ್ನೆರಡು ವಿಭಾಗಗಳು",Astrology Sign
ರಾಶಿ,"ಕೆಲವು ಅಧ್ಯಯನ, ಸಂಶೊಧನೆ ಹಾಗೂ ಜ್ಯೋತಿಷ್ಯ ಶಾಸ್ತ್ರದ ಪ್ರಕಾರ ಪ್ರತಿಯೊಂದು ರಾಶಿ ಚಕ್ರದವರಲ್ಲೂ ವಿಶೇಷವಾದ ರಹಸ್ಯ ಗುಣಗಳಿರುತ್ತವೆ.",1,"ಜ್ಯೋತಿಷ್ಚಕ್ರದಲ್ಲಿರುವ) ಮೇಷ, ವೃಷಭ ಮೊ. ಹನ್ನೆರಡು ವಿಭಾಗಗಳು",Astrology Sign
ರಾಶಿ,ಇಂದಿನ ರಾಶಿ ಭವಿಷ್ಯ ಗುರುವಾರದ ರಾಶಿಫಲ ಇಲ್ಲಿದೆ ನೋಡಿ.,1,"ಜ್ಯೋತಿಷ್ಚಕ್ರದಲ್ಲಿರುವ) ಮೇಷ, ವೃಷಭ ಮೊ. ಹನ್ನೆರಡು ವಿಭಾಗಗಳು",Astrology Sign
ರಾಶಿ,ಮಕರ ರಾಶಿ : ಅತಿಯಾಗಿ ತಿನ್ನುವ ಮತ್ತು ಹೊರಗಿನ ಆಹಾರವನ್ನು ತಪ್ಪಿಸಬೇಕು.,1,"ಜ್ಯೋತಿಷ್ಚಕ್ರದಲ್ಲಿರುವ) ಮೇಷ, ವೃಷಭ ಮೊ. ಹನ್ನೆರಡು ವಿಭಾಗಗಳು",Astrology Sign
ರಾಶಿ,ತುಂಬಾ ʼರೊಮ್ಯಾಂಟಿಕ್ʼ ಆಗಿರುತ್ತಾರೆ ಈ ರಾಶಿ ಹುಡುಗೀರು….,1,"ಜ್ಯೋತಿಷ್ಚಕ್ರದಲ್ಲಿರುವ) ಮೇಷ, ವೃಷಭ ಮೊ. ಹನ್ನೆರಡು ವಿಭಾಗಗಳು",Astrology Sign
ರಾಶಿ,"ಏಪ್ರಿಲ್ 2018 , ಕಟಕ ರಾಶಿ ತಿಂಗಳ ಭವಿಷ್ಯ",1,"ಜ್ಯೋತಿಷ್ಚಕ್ರದಲ್ಲಿರುವ) ಮೇಷ, ವೃಷಭ ಮೊ. ಹನ್ನೆರಡು ವಿಭಾಗಗಳು",Astrology Sign
ರಾಶಿ,ಇದು ಎರೀಸ್ ಮತ್ತು ಧನು ರಾಶಿ ಜೊತೆಗೆ ಬೆಂಕಿ ಚಿಹ್ನೆಯಾಗಿದೆ .,1,"ಜ್ಯೋತಿಷ್ಚಕ್ರದಲ್ಲಿರುವ) ಮೇಷ, ವೃಷಭ ಮೊ. ಹನ್ನೆರಡು ವಿಭಾಗಗಳು",Astrology Sign
ರಾಶಿ,ಮೇಷರಾಶಿ ಜನವರಿ ತಿಂಗಳ ರಾಶಿ ಭವಿಷ್ಯ 2020,1,"ಜ್ಯೋತಿಷ್ಚಕ್ರದಲ್ಲಿರುವ) ಮೇಷ, ವೃಷಭ ಮೊ. ಹನ್ನೆರಡು ವಿಭಾಗಗಳು",Astrology Sign
ರಾಶಿ,ಪ್ರತಿ ರಾಶಿ ಚಕ್ರದವರು ತಮ್ಮದೇ ಆದ ವಿಶೇಷ ಲಕ್ಷಣವನ್ನು ಹೊಂದಿರುತ್ತಾರೆ.,1,"ಜ್ಯೋತಿಷ್ಚಕ್ರದಲ್ಲಿರುವ) ಮೇಷ, ವೃಷಭ ಮೊ. ಹನ್ನೆರಡು ವಿಭಾಗಗಳು",Astrology Sign
ರಾಶಿ,ರಾಶಿ ಭವಿಷ್ಯ: 1 ಫೆಬ್ರವರಿ 2020,1,"ಜ್ಯೋತಿಷ್ಚಕ್ರದಲ್ಲಿರುವ) ಮೇಷ, ವೃಷಭ ಮೊ. ಹನ್ನೆರಡು ವಿಭಾಗಗಳು",Astrology Sign
ರಾಶಿ,ಇಂದಿನ ಸಿಂಹ ರಾಶಿ ಭವಿಷ್ಯ,1,"ಜ್ಯೋತಿಷ್ಚಕ್ರದಲ್ಲಿರುವ) ಮೇಷ, ವೃಷಭ ಮೊ. ಹನ್ನೆರಡು ವಿಭಾಗಗಳು",Astrology Sign
ರಾಶಿ,ವೃಷಭ ರಾಶಿ : ಇಂದು ನಿಮ್ಮ ಮನಸ್ಸು ಸಂತೋಷವಾಗುತ್ತದೆ.,1,"ಜ್ಯೋತಿಷ್ಚಕ್ರದಲ್ಲಿರುವ) ಮೇಷ, ವೃಷಭ ಮೊ. ಹನ್ನೆರಡು ವಿಭಾಗಗಳು",Astrology Sign
ರಾಶಿ,ವೃಶ್ಚಿಕ ರಾಶಿ ಈ ಚಂದ್ರಗ್ರಹಣ ನಿಮಗೆ ಮಿಶ್ರ ಪರಿಣಾಮಗಳನ್ನು ನೀಡಲಿದೆ.,1,"ಜ್ಯೋತಿಷ್ಚಕ್ರದಲ್ಲಿರುವ) ಮೇಷ, ವೃಷಭ ಮೊ. ಹನ್ನೆರಡು ವಿಭಾಗಗಳು",Astrology Sign
ರಾಶಿ,ಮಿಥುನ ರಾಶಿ : ವಿನೋದ ಮತ್ತು ಮನರಂಜನಾ ಪ್ರವೃತ್ತಿಯಲ್ಲಿ ನೀವು ವಿಶೇಷವಾಗಿ ಆಸಕ್ತಿ ಹೊಂದಿರುತ್ತೀರಿ.,1,"ಜ್ಯೋತಿಷ್ಚಕ್ರದಲ್ಲಿರುವ) ಮೇಷ, ವೃಷಭ ಮೊ. ಹನ್ನೆರಡು ವಿಭಾಗಗಳು",Astrology Sign
ರಾಶಿ,"ಈ ಮೊದಲ ಮತ್ತು ಎರಡನೇ - ಒಂದು ವೈಯಕ್ತಿಕ ಸಭೆಯಲ್ಲಿ ನೀವು, ಕಾರ್ಪೊರೇಟ್ ಒಂದು ಛಾಯಾಗ್ರಾಹಕನಾಗಿ, ಪತ್ತೆ ಮಾಡಬೇಕು - ಭವಿಷ್ಯದ ಚಿತ್ರಗಳಿಂದ ಗ್ರಾಹಕ ರಾಶಿ ನಿಖರವಾಗಿ, ಮತ್ತು ನಿಮ್ಮ ಗ್ರಾಹಕರ ಫೋಟೋಗಳನ್ನು ಮೂಲಭೂತ ಕಲಿಸಲು ಅಲ್ಲ.",2,ಸಮೂಹ,Heap
ರಾಶಿ,"ದೇವರಜೀವನಹಳ್ಳಿ ಮುಖ್ಯ ರಸ್ತೆಯಲ್ಲಿ ರಾಶಿ ರಾಶಿಯಾಗಿ ಬಿದ್ದಿದ್ದ ಕಸವನ್ನು ಗಮನಿಸಿದ ಅವರು, ಕಸ ವಿಲೇವಾರಿಗಾಗಿ ಏನು ಕ್ರಮ ಕೈಗೊಂಡಿದ್ದೀರಿ?",2,ಸಮೂಹ,Heap
ರಾಶಿ,ಈ ನೀರಿಗೆ ಯಾರೋ ಕಿಡಿಗೇಡಿಗಳು ತ್ಯಾಜ್ಯಗಳನ್ನು ತಂದು ಹಾಕುತ್ತಿದ್ದು ನೀರು ಕಲುಷಿತಗೊಂಡಿದ್ದು ಸುತ್ತಮುತ್ತಲು ತ್ಯಾಜ್ಯಗಳ ರಾಶಿ ಇದ್ದು ದುರ್ನಾತ ಬೀರುತ್ತಿದೆ.,2,ಸಮೂಹ,Heap
ರಾಶಿ,"ಅನೂಪ್‌ ಜನಾರ್ಧನ್‌ ಮಾತನಾಡಿ, ಪಶ್ಚಿಮಘಟ್ಟದಲ್ಲಿ ನಡೆಯುತ್ತಿರುವ ಅವೈಜ್ಞಾನಿಕ ಕಾಮಗಾರಿಗಳಿಂದಾಗಿ ಅಸಂಖ್ಯಾತ ವೃಕ್ಷ ರಾಶಿ ಸರ್ವನಾಶವಾಗುತ್ತಿದೆ.",2,ಸಮೂಹ,Heap
ರಾಶಿ,"ಮುಂಡಗೋಡ: ಭತ್ತದ ಗದ್ದೆಗಳಿಗೆ ದಾಳಿ ಮಾಡಿರುವ ಕಾಡಾನೆಗಳ ಹಿಂಡು ಕೊಯ್ಲಿಗೆ ಬಂದ ಭತ್ತ ಹಾಗೂ ರಾಶಿ ಮಾಡಲು ಹಾಕಿದ ಬಣವೆಯಲ್ಲಿನ ಭತ್ತವನ್ನು ತಿಂದು, ತುಳಿದು ಹಾನಿ ಮಾಡಿದ ಘಟನೆ ತಾಲ್ಲೂಕಿನ ಗುಂಜಾವತಿ ಗ್ರಾಮ ಪಂಚಾಯ್ತಿ ವ್ಯಾಪ್ತಿಯ ಕಳಕಿಕೇರಾ ಗ್ರಾಮದಲ್ಲಿ ಮಂಗಳವಾರ ರಾತ್ರಿ ಸಂಭವಿಸಿದೆ.",2,ಸಮೂಹ,Heap
ರಾಶಿ,"ಶನಿವಾರ ತಡ ರಾತ್ರಿ ವೇಳೆ ಮತ್ತೆ ಇಂತಹದ್ದೇ ಪ್ರಕರಣವೊಂದು ನಡೆದಿದ್ದು, ಕೋಳಿ ಸಾಗಾಟದ ಮಿನಿ ಟೆಂಪೋವೊಂದು ಇಲ್ಲಿನ ಜಲ್ಲಿ ಹಾಗೂ ಮರಳು ರಾಶಿ ಚಾಲಕನ ಗಮನಕ್ಕೆ ಬಾರದೆ ನಿಯಂತ್ರಣ ಮೀರಿ ರಸ್ತೆಯಲ್ಲೇ ಪಲ್ಟಿಯಾಗಿದೆ.",2,ಸಮೂಹ,Heap
ರಾಶಿ,ನಗರದ ಸ್ಯೂಯೇಜ್ ಫಾರಂನಲ್ಲಿನ ಕಸದ ರಾಶಿ,2,ಸಮೂಹ,Heap
ರಾಶಿ,ಮಸ್ಕಿ 23: ಪಟ್ಟಣದ ಮಟ್ಟೂರು ಗ್ರಾಮದಲ್ಲಿ ರೈತನಾದ ತೂಗಪ್ಪ ಬಸಣ್ಣ ಸೇರಿದ್ದ 3 ಎಕರೆ ಜಮೀನುನಲ್ಲಿ ರಾಶಿ ಮಾಡಲು ಕ್ಯೋಯಿದಿದ ತೋಗರಿ ಬೇಳೆಗೆ ಯಾರು ಕೀಡಿಗೇಡಿಗಳು ಬೆಂಕಿ ಹಂಚಿದರು.,2,ಸಮೂಹ,Heap
ರಾಶಿ,"ಮುಂಗಡವಾಗಿ ಊಟದ ಜೋಳ ಬಿತ್ತನೆ ಮಾಡಿದ್ದ ಬೆರಳೆಣಿಕೆಯ ರೈತರು ತೆನೆ ಕೊಯ್ದು ರಾಶಿ ಮಾಡಿಕೊಂಡಿದ್ದರೇ, ಬೆಳೆ ಕಳೆದುಕೊಂಡ ರೈತರು ಕೈಸುಟ್ಟು ಕೊಳ್ಳುವಂತಾಗಿದೆ.",2,ಸಮೂಹ,Heap
ರಾಶಿ,"ಮಹೋದಯಾ, ನಾನು ಇಷ್ಟು ದೊಡ್ಡ ಕಾರ್ಖಾನೆಗಳಿಂದ, ಇಷ್ಟೊಂದು ಸಿಬ್ಬಂದಿಯಿಂದ, ರಾಶಿ ದುಡ್ಡಿನಿಂದ ಸಾಧಿಸಲಾಗದ್ದನ್ನು ನೀನು ಈ ಒಂದು ತೋಳುದ್ದದ ಮರದ ಕೊಳವೆಯಿಂದ ಸಾಧಿಸಿಬಿಟ್ಟಿದ್ದೀಯಲ್ಲಪ್ಪಾ!",2,ಸಮೂಹ,Heap
ರಾಶಿ,"ಮಾನವ ಸೃಷ್ಟಿಸುವ ರಾಶಿ ರಾಶಿ ಕಸವು ಮುಗ್ದ ಜೀವಿಗಳ ಜೀವಕ್ಕೆ ಕುಂದು ತರುತ್ತಿದೆ, ಎಂದು ಪ್ರವೀಣ್ ಕಸ್ವಾನ್ ಟ್ವೀಟ್ ಮಾಡಿದ್ದಾರೆ.",2,ಸಮೂಹ,Heap
ರಾಶಿ,ಈ ಸಸ್ಯ ಶೀತ ಹವಾಮಾನ ರವರೆಗೆ ಬೃಹತ್ ಹಸಿರು ರಾಶಿ ನಿರ್ಮಿಸಲು ಸಮಯ ಹೊಂದಿದೆ.,2,ಸಮೂಹ,Heap
ರಾಶಿ,ಕುಮಟಾ ತಾಲ್ಲೂಕಿನ ಖೈರೆ ಗ್ರಾಮದ ಸರ್ಕಾರಿ ಶಾಲೆಯ ಸಮೀಪ ಅನಧಿಕೃತ ಗುಜರಿ ಸಾಮಗ್ರಿ ರಾಶಿ,2,ಸಮೂಹ,Heap
ರಾಶಿ,"ಪೇಟೆಗಳಲ್ಲಿ ಅಂಗಡಿ ಮಾಲಿಕರು ತಮ್ಮ ಅಂಗಡಿ ಬಾಗಿಲುಗಳಲ್ಲಿ ಗುಡಿಸಿ ಒಟ್ಟು ಮಾಡಿದ ಕಸ, ಪ್ಲಾಸ್ಟಿಕ್‌ ತ್ಯಾಜ್ಯವನ್ನು ನಾಶಗೊಳಿಸಲು ಮರಗಳ ಬುಡದಲ್ಲಿ ರಾಶಿ ಹಾಕಿ ಬೆಂಕಿ ಇಡುತ್ತಾರೆ.",2,ಸಮೂಹ,Heap
ರಾಶಿ,ಹೀಗೆ ಕುಯ್ದ ನಂತರ ಕಣದಲ್ಲಿ ಧಾನ್ಯವನ್ನು ಬೇರ್ಪಡಿಸಿ ರಾಶಿ ಕಟ್ಟುತ್ತಾರೆ.,2,ಸಮೂಹ,Heap
ರಾಶಿ,ತೋಟಗಳಿಂದ ಹಣ್ಣುಗಳನ್ನು ತಂದು ರಾಶಿ ಹಾಕಲಾಗುತ್ತದೆ.,2,ಸಮೂಹ,Heap
ರಾಶಿ,ಈ ಬನದಲ್ಲಿ ರಾಶಿ ಬಿದ್ದ ಮಣ್ಣ ಹರಕೆಗಳನ್ನು ನೋಡುತ್ತಿದ್ದರೆ ದಂಗಾಗಿ ನಿಲ್ಲುತ್ತೇವೆ.,2,ಸಮೂಹ,Heap
ರಾಶಿ,"ರಸ್ತೆಯ ಇಕ್ಕೆಲಗಳು ಮತ್ತು ಪಾದಚಾರಿ ಮಾರ್ಗಗಳಲ್ಲಿ ಮಾರಾಟವಾಗದೆ ಉಳಿದ ಬಾಳೆಕಂಬ, ಬೂದುಗುಂಬಳ, ಮಾವಿನಸೊಪ್ಪುಮತ್ತು ಬಾಡಿದ ಹೂವುಗಳು ರಾಶಿ ಬಿದ್ದಿದ್ದು, ಬಿಡದೆ ಸುರಿಯುತ್ತಿರುವ ಮಳೆಯಿಂದಾಗಿ ಕೊಳೆತು ದುರ್ವಾಸನೆ ಬೀರುತ್ತಿವೆ.",2,ಸಮೂಹ,Heap
ರಾಶಿ,ಕುಮಾರಿ ಭೇಟಿ ನೀಡಿದ್ದಾಗ ಕ್ಷೇತ್ರದಲ್ಲಿ ವರ್ಷಗಳಿಂದಲೂ ತ್ಯಾಜ್ಯವಸ್ತುಗಳ ರಾಶಿ ಹಾಗೆಯೇ ಉಳಿದುಕೊಂಡಿತ್ತು.,2,ಸಮೂಹ,Heap
ರಾಶಿ,ರಾಶಿ ಎಳೆದೆಳೆದು ಹಾಕಿ,2,ಸಮೂಹ,Heap
ರಾಶಿ,ಮದ್ಯದ ಬಾಟಲಿಗಳು ರಾಶಿ ಬದ್ದಿವೆ.,2,ಸಮೂಹ,Heap
ರಾಶಿ,ರಾಜ್ಯದಲ್ಲಿ ಪ್ಲಾಸ್ಟಿಕ್‌ ನಿಷೇಧ ಆದೇಶವು ಜಾರಿಗೆ ಬಂದಿರುವಂತೆಯೇ ಕೆಎಸ್‌ಆರ್‌ಟಿಸಿ ಡಿಪ್ಪೋ ಪರಿಸರದಲ್ಲಿ ಪ್ಲಾಸ್ಟಿಕ್‌ ಮಾಲಿನ್ಯ ರಾಶಿ ಜನಸಾಮಾನ್ಯರಿಗೆ ಹೆಚ್ಚಿನ ಸಮಸ್ಯೆಯಾಗಿ ಪರಿಣಮಿಸಿದೆ.,2,ಸಮೂಹ,Heap
ರಾಶಿ,ಅವರ ಎದುರಿನಲ್ಲಿ ಅಕ್ಕಿಯ ಸಣ್ಣ ರಾಶಿ ಇರುತ್ತದೆ.,2,ಸಮೂಹ,Heap
ರಾಶಿ,ಒಂದೇ ಗುಡ್ಡೆಗೆ ರಾಶಿ ಮಾಡಿ ಯಂತ್ರದಿಂದ ಶುಚಿ ಮಾಡಿಸಿಕೊಳ್ಳುತ್ತಿದ್ದಾರೆ.,2,ಸಮೂಹ,Heap
ರಾಶಿ,ಈ ಹಿಂದೆ ತೀಳ್‌ಮಾತಿಗೆ ಭೇಟಿ ಕೊಟ್ಟಾಗ ಅಲ್ಲಿನ ತ್ಯಾಜ್ಯಗಳ ರಾಶಿ ಕಂಡು ಬೇಸರವಾಗಿತ್ತು.,2,ಸಮೂಹ,Heap
ರಾಶಿ,ಆದರೆ ಇದು ಒಂದು ರಾಶಿ ಎಲ್ಲ ಉರುಳಿಸಲು ಸೂಕ್ತವಲ್ಲ.,2,ಸಮೂಹ,Heap
ರಾಶಿ,"ಜಲಂಧರ್‌ನಿಂದ ಬಂದ ಆಲೂಗಡ್ಡೆ: ಸದ್ಯ ಚಿಕ್ಕಬಳ್ಳಾಪುರ ಎಪಿಎಂಸಿ ಮಾರುಕಟ್ಟೆಯಲ್ಲಿ ರೈತರಿಗೆ ಮಾರಾಟ ಮಾಡಲು ವ್ಯಾಪಾರಸ್ಥರು ಲೋಡ್‌ಗಟ್ಟಲೇ ಪಂಜಾಬ್‌ನ ಜಲಂಧರ್‌ನಿಂದ ತರಿಸಿರುವ ಬಿತ್ತನೆ ಆಲೂಗಡ್ಡೆ ಮೂಟೆಗಳ ರಾಶಿ ರಾಶಿ ಕಂಡು ಬರುತ್ತಿದ್ದು, ರೈತರು ಕೂಡ ಗುಣಮಟ್ಟದ ಆಲೂಗಡ್ಡೆ ಹುಡುಕಾಟ ನಡೆಸಿ ತಮಗೆ ಅಗತ್ಯವಾದ ಬಿತ್ತನೆ ಆಲೂಗಡ್ಡೆಯನ್ನು ಖರೀದಿ ಕೊಂಡೊಯ್ಯುತ್ತಿರುವ ದೃಶ್ಯಗಳು ಸಾಮಾನ್ಯವಾಗಿವೆ.",2,ಸಮೂಹ,Heap
ರಾಶಿ,"ರೈತನೊಬ್ಬ ಕಣದಲ್ಲಿ ನಿಂತು ಕಾಳಿನಿಂದ ಕಸಕಡ್ಡಿ ಬೇರ್ಪಡಿಸುತ್ತಿರುವುದು, ಮಹಿಳೆಯೊಬ್ಬರು ಈ ಧಾನ್ಯಗಳನ್ನು ಒಂದೆಡೆ ಗುಡ್ಡೆ ಹಾಕಿ, ರಾಶಿ ಮಾಡುವ ಕಾರ್ಯದಲ್ಲಿ ನಿರತರಾಗಿರುವ ದೃಶ್ಯಗಳು ಕಣ್ಣಿಗೆ ಮನೋಹರ ಹಾಗೂ ಮನಸ್ಸಿಗೆ ಮುದ ನೀಡುತ್ತವೆ.",2,ಸಮೂಹ,Heap
ರಾಶಿ,: ಮಂಗಳೂರಿನ ಬಿಜೈಯಲ್ಲಿರುವ ಐಷಾರಾಮಿ ಮನೆಯಲ್ಲಿ ಪರಿಶೀಲನೆ ನಡೆಸಿದ ಅಧಿಕಾರಿಗಳು ಹಣದ ರಾಶಿ ಕಂಡು ಬೆಚ್ಚಿಬಿದ್ದಿದ್ದಾರೆ.,2,ಸಮೂಹ,Heap
ರಾಶಿ,"ನನ್ನ ಊಹೆ ನಿಜವಾಗಿತ್ತು, ಅಲ್ಲಿ ಆ ಮುದುಕ ದೊಡ್ಡ ಬಿದುರಿನ ಬುಟ್ಟಿಯಲ್ಲಿ ಸುಲಿಯದ ತೆಂಗಿನ ಕಾಯಿಗಳ ಗಾತ್ರದ ಬುರುಡೆಗಳನ್ನು ತಂದು ರಾಶಿ ಮಾಡುತ್ತಿದ್ದ.",2,ಸಮೂಹ,Heap
ರಾಶಿ,"ಕಾಮನನ್ನು ಸುಡಲು ಹುಡುಗರು ಊರೆಲ್ಲ ಕೊಳ್ಳೆ ಹೊಡೆದು ಯಾರದೋ ಮನೆಯ ಮಹಡಿ ಮೇಲೆ ರಾಶಿ ಮಾಡಿದ ಕುಳ್ಳು, ಕಟ್ಟಿಗೆ, ಬಾನ, ಬಿದಿರುಗಳನ್ನು ಉಒಯೋಗಿಸಲಾಗುತ್ತದೆ.",2,ಸಮೂಹ,Heap
ರಾಶಿ,ಅಂಥದ್ದರಲ್ಲಿ ಅದನ್ನು ಕಡುಬಿಸಿಲಿನಲ್ಲಿ ಡಾಂಬರು ರಸ್ತೆಗೆ ಹಾಕಿ ರಾಶಿ ಮಾಡಲಾಗುತ್ತದೆ.,2,ಸಮೂಹ,Heap
ರಾಶಿ,"ಹತ್ತಿರ ಹೋಗುತ್ತಿದ್ದಂತೆ ಒಡಲಲ್ಲಿ ಕಾಣುವ ಕಸ, ಪ್ಲಾಸ್ಟಿಕ್‌ ತಾಜ್ಯ ಹಾಗೂ ಕಟ್ಟಡ ತ್ಯಾಜ್ಯದ ರಾಶಿ ಮಾಲಿನ್ಯದ ದರ್ಶನ ಮಾಡಿಸುತ್ತದೆ.",2,ಸಮೂಹ,Heap
ರಾಶಿ,ಅಲ್ಲದೆ ಸ್ವಚ್ಛತೆ ವಿಚಾರದಲ್ಲಿ ಎಲ್ಲಾ ಬಡಾವಣೆಗಳಲ್ಲೂ ಕಸದ ರಾಶಿ ಬಿದ್ದಿದೆ.,2,ಸಮೂಹ,Heap
ರಾಶಿ,"ಬೆಂಗಳೂರು ನೀಡ್ಸ್ ಯು ತಂಡದ ಶ್ರಮವನ್ನು ಮೆಚ್ಚಿದ ಕಾರ್ಪೊರೇಟರ್ ಅಬ್ದುಲ್ ಜಕೀರ್ ಅವರು, ಮೂರ್ ರಸ್ತೆಯಲ್ಲಿ 35 ವರ್ಷಗಳಿಂದ ಕಸದ ರಾಶಿ ಬೀಳುತ್ತಿತ್ತು.",2,ಸಮೂಹ,Heap
ರಾಶಿ,ತೊಗರಿ ರಾಶಿ ಮಾಡಿದ ತಕ್ಷಣ ಟ್ರ್ಯಾಕ್ಟರ್‌ನಿಂದ ಹೊಲಕ್ಕೆ ನೇಗಿಲು ಹೊಡಿಸಿದ್ದೆ.,2,ಸಮೂಹ,Heap
ರಾಶಿ,"ಬೀದರ್‍ನಲ್ಲಿ ಗೋವುಗಳ ಮಾರಣಹೋಮ – ಅಕ್ರಮ ಕಸಾಯಿಖಾನೆಗಳಲ್ಲಿ ಮೂಳೆ, ಕೊಂಬುಗಳ ರಾಶಿ",2,ಸಮೂಹ,Heap
ರಾಶಿ,ತಗ್ಗು ತೋಡಿ ಅದರಲ್ಲಿ ಸೌದೆ ರಾಶಿ ಹಾಕಿ ಬೆಂಕಿ ಉರಿಸಲಾಗುತ್ತದೆ.,2,ಸಮೂಹ,Heap
ರಾಶಿ,"ನೀವು ತಿರುಗಿ ಒಂದು ಕೋನ್ ಆಕಾರ ಮಾಡಿದಾಗ ಗಿಣ್ಣು ರಾಶಿ ಆರಂಭಿಕ ಗಂಟೆಗಳಲ್ಲಿ ಅಂಡಾಕಾರದ ತಲೆಯ ರೂಪದಲ್ಲಿ ತೆಗೆದುಕೊಳ್ಳುತ್ತದೆ, ಮತ್ತು ನಂತರ.",2,ಸಮೂಹ,Heap
ರಾಶಿ,ಪಂಪಾ ನದಿಯ ಹಿಂದಿನ ಸೊಬಗು ಕಾಣಲು ನದಿಯಲ್ಲಿ ಲೋಡ್‌‌ಗಟ್ಟಳೆ ಬಿದ್ದಿರುವ ಮರಳಿನ ರಾಶಿ ತೆರವು ಮಾಡಬೇಕಿದೆ.,2,ಸಮೂಹ,Heap
ಲಿಂಗ,"ಹಸಿರು, ಹಳದಿ, ಬಿಳಿ: ನೀವು ಎರಡೂ ಲಿಂಗ ಸೂಕ್ತವಾದ ತಟಸ್ಥ ಬಣ್ಣಗಳು ಬಳಸಬಹುದು.",1,Gender,Gender
ಲಿಂಗ,"ಅದೇ ಆಸೆಯ ಬಲೆಯಲ್ಲಿದ್ದವನು ಗರ್ಭಿಣಿ ಪತ್ನಿಗೆ ಲಿಂಗ ಪರೀಕ್ಷೆ ಮಾಡಿಸಿಕೋ, ನೀನು ಹೆತ್ತಿರುವ ಐವರು ಪುತ್ರಿಯರು ನನಗೆ ಸಾಕಾಗಿದ್ದಾರೆ.",1,Gender,Gender
ಲಿಂಗ,ಲಿಂಗ ಸಂಬಂಧಗಳಿಗೆ ಅತೀತವಾದ ನೆಲೆಯಲ್ಲಿ ಅಭಿವೃದ್ಧಿಯನ್ನು ಪರಿಭಾವಿಸಿಕೊಳ್ಳುವುದು ಸರಿಯಲ್ಲ.,1,Gender,Gender
ಲಿಂಗ,"ಲಿಂಗ ಸಮಾನತೆ ದೃಷ್ಟಿಯಲ್ಲಿ ನೋಡಿದರೂ,ರಾಜ್ಯದ ಎರಡು ವಿವಿಗಳಿಗಷ್ಟೇ ಮಹಿಳೆಯರು ನೇಮಕಗೊಂಡಿದ್ದಾರೆ.",1,Gender,Gender
ಲಿಂಗ,ರವರೆಗೆ ನಾಯಕತ್ವದ ಸ್ಥಾನಗಳಲ್ಲಿ ಲಿಂಗ ಸಮಾನತೆ ಸಾಧಿಸುವುದು ಚಳುವಳಿಯ ಕಾರ್ಯಗಳಲ್ಲಿ ಒಂದಾಗಿದೆ.,1,Gender,Gender
ಲಿಂಗ,ಗರ್ಭಾವಸ್ಥೆಯಲ್ಲಿ ಭ್ರೂಣದ ಲಿಂಗ ಪತ್ತೆ ಮಾಡುವ ತಂತ್ರಜ್ಞಾನ ಸಂಸ್ಥೆಗಳು ಇಂದು ಬೃಹತ್‌ ಉದ್ದಿಮೆಯಾಗಿ ಬೆಳೆದಿವೆ.,1,Gender,Gender
ಲಿಂಗ,"ಮಹಿಳೆಯರ ರಚನಾತ್ಮಕ ದಬ್ಬಾಳಿಕೆ, ನಿರ್ದಿಷ್ಟವಾಗಿ ಆರ್ಥಿಕ ರೀತಿಯ, ಸಮಾಜದಲ್ಲಿ ಸ್ಪಷ್ಟವಾಗಿ ಕಾಣುವ ಒಂದು ವಿಧಾನವು ಲಿಂಗ ವೇತನದ ಅಂತರದಲ್ಲಿದೆ , ಇದು ಪುರುಷರು ವಾಡಿಕೆಯಂತೆ ಮಹಿಳೆಯರಿಗೆ ಒಂದೇ ಕೆಲಸಕ್ಕೆ ಹೆಚ್ಚು ಹಣವನ್ನು ಗಳಿಸುತ್ತದೆ.",1,Gender,Gender
ಲಿಂಗ,"ವಸ್ತುಸ್ಥಿತಿ ಹೀಗಿದ್ದರೂ ಸಹ ಹೆಣ್ಣು ಶಿಶುಗಳ ಆಹಾರ ಪೋಷಣೆ, ಆರೋಗ್ಯ ಅಲಕ್ಷ್ಯಕ್ಕೆ ಒಳಗಾಗುತ್ತಿರುವುದರಿಂದ ಅವು ಒಂದು ವರ್ಷದೊಳಗೇ ಗಂಡು ಮಕ್ಕಳಿಗಿಂತಾ ಹೆಚ್ಚಿನ ಸಂಖ್ಯೆಯಲ್ಲಿ ಸಾವನ್ನಪ್ಪುತ್ತಿದ್ದು ಈ ಅಂಕಿ ಅಂಶಗಳು ನಮ್ಮ ಸಮಾಜದಲ್ಲಿ ಬೇರೂರಿರುವ ಲಿಂಗ ಪಕ್ಷಪಾತೀ ಧೋರಣೆಗೆ ದ್ಯೋತಕವಾಗಿದೆ.",1,Gender,Gender
ಲಿಂಗ,ಲಿಂಗ ತಾರತಮ್ಯದ ಕತ್ತಿ ವಾಸ್ತವವಾಗಿ ಎರಡೂ ರೀತಿಗಳನ್ನು ಕಡಿದುಗೊಳಿಸುತ್ತದೆ ಎಂಬ ಗೊಂದಲದ ಜ್ಞಾಪನೆಯಾಗಿದೆ.,1,Gender,Gender
ಲಿಂಗ,"ಆದರೆ ಯಾವುದೇ ವ್ಯಕ್ತಿ ಜಾತಿ, ಧರ್ಮ ಹಾಗೂ ಲಿಂಗ ಆಧಾರದಲ್ಲಿ ಬೆಳೆಯಲು ಸಾಧ್ಯವಿಲ್ಲ.",1,Gender,Gender
ಲಿಂಗ,"ನವದೆಹಲಿ: ವ್ಯಭಿಚಾರ ತಡೆ ಕಾನೂನು ಲಿಂಗ ತಾರತಮ್ಯ ಮಾಡುತ್ತಿದೆ ಎಂಬ ಅರ್ಜಿಯ ವಿಚಾರಣೆಯನ್ನು ಪೂರ್ಣಗೊಳಿಸಿರುವ ಸುಪ್ರೀಂ ಕೋರ್ಟ್, ತೀರ್ಪು ಕಾಯ್ದಿರಿಸಿದೆ.",1,Gender,Gender
ಲಿಂಗ,ತೀವ್ರ ಒತ್ತಡದಿಂದ ವೈದ್ಯೆ ಲಿಂಗ ಪತ್ತೆ ಮಾಡಿದಾಗ ಅದು ಕೂಡ ಹೆಣ್ಣು ಮಗು ಎಂದು ತಿಳಿಯಿತು.,1,Gender,Gender
ಲಿಂಗ,ಭ್ರೂಣದ ಲಿಂಗ ಪತ್ತೆ ಹಚ್ಚಿ ಹೆಣ್ಣಭ್ರೂಣಗಳನ್ನು ಗರ್ಭ­ಪಾತ ಮಾಡಿಸಿಕೊಳ್ಳಲೂ ಆಧುನಿಕ ವೈದ್ಯ­ಕೀಯ ತಂತ್ರಜ್ಞಾನ ಪಿತೃಪ್ರಧಾನ ಸಂಸ್ಕೃತಿಯ ಉಳಿವಿನ ನೆರವಿಗೆ ಬರು­ತ್ತಿದೆ.,1,Gender,Gender
ಲಿಂಗ,"ನಿಮ್ಮ ಗರಿಷ್ಠ ಹೃದಯದ ಬಡಿತವನ್ನು ನಿಮ್ಮ ಆನುವಂಶಿಕ ಮೇಕಪ್, ಲಿಂಗ ಮತ್ತು ವಯಸ್ಸು ನಿರ್ಧರಿಸುತ್ತದೆ.",1,Gender,Gender
ಲಿಂಗ,ಈ ಲಿಂಗ ಬದಲಾಯಿಸಬಹುದು ಇಚ್ಚಿಸಬಹುದು ತಿಳಿಯಲು ಮುಖ್ಯ.,1,Gender,Gender
ಲಿಂಗ,ಲಿಂಗ ಅಸಮಾನತೆ ದೃಷ್ಟಿಯಿಂದ ಜಾಗತಿಕವಾಗಿ ಭಾರತ ಅತ್ಯಂತ ಕೆಳಗಿನ ಮಟ್ಟದಲ್ಲಿದೆ.,1,Gender,Gender
ಲಿಂಗ,"ಲಿಂಗ ಹಾಗೂ ಲಕ್ಷಣಗಳನ್ನು ಥೈರಾಯ್ಡ್ ಗ್ರಂಥಿಯ ಗಾತ್ರ ಅತ್ಯಂತ ನೇರ ಪರಿಣಾಮ: 20 40 ಗ್ರಾಂ ಪ್ರಾಸಂಗಿಕವಾಗಿ, ಥೈರಾಯ್ಡ್ ಗ್ರಂಥಿಯ ತೂಕದ 65 ಗ್ರಾಂ ಒಂದು ಗರಿಷ್ಠ ಒಂದು ಬಹಳ ಪ್ರಮುಖ ವಿವರ ಇಲ್ಲ ಮೀರಬಹುದು ಅದೇ ಸಮಯದಲ್ಲಿ ಥೈರಾಯ್ಡ್ ಹಾಲೆಗಳು ಆಯಾಮಗಳು ಇರುತ್ತದೆ.",1,Gender,Gender
ಲಿಂಗ,22: ತೃತೀಯ ಲಿಂಗ ಸಮುದಾಯ ಭಿಕ್ಷೆ ಬೇಡದಂತೆ ಮಾಡುವ ಸಲುವಾಗಿ ಸರಕಾರಗಳು ಆರ್ಥಿಕ ಸಬಲೀಕರಣಕ್ಕಾಗಿ ಪರ್ಯಾಯ ವ್ಯವಸ್ಥೆಯನ್ನು ಕಲ್ಪಿಸಬೇಕು ಹಾಗೂ ಅವರಿಗೆ ಸೂಕ್ತವಾದ ಶಿಕ್ಷಣ ನೀಡಬೇಕು ಎಂದು ಸಾಮಾಜಿಕ ಹೋರಾಟಗಾರ ಹಾಗೂ ಚಲನಚಿತ್ರ ನಟ ಚೇತನ್ ಆಗ್ರಹಿಸಿದ್ದಾರೆ.,1,Gender,Gender
ಲಿಂಗ,"ಲಿಯಾ ಲಿಟೊಸ್ಸೆಲಿಟಿ ಮತ್ತು ಜೇನ್ ಸುಂದರ್ಲ್ಯಾಂಡ್ರಿಂದ ಲಿಂಗ ಗುರುತಿಸುವಿಕೆ ಮತ್ತು ಪ್ರವಚನ ವಿಶ್ಲೇಷಣೆ , ಆವೃತ್ತಿ.",1,Gender,Gender
ಲಿಂಗ,"ಎಲ್ಲಾ ಗುಣವಾಚಕಗಳಂತೆ, ಪ್ರಶ್ನಾರ್ಹ ವಿಶೇಷಣಗಳು ಲಿಂಗ ಮತ್ತು ಸಂಖ್ಯೆಗಳನ್ನು ಒಪ್ಪಿಕೊಳ್ಳುವ ನಾಮಪದಗಳೊಂದಿಗೆ ಸಮ್ಮತಿಸುತ್ತವೆ.",1,Gender,Gender
ಲಿಂಗ,ಲಿಂಗ ಪತ್ತೆ ಕೇಂದ್ರಗಳ ಬಗ್ಗೆ ಅವರು ಮಾಹಿತಿ ನೀಡಬೇಕು.,1,Gender,Gender
ಲಿಂಗ,ದೇಶದ ಅರ್ಥ ವ್ಯವಸ್ಥೆಯಲ್ಲಿ ಲಿಂಗ ಸಮಾನತೆ ಮತ್ತು ಕೆಲಸದ ಸ್ಥಳಗಳಲ್ಲಿ ಲಿಂಗ ಆಧಾರಿತ ಅಸಮಾನತೆ ನಿವಾರಣೆ 2186 ಕ್ಕೆ ಸಾಧ್ಯವಿಲ್ಲವೆಂದು ವರದಿಯೊಂದು ಹೇಳಿದೆ.,1,Gender,Gender
ಲಿಂಗ,ಮಹಿಳಾ ಚಳುವಳಿಯಲ್ಲೂ ಸಾಕ್ಷರತೆಯ ಲಿಂಗ ಸಂಬಂಧಿ ಅಸಮಾನತೆಯ ಬಗ್ಗೆ ಆಕ್ರೋಶವನ್ನು ವ್ಯಕ್ತಪಡಿಸಲಾಗುತ್ತದೆ.,1,Gender,Gender
ಲಿಂಗ,ಲಿಂಗ ತಾರತಮ್ಯ ಹೋಗಲಾಡಿಸಬೇಕು.,1,Gender,Gender
ಲಿಂಗ,ತಿರುವನಂತಪುರ: ಲಿಂಗ ಸಮಾನತೆ ಇಸ್ಲಾಂ ವಿರೋಧಿ.,1,Gender,Gender
ಲಿಂಗ,"ಲಿಂಗ ಸಮಾನತೆ ಬಗ್ಗೆ ಕೇವಲ ಬಿಗ್ ಬಿ ಮಾತ್ರವಲ್ಲ, ಬಾಲಿವುಡ್ ನ ಮತ್ತೊಬ್ಬ ಖ್ಯಾತ ನಟ ಆಮೀರ್ ಖಾನ್ ಸಹ ಬ್ಯಾಟಿಂಗ್ ಮಾಡುತ್ತಿದ್ದಾರೆ.",1,Gender,Gender
ಲಿಂಗ,ನವದೆಹಲಿ: ತ್ರಿವಳಿ ತಲಾಖ್ ನಿಷೇಧ ವಿಚಾರ ಲಿಂಗ ಸಮಾನತೆಯದ್ದಾಗಿದ್ದರೆ ಶಬರಿಮಲೆ ದೇಗುಲಕ್ಕೆ ಎಲ್ಲ ವಯೋಮಾನದ ಮಹಿಳೆಯರಿಗೆ ಅವಕಾಶ ಇಲ್ಲದಿರುವುದು ಸಂಪ್ರದಾಯಕ್ಕೆ ಸಂಬಂಧಿಸಿದ್ದು ಎಂದು ಪ್ರಧಾನಿ ನರೇಂದ್ರ ಮೋದಿ ಹೇಳಿದ್ದಾರೆ.,1,Gender,Gender
ಲಿಂಗ,ಲಿಂಗ ಬಳಕೆ ಮತ್ತು ಲಿಂಗ ಕಡೆಗೆ ಸಾಮಾಜಿಕ ವರ್ತನೆಗಳು,1,Gender,Gender
ಲಿಂಗ,ನಮ್ಮ ಜಾಹೀರಾತುಗಳು ಸಂಪೂರ್ಣ ಸ್ತ್ರೀ ಲಿಂಗ ಅನುಸರಿಸುತ್ತದೆ ಚೀಟ್ ಮೇಲೆ ತಮ್ಮ ಪತಿ.,1,Gender,Gender
ಲಿಂಗ,"ಈ ಫಾರ್ಮ್ ವ್ಯಕ್ತಿ, ಲಿಂಗ ಮತ್ತು ಸಂಖ್ಯೆಯಿಂದ ಬದಲಾವಣೆ ಆಗಲಿಲ್ಲ.",1,Gender,Gender
ಲಿಂಗ,"ಸಿಯೋಲ್ನ ನ್ಯಾಶನಲ್ ಇನ್ಫಾರ್ಮೇಶನ್ ಸೊಸೈಟಿ ಏಜೆನ್ಸಿ ಮತ್ತು ಕೊರಿಯಾದ ಲಿಂಗ ಸಮಾನತೆ ಮತ್ತು ಕುಟುಂಬದ ಸಚಿವಾಲಯಗಳು ನಡೆಸಿದ ಸಮೀಕ್ಷೆಗಳ ಪ್ರಕಾರ, 10 ಕೊರಿಯಾದ ಹದಿಹರೆಯದವರಲ್ಲಿ 1 ಇಂಟರ್ನೆಟ್ ವ್ಯಸನಕ್ಕೆ ಹೆಚ್ಚಿನ ಅಪಾಯವಿದೆ ಮತ್ತು 20 ರಲ್ಲಿ 1 ನನ್ನು ಈಗಾಗಲೇ ಗಂಭೀರವಾಗಿ ಗೀಳು ಎಂದು ಪರಿಗಣಿಸಲಾಗಿದೆ.",1,Gender,Gender
ಲಿಂಗ,ಅರ್ಥಶಾಸ್ತ್ರ ಮತ್ತು ಅಭಿವೃದ್ಧಿ ಸಿದ್ಧಾಂತಗಳನ್ನು ಲಿಂಗ ಸಂಬಂಧಿ ಉಪಚಾರಕ್ಕೆ ಒಳಪಡಿಸಿದ ಕೀರ್ತಿ ಅಮರ್ತ್ಯಸೆನ್‌ಗೆ ಸಲ್ಲಬೇಕು.,1,Gender,Gender
ಲಿಂಗ,"ನೇಹಾ ದೀಕ್ಷಿತ್ ಸ್ವತಂತ್ರ ಪತ್ರಕರ್ತೆಯಾಗಿ ಲಿಂಗ ತಾರತಮ್ಯ, ಅಭಿವೃದ್ಧಿ ಮತ್ತು ದಕ್ಷಿಣ ಏಷ್ಯಾ ವಿಚಾರಗಳ ಬಗ್ಗೆ ವಿವಿಧ ಪತ್ರಿಕೆಗಳಿಗೆ ಬರೆಯುತ್ತಾರೆ.",1,Gender,Gender
ಲಿಂಗ,ಬಾಲ್ಯದ ಸಂದರ್ಭಗಳಲ್ಲಿ ಅಂತಹ ಲಿಂಗ ಅಸಮಾನತೆಯಿಲ್ಲ.,1,Gender,Gender
ಲಿಂಗ,ಶ್ಯಾಮ್ ಅಲ್ಲಿ ಲಿಂಗ ಬದಲಾವಣೆ ಶಸ್ತ್ರಚಿಕಿತ್ಸೆ ಮಾಡಿಸಿಕೊಂಡಿದ್ದ.,1,Gender,Gender
ಲಿಂಗ,"ರವಿಶಂಕರ್ ಹೆಣ್ಣು ಭ್ರೂಣ ಹತ್ಯೆ ಕುರಿತು ಮಾತನಾಡಿ, ಲಿಂಗ ಪತ್ತೆ ಶಿಕ್ಷಾರ್ಹ ಅಪರಾಧ.",1,Gender,Gender
ಲಿಂಗ,ಲಿಂಗ ಸಮಾನತೆಯನ್ನು ಸಾಹಿತ್ಯ ಹಾಗೂ ಬದುಕಿನಲ್ಲಿ ಅಳವಡಿಸುವುದು ಹೇಗೆ?,1,Gender,Gender
ಲಿಂಗ,ಲಿಂಗ ಗುರುತಿಸುವಿಕೆ ಸಮಸ್ಯೆಯನ್ನು,1,Gender,Gender
ಲಿಂಗ,"ನಕಾರಾತ್ಮಕ ಅಂಶಗಳು ಹೊರತಾಗಿಯೂ, ಜನರು, ಲಿಂಗ ಜನರು ಸಮಾಜದಲ್ಲಿ ತಮ್ಮ ಸ್ಥಾನವನ್ನು ಪಡೆಯುವ ಪ್ರಯತ್ನ, ಮತ್ತು ಅನೇಕ ಯಶಸ್ಸು.",1,Gender,Gender
ಲಿಂಗ,"ಆದ್ದರಿಂದ, ಹೇಗೆ ಲಿಂಗ ನಿರ್ಧರಿಸಲು ತಾನೆ ಕಿಟನ್?",1,Gender,Gender
ಲಿಂಗ,"ಕೈಲಾಶ ಕ್ಷೇತ್ರದಲ್ಲಿ ದ್ವಾದಶ ಜ್ಯೋತಿರ್ಲಿಂಗವಾದ ಸೌರಾಷ್ಟ್ರದ ಸೋಮನಾಥ ಲಿಂಗ ,ಶ್ರೀ ಶೈಲದ ಮಲ್ಲಿಕಾರ್ಜುನ ಲಿಂಗ ,ಉಜ್ಜೇನಿಯ ಮಹಾಕಾಳೇಶ್ವರ ಲಿಂಗ ಈಗೇ 12 ಲಿಂಗಗಳನ್ನು ಇಲ್ಲಿ ಸ್ಥಾಪಿಸಲಾಗಿದೆ .",2,ಶಿವನ ಒಂದು ಪ್ರತೀಕ,A symbol of Shiva
ಲಿಂಗ,ಲಿಂಗ ಶರೀರಕ್ಕೆ ಬಿಲ್ವ ಪತ್ರೆ ಸಮರ್ಪಣೆ :,2,ಶಿವನ ಒಂದು ಪ್ರತೀಕ,A symbol of Shiva
ಲಿಂಗ,ಸಾಧಾರಣವಾಗಿ ಪ್ರತಿ ಶಿವಾಲಯದಲ್ಲಿ ಶಿವನು ಲಿಂಗ ರೂಪದಲ್ಲಿ ಪೂಜಿಸಲಾಗುತ್ತಿರುವುದನ್ನು ಗಮನಿಸಬಹುದು.,2,ಶಿವನ ಒಂದು ಪ್ರತೀಕ,A symbol of Shiva
ಲಿಂಗ,ಮುಗ್ಧ ಸಂಗಯ್ಯ ಸೂಳೆ ಸಾವಂತ್ರಿಯನ್ನು ಅರಸುತ್ತಾ ಬಂದು ಕೊನೆಗೆ ಕಾಮಿನಿ ಕಾಮಾಕ್ಷಿಯ ಎದುರಲ್ಲಿ ಲಿಂಗ ಪೂಜೆಯನ್ನು ಮಾಡಿಕೊಳ್ಳುವ ತುಡಿತ ಶರಣರಲ್ಲಿ ಮಡಿವಂತಿಕೆ ಇಲ್ಲ ಎಂಬುದರ ಅರಿವನ್ನು ತೋರಿಸುತ್ತದೆ.,2,ಶಿವನ ಒಂದು ಪ್ರತೀಕ,A symbol of Shiva
ಲಿಂಗ,"ಅವರಲ್ಲಿ ಗಣಾಯತಮ್‌ವರ್ಗದವರು ಸರಳ ಗಂಟೆಯನ್ನು ಹಿಡಿದಿದ್ದರೆ, ಲಿಂಗಾಯತಮ್‌ವರ್ಗದವರು ಲಿಂಗ ಸಮೇತ ಗಂಟೆಯನ್ನು (ಲಿಂಗ ಗಂಟ) ಹಿಡಿದಿರುತ್ತಾರೆ.",2,ಶಿವನ ಒಂದು ಪ್ರತೀಕ,A symbol of Shiva
ಲಿಂಗ,ತಿರುಗಿ ಬಂದನು ಲಿಂಗ ದೊರೆ ರುದ್ರರಾಯನ ಬಳಿಗೆ | ಇರನೆಂದ ತರಳ ರಾಮಯ್ಯ |,2,ಶಿವನ ಒಂದು ಪ್ರತೀಕ,A symbol of Shiva
ಲಿಂಗ,ಜಾರಿ ಬಿದ್ದ ಲಿಂಗ ಮತ್ತೇಕೆ?,2,ಶಿವನ ಒಂದು ಪ್ರತೀಕ,A symbol of Shiva
ಲಿಂಗ,ಅದಕ್ಕೂ ಕಟ್ಟುವೆವು ಲಿಂಗ !,2,ಶಿವನ ಒಂದು ಪ್ರತೀಕ,A symbol of Shiva
ಲಿಂಗ,ಶ್ರೀನಗರ ಜು 18: ಅಮರನಾಥ್ ಯಾತ್ರೆ 2011ರ ಪವಿತ್ರ ಲಿಂಗ ದರ್ಶನಕ್ಕೆ ತೆರಳುತ್ತಿದ್ದ ಮೂವರು ಯಾತ್ರಾರ್ಥಿಗಳು ಇಂದು ಹೃದಯಾಘಾತದಿಂದ ಸಾವನ್ನಪ್ಪಿದ್ದಾರೆ.,2,ಶಿವನ ಒಂದು ಪ್ರತೀಕ,A symbol of Shiva
ಲಿಂಗ,ರಾಯ ರಾಮಗೆ ಲಿಂಗ ತೋರುತ ಆ ಪುರದ | ಆಯ ವರ್ಣದ ಬೀದಿಗಳನು |,2,ಶಿವನ ಒಂದು ಪ್ರತೀಕ,A symbol of Shiva
ಲಿಂಗ,"ತಾನು ಬಟ್ಟೆ ತೊಳೆದುಕೊಂಡು ಬರುವಾಗ ದಾರಿಯಲ್ಲಿ ವಿಭೂತಿ, ರುದ್ರಾಕ್ಷಿ, ಲಿಂಗ ಧರಿಸದವರು ಭೇಟಿಯಾಗಬಾರದೆಂದು ಜಾಗಟೆ ಬಾರಿಸುತ್ತ ಬರುತ್ತಿದ್ದ ೩).",2,ಶಿವನ ಒಂದು ಪ್ರತೀಕ,A symbol of Shiva
ಲಿಂಗ,ಅಂದು ನನಗೆ ಶ್ರೀಗಳು ಕೊಟ್ಟ ಲಿಂಗ ಹಾಕಿಕೊಂಡ ಬಳಿಕ ಪವಾಡ ಎಂಬಂತೆ ಚೇತರಿಸಿಕೊಂಡೆ.,2,ಶಿವನ ಒಂದು ಪ್ರತೀಕ,A symbol of Shiva
ಲಿಂಗ,ಇಲ್ಲಿ ಶಿವ ಲಿಂಗ ಮತ್ತು ಸೀತಾ ರಾಮ ದೇವಾಲಯವಿದೆ.,2,ಶಿವನ ಒಂದು ಪ್ರತೀಕ,A symbol of Shiva
ಲಿಂಗ,"ಅವರು ಪರೀಕ್ಷಿಸಿ, ಲಿಂಗದೊಳಗೆ ಇನ್ನೊಂದು ಲಿಂಗ ಉದ್ಭವವಾಗುತ್ತಿದೆ ಎಂದು ಹೇಳಿದರು.",2,ಶಿವನ ಒಂದು ಪ್ರತೀಕ,A symbol of Shiva
ಲಿಂಗ,ಅಂಗದ ಮೇಲೆ ಲಿಂಗ ಇಲ್ಲದಿದ್ದರೆ ಅಂಗಾಂಗ ಸಾಮರಸ್ಯ ಬರುವುದಿಲ್ಲ.,2,ಶಿವನ ಒಂದು ಪ್ರತೀಕ,A symbol of Shiva
ಲಿಂಗ,ಶಿವರಾತ್ರಿಯಂದು ಲಿಂಗ ಸ್ಪರ್ಶ ಮಾಡೋದು ಹೇಗೆ?,2,ಶಿವನ ಒಂದು ಪ್ರತೀಕ,A symbol of Shiva
ಲಿಂಗ,ಅನಾದಿ-ಅನಂತವಾಗಿ ಬಂದಿರುವ ಲಿಂಗ ಶರೀರ.,2,ಶಿವನ ಒಂದು ಪ್ರತೀಕ,A symbol of Shiva
ಲಿಂಗ,ದೇವಾಲಯದ ಮತ್ತೊಂದು ವೈಶಿಷ್ಟ್ಯವೆಂದರೆ ದೇವಾಲಯಕ್ಕಾಗಿ ನೀಡಿದ ಲಿಂಗ ಮುದ್ರೆಯ ಶಿಲಾಶಾಸನ ಲಿಂಗಮುದ್ರೆಯಿರುವ ಶಾಸನಗಳಲ್ಲಿ ಲಿಪಿಗಳಿರುವುದಿಲ್ಲ.,2,ಶಿವನ ಒಂದು ಪ್ರತೀಕ,A symbol of Shiva
ಲಿಂಗ,ಲಿಂಗ ಕಟ್ಟಿದವರನ್ನೆಲ್ಲ ಲಿಂಗಾಯತರು ಎಂದು ಒಪ್ಪಿಕೊಂಡಿದ್ದರೆ ಈ ನಾಡಿನಲ್ಲಿ ಶೇ.,2,ಶಿವನ ಒಂದು ಪ್ರತೀಕ,A symbol of Shiva
ಲಿಂಗ,ಮತ್ತೊಮ್ಮೆ ಮಗದೊಮ್ಮೆ ಲಿಂಗ ದರ್ಶನ ಮಾಡಿದರು.,2,ಶಿವನ ಒಂದು ಪ್ರತೀಕ,A symbol of Shiva
ಲಿಂಗ,"ಬೇಕೆನಲಾಗದು ಶರಣಂಗೆ, ಬೇಡೆನಲಾಗದು ಶರಣಂಗೆ, ಲಿಂಗ ವಶದಿಂದ ಬಂದುದ ಪತಿಕರಿಸದೆ ಇದ್ದಡೆ, ಮಹಾಘನವು ಅವಗವಿಸದು ನೋಡಾ, ಅದೆಂತೆಂದಡೆ : ಅವ್ರತಂ ಸುವ್ರತಂ ಚೈವ ವೇಶ್ಯಾ ದಿವ್ಯಾನ್ನ ಭೂಷಣಂ | ಅಕಲ್ಪಿತಂ ಚ ಭೋಗನಾಂ ಸರ್ವತ್ರ ಲಿಂಗಪ್ರೇರಣಂ || ಎಂದುದಾಗಿ, ಇದು ಕಾರಣ, ಕೂಡಲಚನ್ನಸಂಗಯ್ಯ ನಿಮ್ಮ ಶರಣರಪರಾಧಿಗಳೆಂದು ನುಡಿದವರಿಗೆ ನಾಯಕ ನರಕ ತಪ್ಪದು ||",2,ಶಿವನ ಒಂದು ಪ್ರತೀಕ,A symbol of Shiva
ಲಿಂಗ,ಲಿಂಗ ಶೈವದ ಪ್ರತೀಕವಾದಂತೆ ಸಾಲಿಗ್ರಾಮ ವೈಷ್ಣವದ ಪ್ರತೀಕ.,2,ಶಿವನ ಒಂದು ಪ್ರತೀಕ,A symbol of Shiva
ಲಿಂಗ,ನಂತರ ಲಿಂಗ ಶರೀರಕ್ಕೆ ಬಿಲ್ವ ಪತ್ರೆ ಸಮರ್ಪಣೆ ಮಾಡಲಾಯಿತು.,2,ಶಿವನ ಒಂದು ಪ್ರತೀಕ,A symbol of Shiva
ಲಿಂಗ,ಆ ದೇವಾಲಯದಲ್ಲಿ ಮಹಾಶಿವನು ಲಿಂಗ ರೂಪದಲ್ಲಿ ದರ್ಶನವನ್ನು ನೀಡುತ್ತಾನೆ.,2,ಶಿವನ ಒಂದು ಪ್ರತೀಕ,A symbol of Shiva
ಲಿಂಗ,ಧರೆಗಧಿಕ ಹಂಪೆಯ ವರಪುಣ್ಯ ಕ್ಷೇತ್ರದ | ಕರುಣಿಸು ವಿರುಪಾಕ್ಷ ಲಿಂಗ |,2,ಶಿವನ ಒಂದು ಪ್ರತೀಕ,A symbol of Shiva
ಲಿಂಗ,ಪರಮಪಾವನ ಲಿಂಗ ಕರದೊಳಗಿರುತಿರೆ,2,ಶಿವನ ಒಂದು ಪ್ರತೀಕ,A symbol of Shiva
ಲಿಂಗ,ಸ್ವಾಮೀಜಿ ಅವರ ಸಮಾಧಿ ಬಳಿಕ ಲಿಂಗ ಪ್ರತಿಷ್ಠಾಪನೆ ಮಾಡಲಾಯಿತು.,2,ಶಿವನ ಒಂದು ಪ್ರತೀಕ,A symbol of Shiva
ಲಿಂಗ,ಈ ಮೂಲಕ ಲಿಂಗ ಕಳೆದುಕೊಂಡ ಪ್ರಕರಣ ಬಹಿರಂಗವಾಗಿದೆ.,2,ಶಿವನ ಒಂದು ಪ್ರತೀಕ,A symbol of Shiva
ಲಿಂಗ,ಇಲ್ಲಿ ಪ್ರತಿಷ್ಠಾಪಿಸಲಾಗಿರುವ ಶಿವಲಿಂಗವನ್ನು ಶ್ರೀ ವಿರೂಪಾಕ್ಷ ಲಿಂಗ ಎಂದೂ ಸಹ ಕರೆಯಲಾಗುತ್ತದೆ ಹಾಗೂ ಈ ದೇವಸ್ಥಾನವು 12 ನೆಯ ಶತಮಾನದ ಸಂದರ್ಭದಲ್ಲಿ ಕರ್ನಾಟಕದ ಪ್ರಖ್ಯಾತ ವೀರಶೈವ ಸಂತರಾದ ಶ್ರೀ ಕಾಡಸಿದ್ಧೇಶ್ವರರಿಂದ ಸ್ಥಾಪಿಸಲ್ಪಟ್ಟಿದೆ ಎಂದು ಹೇಳಲಾಗಿದೆ.,2,ಶಿವನ ಒಂದು ಪ್ರತೀಕ,A symbol of Shiva
ಲಿಂಗ,ಈಗ ಕಾಣಿಸುತ್ತಿರುವ ಲಿಂಗ ಮೂಲ ಉದ್ಭವ ಲಿಂಗವಲ್ಲ.,2,ಶಿವನ ಒಂದು ಪ್ರತೀಕ,A symbol of Shiva
ಲಿಂಗ,ನುಡಿದರೆ ಲಿಂಗ ಮೆಚ್ಚಿ ಅಹುದಹುದೆನಬೇಕು,2,ಶಿವನ ಒಂದು ಪ್ರತೀಕ,A symbol of Shiva
ಲಿಂಗ,ಲಿಂಗ ಮಜ್ಜಣಕೆ ಇಳುದಾನೆ,2,ಶಿವನ ಒಂದು ಪ್ರತೀಕ,A symbol of Shiva
ಲಿಂಗ,ಒಂದು ಮರದ ಕೆಳಗೆ ಲಿಂಗ ಸ್ಥಾಪಿಸಿ ಪೂಜೆ ಮಾಡುತ್ತಾ ಕುಳಿತು ಕೊಳ್ಳುತ್ತಿದ್ದನು.,2,ಶಿವನ ಒಂದು ಪ್ರತೀಕ,A symbol of Shiva
ಲಿಂಗ,ಲಿಂಗ ಪರಮ ತೇಜ ರಂಜಿತೋಂ ನಮಃಶಿವಾಯ,2,ಶಿವನ ಒಂದು ಪ್ರತೀಕ,A symbol of Shiva
ಲಿಂಗ,ಲಿಂಗ ಮನೊಲ್ದು ವಿಸ್ತರಿಸಿ ಲಿಂಗಕ್ಕೆ ಲಿಂಗಮನರ್ಪಿಸುತ್ತಮಾ,2,ಶಿವನ ಒಂದು ಪ್ರತೀಕ,A symbol of Shiva
ಲಿಂಗ,ಬ್ರಹ್ಮಾಂಡದ ಐದು ಅಂಶಗಳನ್ನು ಪ್ರತಿನಿಧಿಸುವ ಐದು ಲಿಂಗ ಶತಮಾನಗಳ ಹಿಂದೆ ಇದೇ ರೀತಿಯ ಸಾಲಿನಲ್ಲಿ ಇರಿಸಲಾಗಿದೆ.,2,ಶಿವನ ಒಂದು ಪ್ರತೀಕ,A symbol of Shiva
ಲಿಂಗ,ಬಸವಣ್ಣ ಲಿಂಗ ಪೂಜೆ ಸಾಗಿದೆ.,2,ಶಿವನ ಒಂದು ಪ್ರತೀಕ,A symbol of Shiva
ಲಿಂಗ,ಆತ್ಮಾಂತರಾತ್ಮ ಪರಮಾತ್ಮನೆನಿಸಿಹ ಲಿಂಗ,2,ಶಿವನ ಒಂದು ಪ್ರತೀಕ,A symbol of Shiva
ಲಿಂಗ,ಅಂಗದ ಮೇಲೆ ಲಿಂಗ ಸ್ವಾಯತವಾದರೇನು?,2,ಶಿವನ ಒಂದು ಪ್ರತೀಕ,A symbol of Shiva
ಲಿಂಗ,ಭೂತದ ಲಿಂಗ ಆಗಲಾಗದ ಮುನ್ನ ಆರೋಗಣೆಯಾಯಿತ್ತು.,2,ಶಿವನ ಒಂದು ಪ್ರತೀಕ,A symbol of Shiva
ವರ,"ಈಗಾಗಲೇ ಮತದಾರರು ಯಾವ ಪಕ್ಷಕ್ಕೆ ಶಾಪ ಯಾವ ಪಕ್ಷಕ್ಕೆ ವರ ಎಂಬುವುದನ್ನು ಸಿರ್ಧರಿಸಿದ್ದು, ಬಿಜೆಪಿಯು.",1,ಅನುಗ್ರಹ,Grace
ವರ,ವರ ಪಡೆದ ತನಗೆ ಸಾವು ಬರಲಾರದೆಂದು ನರಕಾಸುರನು ಅಟ್ಟಹಾಸದಿಂದ ಮೆರೆಯುತ್ತಾ ೧೬೦೦೦ ಮಹಿಳೆಯರನ್ನು ಲಪಟಾಯಿಸಿ ಸೆರೆಯಲ್ಲಿಡುತ್ತಾನೆ.,1,ಅನುಗ್ರಹ,Grace
ವರ,ಅಲ್ಪ ಸೇವೆ ನಡೆಸಿದರೂ ಸಹ ದೇವರು ಶೀಘ್ರ ವರ ನೀಡಿ ಭಕ್ತರನ್ನು ಉದ್ದರಿಸುತ್ತಾನೆ ಎಂಬ ಬಲವಾದ ಪ್ರತೀತಿ ಈ ಕ್ಷೇತ್ರದಲ್ಲಿದೆ.,1,ಅನುಗ್ರಹ,Grace
ವರ,"ನಿನ್ನ ತಪಸ್ಸಿಗೆ ಮೆಚ್ಚಿದ್ದೇನೆ, ನಿನ್ನ ಹೊಟ್ಟೆಯಲ್ಲಿ ಹುಟ್ಟುತ್ತೇನೆ~ ಎಂದು ವರ ಕೊಟ್ಟಳು.",1,ಅನುಗ್ರಹ,Grace
ವರ,ಮಕ್ಕಳು ದೇವರು ನೀಡಿದ ಸಂತೋಷದ ವರ ಎಂದು ಹೇಳಲಾಗುತ್ತದೆ.,1,ಅನುಗ್ರಹ,Grace
ವರ,"ಒಂದು ಗುಹೆಯಲ್ಲಿ ಜಾಬಿಲಿ ಋಷಿ ದುರ್ಗಾ ದೇವಿಯ ಕುರಿತು ತಪ್ಪಸ್ಸು ಮಾಡುತ್ತಾನೆ ,ಆಗ ದುರ್ಗಾದೇವಿ ಬಂದು ಏನು ವರ ಬೇಕು ಎಂದು ಕೇಳುವಂತೆ ಜಾಬಿಲಿ ಋಷಿಯನ್ನು ಕೇಳಿದಾಗ ಜಾಬಿಲಿ ಋಷಿ ಅರುಣಾಸುರ ಮಾಡುತ್ತಿರುವ ಎಲ್ಲ ಕೆಟ್ಟ ಕೆಲಸಗಳನ್ನು ಹೇಳಿ ಅವನನ್ನು ಸಂಹಾರ ಮಾಡುವಂತೆ ಕೇಳುತ್ತಾನೆ,ಆ ಸ್ಥಳವೇ ನೆಲ್ಲಿತೀರ್ಥ ಎಂದು ಹೆಸರು ಪಡೆಯಿತ್ತು.",1,ಅನುಗ್ರಹ,Grace
ವರ,ಕುಂಭಕರ್ಣನು ವರ ಕೇಳುವ ಸಮಯದಲ್ಲಿ ಸರಸ್ವತಿಯು ಅವನಲ್ಲಿ ಸೇರಿ ಬುದ್ಧಿಯನ್ನು ಬದಲಾಯಿಸಿದಳು.,1,ಅನುಗ್ರಹ,Grace
ವರ,"ಆಗ ಗಂಗಾಧರನ (ಈಶ್ವರನ ದೇವಸ್ಥಾನ) ಗುಡಿಗೆ ಹೋಗಿ ಕೊಳದಲ್ಲಿ ತಣ್ಣೀರು ಸ್ನಾನ ಮಾಡಿ ಮನೆದೇವರಾದ ಮಾದಪ್ಪನನ್ನು ನೆನೆದು ಅಯ್ಯೋ ಮಕ್ಕಳ ಫಲ ನೀಡೋದು ನೀನು, ಕಿತ್ತುಕೊಳ್ಳುವವನು ನೀನು, ಈಗ ನಾನೊಂದು ವರ ಕೇಳ್ತೇನೆ ನನಗೆ ಪ್ರಸಾದ ಕೊಡು ಎಂದು ಬೇಡುತ್ತಾನೆ.",1,ಅನುಗ್ರಹ,Grace
ವರ,ಯಾವ ದೇವರು ಯಾರಿಗೆ ಗೆಲುವಿನ ವರ ಕೊಡುತ್ತಾರೆ ಎಂಬುದು ಸೋಮವಾರ ಸ್ಪಷ್ಟವಾಗಲಿದೆ.,1,ಅನುಗ್ರಹ,Grace
ವರ,"ವಿವಿಧ ಖಾದ್ಯಗಳು: ಹಾಲುಬಾಯಿ ಪಾಯಸ, ಶ್ಯಾವಿಗೆ ಪಾಯಸ, ಅಕ್ಕಿ ಪಾಯಸ, ಒಬ್ಬಟ್ಟು, ಹೋಳಿಗೆ, ಜತೆಗೆ ಕೋಸಂಬರಿ, ಹಪ್ಪಳ, ತರಕಾರಿಯ ಪಲ್ಯ ಮತ್ತಿತರ ಖಾದ್ಯಗಳನ್ನು ತಯಾರಿಸಿ ವರ ಮಹಾಲಕ್ಷ್ಮಿಗೆ ನೈವೇದ್ಯ ಮಾಡಿದರು.",1,ಅನುಗ್ರಹ,Grace
ವರ,ನೀನು ಕೇಳಿದಂತೆಯೇ ವರ ಕೊಟ್ಟಿರುತ್ತೇನೆ.,1,ಅನುಗ್ರಹ,Grace
ವರ,"ವಾಯುದೇವರು ವರ ಕೊಟ್ಟ ಅಂತಿದ್ದೆಯಲ್ಲ, ಇದೇನಾ?",1,ಅನುಗ್ರಹ,Grace
ವರ,11: ಬಾದಾಮಿ ಕ್ಷೇತ್ರದಿಂದ ಮಾಜಿ ಮುಖ್ಯಮಂತ್ರಿ ಸಿದ್ದರಾಮಯ್ಯನವರನ್ನು ಶಾಸಕರಾಗಿ ಆಯ್ಕೆ ಮಾಡಿದ್ದು ಬಾಗಲಕೋಟೆ ಜಿಲ್ಲೆಗೆ ವರ ಆಗುವ ಬದಲು ಶಾಪವಾಗಿದೆ ಎಂದು ಬಿಜೆಪಿ ಸದಸ್ಯ ಗೋವಿಂದ ಕಾರಜೋಳ ಹೇಳಿದ್ದಾರೆ.,1,ಅನುಗ್ರಹ,Grace
ವರ,ವ್ಯಾಪಾರ ಭರಾಟೆ ಜೋರು: ವರ ಮಹಾಲಕ್ಷ್ಮಿ ಹಬ್ಬದ ಅಂಗವಾಗಿ ಮಾರು ಕಟ್ಟೆಯಲ್ಲಿ ವ್ಯಾಪಾರ ಭರಾಟೆ ಜೋರಾ ಗಿದೆ.,1,ಅನುಗ್ರಹ,Grace
ವರ,"ಈ ಸಂದರ್ಭದಲ್ಲಿ ದೈವವು, ಶಿಲ್ಪಾಗೆ ವರ ನೀಡಿದೆ.",1,ಅನುಗ್ರಹ,Grace
ವರ,ಅಷ್ಟಕ್ಕೂ ವರ ಮಹಾಲಕ್ಷ್ಮಿ ವ್ರತದ ಹಿನ್ನೆಲೆಯಾದರೂ ಏನು?,1,ಅನುಗ್ರಹ,Grace
ವರ,"ಹರ ಅಂದ್ರೆ ಶಿವ, ಬೇಗ ವರ ಕೊಡ್ತಾನೆ; ಬೇಗ ಶಿಕ್ಷೇನೂ ಕೊಡ್ತಾನೆ.",1,ಅನುಗ್ರಹ,Grace
ವರ,"ತಪಸ್ಸಿಗೆ ಮೆಚ್ಚಿ ಒಲಿದ ಶಿವನ ಬಳಿ ಕೇದಾರನಾಥದಲ್ಲಿ ಜ್ಯೋತಿರ್ಲಿಂಗವಾಗಿ ನೆಲೆಸಿ ಅಲ್ಲಿ ಬರುವ ಭಕ್ತರ ಇಷ್ಟಾರ್ಥಗಳನ್ನು ಈಡೇರಿಸಿ, ದುಃಖಗಳನ್ನು ನಿವಾರಿಸುವ ಕ್ಷೇತ್ರವಾಗಬೇಕು ಎಂದು ವರ ಕೇಳುತ್ತಾರೆ.",1,ಅನುಗ್ರಹ,Grace
ವರ,ಮಾತೇ ಜ್ಯೋತಿರ್ಲಿಂಗ ಎಂಬ ವಚನಕಾರರ ಆಶಯದಂತೆ ಬೈಗುಳ ದೇವಿಯು ಜ್ಯೋತಿರ್ಲಿಂಗನ ನಾಲಿಗೆ ಮೇಲೆ ಸದಾ ಬೈಯುತ್ತಲೇ ಇರು ಎಂದು ಬರೆದು ವರ ಕರುಣಿಸಿ ಹೋಗುತ್ತಾಳೆ.,1,ಅನುಗ್ರಹ,Grace
ವರ,ದೇವರಲ್ಲಿ ಕೇಳಿಕೊಂಡ ಬಹುಸಂಖ್ಯಾತ ಬೇಡಿಕೆಗಳಲ್ಲಿ ನಾನು ನಿನ್ನ ಜೊತೆ ಬದುಕಿ ಬಾಳಬೇಕು ಅಂತ ಕೇಳಿಕೊಂಡ ಒಂದೇ ಒಂದು ವರ ಸಾಕಾಗಿತ್ತು ಕಣೊ ಈ ಪಾಪಿ ಜೀವಕ್ಕ್ಕೆ ಸಾಕಿತ್ತು ಆ ದೇವರು ಅದಕ್ಕು ಅಸ್ತು ಅನ್ನಲಿಲ್ಲ ನೋಡು.,1,ಅನುಗ್ರಹ,Grace
ವರ,"ನಂತರ ಭಗವಾನ್ ಶ್ರೀಕೃಷ್ಣನು ಮಾನಸಾದೇವಿಗೆ ಸರ್ವಲೋಕ ಪೂಜಿತಳಾಗೆಂದು ವರ ನೀಡಿ, ತಾನೇ ಮೊದಲು ಪೂಜಿಸಿದ್ದನಂತೆ.",1,ಅನುಗ್ರಹ,Grace
ವರ,"ಬಾಗಲಕೋಟೆ: ವಿಕಲಚೇತನ ಶಾಪವಲ್ಲ, ಅದೊಂದು ವರ ಎಂದು ಸಕಾರಾತ್ಮಕದ ನಿಲುವುಗಳ ಮೂಲಕ ಮುನ್ನಡೆದರೆ ಏನನ್ನಾದರೂ ಸಾಧಿಸಲು ಸಾಧ್ಯ ಎಂದು ಸಾಮಾಜಿಕ ಕಾರ್ಯಕರ್ತ ನಾಗಪ್ಪ ಮುರಗೋಡ ಅವರು ಹೇಳಿದ್ದಾರೆ.",1,ಅನುಗ್ರಹ,Grace
ವರ,ನಂತರ ರಂಭೆಗೆ ತನ್ನ ತಪ್ಪಿನ ಅರಿವಾಗಿ ವಿಷ್ಣುವಿನಲ್ಲಿ ನನ್ನನ್ನು ಕ್ಷಮಿಸು ಎಂದು ಬೇಡಿಕೊಳ್ಳುತ್ತಾಳಂತೆ ಆಗ ವಿಷ್ಣುವು ಮನ್ನಿಸಿ ನೀನು ಇನ್ನು ನೈವೇದ್ಯೇಯಾಗಿ ಬಾಳೆಹಣ್ಣನ್ನು ಅರ್ಹತೆಯನ್ನು ಪಡೆದಿಕೋ ಎಂದು ವರ ನೀಡುತ್ತಾನೆ.,1,ಅನುಗ್ರಹ,Grace
ವರ,ಆದ್ದರಿಂದ ಹನುಮಂತದೇವರ ಜೊತೆಗೆ ವರ ನನ್ನು ಕೂಡಿಸುವ ಪರಿಪಾಠ ಹಿಂದೆ ಬೀಳುತ್ತಿದೆ.,1,ಅನುಗ್ರಹ,Grace
ವರ,ಕೊಪ್ಪಳ : ದೇವರು ವರ ಕೊಟ್ಟರೂ ಪೂಜಾರಿ ಕೊಡಲಿಲ್ಲ ಅನ್ನೋ ಮಾತಿದೆ.,1,ಅನುಗ್ರಹ,Grace
ವರ,ದೇವಾಂಶ ದೇವಿ ವರ ಪಡಿದವನೋ ||,1,ಅನುಗ್ರಹ,Grace
ವರ,"ಸುಮಾರು 2,500 ಮಂದಿ ಸಿಬ್ಬಂದಿ ಎಚ್‌ಐವಿ ಪೀಡಿತರ ಪಾಲಿಗೆ ವರ ನೀಡುವ ರೀತಿಯಲ್ಲಿ ಆಪ್ತ ಸಮಾಲೋಚಕರಾಗಿ, ಪ್ರಯೋಗಶಾಲಾ ತಂತ್ರಜ್ಞರಾಗಿ, ದಾದಿಯರಾಗಿ, ಡಾಟಾ ಅಪರೇಟರ್ ಹೀಗೆ ಹಲವು ಸೇವೆ ಮಾಡುತ್ತಿದ್ದರು ಅವರಿಗೆ ಸಿಗುವ ವೇತನ ಮಾತ್ರ ನಾಲ್ಕಂಕಿ ದಾಟಿಲ್ಲ.",1,ಅನುಗ್ರಹ,Grace
ವರ,ಅಲ್ಲಿ ಅವರು ಅವಳು ಪ್ರೀತಿಸುತ್ತಾರೆ ಹೆಚ್ಚು ಪ್ರೀತಿಸಿದ ದೇವರುಗಳ ವರ ಪ್ರಾರ್ಥಿಸುತ್ತಾರೆ.,1,ಅನುಗ್ರಹ,Grace
ವರ,ಇದನ್ನು ಕೇಳಿದ ಅಪ್ಪ ಶಂತನು ಮಗನಿಗೆ ನೀನು ಇಚ್ಛಾಮರಣಿಯಾಗು ಎಂದು ವರ ನೀಡುತ್ತಾನೆ.,1,ಅನುಗ್ರಹ,Grace
ವರ,"ಮೈತ್ರಿ ಸರಕಾರದಲ್ಲಿ ಏನೇ ಕಚ್ಚಾಟ, ಅಸಮಾಧಾನ ಅಂತ ಇದ್ದರೂ ಮೈಸೂರು ಸಿಲ್ಕ್ ರೇಷ್ಮೆ ಸೀರೆಗಳನ್ನು ವರ ಮಹಾಲಕ್ಷ್ಮಿ ಹಬ್ಬಕ್ಕೆ 4,500 ರುಪಾಯಿಗೆ ಮಾರಾಟ ಮಾಡುವ ಘೋಷಣೆಯನ್ನು ಸಚಿವರು ಮಾಡಿದ ಮೇಲಂತೂ ವಾಟ್ಸಾಪ್, ಫೇಸ್ ಬುಕ್ ಎಲ್ಲ ಕಡೆ ಅದೇ ಸುದ್ದಿ.",1,ಅನುಗ್ರಹ,Grace
ವರ,ನೀನು ಮೂರು ವರ ಕೇಳಬಹುದು ಕೊಡುತ್ತೇನೆ ಎಂದಿತು ಆಕೃತಿ.,1,ಅನುಗ್ರಹ,Grace
ವರ,"ದೇವರು ವರ ಕೊಡಲು ಭೂಮಿಗಿಳಿದರೆ, ಜನರು ಅವನಿಗೆ ವಾಪಸ್‌ ಹೋಗಲು ಬಿಡುವುದೇ ಅನುಮಾನ!",1,ಅನುಗ್ರಹ,Grace
ವರ,ಬೇಡಿದ ವರ ನೀಡುತ್ತಾಳೆ.,1,ಅನುಗ್ರಹ,Grace
ವರ,ಅವರು ಲೆಕ್ಕ ವಿಲ್ಲದಷ್ಟು ದೇವರ ಪೂಜೆ ಮಾಡುತ್ತಿರುವುದರಿಂದ ಯಾವ ದೇವರು ವರ ಕೊಡಬೇಕು ಎಂಬುದು ಸಮಸ್ಯೆಯಾಗಿದೆ.,1,ಅನುಗ್ರಹ,Grace
ವರ,ಚಂಡೀಗಢ: ವರ ಬರೋದಕ್ಕೂ ಮೊದಲೇ ಮೆರವಣಿಗೆಗೆ ಸಿದ್ಧಪಡಿಸಿದ್ದ ಕುದುರೆ ಹತ್ತಿ ಊರೆಲ್ಲ ಒಂದು ಸುತ್ತು ಹಾಕಿದ್ದಾರೆ.,2,ಮದುವೆಯ ಗಂಡು,Groom
ವರ,ಕ : ನನ್ನ ಮಗಳು ಶೀಲಾವತಿಗೆ ತಕ್ಕ ವರ ಇದು!,2,ಮದುವೆಯ ಗಂಡು,Groom
ವರ,"ಜತೆಗೆ, ವರ ಮತ್ತಾತನ ಕಡೆಯವರು ಮದುವೆ ನಡೆಯುತ್ತಿರುವ ಸ್ಥಳ ತಲುಪಲು ಹರಸಾಹಸ ಮಾಡಬೇಕಾಗುತ್ತದೆ.",2,ಮದುವೆಯ ಗಂಡು,Groom
ವರ,ಪದ್ಮಾವತಿ ಚಿತ್ರಕ್ಕೆ ನಿಮ್ಮ ವಿರೋಧವಿರಲಿ ಎಂದು ವರ ಮದುವೆ ಕಾರ್ಡ್ ನಲ್ಲಿ ಸಂದೇಶ ಸಾರುವ ಪ್ರಯತ್ನ ಮಾಡ್ತಿದ್ದಾನೆ.,2,ಮದುವೆಯ ಗಂಡು,Groom
ವರ,"ಈ ಆದರ್ಶ ಜೋಡಿಯನ್ನು ಹ್ಯೂಗೋ ರೊಹ್ಲಿಂಗ್‌ ಹಾಗೂ ಸಿಂತಿಯಾ ಝೂನಾನಿ ಎಂದು ಹೇಳಲಾಗಿದ್ದು, ವರ ಹ್ಯೂಗೋ ಅವರು 2014ರಲ್ಲಿ ಅಪಘಾತವೊಂದರನ್ನು ಕಾಲಿನ ಸ್ವಾಧೀನವನ್ನೇ ಕಳೆದುಕೊಂಡಿದ್ದಾರೆ.",2,ಮದುವೆಯ ಗಂಡು,Groom
ವರ,ಮದುವೆ ಶೂ ಕಳ್ಳತನ ಮಾಡಿದ್ದಾನೆಂಬ ಶಂಕೆ ಮೇರೆಗೆ ವ್ಯಕ್ತಿಯೊಬ್ಬನನ್ನು ವರ ಹಾಗೂ ಆತನ ಸ್ನೇಹಿತರು ಹಲ್ಲೆ ನಡೆಸಿ ಹತ್ಯೆಗೈದಿದ್ದಾರೆ.,2,ಮದುವೆಯ ಗಂಡು,Groom
ವರ,ಈ ಮಧ್ಯೆ ವರ ಅರ್ಜುನ್ ಗುರುವಾರ ರಾತ್ರಿ ಮಿಸ್ ಯೂ ಅಂತ ವಾಟ್ಸಾಪ್ ಮೂಲಕ ತನ್ನ ಪ್ರಿಯತಮೆಗೆ ಮೆಸೇಜ್ ಹಾಕಿದ್ದ.,2,ಮದುವೆಯ ಗಂಡು,Groom
ವರ,"ಸಿದ್ದರಾಮಯ್ಯ ಅವರನ್ನು ಕಾಣಲು ಬಂದಿದ್ದ ಜನಜಂಗುಳಿ ಮಧ್ಯೆಯೇ ಅವರತ್ತ ಧಾವಿಸಿದ ಉಮಾಶ್ರೀ, ನಾನು ವರ ಬಳಿ ಏನೋ ಹೇಳೊದಿದೆ ದಾರಿ ಬಿಡಿ ಎಂದು ಮನವಿ ಮಾಡಿದರು.",2,ಮದುವೆಯ ಗಂಡು,Groom
ವರ,ಅಷ್ಟರಲ್ಲಿ ಬಾವನೊಂದಿಗೆ ಸೆಕ್ಸ್ ಮಾಡಿರುವ ವಿಡಿಯೋವನ್ನು ವರ ಮಂಟಪದಲ್ಲಿಯೇ ಪ್ಲೇ […],2,ಮದುವೆಯ ಗಂಡು,Groom
ವರ,ವರ ರಥದ ದುವ್ವಾಳ ಮೆರೆಯೆ ಶಿಖಂಡಿ ನಡೆತಂದ ೫೧,2,ಮದುವೆಯ ಗಂಡು,Groom
ವರ,ಟಿಕೆಟ್ ಪಡೆದು ಮೆಟ್ರೋ ರೈಲಿನ ಮೂಲಕ ವರ ಕಲ್ಯಾಣ ಮಂಟಪ ತಲುಪಿದ.,2,ಮದುವೆಯ ಗಂಡು,Groom
ವರ,ವರ ನರೇಂದ್ರ ಹಾಗೂ ವಧು ಕವಿತಾರವರು ಪುರೋಹಿತಶಾಹಿ ಆಚರಣೆಯಿಲ್ಲದೆ ಸರಳವಾಗಿ ಮದುವೆಯಾಗಲು ಅನುಮತಿ ನೀಡಿದ ಅವರ ಕುಟುಂಬಸ್ಥರಿಗೆ ಧನ್ಯವಾದ ಹೇಳಲೇಬೇಕು.,2,ಮದುವೆಯ ಗಂಡು,Groom
ವರ,"ವಿವಾಹ ಕಾರ್ಯಕ್ರಮದಲ್ಲಿ ವರ ಮತ್ತು ವಧು ಕುಟುಂಬದವರು, ಆಪ್ತರು ಹಾಗೂ ಸ್ನೇಹಿತರು ಭಾಗಿಯಾಗಿದ್ದರು.",2,ಮದುವೆಯ ಗಂಡು,Groom
ವರ,ಮದುವೆಯ ದಿನನೇ ಅತ್ಯಾಚಾರದ ಆರೋಪದ ಮೇಲೆ ವರ ಅರೆಸ್ಟ್,2,ಮದುವೆಯ ಗಂಡು,Groom
ವರ,ರುಚಿಯಲ್ಲಿ ಕಹಿಯಾದರು ಆರೋಗ್ಯದ ದೃಷ್ಟಿಯಲ್ಲಿ ಅದು ಪ್ರಕೃತಿದತ್ತ ವರ ಎಂದೇ ಹೇಳಬಹುದು.,2,ಮದುವೆಯ ಗಂಡು,Groom
ವರ,"ಯಾರ ಮನೆಯಲ್ಲಿ ವಿವಾಹ ಯೋಗ್ಯ ವಧು- ವರ ಇದ್ದಾರೆ ಎಂಬ ಮಾಹಿತಿಯೂ ಸೇರಿದಂತೆ, ಎಲ್ಲರ ಮನೆಯ ವಿಚಾರಗಳೂ ನನ್ನಪ್ಪನಿಗೆ ಗೊತ್ತಿರುತ್ತಿತ್ತು.",2,ಮದುವೆಯ ಗಂಡು,Groom
ವರ,"ಅದರಿಂದ ನಿಮ್ಮ ಸುತೆಗೆ ಮರುತನೇ ತಕ್ಕ ವರ ; ಆತನನ್ನು ಕರೆಯಿಸಿ ಎನ್ನಲು ಆ ದಿವ್ಯ ಮುನಿ ಹುತಹಸಖನನ್ನು ಕರೆಸಿ ನೀನು ಹುತವಹಸಖನಂ ಬರಿಸಿ ನೀನೀ ಕನ್ನೆಯಂ ವಿವಾಹಮಾಗಲ್ವೇೞ್ಕುಮೆನೆ ವಾಯುದೇವನೀ ತಪೋಧನನಪ್ಪೊಡೆ ಮಹಾನೈಷ್ಠಕಂ, ಮತ್ತಮೀತಂಗೀ ಕನ್ನೆಯೆಂತುಂ ಮಗಳಾಗಳೆಂದು ದಿವ್ಯಜ್ಞಾನದಿಂದಾಕೆ ಮೂಷಿಕೆಯಪ್ಪುದನಱ*ದಿಂತೆಂದಂ : ನೀವೆನ್ನಂ ಪ್ರತಾಪಸಂಪನ್ನನೆಂದು ಬಗೆದಿರಾನುಂ ಕುಲಗಿರಿಗಳನಪ್ಪೊಡೆಂತುಂ ತೆರಳ್ಚಲಾಱೆನದಱ*ಂದೆನಗಂ ನಗಂಗಳ್ ಪಿರಿಯವೆನೆ ಪರಮಯೋಗೀಂದ್ರನತಿ ಸಂತೋಷಂಗೆಯ್ದು,",2,ಮದುವೆಯ ಗಂಡು,Groom
ವರ,"ಆದರೆ ಹೀಗೆ ವರಾನ್ವೇಷಣೆಯ ಪ್ರಕ್ರಿಯೆಯಲ್ಲಿ ಹುಡುಗಿಯರು ಹಾಕುವ ಷರತ್ತುಳು, ವರ ಬೇಡಿಕೆಗಳ ಪಟ್ಟಿ ಬೆಳೆಯುತ್ತಲೇ ಹುಡುಗನನ್ನು ಹುಡುಕುವ ಪಾಲಕರ ಗೋಳನ್ನು ನೋಡಿದರೆ ಅಯ್ಯೋ ಎನ್ನಿಸಬಹುದು!",2,ಮದುವೆಯ ಗಂಡು,Groom
ವರ,ಚೆನ್ನೈ: ಮದುವೆ ನಿಲ್ಲಿಸಲು ವಧುವೊಬ್ಬಳು ತನ್ನ ಪ್ರಿಯಕರನಿಗೆ ಜೊತೆಗಿರುವ ಫೋಟೋಗಳನ್ನು ವರ ಹಾಗೂ ಆತನ ಕುಟುಂಬಸ್ಥರಿಗೆ ಕಳುಹಿಸು ಎಂದು ಹೇಳಿದ ಘಟನೆಯೊಂದು ತಮಿಳುನಾಡಿನ ಚೆನ್ನೈನಲ್ಲಿ ನಡೆದಿದೆ.,2,ಮದುವೆಯ ಗಂಡು,Groom
ವರ,ವಧು ವೇದಿಕೆ ಮೇಲೆ ಬರ್ತಿದ್ದಂತೆ ವರ ವಿಚಿತ್ರವಾಗಿ ವರ್ತಿಸಿದ್ದಾನೆ.,2,ಮದುವೆಯ ಗಂಡು,Groom
ವರ,ಮಗಳಿಗೆ ಉತ್ತಮ ವರ ದೊರೆಯುವ ಸಾಧ್ಯತೆ ಇದೆ.,2,ಮದುವೆಯ ಗಂಡು,Groom
ವರ,ಹರುಷದಲಿ ವರ ಸೇಸೆಯಿಟ್ಟಾರತಿಯ ಬೆಳಗಿದರು ||,2,ಮದುವೆಯ ಗಂಡು,Groom
ವರ,ಆದ್ರೆ ಪೊಲೀಸರು ದೂರು ದಾಖಲಿಸಿಕೊಳ್ಳುತ್ತಿದ್ದಂತೆ ವರ ಮತ್ತು ಆತನ ಪೋಷಕರು ನಾಪತ್ತೆಯಾಗಿದ್ದಾರೆ.,2,ಮದುವೆಯ ಗಂಡು,Groom
ವರ,"ಆದರೆ, ವರದಕ್ಷಿಣೆ ರೂಪದಲ್ಲಿ ಕಾರು ನೀಡಲಿಲ್ಲ ಎನ್ನುವ ಕಾರಣಕ್ಕೆ ವರ ಕೋಪಗೊಂಡಿದ್ದನು ಎನ್ನಲಾಗಿದೆ.",2,ಮದುವೆಯ ಗಂಡು,Groom
ವರ,ಆದ್ರೆ ಇದನ್ನೇ ನೆಪವಾಗಿಟ್ಟುಕೊಂಡ ವರ ಪ್ರದೀಪ್ ಆಕೆಗೆ ಮೂರ್ಛೆ ರೋಗವಿದೆ ಎಂದು ತಗಾದೆ ತೆಗೆದಿದ್ದಾನೆ.,2,ಮದುವೆಯ ಗಂಡು,Groom
ವರ,ಮೊದಲ ರಾತ್ರಿ ಪತ್ನಿ ಮುಸುಕು ತೆಗೆದು ಕಂಗಾಲಾದ ವರ,2,ಮದುವೆಯ ಗಂಡು,Groom
ವರ,"ನನ್ನ ಪ್ರಕಾರ, ಹುಡುಗನಿಗೆ ಒಳ್ಳೆ ಕೆಲಸವಿದೆ, ತುಂಬಾ ಒಳ್ಳೆಯ ಮನಸ್ಸಿದೆ, ಇದಕ್ಕಿಂತ ಇನ್ನೆಂತಹ ವರ ಬೇಕು ಇವರಿಗೆ ಎಂದು ವಾದಿಸುತ್ತಿದ್ದೆ.",2,ಮದುವೆಯ ಗಂಡು,Groom
ವರ,ವರ ಗೌತಮ್ ಬಿಳಿ ಬಣ್ಣದ ರೇಷ್ಮೆ ಪಂಚೆ-ಶಲ್ಯ ಧರಿಸಿದ್ದರು.,2,ಮದುವೆಯ ಗಂಡು,Groom
ವರ,"ಆದ್ದರಿಂದ, ಖಾತೆಗೆ ಅಭಿರುಚಿಗಳು ಮತ್ತು ಆಸಕ್ತಿಗಳು, ಮತ್ತು ವರ ಹಾಗು ವಧುವಿನ ತೆಗೆದುಕೊಳ್ಳುವ ಮೂಲಕ.",2,ಮದುವೆಯ ಗಂಡು,Groom
ವರ,ಮದುವೆ ಮನೆಗೆ ನಿಗದಿತ ವೇಳೆಗೆ ಆಗಮಿಸಿದ ವರ ಮಹಾಶಯ ಪೂಜಾ ಜೊತೆಗೆ ದಾಂಪತ್ಯ ಜೀವನಕ್ಕೆ ಕಾಲಿಟ್ಟಿದ್ದಾನೆ.,2,ಮದುವೆಯ ಗಂಡು,Groom
ವರ,ವಧು ಆತ್ಮಹತ್ಯೆ ಮಾಡಿಕೊಂಡ ಎರಡು ದಿನದಲ್ಲಿಯೇ ವರ ನೇಣಿಗೆ ಶರಣು,2,ಮದುವೆಯ ಗಂಡು,Groom
ವರ,"ವಿವಾಹ ಪೂರ್ವ ಫೋಟೋ ಶೂಟ್ಗೆ ತೆರಳುತ್ತಿದ್ದ ಕಾರು ಮರಕ್ಕೆ ಡಿಕ್ಕಿ ಹೊಡೆದು, ಭೀಕರ ರಸ್ತೆ ಅಪಘಾತದಲ್ಲಿ ವಧು ಮೃತಪಟ್ಟಿದ್ದು, ಗಂಭೀರ ಗಾಯಗೊಂಡಿದ್ದ ವರ ಕೂಡಾ ಚಿಕಿತ್ಸೆ ಫಲಕಾರಿಯಾಗದೇ ಮೃತಪಟ್ಟಿದ್ದಾನೆ.",2,ಮದುವೆಯ ಗಂಡು,Groom
ವರ,"ಸದ್ಯಕ್ಕೆ ಬಾಲಕಿಯ ಜವಾಬ್ದಾರಿಯನ್ನು ಮಕ್ಕಳ ಕಲ್ಯಾಣ ಸಮಿತಿ ವಹಿಸಿಕೊಂಡಿದ್ದು, ಈ ಬಗ್ಗೆ ವರ ಮತ್ತು ಬಾಲಕಿಯ ಪೋಷಕರ ವಿರುದ್ಧ ಚಿಕ್ಕಬಳ್ಳಾಪುರ ಗ್ರಾಮಾಂತರ ಪೊಲೀಸ್ ಠಾಣಾ ವ್ಯಾಪ್ತಿಯಲ್ಲಿ ದೂರ ದಾಖಲಿಸಲು ಮುಂದಾಗಿದ್ದಾರೆ.",2,ಮದುವೆಯ ಗಂಡು,Groom
ವರ,"ಕ : ಚಂದ್ರೋಜೀ, ನನ್ನ ಮಗಳಿಗೆ ತಕ್ಕ ವರ ನೀನು.",2,ಮದುವೆಯ ಗಂಡು,Groom
ವರ,ಮದುವೆ ವಯಸ್ಸಿನ ಹುಡುಗ ಹುಡುಗಿಗೆ ವರ ಅಥ್ವಾ ವಧು ಅನ್ವೇಷಣೆ ಸಹಜ.,2,ಮದುವೆಯ ಗಂಡು,Groom
ವರ,"ವಾಸ್ತವವಾಗಿ ಮದುವೆ ಕಾರ್ಯಕ್ರಮದಲ್ಲಿ ವರ ವಧುವಿಗೆ ಹಾರ ಹಾಕುವ ಸಂದರ್ಭದಲ್ಲಿ ಆತನ ಪ್ಯಾಂಟ್ ಕಳಚಿ ಬಿದ್ದಿದ್ದು, ಆಗಮಿಸಿದ ಬಂಧುಗಳಿಗೆ ನೋಡಿ ಏನೂ ಮಾಡಲಾಗದ ವಿಚಿತ್ರ ಪರಿಸ್ಥಿತಿ.",2,ಮದುವೆಯ ಗಂಡು,Groom
ವರ,"ಇಂಗ್ಲೆಂಡ್ ರಾಣಿ - ಮೊದಲನೆಯದಾಗಿ, ವರ ನೈಸರ್ಗಿಕ ರಾಜಕುಮಾರ, ಎಲಿಜಬೆತ್ II ರ ಮೊಮ್ಮಗ ಏಕೆಂದರೆ.",2,ಮದುವೆಯ ಗಂಡು,Groom
ವರ,ಈ ಘಟನೆ ಬಗ್ಗೆ ವರ ಅಥವಾ ವಧುವಿನ ಕಡೆಯವರು ಯಾವುದೇ ಪ್ರತಿಕ್ರಿಯೆ ನೀಡಲಿಲ್ಲ ಎಂದು ವರದಿಯಾಗಿದೆ.,2,ಮದುವೆಯ ಗಂಡು,Groom
ವರ,ನಂತರ ವರ ರಾಜೀವ್‌ರೆಡ್ಡಿ ಕಲ್ಯಾಣ ಮಂಟಪಕ್ಕೆ ಜನಾರ್ದನ ರೆಡ್ಡಿ ಅವರೊಂದಿಗೆ ವಿಜಯ ವಿಠ್ಠಲ ದೇವಸ್ಥಾನದಿಂದ ಸಾರೋಟಿನಲ್ಲಿ ಆಗಮಿಸಿ ಶ್ರೀನಿವಾಸನಿಗೆ ಪೂಜೆ ಸಲ್ಲಿಸಿದರು.,2,ಮದುವೆಯ ಗಂಡು,Groom
ವರ,ಫಿರೋಜಾಬಾದ್‌‌ನ ವರ ತನ್ನ ಮದುವೆ ಸಂದರ್ಭದಲ್ಲಿ ಗೆಳೆಯರ ಒತ್ತಾಯಕ್ಕೆ ಮಣಿದು ಮದುವೆ ಮಂಟಪದಲ್ಲಿ ಡ್ಯಾನ್ಸ್ ಮಾಡಿದ್ದಾನೆ.,2,ಮದುವೆಯ ಗಂಡು,Groom
ವರ,ಹಾಗಾದರೆ ಮೊದಲು ನಮ್ಮ ಮೂಗು ಸರಿಯಾಗಲಿ ಎಂದು ವರ ಕೇಳೋಣ ನಂತರ ಎಲ್ಲ ಭೋಗ ಭಾಗ್ಯಗಳು ಬರಲಿ.,2,ಮದುವೆಯ ಗಂಡು,Groom
ವರ,ಮದುವೆಯು ಮುಗಿದು ಗ್ರಹಸ್ಥಾಶ್ರಮಕ್ಕೆ ಕಾಲಿಡುವ ವರ ಮತ್ತು ಮಧುವಿಗೆ ಹೊಸ ಜೀವನ ಆರಂಭಿಸುವ ತವಕ.,2,ಮದುವೆಯ ಗಂಡು,Groom
ವರ,ಕೂಡಲೇ ಮದುವೆಯಾಗದಿದ್ದರೆ ವರ ಎಲ್ಲಿ ಆತ್ಮಹತ್ಯೆ ಮಾಡುಕೊಳ್ಳುತ್ತಾನೋ ಎಂಬ ಭಯ ನನಗೆ!,2,ಮದುವೆಯ ಗಂಡು,Groom
ವರ,ಮದುವೆ ಮೇಳದ ಎರಡನೇ ಹಂತವಾಗಿ ಶೀಘ್ರದಲ್ಲೇ ವಧೂ- ವರ ಹಾಗೂ ಪೋಷಕರ ಮುಖಾಮುಖಿ ಕಾರ್ಯಕ್ರಮವನ್ನು ಕನ್ನಡಕೂಟ ಏರ್ಪಡಿಸಲಿದೆ.,2,ಮದುವೆಯ ಗಂಡು,Groom
ವರ,ಮದುವೆಗೆ ಬಿಪಾಶಾ ಚಿನ್ನದ ಬಣ್ಣದ ಸವ್ಯಸಾಚಿ ಲೆಹಂಗಾ ಸೀರೆ ಹಾಗೂ ಕರಣ್ ಸಾಂಪ್ರದಾಯಿಕ ಬೆಂಗಾಲಿ ವರ ಉಡುಗೆಯೊಂದಿಗೆ ಮಿಂಚಿದರು.,2,ಮದುವೆಯ ಗಂಡು,Groom
ವರ,ಈ ವಿಷಯ ತಿಳಿದ ವರ ಮದುವೆಗೆ ಬರದೆ ಪರಾರಿಯಾಗಿದ್ದಾನೆ.,2,ಮದುವೆಯ ಗಂಡು,Groom
ವರ,ಬದ್ರಿನಾಥನ ವಧುವಾಗಿ ಮಿಂಚಲಿರುವ ಆಲಿಯಾ ರಿಯಲ್ ಲೈಫ್ ನಲ್ಲಿ ಎಂತ ವರ ಬೇಕೆಂಬುದನ್ನು ಹೇಳಿದ್ದಾಳೆ.,2,ಮದುವೆಯ ಗಂಡು,Groom
ವರ,ಮದುವೆ ಖುಷಿಯಲ್ಲಿದ್ದ ವರ ಮಾಡಿದ ಯಡವಟ್ಟು,2,ಮದುವೆಯ ಗಂಡು,Groom
ವಿಧಿ,ಮಕ್ಕಳಿಗೆ ಸ್ವಚ್ಛತೆ ಕುರಿತು ಪ್ರತಿಜ್ಞಾ ವಿಧಿ ಬೋಧಿಸಲಾಯಿತು.,1,ಪ್ರತಿಜ್ಞಾ ವಿಧಿ,Oath
ವಿಧಿ,ವಿಟ್ಲ ವಲಯ ಅಧ್ಯಕ್ಷ ಅಶ್ರಫ್ ಕಬಕ ಅವರು ಸ್ವಾತಂತ್ರ್ಯ ಸಂರಕ್ಷಣೆಯ ಪ್ರತಿಜ್ಞಾ ವಿಧಿ ಬೋಧಿಸಿದರು.,1,ಪ್ರತಿಜ್ಞಾ ವಿಧಿ,Oath
ವಿಧಿ,"ನಗರ ಚೇಂಬರ್ ಆಫ್ ಕಾಮರ್ಸ್‌ನ ಮೊಂತಿ ಗಣೇಶ್ ಮಾತನಾಡಿ, ಭ್ರಷ್ಟಾಚಾರ ವಿರುದ್ಧದ ಹೋರಾಟದ ಪ್ರತಿಜ್ಞಾ ವಿಧಿ ಬೋಧಿಸಿದರು.",1,ಪ್ರತಿಜ್ಞಾ ವಿಧಿ,Oath
ವಿಧಿ,ಪ್ರಕಾಶ ಭಟ್ ಗ್ರಾಮಸ್ಥರಿಗೆ ಪ್ರತಿ ವರ್ಷ ಕನಿಷ್ಟ ಹತ್ತು ಗಿಡಗಳನ್ನು ನೆಡುತ್ತೇವೆಂಬ ಪ್ರತಿಜ್ಞಾ ವಿಧಿ ಬೋಧಿಸಿದರು.,1,ಪ್ರತಿಜ್ಞಾ ವಿಧಿ,Oath
ವಿಧಿ,ಅಷ್ಟೇ ಅಲ್ಲದೇ ತಾಯಿಯ ಮುಂದೆ ನಿಂತು ಕೈಚಾಚಿ ಪ್ರತಿಜ್ಞಾ ವಿಧಿ ಸ್ವೀಕರಿಸಿದರು.,1,ಪ್ರತಿಜ್ಞಾ ವಿಧಿ,Oath
ವಿಧಿ,ಜಿಲ್ಲಾ ಪೊಲೀಸ್ ವರಿಷ್ಠಾಧಿಕಾರಿ ಸುಧೀರ್‌ಕುಮಾರ್ ರೆಡ್ಡಿ ಅವರು ಯುವ ಮತದಾರರಿಗೆ ಪ್ರತಿಜ್ಞಾ ವಿಧಿ ಬೋಧಿಸಿದರು.,1,ಪ್ರತಿಜ್ಞಾ ವಿಧಿ,Oath
ವಿಧಿ,ಕಾರ್ಯಕ್ರಮಕ್ಕೆ ಬಂದಿದ್ದ 350 ಮಹಿಳೆಯರಿಗೂ ಸಸಿ ವಿತರಿಸಿ ಅವುಗಳನ್ನು ಬೆಳಸುವಂತೆ ಮತ್ತು ಸ್ವಚ್ಛತೆ ಕಾಪಾಡುವಂತೆ ಪ್ರತಿಜ್ಞಾ ವಿಧಿ ಬೋಧಿಸಲಾಯಿತು.,1,ಪ್ರತಿಜ್ಞಾ ವಿಧಿ,Oath
ವಿಧಿ,ಪ್ರಭಾರ ಡಿಸಿಪಿ ಹರಿಶ್ಚಂದ್ರ ನಾಯಕ ಕ್ರೀಡಾಪಟುಗಳ ಪರವಾಗಿ ಪ್ರತಿಜ್ಞಾ ವಿಧಿ ಸ್ವೀಕರಿಸಿದರು.,1,ಪ್ರತಿಜ್ಞಾ ವಿಧಿ,Oath
ವಿಧಿ,"ಮೋದಿ ಅವರು ಸಂಸತ್ ಪ್ರವೇಶಿಬೇಕಾದರೆ ಹೆಬ್ಬಾಲಿಗೆ ನಮಸ್ಕಾರ ಮಾಡಿದ ವಿಡಿಯೊ ತುಣುಕು, ಪ್ರತಿಜ್ಞಾ ವಿಧಿ ಸ್ವೀಕರಿಸಿದ, ಅಪನಗದೀಕರಣ ಭಾಷಣ, ಬ್ಯಾಂಕ್ ಮುಂದಿನ ಕ್ಯೂ ವಿಡಿಯೋ ತುಣುಕುಗಳನ್ನು ಬಳಸಲಾಗಿದೆ.",1,ಪ್ರತಿಜ್ಞಾ ವಿಧಿ,Oath
ವಿಧಿ,"ಉದಾಹರಣೆಗೆ, ಟಿಎಂಸಿ ಸಂಸದ ಕಾಕೋಲಿ ಘೋಶ್ ದಸ್ತಿದಾರ್ ತಮ್ಮ ಪ್ರತಿಜ್ಞಾ ವಿಧಿ ಕೊನೆಗೊಳಿಸುವಾಗ ಕೈ ಮಾ ಕಾಳಿ ಎಂದು ಕೂಗಿದರು.",1,ಪ್ರತಿಜ್ಞಾ ವಿಧಿ,Oath
ವಿಧಿ,ಬೇಟಿ ಬಚಾವ ಬೇಟಿ ಪಡಾವ ಹಾಗೂ ಬಾಲ್ಯ ವಿವಾಹ ನಿಷೇಧ ಕುರಿತು ಪ್ರತಿಜ್ಞಾ ವಿಧಿ ಭೋದಿಸಲಾಯಿತು.,1,ಪ್ರತಿಜ್ಞಾ ವಿಧಿ,Oath
ವಿಧಿ,ವಿದ್ಯಾರ್ಥಿನಿ ಸಂಜಿತಾ ಪ್ರತಿಜ್ಞಾ ವಿಧಿ ಭೋದಿಸಿದರು.,1,ಪ್ರತಿಜ್ಞಾ ವಿಧಿ,Oath
ವಿಧಿ,"ಮುಖ್ಯಮಂತ್ರಿ ಎಚ್ ಡಿ ಕುಮಾರಸ್ವಾಮಿ ನೇತೃತ್ವದ ಕಾಂಗ್ರೆಸ್ -ಜೆಡಿಎಸ್ ಮೈತ್ರಿ ಸರ್ಕಾರದ ಸಂಪುಟ ವಿಸ್ತರಣೆ ಸಮಾರಂಭ ಬುಧವಾರ (ಜೂನ್ 06) ದಂದು ರಾಜಭವನದಲ್ಲಿ ನಡೆದಿದ್ದು, ನೂತನ ಸಚಿವರುಗಳಿಗೆ ರಾಜ್ಯಪಾಲ ವಜುಭಾಯಿ ವಾಲ ಅವರು ಪ್ರತಿಜ್ಞಾ ವಿಧಿ ಬೋಧಿಸಿದರು.",1,ಪ್ರತಿಜ್ಞಾ ವಿಧಿ,Oath
ವಿಧಿ,ನಗರದ ಸಹಾಯಕ ಕೃಷಿ ನಿರ್ದೇಶಕರ ಕಾರ್ಯಾಲಯದ ಆವರಣದಲ್ಲಿ ಸರ್ಕಾರದ ವಿರುದ್ದ ಪ್ರತಿಭಟನೆ ನಡೆಸಲಾಗಿಮಿಸಿದ್ದ ರೈತ ಸಮುದಾಯಕ್ಕೆ ಪರಿಹಾರ ಒದಗಿಸುವ ಭರವಸೆ ನೀಡಿದ ಅಧಿಕಾರಿ ವರ್ಗ ರೈತರ ಮನಲವಲಿಸಿ ಮತದಾನ ಬಹಿಷ್ಕಾರದ ವಿಚಾರವನ್ನು ಕೈಬಿಡುವಂತೆ ತಿಳಿಸಿದ್ದಲ್ಲದೆ ಎಲ್ಲಾ ರೈತರಿಗೂ ಮತದಾನದ ಪ್ರತಿಜ್ಞಾ ವಿಧಿ ಬೋದಿಸಲಾಯಿತು.,1,ಪ್ರತಿಜ್ಞಾ ವಿಧಿ,Oath
ವಿಧಿ,"ಯಡಿಯೂರಪ್ಪ, ಬಳಿಕ ಕಾಂಗ್ರೆಸ್‌ ಶಾಸಕಾಂಗ ಪಕ್ಷದ ನಾಯಕ ಸಿದ್ದರಾಮಯ್ಯ ಶಾಸಕರಾಗಿ ಪ್ರತಿಜ್ಞಾ ವಿಧಿ ಸ್ವೀಕರಿಸಿದರು.",1,ಪ್ರತಿಜ್ಞಾ ವಿಧಿ,Oath
ವಿಧಿ,ಷಂಶುದ್ದೀನ್ ಪ್ರತಿಜ್ಞಾ ವಿಧಿ ಬೋಧಿಸಿದರು.,1,ಪ್ರತಿಜ್ಞಾ ವಿಧಿ,Oath
ವಿಧಿ,ಮಹಾದೇವ್‌ ಅವರು ವಿವಿಧ ಅಧಿಕಾರಿಗಳು ಮತ್ತು ಸಿಬ್ಬಂದಿಗೆ ಮತದಾರರ ಪ್ರತಿಜ್ಞಾ ವಿಧಿ ಬೋಧಿಸಿದರು.,1,ಪ್ರತಿಜ್ಞಾ ವಿಧಿ,Oath
ವಿಧಿ,"ಸಂಸತ್ತಿನ ಕಾರ್ಯದರ್ಶಿ ಶಿಕ್ಷಕ ಸುರೇಶ್ ಪೈ ಸ್ವಾಗತಿಸಿ, ಪ್ರತಿಜ್ಞಾ ವಿಧಿ ಬೋಧಿಸಿದರು.",1,ಪ್ರತಿಜ್ಞಾ ವಿಧಿ,Oath
ವಿಧಿ,"ದೇವೇಗೌಡಾ, ಕುಮಾರಸ್ವಾಮಿ, ಅನಂತ್ ಕುಮಾರ್, ಖರ್ಗೆ, ನಳಿನ್ ಕುಮಾರ್ ಕಟೀಲ್, ಮಹಾಲಿಂಗೇಶ್ವರ ಅವರು ದೇವರ ಹೆಸರಿನಲ್ಲಿ ಪ್ರತಿಜ್ಞಾ ವಿಧಿ ಸ್ವೀಕರಿಸಿದರು.",1,ಪ್ರತಿಜ್ಞಾ ವಿಧಿ,Oath
ವಿಧಿ,"ಇದೇ ಸಮಯದಲ್ಲಿ ಹೆಣ್ಣು ಮಗುವನ್ನು ಉಳಿಸಿ, ಹೆಣ್ಣು ಮಗುವನ್ನು ರಕ್ಷಿಸಿ ಎಂಬ ಪ್ರತಿಜ್ಞಾ ವಿಧಿ ಸ್ವೀಕರಿಸಲಾಯಿತು.",1,ಪ್ರತಿಜ್ಞಾ ವಿಧಿ,Oath
ವಿಧಿ,ತುಮಕೂರು: ನಗರದ ಹೊರವಲಯದ ವರಿನ್ ಪದವಿಪೂರ್ವ ಕಾಲೇಜಿನಲ್ಲಿ ವಿದ್ಯಾರ್ಥಿಗಳಿಗೆ ಸದ್ಭಾವನಾ ದಿನಾಚರಣೆ ಅಂಗವಾಗಿ ಸದ್ಭಾವನಾ ಪ್ರತಿಜ್ಞಾ ವಿಧಿ ಬೋಧಿಸಲಾಯಿತು.,1,ಪ್ರತಿಜ್ಞಾ ವಿಧಿ,Oath
ವಿಧಿ,"ನೆರೆದ ಸಾವಿರಾರು ವಿದ್ಯಾರ್ಥಿಗಳು, ಯುವಜನರು ಹಾಗೂ ಸಾರ್ವಜನಿಕರಿಗೆ ಮತದಾರರ ಪ್ರತಿಜ್ಞಾ ವಿಧಿ ಬೋಧಿಸಿದರು.",1,ಪ್ರತಿಜ್ಞಾ ವಿಧಿ,Oath
ವಿಧಿ,"ಇತರರಿಗೂ ಅರಿವು ಮೂಡಿಸುತ್ತೇವೆ ಎಂಬ ಪ್ರತಿಜ್ಞಾ ವಿಧಿ ಬೋಧಿಸಿದ ಕುಲಪತಿಗಳು, ಅನು ಕರಣೆ ಹಾಗೂ ಕುತೂಹಲಕ್ಕಾಗಿ ಯುವ ಕರು ತಂಬಾಕು ಸೇವನೆಯತ್ತ ಆಸಕ್ತಿ ತೋರುವುದರಿಂದ ಹಿರಿಯರು ಮೊದಲು ಈ ಅಭ್ಯಾಸವನ್ನು ಬಿಡಬೇಕು.",1,ಪ್ರತಿಜ್ಞಾ ವಿಧಿ,Oath
ವಿಧಿ,ಪ್ರಾರ್ಥನೆ ಸಂದರ್ಭದಲ್ಲಿ ಮಕ್ಕಳಿಂದ ತಾವು ಯಾವುದೇ ಕಾರಣಕ್ಕೂ ಬಾಲ್ಯ ವಿವಾಹಕ್ಕೆ ಒಳಗಾಗುವುದಿಲ್ಲ ಎಂಬುದಾಗಿ ಪ್ರತಿಜ್ಞಾ ವಿಧಿ ಸ್ವೀಕಾರ ನಡೆಯಬೇಕು.,1,ಪ್ರತಿಜ್ಞಾ ವಿಧಿ,Oath
ವಿಧಿ,ಶಾಲಾ ಮಕ್ಕಳ ಮೂಲಕ ಜಾಗೃತಿ ಮೂಡಿಸಲು ಪ್ರತಿದಿನ ಶಾಲಾ ಆವರಣದಲ್ಲಿ ನಡೆಯುವ ಪ್ರಾರ್ಥನೆ ವೇಳೆ ಬಾಲ್ಯ ವಿವಾಹ ನಿರ್ಮೂಲನೆ ಕುರಿತು ಶಿಕ್ಷಕರು ಪ್ರತಿಜ್ಞಾ ವಿಧಿ ಬೋಧಿಸುವುದನ್ನು ಅಭ್ಯಾಸ ಮಾಡಿ ಎಂದು ಜಿಲ್ಲಾಧಿಕಾರಿ ಸೂಚಿಸಿದರು.,1,ಪ್ರತಿಜ್ಞಾ ವಿಧಿ,Oath
ವಿಧಿ,"ಕನ್ನಡ ವಿಭಾಗದ ಮುಖ್ಯಸ್ಥರು ಹಾಗೂ ರೆಡ್ ಕ್ರಾಸ್ ಕಾರ್ಯಕ್ರಮ ಆಯೋಜಕರು ಶ್ರೀನಿವಾಸ್ ಪ್ರಾಸ್ತಾವಿಕ ನುಡಿಗಳನ್ನಾಡಿ, ಪ್ರತಿಜ್ಞಾ ವಿಧಿ ಬೋಧಿಸಿದರು.",1,ಪ್ರತಿಜ್ಞಾ ವಿಧಿ,Oath
ವಿಧಿ,ಅಶೋಕ್ ಹೆಗ್ಡೆ ಪ್ರತಿಜ್ಞಾ ವಿಧಿ ಬೋಧಿಸಿದರು.,1,ಪ್ರತಿಜ್ಞಾ ವಿಧಿ,Oath
ವಿಧಿ,"ವಿದ್ಯಾರ್ಥಿಗಳಿಗೆ ಬ್ಯಾಡ್ಜ್‌ಗಳನ್ನು ನೀಡಿ, ಪ್ರತಿಜ್ಞಾ ವಿಧಿ ಬೋಧಿಸಲಾಯಿತು.",1,ಪ್ರತಿಜ್ಞಾ ವಿಧಿ,Oath
ವಿಧಿ,ಇನ್ನೋರ್ವ ಮುಖ್ಯ ಅತಿಥಿ ಲಿಯೋ ಜಿಲ್ಲಾಧ್ಯಕ್ಷರಾದ ಲಯನ್ ಸ್ಯಾಮಿಯುಲ್ ಡಯಾಸ್ ಗೋವಾ ಅವರು ಲಿಯೋ ಕ್ಲಬ್ ಪದಾಧಿಕಾರಿಗಳಿಗೆ ಪ್ರತಿಜ್ಞಾ ವಿಧಿ ಬೋದಿಸುತ್ತಾ ಲಿಯೋ ಕ್ಲಬ್ ಸದಸ್ಯರು ಮುಂದಿನ ನಾಯಕರುಗಳು.,1,ಪ್ರತಿಜ್ಞಾ ವಿಧಿ,Oath
ವಿಧಿ,ಇಬ್ಬರಿಗೂ ರಾಜ್ಯಪಾಲ ವಜುಬಾಯಿ ವಾಲ ಪ್ರತಿಜ್ಞಾ ವಿಧಿ ಬೋಧಿಸಿದರು.,1,ಪ್ರತಿಜ್ಞಾ ವಿಧಿ,Oath
ವಿಧಿ,ಇದೇ ಸಂದರ್ಭದಲ್ಲಿ ಸ್ವಚ್ಛಮೇವ ಜಯತೆ ಹಾಗೂ ಜಲಾಮೃತ ಕುರಿತಂತೆ ಪ್ರತಿಜ್ಞಾ ವಿಧಿ ಸ್ವೀಕರಿಸಲಾಯಿತು.,1,ಪ್ರತಿಜ್ಞಾ ವಿಧಿ,Oath
ವಿಧಿ,ಸದ್ಭಾವನಾ ದಿನಾಚರಣೆಯ ಪ್ರತಿಜ್ಞಾ ವಿಧಿ ಬೊಧಿಸಿದ ಅಪರ ಜಿಲ್ಲಾಧಿಕಾರಿ ಡಾ.,1,ಪ್ರತಿಜ್ಞಾ ವಿಧಿ,Oath
ವಿಧಿ,ಸಾಹಿತಿ ದೇವನೂರು ಮಹಾದೇವ ಪ್ರಮಾಣ ವಚನ ಪ್ರತಿಜ್ಞಾ ವಿಧಿ ಭೋದಿಸಿದರು.,1,ಪ್ರತಿಜ್ಞಾ ವಿಧಿ,Oath
ವಿಧಿ,ಇದೇ ಸಂದರ್ಭ ವಿದ್ಯಾರ್ಥಿಗಳಿಂದ ಮತದಾನ ಪ್ರತಿಜ್ಞಾ ವಿಧಿ ಸ್ವೀಕರಿಸಲಾಯಿತು.,1,ಪ್ರತಿಜ್ಞಾ ವಿಧಿ,Oath
ವಿಧಿ,26: ಸಂವಿಧಾನ ದಿನದ ಅಂಗವಾಗಿ ವಿಧಾನಸೌಧದ ಬ್ಯಾಂಕ್ವೆಟ್ ಸಭಾಂಗಣದಲ್ಲಿ ಆಯೋಜಿಸಿದ್ದ ಸಮಾರಂಭದಲ್ಲಿ ಮುಖ್ಯಮಂತ್ರಿ ಸಿದ್ದ್ಧರಾಮಯ್ಯ ಸಚಿವಾಲಯದ ಅಧಿಕಾರಿಗಳು ಹಾಗೂ ಸಿಬ್ಬಂದಿಗೆ ಪ್ರತಿಜ್ಞಾ ವಿಧಿ ಬೋಧಿಸಿದರು.,1,ಪ್ರತಿಜ್ಞಾ ವಿಧಿ,Oath
ವಿಧಿ,ಅಪರ ಜಿಲ್ಲಾಧಿಕಾರಿ ರಮೇಶ ದೇಸಾಯಿ ಮಾನವ ಹಕ್ಕುಗಳ ಕುರಿತು ಪ್ರತಿಜ್ಞಾ ವಿಧಿ ಬೋಧಿಸಿದರು.,1,ಪ್ರತಿಜ್ಞಾ ವಿಧಿ,Oath
ವಿಧಿ,ಕಾರ್ಯಕ್ರಮಲ್ಲಿ ಮತದಾರರ ಪ್ರತಿಜ್ಞಾ ವಿಧಿ ಬೋಧಿಸಲಾಯಿತು.,1,ಪ್ರತಿಜ್ಞಾ ವಿಧಿ,Oath
ವಿಧಿ,ಸುನೀತಾರವರು ಕಾಲೇಜಿನ ವಿದ್ಯಾರ್ಥಿ ಸಂಘದ ಪದಾಧಿಕಾರಿಗಳಿಗೆ ಪ್ರತಿಜ್ಞಾ ವಿಧಿ ಭೋದಿಸಿದರು.,1,ಪ್ರತಿಜ್ಞಾ ವಿಧಿ,Oath
ವಿಧಿ,ವರ್ಣರಂಜಿತ ಸಮಾರಂಭದಲ್ಲಿ ಸಿಜೆಐಯಿಂದ ಪ್ರತಿಜ್ಞಾ ವಿಧಿ ಬೋಧನೆ,1,ಪ್ರತಿಜ್ಞಾ ವಿಧಿ,Oath
ವಿಧಿ,ಈ ಸಂದರ್ಭದಲ್ಲಿ ಸ್ವಚ್ಛಮೇವ ಜಯತೆ ಹಾಗೂ ಜಲಾಮೃತ ಕುರಿತಂತೆ ಪ್ರತಿಜ್ಞಾ ವಿಧಿ ಸ್ವೀಕರಿಸಲಾಯಿತು.,1,ಪ್ರತಿಜ್ಞಾ ವಿಧಿ,Oath
ವಿಧಿ,ರಾಜಧಾನಿ ಶಿಲ್ಲಾಂಗ್‍ನ ರಾಜಭವನದಲ್ಲಿ ನಡೆದ ಸರಳ ಸಮಾರಂಭದಲ್ಲಿ ರಾಜ್ಯಪಾಲ ಗಂಗಾ ಪ್ರಸಾದ್ ಅವರು ಕಾನ್ರಾಡ್ ಮತ್ತು 11 ಸಚಿವರಿಗೆ ಪ್ರತಿಜ್ಞಾ ವಿಧಿ ಬೋಧಿಸಿದರು.,1,ಪ್ರತಿಜ್ಞಾ ವಿಧಿ,Oath
ವಿಧಿ,"ಭಾರತ ಸರಕಾರದ ಯುವ ಕಾರ್ಯ ಮತ್ತು ಕ್ರೀಡಾ ಸಚಿವಾಲಯ, ನೆಹರು ಯುವ ಕೇಂದ್ರ ಸಂಘಟನೆ ಉಡುಪಿ, ನಂದಳಿಕೆ-ಅಬ್ಬನಡ್ಕ ಶ್ರೀ ದುರ್ಗಾಪರಮೇಶ್ವರೀ ಫ್ರೆಂಡ್ಸ್ ಕ್ಲಬ್ ಇದರ ಸಹಯೋಗದಲ್ಲಿ ಕುಂಟಲಗುಂಡಿಯ ಅಬ್ಬನಡ್ಕ ಫ್ರೆಂಡ್ಸ್ ಕ್ಲಬ್‍ನ ರಂಗಮಂದಿರದಲ್ಲಿ ಭಯೋತ್ಪಾದನಾ ವಿರೋಧಿ ದಿನಾಚರಣೆ, ಪ್ರತಿಜ್ಞಾ ವಿಧಿ ಬೋಧನೆ ಮಂಗಳವಾರ ಜರಗಿತು.",1,ಪ್ರತಿಜ್ಞಾ ವಿಧಿ,Oath
ವಿಧಿ,"ಮತ್ತು ಈಗ, ಅನೇಕ ವರ್ಷಗಳ ನಂತರ, ವಿಧಿ ತನ್ನ ಅವಕಾಶ, ಈಗ, ಪದವಿಯ ನಂತರ, ಅವರು ಕೆಲಸ ಅತ್ಯಂತ ಜನಪ್ರಿಯ ಸೌಂದರ್ಯವರ್ಧಕ ಕಂಪನಿಗಳು ಒಂದು ಸಿಕ್ಕಿತು ನೀಡಿದರು.",2,ವಿಧಿ ಲಿಖಿತ,Destiny
ವಿಧಿ,"ಕೇರಳದಲ್ಲಿ ಸುರಿಯುತ್ತಿರುವ ಭಾರಿ ಮಳೆಗೆ ಜಲಾವೃತಗೊಂಡಿರುವ ಮನೆಯಿಂದ ತಮ್ಮ ಮಗುವನ್ನು ರಕ್ಷಿಸಿರುವ ವಿಡಿಯೋ ಹಾಗೂ ತಮ್ಮ ಪತಿ ಸಿಜ್ಲರ್ ಊಟ ಸೇವಿಸುತ್ತಿರುವ ಎರಡು ಪ್ರತ್ಯೇಕ ವಿಡಿಯೋಗಳನ್ನು ಫೇಸ್ ಬುಕ್ ನಲ್ಲಿ ಪೋಸ್ಟ್ ಮಾಡಿರುವ ಹಿಬಿ ಈಡನ್ ಅವರ ಪತ್ನಿ ಆ್ಯನಾ ಲಿಂಡಾ ಈಡನ್ ವಿಧಿ ಎನ್ನುವುದು ಅತ್ಯಾಚಾರವಿದ್ದಂತೆ, ಏನೂ ಮಾಡಲು ಸಾಧ್ಯವಿಲ್ಲದಾಗ ಅದನ್ನು ಎಂಜಾಯ್ ಮಾಡಲು ಟ್ರೈ ಮಾಡಿ ಎಂದು ಹೇಳಿದ್ದಾರೆ.",2,ವಿಧಿ ಲಿಖಿತ,Destiny
ವಿಧಿ,"ಆದರೆ, ವಿಧಿ ಮಗುವಿನ ಮುಖ ನೋಡಲು ಅವಕಾಶ ನೀಡಲಿಲ್ಲ.",2,ವಿಧಿ ಲಿಖಿತ,Destiny
ವಿಧಿ,ವಿಧಿ ವಿಪರೀತ ಎನ್ನುವುದು ಇದಕ್ಕೇ ಅಲ್ಲವೇ?,2,ವಿಧಿ ಲಿಖಿತ,Destiny
ವಿಧಿ,ನಿನ್ನ ಆಗಮನ ನಿರ್ಗಮನ ವಿಧಿ ಲಿಖಿತ.,2,ವಿಧಿ ಲಿಖಿತ,Destiny
ವಿಧಿ,"ನಾನು ಸಿಂಗರ್ ಅಥವಾ ಲಾಯರ್ ಆಗಬೇಕೆಂದಿದ್ದು ವಿಧಿ ನನ್ನಾಸೆಯನ್ನು ಪೂರೈಸಲು ಅವಕಾಶ ನೀಡಿಲ್ಲ, ನನಗೆ ಆರೋಗ್ಯ ಸಮಸ್ಯೆಯೂ ಇದ್ದ ಕಾರಣ ಕಾಲೇಜಿಗೆ ಸರಿಯಾಗಿ ಹೋಗಲೂ ಆಗಿರಲಿಲ್ಲ.",2,ವಿಧಿ ಲಿಖಿತ,Destiny
ವಿಧಿ,ವಿಧಿ ಬರಹ ಹೀಗೆ ಎಂದೆನಿಸುತ್ತದೆ.,2,ವಿಧಿ ಲಿಖಿತ,Destiny
ವಿಧಿ,ವಿಧಿ ನನ್ನ ಬದುಕಿನಲ್ಲೇ ಏಕಿಷ್ಟು ತೊಂದರೆ ಕೊಡುತ್ತಿದೆ ಎಂದು ಕಣ್ಣೀರಿಡುತ್ತಿದ್ದಾರೆ.,2,ವಿಧಿ ಲಿಖಿತ,Destiny
ವಿಧಿ,ವಿಧಿ ಇಲ್ಲ ಎಂದು ಹೊರಗೆ ಮಲಗಿ ಕೊಂಡೆ.,2,ವಿಧಿ ಲಿಖಿತ,Destiny
ವಿಧಿ,ಆದ್ರೆ ವಿಧಿ ಈ ಯುವತಿಯನ್ನ ಪ್ರೇಮಿಗಳ ಮುನ್ನ ದಿನವೇ ಇಹಲೋಕ ತ್ಯೇಜಿಸುವಂತೆ ಮಾಡಿದೆ.,2,ವಿಧಿ ಲಿಖಿತ,Destiny
ವಿಧಿ,ಆದರೆ ವಿಧಿ ಲಿಖಿತ ಹಲವಾರು ಕನಸುಗಳನ್ನು ಕಂಡ ಈ ಯುವಕ ಜೀವನದಲ್ಲಿ ಅರಳುವ ಮುನ್ನ ಬಾಡಿಹೋಗಿದ್ದು ದುರದೃಷ್ಟಕರ.,2,ವಿಧಿ ಲಿಖಿತ,Destiny
ವಿಧಿ,ಆದ್ರೆ ವಿಧಿ ಆಕೆಯ ಬದುಕಿನೊಂದಿಗೆ ಆಟವಾಡಿದೆ.,2,ವಿಧಿ ಲಿಖಿತ,Destiny
ವಿಧಿ,ಜೀವನದ ವಿನ್ಯಾಸಕ್ಕೆ ಇದು ವಿಧಿ ಒದಗಿಸುವ ಚೌಕಟ್ಟು ಎಂಬ ಕರ್ತೃಪ್ರಜ್ಞೆ ನಂಬಿಕೆಯ ಗುಣವನ್ನೂ ಮೀರಿ ಕತೆ ಕಟ್ಟುವಲ್ಲಿರುವ ಮಾನವೀಯತೆಯ ಶಕ್ತಿಗಳು ಚಿಗುರುತ್ತವೆ.,2,ವಿಧಿ ಲಿಖಿತ,Destiny
ವಿಧಿ,"ನಾನು ಬೇರೆ ವಿಧಿ ಇಲ್ದೇ ಅದೇ ಬಾವಿಗೆ ಹೋಗಿ ನಿಂತೇ, ಅದನ್ನು ನೀರನ್ನು ನೋಡಿದ ಕೂಡಲೇ ನನ್ನ ಹಿಂದಿನ ಘಟನೆ ನೆನಪಿಗೆ ಬಂದು ಮತ್ತೆ ಕೈ ಕಾಲು ನಡುಕ ಶುರುವಾಯ್ತು, ಆಗ ನಮ್ಮಪ್ಪ, ಚಿಕ್ಕಪ್ಪ್ ದೊಡ್ಡಪ್ಪ ಮಕ್ಕಳೆಲ್ಲ, ಹೆದರಬೇಡ ಇದರಲ್ಲೇ ನಾನು ನಮ್ಮ ಮನೆಯವರೆಲ್ಲ ಈಜು ಕಲೆತದ್ದು, ಇಲ್ಲಿ ನಿನಗೆ ಯಾವುದೇ ಅಪಾಯವಿಲ್ಲ ನಾವಿದ್ದೇವೆ ಎಂದರು",2,ವಿಧಿ ಲಿಖಿತ,Destiny
ವಿಧಿ,ವಿಧಿ ಇಲ್ಲದೆ ಬೆಂಗಳೂರಿಗೆ ಮರಳುತ್ತಾನೆ.,2,ವಿಧಿ ಲಿಖಿತ,Destiny
ವಿಧಿ,ಆದರೆ ವಿಧಿ ಅವರನ್ನು ನಮ್ಮೊಂದಿಗೆ ಹೆಚ್ಚು ಕಾಲ ಇರಲು ಬಿಡಲಿಲ್ಲ.,2,ವಿಧಿ ಲಿಖಿತ,Destiny
ವಿಧಿ,ವಿಧಿ ಲಿಖಿತ ಏನಿದೆಯೋ ಏನೋ ಕಾದು ನೋಡಬೇಕು.,2,ವಿಧಿ ಲಿಖಿತ,Destiny
ವಿಧಿ,ವಿಧಿ ಹೇಗಿರುತ್ತದೆ ನೋಡಿ; ನಾವು ಆ ಶಾಟ್ ತೆಗೆದಿದ್ದ ಮನೆಯಿಂದ ಇನ್ನೊಂದು ಮನೆಗೆ ಸ್ಥಳಾಂತರಗೊಂಡ ಮರುದಿನವೇ ಅವರು ಇನ್ನಿಲ್ಲ ಎಂಬ ಸುದ್ದಿ ನಮ್ಮ ಕಿವಿಮೇಲೆ ಬಿದ್ದಿತು.,2,ವಿಧಿ ಲಿಖಿತ,Destiny
ವಿಧಿ,ಯಕ್ಷಗಾನ ಪ್ರೇಮಿಗಳ ಪಾಲಿಗೆ ಯಕ್ಷಗಾನ ಕಲೆಗೆ ಹೊಸತನ ನೀಡಿದ ಕಣ್ಣಿ ಜನಪ್ರೀಯತೆಯಲ್ಲಿ ರುವಾಗಲೇ ವಿಧಿ ಅವರಿಗೆ ಸಲ್ಲದ ಸಂಕಷ್ಠಕ್ಕೆ ನೂಕಿತು.,2,ವಿಧಿ ಲಿಖಿತ,Destiny
ವಿಧಿ,ಎರಡುದಾಸರಿಗೆ ನಂಬಿ ಕುರುಡು ದಾಸ ಕೆಟ್ಟ ಈ ಗಾದೆ ಕೇಳಿ ಪಾಪ ಎನ್ನದೆ ವಿಧಿ ಇಲ್ಲ.,2,ವಿಧಿ ಲಿಖಿತ,Destiny
ವಿಧಿ,"ಸಚಿನ್​ರಂತೆ ಶ್ರೇಷ್ಠ ಬ್ಯಾಟ್ಸ್​ಮನ್​ ಆಗಬೇಕೆಂದು ಕನಸು ಕಂಡಿದ್ದ, ಆದರೆ ಆ ಒಂದು ಬೌನ್ಸರ್ ವಿಧಿ ಬರೆಯಿತು.",2,ವಿಧಿ ಲಿಖಿತ,Destiny
ವಿಧಿ,ಆದರೆ ವಿಧಿ ಕೆಲವೊಮ್ಮೆ ನಿಮ್ಮ ಊಹೆಯನ್ನು ಉಲ್ಟಾ ಮಾಡಿಬಿಡತ್ತೆ.,2,ವಿಧಿ ಲಿಖಿತ,Destiny
ವಿಧಿ,"ಆದರೆ ಮತ್ತೊಂದೆಡೆ, ಅವರು ತುಂಬಾ ಅವಳ ಜೊತೆಗೆ,, ವಿಧಿ ಶಕ್ತಿ ಪರೀಕ್ಷೆ ವಹಿಸುತ್ತದೆ ಆದರೆ ಇತರ ಜನರ ಭವಿಷ್ಯವನ್ನು ಜೊತೆ.",2,ವಿಧಿ ಲಿಖಿತ,Destiny
ವಿಧಿ,ಆದ್ದರಿಂದ ಅಂಥ ಸುವರ್ಣ ಆಶಯಗಳನ್ನು ಹೊಂದಿದ್ದ ಒಂದು ಚಳುವಳಿ ವಿಫಲವಾಯಿತು ಎನ್ನದೆ ವಿಧಿ ಇಲ್ಲ.,2,ವಿಧಿ ಲಿಖಿತ,Destiny
ವಿಧಿ,ಆದರೆ ವಿಧಿ ಕೇಳಬೇಕಲ್ಲ.,2,ವಿಧಿ ಲಿಖಿತ,Destiny
ವಿಧಿ,"ಈ ಹಿನ್ನೆಲೆ ವಿಧಿ ಮತ್ತೊಮ್ಮೆ ಕೈ ಕೊಟ್ಟಿದ್ದು, ಓದುವ ಆಸೆ ಆಸೆಯಾಗಿಯೇ ಇತ್ತು.",2,ವಿಧಿ ಲಿಖಿತ,Destiny
ವಿಧಿ,"ಆದರೆ, ವಿಧಿ ಬೇರೆಯದ್ದೇ ಕಥೆ ಬರೆದಿತ್ತು.",2,ವಿಧಿ ಲಿಖಿತ,Destiny
ವಿಧಿ,ಆದರೆ ವಿಧಿ ಕೈ ಕೊಟ್ಟಿತು.,2,ವಿಧಿ ಲಿಖಿತ,Destiny
ವಿಧಿ,ಆದರೆ ವಿಧಿ ತುಮಕೂರಿಗೆ ಎಳೆದು ಕೊಂಡು ಬಂದಿತ್ತು ಎಂದರು.,2,ವಿಧಿ ಲಿಖಿತ,Destiny
ವಿಧಿ,"ಇದು ತಮ್ಮ ಸ್ವಂತ ಆತ್ಮವನ್ನು ಎಲ್ಲಾ ಪ್ರಯೋಗಗಳು, ವಿಧಿ ಅವನಿಗಾಗಿ ತಯಾರಿಸಲಾಗುತ್ತದೆ ಮೂಲಕ ಹೋಗಿ, ಮತ್ತು ಎಲ್ಲಾ ವಿವಾದಿತ ಸಮಸ್ಯೆಗಳನ್ನು ಪರಿಹರಿಸಲು ಮಾಡಬೇಕು ವಿವಾಹವಾಗಲಿದ್ದಾರೆ ಎಂದು ನಂಬಲಾಗಿದೆ.",2,ವಿಧಿ ಲಿಖಿತ,Destiny
ವಿಧಿ,ವಿಧಿ ಇಬ್ಬರನ್ನೂ ದೂರಮಾಡುತ್ತದೆ.,2,ವಿಧಿ ಲಿಖಿತ,Destiny
ವಿಧಿ,"ನೀವು ಕಳಿತ ಹಣ್ಣುಗಳು ಅರಣ್ಯ ಸಂಗ್ರಹಿಸಲು ವೇಳೆ, ವಿಧಿ ಕೆಲವು ಉತ್ತಮ ಅವಕಾಶ ನೀಡುವ ಮೂಲಕ ನೀವು ಮುದ್ದು ಬಯಸುತ್ತಾರೆ.",2,ವಿಧಿ ಲಿಖಿತ,Destiny
ವಿಧಿ,ವಿಧಿ ಯಾವ ರೀತಿ ಕರೆದುಕೊಂಡು ಹೋಗುತ್ತದೆ ಎಂಬುದನ್ನು.,2,ವಿಧಿ ಲಿಖಿತ,Destiny
ವಿಧಿ,"ಆದರೆ, ಅವನೊಂದು ಬಗೆದರೆ ವಿಧಿ ಬೇರೊಂದನ್ನು ಬಗೆಯಿತು.",2,ವಿಧಿ ಲಿಖಿತ,Destiny
ವಿಧಿ,ಪಾಪಶೇಷದ ಫಲವಿರುವ ಹತಭಾಗ್ಯರಿಗೂ ಒಮ್ಮೊಮ್ಮೆ ವಿಧಿ ಕೈಹಿಡಿದು ರಕ್ಷಿಸುತ್ತದಲ್ಲಾ!,2,ವಿಧಿ ಲಿಖಿತ,Destiny
ವಿಧಿ,"ಮನೆಯವರ ಬೇಡಿಕೆ, ಮಕ್ಕಳ ಕೋರಿಕೆಯನ್ನು ಪೂರೈಸದೇ ವಿಧಿ ಇಲ್ಲ.",2,ವಿಧಿ ಲಿಖಿತ,Destiny
ವಿಧಿ,"ಡಿಸೆಂಬರ್ ೩೦ ರಂದು ಕುವೆಂಪು – ಬೇಂದ್ರೆ ನಾಡುನುಡಿ ಚಿಂತನ ಕಾರ್ಯಕ್ರಮ ಗೋಷ್ಠಿಯ ಅಧ್ಯಕ್ಷತೆ ವಹಿಸಬೇಕಿತ್ತು ಆದರೆ ಅದಕ್ಕೆ ಮುನ್ನವೇ ಸಾಹಿತ್ಯ ಪರಿಚಾರಕನನ್ನು ವಿಧಿ ಎಳೆದೊಯ್ದು\, ಸಾಹಿತ್ಯ ಲೋಕಕ್ಕೆ ತುಂಬಲಾರದ ನಷ್ಟ ಉಂಟು ಮಾಡಿತ್ತು.",2,ವಿಧಿ ಲಿಖಿತ,Destiny
ವಿಧಿ,"ವಿಧಿ ನಮ್ಮನ್ನು ಮತ್ತೆಮತ್ತೆ ಪರೀಕ್ಷಿಸುತ್ತಲೇ ಇರುತ್ತದೆ – ನಮ್ಮ ಸಾಮರ್ಥ್ಯ ಮೀರಿದ ಪರೀಕ್ಷೆಗಳಿಗೆ ಒಡ್ಡುವ ಮೂಲಕ, ನಮ್ಮ ಬುದ್ಧಿವಂತಿಕೆ ಮೀರಿದ ಪ್ರಶ್ನೆಗಳನ್ನು ಎದುರಾಗಿಸುವ ಮೂಲಕ.",2,ವಿಧಿ ಲಿಖಿತ,Destiny
ವಿಧಿ,ಆದರೆ ವಿಧಿ ಬಿಡಲಿಲ್ಲ.,2,ವಿಧಿ ಲಿಖಿತ,Destiny
ವಿಧಿ,"ಆದರೆ, ವಿಧಿ ಅದಕ್ಕೆ ಅವಕಾಶ ಕೊಡಲಿಲ್ಲ.",2,ವಿಧಿ ಲಿಖಿತ,Destiny
ವಿಧಿ,ಆಗ ತನ್ನ ಗಂಡನನ್ನು ಉಳಿಸಿಕೊಳ್ಳಲು ವಿಧಿ ಇಲ್ಲದೆ ತನ್ನ ಮಗುವನ್ನು ಮಾರಿದ್ದಾಳೆ.,2,ವಿಧಿ ಲಿಖಿತ,Destiny
ವಿಧಿ,"ಆದರೆ, ವಿಧಿ ಆಟವೇ ಬೆರೆಯಾಗಿತ್ತು ಅನಿಸುತ್ತದೆ.",2,ವಿಧಿ ಲಿಖಿತ,Destiny
ವಿಧಿ,"ಇದರಿಂದ ಬೇರೆ ವಿಧಿ ಇಲ್ಲದೇ, ಜನ ಅನಿವಾರ್ಯವಾಗಿ ಜೀವದ ಹಂಗು ತೊರೆದು ತೆಪ್ಪದಲ್ಲೇ ಓಡಾಡುತ್ತಿದ್ದಾರೆ.",2,ವಿಧಿ ಲಿಖಿತ,Destiny
ವಿಧಿ,ಬೇರೆ ವಿಧಿ ಇಲ್ಲದೇ ಆಗಿರುವುದು.,2,ವಿಧಿ ಲಿಖಿತ,Destiny
ವಿಧಿ,ಅಲ್ಲದೆ ಮನುಷ್ಯರಂತೆಯೇ ವಿಧಿ ವಿಧಾನಗಳ ಮೂಲಕ ಅಂತ್ಯ ಸಂಸ್ಕಾರವನ್ನು ನಡೆಸಿದ್ದಾರೆ.,3,ವಿಧಿ ವಿಧಾನ,ritual
ವಿಧಿ,ಈ ಹಿನ್ನೆಲೆಯಲ್ಲಿ ದಸರಾ ಮಹೋತ್ಸವದ ಆರಂಭಕ್ಕೆ ಕೇವಲ ನಾಲ್ಕು ದಿನಗಳಷ್ಟೇ ಬಾಕಿ ಇರುವುದರಿಂದ ಇಂದು ಶಾಸ್ತ್ರೋಕ್ತವಾಗಿ ವಿಧಿ ವಿಧಾನದಂತೆ ಸಿಂಹಾಸನ ಜೋಡಿಸಿ ದರ್ಬಾರ್‍ಗೆ ಸಿದ್ಧತೆ ಮಾಡಲಾಯಿತು.,3,ವಿಧಿ ವಿಧಾನ,ritual
ವಿಧಿ,ಇಂದು ಮುಂಜಾನೆ ನಾಲ್ಕು ಗಂಟೆಯಿಂದಲೇ ಚಾಮುಂಡಿ ಬೆಟ್ಟದಲ್ಲಿ ಪುರೋಹಿತರು ಪೂಜಾ ವಿಧಿ ವಿಧಾನಗಳಿಗೆ ಸಿದ್ದತೆ ನಡೆಸಿದ್ದರು.,3,ವಿಧಿ ವಿಧಾನ,ritual
ವಿಧಿ,ವೀರಭದ್ರ ಸ್ವಾಮಿಗೆ ಮಹಾ ಅಭಿಷೇಕ ಹಾಗೂ ವಿವಿದ ಪೂಷ್ಪಾರ್ಚನೆ ಮತ್ತು ಸಹಸ್ರ ಬಿಲ್ವಾರ್ಚನೆಯೊಂದಿಗೆ ಪೂಜಾ ವಿಧಿ ವಿಧಾನಗಳು ನಡೆದವು.,3,ವಿಧಿ ವಿಧಾನ,ritual
ವಿಧಿ,ಪಣಜಿ: ಗೋವಾ ಮಾಜಿ ಸಿಎಂ ಮನೋಹರ ಪಾರೀಕರ್‌ ಪಾರ್ಥಿವ ಶರೀರವನ್ನು ಸಾರ್ವಜನಿಕರ ಅಂತಿಮ ದರ್ಶನಕ್ಕೆ ಇರಿಸಲಾಗಿದ್ದ ಕಲಾ ಅಕಾಡೆಮಿಯನ್ನು ಧಾರ್ಮಿಕ ವಿಧಿ ವಿಧಾನಗಳ ಮೂಲಕ ಶುದ್ಧಗೊಳಿಸಲಾಗಿದೆ ಎಂಬ ಆರೋಪ ಕೇಳಿ ಬಂದಿದೆ.,3,ವಿಧಿ ವಿಧಾನ,ritual
ವಿಧಿ,ಧಾರ್ಮಿಕ ವಿಧಿ ವಿಧಾನಗಳ ಜತೆಗೆ ಪೂಜೆಯನ್ನೂ ಸಲ್ಲಿಸಿದರು.,3,ವಿಧಿ ವಿಧಾನ,ritual
ವಿಧಿ,ಭಾರತೀಯ ಸೈನಿಕರೇ ಅವರ ಅಂತಿಮ ವಿಧಿ ವಿಧಾನಗಳನ್ನು ಮಾಡಿದ್ದರು.,3,ವಿಧಿ ವಿಧಾನ,ritual
ವಿಧಿ,ಶಿಸ್ತುಬದ್ಧ ಕಾರ್ಯಕ್ರಮ: ಬೆಳಗ್ಗೆ 9 ಗಂಟೆಯಿಂದ ಆರಂಭಗೊಂಡ ನೂತನ ಬಿಷಪರ ದೀಕ್ಷೆಯ ಧಾರ್ಮಿಕ ವಿಧಿ ವಿಧಾನ ಮತ್ತು ಅಭಿನಂದನಾ ಸಮಾರಂಭ ಮಧ್ಯಾಹ್ನ 2 ಗಂಟೆವರೆಗೆ ನಡೆಯಿತು.,3,ವಿಧಿ ವಿಧಾನ,ritual
ವಿಧಿ,ಮುಂದಿನ ದಿನಗಳಲ್ಲಿ ನೀವು ಸಾಕಷ್ಟು ಧಾರ್ಮಿಕ ವಿಧಿ ವಿಧಾನಗಳಲ್ಲಿ ಸಾಕಷ್ಟು ಪುಣ್ಯಕ್ಷೇತ್ರಗಳ ದರ್ಶನವನ್ನು ಪಡೆಯುತ್ತೀರಿ ಎಂದು ಈ ಕನಸಿನ ಅರ್ಥ.,3,ವಿಧಿ ವಿಧಾನ,ritual
ವಿಧಿ,ಯಾವುದೇ ವಿಧಿವಿಧಾನಗಳಿಲ್ಲ : ಯಾವುದೇ ಧಾರ್ಮಿಕ ವಿಧಿ ವಿಧಾನಗಳಿಲ್ಲದೇ ಪುಟ್ಟಣ್ಣಯ್ಯ ಅವರ ಅಂತ್ಯ ಸಂಸ್ಕಾರವನ್ನು ನಡೆಸಲಾಯಿತು.,3,ವಿಧಿ ವಿಧಾನ,ritual
ವಿಧಿ,ಮೈಸೂರು: ಯದುವಂಶ ತಿಲಕ ಶ್ರೀಕಂಠದತ್ತ ನರಸಿಂಹರಾಜ ಒಡೆಯರ್ ಅವರ ಅಂತ್ಯ ಸಂಸ್ಕಾರ ಸಕಲ ಸರ್ಕಾರಿ ಗೌರವ ಹಾಗೂ ವೈದಿಕ ವಿಧಿ ವಿಧಾನಗಳೊಂದಿಗೆ ಇಲ್ಲಿನ ಮಧುವನದಲ್ಲಿ ಮಂಗಳವಾರ ಸಂಜೆ ನೇರವೇರಿತು.,3,ವಿಧಿ ವಿಧಾನ,ritual
ವಿಧಿ,ದೈವಜ್ಞ ಪ್ರಸಾದ್ ಕೆದಿಲಾಯರು ಆಯುಧ ಪೂಜಾ ವಿಧಿ ವಿಧಾನಗಳನ್ನು ನೆರವೇರಿಸಿದರು.,3,ವಿಧಿ ವಿಧಾನ,ritual
ವಿಧಿ,"ಇಂದು ರಾಜನಾಗಿ ಸಿಂಹಾಸನದಲ್ಲಿ ಕೂರುವ ಯದುವೀರ್ ಅವರ ವಿಧ್ಯುಕ್ತ ಉಡುಪಿನಲ್ಲಿ ದೀಕ್ಷಾ ವಸ್ತ್ರ ಮತ್ತು ಸಾಂಪ್ರದಾಯಿಕ ಶಿರಸ್ತ್ರಾಣಗಳು ಸೇರಿವೆ, ಮತ್ತು ಶ್ರೀ ಯದುವೀರ್ ಕೃಷ್ಣದತ್ತ ಚಾಮರಾಜ ಒಡೆಯರ್ ಅವರು ಧಾರ್ಮಿಕ ವಿಧಿ ವಿಧಾನಗಳನ್ನು ಕ್ರಮಬದ್ಧವಾಗಿ ಅನುಸರಿಸುತ್ತಾರೆ.",3,ವಿಧಿ ವಿಧಾನ,ritual
ವಿಧಿ,"ಭಾನುಪ್ರಕಾಶ್ ಶರ್ಮಾ, ಹಾಗೂ ಅರಮನೆ ಪುರೋಹಿತರ ತಂಡ ವಿಧಿ ವಿಧಾನಗಳನ್ನು ನೆರವೇರಿಸಿತು.",3,ವಿಧಿ ವಿಧಾನ,ritual
ವಿಧಿ,"ಸ್ವಲ್ಪ ಸಮಯ ಮನೆಯ ಮುಂದೆ ಪಾರ್ಥಿವ ಶರೀರವನ್ನು ಇಟ್ಟು, ಅಂತಿಮ ವಿಧಿ ವಿಧಾನಗಳಿಗೆ ಕುಟುಂಬದ ವರಿಗೆ ಅವಕಾಶ ಮಾಡಿಕೊಡಲಾಯಿತು.",3,ವಿಧಿ ವಿಧಾನ,ritual
ವಿಧಿ,ಹತ್ತು ದಿನಗಳ ಅವಧಿಯ ಶ್ರೀ ದ್ರೌಪದಿದೇವಿ ಕರಗ ಶಕ್ತ್ಯೋತ್ಸವದ ಧಾರ್ಮಿಕ ವಿಧಿ ವಿಧಾನಗಳು ಈಗಾಗಲೆ ಆರಂಭವಾಗಿವೆ.,3,ವಿಧಿ ವಿಧಾನ,ritual
ವಿಧಿ,"ಮಕ್ಕಳಿಗೆ ಒಳ್ಳೆಯ ಸಂಸ್ಕಾರ , ಧಾರ್ಮಿಕ ವಿಧಿ ವಿಧಾನ, ವಿವಿಧ ಧರ್ಮದ ಜ್ಞಾನ, ರಾಷ್ಟ್ತ್ರಪ್ರೇಮವನ್ನು ಬೆಳೆಸುವಲ್ಲಿ ಹೆಚ್ಚಿನ ಆಸಕ್ತಿಯನ್ನು ಪಾಲಕರು ವಹಿಸಬೇಕೆಂದು ಅವರು ಕರೆ ನೀಡಿದರು.",3,ವಿಧಿ ವಿಧಾನ,ritual
ವಿಧಿ,"ಉತ್ಸವದ ಪ್ರಯುಕ್ತ ನಂಜುಂಡೇಶ್ವರ ಸ್ವಾಮಿಗೆ ಒಂದು ವಾರದಿಂದ ಧ್ವಜಾರೋಹಣ, ಅಂಕುರಾರ್ಪಣೆ, ವೃಷಭಾರೋಹಣೋತ್ಸವ, ಶೇಷವಾಹನೋತ್ಸವ, ಕಾಶಿಯಾತ್ರೆ ಸೇರಿದಂತೆ ವಿವಿಧ ಧಾರ್ಮಿಕ ವಿಧಿ ವಿಧಾನಗಳನ್ನು ನೆರವೇರಿಸಲಾಯಿತು.",3,ವಿಧಿ ವಿಧಾನ,ritual
ವಿಧಿ,ಹಿಂದೂ ಧರ್ಮದಲ್ಲಿ ನಡೆಸುವ ಪೂಜಾ ವಿಧಿ ವಿಧಾನಗಳು ತನ್ನದೇ ಆದ ಆಚಾರ ವಿಚಾರಗಳನ್ನು ಒಳಗೊಂಡಿದೆ.,3,ವಿಧಿ ವಿಧಾನ,ritual
ವಿಧಿ,ನಡೆದಾಡುವ ದೇವರು ಸಿದ್ದಗಂಗಾ ಮಠದ ಶ್ರೀ ಶಿವಕುಮಾರ ಸ್ವಾಮಿಜಿಯವರ ಅಂತಿಮ ವಿಧಿ ವಿಧಾನಗಳು ಇಂದು ನಡೆಯುತ್ತಿದೆ.,3,ವಿಧಿ ವಿಧಾನ,ritual
ವಿಧಿ,ಘರ್‌ ವಾಪಸಿ ಕಾರ್ಯಕ್ರಮದಲ್ಲಿ ಇವರೆಲ್ಲ ಶುದ್ಧೀಕರಣ ಹೋಮ ಮತ್ತು ಪೂಜಾ ಕಾರ್ಯಕ್ರಮದಲ್ಲಿ ಪಾಲ್ಗೊಂಡಿದ್ದಲ್ಲದೆ ಧಾರ್ಮಿಕ ವಿಧಿ ವಿಧಾನಗಳನ್ನು ಅನುಸರಿಸಿದ್ದರು.,3,ವಿಧಿ ವಿಧಾನ,ritual
ವಿಧಿ,"ಈ ವೇಳೆ ದೇಗುಲದ ಕೈಂಕರ್ಯಪರರು ಸಹ ವಿಧಿ ಇಲ್ಲದೇ ಕಲ್ಯಾಣಿಯಲ್ಲಿ ಕಸ ಹಾಗೂ ಗಲೀಜು ತೇಲುತ್ತಿದ್ದರೂ, ತೀವ್ರ ಅಸಮಾಧಾನದಿಂದಲೇ ದೇವರ ಮೇಲೆ ಭಾರ ಹಾಕಿ ಅಭಿಷೇಕದ ವಿಧಿ ವಿಧಾನಗಳನ್ನು ನೆರವೇರಿಸಿದರು.",3,ವಿಧಿ ವಿಧಾನ,ritual
ವಿಧಿ,"ರಥೋತ್ಸವಕ್ಕೂ ಮುನ್ನ ಬೆಳಿಗ್ಗೆ ಸಪ್ತ ಮಾತೃಗಳಾದ ಬ್ರಾಹ್ಮಿ, ಮಹೇಶ್ವರಿ, ಕೌಮುರಿ, ವೈಷ್ಣವಿ, ವರಾಹಿ, ಇಂದ್ರಾಣಿ ಹಾಗೂ ಚಾಮುಂಡಿ ಮೂರ್ತಿಗಳಿಗೆ ರುದ್ರಾಭಿಷೇಕ, ಹೋಮ, ಹವನ ಹಾಗೂ ವಿಶೇಷ ಅಲಂಕಾರ ಸಹಿತ ವಿಧಿ ವಿಧಾನಗಳು ಜರುಗಿದವು.",3,ವಿಧಿ ವಿಧಾನ,ritual
ವಿಧಿ,ಅವರ ಅಂತಿಮ ವಿಧಿ ವಿಧಾನಗಳನ್ನು ನೆರವೇರಿಸುವ ಹಿನ್ನೆಲೆ 15.,3,ವಿಧಿ ವಿಧಾನ,ritual
ವಿಧಿ,"ಬೆಳಗ್ಗೆ ಶಾಂತಿನಾಥ ಸ್ವಾಮಿಗೆ ಕ್ಷೀರಾಭಿಷೇಕ, ಅಗ್ರೋದಕ ಮೆರವಣಿಗೆ ಭಗವಾನ್ ಸ್ವಾಮಿಯ ಜನ್ಮ ಕಲ್ಯಾಣ, ಬಾಲಕ ನಾಮಕರಣೋತ್ಸವ ವಿಧಿ ವಿಧಾನಗಳು ನಡೆಯಿತು.",3,ವಿಧಿ ವಿಧಾನ,ritual
ವಿಧಿ,ಯಾವುದೇ ಧಾರ್ಮಿಕ ವಿಧಿ ವಿಧಾನ ಇರಲಿಲ್ಲ.,3,ವಿಧಿ ವಿಧಾನ,ritual
ವಿಧಿ,ಸಾಂಪ್ರದಾಯಿಕ ಪೂಜಾ ವಿಧಿ ವಿಧಾನ,3,ವಿಧಿ ವಿಧಾನ,ritual
ವಿಧಿ,"ಗಲ್ಲಿಗೇರಿಸಿದ ಬಳಿಕ ಶವಗಳನ್ನು ಅವರ ಬಂಧು ಬಳಗಕ್ಕೆ ತೋರಿಸಿ, ಆ ವ್ಯಕ್ತಿ ಸೇರಿದ ಧರ್ಮ, ಜಾತಿಯ ವಿಧಿ ವಿಧಾನಗಳಿಗೆ ಅನುಗುಣವಾಗಿ ಜೈಲಿನ ಹೊರಗಡೆ ಇರುವ ಪಕುರುಮಡ್ಡಿ ಎಂಬ ಸ್ಥಳದಲ್ಲಿ ದಫ‌ನ್‌ ಮಾಡುತ್ತಿದ್ದೆವು.",3,ವಿಧಿ ವಿಧಾನ,ritual
ವಿಧಿ,ಈ ನಡುವೆ ಗಿರೀಶ್ ಕಾರ್ನಾಡ್ ಅವರ ಅಂತಿಮ ಸಂಸ್ಕಾರ ಕಾರ್ನಾಡ್ ಅವರು ಇಚ್ಛಿಸಿದ್ದಂತೆ ಯಾವುದೇ ವಿಧಿ ವಿಧಾನಗಳಿಲ್ಲದೆ 4.,3,ವಿಧಿ ವಿಧಾನ,ritual
ವಿಧಿ,ನಾ ಕಮಲವದನೆಯಂ ಮದುವೆಯಾದಂ ವಿಧಿ ವಿಧಾನ ವಿಭವಂಗಳಿಂದೆ ||೧೦||,3,ವಿಧಿ ವಿಧಾನ,ritual
ವಿಧಿ,ವೆಂಕಟರಮಣ ಆಚಾರ್ಯ ಅವರ ಮನೆಯಿಂದ ಗಣೇಶ ವಿಗ್ರಹವನ್ನು ಅದ್ದೂರಿಯ ಮೆರವಣಿಗೆಯ ಮೂಲಕ ದೇವಸ್ಥಾನಕ್ಕೆ ಕರೆತಂದು ವಿವಿಧ ವಿಧಿ ವಿಧಾನಗಳ ಮೂಲಕ ಪ್ರತಿಷ್ಟಾಪಿಸಲ್ಪಟ್ಟಿತು.,3,ವಿಧಿ ವಿಧಾನ,ritual
ವಿಧಿ,ರಷ್ಟು ಅರ್ಜಿಗಳಿಗೆ ಮಾನ್ಯತೆ ವಿಧಿ ವಿಧಾನದಡಿಯಲ್ಲಿ ವಿಚಾರ ಹಂತದಲ್ಲಿ ಇದ್ದಿರುವುದು ಅಂಕಿ-ಸಂಖ್ಯೆಯಿಂದ ಕಂಡು ಬರುತ್ತದೆ.,3,ವಿಧಿ ವಿಧಾನ,ritual
ವಿಧಿ,ಆ ದಿನ ಧಾರ್ಮಿಕ ವಿಧಿ ವಿಧಾನಗಳು ಮಾತ್ರವಲ್ಲದೇ ಸಾಂಸ್ಕೃತಿಕ ಕಾರ್ಯಕ್ರಮಗಳು ನಡೆಯುತ್ತವೆ.,3,ವಿಧಿ ವಿಧಾನ,ritual
ವಿಧಿ,"ಶಿವ ಪುರಾಣದಲ್ಲಿ ದೇವರ ಪೂಜೆ, ವಿಧಿ ವಿಧಾನ, ಮಹತ್ವ ಮತ್ತು ಲಾಭದ ಬಗ್ಗೆ ವಿವರವಾಗಿ ತಿಳಿಸಲಾಗಿದೆ.",3,ವಿಧಿ ವಿಧಾನ,ritual
ವಿಧಿ,ಸವಣೂರು ಶ್ರೀ ವಿಷ್ಣುಮೂರ್ತಿ ದೇವಸ್ಥಾನದ ಪ್ರಧಾನ ಅರ್ಚಕ ಗೋಪಾಲಕೃಷ್ಣ ಬಡೆಕಿಲ್ಲಾಯರವರು ಪೂಜಾ ವಿಧಿ ವಿಧಾನವನ್ನು ನೆರವೇರಿಸಿಕೊಟ್ಟರು.,3,ವಿಧಿ ವಿಧಾನ,ritual
ವಿಧಿ,ಶ್ರೀ ರಾಮನವಮಿ ಹಬ್ಬದ ಆಚರಣೆಯ ವಿಧಿ ವಿಧಾನಗಳು ಹೇಗೆ ?,3,ವಿಧಿ ವಿಧಾನ,ritual
ವಿಧಿ,"ಬೆಳಿಗ್ಗೆಯಿಂದ ದೇವಿಯ ಸನ್ನಿಧಿಯಲ್ಲಿ ಹೋಮ, ಹವನ ಸೇರಿದಂತೆ ಧಾರ್ಮಿಕ ವಿಧಿ ವಿಧಾನಗಳು ಜರುಗಿ, ದೇವಿಗೆ ಹಣ್ಣುಕಾಯಿ ಉಡಿ ತುಂಬುವ ಹಾಗೂ ಹರಕೆ ತೀರಿಸುವ ಕಾರ್ಯಕ್ರಮಗಳು ನಡೆದವು.",3,ವಿಧಿ ವಿಧಾನ,ritual
ವಿಧಿ,ಇವೆಲ್ಲವೂ ಜಾತ್ರೆಯ ಅಥವಾ ಆರಾಧನೆಯ ಸಂದರ್ಭದಲ್ಲಿ ನಡೆಯುವ ವಿಧಿ ವಿಧಾನಗಳು.,3,ವಿಧಿ ವಿಧಾನ,ritual
ವಿಧಿ,ಪುತ್ತೂರು: ಇಲ್ಲಿನ ಮಹಾಲಿಂಗೇಶ್ವರ ದೇವಾಲಯದಲ್ಲಿ ನೂತನವಾಗಿ ನಿರ್ಮಿಸಲು ಉದ್ದೇಶಿಸಿರುವ ಧ್ವಜಸ್ತಂಭಕ್ಕಾಗಿ ಸುಳ್ಯ ತಾಲ್ಲೂಕಿನ ಉಬರಡ್ಕ ಗ್ರಾಮದ ಮಿತ್ತೂರಿನಲ್ಲಿ ಮಂಗಳವಾರ ಧಾರ್ಮಿಕ ವಿಧಿ ವಿಧಾನಗಳೊಂದಿಗೆ ಕಡಿಯಲಾದ ಮರವನ್ನು ಶೃಂಗರಿಸಿ ಅಲಂಕೃತ ಟ್ರಾಲಿಯಲ್ಲಿ ಬುಧವಾರ ಮೆರವಣಿಗೆಯ ಮೂಲಕ ದೇವಾಲಯಕ್ಕೆ ತರಲಾಯಿತು.,3,ವಿಧಿ ವಿಧಾನ,ritual
ವಿಧಿ,ಗತಿಸಿದ ಹಿರಿಯರ ಸ್ಮರಣೆಯಲ್ಲಿ ಗಯಾದಲ್ಲಿನ ಫಲ್ಗು ನದಿಯಲ್ಲಿ ಧಾರ್ಮಿಕ ವಿಧಿ ವಿಧಾನಗಳ ಅನ್ವಯ ಪಿಂಡ ಪ್ರದಾನ ಮಾಡಲಾಯಿತು.,3,ವಿಧಿ ವಿಧಾನ,ritual
ವಿಧಿ,ವಿರಾಜಪೇಟೆ: ವಿರಾಜಪೇಟೆ ಕೊಡವ ಸಮಾಜದಿಂದ ಹುತ್ತರಿ ಹಬ್ಬ ವನ್ನು ಸಾಂಪ್ರ ದಾಯಿಕವಾಗಿ ಧಾರ್ಮಿಕ ವಿಧಿ ವಿಧಾನಗಳೊಂದಿಗೆ ಶ್ರದ್ಧಾ ಭಕ್ತಿಯಿಂದ ಆಚರಿಸಲಾಯಿತು.,3,ವಿಧಿ ವಿಧಾನ,ritual
ವಿಧಿ,ಬೆಳಗ್ಗೆಯಿಂದಲೇ ಧಾರ್ಮಿಕ ವಿಧಿ ವಿಧಾನಗಳು ಜರುಗಿದವು.,3,ವಿಧಿ ವಿಧಾನ,ritual
ವಿಧಿ,"ಕವಲಡಿ ಶ್ರೀ ಜಟ್ಟಿಗೇಶ್ವ ಮತ್ತು ಪರಿವಾರ ದೈವಗಳ ಹಾಗೂ ನಾಗ ದೇವರ ಪ್ರತಿಷ್ಠಾ ವರ್ಧಂತಿ ಮಹೋತ್ಸವದ ಅಂಗವಾಗಿ ವೇದ ಮೂರ್ತಿ ರಾಮಚಂದ್ರ ಭಟ್ ಇವರ ನೇತೃತ್ವದಲ್ಲಿ ಬೆಳಿಗ್ಗೆ ವಿವಿಧ ಧಾರ್ಮಿಕ ಪೂಜಾ ವಿಧಿ ವಿಧಾನಗಳು, ಹೋಮ ಹವನಗಳು ಮತ್ತು ರಾತ್ರಿ ಬಲಿ ಪೂಜೆ ನಡೆಯಿತು.",3,ವಿಧಿ ವಿಧಾನ,ritual
ವಿಧಿ,ಈ ವಿಧಿ ವಿಧಾನ ಹಾಗೂ ಸಂಪ್ರದಾಯಗಳು ಹಾಗೂ ಆಚರಣೆಗಳಿಗೆ ಬಹಳಷ್ಟು ಧಾರ್ಮಿಕ ಪ್ರಾಮುಖ್ಯತೆಯನ್ನು ಕೂಡಾ ಜನರು ನೀಡುತ್ತಾರೆ.,3,ವಿಧಿ ವಿಧಾನ,ritual
ವಿಧಿ,ತಿಗಳಾರ್ಯ ಭಾಷೆಯಲ್ಲಿ ಮಹಾಭಾರತದ ಅನೇಕ ಸಂಗತಿಗಳನ್ನು ವಿವರಿಸುತ್ತಾ ವಿಧಿ ವಿಧಾನಗಳನ್ನು ನಡೆಸಲು ಅನುವಾಗುವುದು ಪಠಣ ಪೂಜಾರಿಗಳ ಕರ್ತವ್ಯ.,3,ವಿಧಿ ವಿಧಾನ,ritual
ವಿಧಿ,ಮಾಧ್ವ ಸಂಪ್ರದಾಯದಂತೆಯೇ ಶ್ರಿಗಳ ಅಂತಿಮ ವಿಧಿ ವಿಧಾನಗಳನ್ನು ನೆರವೇರಿಸಲಾಯಿತು.,3,ವಿಧಿ ವಿಧಾನ,ritual
ವಿಧಿ,"ಈಗ ವಾಲಿಯು ಸಹಜತೆಯನು ಹೊಂದಿ; ಸ್ವರ್ಗವನು ಗೆದ್ದ, ಮುಕ್ತಿಯನು ಪಡೆದನೆಂದು ಹೇಳಿದಾಗ ಲಕ್ಷ್ಮಣ ಎಚ್ಚರಗೊಂಡು ಸುಗ್ರೀವನನು ಮುಂದಿನ ಅಂತ್ಯಸಂಸ್ಕಾರದ ವಿಧಿ ವಿಧಾನಗಳಿಗಾಗಿ ಎಬ್ಬಿಸಿದ ಮತ್ತು ಅಂಗದನಿಗೆ ಬುದ್ದಿಯನು ಹೇಳಿ, ನೀನು ನಾಯಕತ್ವವನ್ನು ವಹಿಸು ಹಾಗೂ ಮಾರ್ಗದರ್ಶನವನ್ನು ಮಾಡು ಎಂದು ಹೇಳಿದ.",3,ವಿಧಿ ವಿಧಾನ,ritual
ವಿಧಿ,ಈ ಸಂದರ್ಭ ಮದುವೆ ಧಾರ್ಮಿಕ ವಿಧಿ ವಿಧಾನಗಳು ಬೇರೆ ಬೇರೆಯಾಗಿದ್ದುದು ಗಮನಕ್ಕೆ ಬಂದಿದೆ.,3,ವಿಧಿ ವಿಧಾನ,ritual
ವಿಧಿ,"ಉಪವಾಸ ವ್ರತದಲ್ಲಿದ್ದ ಬೇಡಗಂಪಣ ಸಮುದಾಯದ 108 ಬಾಲಕಿಯರು, ಮುಂಜಾನೆ ನಾಲ್ಕು ಗಂಟೆಗೆ ಮಹದೇಶ್ವರ ಸ್ವಾಮಿಗೆ ಬೆಲ್ಲದ ಆರತಿ ಎತ್ತುವ ಮೂಲಕ ರಥೋತ್ಸವದ ವಿಧಿ ವಿಧಾನಗಳಿಗೆ ಚಾಲನೆ ನೀಡಿದರು.",3,ವಿಧಿ ವಿಧಾನ,ritual
ವಿಧಿ,ಬಳಿಕ ವಿಧಿ ವಿಧಾನ ಪೂರೈಸಲು ಸಮಯವಕಾಶ ಬೇಕು ಎಂಬ ಕಾರಣ ನೀಡಿ ಕೆಲವು ಖ್ಯಾತ ನಟರಿಗೆ ಅಂತಿಮ ದರ್ಶನಕ್ಕೆ ಅವಕಾಶ ನೀಡದೆ ಸಚಿವ ಡಿ.,3,ವಿಧಿ ವಿಧಾನ,ritual
ವಿಧಿ,ಅಜಿತ್ ಶವವನ್ನು ಪುಣೆ ಜಿಲ್ಲೆಯ ಜುನ್ನರ್ ಗ್ರಾಮಕ್ಕೆ ತೆಗೆದುಕೊಂಡು ಹೋಗಿ ಅಂತಿಮ ವಿಧಿ ವಿಧಾನಗಳನ್ನು ಮಾಡಲಾಗಿದೆ.,3,ವಿಧಿ ವಿಧಾನ,ritual
ವಿಧಿ,ರಿಂದ ಶ್ರೀ ಮಠದಲ್ಲಿ ಶ್ರೀ ಕಾಳಿಕಾಮಾತಾ ದೇವಿಂುು ಮಂದಿರದ ವಿಧಿ ವಿಧಾನಗಳನ್ನು ಪೂರೈಸಿ ದಿ.,3,ವಿಧಿ ವಿಧಾನ,ritual
ವಿಧಿ,Home ಕನ್ನಡ ವಾರ್ತೆಗಳು ಕರ್ನಾಟಕ ತಲಕಾವೇರಿಯಲ್ಲಿ ತೀರ್ಥೋದ್ಭವಕ್ಕೆ ಕುಂಡಿಕೆ ಬಳಿ ಧಾರ್ಮಿಕ ವಿಧಿ ವಿಧಾನಕ್ಕೆ ಸಾಕ್ಷಿಯಾದ ಮುಖ್ಯಮಂತ್ರಿ ಕುಮಾರಸ್ವಾಮಿ,3,ವಿಧಿ ವಿಧಾನ,ritual
ವಿಧಿ,ಮತ್ತು ಅದರ ವಿಧಿ ವಿಧಾನಗಳೇನು ?,3,ವಿಧಿ ವಿಧಾನ,ritual
ವಿಧಿ,"ಇಂದು ಬೆಳಗ್ಗೆ ನಿಧನರಾದ ಹಿರಿಯ ಸಾಹಿತಿ, ರಂಗಕರ್ಮಿ, ನಟ ಗಿರೀಶ್​ ಕಾರ್ನಾಡ್​ ಅವರ ಅಂತ್ಯಕ್ರಿಯೆ ಕಲ್ಲಪಳ್ಳಿ ವಿದ್ಯುತ್​ ಚಿತಾಗಾರದಲ್ಲಿ ಅವರ ಕೊನೇ ಆಸೆಯಂತೆ ಧಾರ್ಮಿಕ ವಿಧಿ ವಿಧಾನಗಳಿಲ್ಲದೇ ನೆರವೇರಿಸಲಾಯಿತು.",3,ವಿಧಿ ವಿಧಾನ,ritual
ವಿಧಿ,ಈ ವಿಧಿ ವಿಧಾನಗಳ ಆಚರಣೆಗಾಗಿ ಪರಸ್ಪರ ಅರಿಕೆಗೆ ಕಾರಣವಾಗುವುದು ಹಾಗೂ ಅವುಗಳನ್ನು ಮುಂದಿನ ಪೀಳಿಗೆಗೆ ರೂಢಿಗತ ಮಾಡುವುದಕ್ಕೆ ನಾಂದಿಯಾಗುವುದಾಗಿದೆ.,3,ವಿಧಿ ವಿಧಾನ,ritual
ವಿಧಿ,"ಏಳು ದಿನಗಳವರೆಗೆ ರಾಯರ ಮೂಲ ಬೃಂದಾವನಕ್ಕೆ ವಿಶೇಷ ಪೂಜೆ, ಅಭಿಷೇಕ, ಧಾರ್ಮಿಕ-ಸಾಂಸ್ಕೃತಿಕ ಕಾರ್ಯಕ್ರಮಗಳು, ಜ್ಞಾನ ಯಜ್ಞ ಸೇರಿ ಇತರ ಧಾರ್ಮಿಕ ವಿಧಿ ವಿಧಾನಗಳು ನಡೆಯಲಿವೆ.",3,ವಿಧಿ ವಿಧಾನ,ritual
ವಿಧಿ,ಗುರುವಿನಂತೆ ಶಿಷ್ಯನ ಅಂತಿಮ ವಿಧಿ ವಿಧಾನ :,3,ವಿಧಿ ವಿಧಾನ,ritual
ವಿಧಿ,"ಶಿವಕುಮಾರ ಶ್ರೀಗಳ ಪ್ರಥಮ ಪುಣ್ಯಸಂಸ್ಮರಣೋತ್ಸವ ಹಿನ್ನೆಲೆಯಲ್ಲಿ ಸ್ವಾಮೀಜಿ ಐಕ್ಯರಾಗಿರುವ ಶಿವಯೋಗಿ ಮಂದಿರದ ಗದ್ದುಗೆಯಲ್ಲಿ ಮುಂಜಾನೆಯಿಂದಲೇ ಧಾರ್ಮಿಕ ವಿಧಿ ವಿಧಾನಗಳು, ಅಭಿಷೇಕ, ಅಷ್ಟೋತ್ತರ, ಮಹಾಮಂಗಳಾರತಿ, ಭಜನಾ ಮಂತ್ರ ಘೋಷಗಳು ಮೊಳಗಿದವು.",3,ವಿಧಿ ವಿಧಾನ,ritual
ವಿಧಿ,"ಹೀಗೆ ಒಂದೊಮ್ಮೆ ಮೂರ್ತಿಯನ್ನು ಜೋಡಿಸಿ ದೇವಾಲಯದಲ್ಲಿರಿಸಿದ ನಂತರ ಹನ್ನೊಂದು ದಿನಗಳ ಕಾಲ ದೇವಾಲಯದ ಬಾಗಿಲು ಮುಚ್ಚಿ, ಏನೆ ಪೂಜಾ ವಿಧಿ ವಿಧಾನಗಳಿದ್ದರೂ ಹೊರಗಿನಿಂದಲೇ ನೆರವೇರಿಸಿ ಹನ್ನೊಂದು ದಿನಗಳ ಬಳಿಕ ಮತ್ತೆ ಬಾಗಿಲನ್ನು ತೆರೆಯಬೇಕಾಗಿತ್ತು.",3,ವಿಧಿ ವಿಧಾನ,ritual
ವಿಧಿ,"ಸದನದ ವಿಧಿ ವಿಧಾನ, ಪ್ರಕ್ರಿಯೆ ಬಗ್ಗೆ ಸೂಚನೆ ನೀಡಲಿದ್ದಾರೆ.",3,ವಿಧಿ ವಿಧಾನ,ritual
ವಿಧಿ,ಪ್ರಧಾನ ಅರ್ಚಕ ಸೀತಾರಾಮ ಎಡಪಡಿತ್ತಾಯ ರಥದಲ್ಲಿ ದೇವರ ಮೂರ್ತಿ ಕುಳ್ಳಿರಿಸಿ ಧಾರ್ಮಿಕ ವಿಧಿ ವಿಧಾನಗಳನ್ನು ಪೂರೈಸಿದರು.,3,ವಿಧಿ ವಿಧಾನ,ritual
ವಿಧಿ,"ಅಥವಾ ಬಣ್ಣದ ವಿಗ್ರಹಗಳನ್ನು ಪತ್ತೆ ಮಾಡಿ,ಸುಪರ್ದಿಗೆ ತೆಗೆದುಕೊಂಡು ಅಂತಹ ವಸ್ತುಗಳನ್ನು ಸ್ಥಳೀಯ ಸಂಸ್ಥೆಯಲ್ಲಿ ಇರುವ ಘನತ್ಯಾಜ್ಯ ವಿಲೇವಾರಿ ಘಟಕಗಳಿಗೆ ಸಾಗಿಸಿ ಶ್ರೆಡರ್‍ಗಳನ್ನು ಉಪಯೋಗಿಸಿಕೊಂಡು ಒಂದೇ ಸ್ಥಳದಲ್ಲಿ (ಲ್ಯಾಂಡ್‍ಫಿಲ್ ಸೈಟ್) ಧಾರ್ಮಿಕ ವಿಧಿ ವಿಧಾನಗಳಿಗೆ ಭಂಗವಾಗದಂತೆ ವಿಲೇವಾರಿ ಮಾಡಲು ಕ್ರಮ ವಹಿಸಲು ಸೂಚಿಸಿದ್ದಾರೆ.",3,ವಿಧಿ ವಿಧಾನ,ritual
ವಿಧಿ,"ಜಮ್ಮು ಮತ್ತು ಕಾಶ್ಮೀರಕ್ಕೆ ಸಂವಿಧಾನದ 370ನೇ ವಿಧಿ ಅನ್ವಯ ನೀಡಿದ್ದ ವಿಶೇಷ ಸ್ಥಾನಮಾನ ರದ್ದಾದಾಗಿನಿಂದ ಸಂಪರ್ಕ ವ್ಯವಸ್ಥೆ ಇಲ್ಲದೆ ಯಾತನೆ ಅನುಭವಿಸುತ್ತಿರುವ ಕಾಶ್ಮೀರಿಗರ ಬಗ್ಗೆ ಗಂಭೀರ ಚರ್ಚೆ, ಚಿಂತನೆಗಳು ನಡೆಯಬೇಕಾಗಿರುವ ಸಂದರ್ಭ ಇದು.",4,ಸಂವಿಧಾನದ ವಿಧಿ,Article
ವಿಧಿ,ಮುಸ್ಲಿಮರಿಗೆ ಐದು ಎಕರೆ ಸ್ಥಳವನ್ನು ನೀಡಲು ಸಂವಿಧಾನದ ವಿಧಿ 142ರಡಿ ವಿಶೇಷ ಅಧಿಕಾರವನ್ನು ಬಳಸಿಕೊಂಡಿರುವುದು ಅತ್ಯಂತ ಹತಾಶಕರವಾಗಿರುವಂತಿದೆ.,4,ಸಂವಿಧಾನದ ವಿಧಿ,Article
ವಿಧಿ,ಪ್ರಮುಖ ಸಂವಿಧಾನಾತ್ಮಾಕ ಕ್ರಮವಾಗಿ ಪ್ರಧಾನಿ ನರೇಂದ್ರ ಮೋದಿ ನೇತೃತ್ವದ ಸರ್ಕಾರ ಸಂವಿಧಾನದ ವಿಧಿ 370 ರದ್ಧು ಪಡಿಸುವ ಸಂಬಂಧ ರಾಜ್ಯಸಭೆಯಲ್ಲಿ ಶಾಸನ ಬದ್ಧ ನಿರ್ಣಯ ಮಂಡಿಸಿದೆ.,4,ಸಂವಿಧಾನದ ವಿಧಿ,Article
ವಿಧಿ,ಸಂವಿಧಾನದ ವಿಧಿ 370 ರದ್ದತಿ ಹಿನ್ನೆಲೆಯಲ್ಲಿ ಪ್ರವಾಸಿಗರಿಗೆ ನಿಷೇಧ ಹೇರಲಾಗಿತ್ತು.,4,ಸಂವಿಧಾನದ ವಿಧಿ,Article
ವಿಧಿ,1: ಜಮ್ಮು ಹಾಗೂ ಕಾಶ್ಮೀರಕ್ಕೆ ವಿಶೇಷ ಸ್ಥಾನಮಾನ ನೀಡುವ ವಿಧಿ 370ನ್ನು ರದ್ದುಗೊಳಿಸಿದ ಕೇಂದ್ರ ಸರಕಾರದ ನಿರ್ಧಾರ ಪ್ರಶ್ನಿಸಿ ಸಲ್ಲಿಸಲಾದ ಮನವಿಗಳಿಗೆ ಪ್ರತಿಕ್ರಿಯೆ ನೀಡಲು ಕೇಂದ್ರ ಸರಕಾರಕ್ಕೆ ಐವರು ಸದಸ್ಯರ ಸಂವಿಧಾನಿಕ ಪೀಠ ಮಂಗಳವಾರ ನಾಲ್ಕು ವಾರಗಳ ಕಾಲಾವಕಾಶ ನೀಡಿದೆ.,4,ಸಂವಿಧಾನದ ವಿಧಿ,Article
ವಿಧಿ,"ಆದರೆ, ನ್ಯಾಯಪೀಠವು ಸಂವಿಧಾನದ 142ನೇ ವಿಧಿ ಅಡಿಯಲ್ಲಿ ತನಗಿರುವ ಅಧಿಕಾರವನ್ನು ಬಳಸಿಕೊಂಡು ಸೇವೆಯಿಂದ ವಜಾ ಮಾಡಿದ್ದನ್ನು ಕಡ್ಡಾಯ ನಿವೃತ್ತಿಯಾಗಿ ಪರಿವರ್ತಿಸಿದೆ.",4,ಸಂವಿಧಾನದ ವಿಧಿ,Article
ವಿಧಿ,"ಕೆನಡಾದ-ಅಮೇರಿಕನ್ ಮಾಧ್ಯಮ ಸಂಸ್ಥೆಯಾದ ವೈಸ್ ನ್ಯೂಸ್‌ಗೆ ಶನಿವಾರ ನೀಡಿದ ಸಂದರ್ಶನದಲ್ಲಿ, ಈ ವಿಷಯ ತಿಳಿಸಿದ ಅವರು, ಭಾರತ ಸರ್ಕಾರವು ತನ್ನ ಸಂವಿಧಾನದ 370 ಮತ್ತು 35-ಎ ವಿಧಿ ಅನ್ವಯ ನೀಡಿದ್ದ ವಿಶೇಷ ಸ್ಥಾನ ಮಾನ ರದ್ದುಪಡಿಸುವ ಮೂಲಕ ಕಾಶ್ಮೀರದ ಪರಿಸ್ಥಿತಿಯನ್ನು ಸುಧಾರಿಸಬಹುದೆಂದು ಭಾವಿಸಿದರೆ ಅದು ಮೂರ್ಖತನ ಎಂದು ಅವರು ದೂರಿದರು.",4,ಸಂವಿಧಾನದ ವಿಧಿ,Article
ವಿಧಿ,6- ನಮ್ಮ ಪ್ರದೇಶ ಹಿಂದುಳಿಯಲು ಕಾಂಗ್ರೆಸ್ ಮತ್ತು ಸಂವಿಧಾನದ 370ನೇ ವಿಧಿ ಕಾರಣ ಎಂದು ಲಡಾಖ್ ಬಿಜೆಪಿ ಸಂಸದ ತ್ಸೆರಿಂಗ್ ನಮ್‍ಗ್ಯಾಲ್ ಅಭಿಪ್ರಾಯಪಟ್ಟಿದ್ದಾರೆ.,4,ಸಂವಿಧಾನದ ವಿಧಿ,Article
ವಿಧಿ,ಶ್ರೀನಗರ: ಜಮ್ಮು- ಕಾಶ್ಮೀರಕ್ಕೆ ವಿಶೇಷ ಸ್ಥಾನಮಾನ ಒದಗಿಸುವ ಸಂವಿಧಾನದ 370ನೇ ವಿಧಿ ರದ್ಧತಿ ಬಗ್ಗೆ ದೇಶದೆಲ್ಲೆಡೆ ಉತ್ತಮ ಪ್ರತಿಕ್ರಿಯೆ ವ್ಯಕ್ತವಾಗುತ್ತಿದೆ.,4,ಸಂವಿಧಾನದ ವಿಧಿ,Article
ವಿಧಿ,ಸಂವಿಧಾನದ 35ಎ ವಿಧಿ ಅಥವಾ ಕ್ಷೇತ್ರಗಳ ಪುನರ್‌ ವಿಂಗಡನೆ ಕೆಲಸ ಶೀಘ್ರ ಆರಂಭವಾಗಲಿದೆಯೇ?,4,ಸಂವಿಧಾನದ ವಿಧಿ,Article
ವಿಧಿ,ಸಂವಿಧಾನದ 16ನೇ ವಿಧಿ ಉಲ್ಲಂಘನೆ,4,ಸಂವಿಧಾನದ ವಿಧಿ,Article
ವಿಧಿ,ಸಂವಿಧಾನದ 21ನೇ ವಿಧಿ ಅಡಿಯಲ್ಲಿ ನೀಡಲಾಗಿರುವ ವ್ಯಕ್ತಿಯ ಜೀವಿಸುವ ಹಕ್ಕುಗಳಿಗೆ ವಿರುದ್ಧವಾದ ಕೃತ್ಯವಾಗಿದೆ.,4,ಸಂವಿಧಾನದ ವಿಧಿ,Article
ವಿಧಿ,"ಸಂವಿಧಾನದ 370ನೇ ವಿಧಿ ರದ್ದತಿ ನಿರ್ಧಾರ ಮತ್ತು ಅದನ್ನು ಘೋಷಿಸಲು ಆರಿಸಿಕೊಂಡ ಸಮಯದ ಬಗ್ಗೆ ಕೇಂದ್ರ ಸರ್ಕಾರವನ್ನು ಶ್ಲಾಘಿಸಿರುವ ಅವರು, ಯಾವುದೇ ಪರಿಸ್ಥಿತಿ ಎದುರಿಸಲು ಸೇನೆ ಸನ್ನದ್ಧವಾಗಿದೆ ಎಂದಿದ್ದಾರೆ.",4,ಸಂವಿಧಾನದ ವಿಧಿ,Article
ವಿಧಿ,370ನೇ ವಿಧಿ ರದ್ದತಿ ಸಮರ್ಥಿಸಿಕೊಂಡ ಪ್ರಧಾನಿ * ಪವಾರ್ ಹೇಳಿಕೆಗೆ ತಿರುಗೇಟು,4,ಸಂವಿಧಾನದ ವಿಧಿ,Article
ವಿಧಿ,ಸ್ವತಂತ್ರ ಸಂವಿಧಾನ ಹೊಂದುವ ಮೂಲಕ ಭಾರತ ಒಕ್ಕೂಟದ ಭಾಗವಾಗಿ ಜಮ್ಮು ಕಾಶ್ಮೀರ ಮತ್ತು ಲಡಾಕ್ ಪ್ರಾಂತ್ಯಗಳು ಭಾರತದೊಂದಿಗೆ ಸೇರಿಕೊಳ್ಳಲು 370ನೇ ವಿಧಿ ಅವಕಾಶ ಒದಗಿಸಿತ್ತು.,4,ಸಂವಿಧಾನದ ವಿಧಿ,Article
ವಿಧಿ,ಬಂದ್ ಹಾಗೂ ಕರ್ಫ್ಯೂ ಸಡಿಸಬೇಕು; ಭಾರತ ಸಂವಿಧಾನದ 370ನೇ ವಿಧಿ ರದ್ದುಪಡಿಸಿದ ಸರ್ಕಾರದ ನಿರ್ಧಾರದ ಬಳಿಕ ಬಂಧಿಸಿದ ವ್ಯಕ್ತಿಗಳನ್ನು ಬಿಡುಗಡೆ ಮಾಡಬೇಕು ಎಂದು ಆಗ್ರಹಿಸಲಾಗಿದೆ.,4,ಸಂವಿಧಾನದ ವಿಧಿ,Article
ವಿಧಿ,"ಸಂವಿಧಾನದ 6ನೇ ಶೆಡ್ಯೂಲ್ ಪ್ರಕಾರ ಮತ್ತು ವಿಶ್ವರಾಷ್ಟ್ರ ಸಂಸ್ಥೆಯ ಸ್ವಯಂ ನಿರ್ಣಯ ಹಕ್ಕು ರಕ್ಷಣೆಗೆ ಕೊಡಮಾಡಿರುವ ಮಾನವ ಹಕ್ಕು ಕಾಯ್ದೆ ಪ್ರಕಾರ ಕೊಡವರ ಭೂ-ರಾಜಕೀಯ ಸ್ವಯಂ ಶಾಸನದ ಜನ್ಮಭೂಮಿ ಕೊಡವ ಲ್ಯಾಂಡ್ ರಚನೆ ಮತ್ತು ಕೊಡವ ಬುಡಕಟ್ಟು ಕುಲದ ಸಮಸ್ಥ ಏಳಿಗೆ, ವಿಕಾಸ ಮತ್ತು ಕಲ್ಯಾಣಕ್ಕಾಗಿ ಕೊಡವ ಬುಡಕಟ್ಟು ಕುಲವನ್ನು ರಾಜ್ಯಾಂಗದ 340 ಮತ್ತು 342ನೇ ವಿಧಿ ಪ್ರಕಾರ ಬುಡಕಟ್ಟು ಕುಲವೆಂದು ಎಸ್.",4,ಸಂವಿಧಾನದ ವಿಧಿ,Article
ವಿಧಿ,"ಜಮ್ಮು ಮತ್ತು ಕಾಶ್ಮೀರಕ್ಕೆ ವಿಶೇಷ ಸ್ಥಾನಮಾನ ಕಲ್ಪಿಸಿದ್ದ ಸಂವಿಧಾನದ 370ನೇ ವಿಧಿ ರದ್ದುಪಡಿಸಿದ ಬಳಿಕ ಅಲ್ಲಿ ಪರಿಸ್ಥಿತಿ ತೀವ್ರ ಹದಗೆಟ್ಟಿದ್ದು, ಅದನ್ನು ತಹಬದಿಗೆ ತರಲು ಸರ್ಕಾರ ನಿರಂತರ ಪ್ರಯತ್ನ ನಡೆಸುತ್ತಿದೆ.",4,ಸಂವಿಧಾನದ ವಿಧಿ,Article
ವಿಧಿ,ನವದೆಹಲಿ: ಜಮ್ಮು ಮತ್ತು ಕಾಶ್ಮೀರದಿಂದ ಲಡಾಖ್ ವಿಭಜಿಸಿ ಎರಡು ಕೇಂದ್ರಾಡಳಿತ ಪ್ರದೇಶಗಳನ್ನು ರೂಪಿಸುವ ಮತ್ತು ಕಾಶ್ಮೀರಕ್ಕೆ ವಿಶೇಷ ಸ್ಥಾನಮಾನ ನೀಡುವ ಸಂವಿಧಾನದ 370ನೇ ವಿಧಿ ರದ್ದತಿ ಕುರಿತು ಇದೇ ಮೊದಲ ಬಾರಿಗೆ ಕಾಂಗ್ರೆಸ್‌ ನಾಯಕ ರಾಹುಲ್ ಗಾಂಧಿ ಮೌನ ಮುರಿದು ತಮ್ಮ ನಿಲುವು ಸ್ಪಷ್ಟಪಡಿಸಿದ್ದಾರೆ.,4,ಸಂವಿಧಾನದ ವಿಧಿ,Article
ವಿಧಿ,"ಶ್ರೀನಗರ, ಜ 5 (ಯುಎನ್‌ಐ) ಜಮ್ಮು-ಕಾಶ್ಮೀರಕ್ಕೆ ವಿಶೇಷ ಸ್ಥಾನಮಾನ ನೀಡುವ ಸಂವಿಧಾನದ 370 ನೇ ವಿಧಿ ರದ್ದುಗೊಳಿಸಿದ ಆಗಸ್ಟ್ 5ರಿಂದ ಕಾಶ್ಮೀರ ಕಣಿವೆಯಲ್ಲಿ ಬಂಧನದಲ್ಲಿರುವ ಮೂವರು ಮಾಜಿ ಮುಖ್ಯಮಂತ್ರಿಗಳು ಮತ್ತು ವಿವಿಧ ರಾಜಕೀಯ ಪಕ್ಷಗಳ 20 ಕ್ಕೂ ಹೆಚ್ಚು ನಾಯಕರು ಬಂಧನದಲ್ಲಿ ಆರು ತಿಂಗಳು ಪೂರ್ಣಗೊಳಿಸಿದ್ದಾರೆ.",4,ಸಂವಿಧಾನದ ವಿಧಿ,Article
ವಿಧಿ,05): ಜಮ್ಮು-ಕಾಶ್ಮೀರಕ್ಕೆ ವಿಶೇಷ ಸ್ಥಾನಮಾನ ಕಲ್ಪಿಸಿದ್ದ ಸಂವಿಧಾನದ 370ನೇ ವಿಧಿ ರದ್ದುಗೊಳಿಸಿಗಿದೆ.,4,ಸಂವಿಧಾನದ ವಿಧಿ,Article
ವಿಧಿ,ಜಮ್ಮು ಕಾಶ್ಮೀರಕ್ಕೆ ವಿಶೇಷ ಸ್ಥಾನಮಾನ ನೀಡುವ ಸಂವಿಧಾನದ 370ನೇ ವಿಧಿ ರದ್ದು ಪಡಿಸಿದ ಮಸೂದೆ ರಾಜ್ಯಸಭೆಯಲ್ಲಿ ಮಂಡಿಸುವ ಮೊದಲು ಆಗಸ್ಟ್ ನಾಲ್ಕರಿಂದ ಒಂದು ವಾರದವರೆಗೆ ರಾಜ್ಯದಲ್ಲಿ ವಾರ್ತಾ ಪ್ರಸಾರ ವ್ಯವಸ್ಥೆಯನ್ನು ಸ್ಥಗಿತಗೊಳಿಸಲಾಗಿತ್ತು.,4,ಸಂವಿಧಾನದ ವಿಧಿ,Article
ವಿಧಿ,"ರಾಜಪ್ರಭುತ್ವದ ಪಳೆಯುಳಿಕೆ ಸಾರುವ ಯುವರಾಜ, ಮಹಾರಾಜ ಎಂಬ ಪದ ಬಳಸುವಂತಿಲ್ಲ ಎಂದು ಸಂವಿಧಾನದ 18ನೇ ವಿಧಿ ಹೇಳುತ್ತದೆ.",4,ಸಂವಿಧಾನದ ವಿಧಿ,Article
ವಿಧಿ,ಕಾಶ್ಮೀರಕ್ಕೆ ವಿಶೇಷ ಸ್ಥಾನಮಾನ ನೀಡುವ ಸಂವಿಧಾನದ 370ನೇ ವಿಧಿ ರದ್ದತಿ ಹಿನ್ನೆಲೆಯಲ್ಲಿ ಸುರಕ್ಷತೆ ದೃಷ್ಟಿಯಿಂದ ಆಗಸ್ಟ್‌ 2ರಿಂದ ಪ್ರವಾಸಿಗರ ಭೇಟಿ ಮತ್ತು ವಾಸ್ತವ್ಯವನ್ನು ಕೇಂದ್ರ ಸರ್ಕಾರ ನಿರ್ಬಂಧಿಸಿತ್ತು.,4,ಸಂವಿಧಾನದ ವಿಧಿ,Article
ವಿಧಿ,11(ಪಿಟಿಐ)- ಜಮ್ಮು ಮತ್ತು ಕಾಶ್ಮೀರಕ್ಕೆ ವಿಶೇಷ ಸ್ಥಾನಮಾನ ನೀಡಿದ್ದ ಭಾರತೀಯ ಸಂವಿಧಾನದ 370ನೆ ವಿಧಿ ರದ್ಧತಿಯಿಂದ ಕಣಿವೆ ಪ್ರಾಂತ್ಯದಲ್ಲಿ ಭಯೋತ್ಪಾದನೆ ನಿರ್ಮೂಲನೆಯಾಗಲಿದೆ ಎಂದು ಕೇಂದ್ರ ಗೃಹ ಸಚಿವ ಅಮಿತ್ ಶಾ ವಿಶ್ವಾಸ ವ್ಯಕ್ತಪಡಿಸಿದ್ದಾರೆ.,4,ಸಂವಿಧಾನದ ವಿಧಿ,Article
ವಿಧಿ,370ನೇ ವಿಧಿ ಹಾಗೂ ದೇಶದ ಇತರ ಕೆಲವು ರಾಜ್ಯಗಳಿಗೆ ಸಂವಿಧಾನದ ಕೆಲವು ಅಂಶಗಳಿಂದ ವಿನಾಯಿತಿ ನೀಡುವ 371ನೇ ವಿಧಿಯ ನಡುವೆ ವ್ಯತ್ಯಾಸ ಇಲ್ಲ ಎಂದು ಹಲವರು ಹೇಳಿದ್ದಾರೆ.,4,ಸಂವಿಧಾನದ ವಿಧಿ,Article
ವಿಧಿ,ಚುನಾವಣಾ ಆಯೋಗ ಸಂವಿಧಾನದ 14 ಮತ್ತು 21ನೇ ವಿಧಿ ಉಲ್ಲಂಘನೆ ಮಾಡಿದೆ.,4,ಸಂವಿಧಾನದ ವಿಧಿ,Article
ವಿಧಿ,"ಶ್ರೀನಗರ: ಕಣಿವೆ ರಾಜ್ಯ ಜಮ್ಮು- ಕಾಶ್ಮೀರಕ್ಕೆ ವಿಶೇಷ ಸ್ಥಾನಮಾನ ಒದಗಿಸುತ್ತಿದ್ದ ಸಂವಿಧಾನದ 370ನೇ ವಿಧಿ ರದ್ದು ಗೊಂಡ ನಂತರ ಮುಂಚೂಣಿಯಲ್ಲಿದ್ದ ರಾಜಕೀಯ ಕುಟುಂಬಗಳು ಇದೀಗ ಅಸ್ತಿತ್ವಕೊಂಡಂತಾಗಿದ್ದು, ಮತ್ತೆ ಅಸ್ವಿತ್ವ ಪಡೆಯುವ ನಿಟ್ಟಿನಲ್ಲಿ ಹೆಣಗಾಡುತ್ತಿವೆ.",4,ಸಂವಿಧಾನದ ವಿಧಿ,Article
ವಿಧಿ,35ಎ ಬಗ್ಗೆಗಿನ ಪ್ರಮುಖ ಅಂಶ1954ರಲ್ಲಿ ಅಂಗೀಕರಿಸಲ್ಪಟ್ಟ ಸಂವಿಧಾನದ 35 ಎ ವಿಧಿ ಜಮ್ಮು ಮತ್ತು ಕಾಶ್ಮೀರದ ಶಾಸಕಾಂಗಕ್ಕೆ ರಾಜ್ಯದ ನಿವಾಸಿಗಳು ಯಾರು ಎಂಬುದನ್ನು ನಿರ್ಧರಿಸಲು ಹಾಗೂ ಅವರಿಗೆ ವಿಶೇಷ ಹಕ್ಕುಗಳು ಮತ್ತು ಸವಲತ್ತು ನೀಡಲು ಅಧಿಕಾರ ನೀಡುತ್ತದೆ.,4,ಸಂವಿಧಾನದ ವಿಧಿ,Article
ವಿಧಿ,"ಜಮ್ಮು ಕಾಶ್ಮೀರಕ್ಕೆ ವಿಶೇಷ ಸ್ಥಾನಮಾನ ಕಲ್ಪಿಸುವ ಸಂವಿಧಾನದ 370ನೇ ವಿಧಿ ರದ್ದುಗೊಳಿಸುವುದು, ದೇಶದಲ್ಲಿ ಏಕರೂಪ ನಾಗರಿಕ ಸಂಹಿತೆ ಜಾರಿಗೆ ತರುವುದು, ರಾಮಜನ್ಮಭೂಮಿ ವಿವಾದದ ಬಗ್ಗೆ ಜನಸಂಘದ ಮುಖಂಡರು ಆರಂಭದ ದಿನಗಳಿಂದಲೂ ಮಾತನಾಡುತ್ತಿದ್ದರು.",4,ಸಂವಿಧಾನದ ವಿಧಿ,Article
ವಿಧಿ,"ಸಂವಿಧಾನವನ್ನು ಆ ರಾಜ್ಯದ ಮಟ್ಟಿಗೆ ರಾಷ್ಟ್ರಪತಿಯವರು ಬದಲಿಸಿ, ಬದಲಿಸಿದ ಸಂವಿಧಾನವನ್ನು ಜಮ್ಮು ಮತ್ತು ಕಾಶ್ಮೀರಕ್ಕೆ ಮಾತ್ರ ಅನ್ವಯಿಸಬಹುದು ಎಂದೂ ಈ ವಿಧಿ ಹೇಳಿತ್ತು.",4,ಸಂವಿಧಾನದ ವಿಧಿ,Article
ವಿಧಿ,"ಮತ್ತೊಂದು ಪ್ರಮುಖ ವಿಷಯವೆಂದರೆ ಧಾರ್ಮಿಕ ಸ್ವಾತಂತ್ರ್ಯ, ಶಿಕ್ಷಣ, ಸಾಂಸ್ಕೃತಿಕ ಹಕ್ಕುಗಳ ರಕ್ಷಣೆಗೆ ಸಂಬಂಧಪಟ್ಟ ಸಂವಿಧಾನದ ವಿಧಿ 25ರಿಂದ 30ರಲ್ಲಿ ತನ್ನದೆ ಆದ ವಿಶಿಷ್ಟ ಭಾಷೆ, ಲಿಪಿ ಅಥವಾ ಸಂಸ್ಕೃತಿಯನ್ನು ಹೊಂದಿರುವ ಪ್ರತಿಯೊಂದು ಗುಂಪಿಗೂ ಆ ವಿಶಿಷ್ಟತೆಯನ್ನು ಉಳಿಸಿಕೊಳ್ಳುವ ಹಕ್ಕು ಇದೆ ಎಂದು ಸ್ಪಷ್ಟಪಡಿಸಲಾಗಿದೆ.",4,ಸಂವಿಧಾನದ ವಿಧಿ,Article
ವಿಧಿ,"ಕೇಂದ್ರ ಸರಕಾರ ಜಮ್ಮು ಕಾಶ್ಮೀರಕ್ಕೆ ಇದ್ದ ವಿಶೇಷ ಸ್ಥಾನಮಾನವನ್ನು ಹಿಂಪಡೆದು, ಸಂವಿಧಾನದ ವಿಧಿ 370ನ್ನು ರದ್ದುಗೊಳಿಸಿದೆ.",4,ಸಂವಿಧಾನದ ವಿಧಿ,Article
ವಿಧಿ,"(ಪಿಟಿಐ)- ಭಾರತೀಯ ಸಂವಿಧಾನದ 370ನೇ ವಿಧಿ ರದ್ದತಿ ನಂತರ ಉದ್ವಿಗ್ನ ಸ್ಥಿತಿ ತಲೆದೋರಿರುವ ಜಮ್ಮು ಮತ್ತು ಕಾಶ್ಮೀರ ಪ್ರಾಂತ್ಯ ಸಹಜ ಸ್ಥಿತಿಗೆ ಮರುಳುತ್ತಿರುವ ಸಂದರ್ಭದಲ್ಲೇ ಶಾಂತಿ ಕದಡಲು ಪಾಕಿಸ್ತಾನಿ ಬೆಂಬಲಿತ ಉಗ್ರಗಾಮಿ ಸಂಘಟನೆಗಳು ಯತ್ನಿಸುತ್ತಾ, ಕಣಿವೆ ಪ್ರದೇಶದಲ್ಲಿ ಭಯಭೀತ ವಾತಾವರಣ ಸೃಷ್ಟಿಸುತ್ತಿದೆ.",4,ಸಂವಿಧಾನದ ವಿಧಿ,Article
ವಿಧಿ,ದಿನದಲ್ಲಿ ಸಂಪುಟ ರಚನೆಯಾಗದಿದ್ದರೆ ರಾಜ್ಯಪಾಲರು ಸಂವಿಧಾನದ 163ನೇ ವಿಧಿ ಪ್ರಕಾರ ಸರ್ಕಾರವನ್ನು ವಜಾಗೊಳಿಸಬೇಕು ಎಂದು ಕಾಂಗ್ರೆಸ್‌ ನಾಯಕ ವಿ.,4,ಸಂವಿಧಾನದ ವಿಧಿ,Article
ವಿಧಿ,"ಸಂವಿಧಾನದ 370 ಮತ್ತು 35 ಎ ವಿಧಿಗಳನ್ನು ರದ್ದುಗೊಳಿಸಿದ್ದು ಐತಿಹಾಸಿಕ ನಿರ್ಧಾರವಾಗಿತ್ತು ಎಂದು ನಿಯೋಗವನ್ನು ಭೇಟಿಯಾದ ಬಳಿಕ ಹೇಳಿದ ಪ್ರಧಾನಿ ಕಚೇರಿಯ ಸಹಾಯಕ ಸಚಿವ ಜಿತೇಂದ್ರ ಸಿಂಗ್ ಅವರು, ಸಾಮಾನ್ಯ ಅಭಿಪ್ರಾಯಕ್ಕೆ ವಿರುದ್ಧವಾಗಿ ವಿಧಿ 370 ರ ನೆಪದಲ್ಲಿ ರಾಜ್ಯವು ಅತ್ಯಂತ ಶೋಷಣೆಗೊಳಗಾಗಿತ್ತು ಎಂದರು.",4,ಸಂವಿಧಾನದ ವಿಧಿ,Article
ವಿಧಿ,ಕಾಶ್ಮೀರಕ್ಕೆ ವಿಧಿ 370ನ್ನು ನೀಡಿ ಸಂವಿಧಾನದಲ್ಲಿ ಸ್ಥಾನ ನೀಡಿದಾಗ ಬೇರೆ ರಾಜಾಡಳಿತದಿಂದ ಭಾರತದೊಂದಿಗೆ ಏಕೀಕರಣ ವಾದ ರಾಜ್ಯಗಳಿಗೆ ಯಾಕೆ ಈ ಸ್ಥಾನಮಾನ ನೀಡಲಿಲ್ಲ ಎಂದು ನೆಹರು ಆಪ್ತ ಗೋಪಾಲಸ್ವಾಮಿ ಅಯ್ಯಂಗಾರ್​ ವಿವರಿಸಿದ್ದರು.,4,ಸಂವಿಧಾನದ ವಿಧಿ,Article
ವಿಧಿ,17- ಕಾಶ್ಮೀರಕ್ಕೆ ವಿಶೇಷ ಸ್ಥಾನಮಾನ ನೀಡಿದ್ದ ಭಾರತೀಯ ಸಂವಿಧಾನದ 370ನೇ ವಿಧಿ ರದ್ಧತಿ ವಿರುದ್ಧ ವಿಶ್ವಸಂಸ್ಥೆಗೆ ಮೊರೆ ಹೋಗಿದ್ದ ಪಾಕಿಸ್ತಾನಕ್ಕೆ ಭಾರೀ ಮುಖಭಂಗವಾದ ಬೆನ್ನಲ್ಲೆ ಇಸ್ಲಾಮಾಬಾದ್‍ಗೆ ಭಾರತ ಇದೇ ವಿಚಾರವಾಗಿ ತಿರುಗೇಟು ನೀಡಿ ಬಿಸಿ ಮುಟ್ಟಿಸಿದೆ.,4,ಸಂವಿಧಾನದ ವಿಧಿ,Article
ವಿಧಿ,ಕಾಶ್ಮೀರಕ್ಕೆ ವಿಶೇಷಾಧಿಕಾರ ಕಲ್ಪಿಸುತ್ತಿದ್ದ ಸಂವಿಧಾನ ವಿಧಿ ೩೭೦ ರದ್ದು ಗೊಳಿಸಿದ ಹಿಂದಿನ ದಿನ ಆಗಸ್ಟ್ ೪ ರಿಂದ ಕಾಶ್ಮೀರದಲ್ಲಿ ಇಂಟರ್ನೆಟ್ ಮತ್ತು ದೂರವಾಣಿ ಸೇವೆಗಳನ್ನು ಸ್ಥಗಿತಗೊಳಿಸಲಾಗಿತ್ತು.,4,ಸಂವಿಧಾನದ ವಿಧಿ,Article
ವಿಧಿ,ಆದರೆ ಸಂವಿಧಾನದ ವಿಧಿ 19(1) (ಎ)ದಲ್ಲಿಯೇ ಅದು ಅಡಕವಾಗಿದೆ ಎಂಬುದನ್ನು ಸಂವಿಧಾನ ರಚನಾ ಸಭೆಯಲ್ಲಿನ ಚರ್ಚೆಗಳಲ್ಲಿ ಮತ್ತು ಉನ್ನತ ಕೋರ್ಟ್‌ಗಳ ಹಲವಾರು ತೀರ್ಪುಗಳಲ್ಲಿ ವ್ಯಾಖ್ಯಾನಿಸಲಾಗಿದೆ.,4,ಸಂವಿಧಾನದ ವಿಧಿ,Article
ವಿಧಿ,"ಸಂವಿಧಾನದ 244 ವಿಧಿ ರೆಡ್ ವಿದ್ 6 ಮತ್ತು 8 ನೇ ಶೆಡ್ಯೂಲ್ ಪ್ರಕಾರ ಕೊಡವ ಲ್ಯಾಂಡ್ ಸ್ವಾಯತ್ತತೆ ರಚನೆಯಾಗಬೇಕು ಮತ್ತು ಆಂತರಿಕ ರಾಜಕೀಯ ಸ್ವಯಂ ನಿರ್ಣಯ ಹಕ್ಕು ದೊರಕಬೇಕು, ಸಂವಿಧಾನದ 2ಮತ್ತು 3 ನೇ ವಿಧಿ ಪ್ರಕಾರ ಕೊಡವ ಲ್ಯಾಂಡ್ ಕೇಂದ್ರಾಡಳಿತ ಪ್ರದೇಶ ರಚಿಸಬೇಕು, ಕೊಡವ ಕ್ಷಾತ್ರ ಬುಡಕಟ್ಟು ಜನಾಂಗವನ್ನು ಸಂವಿಧಾನದ 340-342 ವಿಧಿಯಂತೆ ಶೆಡ್ಯೂಲ್ ಪಟ್ಟಿಗೆ ಸೇರಿಸಬೇಕು, ಸಂವಿಧಾನ ಪರಮಾರ್ಶೆ ಆಯೋಗದ ಶಿಫಾರಸ್ಸಿನಂತೆ ಸಂವಿಧಾನದ 371 ನೇ ವಿಧಿ ಪ್ರಕಾರ ಕೊಡಗು ಅಭಿವೃದ್ಧಿ ಮಂಡಳಿ ರಚನೆ, ಕೊಡವ ತಕ್ಕನ್ನು ಸಂವಿಧಾನದ 8ನೇ ಶೆಡ್ಯೂಲ್‍ಗೆ ಸೇರಿಸಬೇಕೆಂದು ನಾಚಪ್ಪ ಆಗ್ರಹಿಸಿದರು.",4,ಸಂವಿಧಾನದ ವಿಧಿ,Article
ವಿಧಿ,ಸಂವಿಧಾನದ 26ನೇ ವಿಧಿ ಪ್ರಕಾರ ಧಾರ್ಮಿಕ ವಿಚಾರಗಳಲ್ಲಿ ತನ್ನದೇ ನಿರ್ಣಯ ಕೈಗೊಳ್ಳುವುದು ಟ್ರಸ್ಟ್ ನ ಮೂಲಭೂತ ಹಕ್ಕಾಗಿರುತ್ತದೆ.,4,ಸಂವಿಧಾನದ ವಿಧಿ,Article
ವಿಧಿ,ಕಾಶ್ಮೀರಕ್ಕೆ ವಿಶೇಷ ಸ್ಥಾನಮಾನ ಕಲ್ಪಿಸಿದ್ದ ಸಂವಿಧಾನದ 370 ಹಾಗೂ 35ಎ ವಿಧಿ ರದ್ದುಪಡಿಸಿದ ಬಗ್ಗೆ ಇಲ್ಲಿನ ಗಾಯತ್ರಿ ಕಲ್ಯಾಣ ಮಂಟಪದಲ್ಲಿ ಬಿಜೆಪಿ ಭಾನುವಾರ ಏರ್ಪಡಿಸಿದ್ದ ಒಂದು ದೇಶ ಒಂದು ಸಂವಿಧಾನ ರಾಷ್ಟ್ರೀಯ ಐಕ್ಯತಾ ಅಭಿಯಾನದಲ್ಲಿ ಅವರು ಮಾತನಾಡಿದರು.,4,ಸಂವಿಧಾನದ ವಿಧಿ,Article
ವಿಧಿ,"-ಸಂವಿಧಾನ ವಿಧಿ 370 ಮತ್ತು 35ಎಯನ್ನು ರದ್ದುಪಡಿಸುವ ಮೂಲಕ ಸರ್ಕಾರ ಕೇವಲ ಐತಿಹಾಸಿಕ ನಿರ್ಧಾರ ತೆಗೆದುಕೊಂಡಿರುವುದು ಮಾತ್ರವಲ್ಲದೆ ಜಮ್ಮು,ಕಾಶ್ಮೀರ ಮತ್ತು ಲಡಾಕ್ ಬೆಳವಣಿಗೆಗೆ ಸಮಾನ ಅವಕಾಶವನ್ನು ಕೇಂದ್ರ ಸರ್ಕಾರ ನೀಡಿದಂತಾಗಿದೆ.",4,ಸಂವಿಧಾನದ ವಿಧಿ,Article
ವಿಧಿ,"* ಸಂವಿಧಾನದ 15ನೇ ವಿಧಿ (ಲಿಂಗಾಧಾರಿತ ತಾರತಮ್ಯ), 14ನೇ ವಿಧಿ (ಸಮಾನತೆ), 19ನೇ ವಿಧಿಯ (ಸ್ವಾತಂತ್ರ್ಯ) ಉಲ್ಲಂಘನೆ",4,ಸಂವಿಧಾನದ ವಿಧಿ,Article
ವಿಧಿ,"(ಪಿಟಿಐ)- ಜಮ್ಮು ಮತ್ತು ಕಾಶ್ಮೀರಕ್ಕೆ ವಿಶೇಷ ಸ್ಥಾನಮಾನ ನೀಡಿದ್ದ ಭಾರತೀಯ ಸಂವಿಧಾನದ 370ನೇ ವಿಧಿ ರದ್ದತಿ ನಂತರ ಆ ಪ್ರಾಂತ್ಯದಲ್ಲಿ ನೆಲೆಸಿದ್ದ ಬಿಗುವಿನ ಪರಿಸ್ಥಿತಿ ತಿಳಿಗೊಂಡಿದ್ದು, ಜನಜೀವನ ಸಹಜ ಸ್ಥಿತಿಯತ್ತ ಮರುಳುತ್ತಿದೆ.",4,ಸಂವಿಧಾನದ ವಿಧಿ,Article
ವಿಧಿ,"ಸಂವಿಧಾನದ 311ನೇ ವಿಧಿ ಅನ್ವಯ ಶರ್ಮಾ ವಿರುದ್ಧ ದೂರು ದಾಖಲಿಸಿದ್ದ ಮಹರಾಷ್ಟ್ರ ಸರ್ಕಾರ, ಇಲಾಖೆ ಅಧೀನದಲ್ಲಿ ಹಲವು ತನಿಖೆಗಳನ್ನೂ ನಡೆಸಿತ್ತು.",4,ಸಂವಿಧಾನದ ವಿಧಿ,Article
ವಿಧಿ,"ದೆಹಲಿಯ ಜನರು ನಿಮಗೆ ಈಗಾಗಲೇ ಮತ ಹಾಕಿದ್ದು, ಅದರ ನೆರವಿನಿಂದ ನೀವು ಸಂವಿಧಾನದ 370ನೇ ವಿಧಿ ರದ್ದತಿ ಮತ್ತು ರಾಮಮಂದಿರ ನಿರ್ಮಾಣದ ಕಾನೂನು ಜಾರಿಗೆ ತಂದಿರಿ.",4,ಸಂವಿಧಾನದ ವಿಧಿ,Article
ವಿಧಿ,ಎರಡು ಕಡೆಯ ವಾದವನ್ನು ಅಲಿಸಿದ ನ್ಯಾಯಾಲಯ ಶಾಸಕರ ಅನರ್ಹತೆ ಬಗ್ಗೆ ಉಲ್ಲೇಖಿಸಲಾಗಿರುವ ಸಂವಿಧಾನದ 190 ವಿಧಿ ಮತ್ತು ಶಾಸಕರ ವಿರುದ್ಧ ಕ್ರಮಕೈಗೊಳ್ಳಲು ಇರುವ 361ನೇ ವಿಧಿಯ ಬಗ್ಗೆ ಇಲ್ಲಿ ಹಲವು ಪ್ರಶ್ನೆಗಳು ಎದ್ದಿದೆ.,4,ಸಂವಿಧಾನದ ವಿಧಿ,Article
ಸೀಮೆ,ಶಿವಾಜಿ ಮಹಾರಾಜರ ಪರಾಕ್ರಮದಿಂದಾಗಿ ಸ್ವರಾಜ್ಯದ ಸೀಮೆ ವಿಸ್ತರಿಸತೊಡಗಿತು.,1,"ಗಡಿ, ಸರಹದ್ದು",territory
ಸೀಮೆ,"ನಮ್ಮ ನಾಡಿನ ಬಯಲು ಸೀಮೆ ನೆಲದ ಕಲೆಯಾದ ಇದು, ಇಂದು ಎಲ್ಲೆಡೆ ಪ್ರದರ್ಶನ ಗೊಳ್ಳುತ್ತಾ, ಹೆಚ್ಚು ಜನಪ್ರಿಯಗೊಳ್ಳುತ್ತಿದೆ.",1,"ಗಡಿ, ಸರಹದ್ದು",territory
ಸೀಮೆ,ಬಯಲು ಸೀಮೆ ಕಡೆ ಒಂದು ಕೊಳವೆಬಾವಿ ಹಾಕಿಸಿದರೆ ಸಾವಿರ ಮತಗಳಿಗೆ ಮೋಸ ಇಲ್ಲ.,1,"ಗಡಿ, ಸರಹದ್ದು",territory
ಸೀಮೆ,ಸರ್ಕಾರ ಬಯಲು ಸೀಮೆ ಜಿಲ್ಲೆಗಳಿಗೆ ನೀರು ಕೊಡದೆ ಹಲವಾರು ರೈತ ಕುಟುಂಬಗಳು ಆತ್ಮಹತ್ಯೆ ಮಾಡಿಕೊಂಡಿವೆ.,1,"ಗಡಿ, ಸರಹದ್ದು",territory
ಸೀಮೆ,ಇದ್ಯಾವ ಸೀಮೆ ಜನ ಇವರು ಎಂದಿದ್ದಾರೆ.,1,"ಗಡಿ, ಸರಹದ್ದು",territory
ಸೀಮೆ,ಇದುವರೆಗೂ 684 ಸೀಮೆ ಹಸುಗಳನ್ನು ಶಾಸಕರು ದಾನ ಮಾಡಿದ್ದಾರೆ ಪ್ರಶಂಸಿಸಿದರು.,1,"ಗಡಿ, ಸರಹದ್ದು",territory
ಸೀಮೆ,ಅಗಲದ ಅಂಚುಳ್ಳ ಪೇಟ್ ಸೀಮೆ ಸುಣ್ಣದ ತುಂಡು (ಛಿಚಿಟಞ) ಈ ವಿದಾವದ ಮೂಲಕ ನಿಮ್ಮ ಮನೆಂುುಲ್ಲಿ ಜೇನನ್ನು ಬಹಳಷ್ಟು ಕಾಲ ಇರುವೆಗಳು ಬರದಂತೆ ಸಂರಕ್ಷಿಸಬಹುದು.,1,"ಗಡಿ, ಸರಹದ್ದು",territory
ಸೀಮೆ,"ಮಲೆನಾಡು, ಕರಾವಳಿ, ಬಯಲು ಸೀಮೆ ಹೀಗೆ ಮೂರು ವಿಧದ ಪ್ರದೇಶಗಳನ್ನೂ ತನ್ನ ಒಡಲಿನಲ್ಲಿಟ್ಟುಕೊಂಡಿರುವ ಉತ್ತರ ಕನ್ನಡ ಜಿಲ್ಲೆಯ ದಾಂಡೇಲಿ, ಕಾಳಿ ನದಿಯ ದಡದಲ್ಲಿರುವ ಚಿಕ್ಕ ನಗರ.",1,"ಗಡಿ, ಸರಹದ್ದು",territory
ಸೀಮೆ,ಸಿಡಿಲಿಗೆ ಸೀಮೆ ಹಸುವಿನ ಕರು ಸಜೀವ ದಹನ,1,"ಗಡಿ, ಸರಹದ್ದು",territory
ಸೀಮೆ,ಅದುವಾನಿ ಸೀಮೆ ನೋಡಿ ಬಂದೆತ್ತಯ್ಯ,1,"ಗಡಿ, ಸರಹದ್ದು",territory
ಸೀಮೆ,ಸ್ಕೀಮ್ ನಲ್ಲಿ ನೀರನ್ನು ಹರಿಸಿದ್ದರೆ ಬಯಲು ಸೀಮೆ ಪ್ರದೇಶಗಳ ನೀರಿನ ಸಮಸ್ಯೆ ಬಗೆಹರಿಯುತ್ತಿತ್ತು ಎಂದರು.,1,"ಗಡಿ, ಸರಹದ್ದು",territory
ಸೀಮೆ,"ಭೌಗೋಳಿಕವಾಗಿ ಮಲೆನಾಡು, ಅರೆ ಮಲೆನಾಡು ಹಾಗೂ ಬಯಲು ಸೀಮೆ ಪ್ರದೇಶಗಳನ್ನು ಒಳಗೊಂಡಿರುವ ಹಾಸನ ಜಿಲ್ಲೆಯ ರಾಜಕೀಯ ಬಹುತೇಕ ಬಂಡಾಯ ಪ್ರವೃತ್ತಿಯಿಂದ ಕೂಡಿದೆ ಎಂದರೆ ತಪ್ಪಾಗಲಾರದು.",1,"ಗಡಿ, ಸರಹದ್ದು",territory
ಸೀಮೆ,ಇದರಿಂದ ಸಂತುಷ್ಠನಾದ ಬಾದಷಾಹನು ಅವರಿಗೆ ಖೋಟಾ ಸೀಮೆ ನಾಡಗೌಡಕಿ ಮತ್ತು ದೇಸಾಯಿ ಬಿರುದನ್ನು ನೀಡಿದ್ದಲ್ಲದೆ ಪಲ್ಕನ್‌ಮೊರಡಿ (ದೇವದುರ್ಗ ತಾಲೂಕು)ಯನ್ನು ಉಂಬಳಿಯಾಗಿ ಬಿಟ್ಟುಕೊಟ್ಟನು.,1,"ಗಡಿ, ಸರಹದ್ದು",territory
ಸೀಮೆ,"ಆನವಟ್ಟಿ, ಕುಪ್ಪಗಡ್ಡೆ ಹೋಬಳಿ ಅರೆ ಬಯಲು ಸೀಮೆ ಪ್ರದೇಶವಾಗಿದ್ದು, ಮಳೆಯ ಪ್ರಮಾಣ ಪ್ರತಿ ವರ್ಷ ಕಡಿಮೆ ಆಗುತ್ತದೆ.",1,"ಗಡಿ, ಸರಹದ್ದು",territory
ಸೀಮೆ,ವಹಾರಿಗಳ ಕೇರಿಯ ಸೀಮೆ ||,1,"ಗಡಿ, ಸರಹದ್ದು",territory
ಸೀಮೆ,ಕರ್ನಾಟಕ ರಾಜ್ಯದ ಉತ್ತರ ಭಾಗದಲ್ಲಿ ಹಾಗು ಬೆಂಗಳೂರಿನ ವಾಯವ್ಯ ದಿಕ್ಕಿನಲ್ಲಿ ನೆಲೆಸಿರುವ ಬಯಲು ಸೀಮೆ ಪ್ರದೇಶವಾದ ಬಿಜಾಪುರ ಜಿಲ್ಲೆಯು ಅದ್ಭುತ ಸ್ಮಾರಕಗಳುಳ್ಳ ಒಂದು ಐತಿಹಾಸಿಕ ಪ್ರಸಿದ್ಧ ಕ್ಷೇತ್ರವಾಗಿದೆ.,1,"ಗಡಿ, ಸರಹದ್ದು",territory
ಸೀಮೆ,ಈ ಒಪ್ಪಂದದಲ್ಲಿ ಸೇರಿದ ತುಂಡರಸುಗಳು ವಿಜಯನಗರದ ಅರಸ ಕೃಷ್ಣದೇವರಾಯನ ಸಾರ್ವಭೌಮತೆಯನ್ನು ಒಪ್ಪಿಕೊಂಡದ್ದು ಮತ್ತು ಸೀಮೆ ದೇವಸ್ಥಾನಗಳನ್ನು ರಾಜಕೀಯ ವರ‍್ಚಸ್ಸಿಗೆ ಸೇರಿಸಿಕೊಂಡದ್ದು ಈ ಶಾಸನದಲ್ಲಿ ಗಮನಿಸಬೇಕಾದ ಸಂಗತಿಗಳು.,1,"ಗಡಿ, ಸರಹದ್ದು",territory
ಸೀಮೆ,ವಾರಣಾಸಿಯ ಸೀಮೆ ಗಡಿಗೆ |,1,"ಗಡಿ, ಸರಹದ್ದು",territory
ಸೀಮೆ,ಅವರು ಸೀಮೆ ದಾಟುತ್ತಿದ್ದಾರೆ.,1,"ಗಡಿ, ಸರಹದ್ದು",territory
ಸೀಮೆ,ಇವರ ಊರು ಕರಾ­ವ­ಳಿ­ಯಾ­ದರೂ ಮೆಲ್ಲಿ­ಫೆರಾ ತಳಿಗೆ ಬಯಲು ಸೀಮೆ ಪ್ರಶಸ್ತ ಸ್ಥಳ.,1,"ಗಡಿ, ಸರಹದ್ದು",territory
ಸೀಮೆ,ಮಹಾನವಮಿಯಂದು ಸೀಮೆ ಕಟ್ಟಲಿಕ್ಕೆ ಹೋದ ತಾಯಿ ಅಂದರೆ ದೇವರೇಸಿ ಹುಣ್ಣಿಮೆಯ ಮನ್ನಾದಿನ ಗೌಡನ ತೋಟಕ್ಕೆ ಬರುತ್ತಾಳೆ.,1,"ಗಡಿ, ಸರಹದ್ದು",territory
ಸೀಮೆ,ನಾನ್ ಯಾವ ಸೀಮೆ ಯೋಗಿ ಎಂದು ತಮ್ಮ ಟಿಪಿಕಲ್ ಶೈಲಿಯಲ್ಲಿ ನಕ್ಕಿದ್ದರು.,1,"ಗಡಿ, ಸರಹದ್ದು",territory
ಸೀಮೆ,ಯಾವಲ್ಲಿ ರಾಮನ ಸೀಮೆ ಹೊಲಬನೆ ಕಂಡು | ಹೊಕ್ಕು ಹಿಡಿಯಲು ದನ ಕುರಿಯ || ೧೨೭ ||,1,"ಗಡಿ, ಸರಹದ್ದು",territory
ಸೀಮೆ,ಶಿಡ್ಲಘಟ್ಟ: ಬಯಲು ಸೀಮೆ ಜಿಲ್ಲೆಗಳಿಗೆ ಎತ್ತಿನಹೊಳೆ ಯೋಜನೆಯಿಂದ ನೀರು ಬರುತ್ತದೆ ಎಂದು ಹೇಳಿಕೊಳ್ಳುತ್ತಿರುವ ರಾಜಕಾರಣಿಗಳು ಜನರ ದಿಕ್ಕು ತಪ್ಪಿಸುತ್ತಿದ್ದಾರೆ ಎಂದು ಕರ್ನಾಟಕ ರಾಜ್ಯ ರೈತ ಸಂಘದ (ಪುಟ್ಟಣ್ಣಯ್ಯ ಬಣ) ಅಧ್ಯಕ್ಷ ಎಸ್.,1,"ಗಡಿ, ಸರಹದ್ದು",territory
ಸೀಮೆ,ಬಯಲು ಸೀಮೆ ಗೌಡನ,1,"ಗಡಿ, ಸರಹದ್ದು",territory
ಸೀಮೆ,"ಅವೈದಿಕ ಚಿಂತನಧಾರೆಯ, ಅನುಭಾವ ಲೋಕದ ದೈತ್ಯ ಪ್ರತಿಭೆ ಕಡಕೋಳ ಮಡಿವಾಳಪ್ಪನವರ ಚಿಂತನೆಯಲ್ಲಿರುವ ಅನನ್ಯತೆ ಈ ಯಡ್ರಾಮಿ ಸೀಮೆ ಕಥನಗಳು ಕೃತಿಯಲ್ಲಿ ಅಡಗಿದೆ.",1,"ಗಡಿ, ಸರಹದ್ದು",territory
ಸೀಮೆ,"ಹಾಗೆಯೇ ಹಳ್ಳಿಗಳ ಸಮೂಹವಾದ ಮಾಗಣೆಗೆ ಮಾಗಣೆ ದೈವವೂ, ಮಾಗಣೆ ಭೂತಸ್ಥಾನವೂ, ಮಾಗಣೆಗಳ ಸಮೂಹಕ್ಕೆ ಸೀಮೆ ಭೂತವೂ ಸೀಮೆ ಭೂತಾಲಯವೂ ಇದೆ.",1,"ಗಡಿ, ಸರಹದ್ದು",territory
ಸೀಮೆ,ಕಳೆದ 25 ವರ್ಷಗಳಲ್ಲಿ ಆಡಳಿತ ನಡೆಸಿದ ಮುಖ್ಯಮಂತ್ರಿಗಳ ಪೈಕಿ ಬಯಲು ಸೀಮೆ ಜಿಲ್ಲೆಗಳಿಗೆ ಏನಾದರೂ ಕೊಡುಗೆ ಕೊಟ್ಟವರು ಇದ್ದರೆ ಅದು ಸಿದ್ದರಾಮಯ್ಯ ಅವರು.,1,"ಗಡಿ, ಸರಹದ್ದು",territory
ಸೀಮೆ,ಬಯಲು ಸೀಮೆ ಕಟ್ಟೆ ಪುರಾಣ ಎಂಬ ಅಂಕಣ ಬರುತ್ತಿತ್ತು.,1,"ಗಡಿ, ಸರಹದ್ದು",territory
ಸೀಮೆ,"ಸ್ವತಃ ವಕೀಲರೂ ಆಗಿರುವ ರಾಜಕಾರಣಿಗಳು ಮಾತಾಡುವುದು ನೋಡಿದರೆ, ಯಾವ ಸೀಮೆ ಫೂಟ್‌ ಲಾಯರ್‌ ಆಗಿದ್ದರೋ , ಅಲ್ಲಿ ಏಗಲಾರದೆ ರಾಜಕೀಯಕ್ಕೆ ಬಂದರೋ ಎಂಬ ಸಂಶಯ ಬರುತ್ತದೆ.",1,"ಗಡಿ, ಸರಹದ್ದು",territory
ಸೀಮೆ,ಯಾವ ಸೀಮೆ ಮೂಗಯ್ಯಾ ಇದು~ ಎಂದರು.,1,"ಗಡಿ, ಸರಹದ್ದು",territory
ಸೀಮೆ,"ಅಲ್ಲದೇ ಅಂತ್ಯೋದಯ ಅನ್ನ ಯೋಜನೆ ಮತ್ತು ಬಿಪಿಎಲ್ ಪಡಿತರ ಚೀಟಿಗಳಿಗೆ ನೀಡುವ ಉಚಿತ ಅಕ್ಕಿ ಪ್ರಮಾಣ ಹಾಗೂ ನಿಯಮಾನುಸಾರ ವಿತರಿಸುವ ಬೇಳೆ, ಇನ್ನಿತರ ಧಾನ್ಯ, ಸೀಮೆ ಎಣ್ಣೆಯ ನಿಗದಿತ ದರದ ಫಲಕ ಅಳವಡಿಸಬೇಕು.",1,"ಗಡಿ, ಸರಹದ್ದು",territory
ಸೀಮೆ,"ಬೆಂಗಳೂರು, ಜನವರಿ 24: ಬಯಲು ಸೀಮೆ ಜನರ ಸಂಕಷ್ಟಕ್ಕೆ ಸ್ಪಂದಿಸುವ ನಿಟ್ಟಿನಲ್ಲಿ ವಾಟಾಳ್ ನಾಗರಾಜ್ ಅವರು ಮತ್ತೊಮ್ಮೆ ಬಂದ್ ಗೆ ಕರೆ ನೀಡಿದ್ದಾರೆ.",1,"ಗಡಿ, ಸರಹದ್ದು",territory
ಸೀಮೆ,"ಪ್ರಸ್ತುತ ನಗರದಲ್ಲಿ ಮನೆ ಮಾಡಿರುವ ಬಿಸಿಲ ವಾತಾವರಣ ಬಯಲು ಸೀಮೆ ಪ್ರದೇಶಗಳ ಅನುಭವ ಉಂಟು ಮಾಡುತ್ತಿದ್ದು, ಬಿಸಿಲ ಝಳಕ್ಕೆ ನಾಗರಿಕರು ಏದುಸಿರು ಬಿಡುವಂತಾಗಿದೆ.",1,"ಗಡಿ, ಸರಹದ್ದು",territory
ಸೀಮೆ,ಮಧುಗಿರಿ ತಾಲ್ಲೂಕು ಕೊಡಿಗೇನಹಳ್ಳಿ ಹೋಬಳಿ ಅತ್ಯಂತ ಹಿಂದುಳಿದ ಹಾಗೂ ಬಯಲು ಸೀಮೆ ಪ್ರದೇಶವಾಗಿದೆ.,1,"ಗಡಿ, ಸರಹದ್ದು",territory
ಸೀಮೆ,"ಹಳ್ಳಿಗಾಡಿನಲ್ಲಿ ದುಡಿಯುವ ಎತ್ತುಗಳ ಸಂಖ್ಯೆ ಕುಸಿದಿದ್ದರೂ, ಸೀಮೆ ಹಸುಗಳ ಸಂಖ್ಯೆ ಬೆಳೆದಿದೆ.",1,"ಗಡಿ, ಸರಹದ್ದು",territory
ಸೀಮೆ,"ವಿಜಯಪುರ: ಬಯಲು ಸೀಮೆ ಭಾಗಗಳ ರೈತರು, ನೀರಾವರಿ ತಜ್ಞ ಡಾ.",1,"ಗಡಿ, ಸರಹದ್ದು",territory
ಸೀಮೆ,ಒಬ್ಬ ಲೇಖಕನಿಗೆ ಸೀಮೆ ಎಂಬುದಿಲ್ಲ.,1,"ಗಡಿ, ಸರಹದ್ದು",territory
ಸೀಮೆ,ಹಾಗಾಗಿ ಬಯಲು ಸೀಮೆ ನೀರಿನ ಹೋಾಟಕ್ಕಾಗಿ 12ರಂದು ನಡೆಯಲಿರುವ ಬಂದ್‌ಗೆ ಬೆಂಬಲಿಸಬೇಕೆಂದು ಅವರು ಮನವಿ ಮಾಡಿದರು.,1,"ಗಡಿ, ಸರಹದ್ದು",territory
ಸೀಮೆ,"ಬಯಲು ಸೀಮೆ ಮತ್ತು ಮಲೆನಾಡುಗಳನ್ನು ತೌಲನಿಕವಾಗಿ ನೋಡಿದಾಗ, ಭೌಗೋಳಿಕವಾಗಿ ಬಹಳಷ್ಟು ವ್ಯತ್ಯಾಸ ಕಂಡು ಬರುತ್ತವೆ.",2,"ವ್ಯತ್ಯಾಸ, ಭೇದ",Difference
ಸೀಮೆ,ಹೋರಾಟಗಾರ ನಾರಾಯಣಗೌಡರ ಬಿಚ್ಚುಮಾತುಗಳು(ಭಾಗ-3)ಇವರೆಲ್ಲರೂ ಯಾವ ಸೀಮೆ ಜ್ಞಾನಪೀಠಿಗಳು?,2,"ವ್ಯತ್ಯಾಸ, ಭೇದ",Difference
ಸೀಮೆ,ಯಾವುದೇ ಸೀಮೆ ಇಲ್ಲದೇ ಮನುಷ್ಯತ್ವ ಇರುವ,2,"ವ್ಯತ್ಯಾಸ, ಭೇದ",Difference
ಸೀಮೆ,ಕೆಲವರು ಸೀಮೆ ಹಸುಗಳ ಮೇವಿಗಾಗಿ ಹನಿನೀರಾವರಿ ಪದ್ಧತಿಯಲ್ಲಿ ಜೋಳ ಬೆಳೆದಿದ್ದಾರೆ.,2,"ವ್ಯತ್ಯಾಸ, ಭೇದ",Difference
ಸೀಮೆ,ಸೀಮೆ ತೋರಿಸಿದರೆ ಸಾಕು || ||೧೦೧||,2,"ವ್ಯತ್ಯಾಸ, ಭೇದ",Difference
ಸೀಮೆ,"ಸೀಮೆ ಹಸುಗಳ ಸಂಖ್ಯೆ ಶೇ 32ರಷ್ಟು ಹೆಚ್ಚಳವಾಗಿದ್ದು, ದೇಸಿ ಹಸುಗಳ ಸಂಖ್ಯೆ ಶೇ 20ರಷ್ಟು ಕಡಿಮೆಯಾಗಿದೆ",2,"ವ್ಯತ್ಯಾಸ, ಭೇದ",Difference
ಸೀಮೆ,ಇದ್ಯಾವ ಸೀಮೆ ನ್ಯಾಯ ಸ್ವಾಮಿ?,2,"ವ್ಯತ್ಯಾಸ, ಭೇದ",Difference
ಸೀಮೆ,ಕನಸುಗಳಿಗೆ ಸೀಮೆ ಇಲ್ಲ.,2,"ವ್ಯತ್ಯಾಸ, ಭೇದ",Difference
ಸೀಮೆ,"ಹೀಗಾಗಿ ಜಮೀನುಗಳಿಗೆ ಭೇಟಿ ನೀಡಿದ ರಾಜ್ಯ ಮಾಲಿನ್ಯ ನಿಯಂತ್ರಣ ಮಂಡಳಿ ಹಾಗೂ ಕೋಚಿಮುಲ್‌ ಅಧಿಕಾರಿಗಳನ್ನು ಭೇಟಿಯಾದ ರೈತರು, ಕೋಚಿಮುಲ್‌ನಿಂದ ಹರಿದು ಬರುತ್ತಿರುವ ತ್ಯಾಜ್ಯ ನೀರು ಬಳಸಿಕೊಂಡು ರಾಗಿ, ಸೀಮೆ ಹುಲ್ಲು, ಹಿಪ್ಪು ನೇರಳೆ, ಜೋಳ ಬೆಳೆಯುತ್ತಿದ್ದೇವೆ.",2,"ವ್ಯತ್ಯಾಸ, ಭೇದ",Difference
ಸೀಮೆ,ಮಾದೇವಿಗೆ ನವಿಲಿನ ಕುಣಿತದಿಂದ ನಿಸ್ಸೀಮದ ಸೀಮೆ ಗೋಚರಿಸಿತು.,2,"ವ್ಯತ್ಯಾಸ, ಭೇದ",Difference
ಸೀಮೆ,ಯಾವ ಸೀಮೆ ಪೈಪೋಟಿ?,2,"ವ್ಯತ್ಯಾಸ, ಭೇದ",Difference
ಹೃದಯ,Home ಕನ್ನಡ ವಾರ್ತೆಗಳು ಅಂತರಾಷ್ಟ್ರೀಯ ನೀವು ಹುಡುಗಿ ಹೃದಯ ಗೆಲ್ಲೋದು ಸುಲಭ!,1,"ದಯೆ, ಕರುಣೆ",Kindness
ಹೃದಯ,13- ನಿನ್ನೆ ತಡರಾತ್ರಿ ದೊಂಬಿಯಿಂದ ಬೆಚ್ಚಿಬಿದ್ದಿದ್ದ ಬೆಳಗಾವಿ ನಗರದ ಹೃದಯ ಭಾಗ ಈಗ ಯಥಾಸ್ಥಿತಿಗೆ ಮರಳಿದ್ದು ಪೊಲೀಸ್ ಬಂದೋಬಸ್ತ್ ಮುಂದುವರೆದಿದೆ.,1,"ದಯೆ, ಕರುಣೆ",Kindness
ಹೃದಯ,ಮೊದಲ ಸಿನಿಮಾದಲ್ಲಿ ತಮ್ಮ ಲುಕ್ ಮತ್ತು ನಟನೆ ಮೂಲಕ ಹೈದರಾಬಾದ್ ಹೈದರ ಹೃದಯ ಕದಿದ್ದ ಕನ್ನಡಕದ ಹುಡುಗಿ ಸಾನ್ವಿ ಈಗ ದೊಡ್ಡ ಅವಕಾಶ ಪಡೆದಿದ್ದಾರೆ.,1,"ದಯೆ, ಕರುಣೆ",Kindness
ಹೃದಯ,ನೀವು ಹುಡುಗಿ ಹೃದಯ ಗೆಲ್ಲೋದು ಸುಲಭ!,1,"ದಯೆ, ಕರುಣೆ",Kindness
ಹೃದಯ,"ನಮ್ಮ ಹೃದಯ ಕಿತ್ತರೂ ಅಮಿತ್ ಶಾ, ಪ್ರಧಾನಿ ನರೇಂದ್ರ ಮೋದಿ ಕಾಣ್ತಾರೆ.",1,"ದಯೆ, ಕರುಣೆ",Kindness
ಹೃದಯ,ಒಂದು ಸಲ ನಿನ್ನ ನಗು ನೋಡಬೇಕೆಂದು ಹೃದಯ ಹಂಬಲಿಸಿದೆ.,1,"ದಯೆ, ಕರುಣೆ",Kindness
ಹೃದಯ,ಇದರ ಜತೆಗೆ ಜಮ್ಮು ಮತ್ತು ಕಾಶ್ಮೀರದ ಜನರ ಹೃದಯ ಗೆಲ್ಲುವ ಪ್ರಯತ್ನವನ್ನೂ ಮಾಡಲಾಗುತ್ತಿದೆ.,1,"ದಯೆ, ಕರುಣೆ",Kindness
ಹೃದಯ,ಹೃದಯ ಭಾರವಾಗಿದೆ,1,"ದಯೆ, ಕರುಣೆ",Kindness
ಹೃದಯ,ಅದೇ ಸಮಯದಲ್ಲಿ ಮಾನವನ ಹೃದಯ ಸಾಮಾನ್ಯವಾಗಿ ವಿಚಿತ್ರವಾಗಿದೆ ಎಂದು ಅವನು ತೀರ್ಮಾನಿಸುತ್ತಾನೆ.,1,"ದಯೆ, ಕರುಣೆ",Kindness
ಹೃದಯ,ಹುಡುಗಿಯರ ಹೃದಯ ಗೆಲ್ಲುವುದು ಹೇಗೆಂಬ ಬಗ್ಗೆ ಕೋರ್ಸ್ ಜರ್ಮನಿಯಲ್ಲಿ ಹೊಸದಾಗಿ ಮಾಡಿದ್ದಾರೆಂದು ಸುದ್ದಿ.,1,"ದಯೆ, ಕರುಣೆ",Kindness
ಹೃದಯ,ಹೃದಯ ತಂಪಾಗಿರಲು ಈ ಪ್ರೀತಿ ಬೇಕು.,1,"ದಯೆ, ಕರುಣೆ",Kindness
ಹೃದಯ,ಹಿಂದಿನ ಸಾಕಾರ ಹೋಲಿಸಿದರೆ ಈ ವಿಧದ ಹೆಚ್ಚು ಸರಾಗವಾಗಿ ಹೃದಯ ಚಲಿಸುತ್ತವೆ ರಲ್ಲಿ.,1,"ದಯೆ, ಕರುಣೆ",Kindness
ಹೃದಯ,ತಮ್ಮ ಮನಸ್ಸಿನ ಭಾವನೆಗಳನ್ನು ಹೃದಯ ಕಲಕುವ ಘಟನೆಗಳನ್ನು ಹಂಚಿಕೊಳ್ಳಬೇಕು ಎನ್ನುವವರಿಗೆ ಈ ಕಾರ್ಯಕ್ರಮ ಮುಕ್ತ ವೇದಿಕೆ ಇದ್ದಂತೆ.,1,"ದಯೆ, ಕರುಣೆ",Kindness
ಹೃದಯ,ಕೃಷ್ಣಾ ಭಾಗದಲ್ಲಿ ಪ್ರಾಮಾಣಿಕ ಜನರಿದ್ದರೆ ಭೀಮಾ ಭಾಗದ ಜನರು ಹೃದಯ ಶ್ರೀಮಂತಿಕೆಯವರಿದ್ದಾರೆ ಎಂದರು.,1,"ದಯೆ, ಕರುಣೆ",Kindness
ಹೃದಯ,ಶ್ರೀಪಲಿಮಾರುಶ್ರೀಗಳು ಮುಗ್ದ ಹೃದಯ ಯತಿಯಾಗಿದ್ದಾರೆ.,1,"ದಯೆ, ಕರುಣೆ",Kindness
ಹೃದಯ,ಈ ಪ್ರವಾಸ ಹೃದಯ ವಿಜ್ಞಾನ ಒಂದು ಕೃತಿ.,1,"ದಯೆ, ಕರುಣೆ",Kindness
ಹೃದಯ,ಗೋವಿನ ಹಾಡಿನ ಕವಿ ಹೃದಯ ಪರಿವರ್ತಕ ಎಂಬುದನ್ನಾಗಲೇ ಹೇಳಿದ್ದೇನೆ.,1,"ದಯೆ, ಕರುಣೆ",Kindness
ಹೃದಯ,ಅಷ್ಟೇ ಅವರ ಹೃದಯ ಮೃದುವಾಗಿತ್ತು.,1,"ದಯೆ, ಕರುಣೆ",Kindness
ಹೃದಯ,ಮರುಗಿದ ಹೃದಯ,1,"ದಯೆ, ಕರುಣೆ",Kindness
ಹೃದಯ,ಮಾತ್ರ ಹೃದಯ ವಿರೋಧಿಸಲು ಸಾಧ್ಯವಿಲ್ಲ ಒಮ್ಮೆ.,1,"ದಯೆ, ಕರುಣೆ",Kindness
ಹೃದಯ,ಪ್ರೀತಿಯಿಂದ ಮಾತ್ರ ಜನರ ಹೃದಯ ಗೆಲ್ಲಲು ಸಾಧ್ಯ.,1,"ದಯೆ, ಕರುಣೆ",Kindness
ಹೃದಯ,"ಹೆತ್ತವರನ್ನು ಕಂಡ ಕರಳು ಬಳ್ಳಿಗಳು ಕಂಬನಿ ಮಿಡಿದ ಸ್ಪರ್ಧಿಗಳು, ನಿನ್ನೆ ಬಿಗ್ ಬಾಸ್ ನೋಡಿದವರ ಹೃದಯ ತಾಕುವಂತಿದ್ದವು.",1,"ದಯೆ, ಕರುಣೆ",Kindness
ಹೃದಯ,ಈ ಅನುಭವ ಬಹಳ ಹೃದಯ ಸ್ಪರ್ಶಿಯಾಗಿತ್ತು ಎಂದು ಅವರು ಹೇಳುತ್ತಾರೆ.,1,"ದಯೆ, ಕರುಣೆ",Kindness
ಹೃದಯ,ಕಾರ್ಯಪ್ಪ ಅವರಿಗೆ ಹೃದಯ ಸ್ಪರ್ಶಿ ನಮನ,1,"ದಯೆ, ಕರುಣೆ",Kindness
ಹೃದಯ,ಕಷ್ಟದ ಮನಸ್ಸಿಗೆ ನಿಮ್ಮ ಹೃದಯ ವಿಶಾಲತೆ ತೋರುತ್ತದೆ.,1,"ದಯೆ, ಕರುಣೆ",Kindness
ಹೃದಯ,ಅವರ ಹೃದಯ ಪ್ರತಿಕ್ರಿಯಾಶೀಲರಾಗಿರುತ್ತಾರೆ ಮತ್ತು ರೀತಿ.,1,"ದಯೆ, ಕರುಣೆ",Kindness
ಹೃದಯ,"ಕೋಟ್ಯಂತರ ಅಭಿಮಾನಿಗಳ ಹೃದಯ ಗೆದ್ದಿರೋ ಮಾಹಿ, ಕ್ಯಾಪ್ಟನ್​ ಕೂಲ್ ಅಂತಾನೇ ಫೇಮಸ್​.",1,"ದಯೆ, ಕರುಣೆ",Kindness
ಹೃದಯ,ಛೇಧಿಸಿ ಹೃದಯ ಕೋಟೆ.,1,"ದಯೆ, ಕರುಣೆ",Kindness
ಹೃದಯ,ಮನುಷ್ಯನ ಹೃದಯ ಹೃದಯಗಳನ್ನು ಬೆಸೆಯುವ ಕಾರ್ಯವಾಗಲಿ: ಶ್ರೀಗಳು,1,"ದಯೆ, ಕರುಣೆ",Kindness
ಹೃದಯ,ಹೃದಯ ಒದೆ ತಿಂದಂತಿತ್ತು,1,"ದಯೆ, ಕರುಣೆ",Kindness
ಹೃದಯ,ಮಸೀದಿ ಜೊತೆ ಹೃದಯ ಬೆಸೆಯಿರಿ-ಬೇಕಲ್ ಉಸ್ತಾದ್,1,"ದಯೆ, ಕರುಣೆ",Kindness
ಹೃದಯ,ಹೃದಯ ಕಮಲದಿ ಅಷ್ಟದಳದ ಮಧ್ಯದೊಳಿಪ್ಪ,1,"ದಯೆ, ಕರುಣೆ",Kindness
ಹೃದಯ,ಇತರರ ಕೊಲ್ಲೋ ಪಾಪಿಯ ಹೃದಯ,1,"ದಯೆ, ಕರುಣೆ",Kindness
ಹೃದಯ,"ಪ್ರತಿ ಹೃದಯ ಬಡಿತದಲ್ಲೂ, ಉಸಿರಲ್ಲೂ ಆವರಿಸಿಕೊಂಡಿರುವ ನಿನ್ನಿಂದ ಇಂದು ನಾನು ಮಾನಸಿಕ ರೋಗಿಯಾಗಿದ್ದೇನೆ.",1,"ದಯೆ, ಕರುಣೆ",Kindness
ಹೃದಯ,ಅವರ ಶಿಷ್ಯ ಬಗ್ಗೆ ಅವರ ಕಾಳಜಿ ಸಹಾಯ ಆದರೆ ಹೃದಯ ಪರಿಣಾಮ ಸಾಧ್ಯವಿಲ್ಲ.,1,"ದಯೆ, ಕರುಣೆ",Kindness
ಹೃದಯ,"ಅವರಲ್ಲಿರುವ ಜ್ಞಾನ, ವಿಭಿನ್ನ ದೃಷ್ಟಿಕೋನ, ಆತ್ಮೀಯತೆ, ಹೃದಯ ವಿಶಾಲತೆಯ ಗುಣ ಕಂಡು ಬೆರಗಾಗಿದ್ದೆ.",1,"ದಯೆ, ಕರುಣೆ",Kindness
ಹೃದಯ,ಒಂದೇ ಪ್ರೀತಿ ಒಂದೇ ಹೃದಯ ಭಾರತಕ್ಕಾಗಿ ಎಂದು ಬರೆದುಕೊಂಡಿದ್ದಾರೆ.,1,"ದಯೆ, ಕರುಣೆ",Kindness
ಹೃದಯ,"ಅವರ ಪ್ರಣಯ ಕನಸುಗಳು, ಅವರು ಪ್ರೀತಿಯ ಹೃದಯ ಲಾಡ್ಜ್ ಯತ್ನಿಸುತ್ತದೆ.",1,"ದಯೆ, ಕರುಣೆ",Kindness
ಹೃದಯ,ಅದರ ಹೃದಯ ಬಡಿತದ ಲಯಗಳು ಮತ್ತು ಡ್ರೈವಿಂಗ್ ಮಧುರ ನಿಜವಾದ ಸ್ಪೂರ್ತಿದಾಯಕವಾಗಿದೆ.,1,"ದಯೆ, ಕರುಣೆ",Kindness
ಹೃದಯ,ಎಷ್ಟೇ ಉದ್ಯಾನಗಳಿದ್ದರೂ ನಗರದ ಹೃದಯ ಭಾಗದಲ್ಲಿರುವ ಸಾಂಸ್ಕೃತಿಕ ಸಮುಚ್ಚಯಕ್ಕೆ ವಾಯುವಿಹಾರಕ್ಕೆ ಬರುವು ದೆಂದರೆ ಅನೇಕರಿಗೆ ಎಲ್ಲಿಲ್ಲದ ಸಂತಸ.,1,"ದಯೆ, ಕರುಣೆ",Kindness
ಹೃದಯ,ಮಯೋಕಾರ್ಡಿಟಿಸ್ ಎಂಬುದು ಹೃದಯ ಸ್ನಾಯುವಿನ ಮೇಲೆ ಪರಿಣಾಮ ಬೀರುವ ಉರಿಯೂತದ ರೋಗವಾಗಿದೆ.,2,ದೇಹದ ಮಲಿನ ರಕ್ತವನ್ನು ಶುದ್ಧಗೊಳಿಸಿ ಅಂಗಾಂಗಳಿಗೆ ಶುದ್ಧರಕ್ತವನ್ನು ಒದಗಿಸುವ ರಕ್ತಕೋಶ,Heart
ಹೃದಯ,ಮತ್ತು ಈ ಹೃದಯ ಅಥವಾ ರಕ್ತನಾಳಗಳ ಅಸ್ವಸ್ಥತೆಗಳ ಒಂದು ಲಕ್ಷಣ.,2,ದೇಹದ ಮಲಿನ ರಕ್ತವನ್ನು ಶುದ್ಧಗೊಳಿಸಿ ಅಂಗಾಂಗಳಿಗೆ ಶುದ್ಧರಕ್ತವನ್ನು ಒದಗಿಸುವ ರಕ್ತಕೋಶ,Heart
ಹೃದಯ,"ಬೆಂಗಳೂರು: ಮಾಜಿ ಮುಖ್ಯಮಂತ್ರಿ, ಜೆಡಿಎಸ್ ನಾಯಕ ಎಚ್ ಡಿ ಕುಮಾರಸ್ವಾಮಿ ಸೆಪ್ಟೆಂಬರ್ 23 ರಂದು ಹೃದಯ ಶಸ್ತ್ರಚಿಕಿತ್ಸೆಗೊಳಗಾಗಲಿದ್ದಾರೆ.",2,ದೇಹದ ಮಲಿನ ರಕ್ತವನ್ನು ಶುದ್ಧಗೊಳಿಸಿ ಅಂಗಾಂಗಳಿಗೆ ಶುದ್ಧರಕ್ತವನ್ನು ಒದಗಿಸುವ ರಕ್ತಕೋಶ,Heart
ಹೃದಯ,ನಿಂಗಪ್ಪ ಹೃದಯ ಸಂಬಂಧಿ ಕಾಯಿಲೆಯಿಂದ ಬಳಲುತ್ತಿದ್ದರು.,2,ದೇಹದ ಮಲಿನ ರಕ್ತವನ್ನು ಶುದ್ಧಗೊಳಿಸಿ ಅಂಗಾಂಗಳಿಗೆ ಶುದ್ಧರಕ್ತವನ್ನು ಒದಗಿಸುವ ರಕ್ತಕೋಶ,Heart
ಹೃದಯ,ನಿಕೋಟಿನ್ ಹೃದಯ ಬಡಿತವನ್ನು ಹೆಚ್ಚಿಸುತ್ತದೆ ಮತ್ತು ರಕ್ತದ ಒತ್ತಡವನ್ನು ಹೆಚ್ಚಿಸುತ್ತದೆ.,2,ದೇಹದ ಮಲಿನ ರಕ್ತವನ್ನು ಶುದ್ಧಗೊಳಿಸಿ ಅಂಗಾಂಗಳಿಗೆ ಶುದ್ಧರಕ್ತವನ್ನು ಒದಗಿಸುವ ರಕ್ತಕೋಶ,Heart
ಹೃದಯ,"ಸಾವಿಗೆ ಕಾರಣ, ಆರಂಭಿಕ ಹೆಸರಿಡಲಾಗಿದೆ - ಒಂದು ಹೃದಯ ದೋಷದ.",2,ದೇಹದ ಮಲಿನ ರಕ್ತವನ್ನು ಶುದ್ಧಗೊಳಿಸಿ ಅಂಗಾಂಗಳಿಗೆ ಶುದ್ಧರಕ್ತವನ್ನು ಒದಗಿಸುವ ರಕ್ತಕೋಶ,Heart
ಹೃದಯ,ಕಾರ್ಡಿಯೊಮಿಯೊಪತಿ- ಹೃದಯ ಸ್ನಾಯುವಿನ ರೋಗ,2,ದೇಹದ ಮಲಿನ ರಕ್ತವನ್ನು ಶುದ್ಧಗೊಳಿಸಿ ಅಂಗಾಂಗಳಿಗೆ ಶುದ್ಧರಕ್ತವನ್ನು ಒದಗಿಸುವ ರಕ್ತಕೋಶ,Heart
ಹೃದಯ,"ಪಿ, ಶುಗರ್ ಇರುವವರಿಗೆ, ಕೊಲೆಸ್ಟ್ರಾಲ್ ಜಾಸ್ತಿ ಇರುವವರಿಗೆ, ಹೃದಯ ಸಮಸ್ಯೆ, ವಯಸ್ಸಾದವರಿಗೆ ಸ್ಟ್ರೋಕ್ ರಿಸ್ಕ್ ಹೆಚ್ಚಿರುತ್ತೆ.",2,ದೇಹದ ಮಲಿನ ರಕ್ತವನ್ನು ಶುದ್ಧಗೊಳಿಸಿ ಅಂಗಾಂಗಳಿಗೆ ಶುದ್ಧರಕ್ತವನ್ನು ಒದಗಿಸುವ ರಕ್ತಕೋಶ,Heart
ಹೃದಯ,ಹೃದಯ ಸ್ನಾಯುವಿನ ಜೀವಕೋಶಗಳಲ್ಲಿನ ಚಯಾಪಚಯ ಕ್ರಿಯೆಯ ಉಲ್ಲಂಘನೆ;,2,ದೇಹದ ಮಲಿನ ರಕ್ತವನ್ನು ಶುದ್ಧಗೊಳಿಸಿ ಅಂಗಾಂಗಳಿಗೆ ಶುದ್ಧರಕ್ತವನ್ನು ಒದಗಿಸುವ ರಕ್ತಕೋಶ,Heart
ಹೃದಯ,ಹೃದಯ ವಿವಿಧ ತೊಂದರೆಗಳು - ಅನೇಕ ಜನರಿಗೆ ಸಮಸ್ಯೆ.,2,ದೇಹದ ಮಲಿನ ರಕ್ತವನ್ನು ಶುದ್ಧಗೊಳಿಸಿ ಅಂಗಾಂಗಳಿಗೆ ಶುದ್ಧರಕ್ತವನ್ನು ಒದಗಿಸುವ ರಕ್ತಕೋಶ,Heart
ಹೃದಯ,"ಹೃದಯ ಹೃದಯ ಕಂಪನವು, ಹೃದಯ ಬಡಿತದ ಅಸಾಮಾನ್ಯ ಜಾಗೃತಿಯಾಗಿದ್ದು ಇದು ತೀರಾ ಸಾಮಾನ್ಯ ಲಕ್ಷಣವಾಗಿರುತ್ತದೆ.",2,ದೇಹದ ಮಲಿನ ರಕ್ತವನ್ನು ಶುದ್ಧಗೊಳಿಸಿ ಅಂಗಾಂಗಳಿಗೆ ಶುದ್ಧರಕ್ತವನ್ನು ಒದಗಿಸುವ ರಕ್ತಕೋಶ,Heart
ಹೃದಯ,ಕೆಲವೊಂದು ಸಮಯದಲ್ಲಿ ಹೃದಯ ಕೆಲಸ ಆರಂಭಿಸಿ ನಂತರ ಮೆದುಳೂ ಕೆಲಸ ಆರಂಭಿಸುತ್ತದೆ.,2,ದೇಹದ ಮಲಿನ ರಕ್ತವನ್ನು ಶುದ್ಧಗೊಳಿಸಿ ಅಂಗಾಂಗಳಿಗೆ ಶುದ್ಧರಕ್ತವನ್ನು ಒದಗಿಸುವ ರಕ್ತಕೋಶ,Heart
ಹೃದಯ,ಮತ್ತು ಮಾರಕ ಫಲಿತಾಂಶಕ್ಕೆ ಹೆಚ್ಚಾಗಿ ಹೃದಯ ಕಾಯಿಲೆಗೆ ಕಾರಣವಾಗುತ್ತದೆ.,2,ದೇಹದ ಮಲಿನ ರಕ್ತವನ್ನು ಶುದ್ಧಗೊಳಿಸಿ ಅಂಗಾಂಗಳಿಗೆ ಶುದ್ಧರಕ್ತವನ್ನು ಒದಗಿಸುವ ರಕ್ತಕೋಶ,Heart
ಹೃದಯ,ಹೆಚ್ಚಾಗಿ ಅವರು ಹೃದಯ ಕಾಯಿಲೆಯ ಬಗ್ಗೆ ಮಾತನಾಡುತ್ತಾರೆ.,2,ದೇಹದ ಮಲಿನ ರಕ್ತವನ್ನು ಶುದ್ಧಗೊಳಿಸಿ ಅಂಗಾಂಗಳಿಗೆ ಶುದ್ಧರಕ್ತವನ್ನು ಒದಗಿಸುವ ರಕ್ತಕೋಶ,Heart
ಹೃದಯ,ಹೃದಯ ಬಡಿತ ಮತ್ತು ಉಸಿರಾಟವು ನಿಧಾನವಾಗಿ ನಿಧಾನವಾಗಿ ಸಹಾಯ ಮಾಡುತ್ತದೆ,2,ದೇಹದ ಮಲಿನ ರಕ್ತವನ್ನು ಶುದ್ಧಗೊಳಿಸಿ ಅಂಗಾಂಗಳಿಗೆ ಶುದ್ಧರಕ್ತವನ್ನು ಒದಗಿಸುವ ರಕ್ತಕೋಶ,Heart
ಹೃದಯ,"ಇಂದು, ಹೃದಯ ರೋಗಗಳು ಒಂದು ದೊಡ್ಡ ಸಂಖ್ಯೆಯ ಇವೆ.",2,ದೇಹದ ಮಲಿನ ರಕ್ತವನ್ನು ಶುದ್ಧಗೊಳಿಸಿ ಅಂಗಾಂಗಳಿಗೆ ಶುದ್ಧರಕ್ತವನ್ನು ಒದಗಿಸುವ ರಕ್ತಕೋಶ,Heart
ಹೃದಯ,ಈ ರೋಗಲಕ್ಷಣಗಳು ಯಾವಾಗಲೂ ಹೃದಯ ರೋಗಲಕ್ಷಣಗಳನ್ನು ಸೇರಿಸಲಾಗುತ್ತದೆ.,2,ದೇಹದ ಮಲಿನ ರಕ್ತವನ್ನು ಶುದ್ಧಗೊಳಿಸಿ ಅಂಗಾಂಗಳಿಗೆ ಶುದ್ಧರಕ್ತವನ್ನು ಒದಗಿಸುವ ರಕ್ತಕೋಶ,Heart
ಹೃದಯ,"ಔಷಧ ಸ್ನಾಯುಗಳಲ್ಲಿ ಅನ್ಬೌಂಡ್ ರೂಪ, ಪಿತ್ತಜನಕಾಂಗ, ಮಿದುಳು, ನರ, ಹೃದಯ ಅಂಗಾಂಶ, ರಕ್ತ ಕಂಡುಬರುತ್ತದೆ.",2,ದೇಹದ ಮಲಿನ ರಕ್ತವನ್ನು ಶುದ್ಧಗೊಳಿಸಿ ಅಂಗಾಂಗಳಿಗೆ ಶುದ್ಧರಕ್ತವನ್ನು ಒದಗಿಸುವ ರಕ್ತಕೋಶ,Heart
ಹೃದಯ,ನಿಮ್ಮ ಶರೀರದಲ್ಲಿನ ಎಲೆಕ್ಟ್ರೋಲೈಟ್ ಸಮತೋಲನ ವ್ಯತ್ಯಯಗೊಂಡಿದ್ದರೆ ನಿಮ್ಮ ಹೃದಯ ಬಡಿತದ ದರ ಹೆಚ್ಚಾಗಬಹುದು.,2,ದೇಹದ ಮಲಿನ ರಕ್ತವನ್ನು ಶುದ್ಧಗೊಳಿಸಿ ಅಂಗಾಂಗಳಿಗೆ ಶುದ್ಧರಕ್ತವನ್ನು ಒದಗಿಸುವ ರಕ್ತಕೋಶ,Heart
ಹೃದಯ,ಹೃದಯ ಸಾರ್ಕೋಯಿಡೋಸಿಸ್ ಎಂದರೇನು?,2,ದೇಹದ ಮಲಿನ ರಕ್ತವನ್ನು ಶುದ್ಧಗೊಳಿಸಿ ಅಂಗಾಂಗಳಿಗೆ ಶುದ್ಧರಕ್ತವನ್ನು ಒದಗಿಸುವ ರಕ್ತಕೋಶ,Heart
ಹೃದಯ,ಆಯುರ್ವೇದ ಚಿಕಿತ್ಸಕರಾಗಿ ಹೃದಯ ಸಂಬಂಧಿ ರೋಗಗಳಿಗೆ ನೀಡಿದ ಚಿಕಿತ್ಸೆ.,2,ದೇಹದ ಮಲಿನ ರಕ್ತವನ್ನು ಶುದ್ಧಗೊಳಿಸಿ ಅಂಗಾಂಗಳಿಗೆ ಶುದ್ಧರಕ್ತವನ್ನು ಒದಗಿಸುವ ರಕ್ತಕೋಶ,Heart
ಹೃದಯ,ಹೃದಯ ವೈಫಲ್ಯವನ್ನು ತಡೆಗಟ್ಟುವುದು ಹೇಗೆ?,2,ದೇಹದ ಮಲಿನ ರಕ್ತವನ್ನು ಶುದ್ಧಗೊಳಿಸಿ ಅಂಗಾಂಗಳಿಗೆ ಶುದ್ಧರಕ್ತವನ್ನು ಒದಗಿಸುವ ರಕ್ತಕೋಶ,Heart
ಹೃದಯ,ಸೆಳೆತ ಹೃದಯ ಸ್ನಾಯುವಿನ ಭಾಗವನ್ನು ರಕ್ತದ ಪೂರೈಕೆಯಿಂದ ವಂಚಿತಗೊಳಿಸುತ್ತದೆ ಮತ್ತು ಆಂಜಿನಾ ಸಂಭವಿಸುತ್ತದೆ.,2,ದೇಹದ ಮಲಿನ ರಕ್ತವನ್ನು ಶುದ್ಧಗೊಳಿಸಿ ಅಂಗಾಂಗಳಿಗೆ ಶುದ್ಧರಕ್ತವನ್ನು ಒದಗಿಸುವ ರಕ್ತಕೋಶ,Heart
ಹೃದಯ,"ನಮ್ಮ ತಂದೆಗೆ ಹೃದಯ ಸಂಬಂಧಿ ಕಾಯಿಲೆಗಳಿದ್ದು, ಚಪಾತಿ ಬದಲಾಗಿ ಅನ್ನವನ್ನು ನೀಡಿ ಎಂದು ಪುತ್ರ ತೇಜಸ್ವಿ ಯಾದವ್ ಜೈಲಧಿಕಾರಿಗಳಿಗೆ ಮನವಿ ಮಾಡಿಕೊಂಡಿದ್ದಾರೆ.",2,ದೇಹದ ಮಲಿನ ರಕ್ತವನ್ನು ಶುದ್ಧಗೊಳಿಸಿ ಅಂಗಾಂಗಳಿಗೆ ಶುದ್ಧರಕ್ತವನ್ನು ಒದಗಿಸುವ ರಕ್ತಕೋಶ,Heart
ಹೃದಯ,ಜೊತೆಗೇ ಹೃದಯ ತೊಂದರೆ ಮತ್ತು ಕ್ಯಾನ್ಸರ್ (ಥೈರಾಯ್ಡ್ ಗ್ರಂಥಿಯ ಕ್ಯಾನ್ಸರ್) ಬರುವ ಸಾಧ್ಯತೆಯೂ ಹೆಚ್ಚು.,2,ದೇಹದ ಮಲಿನ ರಕ್ತವನ್ನು ಶುದ್ಧಗೊಳಿಸಿ ಅಂಗಾಂಗಳಿಗೆ ಶುದ್ಧರಕ್ತವನ್ನು ಒದಗಿಸುವ ರಕ್ತಕೋಶ,Heart
ಹೃದಯ,"ಹೃದಯ ಸ್ಕಾಟ್ ಒಂದು ಲಘು, ಚೆನ್ನಾಗಿದೆ ಹೊಂದಲು ಮತ್ತು ವಿಸ್ಕಿಯ ಮಿಶ್ರಣ ಮಾಡಲು ಎಲ್ಲರೂ ತಿಳಿದಿರುವ ಮೂರು ಅಲಿಖಿತ ನಿಯಮಗಳಿವೆ.",2,ದೇಹದ ಮಲಿನ ರಕ್ತವನ್ನು ಶುದ್ಧಗೊಳಿಸಿ ಅಂಗಾಂಗಳಿಗೆ ಶುದ್ಧರಕ್ತವನ್ನು ಒದಗಿಸುವ ರಕ್ತಕೋಶ,Heart
ಹೃದಯ,ಹೃದಯ ರೋಗದ ಪ್ರತಿರೋಧ ತರಬೇತಿ ಪಾತ್ರ.,2,ದೇಹದ ಮಲಿನ ರಕ್ತವನ್ನು ಶುದ್ಧಗೊಳಿಸಿ ಅಂಗಾಂಗಳಿಗೆ ಶುದ್ಧರಕ್ತವನ್ನು ಒದಗಿಸುವ ರಕ್ತಕೋಶ,Heart
ಹೃದಯ,ವಿಶ್ರಾಂತಿ ಹೃದಯ ಬಡಿತವು 90 ಬಿ.,2,ದೇಹದ ಮಲಿನ ರಕ್ತವನ್ನು ಶುದ್ಧಗೊಳಿಸಿ ಅಂಗಾಂಗಳಿಗೆ ಶುದ್ಧರಕ್ತವನ್ನು ಒದಗಿಸುವ ರಕ್ತಕೋಶ,Heart
ಹೃದಯ,ಚೆರ್ರಿಗಳು ಗಾಜಿನ ಒಂದು ದಿನ ಹೃದಯ ರೋಗದ ಅಪಾಯ ಮತ್ತು ಗೆಡ್ಡೆಗಳು ರಚನೆಗೆ ಕಡಿಮೆ.,2,ದೇಹದ ಮಲಿನ ರಕ್ತವನ್ನು ಶುದ್ಧಗೊಳಿಸಿ ಅಂಗಾಂಗಳಿಗೆ ಶುದ್ಧರಕ್ತವನ್ನು ಒದಗಿಸುವ ರಕ್ತಕೋಶ,Heart
ಹೃದಯ,ವಿದೇಶಿಗರಿಗೆ ಕಠಿಣ ಹೃದಯ ಚಿಕಿತ್ಸೆ ನಿಯಮ,2,ದೇಹದ ಮಲಿನ ರಕ್ತವನ್ನು ಶುದ್ಧಗೊಳಿಸಿ ಅಂಗಾಂಗಳಿಗೆ ಶುದ್ಧರಕ್ತವನ್ನು ಒದಗಿಸುವ ರಕ್ತಕೋಶ,Heart
ಹೃದಯ,"ಹೃದಯ ಮತ್ತು ರಕ್ತನಾಳಗಳ ಶರೀರ ವಿಶ್ಲೇಷಣೆ, ರಕ್ತ ಅವುಗಳನ್ನು ಪ್ರಕಟವಾಗುತ್ತದೆ ಅರ್ಥೈಸಿಕೊಳ್ಳಬೇಕು.",2,ದೇಹದ ಮಲಿನ ರಕ್ತವನ್ನು ಶುದ್ಧಗೊಳಿಸಿ ಅಂಗಾಂಗಳಿಗೆ ಶುದ್ಧರಕ್ತವನ್ನು ಒದಗಿಸುವ ರಕ್ತಕೋಶ,Heart
ಹೃದಯ,ಹೃದಯ ಸಂಬಂಧಿ ಕಾಯಿಲೆ ಹೆರಿಡಿಟಿ.,2,ದೇಹದ ಮಲಿನ ರಕ್ತವನ್ನು ಶುದ್ಧಗೊಳಿಸಿ ಅಂಗಾಂಗಳಿಗೆ ಶುದ್ಧರಕ್ತವನ್ನು ಒದಗಿಸುವ ರಕ್ತಕೋಶ,Heart
ಹೃದಯ,"ನೀವು ಹೃದಯಾಘಾತದಿಂದ ಕೂಡಿದ ಹೃದಯ ಸ್ನಾಯುವಿನ ರಕ್ತಸ್ರಾವದಿಂದ ಬಳಲುತ್ತಿದ್ದರೆ, ನಿಮ್ಮ ಹೃದಯಕ್ಕೆ ಸಾಕಷ್ಟು ಆಮ್ಲಜನಕ ಸಿಗುತ್ತಿಲ್ಲ.",2,ದೇಹದ ಮಲಿನ ರಕ್ತವನ್ನು ಶುದ್ಧಗೊಳಿಸಿ ಅಂಗಾಂಗಳಿಗೆ ಶುದ್ಧರಕ್ತವನ್ನು ಒದಗಿಸುವ ರಕ್ತಕೋಶ,Heart
ಹೃದಯ,"ಆದರೆ, ಇತ್ತೀಚಿನ ಅಧ್ಯಯನದ ಪ್ರಕಾರ ಹೃದಯ ಸಂಬಂಧಿ ಕಾಯಿಲೆಗಳೂ ಹೆಚ್ಚಾಗಲು ವಾಯುಮಾಲಿನ್ಯವೇ ಮುಖ್ಯ ಕಾರಣ ಎಂದು ಹೇಳಿದರು.",2,ದೇಹದ ಮಲಿನ ರಕ್ತವನ್ನು ಶುದ್ಧಗೊಳಿಸಿ ಅಂಗಾಂಗಳಿಗೆ ಶುದ್ಧರಕ್ತವನ್ನು ಒದಗಿಸುವ ರಕ್ತಕೋಶ,Heart
ಹೃದಯ,ಹೃದಯ ಹಾಗೂ ಹೃದಯ ನಾಳದಲ್ಲಿ ಉಂಟಾಗುವ ಕೆಲವು ಅಡೆ ತಡೆಗಳನ್ನು ನಿವಾರಿಸುವುದು.,2,ದೇಹದ ಮಲಿನ ರಕ್ತವನ್ನು ಶುದ್ಧಗೊಳಿಸಿ ಅಂಗಾಂಗಳಿಗೆ ಶುದ್ಧರಕ್ತವನ್ನು ಒದಗಿಸುವ ರಕ್ತಕೋಶ,Heart
ಹೃದಯ,ಇನ್ನು ಮೌಂಟ್ ಎಲಿಜಬೆತ್ ಆಸ್ಪತ್ರೆಗೆ ಬಗ್ಗೆ ಹೇಳಬೇಕೆಂದರೆ ಇದು ಕಿಡ್ನಿ ಮತ್ತು ಹೃದಯ ಕಸಿ ಚಿಕಿತ್ಸೆಗೆ ಹೆಸರುವಾಸಿಯಾಗಿದೆ.,2,ದೇಹದ ಮಲಿನ ರಕ್ತವನ್ನು ಶುದ್ಧಗೊಳಿಸಿ ಅಂಗಾಂಗಳಿಗೆ ಶುದ್ಧರಕ್ತವನ್ನು ಒದಗಿಸುವ ರಕ್ತಕೋಶ,Heart
ಹೃದಯ,"ವೈದ್ಯರು ಮತ್ತು ಪಶುವೈದ್ಯರು ತಮ್ಮ ರೋಗಿಗಳಿಂದ ನಿರ್ದಿಷ್ಟವಾಗಿ, ಉಸಿರಾಟ ಮತ್ತು ಹೃದಯ ಬಡಿತವನ್ನು ಸಂಗ್ರಹಿಸುವುದನ್ನು ವ್ಯಾಪಕವಾಗಿ ಬಳಸುತ್ತಾರೆ.",2,ದೇಹದ ಮಲಿನ ರಕ್ತವನ್ನು ಶುದ್ಧಗೊಳಿಸಿ ಅಂಗಾಂಗಳಿಗೆ ಶುದ್ಧರಕ್ತವನ್ನು ಒದಗಿಸುವ ರಕ್ತಕೋಶ,Heart
ಹೃದಯ,"ಡೈನಾಕ್ಸಿನ್, ವಿನೈಲ್ ಸೈಡಿಂಗ್ ಸುಟ್ಟುಹೋದಾಗ ಬಿಡುಗಡೆಯಾಗುತ್ತದೆ, ಇದು ಹೃದಯ ಕಾಯಿಲೆಯಿಂದ ಕ್ಯಾನ್ಸರ್ಗೆ ವ್ಯಾಪಕವಾದ ರೋಗಗಳ ಜೊತೆ ಸಂಬಂಧ ಹೊಂದಿದೆ.",2,ದೇಹದ ಮಲಿನ ರಕ್ತವನ್ನು ಶುದ್ಧಗೊಳಿಸಿ ಅಂಗಾಂಗಳಿಗೆ ಶುದ್ಧರಕ್ತವನ್ನು ಒದಗಿಸುವ ರಕ್ತಕೋಶ,Heart
ಹೃದಯ,"ಇದು ಏನು ಮತ್ತು ನೀವು ಒಂದು ಹೃದಯ ಲಯ ಅಡಚಣೆ ಹೊಂದಿದ್ದರೆ ನೀವು ಮಾಡಬೇಕು, ನೀವು ತಜ್ಞ ಹೇಳಲು ಉತ್ತಮ.",2,ದೇಹದ ಮಲಿನ ರಕ್ತವನ್ನು ಶುದ್ಧಗೊಳಿಸಿ ಅಂಗಾಂಗಳಿಗೆ ಶುದ್ಧರಕ್ತವನ್ನು ಒದಗಿಸುವ ರಕ್ತಕೋಶ,Heart
ಹೃದಯ,"ಆದಾಗ್ಯೂ, ಹೃದಯ ಅವಯವ ನಿರೂಪಿಸುವ ವಿಲಕ್ಷಣ ಲಕ್ಷಣಗಳು ಇವೆ.",2,ದೇಹದ ಮಲಿನ ರಕ್ತವನ್ನು ಶುದ್ಧಗೊಳಿಸಿ ಅಂಗಾಂಗಳಿಗೆ ಶುದ್ಧರಕ್ತವನ್ನು ಒದಗಿಸುವ ರಕ್ತಕೋಶ,Heart
ಹೊಳೆ,ಕಾಂಗ್ರೆಸ್-ಬಿಜೆಪಿ ಪಕ್ಷಗಳು ಉಪಚುನಾವಣೆಯಲ್ಲಿ ಒಳ ಒಪ್ಪಂದ ಮಾಡಿಕೊಂಡು ಹಣದ ಹೊಳೆ ಹರಿಸಿದ ಕಾರಣ ಜೆಡಿಎಸ್‌ ಪಕ್ಷಕ್ಕೆ ಸೋಲಾಗಿದೆ ಎಂದು ಎಚ್‌.,1,"ಕಾಂತಿ, ಹೊಳಪು",Shine
ಹೊಳೆ,ಆಷಾಢದ ಮೋಡದ ಹೊಳೆ ಮೇಲೆ ಹರಿಯುತಿದ್ದಿತು,1,"ಕಾಂತಿ, ಹೊಳಪು",Shine
ಹೊಳೆ,"ಓಹ್, ಎಂಥ ನಿರ್ಮಲವಾದ ಪರಿಶುದ್ಧವಾದ ಸೂರ್ಯನ ಕಿರಣಗಳಿಗೆ ಹೊಳೆ ಹೊಳೆಯುವ ಕನ್ನಡಿಯಂಥ ಸರಸ್ಸಾಗಿತ್ತು ಅದು.",1,"ಕಾಂತಿ, ಹೊಳಪು",Shine
ಹೊಳೆ,ಈ ಬಾರಿಯ ವಿಶೇಷವೆಂದರೆ ಇದೇ ಮೊದಲ ಬಾರಿಗೆ ಇಷ್ಟೊಂದು ಮಂದಿ ಹಾಸ್ಯ ಕಲಾಕಾರರನ್ನು ಕಲೆ ಹಾಕಿ ಇಡೀ ದಿನ ಹಾಸ್ಯದ ಹೊಳೆ ಹರಿಸಿದ್ದು.,1,"ಕಾಂತಿ, ಹೊಳಪು",Shine
ಹೊಳೆ,ಗೆಳೆಯರಿಬ್ಬರು ಬೌಂಡರಿ ಗೆರೆಯ ಹೊರಗಿದ್ದ ಕೋಚ್ ರಮಾಕಾಂತ್ ಆಚ್ರೇಕರ್ ಅವರ ಕಡೆ ತಲೆ ಹಾಕದೇ ಮೈದಾನದೊಳಗೆ ರನ್‌ಗಳ ಹೊಳೆ ಹರಿಸುತ್ತಾ ಸಾಗಿದ್ದನ್ನು ದಾಖಲಿಸಿದ ವ್ಯಕ್ತಿ ಮಾರ್ಕಸ್.,1,"ಕಾಂತಿ, ಹೊಳಪು",Shine
ಹೊಳೆ,ಗಣಿಗಾರಿಕೆಯಿಂದ ಜಿಲ್ಲೆಯಲ್ಲಿ ಹಣದ ಹೊಳೆ ಹರಿದಿತ್ತು.,1,"ಕಾಂತಿ, ಹೊಳಪು",Shine
ಹೊಳೆ,ನನ್ನ ಬದುಕಿನ ಹೊಳೆ ಕನ್ನಡ ಸಾಹಿತ್ಯದ ನವೋದಯದ ನದಿಗೆ ಬಹಳ ದೂರದಲ್ಲಿಯೆ ಹರಿಯುತ್ತಿತ್ತು.,1,"ಕಾಂತಿ, ಹೊಳಪು",Shine
ಹೊಳೆ,ನಿತ್ಯ ಹಸಿರು ನೋಡುವವರ ಮನಸ್ಸು ಸದಾ ಪ್ರಸನ್ನವಾಗಿರುವುದರ ಜೊತೆಗೆ ಅವರ ಕಣ್ಣುಗಳು ಆರೋಗ್ಯವಾಗಿದ್ದು ಫಳಾ ಫಳಾ~ ಹೊಳೆ ಯುತ್ತಿರುತ್ತವೆ.,1,"ಕಾಂತಿ, ಹೊಳಪು",Shine
ಹೊಳೆ,ಒಂದೊಮ್ಮೆ ಅವರು ಹಿಂದಿನ ಲಯದಲ್ಲಿ ಆಡಿದ್ದೇ ಆದರೆ ವಾಂಖೆಡೆ ಕ್ರೀಡಾಂಗಣದಲ್ಲಿ ರನ್ ಹೊಳೆ ಹರಿಯುವುದು ಸುಳ್ಳಲ್ಲ.,1,"ಕಾಂತಿ, ಹೊಳಪು",Shine
ಹೊಳೆ,ಪರಿಶುದ್ಧ ಮನಸ್ಸು ಸದಾಚಾರತೆಯನ್ನು ಮೈಗೂಡಿಸಿಕೊಂಡು ಬಾಳಿದ ವ್ಯಕ್ತಿ ಅವರ ಕಾವ್ಯಗಳು ಕನ್ನಡ ಕಾವ್ಯಲೋಕಕ್ಕೆ ಒಂದು ಮಿಂಚಿನ ಹೊಳೆ ಹರಿಸಿವೆ.,1,"ಕಾಂತಿ, ಹೊಳಪು",Shine
ಹೊಳೆ,"ಹೊಳೆ ಹೊಳೆಯುವ ಕಣ್ಣುಗಳು, ಪುಟ್ಟ ಮೂಗು, ಹಾಲಿನ ಕೆನೆಯಂತಹ ಮೆತ್ತಗಿರುವ ಕೆನ್ನೆ, ಹಣೆಯಲ್ಲಿ ಮಿನುಗುವ ತಿಲಕ, ತುಟಿಯಲ್ಲಿ ಕುಲುಕುಲು ನಗೆ!",1,"ಕಾಂತಿ, ಹೊಳಪು",Shine
ಹೊಳೆ,ನನ್ನ ಮೊಬೈಲ್ ಲೈಟಲ್ಲೇ ಹೊಳೆ ಹುಡುಕ್ತಾ ನಾನು ಪಕ್ಯ ಹೆಜ್ಜೆ ಹಾಕಿದ್ವಿ.,1,"ಕಾಂತಿ, ಹೊಳಪು",Shine
ಹೊಳೆ,"ಎಲ್ಲಿ ಮುಗಿಲಲಿ ಮಿಂಚಿನೋಲ್ ಕಾವೇರಿ ಹೊಳೆ ಹೊಳೆ ಹೊಳೆವಳೋ,",1,"ಕಾಂತಿ, ಹೊಳಪು",Shine
ಹೊಳೆ,ಕರುನಾಡಲಿ ಹರಿಯಲಿ ಕಾಂಚಾಣದ ಹೊಳೆ,1,"ಕಾಂತಿ, ಹೊಳಪು",Shine
ಹೊಳೆ,ಹೊಳೆ ಹೊಳೆವ ಪಂಜರದಲಿ,1,"ಕಾಂತಿ, ಹೊಳಪು",Shine
ಹೊಳೆ,"ಕಾಗೆ ಕಣ್ಣು ಇರುವೆ ಬಲ, ಹೊಳೆ ಬದಿಯ ಬೆಳಗು",1,"ಕಾಂತಿ, ಹೊಳಪು",Shine
ಹೊಳೆ,"ಒಟ್ಟಾರೆ, ಅಸ್ಸಾಂನಲ್ಲಿ ಹಣದ ಹೊಳೆ ಹರಿದಿದ್ದು ದೊಡ್ಡ ಸುದ್ದಿಯಾಗಿದೆ.",1,"ಕಾಂತಿ, ಹೊಳಪು",Shine
ಹೊಳೆ,"ಹರಿಯುತಿದೆ ಹೊಳೆಯಲ್ಲಿ ಹೊಳೆ ಹೊಳೆವ ಚಿನ್ನದ ನೀರು,",1,"ಕಾಂತಿ, ಹೊಳಪು",Shine
ಹೊಳೆ,ಚಂದ್ರನ ಬೆಳಕಿನಲ್ಲಿ ಹೊಳೆ ಪಳಪಳನೆ ಹೊಳೆಯಿತು.,1,"ಕಾಂತಿ, ಹೊಳಪು",Shine
ಹೊಳೆ,ಮಗುವಿನ ಕಿಲ ಕಿಲ ನಗುವಿನಿಂದ ಕುಟುಂಬದಲ್ಲೂ ಆನಂದದ ಹೊಳೆ ಹರಿದಿತ್ತು.,1,"ಕಾಂತಿ, ಹೊಳಪು",Shine
ಹೊಳೆ,ಮೋಳೆ: ಸಮಸ್ಯೆಗಳ ಹೊಳೆ,1,"ಕಾಂತಿ, ಹೊಳಪು",Shine
ಹೊಳೆ,"ಇನ್ನು ಚೆಂಡು ಹೂ, ಹೊಳೆ ದಾಸವಾಳ, ಗುಲ್‌ಮೊಹರ್ ಇನ್ನಿತರ ಹೂವು ಬಳ್ಳಿಗಳು ಗಮನ ಸೆಳೆದವು.",1,"ಕಾಂತಿ, ಹೊಳಪು",Shine
ಹೊಳೆ,ಮಿತ್ತಲ್ ಖರೀದಿಸಿದ ಉಕ್ಕಿನ ಕಾರ್ಖಾನೆಗಳೆಲ್ಲ ಚಿನ್ನದ ಹೊಳೆ ಹರಿಸತೊಡಗಿದವು.,1,"ಕಾಂತಿ, ಹೊಳಪು",Shine
ಹೊಳೆ,"ಜೀಪ್ , ಲಗೇಜ್ ಆಟೋ ಜೇನಿನ ಹೊಳೆ ಒಳ್ಳಗೆ ಹೊರಟ್ಟಿತು.",1,"ಕಾಂತಿ, ಹೊಳಪು",Shine
ಹೊಳೆ,"ಮಣ್ಣ, ಕಲ್ಲು, ಹೊಳೆ ಎಲ್ಲದಕ್ಕೂ ಜೀವವಿದೆ ಇಲ್ಲಿ.",1,"ಕಾಂತಿ, ಹೊಳಪು",Shine
ಹೊಳೆ,ಭೂಸನೂರಮಠ ಅವರು ಇಪ್ಪತ್ತನೆಯ ಶತಮಾನದ ಪ್ರಭುದೇವರಂತೆ ಇಡೀ ಗ್ರಂಥದಲ್ಲಿ ಮಿಂಚಿನ ಹೊಳೆ ಸಂಚಲಿಸುವಂತೆ ಮಾಡಿರುವರು.,1,"ಕಾಂತಿ, ಹೊಳಪು",Shine
ಹೊಳೆ,ಈ ಚುನಾವಣೆಯಲ್ಲಿ ಗೆದ್ದು ಸಚಿವರಾಗುವ ಆಸೆಗೆ ದುಡ್ಡಿನ ಹೊಳೆ ಹರಿಸುತ್ತಿದ್ದಾರೆ.,1,"ಕಾಂತಿ, ಹೊಳಪು",Shine
ಹೊಳೆ,ಬಿಜೆಪಿಗೆ ಹೊಸ ಸದಸ್ಯರ ಹೊಳೆ,1,"ಕಾಂತಿ, ಹೊಳಪು",Shine
ಹೊಳೆ,ಈ ಕವನವನ್ನು ಓದುತ್ತಿದ್ದಂತೆ ಮೆಯ್ಯಲಿ ಮಿಂಚಿನ ಹೊಳೆ ತುಳುಕಾಡುವುದು,1,"ಕಾಂತಿ, ಹೊಳಪು",Shine
ಹೊಳೆ,"ಹೊಳೆ ಹೊಳೆವ ಕಣ್ಣ ಕನ್ನಡಿಯಲಿ ನನ್ನ ಮುಖ ನೋಡಲು ಅನುಮತಿಸು,",1,"ಕಾಂತಿ, ಹೊಳಪು",Shine
ಹೊಳೆ,ಹೆಚ್ಚೆಂದರೆ ಸೃಷ್ಟಿಯ | ಹೃದಯಕೆ | ಪ್ರಾಣಾ | ಗ್ನಿಯ ಹೊಳೆ | ಹರಿಯಿಸಿ | ರವಿ ದಯ | ಮಾಡುವನು ಎಂಬಂತೆ ಏಳು ಗಣಗಳ ವಿಸ್ತಾರ ಪಡೆಯಬಹುದು.,1,"ಕಾಂತಿ, ಹೊಳಪು",Shine
ಹೊಳೆ,ಗೀತಂಗಳೊಳಗೇಕನಿಷ್ಠೆ ಹೊಳೆ ಹೊಳೆವುತಿರೆ,1,"ಕಾಂತಿ, ಹೊಳಪು",Shine
ಹೊಳೆ,ಇನ್ನೂ ಹನ್ನೊಂದು ಎಸೆತಗಳು ಬಾಕಿ ಇರುವಾಗಲೇ ಒಂಬತ್ತು ವಿಕೆಟ್‌ಗಳ ಗೆಲುವಿನ ಸಂಭ್ರಮದ ಹೊಳೆ ಹರಿಯಿತು.,1,"ಕಾಂತಿ, ಹೊಳಪು",Shine
ಹೊಳೆ,ಕೃಷ್ಣ ತಾನೂ ಅವರೊಂದಿಗೆ ಕುಣಿದು ಅವರನ್ನು ನಲಿದಾಡಿಸಿ ಆನಂದದ ಹೊಳೆ ಹರಿಸುತ್ತಿದ್ದ ಎನ್ನುತ್ತಾನೆ ಚತುರ್ಮುಖ.,1,"ಕಾಂತಿ, ಹೊಳಪು",Shine
ಹೊಳೆ,"ಸಿನಿಮಾ ಒಂದು ವ್ಯವಹಾರವೆಂಬುದು ಭಾಸವಾಗದಂತೆ ಇಡೀ ಚಿತ್ರತಂಡವನ್ನು ಕುಟುಂಬದಂತೆ ಪ್ರೀತಿಯಿಂದ ನೋಡಿಕೊಂಡರು ಎಂದು ನಟರಾದ ರಾಜೇಶ್, ಮನ್‌ದೀಪ್‌ರಾಯ್, ಶಿವಕುಮಾರ್, ನಟಿ ಪುಷ್ಪಾಸ್ವಾಮಿ ಹೊಗಳಿಕೆಯ ಹೊಳೆ ಹರಿಸಿದರು.",1,"ಕಾಂತಿ, ಹೊಳಪು",Shine
ಹೊಳೆ,"Home ಕನ್ನಡ ವಾರ್ತೆಗಳು ಕರ್ನಾಟಕ ಹುಚ್ಚೆದ್ದು ಕುಣಿದರು, ಬಿಗಿದು ಅಪ್ಪಿದರು, ಹೊಸ ವರ್ಷ ಸ್ವಾಗತಿಸಿದರು; ಬೆಳಕಿನ ಮಳೆಯಲ್ಲಿ ಸಂಭ್ರಮದ ಹೊಳೆ",1,"ಕಾಂತಿ, ಹೊಳಪು",Shine
ಹೊಳೆ,"ಹೆಮ್ಮಾಡಿ: ಹೊಸಾಡು ಗ್ರಾಪಂ ವ್ಯಾಪ್ತಿಯ ಹೊಸಾಡು-ಬಂಟ್ವಾಡಿ ಸಂಪರ್ಕ ಸೇತುವೆ ಸಮೀಪ ಕೆಲವರು ಚಟ್ಲಿಕೆರೆ ನಿರ್ಮಾಣಕ್ಕಾಗಿ ಹೊಳೆ ಪರಂಬೋಕು ಜಾಗ ಅತಿಕ್ರಮಿಸಿ ರಸ್ತೆ ನಿರ್ಮಿಸುತ್ತಿದ್ದು, ಹೊಳೆಬದಿಯಲ್ಲಿನ ಅಪಾರ ಕಾಂಡ್ಲಾ ವೃಕ್ಷಗಳನ್ನು ನಾಶಪಡಿಸಿದ್ದಾರೆ.",2,"ನದಿ, ತೊರೆ","river, stream"
ಹೊಳೆ,ಪರಮಶಿವಯ್ಯ ವರದಿ ಆಧಾರಿತ ಯೋಜನೆಯ ಒಂದು ಭಾಗಕ್ಕೆ ಎತ್ತಿನ ಹೊಳೆ ಎಂದು ಹೆಸರಿಸಿ ಯೋಜನೆ ಜಾರಿಗೊಳಿಸಲಾಯಿತು.,2,"ನದಿ, ತೊರೆ","river, stream"
ಹೊಳೆ,ಅದರಾಚೆಗೆ ಹೊಳೆವ ಹೊಳೆ.,2,"ನದಿ, ತೊರೆ","river, stream"
ಹೊಳೆ,ಬಡ ಕೂಲಿಕಾರರೇ ಹೆಚ್ಚಾಗಿರುವ ಈ ಊರಿನಲ್ಲಿ ಊರು ತುಂಬಾ ಹೊಳೆ ಕೋಡಿಗಳಲ್ಲಿ ನೀರಿದ್ದರೂ ಕುಡಿಯಲು ನೀರಿಲ್ಲ.,2,"ನದಿ, ತೊರೆ","river, stream"
ಹೊಳೆ,ತಿರುಗಾಟದ ಕೊನೆಗೆ ಹೊಳೆ ಹಾದು ಎದುರು ಕಾಣುವ ಕುದುರಿಗೆ ಹೋಗಬೇಕೆನಿಸಿತು.,2,"ನದಿ, ತೊರೆ","river, stream"
ಹೊಳೆ,"ಮುಂದೆ ಶಿರಸಿ ಪಟ್ಟಣ ಸೇರುವಾಗ ತನ್ನ ಹೆಸರನ್ನು ಶಂಕರ ಹೊಂಡ, ಬಕುರ ಹೊಳೆ, ದೋಣಿ ಹೊಳೆ ಎಂದೆಲ್ಲ ಬದಲಾಯಿಸಿಕೊಳ್ಳುತ್ತದೆ.",2,"ನದಿ, ತೊರೆ","river, stream"
ಹೊಳೆ,ಮೊರೆಯದಿರಲಿ ಹೊಳೆ ನದಿಗಳು ಉಕ್ಕಿ,2,"ನದಿ, ತೊರೆ","river, stream"
ಹೊಳೆ,"ಭಟ್ಕಳ: ಸದ್ಯ ತಾಲೂಕಿನಲ್ಲಿ ಚಿಪ್ಪಿಕಲ್ಲಿನ ವ್ಯಾಪಾರ ಹಾಗೂ ಖರೀದಿ ಕಡಿಮೆಯಾಗಿದ್ದ ಬೆನ್ನಲ್ಲೆ ಮಾರುಕಟ್ಟೆಯಲ್ಲಿ ಕಲಗಾ(ಕಳಿನಾಡು) ಎಂಬ ಬಹುಬೇಡಿಕೆಯ ರುಚಿಯಾದ ಜಲಚರಗಳು ಸಿಗುತ್ತಿದ್ದು, ತಾಲೂಕಿನ ಹೊಳೆ ಭಾಗದಲ್ಲಿನ ಮೀನುಗಾರ ಮಹಿಳೆಯರು ಬೆಳ್ಳಂಬೆಳಗ್ಗೆ ಹೊಳೆಯಲ್ಲಿ ಇಳಿದು ಕಲಗಾ(ಕಳಿನಾಡು) ತೆಗೆಯುವ ಕಾರ್ಯದಲ್ಲಿ ನಿರತರಾಗಿದ್ದಾರೆ.",2,"ನದಿ, ತೊರೆ","river, stream"
ಹೊಳೆ,ಜಿಲ್ಲೆಯ ವಿವಿಧ ಹೊಳೆ ಹಾಗೂ ಸಮುದ್ರದಿಂದ ಅಕ್ರಮವಾಗಿ ಮರಳು ಸಾಗಾಟದ ಹಿಂದೆ ಬೃಹತ್ ಮಾಫಿಯಾಗಳು ಕಾರ್ಯಾಚರಿಸುತ್ತಿದೆ ಎನ್ನಲಾಗಿದೆ.,2,"ನದಿ, ತೊರೆ","river, stream"
ಹೊಳೆ,"ಬಿಸಿಲ ತಾಪ ಹೆಚ್ಚಾಗುತ್ತಿರುವು ದರಿಂದ ಭೂಮಿಯ ಬಾಷ್ಪೀಕರಣ ಪ್ರಕ್ರಿಯೆ ಇನ್ನಷ್ಟು ತೀವ್ರಗೊಂಡಿದ್ದು, ಹೀಗೆ ಮುಂದುವರಿದಲ್ಲಿ ರಾಜ್ಯದಲ್ಲಿ ಬಾವಿ, ಕೆರೆ, ಹೊಳೆ ಇತ್ಯಾದಿಗಳಲ್ಲಿ ನೀರಿನ ಮಟ್ಟ ಕುಸಿದು ಮುಂದೆ ನೀರಿನ ಕೊರತೆಗೆ ಸಾಧ್ಯತೆ ಇದೆ ಎಂದು ಹವಾಮಾನ ಇಲಾಖೆ ತಿಳಿಸಿದೆ.",2,"ನದಿ, ತೊರೆ","river, stream"
ಹೊಳೆ,"ಮಂಜೇಶ್ವರ ಪಂಚಾಯತ್‌ನ ೯ನೇ ವಾರ್ಡ್ ಬಡಾಜೆಯಲ್ಲಿ ಬಂಗ್ರಮಂಜೇಶ್ವರ ಹೊಳೆಗೆ ಕಟ್ಟಲಾಗಿದ್ದ ಅಣೆಕಟ್ಟಿನ ಹಲಗೆಯನ್ನು ಮುರಿದು ತೆಗೆಯಲಾಗಿದ್ದು, ಇದರಿಂದಾಗಿ ಇಲ್ಲಿ ಸಂಗ್ರಗೊಂಡಿದ್ದ ನೀರೆಲ್ಲ ಹರಿದು ಹೋಗಿ ಹೊಳೆ ಖಾಲಿಯಾಗಿದೆ.",2,"ನದಿ, ತೊರೆ","river, stream"
ಹೊಳೆ,"ಮಂಡ್ಯ: ಪುರಾಣ ಪ್ರಸಿದ್ಧ ಹೊಳೆ ಆಂಜನೇಯಸ್ವಾಮಿ ದೇವಸ್ಥಾನಕ್ಕೂ ಉಡುಪಿಯ ಪೇಜಾವರ ಮಠದ ಪೀಠಾಧ್ಯಕ್ಷ ಶ್ರೀ ವಿಶ್ವೇಶತೀರ್ಥ ಶ್ರೀಗಳಿಗೂ ಅವಿನಾಭಾವ ಸಂಬಂಧವಿದ್ದು, ಹಲವು ವರ್ಷಗಳಿಂದ ಹೊಳೆ ಆಂಜನೇಯಸ್ವಾಮಿಗೆ ಪೂಜೆ ಸಲ್ಲಿಸುತ್ತಾ ಬಂದಿದ್ದರು.",2,"ನದಿ, ತೊರೆ","river, stream"
ಹೊಳೆ,ಹೊಳೆ ದಾಟಬೇಕು!,2,"ನದಿ, ತೊರೆ","river, stream"
ಹೊಳೆ,ದಂಟಕಲ್‌ನ ನರಸಿಂಹ ಹೆಗಡೆ ಮತ್ತು ಮಧುಕೇಶ್ವರ ಹೆಗಡೆ ಎಂಬವರ ತೋಟದ ಮೇಲೆ ಹೊಳೆ ಉಕ್ಕಿ ಹರಿದು ನಷ್ಟ ಉಂಟಾಗಿದೆ ಎಂದು ಸ್ಥಳೀಯರು ತಿಳಿಸಿದ್ದಾರೆ.,2,"ನದಿ, ತೊರೆ","river, stream"
ಹೊಳೆ,ಮಾಣಿ ಹೊಳೆ ಸೇತುವೆಯ ಆ ಭಾಗದ ಜನರು ಪಟ್ಟಣಕ್ಕೆ ಬರಲು ಬಳಸು ದಾರಿ ಕ್ರಮಿಸಬೇಕಾಗಿತ್ತು.,2,"ನದಿ, ತೊರೆ","river, stream"
ಹೊಳೆ,ಇತಿಹಾಸದಲ್ಲಿ ಅತ್ಯಂತ ರಕ್ತಪಾತದ ಹೊಳೆ ಹರಿಸಿದ ಯುದ್ಧದಲ್ಲಿ ಕೊರಿಯಾದ ಉಪಖಂಡದ ಇಡೀ ನಗರಗಳು ನಾಮಾವಶೇಷವಾಗಿ 2.,2,"ನದಿ, ತೊರೆ","river, stream"
ಹೊಳೆ,ಇನ್ನೂ ಸ್ವಲ್ಪ ನೀರು ಏರಿದರೆ ಹೊಳೆ ಮಗುಚುತ್ತದೆ.,2,"ನದಿ, ತೊರೆ","river, stream"
ಹೊಳೆ,ತಲಕಾಡು ಮಾಲಂಗಿ ಎರಡು ಹೊಳೆ ಕೂಡಿದ,2,"ನದಿ, ತೊರೆ","river, stream"
ಹೊಳೆ,"ಏಕೆಂದರೆ ಗಟ್ಟಿಯಲ್ಲದ, ಉಸುಕೇ ಪ್ರಧಾನವೆನಿಸಿದ ಹೈಗುಂದದ ಮಣ್ಣು, ಐವತ್ತರ ದಶಕದಲ್ಲಿ ಇಲ್ಲಿ ಸಂಚರಿಸುತ್ತಿದ್ದ ಮೋಟರ್‌ ಬೋಟಿನಿಂದಾಗಿ (ಲಾಂಚ್‌) ಮತ್ತು ಅದಕ್ಕೂ ಮುನ್ನ ವರ್ಷಂಪ್ರತಿ ಬರುತ್ತಿದ್ದ ನೆರೆಯಿಂದ ಹೊಳೆಗೆ ಕುಸಿಯುತ್ತ– ಹೊಳೆ ಅಗಲವಾಗುತ್ತ ಹೋದುದನ್ನು ಕಂಡವರು ಇದ್ದಾರೆ.",2,"ನದಿ, ತೊರೆ","river, stream"
ಹೊಳೆ,ಗಂಗೆ ಹೊಳೆ ದಂಡೆಗೆ ನಿಂತಾಳ.,2,"ನದಿ, ತೊರೆ","river, stream"
ಹೊಳೆ,01: ವೀರಪ್ಪಮೊಯ್ಲಿ ಅವರು ಈ ಭಾಗದಲ್ಲಿ 2 ಬಾರಿ ಸಂಸದರಾಗಿ ಆಯ್ಕೆಯಾದರೂ ಎತ್ತಿನ ಹೊಳೆ ಯೋಜನೆಯ ನೀರು ಬರಲಿಲ್ಲ ಎಂದು ಮಾಜಿ ಸಚಿವ ಬಿ.,2,"ನದಿ, ತೊರೆ","river, stream"
ಹೊಳೆ,"ಬೇಲೇರಿ, ಬಸರಕೋಡ, ಹೊಳೆ ಹಡಗಲಿ ಗ್ರಾಮಗಳು ಸಂಪೂರ್ಣ ಜಲಾವೃತಗೊಂಡಿದ್ದವು.",2,"ನದಿ, ತೊರೆ","river, stream"
ಹೊಳೆ,ಹೊಳೆ ಆಂಜನೇಯ ಸ್ವಾಮಿ ದೇಗುಲಕ್ಕೆ ಒಂದುಕಾಲು ರೂಪಾಯಿ ಹರಕೆ ಹೊತ್ತರೆ ಇಷ್ಟಾರ್ಥ ನೆರವೇರಲಿದೆ ಅನ್ನೊದು ನಂಬಿಕೆ.,2,"ನದಿ, ತೊರೆ","river, stream"
ಹೊಳೆ,ಗದಗ: ವಿದ್ಯುತ್ ಶಾರ್ಟ್ ಸರ್ಕ್ಯೂಟ್ ನಿಂದ ಮೂರು ಅಂಗಡಿಗಳು ಧಗಧಗನೆ ಹೊತ್ತಿ ಉರಿದ ಘಟನೆ ಗದಗ ಜಿಲ್ಲೆ ರೋಣ ತಾಲೂಕಿನ ಹೊಳೆ ಆಲೂರ ಗ್ರಾಮದಲ್ಲಿ ನಡೆದಿದೆ.,2,"ನದಿ, ತೊರೆ","river, stream"
ಹೊಳೆ,ಎಂಟು ವರ್ಷ ಧಾರವಾಡದಲ್ಲಿ ಕಳೆದ ಕಾಟೆ ಬಾಗಲಕೋಟೆ ಜಿಲ್ಲೆ ಬಾದಾಮಿ ತಾಲ್ಲೂಕಿನ ಹೊಳೆ ಆಲೂರು ಕಲ್ಮೇಶ್ವರ ಕಾಲೇಜು ಸೇರಿದರು.,2,"ನದಿ, ತೊರೆ","river, stream"
ಹೊಳೆ,ತೂದೂರಿನಲ್ಲಿ ಒಂದು ಕಡೆ ಹೊಳೆ ಇನ್ನೊಂದು ಕಡೆ ಗದ್ದೆ ಬಯಲು.,2,"ನದಿ, ತೊರೆ","river, stream"
ಹೊಳೆ,ಮಳೆ ಬಿದ್ದು ಹೊಳೆ ಕಟ್ಟಿದ ಮೇಲೆ ದೋಣಿಯ ಮೇಲೆ ಕೂತೇ ದಾಟಬೇಕಂತೆ!,2,"ನದಿ, ತೊರೆ","river, stream"
ಹೊಳೆ,ಹೊಳೆ ದಂಡೆಯಲ್ಲಿ ಶೆಡ್ ನಿರ್ಮಿಸಿದರೆ ಅಧಿಕಾರಿಗಳು ತಮ್ಮದೆ ಸಾಮ್ರಾಜ್ಯ ಸ್ಥಾಪಿಸಿಕೊಂಡಿದ್ದಾರೆ.,2,"ನದಿ, ತೊರೆ","river, stream"
ಹೊಳೆ,ಬಳೆಗಾರ ರಾಚಪ್ಪ ಹೊಳೆ ದಾಟಿಕೊಂಡು,2,"ನದಿ, ತೊರೆ","river, stream"
ಹೊಳೆ,ಈ ಹಾದಿಯುದ್ದಕ್ಕೂ ಹೊಳೆ ಮಲಿನವಾಗಿದೆ.,2,"ನದಿ, ತೊರೆ","river, stream"
ಹೊಳೆ,ಘಂಟೆ ಹೊತ್ತಿಗೆ ಮೇಷ್ಟರ ಮನೆಯವರು ಮತ್ತು ನಾವೆಲ್ಲಾ ಹೋಗಿ ರಸ್ತೆ ಮೇಲೆ ಹೊಳೆ ನೀರು ಉಕ್ಕಿ ಹರಿಯುವುದನ್ನು ನೋಡಿ ಬಂದೆವು.,2,"ನದಿ, ತೊರೆ","river, stream"
ಹೊಳೆ,"ಬೆಂಗಳೂರು: ವಿಧಾನಸಭೆ ಚುನಾವಣೆಯಲ್ಲಿ ಹಣ, ಮದ್ಯದ ಹೊಳೆ ಹರಿಯುತ್ತದೆ ಎಂಬುದು ತಿಳಿದ ವಿಚಾರವೇ.",2,"ನದಿ, ತೊರೆ","river, stream"
ಹೊಳೆ,"ಜೇನಿನ ಹೊಳೆ ಒಂದು ಸುಂದರ , ಭಯಂಕರ ಕಾಡು.",2,"ನದಿ, ತೊರೆ","river, stream"
ಹೊಳೆ,ಬ್ಯಾಟ್ಸ್‌ಮನ್‌ಗಳ ಪಾಲಿನ ಸ್ವರ್ಗ ಎನಿಸಿರುವ ಈ ಅಂಗಳದಲ್ಲಿ ಸೋಮವಾರವೂ ರನ್‌ ಹೊಳೆ ಹರಿಯುವ ನಿರೀಕ್ಷೆ ಇದೆ.,2,"ನದಿ, ತೊರೆ","river, stream"
ಹೊಳೆ,ಶಿರಸಿ ನಗರಸಭೆಯ ತಾಜ್ಯದಿಂದ ಕೆಂಗ್ರೆ ಹೊಳೆ ನೀರು ಕಲುಷಿತಗೊಂಡಿ ರುವ ಸಂಗತಿ ಮಾಲಿನ್ಯ ನಿಯಂತ್ರಣ ಮಂಡಳಿ ಅಧ್ಯಯನದಿಂದ ಗೊತ್ತಾಗಿದೆ.,2,"ನದಿ, ತೊರೆ","river, stream"
ಹೊಳೆ,ಈ ಚುನಾವಣೆಯಲ್ಲಿಯೂ ಮದ್ಯದ ಹೊಳೆ ಹರಿಸಲಾಗುತ್ತಿದೆ.,2,"ನದಿ, ತೊರೆ","river, stream"
ಹೊಳೆ,ಹೀಗೆ ಹಾಯಾಗಿ ನಾವು ಹೊಳೆ ದಾಟುವೆವು ಎಂದ ಶಿವ.,2,"ನದಿ, ತೊರೆ","river, stream"
ಹೊಳೆ,ಆದರೆ ನಿಮ್ಮ ಕೇಬಲ್ ಆಪರೇಟರ್ ಎಫ್‌ಟಿವಿ ಸೇವೆ ನೀಡದಿದ್ದರೆ ನೀವು ಜಾಗರಣೆ ಮಾಡಿದ್ದು ಹೊಳೆ ನೀರಿನಲ್ಲಿ ಹುಣಸೆಹಣ್ಣು ತೊಳೆದಂತಾಗುತ್ತದೆ.,2,"ನದಿ, ತೊರೆ","river, stream"
ಹೊಳೆ,ಬಿಳಿನೆಲೆಯಲ್ಲಿ ಸ್ಥಳೀಯರು ಹೊಳೆ ದಾಟಲು ಉಪಯೋಗಿಸುತ್ತಿರುವ ಅಡಿಕೆ ಮರದ ಕಾಲು ಸಂಕ.,2,"ನದಿ, ತೊರೆ","river, stream"
ಹೊಳೆ,"ಇಲ್ಲಿನ ಮುರ್ಡೇಶ್ವರ, ವೆಂಕಟಾಪುರ, ಅಳ್ವೇಕೋಡಿ, ತೆಂಗಿನಗುಂಡಿ, ಮುಂಡಳ್ಳಿ, ಗೊರಟೆ, ಸೇರಿದಂತೆ ಹೊಳೆ ಭಾಗದಲ್ಲಿನ ಮೀನುಗಾರ ಮಹಿಳೆಯರು ಮೂರು ತಿಂಗಳು ಮಳೆಗಾಲ ಆರಂಭವಾಗುವವರೆಗೂ ಈ ಕಾರ್ಯದಲ್ಲಿ ಬ್ಯುಸಿ ಆಗುತ್ತಾರೆ.",2,"ನದಿ, ತೊರೆ","river, stream"
