word,wordtype,origin,meaning_number,meaning
ಅಂಕನ,noun,ಸಂ ,1,ಗುರುತು ಮಾಡುವುದು
ಅಂಕಿತ,noun,ಸಂ ,1,ಗುರುತು
ಅಂಕುರ,noun,ಸಂ ,1,ಮೊಳಕೆ
ಅಂಕುಶ,noun,ಸಂ ,1,ಆನೆಯನ್ನು ಹದ್ದಿನಲ್ಲಿ ಇಡಲು ಉಪಯೋಗಿಸುವ ಒಂದು ಸಾಧನ
ಅಂಕೆ,noun,<ಸಂ. ಅಂಕ ,1,ಅಪ್ಪಣೆ
ಅಂಗ,noun,ಸಂ ,1,ಅಂಶ
ಅಂಗದ,noun,ಸಂ ,1,ತೋಳುಬಳೆ
ಅಂಗರಾಗ,noun,ಸಂ ,1,ಮೈಗೆ ಸುಗಂಧ ಲೇಪಿಸಿಕೊಳ್ಳುವುದು
ಅಂಗಾರ,noun,ಸಂ ,1,ಕೆಂಡ
ಅಂಗುಲ(ಳ),noun,ಸಂ ,1,ಬೆರಳು
ಅಂಗುಷ್ಠ,noun,ಸಂ ,1,"ಪಾದದ ಹೆಬ್ಬೆರಳು, ಅಂಗುಟ"
ಅಂಗೂಷ,noun,ಸಂ ,1,ಮುಂಗುಸಿ
ಅಂಘ್ರಿ,noun,ಸಂ ,1,"ಹೆಜ್ಜೆ, ಪಾದ"
ಅಂಚು,noun,<ಸಂ. ಅಂಶು ,1,"ಕೊನೆ, ತುದಿ"
ಅಂಡಜ,noun,ಸಂ ,1,"ಮೊಟ್ಟೆಯಿಂದ ಹುಟ್ಟಿ ಬರುವ ಹಕ್ಕಿ, ಹಾವು, ಮೀನು, ಮುಂ. ಜೀವಿಗಳು"
ಅಂಡಲೆ,noun,ದೇ ,1,ಪೀಡೆ
ಅಂಡು,noun,ದೇ ,1,"ನಿತಂಬ, ಪಿರ್ರೆ"
ಅಂಡೆ,noun,ದೇ ,1,ಟೊಳ್ಳಾದ ಬಿದಿರಿನ ಪಾತ್ರೆ
ಅಂತ,noun,ಸಂ ,1,"ಕೊನೆ, ತುದಿ"
ಅಂತಃಕರಣ,noun,ಸಂ ,1,ಮನಸ್ಸು
ಅಂತಕ,noun,ಸಂ ,1,"ಯಮ, ಮೃತ್ಯುದೇವತೆ"
ಅಂತರ,noun,ಸಂ ,1,"ವ್ಯತ್ಯಾಸ, ಭೇದ"
ಅಂತರಂಗ,noun,ಸಂ ,1,ಒಳಭಾಗ
ಅಂತರಾತ್ಮ,noun,ಸಂ ,1,ಜೀವಾತ್ಮ
ಅಂತರಾಳ,noun,ಸಂ ,1,ನಡುವಿನ ಜಾಗ
ಅಂತರಿಕ್ಷ,noun,ಸಂ ,1,"ಆಕಾಶ, ನಭ, ಬಾನು"
ಅಂತರೀಯ,noun,ಸಂ ,1,ಒಳ ಉಡುಪು
ಅಂತಸ್ತು,noun,<ಸಂ. ಅಂತಸ್ಥ ,1,ಮಹಡಿ
ಅಂತು,noun,ದೇ ,1,"ಕೊನೆ, ತುದಿ"
ಅಂತ್ಯ,noun,ಸಂ ,1,"ಕೊನೆ, ತುದಿ"
ಅಂದು,noun,ದೇ ,1,ಆ ದಿನ
ಅಂದುಕ,noun,ಸಂ ,1,"ಕಾಲಸರಪಳಿ, ನೂಪುರ"
ಅಂಬರ,noun,ಸಂ ,1,ಬಟ್ಟೆ
ಅಂಬರೀಷ,noun,ಸಂ ,1,ವಿಷ್ಣು
ಅಂಬಾರ,noun,ಪಾರ ,1,ಹುಲ್ಲಿನ ಬಣವೆ
ಅಂಬು,noun,ಸಂ ,1,ಬಾಣ
ಅಂಬುಜ,noun,ಸಂ ,1,ನೀರಿನಲ್ಲಿ ಹುಟ್ಟಿದುದು
ಅಂಬುಧಿ,noun,ಸಂ ,1,ಸಮುದ್ರ
ಅಂಬೆ,noun,<ಸಂ. ಅಂಬಾ ,1,ತಾಯಿ
ಅಂಶ,noun,ಸಂ ,1,"ಭಾಗ, ಘಟಕ"
ಅಂಶು,noun,ಸಂ ,1,ಕಿರಣ
ಅಂಶುಮಂತ,noun,ಸಂ ,1,ಸೂರ್ಯ
ಅಂಶುಮತಿ,noun,ಸಂ ,1,ಯಮುನಾ ನದಿ
ಅಂಸ,noun,ಸಂ ,1,ಭುಜ
ಅಂಸಕೂಟ,noun,ಸಂ ,1,ಹೆಗಲು
ಅಕಾಡೆಮಿ,noun,ಗ್ರೀ ,1,ಕಲೆಗಳ ಅಭಿವೃದ್ಧಿಗೆ ದುಡಿಯುವ ಒಂದು ಸಂಸ್ಥೆ
ಅಕೂಪಾರ,noun,ಸಂ ,1,ಸಮುದ್ರ
ಅಕ್ಕಜ,noun,ದೇ ,1,ಹೊಟ್ಟೆಕಿಚ್ಚು
ಅಕ್ಕಡಿ,noun,ದೇ ,1,ಹೊಲದಲ್ಲಿ ಎರಡು ಸಾಲುಗಳ ನಡುವೆ ಇತರ ಧಾನ್ಯವನ್ನು ಬೆಳೆಯುವುದಕ್ಕಾಗಿ ಮಾಡಿದ ಸಾಲು
ಅಕ್ಕಣಿ,noun,ದೇ ,1,ಕಾಳು ತೆಗೆದ ಜೋಳದ ತೆನೆ
ಅಕ್ಕರ,noun,<ಸಂ. ಅಕ್ಷರ ,1,ವಿದ್ಯೆ
ಅಕ್ಕಸ,noun,<ಸಂ. ಆಕ್ರೋಶ ,1,ಕನಿಕರದಿಂದ ಕೂಡಿದ ಕಳವಳ
ಅಕ್ಕಿ,noun,ದೇ ,1,ಬತ್ತದ ಹೊಟ್ಟು ತೆಗೆದ ಮೇಲೆ ಉಳಿಯುವ ಕಾಳು
ಅಕ್ಷ,noun,ಸಂ ,1,ಪಗಡೆ ಆಟದ ದಾಳ
ಅಕ್ಷತ(ತೆ),noun,<ಸಂ. ಅಕ್ಷತಾ ,1,ಮೊನೆ ಮುರಿಯದ ಅಕ್ಕಿ
ಅಕ್ಷಯ,noun,ಸಂ ,1,"ಕ್ಷಯವಿಲ್ಲದುದು, ಬರಿದಾ ಗದುದು"
ಅಕ್ಷರ,noun,ಸಂ ,1,ಅಕಾರ ಮೊದಲಾದ ವರ್ಣ
ಅಕ್ಷಿ,noun,ಸಂ ,1,ಕಣ್ಣು
ಅಕ್ಷೋ(ಕ್ಷೌ)ಹಿಣಿ,noun,ಸಂ ,2,","
ಅಗ,noun,ಸಂ ,1,ಬೆಟ್ಟ
ಅಗಣಿ(ಳಿ),noun,ದೇ ,1,ಚಿಲುಕ
ಅಗಣಿತ,noun,ಸಂ ,1,ಸҾಮರ್ಥ್ಯದಲ್ಲಿ ಎಣಿಕೆಗೆ ಮೀರಿದವನು
ಅಗತ್ಯ,noun,ದೇ ,1,ಆವಶ್ಯಕತೆ
ಅಗಸೆ,noun,ದೇ ,1,"ಊರ ಹೆಬ್ಬಾಗಿಲು, ಮಹಾದ್ವಾರ"
ಅಗಾಡಿ,noun,ಹಿಂ ,1,ಮುಂಭಾಗ
ಅಗಿಲ್(ಲು),noun,ದೇ ,1,ಒಂದು ಬಗೆಯ ಸುಗಂಧದ ಮರ
ಅಗುಂತಿ,noun,ದೇ ,1,ಹೆಚ್ಚಳ
ಅಗುರ್ಬು(ರ್ವು),noun,ದೇ ,1,ಭಯಂಕರತೆ
ಅಗೆ,noun,ದೇ ,1,"ಮೊಳಕೆ, ಅಂಕುರ"
ಅಗ್ಗ,noun,<ಸಂ. ಅರ್ಘ ,1,"ಕಡಿಮೆ ಬೆಲೆ, ಇಳಿತಾಯದ ಬೆಲೆ"
ಅಗ್ಗಳಿಕೆ,noun,ದೇ ,1,"ದೊಡ್ಡಸ್ತಿಕೆ, ಶ್ರೇಷ್ಠತೆ"
ಅಗ್ನಿ,noun,ಸಂ ,1,ಬೆಂಕಿ
ಅಗ್ನಿಮೂಲೆ,noun,ಸಂ ,1,"ಪೂರ್ವಕ್ಕೂ, ದಕ್ಷಿಣಕ್ಕೂ ನಡುವಣ ಮೂಲೆ, ಆಗ್ನೇಯ ದಿಕ್ಕು"
ಅಗ್ರ,noun,ಸಂ ,1,"ತುದಿ, ಮೊನೆ"
ಅಗ್ರಹಾರ,noun,ಸಂ ,1,"ರಾಜರು ಮೊ.ವರು ಬ್ರಾಹ್ಮಣರ ಪೋಷಣೆಗಾಗಿ ದಾನ ಕೊಟ್ಟ ಪ್ರದೇಶ, ಗ್ರಾಮ"
ಅಘ,noun,ಸಂ ,1,ಪಾಪ
ಅಚಲ,noun,ಸಂ ,1,ಚಲಿಸದುದು
ಅಚಾತುರ್ಯ,noun,ಸಂ ,1,ದಡ್ಡತನ
ಅಚ್ಚಿಗ,noun,ದೇ ,1,ತೀವ್ರವಾದ ವ್ಯಥೆ
ಅಚ್ಚು,noun,ದೇ ,1,"ಮರದಲ್ಲಿ ಯಾ ಲೋಹದಲ್ಲಿ ಬೇಕಾದ ಆಕಾರವನ್ನು ಕೊರೆದು ಅದರಲ್ಲಿ ಎರಕ ಹೊಯ್ದು ಬಿಂಬವನ್ನು ಮಾಡಿಕೊಳ್ಳುವ ಸಾಧನ, ಪಡಿಯಚ್ಚು"
ಅಚ್ಚುಕಟ್ಟು,noun,ದೇ ,1,"ಕೆರೆ, ಕಾಲುವೆಗಳ ಆಸರೆಯಲ್ಲಿರುವ ಭೂಮಿಯನ್ನು ಬೇಸಾಯಕ್ಕೆ ಅನುಕೂಲವಾಗುವಂತೆ ವಿಂಗಡಿಸಿದ ಜವಿನು"
ಅಚ್ಚೆ,noun,ದೇ ,1,ಒಂದು ಬಗೆಯ ಮೀನು
ಅಚ್ಯುತ,noun,ಸಂ ,1,ವಿಷ್ಣು
ಅಜ,noun,ಸಂ ,1,ಪರಮಾತ್ಮ
ಅಜಗರ,noun,ಸಂ ,1,ಹೆಬ್ಬಾವು
ಅಜರ,noun,ಸಂ ,1,"ಮುಪ್ಪಿಲ್ಲದವನು, ದೇವತೆ"
ಅಜಾತ,noun,ಸಂ ,1,ವಿಷ್ಣು
ಅಜಾತಶತ್ರು,noun,ಸಂ ,1,ಶತ್ರುವೇ ಇಲ್ಲದವನು
ಅಜಿತ,noun,ಸಂ ,1,ವಿಷ್ಣು
ಅಜಿನ,noun,ಸಂ ,1,ಚರ್ಮ
ಅಜಿರ,noun,ಸಂ ,1,ಅಂಗಳ
ಅಜೇಯ,noun,ಸಂ ,1,ಗೆಲ್ಲಲಾಗದುದು
ಅಜ್ಞಾನ,noun,ಸಂ ,1,ಅರಿವಿಲ್ಲದಿರುವಿಕೆ
ಅಟಮಟ,noun,ದೇ ,1,ಸುಳ್ಳು
ಅಟವಿ,noun,<ಸಂ. ಅಟವೀ ,1,"ಕಾಡು, ಅರಣ್ಯ"
ಅಟಾಪ,noun,ದೇ ,1,"ಶಕ್ತಿ, ಸಾಮರ್ಥ್ಯ"
ಅಟ್ಟ,noun,ದೇ ,1,ಮನೆಯ ಒಳಗಡೆ ಸಾಮಾನುಗಳನ್ನು ಇಡುವುದಕ್ಕೋಸ್ಕರ ಛಾವಣಿಗೆ ಹೊಂದಿಸಿ ಮಾಡಿರುವ ಅಂತಸ್ತು
ಅಟ್ಟವಣೆ,noun,ದೇ ,1,ಕೂಡುವ ಮತ್ತು ಕಳೆಯುವ ಲೆಕ್ಕ; ಸಂಕಲನ ಮತ್ತು ವ್ಯವಕಲನ
ಅಟ್ಟಹಾಸ,noun,ಸಂ ,1,ತುಂಬ ಜೋರಾದ ನಗು
ಅಟ್ಟು,noun,ದೇ ,1,ದೌತ್ಯ
ಅಟ್ಟುಳಿ,noun,ದೇ ,1,ಅಟ್ಟಿಸಿಕೊಂಡು ಹೋಗುವಿಕೆ
ಅಟ್ಟೆ,noun,ದೇ ,1,ತಲೆಯಿಲ್ಲದ ದೇಹ
ಅಡಕ,noun,ದೇ ,1,ಹಿಡಿತ
ಅಡಕು,noun,ದೇ ,1,ನಿಯಮ
ಅಡಪವಳ,noun,ದೇ ,1,ಒಡೆಯನ ಎಲೆ ಅಡಿಕೆಯ ಸಂಚಿಯನ್ನು ಹಿಡಿಯುವವನು ಅಡ ಪವಳ
ಅಡಪು,noun,ದೇ ,1,ಆಸರೆ
ಅಡರು,noun,ದೇ ,1,ಆಸರೆ
ಅಡವು,noun,<ದೇ. ತಮಿ. ಅಡೈವು ,1,ರೀತಿ
ಅಡಹು,noun,ದೇ ,1,ಅಡವು
ಅಡಾವುಡಿ,noun,ದೇ ,1,ಗದ್ದಲ
ಅಡಿ,noun,ದೇ ,1,ಹೆಜ್ಜೆ
ಅಡುಗೆ,noun,ದೇ ,1,"ಬೇಯಿಸುವುದು, ಪಾಕಕ್ರಿಯೆ"
ಅಡೆ,noun,ದೇ ,1,"ಮಾವಿನಕಾಯಿ, ಬಾಳೆಕಾಯಿ ಇತ್ಯಾದಿಗಳನ್ನು ಶಾಖದಿಂದ ಮಾಗಿಸುವುದಕ್ಕಾಗಿ ಹುಲ್ಲಿನಲ್ಲಿ ಮುಚ್ಚಿಡುವುದು"
ಅಡ್ಡ,noun,ದೇ ,1,ಪಕ್ಕದಿಂದ ಪಕ್ಕಕ್ಕೆ ಸಾಗಿರುವುದು
ಅಡ್ಡಗಾಲು,noun,ದೇ ,1,ನಡೆಯುವಾಗ ಅಡ್ಡಡ್ಡಲಾಗಿಡುವ ಕಾಲು
ಅಡ್ಡದಾರಿ,noun,ದೇ ,1,ಅಡ್ಡ ರಸ್ತೆ
ಅಡ್ಡೆ,noun,ದೇ ,1,ಹೆಗಲು ಯಾ ಕೊರಳ ಮೇಲೆ ಹೊರುವುದಕ್ಕಾಗಿ ಮಾಡಿರುವ ಸಾಧನ; ಕಾವಡಿ
ಅಣಕ,noun,ದೇ ,1,ಕುಚೋದ್ಯ
ಅಣಚು,noun,ದೇ ,1,ಆಯುಧದ ತುದಿ
ಅಣಸು,noun,ದೇ ,1,"ಒನಕೆಯ ತುದಿ, ದನಕರುಗಳ ಕೋಡು, ಆನೆಯ ದಂತ ಮುಂ.ವಕ್ಕೆ ಅಳವಡಿಸುವ ಲೋಹದ ಕಟ್ಟು ಯಾ ಗೊಣಸು"
ಅಣಿ,noun,ದೇ ,1,ಅಚ್ಚುಕಟ್ಟು
ಅಣಿಮೆ,noun,<ಸಂ. ಅಣಿಮಾ ,1,ಸೂಕ್ಷ್ಮತ್ವ
ಅಣಿಲು,noun,ದೇ ,1,ಅಳಿಲು
ಅಣು,noun,ಸಂ ,1,ಅತ್ಯಂತ ಸೂಕ್ಷ್ಮವಾದ ಕಣ
ಅಣುಗ,noun,ದೇ ,1,ಪ್ರೀತಿಪಾತ್ರನಾದವನು
ಅಣೆ,noun,ದೇ ,1,ಅಣೆಕಟ್ಟು
ಅಣ್ಪು,noun,ದೇ ,1,"ಸವರುವುದು, ಲೇಪನ"
ಅತಂತ್ರ,noun,ಸಂ ,1,ಅನಾಯಕವಾದುದು
ಅತಲ,noun,ಸಂ ,1,ತಳವಿಲ್ಲದುದು
ಅತಿಕ್ರಮಣ,noun,ಸಂ ,1,ಕ್ರಮವನ್ನು ಉಲ್ಲಂಘಿಸುವುದು
ಅತಿರೇಕ,noun,ಸಂ ,1,ರೂಢಿಗೆ ವಿರೋಧವಾದ ನಡೆ
ಅತೀಂದ್ರಿಯ,noun,ಸಂ ,1,ಆತ್ಮ
ಅತೀತ,noun,ಸಂ ,1,ಕ್ರಮ ತಪ್ಪಿದ ನಡತೆ
ಅತುಲ,noun,ಸಂ ,1,ಎಳ್ಳು
ಅತ್ತಿ,noun,<ದೇ. ಅೞ ,1,ಸಂತೋಷ
ಅತ್ತಿಗೆ,noun,<ಸಂ. ಅತ್ತಿಕಾ ,1,ಅಣ್ಣನ ಹೆಂಡತಿ
ಅತ್ಯಾಚಾರ,noun,ಸಂ ,1,ಕೆಟ್ಟ ನಡತೆ
ಅದಗುಂತಿ,noun,ದೇ ,1,ಅತಿಶಯ
ಅದಿರು,noun,ದೇ ,1,"ನಡುಕ, ಕಂಪನ"
ಅದಿರ್ಪು,noun,ದೇ ,1,ಕಂಪನ
ಅದೃಷ್ಟ,noun,ಸಂ ,1,"ವಿಧಿ, ಹಣೆಬರಹ, ಜನ್ಮಾಂತರದ ಒಳ್ಳೆಯ ಯಾ ಕೆಟ್ಟ ಕರ್ಮಫಲ"
ಅದ್ದರ,noun,ದೇ ,1,ಗದ್ದಲ
ಅದ್ದಳ,noun,ದೇ ,1,ಅಬ್ಬರ
ಅದ್ಭುತ,noun,ಸಂ ,1,"ಅತ್ಯಾಶ್ಚರ್ಯಕರವಾದ ವಸ್ತು, ವ್ಯಕ್ತಿ ಯಾ ಸಂಗತಿ"
ಅದ್ರಿ,noun,ಸಂ ,1,"ಬೆಟ್ಟ, ಪರ್ವತ"
ಅದ್ವೈತ,noun,ಸಂ ,1,"ಬ್ರಹ್ಮ ಮತ್ತು ಜೀವ ಎರಡೂ ಬೇರೆಬೇರೆಯಲ್ಲ, ಒಂದೇ ಎಂದು ಪ್ರತಿಪಾದಿಸುವ ತತ್ವ"
ಅಧಃಪತನ,noun,ಸಂ ,1,ಕೆಳಕ್ಕೆ ಬೀಳುವುದು
ಅಧಮ,noun,ಸಂ ,1,ಕೀಳು
ಅಧರ,noun,ಸಂ ,1,ಕೆಳತುಟಿ
ಅಧಿಕ,noun,ಸಂ ,1,ಶ್ರೇಷ್ಠವಾದುದು
ಅಧಿಕರಣ,noun,ಸಂ ,1,"ಅಧಿಕಾರ, ಪ್ರಭುತ್ವ"
ಅಧಿಕವರ್ಷ,noun,ಒಂದು ದಿನ ಹೆಚ್ಚಾಗಿ ಬರುವ ವರ್ಷ; ,3,ದಿನಗಳು ಬರುವ ವರ್ಷ
ಅಧಿಕಾರ,noun,ಸಂ ,1,"ಯಾವುದಾದರೊಂದು ಕಾರ್ಯವನ್ನು ನಡೆಸುವ, ವಿಧಿಸುವ ಯಾ ನಿರ್ಣಯಿಸುವ ಶಕ್ತಿ"
ಅಧಿದೇವತೆ,noun,ಸಂ ,1,ಅಭಿಮಾನಿ ದೇವತೆ
ಅಧಿವಾಸ,noun,ಸಂ ,1,"ವಾಸಸ್ಥಳ, ಹುಟ್ಟಿದ ಸ್ಥಳ"
ಅಧಿಷ್ಠಾನ,noun,ಸಂ ,1,ಆಧಾರ
ಅಧೋಕ್ಷಜ,noun,ಸಂ ,1,ವಿಷ್ಣು
ಅಧೋಗತಿ,noun,ಸಂ ,1,ಕೆಳಕ್ಕಿಳಿಯುವುದು
ಅಧೋಮುಖ,noun,ಸಂ ,1,ಕೆಳಮುಖ
ಅಧ್ಯಕ್ಷ,noun,ಸಂ ,1,ಸಭಾಪತಿ
ಅಧ್ಯಯನ,noun,ಸಂ ,1,"ವೇದವನ್ನು ಓದುವುದು, ಕಲಿಯುವುದು"
ಅಧ್ಯವಸಾನ,noun,ಸಂ ,1,ಪ್ರಯತ್ನ
ಅಧ್ಯವಸಾಯ,noun,ಸಂ ,1,ಮನೋನಿಶ್ಚಯ
ಅಧ್ಯಾತ್ಮ,noun,ಸಂ ,1,"ಆತ್ಮನಿಗೆ ಸಂಬಂಧಿ ಸಿದ್ದು, ಬ್ರಹ್ಮನನ್ನು ಕುರಿತದ್ದು"
ಅಧ್ಯಾಪಕ,noun,ಸಂ ,1,"ಉಪಾಧ್ಯಾಯ, ಶಿಕ್ಷಕ"
ಅಧ್ಯಾಪನ,noun,ಸಂ ,1,ವೇದವನ್ನು ಕಲಿಸುವುದು
ಅಧ್ಯಾಯ,noun,ಸಂ ,1,ಗ್ರಂಥದ ಒಂದು ಭಾಗ
ಅಧ್ಯಾರೋಪ,noun,ಸಂ ,1,ಒಂದು ವಸ್ತುವಿನ ಗುಣವನ್ನು ಮತ್ತೊಂದಕ್ಕೆ ಆರೋಪಿಸುವುದು
ಅಧ್ಯಾಹಾರ,noun,ಸಂ ,1,"ತರ್ಕ, ಊಹೆ"
ಅಧ್ವ,noun,ಸಂ ,1,ದಾರಿ
ಅಧ್ವರ್ಯು,noun,ಸಂ ,1,"ಕೆಲವು ವಿಶೇಷ ಕರ್ಮಗಳನ್ನು ಮಾಡುವ ಪುರೋಹಿತ, ಋತ್ವಿಕ್ಕು"
ಅಧ್ವಾನ,noun,ಸಂ ,1,ದಾರಿ
ಅನಂಗ,noun,ಸಂ ,1,ಮನ್ಮಥ
ಅನಂತ,noun,ಸಂ ,1,ವಿಷ್ಣು
ಅನಕ್ಷರ,noun,ಸಂ ,1,"ಅವಾಚ್ಯ, ಅಸಂಬದ್ಧವಾದ ನುಡಿ"
ಅನಯ,noun,ಸಂ ,1,ಕೆಟ್ಟ ನಡವಳಿಕೆ
ಅನರ್ಥ,noun,ಸಂ ,1,ಕೇಡು
ಅನಲ,noun,ಸಂ ,1,ಬೆಂಕಿ
ಅನಸೂಯೆ,noun,<ಸಂ. ಅನಸೂಯಾ ,1,ಅಸೂಯೆಯಿಲ್ಲದಿರುವುದು
ಅನಾಗತ,noun,ಸಂ ,1,ಭವಿಷ್ಯ
ಅನಾದಿ,noun,ಸಂ ,1,ಪುರಾತನಕಾಲದಿಂದಿರುವುದು
ಅನಾಮಿಕ,noun,ಸಂ ,1,"ಕಿರುಬೆರಳ ಪಕ್ಕದ ಕೈ ಬೆರಳು, ಉಂಗುರದ ಬೆರಳು"
ಅನಾಹತ,noun,ಸಂ ,1,"ಒಗೆಯದ ಅರಿವೆ, ನೂತನ ವಸ್ತ್ರ"
ಅನಾಹುತ,noun,<ಸಂ. ಅನಾಹೂತ ,1,ಆಕಸ್ಮಿಕ ಕೇಡು
ಅನಿಮಿಷ,noun,ಸಂ ,1,ಮೀನು
ಅನಿರ್ವಚನೀಯ,noun,ಸಂ ,1,ದೇವರು
ಅನಿಲ,noun,ಸಂ ,1,"ಗಾಳಿ, ವಾಯು"
ಅನಿವಾರ್ಯ,noun,ಸಂ ,1,ಆವಶ್ಯಕ
ಅನಿಷ್ಟ,noun,ಸಂ ,1,ಅಪ್ರಿಯವಾದುದು
ಅನೀಕ,noun,ಸಂ ,1,ಗುಂಪು
ಅನುಕರಣ,noun,ಸಂ ,1,"ಇತರರು ಮಾಡಿದಂತೆ ಮಾಡುವುದು, ನಟನೆ, ಅಭಿನಯ"
ಅನುಕರ್ಷ,noun,ಸಂ ,1,ಆಕರ್ಷಣೆ
ಅನುಕೂಲ,noun,ಸಂ ,1,ಸೌಕರ್ಯ
ಅನುಕೃತಿ,noun,ಸಂ ,1,ಅನುಕರಣ
ಅನುಗತ,noun,ಸಂ ,1,ಜೊತೆಯಲ್ಲಿ ಬರುವವನು
ಅನುಗಮನ,noun,ಸಂ ,1,ಅನುಸರಿಸಿ ನಡೆಯುವುದು
ಅನುಗ್ರಹ,noun,ಸಂ ,1,"ಕೃಪೆ, ದಯೆ"
ಅನುಜ್ಞೆ,noun,ಸಂ ,1,ಒಪ್ಪಿಗೆ
ಅನುತಾಪ,noun,ಸಂ ,1,ಪಶ್ಚಾತ್ತಾಪ
ಅನುನಯ,noun,ಸಂ ,1,ನಯವಾದ ಮಾತುಗಳಿಂದ ಮನವೊಲಿಸುವುದು
ಅನುಪಾನ,noun,ಸಂ ,1,"ಔಷಧದ ಜೊತೆಗೆ ಸೇವಿಸುವ ಪಾನೀಯ ಯಾ ಕಲಸಿಕೊಳ್ಳುವ ತುಪ್ಪ, ಜೇನು ತುಪ್ಪ ಮುಂ.ವು"
ಅನುಬಂಧ,noun,ಸಂ ,1,ಸಂಬಂಧ
ಅನುಭವ,noun,ಸಂ ,1,ಇಂದ್ರಿಯಗಳ ಮೂಲಕ ಬರುವ ಜ್ಞಾನ
ಅನುಭವಿ,noun,ಸಂ ,1,ಅನುಭವವುಳ್ಳ ವ್ಯಕ್ತಿ
ಅನುಭೋಗ,noun,ಸಂ ,1,"ಸುಖ, ದುಃಖಾದಿಗಳ ಅನುಭವ"
ಅನುಮಾನ,noun,ಸಂ ,1,ಊಹೆ
ಅನುಯೋಗ,noun,ಸಂ ,1,ಪ್ರಶ್ನೆ
ಅನುರೂಪ,noun,ಸಂ ,1,ಅನುಗುಣವಾದುದು
ಅನುರೋಧ,noun,ಸಂ ,1,ಅನುಸರಿಸಿ ನಡೆಯುವುದು
ಅನುವರ,noun,ಸಂ ,1,ಯುದ್ಧ
ಅನುವರ್ತನ,noun,ಸಂ ,1,ಅನುಸರಣೆ
ಅನುವಾದ,noun,ಸಂ ,1,ಭಾಷಾಂತರ
ಅನುವು,noun,ದೇ ,1,ಸೊಗಸು
ಅನುಶಯ,noun,ಸಂ ,1,"ಸಮೀಪ, ಸಂಬಂಧ"
ಅನುಶಾಸನ,noun,ಸಂ ,1,ನಿರ್ದೇಶನ
ಅನುಸಂಧಾನ,noun,ಸಂ ,1,ಪರಿಶೀಲನೆ
ಅನುಸರಣೆ,noun,ಸಂ ,1,ಅನುಸರಿಸಿ ನಡೆಯುವುದು
ಅನೂಪ,noun,ಸಂ ,1,ನೀರು ಸಮೃದ್ಧಿಯಾಗಿರುವ ಪ್ರದೇಶ
ಅನೃತ,noun,ಸಂ ,1,ಸುಳ್ಳು
ಅನ್ನ,noun,ಸಂತರ್ಪಣೆ ಬಹುಜನಕ್ಕೆ ನೀಡುವ ಅನ್ನದಾನ; ಸಂ ,1,ಆಹಾರ
ಅನ್ವಯ,noun,ಸಂ ,1,ವಂಶ
ಅನ್ವಿತ,noun,ಸಂ ,1,ಸಂಬಂಧಿಸಿದುದು
ಅಪಕರ್ಷಣೆ,noun,ಸಂ ,1,ಇರುವ ಕಡೆಯಿಂದ ಬೇರೆ ಕಡೆಗೆ ಸೆಳೆಯುವುದು
ಅಪಘನ,noun,ಸಂ ,1,ಶರೀರ
ಅಪಚಯ,noun,ಸಂ ,1,ಕೊಯ್ಯುವುದು
ಅಪಥ್ಯ,noun,ಸಂ ,1,ಹಿತವಲ್ಲದ್ದು
ಅಪಭ್ರಂಶ,noun,ಸಂ ,1,ಜಾರಿ ಬೀಳುವುದು
ಅಪಮೃತ್ಯು,noun,ಸಂ ,1,ಅಕಾಲ ಮರಣ
ಅಪಮೌಲ್ಯ,noun,ಸಂ ,1,ಬೆಲೆಯನ್ನು ತಗ್ಗಿಸುವುದು
ಅಪರ,noun,ಸಂ ,1,ಪಶ್ಚಿಮದಿಕ್ಕು
ಅಪರಂಜಿ,noun,ಸಂ ,1,ಚೊಕ್ಕ ಚಿನ್ನ
ಅಪರಪಕ್ಷ,noun,ಸಂ ,1,ಕೃಷ್ಣ ಪಕ್ಷ
ಅಪರಾಜಿತ,noun,ಸಂ ,1,ಸೋಲಿಲ್ಲದವನು
ಅಪರಾಧ,noun,ಸಂ ,1,ತಪ್ಪು
ಅಪಲಾಪ,noun,ಸಂ ,1,ಸುಳ್ಳು
ಅಪವರ್ಗ,noun,ಸಂ ,1,ಮೋಕ್ಷ
ಅಪವರ್ತನ,noun,ಸಂ ,1,ಭಾಜ್ಯವನ್ನು ನಿಶ್ಶೇಷವಾಗಿ ಭಾಗಿಸತಕ್ಕ ಸಂಖ್ಯೆ
ಅಪವಾದ,noun,ಸಂ ,1,ನಿಂದೆ
ಅಪಶಬ್ದ,noun,ಸಂ ,1,"ಅಶುದ್ಧವಾದ ಪದ, ವ್ಯಾಕರಣ ನಿಯಮಕ್ಕೆ ವಿರೋಧವಾದ ಮಾತು"
ಅಪಸರಣ,noun,ಸಂ ,1,ಹಿಮ್ಮೆಟ್ಟುವುದು
ಅಪಸವ್ಯ,noun,ಸಂ ,1,ಬಲಗಡೆ
ಅಪಸ್ಮಾರ,noun,ಸಂ ,1,ಮರೆವು
ಅಪಹರಣ,noun,ಸಂ ,1,ಕದಿಯುವುದು
ಅಪಹಾರ,noun,ಸಂ ,1,ಕಿತ್ತುಕೊಳ್ಳುವುದು
ಅಪಾಂಗ,noun,ಸಂ ,1,ಕಡೆಗಣ್ಣು
ಅಪಾನ,noun,ಸಂ ,1,"ದೇಹಗತವಾದ ಐದು ಬಗೆಯ ಪ್ರಾಣವಾಯುಗಳಲ್ಲಿ ಒಂದು, ಗುದಸ್ಥಾನದ ವಾಯು, ಹೂಸು"
ಅಪೀಲು,noun,<ಇಂ. appeal ,1,ಮನವಿ
ಅಪೂಪ,noun,ಸಂ ,1,ಹಿಟ್ಟಿನಿಂದ ತಯಾರಿಸಿದ ಒಂದು ಬಗೆಯ ತಿನಿಸು
ಅಪೇಕ್ಷೆ,noun,ಸಂ ,1,ಬಯಕೆ
ಅಪೋಹ,noun,ಸಂ ,1,ತಳ್ಳುವುದು
ಅಪ್ಪ,noun,ದೇ ,1,ತಂದೆ
ಅಪ್ಪಣೆ,noun,<ಸಂ. ಆಜ್ಞಾಪನಾ ,1,ಆಜ್ಞೆ
ಅಪ್ರಮೇಯ,noun,ಸಂ ,1,ಅಳತೆಗೆ ಮೀರಿದುದು
ಅಪ್ಸರೆ,noun,<ಸಂ. ಅಪ್ಸರಾ ,1,ದೇವತಾ ಸ್ತ್ರೀಯರಲ್ಲಿ ಒಂದು ಪಂಗಡ
ಅಬದ್ಧ,noun,ಸಂ ,1,ತಪ್ಪು
ಅಬುಜ,noun,<ಸಂ. ಅಬ್ಜ ,1,ತಾವರೆ
ಅಬುದ,noun,<ಸಂ. ಅಬ್ದ ,1,ವರ್ಷ
ಅಬ್ಬರ,noun,ದೇ ,1,ಆರ್ಭಟ
ಅಬ್ಬೆ,noun,<ಸಂ. ಅಂಬಾ ,1,ತಾಯಿ
ಅಬ್ರಹ್ಮಣ್ಯ,noun,ಸಂ ,1,ಬ್ರಾಹ್ಮಣನಿಗೆ ಯೋಗ್ಯ ವಲ್ಲದ ವರ್ತನೆ
ಅಭಯ,noun,ಸಂ ,1,ನಿರ್ಭಯತೆ
ಅಭಯಹಸ್ತ,noun,ಸಂ ,1,ಮೂರ್ತಿಶಿಲ್ಪಗಳಲ್ಲಿ ಕಂಡು ಬರುವ ಅಭಯಪ್ರದಾನದ ಹಸ್ತಮುದ್ರೆ
ಅಭವ,noun,ಸಂ ,1,ಹುಟ್ಟಿಲ್ಲದುದು
ಅಭಾವ,noun,ಸಂ ,1,ಇಲ್ಲದಿರುವುದು
ಅಭಿಜನ,noun,ಸಂ ,1,ವಂಶ
ಅಭಿಜಾತ,noun,ಸಂ ,1,ಉತ್ತಮಕುಲದಲ್ಲಿ ಹುಟ್ಟಿದವನು
ಅಭಿಜಿತ್ತು,noun,ಸಂ ,1,ದಿವಸದ ಎಂಟನೆಯ ಮುಹೂರ್ತ
ಅಭಿಜ್ಞಾನ,noun,ಸಂ ,1,ನೆನಪು
ಅಭಿಧಾನ,noun,ಸಂ ,1,ಹೆಸರು
ಅಭಿಧೆ,noun,<ಸಂ. ಅಭಿಧಾ ,1,ಹೆಸರು
ಅಭಿನಂದನೆ,noun,ಸಂ ,1,ಪ್ರಶಂಸೆ
ಅಭಿನಿವೇಶ,noun,ಸಂ ,1,ಆಸಕ್ತಿ
ಅಭಿಪ್ರಾಯ,noun,ಸಂ ,1,ಆಶಯ
ಅಭಿಭವ,noun,ಸಂ ,1,ಸೋಲು
ಅಭಿಮತ,noun,ಸಂ ,1,ಅಭಿಪ್ರಾಯ
ಅಭಿಮಾನ,noun,ಸಂ ,1,"ಹೆಮ್ಮೆ, ಅಹಂಕಾರ"
ಅಭಿಮಾನಿ,noun,ಸಂ ,1,ಆತ್ಮಗೌರವವುಳ್ಳ ವ್ಯಕ್ತಿ
ಅಭಿಯೋಗ,noun,ಸಂ ,1,ಆಸಕ್ತಿ
ಅಭಿರೂಪ,noun,ಸಂ ,1,ವಿದ್ವಾಂಸ
ಅಭಿವ್ಯಕ್ತಿ,noun,ಸಂ ,1,ಪ್ರಕಟವಾಗುವುದು
ಅಭಿಶಾಪ,noun,ಸಂ ,1,ಉಗ್ರಶಾಪ
ಅಭ್ಯಂಗ(ನ),noun,ಸಂ ,1,ಲೇಪನ ದ್ರವ್ಯ
ಅಭ್ಯಂಜನ,noun,ಸಂ ,1,ಲೇಪನ ದ್ರವ್ಯ
ಅಭ್ಯಂತರ,noun,ಸಂ ,1,ಅಂತರಾಳ
ಅಭ್ಯಾಗತ,noun,ಸಂ ,1,ಅನಿರೀಕ್ಷಿತವಾಗಿ ಬಂದ ಅತಿಥಿ
ಅಭ್ಯಾಗಮ,noun,ಸಂ ,1,ಬರುವಿಕೆ
ಅಭ್ಯಾಸ,noun,ಸಂ ,1,ರೂಢಿ
ಅಭ್ಯುತ್ಥಾನ,noun,ಸಂ ,1,"ಏಳಿಗೆ, ಅಭಿವೃದ್ಧಿ"
ಅಭ್ಯುದಯ,noun,ಸಂ ,1,ಅಭಿವೃದ್ಧಿ
ಅಭ್ಯುಪಗಮ,noun,ಸಂ ,1,ಹತ್ತಿರ ಹೋಗುವುದು
ಅಭ್ರ,noun,ಸಂ ,1,ಮೋಡ
ಅಮರ,noun,ಸಂ ,1,ದೇವತೆ
ಅಮರತ್ವ,noun,ಸಂ ,1,ಸಾವಿಲ್ಲದಿರುವುದು
ಅಮರಿ,noun,ಸಂ ,1,ದೇವತಾ ಸ್ತ್ರೀ
ಅಮರ್ದು,noun,<ಸಂ. ಅಮೃತ ,1,ಅಮೃತ
ಅಮರ್ಷ,noun,ಸಂ ,1,ಕೋಪ
ಅಮಲು,noun,ಪಾರ ,1,"ಮಾದಕತೆ, ನಶೆ"
ಅಮಳ,noun,<ಸಂ. ಅಮಲ ,1,ಅವಳಿಜವಳಿ
ಅಮಾನತ್ತು,noun,ಪಾರ ,1,"ಬಳಸದೆ ಭದ್ರವಾಗಿಡುವ ವಸ್ತು, ನ್ಯಾಸ"
ಅಮೀರ,noun,<ಅರ. ಅಮೀರ್ ,1,ಹಣವಂತ
ಅಮೃತ,noun,ಸಂ ,1,ಸುಧೆ
ಅಮೃತಕರ,noun,ಸಂ ,1,ಚಂದ್ರ
ಅಮೃತವಾಣಿ,noun,ಸಂ ,1,ಉತ್ತಮವಾದ ನುಡಿ
ಅಮ್ಮ,noun,ದೇ ,1,ತಂದೆ
ಅಮ್ಮಾವು,noun,ದೇ ,1,ಕಾಡುಹಸು
ಅಮ್ಮಿ,noun,ದೇ ,1,ತಾಯಿ
ಅಯನ,noun,ಸಂ ,1,ಭೂಮಧ್ಯರೇಖೆಯ ಉತ್ತರಕ್ಕೆ ಯಾ ದಕ್ಷಿಣಕ್ಕೆ ಸೂರ್ಯನು ಚಲಿಸುವ ಮಾರ್ಗ
ಅಯೋಮಯ,noun,ಸಂ ,1,"ಗಹನವಾದುದು, ಕ್ಲಿಷ್ಟವಾದುದು"
ಅಯ್ಯ,noun,<ಸಂ. ಆರ್ಯ ,1,ತಂದೆ
ಅರ,noun,ದೇ ,1,ವಸ್ತುಗಳನ್ನು ನಯಗೊಳಿಸಲು ಯಾ ಹರಿತಗೊಳಿಸಲು ಬಳಸುವ ಉಪಕರಣ
ಅರಗಿಳಿ,noun,ದೇ ,1,ಗಿಳಿಗಳಲ್ಲಿ ಶ್ರೇಷ್ಠವಾದುದು
ಅರಗು,noun,ದೇ ,1,ಅಂಚು
ಅರಗುಲಿ,noun,<ದೇ. ಅಱ + ಕುಲಿ ,1,ಕ್ರೂರಿ
ಅರಣ,noun,ತೆಲು ,1,ಮದುವೆಯಲ್ಲಿ ಕೊಡುವ ಉಡುಗೊರೆ
ಅರತಿ,noun,ಸಂ ,1,ಅನಾಸ್ಥೆ
ಅರತ್ನಿ,noun,ಸಂ ,1,ಮೊಳಕೈ
ಅರಮರಿಕೆ,noun,ದೇ ,1,ಅನುಮಾನ
ಅರಳಿ,noun,ದೇ ,1,ಅಶ್ವತ್ಥವೃಕ್ಷ
ಅರಳು,noun,ದೇ ,1,"ಹೂವು, ಪುಷ್ಪ"
ಅರಳೆ,noun,ದೇ ,1,ಕಾಳು ತೆಗೆದ ಹತ್ತಿ
ಅರವ,noun,ದೇ ,1,"ತಮಿಳು ಭಾಷೆ,"
ಅರಸು(ಸ),noun,<ಸಂ. ರಾಜನ್ ,1,ರಾಜ
ಅರಿ,noun,ದೇ ,1,ಹೊಲಗದ್ದೆಗಳಲ್ಲಿ ಕುಯ್ದು ಅಲ್ಲಲ್ಲೇ ಗುಡ್ಡೆ ಹಾಕುವ ತೆನೆ
ಅರಿದು,noun,ದೇ ,1,ಅಸಾಧ್ಯವಾದುದು
ಅರಿವು,noun,ದೇ ,1,"ತಿಳಿವಳಿಕೆ, ಜ್ಞಾನ"
ಅರಿಷ್ಟ,noun,ಸಂ ,1,ಮಂಗಳ
ಅರಿಸಿನ,noun,ದೇ ,1,"ಒಂದು ಬಗೆಯ ಹಳದಿ ಬಣ್ಣದ ಗೆಡ್ಡೆ ಮತ್ತು ಅದರ ಪುಡಿ, ಹರಿದ್ರ"
ಅರುಚಿ,noun,ಸಂ ,1,ರುಚಿಯಿಲ್ಲದಿರುವುದು
ಅರುಣ,noun,ಸಂ ,1,ಕೆಂಪು ಬಣ್ಣ
ಅರುಬು,noun,ದೇ ,1,ಕ್ಷಾಮ
ಅರೆ,noun,ದೇ ,1,ಬಂಡೆ
ಅರ್ಕ,noun,ಸಂ ,1,ಸೂರ್ಯ
ಅರ್ಘ(ರ್ಘ್ಯ),noun,ಸಂ ,1,ಬೆಲೆ
ಅರ್ಚನೆ,noun,ಸಂ ,1,ಪೂಜೆ
ಅರ್ಚಿ,noun,ಸಂ ,1,ಜ್ವಾಲೆ
ಅರ್ಜುನ,noun,ಸಂ ,1,ಬೆಳ್ಳಗಿರುವುದು
ಅರ್ಣ,noun,ಸಂ ,1,ನೀರು
ಅರ್ಣವ,noun,ಸಂ ,1,ಸಮುದ್ರ
ಅರ್ತಿ,noun,ಸಂ ,1,<ದೇ. ಅೞ್ತಿ
ಅರ್ಥ,noun,ಸಂ ,1,ಶಬ್ದದ ಅಭಿಪ್ರಾಯ
ಅರ್ಥಶಾಸ್ತ್ರ,noun,ಸಂ ,1,ರಾಜನೀತಿ
ಅರ್ಥಿ,noun,ಸಂ ,1,ಬೇಡುವವನು
ಅರ್ಪಿತ,noun,ಸಂ ,1,ನಿವೇದಿಸಿದುದು
ಅರ್ಬುದ,noun,ಸಂ ,1,ಹತ್ತುಕೋಟಿ
ಅರ್ಭಕ,noun,ಸಂ ,1,ಚಿಕ್ಕದು
ಅರ್ಹ,noun,ಸಂ ,1,ತೀರ್ಥಂಕರ
ಅರ್ಹಂತ,noun,ಸಂ ,1,ತೀರ್ಥಂಕರ
ಅಲಂಕಾರ,noun,ಸಂ ,1,ಒಡವೆ
ಅಲಂಪು,noun,ದೇ ,1,ಪ್ರೀತಿ
ಅಲಕ,noun,ಸಂ ,1,ಮುಂಗುರುಳು
ಅಲಗು,noun,ದೇ ,1,ಆಯುಧಗಳ ಹರಿತವಾದ ಅಂಚು
ಅಲಸ,noun,ಸಂ ,1,ಸೋಮಾರಿ
ಅಲಸು,noun,<ಸಂ. ಅಲಸ ,1,ಬಳಲಿಕೆ
ಅಲಿ,noun,ಸಂ ,1,ದುಂಬಿ
ಅಲಿಪ್ತ,noun,ಸಂ ,1,ನಿರ್ಲಿಪ್ತ
ಅಲೀಕ,noun,ಸಂ ,1,ಸುಳ್ಳು
ಅಲೆ,noun,ದೇ ,1,ನೀರಿನ ತೆರೆ
ಅಲೇಖ,noun,ಸಂ ,1,ಬರೆಯುವ ತಾಳೆ ಓಲೆ
ಅಲ್ಪ,noun,ಸಂ ,1,ತುಚ್ಛ
ಅಲ್ಲು,noun,ದೇ. <ತಮಿ. ಅಲ್ಲು ,1,ದೊಡ್ಡ ದೊಡ್ಡ ತೆರೆಗಳು ಏಳುವುದು
ಅಳಕ,noun,<ಸಂ. ಅಲಕ ,1,ಗುಂಗುರು ಕೂದಲು
ಅಳತೆಗೋಲು,noun,<ಸಂ. ಅಲಕ ,1,ಅಳೆಯುವ ಕಡ್ಡಿ
ಅಳಬಳ,noun,<ದೇ. ಅಳವು + ಬಲ ,1,ಶಕ್ತಿ
ಅಳವಡಿಕೆ,noun,ದೇ ,1,ಹೊಂದಿಕೆ
ಅಳವಿ,noun,ದೇ ,1,ಶಕ್ತಿ
ಅಳವು,noun,ದೇ ,1,ಶಕ್ತಿ
ಅಳವೆ,noun,ದೇ ,1,ರೈತರಿಗೆ ಸಾಗುವಳಿ ಬಗ್ಗೆ ಬರೆದುಕೊಡುವ ಒಪ್ಪಂದ
ಅಳಿ,noun,ದೇ ,1,ನಾಶ
ಅಳಿಪು,noun,ದೇ ,1,ಅತಿಯಾಸೆ
ಅಳಿಯ,noun,ದೇ ,1,ಮಗಳ ಗಂಡ
ಅಳಿವು,noun,ದೇ ,1,ವಿನಾಶ
ಅಳುಂಬ,noun,ದೇ ,1,ಅತಿಶಯ
ಅಳುಕು,noun,ದೇ ,1,ಹೆದರಿಕೆ
ಅಳ್ತಿ,noun,ದೇ ,1,ಪ್ರೀತಿ
ಅಳ್ಳೆ,noun,ದೇ ,1,"ಹೊಟ್ಟೆಯ ಒಂದು ಪಕ್ಕ, ಪಕ್ಕೆ"
ಅವಕಾಶ,noun,ಸಂ ,1,ಬಿಡುವು
ಅವಕೀರ್ಣ,noun,ಸಂ ,1,ತುಂಬಿದುದು
ಅವಗ(ಘ)ಡ,noun,<ಸಂ. ಅಪಘಾತ ,1,ತೊಂದರೆ
ಅವಗಡಿಸು,noun,<ಸಂ. ಅಪಘಾತ ,1,ಕಡೆಗಣಿಸು
ಅವಗಾಹ,noun,ಸಂ ,1,ಜಲಾಶಯಗಳಲ್ಲಿ ಮುಳುಗಿ ಸ್ನಾನ ಮಾಡುವುದು
ಅವಗಾಹನ,noun,ಸಂ ,1,ತಿಳಿವಳಿಕೆ
ಅವಗ್ರಹ,noun,ಸಂ ,1,ಅಡ್ಡಿ
ಅವಡುಸವಡು,noun,ದೇ ,1,ಪೂರ್ತಿಯಾಗಿ ಅರಿಯದಿರುವುದು
ಅವತಂಸ,noun,ಸಂ ,1,ಕಿವಿಯ ಆಭರಣ
ಅವತರಣ,noun,ಸಂ ,1,ಇಳಿಯುವುದು
ಅವತರಣಿಕೆ,noun,<ಸಂ. ಅವತರಣಿಕಾ ,1,ಗ್ರಂಥದ ಪೀಠಿಕೆ
ಅವತಾರ,noun,ಸಂ ,1,ಕೆಳಕ್ಕೆ ಇಳಿಯುವುದು
ಅವದಾನ,noun,ಸಂ ,1,ಪ್ರಶಸ್ತವಾದ ಕೆಲಸ
ಅವಧಾನ,noun,ಸಂ ,1,ಏಕಚಿತ್ತತೆ
ಅವಧಾರಣ,noun,ಸಂ ,1,ಒತ್ತಿ ಹೇಳುವುದು
ಅವಧಿ,noun,ಸಂ ,1,"ಗಡು, ಸಮಯದ ಪರಿಮಿತಿ"
ಅವನ,noun,ಸಂ ,1,ಸಂರಕ್ಷಣೆ
ಅವನತ,noun,ಸಂ ,1,ನಮಸ್ಕರಿಸಿದವನು
ಅವನತಿ,noun,ಸಂ ,1,"ಕೀಳುದೆಸೆ, ದುರ್ದೆಸೆ"
ಅವಬೋಧ,noun,ಸಂ ,1,ಎಚ್ಚರಗೊಳ್ಳುವುದು
ಅವಯವ,noun,ಸಂ ,1,"ದೇಹದ ಒಂದು ಭಾಗ, ಅಂಗ"
ಅವರೋಧ,noun,ಸಂ ,1,ಅಡ್ಡಿ
ಅವರೋಹ,noun,ಸಂ ,1,ಇಳಿಯುವುದು
ಅವರೋಹಣ,noun,ಸಂ ,1,ಇಳಿಯುವುದು
ಅವಲಗ್ನ,noun,ಸಂ ,1,"ಸೊಂಟ, ನಡು"
ಅವಲೇಪ,noun,ಸಂ ,1,ಲೇಪನ
ಅವಲೋಕನ,noun,ಸಂ ,1,ನೋಡುವುದು
ಅವಳಿಜವಳಿ,noun,ಸಂ ,1,"ಯಮಳ, ಜೋಡಿ"
ಅವಷ್ಟಂಭ,noun,ಸಂ ,1,ಆಶ್ರಯ
ಅವಸಥ,noun,ಸಂ ,1,"ವಾಸಸ್ಥಾನ, ಮನೆ"
ಅವಸರ,noun,ಸಂ ,1,ಸನ್ನಿವೇಶ
ಅವಸಾನ,noun,ಸಂ ,1,"ಅಂತ್ಯ, ಮುಕ್ತಾಯ"
ಅವಸ್ಥೆ,noun,ಸಂ ,1,ಸ್ಥಿತಿ
ಅವಾಂತರ,noun,ಸಂ ,1,ಗಡಿಬಿಡಿ
ಅವಿ,noun,ಸಂ ,1,ಕುರಿ
ಅವಿದ್ಯೆ,noun,ಸಂ ,1,ಅಜ್ಞಾನ
ಅವು(ಂ)ಡು,noun,ದೇ ,1,ದವಡೆ
ಅವ್ಯಕ್ತ,noun,ಸಂ ,1,ಪರಮಾತ್ಮ
ಅವ್ಯಯ,noun,ಸಂ ,1,ಮೋಕ್ಷ
ಅವ್ಯವಧಾನ,noun,ಸಂ ,1,ಬಿಡುವಿಲ್ಲದಿರುವುದು
ಅವ್ಯವಹಾರ,noun,ಸಂ ,1,ಅಕ್ರಮವಾದುದು
ಅಶನ,noun,ಸಂ ,1,ತಿನ್ನುವುದು
ಅಶನಿ,noun,ಸಂ ,1,ಸಿಡಿಲು
ಅಶರೀರ,noun,ಸಂ ,1,ಮನ್ಮಥ
ಅಶೋಕ,noun,ಸಂ ,1,ದುಃಖರಹಿತನಾದವನು
ಅಶೋಕಚಕ್ರ,noun,ಸಂ ,1,ಅಶೋಕ ಚಕ್ರವರ್ತಿ ಸಾರನಾಥದಲ್ಲಿ ನಿರ್ಮಿಸಿದ ಸ್ಮಾರಕಸ್ತಂಭದ ಧರ್ಮ ಚಕ್ರ
ಅಶೌಚ,noun,ಸಂ ,1,ಕೊಳೆ
ಅಶ್ಮ,noun,ಸಂ ,1,ಕಲ್ಲು
ಅಶ್ರುತ,noun,ಸಂ ,1,ವೇದವಿರುದ್ಧವಾದುದು
ಅಶ್ವ,noun,ಸಂ ,1,ಕುದುರೆ
ಅಶ್ವಬಲ,noun,ಸಂ ,1,ಕುದುರೆಯು ಹೊಂದಿರುವ ಶಕ್ತಿ
ಅಶ್ವಿನಿ,noun,ಸಂ ,1,ಅಶ್ವಿನಿ ದೇವತೆಗಳ ತಾಯಿ
ಅಷಾಢ,noun,ಸಂ ,1,ಆಷಾಢ ಮಾಸ
ಅಷ್ಟ,noun,ಸಂ ,1,ಎಂಟು
ಅಷ್ಟಕ,noun,ಸಂ ,1,ಎಂಟು ಭಾಗಗಳುಳ್ಳದ್ದು
ಅಷ್ಟಭೋಗ,noun,ಸಂ ,1,"ಮನೆ, ಹಾಸುಗೆ, ವಸ್ತ್ರ, ಆಭರಣ, ಸ್ತ್ರೀ, ಪುಷ್ಪ, ಗಂಧ ಮತ್ತು ತಾಂಬೂಲ ಎಂಬ ಎಂಟು ಭೋಗ್ಯವಸ್ತುಗಳು"
ಅಷ್ಟಾಪದ,noun,ಸಂ ,1,ಶರಭ
ಅಷ್ಟಾವಕ್ರ,noun,ಸಂ ,1,ಬಹಳ ವಿಕಾರವುಳ್ಳುದು
ಅಷ್ಟಾವಧಾನ,noun,ಸಂ ,1,ಎಂಟು ವಿಷಯಗಳಿಗೆ ಒಂದೇ ಕಾಲದಲ್ಲಿ ಗಮನ ಕೊಡುವುದು
ಅಸ(ಡ್ಡಾ)ಡ್ಢಾಳ,noun,<ದೇ. ಅಸಡ್ಡೆ + ಹಾಳು ,1,ಅವ್ಯವಸ್ಥೆ
ಅಸಂಭವ,noun,ಸಂ ,1,ಸಂಭವನೀಯವಲ್ಲದುದು
ಅಸಗ,noun,ದೇ ,1,ಅಗಸ
ಅಸತ್ತು,noun,ಸಂ ,1,ಇಲ್ಲದಿರುವುದು
ಅಸದಳ,noun,ದೇ ,1,ಅಸಾಧ್ಯ
ಅಸಮಾಸ್ತ್ರ,noun,ಸಂ ,1,ಬೆಸಸಂಖ್ಯೆಯ ಬಾಣ
ಅಸಹಾಯ,noun,ಸಂ ,1,ಅಸಹಾಯಕ
ಅಸಾದೃಶ್ಯ,noun,ಸಂ ,1,ಹೋಲಿಕೆಯಿಲ್ಲದಿರುವಿಕೆ
ಅಸಾಧ್ಯ,noun,ಸಂ ,1,ಶಕ್ಯವಲ್ಲದುದು
ಅಸಿ,noun,ಸಂ ,1,ಕತ್ತಿ
ಅಸಿತ,noun,ಸಂ ,1,ಕಪ್ಪಾದುದು
ಅಸಿದು,noun,ದೇ ,1,ಚಿಕ್ಕದು
ಅಸಿಧಾರಾ,noun,ವ್ರತ ,1,"ಕತ್ತಿಯ ಅಲುಗಿನ ಮೇಲೆ ನಡೆಯುವಂತೆ, ಆಚರಿಸಲು ಬಹಳ ಕಷ್ಟವಾದ ಒಂದು ವ್ರತ"
ಅಸಿಪತ್ರ,noun,ವ್ರತ ,1,ಕತ್ತಿಯ ಅಲಗು
ಅಸು,noun,ಸಂ ,1,ಪ್ರಾಣ
ಅಸೂಯೆ,noun,ಸಂ ,1,ಹೊಟ್ಟೆಕಿಚ್ಚು
ಅಸ್ತ,noun,ಸಂ ,1,ಕೊನೆ
ಅಸ್ತ್ರ,noun,ಸಂ ,1,ಬಾಣ
ಅಸ್ಪ,noun,ಶ್ಯ ಸಂ ,1,ಮುಟ್ಟಬಾರದುದು
ಅಸ್ರ,noun,ಸಂ ,1,ರಕ್ತ
ಅಹಂ,noun,ಸಂ ,1,ನಾನು ಎಂಬ ಭಾವ
ಅಹಂಕಾರ,noun,ಸಂ ,1,"ಗರ್ವ, ಹಮ್ಮು"
ಅಹಿ,noun,ಸಂ ,1,ಹಾವು
ಆಂಕೆ,noun,ದೇ ,1,"ಊರೆ, ಆಸರೆ"
ಆಂಗಿಕ,noun,ಸಂ ,1,ನಾಟ್ಯದ ನಾಲ್ಕು ಬಗೆಯ ಅಭಿನಯಗಳಲ್ಲಿ ಒಂದು
ಆಂತರ್ಯ,noun,ಸಂ ,1,ಒಳಗುಟ್ಟು
ಆಂದೋಲ(ಳ)ನ,noun,ಸಂ ,1,ಚಳುವಳಿ
ಆಂದೋಲನ(ಳ),noun,ಸಂ ,1,ತೂಗಾಡುವುದು
ಆಕರ,noun,ಸಂ ,1,ಗಣಿ
ಆಕರ್ಷಕ,noun,ಸಂ ,1,ಮನಸ್ಸನ್ನು ಸೆಳೆಯುವಂತಹದು
ಆಕಲನ,noun,ಸಂ ,1,ಸೇರಿಸುವುದು
ಆಕಾಶ,noun,ಸಂ ,1,"ಪಂಚಭೂತಗಳಲ್ಲಿ ಒಂದು, ಗಗನ"
ಆಕಾಶಗಂಗೆ,noun,ಸಂ ,1,ದೇವಗಂಗಾ ನದಿ
ಆಕುಂಚಿತ,noun,ಸಂ ,1,ಕುಗ್ಗಿದುದು
ಆಕುಲ,noun,ಸಂ ,1,ವ್ಯಾಕುಲ
ಆಕೃತಿ,noun,ಸಂ ,1,ಆಕಾರ
ಆಕ್ರಮಣ,noun,ಸಂ ,1,ಮೇಲೆ ಬೀಳುವುದು
ಆಕ್ರೋಶ,noun,ಸಂ ,1,"ದುಃಖದಿಂದ ಗಟ್ಟಿಯಾಗಿ ಕೂಗಿಕೊಳ್ಳುವುದು, ಅರಚುವುದು"
ಆಕ್ಷಿಪ್ತ,noun,ಸಂ ,1,ಹಾಸ್ಯ
ಆಕ್ಷೇಪ,noun,ಸಂ ,1,ಎಸೆಯುವುದು
ಆಖಾತ,noun,ಸಂ ,1,"ಸರೋವರ, ಕೊಳ"
ಆಖೇಟ,noun,ಸಂ ,1,ಬೇಟೆ
ಆಖ್ಯಾನ,noun,ಸಂ ,1,ನಿರೂಪಣೆ
ಆಖ್ಯೆ,noun,ಸಂ ,1,ಹೆಸರು
ಆಗಂತುಕ,noun,ಸಂ ,1,ಅಪರಿಚಿತ
ಆಗಮ,noun,ಸಂ ,1,"ಸೇರುವುದು, ಬರುವುದು"
ಆಗಮಿಸು,noun,ಸಂ ,1,"ವಿಗ್ರಹ ಪ್ರತಿಷ್ಠೆ, ಪೂಜೆ ಮೊ. ಶಾಸ್ತ್ರಗಳನ್ನು ತಿಳಿದವನು"
ಆಗರ,noun,ಸಂ ,1,ಆಶ್ರಯ
ಆಗಾಮಿ,noun,ಸಂ ,1,ಮುಂದಿನದು
ಆಗಾರ,noun,ಸಂ ,1,ಮನೆ
ಆಗು,noun,ದೇ ,1,ಆಗುವಿಕೆ
ಆಗ್ರ,noun,<ಸಂ. ಅಗ್ರಹಾರ ,1,ಮನೆ
ಆಗ್ರಹ,noun,ಸಂ ,1,ತೆಗೆದುಕೊಳ್ಳುವುದು
ಆಘಾಟ,noun,ಸಂ ,1,"ಎಲ್ಲೆ, ಗಡಿ, ಮೇರೆ"
ಆಘಾತ,noun,ಸಂ ,1,"ಪೆಟ್ಟು, ಹೊಡೆತ"
ಆಘೋಷಣ,noun,ಸಂ ,1,ಸಾರಿ ಹೇಳುವುದು
ಆಚಾರ,noun,ಸಂ ,1,"ಕಟ್ಟುಪಾಡು, ಸಂಪ್ರದಾಯ"
ಆಚಾರಿ,noun,<ಸಂ. ಆಚಾರಿನ್ ,1,ಆಚಾರವುಳ್ಳವನು
ಆಚಾರ್ಯ,noun,ಸಂ ,1,ಗುರು
ಆಚ್ಛಾದನ,noun,ಸಂ ,1,"ಮರೆ, ಮುಸುಕು"
ಆಜಿ,noun,ಸಂ ,1,ಯುದ್ಧ
ಆಜೀವ,noun,ಸಂ ,1,"ಜೀವನೋಪಾಯ, ವೃತ್ತಿ"
ಆಜ್ಞೆ,noun,ಸಂ ,1,ಅಪ್ಪಣೆ
ಆಟ,noun,ದೇ ,1,ಕ್ರೀಡೆ
ಆಟವಿಕ,noun,ಸಂ ,1,ಬೇಡ
ಆಟೋಪ,noun,ಸಂ ,1,ಆಡಂಬರ
ಆಡಂಬರ,noun,ಸಂ ,1,"ತೋರಿಕೆ, ಢಂಭ"
ಆಡಿಕೆ,noun,ದೇ ,1,"ಚಲನೆ, ಸುಳಿದಾಟ"
ಆಢ್ಯ,noun,ಸಂ ,1,ಶ್ರೇಷ್ಠ
ಆಣತಿ,noun,<ಸಂ. ಆಜ್ಞಪ್ತಿ ,1,ಅಪ್ಪಣೆ
ಆಣಿ,noun,ದೇ ,1,ಉತ್ತಮವಾದುದು
ಆಣೆ,noun,<ಸಂ. ಆಜ್ಞಾ ,1,ಅಪ್ಪಣೆ
ಆಣ್ಮ,noun,ದೇ ,1,"ಒಡೆಯ, ಪತಿ, ಯಜಮಾನ"
ಆತಂಕ,noun,ಸಂ ,1,ರೋಗ
ಆತರ,noun,ಸಂ ,1,ನದಿಯನ್ನು ದಾಟುವುದು
ಆತುರ,noun,ಸಂ ,1,ಯಾತನೆಯಿಂದ ಪೀಡಿತನಾದವನು
ಆತ್ಮ,noun,ಸಂ ,1,ಜೀವ
ಆತ್ಮಭವ,noun,ಸಂ ,1,ಮಗ
ಆತ್ಮರತಿ,noun,ಸಂ ,1,ಪರಮಾತ್ಮನ ಚಿಂತನೆಯಲ್ಲಿರುವ ಆನಂದ
ಆತ್ಮೀಯ,noun,ಸಂ ,1,"ಆಪ್ತ, ಬಂಧು"
ಆತ್ಮೀಯತೆ,noun,ಸಂ ,1,"ತನ್ನದೆಂಬ ಅಭಿಮಾನ, ಸ್ವಕೀಯವೆಂಬ ಭಾವನೆ"
ಆದರ,noun,ಸಂ ,1,ಗೌರವ
ಆದರ್ಶ,noun,ಸಂ ,1,ಕನ್ನಡಿ
ಆದಾಬು,noun,<ಅರ. ಆದಾಬ್ ,1,ಗೌರವ ಸೂಚನೆ
ಆದಿ,noun,ಸಂ ,1,ಮೊದಲು
ಆದಿತ್ಯ,noun,ಸಂ ,1,ಸೂರ್ಯ
ಆದಿಮಾನವ,noun,ಸಂ ,1,ಭೂಮಿಯ ಮೇಲೆ ಜನ್ಮ ತಳೆದ ಮೊದಲ ಮನುಷ್ಯ
ಆದೇಶ,noun,ಸಂ ,1,"ಆಜ್ಞೆ, ಅಪ್ಪಣೆ"
ಆದ್ಯ,noun,ಸಂ ,1,"ಮೊದಲನೆಯವನು, ಪೂರ್ವಿಕ"
ಆಧಾನ,noun,ಸಂ ,1,ಇಡುವುದು
ಆಧಾರ,noun,ಸಂ ,1,ಆಶ್ರಯ
ಆಧಿ,noun,ಸಂ ,1,ಮಾನಸಿಕವಾದ ತೊಂದರೆ
ಆಧಿಕ್ಯ,noun,ಸಂ ,1,"ವಿಶೇಷ, ಹೆಚ್ಚಾಗಿರುವುದು"
ಆಧಿಪತ್ಯ,noun,ಸಂ ,1,ಪ್ರಭುತ್ವ
ಆಧಿಭೌತಿಕ,noun,ಸಂ ,1,ಪ್ರಾಣಿಗಳಿಂದ ಒದಗುವ ವಿಪತ್ತು
ಆಧೋರಣ,noun,ಸಂ ,1,ಮಾವುತ
ಆನಂದ,noun,ಸಂ ,1,ಸಂತೋಷ
ಆನನ,noun,ಸಂ ,1,ಮುಖ
ಆನರ್ತ,noun,ಸಂ ,1,ರಂಗಸ್ಥಳ
ಆನಾಹ,noun,ಸಂ ,1,ಕಟ್ಟಿಕೊಳ್ಳುವುದು
ಆನಿಕೆ,noun,ದೇ ,1,"ಪ್ರತಿಭಟನೆ, ಎದುರಿಸುವುದು"
ಆನೀಕ,noun,ಸಂ ,1,ಸೈನ್ಯ
ಆನುಪೂರ್ವಿ,noun,ಸಂ ,1,"ಅನುಕ್ರಮ, ಪರಿವಿಡಿ"
ಆಪನ್ನ,noun,ಸಂ ,1,ಆಪತ್ತಿನಲ್ಲಿರುವವನು
ಆಪಾತ,noun,ಸಂ ,1,"ಮುತ್ತಿಗೆ, ಆಕ್ರಮಣ"
ಆಪಾದನೆ,noun,<ಸಂ. ಆಪಾದನ ,1,"ತಪ್ಪು ಹೊರಿಸುವುದು, ಆರೋಪಣೆ"
ಆಪೀಡ,noun,ಸಂ ,1,"ಒತ್ತುವುದು, ಅದುಮುವುದು"
ಆಪು,noun,ದೇ ,1,ಒಂದು ಬಗೆಯ ಜೊಂಡು ಹುಲ್ಲು
ಆಪೋಶನ,noun,ಸಂ ,1,"ಊಟಕ್ಕೆ ಮೊದಲೂ, ನಂತರವೂ ಮಂತ್ರಪೂರ್ವಕವಾಗಿ ಅಂಗೈಯ ನೀರನ್ನು ಹೀರುವ ಕ್ರಿಯೆ"
ಆಪ್ತ,noun,ಸಂ ,1,ನಂಬಿಕೆಗೆ ಅರ್ಹನಾದವನು
ಆಪ್ತವಾಕ್ಯ,noun,ಸಂ ,1,ಹಿತವಾದ ಮಾತು
ಆಬಾದು,noun,ಪಾರ ,1,ಸಾಗುವಳಿ
ಆಭಾಸ,noun,ಸಂ ,1,"ಕಾಂತಿ, ಪ್ರಕಾಶ"
ಆಭೀರ,noun,ಸಂ ,1,"ದನಗಾಹಿ, ಗೊಲ್ಲ"
ಆಭೋಗ,noun,ಸಂ ,1,"ವಿಸ್ತಾರ, ಹರಹು"
ಆಮ,noun,ಸಂ ,1,ಮಡಕೆಗಳನ್ನು ಸುಡುವ ಒಲೆ
ಆಮಂತ್ರಣ,noun,ಸಂ ,1,"ಆಹ್ವಾನ, ಕರೆ"
ಆಮದು,noun,ಮರಾ ,1,ಆದಾಯ
ಆಮಸೋಲು,noun,ಮರಾ ,1,ಒಂದು ಬಗೆಯ ಹುಳಿಹಣ್ಣು
ಆಮಿಷ,noun,ಸಂ ,1,ಮಾಂಸ
ಆಮೋದ,noun,ಸಂ ,1,ಸಂತೋಷ
ಆಮ್ನಾಯ,noun,ಸಂ ,1,ವೇದ
ಆಮ್ರ,noun,ಸಂ ,1,ಮಾವು
ಆಮ್ಲ,noun,ಸಂ ,1,ಹುಳಿರಸ
ಆಯ,noun,ಸಂ ,1,"ಆದಾಯ, ವರಮಾನ"
ಆಯಕಟ್ಟು,noun,ಸಂ ,1,ಮರ್ಮಸ್ಥಾನ
ಆಯತ,noun,ಸಂ ,1,ಉಚಿತವಾದ ಕ್ರಮ
ಆಯತನ,noun,ಸಂ ,1,ವಾಸಸ್ಥಾನ
ಆಯತಿ,noun,ಸಂ ,1,ವಿಸ್ತಾರ
ಆಯತಿಕೆ,noun,<ಸಂ. ಅಯತ + ಇಕೆ ,1,"ಪ್ರಭಾವ, ಘನತೆ"
ಆಯತ್ತ,noun,ಸಂ ,1,"ವಶ, ಅಧೀನ"
ಆಯಾತ,noun,ಸಂ ,1,ಬಂದವನು
ಆಯಾಮ,noun,ಸಂ ,1,ಉದ್ದ
ಆಯಾಸ,noun,ಸಂ ,1,ಪ್ರಯತ್ನ
ಆಯಿ,noun,ದೇ ,1,ತಾಯಿ
ಆಯುಧ,noun,ಸಂ ,1,"ಯುದ್ಧದಲ್ಲಿ ಬಳಸುವ ಸಾಧನ, ಕತ್ತಿ, ಗದೆ, ಚಕ್ರ ಇತ್ಯಾದಿ"
ಆಯೋಗ,noun,ಸಂ ,1,ಒಂದು ಕೆಲಸಕ್ಕಾಗಿ ನೇಮಿಸಿದ ಸಮಿತಿ
ಆಯ್ಕುಳಿ,noun,ದೇ ,1,"ತಿರುಕ, ಭಿಕ್ಷುಕ"
ಆರಂಭ,noun,ಸಂ ,1,ಕೆಲಸ
ಆರಕ್ಷ,noun,ಸಂ ,1,"ರಕ್ಷಣೆ, ಕಾಪು"
ಆರಡಿ,noun,ದೇ ,1,"ಆರು ಕಾಲುಗಳುಳ್ಳ ಕೀಟ, ದುಂಬಿ"
ಆರಣ್ಯಕ,noun,ಸಂ ,1,ಅರಣ್ಯ
ಆರತಿ,noun,ಸಂ ,1,ಅರಿಸಿನ ಯಾ ಕುಂಕುಮ ಮತ್ತು ಸುಣ್ಣ ಬೆರೆಸಿದ ನೀರು ಯಾ ದೀಪಗಳಿಂದ ಎತ್ತುವ ನೀರಾಜನ
ಆರಾಧನೆ,noun,ಸಂ ,1,ಸೇವೆ
ಆರಾಧ್ಯ,noun,ಸಂ ,1,"ಪೂಜ್ಯನಾದವನು, ಸೇವೆಗೆ ಅರ್ಹನಾದವನು"
ಆರಾಮ,noun,ಸಂ ,1,"ಮನೋಹರವಾದುದು, ರಮ್ಯವಾದುದು, ಸುಂದರವಾದುದು"
ಆರುಹತ,noun,<ಸಂ. ಅರ್ಹತ ,1,ಜೈನಮತ
ಆರೂಢ,noun,ಸಂ ,1,"ಏರಿದವನು, ಹತ್ತಿದವನು"
ಆರೆ,noun,<ಸಂ. ಆರಾ ,1,ಚರ್ಮ ಕತ್ತರಿಸುವ ಉಳಿ
ಆರೈಕೆ,noun,ದೇ ,1,"ಪೋಷಣೆ, ಶುಶ್ರೂಷೆ"
ಆರೋಹ,noun,ಸಂ ,1,"ಹತ್ತುವುದು, ಏರುವುದು"
ಆರೋಹಣ,noun,ಸಂ ,1,"ಏರುವುದು, ಹತ್ತುವುದು"
ಆರ್ಜವ,noun,ಸಂ ,1,"ಋಜುಸ್ವಭಾವ, ಪ್ರಾಮಾಣಿಕತೆ"
ಆರ್ತ,noun,ಸಂ ,1,"ಕಷ್ಟ, ಸಂಕಟ, ವಿಪತ್ತು, ತೊಂದರೆ"
ಆರ್ತಿ,noun,ಸಂ ,1,"ವ್ಯಥೆ, ಚಿಂತೆ"
ಆರ್ದ್ರಕ,noun,ಸಂ ,1,ಹಸಿಯ ಶುಂಠಿ
ಆರ್ಪ,noun,ಸಂ ,1,ಪ್ರಾಚೀನವಾದುದು
ಆರ್ಪು,noun,ದೇ ,1,"ಸಾಮರ್ಥ್ಯ, ಪರಾಕ್ರಮ"
ಆರ್ಮ,noun,ಸಂ ,1,"ಆಶ್ರಯಸ್ಥಾನ, ನೆಲೆ"
ಆರ್ಯ,noun,ಸಂ ,1,"ಸಾಧು, ಸಜ್ಜನ"
ಆರ್ಯೆ,noun,ಸಂ ,1,ಪೂಜ್ಯಳಾದವಳು
ಆಲಂಬನ,noun,ಸಂ ,1,ಆಧಾರ
ಆಲಂಭ,noun,ಸಂ ,1,ಕೊಲ್ಲುವುದು
ಆಲಾ(ಳಾ)ಪ,noun,ಸಂ ,1,"ಮಾತು, ಸಂಭಾಷಣೆ"
ಆಲಿ,noun,ಸಂ ,1,ದುಂಭಿ
ಆಲೆ,noun,ದೇ ,1,"ಕಬ್ಬಿನಿಂದ ರಸತೆಗೆಯುವ ಯಂತ್ರ, ಕಬ್ಬಿನ ಗಾಣ"
ಆಲೇಪನ,noun,ಸಂ ,1,"ಸವರುವುದು, ಬಳಿಯುವುದು"
ಆಲೋಡನ,noun,ಸಂ ,1,"ಕಲಕುವುದು, ಕಡೆಯುವುದು"
ಆಲೋಲ,noun,ಸಂ ,1,ಆಸಕ್ತನಾದವನು
ಆಳ,noun,ದೇ ,1,ಗಾಢತೆ
ಆಳಿ,noun,ದೇ ,1,"ಮೋಸ, ವಂಚನೆ"
ಆಳು,noun,ದೇ ,1,"ಗಂಡಸು, ಪುರುಷ"
ಆಳ್ತನ,noun,ದೇ ,1,"ಆಳಿನ ಕೆಲಸ, ಸೇವಕತನ"
ಆವರಣ,noun,ಸಂ ,1,"ಮುಸುಕು, ಹೊದಿಕೆ"
ಆವರ್ಜನ,noun,ಸಂ ,1,"ಬಾಗುವುದು, ಒರಗುವುದು"
ಆವರ್ತ,noun,ಸಂ ,1,ನೀರಿನ ಸುಳಿ
ಆವರ್ತನ,noun,ಸಂ ,1,"ತಿರುಗುವಿಕೆ, ಸುತ್ತುವುದು"
ಆವಲಿ,noun,ಸಂ ,1,ಸಾಲು
ಆವಳಿ,noun,ಸಂ ,1,"ಗುಂಪು, ರಾಶಿ"
ಆವಾಪ,noun,ಸಂ ,1,ಬೀಜವನ್ನು ಬಿತ್ತುವುದು
ಆವಿದ್ಧ,noun,ಸಂ ,1,"ತೂತು, ರಂಧ್ರ"
ಆವಿಷ್ಕರಣ,noun,ಸಂ ,1,ಕಾಣಿಸಿಕೊಳ್ಳುವುದು
ಆವಿಷ್ಕಾರ,noun,ಸಂ ,1,"ಸಂಶೋಧನೆ, ಕಂಡು ಹಿಡಿಯುವುದು"
ಆವೃತ್ತಿ,noun,ಸಂ ,1,ಮತ್ತೆ ಮತ್ತೆ ಬರುವುದು
ಆವೇಶ,noun,ಸಂ ,1,ಉಂಟಾಗುವಿಕೆ
ಆಶಂಕೆ,noun,ಸಂ ,1,"ಸಂದೇಹ, ಸಂಶಯ"
ಆಶಂಸನ,noun,ಸಂ ,1,ಹಾರೈಸುವುದು
ಆಶಾಂಬರ,noun,ಸಂ ,1,ದಿಕ್ಕುಗಳು ಮತ್ತು ಆಕಾಶ
ಆಶಿ,noun,ಸಂ ,1,ಹಾವಿನ ಹಲ್ಲು
ಆಶು,noun,ಸಂ ,1,"ವೇಗ, ತ್ವರೆ"
ಆಶುಗ,noun,ಸಂ ,1,ಗಾಳಿ
ಆಶೆ,noun,ಸಂ ,1,"ಆಸೆ, ಬಯಕೆ"
ಆಶ್ಚರ್ಯ,noun,ಸಂ ,1,"ಚೋದ್ಯ, ಸೋಜಿಗ"
ಆಶ್ರಮ,noun,ಸಂ ,1,ಋಷಿಗಳ ವಾಸಸ್ಥಾನ
ಆಶ್ರಯ,noun,ಸಂ ,1,"ಆಸರೆ, ಅವಲಂಬನ"
ಆಶ್ರವ,noun,ಸಂ ,1,"ವಿಧೇಯ, ಆಜ್ಞಾನುವರ್ತಿ"
ಆಶ್ಲೇಷ,noun,ಸಂ ,1,"ಅಪ್ಪುಗೆ, ಆಲಿಂಗನ"
ಆಶ್ವಾಸ,noun,ಸಂ ,1,ನಂಬಿಕೆಯನ್ನುಉಂಟುಮಾಡುವುದು
ಆಷಾಢ,noun,ಸಂ ,1,ಚಾಂದ್ರಮಾನದಲ್ಲಿ ನಾಲ್ಕನೆಯ ತಿಂಗಳು
ಆಸಕ್ತಿ,noun,ಸಂ ,1,"ಶ್ರದ್ಧೆ, ತಲ್ಲೀನತೆ, ತತ್ಪರತೆ"
ಆಸನ,noun,ಸಂ ,1,ಕುಳಿತುಕೊಳ್ಳುವುದು
ಆಸರು,noun,ದೇ ,1,"ದಣಿವು, ಬಳಲಿಕೆ"
ಆಸವಾರಿ,noun,<ಸಂ. ಅಶ್ವವಾರ ,1,ಕುದುರೆಯ ಸೇವಕ
ಆಸಾರ,noun,ಸಂ ,1,ಜಡಿಮಳೆ
ಆಸುರ,noun,ಸಂ ,1,ಭಯಂಕರ
ಆಸೆ,noun,<ಸಂ. ಆಶಾ ,1,"ಬಯಕೆ, ಅಪೇಕ್ಷೆ"
ಆಸ್ತರಣ,noun,ಸಂ  ,1,ಹರಡುವುದು
ಆಸ್ತಿಕ,noun,ಸಂ ,1,"ಪರಲೋಕ, ದೈವ, ಧರ್ಮಗಳಲ್ಲಿ ನಂಬಿಕೆ ಇರುವವನು"
ಆಸ್ಥಾನ,noun,ಸಂ ,1,ಜಾಗ
ಆಸ್ಪದ,noun,ಸಂ ,1,"ನೆಲೆ, ಅಶ್ರಯ"
ಆಸ್ಫೋಟಕ,noun,ಸಂ ,1,ಸ್ಫೋಟವಾಗುವ ವಸ್ತು
ಆಸ್ಯ,noun,ಸಂ ,1,ಮುಖ
ಆಸ್ರವ,noun,ಸಂ ,1,ಹರಿಯುವಿಕೆ
ಆಸ್ವಾದ,noun,ಸಂ ,1,"ರುಚಿ ನೋಡುವುದು, ಸವಿಯುವುದು"
ಆಹತ,noun,ಸಂ ,1,"ಹೊಡೆತ, ಪೆಟ್ಟು"
ಆಹರ,noun,ಸಂ ,1,ಆಹಾರ
ಆಹವ,noun,ಸಂ ,1,"ಯಾಗ, ಯಜ್ಞ"
ಆಹಾರ,noun,ಸಂ ,1,"ಅನ್ನ, ಕೂಳು"
ಆಹುತಿ,noun,ಸಂ ,1,ಯಜ್ಞಾಯಾಗಾದಿಗಳಲ್ಲಿ ದೇವತೆಗಳಿಗಾಗಿ ಅಗ್ನಿಯಲ್ಲಿ ಅರ್ಪಿಸುವ ಹವಿಸ್ಸು
ಆಹೃತಿ,noun,ಸಂ ,1,ತರುವುದು
ಆಹ್ನಿಕ,noun,ಸಂ ,1,ಕರ್ಮ ಸಂಧ್ಯಾವಂದನೆ ಮುಂ. ನಿತ್ಯಕರ್ಮ
ಆಹ್ವಾನ,noun,ಸಂ ,1,ಸವಾಲು
ಇಂ.,noun,candle ,1,ಮೇಣದ ಬತ್ತಿ
ಇಂಗಲೀಕ,noun,<ಸಂ. ಹಿಂಗುಲಿಕಾ ,1,"ಪಾದರಸದಿಂದ ಆದ ಒಂದು ಅದಿರು, ಹಿಂಗುಳ"
ಇಂಗಾಲ,noun,ಪ್ರಾ ,1,ಇದ್ದಲು
ಇಂಚರ,noun,ದೇ ,1,ಇಂಪಾದ ಧ್ವನಿ
ಇಂಡೆ,noun,ದೇ ,1,"ಚೂರು, ತುಣುಕು"
ಇಂದ್ರ,noun,ಸಂ ,1,ದೇವತೆಗಳ ಒಡೆಯ
ಇಂದ್ರಾಯುಧ,noun,ಸಂ ,1,"ಇಂದ್ರನ ಆಯುಧ, ವಜ್ರಾ ಯುಧ"
ಇಂದ್ರಿಯ,noun,ಸಂ ,1,"ಶಬ್ದ, ಸ್ಪರ್ಶ, ರೂಪ, ರಸ, ಗಂಧಗಳನ್ನು ಗ್ರಹಿಸಲು ಸಹಕಾರಿಯಾಗಿರುವ ಅವಯವ"
ಇಂಪು,noun,ದೇ ,1,"ಸವಿ, ರುಚಿ"
ಇಂಬು,noun,ದೇ ,1,"ಎಡೆ, ಆಶ್ರಯ"
ಇಕ್ಕಳ,noun,ದೇ ,1,"ವಸ್ತುಗಳನ್ನು ಹಿಡಿಯಲು ಬಳಸುವ ಲೋಹದ ಸಾಧನ, ಇಕ್ಕುಳ"
ಇಕ್ಷುಚಾಪ,noun,ದೇ ,1,ಕಬ್ಬಿನ ಕೋಲಿನಿಂದಾದ ಬಿಲ್ಲು
ಇಕ್ಷ್ವಾಕು,noun,ಸಂ ,1,ಅಯೋಧ್ಯೆಯನ್ನು ಆಳುತ್ತಿದ್ದ ಸೂರ್ಯವಂಶದ ಒಬ್ಬ ದೊರೆ
ಇಚ್ಚೆ(ಚ್ಛೆ),noun,ಸಂ ,1,"ಆಸೆ, ಅಪೇಕ್ಷೆ"
ಇಜಾರ,noun,ಅರ ,1,"ಷರಾಯಿ, ಚಣ್ಣ"
ಇಟ್ಟಣ,noun,ದೇ ,1,"ಮನೋಹರವಾದುದು, ಸುಂದರವಾದುದು"
ಇಟ್ಟೆಡೆ,noun,ದೇ ,1,ಇಕ್ಕಟ್ಟು
ಇಡುಕು,noun,ದೇ ,1,ಸ್ವಯಂ ಪೂರ್ಣವಾದುದು
ಇತಿಮಿತಿ,noun,= ,1,ಸ್ವರೂಪ ಮತ್ತು ಪರಿಮಿತಿ
ಇದಿರ್(ರು),noun,ದೇ ,1,"ಅಭಿಮುಖ, ಸಮ್ಮುಖ"
ಇದ್ಧ್ಮ,noun,ಸಂ ,1,"ಸೌದೆ, ಕಟ್ಟಿಗೆ"
ಇನ,noun,ಸಂ ,1,ಸೂರ್ಯ
ಇನಿತು,noun,ದೇ ,1,"ಕೊಂಚ, ಸ್ವಲ್ಪ"
ಇನಿದು,noun,ದೇ ,1,ಇಂಪು
ಇನಿಸು,noun,ದೇ ,1,ಇಷ್ಟು
ಇಬ್ಬಂದಿ,noun,ದೇ ,1,ಒಮ್ಮೆ ಆಕಡೆ ಮತ್ತೊಮ್ಮೆ ಈಕಡೆ ಇರುವ ವ್ಯಕ್ತಿ
ಇಭ್ಯ,noun,ಸಂ ,1,ಐಶ್ವರ್ಯವಂತ
ಇಮರು,noun,ದೇ ,1,ಒಣಗು
ಇಮಾನಿ,noun,ಅರ ,1,ವಿಶ್ವಾಸ
ಇರವು,noun,ದೇ ,1,ಇರುವಿಕೆ
ಇರಿಕೆ,noun,ದೇ ,1,ಇರುವ ಸ್ಥಿತಿ
ಇರುಬು,noun,ದೇ ,1,ಇಕ್ಕಟ್ಟು
ಇರುಳ್(ಳು),noun,ದೇ ,1,ರಾತ್ರಿ
ಇರ್ಕೆ,noun,ದೇ ,1,ವಾಸಸ್ಥಾನ
ಇಲಾಜು,noun,ಅರ ,1,"ಉಪಚಾರ, ಚಿಕಿತ್ಸೆ"
ಇಷು,noun,ಸಂ ,1,"ಬಾಣ, ಅಂಬು"
ಇಷ್ಟಿ,noun,ಸಂ ,1,"ಯಾಗ, ಯಜ್ಞ"
ಇಹ,noun,ಸಂ ,1,"ಇರುವಿಕೆ, ಸ್ಥಿತಿ"
ಈಕ್ಷಣ,noun,ಸಂ ,1,ಕಣ್ಣು
ಈಚಿಲು,noun,ದೇ ,1,"ತಾಳೆಯ ಜಾತಿಗೆ ಸೇರಿದ ಮರ, ಹೆಂಡದ ಮರ"
ಈಡು,noun,ದೇ ,1,"ಹೊಡೆಯ ಬೇಕಾದ ವಸ್ತು, ಗುರಿ"
ಈರಲು,noun,ದೇ ,1,ಮರದ ನೆರಳಿನಿಂದ ಬೆಳೆ ಸರಿಯಾಗಿ ಬರದಿರುವಿಕೆ
ಈರು,noun,ದೇ ,1,"ಹೇನಿನ ಮೊಟ್ಟೆ, ಸೀರು"
ಈಳೆ,noun,ದೇ ,1,ಕಿತ್ತಳೆ
ಈಶ,noun,ಸಂ ,1,"ಒಡೆಯ, ಪ್ರಭು"
ಈಶಾನ್ಯ,noun,ಸಂ ,1,ಉತ್ತರದಿಕ್ಕಿಗೂ ಪೂರ್ವ ದಿಕ್ಕಿಗೂ ಮಧ್ಯೆ ಇರುವ ದಿಕ್ಕು
ಈಶ್ವರ,noun,ಸಂ ,1,"ಒಡೆಯ, ಪ್ರಭು"
ಈಷಣ,noun,ಸಂ ,1,"ಆಸೆ, ಬಯಕೆ"
ಈಸು,noun,ದೇ ,1,ಈಜುವುದು
ಈಹೆ,noun,ಸಂ ,1,ಆಸೆ
ಉಂಜಲು,noun,ದೇ ,1,ಉಯ್ಯಾಲೆ ಮಣೆ
ಉಂಡಲಿಗೆ,noun,ದೇ ,1,ಬೇಯಿಸಿದ ಹಿಟ್ಟಿನ ಮುದ್ದೆ
ಉಂಡಿಗೆ,noun,ದೇ ,1,ಉಂಡೆ
ಉಕ್ಕಂದ,noun,ದೇ ,1,ತುಂಬಿ ತುಳುಕಾಡುವಂತಹ ಸ್ಥಿತಿ
ಉಕ್ಕಡ,noun,ದೇ ,1,ಊರಿನ ಯಾ ನಗರದ ಗಡಿ
ಉಕ್ಕು,noun,ದೇ ,1,"ಹಿಗ್ಗುವಿಕೆ, ಉತ್ಸಾಹ"
ಉಕ್ಕೆವ,noun,<ದೇ. ತೆಲು. ಉಕ್ಕಿವ ,1,"ಮೋಸ, ಕಪಟ"
ಉಕ್ಷ,noun,ಸಂ ,1,"ಎತ್ತು, ಗೂಳಿ"
ಉಗಮ,noun,ಸಂ ,1,ಹುಟ್ಟುವ ಸ್ಥಳ
ಉಗಿ,noun,ದೇ ,1,"ನೀರಿನ ಹಬೆ, ಆವಿ"
ಉಗುರಡ್ಡಿಗೆ,noun,ದೇ ,1,ಉಗುರಿನ ಅಕಾರದಿಂದ ಕೂಡಿದ ಕಂಠಾಭರಣ
ಉಗುರಿಸು,noun,ದೇ ,1,ಉಗುರಿನಿಂದ ಬಾಚು
ಉಗುರು,noun,ದೇ ,1,"ಬೆರಳುಗಳ ಮೇಲ್ಭಾಗದ ತುದಿಯ ಗಟ್ಟಿ ಹೊದಿಕೆ, ನಖ"
ಉಗ್ಗ,noun,ದೇ ,1,"ತೊದಲುವವನು, ಬಿಕ್ಕುವವನು"
ಉಗ್ಗು,noun,ದೇ ,1,ತೊದಲುವಿಕೆ
ಉಗ್ರ,noun,ಸಂ ,1,ಪ್ರಚಂಡತೆ
ಉಗ್ರಗಾಮಿ,noun,ಸಂ ,1,ರಭಸದಿಂದ ಮುಂದೆ ನುಗ್ಗುವವನು
ಉಚಿತ,noun,ಸಂ ,1,ಪುಕ್ಕಟೆಯಾದುದು
ಉಚ್ಚ,noun,ಸಂ ,1,"ಎತ್ತರ, ಮೇಲ್ಮಟ್ಟ"
ಉಚ್ಚಯ,noun,ಸಂ ,1,"ಸಮೂಹ, ರಾಶಿ"
ಉಚ್ಚವ,noun,<ಸಂ. ಉತ್ಸವ ,1,"ಸಡಗರ, ಹಬ್ಬ, ಉತ್ಸವ"
ಉಚ್ಚಾರ,noun,ಸಂ ,1,"ಹೇಳುವಿಕೆ, ಉಚ್ಚಾರಣೆ"
ಉಚ್ಚೈಶ್ರವಸ್ಸು,noun,ಸಂ ,1,ಇಂದ್ರನ ಕುದುರೆ
ಉಚ್ಛ್ವಾಸ,noun,ಸಂ ,1,"ಉಸಿರನ್ನು -ಹೊರಗೆ ಬಿಡುವಿಕೆ, ಒಳಕ್ಕೆ ಎಳೆದುಕೊಳ್ಳುವಿಕೆ"
ಉಜ್ಜವಣಿ,noun,<ಸಂ. ಉದ್ಯಾಪನ ,1,"ವ್ರತವನ್ನು ಪೂರ್ಣಗೊಳಿಸುವ ಕರ್ಮ, ಉದ್ಯಾಪನೆ"
ಉಜ್ಜುಗ,noun,<ಸಂ. ಉದ್ಯೋಗ ,1,"ಕೆಲಸ, ಉದ್ಯೋಗ"
ಉಡಾಫೆ,noun,ಮರಾ ,1,ಅಸಡ್ಡೆ
ಉಡಾಳ,noun,ಮರಾ ,1,ಪೋಲಿ
ಉಡಿ,noun,ದೇ ,1,ಸೊಂಟ
ಉಡಿಕೆ,noun,ದೇ ,1,"ವಿಧವೆಯರು ಮಾಡಿಕೊಳ್ಳುವ ಪುನರ್ವಿವಾಹ, ಕೂಡುವಳಿ"
ಉಡುಪ,noun,ಸಂ ,1,ಅಂಗಹೀನ
ಉಡೆ,noun,ದೇ ,1,ಸೊಂಟ
ಉತ್ಕಟ,noun,ಸಂ ,1,"ಆಧಿಕ್ಯ, ಪ್ರಾಬಲ್ಯ"
ಉತ್ಕರ,noun,ಸಂ ,1,"ರಾಶಿ, ಸಮೂಹ"
ಉತ್ಕರ್ಷ,noun,ಸಂ ,1,"ಹೆಚ್ಚಳ, ಮೇಲ್ಮೆ"
ಉತ್ಕಲಿಕೆ,noun,ಸಂ ,1,ಬಯಕೆ
ಉತ್ಕೋಚ,noun,ಸಂ ,1,ಮೇಲಕ್ಕೆ ಬಾಗುವುದು
ಉತ್ಕ್ರಾಂತಿ,noun,ಸಂ ,1,ಬಿಟ್ಟು ಹೋಗುವಿಕೆ
ಉತ್ಕ್ರೋಶ,noun,ಸಂ ,1,"ಗಟ್ಟಿಯಾದ ಕೂಗು, ಬೊಬ್ಬೆ"
ಉತ್ತಂಸ,noun,ಸಂ ,1,"ಕಿವಿಯ ಆಭರಣ, ಓಲೆ"
ಉತ್ತರ,noun,ಸಂ ,1,"ಮುಂದಿನದು, ಮುಂಭಾಗ"
ಉತ್ತರಾಪಥ,noun,ಸಂ ,1,ವಿಂಧ್ಯಪರ್ವತದಿಂದ ಉತ್ತರಕ್ಕಿರುವ ದೇಶ
ಉತ್ತವಳ,noun,<ಪ್ರಾ. ಉತ್ತಾವಲ ,1,"ಆತುರ, ತವಕ"
ಉತ್ತಾರ,noun,ಸಂ ,1,ಪರಿಹಾರ
ಉತ್ತಾರಕ,noun,ಸಂ ,1,ರಕ್ಷಕ
ಉತ್ತಾರಣ,noun,ಸಂ ,1,ದಾಟುವುದು
ಉತ್ಥಾನ,noun,ಸಂ ,1,"ಮೇಲಕ್ಕೆ ಏಳುವುದು, ಎದ್ದು ನಿಲ್ಲುವುದು"
ಉತ್ಪತ್ತಿ,noun,ಸಂ ,1,"ಹುಟ್ಟುವಿಕೆ, ಜನನ"
ಉತ್ಪನ್ನ,noun,ಸಂ ,1,"ಗಳಿಕೆ, ಸಂಪಾದನೆ"
ಉತ್ಪಲ,noun,ಸಂ ,1,"ಕನ್ನೈದಿಲೆ, ಇಂದೀವರ"
ಉತ್ಪಾತ,noun,ಸಂ ,1,ಮೇಲಕ್ಕೆ ಹಾರುವುದು
ಉತ್ಪ್ರೇಕ್ಷೆ,noun,ಸಂ ,1,ಅಧಿಕವಾಗಿ ವರ್ಣಿಸುವುದು
ಉತ್ಸಂಗ,noun,ಸಂ ,1,"ಸಮ್ಮೇಳನ, ಸಮಾಗಮ"
ಉತ್ಸರ್ಗ,noun,ಸಂ ,1,ವಿಸರ್ಜಿಸುವುದು
ಉತ್ಸವ,noun,ಸಂ ,1,"ಹಬ್ಬ, ಸಮಾರಂಭ"
ಉತ್ಸವಮೂರ್ತಿ,noun,ಸಂ ,1,"ಮೆರವಣಿಗೆಯಲ್ಲಿ ಒಯ್ಯುವ ದೇವಸ್ಥಾನದ ವಿಗ್ರಹ, ಮೂಲ ಮೂರ್ತಿಯಿಂದ ಬೇರೆಯಾದುದು"
ಉತ್ಸಾಹ,noun,ಸಂ ,1,"ಶಕ್ತಿ, ಬಲ"
ಉತ್ಸುಕತೆ,noun,ಸಂ ,1,ಕುತೂಹಲ
ಉತ್ಸೇಕ,noun,ಸಂ ,1,ಚಿಮುಕಿಸುವುದು
ಉದಂತ,noun,ಸಂ ,1,"ಸಮಾಚಾರ, ಸುದ್ದಿ"
ಉದಯ,noun,ಸಂ ,1,"ಸೃಷ್ಟಿ, ಹುಟ್ಟು"
ಉದರ,noun,ಸಂ ,1,"ಹೊಟ್ಟೆ, ಜಠರ"
ಉದಾನ,noun,ಸಂ ,1,ಉಸಿರಾಡುವಿಕೆ
ಉದಾಸೀನ,noun,ಸಂ ,1,ಬೇಸತ್ತವನು
ಉದಾಹರಣೆ,noun,ಸಂ ,1,ಹೇಳಿಕೆ
ಉದುಂಬರ,noun,ಸಂ ,1,ಅತ್ತಿಯ ಮರ
ಉದ್ಗಮ,noun,ಸಂ ,1,ಮೇಲೇರುವುದು
ಉದ್ಗಾರ,noun,ಸಂ ,1,ವಾಂತಿ
ಉದ್ಘ,noun,ಸಂ ,1,ಸುಖ
ಉದ್ಘಾಟನೆ,noun,ಸಂ ,1,ತೆರೆಯುವಿಕೆ
ಉದ್ದ,noun,ದೇ ,1,ಎತ್ತರ
ಉದ್ದಿಮೆ,noun,<ಸಂ. ಉದ್ಯಮ ,1,"ಉದ್ಯೋಗ, ಕಸುಬು"
ಉದ್ದೇಶ,noun,ಸಂ ,1,"ಗುರಿ, ಧ್ಯೇಯ"
ಉದ್ಧರಣ,noun,ಸಂ ,1,"ಉದ್ಧಾರ, ಮೇಲಕ್ಕೆ ಎತ್ತುವಿಕೆ"
ಉದ್ಧರಣೆ,noun,<ಸಂ. ಉದ್ಧರಣ  ,1,ಲೋಹದ ಸಣ್ಣ ಸೌಟು
ಉದ್ಧಾರ,noun,ಸಂ ,1,ಮೇಲಕ್ಕೆ ಎತ್ತುವುದು
ಉದ್ಬೋಧ,noun,ಸಂ ,1,ಎಚ್ಚರ
ಉದ್ಭವ,noun,ಸಂ ,1,ತಲೆದೋರುವುದು
ಉದ್ಯಮ,noun,ಸಂ ,1,ಮೇಲೆ ಎತ್ತುವಿಕೆ
ಉದ್ಯಾನ,noun,ಸಂ ,1,ಕೈತೋಟ
ಉದ್ಯಾಪನ,noun,ಸಂ ,1,ಪೂರ್ತಿ ಮಾಡುವಿಕೆ
ಉದ್ಯೋಗ,noun,ಸಂ ,1,"ಕೆಲಸ, ವೃತ್ತಿ"
ಉದ್ಯೋತ,noun,ಸಂ ,1,"ಹೊಳಪು, ಕಾಂತಿ"
ಉದ್ರೇಕ,noun,ಸಂ ,1,"ಉದ್ವೇಗ, ಆವೇಗ, ತಳಮಳ"
ಉದ್ವರ್ತನ,noun,ಸಂ ,1,ಮೇಲೆ ಏರುವುದು
ಉದ್ವೇಗ,noun,ಸಂ ,1,ವೇಗದಿಂದ ಹೋಗುವುದು
ಉನ್ನತಿ,noun,ಸಂ ,1,"ಮೇಲ್ಮೆ, ಹಿರಿಮೆ"
ಉನ್ನಯನ,noun,ಸಂ ,1,ಮೇಲಕ್ಕೆ ಒಯ್ಯುವುದು
ಉನ್ಮತ್ತ,noun,ಸಂ ,1,ಹುಚ್ಚು ಹಿಡಿದವನು
ಉಪಕರಣ,noun,ಸಂ ,1,ಸಲಕರಣೆ
ಉಪಕಾರ,noun,ಸಂ ,1,"ಸಹಾಯ, ನೆರವು"
ಉಪಕ್ರಮ,noun,ಸಂ ,1,ಸಮೀಪಿಸುವುದು
ಉಪಗ್ರಹ,noun,ಸಂ ,1,ಸಣ್ಣ ಗ್ರಹ
ಉಪಚಯ,noun,ಸಂ ,1,ಶೇಖರಣೆ
ಉಪಚಾರ,noun,ಸಂ ,1,ಸತ್ಕಾರ
ಉಪಜೀವನ,noun,ಸಂ ,1,ಪರಾವಲಂಬಿ ಜೀವನ
ಉಪದಂಶ,noun,ಸಂ ,1,ಗುಹ್ಯರೋಗ
ಉಪದೆ,noun,<ಸಂ. ಉಪದಾ ,1,"ನಜರು, ಕಾಣಿಕೆ"
ಉಪದೇಶ,noun,ಸಂ ,1,ಬೋಧಿಸುವುದು
ಉಪದ್ರವ,noun,ಸಂ ,1,ಕಾಟ
ಉಪಧಾನ,noun,ಸಂ ,1,ತಲೆದಿಂಬು
ಉಪಧಿ,noun,ಸಂ ,1,"ಮೋಸ, ವಂಚನೆ"
ಉಪಧೆ,noun,<ಸಂ. ಉಪಧಾ ,1,ಶಬ್ದದ ಕಡೆಯ ಅಕ್ಷರದ ಹಿಂದಿನ ಅಕ್ಷರ
ಉಪನಯನ,noun,ಸಂ ,1,"ಮುಂಜಿ, ಬ್ರಹ್ಮೋಪ ದೇಶ"
ಉಪನ್ಯಾಸ,noun,ಸಂ ,1,ಭಾಷಣ
ಉಪಪತ್ತಿ,noun,ಸಂ ,1,ಆಧಾರ
ಉಪಪನ್ನ,noun,ಸಂ ,1,ಹಣವಂತ
ಉಪಪ್ಲವ,noun,ಸಂ ,1,ಆಕ್ರಮಣ
ಉಪಭೋಗ,noun,ಸಂ ,1,ವಿಷಯಾನುಭವ
ಉಪಮೆ,noun,ಸಂ ,1,ಹೋಲಿಕೆ
ಉಪರತ,noun,ಸಂ ,1,ವಿರಕ್ತ
ಉಪರತಿ,noun,ಸಂ ,1,ಬಿಡುವು
ಉಪರಿ,noun,ಸಂ ,1,ಮೇಲುಭಾಗ
ಉಪರೋಧ,noun,ಸಂ ,1,ಅಡ್ಡಿ
ಉಪಲಬ್ಧ,noun,ಸಂ ,1,ಪ್ರಸಿದ್ಧವಾದುದು
ಉಪವಾಸ,noun,ಸಂ ,1,ಸಮೀಪದಲ್ಲಿ ನೆಲೆಸುವುದು
ಉಪಸಂಹಾರ,noun,ಸಂ ,1,ಬಿಟ್ಟ ಬಾಣವನ್ನು ಹಿಂದಕ್ಕೆ ತೆಗೆದುಕೊಳ್ಳುವಿಕೆ
ಉಪಸರ್ಗ,noun,ಸಂ ,1,ಹತ್ತಿರ
ಉಪಸ್ಥಿತ,noun,ಸಂ ,1,ಹತ್ತಿರದಲ್ಲಿರುವುದು
ಉಪಹತಿ,noun,ಸಂ ,1,ಹೊಡೆತ
ಉಪಹಾರ,noun,ಸಂ ,1,ಹತ್ತಿರಕ್ಕೆ ತರುವುದು
ಉಪಹಾಸ,noun,ಸಂ ,1,"ಹಾಸ್ಯ, ವಿಡಂಬನೆ"
ಉಪಾಂಗ,noun,ಸಂ ,1,ಅಂಗದೊಳಗಿನ ಅಂಗ
ಉಪಾಂತ್ಯ,noun,ಸಂ ,1,"ಹತ್ತಿರ, ಸಮೀಪ"
ಉಪಾಕರ್ಮ,noun,ಸಂ ,1,"ಶ್ರಾವಣಮಾಸದ ಹುಣ್ಣಿಮೆಯಂದು ಆಚರಿಸುವ ವೈದಿಕಕರ್ಮ, ಜನಿವಾರದ ಹಬ್ಬ"
ಉಪಾಖ್ಯಾನ,noun,ಸಂ ,1,ಪೂರ್ವ ಕಥೆ
ಉಪಾದಾನ,noun,ಸಂ ,1,ತೆಗೆದುಕೊಳ್ಳುವುದು
ಉಪಾಧಿ,noun,ಸಂ ,1,ಧರ್ಮದ ವಿಷಯವಾಗಿ ಮಾಡುವ ಚಿಂತನೆ
ಉಪಾಧ್ಯಾಯಿನಿ,noun,<ಸಂ. ಉಪಾಧ್ಯಾಯ ,1,ಉಪಾಧ್ಯಾಯನ ಹೆಂಡತಿ
ಉಪಾಯ,noun,ಸಂ ಹತ್ತಿರಕ್ಕೆ ಬರುವುದು ,1,"ಯುಕ್ತಿ, ಹಂಚಿಕೆ"
ಉಪಾಯನ,noun,ಸಂ ,1,ಕಾಣಿಕೆ
ಉಪಾಲಂಭ,noun,ಸಂ ,1,ನಿಂದೆ
ಉಪಾಸಕ,noun,ಸಂ ,1,"ಆರಾಧಕ, ಭಕ್ತ"
ಉಪಾಸನೆ,noun,<ಸಂ. ಉಪಾಸನ ,1,ಪೂಜೆ
ಉಪೋದ್ಘಾತ,noun,ಸಂ ,1,"ಪೀಠಿಕೆ, ಮುನ್ನುಡಿ"
ಉಪ್ಪರ,noun,<ಸಂ. ಉಪರಿ ,1,"ಎತ್ತರ, ಉನ್ನತಿ"
ಉಪ್ಪಲಿಗ,noun,ದೇ ,1,ಉಪ್ಪು ತಯಾರಿಸುವವನು
ಉಪ್ಪು,noun,ದೇ ,1,"ಆಹಾರ ಪದಾರ್ಥಗಳನ್ನು ರುಚಿಗೊಳಿಸುವ ಒಂದು ಪದಾರ್ಥ, ಲವಣ"
ಉಬ್ಬಟೆ,noun,ದೇ ,1,"ಅತಿಶಯ, ಹಿರಿಮೆ"
ಉಬ್ಬರ,noun,ದೇ ,1,ಅತಿಶಯ
ಉಬ್ಬಲು,noun,ದೇ ,1,ಹೊಟ್ಟು
ಉಬ್ಬಳಿಕೆ,noun,ದೇ ,1,ಓಕರಿಕೆ
ಉಬ್ಬಸ,noun,ದೇ ,1,ಗೂರಲು ರೋಗ
ಉಬ್ಬೆ,noun,<ದೇ. ತುಳು. ಉಬ್ಬೆ ,1,"ಸೆಕೆ, ಕಾವು"
ಉಬ್ಬೆಗ,noun,<ಸಂ. ಉದ್ವೇಗ ,1,ದುಃಖ
ಉಭಯಲಿಂಗಿ,noun,<ಸಂ. ಉದ್ವೇಗ ,1,ಎರಡು ಲಿಂಗ
ಉಮೇದು,noun,ಪಾರ ,1,ಉತ್ಸಾಹ
ಉಮೇದುವಾರ,noun,ಪಾರ ,1,ಅಭ್ಯರ್ಥಿ
ಉಮ್ಮಲು,noun,ದೇ ,1,"ಉಗುಳು, ಕಫ"
ಉಮ್ಮಳ,noun,<ಸಂ. ಊಷ್ಮ ,1,ದುಃಖ
ಉಮ್ಮಿಗೆ,noun,ದೇ ,1,ಗೋಧಿಯ ಹಸಿಯ ತೆನೆ
ಉರವಣಿಗೆ,noun,<ದೇ. ಉರಿ = ತಾಪ ,1,ಉಪದ್ರವ
ಉರವಣೆ,noun,ದೇ  ,1,"ಆತುರ, ಅವಸರ"
ಉರಿ,noun,ದೇ ,1,ಜ್ವಾಲೆ
ಉರುಟು,noun,ದೇ ,1,ದುಂಡಾಗಿರುವಿಕೆ
ಉರುಳು,noun,ದೇ ,1,ಉರುಳುವಿಕೆ
ಉರ್ಕು,noun,ದೇ ,1,ಹಿಗ್ಗುವಿಕೆ
ಉರ್ವರೆ,noun,<ಸಂ. ಉರ್ವರಾ ,1,"ನೆಲ, ಭೂಮಿ"
ಉರ್ವಿ,noun,<ಸಂ. ಉರ್ವೀ ,1,"ನೆಲ, ಭೂಮಿ"
ಉರ್ವು(ರ್ಬು),noun,ದೇ ,1,ಏಳಿಗೆ
ಉಲಿ,noun,ದೇ ,1,ಧ್ವನಿ
ಉಲೂಕ,noun,ಸಂ ,1,ಗೂಬೆ
ಉಲ್ಬಣ,noun,ಸಂ ,1,"ತೀವ್ರತೆ, ಅತಿಶಯ"
ಉಲ್ಲಂಘನ,noun,ಸಂ ,1,"ದಾಟುವುದು, ಹಾರುವುದು"
ಉಲ್ಲಾಸ,noun,ಸಂ ,1,ಸಂತೋಷ
ಉಲ್ಲೇಖನ,noun,ಸಂ ,1,ಬರೆಯುವುದು
ಉಲ್ಲೋಲ(ಳ),noun,ಸಂ ,1,ದೊಡ್ಡ ತೆರೆ
ಉಳಿ,noun,ದೇ ಲೋಹ ಮೊ.ವನ್ನು ಕತ್ತರಿಸಲು ಉಪಯೋಗಿಸುವ ಒಂದು ಉಪಕರಣ ,1,ಅವಿತುಕೊಳ್ಳುವಿಕೆ
ಉಳಿತಾಯ,noun,ದೇ ,1,ಮಿಗುವಿಕೆ
ಉಳುಕ,noun,ದೇ ,1,ತಪ್ಪಿಸಿಕೊಂಡವನು
ಉಳುಮೆ,noun,ದೇ ,1,"ಬೇಸಾಯ, ಉಳುವಿಕೆ"
ಉಳ್ಳಿ,noun,ದೇ ,1,ಈರುಳ್ಳಿ
ಉಷಣ,noun,ಸಂ ,1,ಶುಂಠಿ
ಉಷಸ್ಸು,noun,ಸಂ ,1,ಬೆಳಗಿನ ಕಾಲ
ಉಷೆ,noun,<ಸಂ. ಉಷಾ ,1,ಬೆಳಗಿನ ಕಾಲ
ಉಷ್ಟ್ರ,noun,ಸಂ ,1,ಒಂಟೆ
ಉಷ್ಣ,noun,ಸಂ ,1,"ಬಿಸಿ, ಕಾವು"
ಉಷ್ಣೀಷ,noun,ಸಂ ,1,"ಮುಂಡಾಸು, ರುಮಾಲು"
ಉಸಿರುಹಿಡಿ,noun,ದೇ ,1,ಜೀವ ಹಿಡಿದುಕೊಳ್ಳು
ಊನ,noun,ಸಂ ,1,ಕುಂದು ಕೊರತೆ
ಊಬು,noun,ದೇ ,1,ಹಂಚಿಕಡ್ಡಿಯ ಮುಳ್ಳು
ಊರ್ಜಸ್ವಿ,noun,ದೇ ,1,ಶಕ್ತಿವಂತ
ಊರ್ಣ,noun,ಸಂ ,1,ಉಣ್ಣೆ
ಊರ್ಧ್ವ,noun,ಸಂ ,1,ಮೇಲ್ಭಾಗ
ಊರ್ಮಿ,noun,ಸಂ ,1,ದೊಡ್ಡ ಅಲೆ
ಊರ್ಮಿಕ,noun,ಸಂ ,1,ಉಂಗುರ
ಊರ್ವ,noun,ಸಂ ,1,ಸಮುದ್ರದ ಬೆಂಕಿ
ಊಷ್ಮ,noun,ಸಂ ,1,ಶಾಖ
ಊಹೆ,noun,<ಸಂ. ಊಹಾ ,1,"ಎಣಿಕೆ, ಅಂದಾಜು"
ಋಕ್ಷ,noun,ಸಂ ,1,ಕರಡಿ
ಋಚ,noun,ಸಂ ,1,ಋಕ್ಕು
ಋಣ,noun,ಸಂ ,1,ಸಾಲ
ಋಣಿ,noun,< ಸಂ. ಋಣಿಕ ,1,ಸಾಲಗಾರ
ಋತ,noun,ಸಂ ,1,ಸತ್ಯ
ಋತು,noun,ಸಂ ,1,"ಶಿಶಿರ, ವಸಂತ, ಗ್ರೀಷ್ಮ, ವರ್ಷ, ಹೇಮಂತ, ಶರದ್ ಎಂಬ ಆರು ಋತುಗಳು"
ಋದ್ಧಿ,noun,ಸಂ ,1,ಅಭಿವೃದ್ಧಿ
ಋಷಭ,noun,ಸಂ ,1,"ಗೂಳಿ, ಎತ್ತು"
ಋಷಿ,noun,ಸಂ ,1,"ತಪಸ್ವಿ, ಮುನಿ"
ಎಂಜಲ್(ಲು),noun,ದೇ ,1,"ತಿಂದ ಮೇಲೆ ಉಳಿ ದದ್ದು, ಉಚ್ಛಿಷ್ಟ"
ಎಂಟೆರ್ದೆ,noun,ದೇ ,1,ಎಂಟು ಎದೆ
ಎಕ್ಕ,noun,<ಸಂ. ಏಕ ,1,"ಒಂದು, ಒಂಟಿ"
ಎಕ್ಕಟಿ,noun,ದೇ ,1,"ಒಬ್ಬಂಟಿಗ, ಏಕಾಕಿ"
ಎಕ್ಕಲ,noun,ದೇ ,1,ಕಾಡುಹಂದಿ
ಎಕ್ಕಸ,noun,ದೇ ,1,ವೇಗ
ಎಕ್ಕಸಕ್ಕ,noun,ದೇ ,1,ಅಸಂಬದ್ಧವಾದ ಮಾತು
ಎಕ್ಕಸರ,noun,<ಸಂ. ಏಕಸರ ,1,ಒಂದು ಎಳೆಯ ಸರ
ಎಕ್ಕೆ,noun,ದೇ ,1,"ಜತೆ, ಸಂಗಡ"
ಎಗ್ಗು,noun,ದೇ ,1,"ದಡ್ಡತನ, ಹೆಡ್ಡತನ"
ಎಚ್ಚರ,noun,<ದೇ. ಎೞ್ಚರ ,1,"ನಿದ್ರೆಯಿಂದ ಏಳುವುದು, ಎಚ್ಚರಗೊಳ್ಳುವುದು"
ಎಡ,noun,ದೇ ,1,"ಬಲಭಾಗದಲ್ಲದ್ದು, ವಾಮಭಾಗ"
ಎಡಚ,noun,ದೇ ,1,"ಎಡಗೈಯಿಂದಲೇ ಕೆಲಸ ಮಾಡುವವನು, ಲೊಡ್ಡ"
ಎಡಚು,noun,ದೇ ,1,"ತೊಂದರೆ, ಅನನುಕೂಲ"
ಎಡವಟ್ಟ,noun,<ದೇ. ಎಡವಟ್ಟು + ಅ ,1,"ತಿಳಿ ವಳಿಕೆಯಿಲ್ಲದವನು, ದಡ್ಡ, ಮೂಢ"
ಎಡವಟ್ಟು,noun,ದೇ ,1,"ಕ್ರಮ ತಪ್ಪಿದ್ದು, ರೂಢಿಗೆ ವಿರೋಧವಾದುದು"
ಎಡೆ,noun,<ಸಂ. ಇಡಾ ,1,ಭೂಮಿ
ಎಡೆಯ,noun,ದೇ ,1,"ಹತ್ತಿರದವನು, ಜೊತೆಯವನು"
ಎಣಿಕೆ,noun,ದೇ ,1,"ಲೆಕ್ಕ ಮಾಡುವುದು, ಲೆಕ್ಕ"
ಎಣೆ,noun,ದೇ ,1,"ಸಮ, ಸಾಟಿ"
ಎದೆಗುದಿ,noun,ದೇ ,1,"ವ್ಯಥೆ, ಸಂತಾಪ"
ಎದೆಮಟ್ಟ,noun,ದೇ ,1,ನೆಲದಿಂದ ಎದೆಯವರೆಗಿನ ಅಳತೆ
ಎಬಡ,noun,ದೇ ,1,"ಸರಿಯಾಗಿ ಮಾತನಾಡಲು ಬಾರದವನು, ದಡ್ಡ"
ಎರಕ,noun,ದೇ ,1,"ಪ್ರೀತಿ, ಅನುರಾಗ"
ಎರಕೆ,noun,ದೇ ,1,ಎರಂಕೆ
ಎರವು,noun,ದೇ ,1,"ಸಾಲ, ಕಡ"
ಎರೆ,noun,ದೇ ,1,ಗಾಡಿಯ ಚಕ್ರಕ್ಕೆ ಹಾಕುವ ಎಣ್ಣೆ ಕೀಲೆಣ್ಣೆ
ಎರೆಯ,noun,ದೇ ,1,"ಯಜಮಾನ, ಪ್ರಭು"
ಎರೆಯೆ,noun,ದೇ ,1,ಒಡತಿ
ಎಲೆ,noun,ದೇ ,1,ಮರಗಿಡಗಳ ಪತ್ರ
ಎಲೆಮದ್ದು,noun,ದೇ ,1,ಅಫೀಮು
ಎಲೆಸಂಚಿ,noun,ದೇ ,1,ಎಲೆಯ ಚೀಲ
ಎಳತಟ,noun,ದೇ ,1,"ತೊಂದರೆ, ಕಿರುಕುಳ"
ಎಳದು,noun,ದೇ ,1,"ಎಳೆತನ, ಬಾಲ್ಯ"
ಎಳದೆನೆ,noun,ದೇ ,1,ಮೊದಲನೆಯ ಗರ್ಭ
ಎಳಪು,noun,ದೇ ,1,"ಎಳೆಯುವಿಕೆ, ಸೆಳೆಯುವಿಕೆ"
ಎಳೆ,noun,ದೇ ,1,"ನೂಲಿನ ಎಳೆ, ಸೂತ್ರ"
ಎಳೆತ,noun,ದೇ ,1,ಎಳೆಯುವಿಕೆ
ಎಸಕ,noun,ದೇ ,1,"ಕಾಂತಿ, ತೇಜಸ್ಸು"
ಎಸಡಿ,noun,ದೇ ,1,"ನಳ್ಳಿ, ಕರ್ಕಟಕ"
ಎಸರು,noun,ದೇ ,1,ಅಡಿಗೆಗಾಗಿ ಕುದಿಯಲಿಟ್ಟ ನೀರು
ಎಸಳು,noun,ದೇ ,1,ಹೂವಿನ ದಳ
ಏಕತಾನ,noun,ಸಂ ,1,"ಏಕಾಗ್ರಚಿತ್ತ, ಒಮ್ಮನಸ್ಸು"
ಏಕಾಂತ,noun,ಸಂ ,1,"ಎಕ್ಕಟಿ, ಗುಟ್ಟಾದ ಸ್ಥಳ"
ಏಕಾಹ,noun,ಸಂ ,1,ಒಂದು ದಿವಸ ಕಾಲ
ಏಡ,noun,ದೇ ,1,ಕಿವುಡ
ಏಡು,noun,ದೇ ,1,"ಸಮಯ, ಕಾಲ"
ಏತ,noun,ಸಂ ,1,ಮೇಲೇರುವಿಕೆ
ಏರಿಳಿತ,noun,ದೇ ,1,ಉಬ್ಬರ ಮತ್ತು ಇಳಿತ
ಏರು,noun,"<ದೇ. ಏಱ ನೇಗಿಲು, ಆರು; ದೇ ",1,ಎತ್ತರವಾದ ಭೂಮಿ
ಏಳಿದ,noun,ದೇ ,1,"ಅವಮಾನ, ತಿರಸ್ಕಾರ"
ಏವ,noun,ದೇ ,1,"ಅನಾದರ, ತಿರಸ್ಕಾರ"
ಐಂದವ,noun,<ಸಂ. ಇಂದು ,1,ಚಾಂದ್ರಮಾನದ ತಿಂಗಳು
ಐಕ್ಯ,noun,ಸಂ ,1,ಪರಮಾತ್ಮನಲ್ಲಿ ಒಂದಾದವನು
ಐಬು,noun,<ಅರ. ಅಯಬ್ ,1,"ಕುಂದು, ಕೊರತೆ"
ಐವಜು,noun,ಪಾರ ,1,"ಉತ್ಪನ್ನ, ಬೆಳೆ"
ಐಶ್ವರ್ಯ,noun,ಸಂ ,1,ಪರಮಾಧಿಕಾರ
ಒಕ್ಕಣಿಕೆ,noun,ದೇ ,1,"ಪೈರಿನಿಂದ ಕಾಳನ್ನು ಬೇರ್ಪಡಿಸುವ ಕೆಲಸ, ಒಕ್ಕುವಿಕೆ"
ಒಕ್ಕಲಗಿತ್ತಿ,noun,ದೇ ,1,ಒಕ್ಕಲಿಗನ ಹೆಂಡತಿ
ಒಕ್ಕಲು,noun,ದೇ ,1,"ಒಕ್ಕುವಿಕೆ, ಒಕ್ಕಣೆ"
ಒಕ್ಕೂಟ,noun,ದೇ ,1,"ಒಂದಾಗಿರುವುದು, ಕೂಡಿರುವುದು"
ಒಗು,noun,ದೇ ,1,ಹೊರಹೊಮ್ಮುವಿಕೆ
ಒಗ್ಗರಣೆ,noun,ದೇ ,1,ಆಹಾರದಲ್ಲಿ ರುಚಿ ಹುಟ್ಟಿಸಲು ಸಂಬಾರ ಪದಾರ್ಥವನ್ನು ಕರಿದು ಕೂಡಿಸುವುದು
ಒಚ್ಚತ,noun,ದೇ ,1,"ಮೀಸಲು, ಮುಡಿಪು"
ಒಚ್ಚಯ,noun,<ಸಂ. ವತ್ಸಲ ,1,"ಸೌಹಾರ್ದ, ಸ್ನೇಹ"
ಒಟ್ಟಜ,noun,ದೇ ,1,"ಕಪ್ಪ, ಕಾಣಿಕೆ"
ಒಟ್ಟು,noun,ದೇ ,1,"ರಾಶಿ, ಗುಂಪು"
ಒಡಂಬಡು,noun,ದೇ ,1,"ಅಂಗೀಕಾರ, ಸಮ್ಮತಿ"
ಒಡಕು,noun,ದೇ ,1,"ಬಿರುಕು, ಸೀಳು"
ಒಡಪು,noun,ದೇ ,1,"ಒಡೆದಿರುವಿಕೆ, ಒಡಕು"
ಒಡಲು,noun,ದೇ ,1,ಶರೀರ
ಒಡಲುರಿ,noun,ದೇ ,1,"ಕಳವಳ, ದುಃಖ"
ಒಡವೆ,noun,ದೇ ,1,ಆಭರಣ
ಒಡೆತ,noun,ದೇ ,1,ಒಡೆಯುವಿಕೆ
ಒಡ್ಡ,noun,ದೇ ,1,"ಕಲ್ಲು, ಮಣ್ಣು ಕೆಲಸ ಮಾಡುವವನು"
ಒಡ್ಡಣ,noun,ದೇ ,1,"ಗುಂಪು, ಸಮೂಹ"
ಒಡ್ಡಾರ,noun,ದೇ< ತೆಲು ,1,"ಸಮಸ್ಯೆ, ಸ್ಪರ್ಧೆ"
ಒಡ್ಡಿ,noun,ದೇ ,1,"ಜೂಜಿಗೆ ಕಟ್ಟುವ ಹಣ, ವಸ್ತು ಮುಂ.ವು"
ಒಡ್ಡು,noun,ದೇ ,1,"ರಾಶಿ, ಸಮೂಹ"
ಒತ್ತಂಬ,noun,<ಸಂ. ಉಪಸ್ತಂಭ ,1,"ಒತ್ತುವಿಕೆ, ಬಲಾತ್ಕಾರ"
ಒತ್ತಡ,noun,ದೇ ,1,"ಒತ್ತುವಿಕೆ, ಭಾರ"
ಒತ್ತರ,noun,ದೇ ,1,ಒಂದೇ ರೀತಿ
ಒತ್ತು,noun,ದೇ ,1,ಒತ್ತಡ
ಒತ್ತೆ,noun,ದೇ ,1,"ಆಧಾರವಾಗಿ ಕೊಡುವ ವಸ್ತು, ಅಡವು"
ಒದಗು,noun,ದೇ ,1,"ಲಭ್ಯ, ದೊರೆತುದು"
ಒದೆ,noun,ದೇ ,1,ಒದೆಯುವಿಕೆ
ಒನಲಿ,noun,ದೇ ,1,"ಮೊರದಲ್ಲಿ ಧಾನ್ಯಗಳನ್ನು ಶುದ್ಧಿಮಾಡು, ಹಸನು ಮಾಡು"
ಒಪ್ಪ,noun,ದೇ ,1,"ಸಮ್ಮತಿ, ಒಪ್ಪಿಗೆ"
ಒಪ್ಪಾರು,noun,ದೇ ,1,"ಒಂದು ಕಡೆ, ಪಾರ್ಶ್ವ"
ಒಪ್ಪು,noun,ದೇ ,1,"ಒಪ್ಪಿಗೆ, ಸಮ್ಮತಿ"
ಒಮ್ಮು,noun,ದೇ ,1,"ಹೊಂದಿಕೆ, ಸಾಮರಸ್ಯ"
ಒಯ್ಯಾರ,noun,ದೇ ,1,"ಬೆಡಗು, ಬಿನ್ನಾಣ"
ಒರೆ,noun,ದೇ ,1,"<ದೇ. ಒಱ ನಿಕಷ, ಚಿನ್ನವನ್ನು ಪರೀಕ್ಷೆಸುವ ಕಲ್ಲು; ದೇ"
ಒಲವರ,noun,ದೇ ,1,ಪ್ರೀತಿ
ಒಲವು,noun,ದೇ ,1,ಸ್ನೇಹ
ಒಳಕೈ,noun,ದೇ ,1,ಒಳಭಾಗ
ಒಳತೋಟಿ,noun,ದೇ ,1,ಒಳಜಗಳ
ಒಳಲೊಟ್ಟೆ,noun,ದೇ ,1,"ಒಳಗೆ ತಿರುಳಿಲ್ಲದುದು, ಟೊಳ್ಳು"
ಒಳವು,noun,ದೇ ,1,"ಅಂತರಂಗ, ರಹಸ್ಯ"
ಒಸಗೆ,noun,ದೇ ,1,"ಶುಭ, ಮಂಗಳಕಾರ್ಯ"
ಒಸರು,noun,ದೇ ,1,"ಜಿನುಗುವಿಕೆ, ಸೋರುವಿಕೆ"
ಓಕುಳಿ,noun,ದೇ ,1,ಉತ್ಸವ ಸಂದರ್ಭಗಳಲ್ಲಿ ಒಬ್ಬರ ಮೇಲೆ ಒಬ್ಬರು ಎರಚುವ ಬಣ್ಣದ ನೀರು
ಓಗರ,noun,ಸಂ ,1,"ಪಕ್ವವಾದದ್ದು, ಪರಿಪೂರ್ಣವಾದುದು"
ಓಘ,noun,ಸಂ ,1,"ಪ್ರವಾಹ, ನೆರೆ"
ಓಜ,noun,<ಸಂ. ಉಪಾಧ್ಯಾಯ; ಪ್ರಾ. ಒವಝ ,1,"ಉಪಾಧ್ಯಾಯ, ಗುರು"
ಓಜಸ್ಸು,noun,ಸಂ ,1,"ಶಕ್ತಿ, ಕೆಚ್ಚು"
ಓಜೆ,noun,<ಸಂ. ಓಜಸ್ ,1,"ಶ್ರೇಣಿ, ಸಾಲು"
ಓನಾಮ,noun,<ಸಂ ,1,ಓಂ ನಮಃ ಎಂಬ ಮಂತ್ರ
ಓವರಿ,noun,ದೇ ,1,"ಒಳಮನೆ, ಕೋಣೆ"
ಔಚಿತ್ಯ,noun,ಸಂ ,1,"ಯೋಗ್ಯವಾದುದು, ಯುಕ್ತವಾದುದು"
ಔತ್ಸುಕ್ಯ,noun,ಸಂ ,1,"ಕುತೂಹಲ, ಉತ್ಸಾಹ"
ಔದುಂಬರ,noun,ಸಂ ,1,ಉದುಂಬರ ಮರದಿಂದ ಜನಿಸಿದ್ದು
ಔಷಧ,noun,ಸಂ ,1,ವನಸ್ಪತಿ
ಕ(ಗ)ಳಗೆ,noun,ದೇ ,1,"ಎತ್ತಿನ ಬಂಡಿಯ ಚೌಕಟ್ಟಿಗೆ ಎರಡು ಪಕ್ಕಗಳಲ್ಲೂ ನಿಲ್ಲಿಸಿದ ಕಡ್ಡಿ, ಗುಜ್ಜುಗೋಲು"
ಕ(ಣ್)ಣ್ಣು,noun,ದೇ ,1,"ನೋಡುವ ಅಂಗ, ನೇತ್ರ"
ಕಂಕ,noun,ಸಂ ,1,ರಣಹದ್ದು
ಕಂಕಣ,noun,ಸಂ ,1,"ಕಡಗ, ಬಳೆ"
ಕಂಕಣಿಕೆ,noun,<ಸಂ. ಕಂಕಣಿಕಾ ,1,ಗೆಜ್ಜೆಗಳಿರುವ ಬಳೆ
ಕಂಕರ,noun,<ಸಂ. ಕರ್ಕರ ,1,ಸುಣ್ಣಕಲ್ಲು
ಕಂಕಿ,noun,ತೆಲು ,1,ಕಾಳು ತೆಗೆದ ತೆನೆ
ಕಂಕುಳು,noun,<ದೇ. ಕವುಂಕುಳ್ ,1,"ಬಗಲು, ಕಕ್ಷ ಪುಟ"
ಕಂಚಿ,noun,ದೇ ,1,"ಈಳೆ ಜಾತಿಗೆ ಸೇರಿದ ಮರ ಮತ್ತು ಅದರ ಹಣ್ಣು, ಹೇರೀಳೆ"
ಕಂಚು,noun,<ಸಂ. ಕಾಂಸ್ಯ ,1,ತಾಮ್ರವೂ ತವರವೂ ಸೇರಿ ಆದ ಮಿಶ್ರಲೋಹ
ಕಂಚುಕ,noun,ಸಂ ,1,ಕುಪ್ಪಸ
ಕಂಚುಕಿ,noun,<ಸಂ. ಕಂಚುಕಿನ್ ,1,ಅಂತಃಪುರದ ಅಧಿಕಾರಿ
ಕಂಚುಳಿಕೆ,noun,<ಸಂ. ಕಂಚುಕ ,1,ಕುಪ್ಪಸ
ಕಂಜರ,noun,ಸಂ ,1,ಸೂರ್ಯ
ಕಂಟ,noun,ಸಂ ,1,ತಾಳೆಯೋಲೆಯ ಮೇಲೆ ಅಕ್ಷರಗಳನ್ನು ಬರೆಯಲು ಬಳಸುವ ಉಕ್ಕಿನ ಲೇಖನಿ
ಕಂಟಕ,noun,ಸಂ ,1,ಮುಳ್ಳು
ಕಂಟಕಫಲ,noun,ಸಂ ,1,ಹಲಸಿನ ಮರ
ಕಂಟಕಾರಿ,noun,ಸಂ ,1,"ಗುಳ್ಳದ - ಗಿಡ, ಕಾಯಿ"
ಕಂಟಕಿ,noun,<ಸಂ. ಕಂಟಕಿನ್ ,1,ಮುಳ್ಳುಗಳಿಂದ ತುಂಬಿದುದು
ಕಂಟಿ,noun,ಸಂ ,1,ಪೊದೆ
ಕಂಟು,noun,ದೇ ,1,"ಬಾವಿಯ ಯಾ ಮನೆಯ ಒಳಗೋಡೆಯಲ್ಲಿ ಚಾಚಿರುವ ಛಡಿ, ಮೇಲಂಚು"
ಕಂಠ,noun,ಸಂ ,1,ಕೊರಳು
ಕಂಠಿ,noun,<ಸಂ. ಕಂಠೀ ,1,ಒಂಟೆಳೆಯ ಮುತ್ತಿನ ಸರ
ಕಂಠೀರವ,noun,<ಸಂ. ಕಂಠೀ ,1,ಸಿಂಹ
ಕಂಡನಿ,noun,<ಸಂ. ಕಂಡನಂ ,1,ಒರಳು
ಕಂಡರಣೆ,noun,ದೇ ,1,"ಕೊರೆಯುವಿಕೆ, ಕೆತ್ತುವಿಕೆ"
ಕಂಡಿ,noun,ದೇ ,1,ರಂಧ್ರ
ಕಂಡು,noun,ದೇ ,1,ದಾರದ ಉಂಡೆ
ಕಂಡೋಲ,noun,ಸಂ ,1,"ಧಾನ್ಯವನ್ನು ತುಂಬಿಡುವ ಗೂಡೆ, ಗಳಗೆ"
ಕಂತ,noun,ದೇ ,1,"ಕಡಿದು, ಇಳಿಜಾರು"
ಕಂತು,noun,ಸಂ ಮನ್ಮಥ; ದೇ ,1,"ನಿಶ್ಚಿತಪಡಿಸಿದ ಮೊತ್ತ, ಕಿಸ್ತು"
ಕಂತೆ(ಥೆ),noun,<ಸಂ. ಕಂಥಾ ,1,"ಹುಲ್ಲು ಮುಂ.ವುಗಳ ಹೊರೆ, ಕಟ್ಟು"
ಕಂತ್ರಿ,noun,<ಇಂ. country ,1,"ನಾಟಿ, ಗ್ರಾಮೀಣ"
ಕಂದ,noun,ದೇ ,1,ಕೂಸು
ಕಂದರ,noun,ಸಂ ,1,ಕಣಿವೆ
ಕಂದಲ,noun,ಸಂ ,1,ಚಿಗುರು
ಕಂದಲಿ,noun,ದೇ ,1,ಮಚ್ಚುಗತ್ತಿ
ಕಂದಲ್,noun,ದೇ ,1,"ಮಣ್ಣಿನ ಚಿಕ್ಕಪಾತ್ರೆ, ಗಿಂಡಿ"
ಕಂದಳ,noun,ಸಂ ,1,ಕೆನ್ನೆ
ಕಂದಾಚಾರ,noun,ಸಂ ,1,ಮೂಢ ಸಂಪ್ರದಾಯ
ಕಂದಿ,noun,ದೇ ,1,ಕರುಹಾಕಿದ ಹಸು
ಕಂದು,noun,ದೇ ,1,ಕೆಂಪು ಮಿಶ್ರವಾದ ಕಪ್ಪು
ಕಂಧರ,noun,ಸಂ ,1,ಕೊರಳು
ಕಂಪ,noun,ತುಳು ಜೇಡಿಮಣ್ಣು; ಸಂ ,1,ವರುಣ
ಕಂಪಣ(ಳ),noun,ದೇ ,1,ನಾಡಿನ ಆಡಳಿತದ ಒಂದು ವಿಭಾಗ
ಕಂಪನ,noun,ಸಂ ,1,ನಡುಕ
ಕಂಪು,noun,ದೇ ,1,ಸುಗಂಧ ಆಲಂ
ಕಂಬ,noun,<ಸಂ. ಕಂಬ ,1,ಮಾಡಿನ ಆಧಾರಕ್ಕೆ ನಿಲ್ಲಿಸುವ ಮರ ಕಲ್ಲು ಮುಂ.ವು
ಕಂಬಲ,noun,ಸಂ ,1,"ಕಂಬಳಿ, ಜಾಡಿ"
ಕಂಬಳ,noun,ದೇ ,1,ದಿನಗೂಲಿ
ಕಂಬಿ,noun,ದೇ ,1,ಲೋಹದ ತಂತಿ
ಕಂಬು,noun,ಸಂ ,1,ಶಂಖ
ಕಂಸ,noun,ಸಂ ,1,ಆವರಣ ಚಿಹ್ನೆ
ಕಕುದ,noun,ಸಂ ,1,ಶಿಖರ
ಕಕುಭ,noun,ಸಂ ,1,ದಿಕ್ಕು
ಕಕುಲಾತಿ,noun,ದೇ ,1,ಚಿಂತೆ
ಕಕ್ಕಡ(ಡೆ),noun,ದೇ ,1,ದೀವಟಿಗೆ
ಕಕ್ಕರ,noun,<ತುಳು? ,1,ಮಾಸಲು ಬಣ್ಣ
ಕಕ್ಕಸ,noun,<ಸಂ. ಕರ್ಕಶ ,1,ಕಷ್ಟ
ಕಕ್ಕು,noun,ದೇ ,1,ವಾಂತಿ
ಕಕ್ಕುಲಿತೆ,noun,ದೇ ,1,ಚಿಂತೆ
ಕಕ್ಷ(ಕ್ಷೆ),noun,ಸಂ ,1,ಕಂಕುಳು
ಕಗ್ಗ,noun,ದೇ ,1,ಬೇಸರ ತರುವ ಹರಟೆ
ಕಗ್ಗಂಟು,noun,ದೇ ,1,ಜಟಿಲವಾದ ಸಮಸ್ಯೆ
ಕಗ್ಗು,noun,<ದೇ. ಕರ್ಗು ,1,ಬರ
ಕಚಾಕಚಿ,noun,ಸಂ ,1,"ಪರಸ್ಪರ ಕೂದಲು ಹಿಡಿದು ಎಳೆದಾಡುವುದು, ಕೇಶಾಕೇಶಿ"
ಕಚೇರಿ,noun,ಮರಾ ,1,"ಕಾರ್ಯಾಲಯ, ಆಫೀಸು"
ಕಚೋರ,noun,ಸಂ ,1,ಗಂಧಪತ್ರ
ಕಚ್ಚೆ,noun,ದೇ ,1,"ಪಂಚೆ, ಸೀರೆ ಮು.ವುಗಳ ಸೆರಗನ್ನು ತೊಡೆಯ ಸಂದಿಯಿಂದ ಹಾಯಿಸಿ ಹಿಂದೆ ಕಟಿಯ ಭಾಗದಲ್ಲಿ ಸಿಕ್ಕಿಸಿ ಉಡುವ ಒಂದು ಕ್ರಮ"
ಕಚ್ಛಪ,noun,ಸಂ ,1,ಆಮೆ
ಕಜ್ಜಲ,noun,<ಮರಾ. ಖಜ್ಜಾಳೀ ,1,ಕಾಡಿಗೆ
ಕಜ್ಜೆ,noun,<ಮರಾ. ಕಜ್ಜಾ / ಪಾರ. ಕಝಯೂ ,1,"ತಂಟೆ, ಜಗಳ"
ಕಟ,noun,ಸಂ ,1,"ಕಡೆ, ಕೊನೆ"
ಕಟಕ,noun,ಸಂ ,1,ಏಡಿ
ಕಟಕಟೆ,noun,ದೇ ,1,ಮರದಿಂದ ಯಾ ಕಬ್ಬಿಣದ ಸರಳುಗಳಿಂದ ಮಾಡಿದ ಕಟ್ಟೆ
ಕಟಕಿ,noun,ದೇ ,1,"ಚುಚ್ಚುಮಾತು, ವ್ಯಂಗ್ಯ"
ಕಟಪಟಿ,noun,<ಮರಾ. ಖಟ್‌ಪಟ್ ,1,ಪ್ರಯತ್ನ
ಕಟಾರ,noun,<ಸಂ. ಕಟ್ಟಾರ ,1,ಕೊಪ್ಪರಿಗೆ
ಕಟಾಹ,noun,ಸಂ ,1,ಕಡಾಯಿ
ಕಟಿ,noun,ಸಂ ,1,ಸೊಂಟ
ಕಟು,noun,ಸಂ ,1,ಅನುಚಿತ ಕೆಲಸ
ಕಟ್ಟಣಕ,noun,<ದೇ. ಕಡಿದು + ಅಣಕ ,1,ಅತ್ಯಂತ ಆಶ್ಚರ್ಯ
ಕಟ್ಟಲೆ(ಳೆ),noun,ದೇ ,1,"ನಿಯಮ, ಕಟ್ಟು ಪಾಡು"
ಕಟ್ಟಾಣಿ,noun,ದೇ ,1,ಶ್ರೇಷ್ಠವಾದುದು
ಕಟ್ಟಾಯತ,noun,<ದೇ. ಕಡಿದು + ಆಯತ ,1,ಅಣಿ
ಕಟ್ಟಾಳು,noun,<ದೇ. ಕಡಿದು + ಆಳು ,1,ಶೂರ
ಕಟ್ಟು,noun,ದೇ ,1,ಕಂತೆ
ಕಟ್ಟೆ,noun,ದೇ ,1,ಜಗಲಿ
ಕಟ್ಟೆರಕ,noun,<ದೇ. ಕಡಿದು + ಎರಕ ,1,ಚೆನ್ನಾಗಿ ಹೊಯ್ದ ಎರಕ
ಕಟ್ಟೆಸಕ,noun,<ದೇ. ಕಡಿದು + ಎಸಕ ,1,ಹೆಚ್ಚಾದ ಸೊಬಗು
ಕಠಿಣ,noun,<ಸಂ. ಕಠಿನ ,1,ಬಿರುಸು
ಕಡ,noun,ದೇ ,1,"ಸಾಲ, ಉದ್ದರಿ"
ಕಡ(ಡಿ)ತ,noun,ದೇ ,1,"ಕಾಗದ ಪತ್ರಗಳ ಕಟ್ಟು, ಫೈಲು"
ಕಡ(ಡಿ)ಮೆ,noun,ದೇ ,1,ಕೊರತೆ
ಕಡ(ಡು)ಕು,noun,ದೇ ,1,ಗಂಡಸರು ಕಿವಿಯಲ್ಲಿ ಧರಿಸುವ ಒಂದು ಆಭರಣ
ಕಡಂಗು,noun,ದೇ ,1,ಉತ್ಸಾಹ
ಕಡಂಬ,noun,ದೇ ,1,"ಕೇಸರಿ ಬಣ್ಣದ ಸುವಾಸನೆಯ ಹೂವು ಬಿಡುವ ಒಂದು ಮರ, ಕದಂಬ ವೃಕ್ಷ"
ಕಡಗ,noun,<ಸಂ. ಕಟಕ ,1,ಕೈಗೆ ಅಥವಾ ಕಾಲಿಗೆ ಹಾಕಿಕೊಳ್ಳುವ ಬಳೆ
ಕಡಚಲು,noun,ದೇ ,1,"ಮರ, ದಂತ, ಲೋಹ ಮೊ. ವಸ್ತುಗಳನ್ನು ತಕ್ಕ ಆಕಾರಕ್ಕೆ ಅಳವಡಿಸಲು ಚರಕಿ ಯಂತ್ರದ ಮೂಲಕ ಕಡೆಯುವುದು"
ಕಡಬೆ(ವೆ),noun,ದೇ ,1,"ಸಾರಂಗ, ಕಡವೆ"
ಕಡವ,noun,ದೇ ,1,ಕದಂಬ ವೃಕ್ಷ
"ಕಡವರ,",noun,ಕಡಾರ <ಸಂ. ಕಾರ್ತಸ್ವರ ,1,ಹೂಳಿಟ್ಟ ನಿಧಿ
ಕಡಸು,noun,ದೇ ,1,ಇನ್ನೂ ಕರುಹಾಕದೆ ಇರುವ ಹಸು ಅಥವಾ ಎಮ್ಮೆ ಪಡ್ಡೆ
ಕಡಹ,noun,ದೇ ,1,"ಕಡೆಯುವಿಕೆ, ಮಥನ"
ಕಡಾಣಿ,noun,ದೇ ,1,"ಗಾಡಿಯ ಚಕ್ರಗಳು ಬೀಳದಂತೆ ಅಚ್ಚಿನ ಕೊನೆಗೆ ಸೇರಿಸುವ ಕಬ್ಬಿಣದ - ಅಣಿ, ಕೀಲು"
ಕಡಿ,noun,ದೇ ,1,"ತುಂಡು, ಹೋಳು"
ಕಡಿಗೆ,noun,ದೇ ,1,ಕೆತ್ತನೆಯಲ್ಲಿ ಬಡಗಿ ಗಾಡಿ ಹೊಡೆಯುವುದು
ಕಡಿತ,noun,<ದೇ. ಕಡಿ ,1,ಕಚ್ಚುವಿಕೆ
ಕಡಿತಲೆ,noun,ದೇ ,1,"ಕತ್ತಿ, ಖಡ್ಗ"
ಕಡಿದು,noun,ದೇ ,1,ಏರು
ಕಡು,noun,ದೇ ,1,ಬದುವುಗಳಿಂದ ನಿರ್ದಿಷ್ಟವಾಗಿರುವ ಗದ್ದೆಯ ಸೀಳು
ಕಡುಂಬು,noun,ದೇ ,1,ಒಂದು ಬಗೆಯ ಸಿಹಿ ತಿಂಡಿ
ಕಡುಪು(ಹು),noun,ದೇ ,1,ತೀವ್ರತೆ
ಕಡುವು,noun,ದೇ ,1,"ಹೊಳೆಯನ್ನು ದಾಟುವ ಸ್ಥಳ, ಹಾಯ್ಗಡ,"
ಕಡೆ,noun,ದೇ ,1,ಕೊನೆ
ಕಡೆಗಣ್ಣು,noun,ದೇ ,1,"ಕಣ್ಣಿನ ತುದಿ, ಕಟಾಕ್ಷ"
ಕಡೆಗೋಡಿ(ಡು),noun,ದೇ ,1,"ಕೆರೆ ಮೊ.ವುಗಳಲ್ಲಿ ನೀರನ್ನು ಹೊರೆಗೆ ಹರಿಸಿಬಿಡಲು ಮಾಡಿರುವ ಸ್ಥಳ, ಕೋಡಿ"
ಕಡೆಯ,noun,ದೇ ಅಂಗಳದಲ್ಲಿ ,1,"ರಂಗವಲ್ಲಿ, ಹೂವು ಮೊ.ವುಗಳಿಂದ ಮಾಡಿದ ರಚನೆ, ರಂಗವಲ್ಲಿ, ಪೂವಲಿ"
ಕಡ್ಡಾಯ,noun,ದೇ ,1,"ಬಲಾತ್ಕಾರ, ನಿರ್ಬಂಧ"
ಕಡ್ಡಿ,noun,ದೇ ,1,"ಸಣ್ಣ ಸಿಗುರು, ಚಿಕ್ಕದೇಟು"
ಕಣ,noun,ದೇ ,1,ಧಾನ್ಯಗಳನ್ನು ಒಕ್ಕುವುದಕ್ಕಾಗಿ ಸಿದ್ಧಪಡಿಸಿದ ಸ್ಥಳ
ಕಣ(ಂ)ಜ,noun,ದೇ ,1,ಧಾನ್ಯಗಳನ್ನು ಸಂಗ್ರಹಿಸುವ ಸ್ಥಳ
ಕಣಸು,noun,<ದೇ. ಕಾಣ್ ,1,"ನೋಟ, ಕಾಣ್ಕೆ"
ಕಣಿ,noun,ದೇ ,1,"ನೋಟ, ಕಾಣ್ಕೆ"
ಕಣೆ,noun,ದೇ ,1,ಬಾಣ
ಕಣ್ಕಟ್ಟು,noun,ದೇ ,1,ಯಕ್ಷಿಣಿ ವಿದ್ಯೆ
ಕಣ್ಕಿಸುರು,noun,ದೇ ,1,"ಕಣ್ಣಿಗೆ ಅಸಹ್ಯವಾಗಿರುವುದು, ಅಪ್ರಿಯವಾಗಿರುವುದು"
ಕಣ್ಗಾಪು(ಹು),noun,ದೇ ,1,ಕಣ್ಣಿಟ್ಟು ಮಾಡುವ ಎಚ್ಚರಿಕೆಯ ಕಾವಲು
ಕಣ್ಣಳತೆ,noun,ದೇ ,1,ಕಣ್ಣಿಗೆ ಕಾಣುವಷ್ಟು ದೂರ
ಕಣ್ಬರಿ,noun,ದೇ ,1,ಕಣ್ಣಿನ ಹರವು
ಕಣ್ಮಣಿ,noun,ದೇ ,1,ಕಣ್ಣುಗುಡ್ಡೆ
ಕತೆ(ಥೆ),noun,<ಸಂ. ಕಥಾ ,1,ನಡೆದ ಯಾ ಕಲ್ಪಿತವಾದ ಸಂಗತಿ
ಕತ್ತರ,noun,ದೇ ,1,"ಒಂದು ಬಗೆಯ ವಾದ್ಯ, ಮದ್ದಳೆ"
ಕತ್ತರಿ,noun,<ಸಂ. ಕರ್ತರೀ ,1,ಎರಡು ಅಲಗನ್ನುಳ್ಳ ಕತ್ತರಿಸುವ ಸಾಧನ
ಕತ್ತಳ,noun,ದೇ ,1,"ಕವಚ, ಚಿಲಖತ್ತು"
ಕತ್ತು,noun,<ದೇ. ಕೞ್ತು ,1,"ಕೊರಳು, ಕುತ್ತಿಗೆ"
ಕತ್ತು(ತ್ತೂ)ರಿ,noun,<ಸಂ. ಕಸ್ತೂರೀ ,1,"ಒಂದು ಬಗೆಯ ಸುಗಂಧ ದ್ರವ್ಯ, ಮೃಗಮದ, ಕಸ್ತೂರಿ"
ಕದಂಬ,noun,ಸಂ ,1,"ಕಡಹದ ಮರ, ನೀಪ ವೃಕ್ಷ"
ಕದಂಬಕ,noun,ಸಂ ,1,ಕದಂಬ ವೃಕ್ಷದ ಹೂವು
ಕದಡು,noun,ದೇ ,1,"ಕಲಕಿದ ದ್ರವ, ಕಲ್ಕ"
ಕದನ,noun,ಸಂ ,1,ಯುದ್ಧ
ಕದರಡಕೆ,noun,ದೇ ,1,ಆರಿಸಿ ಒಟ್ಟುಗೂಡಿಸಿದ ಅಡಕೆ
ಕದಲಿ(ಳಿ),noun,ಸಂ ,1,ಬಾಳೆಗಿಡ
ಕದಿರು,noun,ದೇ ,1,ಕಿರಣ
ಕದೀಮ,noun,<ಅರ. ಕದೀಮ್ ,1,ಹಳಬ
ಕದುಬು,noun,ದೇ ,1,ಆವೇಶ
ಕದ್ದಳಿಗ,noun,ದೇ ,1,ಯುದ್ಧ ಕವಚವನ್ನು ಮಾಡುವವನು
ಕದ್ರು,noun,ಸಂ ,1,"ಕಶ್ಯಪನ ಹೆಂಡತಿ, ಸರ್ಪಗಳ ತಾಯಿ"
ಕನಕ,noun,ಸಂ ,1,"ಚಿನ್ನ, ಹೊನ್ನು"
ಕನರು,noun,ದೇ ,1,ಕಮಟುವಾಸನೆ
ಕನವರಿಕೆ,noun,ದೇ ,1,ನಿದ್ದೆಯಲ್ಲಿ ಮಾತಾಡಿಕೊಳ್ಳುವಿಕೆ
ಕನಸು,noun,ದೇ ,1,ಸ್ವಪ್ನ
ಕನಿ,noun,ದೇ ,1,"ಮಿಂಚು, ಕಾಂತಿ"
ಕನೀನಿಕೆ,noun,<ಸಂ. ಕನೀನಿಕಾ ,1,ಕಿರಿಯವನು
ಕನೀಯ,noun,<ಸಂ. ಕನೀಯಸ್ ,1,ಕಿರಿಯವನು
ಕನ್ನಡಿ,noun,ದೇ ,1,ಪ್ರತಿಬಿಂಬವನ್ನು ತೋರಿಸುವ ಸಾಧನ
ಕನ್ನೆ(ಕನ್ಯೆ),noun,<ಸಂ. ಕನ್ಯಾ ,1,ಕುಮಾರಿ
ಕಪರ್ದ(ರ್ದಿ),noun,ಸಂ ,1,ಕವಡೆ
ಕಪಾಟ(ಟು),noun,ಸಂ ,1,ಬಾಗಿಲು
ಕಪಾಲ(ಳ),noun,ಸಂ ,1,ತಲೆಬುರುಡೆ
ಕಪಾಲಿನಿ,noun,ಸಂ ,1,ಹೀನಕುಲದ ಹೆಂಗಸು
ಕಪಿಂಜಲ(ಳ),noun,ಸಂ ,1,ಚಾತಕ ಪಕ್ಷಿ
ಕಪಿಲ,noun,ಸಂ ,1,ನಸುಗೆಂಪು ಬಣ್ಣ
ಕಪಿಲೆ,noun,ದೇ ಎತ್ತುಗಳನ್ನು ಹೂಡಿ ಬಾವಿಯಿಂದ ನೀರೆತ್ತುವ ಒಂದು ಸಾಧನ; <ಸಂ. ಕಪಿಲಾ ,1,ಕಂದು ಬಣ್ಣದ ಹಸು
ಕಪು,noun,ದೇ ,1,ಕರಿಯ ಬಣ್ಣ
ಕಪ್ತಾನ,noun,<ಇಂ. captain ,1,ಹಡಗಿನ ಮುಖ್ಯಾಧಿಕಾರಿ
ಕಪ್ಪ,noun,ದೇ ,1,"ಸಾಮಂತನಿಂದ ಅಧಿರಾಜನಿಗೆ ಸಲ್ಲುವ ಕಾಣಿಕೆ, ಪೊಗದಿ"
ಕಪ್ಪಡ,noun,<ಸಂ. ಕರ್ಪಟ ,1,"ಬಟ್ಟೆ, ವಸ್ತ್ರ"
ಕಪ್ಪಡಿ,noun,ದೇ ,1,ಬಾವಲಿ
ಕಪ್ಪರ,noun,<ಸಂ. ಕರ್ಪರ ,1,ಮಣ್ಣಿನ ಭಿಕ್ಷಾಪಾತ್ರೆ
ಕಪ್ಪಲು,noun,ದೇ ,1,ಪ್ರಾಣಿಗಳನ್ನು ಹಿಡಿಯುವು ದಕ್ಕಾಗಿ ತೋಡಿ ಮುಚ್ಚಿಟ್ಟ ಹಳ್ಳ
ಕಫ,noun,ಸಂ ,1,ಶರೀರದ ಮೂರು ಧಾತುಗಳಲ್ಲಿ ಒಂದು
ಕಬಂಧ,noun,ಸಂ ,1,"ತಲೆಯಿಲ್ಲದ ದೇಹ, ಮುಂಡ"
ಕಬಲ(ಳ),noun,<ಸಂ. ಕವಲ ,1,"ತುತ್ತು, ಗ್ರಾಸ"
ಕಬ್ಬಿಲ,noun,ದೇ ,1,"ಬೇಡ, ವ್ಯಾಧ"
ಕಮತ,noun,ದೇ ,1,ಸ್ವಂತ ಬೇಸಾಯ
ಕಮತಿಗ,noun,ದೇ ,1,ಬೇಸಾಯಗಾರ
ಕಮನ,noun,ಸಂ ,1,ಕಾಮುಕ
ಕಮಲಿನಿ,noun,ಸಂ ,1,ತಾವರೆಯ ಬಳ್ಳಿ
ಕಮಾನು,noun,<ಪಾರ. ಕಮಾನ್ ,1,ಅರ್ಧಚಂದ್ರಾ ಕೃತಿಯ ರಚನೆ
ಕಮಾಯಿ,noun,<ಹಿಂ. ಮರಾ. ಕಮಾಈ ,1,ಕೆಲಸ
ಕಮಾಲ,noun,<ಅರ. ಕಮಾಲ್ ,1,"ಅತಿಶಯ, ಆಶ್ಚರ್ಯ"
ಕಮ್ಮಟ,noun,<ಸಂ. ಕರ್ಮಸ್ಥಾನ ,1,ಕುಲುಮೆ
ಕಮ್ಮರ,noun,ದೇ ,1,"ಕಂಚಿ, ನಿಂಬೆಯ ಮರ"
ಕಮ್ಮರಿ,noun,ದೇ ,1,ಕಮರಿ
ಕಮ್ಮಿ,noun,"<ಪಾರ. ಕಮ್ ಕಡಮೆ, ಕೊರತೆ; <ಸಂ. ಕರ್ಮಿನ್ ",1,"ಕೆಲಸಗಾರ,"
ಕಮ್ರ,noun,ಸಂ ,1,ಒಂದು ಜಾತಿಯ ಮರ
ಕಯ್,noun,ದೇ ,1,"ಕರ, ಹಸ್ತ"
ಕಯ್ರ,noun,<ಸಂ. ಖದಿರ ,1,ಕಗ್ಗಲಿ ಮರ
ಕರ,noun,ಸಂ ,1,"ಕೈ, ಹಸ್ತ"
ಕರಂಡ,noun,ಸಂ ,1,ಭರಣಿ
ಕರಂಡಿಕೆ(ಗೆ),noun,<ಸಂ. ಕರಂಡಿಕಾ ,1,ಭರಣಿ
ಕರಕ,noun,ಸಂ ,1,ಕಮಂಡಲು
ಕರಕು,noun,ದೇ ,1,"ಸುಟ್ಟು ಕಪ್ಪಾದುದು, ಮಸಿ"
ಕರಕೆ,noun,<ಸಂ. ಕರಕ ,1,ಕಮಂಡಲು
ಕರಗ,noun,<ಸಂ. ಕರಕ ,1,"ನೀರು ತುಂಬುವ ಕಲಶ, ಕೊಡ"
ಕರಟ,noun,ಸಂ ,1,ಆನೆಯ ಗಂಡಸ್ಥಲ
ಕರಟು,noun,ದೇ ,1,ಬಡಕಲು
ಕರಡು,noun,<ಮರಾ. ಖರಡಾ ,1,ಕಚ್ಚಾಪ್ರತಿ
ಕರಣ,noun,ಸಂ ,1,ಕೆಲಸ
ಕರಣಿ(ಣೆ),noun,ದೇ ,1,ಗಡ್ಡೆ
ಕರತಲಾ(ಳಾ)ಮಲ(ಳ)ಕ,noun,ದೇ ,1,ಅಂಗೈಯೊಳಗಿನ ನೆಲ್ಲಿ
ಕರದಂಡ,noun,ದೇ ,1,ಕಮಲ
ಕರಪತ್ರ,noun,ದೇ ,1,"ಪ್ರಚಾರದ ಚೀಟಿ, ಹಸ್ತಪತ್ರ"
ಕರಪಾತ್ರ,noun,ದೇ ,1,"ಒಡ್ಡಿದ ಅಂಗೈಯ ತಗ್ಗು, ಅಂಗೈಗುಳಿ"
ಕರಪುಟ,noun,ದೇ ,1,ಬೊಗಸೆ
ಕರಭ,noun,ಸಂ ,1,ಮಣಿಕಟ್ಟಿನಿಂದ ಕಿರುಬೆರಳ ವರೆಗಿನ ಮುಂಗೈಯ ಹೊರಭಾಗ
ಕರಲು,noun,ದೇ ,1,"ಚೌಳುನೆಲ, ಉಪ್ಪು ಭೂಮಿ"
ಕರಾನೆ(ವು),noun,<ದೇ. ಕಱ+ ಹಯನ ,1,"ಹಾಲು ಕರೆಯುವಿಕೆ, ಹಯನ"
ಕರಾರು,noun,<ಅರ. ಕರಾರ್ ,1,"ಷರತ್ತು, ಒಪ್ಪಂದ"
ಕರಾಲ(ಳ),noun,ಸಂ ,1,ರಾಹು
ಕರಾಳಿ,noun,<ಸಂ. ಕರಾಲಿ ,1,"ಕರಾಲಿ, ಶಿವನ ಒಂದು ಶಕ್ತಿ"
ಕರಿ,noun,ದೇ ,1,ಕರಿಯ ಬಣ್ಣ
ಕರೀರ,noun,ಸಂ ,1,ಒಂಟೆಗೆ ಪ್ರಿಯವಾದ ಒಂದು ಮುಳ್ಳು ಪೊದೆ
ಕರು,noun,ದೇ ,1,"ಹಸು, ಎಮ್ಮೆ ಮೊ.ವುಗಳ ಮರಿ"
ಕರುಣ,noun,ಸಂ ,1,"ಮರುಕ, ಕನಿಕರ, ದಯೆ"
ಕರುನಾಡು,noun,ಸಂ ,1,ಎತ್ತರವಾದ ನಾಡು
ಕರುಳು,noun,ದೇ ,1,"ಒಂದು ಜೀರ್ಣಾಂಗ, ಪಚನಾಂಗ, ಅಂತ್ರ"
ಕರೆ,noun,ದೇ ,1,"ದಡ, ತೀರ"
ಕರೋಡಗಿರಿ,noun,ಮರಾ ,1,"ದಾರಿಯ ಸುಂಕ, ಜಕಾತಿ"
ಕರ್ಕ,noun,ಸಂ ,1,"ಏಡಿ, ನಳ್ಳಿ"
ಕರ್ಕಟ(ಕ),noun,ಸಂ ,1,"ಏಡಿ, ನಳ್ಳಿ"
ಕರ್ಕರ,noun,ಸಂ ,1,ರತ್ನಗಳಲ್ಲಿನ ಒಂದು ದೋಷ
ಕರ್ಕಶ,noun,ಸಂ ,1,ಎಲಹುರಿ ಮರ
ಕರ್ಕಾಟಕ,noun,<ಸಂ. ಕರ್ಕಟಕ ,1,"ಕರ್ಕಟಕ, ಏಡಿ"
ಕರ್ಕೋಟಕ,noun,ಸಂ ,1,ಎಂಟು ಮಹಾ ಸರ್ಪಗಳಲ್ಲಿ ಒಂದು
ಕರ್ಚಿಕಾಯಿ,noun,ಸಂ ,1,"ಕರಂಜಿ ಕಾಯಿ, ಕರಿದು ಮಾಡುವ ಒಂದು ಬಗೆಯ ಸಿಹಿತಿಂಡಿ"
ಕರ್ಚು,noun,ದೇ ,1,ತೊಳೆಯುವಿಕೆ
ಕರ್ಣ,noun,ಸಂ ,1,ಕಿವಿ
ಕರ್ಣಪತ್ರ,noun,ಸಂ ,1,ಒಂದು ಬಗೆಯ ಓಲೆ
ಕರ್ಣಿಕೆ,noun,<ಸಂ. ಕರ್ಣಿಕಾ ,1,"ಕಮಲದ ಮಧ್ಯ ಭಾಗ, ಬೀಜಕೋಶ"
ಕರ್ತ,noun,ಸಂ ,1,ಮಾಡುವವನು
ಕರ್ತರಿ,noun,<ಸಂ. ಕರ್ತರೀ ,1,ಕತ್ತರಿ
ಕರ್ತಾರ,noun,ಸಂ ,1,"ದೇವರು, ಸೃಷ್ಟಿಕರ್ತ"
ಕರ್ತು,noun,<ಸಂ. ಕರ್ತೃ ,1,ಕರ್ತ
ಕರ್ತೃ,noun,ಸಂ ,1,ಮಾಡುವವನು
ಕರ್ದಮ,noun,ಸಂ ,1,"ಕೆಸರು, ಪಂಕ"
ಕರ್ಪಟ,noun,ಸಂ ,1,"ಬಟ್ಟೆ, ವಸ್ತ್ರ"
ಕರ್ಪಡ,noun,<ಸಂ. ಕರ್ಪಟ ,1,ಬಟ್ಟೆ
ಕರ್ಪರ,noun,ಸಂ ,1,"ಕಪ್ಪರ, ಕಡಾಯಿ"
ಕರ್ಬುರ,noun,ಸಂ ,1,ಬೂದು ಬಣ್ಣ
ಕರ್ಮ,noun,ಸಂ ,1,ಕೆಲಸ
ಕರ್ಮಕಾಂಡ,noun,ಸಂ ,1,ಯಜ್ಞಯಾಗಾದಿಗಳ ಅನು ಷ್ಠಾನಕ್ಕೆ ಸಂಬಂಧಿಸಿದ ವೇದ ಭಾಗ
ಕರ್ಮಠ,noun,ಸಂ ,1,ಕೆಲಸದಲ್ಲಿ ನಿಪುಣನಾದವನು
ಕರ್ಮಾಂತರ,noun,ಸಂ ,1,ಬೇರೆ ಕೆಲಸ
ಕರ್ಮಾರ,noun,ಸಂ ,1,ಶಿಲ್ಪಿ
ಕರ್ಮಿ,noun,<ಸಂ. ಕರ್ಮಿನ್ ,1,ಕಾರ್ಮಿಕ
ಕರ್ಲು,noun,ಕರಲು ದೇ ,1,ಚೌಳು ನೆಲ
ಕರ್ವೊ(ರ್ಬೊ)ನ್,noun,ದೇ ,1,ಕಬ್ಬಿಣ
ಕರ್ಷ,noun,ಸಂ ,1,"ಎಳೆಯುವಿಕೆ, ಸೆಳೆತ"
ಕರ್ಷಣ,noun,ಸಂ ,1,"ಎಳೆಯುವಿಕೆ, ಸೆಳೆತ"
ಕಲ,noun,ದೇ ,1,ಮಡಕೆ
ಕಲ(ಳ)ಕಲ(ಳ),noun,ದೇ ,1,ಮಧುರ ಧ್ವನಿಗಳ ಬೆರಕೆ
ಕಲ(ಳ)ತ್ರ,noun,ಸಂ ,1,ಹೆಂಡತಿ
ಕಲ(ಳ)ಧೌತ,noun,ಸಂ ,1,ಚಿನ್ನ
ಕಲ(ಳ)ಭ,noun,ಸಂ ,1,ಆನೆಯ ಮರಿ
ಕಲ(ಳ)ಮ,noun,ಸಂ ,1,"ನೆಲ್ಲು, ಬತ್ತ"
ಕಲಂ,noun,<ಮರಾ. ಕಲಮ್ ,1,"ಲೆಕ್ಕಣಿಕೆ, ಕುಂಚ"
ಕಲಂ(ಳಂ)ಕ,noun,<ಸಂ. ಕಲಂಕ ,1,"ಗುರುತು, ಕಲೆ"
ಕಲಕೇತಿ,noun,ಕಲಕೇತ + ಇ ,1,ಮಾಯಗಾತಿ
ಕಲಗರ್ಚು,noun,ದೇ ,1,ಅಕ್ಕಿ ತೊಳೆದ ನೀರು
ಕಲರವ,noun,ದೇ ,1,ಮಧುರ ಧ್ವನಿ
ಕಲಶ(ಸ),noun,ಸಂ ,1,ಕೊಡ
ಕಲಶಜ,noun,ಸಂ ,1,"ಕೊಡದಲ್ಲಿ ಹುಟ್ಟಿದವನು, ಅಗಸ್ತ್ಯ"
ಕಲಸು,noun,ದೇ ,1,"ಬೆರಕೆ, ಮಿಶ್ರಣ"
ಕಲಹ,noun,ಸಂ ,1,"ಜಗಳ, ಹೊಡೆದಾಟ"
ಕಲಾ(ಳಾ)ಪ,noun,ಸಂ ,1,"ಗುಂಪು, ಸಮೂಹ"
ಕಲಾಸಿ,noun,<ಹಿಂ. ಖಲಾಸಿ ,1,ನಾವಿಕ
ಕಲಿ,noun,ಸಂ ,1,ವೀರ
ಕಲಿಕೆ,noun,ದೇ ,1,ವಿದ್ಯೆ ಕಲಿಯುವಿಕೆ
ಕಲಿಜ,noun,<ಮರಾ. ಕಳೀಜ್ ,1,ಪಿತ್ತಾಶಯ
ಕಲಿಲ,noun,ಸಂ ,1,"ಪಾಪ, ದೋಷ"
ಕಲುಷ,noun,ಸಂ ,1,ಕಳಂಕ
ಕಲೆ,noun,ದೇ ,1,ಗುರುತು
ಕಲೇವರ,noun,ಸಂ ,1,"ಶರೀರ, ದೇಹ"
ಕಲ್ಕ,noun,ಸಂ ,1,"ಕದಡು, ಮಂದವಾದ ದ್ರವ"
ಕಲ್ನಾರು,noun,ದೇ ,1,"ಒಂದು ಜಾತಿಯ ಸಸ್ಯ, ದೆವ್ವಬಾಳೆ ಮತ್ತು ಅದರ ನಾರು"
ಕಲ್ಪ,noun,ಸಂ ,1,"ಕಟ್ಟಳೆ, ವಿಧಿ"
ಕಲ್ಪಜ,noun,ದೇ ,1,ಸ್ವರ್ಗದಲ್ಲಿ ಹುಟ್ಟಿದುದು
ಕಲ್ಪನ(ನೆ),noun,ಸಂ ,1,ನಿಯಮ
ಕಲ್ಮಷ,noun,ಸಂ ,1,"ಕೊಳೆ, ಮಾಲಿನ್ಯ"
ಕಲ್ಯ,noun,ಸಂ ,1,"ಆರೋಗ್ಯವಂತ, ರೋಗವಿಲ್ಲದವನು"
ಕಲ್ಯಾಣ,noun,ಸಂ ,1,"ಶುಭ, ಅದೃಷ್ಟ"
ಕಲ್ಯಾಣಿ,noun,ಸಂ ,1,"ಶುಭ ನೀಡುವವಳು, ಮಂಗಳ ದಾತೆ"
ಕಲ್ಲತ್ತಿ,noun,ದೇ ,1,ಅತ್ತಿ ಜಾತಿಗೆ ಸೇರಿದ ಮರ
ಕಲ್ಲಿ,noun,<ಮರಾ. ಕಲಗೀ ,1,"ಹೆಣಿಕೆಯ ಬಲೆ, ಸರಗುಣಿಕೆಯ ಬಲೆ"
ಕಲ್ಲಿಮೀಸೆ,noun,<ಮರಾ. ಕಲಗೀ ,1,ಕೆನ್ನೆಯನ್ನು ಆವರಿಸಿರುವ ಮೀಸೆ
ಕಲ್ಲು,noun,ದೇ ,1,"ಶಿಲೆ, ಅರೆ, ಬಂಡೆ"
ಕಲ್ಲುಪ್ಪು,noun,ದೇ ,1,"ಗಣಿಯಿಂದ ತೆಗೆದ ಉಪ್ಪು, ಸೈಂಧವ ಲವಣ"
ಕಲ್ಲೆರ್ದೆ,noun,ದೇ ,1,ಕಠೋರವಾದ ಹೃದಯ
ಕಲ್ಲೋಲ,noun,ಸಂ ,1,ದೊಡ್ಡ ಅಲೆ
ಕಲ್ಲೋಲೆ,noun,ದೇ ,1,ವಜ್ರದ ಓಲೆ
ಕಳ,noun,ದೇ ,1,ಧಾನ್ಯಗಳನ್ನು ಒಕ್ಕುವುದಕ್ಕಾಗಿ ಸಿದ್ಧಪಡಿಸಿದ ಸ್ಥಳ
ಕಳಂಕ,noun,<ಸಂ. ಕಲಂಕ ,1,ಗುರುತು
ಕಳಧೌತ,noun,<ಸಂ. ಕಲಧೌತ ,1,ಚಿನ್ನ
ಕಳವಳ,noun,ದೇ ,1,ತಳಮಳ
ಕಳಸ,noun,<ಸಂ. ಕಲಶ ,1,"ಪೂಜೆಯಲ್ಲಿ ನೀರು ತುಂಬಿಡುವ ಚೆಂಬು, ಕಳಶ"
ಕಳಸಗಿತ್ತಿ,noun,<ಸಂ. ಕಲಶ ,1,ಕಳಶದಿಂದ ನೀರು ಹನಿಸುವವಳು
ಕಳಸಿಗೆ,noun,<ಸಂ. ಕಲಸ ,1,"ಕಳಶ, ಪಾತ್ರೆ"
ಕಳಾಕುಳ,noun,<ಸಂ. ಕಲಾಕುಲ ,1,ತೀಕ್ಷ್ಣವಾದ ವಿಷ
ಕಳಾನಿಧಿ,noun,<ಸಂ. ಕಲಾನಿಧಿ ,1,ಕಲಾನಿಧಿ
ಕಳಾಪ,noun,<ಸಂ. ಕಲಾಪ ,1,ಕಲಾಪ
ಕಳಿ,noun,ದೇ ,1,ಚಿಲಕ ಅಗುಳಿ ಮೊ.ದವುಗಳ ರಂಧ್ರದಲ್ಲಿ ಜೋಡಿಸುವ ಮರದ ಗೂಟ
ಕಳಿಕೆ,noun,<ಸಂ. ಕಲಿಕಾ ,1,ಹೂವಿನ ಮೊಗ್ಗು
ಕಳಿವು,noun,ದೇ ,1,"ಸಾವು, ನಾಶ"
ಕಳೆ,noun,ದೇ ,1,"ಬೆಳೆಗಳ ನಡುವೆ ಬೆಳೆಯುವ ಹುಲ್ಲು, ಕಲಿ"
ಕಳೇಬರ,noun,<ಸಂ. ಕಲೇವರ ,1,"ದೇಹ, ಶರೀರ"
ಕಳ್ಳ,noun,ದೇ ,1,"ಕಳುವು ಮಾಡುವವನು, ಚೋರ"
ಕವಂಗ,noun,ದೇ ,1,"ದ್ರವಪದಾರ್ಥಗಳನ್ನು ಬಡಿ ಸಲು ಉಪಯೋಗಿಸುವ ಹಿಡಿಯುಳ್ಳ ಪಾತ್ರೆ, ಕಬಾಯಿ"
ಕವಚ,noun,ಸಂ ,1,ಹೊದಿಕೆ
ಕವಡಿಗೆ,noun,ದೇ ,1,ಕವಡೆ
ಕವಡು,noun,<ಸಂ. ಕಪಟ ,1,ಮೋಸ
ಕವಣೆ,noun,ದೇ ,1,ಕಲ್ಲಿನಿಂದ ಬೀಸಿ ಹೊಡೆಯಲು ಮಾಡಿದ ಜಾಳಿಗೆಯ ಸಾಧನ
ಕವನ,noun,ಸಂ ,1,"ಕವಿತೆ, ಪದ್ಯ, ಕಾವ್ಯ"
ಕವರು,noun,<ಇಂ. cover ,1,"ಚಪ್ಪರ, ಹೊದಿಕೆ"
ಕವರ್ತೆ,noun,ದೇ ,1,"ಸುಲಿಗೆ, ಲೂಟಿ"
ಕವಲು,noun,ದೇ ,1,"ಟಿಸಿಲು, ಕವಲೊಡೆದ ಕೊಂಬೆ, ರೆಂಬೆ"
ಕವಲುದಾರಿ,noun,ದೇ ,1,ಅಡ್ಡ ರಸ್ತೆ
ಕವಲ್ನಾಲಗೆ,noun,ದೇ ,1,ಎರಡು ನಾಲಗೆ
ಕವಳ,noun,<ಸಂ. ಕವಲ ,1,ತುತ್ತು
ಕವಳಿಗೆ,noun,ದೇ ,1,"ವೀಳ್ಯದೆಲೆ, ಓಲೆಗರಿ ಮೊ.ವುಗಳ ಕಟ್ಟು"
ಕವಾಟ,noun,ಸಂ ,1,"ಬಾಗಿಲು, ಕದ"
ಕವಾಡಿಗ,noun,ದೇ ,1,ಹುಲ್ಲು ಮಾರುವವನು
ಕವಿ,noun,ದೇ ,1,ಮುಚ್ಚಳ
ಕವಿತೆ,noun,<ಸಂ. ಕವಿತಾ ,1,"ಕವಿಯ ರಚನೆ, ಕವಿತ್ವ, ಕಾವ್ಯ"
ಕವಿತ್ವ,noun,ಸಂ ,1,"ಕವಿತೆ, ಕಾವ್ಯ"
ಕವಿಲೆ,noun,<ಸಂ. ಕಪಿಲಾ ,1,ಎತ್ತುಗಳನ್ನು ಹೂಡಿ ಬಾವಿಯಿಂದ ನೀರೆತ್ತುವ ಒಂದು ಸಾಧನ
ಕಶೆ,noun,ಸಂ ,1,ಅಂಗಿಯ ಲಾಡಿ
ಕಶೇರು(ಕ),noun,ಸಂ ,1,ಬೆನ್ನೆಲುಬು
ಕಶ್ಮಲ,noun,ಸಂ ,1,ಹೊಲಸು
ಕಶ್ಯಪ,noun,ಸಂ ,1,"ಆಮೆ, ಕೂರ್ಮ"
ಕಷಣ,noun,ಸಂ ,1,ಉಜ್ಜುವಿಕೆ
ಕಷಾಯ,noun,ಸಂ ,1,ಕೆಂಪುಬಣ್ಣ
ಕಷ್ಟ,noun,ಸಂ ,1,ಕಠಿಣವಾದದ್ದು
ಕಸ,noun,ದೇ ,1,ಕೊಳೆ
ಕಸ(ಸು)ಬು,noun,<ಅರ. ಕಸ್ಬ್ ,1,"ಕೆಲಸ, ಉದ್ಯೋಗ"
ಕಸಕಸೆ,noun,<ಪಾರ. ಖಸ್‌ಖಸ್ ,1,"ಬಿಳಿಯ ಬಣ್ಣದ ಸಾಂಬಾರದ ಕಾಳು, ಅಫೀಮಿನ ಕಾಳು, ಗಸಗಸೆ"
ಕಸಬೆ,noun,<ಹಿಂ. ಮರಾ. ಕಸಬಾ ,1,ತಾಲ್ಲೂಕಿನ ಯಾ ಅದರ ಭಾಗದ ಮುಖ್ಯ ಸ್ಥಳ
ಕಸರತ್ತು,noun,<ಅರ. ಕಸ್ರತ್ ,1,ಶಕ್ತಿಯ ಹಾಗೂ ಚಮತ್ಕಾರದ ಪ್ರದರ್ಶನ
ಕಸರು,noun,ದೇ ,1,ಒಗರು
ಕಸಿ,noun,<ಅರ. ಖಸೀ ,1,"ಹೋರಿ ಮೊ.ವುಗಳಿಗೆ ವೀರ್ಯಗುಂದಿಸುವಿಕೆ, ಹಿಡ"
ಕಸುಕು,noun,ದೇ ,1,ಎಳಕಲು
ಕಸುವು,noun,ದೇ ,1,"ಬಲ, ಕೆಚ್ಚು"
ಕಸೆ,noun,<ಸಂ. ಕಶಾ ,1,ಅಂಗಿಯ ಲಾಡಿ
ಕಸೋಟಿ,noun,<ಮರಾ. ಹಿಂ. ,1,ಒರೆಗಲ್ಲು
ಕಸ್ತಿ,noun,ಮರಾ ,1,ಪರಿಶ್ರಮ
ಕಸ್ತು,noun,<ಪಾರ. ಖಸ್ತ್ ,1,ತೊಂದರೆ
ಕಾಂಚನ,noun,ಸಂ ,1,"ಹೊನ್ನು, ಚಿನ್ನ"
ಕಾಂಚಾಣ,noun,<ಸಂ. ಕಾಂಚನ ,1,ದುಡ್ಡು
ಕಾಂಡ,noun,ಸಂ ,1,"ದಂಟು, ದೇಟು, ತಾಳು"
ಕಾಂಡಧಿ,noun,ಸಂ ,1,ಸಮುದ್ರ
ಕಾಂತ,noun,ಸಂ ,1,ಪತಿ
ಕಾಂತಾರ,noun,ಸಂ ,1,"ಅಡವಿ, ಅರಣ್ಯ"
ಕಾಂತಿ,noun,ಸಂ ,1,"ಬೆಳಕು, ಹೊಳಪು"
ಕಾಂಸ್ಯ,noun,ಸಂ ,1,ಕಂಚು
ಕಾಕ,noun,ಪೌರುಷ ,1,ಕಾಗೆಯ ಪೌರುಷ
ಕಾಕತಾಲೀ(ಳಿ)ಯ,noun,ಪೌರುಷ ,1,ಅನಿರೀಕ್ಷಿತ ಘಟನೆ ಕಾಗೆ ಹಾರಿ ಬರುವ ವೇಳೆಗೆ ಸರಿಯಾಗಿ ಅನಿರೀಕ್ಷಿತವಾಗಿ ತಾಳೆಯ ಹಣ್ಣು ಅದರ ಮೇಲೆ ಬಿದ್ದು ಕಾಗೆ ಸತ್ತು ಹೋದ ಒಂದು ಹಿತೋಪದೇಶದ ಕಥೆ
ಕಾಕದೃಷ್ಟಿ,noun,ಪೌರುಷ ,1,ಕಾಗೆಯ ದೃಷ್ಟಿ
ಕಾಕಪಕ್ಷ,noun,ಪೌರುಷ ,1,"ಚೌಲಕರ್ಮದಲ್ಲಿ ತಲೆಯ ಎರಡೂ ಪಕ್ಕದಲ್ಲಿ ತೆಗೆಯದೆ ಬಿಟ್ಟಿರುವ ಜುಟ್ಟು, ಚಂಡಿಕೆ"
ಕಾಕಿ,noun,ಸಂ ,1,ತಾರೆಗಿಡ
ಕಾಕು,noun,ಸಂ ,1,ಧ್ವನಿಯ ಬದಲಾವಣೆ
ಕಾಚ,noun,ಸಂ ,1,"ಗಾಜು, ಕಾಜು"
ಕಾಚಕ್ಕಿ,noun,ದೇ ,1,"ತೆನೆಯಿಂದ ತೆಗೆದ ಸುಟ್ಟ ಕಾಳು, ಬೆಳಸಿ"
ಕಾಚು,noun,ದೇ ,1,ತಾಂಬೂಲದೊಡನೆ ಸೇವಿಸುವ ಒಂದು ಸುಗಂಧ ವಸ್ತು
ಕಾಜ,noun,<ಹಿಂ. ಕಾಜ್ ,1,ಕೆಲಸ
ಕಾಟಕೋನ,noun,ಮರಾ ,1,"ತೊಂಬತ್ತು ಅಂಶಗಳ ಕೋನ, ಸಮಕೋನ"
ಕಾಟಿ,noun,ದೇ ,1,ಕಾಡೆಮ್ಮೆ ಅಥವಾ ಕಾಡುಕೋಣ
ಕಾಠಿನ್ಯ(ಣ್ಯ),noun,ಸಂ ,1,"ಕಠಿಣತೆ, ಬಿರುಸುತನ"
ಕಾಡಾಡಿ,noun,ದೇ ,1,ಅರಣ್ಯವಾಸಿ
ಕಾಡಾರಂಬ,noun,ದೇ ,1,"ಮಳೆಯ ನೀರಿನಿಂದ ಮಾಡುವ ವ್ಯವಸಾಯ, ಕುಷ್ಕಿ"
ಕಾಡಿಗೆ,noun,ದೇ ,1,ದೀಪದ ಕುಡಿಯ ಮಸಿ
ಕಾಡು,noun,ದೇ ,1,"ಅಡವಿ, ಅರಣ್ಯ"
ಕಾಣ,noun,ಸಂ ,1,ಒಕ್ಕಣ್ಣ
ಕಾಣಿ,noun,ದೇ ,1,"ಚಿಕ್ಕ ನಾಣ್ಯ, ಪಣದ ಅರವತ್ತು ನಾಲ್ಕನೆಯ ಭಾಗ"
ಕಾಣಿಕೆ,noun,ದೇ ,1,ಉಡುಗೊರೆ
ಕಾತರ,noun,ಸಂ ,1,ಕಳವಳ
ಕಾತರತೆ,noun,ಸಂ ,1,"ಉತ್ಸುಕತೆ, ಸಡಗರ"
ಕಾದಂಬರಿ,noun,<ಸಂ. ಕಾದಂಬರೀ ,1,ಕದಂಬ ಪುಷ್ಪದಿಂದ ಮಾಡಿದ ಮದ್ಯ
ಕಾದಲ,noun,ದೇ ,1,ನಲ್ಲ
ಕಾದಲೆ,noun,ದೇ ,1,ನಲ್ಲೆ
ಕಾನೀನ,noun,ಸಂ ,1,"ಮದುವೆಯಾಗದವಳ ಮಗ, ಕನ್ಯಾಪುತ್ರ"
ಕಾಪಾಲ,noun,ಸಂ ,1,ಭಿಕ್ಷಾಪಾತ್ರೆ
ಕಾಪಿಲ,noun,ಸಂ ,1,"ಕಪಿಲ ಮುನಿಯ ಮತ, ಸಂಖ್ಯಾಮತ"
ಕಾಪು,noun,ದೇ ,1,ರಕ್ಷಣೆ
ಕಾಪುರುಷ,noun,ಸಂ ,1,"ಹೀನ ಮನುಷ್ಯ, ಕ್ಷುದ್ರ"
ಕಾಮ,noun,ಸಂ ,1,ಬಯಕೆ
ಕಾಮಿನಿ,noun,ಸಂ ,1,ಹೆಂಗಸು
ಕಾಮುಕ,noun,ಸಂ ,1,ಕಾಮಾಸಕ್ತನಾದವನು
ಕಾಯ,noun,ಸಂ ,1,"ಮೈ, ಶರೀರ"
ಕಾಯ(ಯಿ)ದೆ,noun,<ಅರ. ಕಾಯಿದಾ ,1,"ನಿಯಮ, ಕಟ್ಟಳೆ"
ಕಾಯಕ,noun,ಸಂ ,1,"ಕಸುಬು, ದುಡಿಮೆ"
ಕಾಯಕಲ್ಪ,noun,ಸಂ ,1,ಮುಪ್ಪನ್ನು ಹೋಗಲಾಡಿಸಿ ಯೌವನವನ್ನು ತಂದಕೊಡುವ ಒಂದು ಆಯುರ್ವೇದ ಚಿಕಿತ್ಸೆ
ಕಾಯಸ್ಥ,noun,ಸಂ ,1,"ಕರಣಿಕ, ಸೇನಬೋವ"
ಕಾಯಿ,noun,ದೇ ,1,"ಮಿಡಿಗೂ ಹಣ್ಣಿಗೂ ನಡುವಿನ ಸ್ಥಿತಿ, ಅಪಕ್ವ ಫಲ"
ಕಾರ,noun,<ಸಂ. ಕ್ಷಾರ ,1,"ತೀಕ್ಷ್ಣವಾದ ರುಚಿ, ಖಾರ"
ಕಾರಕ,noun,ಸಂ ,1,"ವ್ಯಾಕರಣದಲ್ಲಿ ಕ್ರಿಯೆಗೆ ನಿಮಿತ್ತವಾಗಿರುವುದು, ಕರ್ತೃ ಕರ್ಮ ಮೊ.ವು"
ಕಾರಕೂನ,noun,<ಪಾರ. ಕಾರಕೂನ್ ,1,"ಗುಮಾಸ್ತ, ಕರಣಿಕ"
ಕಾರಣ,noun,ಸಂ ,1,"ನಿಮಿತ್ತ, ಹೇತು"
ಕಾರಣಪುರುಷ,noun,ಸಂ ,1,"ಎಲ್ಲಕ್ಕೂ ಮೂಲ ಕಾರಣನಾದ ಪುರುಷ, ಪರಬ್ರಹ್ಮ"
ಕಾರಣಿಕ,noun,ಸಂ ,1,ಅವತಾರ ಪುರುಷ
ಕಾರಸ್ಥಾನ,noun,<ಹಿಂ. ಕಾರಸ್ಥಾನ್ ,1,"ಒಳಸಂಚು, ಪಿತೂರಿ"
ಕಾರಾಗಾರ,noun,ಸಂ ,1,"ಸೆರೆಮನೆ, ಜೈಲು"
ಕಾರಾಗೃಹ,noun,ಸಂ ,1,"ಸೆರೆಮನೆ, ಜೈಲು"
ಕಾರಿ,noun,ದೇ ,1,"ಕೊಲ್ಲಿ, ಆಖಾತ"
ಕಾರಿಕೆ,noun,ಸಂ ,1,ಶಾಸ್ತ್ರ ವಿಚಾರವನ್ನು ನಿರೂಪಿಸುವ ಶ್ಲೋಕ
ಕಾರಿರುಳು,noun,ಸಂ ,1,ಮಳೆಗಾಲದ ರಾತ್ರಿ
ಕಾರು,noun,ದೇ ,1,ಮಳೆಗಾಲ
ಕಾರೆ,noun,ದೇ ,1,ಹಣ್ಣು ಬಿಡುವ ಒಂದು ಜಾತಿಯ ಮುಳ್ಳುಗಿಡ
ಕಾರ್ಪಣ್ಯ,noun,ಸಂ ,1,ಬಡತನ
ಕಾರ್ಪಾಸ,noun,ಸಂ ,1,ಹತ್ತಿ
ಕಾರ್ಮಣ,noun,ಸಂ ,1,ಕೆಲಸವನ್ನು ಮುಗಿಸುವುದು
ಕಾರ್ಮುಗಿಲು,noun,ದೇ ,1,ಮಳೆಗಾಲದ ಮೋಡ
ಕಾರ್ಯ,noun,ಸಂ ,1,"ಮಾಡಬೇಕಾದುದು, ಕೆಲಸ"
ಕಾರ್ಯಕ್ರಮ,noun,= ,1,ಗೊತ್ತುಪಡಿಸಿದ ಕಾರ್ಯಗಳ ಪರಿವಿಡಿ
ಕಾರ್ಯವಾಸಿ,noun,= ,1,"ಕಾರ್ಯಸಾಧಕ, ಕಾರ್ಯದ ಉದ್ದೇಶವುಳ್ಳ ವ್ಯಕ್ತಿ"
ಕಾಲ,noun,ಸಂ ,1,"ಸಮಯ, ವೇಳೆ"
ಕಾಲಕೂಟ,noun,ಸಂ ,1,ಘೋರವಾದ ವಿಷ
ಕಾಲಖಂಡ,noun,ಸಂ ,1,"ಪಿತ್ತಕೋಶ, ಯಕೃತ್ತು"
ಕಾಲಚಕ್ರ,noun,ಸಂ ,1,ಗತಿಶೀಲವಾದ ಕಾಲ
ಕಾಲತ್ರಯ,noun,ಸಂ ,1,"ಭೂತ, ಭವಿಷ್ಯತ್ ಮತ್ತು ವರ್ತ ಮಾನವೆಂಬ ಮೂರು ಕಾಲ"
ಕಾಲಧರ್ಮ,noun,ಸಂ ,1,ಕಾಲಕ್ಕೆ ಅನುಗುಣವಾದ ನಡ ವಳಿಕೆ
ಕಾಲಪ್ರಜ್ಞೆ,noun,ಸಂ ,1,ಕಾಲದ ಅಳತೆ
ಕಾಲಮಾನ,noun,ಸಂ ,1,ಕಾಲದ ಅಳತೆ
ಕಾಲಾವಧಿ,noun,ಸಂ ,1,ಕಾಲಮಿತಿ
ಕಾಲು,noun,ದೇ ,1,ಮೊಣಕಾಲಿನಿಂದ ಪಾದದ ವರೆಗಿನ ಭಾಗ
ಕಾಲುರಿಚ,noun,<ದೇ. ಕಾಲೂರು + ಇಚ ,1,"ಹಳ್ಳಿಗ, ಗ್ರಾಮಿಣ"
ಕಾಲೇಯ,noun,ಸಂ ,1,"ಕೇಸರಿ, ಕುಂಕುಮ ಕೇಸರಿ"
ಕಾಳಜಿ,noun,<ಮರಾ. ಕಾಳಜೀ ,1,ಗೊಡವೆ
ಕಾಳಸ,noun,ದೇ ,1,ಕೀಲಣೆ
ಕಾಳಾಂಜಿ,noun,ದೇ ,1,ಪನ್ನೀರಿನ ಪಾತ್ರೆ
ಕಾಳು,noun,ದೇ ,1,"ಕೆಟ್ಟದ್ದು, ಕೀಳಾದುದು"
ಕಾವಣ,noun,<ಸಂ. ಕಾಯಮಾನ ,1,"ಹಂದರ, ಚಪ್ಪರ"
ಕಾವರ,noun,ದೇ ,1,"ಸೊಕ್ಕು, ಮದ"
ಕಾವಲು,noun,ದೇ ,1,"ಕಾಪು, ರಕ್ಷಣೆ"
ಕಾವಲೆ,noun,ದೇ ,1,ಕಾಲುವೆ
ಕಾವಿ,noun,ದೇ ,1,ಕೆಂಪು ಬಣ್ಣದ ಮಣ್ಣು
ಕಾವು,noun,ದೇ ,1,"ಬಿಸಿ, ಉಷ್ಣತೆ"
ಕಾಶ(ಶೆ),noun,ಸಂ ,1,ಕಾಂತಿ
ಕಾಶ್ಮೀರ,noun,ಸಂ ,1,ಒಂದು ಪ್ರಾಂತ
ಕಾಷ್ಠ,noun,ಸಂ ,1,"ಕಟ್ಟಿಗೆ, ಸೌದೆ"
ಕಾಷ್ಠೆ,noun,ಸಂ ,1,ಗುರಿ
ಕಾಸರ,noun,ಸಂ ,1,ಕಾಡು
ಕಾಸೆ,noun,<ಸಂ. ಕಾಷಾಯ ,1,"ಸೊಂಟಕ್ಕೆ ಸುತ್ತಿದ ವಸ್ತ್ರ, ಕಟಿವಸ್ತ್ರ"
ಕಿಂಕರ,noun,ಸಂ ,1,"ಆಳು, ಸೇವಕ"
ಕಿಂಕಿಣಿ,noun,ಸಂ ,1,"ಕಿರುಗೆಜ್ಜೆ, ಕಿರುಗಂಟೆ"
ಕಿಂಕಿರಾತ,noun,ಸಂ ,1,ಅಶೋಕ ವೃಕ್ಷ
ಕಿಂಕಿಲ,noun,ಸಂ ,1,"ದೈನ್ಯ, ನಮ್ರತೆ"
ಕಿಂಕೊಳೆ,noun,ದೇ ,1,"ರಾಡಿ, ಕೆಸರು"
ಕಿಂಪಾಕ,noun,ಸಂ ,1,ಕುತ್ಸಿತವಾದ ಅಡುಗೆ
ಕಿಗ್ಗಾಣಿ,noun,ದೇ ,1,ಕಡಿಮೆ ಬೆಲೆಯ ನಾಣ್ಯ
ಕಿಚ(ಚ್ಚ)ಡಿ,noun,<ದೇ. ? ಮರಾ. ಖಿಚಡೀ ,1,ಅಕ್ಕಿ ಬೇಳೆಗಳನ್ನು ಒಟ್ಟಿಗೆ ಕೂಡಿಸಿ ಮಾಡಿದ ಆಹಾರ
ಕಿಚ್ಚು,noun,ದೇ ,1,"ಬೆಂಕಿ, ಅಗ್ನಿ"
ಕಿಟಿ,noun,ಸಂ ,1,"ಕಾಡುಹಂದಿ, ಸೂಕರ"
ಕಿಟ್ಟ,noun,ಸಂ ,1,"ತುಕ್ಕು, ಕಿಲುಬು"
ಕಿಡಿ(ಡು)ಗೇಡಿ,noun,ದೇ ,1,"ತುಂಟ, ಕಿಲಾಡಿ"
ಕಿಣ,noun,ಸಂ ,1,"ಗಾಯದ—ಗುರುತು, ಕಲೆ"
ಕಿಣಿ,noun,ದೇ ,1,ಗೆಜ್ಜೆಯ ಶಬ್ದ
ಕಿಣ್ಣ,noun,ದೇ ,1,"ಚಿಕ್ಕ ಪಾನಪಾತ್ರೆ, ಬಟ್ಟಲು"
ಕಿತವ,noun,ಸಂ ,1,"ಮೋಸಗಾರ, ಸುಳ್ಳುಗಾರ"
ಕಿತ್ತಡ,noun,ದೇ ,1,ಮೋಸ
ಕಿಬ್ಬದಿ(ರಿ),noun,ದೇ ,1,"ದೇಹದ ಪಕ್ಕೆ, ಅಳ್ಳೆ"
ಕಿಮಟ,noun,ದೇ ,1,ಕಿಟ್ಟ
ಕಿಮ್ಮತ್ತು,noun,<ಅರ. ಕೀಮತ್ ,1,"ಬೆಲೆ, ಮೌಲ್ಯ"
ಕಿರಣ,noun,ಸಂ ,1,"ರಶ್ಮಿ, ಬೆಳಕಿನ ಕದಿರು"
ಕಿರಾತ,noun,ಸಂ ,1,"ಬೇಡ, ಶಬರ"
ಕಿರಿಕಿರಿ,noun,ದೇ ,1,"ಕಿರುಕುಳ, ಕಾಟ"
ಕಿರುಕುಳ,noun,ದೇ ,1,ಚಿಲ್ಲರೆ ತೆರಿಗೆ
ಕಿರುನಾಲಗೆ,noun,ದೇ ,1,ಗಂಟಲಲ್ಲಿ ನಾಲಗೆಯ ಮೇಲುಗಡೆ ನೇತಾಡುವ ಮಾಂಸಖಂಡ
ಕಿರ್ದಿ,noun,ಮರಾ ,1,ದಿನವಹಿ ಲೆಕ್ಕಪತ್ರ
ಕಿಲಕೀರೆ,noun,ದೇ ,1,ಒಂದು ಬಗೆಯ ಮೂಲಿಕೆ
ಕಿಲ್ಲೆದಾರ,noun,ದೇ ,1,ಕೋಟೆಯ ಸೇನಾಧಿಪತಿ
ಕಿಳ್ಳಿಕೇತ,noun,ದೇ ,1,ತೊಗಲು ಬೊಂಬೆ ಯಾ ಸೂತ್ರದ ಗೊಂಬೆಯನ್ನು ಆಡಿಸುವವನು
ಕಿವಿಮಾತು,noun,= ,1,ರಹಸ್ಯ
ಕಿಶೋರ,noun,ಸಂ ,1,"ಯಾವುದಾದರೂ ಪ್ರಾಣಿಯ ಮರಿ, ಪೋತ"
ಕಿಷ್ಕಿಂಧ,noun,ಸಂ ,1,ವಾಲಿಸುಗ್ರೀವರ ರಾಜಧಾನಿ
ಕಿಸ(ಸು)ರು,noun,ದೇ ,1,"ದೃಷ್ಟಿದೋಷ, ಕಣ್ಣೆಂಜಲು"
ಕಿಸು,noun,ದೇ ,1,ಕೆಂಪು
ಕಿಸುಕುಳ,noun,ದೇ ,1,"ಕೊಳೆ, ಹೊಲಸು"
ಕಿಸ್ತು,noun,<ಅರ. ಕಿಸ್ತ್ ,1,ಪಾವತಿಸ ಬೇಕಾದುದನ್ನು ಕಂತಿನ ಮೂಲಕ ಪಾವತಿಸುವುದು
ಕೀಚಕ,noun,ಸಂ ,1,ಟೊಳ್ಳು ಬಿದಿರು
ಕೀಚು,noun,ದೇ ,1,ಪಕ್ಷಿಗಳು ಕೂಗುವ ಧ್ವನಿ
ಕೀಟ,noun,ಸಂ ,1,"ಹುಳು, ಕ್ರಿಮಿ"
ಕೀಟಕ,noun,ಸಂ ,1,"ಹುಳು, ಕ್ರಿಮಿ"
ಕೀಟಲೆ,noun,ದೇ ,1,"ಕುಚೇಷ್ಟೆ, ಕಿಡಿಗೇಡಿತನ"
ಕೀನಾಶ,noun,ಸಂ ,1,ಯಮ
ಕೀರ್ತನೆ,noun,ಸಂ ,1,ದೇವರನಾಮ
ಕೀರ್ತಿ,noun,ಸಂ ,1,ಖ್ಯಾತಿ
ಕೀಲ,noun,ಸಂ ,1,"ಅಗುಳಿ, ಬೆಣೆ"
ಕೀಲಕ,noun,ಸಂ ,1,ಅರವತ್ತು ಸಂವತ್ಸರಗಳಲ್ಲಿ ಒಂದು
ಕೀಲಾರಿ,noun,ಕೀಲಾರ + ಇ ,1,"ದನಕರುಗಳನ್ನು ಸಾಕುವವನು, ಗೋವಳ"
ಕೀಲಾಲ,noun,ಸಂ ,1,"ರಕ್ತ, ನೆತ್ತರು"
ಕೀಲಿ,noun,<ಸಂ. ಕೀಲ ,1,"ಬೀಗ, ಅಗುಳಿ, ಬೆಣೆ"
ಕೀಲು,noun,<ಕೀಲ ,1,"ಅಗುಳಿ, ಬೆಣೆ"
ಕೀಲೆಣ್ಣೆ,noun,<ಕೀಲು ,1,ಯಂತ್ರದ ಕೀಲುಗಳು ಸರಾಗವಾಗಿ ತಿರುಗುವುದಕ್ಕಾಗಿ ಹಾಕುವ ಎಣ್ಣೆ
ಕೀಳು,noun,<ದೇ. ಕೀೞ ,1,ಹಸುವಿನ ಕರು
ಕೀಸು,noun,ದೇ ,1,"ಕಿವಿಯಲ್ಲಿಟ್ಟುಕೊಳ್ಳುವ ತಾಳೆಗರಿಯ ಸೀಳು, ಸುತ್ತೋಲೆ"
ಕುಂಕುಮ,noun,ಸಂ ,1,ಒಂದು ಜಾತಿಯ ಗಿಡ ಮತ್ತು ಅದರ ಹೂವು
ಕುಂಗೆ,noun,ದೇ ,1,"ಹೆಕ್ಕತ್ತು, ಹೆಡತಲೆ"
ಕುಂಚ,noun,ದೇ ,1,"ಗೊಂಚಲು, ಗುಚ್ಛ"
ಕುಂಚಿ,noun,ಸಂ ,1,"ಸಣ್ಣಮಕ್ಕಳ ಬೆನ್ನು ಮತ್ತು ತಲೆಯನ್ನು ಪೂರ್ತಿಯಾಗಿ ಮುಚ್ಚುವಂತೆ ಹಾಕುವ - ಕುಲಾವಿ, ಕುಲಾಯಿ"
ಕುಂಚಿಕೆ,noun,<ಸಂ. ಕುಂಚಿಕಾ ,1,ಚಿತ್ರ ಬರೆಯು ವುದಕ್ಕೂ ಬಣ್ಣ ತುಂಬುವುದಕ್ಕೂ ಉಪಯೋಗಿಸುವ ಕೂದಲಿನ ಕುಚ್ಚು
ಕುಂಜ,noun,ಸಂ ,1,"ಲತಾಗೃಹ, ಬಳ್ಳಿಮಾಡ"
ಕುಂಜರ,noun,ಸಂ ,1,"ಆನೆ, ಗಜ"
ಕುಂಟ(ಟಿ)ಣಿ,noun,<ಸಂ. ಕುಟ್ಟಣಿ ,1,"ತಲೆ ಹಿಡುಕಿ, ವ್ಯಭಿಚಾರಕ್ಕಾಗಿ ಗಂಡು, ಹೆಣ್ಣುಗಳನ್ನು ಹೊಂದಿಸುವ ದಾಸಿ"
ಕುಂಟೆ,noun,ದೇ ,1,ವ್ಯವಸಾಯದ ಒಂದು ಉಪಕರಣ
ಕುಂಠಿತ,noun,ಸಂ ,1,"ಕುಗ್ಗಿದುದು, ಮೊಟುಕಾದುದು"
ಕುಂಡ,noun,ಸಂ ,1,"ಹೋಮಕಾರ್ಯಕ್ಕಾಗಿ ನೆಲದಲ್ಲಿ ಮಾಡಿದ ಕುಣಿ, ಗುಣಿ"
ಕುಂಡಲ(ಳ),noun,ಸಂ ,1,ಕಿವಿಯ ಆಭರಣ
ಕುಂಡಲಿ(ಳಿ),noun,<ಸಂ. ಕುಂಡಲಿನ್ ,1,ಸುರುಳಿ ಸುತ್ತಿಕೊಂಡ ಹಾವು
ಕುಂಡಲಿನಿ,noun,ಸಂ ,1,"ಯೋಗಶಾಸ್ತ್ರದಲ್ಲಿ ಸರ್ಪರೂಪವಾಗಿ ರೂಪಿಸಲ್ಪಟ್ಟಿರುವ ಪ್ರಕೃತಿಶಕ್ತಿ, ದುರ್ಗೆಯ ಒಂದು ರೂಪ"
ಕುಂಡಿ(ಡೆ),noun,ದೇ ,1,"ನಿತಂಬ, ಪಿರ್ರೆ, ಅಂಡು"
"ಕುಂತಲ(ಣ,",noun,ಳ ಸಂ ,1,"ತಲೆಗೂದಲು, ಕೇಶ"
ಕುಂದ,noun,"ದೇ ಬೆಟ್ಟ, ಗುಡ್ಡ; ಸಂ ",1,"ಒಂದು ಜಾತಿಯ ಮಲ್ಲಿಗೆ, ಮೊಲ್ಲೆ"
ಕುಂದಕ,noun,ದೇ ,1,"ಕುಂದು, ಕೊರತೆ"
ಕುಂದಣ,noun,ದೇ ,1,ಚಿನ್ನದಲ್ಲಿ ಹರಳನ್ನು ಕೂಡಿಸುವ ಕೆಲಸ
ಕುಂದು,noun,ದೇ ,1,"ಕೊರತೆ, ನೂನ್ಯತೆ, ದೋಷ"
ಕುಂಪಣಿ,noun,<ಇಂ. company ,1,ಭಾರತವನ್ನು ಆಳುತ್ತಿದ್ದ ಈಸ್ಟ್ ಇಂಡಿಯಾ ಕಂಪನಿಯೆಂಬ ವ್ಯಾಪಾರೀ ಸಂಸ್ಥೆ
ಕುಂಬ,noun,<ಸಂ. ಕುಂಭಾ ,1,"ಗಡಿಗೆ, ಕುಂಭ"
ಕುಂಬು,noun,ದೇ ,1,"ಗಟ್ಟಿಯಿಲ್ಲದುದು, ದುರ್ಬಲವಾದುದು"
ಕುಂಭ,noun,ಸಂ ,1,"ಕೊಡ, ಕಲಶ"
ಕುಂಭಿನಿ,noun,ಸಂ ,1,"ಭೂಮಿ, ಪೃ"
ಕುಕಿಲು,noun,ದೇ ,1,ಕೋಗಿಲೆ
ಕುಕೂಲ(ಳ),noun,ಸಂ ,1,"ಹೊಟ್ಟು, ಉಮ್ಮಿ ಮೊ.ವುಗಳಿಂದ ಹೊತ್ತಿಸಿದ ಬೆಂಕಿ, ತುಷಾಗ್ನಿ"
ಕುಕ್ಕ,noun,ದೇ ,1,"ನಾಯಿ, ಶ್ವಾನ"
ಕುಕ್ಕ(ಕ್ಕು)ಡಿ,noun,ದೇ ,1,"ರಾಟೆಯಲ್ಲಿ ನೂತು ಕದಿರಿಗೆ ಸುತ್ತಿದ ದಾರದ ಉಂಡೆ, ಮಧ್ಯದಲ್ಲಿ ದಪ್ಪವಾಗಿಯೂ ಎರಡೂ ತುದಿಗಳಲ್ಲಿ ತೆಳುವಾಗಿಯೂ ಇರುವ ದಾರದ ಸುತ್ತು"
ಕುಕ್ಕರ(ಲ),noun,ದೇ ,1,ಕುಕ್ಕ
ಕುಕ್ಕುಟ,noun,ಸಂ ,1,"ಹುಂಜ, ಕೋಳಿ"
ಕುಕ್ಕುರ,noun,ಸಂ ,1,"ನಾಯಿ, ಶ್ವಾನ"
ಕುಕ್ಕೆ,noun,ದೇ ,1,"ಬಿದಿರಿನಿಂದ ಹೆಣೆದ ಬುಟ್ಟಿ, ಮಂಕರಿ, ಹೆಡಿಗೆ"
ಕುಕ್ಷಿ,noun,ಸಂ ,1,"ಹೊಟ್ಟೆ, ಉದರ"
ಕುಗ್ಗಿ,noun,ದೇ ,1,ಒಂದು ಔಷಧೀ ಸಸ್ಯ
ಕುಗ್ರಾಮ,noun,ಸಂ ,1,"ತೀರ ಚಿಕ್ಕಹಳ್ಳಿ, ಕಾಲೂರು"
ಕುಚೇಲ,noun,ಸಂ ,1,ಹರಿದು ಚಿಂದಿಯಾದ ಬಟ್ಟೆ
ಕುಚೇಷ್ಟೆ,noun,ಸಂ ,1,ಕುತಂತ್ರ
ಕುಚೋದ್ಯ,noun,ಸಂ ,1,ಕಿಡಿಗೇಡಿತನ
ಕುಚ್ಚಿತ,noun,<ಸಂ. ಕುತ್ಸಿತ ,1,"ಹೀನವಾದುದು, ಕೀಳಾದುದು"
ಕುಚ್ಚು,noun,ದೇ ,1,"ಗೊಂಚಲು, ಗುಚ್ಛ"
ಕುಜ,noun,ಸಂ ,1,"ಗಿಡ, ಮರ"
ಕುಟ,noun,ಸಂ ,1,"ಕೊಡ, ಕಲಶ"
ಕುಟಕ,noun,ಸಂ ,1,ಕಡೆಗೋಲನ್ನು ಕಟ್ಟುವ ಕಂಬ
ಕುಟಿ,noun,ಸಂ ,1,ಗುಡಿಸಲು
ಕುಟಿಲ(ಳ),noun,ಸಂ ,1,"ಮೋಸ, ವಂಚನೆ"
ಕುಟೀಚಕ,noun,ಸಂ ,1,ಸಂನ್ಯಾಸಿಗಳ ನಾಲ್ಕು ಪ್ರಕಾರಗಳಲ್ಲಿ ಒಂದು ಸಂನ್ಯಾಸ ತೆಗೆದುಕೊಂಡು ತನ್ನ ಮನೆಯಲ್ಲಿಯೆ ಇರುವವನು
ಕುಟುಂಬ,noun,ಸಂ ,1,"ಮನೆತನ, ವಂಶ"
ಕುಟುಂಬಿ,noun,ಸಂ ,1,ಮನೆಯ ಯಜಮಾನ
ಕುಟುಕು,noun,ದೇ ,1,ತುತ್ತು
ಕುಟ್ಟಿ,noun,ದೇ ,1,"ಮಗು, ಬಾಲಕ"
ಕುಟ್ಟು,noun,ದೇ ,1,"ಹೊಡೆತ, ಪೆಟ್ಟು"
ಕುಠಾರ,noun,ಸಂ ,1,"ಕೊಡಲಿ, ಗುದ್ದಲಿ"
ಕುಠಾರಿ,noun,ಸಂ ,1,"ಕೊಡಲಿ, ಪರಶು"
ಕುಡ,noun,ದೇ ,1,"ನೇಗಿಲ ಕುಳ, ನೇಗಿಲುಗಳ ಬಾಯಿಗೆ ತೊಡಿಸುವ ಕಬ್ಬಿಣದ ಪಟ್ಟಿ, ಗುಳ, ಕುಂಟೆ"
ಕುಡಿ,noun,ದೇ ,1,"ಗಿಡಬಳ್ಳಿಗಳ ತುದಿ, ಚಿಗುರು"
ಕುಡಿತೆ,noun,ದೇ ,1,"ಬೊಗಸೆ, ಸೇರೆ, ಬಾನಿ"
ಕುಡುಪು,noun,ದೇ ,1,"ಡೊಂಕು, ವಕ್ರತೆ"
ಕುಡುಹು,noun,ದೇ ,1,ಕುಡುಪು
ಕುಣಪ,noun,ಸಂ ,1,"ಹೆಣ, ಶವ"
ಕುಣಿಕೆ,noun,ದೇ ,1,"ಜೀರುಗುಣಿಕೆ, ಸರಗಂಟು"
ಕುಣಿತ,noun,ದೇ ,1,"ಕುಣಿಯುವಿಕೆ, ಜಿಗಿಯುವಿಕೆ"
ಕುತಪ,noun,ದೇ ,1,"ಅಪರಾಹ್ನ, ಮಧ್ಯಾಹ್ನದ ನಂತರದ ಸಮಯ"
ಕುತುಕ,noun,ಸಂ ,1,"ಆಶ್ಚರ್ಯ, ಬೆರಗು"
ಕುತೂಹಲ,noun,ಸಂ ,1,"ವಿಸ್ಮಯ, ಅಚ್ಚರಿ"
ಕುತ್ತ,noun,ದೇ ,1,"ರೋಗ, ಬೇನೆ, ವ್ಯಾಧಿ"
ಕುತ್ತಿ,noun,ದೇ ,1,ಮರವನ್ನು ಕಡಿದ ಮೇಲೆ ಬುಡದಲ್ಲಿ ಉಳಿಯುವ ತುಂಡು
ಕುತ್ತು,noun,ದೇ ,1,"ತೊಂದರೆ, ಆಪತ್ತು, ಕಷ್ಟ"
ಕುತ್ತೆಸರು,noun,ದೇ ,1,ಕುದಿಯುವ ನೀರು
ಕುತ್ಸಿತ,noun,ಸಂ ,1,"ನಿಂದೆ, ದೂಷಣೆ"
ಕುಥ,noun,ಸಂ ,1,"ಆನೆಯ ಬೆನ್ನಿನ ಮೇಲೆ ಅಲಂಕಾರಕ್ಕಾಗಿ ಹೊದಿಸುವ ಬಣ್ಣದ ಬಟ್ಟೆ, ಜೂಲು"
ಕುದಿ,noun,ದೇ ,1,"ಕುದಿಯುವಿಕೆ, ಕುದಿತ"
ಕುದುಕುಳಿ,noun,ದೇ ,1,ವ್ಯಾಕುಲ ಮನಸ್ಸಿನವನು
ಕುದುರು,noun,ದೇ ,1,"ವ್ಯವಸ್ಥೆ, ಏರ್ಪಾಡು"
ಕುದ್ದಾಲ(ಳ),noun,ಸಂ ,1,ಗುದ್ದಲಿ
ಕುನಯ,noun,ಸಂ ,1,ಮೋಸ
ಕುನಿ,noun,ದೇ ,1,"ತಗ್ಗು, ಕುಳಿ"
ಕುನ್ನಿ,noun,ದೇ ,1,ನಾಯಿಮರಿ
ಕುಪ್ಪಸ,noun,<ಸಂ. ಕೂರ್ಪಾಸ ,1,"ರವಕೆ, ಕಂಚುಕ, ಕುಬಸ"
ಕುಪ್ಪಿ,noun,<ಸಂ. ಕೂಪಿ ,1,"ಜಾಡಿ, ಭರಣಿ"
ಕುಪ್ಪಿಗೆ,noun,<ಸಂ. ಕೂಪಿಕಾ ,1,"ಜಾಡಿ, ಭರಣಿ"
ಕುಪ್ಪೆ,noun,ದೇ ,1,"ರಾಶಿ, ಗುಡ್ಡೆ"
ಕುಪ್ಯ,noun,ಸಂ ,1,"ಕ್ಷುದ್ರಲೋಹ, ತಾಮ್ರ, ಹಿತ್ತಾಳೆ ಕಂಚು ಮುಂ.ವು"
ಕುಬೇರ,noun,ಸಂ ,1,"ಅಷ್ಟದಿಕ್ಪಾಲಕರಲ್ಲಿ ಒಬ್ಬ, ಧನಪತಿ"
ಕುಬ್ಜ,noun,ಸಂ ,1,ಗೂನ
ಕುಭೃತ್ತು,noun,ಸಂ ,1,"ಪರ್ವತ, ಬೆಟ್ಟ"
ಕುಮಂತ್ರ,noun,ಸಂ ,1,"ಕೆಟ್ಟ ಆಲೋಚನೆ, ದುರ್ಬೋಧನೆ"
ಕುಮಕಿ,noun,<ಹಿಂ. ಕುಮಕೀ ,1,"ಸಹಾಯ, ಒತ್ತಾಸೆ"
ಕುಮಾರ,noun,ಸಂ ,1,"ಮಗ, ಪುತ್ರ"
ಕುಮಾರಿ,noun,ಸಂ ,1,ಮಗಳು
ಕುಮುದ,noun,ಸಂ ,1,ಬಿಳಿಯ ನೈದಿಲೆ
ಕುಯಕ,noun,<ಸಂ. ಕುಹಕ ,1,"ಕಪಟ, ವಂಚನೆ"
ಕುಯಿಲು,noun,ದೇ ,1,"ಕಟಾವು, ಕುಯ್ಲು"
ಕುರಂಗ,noun,ಸಂ ,1,"ಜಿಂಕೆ, ಹುಲ್ಲೆ"
ಕುರು(ಂ)ಜಿಗೆ,noun,ದೇ ,1,"ಹುಲ್ಲನ್ನು ಕೆತ್ತಿ ತೆಗೆಯಲು ಬಳಸುವ ಸಲಕರಣೆ, ಉಜ್ಜುಗೋರಿ"
ಕುರುಜು,noun,ದೇ ,1,ಅಲಂಕರಿಸಿದ ಮಂಟಪ
ಕುರುಡು,noun,ದೇ ,1,"ಕಣ್ಣು ಕಾಣದಿರುವಿಕೆ, ಅಂಧತ್ವ"
ಕುರುಣೆ,noun,ದೇ ,1,ಪಶುಪಕ್ಷಿಗಳ ಮರಿ ಪೋತ
ಕುರುಪು,noun,ದೇ ,1,ಒಂದು ಬಗೆಯ ಆಯುಧ
ಕುರುಬ,noun,ದೇ ,1,"ಕುರಿಕಾಯುವವನು, ಕುರಿಗಾಹಿ"
ಕುರುಳಿ,noun,ದೇ ,1,"ಸಣ್ಣಮಡಕೆ, ಕುಡಿಕೆ"
ಕುರುಳು,noun,ದೇ ,1,ಗುಂಗುರು ಕೂದಲು
ಕುರುವ,noun,ದೇ ,1,"ದ್ವೀಪ, ನಡುಗಡ್ಡೆ"
ಕುರುವಿಂದ,noun,ಸಂ ,1,"ಪಾದರಸದಿಂದ ಆದ ಒಂದು ಅದಿರು, ಇಂಗಲೀҕ"
ಕುರುವೆ,noun,ದೇ ,1,"ಕುಕ್ಕೆ, ಮಂಕರಿ"
ಕುರೂಪ,noun,ಸಂ ,1,ಸೌಂದರ್ಯಹೀನತೆ
ಕುರ್ಕುರ,noun,ಸಂ ,1,ನಾಯಿ
ಕುಲ,noun,ಸಂ ,1,"ಗುಂಪು, ಸಮೂಹ"
ಕುಲಪತಿ,noun,ಸಂ ,1,ಪ್ರಧಾನ ಶಿಕ್ಷಣಾಚಾರ್ಯ
ಕುಲವಧು,noun,ಸಂ ,1,ಕುಲನಾರಿ
ಕುಲಿ(ಳಿ)ಶ,noun,ಸಂ ,1,"ಇಂದ್ರನ ಆಯುಧ, ವಜ್ರಾಯುಧ"
ಕುಲುಕು,noun,ದೇ ,1,"ಅಲ್ಲಾಟ, ಕುಲುಕಾಟ"
ಕುಲ್ಯ,noun,ಸಂ ,1,ಕುಲೀನ
ಕುಲ್ಲ,noun,<ಸಂ. ಖುಲ್ಲ ,1,"ದುಷ್ಟ, ನೀಚ"
ಕುಳಿರ್,noun,ದೇ ,1,"ಚಳಿ, ಶೈತ್ಯ"
ಕುವರ,noun,ಸಂ ,1,"ಮಗ, ಕುಮಾರ"
ಕುವರಿ,noun,ಸಂ ,1,ಮಗಳು
ಕುವಲ(ಳ)ಯ,noun,ಸಂ ,1,"ನೀಲಿಯ ಕಮಲ, ಕನ್ನೈದಿಲೆ"
ಕುವೇಣಿ,noun,ಸಂ ,1,ಮೀನು ಹಿಡಿಯುವ ಬಲೆ
ಕುಶ,noun,ಸಂ ,1,"ಹೋಮ ಹವನಾದಿಗಳಿಗೆ ಬಳಸುವ ಹುಲ್ಲು, ದರ್ಭೆ"
ಕುಶಲ,noun,ಸಂ ,1,ಚಾತುರ್ಯ
ಕುಶಾಲು,noun,<ಪಾರ. ಖುಶ್ ಹಾಲ್ ,1,"ಹರ್ಷ, ಸಂತೋಷ"
ಕುಶೀಲವ,noun,ಸಂ ,1,ನಟ
ಕುಶೆ,noun,ಸಂ ,1,ದರ್ಭೆ
ಕುಸಿ,noun,ದೇ ,1,"ಜರಿಯುವಿಕೆ, ಕುಸಿತ"
ಕುಸೀದ,noun,ಸಂ ,1,ಹಣವನ್ನು ಬಡ್ಡಿಗೆ ಕೊಡುವುದು
ಕುಸುಮ,noun,ಸಂ ,1,"ಹೂವು, ಪುಷ್ಪ"
ಕುಸುಮಾಕರ,noun,ಸಂ ,1,ಹೂವುಗಳಿಂದ ತುಂಬಿದ
ಕುಸುರಿ,noun,ದೇ ,1,ಕುಸುರಿ ಕೆಲಸದಿಂದ ಮಾಡಿದ ಆಭರಣ
ಕುಸೃತಿ,noun,ಸಂ ,1,ವಂಚನೆ
ಕುಹಕ,noun,ಸಂ ,1,"ಮೋಸ, ವಂಚನೆ"
ಕುಹರ,noun,ಸಂ ,1,"ಗವಿ, ಗುಹೆ"
ಕುಹು,noun,ಸಂ ,1,ಅಮಾವಾಸ್ಯೆ
ಕೂಂಕು,noun,ದೇ ,1,"ಮೇಲಕ್ಕೆ ಹಾರು, ನೆಗೆ"
ಕೂಟ,noun,ಸಂ ,1,"ಸೇರಿಕೆ, ಸಂಯೋಗ"
ಕೂಟಸಾಕ್ಷಿ,noun,ಸಂ ,1,ಸುಳ್ಳು ಸಾಕ್ಷಿ
ಕೂಟಸ್ಥ,noun,ಸಂ ,1,ಮನೆತನದ ಮುಖಂಡ
ಕೂಟೋಪಾಯ,noun,ಸಂ ಒಳಸಂಚು; ಸಂ ,1,"ಜೊತೆ, ಕೂಟ"
ಕೂಪ,noun,ಸಂ ,1,ಬಾವಿ
ಕೂರಿಗೆ,noun,ದೇ ,1,ಹೊಲಗಳಲ್ಲಿ ಬೀಜ ಬಿತ್ತುವ ಉಪಕರಣ
ಕೂರೆ,noun,ದೇ ,1,ಕೊಳಕಾದ ಬಟ್ಟೆ
ಕೂರ್ಚ,noun,ಸಂ ,1,"ಕುಚ್ಚು, ಗುಚ್ಛ"
ಕೂರ್ಪರ,noun,ಸಂ ,1,ಮೊಳಕೈ
ಕೂರ್ಪು,noun,ದೇ ,1,ಒಲವು
ಕೂರ್ಮ,noun,ಸಂ ,1,ಆಮೆ
ಕೂಲ,noun,ಸಂ ,1,"ದಡ, ತಟ"
ಕೂಲಿ,noun,ದೇ ,1,ದುಡಿಮೆಗಾಗಿ ಕೊಡುವ ಪ್ರತಿ ಫಲ
ಕೂಳು,noun,ದೇ ,1,"ಅನ್ನ, ಓಗರ"
ಕೂಳೆ,noun,ದೇ ,1,"ಪೈರನ್ನು ಕೊಯ್ದ ಬಳಿಕ ತಳದಲ್ಲಿ ಉಳಿಯುವ ಮೋಟು, ತುಂಡು ಕೋಲಿ"
ಕೂಸು,noun,ದೇ ,1,"ಮಗು, ಹಸುಳೆ"
ಕೃಂತ,noun,ಸಂ ,1,ಕತ್ತರಿಸುವುದು
ಕೃಕರ,noun,ಸಂ ,1,"ಒಂದು ಬಗೆಯ ಪಕ್ಷಿ, ಕಬ್ಬಕ್ಕಿ"
ಕೃಕವಾಕು,noun,ಸಂ ,1,"ಕೋಳಿ, ಕುಕ್ಕುಟ"
ಕೃಚ್ಛ್ರ,noun,ಸಂ ,1,"ಪ್ರಯಾಸ, ಶ್ರಮ"
ಕೃತ,noun,ಸಂ ,1,ನಾಲ್ಕುಯುಗಗಳಲ್ಲಿ ಮೊದಲನೆ ಯದು
ಕೃತಕ,noun,ಸಂ ,1,ಕಪಟ
ಕೃತಕರ್ಮ,noun,ಸಂ ,1,ಮಾಡಬೇಕಾದ ಕೆಲಸವನ್ನು ಮಾಡಿದವನು
ಕೃತಾಂಜಲಿ,noun,ಸಂ ,1,ಮುಗಿದ ಕೈ
ಕೃತಿ,noun,ಸಂ ,1,ಕೆಲಸ
ಕೃತ್ತಿ,noun,ಸಂ ,1,"ಚರ್ಮ, ತೊಗಲು"
ಕೃತ್ಯ,noun,ಸಂ ,1,ಕೆಲಸ
ಕೃತ್ರಿಮ,noun,ಸಂ ,1,ಕಪಟ
ಕೃಪಣ,noun,ಸಂ ,1,ದೈನ್ಯದಿಂದ ಕೂಡಿದುದು
ಕೃಪೀಟ,noun,ಸಂ ,1,ಹೊಟ್ಟೆ
ಕೃಶಾನು,noun,ಸಂ ,1,"ಅಗ್ನಿ, ಬೆಂಕಿ"
ಕೃಷಿ,noun,ಸಂ ,1,"ಬೇಸಾಯ, ಆರಂಬ"
ಕೃಷಿಕ,noun,ಸಂ ,1,"ಬೇಸಾಯಗಾರ, ರೈತ"
ಕೃಷ್ಣ,noun,ಸಂ ,1,ಕಪ್ಪು ಬಣ್ಣ
ಕೃಷ್ಣೆ,noun,<ಸಂ. ಕೃಷ್ಣಾ ,1,ದ್ರೌಪದಿ
ಕೆಂಚು,noun,ದೇ ,1,ಕೆಂಪುಬಣ್ಣ
ಕೆಂಜ(ಜಿ)ಗ(ಗೆ),noun,ದೇ ,1,"ಕೆಂಪು ಬಣ್ಣದ ದೊಡ್ಡ ಇರುವೆ, ಕೆಂಪುಗೊದ್ದ"
ಕೆಂದಾರೆ,noun,ದೇ ,1,ಕೆಂಪು ನಕ್ಷತ್ರ
ಕೆಂದು,noun,ದೇ ,1,ಕೆಂಬಣ್ಣ
ಕೆಂಪು,noun,ದೇ ,1,ರಕ್ತವರ್ಣ
ಕೆಚ್ಚು,noun,ದೇ ,1,ಕೆಂಪು
ಕೆಡುಕು,noun,ದೇ ,1,ನಾಶ
ಕೆತ್ತೆ,noun,ದೇ ,1,"ಕತ್ತರಿಸಿ ತೆಗೆದ ಚೂರು, ಚಕ್ಕೆ"
ಕೆನೆ,noun,ದೇ ,1,ಹಾಲು ಮತ್ತು ಮೊಸರಿನ ಸಾರವತ್ತಾದ ಭಾಗ
ಕೆನ್ನ,noun,ದೇ ,1,ಕೆಂಬಣ್ಣ
ಕೆನ್ನೀರು,noun,ದೇ ,1,"ಕೆಂಪುನೀರು, ಕೆಸರು"
ಕೆಬ್ಬೆ,noun,ದೇ ,1,ಕೆಂಪು ಮಣ್ಣಿನ ಭೂಮಿ
ಕೆಮ್ಮಗೆ(ನೆ),noun,ದೇ ,1,"ಸುಮ್ಮನೆ, ವ್ಯರ್ಥವಾಗಿ"
ಕೆಯ್,noun,ದೇ ,1,"ಕರ, ಹಸ್ತ"
ಕೆಯ್ತ,noun,ದೇ ,1,ಕೆಲಸ
ಕೆರಸಿ(ಸೆ),noun,ದೇ ,1,"ಚಚ್ಚೌಕಾಕಾರದ ಅಗಲವಾದ ಬಾಯುಳ್ಳ ಬಿದಿರಿನ ಕುಕ್ಕೆ, ಬುಟ್ಟಿ"
ಕೆರ್ಚು,noun,ದೇ ,1,"ಧೈರ್ಯ, ಸಾಹಸ"
ಕೆಲ,noun,ದೇ ,1,"ಪಕ್ಕ, ಮಗ್ಗುಲು"
ಕೆಲಸ,noun,ದೇ ,1,ಕಾರ್ಯ
ಕೆಲ್ಲೆ,noun,ದೇ ,1,"ಸಿಗುರು, ಸಿಬುರು"
ಕೆಳೆ,noun,ದೇ ,1,"ಸ್ನೇಹ, ಗೆಳೆತನ, ಮೈತ್ರಿ"
ಕೆಸವು(ವೆ),noun,ದೇ ,1,"ಅಣಬೆ, ಅಳಂಬೆ, ನಾಯಿಕೊಡೆ"
ಕೇಂದ್ರ,noun,ಸಂ ,1,"ವೃತ್ತದ ಮಧ್ಯಬಿಂದು, ಮಧ್ಯಭಾಗ"
ಕೇಕರ,noun,ಸಂ ,1,"ಓರೆಗಣ್ಣು, ಕಡೆಗಣ್ಣು, ಕಟಾಕ್ಷ"
ಕೇಕೆ,noun,<ಸಂ. ಕೇಕಾ ,1,"ಸಂತೋಷವಾದ ಕೂಗು, ಉತ್ಸಾಹದ ಉಲಿ"
ಕೇಡು,noun,ದೇ ,1,"ಆಪತ್ತು, ಕೆಡಕು"
ಕೇಣ,noun,ದೇ ,1,"ಹೊಟ್ಟೆಕಿಚ್ಚು, ಮತ್ಸರ"
ಕೇಣಸರ,noun,ದೇ ,1,ಹೊಟ್ಟೆಕಿಚ್ಚು
ಕೇಣಿ,noun,ದೇ ,1,"ಗುತ್ತಿಗೆ, ಗೇಣಿ"
ಕೇತ,noun,ದೇ ,1,"ತೊಂದರೆ, ಕಿರುಕುಳ"
ಕೇತನ,noun,ಸಂ ,1,"ಮನೆ, ನಿವಾಸ"
ಕೇತು,noun,ಸಂ ,1,"ಅನಿಷ್ಟ ಸೂಚಕ ಬಾಲಚಿಕ್ಕೆ, ಧೂಮಕೇತು"
ಕೇದಾರ,noun,ಸಂ ,1,ಗದ್ದೆ
ಕೇಪು,noun,<ಇಂ. cap ,1,"ತುಪಾಕಿಯ ಗುಂಡುಗಳಿಗೆ ಹಾಕಿರುವ ಹಿಂಬದಿಯ - ಅಣಸು, ಟೋಪಿ"
ಕೇರಿ,noun,ದೇ ,1,"ಮನೆಸಾಲುಗಳ ನಡುವಿನ ಹಾದಿ, ಬೀದಿ, ಓಣಿ"
ಕೇರು,noun,ದೇ ,1,"ಗೋಡೆ, ಭಿತ್ತಿ"
ಕೇಲಿ(ಳಿ),noun,ಸಂ ,1,"ಆಟ, ಕ್ರೀಡೆ"
ಕೇಳಿ,noun,ಸಂ ,1,ಒಂದು ಬಗೆಯ ತೆಂಗು
ಕೇಳಿಕೆ,noun,ದೇ ,1,"ಕೇಳುವಿಕೆ, ಶ್ರವಣ"
ಕೇವಣ,noun,<ಸಂ. ಕ್ಷೇಪಣ ,1,"ಹರಳು ಮೊ.ವನ್ನು ಕೂಡಿಸುವುದು, ಕೆಚ್ಚುವುದು, ಮೆಟ್ಟುವುದು, ಕುಂದಣ"
ಕೇವಲ(ಳ),noun,ಸಂ ,1,ಪರಮಾತ್ಮ
ಕೇಶ,noun,ಸಂ ,1,ತಲೆಗೂದಲು
ಕೇಶರ,noun,ಸಂ ,1,ಕುಂಕುಮ ಕೇಸರಿ
ಕೇಸರ,noun,ಸಂ ,1,"ಹೂವಿನಲ್ಲಿರುವ ಕುಸುರು, ಎಳೆ, ಪರಾಗತಂತು"
ಕೇಸರಿ,noun,<ಸಂ. ಕೇಸರಿನ್ ,1,ಸಿಂಹ
ಕೇಸು,noun,<ಇಂ. case ,1,"ದಾವೆ, ಖಟ್ಲೆ, ಮೊಕದ್ದಮೆ"
ಕೈ,noun,ದೇ ,1,"ತೋಳಿನ ಕೊನೆ, ಕರ, ಹಸ್ತ"
ಕೈಕಸ(ಸು)ಬು,noun,= ,1,"ಕೈಯಿಂದ ಮಾಡುವ ಕಾರ್‍ಯ, ಹಸ್ತಕೌಶಲದಿಂದ ಮಾಡುವ ಕಾರ್ಯ"
ಕೈಗಾರಿಕೆ,noun,ದೇ ,1,"ಕೈಕೆಲಸ, ಹಸ್ತ ಕೌಶಲದ ಕೆಲಸ"
ಕೈತ,noun,ದೇ ,1,"ಮಾಡುವಿಕೆ, ಕೆಲಸ, ಕಾರ್ಯ"
ಕೈತವ,noun,<ಸಂ. ಕಿತವ ,1,"ಕಪಟ, ವಂಚನೆ, ಕಿತವನ ಭಾವ"
ಕೈದು,noun,"ದೇ ಆಯುಧ, ಶಸ್ತ್ರ; <ಅರ. ಕೈದು ",1,"ಸೆರೆಮನೆ, ಕಾರಾ ಗೃಹ"
ಕೈನೆ,noun,ದೇ ,1,"ದಾಸಿ, ಪರಿಚಾರಿಕೆ"
ಕೈಫಿಯತ್ತು,noun,<ಅರ. ಕೈಫೀಯತ್ ,1,"ಸ್ಪಷ್ಟವಾದ ಹೇಳಿಕೆ, ವಿವರಣೆ"
ಕೈಮೆ,noun,ದೇ ,1,"ಕೆಲಸ, ಕಾರ್ಯ"
ಕೈಲಾಸ,noun,ಸಂ ,1,ಹಿಮಾಲಯ ಪರ್ವತ ಶ್ರೇಣಿಯಲ್ಲಿರುವ ಒಂದು ಬೆಟ್ಟ
ಕೈವಲ್ಯ,noun,ಸಂ ,1,"ಸಂಪೂರ್ಣ, ಏಕಾಂತ"
ಕೈವಾರ,noun,ದೇ ,1,"ಕೊಂಡಾಟ, ಹೊಗಳಿಕೆ"
ಕೈವಾರಿ,noun,ದೇ ,1,"ಹೊಗಳು ಭಟ್ಟ, ಸ್ತುತಿಪಾಠಕ, ಭಟ್ಟಂಗಿ"
ಕೈಶಿಕ,noun,ಸಂ ,1,"ತಲೆಗೂದಲಿನ ಸಮೂಹ, ಕೇಶ ರಾಶಿ"
ಕೊಂಕು,noun,ದೇ ,1,"ಡೊಂಕು, ವಕ್ರತೆ"
ಕೊಂಗ,noun,ದೇ ,1,ಕೊಂಗುನಾಡು ಮತ್ತು ಆ ಪ್ರದೇಶದ ವ್ಯಕ್ತಿ
ಕೊಂಚೆ,noun,"ದೇ ನಿತಂಬ, ಪಿರ್ರೆ; <ಸಂ. ಕ್ರೌಂಚ ",1,ಕ್ರೌಂಚಪಕ್ಷಿ
ಕೊಂಡ,noun,ದೇ ,1,ಬೆಟ್ಟ ಗುಡ್ಡ
ಕೊಂಡಾಟ,noun,ದೇ ,1,"ಹೊಗಳಿಕೆ, ಸ್ತುತಿ"
ಕೊಂಡಿ,noun,ದೇ ,1,ಕೊಕ್ಕೆ
ಕೊಂಡೆ,noun,<ದೇ. ಕೊಂಡೆಯ ,1,ಚಾಡಿಯ ಮಾತು
ಕೊಂತ,noun,ದೇ ,1,ಪಂಪು ಮೊ.ವುಗಳಲ್ಲಿರುವ ಬೆಣೆ
ಕೊಂತಿ,noun,ದೇ ,1,ಒಂದು ಜಾತಿಯ ಮೀನು
ಕೊಂಪೆ,noun,ದೇ ,1,"ಕಸಕಡ್ಡಿಗಳ ರಾಶಿ, ಕುಪ್ಪೆ"
ಕೊಂಬು,noun,ದೇ ,1,"ಪ್ರಾಣಿಗಳ - ಕೋಡು, ಶೃಂಗ"
ಕೊಕ್ಕರೆ,noun,ದೇ ,1,ಒಂದು ಜಾತಿಯ ನೀರು ಹಕ್ಕಿ
ಕೊಕ್ಕು,noun,ದೇ ,1,"ಪಕ್ಷಿಯ - ಚಂಚು, ಮೂತಿ"
ಕೊಕ್ಕೆ,noun,ದೇ ,1,ಕೊಂಡಿ
ಕೊಗ್ಗ,noun,ದೇ ,1,"ವಕ್ರತೆ, ಡೊಂಕುತನ"
ಕೊಚ್ಚು,noun,ದೇ ,1,"ಕತ್ತರಿಸುವ ಸಾಧನ, ಕತ್ತರಿ"
ಕೊಟ್ಟ(ಟ್ಟಿ)ಗೆ,noun,ದೇ ,1,"ದನದ ಹಟ್ಟಿ, ಹಕ್ಕೆ"
ಕೊಟ್ಟಣ,noun,ದೇ ,1,ಬತ್ತ ಮೊ.ವನ್ನು ಕುಟ್ಟುವಿಕೆ
ಕೊಟ್ಟವಳ,noun,<ಸಂ. ಕೋಷ್ಠಪಾಲ ,1,ಕೋಟೆಯ ಕಾವಲುಗಾರ
ಕೊಟ್ಟಿ,noun,<ಹಿಂ. ಖೋಟಾ ,1,"ಕೆಟ್ಟ ವ್ಯಕ್ತಿ, ನಾಚಿಕೆಗೇಡಿ"
ಕೊಟ್ಟಿಗೆ,noun,ದೇ ,1,"ದನದ ಹಟ್ಟಿ, ಹಕ್ಕೆ"
ಕೊಟ್ಟು,noun,ದೇ ,1,"ನವಿಲು ಮೊ. ಪಕ್ಷಿಗಳ ತಲೆಯ ಮೇಲಿರುವ ಜುಟ್ಟು, ಶಿಖೆ"
ಕೊಟ್ಟೆ,noun,ದೇ ,1,ಅಡಕೆಯ ಹಾಳೆಯಿಂದ ಮಾಡಿದ ದೊನ್ನೆ
ಕೊಡ,noun,ದೇ ,1,"ಮಣ್ಣು ಯಾ ಲೋಹದಿಂದ ಮಾಡಿದ ಬಾಯಿ ಕಿರಿದಾದ ಪಾತ್ರೆ, ಗಡಿಗೆ, ಕುಂಭ"
ಕೊಡವು(ಪು)(ಹು),noun,ದೇ ,1,"ಒದರುವಿಕೆ, ಜಾಡಿಸುವಿಕೆ"
ಕೊಣಸು,noun,ದೇ ,1,ಜಿಂಕೆಯ ಮರಿ
ಕೊತ್ತಿ,noun,ದೇ ,1,ಬೆಕ್ಕು
ಕೊದೆ,noun,ದೇ ,1,"ಕವೆ, ಕವಲು"
ಕೊನ(ಣ)ಬು,noun,ದೇ ,1,"ಬೆಡಗು, ಒನಪು"
ಕೊನೆ,noun,ದೇ ,1,"ತುದಿ, ಕಡೆ"
ಕೊನ್ನಾರ,noun,ದೇ ,1,"ಗೂಡು, ಮಾಡ"
ಕೊಪ್ಪ,noun,ದೇ ,1,ಚಿಕ್ಕ ಹಳ್ಳಿ
ಕೊಪ್ಪರ,noun,ದೇ ,1,ಮೊಳಕೈ
ಕೊಪ್ಪಲು,noun,ದೇ ,1,"ಕುಪ್ಪೆ, ರಾಶಿ"
ಕೊಪ್ಪು,noun,ದೇ ,1,"ಬಿಲ್ಲಿನ ತುದಿ, ಗೊಲೆ"
ಕೊಬ್ಬು,noun,ದೇ ,1,"ಆಧಿಕ್ಯ, ಸಮೃದ್ಧಿ"
ಕೊಮ್ಮೆ,noun,ದೇ ,1,"ಧಾನ್ಯವನ್ನು ಸಂಗ್ರಹಿಸಿಡಲು ಬಿದಿರು ಯಾ ಮಣ್ಣಿನಿಂದ ಮಾಡಿದ ಸಾಧನ, ಗಳಗೆ"
ಕೊಯ್ಲು,noun,ದೇ ,1,ಬೆಳೆಯನ್ನು ಕೊಯ್ಯುವಿಕೆ ಕಟಾವು
ಕೊರಗು,noun,"ದೇ ವ್ಯಥೆ, ಕಳವಳ, ಚಿಂತೆ ಕೊರಡು ಕೊರಂಟು ನೋಡಿ ಕೊರಡೆ <ಮರಾ. ಕೊರ್ಡಾ/ಪೋರ್ಚು. corda; ದೇ ",1,"ಬಾರುಕೋಲು, ಚಾಟಿ, ಚಾವಟಿ"
ಕೊರತೆ,noun,ದೇ ,1,"ಕಡಮೆ, ನ್ಯೂನತೆ"
ಕೊರಪ,noun,ದೇ ,1,"ಕುದುರೆಯ ಮೈಯನ್ನು ಉಜ್ಜುವ ಹಣಿಗೆ, ಖರಾರಿ"
ಕೊರವ,noun,ದೇ ,1,ಒಂದು ಜಾತಿಯ ಮೀನು
ಕೊರೆ,noun,ದೇ ,1,ಕತ್ತರಿಸುವುದು
ಕೊರೆತ,noun,ದೇ ,1,"ಕೊರೆಯುವಿಕೆ, ಕೊಯ್ಯುವಿಕೆ"
ಕೊರ್ಬು(ರ್ವು),noun,ದೇ ,1,"ಅಹಂಕಾರ, ಮದ, ಸೊಕ್ಕು, ನೆಣ"
ಕೊಲೆ,noun,ದೇ ,1,"ಕೊಲ್ಲುವಿಕೆ, ವಧೆ"
ಕೊಲ್ಲಣ,noun,ದೇ ,1,"ವಿನೋದ, ಕ್ರೀಡೆ"
ಕೊಲ್ಲಾರಿ,noun,ದೇ ,1,"ಕೊಲ್ಲಾರ, ಸಿಂಗರಿಸಿದ ಕಮಾನು ಬಂಡಿ"
ಕೊಲ್ಲಿ,noun,ದೇ ,1,"ಭೂಮಿಯೊಳಗೆ ನುಗ್ಗಿರುವ ಸಮುದ್ರದ ಭಾಗ, ಆಖಾತ"
ಕೊಲ್ಲೆ,noun,ದೇ ,1,"ಓರೆ, ಕೊಂಕು"
ಕೊಳ(ಣ),noun,ದೇ ,1,"ಸರೋವರ, ಪುಷ್ಕರಿಣಿ"
ಕೊಳಗ,noun,ದೇ ,1,"ಒಂದು ಅಳತೆ, ನಾಲ್ಕು ಬಳ್ಳಗಳ ಪರಿಮಾಣ"
ಕೊಳವಿ,noun,ದೇ ,1,ಪೊಳ್ಳಾದ ಬಿದಿರಿನ ನಾಳ
ಕೊಳು(ಳ್ಳು)ಕೊಡೆ,noun,ದೇ ,1,"ಕೊಟ್ಟು ತೆಗೆದುಕೊಳ್ಳುವ ವ್ಯವಹಾರ, ವಿನಿಮಯ"
ಕೊಳುಗುಳ,noun,ದೇ ,1,ಯುದ್ಧ
ಕೊಳೆ,noun,ದೇ ,1,"ಕೊಳೆತುದು, ಹೊಲಸು"
ಕೊಳ್ಳ,noun,ದೇ ,1,"ತಗ್ಗಾಗಿರುವ ಪ್ರದೇಶ, ಹಳ್ಳ"
ಕೊಳ್ಳು,noun,ದೇ ,1,"ಸುಲಿಗೆ, ಲೂಟಿ"
ಕೊಸರು,noun,ದೇ ,1,"ಹೆಚ್ಚಳ, ಆಧಿಕ್ಯ"
ಕೊಸೆ,noun,ದೇ ,1,ಸಂಭೋಗ
ಕೋ(ಚು)ಸು,noun,ದೇ ,1,"ಓರೆ, ಡೊಂಕು"
ಕೋಕ,noun,"<ಮರಾ. ಖೋಕ ಒಳಗಿನ ತೆಳುಪದರ ಅಂಟಿಕೊಂಡಿರುವ ಅಡಕೆ, ಕೀಳು ಅಡಕೆ; ಸಂ ",1,ಚಕ್ರವಾಕ
ಕೋಗಿಲೆ,noun,<ಸಂ. ಕೋಕಿಲ ,1,"ಇಂಪಾಗಿ ಹಾಡುವ ಒಂದು ಚಿಕ್ಕ ಕಪ್ಪು ಹಕ್ಕಿ, ಕೋಕಿಲ, ಪಿಕ"
ಕೋಗೀರು,noun,ಪಾರ ,1,"ಕುದುರೆಯ ಬೆನ್ನಿನ ಮೇಲೆ ಹಾಕುವ ತಡಿ, ಜೀನು"
ಕೋಚು,noun,"ದೇ ಓರೆ, ಡೊಂಕು ",1,"ವಕ್ರಸ್ವಭಾವ, ಕೊಂಕುತನ"
ಕೋಟರ,noun,ದೇ ,1,"ಮರದ ಪೊಟರೆ, ಡೊಗರು"
ಕೋಟವಿ,noun,<ಸಂ. ಕೋಟವೀ ,1,ಬತ್ತಲೆ ಹೆಂಗಸು
ಕೋಟಿ,noun,ಸಂ ,1,"ಕೊನೆ, ತುದಿ"
ಕೋಟೀರ,noun,ಸಂ ,1,"ಕಿರೀಟ, ಮಕುಟದ ಮಣಿ"
ಕೋಠಿ,noun,<ಮರಾ. ಕೋಠೀ ,1,ಉಗ್ರಾಣ
ಕೋಡಂಗಿ,noun,ದೇ ,1,"ಬಯಲಾಟ ಯಾ ಯಕ್ಷ ಗಾನ ನಾಟಕಗಳಲ್ಲಿ ಬರುವ ಹಾಸ್ಯಗಾರ, ವಿದೂಷಕ"
ಕೋಡಗ,noun,ದೇ ,1,"ಕೋತಿ, ಮಂಗ"
ಕೋಡಿ,noun,ದೇ ,1,ಕೆರೆಕಟ್ಟೆಗಳಿಂದ ಹೆಚ್ಚಿನ ನೀರು ಹರಿದುಹೋಗಲು ಮಾಡಿರುವ ದಾರಿ
ಕೋಡು,noun,ದೇ ,1,"ತಂಪು, ಶೈತ್ಯ, ಚಳಿ"
ಕೋಡೆ,noun,ದೇ ,1,ಚಳಿಗಾಲದಲ್ಲಿ ಬೀಸುವ ತಂಗಾಳಿ
ಕೋಣ,noun,ದೇ ,1,"ನಾಲ್ಕು ಕಾಲಿನ ದೊಡ್ಡ ಪ್ರಾಣಿ, ಮಹಿಷ"
ಕೋಣೆ,noun,ದೇ ,1,"ಕೊಠಡಿ, ಖೋಲಿ, ಓವರಿ"
ಕೋತು,noun,ದೇ ,1,"ಉಳುಮೆ, ಬೇಸಾಯ"
ಕೋದಂಡ,noun,ಸಂ ,1,"ಬಿಲ್ಲು, ಧನಸ್ಸು"
ಕೋಮಟಿ,noun,ದೇ ,1,"ವೈಶ್ಯ, ಸೆಟ್ಟಿ"
ಕೋಮಲ(ಳ),noun,ಸಂ ,1,ಸುಕುಮಾರತೆ
ಕೋರಡಿ,noun,ದೇ ,1,ಸಾರವಿಲ್ಲದಿರುವಿಕೆ
ಕೋರಡಿಗ,noun,ದೇ ,1,"ಮೂರ್ಖ, ಅವಿವೇಕಿ"
ಕೋರಿ,noun,ದೇ ,1,"ಚಿಂದಿ, ಹರಕು, ಹಳೆಯ ಬಟ್ಟೆಯ ಚೂರು"
ಕೋರಿಕೆ,noun,ದೇ ,1,"ಅಪೇಕ್ಷೆ, ಬಯಕೆ"
ಕೋರು,noun,ದೇ ,1,ವಾರಪಾಲು
ಕೋರೆ,noun,ದೇ ,1,"ಓರೆ, ಡೊಂಕು"
ಕೋಲೆಬಸವ,noun,<ಕವಿಲೆ + ಬಸವ ,1,"ಕೆಲವು ಸನ್ನೆಗಳ ಮೂಲಕ ಬೀದಿಬೀದಿಯಲ್ಲಿ ಆಟವಾಡಿಸುವ ಅಲಂಕರಿಸಿದ ಎತ್ತು, ಕೌಲೆತ್ತು"
ಕೋಲ್,noun,ದೇ ,1,"ದೊಣ್ಣೆ, ಬಡಿಗೆ"
ಕೋಳ,noun,ದೇ ,1,"ಬೇಡಿ, ಸಂಕೋಲೆ"
ಕೋಳ್(ಳು),noun,ದೇ ,1,"ಹೊಡೆತ, ಪೆಟ್ಟು"
ಕೋಳ್‌ಗುದಿ,noun,ದೇ ,1,ಮಿತಿಮೀರಿದ ದುಃಖ
ಕೋವಿ,noun,ದೇ ,1,"ಕೊಳವೆ, ಪಿಚಕಾರಿ"
ಕೋವೆ,noun,ದೇ ,1,ಲೋಹಗಳನ್ನು ಕರಗಿಸುವ ಮೂಸೆ
ಕೋಶ,noun,ಸಂ ,1,"ಆಯುಧಗಳನ್ನಿಡುವ ಚೀಲ, ಒರೆ"
ಕೋಷ್ಟಕ,noun,ಸಂ ,1,"ಮನೆಯ ಒಳಕೊಠಡಿ, ಕೋಣೆ"
ಕೋಹಳೆ,noun,ದೇ ,1,"ಹೊದಿಕೆ, ಪೊರೆ"
ಕೌಟಿಲ್ಯ,noun,ಸಂ ,1,"ಡೊಂಕು, ಕೊಂಕು"
ಕೌತುಕ,noun,ಸಂ ,1,ಕುತೂಹಲ
ಕೌತೂಹಲ,noun,ಸಂ ,1,"ಬಯಕೆ, ಆಸೆ"
ಕೌಮಾರ,noun,ಸಂ ,1,"ಬಾಲ್ಯ, ಶೈಶವ"
ಕೌಮಾರಿ,noun,ಸಂ ,1,ಸಪ್ತ ಮಾತೃಗಳಲ್ಲಿ ಒಬ್ಬಳು
ಕೌಳಿಕ,noun,<ಸಂ. ಕೌಟಿಕ ,1,"ಕಟುಕ, ಕಸಾಯಿಗಾರ"
ಕೌಶಲ,noun,ಸಂ ,1,"ಜಾಣತನ, ಚದುರು"
ಕೌಶಿಕ,noun,ಸಂ ,1,"ಕುಶಿಕನ ವಂಶದವನು, ವಿಶ್ವಾಮಿತ್ರ"
ಕೌಸುಂಭ,noun,ಸಂ ,1,ಕುಸುಬೆ ಹೂವು
ಕೌಸ್ತುಭ,noun,ಸಂ ,1,ವಿಷ್ಣುವಿನ ಎದೆಯನ್ನು ಅಲಂಕರಿಸಿರುವ ಒಂದು ರತ್ನ
ಕ್ಯಾಟ್‌ವಾಕ್,noun,<ಇಂ. cat walk ,1,ನವೀನ ಒಡುಪುಗಳ ಜಾಹಿರಾತಿಗಾಗಿ ಉಡುಪು ರಾಣಿಯರ ಹೆಜ್ಜೆ ನಡಿಗೆ
ಕ್ರಂದನ,noun,ಸಂ ,1,"ಅಳು, ರೋದನ"
ಕ್ರತು,noun,ಸಂ ,1,"ಯಾಗ, ಯಜ್ಞ"
ಕ್ರಮ,noun,ಸಂ ,1,ಹೆಜ್ಜೆಯಿಡುವಿಕೆ
ಕ್ರಮಾಧಿಕ,noun,ಸಂ ,1,ಒಳ್ಳೆಯ ನಡತೆಯಿಂದ ಶ್ರೇಷ್ಠನಾದವನು
ಕ್ರಮುಕ,noun,ಸಂ ,1,ಅಡಕೆ
ಕ್ರಯ,noun,ಸಂ ,1,ಬೆಲೆಕೊಟ್ಟು ಕೊಳ್ಳುವಿಕೆ
ಕ್ರಾಂತದೃಷ್ಟಿ,noun,ಸಂ ,1,ಅಗೋಚರವಾದುದನ್ನು ಕಾಣುವ ದೃಷ್ಟಿ
ಕ್ರಾಂತಿ,noun,ಸಂ ,1,ಹೋಗುವಿಕೆ
ಕ್ರಿಯೆ,noun,ಸಂ ,1,"ಕೆಲಸ, ಕಾರ್ಯ"
ಕ್ರೀಡೆ,noun,<ಸಂ. ಕ್ರೀಡಾ ,1,"ಆಟ, ವಿನೋದ"
ಕ್ರೂಜೆ,noun,<ಇಂ. cross ,1,ಶಿಲುಬೆ
ಕ್ರೋಡ,noun,ಸಂ ,1,"ಎದೆ, ವಕ್ಷಸ್ಥಳ"
ಕ್ರೋಶ,noun,ಸಂ ,1,"ಕೂಗುವಿಕೆ, ಕೂಗು"
ಕ್ರೋಷ್ಟ,noun,ಸಂ ,1,ಕೂಗುವವನು
ಕ್ಲಿಷ್ಟ,noun,ಸಂ ,1,"ತೊಂದರೆ, ಪೀಡೆ, ಕ್ಲೇಶ"
ಕ್ಲೀಬ,noun,ಸಂ ,1,"ನಪುಂಸಕ, ಷಂಡ"
ಕ್ವಿಜ್,noun,? ,1,ವಿದ್ಯಾರ್ಥಿಗಳಿಗೆ ಪ್ರಶ್ನೆಗಳನ್ನು ಕೇಳಿ ಮಾಡುವ ಲೋಕಾಭಿರಾಮವಾದ ಪರೀಕ್ಷೆ
ಕ್ಷಣ,noun,ಸಂ ,1,ಕಾಲದ ಒಂದು ಪ್ರಮಾಣ
ಕ್ಷತಿ,noun,ಸಂ ,1,"ಗಾಯ, ನೋವು"
ಕ್ಷತ್ರಪ,noun,ಸಂ ,1,ರಾಜ್ಯದ ವಿಭಾಗ
ಕ್ಷಪಣ,noun,ಸಂ ,1,"ಬೌದ್ಧ ಭಿಕ್ಷು, ಜೈನ ಸಂನ್ಯಾಸಿ, ಸವಣ"
ಕ್ಷಪೆ,noun,<ಸಂ. ಕ್ಷಪಾ ,1,"ಇರುಳು, ರಾತ್ರಿ"
ಕ್ಷಮತೆ,noun,<ಸಂ. ಕ್ಷಮತಾ ,1,"ಯೋಗ್ಯತೆ, ಅರ್ಹತೆ"
ಕ್ಷಮೆ,noun,<ಸಂ. ಕ್ಷಮಾ ,1,"ಇತರರ ತಪ್ಪನ್ನು ಮನ್ನಿಸುವ ಗುಣ, ಸೈರಣೆ, ತಾಳ್ಮೆ"
ಕ್ಷಯ,noun,ಸಂ ,1,"ಕುಗ್ಗುವಿಕೆ, ಸೊರಗುವಿಕೆ"
ಕ್ಷಾತ್ರ,noun,ಸಂ ,1,ಕ್ಷತ್ರಿಯನ ತೇಜಸ್ಸು
ಕ್ಷಾಮ,noun,ಸಂ ,1,"ಬರ, ಬರಗಾಲ"
ಕ್ಷಾರ,noun,ಸಂ ,1,"ಉಪ್ಪು, ಲವಣ"
ಕ್ಷಿತಿ,noun,ಸಂ ,1,ಭೂಮಿ
ಕ್ಷಿತಿಜ,noun,ಸಂ ,1,ಭೂಮಿಯಲ್ಲಿ ಹುಟ್ಟಿದುದು - ಮರ ಮುಂ.ವು
ಕ್ಷೀರ,noun,ಸಂ ,1,ಹಾಲು
ಕ್ಷುದ್ರ,noun,ಸಂ ,1,"ಚಾಡಿ, ಪಿಸುಣು"
ಕ್ಷುಪ,noun,ಸಂ ,1,"ಪೊದೆ, ಕಂಟಿ"
ಕ್ಷುರ,noun,ಸಂ ,1,"ಕ್ಷೌರ ಮಾಡುವ ಸಣ್ಣ ಕತ್ತಿ, ಚೂರಿ"
ಕ್ಷುಲ್ಲಕ,noun,ಸಂ ,1,"ಕೀಳು ಮನುಷ್ಯ, ಅಲ್ಪ"
ಕ್ಷೇತ್ರ,noun,ಸಂ ,1,"ಹೊಲ, ಗದ್ದೆ"
ಕ್ಷೇತ್ರಪಾಲ,noun,ಸಂ ,1,ಹೊಲ ಮುಂ.ವನ್ನು ಕಾಯುವವನು
ಕ್ಷೇಪ,noun,ಸಂ ,1,ಎಸೆಯುವುದು
ಕ್ಷೇಮ,noun,ಸಂ ,1,ಮನೆ
ಕ್ಷೋಣಿ,noun,ಸಂ ,1,"ನೆಲ, ಭೂಮಿ"
ಕ್ಷೋದ,noun,ಸಂ ,1,"ಕುಟ್ಟುವುದು, ಪುಡಿಮಾಡುವುದು"
ಕ್ಷೋಭೆ,noun,ಸಂ ,1,"ಅಲುಗಾಟ, ಕುಲುಕಾಟ"
ಕ್ಷೌರ,noun,ಸಂ ,1,ತಲೆಗೂದಲನ್ನು ತೆಗೆಯುವುದು
ಖ,noun,ಸಂ ,1,ಕನ್ನಡ ವರ್ಣಮಾಲೆಯ ಹದಿನಾರ ನೆಯ ಅಕ್ಷರ
ಖಂಡ,noun,ಸಂ ,1,"ತುಂಡು, ಚೂರು"
ಖಂಡಣೆ,noun,<ಮರಾ. ಖಂಡಣೀ ,1,"ಕಪ್ಪ, ಕಾಣಿಕೆ"
ಖಂಡತುಂಡು,noun,<ಮರಾ. ಖಂಡಣೀ ,1,ಕತ್ತರಿಸಿದ ಚೂರು
ಖಂಡನೆ,noun,<ಸಂ. ಖಂಡನ ,1,ಇನ್ನೊಬ್ಬರ ಅಭಿಪ್ರಾಯವನ್ನು ಖಂಡಿಸುವುದು
ಖಂಡಪರುಶು,noun,<ಸಂ. ಖಂಡನ ,1,ಅರ್ಧಚಂದ್ರಾಕೃತಿಯ ಆಕಾರದಲ್ಲಿರುವ ತೆಳುವಾದ ಕೊಡಲಿ
ಖಂಡಿ,noun,ಸಂ ,1,ಒಂದು ಬಗೆಯ ತೂಕ
ಖಂಡಿಕ,noun,ಸಂ ,1,"ಬಟ್ಟಗಡಲೆ, ಬಟಾಣಿ"
ಖಂಡೆಯ,noun,<ಸಂ. ಖಡ್ಗ ,1,"ಕತ್ತಿ, ಖಡ್ಗ"
ಖಗ,noun,ಸಂ ,1,ಆಕಾಶದಲ್ಲಿ ಸಂಚರಿಸುವಂಥದು
ಖಗೋಲ,noun,ಸಂ ,1,ನಭೋಮಂಡಲ
ಖಚರ,noun,ಸಂ ,1,ಪಕ್ಷಿ
ಖಜಕ,noun,ಸಂ ,1,"ಕಡೆಗೋಲು, ಮಂತು"
ಖಟಬಾಕಿ,noun,<ಮರಾ. ಖಟ + ಅರ. ಬಾಕಿ ,1,ವಸೂಲಾಗದ ಸಾಲ
ಖಟ್ವ,noun,<ಸಂ. ಖಟ್ವಾ ,1,"ಮಂಚ, ಹೊರಸು"
ಖಡಕು,noun,<ಮರಾ. ಖಡಕ್ ,1,"ತೀವ್ರತೆ, ಉಗ್ರತೆ, ಕಠೋರತೆ"
ಖಡಾಖಡೀ,noun,<ಮರಾ. ಖಡಾಖಡೀ ,1,"ಖಂಡಿತವಾದುದು, ಸ್ಪಷ್ಟವಾದುದು"
ಖಡಿ,noun,<ಮರಾ. ಖಡೀ ,1,"ಕಲ್ಲಿನ ಸಣ್ಣ ಚೂರು, ಜಲ್ಲಿ"
ಖಡ್ಗ,noun,ಸಂ ,1,"ಕತ್ತಿ, ಕರವಾಳ"
ಖಡ್ಡ,noun,ಮರಾ ,1,ದಿಟ್ಟತನ
ಖತ,noun,<ಹಿಂ. ಅರ. ಖತ್ಮ್ ,1,"ಕೈಬರಹ, ಬರವಣಿಗೆ"
ಖತಿ,noun,? ,1,"ರೇಗುವಿಕೆ, ಕೋಪ"
ಖದ್ಯೋತ,noun,ಸಂ ,1,ಸೂರ್ಯ
ಖನಕ,noun,ಸಂ ,1,ಅಗೆಯುವಿಕೆ
ಖನನ,noun,ಸಂ ,1,"ಅಗೆಯುವಿಕೆ, ತೋಡುವಿಕೆ"
ಖಪ,noun,<ಮರಾ. ಖಪ್ ,1,ಖರ್ಚು
ಖಯ,noun,ಮರಾ ,1,"ಜಂಬ, ಸೊಕ್ಕು"
ಖಯಖೋಡಿ,noun,<ಮರಾ. ಖಯ + ಖೋಡಿ ,1,"ಅಳುಕು, ಅಂಜಿಕೆ"
ಖಯಾಲಿ,noun,<ಹಿಂ. ಅರ. ಖಯಾಲ್ ,1,"ಇಷ್ಟ, ಲಹರಿ, ಮರ್ಜಿ"
ಖರ,noun,ಸಂ ,1,ಹೇಸರಗತ್ತೆ
ಖರೀತ,noun,<ಅರ. ಖರೀಹತ್ ,1,ಲಕೋಟೆ
ಖರೀದಿ,noun,<ಪಾರ. ಖರೀದಿ ,1,ಬೆಲೆಕೊಟ್ಟು ಕೊಂಡುಕೊಳ್ಳುವಿಕೆ
ಖರ್ಪರ,noun,ಸಂ ,1,"ತಲೆಬುರುಡೆಯ ಚಿಪ್ಪು, ಕಪಾಲ"
ಖರ್ವ,noun,ಸಂ ,1,"ಹದಿಮೂರು ಅಂಕಗಳಿರುವ ಒಂದು ಸಂಖ್ಯೆ, ಒಂದು ಸಾವಿರ ಕೋಟಿ"
ಖಲ(ಳ),noun,ಸಂ ,1,ಧಾನ್ಯವನ್ನು ಒಕ್ಕುವ ಕಣ
ಖಲ(ಳ)ನ್ಯಾಯ,noun,ಸಂ ,1,"ಕೆಟ್ಟ ನಡತೆ, ಕೀಳಾದ ಆಚರಣೆ"
ಖಲೀಫ,noun,<ಅರ. ಖಲೀಫ್ ,1,ಮಹಮ್ಮದೀಯರ ಧಾರ್ಮಿಕ ಗುರು
ಖಾಡಾಖಾಡಿ,noun,ಮರಾ ,1,"ದ್ವಂದ್ವಯುದ್ಧ, ಮಲ್ಲಯುದ್ಧ"
ಖಾಣ,noun,<ಸಂ. ಖಾದನ ,1,"ಕುದುರೆ, ದನಕರುಗಳ ಮೇವು"
ಖಾತ,noun,ಸಂ ,1,"ಅಗಳು, ಕಂಡಕ"
ಖಾತರಿ,noun,<ಅರ. ಪಾರ. ಖಾತಿರ್ ,1,"ವಿಚಾರ, ಚರ್ಚೆ, ಪರ್ಯಾಲೋಚನೆ"
ಖಾತೆ,noun,<ಪಾರ. ಖತ್ / ಹಿಂ. ಖಾತಾ ,1,"ಕಿರ್ದಿ ಪುಸ್ತಕದಲ್ಲಿ ನಮೂದಾಗಿರುವ ಜಮಾ ಖರ್ಚಿನ ಭಾಗ, ಜಮಾ ಖರ್ಚಿನಲ್ಲಿ ಒಬ್ಬ ವ್ಯಕ್ತಿ, ಸಂಸ್ಥೆ ಯಾ ವಿಷಯಕ್ಕೆ ಮೀಸಲಾದ ಲೆಕ್ಕದ ವಿಭಾಗ"
ಖಾತೆದಾರ,noun,<ಪಾರ. ಖತ್ / ಹಿಂ. ಖಾತಾ ,1,"ಭೂಮಿಯ ಸ್ವಾಧೀನಾಧಿಕಾರವನ್ನು ಪಡೆದು ಸರ್ಕಾರದ ದಫ್ತರಿನಲ್ಲಿ ದಾಖಲು ಮಾಡಿಸಿ ಕೊಂಡ ವ್ಯಕ್ತಿ, ಪಟ್ಟೆದಾರ"
ಖಾನ,noun,<ಹಿಂ. ಪಾರ. ಖಾನ್ ,1,"ಸರದಾರ, ಅಮೀರ, ದೊರೆ"
ಖಾನಿ(ನೆ),noun,<ಪಾರ. ಖಾನ್ ,1,"ಮನೆ, ನಿವಾಸ, ವಾಸಸ್ಥಳ"
ಖಿನ್ನ,noun,ಸಂ ,1,"ಖೇದ, ವಿಷಾದ"
ಖಿಲ,noun,ಸಂ ,1,"ಸಾಗುವಳಿ ಮಾಡದಿರುವ ಭೂಮಿ, ಪಾಳುನೆಲ"
ಖಿಸ್ತು,noun,<ಅರ. ಕಿಸ್ತ್/ಮರಾ. ಖಿಸ್ತ್ ,1,ಕಂದಾಯದ ಹಣವನ್ನು ಕಂತಿನ ಮೂಲಕ ಪಾವತಿ ಮಾಡುವಿಕೆ
ಖುಲಾಸೆ,noun,<ಅರ. ಹಿಂ. ಮರಾ. ಖುಲಾಸಾ ,1,"ಬಿಡುಗಡೆ, ಮುಕ್ತಿ"
ಖುಲ್ಲ,noun,ಸಂ ,1,"ಅಲ್ಪತನ, ಕ್ಷುದ್ರತೆ"
ಖುಶಾಲಿ,noun,<ಮರಾ. ಖುಶಾಲೀ ,1,"ಹಿಗ್ಗು, ಸಂತೋಷ"
ಖುಶಾಲು,noun,<ಮರಾ. ಖುಶಾಲೀ ,1,"ಹಿಗ್ಗು, ಸಂತೋಷ"
ಖುಶಿ(ಷಿ),noun,<ಪಾರ. ಹಿಂ. ಮರಾ. ಖುಶೀ ,1,ಖುಶಾಲಿ
ಖೂನಿ,noun,<ಪಾರ. ಹಿಂ. ಖೂನ್ ,1,"ಕೊಲೆ, ವಧೆ"
ಖೇಚರ,noun,ಸಂ ,1,"ಆಕಾಶದಲ್ಲಿ ಸಂಚರಿಸುವವನು; ಗಂಧರ್ವ, ವಿದ್ಯಾಧರ ಮೊ. ದೇವಗಣಕ್ಕೆ ಸೇರಿದವನು"
ಖೇಟ,noun,ಸಂ ,1,"ಚಿಕ್ಕ ಹಳ್ಳಿ, ಗ್ರಾಮ"
ಖೇಡ,noun,ಸಂ ,1,"ಹಳ್ಳಿ, ಗ್ರಾಮ"
ಖೇದ,noun,ಸಂ ,1,"ದುಃಖ, ಉಮ್ಮಳ"
ಖೇಲ,noun,ಸಂ ,1,"ಆಟ, ಕ್ರೀಡೆ"
ಖೊಟ್ಟಿ,noun,<ಮರಾ. ಖೋಟಾ ,1,"ನಿಜವಲ್ಲದುದು, ಮೋಸದಿಂದ ಕೂಡಿದುದು, ಖೋಟಾ"
ಖೋಟಾ,noun,ಹಿಂ. ಮರಾ.  ,1,"ಕೆಟ್ಟದು, ಒಳ್ಳೆಯದಲ್ಲದುದು"
ಖೋಡ,noun,ಸಂ ,1,"ಕುಂಟ, ಹೆಳವ"
ಖೋಡಿ,noun,<ಮರಾ. ಖೋಡ್ ,1,"ದುರುಳತನ, ನೀಚತನ"
ಖ್ಯಾತ,noun,ಸಂ ,1,ಪ್ರಸಿದ್ಧವಾದುದು
ಖ್ಯಾತಿ,noun,ಸಂ ,1,"ಪ್ರಸಿದ್ಧಿ, ಹೆಸರುವಾಸಿ"
ಗಂಗೆ,noun,ದೇ? ,1,"ಕಂಠ, ಕೊರಳು"
ಗಂಗೋದಕ,noun,ಸಂ ,1,"ಗಂಗಾನದಿಯ ನೀರು, ಪವಿತ್ರವಾದ ಜಲ"
ಗಂಜಿ,noun,<ಸಂ. ಕಾಂಚಿಕಾ ,1,ಅಕ್ಕಿಯನ್ನು ಬೇಯಿಸಿ ಬಸಿದು ತೆಗೆದ ಸಾರ
ಗಂಟಲ್(ಲು),noun,ದೇ ,1,"ಕೊರಳು, ಕುತ್ತಿಗೆ"
ಗಂಟು,noun,<ಸಂ. ಗ್ರಂಥಿ ,1,"ಸೇರಿಸಿ ಕಟ್ಟಿದುದು, ಕಟ್ಟು"
ಗಂಟೆ,noun,<ಸಂ. ಘಂಟಾ ,1,ಘಂಟೆ
ಗಂಡ,noun,ದೇ ,1,"ಗಂಡುತನವುಳ್ಳವನು, ಶೂರ, ವೀರ"
ಗಂಡಾಗುಂಡಿ,noun,ದೇ ,1,"ದುಂಡಾವರ್ತಿ, ಒಂದು ಬಗೆಯ goondaism"
ಗಂಡು,noun,ದೇ ,1,"ಶೌರ್ಯ, ಪರಾಕ್ರಮ"
ಗಂಡೂಷ,noun,ಸಂ ,1,ಬಾಯಿ ಮುಕ್ಕುಳಿಸುವುದು
ಗಂಡೋಲ,noun,ಸಂ ,1,"ಕವಳ, ತುತ್ತು, ಗ್ರಾಸ"
ಗಂತು,noun,ಸಂ ,1,"ಹಾದಿ, ಮಾರ್ಗ"
ಗಂದಿಗೆ,noun,<ಸಂ. ಗಂಧಿಕ ,1,"ಗಂಧ, ಪರಿಮಳ ದ್ರವ್ಯ"
ಗಂಧ,noun,ಸಂ ,1,"ಸುವಾಸನೆ, ಪರಿಮಳ"
ಗಂಧರ್ವ,noun,ಸಂ ,1,"ಒಂದು ದೇವಜಾತಿ, ದೇವಲೋಕದ ಸಂಗೀತಗಾರ"
ಗಂಹರ,noun,<ಸಂ. ಗಹ್ವರ ,1,"ಗವಿ, ಗುಹೆ"
ಗಗನ,noun,ಸಂ ,1,"ಬಾನು, ಆಕಾಶ"
ಗಗನಕುಸುಮ,noun,ಸಂ ,1,ಆಕಾಶದಲ್ಲಿರುವ ಹೂವು
ಗಗ್ಗರ,noun,<ಸಂ. ಘರ್ಘಣ ,1,"ಕಿರುಗೆಜ್ಜೆಗಳನ್ನುಳ್ಳ ಆಭರಣ, ಕಾಲುಕಡಗ"
ಗಚ್ಚು,noun,<ಮರಾ. ಗಚ್ಚೆ ,1,"ನೆಲ, ಗೋಡೆ ಮೊ. ವುಗಳಿಗೆ ಹಾಕುವ ಗಾರೆ, ಲೆಪ್ಪ"
ಗಜ,noun,ಸಂ ,1,"ಆನೆ, ಕರಿ"
ಗಜ(ಜಿ)ಬಜ(ಜಿ),noun,<ಮರಾ. ಗಜ್‌ಬಜ್ ,1,"ಗದ್ದಲ, ಗಲಾಟೆ"
ಗಜಕರ್ಣ,noun,<ಮರಾ. ಗಜ್‌ಬಜ್ ,1,"ಒಂದು ಬಗೆಯ ಚರ್ಮರೋಗ, ಇಸಬು"
ಗಜ್ಜುಗ,noun,ದೇ ,1,ಒಂದು ಬಗೆಯ ಮುಳ್ಳು ಪೊದೆ ಮತ್ತು ಅದರ ಕಾಯಿ
ಗಟ್ಟ,noun,<ಹಿಂ. ಮರಾ. ಗಠ್ಠಾ ,1,"ಗೋಣಿ ಪಟ್ಟಿಯಲ್ಲಿ ಕಟ್ಟಿ ಹಗ್ಗ, ತಗಡು ಮೊ.ವುಗಳಿಂದ ಬಿಗಿದಿರುವ ವ್ಯಾಪಾರದ-ಸರಕಿನ ಮೂಟೆ, ಪಿಂಡಿ"
ಗಟ್ಟಿ,noun,ದೇ ,1,"ಗಡ್ಡೆಕಟ್ಟಿದುದು, ಹೆಪ್ಪುಗಟ್ಟಿದುದು"
ಗಟ್ಟಿಗ,noun,ದೇ ,1,"ಸಮರ್ಥ, ಶೂರ"
ಗಟ್ಟಿಗತನ,noun,ದೇ ,1,"ಸಾಮರ್ಥ್ಯ, ಶೂರತನ"
ಗಟ್ಟಿಮುಟ್ಟು,noun,ದೇ ,1,"ಬಲವಾದುದು, ಶಕ್ತಿಯುತವಾದುದು"
ಗಡಂಗು,noun,<ಇಂ. godown ,1,"ದಾಸ್ತಾನು ಮಳಿಗೆ, ಗೋದಾಮು"
ಗಡಚು,noun,ದೇ ,1,"ಗಟ್ಟಿಯಾದುದು, ಒರಟು"
ಗಡಣ,noun,ಸಂ ,1,"ಕೂಡಿಸುವಿಕೆ, ಸೇರಿಸುವಿಕೆ"
ಗಡಣೆ,noun,<ಸಂ. ಗಡಣ ,1,"ಮೇಳ, ಗಾಯನಗೋಷ್ಠಿ"
ಗಡಪ್ಪು,noun,<ಹಿಂ. ಮರಾ. ಗಡಪ್ ,1,"ಕಾಣದಾಗುವಿಕೆ, ಅದೃಶ್ಯವಾಗುವಿಕೆ"
ಗಡಬಡ(ಡಿ),noun,<ಹಿಂ. ಮರಾ. ಗಡ್‌ಬಡ್ ,1,"ಅವಸರ, ಆತುರ, ತ್ವರೆ"
ಗಡಿ,noun,ದೇ ,1,"ಎಲ್ಲೆ, ಅಂಚು"
ಗಡು(ಗಡುವು),noun,ದೇ ,1,"ವಾಯಿದೆ, ಅವಧಿ"
ಗಡುಸು,noun,ದೇ ,1,"ಗಡಚು, ಗಟ್ಟಿಯಾದುದು"
ಗಡ್ಡ,noun,ದೇ ,1,"ಗಲ್ಲ, ದವಡೆ"
ಗಡ್ಡೆ,noun,ದೇ ,1,"ಮುದ್ದೆ, ಉಂಡೆ"
ಗಣ,noun,ಸಂ ,1,"ಸಮೂಹ, ಗುಂಪು"
ಗಣಕ,noun,ಸಂ ,1,"ಗಣಿತವನ್ನು ಬಲ್ಲವನು, ಲೆಕ್ಕಿಗ"
ಗಣತಿ,noun,<ಮರಾ. ಗಣತೀ ,1,"ಎಣಿಕೆ, ಲೆಕ್ಕ"
ಗಣಿ,noun,<ಸಂ. ಖನಿ ,1,"ಆಶ್ರಯಸ್ಥಾನ, ಮೂಲ ಸ್ಥಾನ"
ಗಣಿಕೆ,noun,ದೇ ,1,"ಗೆಣ್ಣು, ಗಂಟು"
ಗಣಿತ,noun,ಸಂ ,1,"ಗಣನೆ, ಲೆಕ್ಕಾಚಾರ"
ಗಣಿತಜ್ಞ,noun,= ,1,ಗಣಿತವನ್ನು ಬಲ್ಲವನು
ಗಣೆ,noun,ದೇ ,1,"ಬಿದಿರಿನ ಕೋಲು, ಗಳ"
ಗತ,noun,ಸಂ ,1,ಹಿಂದೆ ಆದುದು
ಗತಕ,noun,<ಸಂ. ಕೃತಕ ,1,"ಕೃತಕವಾದುದು, ಸಹಜವಲ್ಲದುದು"
ಗತಾನುಗತಿಕ,noun,ಸಂ ,1,"ಹಿಂದಿನಂತೆ ನಡೆ ಯುವುದು, ಸಂಪ್ರದಾಯ ಪಾಲನೆ"
ಗತಾಯು,noun,ಸಂ ,1,ಕಳೆದ ಆಯಸ್ಸು
ಗತಿ,noun,ಸಂ ,1,"ಗಮನ, ಸಂಚಾರ"
ಗತಿಗೇಡಿ,noun,<ಸಂ. ಗತಿ + ದೇ. ಕೇಡಿ ,1,"ಇದ್ದುದನ್ನು ಕಳೆದುಕೊಂಡವನು, ದುರ್ದೈವಿ"
ಗತ್ತು,noun,<ಹಿಂ. ಮರಾ. ಗತ್ ,1,"ಗತಿ, ಗಮನ"
ಗದಡು(ರು),noun,ದೇ ,1,"ದನಕರುಗಳ ಮಲ ಮೂತ್ರಗಳ ಕೆಟ್ಟನಾತ, ಗದರು"
ಗದ್ದಲ,noun,<ದೇ. ತೆಲು. ,1,"ಗೊಂದಲ, ಗಲಾಟೆ"
ಗದ್ದಿ(ದ್ದು)ಗೆ,noun,<ತೆಲು. ಗದ್ದೆ ,1,"ಪೀಠ, ಸಿಂಹಾಸನ, ಭದ್ರಾಸನ ಮೊ.ವು"
ಗದ್ಯ,noun,ಸಂ ,1,"ಆಡುವ ಮಾತು, ವಚನ"
ಗದ್ಯಾಣ,noun,ಸಂ ,1,"ಒಂದು ಚಿನ್ನದ ನಾಣ್ಯ, ನಿಷ್ಕ"
ಗನ್ನ,noun,<ಸಂ. ಗಹನ ,1,"ಕಪಟ, ಮೋಸ"
ಗಬರು,noun,<ಮರಾ. ಗಬ್ಬರ್ ಒಂದು ಬಗೆಯ ಬಂಗಾರದ ನಾಣ್ಯ; <ಹಿಂ. ಮರಾ. ಗಬ್ರೂ ,1,"ಗಟ್ಟಿಗ, ಘಾಟಿ"
ಗಬ್ಬ,noun,<ಸಂ. ಗರ್ಭ ,1,"ಬಸಿರು, ಗರ್ಭ"
ಗಬ್ಬು,noun,ದೇ ,1,"ಕೆಟ್ಟ ವಾಸನೆ, ನಾತ"
ಗಭಸ್ತಿ,noun,ಸಂ ,1,"ಕಿರಣ, ರಶ್ಮಿ"
ಗಮ,noun,"ದೇ ಸುವಾಸನೆ, ಘಮ; ಸಂ ",1,"ಹೋಗುವುದು, ಚಲನೆ"
ಗಮಕ,noun,ಸಂ ,1,"ಘನತೆ, ಗಾಂಭೀರ್ಯ"
ಗಮನ,noun,ಸಂ ,1,"ನಡೆಯುವುದು, ನಡಗೆ"
ಗಮಾರ,noun,<ಮರಾ. ಗಂವಾರ್ ,1,ಹಳ್ಳಿಗ
ಗಮ್ಮತ್ತು,noun,<ಮರಾ. ಹಿಂ. ಗಮ್ಮತ್ ,1,"ಠೀವಿ, ಗತ್ತು"
ಗಯಾಳ,noun,ದೇ ,1,ಹೇಡಿ
ಗರ,noun,ದೇ ಪಗಡೆಯಾಟದಲ್ಲಿ ದಾಳಗಳಿಂದ ಸೂಚಿತವಾಗುವ ಸಂಖ್ಯೆ; <ಸಂ. ಗ್ರಹ ,1,ಗ್ರಹ
ಗರಂ,noun,<ಪಾರ. ಗರ್ಮ್ ,1,"ಬಿಸಿ, ಶಾಖ, ಉಷ್ಣ"
ಗರಡಿ,noun,ದೇ ,1,ವ್ಯಾಯಾಮ ಶಾಲೆ
ಗರಮೀ,noun,<ಪಾರ. ಗರ್ಮೀ ,1,"ಉಷ್ಣ, ಕಾವು"
ಗರಲ(ಳ),noun,ಸಂ ,1,"ವಿಷ, ನಂಜು"
ಗರಿ,noun,ದೇ ,1,ಹಕ್ಕಿಗಳ ರೆಕ್ಕೆ
ಗರಿಮುರಿ,noun,ದೇ ,1,ಬಟ್ಟೆಗಳ ಮಡಿಕೆಗಳು ಮುರಿಯದೆ ಇರುವುದು
ಗರಿಮೆ,noun,<ಸಂ. ಗರಿಮನ್ ,1,"ಭಾರ, ಒಜ್ಜೆ"
ಗರುಡ,noun,ಸಂ ,1,ಹದ್ದಿನ ಜಾತಿಗೆ ಸೇರಿದ ಒಂದು ಪಕ್ಷಿ
ಗರುಡಕಂ(ಗಂ)ಭ,noun,ಸಂ ,1,ದೇವಾಲಯಗಳ ಮುಂದಿನ ಧ್ವಜಸ್ತಂಭ
ಗರುವ,noun,<ಸಂ. ಗರ್ವ ,1,"ಹಿರಿಯ, ಶ್ರೇಷ್ಠ"
ಗರುವೆ,noun,ಗರುವ + ಎ ,1,"ದೊಡ್ಡವಳು, ಹಿರಿಯಳು"
ಗರ್ಗರ,noun,<ಸಂ. ಘರ್ಘರಾ ಸಣ್ಣಸಣ್ಣ ಗೆಜ್ಜೆ ಗಳಿಂದ ಕೂಡಿದ ಕಾಲಿನ ಕಡಗ; ಸಂ ,1,ನೀರಿನ ಸುಳಿ
ಗರ್ತ,noun,ಸಂ ,1,ನೀರಿನ ಸುಳಿ
ಗರ್ಭ,noun,ಸಂ ,1,"ಹೊಟ್ಟೆ, ಉದರ"
ಗಲಗು,noun,ದೇ ,1,"ಲೇಖನಿಯನ್ನು ಮಾಡಲು ಬಳಸುವ ಒಂದು ಬಗೆಯ ಸಸ್ಯ, ಲಾಳದ ಕಡ್ಡಿ"
ಗಲಾಟೆ,noun,<ಮರಾ. ಗಳಾಟಾ ,1,"ಗದ್ದಲ, ಗಲಭೆ"
ಗಲಿಬಿಲಿ,noun,ದೇ ,1,"ಗಲಾಟೆ, ಗದ್ದಲ"
ಗಲ್ಲ,noun,ದೇ ,1,"ಕದಪು, ಕೆನ್ನೆ"
ಗಲ್ಲಾ,noun,ಹಿಂ. ಮರಾ. ,1,ಅಂಗಡಿಯ ಹಣದ ಪೆಟ್ಟಿಗೆ
ಗಲ್ಲು,noun,<ಇಂ. gallows ,1,"ಕುತ್ತಿಗೆಗೆ ನೇಣುಹಾಕಿ ಕೊಲ್ಲುವ ಸಾಧನ, ನೇಣುಮರ"
ಗಳ(ಳೆ),noun,ದೇ ,1,ಬಿದಿರಿನ ಕೋಲು
ಗಳಪ,noun,<ದೇ. ಗಳಪು + ಅ ,1,ಬಾಯಿಗೆ ಬಂದಂತೆ ಹರಟುವವನು
ಗಳಿತ,noun,<ಸಂ. ಗಲಿತ ,1,ಬಿದ್ದು ಹೋದುದು
ಗಳು,noun,ದೇ ,1,ಬಿದಿರು ಕೋಲು
ಗವಸಣಿಗೆ,noun,ದೇ ,1,"ಮುಸುಕು, ಮರೆ"
ಗವಾಸ್ಪದ,noun,<ಸಂ. ಗೋ + ಆಸ್ಪದ ,1,ಗುಹೆ
ಗವಿ,noun,ದೇ ,1,ಗುಹೆ
ಗಸಿ,noun,ದೇ ,1,ಗಸಟು
ಗಸ್ತು,noun,<ಪಾರ. ಹಿಂ. ಗಶ್ತ್ ,1,"ಕಾವಲು, ಪಹರೆ"
ಗಹನ,noun,ಸಂ ,1,ಸುಲಭವಲ್ಲದುದು
ಗಹ್ವರ,noun,ಸಂ ,1,"ಗವಿ, ಗುಹೆ"
ಗಾಂಚಾಲಿ,noun,ಹಿಂ ,1,ಗುದ ಮೈಥುನ
ಗಾಂಡು,noun,<ಹಿಂ. ಮರಾ. ಗಾಢಾ ,1,ದೊಡ್ಡ ದೊಣ್ಣೆ
ಗಾಂಧರ್ವ,noun,ಸಂ ,1,"ಸಂಗೀತ, ಗಾನ"
ಗಾಟಳಿಸು,noun,<ಮರಾ. ಗಾಟಣೇ ,1,ಬಿರುಸಾಗಿ ಬೀಸು
ಗಾಡಿ,noun,<ಹಿಂ. ಮರಾ. ಗಾಡಾ ,1,"ಬಂಡಿ, ಶಕಟ"
ಗಾಡಿಕಾರ,noun,<ಹಿಂ. ಮರಾ. ಗಾಡಾ ,1,ಚೆಲುವ
ಗಾಢ,noun,ಸಂ ,1,"ಹೆಚ್ಚಳ, ಅತಿಶಯ"
ಗಾತ್ರ,noun,<ಸಂ. ಗಾತ್ರಂ ,1,"ಒಡಲು, ದೇಹ"
ಗಾಥೆ,noun,<ಸಂ. ಗಾಥ ,1,"ಪದ್ಯ, ಶ್ಲೋಕ"
ಗಾದಿ,noun,<ಹಿಂ. ಗದ್ದಿ ,1,ಅರಳೆಯನ್ನು ತುಂಬಿ ಮಾಡಿದ ಮೆತ್ತನೆಯ ದಿಂಬು
ಗಾಯತ್ರಿ,noun,ಸಂ ,1,ಪ್ರತಿಯೊಂದು ಸಾಲಿನಲ್ಲಿ ಎಂಟಕ್ಷರಗಳನ್ನುಳ್ಳ ಮೂರು ಸಾಲಿನ ಒಂದು ವೈದಿಕ ಮಂತ್ರ
ಗಾರುಡಿ,noun,<ಸಂ. ಗರುಡ ,1,ಗರುಡ ಸಂಬಂಧವಾದ ವಿದ್ಯೆ
ಗಾರುಡಿಗ,noun,ಗಾರುಡಿ + ಗ ,1,ಯಕ್ಷಿಣಿಗಾರ
ಗಾಳ,noun,ದೇ ,1,ಮೀನು ಹಿಡಿಯುವ ಕೊಕ್ಕೆ
ಗಾಳಿ,noun,ದೇ ,1,ವಾಯು
ಗಾಳು,noun,<ದೇ. ಕಾೞ ,1,ಒರಟಾದುದು
ಗಾಳುಮೇಳು,noun,ದೇ ,1,"ಅಸ್ತವ್ಯಸ್ತತೆ, ಅವ್ಯವಸ್ಥೆ"
ಗಾವರ,noun,ದೇ ,1,ಘೋಷಣೆ
ಗಾವಳಿ,noun,<ಸಂ. ಕಾಹಲ? ,1,ಘೋಷಣೆ
ಗಾವಿಲ,noun,<ಸಂ. ಗ್ರಾಮೀಣ ,1,"ಹಳ್ಳಿಯವನು, ಗ್ರಾಮಸ್ಥ"
ಗಾಸಿ,noun,<ಅರ. ಗಾಶಿಯಾ ಕುದುರೆಯ ಜೀನಿನ ಮೇಲೆ ಅಲಂಕಾರಕ್ಕಾಗಿ ಹಾಕುವ ವಸ್ತ್ರ; ದೇ ,1,ತೊಂದರೆ
ಗಾಸೆ,noun,ಕಾಸೆ ,1,ಕಚ್ಚೆ ಹಾಕಿ ಉಟ್ಟುಕೊಳ್ಳುವ ವಸ್ತ್ರ
ಗಿಂಜು,noun,ದೇ ,1,"ತಿರುಳು, ಸಾರ"
ಗಿಚ್ಚಿ,noun,ದೇ ,1,ಒಂದು ಬುಗುರಿಯಿಂದ ಮತ್ತೊಂದು ಬುಗುರಿಗೆ ಹೊಡೆಯುವುದು
ಗಿಜರು,noun,ದೇ ,1,"ಕೆಸರು, ರಾಡಿ"
ಗಿಜಿಗಿಜಿ,noun,ದೇ ,1,ಅಸಹ್ಯ ಬರುವಂತೆ ಅಂಟಂಟಾಗಿರುವುದು
ಗಿಟಕು,noun,ದೇ ,1,ಒಣಕೊಬ್ಬರಿ
ಗಿಡ್ಡ,noun,ದೇ ,1,ಕುಳ್ಳಾದುದು
ಗಿಡ್ಡು,noun,ದೇ ,1,ಕುಳ್ಳು
ಗಿಣ್ಣು,noun,ದೇ ,1,ಎಳೆಗಂದಿಯ ಹಾಲು
ಗಿರಕಿ,noun,ದೇ ,1,"ತಲೆಕೆಳಕಾಗಿ ಬೀಳುವಿಕೆ, ಲಾಗ, ದಿಂಡುರುಳು"
ಗಿರಾಕಿ,noun,<ಮರಾ. ಗಿರ್ಹಾಯೀಕ್ ,1,"ಕೊಂಡುಕೊಳ್ಳುವವನು, ಗ್ರಾಹಕ"
ಗಿಲೀಟು,noun,ಇಂ. gilt ,1,ತಾಮ್ರ ಮೊ. ಲೋಹಗಳಿಗೆ ಮೆರುಗಿಗಾಗಿ ಬಳಿಯುವ ಚಿನ್ನ ಯಾ ಬೆಳ್ಳಿಯ ಮುಲಾಮು ಲೇಪನ
ಗೀಟು,noun,ದೇ ,1,"ಗೀರು, ಗೆರೆ, ರೇಖೆ"
ಗೀತೆ,noun,ಸಂ ,1,"ಹಾಡು, ಪದ"
ಗು(ತ್ತ)ತ್ತಿಗೆ,noun,ದೇ ,1,"ಇನ್ನೊಬ್ಬರ ಜಮೀನು ಯಾ ಕೆಲಸವನ್ನು ಒಂದು ನಿರ್ದಿಷ್ಟ ಅವಧಿಯ ವರೆಗೆ ವಹಿಸಿಕೊಂಡು ಅದರ ಮಾಲೀಕನಿಗೆ ನಿರ್ದಿಷ್ಟವಾಗಿ ಕೊಡುವ ಪ್ರತಿಫಲವನ್ನು ನಿಗದಿಪಡಿಸಿ ಗೊತ್ತು ಮಾಡಿಕೊಳ್ಳುವ ಒಪ್ಪಂದ, ಒಡಂಬಡಿಕೆಯ ಕರಾರು, ಗೊತ್ತುವಳಿ"
ಗುಂಗು,noun,<ಮರಾ. ಗುಂಗ್ ,1,"ಮತ್ತು, ಅಮಲು"
ಗುಂಜಾಯಿಷಿ,noun,<ಪಾರ. ಹಿಂ. ಗುಂಜಾಇಶ್ ,1,"ಲಾಭ, ಫಾಯಿದೆ"
ಗುಂಜಾರವ,noun,ಅನುಕರಣ + <ಸಂ. ರವ ,1,ದುಂಬಿಯ ನಾದ
ಗುಂಜು,noun,ದೇ ,1,"ತೊಡಕು, ಸಿಕ್ಕು"
ಗುಂಟೆ,noun,ದೇ ,1,ವ್ಯವಸಾಯದ ಒಂದು ಉಪಕರಣ
ಗುಂಡಿ,noun,ದೇ ,1,ಗುಂಡಾಗಿರುವ ದೊಡ್ಡದಾದ ಪಾತ್ರೆ
ಗುಂಡಿಗೆ,noun,<ಸಂ. ಕುಂಡಿಕಾ ನೀರಿನ ಪಾತ್ರೆ; ದೇ ,1,"ಎದೆ, ಹೃದಯ"
ಗುಂಡು,noun,ದೇ ,1,ಗುಂಡುಕಲ್ಲು
ಗುಂಬ(ಭ),noun,? ,1,ವಾಹನಗಳ ಚಕ್ರದ ನಡುವಿನ ಗಡ್ಡೆ
ಗುಕ್ಕು,noun,ದೇ ,1,ತುತ್ತು
ಗುಚ್ಛ,noun,ಸಂ ,1,"ಗೊಂಚಲು, ಕುಚ್ಚು"
ಗುಜರಿ,noun,<ಪಾರ. ಹಿಂ. ಮರಾ. ಗುಜರೀ ,1,ಸಂಜೆ ವೇಳೆಯಲ್ಲಿ ವ್ಯಾಪಾರ ಮಾಡುವ ಅಂಗಡಿ
ಗುಜ್ಜು,noun,ದೇ ,1,"ಕುಳ್ಳಾಗಿರುವಿಕೆ, ಗಿಡ್ಡಾಗಿರುವಿಕೆ"
ಗುಟುರು,noun,ದೇ ,1,ಪಕ್ಷಿಗಳ ಕೂಗು
ಗುಟ್ಟು,noun,ದೇ ,1,"ರಹಸ್ಯ, ಗೌಪ್ಯ"
ಗುಡಾರ,noun,<ಸಂ. ಗೂಢಾಗಾರ? ,1,"ಬಿಡಾರ, ಡೇರೆ"
ಗುಡಿ,noun,"<ಸಂ. ಕುಟಿ ಕುಟೀರ, ಮನೆ, ಗುಡಿಸಲು; ದೇ ",1,"ಮಂಡಲ, ವೃತ್ತ"
ಗುಡಿಕೈಗಾರಿಕೆ,noun,"<ಸಂ. ಕುಟಿ ಕುಟೀರ, ಮನೆ, ಗುಡಿಸಲು; ದೇ ",1,"ಕೆತ್ತನೆಯ ಕೆಲಸ, ಕುಶಲ ಕೈಗಾರಿಕೆ"
ಗುಡುಗು,noun,ದೇ ,1,ಮೇಘಗರ್ಜನೆ
ಗುಡ್ಡ,noun,<ದೇ. ಗುಡ್ಡು ,1,"ಗಿಡ್ಡ, ಕುಬ್ಜ"
ಗುಡ್ಡೆ,noun,ದೇ ,1,"ರಾಶಿ, ಸಮೂಹ"
ಗುಣ,noun,ಸಂ ,1,"ನಡತೆ, ಸ್ವಭಾವ, ಸತ್ತ್ವ, ರಜಸ್ಸು, ತಮಸ್ಸು ಎಂಬ ಮೂರು ಮೂಲ ಸ್ವಭಾವಗಳು"
ಗುಣಾಕಾರ,noun,ಸಂ ,1,ಒಂದು ಸಂಖ್ಯೆಯನ್ನು ಇನ್ನೊಂದು ಸಂಖ್ಯೆಯಿಂದ ಗುಣಿಸುವುದು
ಗುಣುಕು,noun,ದೇ ,1,ದೊಣ್ಣೆ ಕೋಲು
ಗುತ್ತ,noun,ದೇ ,1,"ಸಮೀಪ, ಹತ್ತಿರ"
ಗುತ್ತಿ,noun,ದೇ ,1,"ಗೊಂಚಲು, ಗೊನೆ"
ಗುದಿ,noun,ದೇ ,1,"ಅಡಿಕೆ, ತೆಂಗು ಮೊ. ಮರಗಳನ್ನು ಹತ್ತುವಾಗ ಆಧಾರಕ್ಕಾಗಿ ಕಾಲಿಗೆ ಕಟ್ಟಿಕೊಳ್ಳುವ ಹಗ್ಗ"
ಗುದ್ದು,noun,ದೇ ,1,ಮುಷ್ಟಿಯಿಂದ ಹೊಡೆಯುವಿಕೆ
ಗುನ್ನ,noun,ದೇ ,1,"ದಿಣ್ಣೆ, ದಿಬ್ಬ"
ಗುಪ್ತಿ,noun,ಸಂ ,1,"ಕಾಪು, ರಕ್ಷಣೆ"
ಗುಬರು,noun,ದೇ ,1,"ಮುಸುಕು, ಆಚ್ಛಾದನ"
ಗುಬುಟು,noun,<ದೇ. ಬುಗುಟು ,1,ಗುಂಡಾದ ವಸ್ತು
ಗುಬ್ಬಿ,noun,ದೇ ,1,"ಉಬ್ಬಿಕೊಂಡಿರುವುದು, ಗುಬುಟು"
ಗುಬ್ಬಿಮೊಳೆ,noun,ಬಾಗಿಲುಗಳಿಗೆ ಅಲಂಕಾರಕ್ಕಾಗಿ ಜೋಡಿಸಿರುವ ಉಬ್ಬಿರುವ ಮೊಳೆ ಗುಮಾನಿ <ಪಾರ. ಹಿಂ. ಮರಾ. ಗುಮಾನ್; ,1,"ಸಂಶಯ, ಸಂದೇಹ, ಅನುಮಾನ"
ಗುಮ್ಮಟ,noun,<ಪಾರ. ಗುಂಬಡ/ಹಿಂ. ಗುಮ್ಮಟ ,1,"ಅರ್ಧಗೋಳಾಕಾರದ ಗೋಪುರ, ಗುಂಬಜು"
ಗುಮ್ಮು,noun,<ದೇ. ಕುಮ್ಮು ,1,"ಗುಂಪು, ಸಮೂಹ"
ಗುರಿ,noun,ದೇ ,1,"ಈಡು, ಲಕ್ಷ್ಯ"
ಗುರಿಕಾರ,noun,ದೇ ,1,"ಗುರಿ ಹೊಡೆಯುವುದರಲ್ಲಿ ನಿಪುಣ, ಈಡುಗಾರ"
ಗುರು,noun,ಸಂ ,1,ಉಪಾಧ್ಯಾಯ
ಗುರುತು,noun,<ದೇ. ಗುಱುತು ,1,"ಕುರುಹು, ಲಕ್ಷಣ, ವಿಶಿಷ್ಟ ಚಿಹ್ನೆ"
ಗುರುತ್ವ,noun,ಸಂ ,1,"ಭಾರವಾಗಿರುವಿಕೆ, ಭಾರ, ತೂಕ"
ಗುರುಬಲ,noun,ಸಂ ,1,ಗುರುವಿನ ಬೆಂಬಲ
ಗುರುಳೆ,noun,ದೇ ,1,"ಗುಳ್ಳೆ, ಬುದ್ಬುದ"
ಗುಲಾಮ,noun,<ಅರ. ಹಿಂ. ಮರಾ. ಗುಲಾಮ್ ,1,ಸೆರೆಹಿಡಿದ ಯಾ ಕೊಂಡುಕೊಂಡ ಆಳು
ಗುಲ್ಮ,noun,ಸಂ ,1,"ಪೊದೆ, ಪೊದರು"
ಗುಳ,noun,<ದೇ. ಗುೞ ,1,"ಕುಂಟೆ, ನೇಗಿಲುಗಳ ತುದಿಗೆ ಜೋಡಿಸುವ ಕಬ್ಬಿಣದ ಪಟ್ಟಿ"
ಗುಳಿಕ,noun,<ಸಂ. ಕುಲಿಕ ,1,"ಅಷ್ಟಫಣಿಗಳಲ್ಲಿ ಒಂದು, ಕುಳಿಕ"
ಗುಳ್ಳೆನರಿ,noun,<ತಮಿ. ಕುಳ್ಳನಱ ,1,ಒಂದು ಬಗೆಯ ಸಣ್ಣ ಜಾತಿಯ ನರಿ
ಗುಸ,noun,<ಅರ. ಗುಸ್ಸಹ್ ,1,"ಪೆಟ್ಟು, ಏಟು"
ಗುಹ್ಯ,noun,ಸಂ ,1,"ಮುಚ್ಚಿಡಬೇಕಾದುದು, ಗುಟ್ಟು, ರಹಸ್ಯ"
ಗೂಡು,noun,ದೇ ,1,"ಪಕ್ಷಿಗಳ ವಾಸಸ್ಥಾನ, ನೆಲೆ"
ಗೂಡೆ,noun,ದೇ ,1,"ದೊಡ್ಡ ಬುಟ್ಟಿ, ಮಂಕರಿ"
ಗೂದೆ,noun,ದೇ ,1,ಮಲದ್ವಾರದಲ್ಲಿ ಕಾಣಿಸಿಕೊಳ್ಳುವ ದೊಡ್ಡ ಕರುಳಿನ ಕೊನೆಯ ಭಾಗ
ಗೂಳಿ,noun,ದೇ ,1,"ಎತ್ತು, ವೃಷಭ"
ಗೃಹ,noun,ಸಂ ,1,"ಮನೆ, ಬೀಡು"
ಗೃಹಸಂಸ್ಕಾರ,noun,ಸಂ ,1,ಗೃಹಶುದ್ಧಿ ಮಾಡುವ ಪುಣ್ಯಾ ಹವೇ ಮೊ. ಕ್ರಿಯೆ
ಗೃಹಸ್ಥ,noun,ಸಂ ,1,"ಮದುವೆ ಮಾಡಿಕೊಂಡವನು, ಸಂಸಾರಿ"
ಗೃಹೀತ,noun,ಸಂ ,1,"ಸ್ವೀಕರಿಸಬಹುದಾದುದು, ಒಪ್ಪಿಕೊಳ್ಳಬಹುದಾದುದು"
ಗೆಂಟು,noun,ದೇ ,1,ದೂರ
ಗೆಜ್ಜೆ,noun,ದೇ ,1,"ಕಿರುಗಂಟೆ, ಕಿಂಕಿಣಿ"
ಗೆಜ್ಜೆಪೂಜೆ,noun,= ,1,ಬಯಲಾಟವನ್ನು ಕಲಿಯಲು ಪ್ರಾರಂಭಿಸುವ ದಿನ ಗೆಜ್ಜೆಗೆ ಮಾಡುವ ಪೂಜೆ
ಗೆಡೆ,noun,ದೇ ,1,"ಎಣೆ, ಸಮ"
ಗೆಡ್ಡೆ,noun,ದೇ ,1,"ಕಂದಮೂಲ, ಗಡ್ಡೆ"
ಗೆಣೆ,noun,ದೇ ,1,"ಸ್ನೇಹ, ಮೈತ್ರಿ"
ಗೆಣೆಕಾರ,noun,ದೇ ,1,"ಗೆಳೆಯ, ಸ್ನೇಹಿತ"
ಗೆಣೆಯ,noun,ದೇ ,1,"ಜೊತೆಗಾರ, ಸ್ನೇಹಿತ"
ಗೆಣ್ಣು,noun,ದೇ ,1,"ಕಟ್ಟು, ಬಿದಿರು ಮೊ. ವುಗಳ, ಗಂಟು, ಪರ್ವ"
ಗೆಪ್ಪೆ,noun,ದೇ ,1,"ಆಸ್ತಿ, ಐಶ್ವರ್ಯ"
ಗೆಯ್ತ,noun,ದೇ ,1,"ಕೆಲಸ, ಕಾರ್ಯ"
ಗೆಲ್ಲು,noun,ದೇ ,1,"ವಿಜಯ, ಗೆಲುವು"
ಗೇಣ್(ಣು),noun,ದೇ ,1,ಒಂಬತ್ತು ಅಂಗುಲಗಳ ಅಳತೆ
ಗೇಯ,noun,ಸಂ ,1,"ಹಾಡುವಿಕೆ, ಗಾಯನ"
ಗೈರು,noun,<ಅರ. ಮರಾ. ಹಿಂ. ಗೈರ್ ,1,ಅಭಾವ ಇಲ್ಲದಿರುವುದು
ಗೊಂಗಡಿ,noun,ದೇ ,1,ಕಂಬಳಿ
ಗೊಂಚಲು,noun,ದೇ ,1,"ಕುಚ್ಚು, ಗುಚ್ಛ"
ಗೊಂಟು,noun,ದೇ ,1,"ದಿಕ್ಕು, ದಿಶೆ"
ಗೊಂಡ(ಗೋಂಡ),noun,ಪ್ರಾ ,1,"ಊರಿನ ಮುಖ್ಯಸ್ಥ, ಪಟೇಲ"
ಗೊಂಡಾರಣ್ಯ,noun,<ಗೊಂಡ + ಸಂ. ಅರಣ್ಯ ,1,ವಿಂಧ್ಯಾದ್ರಿಯ ಬಳಿಯಿರುವ ಕಾಡು
ಗೊಂತು,noun,ದೇ ,1,"ಆಶ್ರಯ ಸ್ಥಾನ, ನೆಲೆ"
ಗೊಂದಣ,noun,ದೇ ,1,"ಗುಂಪು, ಹಿಂಡು"
ಗೊಂದೆ,noun,ದೇ ,1,"ಎತ್ತು, ಬಸವ"
ಗೊಂಬೆ,noun,ದೇ ,1,"ಬೊಂಬೆ, ವಿಗ್ರಹ"
ಗೊಜ್ಜು,noun,<ದೇ. ಕೊಚ್ಚು ,1,ಒಂದು ಬಗೆಯ ಮೇಲೋಗರ
ಗೊಟ್ಟ,noun,ದೇ ,1,"ದನಕರುಗಳ ಕೊಟ್ಟಿಗೆ, ಹಟ್ಟಿ"
ಗೊಟ್ಟಿ,noun,<ಸಂ. ಗೋಷ್ಠಿ ,1,"ಜೊತೆ, ಒಡನಾಟ"
ಗೊಟ್ಟಿಗಾಣ,noun,<ಸಂ. ಗೋಷ್ಠಿ ,1,"ಮೇಳಸಂಗೀತ, ಗೋಷ್ಠಿಗಾನ"
ಗೊಟ್ಟಿಗೆ,noun,ದೇ ,1,"ಸಭೆ, ಗೋಷ್ಠಿ"
ಗೊಟ್ಟು,noun,ದೇ ,1,"ಮೋಸ, ಕಪಟ"
ಗೊಡಗು,noun,ದೇ ,1,ಬಾವಿಯ ಯಾ ಹಗೇವಿನ ಒಳಗೆ ಆಗಿರುವ ಡೊಗರು
ಗೊಡ್ಡ,noun,ದೇ ,1,"ಮೋಸ, ಕಪಟ"
ಗೊಡ್ಡಿ,noun,ದೇ ,1,"ಮಕ್ಕಳಿಲ್ಲದವಳು, ಬಂಜೆ"
ಗೊಡ್ಡು,noun,ದೇ ,1,"ಗಬ್ಬವಾಗದ ಹಸು, ಎಮ್ಮೆ ಮುಂ.ವು"
ಗೊಣಗು,noun,ದೇ ,1,"ಗೊಣಗಾಡುವಿಕೆ, ಅಸ್ಪಷ್ಟವಾಗಿ ಮಾತನಾಡುವಿಕೆ"
ಗೊಣಸು,noun,ದೇ ,1,"ಕೊಂಡಿ, ಸರಪಣಿಯ ಕುಣಿಕೆ"
ಗೊಣ್ಣೆ,noun,ದೇ ,1,ಸಿಂಬಳ
ಗೊತ್ತು,noun,ದೇ ,1,"ಆಶ್ರಯ ಸ್ಥಾನ, ನೆಲೆ"
ಗೊದಮೊಟ್ಟೆ,noun,ದೇ ,1,ಬಾಲವುಳ್ಳ ಮರಿಗಪ್ಪೆ
ಗೊನೆ,noun,<ಕೊನೆ ,1,"ತುದಿ, ಅಗ್ರಭಾಗ"
ಗೊನೆಹ,noun,ಕೊನೆಹ ,1,"ಬಿಂಕ, ಗರ್ವ"
ಗೊಪೆ,noun,<ಸಂ. ಗೌಪ್ಯ ,1,"ಸಮಾಧಿ ಸ್ಥಳ, ಗೋರಿ"
ಗೊಪ್ಪೆ,noun,ದೇ ,1,"ಮಳೆಗಾಲದಲ್ಲಿ ಕಂಬಳಿ ಮುಂ. ವುಗಳಿಂದ ತಲೆಗೆ ಮಾಡಿಕೊಳ್ಳುವ ಗವುಸು, ಗೊರಗು"
ಗೊಬ್ಬರ,noun,"<ಮರಾ. ಗೋವರ್ ಒಂದು ಬಗೆಯ ಅಂಟುರೋಗ, ದಡಾರ; ದೇ ",1,"ಜಾನುವಾರುಗಳ ಸಗಣಿ, ಎಲೆ ಮುಂ.ವುಗಳ ಮಿಶ್ರಣ"
ಗೊಮ್ಮಟ,noun,<ಮರಾ. ಗೋಮಟಾ ,1,"ಚೆಲುವ, ಸುಂದರ"
ಗೊರಗು,noun,ದೇ ,1,ತಲೆ ಮೇಲೆ ಮತ್ತು ಬೆನ್ನಿನ ಮೇಲೆ ಮಳೆನೀರು ಬೀಳದಂತೆ ಹಾಕಿಕೊಳ್ಳುವ ಮುಸುಕು
ಗೊರಟ,noun,ದೇ ,1,ಮಾವು ಮೊ. ಹಣ್ಣುಗಳ ಓಟೆ
ಗೊರವ,noun,ದೇ ,1,"ಸಂನ್ಯಾಸಿ, ತಪಸ್ವಿ"
ಗೊರಸು,noun,ದೇ ,1,"ಪ್ರಾಣಿಗಳ ಕೊಳಗು, ಖುರ"
ಗೊಲೆ,noun,ದೇ ,1,"ಕೊನೆ, ತುದಿ"
ಗೊಲ್ಲ,noun,ದೇ ,1,ಖಜಾನೆಯಲ್ಲಿ ನಾಣ್ಯ ಪರೀಕ್ಷಕನಾದ ಸಫಾರನ ಸಹಾಯಕ
ಗೋ,noun,ಸಂ ,1,"ಹಸು, ಆಕಳು"
ಗೋಕರ್ಣ,noun,ಸಂ ,1,ಹಸುವಿನ ಕಿವಿ
ಗೋಕುಲ,noun,ಸಂ ,1,ಗೋವುಗಳ ಹಿಂಡು
ಗೋಗ್ರಾಸ,noun,ಸಂ ,1,ಹಸುವಿನ ಮೇವು
ಗೋಜು,noun,ದೇ ,1,"ತೊಡಕು, ಸಿಕ್ಕು"
ಗೋಟು,noun,ದೇ ,1,"ದಿಕ್ಕು, ದಿಶೆ"
ಗೋಣಿ,noun,ಸಂ ,1,ಆಲದ ಜಾತಿಗೆ ಸೇರಿದ ಒಂದು ಬಗೆಯ ಮರ
ಗೋಣಿತಟ್ಟು,noun,ಸಂ ,1,"ಗೋಣಿಯ ಹಣ್ಣಿನಂತೆ ಮೈಮೇಲೆ ಗುಳ್ಳೆಗಳೇಳುವ ಒಂದು ಬಗೆಯ ರೋಗ, ದಡಾರ"
ಗೋತ,noun,<ಸಂ. ಗೋಮೂತ್ರ ಗಂಜಲ; ಅರ ,1,"ಲಾಗ, ಪಲ್ಟಿ"
ಗೋತ್ರ,noun,ಸಂ ,1,"ದನಕರುಗಳ ಮಂದೆ, ಗೋ ಸಮೂಹ"
ಗೋದಿ,noun,ಗೋದುವೆ ,1,"ಒಂದು ಬಗೆಯ ಧಾನ್ಯ, ಗೋಧೂಮ"
ಗೋಧ,noun,<ಸಂ. ಗೋಧಾ ,1,"ಹಲ್ಲಿಯ ಜಾತಿಗೆ ಸೇರಿದ ಒಂದು ದೊಡ್ಡ ಪ್ರಾಣಿ, ಉಡು"
ಗೋಧೂಲಿ,noun,<ಸಂ. ಗೋಧಾ ,1,ದನಕರುಗಳು ಮನೆಗೆ ಹಿಂದಿರುಗುವ ನೆಲದಿಂದ ಏಳುವ ಧೂಳು
ಗೋಪ,noun,ಸಂ ,1,"ಗೋವುಗಳನ್ನು ಕಾಯುವವನು, ದನಗಾಹಿ, ಗೊಲ್ಲ"
ಗೋಪನ,noun,ಸಂ ,1,"ರಕ್ಷಿಸುವುದು, ಕಾಪಾಡುವುದು"
ಗೋಪಿ,noun,<ಸಂ. ಗೋಪೀ ,1,"ಗೊಲ್ಲ ಜಾತಿಯ ಹೆಂಗಸು, ಗೊಲ್ಲಿತಿ"
ಗೋಪು,noun,<ಹಿಂ. ಗೋಪ್ ,1,"ಕಾಪಾಡುವಿಕೆ, ಸಂರಕ್ಷಣೆ"
ಗೋಪ್ಯ,noun,ಸಂ ,1,"ಗುಟ್ಟು, ರಹಸ್ಯ"
ಗೋಮ,noun,ಸಂ ,1,"ಸಗಣಿ, ಗೋಮಯ"
ಗೋಮು,noun,<ಮರಾ. ಗೋಮಾ ,1,"ಜರಿ, ಲಕ್ಷ್ಮಿ ಚೇಳು"
ಗೋರಿ,noun,<ದೇ. ಗೋರ್ ,1,"ಆಕರ್ಷಣೆ, ಸೆಳೆತ"
ಗೋರುಮಣೆ,noun,ದೇ ,1,"ನೆಲವನ್ನು ಸಮ ಮಾಡಲು ಯಾ ಕಾಳುಗಳನ್ನು ರಾಶಿ ಮಾಡಲು ಬಳಸುವ ಉಪಕರಣ, ಹಲುಬೆ"
ಗೋಲ,noun,ಸಂ ,1,"ದುಂಡಾದುದು, ವೃತ್ತಾ ಕಾರವಾದುದು"
ಗೋಲಕ,noun,ಸಂ ,1,ದುಂಡಾದ ವಸ್ತು
ಗೋಲಿ,noun,"<ಇಂ. goalie ಕಾಲ್ಚೆಂಡು, ಹಾಕಿ ಮುಂತಾದ ಆಟಗಳಲ್ಲಿ ಚೆಂಡು ಗುರಿಗೆ ಹೋಗದಂತೆ ರಕ್ಷಣೆಗಿರುವ ಎದುರಾಳಿ ಆಟಗಾರ, ಗುರಿ ಕಾಪಿನವನು; <ಪಾರ. ಹಿಂ. ಗೋಲೀ ",1,ಮಕ್ಕಳು ಆಡುವ ಗಾಜು ಮಣ್ಣು ಮುಂ.ವುಗಳಿಂದ ಮಾಡಿದ ದುಂಡಾದ ಆಟಿಕೆ
ಗೋಲು,noun,? ಸಂ. ಗೋಲ? ,1,"ಪಕ್ಕ, ಪಾರ್ಶ್ವ"
ಗೋಳ,noun,<ಸಂ. ಗೋಲ ,1,ಕುದುರೆ
ಗೋಳಕ,noun,<ಸಂ. ಗೋಲಕ ,1,ದುಂಡಾಗಿರುವ ವಸ್ತು
ಗೋಳು,noun,ದೇ ,1,"ಅಳು, ದುಃಖ"
ಗೋಶೀರ್ಷ,noun,ಸಂ ,1,"ಗಂಧದ ಮರ, ಚಂದನ ವೃಕ್ಷ"
ಗೋಷ್ಠ,noun,ಸಂ ,1,"ದನಕರುಗಳ ಹಟ್ಟಿ, ಕೊಟ್ಟಿಗೆ"
ಗೋಷ್ಠಿ,noun,<ಸಂ. ಗೋಷ್ಠೀ ,1,"ಗುಂಪು, ಕೂಟ, ಸಭೆ"
ಗೋಸ್ತನಿ,noun,ಸಂ ,1,"ದ್ರಾಕ್ಷಿಯ ಗೊಂಚಲು, ಗುಚ್ಛ"
ಗೌಂಡಿ,noun,ಮರಾ ,1,ಗಾವುಂಡಿ
ಗೌಜು,noun,ತುಳು ,1,"ಸಂಭ್ರಮ, ಸಡಗರ"
ಗೌಡಿ,noun,ಸಂ ,1,ಗಾವುಂಡಿ
ಗೌಣ,noun,ಸಂ ,1,"ಕೀಳಾದುದು, ಲೆಕ್ಕಕ್ಕಿಲ್ಲದುದು"
ಗೌರ,noun,ಸಂ ,1,ಬಿಳಿಯ ಬಣ್ಣ
ಗೌರವ,noun,ಸಂ ,1,"ಭಾರ, ಒಜ್ಜೆ"
ಗೌರಾಂಗ,noun,ಸಂ ,1,ಬಿಳಿಯ ಮೈಬಣ್ಣವುಳ್ಳವನು
ಗೌರಿ,noun,ಸಂ ,1,ಮೈ ನೆರೆಯದವಳು
ಗ್ರಂಥ,noun,ಸಂ ,1,"ಕಟ್ಟುವುದು, ಜೋಡಿಸುವುದು"
ಗ್ರಂಥಿ,noun,ಸಂ ,1,"ಕಟ್ಟು, ಬಂಧ"
ಗ್ರಸ್ತ,noun,ಸಂ ,1,"ಓದುವಾಗ ಅಕ್ಷರಗಳನ್ನೂ, ಪದಗಳನ್ನೂ ನುಂಗುವುದು"
ಗ್ರಹ,noun,ಸಂ ,1,"ಹಿಡಿಯುವುದು, ಹಿಡಿತ"
ಗ್ರಹಚಾರ,noun,ಸಂ ,1,"ಗ್ರಹಗಳ ಚಲನೆ, ಗ್ರಹ ಗತಿ"
ಗ್ರಹಣ,noun,ಸಂ ,1,ಹಿಡಿಯುವುದು
ಗ್ರಹಣಿ,noun,ಸಂ ,1,"ಬಹಳವಾಗಿ ಭೇದಿಯಾಗುವ ಒಂದು ರೋಗ, ಅತಿಸಾರ"
ಗ್ರಾಮ,noun,ಸಂ ,1,"ಹಳ್ಳಿ, ಊರು"
ಗ್ರಾಮೀಣ,noun,ಸಂ ,1,"ಹಳ್ಳಿಯವನು, ಹಳ್ಳಿಗ"
ಗ್ರಾಮ್ಯ,noun,ಸಂ ,1,"ವಿದ್ಯೆಯಿಲ್ಲದವನು, ಮೂಢ, ದಡ್ಡ"
ಗ್ರಾವ,noun,<ಸಂ. ಗ್ರಾವನ್ ,1,"ಕಲ್ಲು, ಶಿಲೆ"
ಗ್ರಾಸ,noun,ಸಂ ,1,ನುಂಗುವುದು
ಗ್ರಾಹ,noun,ಸಂ ,1,ಹಿಡಿಯುವುದು
ಗ್ರಾಹಕ,noun,ಸಂ ,1,ಗ್ರಹಿಸಬಲ್ಲವನು
ಗ್ರೀಷ್ಮ,noun,ಸಂ ,1,"ಆರು ಋತುಗಳಲ್ಲಿ ಎರಡನೆ ಯದು, ಜ್ಯೇಷ್ಠ, ಆಷಾಢ ಮಾಸಗಳ ಕಾಲ; ಸೆಕೆಗಾಲ; ಬೇಸಗೆ"
ಗ್ಲಪನ,noun,ಸಂ ,1,"ಬಾಡುವಿಕೆ, ಕುಂದುವಿಕೆ"
ಗ್ಲಾನಿ,noun,ಸಂ ,1,"ಬಳಲಿಕೆ, ದಣಿವು"
ಘಂಟಿಕೆ,noun,<ಸಂ. ಘಂಟಿಕಾ ,1,"ಸಣ್ಣ ಗಂಟೆ, ಕಿರುಗಂಟೆ, ಕಿಂಕಿಣಿ"
ಘಂಟೆ,noun,<ಸಂ. ಘಂಟಾ ,1,"ಘಣಘಣ ಎಂದು ಶಬ್ದ ಮಾಡುವ ಸಾಧನ, ಗಂಟೆ"
ಘಟ,noun,ಸಂ ,1,"ಮಣ್ಣಿನ ದೊಡ್ಡ ಪಾತ್ರೆ, ಕೊಡ, ಗಡಿಗೆ"
ಘಟಕ,noun,ಸಂ ,1,"ಸಮಗ್ರವಾದ ಒಂದು ದೇಶ, ವಸ್ತು, ಸಂಸ್ಥೆ ಮೊ.ವುಗಳ ಅಂಗ, ವಿಭಾಗ, ಪೂರಕ ಭಾಗ"
ಘಟನ(ನೆ),noun,ಸಂ ,1,"ಸೇರಿಸುವಿಕೆ, ಕೂಡಿಸುವಿಕೆ, ಜೋಡಣೆ"
ಘಟಸರ್ಪ,noun,ಸಂ ,1,"ಮಡಕೆಯ ಒಳಗಿರುವ ಸರ್ಪ, ಹಾವು"
ಘಟಸ್ಫೋಟ,noun,ಸಂ ,1,ಘಟಶ್ರಾದ್ಧದ ಪೂರ್ವಾಂಗವಾಗಿ ಗಡಿಗೆಯನ್ನು ಒಡೆಯುವುದು
ಘಟಿ,noun,ಘಟೀ ,1,ಸಣ್ಣ ಗಡಿಗೆ
ಘಟಿಕಾಸ್ಥಾನ,noun,ಸಂ ,1,ಧರ್ಮಶ್ರದ್ಧೆಯುಳ್ಳ ವಿದ್ವಾಂಸರು ಅಧಿಕೃತವಾಗಿ ಸಭೆ ಸೇರುವ ಸ್ಥಳ
ಘಟಿಕೆ,noun,<ಸಂ. ಘಟಿಕಾ ,1,ಘಟಿ
ಘಟೆ,noun,<ಸಂ. ಘಟಾ ,1,"ಗುಂಪು, ಸಮೂಹ"
ಘಟ್ಟ,noun,ಸಂ ,1,"ನದಿ, ಕೆರೆ ಮುಂ.ವುಗಳಲ್ಲಿ ನೀರಿಗೆ ಇಳಿಯಲು ಕಟ್ಟಿರುವ ಮೆಟ್ಟಲು, ಸೋಪಾನ"
ಘಟ್ಟಣೆ,noun,<ಸಂ. ಘಟ್ಟನ ,1,"ಅಪ್ಪಳಿಸುವಿಕೆ, ಹೊಡೆತ"
ಘಟ್ಟಿ,noun,ಗಟ್ಟಿ ,1,"ದ್ರವ ಪದಾರ್ಥವು ಹೆಪ್ಪುಗಟ್ಟಿದುದು, ಘನರೂಪವಾದುದು"
ಘನ,noun,ಸಂ ,1,"ಗಟ್ಟಿಯಾದುದು, ದ್ರವ ಯಾ ಅನಿಲ ರೂಪವಲ್ಲದುದು"
ಘನಸಾರ,noun,ಸಂ ,1,ಕರ್ಪೂರ
ಘರಾಣಿ,noun,<ಮರಾ. ಘರಾಣೇ ,1,"ಮನೆತನ, ಕುಟುಂಬ"
ಘರ್ಘರ,noun,ಸಂ ,1,ಒಂದು ಅನುಕರಣ ಶಬ್ದ
ಘರ್ಘರಿಕೆ,noun,<ಸಂ. ಘರ್ಘರಾ + ಇಕೆ ,1,ಗೆಜ್ಜೆ ಗಳಿಂದ ಕೂಡಿದ ಒಂದು ಆಭರಣ
ಘರ್ಷಣೆ,noun,ಸಂ ,1,"ಜಗಳ, ತಿಕ್ಕಾಟ"
ಘಳಿಗೆ,noun,<ಸಂ. ಘಟಿಕಾ ,1,ಇಪ್ಪತ್ತು ನಾಲ್ಕು ನಿಮಿಷಗಳ ಅವಧಿ
ಘಾತ,noun,ಸಂ ,1,"ಹೊಡೆತ, ಪೆಟ್ಟು"
ಘಾತ(ತು)ಕ,noun,ಸಂ ,1,"ಹಿಂಸಿಸುವವನು, ದುಷ್ಟ"
ಘುಟಿಕೆ,noun,<ಸಂ. ಘುಟಿಕಾ ,1,"ದುಂಡಗಿರುವ ಮಾತ್ರೆ, ಗುಳಿಗೆ"
ಘೃಣಿ,noun,<ಸಂ. ಘೃಣಿನ್ ,1,"ಕಿರಣ, ಕಾಂತಿ"
ಘೃತ,noun,ಸಂ ,1,"ತುಪ್ಪ, ಆಜ್ಯ"
ಘೃಷ್ಟಿ,noun,ಸಂ ,1,"ಹಂದಿ, ಸೂಕರ"
ಘೋರ,noun,ಸಂ ,1,"ಉಗ್ರವಾದುದು, ಭಯಂಕರವಾದುದು"
ಘೋಷ,noun,ಸಂ ,1,ಗಟ್ಟಿಯಾದ ಶಬ್ದ
ಘೋಷಣೆ,noun,<ಸಂ. ಘೋಷಣ ,1,"ಕೂಗಿ ಹೇಳುವಿಕೆ, ಸಾರುವಿಕೆ"
ಘ್ರಾಣ,noun,ಸಂ ,1,"ಮೂಗು, ನಾಸಿಕ"
ಚಂಗು,noun,ದೇ ,1,"ಹಾರುವಿಕೆ, ನೆಗೆತ"
ಚಂಚಲ(ಳ),noun,ಸಂ ,1,"ಗಾಳಿ, ವಾಯು"
ಚಂಚು,noun,ಸಂ ,1,ಪಕ್ಷಿಯ ಕೊಕ್ಕು
ಚಂಡ,noun,ಸಂ ,1,"ಶೂರ, ಪರಾಕ್ರಮಿ"
ಚಂಡಕರ,noun,ಸಂ ,1,ತೀಕ್ಷ್ಣವಾದ ಕಿರಣ
ಚಂಡಾತ,noun,ಸಂ ,1,"ಒಂದು ಬಗೆಯ ಗಿಡ ಮತ್ತು ಅದರ ಹೂವು, ಕಣಗಿಲೆ"
ಚಂಡಿ,noun,<ಸಂ. ಚಂಡಾ ,1,"ಹಟಮಾರಿತನ, ಛಲ"
ಚಂಡಿಕೆ,noun,<ಸಂ. ಚಂಡಿಕಾ ,1,"ದುರ್ಗಾದೇವತೆ, ಪಾರ್ವತಿ"
ಚಂಡೆ,noun,ದೇ ,1,"ಒಂದು ಬಗೆಯ ಚರ್ಮವಾದ್ಯ, ಚೆಂಡೆ"
ಚಂದಿರ,noun,ಸಂ ,1,ಚಂದ್ರ
ಚಂದ್ರ,noun,ಸಂ ,1,"ಶಶಿ, ತಿಂಗಳು, ಚಂದಿರ"
ಚಂದ್ರಗಾವಿ,noun,ಸಂ ,1,"ಒಂದು ಬಗೆಯ ಕೆಂಪು ಬಣ್ಣ, ಸಿಂದೂರ ವರ್ಣ"
ಚಂದ್ರವೀಧಿ,noun,ಸಂ ,1,ಪಟ್ಟಣಗಳ ದಕ್ಷಿಣೋತ್ತರವಾದ ಬೀದಿ
ಚಂದ್ರಶಾಳೆ,noun,ಸಂ ,1,"ಉಪ್ಪರಿಗೆ, ಮಹಡಿಯ ಮೇಲಿರುವ ಮಚ್ಚು, ಅಂಗಳ"
ಚಂದ್ರಿಕೆ,noun,<ಸಂ. ಚಂದ್ರಿಕಾ ,1,ಬೆಳದಿಂಗಳು
ಚಂಪಕ,noun,ಸಂ ,1,"ಸುವಾಸನೆಯ ಹೂವು ಬಿಡುವ ಒಂದು ಬಗೆಯ ಮರ ಮತ್ತು ಅದರ ಹೂವು, ಸಂಪಿಗೆ"
ಚಕಮಕಿ,noun,ಮರಾ ,1,ಚಕಮಕಿ ಕಲ್ಲು
ಚಕಿತ,noun,ಸಂ ,1,"ಬೆರಗುಗೊಂಡ ವ್ಯಕ್ತಿ, ವಿಸ್ಮಿತನಾದವನು"
ಚಕೋರ,noun,ಸಂ ,1,"ಬೆಳದಿಂಗಳನ್ನೇ ಸೇವಿಸಿ ಬದುಕುವುದೆಂದು ನಂಬಲಾದ ಒಂದು ಪಕ್ಷಿ, ಜೊನ್ನ ವಕ್ಕಿ"
ಚಕ್ಕಂದ,noun,ದೇ ,1,"ಸಂತೋಷ, ಉಲ್ಲಾಸ"
ಚಕ್ಕಡಿ,noun,ಹಿಂ ,1,"ಎತ್ತಿನಬಂಡಿ, ಗಾಡಿ"
ಚಕ್ಕರ್,noun,ಹಿಂ ,1,"ಸುತ್ತುವಿಕೆ, ಮಂಡಲಾಕಾರವಾಗಿ ತಿರುಗುವಿಕೆ"
ಚಕ್ರವ್ಯೂಹ,noun,ಸಂ ,1,ಒಂದು ಬಗೆಯ ಸೇನಾ ರಚನೆ
ಚಕ್ರಿ,noun,ಸಂ ,1,"ಚಕ್ರಾಯುಧವನ್ನು ಉಳ್ಳವನು, ವಿಷ್ಣು, ಕೃಷ್ಣ"
ಚಚ್ಚರ,noun,ದೇ ,1,"ಜಾಗ್ರತೆ, ತ್ವರೆ"
ಚಟುವಟಿಕೆ,noun,ದೇ ,1,ಕ್ರಿಯೆ
ಚಟ್ಟ,noun,ದೇ ,1,"ಹೆಣವನ್ನು ಸಾಗಿಸುವ ಬಿದಿರಿನ ಚೌಕಟ್ಟು, ಸಿದಿಗೆ"
ಚಟ್ಟು,noun,ದೇ ,1,ಚಪ್ಪಟೆಯಾಗಿರುವಿಕೆ
ಚಟ್ಟೆಕಾರ,noun,ತಮಿ ,1,ಆಂಗ್ಲೋ ಇಂಡಿಯನ್
ಚಡಾವು,noun,ಹಿಂ ,1,"ಏರಿಕೆ, ಉನ್ನತಿ"
ಚಡಿ,noun,ಹಿಂ ,1,"ಬೆತ್ತ, ಕೋಲು"
ಚಡ್ಡಿ,noun,ದೇ ,1,"ಅರೆಚಲ್ಲಣ, ಅರ್ಧ ಚಣ್ಣ"
ಚತುರ,noun,ಸಂ ,1,ನಾಲ್ಕು
ಚತ್ರ,noun,<ಸಂ. ಸತ್ರ ,1,"ಧರ್ಮಾರ್ಥವಾಗಿ ಊಟ, ವಸತಿಗಳನ್ನು ಒದಗಿಸುವ ಸ್ಥಳ, ಧರ್ಮಾಲಯ"
ಚದುರು,noun,<ಸಂ. ಚತುರ > ಚದುರ + ಉ ,1,"ಜಾಣತನ, ಕೌಶಲ"
ಚನಾ),noun,<ಸಂ. ಚತುರ > ಚದುರ + ಉ ,1,"ಮುಂದಾಗುವುದರ ಬಗೆಗಿನ ಆಲೋಚನೆ, ಮುಂದಿನ ಆಲೋಚನೆ"
ಚಪಲ,noun,ಸಂ ,1,ಚಂಚಲ ಸ್ವಭಾವದವನು
ಚಪ್ಪಡಿ,noun,ದೇ ,1,"ಚಪ್ಪಟೆಯಾದ ಕಲ್ಲು, ಹಾಸು ಗಲ್ಲು"
ಚಪ್ಪರ,noun,ದೇ ,1,"ಚಾವಣಿ, ಮೇಲ್ಕಟ್ಟು, ವಿತಾನ"
ಚಪ್ಪೋಡು,noun,ದೇ <ತೆಲು. ಚಪ್ಪೇಡು ,1,ತಾಮ್ರ ಶಾಸನ
ಚಮತ್ಕಾರ,noun,ಸಂ ,1,"ಸೋಜಿಗ, ವಿಸ್ಮಯ"
ಚಮರ,noun,ಸಂ ,1,ಬಾಲದಲ್ಲಿ ಉದ್ದವಾದ ಕೂದಲುಳ್ಳ ಒಂದು ಮೃಗ
ಚಯ,noun,ಸಂ ,1,"ಸಮೂಹ, ರಾಶಿ, ಗುಂಪು"
ಚರ,noun,ಸಂ ,1,ಚಲಿಸುವವನು
ಚರಕ,noun,<ಮರಾ. ಚರಕ್ / ಸಂ. ಚಕ್ರ ,1,ನೂಲುವ ರಾಟೆ
ಚರಟ,noun,ದೇ ,1,"ಗಸಿ, ಗಷ್ಟು"
ಚರಣ,noun,ಸಂ ,1,"ಕಾಲು, ಪಾದ"
ಚರಪು,noun,ದೇ ,1,"ಆತಿಥ್ಯ, ಸಮಾರಾಧನೆ"
ಚರಮ,noun,ಸಂ ,1,"ತರುವಾಯ, ಅನಂತರ"
ಚರಮಗೀತ,noun,ಸಂ ,1,ಕೊನೆಯ ಹಾಡು
ಚರಿಗೆ,noun,<ಸಂ. ಸರಕ ,1,ಚೆಂಬು
ಚರಿತ,noun,ಸಂ ,1,ನಡೆದುದು
ಚರು,noun,ಸಂ ,1,"ನೈವೇದ್ಯ, ಹವಿಸ್ಸು"
ಚರುಗ,noun,<ಸಂ ,1,"ಸುಗ್ಗಿಯಲ್ಲಿ ರೈತರು ಭೂಮಿಗೆ ಅರ್ಪಿಸುವ ನೈವೇದ್ಯ, ಚರಗ"
ಚರ್ಚೆ,noun,ಸಂ ,1,"ಚಿಂತನೆ, ಪರ್ಯಾಲೋಚನೆ"
ಚರ್ಯೆ,noun,ಸಂ ,1,"ನಡತೆ, ವರ್ತನೆ"
ಚರ್ವಣ,noun,ಸಂ ,1,ಅಗಿದು ತಿನ್ನುವುದು
ಚರ್ವಿತಚರ್ವಣ,noun,= ,1,ಅಗಿದುದ್ದನ್ನೇ ಮತ್ತೆ ಅಗಿಯುವುದು
ಚಲ,noun,ದೇ ,1,"ಸ್ಥಿರ ಸಂಕಲ್ಪ, ದೃಢತೆ, ಛಲ"
ಚಲನ,noun,ಸಂ ,1,ಅಲುಗಾಟ
ಚಲಾವಣೆ,noun,<ಹಿಂ. ಚಲಾವಣಾ ,1,"ವ್ಯವಹಾರದಲ್ಲಿರುವಿಕೆ, ಬಳಕೆ"
ಚಲ್ಲ,noun,ದೇ ,1,"ಸರಸ, ವಿನೋದ"
ಚಲ್ಲಣ,noun,ದೇ ,1,"ಚಡ್ಡಿ, ನಿಕ್ಕರು"
ಚಳಕ,noun,ದೇ ,1,ಜಟ್ಟಿ ಕಾಳಗದಲ್ಲಿ ಒಂದು ವರಸೆ
ಚಳಯ,noun,<ಸಂ. ಚಲಿತ ,1,ಸಿಂಪಡಿಸುವುದು ಚಿಮುಕಿಸುವುದು
ಚಳವಳ,noun,<ಸಂ. ಚಲನವಲನ ,1,"ಚಲನೆ, ಅಲ್ಲಾಡುವಿಕೆ"
ಚಳೆಯ,noun,ದೇ ,1,"ಸಿಂಪಡಿಸುವುದು, ಚಿಮುಕಿಸುವುದು"
ಚವರಿ,noun,<ಸಂ. ಚಮರೀ ,1,ಚಮರೀಮೃಗದ ಕೂದಲು
ಚವಲ,noun,<ಸಂ. ಚೌಲ ,1,ಬೀಸಣಿಗೆ
ಚಾಕಚಕ್ಯ,noun,ಸಂ ,1,"ಜಾಣ್ಮೆ, ಚಾತುರ್ಯ"
ಚಾಕ್ಷುಷ,noun,ಸಂ ,1,ಕಣ್ಣಿಗೆ ಕಾಣುವಂತಹುದು
ಚಾಗ,noun,<ಸಂ. ತ್ಯಾಗ ,1,ತ್ಯಾಗ
ಚಾಟು,noun,ಸಂ ,1,ಪ್ರಿಯ ವಚನ
ಚಾಟುಕಾರ,noun,ಸಂ ,1,"ಹಿತವಾಗಿ ನುಡಿಯುವ ಮಾತು, ಮುಖಸ್ತುತಿ"
ಚಾತುರ್ಯ,noun,ಸಂ ,1,"ಜಾಣತನ, ಬುದ್ಧಿವಂತಿಕೆ"
ಚಾಪ,noun,ಸಂ ,1,"ಬಿಲ್ಲು, ಧನುಸ್ಸು"
ಚಾಪಲ್ಯ,noun,ಸಂ ,1,"ಚಪಲತೆ, ಚಾಂಚಲ್ಯ"
ಚಾರ,noun,ಸಂ ,1,ಗೂಢಚಾರ
ಚಾರಣ,noun,ಸಂ ,1,"ತಿರುಗಾಡುವಿಕೆ, ಸಂಚಾರ"
ಚಾಳಿ,noun,ದೇ ,1,"ನಡವಳಿಕೆ, ವರ್ತನೆ"
ಚಾಳೀಸು,noun,<ಮರಾ. ಚಾಳೀಸ ,1,ನಲವತ್ತು
ಚಾಳೆಯ,noun,<ಸಂ. ಚಲಿತ ,1,ಕುಪ್ಪಳಿಸುತ್ತ ಸಾಗುವ ಒಂದು ರೀತಿಯ ಚಲನಕ್ರಮ
ಚಾವಡಿ,noun,<ಹಿಂ. ಮರಾ. ಚಾವಡೀ ,1,ಹಳ್ಳಿಯಲ್ಲಿ ಪಂಚಾಯಿತಿ ಸೇರುವ ಸ್ಥಳ
ಚಿಂತನ(ನೆ),noun,ಸಂ ,1,"ಯೋಚನೆ, ಆಲೋಚನೆ"
ಚಿಂತೆ,noun,ಸಂ ,1,ಕಳವಳ
ಚಿಕೀರ್ಷೆ,noun,<ಸಂ. ಚಿಕೀರ್ಷಾ ,1,ಕೆಲಸ ಮಾಡುವ ಬಯಕೆ
ಚಿಗರಿ(ರೆ),noun,ದೇ ,1,"ಜಿಂಕೆ, ಹುಲ್ಲೆ"
ಚಿಟಕಿ,noun,ದೇ ,1,ಕೈಯ ಹೆಬ್ಬೆರಳು ಮತ್ತು ಮಧ್ಯದ ಬೆರಳನ್ನು ಸೇರಿಸಿ ಮಾಡುವ ಶಬ್ದ
ಚಿಟಿಕೆ,noun,ದೇ ,1,ಮಕ್ಕಳ ಬೇನೆಗೆ ಬಳೆಯ ಚೂರು ಮುಂ.ವುಗಳಿಂದ ಹಾಕುವ ಬರೆ
ಚಿಟುಕು,noun,ದೇ ,1,ಚಿಟಕಿ
ಚಿತಿ,noun,ಸಂ ,1,"ಶೇಖರಿಸುವುದು, ಸಂಗ್ರಹಿಸುವುದು"
ಚಿತ್ತ,noun,<ಸಂ. ಚಿತ್ ,1,ಮನಸ್ಸು
ಚಿತ್ತು,noun,<ಸಂ. ಚಿತ್ ,1,"ಚೈತನ್ಯ ಸ್ವರೂಪ, ಆತ್ಮ"
ಚಿತ್ರ,noun,ಸಂ ,1,ಬರೆದ ಆಕೃತಿ
ಚಿತ್ರಕ,noun,ಸಂ ,1,"ಚಿತ್ರಗಳನ್ನು ಬರೆಯುವವನು, ಚಿತ್ರಗಾರ"
ಚಿತ್ರಭಾನು,noun,ಸಂ ,1,ಸೂರ್ಯ
ಚಿತ್ರೆ,noun,<ಸಂ. ಚಿತ್ರಾ ,1,ಚಿತ್ತಾ ನಕ್ಷತ್ರ
ಚಿದಕವರೆ,noun,ದೇ ,1,ನೀರಿನಲ್ಲಿ ನೆನೆಸಿ ಸಿಪ್ಪೆ ತೆಗೆದ ಅವರೆಕಾಳು
ಚಿನಕುರಳಿ,noun,ದೇ ,1,"ಮಸಾಲೆ ಹಾಕಿ ಹುರಿದ ಕಾಳು, ಹುರಿಗಾಳು"
ಚಿನಿವಾರ,noun,<ದೇ. ತುಳು ,1,ಅಕ್ಕಸಾಲಿಗ
ಚಿಪ್ಪು,noun,ದೇ ,1,"ಸಮಾನ್ಯವಾಗಿ ಸಮುದ್ರದಲ್ಲಿ ದೊರಕುವ ಗಟ್ಟಿ ಕವಚವುಳ್ಳ ಭರಣಿಯಾಕಾರದ ಒಂದು ಪದಾರ್ಥ, ಕಪ್ಪೆಚಿಪ್ಪು, ಶುಕ್ತಿ"
ಚಿಬ್ಬಲು,noun,ದೇ ,1,"ಬಿದಿರಿನ ತಟ್ಟೆ, ಮುಚ್ಚಳ"
ಚಿಬ್ಬು,noun,ದೇ ,1,"ಒಂದು ಬಗೆಯ ಚರ್ಮರೋಗ, ಸಿಬ್ಬು"
ಚಿಮಟ,noun,ಹಿಂ ,1,ಇಕ್ಕುಳದಂತಹ ಒಂದು ಸಣ್ಣ ಸಾಧನ
ಚಿಮಣಿ,noun,<ಇಂ. chimney ,1,"ಹೊಗೆ ಹೋಗುವ ನಳಿಕೆ, ಹೊಗೆಗೂಡು"
ಚಿಮ್ಮುರಿ,noun,ದೇ ,1,"ತಲೆಯುಡಿಗೆ, ರುಮಾಲು"
ಚಿರಂಜೀವಿ,noun,= ,1,ಮರಣವಿಲ್ಲದವನು
ಚಿಲುಮೆ,noun,ದೇ ,1,"ನೀರು ಉಕ್ಕುವ ಸ್ಥಳ, ಒರತೆ"
ಚಿಲ್ಲರೆ,noun,<ಹಿಂ. ಚಿಲ್ಲರ್ ,1,"ಒಂದು ಪೂರ್ಣ ನಾಣ್ಯದ ಅಂಶ, ಸಣ್ಣ ಪುಟ್ಟ ನಾಣ್ಯ, ಪುಡಿಗಾಸು"
ಚೀಟು,noun,<ಇಂ. chit ,1,ಬರೆಹವಿರುವ ಸಣ್ಣ ಕಾಗದ
ಚೀನಿ,noun,<ಸಂ. ಚೀನೀಯ ,1,ರೇಷ್ಮೆ ಬಟ್ಟೆ
ಚೀರ,noun,ಸಂ ,1,ಚೀಲ
ಚುಂಗಡಿ,noun,ಮರಾ ,1,ಚಿಲ್ಲರೆ ಹಣ
ಚುಂಗು,noun,ದೇ ,1,"ತುದಿ, ಅಂಚು"
ಚುಂಚು,noun,ಸಂ ,1,ಜುಟ್ಟು
ಚುಂಬಕ,noun,ಸಂ ,1,ಸೂಜಿಗಲ್ಲು
ಚುಂಬನ,noun,ಸಂ ,1,ಮುತ್ತು
ಚುಕ್ಕಾಣಿ,noun,ಪ್ರಾ ,1,"ಹಡಗು, ವಿಮಾನ ಮುಂ.ವುಗಳ ದಿಕ್ಕನ್ನು ಬದಲಿಸಲು ಸಹಾಯ ಮಾಡುವ ಮರ ಯಾ ಲೋಹದಿಂದ ಮಾಡಿದ ಒಂದು ಬಗೆಯ ಸಾಧನ"
ಚುಕ್ಕಿ,noun,<ಸಂ. ಶುಕ್ರ ,1,"ನಕ್ಷತ್ರ, ತಾರೆ"
ಚುಕ್ಕೆ,noun,<ಚುಕ್ಕಿ ,1,"ನಕ್ಷತ್ರ, ತಾರೆ"
ಚುಟ್ಟ,noun,<ದೇ. ಸುರುಂಟು / ಇಂ. cheroot ,1,ಹೊಗೆಸೊಪ್ಪು ಎಲೆಯಲ್ಲಿ ಸುತ್ತಿಮಾಡಿದ ಬೀಡಿ
ಚುನ್ನ,noun,<ಸಂ. ಕ್ಷುಣ್ಣ ,1,"ನಿಂದೆ, ಬಯ್ಗಳು"
ಚುರುಕು,noun,ದೇ ,1,ಚತುರತೆ
ಚೂಡ,noun,<ಸಂ. ಚೂಡಾ ,1,"ಶಿಖೆ, ಜುಟ್ಟು,"
ಚೂಡಾಮಣಿ,noun,<ಸಂ. ಚೂಡಾ ,1,"ತಲೆಯಲ್ಲಿ ಧರಿಸುವ ರತ್ನದ ಆಭರಣ, ಬೈತಲೆ ಮಣಿ"
ಚೂಣಿ,noun,ದೇ ,1,"ಮುಂದಿನ ಸಾಲು, ಮುಂಭಾಗ"
ಚೂಪು,noun,ದೇ ,1,ಹರಿತ
ಚೂಪುಗಾರಿಕೆ,noun,ದೇ ,1,"ತೋರಿಕೆ, ಆಡಂಬರ"
ಚೂರ್ಣ,noun,ಸಂ ,1,ಒಂದು ಬಗೆಯ ಗೆಡ್ಡೆ
ಚೂಲ,noun,ಸಂ ,1,"ಜುಟ್ಟು, ಶಿಖೆ"
ಚೆಂಗಾವಿ,noun,ದೇ ,1,ಕೆಂಪು ಮಿಶ್ರಿತ ಕಾವಿಬಣ್ಣ
ಚೆಂಗು,noun,ದೇ ,1,"ಹಾರುವಿಕೆ, ನೆಗೆತ, ಜಿಗಿತ"
ಚೆಂಡೆ,noun,ದೇ ,1,ಒಂದು ಬಗೆಯ ಚರ್ಮವಾದ್ಯ
ಚೆಚ್ಚರ,noun,ದೇ ,1,"ಬೇಗ, ಶೀಘ್ರತೆ, ತ್ವರೆ"
ಚೆಟ್ಟು,noun,ದೇ ,1,"ಬೀಜ ಬಲಿಯದ ಎಳೆಯ ಕಾಯಿ, ಹೀಚು"
ಚೆನ್ನೆ,noun,<ದೇ. ಚೆನ್ನು + ಎ ,1,"ಚೆಲುವೆ, ಸುಂದರಿ"
ಚೆಲುವ,noun,<ದೇ. ಚೆಲುವು + ಅ ,1,"ಸುಂದರನಾದವನು, ಸ್ಫುರದ್ರೂಪಿ"
ಚೆಲ್ಲ,noun,ದೇ ,1,"ಸರಸ, ವಿನೋದ"
ಚೆಲ್ಲು,noun,ದೇ ,1,ಗಾಂಭೀರ್ಯವಿಲ್ಲದಿರುವಿಕೆ
ಚೇಗು,noun,ದೇ ,1,"ಗಿಡಮರಗಳ ಮಧ್ಯದ ತಿರುಳು, ಕೆಚ್ಚು"
ಚೇತನ,noun,ಸಂ ,1,"ಮನಸ್ಸು, ಬುದ್ಧಿ, ಪ್ರಜ್ಞೆ"
ಚೇತಸ್ಸು,noun,<ಸಂ. ಚೇತಸ್ ,1,"ಪ್ರಜ್ಞೆ, ಬುದ್ಧಿ ಶಕ್ತಿ"
ಚೇಲ,noun,ಸಂ ಬಟ್ಟೆ; <ಮರಾ. ಚೇಲಾ ,1,ಶಿಷ್ಯ
ಚೇಷ್ಟೆ,noun,ಸಂ ,1,"ಅಂಗಾಂಗಗಳ ಚಲನೆ, ಸಂಜ್ಞೆ"
ಚೈತನ್ಯ,noun,ಸಂ ,1,"ಜೀವದ ಲಕ್ಷಣ, ಜೀವಂತಿಕೆ"
ಚೈತ್ಯ,noun,ಸಂ ,1,ಚಿತಾಭಸ್ಮವನ್ನು ಹೂಳಿದ ಜಾಗದಲ್ಲಿ ಕಟ್ಟಿದ ಸ್ಮಾರಕ
ಚೊಕ್ಕ,noun,ದೇ ,1,ಸುಂದರವಾದುದು
ಚೊಕ್ಕಳಿಕೆ,noun,ದೇ ,1,"ಸೊಗಸು, ಅಂದ"
ಚೊಕ್ಕೆಯ,noun,ದೇ ,1,"ಬಿನ್ನಾಣ, ಚಾತುರ್ಯ"
ಚೋದನೆ,noun,<ಸಂ. ಚೋದನಾ ,1,"ಅಟ್ಟುವುದು, ದೂಡುವುದು"
ಚೋದ್ಯ,noun,ಸಂ ,1,"ಆಶ್ಚರ್ಯ, ವಿಸ್ಮಯ, ಸೋಜಿಗ"
ಚೌಕ,noun,<ಸಂ. ಚತುಷ್ಕ ,1,"ನಾಲ್ಕು ಮೂಲೆಗಳುಳ್ಳದ್ದು, ಚತುಷ್ಕಾಕಾರವಾದುದು"
ಚೌಕಟ್ಟು,noun,<ಪ್ರಾ. ಹಿಂ. ಚೌಖಟ್ ,1,"ಚತುಷ್ಕಾ ಕಾರ, ಚೌಕ"
ಚೌಕಡಿ,noun,<ಮರಾ. ಚೌಕಡೀ ,1,"ನಾಲ್ಕರ ಗುಂಪು, ಚತುಷ್ಕ"
ಚೌಕಳಿ,noun,<ದೇ. ಚೌ / <ಸಂ. ಚತುರ್ ,1,ನಾಲ್ಕು ಮುತ್ತುಗಳನ್ನುಳ್ಳ ಒಂದು ಬಗೆಯ ಕಿವಿಯ ಆಭರಣ
ಚೌಕಶಿ(ಸಿ),noun,<ಮರಾ. ಚೌಕಸೀ ,1,"ಕೂಲಂಕಷವಾದ ವಿಚಾರಣೆ, ತಪಾಸಣೆ, ಪರಾಮರ್ಶೆ"
ಚೌಕಿ,noun,<ಸಂ. ಚತುಷ್ಕ / <ಮರಾ. ಚೌಕೀ ,1,"ನಾಲ್ಕು ಕಾಲುಗಳನ್ನುಳ್ಳ ಉಪಕರಣ, ಪೀಠ, ಮಣೆ, ಕಾಲುಮಣೆ, ಮಂಚ ಮೊ.ವು"
ಚೌಕಿಗೆ,noun,<ಸಂ. ಚತುಷ್ಕಿಕಾ ,1,"ಮನೆಯ ಒಳ ಅಂಗಳ, ಹಜಾರ"
ಚೌಪ(ವ)ಳಿಗೆ,noun,<ಸಂ. ಚತುಷ್ಫಲಕಾ ,1,"ಚಚ್ಚೌಕವಾದ ಹಜಾರ, ಮೊಗಸಾಲೆ"
ಚೌರ,noun,<ಸಂ. ಕ್ಷೌರ ,1,ಕ್ಷೌರ
ಚ್ಯುತ,noun,ಸಂ ,1,ಕಳೆದುಕೊಂಡವನು
ಚ್ಯುತಿ,noun,ಸಂ ,1,ಜಾರುವುದು
ಛಂದ,noun,ಸಂ ,1,"ಇಚ್ಛೆ, ಪ್ರೀತಿ"
ಛಂದಸ್ಸು,noun,ಸಂ ,1,"ಇಚ್ಛೆ, ಅಪೇಕ್ಷೆ"
ಛಟೆ,noun,<ಸಂ. ಛಟಾ ,1,"ಪ್ರಕಾಶ, ಹೊಳಪು"
ಛದ,noun,ಸಂ ,1,"ಮುಸುಕು, ಗವುಸು, ಆಚ್ಫಾದನೆ"
ಛದಿ,noun,ಸಂ ,1,ಮನೆ ಮೊ.ವುಗಳ ಮೇಲ್ಛಾ ವಣಿ
ಛದ್ಮ,noun,<ಸಂ. ಛದ್ಮನ್ ,1,"ಮುಸುಕು, ಆಚ್ಛಾದನೆ"
ಛದ್ಮನೆ,noun,<ಸಂ. ಛದ್ಮನ್ ,1,"ಮುಸುಕು, ಮರೆ"
ಛಲ,noun,ಸಂ ,1,"ನೆಪ, ವ್ಯಾಜ"
ಛವಿ,noun,ಸಂ ,1,"ಹೊಳಪು, ಕಾಂತಿ"
ಛಾಂದಸ,noun,ಸಂ ,1,"ವೇದಾಧ್ಯಯನ ಮಾಡಿದವನು, ಶ್ರೋತ್ರಿಯ"
ಛಾತಿ,noun,<ಹಿಂ. ಛಾತೀ ,1,"ಎದೆ, ವಕ್ಷಸ್ಥಳ"
ಛಾಪ,noun,<ಹಿಂ. ಛಾಪ್ ,1,"ಅಚ್ಚು, ಮುದ್ರೆ"
ಛಾಯ,noun,<ಸಂ. ಛಾಯಾ ,1,ನೆರಳು
ಛಾಯೆ,noun,<ಸಂ. ಛಾಯಾ ,1,ಛಾಯ
ಛಾವಣಿ,noun,ಮರಾ ,1,"ದಂಡಿನ ಬಿಡಾರ, ಸೇನಾ ಶಿಬಿರ"
ಛಿದ್ರ,noun,ಸಂ ,1,"ತೂತು, ರಂಧ್ರ"
ಛೇದ,noun,ಸಂ ,1,ಕತ್ತರಿಸುವುದು
ಜಂಕಣೆ,noun,ದೇ ,1,"ಗದರಿಕೆ, ಗರ್ಜನೆ"
ಜಂಗಮ,noun,ಸಂ ,1,"ಚಲನೆಯುಳ್ಳದ್ದು, ಸಂಚಾರವುಳ್ಳದ್ದು"
ಜಂಗು,noun,ಮರಾ ,1,"ಕಿಲುಬು, ತುಕ್ಕು"
ಜಂಗುಳಿ,noun,ದೇ ,1,"ಸಮೂಹ, ಮೊತ್ತ"
ಜಂಘೆ,noun,<ಜಂಘಾ ,1,"ಕೆಳದೊಡೆ, ಕಿರುದೊಡೆ"
ಜಂಜಡ,noun,ಮರಾ ,1,"ತೊಂದರೆ, ಕ್ಲೇಶ"
ಜಂಟಿ,noun,ದೇ ,1,"ಸೇರುವಿಕೆ, ಒಟ್ಟುಗೂಡುವಿಕೆ"
ಜಂತು,noun,ಸಂ ,1,ಜೀವವನ್ನುಳ್ಳದ್ದು
ಜಂಬಾಲ(ಳ),noun,ಸಂ ,1,"ಕೆಸರು, ಬದಿ, ರಾಡಿ"
ಜಂಬೀರ,noun,ಸಂ ,1,ನಿಂಬೆಯ ಗಿಡ ಮತ್ತು ಅದರ ಹಣ್ಣು
ಜಕಣಿ,noun,<ಸಂ. ಯಕ್ಷಿಣಿ ,1,"ಯಕ್ಷಿಣಿ, ಯಕ್ಷಸ್ತ್ರೀ"
ಜಗತಿ,noun,<ಸಂ. ಜಗತೀ ,1,"ಲೋಕ, ಪ್ರಪಂಚ"
ಜಗಲ,noun,ಸಂ ,1,"ಕಪಟಿ, ಮೋಸಗಾರ"
ಜಘನ,noun,ಸಂ ,1,ನಿತಂಬ
ಜಘನ್ಯ,noun,ಸಂ ,1,"ಕೀಳು, ನೀಚವಾದುದು"
ಜಟಿ,noun,ಸಂ ,1,"ಜಟೆಯುಳ್ಳವನು, ಋಷಿ"
ಜಟೆ,noun,<ಸಂ. ಜಟಾ ,1,ಜಡೆಗಟ್ಟಿದ ಕೂದಲು
ಜಠರ,noun,ಸಂ ,1,"ಹೊಟ್ಟೆ, ಉದರ, ಅನ್ನಕೋಶ"
ಜಡ,noun,ಸಂ ,1,"ಅಚೇತನವಾದುದು, ಜಡ ವಸ್ತು"
ಜಡಭರತ,noun,= ,1,ಸೋಮಾರಿ
ಜಡಿ,noun,ದೇ ,1,"ಬೆದರಿಕೆ, ಹೆದರಿಕೆ"
ಜಡ್ಡು,noun,<ಸಂ. ಜಾಡ್ಯ ,1,"ದಡ್ಡು, ಚರ್ಮ ದಪ್ಪವಾಗಿ ಕಾಯಿಗಟ್ಟುವುದು"
ಜತನ,noun,<ಸಂ. ಯತ್ನ ,1,"ಸಾಧನೆ, ಪ್ರಯತ್ನ"
ಜತಿ,noun,<ಸಂ. ಯತಿ ,1,"ಯತಿ, ಮುನಿ"
ಜತುಕ,noun,ಸಂ ,1,ಅರಗು
ಜನ,noun,ಸಂ ,1,"ಮನುಷ್ಯ ಸಮುದಾಯ, ಜನತೆ"
ಜನಕ,noun,ಸಂ ,1,ಉತ್ಪತ್ತಿಗೆ ಕಾರಣವಾದುದು
ಜನಜನಿತ,noun,ಸಂ ,1,"ಜನರಲ್ಲಿ ಹಬ್ಬಿರುವ ವಿಷಯ, ಪ್ರಸಿದ್ಧವಾದ ವಿಷಯ"
ಜನನಿ,noun,ಸಂ ,1,"ಹೆತ್ತವಳು, ತಾಯಿ"
ಜನಪದ,noun,<ಸಂ. ಜನ+ಪದ ,1,ಜನತೆ
ಜನ್ನ,noun,ಸಂ ,1,"ಯಜ್ಞ, ಯಾಗ"
ಜಬರು,noun,<ಪಾರ. ಜಬರ್ ,1,"ಜೋರು, ದರ್ಪ"
ಜಬ್ಬಲು,noun,ದೇ ,1,"ಮುಪ್ಪಿನಿಂದ ದುರ್ಬಲವಾಗಿರುವುದು, ಶಕ್ತಿಹೀನವಾದುದು"
ಜಮೆ,noun,<ಜಮಾ ,1,"ಆಯ, ಆದಾಯ, ಹುಟ್ಟುವಳಿ"
ಜಯ,noun,ಸಂ ,1,"ಗೆಲ್ಲುವುದು, ಗೆಲುವು"
ಜಯಂತಿ,noun,ಸಂ ,1,ಬಾವುಟ
ಜರಗು,noun,ದೇ ,1,ಚಿನ್ನದ ಸಣ್ಣ ಸಣ್ಣ ಕಣಗಳು ಬೆರೆತಿರುವ ಮಣ್ಣು
ಜರಡು,noun,<ಸಂ. ಜರಠ ,1,"ಹುರುಳಿಲ್ಲದುದು, ಜೊಳ್ಳು"
ಜರಾಯು,noun,ಸಂ ,1,"ಭ್ರೂಣವನ್ನು ಆವರಿಸಿರುವ ಪೊರೆ, ಮಾಸು"
ಜರಿ,noun,ದೇ ,1,"ಬೆಟ್ಟದ ಇಳಿಜಾರು ಪ್ರದೇಶ, ದರಿ"
ಜರೂರು,noun,<ಅರ. ಪಾರ. ಜರೂರ್ ,1,"ಅಗತ್ಯ, ಆವಶ್ಯಕತೆ"
ಜರ್ಬು,noun,ದೇ ,1,"ಗದರಿಕೆ, ಮೂದಲೆ, ಜಂಕಣೆ"
ಜಲ,noun,ಸಂ ,1,ನೀರು
ಜಲಜ,noun,ಸಂ ,1,"ನೀರಿನಲ್ಲಿ ಹುಟ್ಟಿದುದು, ತಾವರೆ, ಕಮಲ"
ಜಲದ,noun,ಸಂ ,1,"ನೀರನ್ನು ನೀಡುವಂತಹುದು, ಮೋಡ"
ಜಲಲಿಪಿ,noun,ಸಂ ,1,ನೀರಿನ ಮೇಲೆ ಬರೆದುದು
ಜಲಸಾ,noun,ಅರ ,1,ಸಂತೋಷಕೂಟ
ಜಲಸ್ತಂಭನ,noun,ಅರ ,1,ನೀರನ್ನು ತಡೆಯುವುದು
ಜಲಾ(ಳಾ)ಶಯ,noun,ಸಂ ,1,"ನೀರಿಗೆ ಆಶ್ರಯವಾದುದು, ಕೊಳ, ಸರೋವರ ಮೊ.ವು"
ಜಲ್ಪ,noun,ಸಂ ,1,"ಮಾತು, ನುಡಿ"
ಜಲ್ಲೆ,noun,ದೇ ,1,"ಗಳು, ಕೋಲು"
ಜವ,noun,ಸಂ ,1,"ಯಮ, ಮೃತ್ಯುದೇವತೆ"
ಜವನಿಕೆ,noun,<ಸಂ. ಯವನಿಕಾ ,1,"ತೆರೆ, ಪರದೆ"
ಜವಳ,noun,<ಸಂ. ಯಮಲ ,1,"ಜೊತೆ , ಜೋಡಿ, ಅವಳಿ"
ಜವಳಿ,noun,ದೇ ,1,"ಬಟ್ಟೆ, ಅರಿವೆ"
ಜವಾಹಿರಿ,noun,ಅರ ,1,"ಮುತ್ತು, ರತ್ನ ಮುಂ. ಬೆಲೆಯುಳ್ಳ ಮಣಿ"
ಜವುಗು,noun,ದೇ ,1,"ತೇವ, ಒದ್ದೆ"
ಜವ್ವನ,noun,<ಸಂ. ಯೌವನ ,1,"ಹರೆಯ, ಯೌವನ"
ಜಸ,noun,<ಸಂ. ಯಶಸ್ ,1,"ಯಶಸ್ಸು, ಕೀರ್ತಿ"
ಜಾಕೀಟು,noun,<ಇಂ. jacket ,1,ಮೇಲಂಗಿ
ಜಾಗರ,noun,ಸಂ ,1,ಶುಭಕಾರ್ಯಗಳಲ್ಲಿ ಅಂಕುರಾರ್ಪಣವೆಂಬ ಕರ್ಮದ ಅಂಗವಾಗಿ ಪಾತ್ರೆಗಳಲ್ಲಿ ಬೆಳೆಸುವ ಪೈರು
ಜಾಗರಣ(ಣೆ),noun,ಸಂ ,1,"ನಿದ್ದೆ ಮಾಡದಿರುವಿಕೆ, ಎಚ್ಚರವಾಗಿರುವಿಕೆ"
ಜಾಗೃತ,noun,ಸಂ ,1,ಎಚ್ಚರಗೊಂಡವನು
ಜಾಗೃತಿ,noun,ಸಂ ,1,"ನಿದ್ರೆ ಮುಗಿಯುವಿಕೆ, ಎಚ್ಚರ"
ಜಾಗ್ರತೆ,noun,<ಸಂ. ಜಾಗ್ರತಾ ,1,"ಬೇಗ, ಶೀಘ್ರ"
ಜಾಡ,noun,ದೇ ,1,"ನೇಯುವವನು, ನೇಕಾರ"
ಜಾಡಿ,noun,<ಅರ. ಜಾರಹ್ ,1,"ಸಂದಣಿ, ದಟ್ಟಣೆ"
ಜಾಡು,noun,ದೇ ,1,ನಡೆದು ನಡೆದು ಸವೆದ ದಾರಿ
ಜಾಡ್ಯ,noun,ಸಂ ,1,ಚಳಿ
ಜಾತ,noun,ಸಂ ,1,ಹುಟ್ಟಿದುದು
ಜಾತಕ,noun,ಸಂ ,1,"ಜನ್ಮಕಾಲದ ತಿ , ನಕ್ಷತ್ರ, ಲಗ್ನ ಮೊ. ವಿವರಗಳನ್ನೂ ಆಗಿನ ಗ್ರಹಗಳ ಸ್ಥಿತಿಯನ್ನೂ ತಿಳಿಸುವ ಪತ್ರಿಕೆ, ಜನ್ಮ ಕುಂಡಲಿ"
ಜಾತರೂಪ,noun,ಸಂ ,1,"ಬೆತ್ತಲೆ, ದಿಗಂಬರತ್ವ"
ಜಾತಿ,noun,ಸಂ ,1,"ಹುಟ್ಟು, ಜನನ"
ಜಾದಿ,noun,<ಸಂ. ಜಾತಿ ,1,ಜಾಜಿಗಿಡ ಮತ್ತು ಅದರ ಹೂವು
ಜಾದು,noun,<ಸಂ. ಧಾತು ,1,"ಕೆಂಪು ಬಣ್ಣದ ಶಿಲೆ, ಗೈರಿಕ"
ಜಾಮಾತೃ,noun,ಸಂ ,1,"ಮಗಳ ಗಂಡ, ಅಳಿಯ"
ಜಾಮಿ,noun,ಸಂ ,1,"ಒಡಹುಟ್ಟಿದವಳು, ಸಹೋದರಿ"
ಜಾಮೀನು,noun,<ಅರ. ಜಾಮೀನ್ ,1,"ಈಡು, ಹೊಣೆ"
ಜಾಯಿಲ,noun,<ತೆಲು. ಜಾಗಿಲ ,1,"ನಾಯಿ, ಸೊಣಗ"
ಜಾರಿ,noun,<ಅರ. ಜಾರೀ ,1,"ಆಚರಣೆ, ಅನುಷ್ಠಾನ"
ಜಾರು,noun,ದೇ ,1,ಇಳಿಜಾರಾದ ಪ್ರದೇಶ
ಜಾಲ,noun,ಸಂ ,1,ಬಲೆ
ಜಾಲ್ಮ,noun,ಸಂ ,1,"ನೀಚ, ದುಷ್ಟ"
ಜಾಳಿಗೆ,noun,ಸಂ ,1,"ಬಲೆ, ಜಾಲ"
ಜಾಳು,noun,ದೇ ,1,"ಹುರುಳಿಲ್ಲದುದು, ನಿಸ್ಸತ್ತ್ವವಾದುದು"
ಜಾವ,noun,<ಸಂ. ಯಾಮ ,1,"ದಿವಸದ ಎಂಟನೆಯ ಒಂದು ಭಾಗದಷ್ಟು ಕಾಲ, ಏಳೂವರೆ ಗಳಿಗೆ, ಮೂರು ಗಂಟೆ ಕಾಲ"
ಜಾವಳ,noun,ಮರಾ ,1,"ಸಮಾನ್ಯ, ಸಾಧಾರಣ"
ಜಿಂದಗಿ,noun,<ಪಾರ. ಜಿಂದಗೀ ,1,"ಆಸ್ತಿ, ಸ್ವತ್ತು"
ಜಿಗಿಲು,noun,ದೇ ,1,"ಅಂಟಾದುದು, ಜಿಡ್ಡು"
ಜಿಡ್ಡು,noun,ದೇ ,1,"ಎಣ್ಣೆ, ತುಪ್ಪ ಮುಂ.ವುಗಳ ಜಿಗಿ, ಜಿಗುಟು"
ಜಿತ,noun,ಸಂ ,1,ಗೆದ್ದದ್ದು
ಜಿತಕಾಮ,noun,ಸಂ ,1,ಮನ್ಮಥನನ್ನು ಗೆದ್ದವನು
ಜಿದ್ದು,noun,<ಅರ. ಜಿದ್ ,1,"ಬದ್ಧ ಮಾತ್ಸರ್ಯ, ದುರಾಗ್ರಹ"
ಜಿನ,noun,ಸಂ ,1,"ಇಂದ್ರಿಯಗಳನ್ನು ಗೆದ್ದವನು, ಜಿತೇಂದ್ರಿಯ"
ಜಿನುಗು,noun,ದೇ ,1,"ಸೋನೆ ಮಳೆ, ಜಡಿ ಮಳೆ"
ಜಿಷ್ಣು,noun,ಸಂ ,1,"ಜಯಶಾಲಿ, ಗೆದ್ದವನು"
ಜಿಹಾಸೆ,noun,<ಸಂ. ಜಹಾಸಾ ,1,"ತೊರೆಯುವ ಆಸೆ, ಬಿಡುವ ಬಯಕೆ"
ಜಿಹ್ಮ,noun,ಸಂ ,1,"ಕಪಟ, ಮೋಸ"
ಜಿಹ್ವೆ,noun,<ಸಂ. ಜಿಹ್ವಾ ,1,ನಾಲಗೆ
ಜೀಕು,noun,ದೇ ,1,ಗಿರಕಿ ಚಪ್ಪಲಿಯ ಶಬ್ದ
ಜೀತ,noun,<ಸಂ. ಜೀವಿತಾ ,1,"ಬದುಕು, ಬಾಳು"
ಜೀನು,noun,<ಪಾರ. ಜೀನ್ ,1,"ಕುದುರೆಯ ಬೆನ್ನ ಮೇಲೆ ಕುಳಿತುಕೊಳ್ಳಲು ಹಾಕುವ ಚರ್ಮದ ಸಾಧನ, ತಡಿ"
ಜೀಮೂತ,noun,ಸಂ ,1,"ಮುಗಿಲು, ಮೇಘ, ಮೋಡ"
ಜೀವಂತಿಕೆ,noun,ಸಂ ,1,"ಚೈತನ್ಯದಿಂದ ಕೂಡಿದ ಸ್ಥಿತಿ, ಲವಲವಿಕೆಯಿಂದಿರುವಿಕೆ"
ಜೀವಕಳೆ,noun,<ಸಂ. ಜೀವ + ಕಳೆ <ಸಂ. ಕಲಾ ,1,"ತೇಜಸ್ಸು, ಕಾಂತಿ"
ಜೀವನ,noun,ಸಂ ,1,"ಬಾಳು, ಬದುಕು"
ಜೀವಾತು,noun,ಸಂ ,1,"ಜೀವನ, ಬಾಳು"
ಜೀವಾಳ,noun,<ಸಂ. ಜೀವಲ ,1,ಜೀವದಾಯಿಯಾದುದು
ಜುಣುಗು,noun,ದೇ ,1,ನುಣುಚಿಕೊಳ್ಳುವಿಕೆ
ಜುಲುಪೆ,noun,<ಪಾರ. ಜುಲ್ಫ್ ,1,ಕಾಕಪಕ್ಷ; ಚೌಲಕರ್ಮದಲ್ಲಿ ಮುಂದಲೆ ಮತ್ತು ಕಿವಿಗಳ ಪಕ್ಕದಲ್ಲಿ ಕತ್ತರಿಸದೇ ಬಿಡುವ ಕೂದಲು
ಜೂಬು,noun,ದೇ ,1,"ದೆವ್ವ, ಪಿಶಾಚಿ"
ಜೂಲು,noun,ದೇ ,1,"ಕುದುರೆ, ಸಿಂಹ ಮುಂ. ಪ್ರಾಣಿಗಳ ಕುತ್ತಿಗೆಯ ಮೇಲಿನ ಕೂದಲು, ಆಯಾಲು"
ಜೃಂಭ,noun,ಸಂ ,1,ಆಕಳಿಕೆ
ಜೇಡ,noun,ದೇ ,1,"ನೇಯುವವನು, ನೇಕಾರ"
ಜೇಡಿ,noun,ದೇ ,1,ಒಂದು ಬಗೆಯ ಮೃದುವಾದ ಜಿಗುಟು ಮಣ್ಣು
ಜೇವಡೆ,noun,<ಸಂ. ಜ್ಯಾ ,1,"ಬಿಲ್ಲಿಗೆ ಹೆದೆಯೇರಿಸಿ ಮಾಡುವ ಧ್ವನಿ, ಧನುಷ್ಟಂಕಾರ"
ಜೈತ್ರ,noun,ಸಂ ,1,"ಜಯ, ಗೆಲುವು"
ಜೊಂಡು,noun,ದೇ ,1,ತಲೆಯ ಹೊಟ್ಟು
ಜೊಂಪ,noun,ದೇ ,1,"ಗೊಂಚಲು, ಗುಚ್ಛ"
ಜೊಂಪು,noun,ದೇ ,1,"ಮತ್ತು, ಮೈಮರೆವು"
ಜೊನ್ನ,noun,ಸಂ ,1,"ಚಂದ್ರನ ಬೆಳಕು, ಬೆಳುದಿಂಗಳು"
ಜೋಕೆ,noun,ದೇ ,1,"ಎಚ್ಚರಿಕೆ, ಜಾಗರೂಕತೆ"
ಜೋಗಿ,noun,<ಸಂ. ಯೋಗಿನ್ ,1,"ಯೋಗಿ, ತಪಸ್ವಿ"
ಜೋಗಿತಿ,noun,ಜೋಗಿ + ಇತಿ ,1,ಜೋಗಿಣಿ
ಜೋಡು,noun,ದೇ ,1,"ಜೊತೆ, ಜೋಡಿ"
ಜೋಮು,noun,ದೇ ,1,ತೂಕಡಿಕೆ
ಜೋಳವಾಳಿ,noun,ದೇ ,1,"ಒಡೆಯನ ಋಣ, ಉಪ್ಪಿನ ಹಂಗು"
ಜೋಳಿಗೆ,noun,ಪ್ರಾ ,1,"ಮಕ್ಕಳನ್ನು ಮಲಗಿಸಲು ಮೇಲಿನಿಂದ ತೂಗುಬಿಡುವ ಬಟ್ಟೆ, ಬಟ್ಟೆಯಿಂದ ಮಾಡಿದ ತೊಟ್ಟಿಲು"
ಜೋಹ,noun,<ಸಂ. ಯೋಗ ,1,"ಮೋಸದ ವೇಷ, ಸೋಗು"
ಜೋಹರ,noun,<ಪ್ರಾ. ಜೋಹರ್ ,1,"ಪ್ರಣಾಮ, ನಮಸ್ಕಾರ"
ಜ್ಞಾತಿ,noun,ಸಂ ,1,"ತಂದೆಯ ಕಡೆಯ ಬಂಧು, ದಾಯಾದಿ"
ಜ್ಞಾನ,noun,ಸಂ ,1,"ತಿಳಿವಳಿಕೆ, ಅರಿವು"
ಜ್ಞಾಪನ,noun,ಸಂ ,1,"ನೆನಪು ಮಾಡುವುದು, ಜ್ಞಾಪಿಸುವುದು"
ಜ್ಞೇಯ,noun,ಸಂ ,1,"ತಿಳಿಯಬೇಕಾದ ವಿಷಯ, ವಸ್ತು"
ಜ್ಯಾ,noun,ಸಂ ,1,ಬಿಲ್ಲಿನ ಹೆದೆ
ಜ್ಯೇಷ್ಠ,noun,ಸಂ ,1,"ಅಣ್ಣ, ಅಗ್ರಜ"
ಜ್ಯೋತಿ,noun,ಸಂ ,1,"ಬೆಳಕು, ಕಾಂತಿ"
ಜ್ಯೋತಿಷ,noun,ಸಂ ,1,ಖಗೋಳ ವಿಜ್ಞಾನ
ಜ್ವಾಲೆ,noun,ಸಂ ,1,ಬೆಂಕಿಯ ನಾಲಗೆ
ಝಂಕಣಿ,noun,ದೇ ,1,"ಗದರಿಸುವಿಕೆ, ಬೆದರಿಸುವಿಕೆ"
ಝಗೆ,noun,ಮರಾ ,1,"ಹೊಳಪು, ಪ್ರಕಾಶ"
ಝರಿ,noun,ಸಂ ,1,ಬೆಟ್ಟದಿಂದ ಹರಿದು ಬರುವ ಪ್ರವಾಹ
ಝಳ,noun,ದೇ ,1,"ಪ್ರಕಾಶ, ಕಾಂತಿ"
ಝಾಂಡ್,noun,ಹಿಂ ,1,"ಬಾವುಟ, ಧ್ವಜ"
ಝಿಮ್),noun,ಹಿಂ ,1,"ಸಾಧನಸಾಮಾಗ್ರಿ, ಅವಶ್ಯಕ ವಸ್ತು"
ಝೇಂಕಾರ,noun,ದೇ ,1,"ದುಂಬಿ ಮೊ.ವುಗಳ - ಮೊರೆತ, ಧ್ವನಿ"
ಝ್ಝಯ),noun,ದೇ ,1,"ಉಪಾಧ್ಯಾಯ, ಗುರು"
ಟಂಕ,noun,ಸಂ ,1,"ಕಲ್ಲುಕುಟಿಗನ ಒಂದು ಉಪಕರಣ, ಕಲ್ಲುಳಿ, ಚಾಣ"
ಟಂಕೆ,noun,"ದೇ ದೊಣ್ಣೆ, ಗುದಿಗೆ, ಬಡಿಗೋಲು; <ಸಂ. ಟಂಕಾ ",1,"ಕಲ್ಲುಳಿ, ಟಂಕ"
ಟಕ್ಕೆ,noun,ದೇ ,1,"ಒರಗುದಿಂಬು, ಲೋಡು"
ಟಪಾಲು,noun,<ಮರಾ. ಟಪಾಲ್ ,1,"ಅಂಚೆ, ಅಂಚೆಯ ಮೂಲಕ ಬರುವ ಯಾ ಕಳುಹಿಸುವ ಪತ್ರ ಮುಂ.ವು"
ಟಪ್ಪೆ,noun,<ಹಿಂ. ಮರಾ. ಟಪ್ಪಾ ,1,"ಪ್ರಯಾಣದ ದಾರಿಯ ಮಧ್ಯದಲ್ಲಿ ಏರ್ಪಡಿಸಿರುವ ನಿಲುಗಡೆಯ ಸ್ಥಳ, ತಂಗುದಾಣ"
ಟಮಳ,noun,ದೇ ,1,"ಮೋಸ, ಕಪಟ, ವಂಚನೆ"
ಟಾಂಗ,noun,ಹಿಂ ,1,"ಒಂಟಿ ಕುದುರೆಯ ಗಾಡಿ, ಜಟಕಾ"
ಟಾಪು,noun,ಹಿಂ ,1,"ದ್ವೀಪ, ನಡುಗಡ್ಡೆ"
ಟಿಕಳಿ,noun,ಹಿಂ ,1,"ಚುಕ್ಕೆ, ಬೊಟ್ಟು"
ಟಿಪ್ಪಣ(ಣಿ),noun,ಸಂ ,1,"ವಿವರಣೆ, ವ್ಯಾಖ್ಯಾನ, ಟೀಕೆ"
ಟಿಬ್ಬಿ,noun,ಹಿಂ ,1,"ಒಂದು ಬಗೆಯ ಹೊಲಿಗೆ, ಟಾರು"
ಟಿಸಿಲು,noun,ದೇ ,1,"ಚಿಕ್ಕ ಕೊಂಬೆ, ರೆಂಬೆ, ಶಾಖೆ"
ಟೀಕೆ,noun,<ಸಂ. ಟೀಕಾ ,1,"ವ್ಯಾಖ್ಯಾನ, ಅರ್ಥ ವಿವರಣೆ, ಟೀಕು"
ಟುಮಕಿ,noun,<ಮರಾ. ಟಮಕೀ ,1,"ಒಂದು ಬಗೆಯ ಚರ್ಮವಾದ್ಯ, ಸಣ್ಣ ತಮಟೆ"
ಟೆಪ್ಪರ,noun,ದೇ ,1,ಕುದುರೆ ಮೊ.ವುಗಳ ನಾಗಾ ಲೋಟ
ಟೊಕಳಿ,noun,ದೇ ,1,"ಪೊಳ್ಳಾದ ಹೊರಮರ, ಟೊಳ್ಳಾದ ಸಿಪ್ಪೆ"
ಟೊಣಪ,noun,ದೇ ,1,ಸ್ಥೂಲಕಾಯನಾದ ಮನುಷ್ಯ
ಟೊಣಪೆ,noun,ದೇ ,1,"ಮರದ ದಪ್ಪವಾದ ತುಂಡು, ದಪ್ಪ ದೊಣ್ಣೆ"
ಟೊಳ್ಳು,noun,ದೇ ,1,"ಒಳಗೆ ತಿರುಳಿಲ್ಲದುದು, ಸತ್ತ್ವವಿಲ್ಲದುದು, ಪೊಳ್ಳು"
ಟೋಳಿ,noun,ಹಿಂ ,1,"ಗುಂಪು, ಸಂದಣಿ"
ಟೌಳಿ,noun,ದೇ ,1,"ಮೋಸ, ವಂಚನೆ"
ಠಕ್ಕ,noun,ದೇ ,1,"ಮೋಸಗಾರ, ವಂಚಕ, ಧೂರ್ತ"
ಠಾಣೆ,noun,<ಸಂ. ಸ್ಥಾನ ,1,"ನೆಲೆ, ಬೀಡು"
ಠಾಯ,noun,<ಸಂ. ಸ್ಥಾಯಿನ್ ,1,ಸಂಗೀತದಲ್ಲಿ ರಾಗಾಲಾಪನೆಯಲ್ಲಿ ಒಂದು ಲಯ; ಮಧ್ಯಲಯ
ಠೇಂಕಾರ,noun,ಸಂ ,1,"ಬಿಲ್ಲಿನ ಮಿಡಿತದ ಶಬ್ದ, ಧನುಷ್ಟಂಕಾರ"
ಠೇವಣಿ,noun,<ಮರಾ. ಠೇವಣೀ ,1,"ಠೇವಣಾತಿ, ಇಟ್ಟ ಹಣ, ಇಡುಗಂಟು"
ಡಂಗ,noun,ಪ್ರಾ ,1,"ರಾಜ್ಯದ ಗಡಿ ಪ್ರದೇಶಗಳಲ್ಲಿಯ ಘಾಟಿ ಮಾರ್ಗಗಳಲ್ಲಿರುವ - ಸುಂಕದ ಕಟ್ಟೆ, ಕಾವಲು ಕಟ್ಟೆ"
ಡಂಗು(ಗೂ)ರ,noun,ದೇ ,1,"ತಮಟೆ, ಡೋಲು, ಮೊ.ವನ್ನು ಬಾರಿಸಿ ಯಾವುದಾದರೂ ವಿಷಯವನ್ನು ಘೋಷಿಸಿ ಬಹಿರಂಗಪಡಿಸುವುದು, ಸಾರುವುದು"
ಡಂಬ(ಭ),noun,ಸಂ ,1,"ಮೋಸ, ವಂಚನೆ"
ಡಗೆ,noun,ಮರಾ ,1,"ಸೆಕೆ, ಕಾವು, ಝಳ"
ಡಬ್ಬು,noun,ದೇ ,1,"ಅಡಿಮೇಲು, ಬೋರಲು"
ಡವಕೆ,noun,<ಸಂ. ಷ್ಠೀವಕ ,1,"ಉಗುಳುವ ಪಾತ್ರೆ, ಪೀಕದಾನಿ"
ಡಾಂಬಿಕ,noun,<ಸಂ. ಡಂಭ ,1,"ತೋರಿಕೆಯ ನಡೆ ನುಡಿಯುಳ್ಳವನು, ಜಂಬಗಾರ"
ಡಾಕಿಣಿ,noun,ಸಂ ,1,ಹೆಣ್ಣು ಪಿಶಾಚಿ
ಡಾಕು,noun,ದೇ ,1,"ಮುತ್ತಿಗೆ, ಆಕ್ರಮಣ"
ಡಾಗು,noun,ಮರಾ ,1,"ಕಾಯ್ದಕಬ್ಬಿಣದ ಗುಳದಿಂದ ಹಾಕಿದ - ಗುರುತು, ಮುದ್ರೆ"
ಡಾಮರ,noun,ಸಂ ,1,"ಆಕ್ರಮಣ, ಮುತ್ತಿಗೆ"
ಡಾಲು,noun,<ಸಂ. ಢಾಲ ,1,"ಪ್ರಭೆ, ಕಾಂತಿ"
ಡಾಳ,noun,<ಮರಾ. ಢಾಳ ,1,"ಹೊಳಪು, ಪ್ರಭೆ"
ಡಾವರ,noun,<ಸಂ. ಡಾಮರ ,1,ಬರಗಾಲ
ಡಾವು,noun,<ಮರಾ. ಡಾವ್ ,1,"ಹೊಟ್ಟೆಕಿಚ್ಚು, ದ್ವೇಷ"
ಡಿಂಗರ,noun,ಸಂ ,1,"ಆಳು, ಸೇವಕ"
ಡಿಂಡೀರ,noun,ಸಂ ,1,"ನೊರೆ, ಬುರುಗು, ಫೇನ"
ಡಿಂಬ,noun,ಸಂ ,1,"ಮೈ, ಶರೀರ"
ಡಿಂಬು,noun,ಸಂ ,1,"ದೇಹ, ಶರೀರ"
ಡಿಂಭ,noun,ಸಂ ,1,ಆಗತಾನೆ ಜನಿಸಿದ ಮಗು ಯಾ ಪ್ರಾಣಿಯ ಮರಿ
ಡಿಳ್ಳ,noun,<ಪ್ರಾ. ಢಿಲ್ಲ ,1,"ಶಿಥಿಲತೆ, ಸಡಿಲು"
ಡುಂಡುಭ,noun,ಸಂ ,1,ಎರಡು ತಲೆಯ ಹಾವು
ಡುಬ್ಬ,noun,ದೇ ,1,ಡುಬರಿ
ಡೆಂಕಣ,noun,ದೇ ,1,ಕೋಟೆ ಕಾಳಗದಲ್ಲಿ ಬಳಸುತ್ತಿದ್ದ ಒಂದು ಯಂತ್ರ
ಡೇರಾ(ರೆ),noun,ಹಿಂ ,1,"ಬಟ್ಟೆಯಿಂದ ಮಾಡಿದ ಮನೆ, ಗುಡಾರ"
ಡೊಂಕು,noun,ದೇ ,1,"ಓರೆ, ವಕ್ರತೆ"
ಡೊಂಬ,noun,ದೇ ,1,"ಮೋಸಗಾರ, ವಂಚಕ"
ಡೊಂಬಿ,noun,ದೇ ,1,"ಮೋಸ, ವಂಚನೆ"
ಡೊಕ್ಕ,noun,ದೇ ,1,"ಶರೀರ, ಮೈ"
ಡೊಕ್ಕರ,noun,ದೇ ,1,"ಗುದ್ದು, ಹೊಡೆತ"
ಡೊಗರು,noun,ದೇ ,1,"ರಂಧ್ರ, ಬಿಲ"
ಡೊಣೆ,noun,ದೇ ,1,"ದಿಣ್ಣೆ ಯಾ ಗುಡ್ಡದ ಮೇಲಿನ ಸ್ವಾಭಾವಿಕವಾದ ನೀರಿನ ತಗ್ಗು, ದೊಣೆ"
ಡೊಳ್ಳು,noun,ದೇ ,1,ಬೊಜ್ಜು ಬೆಳೆದ ಹೊಟ್ಟೆ
ಡೋಣಿ,noun,ದೇ ,1,ದೊಡ್ಡ ಹರವಿ
ಡೌಲು,noun,<ಅರ. ಡೌಲ್ ,1,"ರೀತಿ, ಪ್ರಕಾರ"
ಢಗೆ,noun,<ಮರಾ. ದಗೆ ,1,"ಕಾವು, ದಗೆ"
ಢಾಲು,noun,ಸಂ ,1,ಗುರಾಣಿ
ತಂಗಳು,noun,ದೇ ,1,"ಆರಿದ ಅನ್ನ, ತಂಗಳನ್ನ"
ತಂಗು,noun,"ದೇ ಬಿಡಾರ ಮಾಡುವುದು, ಇಳಿದುಕೊಳ್ಳುವುದು, ನಿಲ್ಲುವುದು; <ಪಾರ. ತಂಗ್ ",1,ಕುದುರೆ ಮೊ. ಪ್ರಾಣಿಗಳ ಜೀನನ್ನು ಬಿಗಿಗೊಳಿಸಲು ಅವುಗಳ ಒಡಲಿಗೆ ಬಿಗಿಯುವ ಚರ್ಮದ ಪಟ್ಟಿ
ತಂಟಲಮಾರಿ,noun,ದೇ ,1,ಗ್ರಾಮದೇವತೆ
ತಂಟೆ,noun,ದೇ ,1,"ಜಗಳ, ತಕರಾರು"
ತಂಡ,noun,ದೇ ,1,"ಗುಂಪು, ಸಮೂಹ"
ತಂಡಕ,noun,ಸಂ ,1,ಸರಿಯಾದ ಸಿದ್ಧತೆ
ತಂಡಿ,noun,<ಹಿಂ. ಥಂಡಿ ,1,"ಚಳಿ, ತಂಪು"
ತಂಡುಲ,noun,ಸಂ ,1,ಅಕ್ಕಿ
ತಂಡೆ,noun,ದೇ ,1,"ಕಾಲಿಗೆ ಹಾಕಿಕೊಳ್ಳುವ ಆಭರಣ, ರುಳಿ"
ತಂತಿ,noun,ಸಂ ,1,"ಲೋಹದ ತೆಳುವಾದ ಎಳೆ, ಕಂಬಿ"
ತಂತು,noun,ಸಂ ,1,"ದಾರ, ನೂಲು"
ತಂತುಕ,noun,<ಸಂ. ತಂತು ,1,"ರೇಷ್ಮೆ ಹುಳು, ಜೇಡರಹುಳು ಮೊ.ವುಗಳಲ್ಲಿ ನೂಲನ್ನು ಹೊರಡಿಸುವ ಅಂಗ"
ತಂತುವಾಯ,noun,<ಸಂ. ತಂತು ,1,ನೇಕಾರ
ತಂತ್ರ,noun,ಸಂ ,1,"ದಾರ, ನೂಲು"
ತಂತ್ರಿ,noun,ಸಂ ,1,ತಂತ್ರಶಾಸ್ತ್ರವನ್ನು ಬಲ್ಲವನು
ತಂದರಿ,noun,<ಸಂ. ತಂದ್ರಿ ,1,"ತೂಕಡಿಕೆ, ಜೊಂಪು"
ತಂದಲ್(ಲು),noun,ದೇ ,1,"ತುಂತುರ ಹನಿ, ಶೀಕರ"
ತಂದ್ರಿ,noun,ಸಂ ,1,"ಆಲಸ್ಯ, ಜಡತೆ"
ತಂಪು,noun,ದೇ ,1,"ತಣಿವು, ಶೈತ್ಯ"
ತಂಬುಲ,noun,<ಸಂ. ತಾಂಬೂಲ ,1,"ಅಡಿಕೆ, ಕ್ರಮುಕ"
ತಕರಾರು,noun,ಅರಾ ,1,"ಆಕ್ಷೇಪಣೆ, ದೂರ"
ತಕ್ಕು,noun,<ದೇ. ತಗು ,1,"ಹಿರಿಮೆ, ಘನತೆ"
ತಕ್ಕುಮೆ,noun,ದೇ ,1,"ತಕ್ಕುದಾಗಿರುವಿಕೆ, ಔಚಿತ್ಯ"
ತಕ್ಕೆ,noun,<ದೇ. ತೞ ,1,"ಅಪ್ಪುಗೆ, ಆಲಿಂಗನ"
ತಕ್ಷ,noun,ಸಂ ,1,"ಮರಗೆಲಸದವನು, ಬಡಗಿ"
ತಕ್ಷಕ,noun,ಸಂ ,1,"ತಕ್ಷ, ಬಡಗಿ"
ತಗಡು,noun,ದೇ ,1,"ತೆಳುವಾಗಿ ಬಡಿದ ಲೋಹದ—ಹಾಳೆ, ಫಲಕ"
ತಗಲು,noun,<ದೇ. ತಗುಳು ,1,"ಮೋಸ, ವಂಚನೆ"
ತಗಹು,noun,ದೇ ,1,"ಅಡ್ಡಿ, ತಡೆ, ನಿರ್ಬಂಧ"
ತಗಾದೆ,noun,<ಅರ. ತಕಾಝಾ ,1,"ಒತ್ತಾಯ, ಬಲವಂತ"
ತಗೆ,noun,ದೇ ,1,"ಅಡ್ಡಿ, ಪ್ರತಿಬಂಧಕ"
ತಗ್ಗು,noun,ದೇ ,1,"ಹಳ್ಳ, ಗುಣಿ"
ತಜವಿಜಿ,noun,<ಅರ. ತಜವೀಜ್ ,1,"ಏರ್ಪಾಟು, ವ್ಯವಸ್ಥೆ"
ತಟ,noun,ಸಂ ,1,"ಬೆಟ್ಟದ ತಪ್ಪಲು, - ಇಳುಕಲು"
ತಟಕು,noun,ದೇ ,1,"ತೊಟ್ಟು, ಬಿಂದು"
ತಟವಾಣಿ,noun,<ಸಂ. ಘಟವಾಣಿ ,1,ಗಂಡುಬೀರಿ
ತಟಸ್ಥ,noun,ಸಂ ,1,"ಯಾವ ಪಕ್ಷಕ್ಕೂ ಸೇರದವನು, ಮಧ್ಯಸ್ಥ"
ತಟ್ಟಿ,noun,ದೇ ,1,"ಬಿದಿರಿನ ತಡಿಕೆ, ಬಿದಿರಿನ ಗೋಡೆ"
ತಟ್ಟು,noun,ದೇ ,1,"ಅಪ್ಪಳಿಕೆ, ಅಂಗೈ ಹೊಡೆತ"
ತಟ್ಟೆ,noun,ದೇ ,1,"ಚಪ್ಪಟೆ, ಸಮತಲ"
ತಡ,noun,ದೇ ,1,"ಅಡ್ಡಿ, ತಡೆ"
ತಡಪು,noun,ದೇ ,1,"ಅಡ್ಡಿ, ತಡೆ"
ತಡಬಡ,noun,ದೇ ,1,"ತಬ್ಬಿಬ್ಬು, ಗೊಂದಲ"
ತಡವರಿಸು,noun,ದೇ ,1,"ಅಡ್ಡಿ, ತಡೆ"
ತಡಸಲು,noun,ದೇ ,1,"ಅಬ್ಬಿ, ಜಲಪಾತ"
ತಡಿ,noun,"ದೇ ತೇವ, ಒದ್ದೆ; <ಸಂ. ತಟೀ ",1,"ದಡ, ತೀರ"
ತಡಿಕೆ,noun,ದೇ ,1,ಬಿದಿರಿನ ತಟ್ಟಿ
ತಡೆ,noun,ದೇ ,1,"ತಡ, ವಿಳಂಬ"
ತಣಿಸು,noun,ದೇ ,1,"ತಂಪು, ಶೈತ್ಯ"
ತತ್ತರ,noun,ದೇ ,1,"ನಡುಕ, ಕಂಪನ"
ತತ್ತವಣೆ,noun,ದೇ ,1,"ಜೋಡಣೆ, ಹೊಂದಿಕೆ"
ತತ್ತು,noun,ದೇ ,1,"ಹೊಂದಿಕೆ, ಜೋಡಣೆ"
ತತ್ಪರತೆ,noun,ಸಂ ,1,"ಆಸಕ್ತಿ, ಶ್ರದ್ಧೆ"
ತತ್ವ,noun,ಸಂ ,1,ಪರಮಾತ್ಮನ ಸ್ವರೂಪವೇ ಆಗಿರುವ ಆತ್ಮನ ಸ್ವರೂಪ
ತತ್ಸಮ,noun,ಸಂ ,1,ಕನ್ನಡ ಸಂಸ್ಕೃತಗಳೆರಡಕ್ಕೂ ಸಮಾನವಾದ ಶಬ್ದ
ತಥಾಗತ,noun,ಸಂ ,1,ಬುದ್ಧ
ತದ(ದು)ಕು,noun,ದೇ ,1,ಹೊಡೆಯುವಿಕೆ
ತದ್ದಿನ,noun,ಸಂ ,1,ಆ ದಿನ
ತದ್ಭವ,noun,ಸಂ ,1,ಅದರಲ್ಲಿ ಹುಟ್ಟಿದುದು
ತದ್ರೂಪ,noun,ಸಂ ,1,"ಅದರ—ರೂಪ, ಆಕಾರ"
ತನಿ,noun,ದೇ ,1,"ಚೆನ್ನಾಗಿ ಬೆಳೆದುದು, ಸವಿಯಾದುದು"
ತನಿಖೆ,noun,<ಪಾರ. ತನಖ್ವಾಹ್ ,1,"ವಿಚಾರಣೆ, ತಪಾಸಣೆ"
ತನು,noun,ಸಂ ,1,"ದೇಹ, ಶರೀರ, ಮೈ"
ತನು(ನೂ)ಜ,noun,ಸಂ ,1,"ಮಗ, ಸುತ"
ತನ್ವಿ,noun,ಸಂ ,1,"ತನ್ವಂಗಿ, ಕೋಮಲವಾದ ಶರೀರವುಳ್ಳವಳು"
ತಪ,noun,ಸಂ ,1,ತಪಸ್ಸು
ತಪನ,noun,ಸಂ ,1,"ಸೂರ್ಯ, ರವಿ"
ತಪಸ್ವಿನಿ,noun,<ಸಂ. ತಪಸ್ವಿನೀ ,1,ತಪಸನ್ನಾ ಚರಿಸುವವಳು
ತಪಸ್ಸು,noun,ಸಂ ,1,"ಕಾವು, ಶಾಖ"
ತಬ್ಬಲಿ,noun,ದೇ ,1,"ತಂದೆ ಯಾ ತಾಯಿಯನ್ನು ಇಲ್ಲವೆ ಇಬ್ಬರನ್ನೂ ಕಳೆದುಕೊಂಡಿರುವ ಮಗು, ಅನಾಥ ಶಿಶು"
ತಬ್ಬು,noun,ದೇ ,1,ಒಂದಕ್ಕೊಂದು ಒತ್ತಾಗಿ ಕೂಡಿಕೊಂಡಿರುವುದು
ತಮ,noun,ಸಂ ,1,"ಕತ್ತಲೆ, ಅಂಧಕಾರ"
ತಮಾಲ(ಳ),noun,ಸಂ ,1,ಹೊಂಗೆಯ ಮರ
ತಮಿ,noun,ಸಂ ,1,"ತಾಮಸ ಸ್ವಭಾವದವನು, ಅಜ್ಞಾನಿ"
ತಮೋಹರ,noun,ಸಂ ,1,"ಕತ್ತಲೆಯನ್ನು ಕಳೆಯುವುದು, ಅಂಧಕಾರದ ನಿವಾರಣೆ"
ತಮ್ಮಡಿ,noun,ದೇ ,1,"ಗುರು, ಆಚಾರ್ಯ"
ತಯಾರಿಕೆ,noun,<ಪಾರ ,1,"ಸಿದ್ಧಪಡಿಸುವಿಕೆ, ಸಜ್ಜುಗೊಳಿಸುವಿಕೆ"
ತರ,noun,ದೇ ,1,"ಸಾಲು, ಓಳಿ, ಕ್ರಮ"
ತರಂಗ,noun,ಸಂ ,1,"ನೀರು, ವಿದ್ಯುತ್ತು, ಶಬ್ದ ಮೊ.ವುಗಳ ಅಲೆ, ತೆರೆ, ಲಹರಿ"
ತರಕಸ,noun,<ಪಾರ. ತರಕಶ್ ,1,"ಬತ್ತಳಿಕೆ, ತೂಣೀರ"
ತರಕ್ಷು,noun,<ಸಂ. ತರಕ್ಷ ,1,"ಹುಲಿಯ ಜಾತಿಗೆ ಸೇರಿದ ಒಂದು ಬಗೆಯ ಪ್ರಾಣಿ, ಕಿರುಬ"
ತರಗು,noun,<ದೇ. ಸರಕು ,1,"ಒಣಗಿದುದು, ಒಣ ಗಿದ ವಸ್ತು, ಪದಾರ್ಥ"
ತರಣ,noun,ಸಂ ,1,"ತ್ರಾಣ, ಶಕ್ತಿ, ಸಾಮರ್ಥ್ಯ"
ತರಣಿ,noun,ಸಂ ,1,"ದೋಣಿ, ಹರಿಗೋಲು"
ತರದೂದು,noun,<ಅರ. ತರದೂದ್ ,1,"ಸಜ್ಜು, ಸಿದ್ಧತೆ, ಏರ್ಪಾಡು"
ತರಲ(ಳ),noun,ಸಂ ,1,"ಚಂಚಲತೆ, ಅಸ್ಥಿರತೆ"
ತರಲೆ,noun,ದೇ ,1,"ಹಿಂಸೆ, ಪೀಡೆ, ಜಂಜಾಟ"
ತರಳೆ,noun,ಸಂ ,1,"ಹುಡುಗಿ, ಬಾಲೆ"
ತರಹರ,noun,ದೇ ,1,"ತಂಗುವಿಕೆ, ನಿಲ್ಲುವಿಕೆ"
ತರುಣ,noun,ಸಂ ,1,"ಹರೆಯದವನು, ಯುವಕ"
ತರುವರಿ,noun,ದೇ ,1,"ಬಾಲಕ, ಹುಡುಗ"
ತರುವಲಿ,noun,ದೇ ,1,ತರುವರಿ
ತರುವಾಯ,noun,ಎಂದು ಅರ್ಥ ,1,ಸೊಗಸು
ತರ್ಕ,noun,ಸಂ ,1,"ಊಹೆ, ಅನುಮಾನ"
ತರ್ಜನ,noun,ಸಂ ,1,"ಹೆದರಿಸುವುದು, ಬೆದರಿಸುವುದು"
ತರ್ಪಣ,noun,ಸಂ ,1,"ತೃಪ್ತಿಪಡಿಸುವಿಕೆ, ಸಂತೋಷಗೊಳಿಸುವಿಕೆ"
ತರ್ಷ,noun,ಸಂ ,1,"ಬಾಯಾರಿಕೆ, ನೀರಡಿಕೆ, ದಾಹ"
ತಲ,noun,ಸಂ ,1,"ಸಮತಟ್ಟಾದ—ನೆಲ, ಪ್ರದೇಶ"
ತಲಹು,noun,ದೇ ,1,"ತಲೆಮಾರು, ವಂಶ, ಪೀಳಿಗೆ"
ತಲಾತಲ,noun,ಸಂ ,1,ಏಳು ಅಧೋಲೋಕಗಳಲ್ಲಿ ಒಂದು
ತಲೆ,noun,ದೇ ,1,"ಮಂಡೆ, ಶಿರಸ್ಸು, ಮಸ್ತಕ"
ತಲೆಬರಹ,noun,ದೇ ,1,"ಶಿರೋನಾಮೆ, ಶೀರ್ಷಿಕೆ"
ತಲೆಮಾರು,noun,ದೇ ,1,"ತಲಾಂತರ, ಪೀಳಿಗೆ"
ತಲ್ಪ,noun,ಸಂ ,1,"ಹಾಸಿಗೆ, ಶಯ್ಯೆ, ಸುಪ್ಪತ್ತಿಗೆ"
ತಲ್ಲಣ,noun,ದೇ ,1,"ಅಂಜಿಕೆ, ಭಯ, ಭೀತಿ"
ತಳ,noun,<ಸಂ. ತಲ ,1,ಸಮತಟ್ಟಾದ ಪ್ರದೇಶ
ತಳಕು,noun,ದೇ ,1,"ಹೊಳಪು, ಕಾಂತಿ"
ತಳತಂತ್ರ,noun,<ಸಂ. ತಲತಂತ್ರ ,1,"ಕಾಲಾಳುಗಳ - ಪಡೆ, ಸೈನ್ಯ; ಪದಾತಿ ಬಲ"
ತಳಪ(ಪು),noun,ದೇ ,1,"ಹೊಳಪು, ಕಾಂತಿ, ಪ್ರಕಾಶ"
ತಳಪಾಯ,noun,ದೇ ,1,"ಅಡಿಪಾಯ, ಬುನಾದಿ"
ತಳಪು,noun,ದೇ ,1,"ಹೊಳಪು, ಕಾಂತಿ"
ತಳಮಳ,noun,ದೇ ,1,"ದಿಗಿಲು, ಕಕ್ಕಾಬಿಕ್ಕಿ"
ತಳಮೇಲು,noun,ದೇ ,1,"ತಲೆಕೆಳಗು, ಅಡಿಮೇಲು"
ತಳಲು(ಲ್),noun,ದೇ ,1,"ಬಲಿತಕಾಯಿ, ಒಣಗಿದ ಕಾಯಿ"
ತಳವಾರ,noun,<ಪ್ರಾ. ತಲವರ ,1,ತಳವರ
ತಳವೆಳಗು,noun,ದೇ ,1,"ಭಯ, ದಿಗಿಲು"
ತಳಿ,noun,ದೇ ,1,"ಸಿಂಪಡಿಸುವುದು, ಚಳೆಯ"
ತಳಿರ್(ರು),noun,ದೇ ,1,ಚಿಗುರು
ತಳುಕು,noun,ದೇ ,1,"ಹೆಣಿಕೆ, ಜೋಡಣೆ"
ತಳೆ,noun,ದೇ ,1,ಪ್ರಾಣಿಗಳಿಗೆ ಕಟ್ಟುವ ಹಗ್ಗ
ತಳ್ಪ,noun,<ಸಂ. ತಲ್ಪ ,1,ಹಾಸಿಗೆ
ತಳ್ಳಂಕ,noun,ದೇ ,1,"ಚಿಂತೆ, ಕಾತರ"
ತಳ್ಳಿ,noun,ದೇ ,1,"ಸಂಬಂಧ, ಒಡನಾಟ"
ತಳ್ವು,noun,ದೇ ,1,"ತಡ, ನಿಧಾನ"
ತವಂಗ,noun,<ಸಂ. ತಮಂಗ ,1,"ಕಟ್ಟೆ, ಜಗಲಿ, ವೇದಿಕೆ"
ತವಕ,noun,ಸಂ ,1,"ಅತಿಯಾದ ಬಯಕೆ, ಆತುರ"
ತವಲಾಯಿ,noun,ದೇ? ,1,"ಕರ್ಪೂರದ ಹಳಕು, ಬಿಲ್ಲೆ"
ತವೆ,noun,<ಹಿಂ. ತವಾ ,1,"ರೊಟ್ಟಿ ಮೊ.ವನ್ನು ಬೇಯಿಸಲು ಉಪ ಯೋಗಿಸುವ ಕಬ್ಬಿಣದ ಒಂದು ಬಗೆಯ ಸಾಧನ, ಕಾವಲಿ, ಹಂಚು"
ತಹಸೀಲು,noun,ಅರ ,1,ಕಂದಾಯದ ವಸೂಲಿ
ತಾಂಗು,noun,ದೇ ,1,"ಮುಟ್ಟುವಿಕೆ, ಸ್ಪರ್ಶ"
ತಾಂಡವ,noun,ಸಂ ,1,ಶಿವನ ಮತ್ತು ಅವನ ಗಣ ಗಳ ಉಗ್ರವಾದ ಒಂದು ಬಗೆಯ ನೃತ್ಯ
ತಾಂಡೆ,noun,<ಮರಾ. ತಾಂಡಾ ,1,"ಹಟ್ಟಿ, ಸಣ್ಣ ಹಳ್ಳಿ"
ತಾಂತ್ರಿಕ,noun,ಸಂ ,1,"ತಂತ್ರಶಾಸ್ತ್ರವನ್ನು ಬಲ್ಲವನು, ತಂತ್ರಶಾಸ್ತ್ರಜ್ಞ"
ತಾಂಬೂಲ,noun,ಸಂ ,1,ಅಡಕೆ
ತಾಕು,noun,<ದೇ. ತಾಂಕು ,1,"ಜಮೀನಿನ - ಭಾಗ, ತುಂಡು"
ತಾಗು,noun,<ದೇ. ತಾಂಕು ,1,"ಹೊಡೆತ, ಪೆಟ್ಟು"
ತಾಟಕಿ,noun,ಸಂ ,1,ರಾಮನಿಂದ ಹತಳಾದ ಒಬ್ಬ ರಾಕ್ಷಸಿ
ತಾಟಸ್ಥ್ಯ,noun,ಸಂ ,1,ಹರಿಯುವ ನೀರಿಗೆ ಬೀಳದೆ ದಡದ ಮೇಲೆ ನಿಂತಿರುವುದು
ತಾಟಿ,noun,ದೇ ,1,ಚರ್ಮ
ತಾಟು,noun,ದೇ ,1,"ತಟ್ಟೆ, ಗಂಗಾಳ"
ತಾತ್ಪರ್ಯ,noun,ಸಂ ,1,"ಆಶಯ, ಅಭಿಪ್ರಾಯ"
ತಾದಾತ್ಮ್ಯ,noun,ಸಂ ,1,"ಅದೇ ಆಗಿರುವಿಕೆ, ಅಭಿನ್ನತೆ"
ತಾನ,noun,"ತಾಣ ನೆಲೆ, ತಾಣ; ಸಂ ",1,"ದಾರ, ತಂತು"
ತಾಪ,noun,ಸಂ ,1,"ಬಿಸಿ, ಸೆಕೆ, ಉಷ್ಣತೆ"
ತಾಪತ್ರಯ,noun,ಸಂ ,1,"ಆಧಿದೈವಿಕ, ಆಧಿ ಭೌತಿಕ, ಆಧ್ಯಾತ್ಮಿಕ ಎಂಬ ಮೂರು ಬಗೆಯ ಕಷ್ಟಗಳು"
ತಾಪು,noun,ದೇ ,1,"ತಲೆಹಿಡುಕಿಯ ಮನೆ, ಕುಂಟಣಿಯ ಮನೆ"
ತಾಪೆ,noun,<ಅರ. ತಾಇಫಾ ,1,ನರ್ತಕಿಯರ ಯಾ ಸಂಗೀತಗಾರರ ಕೂಟ
ತಾಮಸ,noun,ಸಂ ,1,"ಕತ್ತಲೆ, ಅಂಧಕಾರ"
ತಾಮಸಿ,noun,ಸಂ ,1,ತಾಮಸ ಗುಣವುಳ್ಳವನು
ತಾಮ್ರ,noun,ಸಂ ,1,ಕೆಂಪುಬಣ್ಣದ ಲೋಹ
ತಾಮ್ರತುಂಡ,noun,ಸಂ ,1,ಕೆಂಪುಬಣ್ಣದ ಕೊಕ್ಕು
ತಾಯ(ಯಿ)ತ,noun,<ಪಾರ. ತಾವೀಜ್ ,1,"ಕೈ ಗಾಗಲಿ, ಕೊರಳಿಗಾಗಲಿ ಕಟ್ಟಿಕೊಳ್ಳುವ ರಕ್ಷಾಮಂತ್ರವನ್ನು ಒಳಗೊಂಡ ತಾಮ್ರ ಯಾ ಬೆಳ್ಳಿಯ ತೆಳುವಾದ ತಗಡಿನ ಸುರಳಿ"
ತಾಯಿಬೇರು,noun,<ಪಾರ. ತಾವೀಜ್ ,1,"ಮುಖ್ಯವಾದ ಬೇರು, ಮಧ್ಯದ ಬೇರು"
ತಾರ,noun,ಸಂ ,1,"ಒಣಗಿದುದು, ಶುಷ್ಕವಾದುದು"
ತಾರಕ,noun,ಸಂ ,1,"ಸಂರಕ್ಷಕ, ಕಾಪಾಡುವವನು"
ತಾರಮ್ಮಯ್ಯ,noun,<ದೇ. ತಾರೆತಾ + ಅಮ್ಮಯ್ಯ ,1,ಮಕ್ಕಳನ್ನು ಆಡಿಸುವ ಒಂದು ರೀತಿ ಇದೊಂದು ವಾಕ್ಯ
ತಾರಸ್ವರ,noun,<ದೇ. ತಾರೆತಾ + ಅಮ್ಮಯ್ಯ ,1,ಜೋರುಧ್ವನಿ
ತಾರಾಗಣ,noun,ಸಂ ,1,"ನಕ್ಷತ್ರಗಳ ಗುಂಪು, ಸಮೂಹ"
ತಾರಾಮಂಡಲ,noun,ಸಂ ,1,ನಕ್ಷತ್ರಗಳ ಸಮೂಹ
ತಾರಾವಳಿ,noun,ಸಂ ,1,"ನಕ್ಷತ್ರಗಳ ಸಾಲು, ಗುಂಪು"
ತಾರಿ,noun,ಸಂ ,1,ತಾರೆ ಮರ
ತಾರೆ,noun,ಸಂ ,1,ನಕ್ಷತ್ರ
ತಾರ್ಕಣೆ,noun,ದೇ ,1,ವೈಯಕ್ತಿಕವಾದ ಪರಿಶೀಲನೆ
ತಾರ್ಕಿಕ,noun,ಸಂ ,1,"ತರ್ಕಶಾಸ್ತ್ರವನ್ನು ತಿಳಿದವನು, ತರ್ಕಶಾಸ್ತ್ರಜ್ಞ"
ತಾರ್ಕ್ಷ್ಯ,noun,ಸಂ ,1,"ಗರುಡ, ವೈನತೇಯ"
ತಾಲ,noun,ಸಂ ,1,ತಾಳೆಮರ
ತಾಲವ್ಯ,noun,ಸಂ ,1,ಅಂಗುಳಿನ ಒಳಭಾಗ
ತಾಲೀಮು,noun,<ಅರ. ತಅಲೀಮ್ ,1,"ತರಬೇತಿ, ಅಭ್ಯಾಸ"
ತಾಳ,noun,<ಸಂ. ತಾಲ ,1,"ಹೆಬ್ಬೆರಳು ಮತ್ತು ನಡುಬೆರಳಿನ ಮಧ್ಯದ ಅಳತೆ, ಗೇಣು"
ತಾಳಿಕೆ,noun,ದೇ ,1,"ಸಹನೆ, ತಾಳ್ಮೆ"
ತಾಳು,noun,ದೇ ,1,"ದೇಟು, ಕಾಂಡ"
ತಾಳೆ,noun,<ಸಂ. ತಾಲ ,1,"ಬೀಸಣಿಗೆಯಾಕಾರದ ಗರಿಗಳುಳ್ಳ ಒಂದು ಬಗೆಯ ಮರ, ತಾಳೆಯ ಮರ"
ತಾವು,noun,ದೇ ,1,"ಎಡೆ, ಸ್ಥಳ"
ತಾವುಜ,noun,<ಅರ. ತಾಅವೀಜ್ ,1,"ತಾಯಿತಿ, ಯಂತ್ರ"
ತಾಸು,noun,<ಅರ. ತಾಸ್ ,1,"ಒಂದು ಗಂಟೆಯ - ಕಾಲ, ಅವಧಿ"
ತಿ,noun,ಸಂ ,1,"ಒಂದು ದಿನದ ಕಾಲಮಾನ, ಒಂದು ದಿವಸ"
ತಿಂಗಳ್(ಳು),noun,ದೇ ,1,ಚಂದ್ರ
ತಿಂತಿಣಿ,noun,<ದೇ. ತಿಣಿ + ತಿಣಿ ,1,"ಗುಂಪು, ಸಮೂಹ"
ತಿಕಡಿ,noun,<ಸಂ. ತ್ರಿಕಾಷ್ಠ ,1,"ತ್ರಿಕೋಣಾಕೃತಿ, ತ್ರಿಭುಜ"
ತಿಕ್ಕಾಟ,noun,ದೇ ,1,"ಉಜ್ಜುವಿಕೆ, ಮರ್ದನ"
ತಿಕ್ತ,noun,ಸಂ ,1,"ಕಹಿ, ಒಗರು"
ತಿಗ,noun,<ಸಂ. ತ್ರಿಕ ,1,"ತಿಕ, ಗುದ, ಆಸನ"
ತಿಗಡು,noun,<ದೇ. ತೀಡು ,1,"ತೊಗಟೆ, ಚಕ್ಕೆ, ಸಿಪ್ಪೆ"
ತಿಗ್ಮ,noun,ಸಂ ,1,ಉಷ್ಣತೆ
ತಿಟ್ಟ,noun,ದೇ ,1,"ದಿಬ್ಬ, ದಿಣ್ಣೆ"
ತಿಟ್ಟು,noun,ದೇ ,1,"ಬಯ್ಗುಳು, ನಿಂದೆ"
ತಿಣ್ಣ,noun,ದೇ ,1,"ಹೊರೆ, ಭಾರ"
ತಿಣ್ಣು,noun,ದೇ ,1,"ಭಾರ, ಹೊರೆ"
ತಿತ್ತಿ,noun,<ದೇ. ತಿದಿ ,1,"ಚರ್ಮ, ತೊಗಲು"
ತಿನಿಸು,noun,ದೇ ,1,"ತಿನ್ನುವ ಪದಾರ್ಥ, ತಿಂಡಿ"
ತಿಪ್ಪರಲಾಗ,noun,<ತಿರಿಪು + ಲಾಗ ,1,"ಅಂತರ ಲಾಗ, ದೊಂಬರಲಾಗ"
ತಿಪ್ಪೆ,noun,ದೇ ,1,"ಕಸದಗುಡ್ಡೆ, ರಾಶಿ"
ತಿಬ್ಬ,noun,<ಸಂ. ತೀವ್ರ ,1,"ಅತಿಶಯವಾದುದು, ಶ್ರೇಷ್ಠವಾದುದು"
ತಿಮಿ,noun,ಸಂ ,1,"ಮೀನು, ಮತ್ಸ್ಯ"
ತಿಮಿರ,noun,ಸಂ ,1,"ಕತ್ತಲೆ, ಅಂಧಕಾರ"
ತಿರ,noun,<ಸಂ. ಸ್ಥಿರ ,1,"ಸ್ಥಿರತೆ, ಸ್ಥೈರ್ಯ"
ತಿರುಗಣೆ,noun,ದೇ ,1,"ತಿರುಗುವಿಕೆ, ಸುತ್ತಾಟ"
ತಿರುಚು,noun,ದೇ ,1,"ನುಲಿದುಕೊಂಡಿರುವಿಕೆ, ಹೊಸೆದುಕೊಂಡಿರುವಿಕೆ"
ತಿರುಪು,noun,ದೇ ,1,"ಸುತ್ತುವುದು, ತಿರುಗಾಟ"
ತಿರುಪೆ,noun,ದೇ ,1,"ಭಿಕ್ಷೆ, ಯಾಚನೆ"
ತಿರುಬೋಕಿ,noun,ದೇ ,1,"ತಿರುಕನ ಓಡು, ಭಿಕ್ಷಾ ಪಾತ್ರೆ"
ತಿರುಳ್(ಳು),noun,ದೇ ,1,"ಹಣ್ಣು, ಕಾಯಿ ಮುಂ.ವುಗಳ ಒಳಭಾಗ"
ತಿರುವು,noun,ದೇ ,1,"ರಸ್ತೆ ಮುಂ.ವುಗಳ ತಿರುಗು, ಬಾಗು"
ತಿರುವುಮುರುವು,noun,ದೇ ,1,"ಹಿಂದುಮುಂದಾಗಿರುವುದು, ತಿರುಚಿಕೊಂಡಿರುವುದು"
ತಿರೋಧಾನ,noun,ಸಂ ,1,"ಅಡಗಿಸಿಡುವುದು, ಮುಚ್ಚಿಡುವುದು"
ತಿರ್ದು,noun,ದೇ ,1,"ಸರಿಪಡಿಸುವಿಕೆ, ನೇರ್ಪುಗೊಳಿಸುವಿಕೆ"
ತಿಲಾಂಜಲಿ,noun,ದೇ ,1,"ಎಳ್ಳು ನೀರು ಬಿಡುವುದು, ಪಿತೃಗಳಿಗೆ ತರ್ಪಣ ಕೊಡುವುದು"
ತಿಳಿ,noun,ದೇ ,1,"ಸ್ವಚ್ಛತೆ, ನೈರ್ಮಲ್ಯ"
ತಿಳಿವಳಿಕೆ,noun,ದೇ ,1,"ಅರಿವು, ಜ್ಞಾನ"
ತಿವಳಿ,noun,<ಸಂ. ತ್ರಿವಲಿ ,1,"ಸ್ತ್ರೀಯ ಹೊಕ್ಕಳಿನ ಮೇಲ್ಭಾಗದಲ್ಲಿ ಅಡ್ಡಲಾಗಿರುವ ಮೂರು ಗೆರೆಗಳು, ಮಡಿಕೆಗಳು, ತ್ರಿವಳಿ"
ತಿವಿ,noun,ದೇ ,1,"ಹೊಡೆತ, ಗುದ್ದು"
ತೀಂಟೆ,noun,ದೇ ,1,"ನವೆ, ತುರಿಕೆ, ಕಡಿತ"
ತೀಕ್ಷ್ಣ,noun,ಸಂ ,1,"ಹರಿತವಾದುದು, ಚುರುಕಾದುದು"
ತೀಟ,noun,ದೇ ,1,"ಮೃದುವಾದ ಸ್ಪರ್ಶ, ಸೋಂಕು"
ತೀಟೆ,noun,ದೇ ,1,ತೀಂಟೆ
ತೀನಿ,noun,ದೇ ,1,"ಆಹಾರ, ತಿನಿಸು"
ತೀರು,noun,ದೇ ,1,"ಅಂತ್ಯ, ಮುಕ್ತಾಯ"
ತೀರ್ಕಣೆ,noun,ದೇ ,1,"ಅಂತ್ಯ, ಕೊನೆ, ಮುಕ್ತಾಯ"
ತೀರ್ಥ,noun,ಸಂ ,1,"ಪವಿತ್ರವಾದ ಜಲ, ನೀರು"
ತೀರ್ಥರೂಪ,noun,ಸಂ ,1,ತಂದೆ
ತೀರ್ವೆ,noun,ದೇ ,1,"ಸಾಲ ಮುಂ.ವನ್ನು ತೀರಿಸುವಿಕೆ, ಸಲ್ಲಿಸುವಿಕೆ"
ತೀವ್ರ,noun,ಸಂ ,1,"ಹರಿತ, ತೀಕ್ಷ್ಣತೆ"
ತೀವ್ರತೆ,noun,<ಸಂ. ತೀವ್ರತಾ ,1,"ತೀಕ್ಷ್ಣತೆ, ಪ್ರಖರತೆ, ಉಗ್ರತೆ"
ತುಂಟ,noun,ದೇ ,1,ಚೇಷ್ಟೆ ಮಾಡುವವನು
ತುಂಡ,noun,ಸಂ ,1,"ಮುಖ, ಆನನ"
ತುಂಡಾಡಿ,noun,ದೇ ,1,"ದಾಂಡಿಗ, ಧಡಿಯ"
ತುಂಡಿ,noun,ಸಂ ,1,"ಕೊಕ್ಕು, ಚಂಚು"
ತುಂಡು,noun,ದೇ ,1,"ಚೂರು, ಭಾಗ, ಖಂಡ"
ತುಂದ,noun,ಸಂ ,1,"ಹೊಟ್ಟೆ, ಉದರ"
ತುಂಬಿ,noun,ದೇ ,1,"ದುಂಬಿ, ಭ್ರಮರ"
ತುಂಬು,noun,ದೇ ,1,"ಪೂರ್ಣವಾಗಿರುವಿಕೆ, ಅತಿಶಯ, ಬಾಹುಳ್ಯ"
ತುಂಬುರ,noun,ದೇ ,1,ಒಂದು ಬಗೆಯ ವೀಣೆ
ತುಂಬೆ,noun,ದೇ ,1,"ತುಂಬಿ, ಭ್ರಮರ"
ತುಕಡಿ,noun,<ಹಿಂ. ತುಕಡಾ ,1,"ತುಂಡು, ಚೂರು"
ತುಚ್ಛ,noun,ಸಂ ,1,"ತೆರವು, ಶೂನ್ಯ"
ತುಟಾರ,noun,ದೇ ,1,"ವಿಚಾರ ಮಾಡದಿರುವಿಕೆ, ದುಡುಕು"
ತುಟ್ಟಿ,noun,ದೇ ,1,"ಧಾರಣೆ ಹೆಚ್ಚಾಗಿರುವಿಕೆ, ದುಬಾರಿ"
ತುಡಿಕೆ,noun,ದೇ ,1,ತೋಟದ ಒಂದು ಭಾಗ
ತುಡಿತ,noun,ದೇ ,1,"ಮಿಡಿತ, ಸ್ಪಂದನ"
ತುಡುಕು,noun,ದೇ ,1,ಬೇಗನೆ ಹಿಡಿಯುವುದು
ತುಡುಗೆ,noun,ದೇ ,1,"ಆಭರಣ, ಒಡವೆ"
ತುಡುಪು,noun,ದೇ ,1,"ದೋಣಿಯನ್ನು ನಡೆಸುವ ಕೋಲು, ಹುಟ್ಟು"
ತುತ್ತತುದಿ,noun,ತುದಿ + ತುದಿ ,1,"ಕೊಟ್ಟಕೊನೆ, ಕಟ್ಟಕಡೆ"
ತುತ್ತು,noun,ದೇ ,1,"ಒಂದು ಸಲಕ್ಕೆ ನುಂಗುವಷ್ಟು ಆಹಾರ, ಕಬಳ"
ತುದಿ,noun,ದೇ ,1,"ಅಗ್ರ, ಮೇಲ್ಭಾಗ"
ತುಪ್ಪ,noun,ದೇ ,1,"ಬೆಣ್ಣೆಯನ್ನು ಕಾಯಿಸಿ ತೆಗೆದ ಸಾರ, ಆಜ್ಯ"
ತುಪ್ಪಟ,noun,ದೇ ,1,ತುಪಟ
ತುಬ್ಬು,noun,ದೇ ,1,ಅಪರಾಧದ ಪತ್ತೆ
ತುಮುರು,noun,ದೇ ,1,"ತುಂಡು, ಚೂರು"
ತುಮುಲ,noun,ಸಂ ,1,"ಗೊಂದಲ, ಗಲಿಬಿಲಿ"
ತುರಂಗ,noun,ಸಂ ,1,ಕುದುರೆ
ತುರಗ,noun,ಸಂ ,1,ವೇಗವಾಗಿ ಚಲಿಸುವುದು
ತುರಾ,noun,ದೇ ,1,"ಪೇಟ, ಟೋಪಿ, ಕಿರೀಟ ಇತ್ಯಾದಿಗಳಿಗೆ ಸಿಕ್ಕಿಸುವ ಹೂವಿನ ಯಾ ಮುತ್ತಿನ ಅಲಂಕಾರದ ಕುಚ್ಚು"
ತುರಾಯಿ,noun,ದೇ ,1,ತುರಾ
ತುರಿ,noun,ದೇ ,1,"ಹೆರೆದು ತೆಗೆದ ಕುಸುರಿ, ಹೆರಕಲು"
ತುರಿಕೆ,noun,ದೇ ,1,"ನವೆ, ಕೆರೆತ"
ತುರೀಯ,noun,ಸಂ ,1,ನಾಲ್ಕನೆಯದು
ತುರೀಯಾವಸ್ಥೆ,noun,= ,1,ನಾಲ್ಕನೆಯ ಅವಸ್ಥೆ
ತುರುಕ,noun,<ಸಂ. ತುರುಷ್ಕ ,1,"ಒಂದು ದೇಶ, ತುರ್ಕಿಸ್ಥಾನ"
ತುರುಪು,noun,<ಇಂ. troop ,1,"ಗುಂಪು, ಸಮೂಹ"
ತುರುವು,noun,ದೇ ,1,"ತೆಂಗಿನಕಾಯಿ ಮೊ.ವುಗಳನ್ನು ಹೆರೆಯು ವುದರಿಂದ ಉಂಟಾಗುವ ಸಣ್ಣ ಚೂರು, ಹೆರಕಲು"
ತುರುಸು,noun,ದೇ ,1,"ರಭಸ, ವೇಗ"
ತುಲೆ,noun,<ಸಂ. ತುಲಾ ,1,"ತಕ್ಕಡಿ, ತ್ರಾಸು"
ತುಳಿಲ್(ಲು),noun,ದೇ ,1,"ನಮಸ್ಕಾರ, ಮಣಿ ಯುವುದು"
ತುಳುವ,noun,<ದೇ. ತುಳು ,1,ಪಶ್ಚಿಮ ಕರಾ ವಳಿಯ ಪ್ರದೇಶ ಮತ್ತು ಆ ಪ್ರದೇಶದ ವ್ಯಕ್ತಿ
ತುವರ,noun,ಸಂ ,1,"ಒಗರು, ಒಗಚು"
ತುಷ,noun,ಸಂ ,1,"ಹೊಟ್ಟು, ಉಮ್ಮಿ"
ತುಷಾಗ್ನಿ,noun,ಸಂ ,1,ಬತ್ತದ ಹೊಟ್ಟಿನ ರಾಶಿಗೆ ಹತ್ತಿಸಿರುವ ಬೆಂಕಿ
ತುಷಾರ,noun,ಸಂ ,1,"ಹಿಮ, ಮಂಜು"
ತುಷ್ಟಿ,noun,ಸಂ ,1,"ತೃಪ್ತಿ, ಆನಂದ, ತಣಿವು"
ತುಹಿನ,noun,ಸಂ ,1,"ಹಿಮ, ಮಂಜು"
ತೂ(ಂ)ಬು,noun,ದೇ ,1,"ಕಂಡಿ, ರಂಧ್ರ"
ತೂಂತು,noun,ದೇ ,1,"ರಂಧ್ರ, ಬಿಲ"
ತೂಕ,noun,ದೇ ,1,ತೂಗುವುದು
ತೂಣ,noun,ಸಂ ,1,ಬತ್ತಳಿಕೆ
ತೂತು,noun,ದೇ ,1,"ಕಂಡಿ, ರಂಧ್ರ"
ತೂಬರ,noun,ಸಂ ,1,"ಒಂದು ಜಾತಿಯ ಮರ, ತೂಬರೆ ಮರ"
ತೂಬು,noun,ದೇ ,1,"ಕೆರೆ, ಕಟ್ಟೆ ಮೊ. ಜಲಾಶಯಗಳಲ್ಲಿ ನೀರು ಬಿಡಲು ಮಾಡಿರುವ - ಕಂಡಿ, ದ್ವಾರ, ನೀರು ಗಂಡಿ"
ತೂಲ(ಳ),noun,ಸಂ ,1,"ಹತ್ತಿ, ಅರಳೆ,"
ತೂಲಿಕೆ,noun,<ಸಂ. ತೂಲಿಕಾ ,1,ಚಿತ್ರಗಾರನ ಕುಂಚ
ತೂಳ,noun,ದೇ ,1,"ಆವೇಶ, ಉನ್ಮಾದ"
ತೂಳಿಕೆ,noun,<ಸಂ. ತೂಲಿಕಾ ,1,ಚಿತ್ರಗಾರನ ಕುಂಚ
ತೂವರ,noun,<ಸಂ. ತೂಬರ ,1,"ನಪುಂಸಕ, ಷಂಡ"
ತೂಷ್ಣಿ,noun,ಸಂ ,1,"ಮಾತನಾಡದಿರುವಿಕೆ, ಮೌನ"
ತೃಣ,noun,ಸಂ ,1,ಹುಲ್ಲು
ತೃಣಪುರುಷ,noun,ಸಂ ,1,"ಬೆದರುಬೊಂಬೆ, ಬೆರ್ಚು"
ತೃಷೆ,noun,<ಸಂ. ತೃಷಾ ,1,"ನೀರಡಿಕೆ, ಬಾಯಾರಿಕೆ"
ತೆಂಡೆ,noun,ದೇ ,1,"ಹುಲ್ಲು, ಸೊಪ್ಪು ಮುಂ. ವುಗಳ ಕಟ್ಟು, ಕಂತೆ"
ತೆಕ್ಕೆ,noun,ದೇ ,1,"ಅಪ್ಪುಗೆ, ಆಲಿಂಗನ"
ತೆಗಲೆ,noun,ದೇ ,1,"ಎದೆ, ವಕ್ಷಸ್ಥಳ"
ತೆಗಹು,noun,ದೇ ,1,"ಹಿಂದಕ್ಕೆ - ತೆಗೆಯುವಿಕೆ, ಎಳೆಯುವಿಕೆ"
ತೆಗೆಬಗೆ,noun,ದೇ ,1,"ತೊಂದರೆ, ಕಷ್ಟ"
ತೆತ್ತಿಗ,noun,ದೇ ,1,"ಬಂಧು, ನಂಟ"
ತೆನೆ,noun,ದೇ ,1,"ಧಾನ್ಯದ ಹೊಡೆ, ಕದಿರು"
ತೆರ,noun,ದೇ ,1,"ಸುಂಕ, ತೆರಿಗೆ"
ತೆರಣಿ,noun,ದೇ ,1,"ಒಂದು ಬಗೆಯ ಹುಳು, ರೇಷ್ಮೆ ಹುಳು"
ತೆರಪು,noun,ದೇ ,1,"ಸಮಯ, ಸಂದರ್ಭ"
ತೆರಳೆ,noun,<ತೆರಣಿ ,1,"ಒಂದು ಬಗೆಯ ಹುಳು, ರೇಷ್ಮೆ ಹುಳು"
ತೆರಳ್ಕೆ,noun,ದೇ ,1,"ಚಲಿಸುವಿಕೆ, ತೆರಳುವಿಕೆ"
ತೆರವು,noun,ದೇ ,1,"ಎಡೆ, ಜಾಗ"
ತೆರಹು,noun,ದೇ ,1,"ಎಡೆ, ಜಾಗ"
ತೆರೆ,noun,"ದೇ ತೆರೆಯುವಿಕೆ, ಬಿಚ್ಚುವಿಕೆ ",1,"ಕರ, ತೆರಿಗೆ"
ತೆಲು.,noun,ಸೇವಿಯ / ಗ್ರೀಕ್. seo ,1,"ಅಕ್ಕಿ, ರವೆ ಮೊ.ವುಗಳಿಂದ ಮಾಡುವ ಪಾಯಸಕ್ಕೆ ಉಪ ಯೋಗಿಸುವ ಎಳೆಎಳೆಯಾಗಿರುವ ಒಂದು ಪದಾರ್ಥ"
ತೆಳುವು,noun,ದೇ ,1,"ಪರಿಶುದ್ಧತೆ, ಶುಭ್ರತೆ"
ತೆಳ್ಪು,noun,ದೇ ,1,"ತೆಳುವಾಗಿರುವಿಕೆ, ಸಣ್ಣಗಿರುವಿಕೆ"
ತೆಳ್ಳೆ,noun,ದೇ ,1,ಕೆಸರು ನೀರಾಗಿರುವಂತೆ ಮಾಡುವುದು
ತೆವರು,noun,ದೇ ,1,"ದಿಣ್ಣೆ, ದಿಬ್ಬ"
ತೆವಲು,noun,ದೇ ,1,"ಚಟ, ಗೀಳು"
ತೇಗು,noun,ದೇ ,1,"ತೇಗುವಿಕೆ, ಢರಕೆ"
ತೇಜ,noun,<ಸಂ. ತೇಜಸ್ ,1,"ಹೊಳಪು, ಕಾಂತಿ"
ತೇಜಃಪುಂಜ,noun,<ಸಂ. ತೇಜಸ್ ,1,"ಕಾಂತಿಯ ಸಮೂಹ, ತೇಜೋರಾಶಿ"
ತೇಜಸ್ವಿ,noun,<ಸಂ. ತೇಜಸ್ವಿನ್ ,1,ಕಾಂತಿಯುಳ್ಳವನು
ತೇಜಸ್ಸು,noun,<ಸಂ. ತೇಜಸ್ ,1,"ಹೊಳಪು, ಕಾಂತಿ"
ತೇಜಿ,noun,ಸಂ ,1,"ಕುದುರೆ, ಅಶ್ವ"
ತೇಪೆ,noun,ದೇ ,1,ಹರಿದುದನ್ನು ಸೇರಿಸುವುದಕ್ಕಾಗಿ ಸೇರಿಸಿ ಹೊಲಿದ ತುಂಡು
ತೇಮಾನ,noun,ದೇ ,1,ಲೋಹಗಳು ತಿಕ್ಕುವಿಕೆಗೆ ಒಳಪಟ್ಟು ಸವೆಯುವಿಕೆ
ತೇರಯ್ಕೆ,noun,ದೇ ,1,"ತವಕ, ತುಡಿತ"
ತೇರು,noun,ದೇ ,1,"ರಥ, ಬಂಡಿ, ಸ್ಯಂದನ"
ತೇಲುಗಣ್ಣು,noun,ಮೇಲುಗಣ್ಣು ,1,"ಆಯಾಸಗೊಂಡ ಸ್ಥಿತಿ, ಬಳಲಿರುವಿಕೆ"
ತೇಲ್,noun,ದೇ ,1,ನೀರಿನ ಮೇಲೆ ಚಲಿಸುವಿಕೆ
ತೈಜಸ,noun,ಸಂ ,1,"ಕಾಂತಿ, ಹೊಳಪು, ಪ್ರಕಾಶ"
ತೈನಾತಿ,noun,<ಅರ. ತಇನಾತ್ ,1,"ಊಳಿಗ, ಸೇವೆ, ಚಾಕರಿ"
ತೈಲ,noun,ಸಂ ,1,"ಎಳ್ಳಿನಿಂದ ತೆಗೆದ ಎಣ್ಣೆ, ಎಳ್ಳೆಣ್ಣೆ"
ತೊಂಗಲು,noun,ದೇ ,1,"ತೂಗಾಡುವ ಗೊಂಚಲು, ಗೊಂಡೆ"
ತೊಂಗು,noun,ದೇ ,1,"ಜೋಲುಬಿದ್ದಿರುವುದು, ನೇತಾಡುವುದು"
ತೊಂಗೆ,noun,ದೇ ,1,"ಗುಚ್ಛ, ಗೊಂಚಲು"
ತೊಂಡ,noun,ದೇ ,1,"ಸೇವಕ, ಗುಲಾಮ"
ತೊಂಡಲು,noun,ದೇ ,1,ತಲೆಯಲ್ಲಿ ಧರಿಸುವ ಒಂದು ಬಗೆಯ ಮುತ್ತಿನ ಆಭರಣ
ತೊಂಡು,noun,ದೇ ,1,"ಉದ್ಧಟತನ, ದುಷ್ಟತನ"
ತೊಂಡೆ,noun,ದೇ ,1,ತರಕಾರಿಯಾಗಿ ಬಳಸುವ ಒಂದು ಬಗೆಯ ಕಾಯಿ ಮತ್ತು ಅದರ ಬಳ್ಳಿ
ತೊಂದರೆ,noun,ದೇ ,1,"ಕಷ್ಟ, ಪೇಚಾಟ"
ತೊಂಬಲ,noun,ದೇ ,1,ತಾಂಬೂಲ
ತೊಂಬಾರ,noun,ದೇ ,1,"ಧಾನ್ಯದ ರಾಶಿ, ಗುಂಪು"
ತೊಂಬೆ,noun,ದೇ ,1,"ಗೊಂಚಲು, ಗುಚ್ಛ"
ತೊಕ್ಕು,noun,<ಸಂ. ತ್ವಕ್ ,1,ಹುಣಿಸೆ ಮೊ. ಹುಳಿಯಾದ ಕಾಯಿಗಳಿಂದ ಮಾಡುವ ಚಟ್ನಿಯಂಥ ಒಂದು ಬಗೆಯ ವ್ಯಂಜನ ಪದಾರ್ಥ
ತೊಟಕು,noun,ದೇ ,1,"ಹನಿ, ತೊಟ್ಟು, ಬಿಂದು"
ತೊಟ್ಟಿ,noun,ದೇ ,1,"ಮನೆಯ ಮದ್ಯದಲ್ಲಿರುವ ಚಾವಣಿಯಿಲ್ಲದ, ಚಚ್ಜೌಕವಾದ ಸ್ಥಳ, ಅಂಗಳ"
ತೊಟ್ಟಿಲ್,noun,ದೇ ,1,"ಮಗುವನ್ನು ಮಲಗಿಸಿ ತೂಗಲು ಮರ, ಬೆತ್ತ ಯಾ ಲೋಹದಿಂದ ಮಾಡಿದ ಒಂದು ಸಾಧನ"
ತೊಟ್ಟು,noun,ದೇ ,1,"ಹನಿ, ಬಿಂದು"
ತೊಟ್ಟೆ,noun,ದೇ ,1,"ತೆಂಗಿನ ಗರಿಗಳಿಂದ ಮಾಡಿದ - ಕುಕ್ಕೆ, ಬುಟ್ಟಿ"
ತೊಡ(ರ್)ರು,noun,ದೇ ,1,"ಹೊಂದಿಕೆ, ಸಂಬಂಧ"
ತೊಡಂಬೆ,noun,ದೇ ,1,"ಹಣ್ಣು, ಹೂವು, ಕಾಯಿ ಮೊ.ವುಗಳ ತೊಟ್ಟು, ತುಂಬು"
ತೊಡಕು,noun,ದೇ ,1,"ಸಿಕ್ಕು, ಗೋಜು, ಗೊಂದಲ"
ತೊಡಪು,noun,ದೇ ,1,"ತೊಡಿಗೆ, ಆಭರಣ"
ತೊಡಬೆ,noun,ದೇ ,1,"ತೊಟ್ಟು, ತುಂಬು, ಕಾವು"
ತೊಡರ್ಪು,noun,ದೇ ,1,"ಕಟ್ಟು, ಬಂಧನ"
ತೊಡವು,noun,ದೇ ,1,"ಆಭರಣ, ತೊಡಿಗೆ"
ತೊಡಹ,noun,ದೇ ,1,"ಬಳಿಯುವಿಕೆ, ಲೇಪನ"
ತೊಡಹು,noun,ದೇ ,1,"ಆಭರಣ, ತೊಡಿಗೆ"
ತೊಡಿ(ಡು)ಗೆ,noun,ದೇ ,1,"ತೊಟ್ಟುಕೊಳ್ಳುವ ವಸ್ತ್ರ, ಉಡುಪು"
ತೊಡೆಮಡ,noun,ದೇ ,1,ಆನೆ ಯಾ ಕುದುರೆಯನ್ನು ಏರುವ ಒಂದು ಬಗೆಯ ವಿದ್ಯೆ
ತೊಣೆ,noun,ದೇ ,1,"ಸಮಾನ, ಎಣೆ, ಸಾಟಿ"
ತೊತ್ತಳ,noun,ದೇ ,1,"ನುಗ್ಗುನುರಿ, ಜರ್ಝರಿತವಾದದ್ದು"
ತೊತ್ತು,noun,ದೇ ,1,"ದಾಸಿ, ಸೇವಕಿ"
ತೊದಲು,noun,ದೇ ,1,ತಡವರಿಸುತ್ತ ಮಾತನಾಡುವಿಕೆ
ತೊಪ್ಪೆ,noun,ದೇ ,1,ಬೊಜ್ಜು
ತೊರೆಯ,noun,ದೇ ,1,"ಮೀನು ಹಿಡಿಯುವವನು, ಬೆಸ್ತ"
ತೊಲೆ,noun,ದೇ ,1,ಛಾವಣಿಗೆ ಆಧಾರವಾಗಿ ಗೋಡೆಗಳ ಮೇಲೆ ಅಡ್ಡಲಾಗಿ ಹಾಕುವ ಮರದ ದೂಲ
ತೊಳಸು,noun,ದೇ ,1,"ಹೊಟ್ಟೆಯಲ್ಲಿ ಕಲಕಿದಂತಾಗುವಿಕೆ, ಓಕರಿಕೆ ಬರುವಂತಾಗುವಿಕೆ"
ತೊಳೆ,noun,ದೇ ,1,"ಕಿತ್ತಳೆ, ಹಲಸು ಮುಂ. ಹಣ್ಣುಗಳ, ಹತ್ತಿ ಮೊ.ವುಗಳ ಒಳಗಿನ ಒಂದೊಂದು ಭಾಗ; ಸೊಳೆ"
ತೊಳ್ತು,noun,ದೇ ,1,"ದಾಸಿ, ಸೇವಕಿ"
ತೊವ(ಲ್)ಲು,noun,ದೇ ,1,"ಎಳೆದಳಿರು, ಚಿಗುರು"
ತೋ(ಂ)ಟಿ,noun,ದೇ ,1,"ಯುದ್ಧ, ಕದನ"
ತೋಕೆ,noun,ದೇ ,1,"ತಾಳೆ, ತೆಂಗು, ಅಡಕೆ ಮುಂ. ಮರಗಳ - ಎಲೆ, ಗರಿ"
ತೋಟಿ,noun,ದೇ ,1,"ಕಲಹ, ಜಗಳ, ಕಾದಾಟ"
ತೋಟೆ,noun,ದೇ ,1,"ಹಣ್ಣು, ಕಾಯಿ, ಧಾನ್ಯ ಮುಂ.ವುಗಳ - ಸಿಪ್ಪೆ, ಮೇಲುಹೊದಿಕೆ, ತೊಗಟೆ"
ತೋಡ,noun,ದೇ ,1,ಬೆಳೆಯನ್ನು ನಾಶಮಾಡುವ ಬಿಳಿಯ ಇಲಿ
ತೋಡು,noun,ದೇ ,1,"ಅಗೆದಿರುವ ಸ್ಥಳ, ಹಳ್ಳ, ಕಾಲುವೆ ಮುಂ.ವು"
ತೋಪಡ,noun,ದೇ ,1,"ಮರ ಯಾ ಲೋಹವನ್ನು ಸಮಗೊಳಿಸಲು ಬಳಸುವ ಸಾಧನ, ಉಜ್ಜು ಗೊರಡು, ಹತ್ತರಿ"
ತೋಪು,noun,ದೇ ,1,"ಮರಗಳ - ಗುಂಪು, ಸಮೂಹ"
ತೋಮರ,noun,ಸಂ ,1,ಈಟಿಯಂತಹ ಒಂದು ಬಗೆಯ ಆಯುಧ
ತೋರ,noun,ದೇ ,1,"ದಪ್ಪವಾದುದು, ಸ್ಥೂಲವಾದುದು"
ತೋರಣ,noun,ಸಂ ,1,"ಹೆಬ್ಬಾಗಿಲು, ಹೊರಬಾಗಿಲು"
ತೋರಿಕೆ,noun,ದೇ ,1,"ಕಾಣಿಸುವಿಕೆ, ಹೊರನೋಟ"
ತೋರ್ಕೆ,noun,ದೇ ,1,"ಕಾಣಿಸುವಿಕೆ, ತೋರುವಿಕೆ"
ತೋಲ,noun,ಸಂ ,1,"ತೂಕ, ಭಾರ"
ತೋಲನ,noun,ಸಂ ,1,"ತೂಕ ಮಾಡುವುದು, ತೂಗುವುದು"
ತೋಲ್(ಲು),noun,"<ದೇ. ತೊನಲ್, ತೊಗಲ್ ",1,"ಚರ್ಮ, ತೊಗಲು"
ತೋಳು,noun,ದೇ ,1,"ಬಾಹು, ರಟ್ಟೆ"
ತೋಷ,noun,ಸಂ ,1,ತೃಪ್ತಿ
ತೋಹು,noun,ದೇ ,1,"ಮರಗಳ ಗುಂಪು, ಸಮೂಹ, ತೋಪು"
ತೌಡು,noun,ದೇ ,1,"ಬತ್ತ ಮುಂ. ಧಾನ್ಯಗಳ ಹೊಟ್ಟು, ತವುಡು"
ತೌರು,noun,ದೇ ,1,"ನೆಲೆ, ವಾಸಸ್ಥಾನ, ಆಶ್ರಯಸ್ಥಾನ"
ತ್ಯಾಗ,noun,ಸಂ ,1,"ಬಿಡುವುದು, ತೊರೆಯುವುದು"
ತ್ಯಾಗಿ,noun,<ಸಂ. ತ್ಯಾಗಿನ್ ,1,"ಎಲ್ಲವನ್ನೂ ಬಿಡುವವನು, ವಿರಾಗಿ"
ತ್ರಸ,noun,ಸಂ ,1,"ಚಲಿಸುವ ಜೀವ, ಜಂಗಮ ಪ್ರಾಣಿ"
ತ್ರಸನ,noun,ಸಂ ,1,"ಭಯ, ಹೆದರಿಕೆ"
ತ್ರಾಣ,noun,ಸಂ ,1,"ಕಾಪು, ರಕ್ಷಣೆ"
ತ್ರಾಸ,noun,ಸಂ ,1,"ಭಯ, ಹೆದರಿಕೆ"
ತ್ರಿಕಾಲ,noun,ಸಂ ,1,"ಬೆಳಿಗ್ಗೆ, ಮಧ್ಯಾಹ್ನ ಮತ್ತು ಸಾಯಂಕಾಲಗಳೆಂಬ ಮೂರು ಕಾಲಗಳು"
ತ್ರಿಗುಣ,noun,ಸಂ ,1,"ಸತ್ತ್ವ, ರಜಸ್ಸು ಮತ್ತು ತಮಸ್ಸುಗಳೆಂಬ ಮೂರು ಮೂಲಗುಣಗಳು"
ತ್ರಿದಶ,noun,ಸಂ ,1,"ಮೂರು ಹತ್ತು, ಮೂವತ್ತು"
ತ್ರಿದೋಷ,noun,ಸಂ ,1,"ಕಾಯಿಕ, ವಾಚಿಕ ಮತ್ತು ಮಾನಸಿಕವಾದ ಪಾಪ"
ತ್ರಿಪದಿ,noun,ಸಂ ,1,"ಮೂರು ಕಾಲುಗಳುಳ್ಳ ಮಣೆ, ಅಡ್ಡಣಿಗೆ, ತಿವಟಿಗೆ"
ತ್ರಿಪುಟಿ,noun,ಸಂ ,1,ಮೂರರ ಕೂಟ
ತ್ರಿವಲಿ,noun,ಸಂ ,1,ಸ್ತ್ರೀಯ ನಾಭಿಯ ಮೇಲೆ ಅಡ್ಡಲಾಗಿರುವ ಮೂರು ಮಡಿಕೆಗಳು
ತ್ರಿಶಂಕು,noun,ಸಂ ,1,"ಸೂರ್ಯವಂಶದ ಒಬ್ಬ ರಾಜ, ಹರಿಶ್ಚಂದ್ರನ ತಂದೆ"
ತ್ರಿಶೂಲ,noun,ಸಂ ,1,ಮೂರು ಮೊನೆಗಳುಳ್ಳ ಶಿವನ ಆಯುಧ
ತ್ರಿಸಂಧ್ಯೆ,noun,<ಸಂ. ತ್ರಿಸಂಧ್ಯಾ ,1,"ದಿನದ ಮೂರು ಸಂಧಿಕಾಲಗಳು, ಬೆಳಗು, ಮಧ್ಯಾಹ್ನ ಮತ್ತು ಸಂಜೆ"
ತ್ರುಟಿ,noun,ಸಂ ,1,"ಸೂಕ್ಷವಾದುದು, ಅಣು"
ತ್ರೈಮಾಸಿಕ,noun,ಸಂ ,1,ಸತ್ತವರಿಗಾಗಿ ಮೂರ ನೆಯ ತಿಂಗಳಿನಲ್ಲಿ ಮಾಡುವ ತಿ
ತ್ವಕ್ಕು,noun,<ಸಂ. ತ್ವಕ್ ,1,"ಚರ್ಮ, ತೊಗಲು"
ತ್ವಕ್ಸಾರ,noun,ಸಂ ,1,"ಬಿದಿರು, ಬೊಂಬು"
ತ್ವಷ್ಟ,noun,ಸಂ ,1,ಬಡಗಿ
ಥಟ್ಟು,noun,ದೇ ,1,"ಪಕ್ಕ, ಕಡೆ"
ಥಳಕು,noun,ದೇ ,1,"ಹೊಳಪು, ಕಾಂತಿ"
ದಂಗು,noun,ಸಂ ,1,"ಬೆರಗು, ಆಶ್ಚರ್ಯ"
ದಂಟು,noun,ದೇ ,1,"ಕಾಂಡ, ದೇಟು, ನಾಳ"
ದಂಡ,noun,ಸಂ ,1,"ಕೋಲು, ದಡಿ"
ದಂಡಕ,noun,ಸಂ ,1,ನೆಟ್ಟನೆಯ ಕೋಲು
ದಂಡನೆ,noun,ಸಂ ,1,"ಹೊಡೆತ, ಶಿಕ್ಷೆ"
ದಂಡಯಾತ್ರೆ,noun,ಸಂ ,1,ಸಾಲಾಗಿ ಹೊರಡುವ ಜನರ ಗುಂಪಿನ ಪ್ರಯಾಣ
ದಂಡಿ,noun,<ದೇ. ತೆಲುದಂಡಿ ,1,"ಘನತೆ, ಹಿರಿಮೆ"
ದಂಡಿಗೆ,noun,<ಸಂ. ದಂಡಿಕಾ ,1,"ಕೋಲು, ದಂಡ"
ದಂಡೆ,noun,ದೇ ,1,"ಹೂವಿನ - ಸರ, ಮಾಲಿಕೆ"
ದಂತ,noun,ಸಂ ,1,"ಹಲ್ಲು, ರದನ"
ದಂತಿ,noun,<ಸಂ. ದಂತಿನ್ ,1,"ಆನೆ, ಗಜ"
ದಂದುಗ,noun,ದೇ ,1,"ತೊಡಕು, ಸಿಕ್ಕು"
ದಂಧೆ,noun,<ಹಿಂ. ದಂಧಾ ,1,"ಕೆಲಸ, ಕಾರ್ಯ"
ದಂಪತಿ,noun,ಸಂ ,1,ಗಂಡಹೆಂಡಿರು
ದಂಬ,noun,<ಸಂ. ದಂಭ ,1,"ಮೋಸ, ವಂಚನೆ"
ದಂಭ,noun,ಸಂ ,1,"ಮೋಸ, ವಂಚನೆ"
ದಂಶ,noun,ಸಂ ,1,"ಕಚ್ಚುವುದು, ಕಡಿತ"
ದಂಶಕ,noun,ಸಂ ,1,ಉಪ್ಪಿನಕಾಯಿ
ದಂಶನ,noun,ಸಂ ,1,ಹಲ್ಲಿನಿಂದ ಕಚ್ಚುವುದು
ದಂಷ್ಟ್ರಿ,noun,<ಸಂ. ದಂಷ್ಟ್ರಿನ್ ,1,"ಕಾಡುಹಂದಿ, ಆನೆ ಮುಂ. ಕೋರೆ ಹಲ್ಲುಗಳಿರುವ ಪ್ರಾಣಿ"
ದಕ್ಕು,noun,ದೇ ,1,"ಸ್ವಾಧೀನ, ವಶ"
ದಕ್ಕೆ,noun,<ಸಂ. ಢಕ್ಕಾ ,1,"ಒಂದು ಬಗೆಯ ಚರ್ಮ ವಾದ್ಯ, ಡಕ್ಕೆ"
ದಕ್ಷ,noun,ಸಂ ,1,"ಚತುರ, ಜಾಣ, ಸಮರ್ಥ"
ದಕ್ಷತೆ,noun,ಸಂ ,1,ಸಾಮರ್ಥ್ಯ
ದಕ್ಷಿಣಾಯನ,noun,ಸಂ ,1,ಸೂರ್ಯನು ಸಮ ಭಾಜಕ ವೃತ್ತದಿಂದ ತೆಂಕಲಿಗೆ ಸರಿದು ತನ್ನ ಭ್ರಮಣದಲ್ಲಿ ಮಾರ್ಗವನ್ನು ಬದಲಿಸಿಕೊಳ್ಳುವ ಕಾಲ
ದಗಲೆ,noun,<ಹಿಂ. ದಗಲಾ ,1,"ಕವಚ, ತನುತ್ರಾಣ"
ದಗಲ್ಬಾಜಿ,noun,ಮರಾ ,1,"ಮೋಸ, ವಂಚನೆ"
ದಗುಂತಿ,noun,ದೇ ,1,"ಹೆಚ್ಚಳ, ಆಧಿಕ್ಯ, ಅತಿಶಯ"
ದಗ್ಧ,noun,ಸಂ ,1,"ದಹಿಸಿದುದು, ಸುಟ್ಟುದು"
ದಗ್ಧಹಸ್ತ,noun,ಸಂ ,1,"ದುರದೃಷ್ಟಕರವಾದ ಕೈ, ಬರಿಗೈ"
ದಚ್ಚೆ(ಚ್ಚಿ),noun,ದೇ ,1,"ಹುಣಿಸೇಬೀಜದ ಬೇಳೆ, ಹುಣಿಸೆ ಪಕ್ಕ"
ದಟ್ಟ,noun,ದೇ ,1,"ಒತ್ತಾದುದು, ಸಾಂದ್ರವಾದುದು"
ದಟ್ಟೆ,noun,ದೇ ,1,"ಸೊಂಟಕ್ಕೆ ಸುತ್ತಿಕೊಳ್ಳುವ ವಸ್ತ್ರ, ಲುಂಗಿ"
ದಡಿ,noun,ದೇ ,1,"ಬಿದಿರಿನ ಕೋಲು, ಬಡಿಗೆ"
ದಡಿಯ,noun,ದೇ ,1,"ಬಲಶಾಲಿ, ಶಕ್ತ"
ದಡೂತಿ,noun,<ಮರಾ. ಧಡೋತಿ ,1,"ಗಟ್ಟಿಮುಟ್ಟಾಗಿರುವುದು, ದಷ್ಟಪುಷ್ಟ, ದೃಢ ಕಾಯ"
ದಡೆ,noun,<ಮರಾ. ಧಡೆ ,1,"ಒಂದು ತೂಕ, ಮಣದ ಕಾಲು ಭಾಗ"
ದಣಾ(ಣ್ಣಾ)ಯಕ,noun,<ಸಂ. ದಂಡನಾಯಕ ,1,"ಸೇನಾಪತಿ, ದಂಡನಾಯಕ"
ದಣಿ(ಂ)ಬ,noun,ದೇ ,1,"ಶುಭ್ರವಾದ ಬಟ್ಟೆ, ಮಡಿಯಾದ ವಸ್ತ್ರ"
ದಣಿವು,noun,ದೇ ,1,"ತೃಪ್ತಿ, ತಣಿವು"
ದತ್ತ,noun,ಸಂ ,1,"ಸ್ವೀಕೃತ ಪುತ್ರ, ದತ್ತುಪುತ್ರ"
ದತ್ತಿ,noun,ಸಂ ,1,"ದಾನವಾಗಿ ಕೊಟ್ಟ ಭೂಮಿ, ಹಣ ಇತ್ಯಾದಿ; ಕೊಡುಗೆ"
ದದ್ದು,noun,ದೇ ,1,"ಒಂದು ಬಗೆಯ ಚರ್ಮರೋಗ, ಹುಳುಕಡ್ಡಿ"
ದನ,noun,<ಸಂ. ಧನ ,1,"ಹಸು, ಎಮ್ಮೆ ಮೊ. ಪ್ರಾಣಿ, ಪಶು, ಜಾನುವಾರು"
ದನಿ,noun,<ಸಂ. ಧ್ವನಿ ,1,"ಸದ್ದು, ಸಪ್ಪಳ, ಶಬ್ದ"
ದಪ್ಪ,noun,ದೇ ,1,"ತೋರ, ಗಾತ್ರ"
ದಫರ(ರು),noun,ಅರ ,1,"ಸರ್ಕಾರದ ಕಚೇರಿಯ ಕಾಗದ - ಪತ್ರ, ದಾಖಲೆ, ಲೆಕ್ಕಪತ್ರ"
ದಮ,noun,ಸಂ ,1,"ಅಂಕೆಯಲ್ಲಿಡುವುದು, ಹತೋಟಿಯಲ್ಲಿಡುವುದು"
ದಮನ,noun,ಸಂ ,1,"ಅಂಕೆಯಲ್ಲಿಡುವುದು, ಹತ್ತಿಕ್ಕುವುದು, ನಿಗ್ರಹ"
ದಮ್ಮ,noun,<ಸಂ. ಧರ್ಮ ,1,"ದಾನ, ಧರ್ಮ ಕಾರ್ಯ"
ದಮ್ಮ(ಮ)ಡಿ,noun,ದೇ ,1,ಚಿಕ್ಕ ತಮಟೆಯಂತಹ ಒಂದು ವಾದ್ಯ
ದಮ್ಮಣಿ,noun,<ಸಂ. ಧರ್ಮಪಾನೀಯ ,1,"ಧರ್ಮಾರ್ಥವಾಗಿ ದಾರಿಹೋಕರಿಗೆ ಒದಗಿಸುವ ನೀರು, ಪಾನಕ ಮುಂ. ಪಾನೀಯ"
ದಮ್ಮಸು,noun,<ಪಾರ. ದಮಸ್ ,1,ನೆಲವನ್ನು ಘಟ್ಟಿಸಿ ಸಮ ಮಾಡುವುದು
ದಮ್ಮು,noun,<ಪಾರ. ದಮಾ ,1,ಉಸಿರು
ದಯಿತ,noun,ಸಂ ,1,"ಕಾದಲ, ಪ್ರಿಯ"
ದರ,noun,<ಮರಾ. ದರ್ ,1,"ಕುಳಿ, ಹಳ್ಳ"
ದರ(ಬೇ)ವೇಸಿ,noun,<ಪಾರ. ದರವೇಶ್ ,1,"ಮುಸಲ್ಮಾನ ಸಾಧು, ಫಕೀರ"
ದರಕಾರ,noun,ಪಾರ ,1,"ಗಮನ, ಲಕ್ಷ್ಯ"
ದರಖಾಸ್ತು,noun,<ಪಾರ. ದರಖಾಸ್ತ್ ,1,"ಬೇಡಿ ಕೆಯ ಪತ್ರ, ಅರ್ಜಿ, ಮನವಿ"
ದರಿ,noun,ದೇ ,1,"ಆಳವಾದ - ಕಂದರ, ಕೊಳ್ಳ"
ದರಿದ್ರ,noun,ಸಂ ,1,"ಬಡವ, ಧನಹೀನ"
ದರೆ,noun,<ಸಂ. ಧರಾ ,1,"ಧರೆ, ಭೂಮಿ, ನೆಲ"
ದರೋಗಾ),noun,<ಸಂ. ಧರಾ ,1,"ಸರಕಾರದ ಒಬ್ಬ ಅಧಿಕಾರಿ, ಮೇಲ್ವಿಚಾರಕ"
ದರ್ಕು,noun,ದೇ ,1,"ಚೂಪಾದ ಮರದ - ಕೋಲು, ದಸಿ"
ದರ್ಜೆ,noun,<ಅರ. ದರ್ಜಾ ,1,"ವರ್ಗ, ಮಟ್ಟ, ಶ್ರೇಣಿ"
ದರ್ದುರ,noun,ಸಂ ,1,"ಕಪ್ಪೆ, ಮಂಡೂಕ"
ದರ್ಪ,noun,ಸಂ ,1,"ಹೆಮ್ಮೆ, ಗರ್ವ"
ದರ್ಬಾರು,noun,<ಪಾರ. ದರ್ಬಾರ್ ,1,"ರಾಜನ ಆಸ್ಥಾನ, ಒಡ್ಡೋಲಗ"
ದರ್ವಿ,noun,ಸಂ ,1,"ಸೌಟು, ಸಟ್ಟುಗ"
ದರ್ಶ,noun,ಸಂ ,1,"ನೋಟ, ಕಾಣ್ಕೆ"
ದರ್ಶಕ,noun,ಸಂ ,1,"ನೋಡುವವನು, ಪ್ರೇಕ್ಷಕ"
ದರ್ಶನ,noun,ಸಂ ,1,"ನೋಡುವುದು, ಅವ ಲೋಕನ"
ದಲ(ಳ),noun,ಸಂ ,1,"ಎಸಳು, ರೇಕು"
ದಲ(ಳ)ನ,noun,ಸಂ ,1,"ಒಡೆಯುವಿಕೆ, ಸೀಳುವಿಕೆ"
ದಲ(ಳ)ಪತಿ,noun,ಸಂ ,1,"ಸೇನಾಪತಿ, ದಂಡನಾಯಕ"
ದಲಾಲಿ,noun,<ಅರ. ಪಾರ. ದಲ್ಲಾಳ್ ,1,"ವ್ಯಾಪಾರದಲ್ಲಿ ಕೊಡುಕೊಳ್ಳುವವರ ನಡುವೆ ವ್ಯವಹಾರ ನಡೆಸಿ ಅದಕ್ಕಾಗಿ ಮಧ್ಯವರ್ತಿಯು ಪಡೆಯುವ - ಶುಲ್ಕ, ವಟ್ಟ"
ದಲಿ(ಳಿ)ತ,noun,ಸಂ ,1,"ಹಿಂದುಳಿದುದು, ಮುಂದು ವರಿಯದುದು"
ದಳ,noun,<ಸಂ. ದಲ ,1,"ದಟ್ಟವಾದುದು, ಸಾಂದ್ರವಾದುದು"
ದಳದುಳ,noun,ದೇ ,1,"ಬಲವಾದ - ಕೊಳ್ಳೆ, ಸೂರೆ"
ದಳಪತಿ,noun,ದೇ ,1,"ಸೈನ್ಯಾಧಿಪತಿ, ದಂಡನಾಯಕ"
ದಳವಾಯಿ,noun,ದೇ ,1,ದಳವಾಯ್
ದಳಿ,noun,<ತಳಿ ,1,"ಸಿಂಪಡಿಸುವುದು, ಸೇಚನ"
ದಳಿಂಬ,noun,ದೇ ,1,"ಶುಭ್ರವಾದ ಬಟ್ಟೆ, ಮಡಿ, ದುಕೂಲ"
ದಳಿಗೆ,noun,ದೇ ,1,ಹೊಲಿಗೆ
ದಳೆ,noun,ದೇ ,1,"ಪ್ರಾಣಿಗಳ ಕಾಲುಗಳಿಗೆ ಕಟ್ಟುವ ಹಗ್ಗ, ಸಂಕೋಲೆ"
ದಳ್ಳುರಿ,noun,ದೇ ,1,"ದೊಡ್ಡಉರಿ, ಭುಗಿಲಿಡುವ ಕಿಚ್ಚು"
ದವ,noun,ಸಂ ,1,"ಕಾಡು, ಅರಣ್ಯ"
ದವಲತ್ತು,noun,<ಅರ. ದೌಲತ್ ,1,"ಐಶ್ವರ್ಯ, ಸಂಪತ್ತು"
ದಶಕ,noun,ಸಂ ,1,"ಹತ್ತು ಪಟ್ಟು, ಹತ್ತು ಮಡಿ"
ದಶನ,noun,ಸಂ ,1,"ಹಲ್ಲು, ದಂತ"
ದಶಾವತಾರ,noun,ಸಂ ,1,"ವಿಷ್ಣುವಿನ ಮತ್ಸ್ಯ, ಕೂರ್ಮ, ವರಾಹ, ನರಸಿಂಹ, ವಾಮನ, ಪರಶು ರಾಮ, ರಾಮ, ಕೃಷ್ಣ, ಬುದ್ಧ ಮತ್ತು ಕಲ್ಕಿಗಳೆಂಬ ಹತ್ತು ಅವತಾರಗಳು"
ದಶೆ,noun,<ಸಂ. ದಶಾ ,1,"ಸ್ಥಿತಿ, ಅವಸ್ಥೆ"
ದಷ್ಟ,noun,ಸಂ ,1,ಹಾವು ಮೊ.ವುಗಳು ಕಡಿದವನು
ದಸ(ಸ್ತ)ಕತ್ತು,noun,<ಪಾರ. ದಸಖತ್ ,1,"ಸಹಿ, ರುಜು, ಅಂಕಿತ"
ದಸಿ,noun,ದೇ ,1,"ಮರ, ಲೋಹ ಮೊ.ವುಗಳ ಚೂಪಾದ ಗೂಟ, ಬೆಣೆ, ಶೂಲ"
ದಸೆ,noun,<ಸಂ. ದಶಾ ,1,"ಅವಸ್ಥೆ, ಗತಿ, ಸ್ಥಿತಿ"
ದಸ್ತಾವೇಜು,noun,<ಪಾರ. ದಸ್ತಾವೇಜ್ ,1,"ಪ್ರಮಾಣಭೂತವಾದ ಕಾಗದ ಪತ್ರ, ದಾಖಲೆ ಪತ್ರ"
ದಸ್ತು,noun,<ಪಾರ. ದಸ್ತಾ ,1,ಇಸ್ಪೀಟು ಆಟದಲ್ಲಿ ಆಟಗಾರರಿಗೆ ಹಂಚಿದ ನಾಲ್ಕು ಎಲೆಗಳು
ದಸ್ತೂರ,noun,<ಪಾರ. ದಸ್ತೂರೀ ,1,"ಬರವಣಿಗೆ, ಕೈ ಬರಹ"
ದಸ್ಯು,noun,ಸಂ ,1,ರಾಕ್ಷಸರ ಒಂದು ವರ್ಗ
ದಹನ,noun,ಸಂ ,1,"ಸುಡುವಿಕೆ, ಉರಿಸುವಿಕೆ"
ದಾಂಡಿಗ,noun,ದೇ ,1,"ಕಟ್ಟುಮಸ್ತಾದ ಆಳು, ಸ್ಥೂಲಕಾಯದ ಆಳು, ಗಟ್ಟಿಗ"
ದಾಂಡು,noun,ದೇ ,1,"ಚಿಣ್ಣಿಕೋಲಾಟದಲ್ಲಿ ಚಿಣ್ಣಿಯನ್ನು ಹೊಡೆಯಲು ಬಳಸುವ ಕೋಲು, ಚಿಣ್ಣಿ ಕೋಲು"
ದಾಕ್ಷಿಣ್ಯ,noun,ಸಂ ,1,"ಸಂಕೋಚ, ಭಿಡೆ"
ದಾಖಲಾತಿ,noun,<ಅರ. ದಾಖಲಾ ,1,"ಕಾಗದ ಪತ್ರ, ದಫ್ತರು"
ದಾಖಲೆ,noun,<ಅರ. ದಾಖಲಾ ,1,"ಲೆಕ್ಕಕ್ಕೆ ಸೇರಿದುದು, ಸಂದಾಯವಾದುದು"
ದಾಟು,noun,ದೇ ,1,"ಹಾಯುವಿಕೆ, ಹಾದುಹೋಗುವಿಕೆ"
ದಾಡೆ,noun,<ಸಂ. ದಂಷ್ಟ್ರಾ ,1,"ದವಡೆ, ಒಸಡು"
ದಾದಿ,noun,<ಸಂ. ಧಾತ್ರೀ ,1,ಸಾಕು ತಾಯಿ
ದಾನ,noun,ಸಂ ,1,ಚತುರೋಪಾಯಗಳಲ್ಲಿ ಒಂದು
ದಾನಿ,noun,ಸಂ ದಾನ ಮಾಡುವವನು; <ಪಾರ. ದಾನ್ ,1,ಕರಂಡಕ
ದಾಮ,noun,<ಸಂ. ದಾಮನ್ ,1,"ಹಗ್ಗ, ಹುರಿ"
ದಾಯ,noun,ದೇ ,1,"ಪಗಡೆಯಾಟದಲ್ಲಿ ಬೀಳುವ ಗರ ಯಾ ಸಂಖ್ಯೆ, ಪಗಡೆಯ ಗರ"
ದಾಯಕ,noun,ಸಂ ,1,ಕೊಡುವಂತಹುದು
ದಾಯಾದ,noun,ಸಂ ,1,"ಆಸ್ತಿಯ ಪಾಲುಗಾರ, ಜ್ಞಾತಿ"
ದಾಯಾದಿ,noun,<ಸಂ. ದಾಯಾದ್ಯ ,1,ಆಸ್ತಿಯ ಪಾಲನ್ನು ಪಡೆಯುವ ಅಣ್ಣ ಯಾ ತಮ್ಮ
ದಾಯಿತ್ವ,noun,ಸಂ ,1,ಕೊಡಬೇಕಾದುದು
ದಾರಕ,noun,ಸಂ ,1,"ಸಣ್ಣ ಹುಡುಗ, ಬಾಲಕ, ಗಂಡು ಮಗು"
ದಾರವಟ್ಟ,noun,<ಸಂ. ದ್ವಾರ + ಪಟ್ಟ ,1,"ಹೆಬ್ಬಾಗಿಲು, ಗೋಪುರ"
ದಾರಿ,noun,ದೇ ,1,"ಹಾದಿ, ಮಾರ್ಗ"
ದಾರಿಕೆ,noun,<ಸಂ. ದಾರಿಕಾ ,1,"ಕನ್ಯೆ, ಹುಡುಗಿ"
ದಾರು,noun,ಸಂ ,1,"ಮರದ ದಿಮ್ಮಿ, ತೊಲೆ"
ದಾರುಣ,noun,ಸಂ ,1,"ಭಯಂಕರವಾದುದು, ಕ್ರೂರವಾದುದು"
ದಾರೆ,noun,<ಸಂ. ಧಾರಾ ,1,ನೀರು ಧಾರೆಯಾಗಿ ಹರಿಯುವಿಕೆ
ದಾರ್),noun,<ಸಂ. ಧಾರಾ ,1,"ನಿಯಮಿತ ಕಾಲಕ್ಕೆ ಹಣಕೊಟ್ಟು ಪತ್ರಿಕೆ ಮುಂ.ವನ್ನು ಪಡೆಯುವವನು, ಚಂದಾದಾರ"
ದಾರ್ಢ್ಯ,noun,ಸಂ ,1,"ಗಟ್ಟಿಯಾಗಿರುವಿಕೆ, ಗಡಸು"
ದಾವ,noun,ಸಂ ,1,"ಕಾಡು, ಅಡವಿ"
ದಾವಣಿ,noun,<ಸಂ. ದಾಮನಿ ,1,ದನಕರುಗಳನ್ನು ಕಟ್ಟುವ ಹಗ್ಗ
ದಾವತಿ,noun,<ಮರಾ. ಧಾವತೀ ,1,"ದಣಿವು, ಬಳಲಿಕೆ, ಆಯಾಸ"
ದಾಷ್ಟಿಕ,noun,<ಸಂ. ದಾರ್ಷ್ಟಿಕ ,1,"ಎದೆಗಾರಿಕೆ, ಧೈರ್ಯ"
ದಾಸ,noun,ಸಂ ,1,"ಆಳು, ತೊತ್ತು"
ದಾಸಯ್ಯ,noun,ಸಂ ,1,"ವಿಷ್ಣುವಿನ ಆರಾಧಕ, ದಾಸ"
ದಾಹ,noun,ಸಂ ,1,"ಉರಿ, ಕಿಚ್ಚು"
ದಿಂಡ,noun,ದೇ ,1,ಒಂದು ಬಗೆಯ ಮರ
ದಿಂಡಿ,noun,<ಮರಾ. ದಿಂಡೀ ,1,"ಭಜನೆಯ - ಮೇಳ, ಮೆರವಣಿಗೆ"
ದಿಂಡು,noun,ದೇ ,1,"ಬಟ್ಟೆ, ಸೌದೆ ಮೊ.ವುಗಳ - ಕಟ್ಟು, ಹೊರೆ"
ದಿಕ್ಕು,noun,<ಸಂ. ದಿಕ್ ,1,"ದಿಸೆ, ದೆಸೆ"
ದಿಗಂಬರ,noun,= ,1,"ಬೆತ್ತಲೆಯಾಗಿರುವುದು, ನಗ್ನತೆ"
ದಿಗ್ಗಜ,noun,ಸಂ ,1,ದಿಕ್ಕರಿ
ದಿಗ್ಧ,noun,ಸಂ ,1,ವಿಷಪೂರಿತ ಬಾಣ
ದಿಗ್ವಾಸ,noun,ಸಂ ,1,"ದಿಕ್ಕನ್ನು ಬಟ್ಟೆಯಾಗಿ ಉಳ್ಳವನು, ದಿಗಂಬರ, ನಗ್ನ"
ದಿಟ್ಟ,noun,<ಸಂ. ಧೃಷ್ಟ ,1,"ಧೈರ್ಯಶಾಲಿ, ಸಾಹಸಿ, ಗಟ್ಟಿಗ"
ದಿಟ್ಟಿ,noun,<ಸಂ. ದೃಷ್ಟಿ ,1,"ಕಣ್ಣು, ನೇತ್ರ"
ದಿಟ್ಟೆ,noun,<ದಿಟ್ಟ + ಎ ,1,ಧೈರ್ಯಶಾಲಿನಿ
ದಿಡ,noun,<ಸಂ. ದೃಢ ,1,"ಸ್ಥಿರತೆ, ದೃಢತೆ"
ದಿಡುಗು,noun,ದೇ ,1,"ಜಲಪಾತ, ಧಬದಭೆ"
ದಿಡ್ಡಿ,noun,ದೇ ,1,"ಹೆಬ್ಬಾಗಿಲಿನಲ್ಲಿ ಯಾ ಅದರ ಪಕ್ಕದಲ್ಲಿ ಅದು ಮುಚ್ಚಿದಾಗ ತೆರೆದಿರುವ ಸಣ್ಣ ಬಾಗಿಲು, ಕಿಂಡಿ"
ದಿನಕರ,noun,ಸಂ ,1,"ಸೂರ್ಯ, ಆದಿತ್ಯ"
ದಿಬ್ಬಣ,noun,<ತುಳು. ದಿಬ್ಬಣ / ನಿಬ್ಬಣ ,1,"ಮದುವೆ, ಉತ್ಸವ ಮುಂ. ಮೆರವಣಿಗೆ"
ದಿಮಾಕು,noun,<ಅರ. ದಿಮಾಗ್ ,1,"ಜಂಬ, ಗರ್ವ"
ದಿಮ್ಮಿದ,noun,ದೇ ,1,ಶ್ರೇಷ್ಠ ವ್ಯಕ್ತಿ
ದಿಮ್ಮು,noun,ದೇ ,1,"ತಲೆ ತಿರುಗುವಿಕೆ, ತಲೆಸುತ್ತು"
ದಿವ(ವಿ),noun,ಸಂ ,1,"ದೇವಲೋಕ, ಸ್ವರ್ಗ"
ದಿವಾಕೀರ್ತಿ,noun,ಸಂ ,1,"ಹಜಾಮ, ಕ್ಷೌರಿಕ"
ದಿವಾಣ,noun,<ಮರಾ. ಹಿಂ. ದಿವಾಣ್ ,1,"ದರ್ಬಾರು, ಸಭಾಸ್ಥಾನ"
ದಿವಾನ,noun,<ಮರಾ. ಹಿಂ ,1,"ಆಡಳಿತಾಧಿಕಾರಿ, ಕಾರಭಾರಿ"
ದಿವಾಳಿ,noun,<ಮರಾ. ದಿವಾಳೂ ,1,"ಎಲ್ಲವನ್ನೂ ಕಳೆದುಕೊಳ್ಳುವಿಕೆ, ನಿರ್ಗತಿಕನಾಗುವಿಕೆ, ಪಾಪರು"
ದಿವ್ಯ,noun,ಸಂ ,1,"ಶ್ರೇಷ್ಠವಾದುದು, ಉತ್ತಮವಾದುದು"
ದಿಶೆ,noun,<ಸಂ. ದಿಶಾ ,1,"ದಿಕ್ಕು, ದೆಸೆ"
ದೀಕ್ಷೆ,noun,<ಸಂ. ದೀಕ್ಷಾ ,1,"ಮದುವೆ, ಉಪ ನಯನ, ವ್ರತ ಮುಂ. ಪವಿತ್ರ ಕಾರ್ಯಕ್ಕಾಗಿ ಆರಂಭದಲ್ಲಿ ನಡೆಸುವ ಸಂಸ್ಕಾರ"
ದೀಧಿತಿ,noun,ಸಂ ,1,"ಹೊಳಪು, ಕಾಂತಿ"
ದೀನ,noun,ಸಂ ,1,"ಬಡವ, ದರಿದ್ರ"
ದೀಪನ,noun,ಸಂ ,1,ಪ್ರಕಾಶಗೊಳಿಸುವಿಕೆ
ದೀಪ್ತಿ,noun,ಸಂ ,1,"ಬೆಳಕು, ಕಾಂತಿ"
ದೀಪ್ರ,noun,ಸಂ ,1,ಕಾಂತಿಯುತವಾದುದು
ದೀರ್ಘ,noun,ಸಂ ,1,"ನೀಳವಾದುದು, ಉದ್ದವಾದುದು"
ದೀರ್ಘದರ್ಶಿ,noun,ಸಂ ,1,ಮುಂದಾಲೋಚನೆಯುಳ್ಳವನು
ದೀರ್ಘಾಯು,noun,ಸಂ ,1,ಹೆಚ್ಚು ಕಾಲ ಬದುಕಿರುವಿಕೆ
ದೀವ,noun,<ಸಂ. ದೀಪಕ ,1,ಬೇಟೆಯಲ್ಲಿ ಪ್ರಾಣಿಗಳನ್ನು ಹಿಡಿಯಲು ಬಳಸುವ ಪ್ರಾಣಿ
ದೀವಳಿಗೆ,noun,<ಸಂ. ದೀಪಾವಲೀ ,1,ದೀಪಗಳ ಸಾಲು
ದೀವಸ,noun,<ಸಂ. ಧೀವಶ ,1,"ಅಲೋಚನೆ, ಅಭಿಪ್ರಾಯ"
ದೀವಿ,noun,<ಸಂ. ದ್ವೀಪ ,1,ದ್ವೀಪ
ದೀಹ,noun,<ದೀವ ,1,"ಬೇಟೆಗೆ ಉಪಯೋಗಿಸಲು ಪಳಗಿಸಿದ ಪ್ರಾಣಿ, ಸೆಳೆ"
ದುಂಡಿ,noun,ದೇ ,1,ಗುಂಡನೆಯ ಕಲ್ಲು
ದುಂಡು,noun,ದೇ ,1,"ಗುಂಡಾಗಿರುವುದು, ವೃತ್ತಾಕಾರವಾಗಿರುವುದು"
ದುಂದು,noun,ದೇ ,1,"ಅಪವ್ಯಯ, ಪೋಲು"
ದುಂದುಭಿ,noun,ಸಂ ,1,"ಒಂದು ಬಗೆಯ ಚರ್ಮ ವಾದ್ಯ, ನಗಾರಿ"
ದುಃಖಾಂತ,noun,ಸಂ ,1,ಸಂಕಟದ ಮುಕ್ತಾಯ
ದುಕೂಲ,noun,ಸಂ ,1,"ರೇಷ್ಮೆ ಬಟ್ಟೆ, ಪಟ್ಟೆ ವಸ್ತ್ರ"
ದುಗ,noun,<ಸಂ. ದ್ವಿಕ ,1,ಎರಡರ ಜೊತೆ ಯುಗ್ಮ
ದುಗುಡ,noun,<ಸಂ. ದುರ್ಘಟ ,1,"ದುಃಖ, ಉಮ್ಮಳ"
ದುಗುಣ,noun,<ಸಂ. ದ್ವಿಗುಣ ,1,"ಎರಡು ಪಟ್ಟು, ಇಮ್ಮಡಿ"
ದುಗ್ಗಾಣಿ,noun,ದೇ ,1,"ಎರಡು ಕಾಣಿ, ಕಡಿಮೆ ಬೆಲೆಯ ಒಂದು ತಾಮ್ರದ ನಾಣ್ಯ"
ದುಗ್ಧ,noun,ಸಂ ,1,ಹಾಲು
ದುಗ್ಧೆ,noun,<ಮರಾ. ದುಗ್ಧಾ ,1,"ಅನುಮಾನ, ಶಂಕೆ"
ದುಡಿಮೆ,noun,ದೇ ,1,"ಕೆಲಸ, ದುಡಿತ"
ದುಡುಕು,noun,ದೇ ,1,ಆಲೋಚನೆ ಮಾಡದೆ ಮುನ್ನುಗ್ಗುವುದು
ದುದ್ದು,noun,ದೇ ,1,"ಕುಂಬಳಕಾಯಿ ಮೊ.ವುಗಳ ಒಳಭಾಗ, ತಿರುಳು"
ದುಪ್ಪಟೆ,noun,ದೇ ,1,ದುಪಟಿ
ದುಬ್ಧಿ,noun,<ಹಿಂ./ಸಂ. ದ್ವಿವಿಧ ,1,"ಸಂಶಯ, ಹೊಯ್ದಾಟ"
ದುಮಾಲಿ,noun,<ಮರಾ. ದುಮಾಲಾ ,1,ಸರ್ಕಾರ ಮತ್ತು ಖಾಸಗಿ ವ್ಯಕ್ತಿ ಈ ಇಬ್ಬರ ಆಳ್ವಿಕೆಗೆ ಒಳ ಪಟ್ಟ ಗ್ರಾಮ ಯಾ ಜಮೀನು
ದುಮ್ಮಳ,noun,<ದೇ. ಉಮ್ಮಳ ,1,"ಕಳವಳ, ದುಗುಡ"
ದುಮ್ಮಾನ,noun,<ಸಂ. ದುರ್ಮನಸ್ ,1,"ಮನಸ್ಸಿನ ಉಮ್ಮಳ, ಚಿತ್ತಕ್ಷೋಭೆ"
ದುಮ್ಮು,noun,ದೇ ,1,ದಪ್ಪನಾಗಿರುವುದು
ದುರಂತ,noun,ಸಂ ,1,ಕೊನೆಯಿಲ್ಲದುದು
ದುರವಸ್ಥೆ,noun,ಸಂ ,1,"ದುಸ್ಥಿತಿ, ಹೀನಸ್ಥಿತಿ"
ದುರಾಗ್ರಹ,noun,ಸಂ ,1,ಹಟಮಾರಿತನ
ದುರಿತ,noun,ಸಂ ,1,"ಪಾಪ, ಪಾತಕ"
ದುರುಳ,noun,ಸಂ ,1,"ಕೆಟ್ಟವನು, ನೀಚ"
ದುರೋದರ,noun,ಸಂ ,1,ಜೂಜು
ದುರ್ಗ,noun,ಸಂ ,1,ಪ್ರವೇಶಿಸಲು ಅಶಕ್ಯವಾದುದು
ದುರ್ಗತಿ,noun,ಸಂ ,1,"ಕೆಟ್ಟ ಸ್ಥಿತಿ, ಹೀನ ಸ್ಥಿತಿ"
ದುರ್ಗಮ,noun,ಸಂ ,1,ಸಂಚರಿಸಲು ಅಶಕ್ಯವಾದುದು
ದುರ್ಘಟನೆ,noun,<ಸಂ. ದುರ್ಘಟನಾ ,1,"ಕೆಟ್ಟ ಪ್ರಸಂಗ, ಕೆಟ್ಟ ಸನ್ನಿವೇಶ"
ದುರ್ದಾನ,noun,ಸಂ ,1,"ಸ್ವೀಕರಿಸಲು ಹಿತವಲ್ಲದ ದಾನ, ಮರಣ ಮುಂ. ಅಶುಭ ಸಮಯಗಳಲ್ಲಿ ತೆಗೆದುಕೊಳ್ಳುವ ದಾನ"
ದುರ್ದಿನ,noun,ಸಂ ,1,"ಕೆಟ್ಟ ದಿನ, ಕಷ್ಟದ ದಿವಸ"
ದುರ್ಭಿಕ್ಷ,noun,ಸಂ ,1,"ಬರ, ಕ್ಷಾಮ"
ದುರ್ಲಭ,noun,ಸಂ ,1,ಕಠಿಣವಾದುದು
ದುರ್ವಾಸನೆ,noun,ಸಂ ,1,"ಕೆಟ್ಟ ವಾಸನೆ, ನಾತ"
ದುವ್ವಾಳಿ,noun,ದೇ ,1,"ತೀವ್ರಗತಿ, ವೇಗವಾದ ನಡೆ, ಓಟ"
ದುಶ್ಚರಿತ,noun,ಸಂ ,1,"ಕೆಟ್ಟ ನಡತೆ, ದುರಾಚಾರ"
ದುಷ್ಟ,noun,ಸಂ ,1,"ನೀಚ, ಕೆಟ್ಟವನು"
ದುಷ್ಪರಿಣಾಮ,noun,ಸಂ ,1,"ಕಷ್ಟ, ತೊಂದರೆ"
ದುಸ್ತಮ,noun,ಸಂ ,1,ಕಗ್ಗತ್ತಲೆ
ದುಸ್ತರ,noun,ಸಂ ,1,ದಾಟಲಾಗದುದು
ದುಹಿತೃ,noun,ಸಂ ,1,ಮಗಳು
ದೂತ,noun,ಸಂ ,1,"ಸುದ್ದಿ ಯಾ ಸಂದೇಶವನ್ನು ಒಯ್ಯುವವನು, ಓಲೆಕಾರ"
ದೂದು,noun,<ಸಂ. ದೂತ ,1,"ಸಮಾಚಾರ, ಸುದ್ದಿ"
ದೂಪ,noun,<ಸಂ. ಧೂಪ ,1,"ಸುಟ್ಟಾಗ ಸುವಾ ಸನೆಯನ್ನು ಬೀರುವ ಹಾಲು ಮಡ್ಡಿ, ಸಾಂಬ್ರಾಣಿ ಮುಂ.ದ ಪರಿಮಳ ಪದಾರ್ಥ"
ದೂರ,noun,ಸಂ ,1,"ಕಾಲ, ಸ್ಥಳ ಮುಂ. ವುಗಳಲ್ಲಿ ಬಹಳ ಅಂತರ, ಹತ್ತಿರವಲ್ಲದುದು"
ದೂರದರ್ಶಿ,noun,ಸಂ ,1,ಮುಂದಾಲೋಚನೆಯುಳ್ಳವನು
ದೂರದೃಷ್ಟಿ,noun,ಸಂ ,1,ಮುಂದಾಲೋಚನೆ
ದೂರು,noun,ದೇ ,1,"ಮೊರೆ, ಅಹವಾಲು"
ದೂರ್ತ,noun,<ಸಂ. ಧೂರ್ತ್ ,1,"ಮೋಸಗಾರ, ಧೂರ್ತ"
ದೂಳಿ,noun,<ಸಂ. ಧೂಲಿ ,1,ಮಣ್ಣಿನಹುಡಿ
ದೂಳು,noun,<ಸಂ. ಧೂಲಿ ,1,ಮಣ್ಣಿನ ಹುಡಿ
ದೂವೆ,noun,<ಸಂ. ಧೂಮ ,1,"ಹೊಗೆ, ಧೂಮ"
ದೂಷಣೆ,noun,ಸಂ ,1,ನಿಂದಿಸುವುದು
ದೂಸ,noun,ಸಂ ,1,"ಕಾಡು ಬತ್ತ, ನೀವಾರ"
ದೃಕ್ಕು,noun,<ಸಂ. ದೃಶ್ ,1,"ಕಣ್ಣು, ನೇತ್ರ"
ದೃಢ,noun,ಸಂ ,1,"ಗಟ್ಟಿಯಾದುದು, ಬಲವಾದುದು"
ದೃಶ್ಯ,noun,ಸಂ ,1,ಕಣ್ಣಿಗೆ ಕಾಣುವಂತಹುದು
ದೃಷ್ಟ,noun,ಸಂ ,1,ನೋಟ
ದೃಷ್ಟಾಂತ,noun,ಸಂ ,1,ಪ್ರತ್ಯಕ್ಷವಾಗಿ ಕಂಡುದು
ದೃಷ್ಟಿ,noun,ಸಂ ,1,"ಕಣ್ಣಿನ - ನೋಟ, ನೋಡುವ ಶಕ್ತಿ"
ದೃಷ್ಟಿಕೋಣ,noun,ಸಂ ,1,"ನೋಡುವ ರೀತಿ, ಬಗೆ, ನೋಟದ ನಿಟ್ಟು"
ದೆಸೆ,noun,<ಸಂ. ದಿಶಾ ,1,ದೆಶೆ
ದೇಂಟು,noun,<ಮರಾ. ದೇಂಟ್ ,1,"ಮರ, ಗಿಡ ಮೊ.ವುಗಳ - ಕಾಂಡ, ದಂಟು"
ದೇಣಿ,noun,<ಮರಾ. ದೇಣೀ ,1,"ಕೊಡಬೇಕಾದ ಹಣ, ಸಾಲ, ಋಣ"
ದೇಣಿಗೆ,noun,<ಮರಾ. ದೇಣಗೆ ,1,"ದಾನ, ಕೊಡುಗೆ"
ದೇಯ,noun,ಸಂ ,1,ದಾನ ಕೊಡಬೇಕಾದ ವಸ್ತು
ದೇವಡಿ,noun,ದೇ ,1,"ದೇವಾಲಯದಲ್ಲಿ ದೇವರ ಸೇವೆ ಮಾಡುವವ, ಅರ್ಚಕ, ಪೂಜಾರಿ; <ಮರಾ. ದೇವಡೀ"
ದೇವದಾಸಿ,noun,ಸಂ ,1,ದೇವಾಲಯದ ನರ್ತಕಿ
ದೇವಿ,noun,ಸಂ ,1,"ಹೆಣ್ಣುದೇವತೆ, ದೇವತಾಸ್ತ್ರೀ"
ದೇಶಿ,noun,ಸಂ ,1,"ಒಂದು ದೇಶದ ಯಾ ದೇಶ ವಿಭಾಗದ ಆಡುನುಡಿ, ವ್ಯವಹಾರಿಕ ಭಾಷೆ"
ದೇಸಿ,noun,<ಸಂ. ದೇಶೀ ,1,"ಒಂದು ದೇಶದಲ್ಲಿ ಪರಂಪರಾನುಗತವಾಗಿ ಬಂದಿರುವ ಸಂಸ್ಕೃತಿ, ಆಚಾರ, ವ್ಯವಹಾರ ಮೊ.ವು"
ದೇಹಬಾಧೆ,noun,<ಸಂ. ದೇಶೀ ,1,ಶರೀರಕ್ಕೆ ಒದಗುವ ತೊಂದರೆ
ದೇಹಿ,noun,ಸಂ ,1,"ಶರೀರವನ್ನುಳ್ಳದ್ದು; ಮನುಷ್ಯ, ಪ್ರಾಣಿ, ಪಕ್ಷಿ ಇತ್ಯಾದಿ"
ದೈನಾಸ,noun,<ಸಂ. ದೀನ ,1,ಅನುಕಂಪ ಬರುವಂತೆ ಬೇಡಿಕೊಳ್ಳುವಿಕೆ
ದೈವ,noun,ಸಂ ,1,"ದೇವರು, ಪರಮಾತ್ಮ"
ದೊಂಡೆ,noun,ದೇ ,1,"ಸಿಕ್ಕುಸಿಕ್ಕಾಗಿರುವುದು, ತೊಡರಿಕೊಂಡಿರುವುದು"
ದೊಂಬಿ,noun,ದೇ ,1,"ಗುಂಪು, ಸಮೂಹ"
ದೊಠಾರ,noun,ಮರಾ. ? ,1,"ಶೂರ, ಕಲಿ"
ದೊಡ್ಡಿ,noun,ದೇ ,1,"ಹಸು, ಕುರಿ, ಮುಂ.ವನ್ನು ಕೂಡುವ ಸ್ಥಳ, ಕೊಟ್ಟಿಗೆ"
ದೊಣೆ,noun,"ದೇ. <ಸಂ. ದ್ರೋಣೀ ಬೆಟ್ಟದ ಮೇಲಿರುವ ಸ್ವಾಭಾವಿಕವಾದ ಹೊಂಡ, ಕೊಳ ",1,"ಕಟ್ಟಿರಿಸಿರುವ ಕೊಳ, ಕಲ್ಯಾಣಿ"
ದೊದ್ದೆ,noun,ದೇ ,1,"ಗುಂಪು, ಸಮೂಹ"
ದೊದ್ದೆಗ,noun,ದೇ ,1,ಸೈನಿಕ
ದೊರೆ,noun,ದೇ ,1,"ಸಮಾನ, ಎಣೆ"
ದೋಟಿ,noun,ದೇ ,1,"ಕಾಯಿ, ಹಣ್ಣು, ಹೂವು ಮೊ.ವುಗಳನ್ನು ಕೀಳಲು ಅನುಕೂಲವಾಗುವಂತೆ ತುದಿಯಲ್ಲಿ ಕೊಕ್ಕೆಯನ್ನುಳ್ಳ ಕೋಲು, ಕೊಕ್ಕೆ ಕೋಲು"
ದೋಣಿ,noun,<ಸಂ. ದ್ರೋಣಿ ,1,ನೀರಿನ ತೊಟ್ಟಿ
ದೋತ್ರ,noun,<ಮರಾ. ಧೋತ್ರ ,1,"ಉಡುವ ಬಟ್ಟೆ, ವಸ್ತ್ರ, ಪಂಚೆ"
ದೋರೆ,noun,ದೇ ,1,"ಅರೆ ಮಾಗಿದ - ಫಲ, ಹಣ್ಣು"
ದೋಲ,noun,ಸಂ ,1,"ತೂಗಾಡುವುದು, ಓಲಾಡುವುದು"
ದೋಷ,noun,ಸಂ ,1,"ಕುಂದು, ಕಳಂಕ"
ದೋಷಜ್ಞ,noun,ಸಂ ,1,"ತಿಳಿದವನು, ಪಂಡಿತ, ವಿದ್ವಾಂಸ"
ದೋಷಿ,noun,ಸಂ ,1,"ಕಪ್ಪು ಕಲೆಗಳಿಂದ ಕೂಡಿದವನು, ಚಂದ್ರ"
ದೋಸ,noun,<ಸಂ. ದೋಷ ,1,"ತಪ್ಪು, ಅಪರಾಧ"
ದೋಸ್ತಿ,noun,<ಹಿಂ. ದೋಸ್ತ್ ,1,"ಗೆಳೆತನ, ಸ್ನೇಹ"
ದೋಹ,noun,ಸಂ ,1,ಹಾಲು ಕರೆಯುವುದು
ದೋಹದ,noun,ಸಂ ,1,"ಬಯಕೆ, ಅಪೇಕ್ಷೆ"
ದೌಡು,noun,<ಮರಾ. ದೌಡ್ ,1,"ಓಡುವುದು, ಓಟ"
ದೌರ್ಬಲ್ಯ,noun,ಸಂ ,1,"ಬಲಹೀನತೆ, ಅಶಕ್ತತೆ"
ದೌರ್ಭಾಗ್ಯ,noun,ಸಂ ,1,"ಅದೃಷ್ಟಹೀನತೆ, ದುರ ದೃಷ್ಟ, ದುರ್ದೈವ"
ದೌಲತ್ತು,noun,<ಅರ. ಪಾರ. ದೌಲತ್ ,1,"ಐಶ್ವರ್ಯ, ಸಂಪತ್ತು"
ದ್ಯುತಿ,noun,ಸಂ ,1,"ಬೆಳಕು, ಕಾಂತಿ"
ದ್ಯೂತ,noun,ಸಂ ,1,"ಆಟ, ಕ್ರೀಡೆ"
ದ್ಯೋತ,noun,ಸಂ ,1,"ಹೊಳಪು, ಬೆಳಕು"
ದ್ರವ,noun,ಸಂ ,1,"ಓಟ, ಓಡುವಿಕೆ, ಪಲಾಯನ"
ದ್ರವಿಣ,noun,ಸಂ ,1,"ಆಸ್ತಿ, ಸಂಪತ್ತು"
ದ್ರವ್ಯ,noun,ಸಂ ,1,"ವಸ್ತು, ಪದಾರ್ಥ"
ದ್ರಷ್ಟ,noun,ಸಂ ,1,"ಕಣ್ಣು ಕಾಣುವವನು, ನೋಡುವವನು"
ದ್ರಾಬೆ,noun,<ಸಂ. ದ್ರಾಪ ,1,"ದಡ್ಡ, ಪೆದ್ದ"
ದ್ರಾವಕ,noun,ಸಂ ,1,"ಕಾಂತಾಕರ್ಷಣವುಳ್ಳದು, ಅಯಸ್ಕಾಂತ"
ದ್ರುತ,noun,ಸಂ ,1,"ವೇಗ, ರಭಸ"
ದ್ರುತಿ,noun,ಸಂ ,1,"ಕರಗುವಿಕೆ, ದ್ರವಿಸುವುದು"
ದ್ರೋಣ,noun,ಸಂ ,1,"ದೋಣಿಯಾಕಾರದ ಮರದ ಪಾತ್ರೆ, ಬಾನಿ"
ದ್ರೋಣಿ,noun,ಸಂ ,1,"ದೋಣಿ, ನಾವೆ"
ದ್ವಂದ್ವ,noun,ಸಂ ,1,ಎರಡು ಜೊತೆ
ದ್ವಾರ,noun,ಸಂ ,1,"ಬಾಗಿಲು, ಕದ"
ದ್ವಾರವಟ್ಟ,noun,ಸಂ ,1,"ಹೆಬ್ಬಾಗಿಲು, ಗೋಪುರ"
ದ್ವಿಗುಣ,noun,ಸಂ ,1,"ಎರಡು ಪಟ್ಟು, ಎರಡರಷ್ಟು"
ದ್ವಿಜ,noun,ಸಂ ,1,"ಜನ್ಮ ಮತ್ತು ಉಪನಯನ ಗಳೆಂಬ ಎರಡು ಹುಟ್ಟುಗಳುಳ್ಳವನು, ಬ್ರಾಹ್ಮಣ"
ದ್ವಿಪದ,noun,ಸಂ ,1,"ಎರಡು ಕಾಲುಗಳನ್ನುಳ್ಳ - ಜೀವ, ಪ್ರಾಣಿ"
ದ್ವಿಭಾಷಿ,noun,ಸಂ ,1,ಎರಡು ಭಾಷೆಗಳನ್ನು ಬಲ್ಲವನು
ದ್ವೀಪಿ,noun,<ಸಂ. ದ್ವೀಪಿನ್ ,1,"ಹುಲಿ, ವ್ಯಾಘ್ರ"
ದ್ವೇಷ,noun,ಸಂ ,1,"ಹಗೆತನ, ವೈರತ್ವ"
ದ್ವೈತ,noun,ಸಂ ,1,"ಜೊತೆ, ಜೋಡಿ"
ಧಂದೆ,noun,<ಹಿಂ. ಧಂಧಾ ,1,"ಜೀವನೋಪಾಯ, ಹೊಟ್ಟೆಪಾಡಿನ ವೃತ್ತಿ"
ಧಕ್ಕಡ,noun,<ಮರಾ. ಧಕ್ಕಡ್ ,1,"ಧೈರ್ಯಸ್ಥ, ಶೂರ"
ಧಕ್ಕಾಮುಕ್ಕಿ,noun,ಮರಾ ,1,"ಗದ್ದಲ, ನೂಕು ನುಗ್ಗುಲು"
ಧಕ್ಕೆ,noun,<ಸಂ. ಧಕ್ಕ ,1,"ಅಪಾಯ, ಹಾನಿ"
ಧಗಡಿ,noun,ಮರಾ ,1,"ಉದ್ಧಟ ವ್ಯಕ್ತಿ, ಧೂರ್ತ"
ಧಗೆ,noun,<ದೇ. ದಗೆ ,1,"ಕಾವು, ಝಳ"
ಧಟ್ಟಣಿ,noun,<ಮರಾ. ದಟಾರಣೆ ,1,"ಅಬ್ಬರ, ಆಟೋಪ"
ಧಡಿಯ,noun,ಮರಾ ,1,"ಟೊಣಪ, ದಾಂಡಿಗ"
ಧನ,noun,ಸಂ ,1,ಹಣ
ಧನದ,noun,ಸಂ ,1,ಕುಬೇರ
ಧನಿ,noun,ಸಂ ,1,"ಹಣವಂತ, ಧನಿಕ"
ಧನು,noun,ಸಂ ,1,"ಬಿಲ್ಲು, ಧನುಸ್ಸು"
ಧನುಷ್ಕೋಟಿ,noun,ಸಂ ,1,"ಬಿಲ್ಲಿನ ತುದಿ, ಕೊಪ್ಪು"
ಧನುಸ್ಸು,noun,ಸಂ ,1,ಬಿಲ್ಲು
ಧನ್ಯ,noun,ಸಂ ,1,ಪುಣ್ಯವಂತ
ಧನ್ಯತೆ,noun,ಸಂ ,1,"ಐಶ್ವರ್ಯವಂತಿಕೆ, ಸಂಪತ್ಸ ಮೃದ್ಧಿ"
ಧನ್ವ,noun,ಸಂ ,1,"ಬಿಲ್ಲು, ಧನುಸ್ಸು"
ಧನ್ವಂತರಿ,noun,ಸಂ ,1,"ಸೂರ್ಯ, ನೇಸರು"
ಧಮನಿ,noun,ಸಂ ,1,"ರಕ್ತನಾಳ, ನರ"
ಧರಣ,noun,ಸಂ ,1,"ಧರಿಸುವುದು, ಹೊರುವುದು"
ಧರಣಿ,noun,ಸಂ ,1,"ಭೂಮಿ, ನೆಲ"
ಧರಧುರ,noun,ಅನುಕರಣ ,1,"ಆರ್ಭಟ, ಕೋಲಾ ಹಲ"
ಧರೆ,noun,<ಸಂ. ಧರಾ ,1,ಭೂಮಿ
ಧರ್ಮ,noun,ಸಂ ,1,ಧಾರಣ ಮಾಡಿದುದು
ಧರ್ಮಕಾರ್ಯ,noun,ಸಂಯೋಗ ,1,ಅದೃಷ್ಟ ಕೂಡಿ ಬರುವಿಕೆ
ಧರ್ಮಾತ್ಮ,noun,ಸಂಯೋಗ ,1,ಸದಾಚಾರ ಸಂಪನ್ನ
ಧರ್ಮಾಧಿಕಾರಿ,noun,ಸಂಯೋಗ ,1,ನ್ಯಾಯಾಧೀಶ
ಧವ,noun,ಸಂ ,1,"ಗಂಡ, ಪತಿ"
ಧವಲ,noun,ಸಂ ,1,ಬಿಳುಪು
ಧಾಂಡಿಗ,noun,<ಮರಾ. ದಾಂಡಿಗಾ ,1,"ಗಟ್ಟಿ ಮುಟ್ಟಾದ ಮನುಷ್ಯ, ಬಲಶಾಲಿ"
ಧಾಟಿ,noun,<ಸಂ. ಧಾಟೀ ,1,"ಕ್ರಮ, ರೀತಿ, ಶೈಲಿ"
ಧಾತು,noun,ಸಂ ,1,"ಮೂಲವಸ್ತು, ಮೂಲ ಘಟಕ"
ಧಾತೃ,noun,ಸಂ ,1,ನಿರ್ಮಾಪಕ
ಧಾತ್ರಿ,noun,ಸಂ ,1,"ಭೂಮಿ, ನೆಲ"
ಧಾಮ,noun,ಸಂ ,1,"ಮನೆ, ವಾಸಸ್ಥಳ"
ಧಾರಕ,noun,ಸಂ ,1,"ವಸ್ತುವಿಗೆ ಆಧಾರವಾದುದು; ಪಾತ್ರೆ, ಪೆಟ್ಟಿಗೆ ಮುಂ.ವು"
ಧಾರಣ,noun,ಸಂ ,1,ಧರಿಸುವಿಕೆ
ಧಾರಾಳ,noun,<ಸಂ. ಧಾರಾಲ ,1,"ಆದಾರ್ಯ್ಯ, ದಾನಶೀಲತೆ"
ಧಾರಾವಾಹಿ,noun,<ಸಂ. ಧಾರಾವಾಹಿನ್ ,1,"ಅನುಕ್ರಮವಾಗಿ, ಭಾಗಶಃ ಅನೇಕ ಸಂಚಿಕೆಗಳಲ್ಲಿ ಪ್ರಕಟವಾಗುವ ಕಥೆ, ಕಾದಂಬರಿ ಮೊ.ದುದು"
ಧಾರೆ,noun,<ಸಂ. ಧಾರಾ ,1,ಪ್ರವಾಹ
ಧಾರ್ಮಿಕ,noun,ಸಂ ,1,ಧರ್ಮದಿಂದ ಕೂಡಿದುದು
ಧಾರ್ಷ್ಟ್ಯ,noun,ಸಂ ,1,"ಉದ್ಧಟತನ, ಔದ್ಧತ್ಯ"
ಧಾವಂತ,noun,ದೇ ,1,"ಅವಸರ, ಗಡಿಬಿಡಿ"
ಧಾವತಿ,noun,ಸಂ ,1,"ಆತುರ, ಅವಸರ"
ಧಾವನ,noun,ಸಂ ,1,"ಶುದ್ಧ ಮಾಡುವುದು, ತೊಳೆ ಯುವುದು"
ಧಾವಳಿ,noun,<ಮರಾ. ಧಾಬಳಿ ,1,"ಹೆಣ್ಣು ಮಕ್ಕಳ ಮೇಲು ಹೊದಿಕೆ, ದಾವಣಿ"
ಧಿಕ್ಕಾರ,noun,ಸಂ ,1,"ನಿಂದೆ, ತಿರಸ್ಕಾರ"
ಧಿಮಾಕು,noun,<ಅರ. ದಿಮಾಗ್ ,1,"ಸೊಕ್ಕು, ಗರ್ವ"
ಧಿಷಣ,noun,ಸಂ ,1,"ಬುದ್ಧಿವಂತ, ಮೇಧಾವಿ"
ಧಿಷ್ಣ್ಯ,noun,ಸಂ ,1,"ರಾಕ್ಷಸರ ಗುರು, ಶುಕ್ರಾಚಾರ್ಯ"
ಧೀಮಂತ,noun,<ಸಂ. ಧೀಮತ್ ,1,"ಬುದ್ಧಿವಂತ, ಜಾಣ"
ಧೀರ,noun,ಸಂ ,1,"ಧೈರ್ಯಶಾಲಿ, ದಿಟ್ಟವ್ಯಕ್ತಿ"
ಧೀರೋದಾತ್ತ,noun,ಸಂ ,1,"ಧೀರನೂ, ಉದಾತ್ತವಾದ ಗುಣಗಳಿಂದ ಕೂಡಿದವನೂ ಆದ ವ್ಯಕ್ತಿ"
ಧೀವರ,noun,ಸಂ ,1,"ಮೀನುಗಾರ, ಬೆಸ್ತ"
ಧೀವಸ,noun,<ಸಂ. ಧೀವಶ ,1,"ಧೈರ್ಯ, ಕೆಚ್ಚು"
ಧುರ,noun,ದೇ ,1,"ಯುದ್ಧ, ಕಾಳಗ"
ಧುರಂಧರ,noun,ಸಂ ,1,"ಭಾರವನ್ನು ಹೊರುವವನು, ಹೊಣೆಯನ್ನು ಹೊತ್ತಿರುವವನು"
ಧುರೀಣ,noun,ಸಂ ,1,"ದಕ್ಷನಾದವನು, ಸಮರ್ಥ"
ಧೂಪ,noun,ಸಂ ,1,"ಹಾಲು ಮಡ್ಡಿ, ಸಾಂಬ್ರಾಣಿ ಮುಂ. ಸುವಾಸನೆಯ ಪುಡಿ"
ಧೂಮ,noun,ಸಂ ,1,ಹೊಗೆ
ಧೂಮಕೇತು,noun,ಸಂ ,1,"ಹೊಗೆಯನ್ನು ಧ್ವಜವಾಗಿ ಉಳ್ಳವನು, ಅಗ್ನಿ"
ಧೂಮ್ರ,noun,ಸಂ ,1,"ಬೂದುಬಣ್ಣ, ಹೊಗೆಯ ಬಣ್ಣ"
ಧೂರ್ತ,noun,ಸಂ ,1,"ದುರುಳ, ದುಷ್ಟ"
ಧೃತಿ,noun,ಸಂ ,1,"ಧೈರ್ಯ, ಧೀರತನ, ಕೆಚ್ಚು"
ಧೇನಿಸು,noun,<ಸಂ. ಧ್ಯಾನ ,1,ಧ್ಯಾನ ಮಾಡು
ಧೇನು,noun,ಸಂ ,1,"ಆಕಳು, ಹಸು"
ಧೈರ್ಯ,noun,ಸಂ ,1,"ಎದೆಗಾರಿಕೆ, ಕೆಚ್ಚು, ದಿಟ್ಟತನ"
ಧೋತರ,noun,ಸಂ ,1,"ಗಂಡಸರು ಉಡುವ ವಸ್ತ್ರ, ಪಂಚೆ"
ಧೋರಣೆ,noun,<ಸಂ. ಧೋರಣ ,1,"ಧಾಟಿ, ಕ್ರಮ, ರೀತಿ"
ಧ್ಯಾನ,noun,ಸಂ ,1,"ಚಿಂತನೆ, ಮನನ"
ಧ್ಯಾಸ,noun,ಮರಾ ,1,"ಚಿಂತನೆ, ಧ್ಯಾನ"
ಧ್ಯೇಯ,noun,ಸಂ ,1,"ಲಕ್ಷ್ಯ, ಉದ್ದೇಶ, ಗುರಿ"
ಧ್ರುವ,noun,ಸಂ ,1,"ಸ್ಥಿರವಾದುದು, ಶಾಶ್ವತವಾದುದು"
ಧ್ವಜ,noun,ಸಂ ,1,"ಬಾವುಟ, ಪತಾಕೆ"
ಧ್ವನಿ,noun,ಸಂ ,1,"ಕಂಠದಿಂದ ಹೊರಡುವ - ಸದ್ದು, ಉಲಿ"
ಧ್ವಸ್ತ,noun,ಸಂ ,1,"ಜಾರಿಬಿದ್ದುದು, ಪತನ ಹೊಂದಿದುದು"
ಧ್ವಾಂತ,noun,ಸಂ ,1,"ಕತ್ತಲೆ, ಅಂಧಕಾರ"
ನಂ(ನೆಂ)ಟ,noun,ದೇ ,1,"ಕೊಳ್ಕೊಡೆಯಿಂದ ಉಂಟಾದ ಯಾ ರಕ್ತ ಸಂಬಂಧದಿಂದಾದ ಬಂಧು, ಸಂಬಂಧಿಕ"
ನಂ(ನೆಂ)ಟು,noun,ದೇ ,1,"ಸಂಬಂಧ, ಬಾಂಧವ್ಯ"
ನಂಜು,noun,ದೇ ,1,"ವಿಷ, ಗರಳ"
ನಂದ,noun,ಸಂ ,1,"ಸಂತೋಷ, ಆನಂದ"
ನಂದನ,noun,ಸಂ ,1,"ಸಂತೋಷ, ಆನಂದ"
ನಂದಿ,noun,<ಸಂ. ನಂದಿನ್ ,1,ಸಂತೋಷಗೊಳಿಸುವವನು
ನಕಲಿ,noun,<ಪಾರ. ಅರ. ನಕ್ಲ್ ,1,"ಅನುಕರಣೆಯಿಂದ ಕೂಡಿರುವುದು, ಅಣಕ, ಹಾಸ್ಯ"
ನಕಲು,noun,<ನಕಲಿ ,1,"ಬರವಣಿಗೆ, ಚಿತ್ರ ಮೊ.ವುಗಳ ಮೂಲದ ಪ್ರತಿಕೃತಿ, ಎರಡನೆ ಪ್ರತಿ, ದ್ವಿಪ್ರತಿ"
ನಕಾಶೆ,noun,<ಅರ. ನಕ್ಕಾಹ್ ,1,"ಭೂಮಿಯ ಅಳತೆ, ಪ್ರಮಾಣಗಳನ್ನು ಗುರುತಿಸಿದ ರೇಖಾಚಿತ್ರ, ಭೂಪಟ"
ನಕುಲ,noun,ಸಂ ,1,"ಮುಂಗುಲಿ, ಮುಂಗಸಿ"
ನಕ್ಕಿ,noun,<ಸಂ. ನಖಿ ,1,"ಬಟ್ಟೆ, ಕಸೂತಿ, ಹಾರ ಮೊ.ವುಗಳಿಗೆ ಸೇರಿಸುವ, ಹೊಳೆಯುವ ಬಣ್ಣಬಣ್ಣದ ಬಿಲ್ಲೆ"
ನಕ್ರ,noun,ಸಂ ,1,ಮೊಸಳೆ
ನಕ್ಷೆ,noun,<ಅರ. ನಕ್ಕಾಹ್ ,1,ಭೂಪಟ
ನಖ,noun,ಸಂ ,1,ಉಗುರು
ನಗ,noun,<ಪಾರ. ನಗ್ ,1,"ಆಭರಣ, ಒಡವೆ"
ನಗಾರಿ,noun,<ಅರ. ನಕಾರಾ ,1,"ಪರ್ವತಗಳ ಶತ್ರುವಾದವನು, ಇಂದ್ರ"
ನಗೆ,noun,ದೇ ,1,ನಗುವಿಕೆ
ನಗ್ನ,noun,ಸಂ ,1,ಬತ್ತಲೆ
ನಚ್ಚು,noun,ದೇ ,1,"ನಂಬಿಕೆ, ವಿಶ್ವಾಸ"
ನಜರಾಣಿ,noun,<ಅರ. ನಜರಾನಹ್ ,1,"ಕಾಣಿಕೆ, ಕೊಡುಗೆ"
ನಜರು,noun,<ಅರ. ನಝರ್ ,1,"ದೃಷ್ಟಿ, ನೋಟ, ಲಕ್ಷ್ಯ"
ನಟನೆ,noun,<ಸಂ. ನಟನ ,1,"ನರ್ತನ, ನಾಟ್ಯ"
ನಡತೆ,noun,ದೇ ,1,"ನಡೆಯುವಿಕೆ, ಚಲಿಸುವಿಕೆ"
ನಡು,noun,ದೇ ,1,"ಮಧ್ಯಭಾಗ, ಕೇಂದ್ರ"
ನಡುಗು,noun,ದೇ ,1,"ನಡುಕ, ಕಂಪನ"
ನಡೆ,noun,ದೇ ,1,"ನಡಗೆ, ನಡೆಯುವಿಕೆ"
ನಡೆವಳಿ,noun,ದೇ ,1,ನಡಿಗೆ
ನತ,noun,ಸಂ ,1,ಬಾಗಿದುದು
ನತಾಯೀ),noun,ಸಂ ,1,"ಹೊಸತನ, ನಾವೀನ್ಯ"
ನತ್ತು,noun,<ಪ್ರಾ. ಣತ್ಥಾ ಸ್ತ್ರೀಯರು ಮೂಗಿನಲ್ಲಿ ಧರಿಸುವ ರತ್ನದ ಆಭರಣ; ದೇ ,1,"ಉಗ್ಗುವಿಕೆ, ಬಿಕ್ಕುವಿಕೆ"
ನದರು,noun,<ಪಾರ. ನಜರ್ ,1,"ದೃಷ್ಟಿ, ನೋಟ"
ನನೆ,noun,ದೇ ,1,"ಮೊಗ್ಗು, ಮುಗುಳು"
ನನ್ನಿ,noun,ದೇ ,1,"ನಿಜ, ದಿಟ"
ನಪುಂಸಕ,noun,ಸಂ ,1,"ಕೊಜ್ಜೆ, ಷಂಡ, ಖೋಜಾ"
ನಭ,noun,ಸಂ ,1,"ಆಕಾಶ, ಗಗನ"
ನಮಲು,noun,ದೇ ,1,ಅಗಿಯುವಿಕೆ
ನಮೂನೆ,noun,<ಪಾರ. ನಮೂನಾ ,1,"ಮಾದರಿ, ಪ್ರಕಾರ"
ನಯ,noun,ಶಾಸ್ತ್ರ ರಾಜನೀತಿ; ದೇ ,1,"ನುಣುಪು, ಮೃದುತ್ವ"
ನಯನ,noun,ಸಂ ,1,ಸಾಗಿಸುವುದು
ನರ,noun,ಸಂ ,1,ಮನುಷ್ಯ
ನರಕಯಾತನೆ,noun,ಸಂ ,1,ನರಕದಲ್ಲಿ ಅನುಭವಿಸುವ ನೋವು
ನರಟು,noun,ದೇ ,1,ಪೀಚಾಗಿರುವಿಕೆ
ನರಡು,noun,ದೇ ,1,"ಒರಟುತನ, ಹುಂಬತನ"
ನರಪಿಳ್ಳೆ,noun,ದೇ ,1,ಚಿಕ್ಕ ಹುಡುಗ
ನರಮೇಧ,noun,ದೇ ,1,ಮನುಷ್ಯರನ್ನು ಬಲಿ ಕೊಡುವ ಯಜ್ಞ
ನರೆ,noun,ದೇ ,1,"ಬೆಳ್ಳಗಾದ ಕೂದಲು, ಬಿಳಿಕೂದಲು"
ನರ್ಮ,noun,<ಸಂ. ನರ್ಮನ್ ,1,"ಆಟ, ಕ್ರೀಡೆ"
ನಲ,noun,ಸಂ ,1,"ಒಂದು ಬಗೆಯ ಜೊಂಡು ಹುಲ್ಲು, ಪೊಳ್ಳಾದ ಬಿದಿರು"
ನಲಿ(ಳಿ)ನಿ,noun,ಸಂ ,1,"ತಾವರೆ, ಕಮಲ"
ನಲ್ಮೆ,noun,ದೇ ,1,"ಪ್ರೀತಿ, ಅನುರಾಗ"
ನಲ್ಲ,noun,ದೇ ,1,"ಪ್ರಿಯ, ಇನಿಯ"
ನಲ್ಲೆ,noun,ದೇ ,1,"ಪ್ರಿಯೆ, ಪ್ರೇಯಸಿ"
ನಳ,noun,<ಮರಾ. ನಳ ,1,"ನಾಳ, ಕೊಳವೆ"
ನಳಿಗೆ,noun,ನಳಿಕೆ ,1,ನಳಿಕೆ
ನವನಿಧಿ,noun,ನಳಿಕೆ ,1,"ಪದ್ಮ, ಮಹಾಪದ್ಮ, ಶಂಖ, ಮಕರ, ಕಚ್ಛಪ, ಮುಕುಂದ, ಕುಂದ, ನೀಲ ಮತ್ತು ಖರ್ವವೆಂಬ ಕುಬೇರನ ಒಂಬತ್ತು ನಿಧಿಗಳು"
ನವಾಬ,noun,<ಅರ. ನವ್ವಾಬ್ ,1,ಮುಸಲ್ಮಾನ ದೊರೆ
ನವಾರ,noun,<ಪಾರ. ನವಾರ್ ,1,ಮಂಚಕ್ಕೆ ಹೆಣೆಯುವ ಅಗಲವಾದ ದಪ್ಪನೆಯ ನೂಲಿನ ಪಟ್ಟಿ
ನವಿ(ವು)ರು,noun,ದೇ. ತೆಲು ,1,"ಮೃದುವಾದುದು, ನಾಜೂಕಾದುದು"
ನವೆ,noun,ದೇ ,1,"ತುರಿಕೆ, ಕೆರೆತ"
ನವೋದಯ,noun,ಸಂ ,1,"ಉದಯದ ಹೊಸತು, ಪ್ರಾರಂಭ"
ನವ್ಯ,noun,ಸಂ ,1,"ಹೊಸತನ, ನವೀನತೆ"
ನವ್ಯಕಾವ್ಯ,noun,ಸಂ ,1,ಹೊಸಕಾವ್ಯ
ನಷ್ಟ,noun,ಸಂ ,1,"ಹಾನಿ, ಕೆಡುಕು"
ನಸರಿ,noun,<ಹಿಂ. ನಸರೀ ,1,ಜೇನುಹುಳು
ನಸುಗುನ್ನಿ,noun,ದೇ ,1,"ಮೈಗೆ ತಾಗಿದರೆ ನವೆಯನ್ನುಂಟುಮಾಡುವ ಒಂದು ಬಗೆಯ ಗಿಡ, ತುರುಚೆ"
ನಸ್ಯ,noun,ಸಂ ,1,ಮೂಗಿಗೆ ಸಂಬಂಧಿಸಿದುದು
ನಾಂದಿ,noun,ಸಂ ,1,ಮಂಗಳಕಾರ್ಯದಲ್ಲಿ ಪ್ರಾರಂಭದಲ್ಲಿ ಮಾಡುವ ಪ್ರಾರ್ಥನೆ
ನಾಕ,noun,ಸಂ ,1,"ದೇವತೆಗಳ ವಾಸಸ್ಥಾನ, ಸ್ವರ್ಗ"
ನಾಗ,noun,ಸಂ ,1,ನಾಗರಹಾವು
ನಾಗರ,noun,ಸಂ ,1,ನಾಗರಹಾವು
ನಾಗರಿಕ,noun,ಸಂ ,1,"ಪಟ್ಟಣದಲ್ಲಿರುವವನು, ಪಟ್ಟಣದಲ್ಲಿ ವಾಸಿಸುವವನು, ಪಟ್ಟಣಿಗ"
ನಾಗವಲಿ,noun,"<ಸಂ. ನಾಕಬಲಿ ಮದುವೆಯಲ್ಲಿ ಮಾಡುವ ಕೊನೆಯ ಒಂದು ಸಾಂಪ್ರದಾಯಿಕ ವಿಧಿ, ವಿವಾಹದ ಮುಕ್ತಾಯದ ಶಾಸ್ತ್ರ, ನಾಗೋಲಿ ನಾಗಾಲೋಟ <ದೇ. ನಾಲ್ಕು + ಕಾಲು + ಓಟ; <ಸಂ. ನಾಕಬಲಿ ",1,"ಕುದುರೆ, ಜಿಂಕೆ ಮೊ. ಪ್ರಾಣಿಗಳ ಅತಿ ವೇಗವಾದ ಓಟ; ನೆಲವನ್ನು ಮುಟ್ಟಿಯೂ ಮುಟ್ಟದಂತೆ ಬಹಳ ರಭಸದಿಂದ ಓಡುವುದು"
ನಾಚಿಕೆ,noun,ದೇ ,1,"ಲಜ್ಜೆ, ಸಿಗ್ಗು"
ನಾಚು,noun,ದೇ ,1,<ಹಿಂ. ನಾಚ್ / ಸಂ. ನೃತ್ಯ
ನಾಜೂಕು,noun,<ಪಾರ. ನಾಜೂಕ್ ,1,"ಕೋಮಲವಾದುದು, ನಯವಾದುದು"
ನಾಟಕ,noun,<ಸಂ. ನಾಟಿಕಾ ,1,"ಅಭಿನಯ ಪ್ರಧಾನವಾದ ದೃಶ್ಯ ಪ್ರಬಂಧ, ರೂಪಕ"
ನಾಟಕೀಯ,noun,ಸಂ ,1,"ಅಭಿನಯಪೂರ್ವಕವಾದುದು, ನಟನೆಯಿಂದ ಕೂಡಿದುದು"
ನಾಟಿ,noun,ದೇ ,1,"ಬತ್ತ, ರಾಗಿ ಮೊ. ಪೈರುಗಳ ಸಣ್ಣ ಸಸಿ, ಎಳೆಗಿಡ"
ನಾಟು,noun,ದೇ ,1,"ನಾಟಿಕೊಂಡಿರುವುದು, ಆಳಕ್ಕೆ ಊರಿರುವುದು"
ನಾಟ್ಯ,noun,ಸಂ ,1,"ಶಾಸ್ತ್ರೀಯವಾದ ನೃತ್ಯ, ಕುಣಿತ"
ನಾಡಾಡಿ,noun,ದೇ ,1,"ಸಾಮಾನ್ಯವಾದುದು, ಸಾಧಾ ರಣವಾದುದು"
ನಾಡಿ,noun,ಸಂ ,1,"ಶರೀರದಲ್ಲಿ ರಕ್ತ ಚಲನೆಗಾಗಿ ಇರುವ ಕೊಳವೆಯಾಕಾರದ ರಚನೆ, ಧಮನಿ"
ನಾಡಿಕೆ,noun,<ಸಂ. ನಾಡಿಕಾ ,1,"ಇಪ್ಪತ್ತು ನಾಲ್ಕು ನಿಮಿಷಗಳ ಕಾಲ, ಒಂದು ಘಳಿಗೆ"
ನಾಡು,noun,ದೇ ,1,ಜನವಸತಿಯುಳ್ಳ ಪ್ರದೇಶ
ನಾಡುಗ,noun,ದೇ ,1,"ಸಾಮಾನ್ಯ ಮನುಷ್ಯ, ಸಾಧಾ ರಣ ವ್ಯಕ್ತಿ"
ನಾಣು,noun,ದೇ ,1,"ನಾಚಿಕೆ, ಲಜ್ಜೆ, ಸಿಗ್ಗು"
ನಾತ,noun,ದೇ ,1,ಮೂಗಿನಿಂದ ಕಂಡುಹಿಡಿಯುವ ಒಂದು ದ್ರವ್ಯ ಗುಣ; ವಾಸನೆ; ಗಂಧ
ನಾತೆ,noun,<ಹಿಂ. ನಾತಾ / ಮರಾ. ನಾತೇ ,1,"ನಂಟುತನ, ಅಧಿಕಾರ ಮೊ.ವುಗಳಿಂದ ಉಂಟಾದ - ಸಂಬಂಧ, ಬಾಂಧವ್ಯ"
ನಾಥ,noun,ಸಂ ,1,"ಒಡೆಯ, ರಕ್ಷಕ"
ನಾದ,noun,ಸಂ ,1,"ಧ್ವನಿ, ಶಬ್ದ, ಸಪ್ಪಳ"
ನಾದಾರಿ,noun,<ಪಾರ. ನಾದಾರ್ ,1,"ಬಡವ, ಗರೀಬ"
ನಾಭಿ,noun,ಸಂ ,1,"ಹೊಕ್ಕಳು, ಮಧ್ಯಭಾಗ, ಕೇಂದ್ರ"
ನಾಮ,noun,ಸಂ ,1,ಹೆಸರು
ನಾಮಕರಣ,noun,ಸಂ ,1,ಹೆಸರಿಡುವುದು
ನಾಮಧೇಯ,noun,ಸಂ ,1,ಹೆಸರು
ನಾಮಾಂಕಿತ,noun,ಸಂ ,1,"ಹೆಸರಿನಿಂದ ಗೊತ್ತು ಮಾಡುವುದು, ಹೆಸರುಳ್ಳದ್ದು"
ನಾಮೆ,noun,<ಪಾರ. ನಾಮಾ ,1,"ಹೆಸರು, ಕೀರ್ತಿ, ಪ್ರಸಿದ್ಧಿ"
ನಾಯಕ,noun,ಸಂ ,1,"ಮುಂದಾಳು, ಮುಖಂಡ"
ನಾರಂಗ,noun,ಸಂ ,1,ಕಿತ್ತಳೆಯ ಮರ ಮತ್ತು ಅದರ ಹಣ್ಣು
ನಾರಾಚ,noun,ಸಂ ,1,"ಬಾಣ, ಸರಳು"
ನಾರಿ,noun,ದೇ ,1,"ಬಿಲ್ಲಿಗೆ ಕಟ್ಟುವ ಹುರಿ, ಸಿಂಜಿನಿ, ಹೆದೆ"
ನಾರು,noun,ದೇ ,1,"ವಾಸನೆ, ಕಂಪು"
ನಾಲ(ಲಿ)ಗೆ,noun,ದೇ ,1,"ಮಾತನಾಡಲು, ರುಚಿ ನೋಡಲು, ಸಾಧಕವಾದ, ಒಂದು ಅವಯವ; ಜಿಹ್ವೆ"
ನಾಲೆ,noun,<ಹಿಂ. ನಾಲಾ ,1,"ನೀರು ಹರಿ ಯುವುದಕ್ಕಾಗಿ ಮಾಡುವ ತಗ್ಗು, ತೋಡು, ಕಾಲುವೆ"
ನಾಳ,noun,<ಸಂ. ನಾಲಾ ,1,ತಾವರೆ ಮೊ.ವುಗಳ ಒಳಗೆ ಟೊಳ್ಳಾಗಿರುವ ದಂಟು
ನಾಳಿ,noun,<ಸಂ. ನಾಲಿ ,1,ದೇಹದೊಳಗಿರುವ ನಾಡಿ
ನಾವಿಕ,noun,ಸಂ ,1,"ಹಡಗು, ದೋಣಿ ಮೊ.ವನ್ನು ನಡೆಸುವವನು, ಅಂಬಿಗ"
ನಾಶ,noun,ಸಂ ,1,"ಹಾಳು, ಅಳಿವು, ಹಾನಿ"
ನಿಂದೆ,noun,<ಸಂ. ನಿಂದಾ ,1,"ತೆಗಳಿಕೆ, ಬಯ್ಯುವಿಕೆ, ದೂಷಣೆ"
ನಿಕಟ,noun,ಸಂ ,1,"ಹತ್ತಿರ, ಸಮೀಪ"
ನಿಕಟವರ್ತಿ,noun,ಸಂ ,1,"ಹತ್ತಿರದವನು, ಆಪ್ತವ್ಯಕ್ತಿ"
ನಿಕರ,noun,ಸಂ ,1,"ಗುಂಪು, ಸಮೂಹ"
ನಿಕಷ,noun,ಸಂ ,1,"ಚಿನ್ನ, ಬೆಳ್ಳಿಗಳನ್ನು ಒರೆಗೆ ಹಚ್ಚುವ ಕಲ್ಲು, ಒರೆಗಲ್ಲು"
ನಿಕಾಮ,noun,ಸಂ ,1,"ಇಚ್ಛೆ, ಬಯಕೆ"
ನಿಕಾಯ,noun,ಸಂ ,1,"ಗುಂಪು, ಸಮೂಹ"
ನಿಕಾರ,noun,ಸಂ ,1,"ಅನಾದರ, ತಿರಸ್ಕಾರ"
ನಿಕಾಲೆ,noun,<ಹಿಂ. ನಿಕಾಲ್ ,1,"ಬಗೆಹರಿಯುವಿಕೆ, ಇತ್ಯರ್ಥ"
ನಿಕುಂಜ,noun,ಸಂ ,1,"ಪೊದೆ, ಪೊದರು"
ನಿಕೃಷ್ಟ,noun,ಸಂ ,1,"ಕೀಳಾದುದು, ತುಚ್ಛವಾದುದು"
ನಿಕೇತನ,noun,ಸಂ ,1,"ಮನೆ, ವಾಸಸ್ಥಳ"
ನಿಕ್ವಣ,noun,ಸಂ ,1,"ಶಬ್ದ, ಧ್ವನಿ"
ನಿಕ್ಷೇಪ,noun,ಸಂ ,1,"ಹುದುಗಿಸಿಟ್ಟ - ಹಣ, ಧನ; ಗುಪ್ತನಿಧಿ"
ನಿಗದಿ,noun,<ಪಾರ. ನಿಗಾಹ್ ,1,"ನಿಶ್ಚಯ, ನಿರ್ಣಯ, ಗೊತ್ತು ಪಾಡು, ಲಕ್ಷ್ಯವಿಡುವುದು"
ನಿಗಮ,noun,ಸಂ ,1,"ವೇದ, ಶ್ರುತಿ"
ನಿಗರ,noun,ದೇ ,1,"ಮನೋಹರತೆ, ಚೆಲುವು"
ನಿಗಳ,noun,ಸಂ ,1,"ಕುದುರೆಯ - ಕೊರಳು, ಕುತ್ತಿಗೆ"
ನಿಗುರು,noun,ದೇ ,1,"ಚಾಚಿರುವಿಕೆ, ನೀಡಿರುವಿಕೆ"
ನಿಗ್ಗರ,noun,<ಸಂ. ನಿಗ್ರಹ ,1,"ಅಂಕೆ, ತಡೆ, ನಿಗ್ರಹ"
ನಿಗ್ರಹ,noun,ಸಂ ,1,"ಅಂಕೆ, ಹತೋಟಿ"
ನಿಚ್ಚ,noun,<ಸಂ. ನಿತ್ಯ ,1,"ಪ್ರತಿದಿನ, ಪ್ರತಿನಿತ್ಯ"
ನಿಚ್ಚಟ,noun,<ಸಂ. ನಿಶ್ಶಠ ,1,"ಕಪಟವಿಲ್ಲದುದು, ಮೋಸವಿಲ್ಲದುದು"
ನಿಚ್ಚಳ,noun,<ಸಂ. ನಿಶ್ಚಲ ,1,"ಸ್ಥಿರವಾಗಿರುವುದು, ಅಲುಗಾಡದಿರುವುದು"
ನಿಜ,noun,ಸಂ ,1,"ಸತ್ಯ, ದಿಟ"
ನಿಜಸ್ವರೂಪ,noun,ಸಂ ,1,"ಮೂಲ ಸ್ವರೂಪ, ಸಹಜರೂಪ"
ನಿಜಾಮ,noun,<ಅರ. ನಿಜಾಮ್ ,1,"ದೊರೆ, ರಾಜ"
ನಿಟ್ಟಾಯು,noun,ನಿಟ್ + ಆಯು ,1,"ದೀರ್ಘವಾದ ಬಾಳು, ದೀರ್ಘಾಯುಸ್ಸು"
ನಿಟ್ಟು,noun,ದೇ ,1,"ಚೀಲ ಮೊ.ವನ್ನು ಒಂದರ ಮೇಲೊಂದರಂತೆ ಪೇರಿಸಿ ಇಟ್ಟಿರುವುದು, ಅಡಕಿಲು"
ನಿಟ್ಟೆ,noun,<ಸಂ. ನಿಷ್ಠೆ ,1,"ನಿಷ್ಠೆ, ಕಟ್ಟಳೆ, ನಿಯಮ"
ನಿಡಿ,noun,ದೇ ,1,ಅನ್ನವನ್ನು ಬೇಯಿಸಿ ಬಸಿದ ನೀರಾದ ಗಂಜಿ
ನಿಡಿದು,noun,ದೇ ,1,"ಉದ್ದವಾದುದು, ನೀಳವಾದುದು, ಲಂಬವಾದುದು"
ನಿಡುಸರ,noun,ದೇ ,1,"ದೊಡ್ಡ ಕೂಗು, ದೀರ್ಘಧ್ವನಿ"
ನಿತ್ಯ,noun,ಸಂ ,1,ಪ್ರತಿದಿನ
ನಿತ್ರಾಣ,noun,ಸಂ ,1,"ದುರ್ಬಲತೆ, ಶಕ್ತಿಹೀನತೆ"
ನಿದರ್ಶನ,noun,ಸಂ ,1,"ದೃಷ್ಟಾಂತ, ಉದಾಹರಣೆ"
ನಿದಾಘ,noun,ಸಂ ,1,"ಬಿಸುವು, ಉಷ್ಣತೆ"
ನಿದಾನ,noun,ಸಂ ,1,"ಹಗ್ಗ, ರಜ್ಜು"
ನಿದ್ರೆ,noun,<ಸಂ. ನಿದ್ರಾ ,1,"ಎಚ್ಚರವಿಲ್ಲದಿರುವ ಸ್ಥಿತಿ, ನಿದ್ದೆ"
ನಿಧನ,noun,ಸಂ ,1,"ಸಾವು, ಮರಣ"
ನಿಧಾನ,noun,ಸಂ ,1,"ಹುದುಗಿಟ್ಟ ದ್ರವ್ಯ, ನಿಧಿ"
ನಿಧಿ,noun,ಸಂ ,1,"ಸಂಪತ್ತು, ಐಶ್ವರ್ಯ"
ನಿಧುವನ,noun,ಸಂ ,1,"ಕಂಪನ, ನಡುಕ"
ನಿಪಾತ,noun,ಸಂ ,1,"ಕೆಳಕ್ಕೆ ಬೀಳುವುದು, ಪತನ"
ನಿಪುಣ,noun,ಸಂ ,1,"ಪಾರಂಗತ, ಪ್ರವೀಣ, ಜಾಣ"
ನಿಪ್ಪಸರ,noun,ದೇ ,1,"ಅತಿಶಯ, ಹೆಚ್ಚಳ"
ನಿಬಂಧ,noun,ಸಂ ,1,"ಕರಾರು, ಕಟ್ಟಳೆ"
ನಿಬಂಧನ,noun,ಸಂ ,1,"ಕಟ್ಟುವುದು, ಬಂಧನ"
ನಿಬಿಡ,noun,ಸಂ ,1,"ದಟ್ಟವಾದುದು, ಒತ್ತಾದುದು"
ನಿಬ್ಬಣ,noun,<ದೇ. ಬಿರ್ದಿನ ,1,"ಮದುವೆ, ಉತ್ಸವ ಮುಂ.ವುಗಳ ಮೆರವಣಿಗೆ"
ನಿಬ್ಬರ,noun,<ಸಂ. ನಿರ್ಭರ ,1,"ಅತಿಶಯ, ಹೆಚ್ಚಳ"
ನಿಮಂತ್ರಣ,noun,ಸಂ ,1,"ಕರೆಯುವುದು, ಆಮಂತ್ರಿಸುವುದು"
ನಿಮಜ್ಜನ,noun,ಸಂ ,1,ನೀರಿನಲ್ಲಿ ಮುಳುಗುವುದು
ನಿಮಿತ್ತ,noun,ಸಂ ,1,"ನೆಪ, ಕಾರಣ"
ನಿಮಿಷ,noun,ಸಂ ,1,"ರೆಪ್ಪೆ ಹೊಡೆಯುವುದು, ಕಣ್ಣು ಮಿಟುಕಿಸುವುದು"
ನಿಮೀಲನ,noun,ಸಂ ,1,ಎವೆಯನ್ನು ಮುಚ್ಚುವುದು
ನಿಯಂತ್ರಣ,noun,ಸಂ ,1,"ಹತೋಟಿ, ಹಿಡಿತ"
ನಿಯತ,noun,ಸಂ ,1,"ನಿಶ್ಚಿತವಾದುದು, ವ್ಯವಸ್ಥಿ ತವಾದುದು"
ನಿಯತಿ,noun,ಸಂ ,1,"ಹತೋಟಿ, ನಿರ್ಬಂಧ"
ನಿಯಮ,noun,ಸಂ ,1,"ಕಟ್ಟುಪಾಡು, ಕಟ್ಟಳೆ"
ನಿಯಾಮಕ,noun,ಸಂ ,1,ಅಂಕೆಯಲ್ಲಿಟ್ಟುಕೊಂಡಿರುವುದು
ನಿಯುಕ್ತ,noun,ಸಂ ,1,ಕೆಲಸದಲ್ಲಿ ನೇಮಕ ಹೊಂದಿರುವವನು
ನಿಯುಕ್ತಿ,noun,ಸಂ ,1,"ಅಪ್ಪಣೆ, ಆಜ್ಞೆ"
ನಿಯುತ,noun,ಸಂ ,1,"ಸೇರಿರುವುದು, ಕೂಡಿಕೊಂಡಿರುವುದು"
ನಿಯೋಗ,noun,ಸಂ ,1,"ಕೆಲಸ, ಉದ್ಯೋಗ"
ನಿಯೋಗಿ,noun,<ಸಂ. ನಿಯೋಗಿನ್ ,1,"ವಿಶೇಷಾಧಿ ಕಾರಿ, ಉನ್ನತಾಧಿಕಾರಿ"
ನಿರಂಜನ,noun,ಸಂ ,1,"ಕಪ್ಪಿನಿಂದ ಕೂಡಿಲ್ಲದುದು, ಕಾಡಿಗೆ ಯಾ ಅಂಜನ ಲೇಪವಿಲ್ಲದುದು"
ನಿರಂತರ,noun,ಸಂ ,1,"ಸತ್ಯವಾದುದು, ನಿತ್ಯವಾದುದು"
ನಿರಪೇಕ್ಷ,noun,ಸಂ ,1,"ಅಪೇಕ್ಷೆಯಿಲ್ಲದಿರುವುದು, ವಿರಕ್ತಿ"
ನಿರರ್ಥಕ,noun,ಸಂ ,1,"ವ್ಯರ್ಥವಾದುದು, ಪ್ರಯೋಜನವಿಲ್ಲದುದು"
ನಿರವದ್ಯ,noun,ಸಂ ,1,"ಶ್ರೇಷ್ಠವಾದುದು, ಉತ್ತಮವಾದುದು"
ನಿರವಧಿಕ,noun,ಸಂ ,1,"ಹೆಚ್ಚಾದುದು, ಅತಿಶಯವಾದುದು"
ನಿರಸನ,noun,ಸಂ ,1,ಹೊರದೂಡುವುದು
ನಿರಾಕಾರ,noun,ಸಂ ,1,ಆಕಾರವಿಲ್ಲದುದು
ನಿರಾತಂಕ,noun,ಸಂ ,1,"ಅಡೆತಡೆಯಿಲ್ಲದುದು, ಸುಗಮವಾದುದು"
ನಿರಾಮಯ,noun,ಸಂ ,1,"ನೆಮ್ಮದಿ, ಸಂತೋಷ"
ನಿರಿ,noun,<ದೇ. ನಿಱಿ ,1,"ಮಡಿಕೆ, ನಿರಿಗೆ"
ನಿರಿಗೆ,noun,ದೇ ,1,"ಸೀರೆ, ಧೋತ್ರ ಮೊ.ವುಗಳ ಮಡಿಕೆ; ನಿರಿ"
ನಿರೀಕ್ಷೆ,noun,ಸಂ ,1,ನೋಡುವುದು
ನಿರುಕ್ತಿ,noun,<ಸಂ. ನಿರುಕ್ತ ,1,"ಹೇಳಿದುದು, ಹೇಳಿಕೆ"
ನಿರುತ,noun,ದೇ ,1,"ದಿಟ, ಸತ್ಯ"
ನಿರೂಪ,noun,ಸಂ ,1,ನಿರಾಕಾರವಾದುದು
ನಿರೂಪಣೆ,noun,<ಸಂ. ನಿರೂಪಣಾ ,1,"ನೋಡುವುದು, ನೋಟ"
ನಿರೋಧ,noun,ಸಂ ,1,ಕಟ್ಟುಬಂಧನ
ನಿರ್ಗ್ರಂಥ,noun,ಸಂ ,1,"ಬತ್ತಲೆ, ನಗ್ನತೆ"
ನಿರ್ಣಯ,noun,ಸಂ ,1,ತೆಗೆದು ಹಾಕುವಿಕೆ
ನಿರ್ದೇಶ,noun,ಸಂ ,1,"ತೋರಿಸುವುದು, ಸೂಚಿಸುವುದು"
ನಿರ್ದೇಶಕ,noun,ಸಂ ,1,"ಕಾರ್ಯನಿರ್ವಾಹಕ, ಆಡಳಿತಗಾರ"
ನಿರ್ದೇಶನ,noun,ಸಂ ,1,ಸೂಚಿಸುವಿಕೆ
ನಿರ್ನಾಮ,noun,ಸಂ ,1,"ನಾಶ, ಅಳಿವು"
ನಿರ್ಬಂಧ,noun,ಸಂ ,1,"ಪಟ್ಟು ಹಿಡಿಯುವಿಕೆ, ದೃಢ ಸಂಕಲ್ಪ"
ನಿರ್ಭಯ,noun,ಸಂ ,1,"ನಿರ್ಭೀತಿ, ಧೈರ್ಯ"
ನಿರ್ಭರ,noun,ಸಂ ,1,"ವೇಗ, ರಭಸ"
ನಿರ್ಮಲ,noun,ಸಂ ,1,"ಶುದ್ಧತೆ, ಸ್ವಚ್ಛತೆ"
ನಿರ್ಮಾಣ,noun,ಸಂ ,1,ಅಳೆಯುವುದು
ನಿರ್ಮಾಪಕ,noun,ಸಂ ,1,ಸೃಷ್ಟಿ ಮಾಡುವವನು
ನಿರ್ಮಾಲ್ಯ,noun,ಸಂ ,1,"ನಿರ್ಮಲತೆ, ಶುದ್ಧತೆ"
ನಿರ್ಯಾಣ,noun,ಸಂ ,1,"ಹೊರಡುವುದು, ಹೊರ ಬೀಳುವುದು"
ನಿರ್ಲಕ್ಷ್ಯ,noun,ಸಂ ,1,"ಅಸಡ್ಡೆ, ಅನಾದರ, ಅಗೋ ಚರನಾದವನು"
ನಿರ್ವಂದ,noun,<ಸಂ. ನಿರ್ಭಂಧ ,1,"ಬಲಾತ್ಕಾರ, ಒತ್ತಾಯ, ನಿರ್ಬಂಧ"
ನಿರ್ವಚನ,noun,ಸಂ ,1,"ಮಾತು, ನುಡಿ"
ನಿರ್ವಾಣ,noun,ಸಂ ,1,"ನಂದುವುದು, ಆರುವುದು"
ನಿರ್ವಾಹ,noun,ಸಂ ,1,"ನಿವಾರಣೋಪಾಯ, ಬೇರೆಯ ದಾರಿ, ಗತ್ಯಂತರ"
ನಿರ್ವಿಕಲ್ಪ,noun,ಸಂ ,1,ಬದಲಾಗದಿರುವಿಕೆ
ನಿರ್ವಿಕಾರ,noun,ಸಂ ,1,"ಯಾವ ಬದಲಾವಣೆಯನ್ನೂ ಹೊಂದದಿರುವಿಕೆ, ಸ್ಥಿರಭಾವ"
ನಿರ್ವಿಘ್ನ,noun,ಸಂ ,1,"ಅಡ್ಡಿಯಿಲ್ಲದಿರುವಿಕೆ, ಸರಾಗ"
ನಿರ್ವಿಣ್ಣ,noun,ಸಂ ,1,"ನಿರಾಶೆಯಿಂದ ಕೂಡಿರುವುದು, ನಿರುತ್ಸಾಹದಿಂದ ಕೂಡಿರುವುದು"
ನಿರ್ವಿಶೇಷ,noun,ಸಂ ,1,"ಅಭೇದ, ಏಕ ರೂಪತೆ"
ನಿರ್ವೀರ್ಯ,noun,ಸಂ ,1,"ಬಲವಿಲ್ಲದಿರುವುದು, ಶಕ್ತಿಗುಂದಿದುದು"
ನಿರ್ವೃತ,noun,ಸಂ ,1,"ಸಮಾಧಾನ ಹೊಂದಿದ ವ್ಯಕ್ತಿ, ತೃಪ್ತ"
ನಿರ್ವೃತಿ,noun,ಸಂ ,1,"ಸುಖ, ಸಂತೋಷ"
ನಿರ್ವೇದ,noun,ಸಂ ,1,"ಆತ್ಮ ಜುಗುಪ್ಸೆ, ವೈರಾಗ್ಯ, ವಿರಕ್ತಿ"
ನಿರ್ವ್ಯಾಜ,noun,ಸಂ ,1,"ಕಪಟವಿಲ್ಲದಿರುವುದು, ನಿಷ್ಕಪಟತೆ"
ನಿಲವು,noun,ದೇ ,1,"ನಿಂತುಕೊಳ್ಳುವಿಕೆ, ನಿಂತಿರುವಿಕೆ"
ನಿಲುಕಡೆ,noun,ದೇ ,1,"ನಿಲ್ಲುವ ಜಾಗ, ಇರುವ ಸ್ಥಳ, ನೆಲೆ"
ನಿಲುಕು,noun,ದೇ ,1,"ಚಾಚುವಿಕೆ, ನೀಡುವಿಕೆ"
ನಿಲುಗಡೆ,noun,ದೇ ,1,ನಿಲುಕಡೆ
ನಿಲುಮೆ,noun,ದೇ ,1,"ರೀತಿ, ಸ್ವಭಾವ"
ನಿಲುವು,noun,ದೇ ,1,"ಇರುವಿಕೆ, ಸ್ಥಿತಿ, ಅವಸ್ಥೆ"
ನಿಲ್ದಾಣ,noun,ನಿಲ್ + ತಾಣ <ಸಂ. ಸ್ಥಾನ ,1,"ಆವಾಸಸ್ಥಾನ, ನೆಲೆ"
ನಿವರ್ತನ,noun,ಸಂ ,1,"ಮರಳುವಿಕೆ, ಹಿಂದಿರುಗುವಿಕೆ"
ನಿವಾಟ,noun,ಸಂ ,1,"ಚೆದುರುವಿಕೆ, ಚೆಲ್ಲಾಪಿಲ್ಲಿ"
ನಿವಾಡ,noun,<ಮರಾ ,1,"ಉಪಾಯ, ಹಂಚಿಕೆ"
ನಿವಾತ,noun,ಸಂ ,1,ಗಾಳಿಯ ಹೊಡೆತವಿಲ್ಲದಿರುವುದು
ನಿವಾರಣ(ಣೆ),noun,ಸಂ ,1,"ಕಳೆಯುವಿಕೆ, ನಿವಾರಿಸುವಿಕೆ"
ನಿವಾಳಿ,noun,ದೇ ,1,"ದೃಷ್ಟಿದೋಷ ಪರಿಹಾರಕ್ಕಾಗಿ ಇಳಿ ತೆಗೆಯುವುದು, ನೀವಳಿಸುವುದು, ದೃಷ್ಟಿ ತೆಗೆಯುವುದು"
ನಿವಾಸ,noun,ಸಂ ,1,"ವಾಸಸ್ಥಳ, ಮನೆ"
ನಿವೃತ್ತಿ,noun,ಸಂ ,1,ಲೌಕಿಕ ವ್ಯವಹಾರ ಮತ್ತು ಐಹಿಕ ಸುಖಗಳಲ್ಲಿ ಆಸಕ್ತಿ ಇಲ್ಲದಿರುವಿಕೆ
ನಿವೇಶ,noun,ಸಂ ,1,"ಮನೆ, ವಾಸಸ್ಥಳ"
ನಿಶಾಂತ,noun,ಸಂ ,1,"ಮನೆ, ನೆಲೆ, ಆವಸ"
ನಿಶಾಚರ,noun,ಸಂ ,1,"ರಾತ್ರಿಯಲ್ಲಿ ಸಂಚರಿಸುವುವು ಎನ್ನಲಾದ ದೆವ್ವ, ಭೂತ, ಪಿಶಾಚಿ ಮೊ.ವು"
ನಿಶಾನಿ(ನೆ),noun,<ಪಾರ. ನಿಶಾನ್ ,1,"ಗುರುತು, ಚಿಹ್ನೆ"
ನಿಶಿ,noun,<ಸಂ. ನಿಶಾ ,1,"ಇರುಳು, ರಾತ್ರಿ"
ನಿಶಿತ,noun,ಸಂ ,1,"ಹರಿತವಾದುದು, ಚೂಪಾಗಿರುವುದು"
ನಿಶೀ,noun,ಸಂ ,1,ರಾತ್ರಿ
ನಿಶೆ,noun,<ಸಂ. ನಿಶಾ ,1,"ರಾತ್ರಿ, ಇರುಳು"
ನಿಶ್ಚಲ(ಳ),noun,ಸಂ ,1,"ಚಲನೆಯಿಲ್ಲದುದು, ಸ್ಥಿರವಾದುದು"
ನಿಶ್ಚಿತ,noun,ಸಂ ,1,"ನಿರ್ಧರಿಸಿದುದು, ನಿರ್ಣಯಿಸಿದುದು"
ನಿಶ್ಚಿತಾರ್ಥ,noun,ಸಂ ,1,ನಿರ್ಧಾರವಾದ ವಿಷಯ
ನಿಶ್ಚೇತನ,noun,ಸಂ ,1,"ಉತ್ಸಾಹವಿಲ್ಲದಿರುವಿಕೆ, ಜಡವಾಗಿರುವಿಕೆ"
ನಿಶ್ವಾಸ,noun,ಸಂ ,1,ಉಸಿರನ್ನು ಹೊರಬಿಡುವಿಕೆ
ನಿಶ್ಶೇಷ,noun,ಸಂ ,1,"ಶೇಷವಿಲ್ಲದುದು, ಸಂಪೂರ್ಣವಾಗಿ ಮುಗಿದುದು"
ನಿಷಾದ,noun,ಸಂ ,1,"ಬೇಡ, ಕಿರಾತ"
ನಿಷೇಕ,noun,ಸಂ ,1,"ಸಿಂಪಡಿಸುವಿಕೆ, ಚಿಮುಕಿಸುವಿಕೆ"
ನಿಷೇಧ,noun,ಸಂ ,1,"ಅಲ್ಲಗಳೆಯುವಿಕೆ, ನಿರಾಕರಣೆ"
ನಿಷ್ಕ,noun,ಸಂ ,1,"ಚಿನ್ನ, ಸುವರ್ಣ"
ನಿಷ್ಕಂಟಕ,noun,ಸಂ ,1,ಮುಳ್ಳುಗಳಿಲ್ಲದಿರುವುದು
ನಿಷ್ಕಲ,noun,ಸಂ ,1,ಪರವಸ್ತು
ನಿಷ್ಕಾಮ,noun,ಸಂ ,1,"ಆಸೆಯಿಲ್ಲದಿರುವುದು, ನಿಸ್ವಾರ್ಥವಾದುದು"
ನಿಷ್ಕುಟ,noun,ಸಂ ,1,ಮನೆಯ ಬಳಿಯಿರುವ ತೋಟ
ನಿಷ್ಕ್ರಮಣ,noun,ಸಂ ,1,"ಹೊರಗೆ ಹೋಗುವಿಕೆ, ಹೊರಬೀಳುವಿಕೆ"
ನಿಷ್ಠುರ,noun,ಸಂ ,1,"ಕಠಿಣವಾದುದು, ಒರಟಾದುದು, ಬಿರುಸಾದುದು"
ನಿಷ್ಠೆ,noun,<ಸಂ. ನಿಷ್ಠಾ ,1,"ದೃಢತೆ, ಸ್ಥಿರತೆ"
ನಿಷ್ಪಂದ,noun,ಸಂ ,1,"ಚಲಿಸದೆ ಇರುವುದು, ನಿಶ್ಚಲವಾಗಿರುವುದು"
ನಿಷ್ಪತ್ತಿ,noun,ಸಂ ,1,"ಹುಟ್ಟು, ಉತ್ಪತ್ತಿ"
ನಿಷ್ಪನ್ನ,noun,ಸಂ ,1,"ಹೊರಬಂದುದು, ಹುಟ್ಟಿದುದು, ಉಂಟಾದುದು"
ನಿಷ್ಪ್ರಯೋಜಕ,noun,ಸಂ ,1,"ಉಪಯೋಗಕ್ಕೆ ಬಾರದುದು, ಅಪ್ರಯೋಜಕವಾದುದು"
ನಿಸರ್ಗ,noun,ಸಂ ,1,"ಸೃಷ್ಟಿ, ಉತ್ಪತ್ತಿ"
ನಿಸಿ,noun,<ಸಂ. ನಿಶಾ ,1,"ಇರುಳು, ರಾತ್ರಿ"
ನಿಸಿದಿ,noun,ನಿಸಿದೆಗೆ ಶಬ್ದದ ಸಂಕ್ಷಿಪ್ತ ,1,ಸಂನ್ಯಸನ ವಿಧಿಯಿಂದ ಮರಣಹೊಂದಿದ ಜೈನಮುನಿಗಳ ಸಮಾಧಿ
ನಿಸೂರು,noun,<ಮರಾ. ನಿಸೂರ್ ,1,"ನಿಶ್ಚಿಂತೆ, ನಿರ್ಯೋಚನೆ, ಆರಾಮ"
ನಿಸ್ತಾರ,noun,ಸಂ ,1,ದಾಟುವುದು
ನಿಸ್ತೇಜ,noun,ಸಂ ,1,"ಕಾಂತಿಹೀನವಾದುದು, ಕಳೆಗುಂದಿದುದು"
ನಿಸ್ತ್ರಿಂಶ,noun,ಸಂ ,1,"ಕತ್ತಿ, ಖಡ್ಗ"
ನಿಸ್ಪ,noun,ಹ ಸಂ ,1,"ಆಸೆಗಳನ್ನು ಬಿಟ್ಟವನು, ವಿರಕ್ತ, ವಿರಾಗಿ"
ನಿಸ್ಸತ್ವ,noun,ಸಂ ,1,"ಸತ್ವವಿಲ್ಲದಿರುವಿಕೆ, ಅಶಕ್ತಿ, ದುರ್ಬಲತೆ"
ನಿಸ್ಸೀಮ,noun,ಸಂ ,1,"ಎಲ್ಲೆಯಿಲ್ಲದುದು, ಪರಿ ಮಿತಿಯಿಲ್ಲದುದು"
ನಿಹಿತ,noun,ಸಂ ,1,"ಇಟ್ಟುದು, ಇರಿಸಿದುದು"
ನೀಚ,noun,ಸಂ ,1,"ಕುಳ್ಳಾಗಿರುವುದು, ಗಿಡ್ಡಾಗಿರುವುದು"
ನೀಟ,noun,ದೇ ,1,"ಉದ್ದ, ನೀಳ"
ನೀಟು,noun,ದೇ ,1,"ಕೊಂಕಿಲ್ಲದಿರುವುದು, ನೇರವಾಗಿರುವುದು"
ನೀಡು,noun,ದೇ ,1,"ಉದ್ದ, ನೀಳ"
ನೀತಿ,noun,ಸಂ ,1,ಒಯ್ಯುವಿಕೆ
ನೀಪ,noun,ಸಂ ,1,"ಬೆಟ್ಟದ ಕೆಳ ಪ್ರದೇಶ, ತಪ್ಪಲು, ಸಾನು"
ನೀರ,noun,<ಸಂ. ನೀರ ,1,"ಸುಂದರ, ಚೆಲುವ"
ನೀರಸ,noun,ಸಂ ,1,ಒಣಗಿದುದು
ನೀರಾಂಜನ,noun,<ಸಂ. ನೀರಾಜನ ,1,"ದೀಪ, ನೀರಾಜನ, ನೀಲಾಂಜನ"
ನೀರು,noun,ದೇ ,1,"ಜಲ, ಉದಕ"
ನೀರ್ಗಲ್,noun,ದೇ ,1,ಮಂಜುಗಡ್ಡೆ
ನೀಳ,noun,ಸಂ ,1,"ನಿಡಿದು, ದೀರ್ಘತೆ"
ನೀವಾಕ,noun,ಸಂ ,1,"ಬರ, ಕ್ಷಾಮ"
ನೀಹಾರ,noun,ಸಂ ,1,"ಮಂಜು, ಹಿಮ"
ನುಂಗು,noun,ದೇ ,1,"ಆವರಣ, ಮುಸುಕು"
ನುಗ್ಗು,noun,ದೇ ,1,"ನೂಕಾಟ, ನೂಕುನುಗ್ಗಲು"
ನುಚ್ಚು,noun,ದೇ ,1,"ಪುಡಿ, ಸಣ್ಣ ಸಣ್ಣ ಚೂರು"
ನುಡಿ,noun,ದೇ ,1,"ಮಾತು, ಸೊಲ್ಲು"
ನುಡಿತ,noun,ದೇ ,1,"ನುಡಿಯುವಿಕೆ, ಅಭಿವ್ಯಕ್ತಿ"
ನುಣುಪು,noun,<ದೇ. ನುಣ್ಪು ,1,"ಜಾರಿಕೆ, ತೇಲಿಕೆ, ಹಾರಿಕೆ"
ನುತಿ,noun,ಸಂ ,1,"ಕೊಂಡಾಟ, ಹೊಗಳಿಕೆ, ಸ್ತುತಿ"
ನುಲಿ,noun,ದೇ ,1,"ಹೊಸೆದು ಮಾಡಿದ ಹುರಿ, ಹಗ್ಗ, ದಾರ"
ನುಸಿ,noun,ದೇ ,1,"ಹುಡಿ, ಧೂಳು"
ನುಸುಳು,noun,ದೇ ,1,"ಇಕ್ಕಟ್ಟಾದ ಸಂದಿಯಲ್ಲಿ ತೂರುವಿಕೆ, ನುಣುಚಿಕೊಳ್ಳುವಿಕೆ"
ನೂತನ,noun,ಸಂ ,1,"ಹೊಸದು, ನವೀನವಾದುದು"
ನೂನ,noun,<ಸಂ. ನ್ಯೂನ ,1,"ಕೊರತೆ, ನ್ಯೂನತೆ"
ನೂಲು,noun,ದೇ ,1,"ದಾರ, ಎಳೆ, ಸೂತ್ರ"
ನೆಂಟ,noun,ದೇ ,1,"ಬಂಧು, ಸಂಬಂಧಿಕ"
ನೆಂಟು,noun,ದೇ ,1,"ಸಂಬಂಧ, ಬಾಂಧವ್ಯ"
ನೆಗಳಿಕೆ,noun,ದೇ ,1,"ಪ್ರಸಿದ್ಧಿ, ಖ್ಯಾತಿ"
ನೆಗೆಣ್ಣಿ,noun,ದೇ ,1,"ಗಂಡನ ತಮ್ಮ ಯಾ ಅಣ್ಣನ ಹೆಂಡತಿ, ಓರಗಿತ್ತಿ"
ನೆಗ್ಗು,noun,ದೇ ,1,"ಪೆಟ್ಟು ಬೀಳುವಿಕೆಯಿಂದ ಪಾತ್ರೆಗಳಲ್ಲಿ ಉಂಟಾಗುವ - ತಗ್ಗು, ಹಳ್ಳ"
ನೆಣ,noun,ದೇ ,1,"ಕೊಬ್ಬು, ಮೇದಸ್ಸು"
ನೆತ್ತ,noun,ದೇ ,1,ಪಗಡೆಯ ದಾಳ
ನೆತ್ತಿ,noun,ದೇ ,1,"ತಲೆಯ ಮಧ್ಯಭಾಗ, ನಡುದಲೆ"
ನೆನಪು,noun,<ದೇ. ನೆನೆ + ಪು ,1,"ನೆನಕೆ, ಜ್ಞಾಪಕ"
ನೆನೆಗುದಿ,noun,<ದೇ. ನೆನೆ + ಕುದಿ ,1,"ಪೇಚು, ತಳಮಳ"
ನೆಮ್ಮು,noun,ದೇ ,1,"ಅವಲಂಬನ, ಆಸರೆ, ಆಧಾರ"
ನೆಯ್,noun,ದೇ ,1,"ತುಪ್ಪ, ಜೇನುತುಪ್ಪ"
ನೆಯ್ಗೆ,noun,ದೇ ,1,"ಬಟ್ಟೆ ನೇಯುವುದು, ನೇಕಾರನ ಕೆಲಸ"
ನೆರ,noun,ದೇ ,1,"ಮರ್ಮಸ್ಥಾನ, ಆಯಕಟ್ಟು"
ನೆರ(ರಿ)ಕೆ,noun,ದೇ ,1,"ತಡಿಕೆ, ತಟ್ಟಿ"
ನೆರಳು,noun,ದೇ ,1,"ಮನುಷ್ಯ, ಮರ, ಗಿಡ, ಕೊಡೆ ಮುಂ.ವುಗಳ ಛಾಯೆ"
ನೆರವಿ,noun,ದೇ ,1,"ಗುಂಪು, ಸಮೂಹ"
ನೆರವು,noun,ದೇ ,1,"ಸಹಾಯ, ಬೆಂಬಲ"
ನೆರಿಗೆ,noun,ದೇ ,1,"ಸೀರೆ, ಧೋತ್ರ ಮೊ.ವುಗಳ ಮಡಿಕೆ"
ನೆರೆ,noun,ದೇ ,1,"ಪಕ್ಕ, ಪಾರ್ಶ್ವ, ಮಗ್ಗುಲು"
ನೆಲ,noun,ದೇ ,1,"ಭೂಪ್ರದೇಶ, ಭೂಮಿ"
ನೆಲಗಟ್ಟು,noun,= ,1,ಕಟ್ಟಡಗಳ ಸಮ ಮಾಡಿದ ನೆಲ
ನೆಲಸು,noun,ದೇ ,1,"ಬೀಡು, ಬಿಡಾರ"
ನೆಲೆ,noun,ದೇ ,1,"ಆಶ್ರಯ, ಆಧಾರ"
ನೆಳಲು,noun,ದೇ ,1,ನೆರಳು
ನೆವ(ಪ),noun,ದೇ ,1,"ಕಾರಣ, ಹೇತು"
ನೇಗಿಲು,noun,ದೇ ,1,"ಭೂಮಿಯನ್ನು ಉಳುವ ಸಾಧನ, ರೆಂಟೆ"
ನೇಜಿ,noun,ದೇ ,1,"ಬತ್ತ, ರಾಗಿ ಮೊ.ವುಗಳ ಎಳೆಯ ಸಸಿ"
ನೇಣು,noun,ದೇ ,1,"ಹಗ್ಗ, ಹುರಿ"
ನೇತ್ರ,noun,ಸಂ ,1,"ಕಣ್ಣು, ನಯನ"
ನೇಪಥ್ಯ,noun,ಸಂ ,1,"ಆಭರಣ, ಅಲಂಕಾರ"
ನೇಮಕ,noun,ಸಂ ,1,ನಿಯಂತ್ರಿಸುವುದು
ನೇಮಿ,noun,ಸಂ ,1,"ಗಾಡಿಯ ಚಕ್ರದ - ಅಂಚು, ಪಟ್ಟ"
ನೇಯ,noun,ಸಂ ,1,"ಅನ್ವಯಿಸುವಂಥದು, ಅಳವಡುವಂಥದು"
ನೇರ,noun,ದೇ ,1,"ನೆಟ್ಟಗಿರುವಿಕೆ, ಡೊಂಕಿಲ್ಲದಿರುವಿಕೆ"
ನೇರ್(ರು),noun,ದೇ ,1,"ಒಪ್ಪಿಗೆ, ಸಮ್ಮತಿ"
ನೇರ್ಪು,noun,ದೇ ,1,"ಕೊಲೆಯ - ಸೇಡು, ಮುಯ್ಯಿ"
ನೇವಣ(ಳ),noun,ದೇ ,1,"ಚಿನ್ನ ಯಾ ಬೆಳ್ಳಿಯ - ಹಾರ, ಸರ"
ನೇಹ,noun,<ಸಂ. ಸ್ನೇಹ ,1,"ಗೆಳೆತನ, ಸ್ನೇಹ"
ನೈಗಮ,noun,ಸಂ ,1,ದಾರಿ
ನೈಚಿಕಿ(ಕೆ),noun,<ಸಂ. ನೈಚಿಕೀ ,1,ಎತ್ತಿನ ಹಣೆ
ನೈಜ,noun,ಸಂ ,1,"ನಿಜ, ಸತ್ಯ"
ನೈಮಿತ್ತಿಕ,noun,ಸಂ ,1,"ಶಕುನ ಹೇಳುವವನು, ಜ್ಯೋತಿಷಿ"
ನೈಯಾಯಿಕ,noun,ಸಂ ,1,ತರ್ಕಶಾಸ್ತ್ರಜ್ಞ
ನೈವೇದ್ಯ,noun,ಸಂ ,1,"ಪೂಜಾವಿಧಿಯಲ್ಲಿ ದೇವರಿಗೆ ಮಾಡುವ ಹಣ್ಣು, ಕಾಯಿ, ಭಕ್ಷ್ಯ, ಭೋಜನಾದಿಗಳ ಸಮರ್ಪಣೆ"
ನೈಷ್ಠಿಕ,noun,ಸಂ ,1,ಯಾವ ಜೀವವೂ ಬ್ರಹ್ಮ ಚರ್ಯವನ್ನು ಪಾಲಿಸುವವನು
ನೊಗ,noun,<ಸಂ. ಯುಗ ,1,"ಬಂಡಿಯನ್ನಾಗಲಿ, ನೇಗಿಲನ್ನಾಗಲಿ ಎಳೆಯಲು ಎತ್ತು, ಕುದುರೆ ಮೊ.ವುಗಳ ಕತ್ತಿನ ಮೇಲೆ ಇಡುವ ಉದ್ದವಾದ ಮರದ ದಿಂಡು; ಯುಗ"
ನೊಚ್ಚಿತು,noun,ದೇ ,1,ಹಗುರವಾದುದು
ನೊರಜು,noun,ದೇ ,1,ಸಣ್ಣ ಕೀಟ
ನೊರೆ,noun,ದೇ ,1,"ಬುರುಗು, ಫೇನ"
ನೋಟ,noun,ದೇ ,1,"ನೋಡುವಿಕೆ, ಅವಲೋಕನ"
ನೋವು,noun,ದೇ ,1,"ಬೇನೆ, ಶೂಲೆ"
ನೌ,noun,ಸಂ ,1,"ಹಡಗು, ನೌಕೆ"
ನ್ಯಸನ,noun,ಸಂ ,1,ಇಡುವಿಕೆ
ನ್ಯಾಯ,noun,ಸಂ ,1,ತಿಳಿದವರು ಒಡಂಬಡಲು ಯೋಗ್ಯವಾದುದು
ನ್ಯಾಸ,noun,ಸಂ ,1,"ಇಡುವಿಕೆ, ಇರಿಸುವಿಕೆ"
ಪ(ಪೊ)ಗದಸ್ತು,noun,<ಮರಾ. ಪಗದಸ್ತ ,1,"ಸಮೃದ್ಧವಾದುದು, ಪುಷ್ಕಳ, ಭರ್ಜರಿ"
ಪ(ಫ)ಟಿಂಗ,noun,<ಮರಾ. ಫಟಿಂಗ ,1,"ಪೋಕರಿ, ಉಡಾಳ"
ಪ(ಹ)ಡಿಕೆ,noun,ದೇ ,1,"ಕೆಟ್ಟವಾಸನೆ, ದುರ್ಗಂಧ"
ಪ(ಹ)ಣಿಗೆ,noun,ದೇ ,1,"ಕಬ್ಬು, ಬಾಳೆ ಮುಂ. ಕಟಾವು ಮಾಡಬೇಕಾದ ಬೆಳೆ, ಪೈರು"
ಪ(ಹ)ದಿ,noun,ದೇ ,1,ವಾಸಸ್ಥಳ
ಪಂ(ವಂ)ಗಡ,noun,ದೇ ,1,"ಗುಂಪು, ಸಮೂಹ"
ಪಂಕ,noun,ಸಂ ,1,"ಕೆಸರು, ರಾಡಿ"
ಪಂಕ್ತಿ,noun,ಸಂ ,1,"ಸಾಲು, ಶ್ರೇಣಿ"
ಪಂಗ,noun,ದೇ ,1,"ಟಿಸಿಲು, ಕವಲು"
ಪಂಗನಾಮ,noun,ದೇ ,1,ಹಣೆಯಲ್ಲಿ ಉದ್ದಕ್ಕೆ ಕವಲಾಗಿ ಹಾಕುವ ನಾಮ
ಪಂಗು,noun,ದೇ ,1,"ರಾಜನಿಗೆ ಸಲ್ಲಬೇಕಾದ ಕರದ ಭಾಗ, ರಾಜಾದಾಯ"
ಪಂಚ,noun,ಸಂ ,1,ಐದು
ಪಂಚತೆ,noun,<ಸಂ. ಪಂಚತಾ ,1,ಐದರ ಮೊತ್ತ
ಪಂಚಪ್ರಾಣ,noun,<ಸಂ. ಪಂಚತಾ ,1,"ಶರೀರದಲ್ಲಿರುವ ಪ್ರಾಣ, ಅಪಾನ, ವ್ಯಾನ, ಉದಾನ ಮತ್ತು ಸಮಾನವೆಂಬ ಐದು ವಾಯುಗಳು"
ಪಂಚರಂಗಿ,noun,<ಸಂ. ಪಂಚತಾ ,1,ಐದು ಬಣ್ಣಗಳುಳ್ಳದ್ದು
ಪಂಚಾ(ಯ)ಯಿತಿ,noun,<ಹಿಂ. ಪಂಚಾಇತ್ ,1,ಗ್ರಾಮದ ಆಡಳಿತವನ್ನು ನಡೆಸುವ ಐದು ಜನರುಳ್ಳ ಸ್ಥಳೀಯ ಸಂಸ್ಥೆ
ಪಂಚಾಮೃತ,noun,<ಹಿಂ. ಪಂಚಾಇತ್ ,1,"ದೇವರ ಅಭಿಷೇಕಕ್ಕೆ ಉಪ ಯೋಗಿಸುವ ಹಾಲು, ಮೊಸರು, ತುಪ್ಪ, ಜೇನು ತುಪ್ಪ ಮತ್ತು ಸಕ್ಕರೆಗಳ ಮಿಶ್ರಣ"
ಪಂಜರ,noun,ಸಂ ,1,"ಹಕ್ಕಿ, ಪ್ರಾಣಿ ಮುಂ.ವುಗಳನ್ನು ಕೂಡುವ ಸಾಧನ; ಗೂಡು"
ಪಂಜಾ,noun,ಪಾರ. ಮರಾ ,1,"ಪಂಜ, ಸಿಂಹ ಬೆಕ್ಕು ಮುಂ. ಪ್ರಾಣಿಗಳ ಉಗುರುಸಹಿತವಾದ ಅಂಗಾಲು"
ಪಂಜಿ,noun,ಸಂ ,1,"ಹತ್ತಿಯ ಉಂಡೆ, ಹಂಜಿ"
ಪಂಜಿಕೆ,noun,<ಸಂ. ಪಂಜಿ ,1,"ಹತ್ತಿಯ ಉಂಡೆ, ಹಂಜಿ"
ಪಂಡ,noun,<ಹಿಂ. ಪಂಡಾ ,1,"ನಪುಂಸಕ, ಷಂಡ"
ಪಂಥ,noun,ಸಂ ,1,"ಪ್ರತಿಜ್ಞೆ, ಶಪಥ"
ಪಂದ್ಯ(ತ),noun,ದೇ ,1,"ಜೂಜು, ಬಾಜಿ"
ಪಕೀರ,noun,<ಅರಾ. ಹಿಂ. ಫಕೀರ್ ,1,"ಬಡವ, ಗರೀಬ"
ಪಕ್ಕ,noun,<ಸಂ. ಪಕ್ಷ ,1,"ಬದಿ, ಮಗ್ಗುಲು"
ಪಕ್ಕಾ,noun,<ಸಂ. ಪಕ್ವ ,1,"ಕಳಿತಿರುವುದು, ಪಕ್ವವಾದುದು"
ಪಕ್ಕು,noun,ದೇ ,1,"ಮೂಗು, ಕಣ್ಣು ಮೊ.ವುಗಳ ಕೊಳೆ, ಪಿಚ್ಚು, ಗೀಜು"
ಪಕ್ಕೆ,noun,<ಪೞ ,1,"ಹಾಸುಗೆ, ಶಯ್ಯೆ"
ಪಕ್ವ,noun,ಸಂ ,1,ಚೆನ್ನಾಗಿ ಬೆಂದಿರುವುದು
ಪಕ್ವಾನ್ನ,noun,<ಸಂ. ಪಕ್ವಾನ್ನ / ಹಿಂ. ಪಕವಾನ್ ,1,ಬೇಯಿಸಿದ ಅನ್ನ
ಪಕ್ಷ,noun,ಸಂ ,1,"ರೆಕ್ಕೆ, ಗರಿ"
ಪಕ್ಷಪಾತ,noun,ಸಂ ,1,ರೆಕ್ಕೆ ಬಡಿಯುವಿಕೆ
ಪಕ್ಷ್ಮ,noun,<ಸಂ. ಪಕ್ಷ್ಮನ್ ,1,"ರೆಪ್ಪೆಗೂದಲು, ರೆಪ್ಪೆ, ಎವೆ"
ಪಗ(ಂ)ಟು,noun,ದೇ ,1,"ಮೋಹ, ಮಾಯೆ"
ಪಗಂಡು,noun,<ಸಂ. ಪ್ರಕಟ ,1,ಎದ್ದು ಕಾಣುವಿಕೆ ಪ್ರಕಟವಾಗುವಿಕೆ
ಪಗಡಿ,noun,"<ಹಿಂ. ಮರಾ. ಪಗಡೀ ರುಮಾಲು, ಮುಂಡಾಸು; <ಮರಾ. ಪಾಗುಡೀ ",1,"ಮನೆಯ ಮಳಿಗೆ ಮೊ.ವುಗಳನ್ನು ಬಾಡಿಗೆಗೆ ತೆಗೆದುಕೊಳ್ಳುವಾಗ ವಿಶ್ವಾಸಕ್ಕಾಗಿ ಕೊಡುವ - ಹೆಚ್ಚಿನ ಹಣ, ಕಾಣಿಕೆ"
ಪಗಡೆ,noun,ದೇ ,1,ಒಂದು ಜಾತಿಯ ಮರ
ಪಗರಣ,noun,<ಸಂ. ಪ್ರಕರಣ ,1,"ಹತ್ತು ಬಗೆಯ ದೃಶ್ಯಕಾವ್ಯಗಳಲ್ಲಿ ಒಂದು, ನಾಟಕದಲ್ಲಿ ಒಂದು ಭೇದ"
ಪಗಿನ,noun,ದೇ ,1,ಸುಗಂಧ ದ್ರವ್ಯ
ಪಗುಡಿ,noun,? ,1,"ಹಾಸ್ಯ, ಕುಚೋದ್ಯ"
ಪಗೆ,noun,ದೇ ,1,"ದ್ವೇಷ, ಹಗೆತನ"
ಪಗೋಡ,noun,<ಇಂ. Pagoda / ಪೋರ್ಚು. Pagode ,1,ಬೌದ್ಧರ ದೇವಾಲಯ
ಪಚ(ಚ್ಚ)ಡಿ,noun,ದೇ ,1,"ತುಂಡು, ಚೂರು, ಹೋಳು"
ಪಚನ,noun,ಸಂ ,1,"ಬೇಯಿಸುವುದು, ಅಡುಗೆ ಮಾಡುವುದು"
ಪಚ್ಚ,noun,<ದೇ. ಪಸುರ್ = ಹಸುರು ,1,ಹಸಿರು ಬಣ್ಣ
ಪಚ್ಚಡ,noun,<ಸಂ. ಪ್ರಚ್ಛದ ,1,"ಹೊದಿಕೆ, ದುಪ್ಪಟ"
ಪಚ್ಚಳ,noun,<ಸಂ. ಪಶ್ಚಾತ್ತಲ / <ಪ್ರಾ. ಪಚ್ಛಿಲ್ಲ ,1,"ನಿತಂಬ, ಪಿರ್ರೆ"
ಪಚ್ಚು,noun,<ದೇ. ಪಸು ,1,"ಕಿವಿಮಾತು, ಪಿಸುಮಾತು"
ಪಚ್ಚೆ,noun,<ದೇ. ಪಸುರ್ = ಹಸುರು ,1,ಹಸಿರು ಬಣ್ಣ
ಪಜ್ಜೆ,noun,<ಸಂ. ಪದ್ಯಾ >ಪ್ರಾ. ಪಜ್ಜಾ ,1,"ಅಡಿ, ಪಾದ, ಹೆಜ್ಜೆ"
ಪಟ,noun,ಸಂ ,1,"ಬಟ್ಟೆ, ವಸ್ತ್ರ"
ಪಟ(ಡ)ಸಾಲೆ,noun,ದೇ ,1,"ಪಡಸಾಲೆ, ಮೊಗ ಸಾಲೆ, ಹಜಾರ"
ಪಟಲಿಕೆ,noun,<ಸಂ. ಪಟಲಿಕಾ ,1,"ಪಟಲಕ, ತೆರೆ, ಪರದೆ"
ಪಟವಾಸ,noun,ಸಂ ,1,"ಬಟ್ಟೆಯಿಂದ ರಚಿಸಿದ ಡೇರೆ, ಗುಡಾರ"
ಪಟಾಲಂ,noun,<ಇಂ. battalion ,1,"ಸೈನ್ಯದ ಒಂದು ಭಾಗ, ದಂಡಿನ ತುಕಡಿ"
ಪಟಾವಳಿ,noun,<ಹಿಂ. ಮರಾ. ಪಟನಾ ,1,ಪಟ್ಟೆಗಳನ್ನುಳ್ಳದ್ದು
ಪಟೀರ,noun,ಸಂ ,1,"ಶ್ರೀಗಂಧ, ಚಂದನ"
ಪಟು,noun,ಸಂ ,1,ಸಮರ್ಥನಾದವನು
ಪಟುತ್ವ,noun,ಸಂ ,1,"ಚಟುವಟಿಕೆ, ಲವಲವಿಕೆ"
ಪಟ್ಟ,noun,<ಸಂ. ಪಟ ,1,"ಉತ್ತಮವಾದ ಬಣ್ಣದ ಯಾ ರೇಷ್ಮೆಯ - ಬಟ್ಟೆ, ವಸ್ತ್ರ"
ಪಟ್ಟಳೆ,noun,ದೇ ,1,"ತೊಲೆ, ದೂಲ"
ಪಟ್ಟಿ,noun,ದೇ ,1,"ದನ, ಕುರಿ ಮೊ.ವುಗಳ ದೊಡ್ಡಿ, ರೊಪ್ಪ, ಕೊಟ್ಟಿಗೆ"
ಪಟ್ಟು,noun,ದೇ ,1,"ಬಿಗಿಯಾದ ಹಿಡಿತ, ಬಿಗಿತ, ಹಟ, ಛಲ"
ಪಟ್ಟೆ,noun,ದೇ ,1,"ಅಗಲ ಕಿರಿದಾಗಿದ್ದು ಉದ್ದವಾಗಿರುವ ಕಾಗದ, ಬಟ್ಟೆ, ಚರ್ಮ, ಲೋಹ ಮುಂ.ವುಗಳ ಪಟ್ಟಿ"
ಪಠನ,noun,ಸಂ ,1,"ಓದುವಿಕೆ, ವಾಚನ"
ಪಡ(ಂ)ಗು,noun,ದೇ ,1,"ಹಡಗು, ನೌಕೆ"
ಪಡ(ಡಿ)ಗ,noun,<ಸಂ. ಪತದ್ಗ್ರಹ ,1,"ಉಗುಳುವ ಪಾತ್ರೆ, ಪೀಕದಾನಿ"
ಪಡಪಾಳಿ,noun,ದೇ ,1,"ಗಳಿಸುವವನು, ಸಂಪಾದಿಸುವವನು"
ಪಡಪು,noun,ದೇ ,1,ಪಡೆದುದು
ಪಡಪೋಸಿ,noun,ಮರಾ ,1,"ಅಜಾಗರೂಕತೆ, ಅಲಕ್ಷ್ಯ"
ಪಡಲ,noun,<ಸಂ. ಪಟೋಲ ,1,"ಒಂದು ಬಗೆಯ ತರಕಾರೀಬಳ್ಳಿ ಮತ್ತು ತರಕಾರಿಯಾಗಿ ಬಳಸುವ ಅದರ ಕಾಯಿ, ಪಡವಲ"
ಪಡಸಾಲೆ,noun,ದೇ ,1,"ಮನೆಯ ಮುಖ್ಯವಾದ ಭಾಗ, ಮೊಗಸಾಲೆ, ಹಜಾರ"
ಪಡಿ,noun,<ಸಂ. ಪ್ರತಿ ,1,"ಸಮಾನವಾದುದು, ಎಣೆ, ಸಾಟಿ"
ಪಡಿಚಂದ,noun,<ಸಂ. ಪ್ರತಿ ,1,"ಪ್ರತಿಚ್ಛಾಯೆ, ಪ್ರತಿಕೃತಿ"
ಪಡಿತಳ,noun,ದೇ ,1,"ಮುನ್ನುಗ್ಗುವಿಕೆ, ಆಕ್ರಮಣ"
ಪಡಿನುಡಿ,noun,= ,1,"ಪ್ರತ್ಯುತ್ತರ, ಮಾರುತ್ತರ"
ಪಡಿಮುಖ,noun,= ,1,"ಎದುರು, ಮುಂಭಾಗ, ಅಭಿಮುಖ"
ಪಡಿಸಣ,noun,<ಸಂ. ಪ್ರತೀಕ್ಷಣ ,1,"ಪರೀಕ್ಷೆ, ಪರಿಶೀಲನೆ"
ಪಡು,noun,<ಸಂ. ಪ್ರತೀಕ್ಷಣ ,1,"ತೊಡಕು, ತೊಂದರೆ, ಇಕ್ಕಟ್ಟು"
ಪಡುಕ,noun,ದೇ ,1,"ಒಂದು ಬಗೆಯ ಹಕ್ಕಿ, ಹದ್ದು"
ಪಡುಕೆ,noun,ದೇ ,1,ಕೆಟ್ಟವಾಸನೆ
ಪಡೆ,noun,ದೇ ,1,"ಸೈನ್ಯ, ಬಲ"
ಪಡೆಪು,noun,ದೇ ,1,"ಗಳಿಕೆ, ಸಂಪಾದನೆ, ಸಂಪತ್ತು ಐಶ್ಚರ್ಯ"
ಪಡೆಮಾತು,noun,ದೇ ,1,"ಪ್ರಸಿದ್ಧಿ, ಕೀರ್ತಿ"
ಪಡೆಯಿಲ,noun,ದೇ ,1,"ಸೈನಿಕ, ಭಟ"
ಪಣ,noun,ಸಂ ,1,"ಜಾತಿ, ವರ್ಣ"
ಪಣಿ,noun,<ಸಂ. ಫಣಿನ್ ,1,"ಹಾವು, ಸರ್ಪ"
ಪಣಿವಾರ,noun,ದೇ ,1,"ಹಣೆ, ನೊಸಲು"
ಪಣ್ಣೆಯ,noun,<ಸಂ. ಪಣ್ಯ ,1,ವ್ಯವಸಾಯದ ಭೂಮಿ
ಪಣ್ಯ,noun,ಸಂ ,1,"ಮಾರಾಟ, ವ್ಯಾಪಾರ"
ಪತಂಗ,noun,ಸಂ ,1,"ಹಕ್ಕಿ, ಪಕ್ಷಿ"
ಪತಗ,noun,ಸಂ ,1,"ಹಕ್ಕಿ, ಪಕ್ಷಿ"
ಪತತ್ರಿ,noun,ಸಂ ,1,"ಹಕ್ಕಿ, ಪಕ್ಷಿ"
ಪತನ,noun,ಸಂ ,1,ಕೆಳಗೆ ಬೀಳುವಿಕೆ
ಪತಾಕ,noun,<ಸಂ. ಪತಾಕಾ ,1,"ಧ್ವಜ, ಬಾವುಟ"
ಪತಿ,noun,ಸಂ ,1,"ಒಡೆಯ, ಯಜಮಾನ"
ಪತಿಂವರೆ,noun,<ಸಂ. ಪತಿಂವರಾ ,1,ಸ್ವಯಂ ವರದ ಅವಕಾಶವಿರುವ ಕನ್ಯೆ
ಪತಿತ,noun,ಸಂ ,1,ಕೆಳಗೆ ಬಿದ್ದವನು
ಪತ್ತಳೆ,noun,<ಸಂ. ಪತ್ರ > ಪತ್ತಲ ,1,"ಎಲೆ, ಪತ್ರಾವಳಿ"
ಪತ್ತಾರ,noun,ದೇ ,1,"ಚಿನ್ನ, ಬೆಳ್ಳಿ ಕೆಲಸ ಮಾಡುವವನು, ಅಕ್ಕಸಾಲಿಗ"
ಪತ್ತಾಸು,noun,ದೇ ,1,ಪತ್ತಾಯ
ಪತ್ತು,noun,ದೇ ,1,"ಅಂಟಿಕೊಳ್ಳುವಿಕೆ, ಹತ್ತಿಕೊಳ್ಳುವಿಕೆ"
ಪತ್ತೆ,noun,<ಹಿಂ. ಪತ್ತಾ ,1,"ಗುರುತು, ಸುಳಿವು, ಚಿಹ್ನೆ"
ಪತ್ರ,noun,ಸಂ ,1,"ಎಲೆ, ಪರ್ಣ"
ಪತ್ರಾವಳಿ,noun,ಸಂ ,1,"ಎಲೆಗಳ ಗುಂಪು, ಸಮೂಹ"
ಪತ್ರಿ,noun,ಸಂ ,1,ಗರಿಗಳನ್ನುಳದು ಪಕ್ಷಿ
ಪತ್ರಿಕೆ,noun,<ಸಂ. ಪತ್ರಿಕಾ ,1,ಬರೆಯುವ ಕಾಗದ
ಪತ್ರೆ,noun,<ಸಂ. ಪತ್ರ ,1,"ಎಲೆ, ಪರ್ಣ"
ಪಥ್ಯ,noun,ಸಂ ,1,"ಯೋಗ್ಯವಾದುದು, ಉಚಿತವಾದುದು"
ಪದ,noun,<ದೇ. ಹದ ,1,"ಸರಿಯಾದ ಸ್ಥಿತಿ, ಹಾಳತ"
ಪದ(ಂ)ಪು,noun,<ದೇ. ಪದೆ = ಪಡೆ ,1,"ಆಸೆ, ಬಯಕೆ"
ಪದಬಂಧ,noun,<ದೇ. ಪದೆ = ಪಡೆ ,1,ಉತ್ತಮವಾದ ಪದಗಳ ಜೋಡಣೆ
ಪದರ,noun,ದೇ ,1,"ಮರ, ಬಟ್ಟೆ ಮುಂ.ವುಗಳ ಮಡಿಕೆ, ಪೊರೆ, ಹಾಳೆ"
ಪದವಿ,noun,ಸಂ ,1,"ದಾರಿ, ಮಾರ್ಗ"
ಪದವಿನ್ಯಾಸ,noun,ಸಂ ,1,"ಹೆಜ್ಜೆ ಇಡುವುದು, ಹೆಜ್ಜೆ ಹಾಕುವುದು"
ಪದಹಾಕು,noun,ಸಂ ,1,"ಹೆಜ್ಜೆ ಇಡುವುದು, ಹೆಜ್ಜೆ ಹಾಕುವುದು"
ಪದಾಕ್ರಾಂತ,noun,= ,1,ಅಧಿಕಾರವು ಆಕ್ರಮಣಕ್ಕೆ ಒಳ ಗಾಗುವುದು
ಪದಾತಿ,noun,<ಸಂ. ಪದಾತಿನ್ ,1,"ಕಾಲು ನಡಗೆಯವನು, ದಾರಿಗ"
ಪದಾರ್ಪಣ,noun,<ಸಂ. ಪದಾತಿನ್ ,1,ಕಾಲನ್ನು ಇಡುವುದು
ಪದಿರು,noun,ದೇ ,1,"ಎರಡು ಅರ್ಥಗಳುಳ್ಳ ಮಾತು, ದ್ವಂದ್ವಾರ್ಥದ ಮಾತು"
ಪದುಳ,noun,ದೇ ,1,"ಒಳಿತು, ಸುಖ, ಕ್ಷೇಮ"
ಪದೆಪು,noun,ದೇ ,1,"ಒಲುಮೆ, ಪ್ರೀತಿ, ಮೆಚ್ಚುಗೆ"
ಪದ್ಧತಿ,noun,ಸಂ ,1,"ಹೆಜ್ಜೆ, ಅಡಿ"
ಪದ್ಮ,noun,ಸಂ ,1,"ಕಮಲ, ತಾವರೆ"
ಪನಿ,noun,ದೇ ,1,"ನೀರು ಯಾ ಯಾವುದೇ ದ್ರವ ಪದಾರ್ಥದ ತೊಟ್ಟು, ಹನಿ, ಬಿಂದು"
ಪನಿಯಾ(ವಾ)ರ,noun,ದೇ ,1,"ಭಕ್ಷ್ಯ, ತಿಂಡಿ"
ಪನೆ,noun,ದೇ ,1,"ಒಂದು ಬಗೆಯ ಮರ, ತಾಳೆ ಮರ"
ಪನ್ನ,noun,ದೇ ,1,"ಸೊಕ್ಕು, ಗರ್ವ, ಅಹಂಕಾರ"
ಪನ್ನಂ(ಲ್ಲಂ)ಗ,noun,<ಸಂ. ಪಲ್ಯಂಕಾ ,1,"ಮಂಚ, ಪರ್ಯಂಕ"
ಪನ್ನಗ,noun,ಸಂ ,1,"ಹಾವು, ಸರ್ಪ"
ಪನ್ನೀರು,noun,ದೇ ,1,"ತಂಪಾದ ನೀರು, ಶೀತಲ ಹಾರಿ"
ಪನ್ನೆ,noun,ದೇ ,1,ಕರ್ಪೂರ
ಪಪ್ಪುಕ,noun,ದೇ ,1,"ಹೆಚ್ಚಳ, ಆಧಿಕ್ಯ"
ಪಬ್ಬ,noun,<ಸಂ. ಪರ್ವ ,1,"ಸಂಕ್ರಮಣ, ಹುಣ್ಣಿಮೆ ಮುಂ. ಪರ್ವಕಾಲ, ಪುಣ್ಯಕಾಲ"
ಪಯ,noun,<ಸಂ. ಪಯಸ್ ,1,"ನೀರು, ಉದಕ"
ಪಯಣ,noun,<ಸಂ. ಪ್ರಯಾಣ ,1,"ಪ್ರಯಾಣ, ಪ್ರಸ್ಥಾನ, ಸಂಚಾರ"
ಪಯಸ್ವಿನಿ,noun,<ಸಂ. ಪಯಸ್ವಿನ್ ,1,"ಹಾಲು ಕರೆಯುವ ಆಕಳು, ಹಸು, ಹಯನು"
ಪಯಸ್ಸು,noun,<ಸಂ. ಪಯಸ್ ,1,"ನೀರು, ಉದಕ"
ಪಯಿಕ,noun,ದೇ ,1,"ಗುಂಪು, ಬಳಗ, ಪರಿವಾರ"
ಪಯೋಧರ,noun,ಸಂ ,1,ಮೋಡ
ಪಯೋನಿಧಿ,noun,ಸಂ ,1,ಸಮುದ್ರ
ಪಯ್ಸರ,noun,ದೇ ,1,"ಜಾರುವುದು, ಜುಗುಳುವುದು"
ಪರ,noun,ಸಂ ,1,"ಕಡೆ, ಪಕ್ಷ"
ಪರಂಗಿ,noun,<ಇಂ. frank > ಫಿರಂಗಿ ,1,"ಪಾಶ್ಚಾತ್ಯ ಜನಾಂಗದವನು, ಐರೋಪ್ಯ ದೇಶದವನು"
ಪರಂಧಾಮ,noun,ಸಂ ,1,"ಶ್ರೇಷ್ಠವಾದ ನೆಲೆ, ಸ್ವರ್ಗ"
ಪರಂಪರೆ,noun,<ಸಂ. ಪರಂಪರಾ ,1,"ಒಂದರ ನಂತರ ಮತ್ತೊಂದು ಬರುವುದು, ಸಾಲು, ಪರಿವಿಡಿ"
ಪರಕೆ,noun,ದೇ ,1,"ಹರಕೆ, ಆಶೀರ್ವಾದ"
ಪರಜು,noun,ದೇ ,1,"ಕತ್ತಿಯ ಅಲಗು, ಖಡ್ಗಧಾರೆ"
ಪರಟೆ(ಟಿ),noun,ದೇ ,1,"ಮಡಕೆಯ ಓಡು, ಬೋಕಿ"
ಪರತಂತ್ರ,noun,ಸಂ ,1,"ಬೇರೆಯವರಿಗೆ ಅಧೀನವಾಗಿರುವುದು, ಪರಾಧೀನತೆ"
ಪರದಾರ,noun,ಸಂ ,1,"ಬೇರೆಯವನ ಹೆಂಡತಿ, ಪರಸ್ತ್ರೀ"
ಪರದೆ,noun,<ಪಾರ. ಪರದಾ ,1,"ತೆರೆ, ಜವನಿಕೆ"
ಪರದೇಶಿ,noun,<ಸಂ. ಪರದೇಶಿನ್ ,1,"ಹೊರ ನಾಡಿಗೆ ಸೇರಿದವನು, ಪರದೇಶದ ವ್ಯಕ್ತಿ"
ಪರಪು,noun,ದೇ ,1,"ವಿಸ್ತಾರ, ಹರವು, ವೈಶಾಲ್ಯ"
ಪರಪುಟ್ಟ,noun,<ಸಂ. ಪರಪುಷ್ಟ ,1,"ಬೇರೆಯವರ ಪೋಷಣೆಗೆ ಒಳಗಾದವನು, ಪರಾವಲಂಬಿ"
ಪರಭಾಗ,noun,ಸಂ ,1,"ಉತ್ತಮಿಕೆ, ಶ್ರೇಷ್ಠತೆ, ಹಿರಿಮೆ"
ಪರಭಾರೆ,noun,ಮರಾ ,1,"ತನ್ನ ವಶದಲ್ಲಿರುವ ಆಸ್ತಿ, ವಸ್ತು ಮೊ.ವನ್ನು ಪರರಿಗೆ ಒಪ್ಪಿಸುವುದು, ವಹಿಸಿ ಕೊಡುವುದು"
ಪರಮ,noun,ಸಂ ,1,"ಶ್ರೇಷ್ಠವಾದುದು, ಉತ್ಕೃಷ್ಟವಾದುದು"
ಪರಮಾಣು,noun,ಸಂ ,1,"ಅತ್ಯಂತ ಸಣ್ಣದಾದ ವಸ್ತು, ಅತಿಚಿಕ್ಕದಾದ ಅಣು"
ಪರಮಾವಧಿ,noun,ಸಂ ,1,"ಅತ್ಯಂತ ಕೊನೆಯ - ಮಿತಿ, ಎಲ್ಲೆ, ಚರಮಸೀಮೆ"
ಪರವಶ,noun,ಸಂ ,1,"ಬೇರೆಯವರಿಗೆ ಅಧೀನವಾಗಿರುವಿಕೆ, ಅಧೀನತೆ, ಪರತಂತ್ರ"
ಪರವೆ,noun,<ಪಾರ. ಪರ್ವಾ ,1,"ಕಾಳಜಿ, ಚಿಂತೆ, ಗೊಡವೆ"
ಪರಸ್ಪರ,noun,ಸಂ ,1,ಒಬ್ಬರೊಬ್ಬರಿಗೆ ಸಂಬಂಧ ಪಟ್ಟವರು
ಪರಾಕು,noun,<ಸಂ. ಪರಾಂಚ್ ,1,ಗಮನ
ಪರಾಕ್ರಮ,noun,ಸಂ ,1,"ಮೇಲೆ ಬೀಳುವುದು, ಆಕ್ರಮಣ"
ಪರಾಗ,noun,ಸಂ ,1,"ಹೂವಿನ ಹುಡಿ, ಪುಷ್ಪಧೂಳಿ"
ಪರಾತ್ಪರ,noun,ಸಂ ,1,"ಅತ್ಯಂತ ಶ್ರೇಷ್ಠವಾದುದು, ಪರಮಾರ್ಥ"
ಪರಾಭವ,noun,ಸಂ ,1,"ಸೋಲು, ಅಪಜಯ"
ಪರಾಮರಿಕೆ,noun,<ಸಂ. ಪರಾಮರ್ಶ + ಇಕೆ ,1,"ಗಮನಿಸುವಿಕೆ, ಪರಿಶೀಲನೆ"
ಪರಾಮರ್ಶ,noun,ಸಂ ,1,"ಮುತ್ತಿಗೆ, ಮೇಲೆ ಬೀಳುವುದು"
ಪರಾಮೃಷ್ಟ,noun,ಸಂ ,1,"ಹಾಳಾದುದು, ನಾಶವಾದುದು"
ಪರಾಯಣ,noun,ಸಂ ,1,"ಪ್ರಮುಖವಾದ ಉದ್ದೇಶ, ಪರಮಗುರಿ"
ಪರಾಯತ್ತ,noun,ಸಂ ,1,"ಬೇರೆಯವರಿಗೆ ಅಧೀನವಾಗುವಿಕೆ, ಪರಾಧೀನತೆ"
ಪರಾವಲಂಬಿ,noun,ಸಂ ,1,"ಬೇರೆಯವರನ್ನು ಆಶ್ರಯಿಸಿರುವಂತಹದು, ಉಪಜೀವಿ"
ಪರಿ,noun,ದೇ ,1,"ಓಟ, ಧಾವಿಸುವಿಕೆ"
ಪರಿಕಣಿ,noun,ದೇ ,1,ಹರಿಯುವ ಜಾಡು
ಪರಿಕರ,noun,ಸಂ ,1,"ಸುತ್ತುಮುತ್ತಲಿನ ಜನ, ಪರಿ ಜನ"
ಪರಿಕರಣೆ,noun,<ಸಂ. ಪರಿಕರಣ ,1,"ಏರ್ಪಾಡು, ಸಿದ್ಧತೆ"
ಪರಿಕರ್ಮ,noun,ಸಂ ,1,ಅಲಂಕರಿಸಿಕೊಳ್ಳುವಿಕೆ
ಪರಿಕಾರ,noun,<ಸಂ. ಪҰಿಕಾರ ,1,"ಉಪ್ಪು, ಮೆಣಸು ಮೊ. ಸಂಬಾರ, ಉಪಸ್ವರ"
ಪರಿಕ್ಷಿಪ್ತ,noun,ಸಂ ,1,"ಸುತ್ತಲೂ ಎಸೆಯುವಿಕೆ, ಚೆಲ್ಲುವಿಕೆ"
ಪರಿಖೆ,noun,ಸಂ ,1,"ಪಟ್ಟಣದ ಯಾ ಕೋಟೆಯ ಸುತ್ತಲೂ ಅಗೆದಿರುವ ಕಂದಕ, ಅಗಳು"
ಪರಿಗಣನ,noun,ಸಂ ,1,"ಖಚಿತವಾದ ಲೆಕ್ಕಾಚಾರ, ನಿಖರವಾದ ಎಣಿಕೆ"
ಪರಿಗಣನೆ,noun,<ಸಂ. ಪರಿಗಣನ ,1,"ಗಮನ, ಲಕ್ಷ್ಯ"
ಪರಿಗತ,noun,ಸಂ ,1,"ಆವರಿಸಿರುವುದು, ತುಂಬಿರುವುದು"
ಪರಿಗೆ,noun,ದೇ ,1,"ಢಾಲು, ಗುರಾಣಿ"
ಪರಿಘ,noun,ಸಂ ,1,"ಅಗುಳು, ಲಾಳವಿಂಡಿಗೆ"
ಪರಿಚರ್ಯೆ,noun,<ಸಂ. ಪರಿಚರ್ಯಾ ,1,"ಸೇವೆ, ಶುಶ್ರೂಷೆ"
ಪರಿಚಿತ,noun,ಸಂ ,1,"ಪರಿಚಯವಿರುವಂಥದು, ಗೊತ್ತಿರುವುದು"
ಪರಿಚ್ಛದ,noun,ಸಂ ,1,"ಮುಸುಕು, ಹೊದಿಕೆ"
ಪರಿಚ್ಛಿನ್ನ,noun,ಸಂ ,1,"ಪರಿಮಿತವಾದುದು, ಸೀಮಿತವಾದುದು"
ಪರಿಚ್ಛೇದ,noun,ಸಂ ,1,"ಕತ್ತರಿಸುವುದು, ತುಂಡು ಮಾಡುವುದು"
ಪರಿಚ್ಯುತ,noun,ಸಂ ,1,ಕೆಳಗೆ ಬಿದ್ದುದು
ಪರಿಜನ,noun,ಸಂ ,1,"ಸೇವೆ ಮಾಡುವ ಜನ, ಸೇವಕ ವರ್ಗ"
ಪರಿಜು,noun,ದೇ ,1,"ರೂಪ, ಆಕಾರ"
ಪರಿಣತ,noun,ಸಂ ,1,ಪರಿಪಕ್ವವಾದುದು
ಪರಿಣತೆ,noun,<ಸಂ. ಪರಿಣತಾ ,1,"ಚಾತುರ್ಯ, ನಿಪುಣತೆ"
ಪರಿಣಾಮ,noun,ಸಂ ,1,"ಬದಲಾವಣೆ, ರೂಪಾಂತರ"
ಪರಿತಾಪ,noun,ಸಂ ,1,"ಕಾವು, ಉಷ್ಣ, ಶಾಖ"
ಪರಿತೋಷ,noun,ಸಂ ,1,"ಆಸೆಯಿಲ್ಲದಿರುವಿಕೆ, ವಿರಕ್ತಿ"
ಪರಿತ್ಯಕ್ತ,noun,ಸಂ ,1,"ಬಿಡಲ್ಪಟ್ಟವನು, ತ್ಯಜಿಸಲ್ಪ ಟ್ಟವನು"
ಪರಿತ್ರಾಣ,noun,ಸಂ ,1,"ಕಾಪಾಡುವಿಕೆ, ಸಂರಕ್ಷಣೆ, ರಕ್ಷಣೆಗಾಗಿ ಬಳಸುವ ಸಾಧನ"
ಪರಿಧಾನ,noun,ಸಂ ,1,"ಉಡುಪು, ವಸ್ತ್ರ"
ಪರಿಧಾವನ,noun,ಸಂ ,1,ವೇಗವಾಗಿ ಓಡುವುದು
ಪರಿಧಿ,noun,ಸಂ ,1,"ಸುತ್ತುಗಟ್ಟಿರುವ ಆವರಣ; ಗೋಡೆ, ಆಳ್ವೇರಿ ಮುಂ.ವು"
ಪರಿಪಂಥಿ,noun,<ಸಂ. ಪರಿಪಂಥಿನ್ ,1,"ಎದುರಾಳಿ, ಶತ್ರು, ಹಗೆ"
ಪರಿಪಕ್ವ,noun,ಸಂ ,1,"ಚೆನ್ನಾಗಿ ಬೆಂದಿರುವುದು, ಹದವಾಗಿ ಬೇಯಿಸಿರುವುದು"
ಪರಿಪಾಕ,noun,ಸಂ ,1,ಪೂರ್ತಿಯಾಗಿ ಬೆಂದುದು
ಪರಿಪಾಟಿ,noun,ಸಂ ,1,"ಸಮಾನತೆ, ಸರಿಸಾಟಿ"
ಪರಿಪಾಠ,noun,ಸಂ ,1,ವೇದಗಳ ಕಂಠಪಾಠ
ಪರಿಪಾಲನೆ,noun,ಸಂ ,1,"ಕಾಪಾಡುವುದು, ರಕ್ಷಿಸುವುದು"
ಪರಿಪೂರ್ಣ,noun,ಸಂ ,1,"ಪೂರ್ತಿಯಾಗಿ ತುಂಬಿದುದು, ಸಮಗ್ರವಾದುದು, ಸಂಪೂರ್ಣವಾಗಿರುವುದು"
ಪರಿಭವ,noun,ಸಂ ,1,"ಅನಾದರ, ತಿರಸ್ಕಾರ"
ಪರಿಭಾಷೆ,noun,<ಸಂ. ಪರಿಭಾಷಾ ,1,ಲಕ್ಷಣ ನಿರೂಪಣೆ
ಪರಿಭ್ರಮಣ,noun,ಸಂ ,1,"ಸುತ್ತಾಡುವುದು, ಅಲೆ ದಾಟ"
ಪರಿಮಳ,noun,<ಸಂ. ಪರಿಮಲ ,1,ಪರಿಮಳ
ಪರಿಮಾಣ,noun,ಸಂ ,1,"ಅಳತೆ, ಪ್ರಮಾಣ"
ಪರಿಮಾರ್ಜನ,noun,ಸಂ ,1,ಶುದ್ಧಿಗೊಳಿಸುವಿಕೆ
ಪರಿಮಾರ್ಜನೆ,noun,ಸಂ ,1,"ನೀರನ್ನು ಚಿಮುಕಿಸುವುದು, ತೊಳೆಯುವಿಕೆ"
ಪರಿಮಿತಿ,noun,ಸಂ ,1,"ಅಳತೆ, ಪ್ರಮಾಣ"
ಪರಿಯಂಕ,noun,<ಸಂ. ಪರ್ಯಂಕ ,1,"ಹಾಸುಗೆ, ಶಯ್ಯೆ"
ಪರಿಯಟನ,noun,<ಸಂ. ಪರ್ಯಟನ ,1,ಚಲನೆ
ಪರಿಯಾಣ,noun,ತುಳು ,1,"ತಟ್ಟೆ, ತಾಟು"
ಪರಿರಂಭ(ಣ),noun,ಸಂ ,1,"ಅಪ್ಪುಗೆ, ಆಲಿಂಗನ"
ಪರಿವರ್ತನೆ,noun,<ಸಂ. ಪರಿವರ್ತನ ,1,"ಬದಲಾ ವಣೆ, ಮಾರ್ಪಾಟು"
ಪರಿವಾದ,noun,<ಸಂ. ಪರಿವಾದಿನ್ ,1,"ನಿಂದೆ, ತೆಗೆಳಿಕೆ"
ಪರಿವಾರ,noun,ಸಂ ,1,"ಸುತ್ತಲಿನವರು, ಪರಿಜನ"
ಪರಿವಿಡಿ,noun,<ದೇ. ಪರಿ + ಪಿಡಿ ,1,"ವ್ಯವಸ್ಥಿತವಾದ ಕ್ರಮ, ಅನುಕ್ರಮ"
ಪರಿವೃಢ,noun,ಸಂ ,1,"ಒಡೆಯ, ಪ್ರಭು"
ಪರಿವೃತ್ತಿ,noun,ಸಂ ,1,ಸುತ್ತುವುದು
ಪರಿವೆ,noun,ದೇ ,1,"ಕಾಳಜಿ, ಗೊಡವೆ"
ಪರಿವೇಷ,noun,ಸಂ ,1,"ಸುತ್ತುವರಿದಿರುವುದು, ಬಳಸಿರುವಿಕೆ"
ಪರಿವ್ರಾಜಕ,noun,ಸಂ ,1,ಸಂನ್ಯಾಸಿ
ಪರಿಶೆ(ಸೆ),noun,<ಪ್ರಾ. ಪರಿಸಾ ,1,"ಜಾತ್ರೆ, ಉತ್ಸವ"
ಪರಿಶೋಧನೆ,noun,ಸಂ ,1,"ಕಂಡು ಹಿಡಿಯುವಿಕೆ, ಸಂಶೋಧನೆ"
ಪರಿಶ್ರಮ,noun,ಸಂ ,1,"ಬಳಲಿಕೆ, ಆಯಾಸ"
ಪರಿಷತ್ತು,noun,<ಸಂ. ಪರಿಷದ್ ,1,"ಸಭೆ, ಸಮ್ಮೇಳನ"
ಪರಿಷ್ಕಾರ,noun,ಸಂ ,1,"ತಿದ್ದುಪಡಿ, ಸುಧಾರಣೆ"
ಪರಿಸಂಖ್ಯೆ,noun,ಸಂ ,1,"ಗಣನೆ, ಎಣಿಕೆ ಒಟ್ಟು ಸಂಖ್ಯೆ, ಮೊತ್ತ"
ಪರಿಸರ,noun,ಸಂ ,1,"ಎಲ್ಲೆ, ಮೇರೆ"
ಪರಿಸರಣ,noun,ಸಂ ,1,"ಓಟ, ಓಡುವುದು"
ಪರಿಸ್ತರಣ,noun,ಸಂ ,1,"ಸುತ್ತಲೂ ಹರಡುವುದು, ಹಾಸುವುದು"
ಪರಿಸ್ಪಂದ,noun,ಸಂ ,1,"ಮಿಡಿತ, ಕಂಪನ"
ಪರಿಹಾರ,noun,ಸಂ ,1,"ತ್ಯಜಿಸುವುದು, ತೊರೆಯುವುದು"
ಪರಿಹಾಸ,noun,ಸಂ ,1,"ವಿನೋದ, ಸರಸ"
ಪರೀಕ್ಷಕ,noun,ಸಂ ,1,"ಪರೀಕ್ಷೆ ಮಾಡುವವನು, ತನಿಖೆ ಮಾಡುವ ವ್ಯಕ್ತಿ"
ಪರೀಕ್ಷೆ,noun,ಸಂ ,1,"ಆಳವಾದ ಪರಿಶೀಲನೆ, ತಪ್ಪು - ಒಪ್ಪುಗಳ ವಿಮರ್ಶೆ"
ಪರುಠವ,noun,<ಸಂ. ಪರಿಸ್ಥಾಪನ ,1,"ವಿಸ್ತಾರ, ಹರಹು"
ಪರುಷ(ಸ),noun,<ಸಂ. ಸ್ಪರ್ಶ ,1,"ಸ್ಪರ್ಶ, ಸೋಂಕು"
ಪರೆ,noun,ದೇ ,1,"ಬೆಳಗಿನ ಜಾವ, ನಸುಕು"
ಪರೇತ,noun,ಸಂ ,1,"ಹೆಣ, ಶವ"
ಪರೋಕ್ಷ,noun,ಸಂ ,1,ಕಣ್ಣಿಗೆ ಕಾಣದಿರುವುದು
ಪರ್ಜನ್ಯ,noun,ಸಂ ,1,ಮಳೆಯನ್ನು ಸುರಿಸುವ ಮೋಡ
ಪರ್ಣ,noun,ಸಂ ,1,"ರೆಕ್ಕೆ, ಗರಿ"
ಪರ್ಬ,noun,<ಸಂ. ಪರ್ವ ,1,ಪರ್ವಕಾಲ
ಪರ್ಬು,noun,ದೇ ,1,"ಹಬ್ಬುವಿಕೆ, ಪ್ರಸರ"
ಪರ್ಯಂಕ,noun,ಸಂ ,1,"ಮಂಚ, ಹಾಸುಗೆ, ಮೆತ್ತೆ"
ಪರ್ಯಂತ,noun,ಸಂ ,1,"ಎಲ್ಲೆ, ಗಡಿ"
ಪರ್ಯವಸಾನ,noun,ಸಂ ,1,"ಅಂತ್ಯ, ಕೊನೆ"
ಪರ್ಯಾಪ್ತಿ,noun,ಸಂ ,1,"ಹೊಂದುವುದು, ಪಡೆಯುವುದು"
ಪರ್ಯಾಯ,noun,ಸಂ ,1,"ಸುತ್ತುವುದು, ತಿರುಗುವುದು"
ಪರ್ವ,noun,ಸಂ ,1,"ಸೇರಿಕೆ, ಬೆಸುಗೆ"
ಪರ್ವಕಾಲ,noun,ಸಂ ,1,"ಪ್ರತಿಪಕ್ಷದ ಅಷ್ಟಮಿ, ಚತುರ್ದಶಿ ಮತ್ತು ಹುಣ್ಣಿಮೆ, ಅಮಾವಾಸ್ಯೆ ದಿನಗಳು, ಸೂರ್ಯ ಚಂದ್ರಗ್ರಹಣಗಳ ಪುಣ್ಯಕಾಲ; ಸಂಕ್ರಮಣ ಕಾಲ"
ಪರ್ವಣಿ,noun,<ಸಂ. ಪರ್ವಣೀ ,1,"ಸಂಕ್ರಮಣ ಕಾಲ, ಸಂಧಿಕಾಲ"
ಪರ್ವು,noun,ದೇ ,1,"ಹರಡಿರುವುದು, ವಿಸ್ತಾರ"
ಪಲ,noun,ದೇ ,1,"ಒಂದು ತೂಕದ ಪ್ರಮಾಣ, ಮೂರು ತೊಲ, ಮೂರು ರೂಪಾಯಿ ತೂಕ"
ಪಲಗೆ,noun,<ಸಂ. ಫಲಕ ,1,"ಮರ, ಲೋಹ ಮುಂ.ವುಗಳ ಅಗಲವಾದ ಹಾಗೂ ತೆಳುವಾದ ಸೀಳು"
ಪಲಲ,noun,ಸಂ ,1,"ಸಣ್ಣಕೊಳ, ಹೊಂಡ"
ಪಲಾಲ,noun,ಸಂ ,1,"ಹುಲ್ಲು, ತೃಣ"
ಪಲಾಶ,noun,ಸಂ ,1,"ಎಲೆ, ಪತ್ರ"
ಪಲಿತ,noun,ಸಂ ,1,"ಬಿಳಿಯ ಕೂದಲು, ನರೆ"
ಪಲುಕು,noun,ದೇ ,1,"ಅಂತರಾರ್ಥ, ಕಲ್ಪನೆ"
ಪಲ್ಲಕ್ಕಿ,noun,<ಸಂ. ಪಲ್ಯಂಕ ,1,"ಮೇನೆ, ಡೋಲಿ"
ಪಲ್ಲಟ,noun,ಸಂ ,1,"ಬದಲಾವಣೆ, ಮಾರ್ಪಾಟು"
ಪಲ್ಲವ,noun,ಸಂ ,1,"ಚಿಗುರು, ತಳಿರು"
ಪಲ್ಲವಿ,noun,ಸಂ ,1,ಹಾಡಿನ ಆರಂಭದಲ್ಲಿದ್ದು ನುಡಿಗೊಂದು ಸಲ ಪುನರಾವರ್ತನೆಗೊಳ್ಳುವ ಭಾಗ
ಪಲ್ಲಿ,noun,ಸಂ ,1,"ಹಳ್ಳಿ, ಗ್ರಾಮ"
ಪಲ್ಲೆ,noun,ತುಳು ,1,ತರಕಾರಿ
ಪಳ,noun,ಸಂ ,1,"ಕಾಲದ ಒಂದು ಪರಿಮಾಣ, ಘಳಿಗೆಯ ಅರವತ್ತನೆಯ ಒಂದು ಭಾಗ, ಫಲ"
ಪಳಂಚು,noun,ದೇ ,1,ತಾಗುವಿಕೆ
ಪಳಕ,noun,ದೇ ,1,"ಉಪಯೋಗ, ಬಳಕೆ"
ಪಳಿ,noun,<ಪೞ ,1,"ಆರೋಪ, ನಿಂದೆ"
ಪಳಿಗೆ,noun,ದೇ ,1,ಎಣ್ಣೆ ಮೊ. ದ್ರವಗಳ ಒಂದು ಅಳತೆ
ಪವಣು,noun,<ಸಂ. ಪ್ರಮಾಣ ,1,"ಅಳತೆ, ಪ್ರಮಾಣ"
ಪವನ,noun,ಸಂ ,1,"ಗಾಳಿ, ವಾಯು"
ಪವಮಾನ,noun,ಸಂ ,1,"ಗಾಳಿ, ವಾಯು"
ಪವಿ,noun,ಸಂ ,1,"ಇಂದ್ರನ ಆಯುಧ, ವಜ್ರಾಯುಧ"
ಪವಿತ್ರ,noun,ಸಂ ,1,ಶುದ್ಧಿಗೊಳಿಸುವ ಸಾಧನ
ಪಶು,noun,ಸಂ ,1,"ಹಸು, ಗೋವು"
ಪಸ,noun,ದೇ ,1,"ಬರ, ಕ್ಷಾಮ, ದುರ್ಭಿಕ್ಷ"
ಪಸದನ,noun,<ಸಂ. ಪ್ರಸಾಧನ ,1,"ಸಿಂಗಾರ, ಅಲಂಕಾರ"
ಪಸಲೆ,noun,ದೇ ,1,"ಎಳೆಯ, ಹಸುರು ಹುಲ್ಲು"
ಪಸಾಯ,noun,<ಪ್ರಾ. ಪಸಾಯ / <ಸಂ. ಪ್ರಸಾದ ,1,"ಉಡುಗೊರೆ, ಬಹುಮಾನ, ಸಂಭಾವನೆ"
ಪಸಿ,noun,ದೇ ,1,"ಆಹಾರದ ಬಯಕೆ, ಕ್ಷುಧೆ"
ಪಸುಗೆ,noun,ದೇ ,1,"ವಿಭಾಗ, ಹಂಚಿಕೆ, ಪಾಲು"
ಪಸುಳೆ,noun,ದೇ ,1,"ಚಿಕ್ಕಮಗು, ಎಳೆಯ ಕೂಸು"
ಪಸೆ,noun,ದೇ ,1,"ತೇವ, ಒದ್ದೆ"
ಪಹಣಿ,noun,<ಮರಾ. ಪಹಣೀ ,1,"ಬೆಳೆಯ ಅಂದಾಜನ್ನು ಗುರುತಿಸುವುದು, ಬೆಳೆಯ ಲೆಕ್ಕ"
ಪಹರೆ,noun,<ಹಿಂ. ಪಹರಾ / <ಸಂ. ಪ್ರಹರ ,1,"ಗಸ್ತು, ಕಾವಲು"
ಪಾಂಗು,noun,ದೇ ,1,"ಆಕಾರ, ಆಕೃತಿ, ರೂಪು"
ಪಾಂಚಜನ್ಯ,noun,ಸಂ ,1,"ಪಂಚಜನ ಎಂಬ ರಾಕ್ಷಸನ ಮೂಳೆಗಳಿಂದ ಮಾಡಿದ ಶಂಖ, ಕೃಷ್ಣನ ಶಂಖ"
ಪಾಂಡಿ,noun,ದೇ ,1,"ಹೆಣ್ಣು ಮಕ್ಕಳು ಆಡುವ ಒಂದು ಬಗೆಯ ಆಟ, ಕುಂಟಾಬಿಲ್ಲೆಯಾಟ, ಕುಂಟಾಟ"
ಪಾಂಡು,noun,ಸಂ ,1,"ಬಿಳಿಯ ಬಣ್ಣ, ಧವಳವರ್ಣ"
ಪಾಕ,noun,ಸಂ ,1,"ಬೇಯಿಸುವುದು, ಪಕ್ವಗೊಳಿಸುವುದು"
ಪಾಕಡ,noun,<ಹಿಂ. ಪಾಕಡಾ ,1,"ಘಾಟಿ, ಕಿಲಾಡಿ"
ಪಾಕ್ಷಿಕ,noun,ಸಂ ,1,"ಹದಿನೈದು ದಿನಗಳಿಗೆ ಸಂಬಂಧಪಟ್ಟುದು, ಒಂದು ಪಕ್ಷಕ್ಕೆ ಸೀಮಿತವಾದುದು"
ಪಾಗ,noun,<ಸಂ. ಪಾದ ,1,"ನಾಲ್ಕನೆಯ ಒಂದು ಅಂಶ, ಕಾಲು ಭಾಗ"
ಪಾಗು,noun,<ದೇ. ಹಿಂ. ಪಾರ. ಪಾಗ ,1,"ಮುಂಡಾಸು, ಪಗಡಿ, ರೂಮಾಲು"
ಪಾಟ,noun,"<ದೇ. ಪಾಡು ಹಾಡುವಿಕೆ, ಗಾನ, ಸಂಗೀತ; <ಸಂ. ಪಾಠ ",1,"ಪಠ್ಯವಿಷಯ, ಪಾಠ"
ಪಾಟವ,noun,ಸಂ ,1,"ತೀಕ್ಷ್ಣತೆ, ಚುರುಕು"
ಪಾಟಿ,noun,<ಮರಾ. ಪಾಟೀ ,1,ಹಲಗೆ
ಪಾಠ,noun,ಸಂ ,1,"ಓದುವುದು, ವಾಚನ"
ಪಾಠಕ,noun,ಸಂ ,1,"ಓದುವವನು, ವಾಚಕ"
ಪಾಡಗ,noun,ದೇ ,1,"ಕಾಲು ಕಡಗ, ಕಾಲಂದುಗೆ"
ಪಾಡಿ,noun,ದೇ ,1,"ಹಳ್ಳಿ, ಗ್ರಾಮ"
ಪಾಡು,noun,"ದೇ ಗೀತೆ, ಹಾಡು, ಕೀರ್ತನೆ; ದೇ ",1,"ರೀತಿ, ಬಗೆ"
ಪಾಣಿ,noun,ಸಂ ,1,"ಕೈಯಿ, ಕರ"
ಪಾತ,noun,ಸಂ ,1,"ಬೀಳುವುದು, ಪತನ"
ಪಾತಕ,noun,ಸಂ ,1,"ಬೀಳುವಂತೆ ಮಾಡುವುದು, ಬೀಳಿಸುವುದು"
ಪಾತರ,noun,<ಸಂ. ಪಾತ್ರ ,1,ಪಾತ್ರೆ
ಪಾತರಗಿತ್ತಿ,noun,ದೇ ,1,"ನಟಿ, ಅಭಿನೇತ್ರಿ"
ಪಾತಳಿ,noun,<ಮರಾ. ಪಾತಳೀ ,1,"ಸಮತಟ್ಟಾದ ಮೇಲ್ಭಾಗ, ಮೇಲ್ಮೈ"
ಪಾತಾಲ(ಳ),noun,ಸಂ ,1,"ಭೂಮಿಯ ಕೆಳಗಿನ ಏಳುಲೋಕಗಳಲ್ಲಿ ಒಂದು, ಅಧೋಲೋಕ"
ಪಾತಿ,noun,ದೇ ,1,"ಮರಗಿಡಗಳ ಬುಡದಲ್ಲಿ ನೀರು ನಿಲ್ಲಲು ಮಾಡಿರುವ ಕಟ್ಟೆ, ಆಲವಾಲ"
ಪಾತ್ರ,noun,ಸಂ ,1,"ತಟ್ಟೆ, ಬಟ್ಟಲು ಮುಂ. ಪಾತ್ರೆ"
ಪಾತ್ರಿ,noun,<ಸಂ. ಪಾತ್ರಿನ್ ,1,ಪಾತ್ರ ವಹಿಸುವವನು
ಪಾಥೇಯ,noun,ಸಂ ,1,"ಪ್ರಯಾಣಕಾಲದಲ್ಲಿ ಬೇಕಾಗುವ ಸಾಮಗ್ರಿ, ಸಲಕರಣೆ"
ಪಾದ,noun,ಸಂ ,1,"ಅಡಿ, ಕಾಲು, ಚರಣ"
ಪಾದರ,noun,<ಸಂ. ಪಾರದಾರ ,1,"ವ್ಯಭಿಚಾರ, ಜಾರತನ"
ಪಾದರಸ,noun,ಸಂ ,1,"ಒಂದು ಬಗೆಯ ದ್ರವ ರೂಪದ ಲೋಹ, ಪಾರಜ"
ಪಾನ,noun,ಸಂ ,1,"ಕುಡಿಯುವಿಕೆ, ಕುಡಿತ"
ಪಾನಗೋಷ್ಠಿ,noun,ಸಂ ,1,ಮದ್ಯಪಾನ ಮಾಡುವವರ ಗುಂಪು
ಪಾನೀಯ,noun,ಸಂ ,1,"ಕುಡಿಯುವ ದ್ರವ, ನೀರು, ಕಾಫಿ, ಚಹಾ, ಮದ್ಯ, ಪಾನಕ, ಹಣ್ಣಿನ ರಸ ಮುಂ.ವು"
ಪಾನು,noun,<ಹಿಂ. ಪಾನ್ ,1,"ಎಲೆ, ಪತ್ರ"
ಪಾಪ,noun,ಸಂ ,1,"ಪುಣ್ಯವಲ್ಲದ ಕಾರ್ಯ, ಕೆಟ್ಟ ಕೆಲಸ, ದುರಾಚಾರ"
ಪಾಪ(ಪೆ),noun,ದೇ ,1,"ಕಣ್ಣುಗುಡ್ಡೆ, ಕನೀನಿಕೆ, ಪಾಪೆ"
ಪಾಪಾಸು,noun,<ಪಾರ. ಪಾಪೋಷ್ ,1,"ಒಂದು ಬಗೆಯ ಪಾದರಕ್ಷೆ, ಜೋಡು"
ಪಾಪೆ,noun,ದೇ ,1,"ಗೊಂಬೆ, ಪುತ್ತಳಿ"
ಪಾಮರ,noun,ಸಂ ,1,"ತಿಳಿವಳಿಕೆಯಿಲ್ಲದವನು, ದಡ್ಡ, ಮೂಢ"
ಪಾಯ,noun,<ಸಂ. ಪಾದ ,1,"ಪಾದ, ಅಡಿ, ಚರಣ"
ಪಾಯಖಾನೆ,noun,<ಪಾರ. ಪಾಖಾನಹ್ ,1,"ಶೌಚ ಗೃಹ, ಕಕ್ಕಸು"
ಪಾಯಿ,noun,<ಸಂ. ಪಾಪಿ ,1,"ಪಾಪಿ, ಪಾಪಿಷ್ಠ"
ಪಾರಣೆ,noun,<ಸಂ. ಪಾರಣ ,1,ವ್ರತೋಪ ವಾಸದ ಮಾರನೆಯ ದಿನ ಮಾಡುವ ಊಟ
ಪಾರಮಾರ್ಥಿಕ,noun,ಸಂ ,1,ಪರಮಾರ್ಥಕ್ಕೆ ಸಂಬಂಧಿಸಿದುದು
ಪಾರಮ್ಯ,noun,<ಸಂ. ಪರಮ ,1,"ಪರಾಕಾಷ್ಠೆ, ತುತ್ತತುದಿ"
ಪಾರಾಯಣ,noun,ಸಂ ,1,ದಾಟುವುದು
ಪಾರಾವತ,noun,ಸಂ ,1,ಪಾರಿವಾಳ
ಪಾರಾವಾರ,noun,ಸಂ ,1,"ನದಿ, ಸಮುದ್ರ ಮೊ.ವುಗಳ ಎರಡು ದಂಡೆಗಳು"
ಪಾರಿಪ್ಲವ,noun,ಸಂ ,1,"ಹೊಯ್ದಾಟ, ಅಸ್ಥಿರತೆ"
ಪಾರು,noun,ದೇ ,1,"ಆಚೆಯ ದಡ, ಪಾರ"
ಪಾರುಖಾಣೆ,noun,<ಮರಾ. ಪಾರುಖಣೇ ,1,"ಬಹು ಮಾನ, ಉಡುಗೊರೆ"
ಪಾರುಪತ್ಯ,noun,ದೇ ,1,"ಮೇಲ್ವಿಚಾರಣೆ, ಉಸ್ತು ವಾರಿ"
ಪಾರ್ಥಿವ,noun,ಸಂ ,1,"ಪೃ ಗೆ ಸಂಬಂಧಿಸಿದುದು, ಭೌತಿಕವಾದುದು"
ಪಾರ್ಶ್ವ,noun,ಸಂ ,1,"ಪಕ್ಕ, ಮಗ್ಗುಲು"
ಪಾರ್ಷ್ಣಿ,noun,ಸಂ ,1,"ಪಾದದ ಹಿಂಭಾಗ, ಹಿಮ್ಮಡಿ"
ಪಾಲಕ,noun,ಸಂ ,1,"ಕಾಪಾಡುವ ವ್ಯಕ್ತಿ, ರಕ್ಷಕ"
ಪಾಲನೆ,noun,<ಸಂ. ಪಾಲನ ,1,"ಕಾಪಾಡುವುದು, ರಕ್ಷಣೆ"
ಪಾಲಾಶ,noun,ಸಂ ,1,ಮುತ್ತುಗದ ಮರ
ಪಾಲಿ,noun,ಸಂ ,1,ಕಾಪಾಡುವವನು
ಪಾಲು,noun,ದೇ ,1,"ಹಾಲು, ಕ್ಷೀರ"
ಪಾಲೆ,noun,ದೇ ,1,"ಒಂದು ಜಾತಿಯ ಹಕ್ಕಿ, ಶಕುನದ ಹಕ್ಕಿ"
ಪಾಳ(ಳೆ)ಯ,noun,ದೇ ,1,"ಪಡೆ, ದಳ, ಸೈನ್ಯ"
ಪಾಳೆ,noun,ದೇ ,1,"ಅಡಕೆಯ ಗೊಂಚಲಿನ ಮೇಲಿರುವ ಪೊರೆ, ಅಡಕೆ ಪಟ್ಟೆ"
ಪಾಳ್ಯ,noun,ಪಾಳಯ ,1,"ಪಡೆ, ಸೈನ್ಯ"
ಪಾವಕ,noun,ಸಂ ,1,ಶುದ್ಧಗೊಳಿಸುವಂತಹುದು
ಪಾವತಿ,noun,<ಹಿಂ. ಮರಾ. ಪಾವತೀ ,1,"ಹಣ, ಪತ್ರ ಮೊ.ವನ್ನು - ತಲುಪಿಸುವುದು, ಸಂದಾಯ ಮಾಡುವುದು"
ಪಾವನ,noun,ಸಂ ,1,"ಶುದ್ಧವಾದುದು, ಪವಿತ್ರವಾದುದು"
ಪಾವು,noun,"ದೇ ಹಾವು, ಉರಗ; <ಸಂ. ಪಾದ ",1,"ನಾಲ್ಕನೆಯ ಒಂದು ಭಾಗ, ಕಾಲುಭಾಗ"
ಪಾವುಡ,noun,<ಸಂ. ಪ್ರಾವೃತ ,1,"ಬಟ್ಟೆ, ವಸ್ತ್ರ"
ಪಾಶ,noun,ಸಂ ,1,"ಹಗ್ಗ, ಮಿಣಿ"
ಪಾಶಿ,noun,<ಸಂ. ಪಾಶಿನ್ ,1,"ಪಾಶಪಾಣಿ, ವರುಣ"
ಪಾಷಂಡ,noun,"ಸಂ ಪಾಖಂಡ, ವೈದಿಕ ಸಂಪ್ರ ದಾಯಕ್ಕೆ ವಿರುದ್ಧವಾದ ಮತ; ಸಂ ",1,"ಕಲ್ಲು, ಶಿಲೆ"
ಪಾಸಂಗ,noun,<ಮರಾ. ಪಾಸಂಗ್ ,1,ತಕ್ಕಡಿಯಲ್ಲಿ ಪೇರುಕಟ್ಟುವ ಕಾಣಿ
ಪಾಸು,noun,ದೇ ,1,"ಹಾಸುಗೆ, ಶಯ್ಯೆ"
ಪಿಂ,noun,ದೇ ,1,"ಹಿಂಬದಿ, ಹಿಂಭಾಗ"
ಪಿಂಗ,noun,ಸಂ ,1,"ಕಂದು ಬಣ್ಣ, ಕಪಿಲವರ್ಣ"
ಪಿಂಗಳ,noun,<ಸಂ. ಪಿಂಗಲ ,1,ಅರುವತ್ತು ಸಂವ ತ್ಸರಗಳಲ್ಲಿ ಒಂದು
ಪಿಂಗಾಣಿ,noun,<ಪಾರ. ಪಿಂಗಾಲ್ ,1,ಬಿಳಿಯ ಜೇಡಿಮಣ್ಣು
ಪಿಂಛ,noun,ಸಂ ,1,"ಹಕ್ಕಿಗಳ - ರೆಕ್ಕೆ, ಗರಿ"
ಪಿಂಜ,noun,ಸಂ ,1,ಮನಸ್ಸಿನ ಗೊಂದಲ
ಪಿಂಜರ,noun,ಸಂ ,1,"ಬಂಗಾರ, ಚಿನ್ನ"
ಪಿಂಜರಪೋಲು,noun,<ಮರಾ. ಪಿಂಜರಾಪೋಲ್ ,1,ಮುದಿದನಗಳನ್ನು ರಕ್ಷಿಸುವ ಸ್ಥಳ
ಪಿಂಜಾರ,noun,ಹಿಂ ,1,"ಹಿಂಜುವವನು, ಹೆಕ್ಕುವವನು"
ಪಿಂಜೆ,noun,<ಸಂ. ಪಿಂಜಾ ,1,"ಬಾಧೆ, ನೋವು"
ಪಿಂಡ,noun,ಸಂ ,1,"ಮುದ್ದೆ, ಉಂಡೆ"
ಪಿಂಡಲು,noun,ದೇ ,1,"ಮೊತ್ತ, ರಾಶಿ"
ಪಿಂಡಿ,noun,ದೇ ,1,ಎಣ್ಣೆಯ ಕಾಳುಗಳಿಂದ ರಸ ತೆಗೆದ ಮೇಲೆ ಉಳಿಯುವ ಶೇಷ
ಪಿಂಡಿಕೆ(ಗೆ),noun,<ಸಂ. ಪಿಂಡಿಕಾ ,1,"ಊತ, ಬಾವು"
ಪಿಚಾಡಿ,noun,<ಹಿಂ. ಪಿಛಾಡೀ ,1,"ಹಿಂಬದಿ, ಹಿಂಭಾಗ"
ಪಿಚುಲ,noun,ಸಂ ,1,"ಅರಳೆ, ಹತ್ತಿ"
ಪಿಚ್ಛಿಲ,noun,ಸಂ ,1,"ಕೆಸರಿನಿಂದ ಕೂಡಿದ ಜಾಗ, ಸ್ಥಳ"
ಪಿಚ್ಛೆ,noun,ಸಂ ,1,ಅನ್ನದ ಗಂಜಿ
ಪಿಟ,noun,ಸಂ ,1,"ಬಿದಿರಿನ ಬುಟ್ಟಿ, ಗಳಗೆ"
ಪಿಟಕ,noun,ಸಂ ,1,"ಬುಟ್ಟಿ, ಪೆಟಾರಿ"
ಪಿಟ್ಟು,noun,<ಸಂ. ಪಿಷ್ಟ ,1,ಪಿಟ್ಟ
ಪಿಠರ,noun,ಸಂ ,1,"ಮಡಕೆ, ಕುಂಭ"
ಪಿಡಿ,noun,ದೇ ,1,"ಹಿಡಿಯುವಿಕೆ, ಗ್ರಹಿಸುವಿಕೆ"
ಪಿಡುಗು,noun,ದೇ ,1,ಸಿಡಿಲು
ಪಿಣಿ,noun,ದೇ ,1,"ಜಡೆ, ಹೆರಳು"
ಪಿಣ್ಯಾಕ,noun,ಸಂ ,1,"ಎಣ್ಣೆ ತೆಗೆದ ಮೇಲೆ ಉಳಿಯುವ ಹಿಂಡಿ, ಚರಟ"
ಪಿತಾಮಹ,noun,ಸಂ ,1,"ತಂದೆಯ ತಂದೆ, ಅಜ್ಜ, ತಾತ"
ಪಿತೃ,noun,ಸಂ ,1,ತಂದೆ
ಪಿತೃಪಕ್ಷ,noun,ಸಂ ,1,ತಂದೆಯ ಕಡೆಯ ಬಂಧು
ಪಿತ್ತ,noun,ಸಂ ,1,ಶರೀರದ ಮೂರು ಧಾತುಗಳಲ್ಲಿ ಒಂದು
ಪಿತ್ತಲ,noun,ಸಂ ,1,"ಒಂದು ಬಗೆಯ ಲೋಹ, ಹಿತ್ತಾಳೆ"
ಪಿಧಾನ,noun,ಸಂ ,1,ಮುಚ್ಚುವಿಕೆ
ಪಿನ್,noun,ದೇ ,1,"ಹಿಂಬದಿ, ಹಿಂಭಾಗ"
ಪಿಪಾಸೆ,noun,<ಸಂ. ಪಿಪಾಸಾ ,1,"ನೀರಡಿಕೆ, ಬಾಯಾರಿಕೆ"
ಪಿರಿ,noun,ದೇ ,1,"ಹೆಣದ ಬಾಡು, ಮಾಂಸ"
ಪಿರಿದು,noun,ದೇ ,1,"ದೊಡ್ಡದು, ಗಾತ್ರವಾದುದು"
ಪಿಲ್ಲಿ,noun,ದೇ ,1,ಹೆಂಗಸರು ಕಾಲಿನ ಬೆರಳಿಗೆ ತೊಡುವ ಉಂಗುರದಂತಹ ಒಂದು ಆಭರಣ
ಪಿಳ್ಕು,noun,ದೇ ,1,"ಗರಿಗಳಿಂದ ಕೂಡಿದ ಬಾಣದ ಭಾಗ, ಪುಂಖ"
ಪಿಳ್ಳೆ,noun,ದೇ ,1,"ಚಿಕ್ಕದು, ಸಣ್ಣದು"
ಪಿಶಂಗ,noun,ಸಂ ,1,ಕಂದುಬಣ್ಣ
ಪಿಶಾಚ,noun,ಸಂ ,1,"ಭೂತ, ದೆವ್ವ"
ಪಿಶಾಚಿ,noun,ಸಂ ,1,"ದೆವ್ವ, ಪಿಶಾಚ"
ಪಿಶಿತ,noun,ಸಂ ,1,"ಮಾಂಸ, ಬಾಡು"
ಪಿಶುನ,noun,ಸಂ ,1,"ಚಾಡಿ ಹೇಳುವಿಕೆ, ದೂರುವಿಕೆ"
ಪಿಷ್ಟ,noun,ಸಂ ,1,"ಧಾನ್ಯ ಮೊ.ವುಗಳ ಹಿಟ್ಟು, ಪುಡಿ"
ಪಿಸರು,noun,ದೇ ,1,ದೇಹದ ಕೊಳೆ
ಪೀಕಲಾಟ,noun,ದೇ ,1,"ಪೇಚು, ತೊಂದರೆ, ಕಷ್ಟ"
ಪೀಚು,noun,ದೇ ,1,ಸರಿಯಾಗಿ ಬೆಳೆಯದಿರುವಿಕೆ
ಪೀಠ,noun,ಸಂ ,1,"ಕುಳಿತುಕೊಳ್ಳಲು ಮಾಡಿದ ಮಣೆ, ಆಸನ"
ಪೀಠಿಕೆ,noun,<ಸಂ. ಪೀಠಿಕಾ ,1,"ಆಸನ, ಪೀಠ"
ಪೀಡೆ,noun,<ಸಂ. ಪೀಡಾ ,1,"ನೋವು, ಬಾಧೆ"
ಪೀತ,noun,ಸಂ ,1,"ಅರಸಿನದ ಬಣ್ಣ, ಹಳದಿ"
ಪೀತಾಂಬರ,noun,ಸಂ ,1,ಹಳದಿ ಬಣ್ಣದ ಬಟ್ಟೆ
ಪೀನಸ,noun,ಸಂ ,1,"ಶೀತಬಾಧೆ, ನೆಗಡಿ"
ಪೀಯೂಷ,noun,ಸಂ ,1,"ಅಮೃತ, ಸುಧೆ"
ಪೀರು,noun,ದೇ ,1,"ದ್ರವವನ್ನು ಬಾಯಿಯಿಂದ ಸೇದಿಕೊಳ್ಳು, ಹೀರು"
ಪೀಲಿ,noun,ದೇ ,1,"ನವಿಲುಗರಿ, ನವಿಲಿನ ಸೋಗೆ, ತೋಕೆ"
ಪೀಲು,noun,ಸಂ ,1,ಉಗುನಿ ಮರ
ಪೀವರ,noun,ಸಂ ,1,"ದೊಡ್ಡದು, ಸ್ಥೂಲವಾದುದು"
ಪುಂಖ,noun,ಸಂ ,1,"ಬಾಣದ ಹಿಂಭಾಗ, ಹಿಳಿಕು"
ಪುಂಗವ,noun,ಸಂ ,1,"ಎತ್ತು, ಗೂಳಿ"
ಪುಂಗಿ,noun,ದೇ ,1,ಸಾಮಾನ್ಯವಾಗಿ ಹಾವಾಡಿಗರು ಊದುವ ಸೋರೆ ಬುರುಡೆಯಿಂದ ಮಾಡಿದ ಒಂದು ಬಗೆಯ ವಾದ್ಯ
ಪುಂಜ,noun,ದೇ ,1,ಗಂಡು ಕೋಳಿ
ಪುಂಡರೀ(ಲೀ)ಕ,noun,ಸಂ ,1,ಬಿಳಿಯ ತಾವರೆ
ಪುಂಡ್ರ,noun,ಸಂ ,1,ಬಿಳಿಯ ಪಟ್ಟೆಗಳುಳ್ಳ ಒಂದು ಬಗೆಯ ಕೆಂಪು ಬಣ್ಣದ ಕಬ್ಬು
ಪುಗಿಲು,noun,ದೇ ,1,"ಬಾಗಿಲು, ಪ್ರವೇಶದ್ವಾರ"
ಪುಚ್ಚವಣ,noun,<ಸಂ. ಪುಚ್ಛನ ,1,ಪರೀಕ್ಷೆ
ಪುಚ್ಚಿ,noun,ದೇ ,1,ಯೋನಿ
ಪುಚ್ಛ,noun,ಸಂ ,1,ಬಾಲ
ಪುಟ,noun,"ದೇ ಪುಟಿಗೆ, ನೆಗೆತ; <ಸಂ. ಪೃಷ್ಠ ",1,"ಬರೆಯುವ ಯಾ ಅಚ್ಚಿನ ಹಾಳೆಯ ಒಂದು ಮಗ್ಗುಲು, ಪಕ್ಕ"
ಪುಟಭೇದನ,noun,ಸಂ ,1,"ಪಟ್ಟಣ, ನಗರ"
ಪುಟಿಗೆ,noun,ದೇ ,1,ನೆಗೆತ
ಪುಟ್ಟಿ,noun,ದೇ ,1,"ತೆಂಗು, ತಾಳೆಗಳ ಗರಿ ಯಾ ಬಿದಿರಿನಿಂದ ಹೆಣೆದು ಮಾಡಿದ ಗೂಡೆ, ಮಂಕರಿ ಮುಂ.ವು"
ಪುಟ್ಟಿಗೆ,noun,<ಸಂ. ಫುಟ್ಟಿಕಾ ,1,"ಕರಂಡ, ಭರಣಿ"
ಪುಡಿಕೆ,noun,<ಸಂ. ಪುಟಕಾ ,1,"ಕರಂಡ, ಭರಣಿ"
ಪುಢಾರಿ,noun,ಮರಾ ,1,"ನಾಯಕ, ಮುಂದಾಳು"
ಪುಣ್ಯ,noun,ಸಂ ,1,"ಸದಾಚಾರ, ಪರೋಪಕಾರ ಮೊ. ಸದ್ವರ್ತನೆ, ಸೈಪು, ಸುಕೃತ"
ಪುಣ್ಯಾಹ,noun,ಸಂ ,1,"ಮಂಗಳಕರವಾದ ದಿನ, ಶುಭದಿವಸ"
ಪುತ್ತು,noun,ದೇ ,1,"ಗೆದ್ದಲುಗಳು ಕಟ್ಟುವ ಮಣ್ಣಿನ ಗೂಡು, ಹಾವು ವಾಸಿಸುವ ಹುತ್ತ"
ಪುದು,noun,ದೇ ,1,"ಗುಂಪು, ಸಮೂಹ"
ಪುದ್ಗಲ,noun,ಸಂ ,1,"ಅಣುವಿನ ತೀರ ಚಿಕ್ಕ ಭಾಗ, ಪರಮಾಣು"
ಪುನರಪಿ,noun,ಸಂ ,1,"ಮತ್ತೊಂದು ಸಲ, ಬಾರಿ, ಇನ್ನೊಂದಾವರ್ತಿ"
ಪುನರುಕ್ತಿ,noun,ಸಂ ,1,ಹೇಳಿದುದನ್ನೇ ಮತ್ತೆ ಹೇಳುವುದು
ಪುನೀತ,noun,ಸಂ ,1,ಪರಿಶುದ್ಧವಾದುದು
ಪುನ್ನಾಗ,noun,ಸಂ ,1,ಪುರುಷರಲ್ಲಿ ಶ್ರೇಷ್ಠನಾದವನು
ಪುರ,noun,ಸಂ ,1,"ಹೊನಲು, ಪ್ರವಾಹ"
ಪುರಸ್ಕಾರ,noun,ಸಂ ,1,"ಗೌರವ, ಸನ್ಮಾನ, ಮರ್ಯಾದೆ"
ಪುರಾಣ,noun,ಸಂ ,1,"ಹಳೆಯದು, ಪುರಾತನವಾದುದು"
ಪುರಾಣಪುರುಷ,noun,ಸಂ ,1,"ಮುದುಕ, ವೃದ್ಧ"
ಪುರಾತನ,noun,ಸಂ ,1,"ಹಳೆಯದು, ಪೂರ್ವಕಾಲಕ್ಕೆ ಸಂಬಂಧಿಸಿದುದು"
ಪುರಿ,noun,ದೇ ,1,ಹುರಿಯುವಿಕೆ
ಪುರೀಷ,noun,ಸಂ ,1,"ಮಲ, ಅಮೇಧ್ಯ"
ಪುರು,noun,ಸಂ ,1,"ಹಿರಿದು, ದೊಡ್ಡದು"
ಪುರುಡು,noun,ದೇ ,1,"ಸ್ಪರ್ಧೆ, ಪೈಪೋಟಿ"
ಪುರುಳಿ,noun,ದೇ ,1,"ಹೆಣ್ಣುಗಿಳಿ, ಸಾರಿಕೆ"
ಪುರುಳ್(ಳು),noun,ದೇ ,1,"ವಸ್ತು, ಪದಾರ್ಥ"
ಪುರುಷ,noun,ಸಂ ,1,"ಮನುಷ್ಯ, ಮಾನವ, ನರ"
ಪುರುಷತ್ವ,noun,ಸಂ ,1,"ಗಂಡುತನ, ಪುಂಭಾವ"
ಪುರುಷಾರ್ಥ,noun,ಸಂ ,1,"ಮನುಷ್ಯನು ಸಾಧಿಸಬೇಕಾದ ಧರ್ಮ, ಅರ್ಥ, ಕಾಮ ಮತ್ತು ಮೋಕ್ಷ ಎಂಬ ನಾಲ್ಕು ಪರಮಧ್ಯೇಯಗಳು"
ಪುರುಷೋತ್ತಮ,noun,ಸಂ ,1,"ಮನುಷ್ಯರಲ್ಲಿ ಶ್ರೇಷ್ಠನಾದವನು, ನರಶ್ರೇಷ್ಠ"
ಪುರೋಡಾಶ,noun,ಸಂ ,1,ಯಜ್ಞ ಯಾಗಾದಿಗಳಲ್ಲಿ ಅರ್ಪಿಸುವ ಹವಿಸ್ಸು ಇತ್ಯಾದಿ
ಪುರೋಭಾಗ,noun,ಸಂ ,1,"ಮುಂಭಾಗ, ಮುಂದಿನ ಪ್ರದೇಶ"
ಪುಲಕ,noun,"ಸಂ ಮೈನವಿರೇಳುವಿಕೆ, ರೋಮಾಂ ಚನ ",1,"ಪ್ರಾಣಿಗಳ ಮೈಗೆ ಅಂಟಿಕೊಳ್ಳುವ ಒಂದು ಬಗೆಯ ಹುಳು, ಕ್ರಿಮಿ"
ಪುಲಾಕ,noun,ಸಂ ,1,ಜೊಳ್ಳಾದ ಕಾಳು
ಪುಲಿ(ಳಿ)ನ,noun,ಸಂ ,1,"ನದಿ, ಸಮುದ್ರಗಳ ಉಸು ಕಿನ ದಂಡೆ; ಮರಳಿನಿಂದ ಕೂಡಿದ - ದಡ, ತೀರ"
ಪುಳಕ,noun,<ಸಂ. ಪುಲಕ ,1,"ಮೈನವಿರೇಳುವಿಕೆ, ರೋಮಾಂಚನ"
ಪುಳಿಚಾರು,noun,<ದೇ. ಪುಳಿ + ಸಾರು ,1,ಸಸ್ಯಾ ಹಾರ
ಪುಳಿಲು,noun,ದೇ ,1,"ಉಸುಕು, ಮರಳು"
ಪುಳ್ಳಿ,noun,ದೇ ,1,"ಮರದಿಂದ ಉದುರಿದ ಚಿಕ್ಕಚಿಕ್ಕ ಒಣಕಡ್ಡಿ, ಪುಡಿಸೌದೆ"
ಪುಷ್ಕರ,noun,ಸಂ ,1,"ತಾವರೆ, ಕಮಲ"
ಪುಷ್ಕರಿಣಿ,noun,ಸಂ ,1,ಹೆಣ್ಣಾನೆ
ಪುಷ್ಕಲ,noun,ಸಂ ,1,"ಹೇರಳವಾದುದು, ವಿಪುಲವಾದುದು"
ಪುಷ್ಟ,noun,ಸಂ ,1,"ಹೆಚ್ಚಳ, ಆಧಿಕ್ಯ"
ಪುಷ್ಟಿ,noun,ಸಂ ,1,"ಚೆನ್ನಾಗಿ ಬೆಳೆದ ಸ್ಥಿತಿ, ಕೊಬ್ಬಿರುವಿಕೆ"
ಪುಷ್ಪ,noun,ಸಂ ,1,"ಹೂವು, ಕುಸುಮ"
ಪುಸಿ,noun,ದೇ ,1,"ಸುಳ್ಳು, ಸಟೆ"
ಪುಸುಕಲು,noun,<ಮರಾ. ಫುಸಕಲ್ ,1,ಜಾಳು ಜಾಳಾದುದು
ಪುಸ್ತ,noun,ಸಂ ,1,"ಬಳಿಯುವುದು, ಲೇಪನ, ಲೆಪ್ಪದ ಕೆಲಸ"
ಪುಸ್ತಿ,noun,<ಸಂ. ಪುಸ್ತ ,1,ಪ್ರಗತಿಯನ್ನು ಸೂಚಿಸುವ ಪತ್ರ
ಪೂ,noun,ದೇ ,1,"ಹೂವು, ಪುಷ್ಪ"
ಪೂಗ,noun,ಸಂ ,1,"ಗುಂಪು, ಸಮೂಹ"
ಪೂಜನ,noun,ಸಂ ,1,ಪೂಜಿಸುವುದು
ಪೂಜೆ,noun,<ಸಂ. ಪೂಜಾ ,1,"ಅರ್ಚನೆ, ಆರಾಧನೆ"
ಪೂಜ್ಯ,noun,ಸಂ ,1,"ಪೂಜೆಗೆ ಅರ್ಹನಾದವನು, ಪೂಜನೀಯ ವ್ಯಕ್ತಿ"
ಪೂತ,noun,ಸಂ ,1,"ಒಕ್ಕಿದ ಧಾನ್ಯ, ತೂರಿದ ಧಾನ್ಯ"
ಪೂತಿ,noun,ಸಂ ,1,"ಕೊಳಕುನಾತ, ದುರ್ಗಂಧ"
ಪೂರ,noun,ಸಂ ,1,"ತುಂಬುವುದು, ತುಂಬಿಸುವುದು"
ಪೂರಕ,noun,ಸಂ ,1,ಪೂರ್ಣಗೊಳಿಸುವಂತಹದು
ಪೂರಣ,noun,ಸಂ ,1,"ಅರಕೆಯನ್ನು ತುಂಬುವುದು, ಪೂರ್ಣಮಾಡುವುದು"
ಪೂರೈಕೆ,noun,<ದೇ. ಪೂರೈಸು + ಕೆ ,1,"ಈಡೇ ರಿಕೆ, ನೆರವೇರಿಕೆ"
ಪೂರ್ಣ,noun,ಸಂ ,1,"ಕಡುಬು, ಹೋಳಿಗೆ ಮೊ.ವುಗಳ ಹೂರಣ"
ಪೂರ್ಣಕುಂಭ,noun,ಸಂ ,1,"ನೀರು ಮೊ. ದ್ರವದಿಂದ ತುಂಬಿದ ಕೊಡ, ಕಲಶ"
ಪೂರ್ಣಫಲ,noun,ಸಂ ,1,ಸಂಪೂರ್ಣವಾದ ಸಿದ್ಧಿ
ಪೂರ್ಣಾಹುತಿ,noun,ಸಂ ,1,ಯಜ್ಞಾದಿಗಳಲ್ಲಿ ದರ್ವಿ ಯಾ ಸವುಟನ್ನು ಪೂರ್ತಿಯಾಗಿ ತುಂಬಿಕೊಂಡು ಕೊಡುವ ಆಹುತಿ
ಪೂರ್ತಿ,noun,<ಸಂ. ಪೂರ್ತ ,1,"ತುಂಬುವುದು, ಭರ್ತಿಮಾಡುವುದು"
ಪೂರ್ವ,noun,ಸಂ ,1,"ಪ್ರಾಚೀನ ಕಾಲ, ಹಿಂದಣಕಾಲ"
ಪೂರ್ವಾರ್ಜಿತ,noun,ಸಂ ,1,"ಹಿಂದೆ ಗಳಿಸಿದುದು, ಪೂರ್ವಸಂಚಿತವಾದುದು"
ಪೂಷ,noun,<ಸಂ. ಪೂಷನ್ ,1,ಸೂರ್ಯ
ಪೃ,noun,ಸಂ ,1,"ಭೂಮಿ, ಧರೆ"
ಪೃತನೆ,noun,<ಸಂ. ಪೃತನಾ ,1,ಯುದ್ಧ
ಪೃಥುಕ,noun,ಸಂ ,1,ಅವಲಕ್ಕಿ
ಪೃಷ್ಠ,noun,ಸಂ ,1,"ಹಿಂಭಾಗ, ಹಿಂಬದಿ"
ಪೆಂಗು,noun,ದೇ ,1,"ದಡ್ಡತನ, ಮಂಕುತನ"
ಪೆಂಟೆ,noun,ದೇ ,1,"ಮಣ್ಣು, ಬೆಲ್ಲ ಮೊ.ವುಗಳ ಮುದ್ದೆ, ಉಂಡೆ"
ಪೆಂಡವಾಸ,noun,ಪೆಣ್ + ವಾಸ ,1,"ಅಂತಃಪುರ, ರಾಣಿವಾಸ"
ಪೆಂಡಾರ,noun,ದೇ ,1,"ಕಾಲಿಗೆ ಧರಿಸುವ ಒಂದು ಬಗೆಯ ಆಭರಣ, ಅಂದುಗೆ"
ಪೆಂಪು,noun,ದೇ ,1,"ಹಿರಿಮೆ, ಘನತೆ"
ಪೆಚ್ಚು,noun,<ದೇ. ಪೆರ್ಚು ,1,"ಆಧಿಕ್ಯ, ಹೆಚ್ಚಳ"
ಪೆಟ್ಟಿ,noun,ದೇ ,1,"ಮುದ್ದೆ, ಹೆಂಟೆ"
ಪೆಟ್ಟು,noun,ದೇ ,1,"ಏಟು, ಹೊಡೆತ"
ಪೆಟ್ಟೆ,noun,ದೇ ,1,ಪೆಟ್ಟಿ
ಪೆಟ್ಲುಪ್ಪು,noun,"ದೇ ಒಂದು ಬಗೆಯ ಉಪ್ಪು, ಬಂದೂಕಿಗೆ ಹಾಕುವ ಮದ್ದು ಪೆಡಂಭೂತ <ದೇ. ಪೆಡಂ + <ಸಂ. ಭೂತ; ದೇ ",1,ಭಯಂಕರವಾದ ದೊಡ್ಡ ಭೂತ
ಪೆಡಸು,noun,ದೇ ,1,"ಲೋಹದಂತೆ ಗಡುಸಾಗಿರುವುದು, ಬಿರುಸಾಗಿರುವುದು"
ಪೆದ್ದು,noun,ದೇ ,1,"ದಡ್ಡತನ, ಮೌಢ್ಯ"
ಪೆರೆ,noun,ದೇ ,1,ಚಂದ್ರ
ಪೆರ್ಕಳ,noun,ದೇ ,1,"ಹೆಚ್ಚಳ, ಅತಿಶಯ"
ಪೆರ್ಕುಡಿ,noun,ದೇ ,1,"ಹಿರಿಯ ಮನೆತನ, ದೊಡ್ಡ ವಂಶ"
ಪೆರ್ಗಡೆ,noun,ದೇ ,1,"ಗ್ರಾಮದ ಮುಖ್ಯಾಧಿಕಾರಿ, ಒಡೆಯ, ಹೆಗ್ಗಡೆ"
ಪೆರ್ಚು,noun,ದೇ ,1,"ಹೆಚ್ಚಳ, ಆಧಿಕ್ಯ, ವೃದ್ಧಿ"
ಪೆರ್ಮೆ,noun,ದೇ ,1,"ಹೆಮ್ಮೆ, ಹಿರಿಮೆ, ಶ್ರೇಷ್ಠತೆ"
ಪೆಸರು,noun,ದೇ ,1,"ಹೆಸರು, ಅಂಕಿತ, ನಾಮಧೇಯ"
ಪೇಚಕ,noun,ಸಂ ,1,"ಗೂಬೆ, ಗೂಗೆ"
ಪೇಟಿ,noun,<ಸಂ. ಪೇಟ ,1,"ಪೆಟ್ಟಿಗೆ, ಪೆರಾರಿ"
ಪೇಡಿ,noun,ದೇ ,1,"ಹೇಡಿ, ಅಂಜುಕುಳಿ, ಪುಕ್ಕಲ"
ಪೇತ,noun,<ಸಂ. ಪ್ರೇತ ,1,"ಭೂತ, ಪಿಶಾಚಿ, ಪ್ರೇತ"
ಪೇರಡಿ,noun,ದೇ ,1,ದೊಡ್ಡ ಪಾದ
ಪೇರಣೆ,noun,ದೇ ,1,ಪೇರಣ
ಪೇಲವ,noun,ಸಂ ,1,"ಕೃಶವಾದುದು, ತೆಳುವಾದುದು"
ಪೇಳಿಗೆ,noun,<ಸಂ. ಪೀಠಿಕಾ ,1,"ಪೆಟ್ಟಿಗೆ, ಸಂದೂಕ"
ಪೇಶಲ,noun,ಸಂ ,1,"ಮೃದುತ್ವ, ಕೋಮಲತೆ"
ಪೇಶಿ,noun,ಸಂ ,1,"ಮಾಂಸ, ಅಡಗು"
ಪೇಷಣ,noun,ಸಂ ,1,"ಧಾನ್ಯವನ್ನು ಹಿಟ್ಟುಮಾಡುವುದು, ಬೀಸುವುದು"
ಪೈಕ,noun,ದೇ ,1,"ಗುಂಪು, ಬಳಗ, ಪರಿವಾರ"
ಪೈಜಣ,noun,<ಹಿಂ. ಪೈಜನೀ ,1,"ಕಿರುಗೆಜ್ಜೆ ಗಳಿಂದ ಕೂಡಿದ ಕಾಲಿನ ಒಂದು ಆಭರಣ, ಅಂದುಗೆ, ನೂಪುರ"
ಪೈತ್ಯ,noun,<ಸಂ. ಪಿತ್ತ ,1,"ಪಿತ್ತ ಸಂಬಂಧವಾದ ದೋಷ, ಪಿತ್ತವಿಕಾರ"
ಪೈಶಾಚ,noun,ಸಂ ,1,ಪಿಶಾಚಿ
ಪೈಶಾಚಿ,noun,ಸಂ ,1,ಪಿಶಾಚಿ
ಪೈಶೂನ್ಯ,noun,<ಸಂ. ಪೈಶುನ್ಯ ,1,"ಚಾಡಿ, ದೂರು, ಪಿಸುಣು"
ಪೈಸರ,noun,ದೇ ,1,"ಮಲ್ಲಯುದ್ಧದ ಒಂದು ಪಟ್ಟು, ಕುಸ್ತಿಯ ಒಂದು ವರಸೆ"
ಪೊಂಕ,noun,ದೇ ,1,"ಗರ್ವ, ಬಿಂಕ, ಅಹಂಕಾರ"
ಪೊಂಗ,noun,ದೇ ,1,"ಧೈರ್ಯಶಾಲಿ, ಧೀರ"
ಪೊಂಗು,noun,ದೇ ,1,"ಗರ್ವ, ಸೊಕ್ಕು"
ಪೊಂಚು,noun,ದೇ ,1,"ಅಡಗಿ ಕಾಯುವಿಕೆ, ನಿರೀಕ್ಷಿಸುವಿಕೆ"
ಪೊಂದು,noun,ದೇ ,1,"ಸೇರಿಕೆ, ಹೊಂದಿಕೆ"
ಪೊಂಪುಳಿ,noun,ದೇ ,1,"ಹೆಚ್ಚಳ, ಆಧಿಕ್ಯ"
ಪೊಂಬಾಳೆ,noun,ದೇ ,1,"ಅಡಿಕೆ, ತೆಂಗು ಮುಂ. ಮರಗಳಲ್ಲಿ ಹೊರಡುವ ಹೆಡೆಯಾಕಾರದ - ಹೂವಿನ ಗೊಂಚಲು, ಸಿಂಗಾರ"
ಪೊಕ್ಕುಳು,noun,ದೇ ,1,"ಹೊಕ್ಕುಳು, ನಾಭಿ"
ಪೊಗದಸ್ತು,noun,<ಮರಾ. ಪಗದಸ್ತ ,1,ಸಮೃದ್ಧವಾದುದು
ಪೊಗರು,noun,ದೇ ,1,"ಹೊಳಪು, ಕಾಂತಿ"
ಪೊಗಸು,noun,ದೇ ,1,"ಬೆಳಗಿನ ಜಾವ, ಮುಂಜಾವ"
ಪೊಗೆ,noun,ದೇ ,1,"ಹೊಗೆ, ಧೂಮ"
ಪೊಚ್ಚ,noun,ದೇ ,1,"ನವೀನವಾದುದು, ಹೊಸದು"
ಪೊಟ್ಟು,noun,ದೇ ,1,ಧಾನ್ಯದ ಹೊಟ್ಟು
ಪೊಟ್ಟೆ,noun,ದೇ ,1,"ದೇಹದ ಒಂದು ಭಾಗ, ಜಠರ"
ಪೊಡೆ,noun,ದೇ ,1,"ಏಟು, ಪೆಟ್ಟು"
ಪೊಣೆ,noun,ದೇ ,1,"ಜವಾಬ್ದಾರಿ, ಉತ್ತರದಾಯಿತ್ವ"
ಪೊತ್ತಿಗೆ,noun,<ಸಂ. ಪುಸ್ತಿಕಾ ,1,"ಹೊತ್ತಗೆ, ಪುಸ್ತಕ"
ಪೊದಕೆ,noun,ದೇ ,1,"ಆಚ್ಛಾದನೆ, ಹೊದಿಕೆ"
ಪೊದರು,noun,ದೇ ,1,ಪೊದೆ
ಪೊದಿಕೆ,noun,ದೇ ,1,"ಮುಸುಕು, ಆಚ್ಛಾದನೆ"
ಪೊದೆ,noun,ದೇ ,1,"ಬತ್ತಳಿಕೆ, ಮೂಡಿಗೆ"
ಪೊನ್ನು,noun,ದೇ ,1,ಗದ್ಯಾಣ
ಪೊಪ್ಪಳಿ,noun,ದೇ ,1,ಬೇರೆಬೇರೆ ಬಣ್ಣಗಳಿಂದ ಕೂಡಿದ ಒಂದು ಬಗೆಯ ಬಟ್ಟೆ
ಪೊಮ್ಮ,noun,ದೇ ,1,"ಆಧಿಕ್ಯ, ಹೆಚ್ಚಳ"
ಪೊರೆ,noun,ದೇ ,1,"ರಕ್ಷಣೆ, ಆಶ್ರಯ"
ಪೊರ್ಕುಳಿ,noun,ದೇ ,1,"ಕಾಳಗ, ಯುದ್ಧ"
ಪೊರ್ಕುಳು,noun,ದೇ ,1,"ಹೊಕ್ಕುಳು, ನಾಭಿ"
ಪೊಲ,noun,ದೇ ,1,"ಬೆಳೆ ಬೆಳೆಯುವ ಭೂಮಿ, ಜಮೀನು"
ಪೊಲಂಬು,noun,ದೇ ,1,"ದಾರಿ, ಮಾರ್ಗ"
ಪೊಲಸು,noun,ದೇ ,1,"ಕೊಳೆ, ಕೊಳಕು, ಅಶುದ್ಧವಾದುದು"
ಪೊಲೆ,noun,ದೇ ,1,"ಮೈಲಿಗೆ, ಸೂತಕ"
ಪೊಲೆಯ,noun,ದೇ ,1,"ಪಂಚಮವರ್ಣಕ್ಕೆ ಸೇರಿದವನು, ಚಾಂಡಾಲ"
ಪೊಲ್ಲ,noun,ದೇ ,1,"ಕೆಟ್ಟದು, ಹೀನವಾದುದು"
ಪೊಳಪು,noun,ದೇ ,1,"ಹೊಳಪು, ಕಾಂತಿ, ಪ್ರಕಾಶ"
ಪೊಳೆ,noun,ದೇ ,1,"ಕಾಂತಿ, ಹೊಳಪು"
ಪೊಳ್ತು,noun,ದೇ ,1,"ಸಮಯ, ಕಾಲ, ವೇಳೆ"
ಪೊಳ್ಳು,noun,ದೇ ,1,"ತಿರುಳಿಲ್ಲದುದು, ಟೊಳ್ಳು"
ಪೋಕ,noun,ದೇ ,1,"ಅಲೆದಾಡುವವನು, ಅಲೆಮಾರಿ"
ಪೋಕರಿ,noun,ದೇ ,1,"ದುಷ್ಟ ನಡತೆಯುಳ್ಳ ವ್ಯಕ್ತಿ, ನೀಚ ಸ್ವಭಾವದ ವ್ಯಕ್ತಿ"
ಪೋಗಂಡ,noun,ಸಂ ,1,"ಅಂಗಹೀನ, ಅಂಗವಿಕಲ"
ಪೋಗು,noun,ದೇ ,1,"ತೆರಳುವಿಕೆ, ನಿರ್ಗಮನ"
ಪೋಟ,noun,ದೇ ,1,"ಅಂಗಹೀನ, ಅಂಗವಿಕಲ"
ಪೋಟಿ,noun,ದೇ ,1,"ಈಡು, ಸಮಾನ, ಎಣೆ"
ಪೋಟೆ,noun,ದೇ ,1,"ಮರದ ಪೊಟರೆ, ಡೊಗರು"
ಪೋಡಿ,noun,ದೇ ,1,"ಭಯ, ಹೆದರಿಕೆ"
ಪೋಡು,noun,ದೇ ,1,"ಸೀಳುವಿಕೆ, ಕತ್ತರಿಸುವಿಕೆ"
ಪೋತ್ರ,noun,ಸಂ ,1,"ಹಂದಿಯ ಮೂತಿ, ಮುಸುಡಿ"
ಪೋತ್ರಿ,noun,<ಸಂ. ಪೋತ್ರಿನ್ ,1,"ಹಂದಿ, ವರಾಹ"
ಪೋರಿ,noun,ದೇ ,1,ಹುಡುಗಿ
ಪೋರು,noun,ದೇ ,1,"ಹೋರಾಟ, ಕಾಳಗ"
ಪೋರ್ಕುಳಿ,noun,ದೇ ,1,"ಹೋರಾಡುವವನು, ಯುದ್ಧ ಮಾಡುವವನು"
ಪೋಲಿ,noun,ಪಟಾಲಂ = ಉಡಾಳರ ಗುಂಪು; ದೇ ,1,"ಉಡಾಳ, ಪೋಕರಿ"
ಪೋಲು,noun,ದೇ ,1,"ಅಪವ್ಯಯ, ದುಂದುವೆಚ್ಚ"
ಪೋಳು,noun,ದೇ ,1,"ತುಂಡರಿಸಿದ ಭಾಗ, ಚೂರು, ತುಂಡು"
ಪೋಷಕ,noun,ಸಂ ,1,"ಪೂರಕವಾದುದು, ಪಾಲನೆ ಮಾಡುವಂತಹುದು"
ಪೌರ,noun,ಸಂ ,1,"Ҩಗರದಲ್ಲಿ ವಾಸಿಸುವವನು, ಪಟ್ಟಣಿಗ"
ಪೌರಾಣ,noun,ಸಂ ,1,"ಹಳೆಯದು, ಪ್ರಾಚೀನವಾದುದು"
ಪೌರಾಣಿಕ,noun,ಸಂ ,1,ಪುರಾಣಗಳಿಗೆ ಸಂಬಂಧಿಸಿದುದು
ಪೌರುಷ,noun,ಸಂ ,1,"ಪುರುಷತ್ವ, ಗಂಡಸುತನ"
ಪೌರೋಹಿತ್ಯ,noun,ಸಂ ,1,"ಪುರೋಹಿತನ ಕೆಲಸ, ವೃತ್ತಿ"
ಪೌಳಿ,noun,ದೇ ,1,"ಪ್ರಾಕಾರ, ಸುತ್ತುಗೋಡೆ"
ಪೌಷ್ಟಿಕ,noun,ಸಂ ,1,"ದೇಹಕ್ಕೆ ಶಕ್ತಿಯನ್ನು ಕೊಡುವಂತಹದು, ಪುಷ್ಟಿದಾಯಕವಾದುದು"
ಪ್ಯಾದೆ,noun,<ಪಾರ. ಪಿಯಾದಾ ,1,"ಕಾಲ್ನಡೆಯ ಸೈನಿಕ, ಕಾಲಾಳು"
ಪ್ರಕಂಪನ,noun,ಸಂ ,1,"ಅತಿಯಾದ ನಡುಕ, ಅತಿಶಯವಾದ ಕಂಪನ"
ಪ್ರಕಟ,noun,ಸಂ ,1,"ಸ್ಪಷ್ಟವಾದುದು, ನಿಚ್ಚಳವಾದುದು"
ಪ್ರಕಟಣೆ,noun,<ಸಂ. ಪ್ರಕಟನ ,1,"ತಿಳಿಯ ಪಡಿಸುವುದು, ಬಹಿರಂಗಪಡಿಸುವುದು"
ಪ್ರಕಟಿತ,noun,ಸಂ ,1,"ವ್ಯಕ್ತವಾಗುವಂತಹದು, ಬಹಿರಂಗವಾಗುವಂತಹದು"
ಪ್ರಕರಣ,noun,ಸಂ ,1,"ಪ್ರಸ್ತಾವ, ಉಲ್ಲೇಖ"
ಪ್ರಕಾಂಡ,noun,ಸಂ ,1,"ಮರದಲ್ಲಿ ಬೇರಿನಿಂದ ಕೊಂಬೆವರೆಗೆ ಇರುವ ಭಾಗ, ಕಾಂಡ"
ಪ್ರಕಾರ,noun,ಸಂ ,1,"ರೀತಿ, ವಿಧಾನ, ಬಗೆ"
ಪ್ರಕಾಶ,noun,ಸಂ ,1,"ಹೊಳಪು, ಕಾಂತಿ, ಬೆಳಕು"
ಪ್ರಕಾಶನ,noun,ಸಂ ,1,"ಹೊಳೆಯುವಿಕೆ, ಪ್ರಕಾಶಿಸುವಿಕೆ"
ಪ್ರಕೀರ್ಣ,noun,ಸಂ ,1,"ತುಂಬಿರುವಿಕೆ, ಭರ್ತಿಯಾಗಿರುವಿಕೆ"
ಪ್ರಕೀರ್ಣಕ,noun,ಸಂ ,1,"ಚಾಮರ, ಚವರಿ"
ಪ್ರಕೃತಿ,noun,ಸಂ ,1,"ಸಹಜ ಸ್ಥಿತಿಯಲ್ಲಿರುವುದು, ನೈಜವಾದುದು"
ಪ್ರಕೃತಿಭಾವ,noun,ಸಂ ,1,ಯಾವುದಾದರೊಂದು ವಸ್ತುವಿನ ಸ್ವಾಭಾವಿಕ ಸ್ಥಿತಿ
ಪ್ರಕೃಷ್ಟ,noun,ಸಂ ,1,"ಶ್ರೇಷ್ಠವಾದುದು, ಉತ್ತಮವಾದುದು"
ಪ್ರಕೋಪ,noun,ಸಂ ,1,"ಕೋಪಾಟೋಪ, ರೋಷಾವೇಷ"
ಪ್ರಕೋಷ್ಠ,noun,ಸಂ ,1,ಮೊಳಕೈಯಿಂದ ಮಣಿ ಕಟ್ಟಿನವರೆಗಿನ ಭಾಗ
ಪ್ರಕ್ರಮ,noun,ಸಂ ,1,"ಕಾರ್ಯದ ಪ್ರಾರಂಭ, ಉಪಕ್ರಮ"
ಪ್ರಕ್ರಿಯೆ,noun,ಸಂ ,1,"ಪ್ರಕಾರ, ವಿಧಾನ, ರೀತಿ"
ಪ್ರಕ್ಷೇಪ,noun,ಸಂ ,1,"ಎಸೆಯುವುದು, ತೂರುವುದು"
ಪ್ರಕ್ಷೋಭ,noun,ಸಂ ,1,"ಅಲ್ಲೋಲಕಲ್ಲೋಲ, ಪ್ರಕ್ಷುಬ್ಧತೆ"
ಪ್ರಖ್ಯಾತ,noun,ಸಂ ,1,"ಹೆಸರುವಾಸಿಯಾದುದು, ಪ್ರಸಿದ್ಧವಾದುದು"
ಪ್ರಖ್ಯಾತಿ,noun,<ಸಂ. ಪ್ರಖ್ಯಾತ ,1,"ಯಶಸ್ಸು, ಕೀರ್ತಿ"
ಪ್ರಗಲ್ಭ,noun,ಸಂ ,1,"ಪ್ರೌಢ, ನಿಪುಣ"
ಪ್ರಗೀತ,noun,ಸಂ ,1,"ಹಾಡು, ಗೀತೆ"
ಪ್ರಗ್ರಹ,noun,ಸಂ ,1,ಬಿಗಿಯಾಗಿ ಹಿಡಿದುಕೊಳ್ಳುವಿಕೆ
ಪ್ರಘಟ್ಟ,noun,ಸಂ ,1,"ಸಂದರ್ಭ, ಸನ್ನಿವೇಶ"
ಪ್ರಘಣ,noun,ಸಂ ,1,"ಮನೆಯ ಮುಂದಿನ ಅಂಗಳ, ಮೊಗಸಾಲೆ"
ಪ್ರಘಾತ,noun,ಸಂ ,1,"ಕಾಳಗ, ಯುದ್ಧ"
ಪ್ರಚಂಡ,noun,ಸಂ ,1,ಭಯಂಕರವಾದುದು
ಪ್ರಚಯ,noun,<ಸಂ. ಪ್ರಚಯನ ,1,"ಒಟ್ಟು ಗೂಡಿಸುವುದು, ಕಲೆಹಾಕುವುದು"
ಪ್ರಚರ,noun,ಸಂ ,1,"ಹೋಗುವಿಕೆ, ಗಮನ"
ಪ್ರಚಾರ,noun,ಸಂ ,1,"ಪ್ರಸಾರ, ಹರಡುವಿಕೆ"
ಪ್ರಚುರ,noun,ಸಂ ,1,"ಆಧಿಕ್ಯ, ಹೆಚ್ಚಳ"
ಪ್ರಚ್ಛದ,noun,ಸಂ ,1,"ಹೊದಿಕೆ, ಹಚ್ಚಡ"
ಪ್ರಚ್ಛನ್ನ,noun,ಸಂ ,1,"ರಹಸ್ಯ, ಗುಟ್ಟು"
ಪ್ರಜಾಪತಿ,noun,ಸಂ ,1,"ಸೃಷ್ಟಿಕರ್ತ, ಬ್ರಹ್ಮ"
ಪ್ರಜೆ,noun,<ಸಂ. ಪ್ರಜಾ ,1,"ಜನಾಂಗ, ಜನತೆ"
ಪ್ರಜ್ಞಪ್ತಿ,noun,ಸಂ ,1,"ಅರಿವು, ಜ್ಞಾನ"
ಪ್ರಜ್ಞಾನ,noun,ಸಂ ,1,"ಅಧಿಕವಾದ ಜ್ಞಾನ, ಚಾತುರ್ಯ"
ಪ್ರಜ್ಞೆ,noun,<ಸಂ. ಪ್ರಜ್ಞಾ ,1,"ತಿಳಿವಳಿಕೆ, ಬುದ್ಧಿ"
ಪ್ರಣತ,noun,ಸಂ ,1,ನಮಸ್ಕರಿಸುವುದು
ಪ್ರಣಯ,noun,ಸಂ ,1,"ಪ್ರೀತಿ, ಅನುರಾಗ"
ಪ್ರಣವ,noun,ಸಂ ,1,ಓಂಕಾರವೆಂಬ ಮಂತ್ರ
ಪ್ರಣಾಲಿ,noun,<ಸಂ. ಪ್ರಣಾಲೀ ,1,ನೀರು ಹರಿಯುವ ಮಾರ್ಗ
ಪ್ರಣಾಲಿಕೆ,noun,<ಸಂ. ಪ್ರಣಾಲೀ ,1,ಪ್ರಣಾಲಿ
ಪ್ರಣಿಧಾನ,noun,ಸಂ ,1,"ಧ್ಯಾನ, ಸಮಾಧಿ"
ಪ್ರಣಿಧಿ,noun,ಸಂ ,1,"ಗೂಢಚಾರ, ಬೇಹುಗಾರ"
ಪ್ರಣೀತ,noun,ಸಂ ,1,"ಹೇಳಿದುದು, ನಿರ್ದೇಶಿಸಿದುದು"
ಪ್ರತಾರಣ,noun,ಸಂ ,1,"ವಂಚನೆ, ಮೋಸ"
ಪ್ರತಿ,noun,ಸಂ ,1,"ಸಾಟಿ, ಸಮಾನ"
ಪ್ರತಿಕಾರ,noun,<ಸಂ. ಪ್ರತಿಕಾರಿನ್ ,1,ಮಾಡಿದು ದಕ್ಕೆ ಪ್ರತಿಯಾಗಿ ಮಾಡುವುದು
ಪ್ರತಿಕೂಲ,noun,ಸಂ ,1,"ಅನುಕೂಲವಲ್ಲದುದು, ವ್ಯತಿರಿಕ್ತವಾದುದು"
ಪ್ರತಿಕೃತಿ,noun,ಸಂ ,1,"ಪ್ರತಿಮೆ, ವಿಗ್ರಹ"
ಪ್ರತಿಕ್ರಿಯೆ,noun,ಸಂ ,1,ಒಂದು ಕಾರ್ಯದಿಂದ ಉಂಟಾಗುವ ಒಳ್ಳೆಯ ಯಾ ಕೆಟ್ಟ ಪರಿಣಾಮ
ಪ್ರತಿಗಾಮಿ,noun,ಸಂ ,1,ದೇಶದ ಪ್ರಗತಿಗೆ ವಿರುದ್ಧವಾದುದು
ಪ್ರತಿಘಾತ,noun,ಸಂ ,1,"ಹೊಡೆತಕ್ಕೆ ಪ್ರತಿಯಾಗಿ ಹೊಡೆಯುವುದು, ತಿರುಗೇಟು"
ಪ್ರತಿಜ್ಞೆ,noun,<ಸಂ. ಪ್ರತಿಜ್ಞಾ ,1,"ಶಪಥ, ಪಣ"
ಪ್ರತಿನಿಧಿ,noun,ಸಂ ,1,ಒಬ್ಬ ವ್ಯಕ್ತಿಯ ಯಾ ಒಂದು ಸಂಘದ ಪರವಾಗಿ ಕಾರ್ಯನಿರ್ವಹಿಸುವವನು
ಪ್ರತಿಪಕ್ಷ,noun,ಸಂ ,1,"ಶತ್ರುಪಕ್ಷ, ವೈರಿವರ್ಗ"
ಪ್ರತಿಪತ್ತಿ,noun,ಸಂ ,1,"ಪಡೆಯುವುದು, ಪ್ರಾಪ್ತಿ"
ಪ್ರತಿಬದ್ಧ,noun,ಸಂ ,1,"ಕೂಡಿಕೊಂಡಿರುವುದು, ಸೇರಿರುವುದು"
ಪ್ರತಿಬಿಂಬ,noun,ಸಂ ,1,"ನೀರು, ಕನ್ನಡಿ ಮೊ.ವುಗಳಲ್ಲಿ ಕಾಣುವ ವಸ್ತುವಿನ - ಪಡಿನೆಳಲು, ಪ್ರತಿ ಚ್ಛಾಯೆ"
ಪ್ರತಿಭಾನ,noun,ಸಂ ,1,"ಒಳಅರಿವು, ತಿಳಿವಳಿಕೆ, ಅಂತರ್ದೃಷ್ಟಿ"
ಪ್ರತಿಭೆ,noun,<ಸಂ. ಪ್ರತಿಭಾ ,1,"ಹೊಳಪು, ಕಾಂತಿ"
ಪ್ರತಿಮಾನ,noun,ಸಂ ,1,"ಸದೃಶವಾದುದು, ಸಮಾನವಾದುದು"
ಪ್ರತಿಮೆ,noun,<ಸಂ. ಪ್ರತಿಮಾ ,1,"ವಿಗ್ರಹ, ಬೊಂಬೆ"
ಪ್ರತಿರೂಪ,noun,ಸಂ ,1,"ಪ್ರತಿಬಿಂಬ, ತದ್ರೂಪ"
ಪ್ರತಿರೋಧ,noun,ಸಂ ,1,"ಅಡ್ಡಿ, ಅಡಚಣೆ"
ಪ್ರತಿಲೋಮ,noun,ಸಂ ,1,"ನಿಯಮ ವಿರುದ್ಧವಾದುದು, ಯಥಾಕ್ರಮವಲ್ಲದುದು"
ಪ್ರತಿವಾದ,noun,ಸಂ ,1,"ಪ್ರತ್ಯುತ್ತರ, ಮರುಮಾತು"
ಪ್ರತಿಷೇಧ,noun,ಸಂ ,1,"ಅಡ್ಡಿ, ತಡೆ"
ಪ್ರತಿಷ್ಠಾನ,noun,ಸಂ ,1,ನಿವೇಶನ
ಪ್ರತಿಷ್ಠಿತ,noun,ಸಂ ,1,"ಗಣ್ಯ, ಗೌರವಾನ್ವಿತ"
ಪ್ರತಿಷ್ಠೆ,noun,<ಸಂ. ಪ್ರತಿಷ್ಠಾ ,1,"ಉನ್ನತ ಸ್ಥಾನ, ಸ್ಥಿತಿ"
ಪ್ರತಿಹತ,noun,ಸಂ ,1,"ಸೋತುದು, ಪರಾಭವಗೊಂಡುದು"
ಪ್ರತೀಕ,noun,ಸಂ ,1,"ಪ್ರತಿಕೃತಿ, ಪ್ರತಿರೂಪ"
ಪ್ರತೀಕಾರ,noun,ಸಂ ,1,ಸೇಡು ತೀರಿಸಿಕೊಳ್ಳುವುದು
ಪ್ರತೀತಿ,noun,ಸಂ ,1,"ಸ್ಪಷ್ಟ ತಿಳಿವಳಿಕೆ, ಪರಿಜ್ಞಾನ"
ಪ್ರತೀಪ,noun,ಸಂ ,1,"ಪ್ರತಿಕೂಲವಾದುದು, ವಿರುದ್ಧವಾದುದು"
ಪ್ರತ್ಯಂತ,noun,ಸಂ ,1,"ಗಡಿ, ಎಲ್ಲೆ"
ಪ್ರತ್ಯಕ್ಷ,noun,ಸಂ ,1,"ಕಣ್ಣಿಗೆ ಕಾಣುವುದು, ಕಣ್ಣೆ ದುರಿನದು"
ಪ್ರತ್ಯನೀಕ,noun,ಸಂ ,1,"ಶತ್ರು, ವೈರಿ"
ಪ್ರತ್ಯಯ,noun,ಸಂ ,1,"ನಂಬಿಕೆ, ವಿಶ್ವಾಸ"
ಪ್ರತ್ಯರ್ಥಿ,noun,<ಸಂ. ಪ್ರತ್ಯರ್ಥಿನ್ ,1,"ವೈರಿ, ಹಗೆ"
ಪ್ರತ್ಯವಾಯ,noun,ಸಂ ,1,"ತೊಂದರೆ, ಹಾನಿ"
ಪ್ರತ್ಯಾಮ್ನಾಯ,noun,ಸಂ ,1,"ಒಂದು ವಸ್ತು ಯಾ ವ್ಯಕ್ತಿಯ ಬಿಡುಗಡೆಗೆ ಪ್ರತಿಯಾಗಿ ಕೊಡಬೇಕಾದ ವಸ್ತು ಯಾ ದ್ರವ್ಯ, ಜಾಮೀನು"
ಪ್ರತ್ಯಾಲೀಢ,noun,ಸಂ ,1,"ಬಿಲ್ಲು, ಗದೆ ಮುಂ. ಆಯುಧಗಳನ್ನು ಹಿಡಿದು ಯುದ್ಧ ಮಾಡುವ ಒಂದು ಬಗೆಯ ಭಂಗಿ"
ಪ್ರತ್ಯಾಹಾರ,noun,ಸಂ ,1,"ಹಿಂದಕ್ಕೆ ತೆಗೆದುಕೊಳ್ಳುವುದು, ಮರಳಿ ಪಡೆಯುವುದು"
ಪ್ರಥಮ,noun,ಸಂ ,1,"ಮೊದಲನೆಯವನು, ಮೊದಲಿಗ"
ಪ್ರಥಮಪುರುಷ,noun,= ,1,"ಆದಿಪುರುಷ, ಪರ ಮಾತ್ಮ"
ಪ್ರಥೆ,noun,<ಸಂ. ಪೃಥಾ ,1,"ವಿಸ್ತರಣ, ಹರಡುವಿಕೆ"
ಪ್ರದರ,noun,ಸಂ ,1,"ಹರಿಯುವಿಕೆ, ಸೀಳುವಿಕೆ"
ಪ್ರದರ್ಶನ,noun,ಸಂ ,1,"ಪ್ರದರ್ಶಿಸುವಿಕೆ, ತೋರಿಸುವಿಕೆ"
ಪ್ರದಾನ,noun,ಸಂ ,1,"ಕೊಡುವುದು, ಅರ್ಪಿಸುವುದು"
ಪ್ರದೀಪ,noun,ಸಂ ,1,"ದೀವಿಗೆ, ದೀಪ"
ಪ್ರದೇಶ,noun,ಸಂ ,1,"ಜಾಗ, ಸ್ಥಳ"
ಪ್ರದೋಷ,noun,ಸಂ ,1,"ರಾತ್ರಿಯ ಮೊದಲನೆಯ ಭಾಗ, ಮುಸ್ಸಂಜೆ"
ಪ್ರದ್ಯುಮ್ನ,noun,ಸಂ ,1,"ಹೆಚ್ಚು ಶಕ್ತಿಯುಳ್ಳವನು, ಬಹು ಸಮರ್ಥನಾದವನು"
ಪ್ರದ್ಯೋತ(ತಿ),noun,ಸಂ ,1,"ಕಿರಣ, ರಶ್ಮಿ"
ಪ್ರಧನ,noun,ಸಂ ,1,"ಯುದ್ಧ, ಕಾಳಗ"
ಪ್ರಧಾನ,noun,ಸಂ ,1,"ಮುಖ್ಯವಾದುದು, ಪ್ರಮುಖವಾದುದು"
ಪ್ರಪಂಚ,noun,ಸಂ ,1,"ಹರವು, ವಿಸ್ತಾರ"
ಪ್ರಪದ,noun,ಸಂ ,1,ಪಾದದ ಮುಂಭಾಗ
ಪ್ರಪಾತ,noun,ಸಂ ,1,"ಕಡಿದಾದ ಕೊರಕಲು, ಕಣಿವೆ"
ಪ್ರಬಂಧ,noun,ಸಂ ,1,"ಬಾಂಧವ್ಯ, ಕಟ್ಟು"
ಪ್ರಬಲ,noun,ಸಂ ,1,"ಬಹಳ ಶಕ್ತಿಶಾಲಿ, ಗಟ್ಟಿಗ"
ಪ್ರಬೋಧ,noun,ಸಂ ,1,"ಎಚ್ಚರಗೊಳ್ಳುವುದು, ಜಾಗೃತವಾಗುವುದು"
ಪ್ರಭಂಜನ,noun,ಸಂ ,1,ಚೂರು ಮಾಡುವುದು
ಪ್ರಭವ,noun,ಸಂ ,1,ಉತ್ಪತ್ತಿ ಸ್ಥಾನ
ಪ್ರಭಾತ,noun,ಸಂ ,1,"ಬೆಳಗು, ಪ್ರಾತಃಕಾಲ"
ಪ್ರಭಾವ,noun,ಸಂ ,1,"ಬಲ, ಪರಾಕ್ರಮ"
ಪ್ರಭು,noun,ಸಂ ,1,"ರಾಜ, ಅರಸ"
ಪ್ರಭೂತ,noun,ಸಂ ,1,"ಹೆಚ್ಚಳ, ಆಧಿಕ್ಯ"
ಪ್ರಭೃತಿ,noun,ಸಂ ,1,"ತೂಕವುಳ್ಳದು, ಶ್ರೇಷ್ಠವಾದುದು"
ಪ್ರಭೆ,noun,<ಸಂ. ಪ್ರಭಾ ,1,"ಕಾಂತಿ, ಪ್ರಕಾಶ"
ಪ್ರಭೇದ,noun,ಸಂ ,1,"ಒಡೆಯುವಿಕೆ, ಮುರಿಯುವಿಕೆ"
ಪ್ರಮದ,noun,ಸಂ ,1,"ಸಂತೋಷ, ಆನಂದ"
ಪ್ರಮದೆ,noun,<ಸಂ. ಪ್ರಮದಾ ,1,"ಹೆಂಗಸು, ಸ್ತ್ರೀ"
ಪ್ರಮಾಣ,noun,ಸಂ ,1,ಅಳತೆ
ಪ್ರಮಾದ,noun,ಸಂ ,1,"ಅಲಕ್ಷ್ಯ, ಅನಾದರ"
ಪ್ರಮಿತಿ,noun,ಸಂ ,1,"ಅಳತೆ, ಪ್ರಮಾಣ"
ಪ್ರಮೀಲೆ(ಳೆ),noun,<ಸಂ. ಪ್ರಮೀಲಾ ,1,"ಆಲಸ್ಯ, ಜಡತೆ"
ಪ್ರಮೀಳಾರಾಜ್ಯ,noun,<ಸಂ. ಪ್ರಮೀಲಾ ,1,ಹೆಂಗಸರೇ ಆಡಳಿತವನ್ನು ನಡೆಸುವಂಥ ಪ್ರದೇಶ
ಪ್ರಮುಖ,noun,ಸಂ ,1,"ಮುಖ್ಯವಾದುದು, ಪ್ರಧಾನವಾದುದು"
ಪ್ರಮೇಯ,noun,ಸಂ ,1,"ಸಂದರ್ಭ, ಸನ್ನಿವೇಶ, ಪ್ರಸಂಗ"
ಪ್ರಮೇಹ,noun,ಸಂ ,1,ಮೂತ್ರಕೋಶದಲ್ಲಿ ಕಲ್ಲು ಉಂಟಾಗುವ ಒಂದು ಬಗೆಯ ರೋಗ
ಪ್ರಮೋದ,noun,ಸಂ ,1,"ಸಂತೋಷ, ಆನಂದ"
ಪ್ರಯತ್ನ,noun,ಸಂ ,1,"ಉದ್ದೇಶ, ಯತ್ನ"
ಪ್ರಯಾಗ,noun,ಸಂ ,1,"ಯಜ್ಞ, ಯಾಗ"
ಪ್ರಯಾಣ,noun,ಸಂ ,1,"ಪಯಣ, ಸಂಚಾರ"
ಪ್ರಯಾಸ,noun,ಸಂ ,1,"ಶ್ರಮ, ಆಯಾಸ"
ಪ್ರಯುಕ್ತ,noun,ಸಂ ,1,"ಕೂಡಿದುದು, ಹೊಂದಿಕೆ"
ಪ್ರಯೋಗ,noun,ಸಂ ,1,"ಒಂದಾಗಿ ಸೇರುವುದು, ಒಟ್ಟಿಗೆ ಸೇರುವುದು"
ಪ್ರಯೋಜನ,noun,ಸಂ ,1,"ಬಳಕೆ, ಉಪಯೋಗ"
ಪ್ರಲಂಬ,noun,ಸಂ ,1,"ಹಾರ, ಮಾಲೆ"
ಪ್ರಲಯ,noun,ಸಂ ,1,"ನಾಶ, ನಿರ್ಮೂಲನ"
ಪ್ರಲಾಪ,noun,ಸಂ ,1,ಮಾತನಾಡುವಿಕೆ
ಪ್ರಳಂಬ,noun,<ಸಂ. ಪ್ರಲಂಬ ,1,"ಆಧಿಕ್ಯ, ಅತಿ ಶಯ"
ಪ್ರಳಯ,noun,<ಸಂ. ಪ್ರಲಯ ,1,"ಕಲ್ಪದ ಕೊನೆಯಲ್ಲಿ ಉಂಟಾಗುವ ಪ್ರಪಂಚದ ನಾಶ, ಅಳಿವು"
ಪ್ರಳಾಪ,noun,<ಸಂ. ಪ್ರಲಾಪ ,1,"ಅಸಂಬದ್ಧವಾದ ಮಾತು, ಪ್ರಲಾಪ"
ಪ್ರವಚನ,noun,ಸಂ ,1,"ಮಾತು, ನುಡಿ"
ಪ್ರವಣ,noun,ಸಂ ,1,ತತ್ಪರನಾದವನು
ಪ್ರವರ,noun,ಸಂ ,1,ಪ್ರಧಾನ ವ್ಯಕ್ತಿ
ಪ್ರವರ್ತಕ,noun,ಸಂ ,1,"ಕೆಲಸದಲ್ಲಿ ತೊಡಗಿರುವುದು, ಪ್ರವೃತ್ತಿ"
ಪ್ರವಹ,noun,ಸಂ ,1,ಹೊರಗೆ ಹೊರಡುವುದು
ಪ್ರವಹಣ,noun,ಸಂ ,1,"ಓಟ, ಹರಿವು"
ಪ್ರವಾದ,noun,ಸಂ ,1,ಶಬ್ದವನ್ನು ಮಾಡುವುದು
ಪ್ರವಾದಿ,noun,<ಸಂ. ಪ್ರವಾದಿನ್ ,1,ಶಬ್ದವನ್ನು ಮಾಡುವುದು
ಪ್ರವಾಲ(ಳು),noun,ಸಂ ,1,"ಚಿಗುರು, ಪಲ್ಲವ"
ಪ್ರವಾಹ,noun,ಸಂ ,1,"ಹರಿಯುವಿಕೆ, ಪ್ರವಹಿಸುವಿಕೆ"
ಪ್ರವೃತ್ತ,noun,ಸಂ ,1,ಪ್ರವರ್ತಿತವಾದುದು
ಪ್ರವೃತ್ತಿ,noun,ಸಂ ,1,"ನಡೆ, ಓಟ"
ಪ್ರವೇಶ,noun,ಸಂ ,1,ಒಳಹೋಗುವಿಕೆ
ಪ್ರಶಮನ,noun,ಸಂ ,1,"ಶಾಂತಿ, ಸಮಾಧಾನ, ಉಪ ಶಮನ"
ಪ್ರಶಸ್ತ,noun,ಸಂ ,1,ಉತ್ತಮವಾದುದು
ಪ್ರಶಸ್ತಿ,noun,ಸಂ ,1,"ಹೊಗಳಿಕೆ, ಪ್ರಶಂಸೆ"
ಪ್ರಶಾಂತ,noun,ಸಂ ,1,ಶಾಂತತೆ
ಪ್ರಶ್ನೆ,noun,<ಸಂ. ಪ್ರಶ್ನ ,1,"ಕೇಳುವುದು, ಕೇಳುವಿಕೆ, ಪೃಚ್ಛೆ"
ಪ್ರಸಂಗ,noun,ಸಂ ,1,"ಸೇರಿಕೆ, ಕೂಟ"
ಪ್ರಸಕ್ತಿ,noun,ಸಂ ,1,"ಕೂಡಿರುವುದು, ಸೇರಿಕೆ"
ಪ್ರಸನ್ನ,noun,ಸಂ ,1,ತಿಳಿಯಾದುದು
ಪ್ರಸರ,noun,ಸಂ ,1,ಹರಡುವುದು
ಪ್ರಸವ,noun,ಸಂ ,1,"ಹೆರಿಗೆ, ಹಡೆಯುವಿಕೆ"
ಪ್ರಸಾದ,noun,ಸಂ ,1,"ಅನುಗ್ರಹ, ಕೃಪೆ"
ಪ್ರಸಾಧನ,noun,ಸಂ ,1,"ಸಿಂಗರಿಸುವುದು, ಅಲಂ ಕರಿಸುವುದು"
ಪ್ರಸಾರ,noun,ಸಂ ,1,"ಹರಡುವಿಕೆ, ಹಬ್ಬುವಿಕೆ"
ಪ್ರಸೂತಿ,noun,ಸಂ ,1,"ಹೆರಿಗೆ, ಪ್ರಸವ"
ಪ್ರಸ್ತ,noun,<ಸಂ. ಪ್ರಸ್ತುತ ,1,"ಅವಕಾಶ, ಸಂದರ್ಭ"
ಪ್ರಸ್ತಾಪ,noun,<ಸಂ. ಪ್ರಸ್ತಾವ ,1,"ಯಾವುದಾದ ರೊಂದು ವಿಷಯದ ಯಾ ಮಾತಿನ ಪ್ರಾರಂಭ, ಉಲ್ಲೇಖ"
ಪ್ರಸ್ತಾರ,noun,ಸಂ ,1,"ಹರಡುವುದು, ವ್ಯಾಪಿಸುವುದು"
ಪ್ರಸ್ತಾವನೆ,noun,<ಸಂ. ಪ್ರಸ್ತಾವನಾ ,1,"ಪ್ರಾರಂಭ, ಉಪಕ್ರಮ"
ಪ್ರಸ್ತುತ,noun,ಸಂ ,1,"ಸಂದರ್ಭ, ಪರಿಸ್ಥಿತಿ"
ಪ್ರಸ್ಥ,noun,ಸಂ ,1,"ಹೋಗಿ ಬರುವಿಕೆ, ಓಡಾಟ"
ಪ್ರಸ್ಥಾನ,noun,ಸಂ ,1,"ಪ್ರಯಾಣ, ಸಂಚಾರ"
ಪ್ರಹರ,noun,ಸಂ ,1,ಹೊಡೆತ
ಪ್ರಹರಣ,noun,ಸಂ ,1,"ಹೊಡೆತ, ಏಟು"
ಪ್ರಹಸನ,noun,ಸಂ ,1,"ಅತಿಯಾದ ನಗೆ, ಅಟ್ಟಹಾಸ"
ಪ್ರಹಾರ,noun,ಸಂ ,1,"ಹೊಡೆಯುವಿಕೆ, ಪೆಟ್ಟು ಕೊಡುವುದು"
ಪ್ರಾಂತ,noun,ಸಂ ,1,"ದಡ, ಅಂಚು"
ಪ್ರಾಕಾರ,noun,ಸಂ ,1,ಬೇಲಿ
ಪ್ರಾಕು,noun,<ಸಂ. ಪ್ರಾಕ್ ,1,"ಹಿಂದಿನ ಕಾಲ, ಪೂರ್ವಕಾಲ"
ಪ್ರಾಕೃತ,noun,ಸಂ ,1,"ಸಾಮಾನ್ಯವಾದುದು, ಸಾಧಾರಣವಾದುದು"
ಪ್ರಾಕ್ತನ,noun,ಸಂ ,1,ಪೂರ್ವಕಾಲ
ಪ್ರಾಗಲ್ಭ್ಯ,noun,ಸಂ ,1,"ದಿಟ್ಟತನ, ಧೈರ್ಯ"
ಪ್ರಾಚಾರ್ಯ,noun,ಸಂ ,1,"ಮುಖ್ಯ ಉಪಾಧ್ಯಾಯ, ಪ್ರಮುಖ ಗುರು"
ಪ್ರಾಚೀನ,noun,ಸಂ ,1,"ಹಳೆಯದು, ಪುರಾತನವಾದುದು"
ಪ್ರಾಜ್ಞ,noun,ಸಂ ,1,"ಜಾಣ, ವಿದ್ವಾಂಸ, ಬುದ್ಧಿವಂತ"
ಪ್ರಾಣ,noun,ಸಂ ,1,ಉಸಿರಾಟ
ಪ್ರಾಣವಾಯು,noun,ಸಂ ,1,ಆಮ್ಲಜನಕ
ಪ್ರಾಣಿ,noun,<ಸಂ. ಪ್ರಾಣಿನ್ ,1,"ಜೀವವನ್ನು ಹೊಂದಿರುವಂತಹುದು, ಜೀವಿ"
ಪ್ರಾಣೇಶ,noun,<ಸಂ. ಪ್ರಾಣಿನ್ ,1,"ಗಂಡ, ಪತಿ"
ಪ್ರಾತಾಪ,noun,ಸಂ ,1,"ಕಾವು, ಉಷ್ಣ"
ಪ್ರಾಧಿಕಾರ,noun,ಸಂ ,1,ವಿಶೇಷವಾದ ಅಧಿಕಾರ
ಪ್ರಾಪಂಚಿಕ,noun,ಸಂ ,1,"ಲೋಕವ್ಯವಹಾರವನ್ನು ಬಲ್ಲ ವ್ಯಕ್ತಿ, ಲೌಕಿಕ ವ್ಯಕ್ತಿ"
ಪ್ರಾಪಣ,noun,ಸಂ ,1,"ತೆಗೆದುಕೊಳ್ಳುವುದು, ಸ್ವೀಕರಿಸುವುದು"
ಪ್ರಾಪ್ತ,noun,ಸಂ ,1,"ದೊರೆತುದು, ಲಭ್ಯವಾದುದು"
ಪ್ರಾಪ್ತಿ,noun,ಸಂ ,1,"ಹೊಂದುವಿಕೆ, ಪಡೆಯುವಿಕೆ"
ಪ್ರಾಬಲ್ಯ,noun,ಸಂ ,1,"ಹೆಚ್ಚಳ, ಆಧಿಕ್ಯ"
ಪ್ರಾಯ,noun,ಸಂ ,1,"ಹರೆಯ, ಯೌವನ"
ಪ್ರಾಲೇಯ,noun,ಸಂ ,1,"ಹಿಮ, ಮಂಜು"
ಪ್ರಾಶನ,noun,ಸಂ ,1,"ಸೇವಿಸುವುದು, ತಿನ್ನುವುದು"
ಪ್ರಾಸ,noun,ಸಂ ,1,"ಒಂದು ಬಗೆಯ ಆಯುಧ, ಕೊಂತ, ಪದ್ಯದ ನಿಯತ ಸ್ಥಳಗಳಲ್ಲಿ ಬರುವ ನಿಯತಾ ಕ್ಷರ"
ಪ್ರಿಯ,noun,ಸಂ ,1,"ಪ್ರೀತಿ, ವಾತ್ಸಲ್ಯ"
ಪ್ರೀತಿ,noun,ಸಂ ,1,"ಸಂತೋಷ, ಆನಂದ"
ಪ್ರೇಂಖ,noun,<ಸಂ. ಪ್ರೇಂಖಾ ,1,ಉಯ್ಯಾಲೆ
ಪ್ರೇತ,noun,ಸಂ ,1,"ಜೀವವಿಲ್ಲದ ದೇಹ, ಶವ"
ಪ್ರೇಮ,noun,ಸಂ ,1,"ಒಲವು, ಪ್ರೀತಿ, ಅನುರಾಗ"
ಪ್ರೇರಕ,noun,ಸಂ ,1,"ಕಾರ್ಯದಲ್ಲಿ ತೊಡಗಿಸುವವನು, ಪ್ರಚೋದಕ"
ಪ್ರೇಷ್ಯ,noun,ಸಂ ,1,"ಸಂದೇಶವನ್ನು ಒಯ್ಯುವವನು, ದೂತ"
ಪ್ರೋಹ,noun,ಸಂ ,1,ಆನೆಯ ಕಾಲು
ಪ್ರೌಢ,noun,ಸಂ ,1,"ಪಂಡಿತ, ಪ್ರಗಲ್ಭ"
ಪ್ರೌಢಿಮೆ,noun,<ಸಂ. ಪ್ರೌಢಿಮಾ ,1,"ಚಾತುರ್ಯ, ನೈಪುಣ್ಯ"
ಪ್ಲವ,noun,ಸಂ ,1,ಈಜುವಿಕೆ
ಪ್ಲವಂಗ,noun,ಸಂ ,1,ಕೋತಿ
ಪ್ಲೀಹ,noun,<ಸಂ. ಪ್ಲೀಹಾ ,1,"ಹೊಟ್ಟೆಯ ಎಡ ಭಾಗದಲ್ಲಿ ಇರುವ ಮಾಂಸಗ್ರಂಥಿ, ಗುಲ್ಮ"
ಪ್ಲುತ,noun,ಸಂ ,1,"ಕುದುರೆಯ ಐದು ಬಗೆಯ ನಡೆಗಳಲ್ಲಿ ಒಂದು, ಕುಪ್ಪಳಿಸುತ್ತ ನಡೆಯುವುದು"
ಪ್ಲೋಷ,noun,ಸಂ ,1,"ಸುಡುವಿಕೆ, ದಹಿಸುವಿಕೆ"
ಫಟಿಂಗ,noun,ಮರಾ ,1,"ಪೋಕರಿ, ಉಡಾಳ"
ಫಡ,noun,<ಹಿಂ. ಮರಾ. ,1,"ಬೆಳೆದು ನಿಂತ ಜೋಳ, ಕಬ್ಬು ಮೊ. ಪೈರು; ಎತ್ತರವಾದ ಬೆಳೆ"
ಫಡಕು,noun,<ಸಂ. ಫಲಕ ,1,"ಕಿಟಕಿ ಬಾಗಿಲು ಮು.ವುಗಳ ರೆಕ್ಕೆ, ಕದ"
ಫಡಿ,noun,<ಪಡೆ ,1,"ಕಲ್ಲುಬಂಡೆಗಳ ಸಂದು, ಬಿರುಕು"
ಫಣಿ,noun,<ಸಂ. ಫಣಿನ್ ,1,"ಹೆಡೆಯುಳ್ಳ ಹಾವು, ಸರ್ಪ"
ಫರ್ಮಾನು,noun,<ಪಾರ. ಫರ್ಮಾನ ,1,"ಆಜ್ಞೆ, ಹುಕುಮು"
ಫಲ,noun,<ಮರಾ. ಫಲರ್ ಒಂದು ಬಗೆಯ ನಾಣ್ಯ; ಸಂ ,1,ಹಣ್ಣು
ಫಲಕ,noun,ಸಂ ,1,"ಲೋಹ, ಮರ, ಗಾಜು ಮುಂ.ವುಗಳ ತೆಳುವಾದ ಹಾಳೆ, ಹಲಗೆ"
ಫಲದಾಯಕ,noun,<ಸಂ. ಫಲ + ದಾಯಿಕ ,1,ಫಲವನ್ನು ನೀಡುವಂತಹದು
ಫಲಾರ,noun,<ಸಂ. ಫಲಾಹಾರ ,1,ಕೇವಲ ಹಣ್ಣುಗಳನ್ನು ಮಾತ್ರ ಆಹಾರವಾಗಿ ತೆಗೆದುಕೊಳ್ಳುವಿಕೆ
ಫಲಿತಾಂಶ,noun,ಸಂ ,1,ಪರೀಕ್ಷೆಯ ಪರಿಣಾಮ
ಫಾಲ,noun,ಸಂ ,1,"ಹಣೆ, ನೊಸಲು"
ಫಿರಂಗಿ,noun,<ಇಂ. Frank ,1,ಐರೋಪ್ಯ ಜನಾಂಗಕ್ಕೆ ಸೇರಿದವನು
ಫುಲ್ಲ,noun,ಸಂ ,1,"ಹೂವು, ಪುಷ್ಪ"
ಫೂತ್ಕಾರ,noun,ಸಂ ,1,ಸಶಬ್ದವಾಗಿ ಉಸಿರುಬಿಡುವಿಕೆ
ಫೇನ,noun,ಸಂ ,1,"ಪ್ರದಕ್ಷಿಣೆ, ಸುತ್ತು"
ಫೇರಿ,noun,<ಮರಾ. ಫೇರೀ ,1,"ಪ್ರದಕ್ಷಿಣೆ, ಸುತ್ತು"
ಬಂಗಾರ,noun,<ಸಂ. ಭೃಂಗಾರ ,1,"ಚಿನ್ನ, ಸುವರ್ಣ"
ಬಂಗಿ,noun,<ಸಂ. ಭಂಗಿ ,1,"ಸೇವಿಸಿದರೆ ಅಮಲೇರಿಸುವ ಒಂದು ವನಸ್ಪತಿ, ಗಾಂಜಾ"
ಬಂಗು,noun,ದೇ ,1,ಚರ್ಮದ ಮೇಲೆ ಕಪ್ಪು ಚುಕ್ಕೆಗಳುಂಟಾಗುವ ಒಂದು ಬಗೆಯ ಚರ್ಮರೋಗ
ಬಂಚ,noun,<ಸಂ. ವಂಶ ,1,"ಪೀಳಿಗೆ, ಮನೆತನ, ಕುಲ"
ಬಂಜರು,noun,<ಹಿಂ. ಮರಾ. ಬಂಜರ್ ,1,"ಬೀಳುನೆಲ, ಪಾಳುಭೂಮಿ"
ಬಂಜೆ,noun,<ಸಂ. ವಂಧ್ಯಾ ,1,"ಗೊಡ್ಡು, ಫಲವಿಲ್ಲದುದು, ಬರಡು"
ಬಂಟ,noun,<ಸಂ. ಭಟ ,1,"ವೀರ, ಶೂರ"
ಬಂಟು,noun,<ಬಂಟ + ಉ ,1,"ಪರಾಕ್ರಮ, ಶೌರ್ಯ, ಕೆಚ್ಚು"
ಬಂಡ,noun,<ಸಂ. ಭಂಡ ,1,"ಪದಾರ್ಥ, ಸರಕು"
ಬಂಡವಾಳ,noun,<ಮರಾ. ಭಾಂಡವಲ ,1,"ಅಸಲು, ಮೂಲಧನ"
ಬಂಡಸಾಲೆ,noun,ಬಂಡ + ಸಾಲೆ ,1,"ಮಳಿಗೆ, ಉಗ್ರಾಣ"
ಬಂಡಾರ,noun,<ಸಂ. ಭಂಡಾರ ,1,"ಬೊಕ್ಕಸ, ಖಜಾನೆ"
ಬಂಡಿ,noun,<ಮರಾ. ಬಂಡೀ ,1,"ಗಾಡಿ, ಚಕ್ಕಡಿ"
ಬಂಡು,noun,"ದೇ ಜೇನು, ಮಕರಂದ; <ಮರಾ. ಬಂಡ್ ",1,"ನಾಚಿಕೆಗೇಡಿತನ, ನಿರ್ಲಜ್ಜೆ"
ಬಂಡೆ,noun,ದೇ ,1,"ದೊಡ್ಡಕಲ್ಲು, ಶಿಲೆ"
ಬಂದಿ,noun,ಸಂ ,1,"ಸೆರೆ, ಬಂಧನ"
ಬಂದಿಗೆ,noun,<ಸಂ. ಬಂಧ + ಇಗೆ ,1,ಆಯುಧದ ಹಿಡಿ
ಬಂದೋಬಸ್ತು,noun,<ಪಾರ. ಬಂದುಬಸ್ತ್ ,1,"ಅಚ್ಚುಕಟ್ಟಾದ ಏರ್ಪಾಡು, ಸರಿಯಾದ ವ್ಯವಸ್ಥೆ"
ಬಂಧ,noun,ಸಂ ,1,"ಕಟ್ಟು, ಬಂಧನ"
ಬಂಧಕ,noun,ಸಂ ,1,ಬಂಧಿಸುವವನು
ಬಂಧನ,noun,ಸಂ ,1,"ಕಟ್ಟು, ಬಂಧ"
ಬಂಧಿತ,noun,ಸಂ ,1,ಬಂಧನಕ್ಕೆ ಒಳಗಾದವನು
ಬಂಧುರ,noun,ಸಂ ,1,"ಬಾಗಿರುವುದು, ಮಣಿದಿರುವುದು"
ಬಂಬಲು,noun,ದೇ ,1,"ಗುಂಪು, ಸಮೂಹ"
ಬಕ,noun,ಸಂ ,1,ಕೊಕ್ಕರೆ ಜಾತಿಗೆ ಸೇರಿದ ಒಂದು ಜಲಚರಪಕ್ಷಿ
ಬಕರ(ರಾ),noun,ಹಿಂ ,1,"ಗಂಡಾಡು, ಹೋತ"
ಬಕ್ಕಂಬಯಲ್,noun,ಹಿಂ ,1,"ತೆರಪಾದ ಜಾಗ, ಬಯಲು ಸ್ಥಳ"
ಬಕ್ಕರೆ,noun,ದೇ ,1,"ಮಡಕೆಯ ಚೂರು, ಓಡು"
ಬಗರೆಗೆ,noun,ದೇ ,1,"ಒಣಗಿದ ನದಿದಂಡೆಯಲ್ಲಿ ನೀರಿಗಾಗಿ ತಾತ್ಕಾಲಿಕವಾಗಿ ತೋಡಿದ ಕುಳಿ, ಗುಣಿ"
ಬಗಲು,noun,<ಪಾರ. ಬಘಲ್ ,1,"ಕಂಕುಳು, ಕಕ್ಷ"
ಬಗಿ,noun,ದೇ ,1,"ಸೀಳುವಿಕೆ, ಕತ್ತರಿಸುವಿಕೆ,"
ಬಗೆ,noun,ದೇ ,1,"ಆಲೋಚನೆ, ಯೋಚನೆ"
ಬಗ್ಗ,noun,<ಸಂ. ವ್ಯಾಘ್ರ ,1,"ಹುಲಿ, ವ್ಯಾಘ್ರ"
ಬಗ್ಗಣೆ,noun,<ದೇ. ಬಗ್ಗು + ಅಣೆ ,1,"ಗದರಿಕೆ, ಝಂಕಣೆ"
ಬಗ್ಗು,noun,ದೇ ,1,"ಗದರಿಸುವಿಕೆ, ಝಂಕಣಿ"
ಬಗ್ಗುರಿ,noun,<ಕೊಡವ. ಬಗ್ಗರೆ ,1,ಎದೆಗೂಡಿನ ಮೂಳೆ
ಬಚ್ಚ,noun,<ಸಂ. ವತ್ಸ ,1,"ಮಗು, ಬಾಲಕ"
ಬಚ್ಚಣೆ,noun,ಪಚ್ಚು+ಅಣೆ ,1,"ಬಣ್ಣವನ್ನು ಬಳಿದು ಚಿತ್ರಿಸುವಿಕೆ, ಬಣ್ಣದ ಕೆಲಸ"
ಬಚ್ಚಲು,noun,ದೇ ,1,"ಚರಂಡಿ, ಗಟಾರ"
ಬಚ್ಚಳೆ,noun,<ಸಂ. ವತ್ಸಲಾ ,1,ಮಾಯೆ
ಬಚ್ಚೆ,noun,<ಬಂಜೆ ,1,"ಹಾಳಾದುದು, ವ್ಯರ್ಥವಾದುದು"
ಬಜಾರಿ,noun,<ಪಾರ. ಬಾಜಾರ್ ,1,"ಮಾನಗೆಟ್ಟವಳು, ಬೀದಿಬಸವಿ"
ಬಜ್ಜರ,noun,<ಸಂ. ವಜ್ರ ,1,"ನವರತ್ನಗಳಲ್ಲಿ ಒಂದು, ವಜ್ರ"
ಬಟ್ಟಿ,noun,ದೇ ,1,"ಉದರ, ಹೊಟ್ಟೆ"
ಬಟ್ಟು,noun,<ಸಂ. ವೃತ್ತ ,1,"ವೃತ್ತ, ಮಂಡಲ"
ಬಟ್ಟೆ,noun,"<ಸಂ. ವರ್ತ್ಮನ್ ಹಾದಿ, ಮಾರ್ಗ; <ಸಂ. ಪಟ್ಟ ",1,"ಅರಿವೆ, ವಸ್ತು"
ಬಡಪಾಯಿ,noun,<ಬಡ + ಪಾಯಿ <ಸಂ. ಪಾಪಿ ,1,"ಅಶಕ್ತ, ದುರ್ಬಲ"
ಬಡಾವಣೆ,noun,<ಹಿಂ. ಬಡಾ + ಅಣೆ ,1,"ಕಟ್ಟಡ, ನಗರ ಮೊ.ವನ್ನು ವಿಸ್ತರಿಸುವಿಕೆ"
ಬಡಿತ,noun,<ದೇ. ಬಡಿ + ತ ,1,"ಏಟು, ಪೆಟ್ಟು, ಹೊಡೆತ"
ಬಡ್ಡಿ,noun,"<ದೇ. ಪೊಡ್ಡಿ ಸೂಳೆ, ವೇಶ್ಯೆ, ನೀಚೆ, ದುಷ್ಟೆ ಎಂಬರ್ಥದ ಒಂದು ಬೈಗುಳು; <ಸಂ. ವೃದ್ಧಿ ",1,"ಹೆಚ್ಚಳ, ಆಧಿಕ್ಯ"
ಬಡ್ಡು,noun,ತುಳು ,1,"ಮೊಂಡು, ಹರಿತವಿಲ್ಲದುದು"
ಬಣ,noun,ದೇ ,1,"ಪಕ್ಷ, ಪಂಗಡ"
ಬಣ(ಂ)ಜಿಗ,noun,<ಸಂ. ವಣಿಜ ,1,"ವರ್ತಕ, ವ್ಯಾಪಾರಿ"
ಬಣಂಬೆ,noun,<ತುಳು. ಬಣಬೆ ,1,"ಮೆದೆ, ರಾಶಿ, ಒಟ್ಟಲು"
ಬಣಗು,noun,ದೇ ,1,ಅಲ್ಪವ್ಯಕ್ತಿ
ಬಣಿತೆ,noun,<ಸಂ. ಭಣಿತೆ ,1,"ಮಾತು, ಉಕ್ತಿ"
ಬಣ್ಣ,noun,<ಸಂ. ವರ್ಣ ,1,"ರಂಗು, ವರ್ಣ"
ಬಣ್ಣನೆ,noun,<ಸಂ. ವರ್ಣನ ,1,"ವರ್ಣಿಸುವುದು, ವರ್ಣನೆ"
ಬತ್ತಲೆ,noun,ದೇ ,1,"ನಗ್ನತೆ, ದಿಗಂಬರತ್ವ"
ಬತ್ತಾಯ,noun,ದೇ ,1,ಜೀವನಾಂಶ
ಬತ್ತಿ,noun,<ಸಂ. ವರ್ತಿ ,1,"ದೀಪಕ್ಕೆ ಹಾಕುವ ಹುರಿಮಾಡಿದ ಹತ್ತಿಯ ಎಳೆ, ವರ್ತಿ"
ಬದಗು,noun,ದೇ ,1,"ಹಾದರ, ವ್ಯಭಿಚಾರ"
ಬದನೆ,noun,<ದೇ. / ಸಂ. ವೃಂತಾಕ ,1,ಒಂದು ಬಗೆಯ ತರಕಾರಿ ಗಿಡ ಮತ್ತು ಅದರ ಕಾಯಿ
ಬದಲು,noun,<ಪಾರ. ಬದಲ್ ,1,"ಬದಲಾವಣೆ, ಪರಿವರ್ತನೆ"
ಬದಿ,noun,ದೇ ,1,"ಪಕ್ಕ, ಮಗ್ಗಲು"
ಬದು,noun,ದೇ ,1,ಹೊಲಗದ್ದೆಗಳ ಅಂಚಿನಲ್ಲಿ ರಚಿಸಿದ ಮಣ್ಣಿನ ದಿಬ್ಬ
ಬದುಕು,noun,<ದೇ. ಬರ್ದುಂಕು ,1,"ಬಾಳು, ಜೀವನ"
ಬದ್ದರ,noun,<ಸಂ. ಭದ್ರ ,1,ಮಂಗಳಕರವಾದುದು
ಬದ್ದಿ(ದ್ದು)ಗೆ,noun,<ತೆಲು. ಬದ್ದೆ ,1,"ಸೀರೆ, ಪಂಚೆ ಮೊ.ವುಗಳ ಸೆರಗಿನ ತುದಿಯಲ್ಲಿ ನೇಯದೆ ಬಿಟ್ಟ ವಸ್ತ್ರದ ಎಳೆ"
ಬದ್ದು,noun,<ದೇ. ಬದಿ ,1,"ಹಳ್ಳ, ಗುಣಿ"
ಬದ್ದೆ(ದ್ದಿ),noun,<ದೇ. ಬರ್ದೆ ,1,"ಪ್ರೌಢೆ, ಜಾಣೆ"
ಬನ,noun,<ಸಂ. ವನ ,1,"ಕಾಡು, ಅರಣ್ಯ"
ಬನಿ,noun,ದೇ ,1,"ಸಾರ, ಸತ್ತ್ವ"
ಬನ್ನ,noun,<ಸಂ. ಭಂಗ ,1,"ಅವಮಾನ, ಭಂಗ"
ಬನ್ನಣೆ,noun,<ಸಂ. ವರ್ಣನ ,1,ವರ್ಣನೆ
ಬನ್ನಿ,noun,<ದೇ. ತುಳು ,1,"ಒಂದು ಬಗೆಯ ಮರ, ಶವಿ ವೃಕ್ಷ"
ಬಭ್ರು,noun,ಸಂ ,1,"ಕಂದುಬಣ್ಣ, ಪಿಂಗಳ ವರ್ಣ"
ಬಯಕೆ,noun,ದೇ ,1,"ಇಚ್ಛೆ, ಆಸೆ"
ಬಯಲು,noun,<ದೇ. ವಯಲ್ ,1,ಮೈದಾನ
ಬಯ್ಗು,noun,ದೇ ,1,"ಸಂಜೆ, ಸಾಯಂಕಾಲ"
ಬರ,noun,<ದೇ. ಬಱ ,1,"ಕ್ಷಾಮ, ದುರ್ಭಿಕ್ಷ"
ಬರಖಾಸ್ತು,noun,<ಪಾರ. ಬರಖಾಸ್ತ್ ,1,"ಕೊನೆ, ಮುಕ್ತಾಯ"
ಬರಗು,noun,ದೇ ,1,"ಒಂದು ಬಗೆಯ ಧಾನ್ಯ, ಹಾರಕ, ನವಣೆ"
ಬರಡು,noun,ದೇ ,1,"ವ್ಯರ್ಥವಾದುದು, ನಿಸ್ಸಾರವಾದುದು, ಪೊಳ್ಳು"
ಬರಲು,noun,ದೇ ,1,ಒಣಗಿದ ಕಡ್ಡಿ
ಬರಸಿಡಿಲು,noun,ದೇ ,1,ಅಕಾಲದಲ್ಲಿ ಬೀಳುವ ಸಿಡಿಲು
ಬರಹ,noun,<ದೇ. ಬರೆ ,1,"ಬರೆದುದು, ಬರವಣಿಗೆ"
ಬರಾಬರಿ,noun,<ಪಾರ. ಹಿಂ. ಬರಾಬರ್ ,1,"ಸರಿಯಾದುದು, ಉಚಿತವಾದುದು"
ಬರಾವರ್ದು,noun,<ಹಿಂ. ಬರಾಬರ್ದ್ ,1,"ಗಣನೆ, ಲೆಕ್ಕಾಚಾರ"
ಬರಿ,noun,ದೇ ,1,"ಪಕ್ಕ, ಬದಿ"
ಬರೆ,noun,ದೇ ,1,"ಗೆರೆ, ರೇಖೆ"
ಬರ್ಕುಡಿ,noun,<ದೇ. ಬಕ್ಕುಡಿ ,1,"ವಿವಾದ, ಚರ್ಚೆ, ಕಲಹ"
ಬರ್ದು,noun,ದೇ ,1,"ಸಾವು, ಮರಣ"
ಬರ್ದೆ,noun,<ಬರ್ದು + ಎ ,1,"ಪ್ರೌಢೆ, ಜಾಣೆ"
ಬರ್ಬರ,noun,ಸಂ ,1,"ಅನಾಗರಿಕ, ಸುಸಂಸ್ಕೃತ ನಲ್ಲದವನು"
ಬರ್ಹಿ,noun,ಸಂ ,1,"ಬೆಂಕಿ, ಅಗ್ನಿ"
ಬಲ,noun,"ದೇ ಎಡಭಾಗವಲ್ಲದುದು, ದಕ್ಷಿಣ ಪಾರ್ಶ್ವ; ಸಂ ",1,"ಶಕ್ತಿ, ಸಾಮರ್ಥ್ಯ"
ಬಲಮುರಿ,noun,= ,1,"ಬಲಕ್ಕೆ ತಿರುಗಿದುದು, ಬಲ ಸುತ್ತು"
ಬಲವಂತ,noun,=,1,"ಶಕ್ತಿಶಾಲಿಯಾದುದು, ಬಲಿಷ್ಠವಾದುದು"
ಬಲಿ,noun,ಸಂ ,1,"ಗಟ್ಟಿ, ದೃಢ"
ಬಲಿಷ್ಠ,noun,ಸಂ ,1,ತುಂಬ ಬಲವಾದುದು
ಬಲುಮೆ,noun,<ದೇ. ಬಲ್ಮೆ ,1,"ಬಲ, ಶಕ್ತಿ"
ಬಲುಹು,noun,ದೇ ,1,"ಬಲ, ಶಕ್ತಿ"
ಬಲೆ,noun,ದೇ ,1,"ಪ್ರಾಣಿ, ಪಕ್ಷಿ ಮುಂ.ವನ್ನು ಹಿಡಿಯುವ ಸಾಧನ"
ಬಲ್ಕಣಿ,noun,ದೇ ,1,ಬಹಳ ಶೂರನಾದವನು
ಬಲ್ಕೆ,noun,<ದೇ. ಬಲ್ + ಕೆ ,1,"ಜೋರು, ರಭಸ"
ಬಲ್ಲಹ,noun,<ಸಂ. ವಲ್ಲಭ ,1,"ಯಜಮಾನ, ಒಡೆಯ"
ಬಲ್ಲಿದ,noun,ದೇ ,1,"ಬಲಿಷ್ಠನಾದವನು, ಪರಾಕ್ರಮಿ"
ಬಳಕೆ,noun,ದೇ ,1,"ಉಪಯೋಗಿಸುವಿಕೆ, ಬಳಸುವಿಕೆ"
ಬಳತ,noun,ಪಣತ ,1,ಧಾನ್ಯಗಳನ್ನು ಸಂಗ್ರಹಿಸಲು ಕಟ್ಟಿದ ಮೇಲ್ಭಾಗದ ಬಾಗಿಲುಳ್ಳ ಯಾ ಹಂತಗಳಿಂದ ಕೂಡಿದ ಬಾಗಿಲುಳ್ಳ ಕೊಠಡಿ; ಕಣಜ
ಬಳಪ,noun,ದೇ ,1,ಕಪ್ಪು ಹಲಗೆಯ ಮೇಲೆ ಬರೆಯಲು ಉಪಯೋಗಿಸುವ ಮಿದುವಾದ ಕಲ್ಲು ಕಡ್ಡಿ
ಬಳವಿ,noun,<ದೇ. ಬಳ + ವಿ ,1,"ಬೆಳವಣಿಗೆ, ವೃದ್ಧಿ"
ಬಳಸು,noun,ದೇ ,1,"ಆವರಿಸುವಿಕೆ, ಸುತ್ತುವರಿಯುವಿಕೆ, ಮುತ್ತುವಿಕೆ"
ಬಳಿ,noun,ದೇ ,1,"ದಾರಿ, ಮಾರ್ಗ"
ಬಳುಕು,noun,ದೇ ,1,"ನಡುಕ, ಕಂಪನ"
ಬಳೆ,noun,ದೇ ,1,"ವರ್ತುಲ, ವೃತ್ತಾಕಾರವಾದುದು"
ಬಳ್ಳ,noun,ದೇ ,1,"ಒಂದು ಅಳತೆಯ ಪ್ರಮಾಣ, ನಾಲ್ಕು ಸೇರಿನ ಅಳತೆ"
ಬಳ್ಳಿ,noun,<ಸಂ. ವಲ್ಲೀ ,1,"ಹಬ್ಬಿ ಬೆಳೆಯುವ ಸಸ್ಯ, ಲತೆ, ಹಂಬು"
ಬವಣೆ,noun,<ಸಂ. ಭ್ರಮಣ ,1,"ಸುತ್ತಾಟ, ಸಂಚಾರ"
ಬವರ,noun,ದೇ ,1,"ಕಾಳಗ, ಯುದ್ಧ"
ಬವರಿ,noun,<ಸಂ. ಭ್ರಮರಿ ,1,ಕಪ್ಪು ಬಣ್ಣದ ದೊಡ್ಡ ದುಂಬಿ
ಬಸ,noun,<ಸಂ. ವಶ ,1,"ಅಂಕೆ, ವಶ, ಸ್ವಾಧೀನ"
ಬಸನ,noun,<ಸಂ. ವ್ಯಸನ ,1,"ಅಳಲು, ದುಃಖ"
ಬಸವ,noun,<ಸಂ. ವೃಷಭ ,1,"ಗೂಳಿ, ವೃಷಭ"
ಬಸವಿ,noun,<ಬಸವ + ಇ ,1,"ದೇವರ ಹೆಸರಿನಲ್ಲಿ ದೇವಾಲಯದ ಸೇವೆಗಾಗಿ ಮೀಸಲು ಬಿಟ್ಟ ಕನ್ಯೆ, ದೇವದಾಸಿ"
ಬಸಿ(ಸು)ರು,noun,ದೇ ,1,"ಗರ್ಭಕೋಶ, ಗರ್ಭಾ ಶಯ"
ಬಸೆ,noun,<ಸಂ. ವಶಾ ,1,"ಹೆಣ್ಣಾನೆ, ಪಿಡಿ"
ಬಸ್ತಿ,noun,<ಸಂ. ವಸ್ತಿ ,1,ಪಿಚಕಾರಿ
ಬಹಿತ್ರ,noun,<ಸಂ. ವಹಿತ್ರ ,1,"ತೆಪ್ಪ, ಹರಿಗೋಲು"
ಬಹಿರಂಗ,noun,ಸಂ ,1,"ಹೊರಗಿನ ಅಂಗ, ಅವಯವ"
ಬಹಿರ್ಮುಖ,noun,ಸಂ ,1,ಬಾಹ್ಯ ವಿಷಯಗಳಲ್ಲಿ ಅನುರಕ್ತವಾದ ಸ್ಥಿತಿ
ಬಹುಮತ,noun,= ,1,ಅಧಿಕ ಸಂಖ್ಯೆಯ ವ್ಯಕ್ತಿಗಳ ಅಭಿಪ್ರಾಯ
ಬಹುಮಾನ,noun,ಸಂ ,1,"ಅತಿಶಯವಾದ ಗೌರವ, ವಿಶೇಷವಾದ ಮರ್ಯಾದೆ"
ಬಹುಲ(ಳ),noun,ಸಂ ,1,"ಚಾಂದ್ರಮಾನ ತಿಂಗಳಿನ ಕಡೆಯ ಅರ್ಧಭಾಗ, ಕೃಷ್ಣ ಪಕ್ಷ"
ಬಹುಲೆ(ಳೆ),noun,<ಸಂ. ಬಹುಲಾ ,1,"ಹಸು, ಆಕಳು"
ಬಾಂದಳ,noun,"<ದೇ. ಬಾನ್ + ಸಂ. ತಳ ಆಕಾಶ, ಗಗನ ಬಾಂದು <ಪಾರ. ಬಂದ್ / <ಸಂ. ಬಂಧ; <ದೇ. ಬಾನ್ + ಸಂ. ತಳ ",1,"ಜಮೀನಿನ ಎಲ್ಲೆಕಟ್ಟನ್ನು ಖಚಿತಗೊಳಿಸಲು ಹಾಕುವ ಕಟ್ಟು, ಒಡ್ಡು"
ಬಾಂಧವ,noun,ಸಂ ,1,"ನಂಟ, ಸಂಬಂಧಿಕ"
ಬಾಂಧವ್ಯ,noun,ಸಂ ,1,"ನಂಟು, ನಂಟಸ್ತಿಕೆ"
ಬಾಂಬ,noun,"<ದೇ. ಬಾನ್ ಮಡಕೆ, ಕುಡಿಕೆ + ಬ; <ದೇ. ಬಾನ್ ",1,ಕುಂಬಾರ
ಬಾಕಿ,noun,ಅರ ,1,"ಉಳಿದುದು, ಮಿಕ್ಕಿದ್ದು, ಶಿಲ್ಕು"
ಬಾಕುಳ,noun,<ಸಂ. ವ್ಯಾಕುಲ ,1,"ತೀವ್ರವಾದ ಅಪೇಕ್ಷೆ, ಉತ್ಕಟ ಬಯಕೆ"
ಬಾಗು,noun,ದೇ ,1,ಆಯುಧ ಮುಂ.ವುಗಳ ತುದಿಯ ಕೊಂಕಾದ ಭಾಗ
ಬಾಜನೆ,noun,"<ಸಂ. ವಾದನ ವಾದ್ಯಗಳನ್ನು ನುಡಿಸುವಿಕೆ, ಬಾರಿಸುವಿಕೆ ಬಾಜಾ <ಹಿಂ. ಮರಾ. ಬಾಜಾ / <ಸಂ. ವಾದ್ಯ; <ಸಂ. ವಾದನ ",1,ಊದುವ ಯಾ ಬಾರಿಸುವ ವಾದ್ಯ
ಬಾಜಿ,noun,<ಪಾರ. ಮರಾ. ಹಿಂ. ಬಾಜಿ ,1,ಸ್ಪರ್ಧೆ
ಬಾಜು,noun,<ಪಾರ. ಮರಾ. ಹಿಂ. ಬಾಜೂ ,1,"ತೋಳು, ಭುಜ"
ಬಾಡ,noun,<ಸಂ. ವಾಟ ,1,"ಹಳ್ಳಿ, ಗ್ರಾಮ"
ಬಾಡಬ(ವ),noun,ಸಂ ,1,"ಕುದುರೆ, ಅಶ್ವ"
ಬಾಡು,noun,ದೇ ,1,"ಅಡಗು, ಮಾಂಸ"
ಬಾಣ,noun,ಸಂ ,1,"ಬಿಲ್ಲಿಗೆ ಹೂಡುವ ಅಸ್ತ್ರ, ಅಂಬು"
ಬಾಣಂತನ,noun,<ಬಾಳಂತಿ + ತನ ,1,"ಹೆರಿಗೆಯಾದವಳಿಗೆ ಮಾಡುವ ಆರೈಕೆ, ಉಪಚಾರ"
ಬಾಣಸ,noun,<ಸಂ. ಮಹಾನಸ ,1,"ದೊಡ್ಡದಾಗಿರುವ ಪಾಕಶಾಲೆ, ಅಡುಗೆ ಮನೆ"
ಬಾಣಿ,noun,ಬಾನೆ ,1,"ಲೋಹ, ಮರ, ಮಣ್ಣು ಮೊ.ವುಗಳ ಅಗಲಬಾಯಿಯ ಪಾತ್ರೆ"
ಬಾದಣ,noun,<ಬಾದವಣ <ಸಂ. ವಾತಾಯನ ,1,ಗವಾಕ್ಷಿ
ಬಾದು,noun,<ಅರ. ಬದ್ ,1,"ಮಾತು, ನುಡಿ, ವಾದ"
ಬಾಧೆ,noun,<ಸಂ. ಬಾಧಾ ,1,"ನೋವು, ವೇದನೆ"
ಬಾಧ್ಯ,noun,ಸಂ ,1,"ಆಸ್ತಿಯ ಮೇಲಿರುವ ಹಕ್ಕು, ಸ್ವಾಮ್ಯ"
ಬಾಧ್ಯತೆ,noun,<ಸಂ. ಬಾಧ್ಯತಾ ,1,"ಸಂಬಂಧ, ನಂಟುತನ"
ಬಾನಿ,noun,ದೇ ,1,"ಲೋಹ, ಮರ, ಮಣ್ಣು ಮುಂ.ವುಗಳಿಂದ ಮಾಡಿದ ಅಗಲವಾದ ಬಾಯಿಯ ಪಾತ್ರೆ, ಬಾನೆ"
ಬಾನು,noun,ದೇ ,1,"ಆಕಾಶ, ಗಗನ"
ಬಾನುಲಿ,noun,<ದೇ. ಬಾನ್ + ಉಲಿ ,1,ಆಕಾಶದಲ್ಲಿ ಕೇಳಿಬರುವ ಅಶರೀರ ವಾಣಿ
ಬಾನ್,noun,<ದೇ. ಬಾನ್ + ಉಲಿ ,1,<ದೇ. ವಾನ್
ಬಾನ್(ನು),noun,ದೇ ,1,"ಆಕಾಶ, ಗಗನ"
ಬಾಬತ್ತು,noun,<ಅರ. ಪಾರ. ಹಿಂ. ಬಾಬತ್ ,1,ಸಂಬಂಧಪಟ್ಟುದು
ಬಾಬು,noun,<ಅರ. ಹಿಂ. ಬಾಬತ್ ,1,"ವಿಷಯ, ಸಂಗತಿ"
ಬಾಯರು,noun,<ಬಾಯಾರು ,1,"ನೀರಡಿಕೆಯನ್ನು ಹಿಂಗಿಸುವ ಎಳನೀರು, ಪಾನಕ ಮೊ. ಪಾನೀಯ ಯಾ ಬೆಲ್ಲದೊಡನೆ ಕೊಡುವ ನೀರು ಇತ್ಯಾದಿ"
ಬಾಯಿ,noun,ದೇ ,1,"ತಿನ್ನಲು, ಕುಡಿಯಲು, ಮಾತನಾಡಲು ಯಾ ಶಬ್ದದ ಉದ್ಗಾರಗಳಿಗೂ ಬಳಸುವ ಮುಖದ ಅಂಗ"
ಬಾರದಾನ,noun,<ಮರಾ. ಬಾರದಾನ್ ,1,"ವ್ಯಾಪಾರದ ಸರಕುಗಳನ್ನು ತುಂಬಲು ಬಳಸುವ ಚೀಲ, ಡಬ್ಬಿ, ಪೀಪಾಯಿ ಮೊ.ವು"
ಬಾರಾಬಂಗಾಲಿ,noun,ಬಾರ + ಬಂಗಾಲೀ ,1,ಮೋಸಗಾರ
ಬಾರಿ,noun,ದೇ ,1,"ಸಲ, ಸರದಿ"
ಬಾರು,noun,ದೇ ,1,"ತೊಗಲು, ಚರ್ಮ"
ಬಾರ್ತೆ,noun,<ದೇ. ಬಾೞ ,1,"ಉಪಯೋಗ, ಪ್ರಯೋಜನ"
ಬಾಲ,noun,<ಸಂ. ವಾಲ ,1,"ಪ್ರಾಣಿಗಳ ಲಾಂಗೂಲ, ಪುಚ್ಛ; ಸಂ"
ಬಾಲಂಗೋಚಿ,noun,ಬಾಲ + ಗೋಚಿ <ಕೋಸಿ ,1,"ಗಾಳಿಪಟದ ತಳಕ್ಕೆ ಕಟ್ಟುವ ಉದ್ದವಾದ ಪಟ್ಟಿ, ಬಾಲಂಗಚ್ಚೆ"
ಬಾಲಿಶ,noun,ಸಂ ,1,"ಮಗು, ಶಿಶು"
ಬಾಲೆ,noun,<ಸಂ. ಬಾಲಾ ,1,ಹದಿನಾರು ವರ್ಷದ ಒಳಗಿನ ಹುಡುಗಿ
ಬಾಲ್ಯ,noun,ಸಂ ,1,"ಎಳವೆ, ಶೈಶವ"
ಬಾಳಕ,noun,ದೇ ,1,"ಒಂದು ಬಗೆಯ ನಂಜಿಕೊಳ್ಳುವ ಪದಾರ್ಥ, ಉಪ್ಪು ಬೆರಸಿ ಒಣಗಿಸಿದ ತರಕಾರಿ, ಮೆಣಸಿನಕಾಯಿ"
ಬಾಳು,noun,ದೇ ,1,"ಬದುಕು, ಜೀವನ"
ಬಾವಲಿ,noun,ದೇ ಕಪ್ಪಟದ ಹಕ್ಕಿ; ದೇ ,1,ಕಿವಿಯ ಒಂದು ಆಭರಣ
ಬಾವು,noun,<ದೇ. ಬಾಹು ,1,"ಪೆಟ್ಟು, ಖಾಯಿಲೆ ಮುಂ.ವುಗಳಿಂದ ಉಂಟಾಗುವ ಊತ, ಉಬ್ಬು"
ಬಾಷ್ಪ,noun,ಸಂ ,1,"ಕಣ್ಣೀರು, ಕಂಬನಿ"
ಬಾಸಣ,noun,<ಸಂ.ವಾಸನ ,1,"ಹೊದಿಕೆ, ಮುಸುಕು"
ಬಾಸರ,noun,<ಸಂ. ಭಾಸ್ವರ ,1,"ಕಾಂತಿ, ಶೋಭೆ"
ಬಾಸಿ(ಂ)ಗ,noun,ದೇ ,1,"ಹೂವಿನ ಮಾಲೆ, ದಂಡೆ"
ಬಾಹಿರ,noun,ಸಂ ,1,ಹೊರವಲಯ
ಬಾಹು,noun,ದೇ ,1,"ಪೆಟ್ಟು, ಖಾಯಿಲೆ ಮೊ.ವುಗಳಿಂದ ಉಂಟಾಗುವ ಊತ, ಉಬ್ಬು"
ಬಾಹುಲ್ಯ,noun,ಸಂ ,1,"ಹೇರಳ, ಅಧಿಕ"
ಬಾಹ್ಮಣ್ಯ,noun,ಸಂ ,1,ಬ್ರಾಹ್ಮಣನಾಗಿರುವಿಕೆ
ಬಾಹ್ಯ,noun,ಸಂ ,1,"ಹೊರಭಾಗ, ಹೊರವಲಯ"
ಬಿಂಕ,noun,"ದೇ ಗರ್ವ, ಜಂಬ ",1,"ಠೀವಿ, ಗತ್ತು"
ಬಿಂಗ,noun,<ಸಂ. ಭೃಂಗ ,1,"ಒಂದು ಬಗೆಯ ದೊಡ್ಡ ಜಾತಿಯ ದುಂಬಿ, ಭ್ರಮರ"
ಬಿಂಜ,noun,<ಸಂ. ವಿಂಧ್ಯ ,1,ವಿಂಧ್ಯಪರ್ವತ
ಬಿಂದ,noun,<ಸಂ. ಬೃಂದ ,1,"ಗುಂಪು, ಸಮೂಹ"
ಬಿಂದಿ,noun,ದೇ ,1,ಒಂದು ಬಗೆಯ ಆಭರಣ
ಬಿಂದು,noun,ಸಂ ,1,"ದ್ರವದ ಹನಿ, ತೊಟ್ಟು"
ಬಿಂಬ,noun,ಸಂ ,1,"ಸೂರ್ಯ ಯಾ ಚಂದ್ರನ ಸುತ್ತಲೂ ಇರುವ ಪ್ರಭಾವ ವಲಯ, ಪರಿವೇಷ"
ಬಿಕನಾಸಿ,noun,<ಸಂ. ಬಿಕ್ಷಾಶಿನ್ ,1,"ಭಿಕ್ಷುಕ, ತಿರುಕ"
ಬಿಕ್ಕಟ್ಟು,noun,<ದೇ. ಬಿಗಿ+ಕಟ್ಟು ,1,"ಭದ್ರವಾದ ಕಟ್ಟು, ಬಂಧನ"
ಬಿಕ್ಕು,noun,ದೇ ,1,ಬಿಕ್ಕಲು
ಬಿಕ್ಕೆ,noun,<ಸಂ. ಭಿಕ್ಷೆ ,1,"ತಿರುಪೆ, ಭಿಕ್ಷೆ"
ಬಿಗಿ,noun,ದೇ ,1,"ಭದ್ರವಾಗಿರುವುದು, ಗಟ್ಟಿಯಾಗಿರುವುದು"
ಬಿಗುಪು,noun,ದೇ ,1,"ಭದ್ರವಾದ ಜೋಡಣೆ, ಬಿಗಿಯಾದ ಸೇರುವೆ"
ಬಿಗುರ್,noun,ದೇ ,1,"ಭಯ, ಅಂಜಿಕೆ"
ಬಿಚ್ಚತ,noun,<ಸಂ. ವಿಸ್ತೃತ ,1,"ವಿಸ್ತಾರ, ಹರಹು"
ಬಿಚ್ಚು,noun,ದೇ ,1,ಸರಳತೆ
ಬಿಜಯ,noun,<ಸಂ. ವಿಜಯ ,1,"ವಿಜಯ, ಗೆಲುವು"
ಬಿಜ್ಜೆ,noun,<ಸಂ. ವಿದ್ಯೆ ,1,"ತಿಳಿವಳಿಕೆ, ಜ್ಞಾನ"
ಬಿಟ್ಟಿ,noun,ದೇ ,1,ಪುಕ್ಕಟೆ ಕೆಲಸ
ಬಿಡಯ,noun,<ಬಿಡುವು ,1,"ಎಡೆ, ಅವಕಾಶ"
ಬಿಡಾಡಿ,noun,ದೇ ,1,ಕೆಲಸವಿಲ್ಲದೆ ಅಲೆದಾಡುವವನು
ಬಿಡಾರ,noun,ದೇ ,1,ತಂಗುವ ಸ್ಥಳ
ಬಿಡಾಲ,noun,ಸಂ ,1,"ಬೆಕ್ಕು, ಮಾರ್ಜಾಲ"
ಬಿಡಿ,noun,ದೇ ,1,ಒಂಟಿಯಾದುದು
ಬಿಡು,noun,ದೇ ,1,"ವಿರಾಮ, ವಿಶ್ರಾಂತಿ"
ಬಿಡುಗಡೆ,noun,<ದೇ. ಬಿಡು + ಕಡೆ ,1,"ಬಂಧನದಿಂದ ಪಾರಾಗುವಿಕೆ, ವಿಮೋಚನೆ"
ಬಿಡುಬೀಸು,noun,ದೇ ,1,"ನಿರ್ಬಂಧವಿಲ್ಲದುದು, ಕಟ್ಟಿಗೆ ಒಳಪಡದುದು"
ಬಿಡುವು,noun,ದೇ ,1,"ವಿರಾಮ, ವಿಶ್ರಾಂತಿ"
ಬಿಣ್ಣಿತು,noun,ದೇ ,1,"ತೂಕ, ಹೊರೆ, ಭಾರ"
ಬಿಣ್ಪು,noun,ದೇ ,1,"ಒಜ್ಜೆ, ಭಾರ, ತೂಕ"
ಬಿತ್ತರ,noun,<ಸಂ. ವಿಸ್ತಾರ ,1,"ಹರಹು, ವ್ಯಾಪ್ತಿ"
ಬಿತ್ತರಿಗೆ,noun,<ಸಂ. ವಿತಿತರ್ದಿಕಾ ,1,"ಆಸನ, ಪೀಠ"
ಬಿದು,noun,ಸಂ ,1,"ಚಂದ್ರ, ಇಂದು"
ಬಿದ್ದ,noun,<ಸಂ. ವಿದ್ಧ ,1,"ಕೊರೆದುದು, ತೂತು, ರಂಧ್ರ"
ಬಿದ್ದಣ,noun,<ದೇ. ಬಿರ್ದಿನ ,1,"ಭೋಜನ, ಔತಣ"
ಬಿದ್ದಿನ,noun,ದೇ ,1,"ಆತಿಥ್ಯಕ್ಕೆ ಪಾತ್ರನಾದವನು, ಅತಿಥಿ"
ಬಿನದ,noun,<ಸಂ. ವಿನೋದ ,1,"ತಮಾಷೆ, ವಿನೋದ"
ಬಿನುಗು,noun,ದೇ ,1,"ಅಲ್ಪವ್ಯಕ್ತಿ, ಕ್ಷುದ್ರವ್ಯಕ್ತಿ"
ಬಿನ್ನವತ್ತಳೆ,noun,<ಬಿನ್ನಪವಿಜ್ಞಾಪನ + ಪತ್ರಳೆ ,1,"ಅಧಿಕಾರಿ ಮುಂ.ವರಿಗೆ ಒಪ್ಪಿಸುವ ಮನವಿ ಪತ್ರ, ವಿಜ್ಞಾಪನಾ ಪತ್ರ"
ಬಿನ್ನಾಣ,noun,<ಸಂ. ವಿಜ್ಞಾನ ,1,"ವಿಶೇಷವಾದ ಜ್ಞಾನ, ಗಾಢವಾದ ತಿಳುವಳಿಕೆ"
ಬಿನ್ನಾಣಿ,noun,<ಬಿನ್ನಾಣ + ಇ ,1,ಬಿನ್ನಾಣಗಿತ್ತಿ
ಬಿಮ್ಮು,noun,ದೇ ,1,"ದೊಡ್ಡತನ, ಘನತೆ, ಹಿರಿಮೆ"
ಬಿಯ,noun,<ಸಂ. ವ್ಯಯ ,1,"ಖರ್ಚು, ವೆಚ್ಚ, ವ್ಯಯ"
ಬಿರಡೆ,noun,ದೇ ,1,ಬಿರಟೆ
ಬಿರಾಡ,noun,<ಬಿಡಾರ ,1,"ಸ್ಥಳ, ನೆಲೆ"
ಬಿರಿ,noun,ದೇ ,1,"ಬಿರುಕು, ಸೀಳು"
ಬಿರುಕು,noun,ದೇ ,1,"ಒಡಕು, ಸೀಳು"
ಬಿರುದು,noun,ದೇ ,1,"ಗೌರವಸೂಚಕವಾಗಿ ಕೊಡುವ ಹೆಸರು, ಪ್ರಶಸ್ತಿ"
ಬಿರುಸು,noun,ದೇ ,1,"ಒರಟು, ಕಠಿಣ"
ಬಿರ್ದು,noun,ದೇ ,1,"ಔತಣ, ವಿಶೇಷ ಭೋಜನ"
ಬಿಲ,noun,ದೇ ,1,"ಆಳವಾದ ಹಳ್ಳ, ಕುಳಿ, ಕೊಳ್ಳ"
ಬಿಲ್ಲು,noun,ದೇ ,1,"ಬಾಣವನ್ನು ಹೂಡಿ ಬಿಡುವ ಸಾಧನ, ಧನಸ್ಸು, ಚಾಪ"
ಬಿಲ್ಲೆ,noun,<ಹಿಂ. ಬಿಲ್ಲಾ ,1,"ತರಕಾರಿ, ಕಲ್ಲು, ಲೋಹ ಇತ್ಯಾದಿಗಳ ಚೌಕ, ವೃತ್ತ ಮೊ. ಆಕಾರಗಳ ತೆಳುವಾದ ಹಲ್ಲೆ"
ಬಿಳುಪು,noun,ದೇ ,1,ಬಿಳಿಯ ಬಣ್ಣ
ಬಿಸಿ,noun,ದೇ ,1,"ಕಾವು, ಶಾಖ"
ಬಿಸಿರಕ್ತ,noun,= ,1,ಶಾಖದಿಂದ ಕೂಡಿದ ರಕ್ತ
ಬಿಸಿಲುಗುದುರೆ,noun,ದೇ ,1,ಬಿಸಿಲಿನ ಝಳದಲ್ಲಿ ಹರಿಯುವ ನೀರಿನಂತೆ ಕಾಣುವ ದೃಶ್ಯ; ಮರೀಚಿಕೆ; ಮೃಗಜಲ
ಬಿಸುಗೆ,noun,"<ದೇ. ಬೆಸೆ + ಗೆ ಹೊಂದಿಕೆ, ಜೋಡಣೆ, ಸೇರುವೆ; ? ",1,ಪಗಡೆ; ಚದುರಂಗ ಮುಂ. ಆಟದ ಕಾಯಿ
ಬಿಸುಪು,noun,<ದೇ. ಬಿಸಿ + ಪು ,1,"ತಾಪ, ಕಾವು, ಉಷ್ಣತೆ"
ಬೀಕಲು,noun,<ದೇ. ಬೀ + -ಕಲು ,1,"ಕೊನೆ, ಅಂತ್ಯ"
ಬೀಗ,noun,ದೇ ,1,"ಬಾಗಿಲು, ಪೆಟ್ಟಿಗೆ ಮುಂ.ವುಗಳನ್ನು ಭದ್ರಪಡಿಸಲು ಹಾಕುವ ಒಂದು ಬಗೆಯ ಲೋಹದ ಸಾಧನ, ಕೀಲಿ"
ಬೀಜ,noun,ಸಂ ,1,ಧಾನ್ಯದ ಕಾಳು
ಬೀಜವರಿ,noun,ಸಂ ,1,ಒಂದು ನಿರ್ದಿಷ್ಟ ಪ್ರಮಾಣದ ಬೀಜವನ್ನು ಬಿತ್ತನೆ ಮಾಡಬೇಕಾದಷ್ಟು ಭೂಮಿ
ಬೀಡಾಡಿ,noun,ದೇ ,1,ಅಪ್ರಯೋಜಕ
ಬೀಡು,noun,<ಮರಾ. ಬೀಡ್ ಎರಕ ಹೊಯ್ದ ಕಬ್ಬಿಣ; ದೇ ,1,"ಬಿರುಕು, ಸಂದು, ಸೀಳು"
ಬೀದಿ,noun,<ಸಂ. ವೀ  ,1,"ದಾರಿ, ಮಾರ್ಗ, ಹಾದಿ"
ಬೀದಿಬಸವ,noun,<ಸಂ. ವೀ  ,1,ಬೀದಿಯಲ್ಲಿ ಸ್ವಚ್ಛಂದವಾಗಿ ತಿರುಗುವ ಗೂಳಿ
ಬೀಭತ್ಸ,noun,ಸಂ ,1,"ಅಸಹ್ಯ, ಜುಗುಪ್ಸೆ"
ಬೀಯ,noun,<ಸಂ. ಬೀಜ ,1,ತೌಡನ್ನು ತೆಗೆದ ಅಕ್ಕಿ
ಬೀರ,noun,<ಸಂ. ವೀರ ,1,"ವೀರ, ಶೂರ, ಕಲಿ"
ಬೀಸರ,noun,ದೇ ,1,"ವ್ಯರ್ಥವಾದುದು, ನಿರರ್ಥಕವಾದುದು"
ಬೀಸು,noun,ದೇ ,1,"ಬೀಸುವಿಕೆ, ತೂಗುವಿಕೆ"
ಬುಗರಿ,noun,<ಸಂ. ಭ್ರಮರಿ ,1,ದಾರವನ್ನು ಸುತ್ತಿ ಆಡಿಸುವ ಒಂದು ಬಗೆಯ ಗುಂಡನೆಯ ಆಟಿಕೆ
ಬುಗುಡಿ,noun,ದೇ ,1,ಒಂದು ಆಭರಣ
ಬುಡ,noun,ದೇ ,1,"ಮರದ ಕಾಂಡದ ಅಡಿಭಾಗ, ಬೊಡ್ಡೆ"
ಬುಡಕಟ್ಟು,noun,ದೇ ,1,ಸಸ್ಯಗಳ ಬುಡದ ಸುತ್ತಲೂ ಹಾಕುವ ಮಣ್ಣಿನ ರಾಶಿ
ಬುಡುಬುಡಿಕೆ,noun,<ದೇ. ತೆಲುಗು ,1,ಡಮರುಗ ದಂತಹ ಒಂದು ಬಗೆಯ ಚಿಕ್ಕ ವಾದ್ಯ
ಬುತ್ತಿ,noun,<ಸಂ. ಭುಕ್ತಿ ,1,"ಪ್ರಯಾಣಕಾಲಕ್ಕಾಗಿ ಕಟ್ಟಿ ಸಿದ್ಧಪಡಿಸಿದ ಮೊಸರನ್ನ, ಕಲಸನ್ನ, ರೊಟ್ಟಿ ಮೊ.ದುದು, ಪಾಥೇಯ"
ಬುದ್ಧ,noun,ಸಂ ,1,"ತಿಳಿದವನು, ಜಾಣ"
ಬುದ್ಧಿ,noun,ದೇ ,1,"ತಿಳಿವು, ಅರಿವು"
ಬುದ್ಧಿವಂತ,noun,ದೇ ,1,ಜಾಣ
ಬುದ್ಬುದ,noun,ಸಂ ,1,ಒಂದು ಬಗೆಯ ಕಣ್ಣಿನ ರೋಗ
ಬುಧ,noun,ಸಂ ,1,ಪಂಡಿತ
ಬುನಾದಿ,noun,<ಪಾರ. ಬುನ್ಯಾದ್ ,1,"ಅಡಿಪಾಯ, ತಳಹದಿ, ಅಸ್ತಿವಾರ"
ಬುರ(ರು)ಕಿ,noun,<ಅರ. ಬುರಕಾ ,1,"ಅವಕುಂಠನ, ಮುಸುಕು"
ಬುರುಗು,noun,ದೇ ,1,"ನೊರೆ, ಫೇನ"
ಬುರುಡೆ,noun,ದೇ ,1,"ಬಿಲ್ವ, ಬೇಲ ಮೊ.ವುಗಳ ಸೊಟ್ಟೆಯನ್ನು ಒಣಗಿಸಿ ಮಾಡಿದ ಪಾತ್ರೆಯಾಕಾರದ ಸಾಧನ"
ಬುರ್ನಾಸು,noun,<ತುಳು. ಬುರ್ನಾಸ್ ,1,"ಕೆಲಸಕ್ಕೆ ಬಾರದುದು, ಕಳಪೆ, ಕೀಳು"
ಬುಲ್ಲವಣೆ,noun,<ಮರಾ. ಭುಲವಣ ,1,ಪುಸಲಾಯಿಸುವಿಕೆ
ಬೂಚು,noun,<ಮರಾ. ಬೂಚ್ ,1,"ಬಿರಡೆ, ಮುಚ್ಚಳ"
ಬೂಟ,noun,ದೇ ,1,"ಮೋಸ, ಕಪಟ"
ಬೂತು,noun,ತೆಲು ,1,"ಕುಚೋದ್ಯ, ಕುಚೇಷ್ಟೆ"
ಬೂಸ,noun,<ಹಿಂ. ಭೂಸಾ ,1,"ಧಾನ್ಯದ ಹೊಟ್ಟು, ತವಡು"
ಬೃಂದ,noun,<ಸಂ. ವೃಂದ ,1,"ಗುಂಪು, ಸಮೂಹ"
ಬೃಂದಗಾನ,noun,ಸಾಮೂಹಿಕವಾಗಿ ಹಾಡುವ ಹಾಡು ಬೃಂದಾವನ <ಸಂ. ವೃಂದಾತುಳಸಿ + ವನ; ,1,ತುಳಸಿಯ ಕಟ್ಟೆ
ಬೃಹತ್ತು,noun,<ಸಂ. ಬೃಹತ್ ,1,"ದೊಡ್ಡದು, ಹಿರಿದು"
ಬೆ(ಸ)ಸುಗೆ,noun,ದೇ ,1,"ಹೊಂದಿಕೆ, ಜೋಡಣೆ"
ಬೆಂಕಿ,noun,ದೇ ,1,"ಉರಿ, ಕಿಚ್ಚು, ಅಗ್ನಿ"
ಬೆಂಗಡೆ,noun,<ದೇ. ಬೆನ್ + ಕಡೆ ,1,"ಬೆನ್ನಿನ ಭಾಗ, ಹಿಂಬದಿ, ಹಿಂಭಾಗ"
ಬೆಂಗಾಡು,noun,ದೇ ,1,"ಸುಟ್ಟುಹೋದ ಕಾಡು, ಕರಿಕಾದ ಕಾಡು"
ಬೆಂಡು,noun,ದೇ ,1,ಜೋಳ ಮುಂ. ದಂಟುಗಳ ಒಳಗಿನ ಭಾಗ
ಬೆಂಬಲ,noun,< ದೇ. ಬೆನ್ + ಬಲ ,1,"ಹಿಂದಕ್ಕೆ ಇರುವ ಸೈನ್ಯ, ಹಿಂದೆ ಬರುವ ಪಡೆ"
ಬೆಗಡು,noun,ದೇ ,1,"ಆಶ್ಚರ್ಯ, ಬೆರಗು"
ಬೆಚ್ಚರ,noun,ದೇ ,1,"ಸುತ್ತುವಿಕೆ, ಭ್ರಮಣ"
ಬೆಚ್ಚು,noun,ದೇ ,1,"ಭಯ, ಹೆದರಿಕೆ"
ಬೆಟ್ಟ,noun,ದೇ ,1,"ಗಿರಿ, ಪರ್ವತ"
ಬೆಟ್ಟಿತು,noun,ದೇ ,1,"ಬಿರುಸಾದುದು, ಗಟ್ಟಿಯಾದುದು"
ಬೆಟ್ಟೆ,noun,ದೇ ,1,"ಬಿರುಸಾದುದು, ಕಠಿಣವಾದುದು"
ಬೆಡಗು,noun,ದೇ ,1,"ಅಂದ, ಸೊಬಗು"
ಬೆಣ್ಣೆ,noun,<ದೇ. ಬೆಳ್ = ಬಿಳಿಯ + ನೆಯ್ ,1,ನವನೀತ
ಬೆತೆ,noun,<ಸಂ. ವ್ಯಥೆ ,1,"ದುಃಖ, ಅಳಲು, ವ್ಯಥೆ"
ಬೆದಕು,noun,ದೇ ,1,"ಕೆರೆತ, ಗೀರುವಿಕೆ"
ಬೆದರು,noun,ದೇ ,1,"ಭಯ, ಅಂಜಿಕೆ"
ಬೆದೆ,noun,ದೇ ,1,"ಬೀಜ ಬಿತ್ತುವುದು, ಬಿತ್ತನೆ"
ಬೆಪ್ಪು,noun,ದೇ ,1,"ದಡ್ಡತನ, ಮೌಢ"
ಬೆಬ್ಬಳ,noun,ದೇ ,1,"ಭಯ, ಹೆದರಿಕೆ, ಗಾಬರಿ"
ಬೆರಕೆ,noun,ದೇ ,1,"ಸೇರಿರುವುದು, ಮಿಶ್ರಣ"
ಬೆರಗು,noun,ದೇ ,1,"ವಿಸ್ಮಯ, ಸೋಜಿಗ"
ಬೆರಳಚ್ಚು,noun,ದೇ ,1,"ಬೆರಳುಗಳಿಂದ ಗುಂಡಿಗಳನ್ನು ಒತ್ತಿ ಕಾಗದದ ಮೇಲೆ ಅಕ್ಷರಗಳ ಅಚ್ಚನ್ನು ಮೂಡಿಸುವ ಯಂತ್ರ, ಟೈಪ್‌ರೈಟರ್"
ಬೆರಸು,noun,ದೇ ,1,"ಕೂಡಿರುವಿಕೆ, ಸಂಬಂಧ, ನಂಟು"
ಬೆರ್ಚು,noun,ದೇ ,1,"ಭಯ, ಹೆದರಿಕೆ"
ಬೆಲೆ,noun,ದೇ ,1,"ವಸ್ತುವಿನ ಕ್ರಯ, ಧಾರಣೆ, ಮೌಲ್ಯ, ಕಿಮ್ಮತ್ತು"
ಬೆಲ್ಲ,noun,ದೇ ,1,"ಕಬ್ಬಿನ ರಸವನ್ನು ಕಾಯಿಸಿ ತಯಾರಿಸಿದ ಬೇರೆ ಬೇರೆ ಆಕಾರದ ಸಿಹಿಯಾದ ಘನಪದಾರ್ಥ, ಗುಡ"
ಬೆಳ(ಂ)ತಿಗೆ,noun,ದೇ ,1,"ಹೊಳಪು, ಕಾಂತಿ, ಪ್ರಕಾಶ"
ಬೆಳ(ಳೆ)ಸು,noun,ದೇ ,1,"ಬೆಳೆ, ಫಲಿಸು"
ಬೆಳಕು,noun,ದೇ ,1,"ಸೂರ್ಯ, ದೀಪ ಮುಂ.ವುಗಳ ಪ್ರಕಾಶ, ಹೊಳಪು"
ಬೆಳಗು,noun,ದೇ ,1,"ಹೊಳಪು, ಕಾಂತಿ"
ಬೆಳವಣಿಗೆ,noun,ದೇ ,1,"ಮನುಷ್ಯ, ಪ್ರಾಣಿ ಮುಂ.ವುಗಳ ಅಂಗಾಂಗಗಳು ಬಲಿತು ಬೆಳೆಯುವಿಕೆ, ಏಳಿಗೆ, ಅಭಿವೃದ್ಧಿ"
ಬೆಳೆ,noun,ದೇ ,1,"ಬೆಳೆದುದು; ಮರ, ಗಿಡ, ಪೈರು ಮುಂ. ಬೆಳಸು"
ಬೆಳ್ಪು,noun,ದೇ ,1,"ಬಿಳುಪು, ಬಿಳಿಯ ಬಣ್ಣ, ಧವಳತೆ"
ಬೆಳ್ಮಿಗ,noun,ದೇ ,1,"ಸಸ್ಯಾಹಾರಿಯಾದ ಪ್ರಾಣಿ, ಕ್ರೂರವಲ್ಲದ ಮೃಗ, ಸಾಧುಪ್ರಾಣಿ"
ಬೆವಸಾಯ,noun,<ಸಂ. ವ್ಯವಸಾಯ ,1,"ಬೇಸಾಯ, ವ್ಯವಸಾಯ, ಕೃಷಿ"
ಬೆವಹಾರ,noun,<ಸಂ. ವ್ಯವಹಾರ ,1,"ಉದ್ಯಮ, ಕೆಲಸ, ವೃತ್ತಿ"
ಬೆಸ,noun,ದೇ ,1,"ಕೆಲಸ, ಕಾರ್ಯ"
ಬೆಸನ,noun,<ಸಂ. ವ್ಯಸನ ,1,"ಕೆಲಸ, ಕಾರ್ಯ"
ಬೆಸಲೆ,noun,ದೇ ,1,"ಹೆರಿಗೆ, ಪ್ರಸೂತಿ"
ಬೆಸೆ,noun,ದೇ ,1,"ಗರ್ವ, ಹೆಮ್ಮೆ"
ಬೆಸ್ತ,noun,ದೇ ,1,"ಮೀನು ಹಿಡಿಯುವವನು, ಜಾಲಗಾರ"
ಬೇಂಟೆ,noun,ದೇ ,1,"ಶಿಕಾರಿ, ಮೃಗಯೆ, ಬೇಟೆ"
ಬೇಗಾರ(ರಿ),noun,<ಪಾರ. ಬೇಗಾರ್ ,1,"ಕೂಲಿಯಿಲ್ಲದೆ ಮಾಡಿಸಿಕೊಳ್ಳುವ ಕೆಲಸ, ಬಿಟ್ಟಿಕೆಲಸ"
ಬೇಗುದಿ,noun,ದೇ ,1,"ತೀವ್ರವಾದ ಬೇಗೆ, ಅತ್ಯುಷ್ಣ"
ಬೇಗೆ,noun,ದೇ ,1,"ಬೆಂಕಿ, ಕಿಚ್ಚು"
ಬೇಡ,noun,ದೇ ,1,"ಬೇಟೆಯನ್ನು ವೃತ್ತಿಯಾಗಿ ಉಳ್ಳವನು, ಬಿಲ್ಲ, ಶಬರ, ಕಿರಾತ"
ಬೇತು,noun,<ಮರಾ.ಬೇತ್ ,1,"ಹಂಚಿಕೆ, ಯುಕ್ತಿ, ಉಪಾಯ"
ಬೇನಾಮಿ,noun,<ಹಿಂ. ಬೇನಾಮ್ ,1,"ಹೆಸರಿಲ್ಲದುದು, ಅನಾಮಧೇಯವಾದುದು"
ಬೇನೆ,noun,ದೇ ,1,"ರೋಗ, ವ್ಯಾಧಿ"
ಬೇರ,noun,"<ಸಂ. ವೈರ ಹಗೆತನ, ಶತ್ರುತ್ವ; <ಬ್ಯಾರ <ವ್ಯಾಪಾರ ವರ್ತಕ ವೃತ್ತಿ; ಸಂ ",1,"ವಿಗ್ರಹ, ಪ್ರತಿಮೆ"
ಬೇರೀಜು,noun,<ಪಾರ. ಬೇರೀಜ್ ,1,"ಕೂಡುವಿಕೆ, ಸಂಕಲನ"
ಬೇರು,noun,ದೇ ,1,"ಮರ, ಗಿಡ ಮುಂ.ವುಗಳ - ಅಡಿಭಾಗ, ಮೂಲ"
ಬೇಲಿ,noun,ದೇ ,1,"ಹೊಲ, ತೋಟ ಮೊ.ವುಗಳ ರಕ್ಷಣೆಗಾಗಿ ಸುತ್ತಲೂ ಹಾಕುವ ಪೊದೆ, ಮುಳ್ಳು, ಮುಳ್ಳುತಂತಿ ಮುಂ.ವುಗಳ ಆವರಣ, ಸುತ್ತುಗೋಡೆ"
ಬೇಳಂಬ,noun,<ಪ್ರಾ. ವೇಳಂಬ ,1,"ವಿಡಂಬನೆ, ಅಣಕ"
ಬೇಳುವೆ,noun,ದೇ ,1,"ಹೋಮ, ಯಜ್ಞ"
ಬೇಳೆ,noun,ದೇ ,1,"ಕಡಲೆ, ಹೆಸರು, ಉದ್ದು ಇತ್ಯಾದಿ ದ್ವಿದಳಧಾನ್ಯದ - ಒಂದು ಹೋಳು, ಭಾಗ"
ಬೇವಸ,noun,ದೇ ,1,"ಚಿಂತೆ, ದುಮ್ಮಾನ, ಉಮ್ಮಳ"
ಬೇಸ್ತು,noun,<ಪಾರ. ಬೇಸದ್ = ವ್ಯರ್ಥ ,1,ಮೋಸ
ಬೈಗು,noun,ದೇ ,1,"ಸಾಯಂಕಾಲ, ಸಂಜೆ"
ಬೈತ್ರ,noun,<ಸಂ. ವಹಿತ್ರ ,1,"ತೆಪ್ಪ, ಹರಿಗೋಲು"
ಬೈರಾಸು,noun,<ಸಂ. ಬಹಿರ್ವಾಸಸ್ ,1,"ಉತ್ತರೀಯ, ಮೈಮೇಲೆ ಹೊದೆಯುವ ವಸ್ತ್ರ"
ಬೈರಿಗೆ,noun,<ದೇ. ತುಳು ,1,ಬೈರಗಿ
ಬೈರೂಪ,noun,<ಸಂ. ಬಹುರೂಪ ,1,"ನಾನಾ ಬಗೆಯ ರೂಪ, ವೇಷ, ಸೋಗು, ಬಹುರೂಪ"
ಬೈಲು,noun,<ದೇ. ವಯಲ್ ,1,"ಮೈದಾನ, ಬಯಲು"
ಬೈಸಿಕೆ,noun,<ಮರಾ. ಬೈಸಕ್ ,1,ಮಂಡಿಯೂರಿ ಕುಳಿತುಕೊಳ್ಳುವುದು
ಬೊಂಕು,noun,ದೇ ,1,"ಬಡಾಯಿ, ಜಂಬ"
ಬೊಂಡ,noun,ದೇ. ತುಳು ,1,"ಎಳೆಯ ತೆಂಗಿನ ಕಾಯಿ, ಸೀಯಾಳ"
ಬೊಂತೆ,noun,ದೇ ,1,"ಚಿಂದಿ ಬಟ್ಟೆಗಳನ್ನು ಹೊಲಿದು ಮಾಡುದ ಹಚ್ಚಡ, ಕವುದಿ"
ಬೊಂದಿ,noun,<ಪ್ರಾ. ಬೋಂದಿ ,1,"ದೇಹ, ಶರೀರ"
ಬೊಂಬಾಳ,noun,ದೇ ,1,ನಾಲ್ಕು ಧ್ವನಿ ಭೇದಗಳಲ್ಲಿ ಒಂದು
ಬೊಂಬು,noun,ದೇ ,1,ಬಲಿತ ಬಿದಿರು
ಬೊಂಬುಳಿ,noun,ದೇ ,1,"ಹೆಚ್ಚಳ, ಆಧಿಕ್ಯ"
ಬೊಕ್ಕಣ,noun,ದೇ ,1,"ಚೀಲ, ಸಂಚಿ"
ಬೊಕ್ಕೆ,noun,ದೇ ,1,"ಚರ್ಮದ ಮೇಲೆ ಏಳುವ ಕೀವಿರುವ ಯಾ ಇಲ್ಲದಿರುವ ಸಣ್ಣ ಊತ, ಉಬ್ಬು, ಗಂಧೆ"
ಬೊಗಳೆ,noun,<ದೇ. ಬೊಗಳು ,1,"ಕೆಲಸಕ್ಕೆ ಬಾರದ ಮಾತು, ಪೊಳ್ಳು ಹರಟೆ"
ಬೊಗಸೆ,noun,ದೇ ,1,"ಬಗಸೆ, ಅಂಜಲಿ"
ಬೊಜ(ಂ)ಗ,noun,<ಸಂ. ಭುಜಂಗ ,1,"ಜಾರ, ವಿಟಪುರುಷ,"
ಬೊಜ್ಜು,noun,ದೇ ,1,"ಉಬ್ಬಿದ ಶರೀರ, ಜಳ್ಳು ಮೈ"
ಬೊಟ್ಟು,noun,ದೇ ,1,"ಬೆರಳು, ಅಂಗುಲಿ"
ಬೊಡ್ಡಿ,noun,ದೇ ,1,"ಸೂಳೆ, ವೇಶ್ಯೆ"
ಬೊಡ್ಡು,noun,<ದೇ. ಬಡ್ಡ ,1,"ಮೊಂಡು, ಹರಿತವಿಲ್ಲದುದು"
ಬೊಪ್ಪ,noun,ಬಪ್ಪ ,1,ತಂದೆ
ಬೊಬ್ಬಾಟ,noun,<ದೇ. ಬೊಬ್ಬೆ + ಆಟ ,1,"ಆನಂದ, ರೋಷ, ಆವೇಷ ಮುಂ.ವುಗಳಿಂದ ಮಾಡುವ ಕೂಗಾಟ, ಚೀರಾಟ"
ಬೊಬ್ಬುಳಿ,noun,<ಸಂ. ಬುದ್ಬುದ ,1,"ಒಂದು ಬಗೆಯ ಮುಳ್ಳು ಗಿಡ, ಬೊಬ್ಬುಲಿ"
ಬೊಮ್ಮಟೆ,noun,ದೇ ,1,"ಎಳೆಯಮಗು, ಹಸುಗೂಸು"
ಬೋಕಿ,noun,ದೇ ,1,ಒಡೆದ ಮಡಕೆಯ ಚೂರು
ಬೋಗಾರ,noun,<ಸಂ. ವ್ಯೋಕಾರ ,1,"ಲೋಹದ ಕೆಲಸ ಮಾಡುವವನು, ಲೋಹಕಾರ, ಕಂಚುಗಾರ"
ಬೋಡ,noun,<ಬೋಡು + ಅ ,1,"ಹಲ್ಲಿಲ್ಲದವನು, ಬೊಚ್ಚು ಬಾಯಿಯವನು"
ಬೋದು,noun,ದೇ ,1,ಕಂಬದ ಮೇಲೆ ತೊಲೆ ನಿಲ್ಲಿಸಲು ಮಾಡಿದ ಮರದ ಯಾ ಕಲ್ಲಿನ ಸಾಧನ
ಬೋಧ,noun,ಸಂ ,1,"ಕಲಿಸುವಿಕೆ, ಬೋಧಿಸುವಿಕೆ"
ಬೋಧಿ,noun,ಸಂ ,1,"ಶ್ರೇಷ್ಠವಾದ ಅರಿವು, ದಿವ್ಯ ಜ್ಞಾನ"
ಬೋನ,noun,<ಸಂ. ಭೋಜನ ,1,"ಅನ್ನ, ಆಹಾರ"
ಬೋಯ(ವ),noun,<ಮರಾ. ಭೋಈ ,1,"ಅಡುಗೆ, ಸಾರಥ್ಯ ಇತ್ಯಾದಿ ಸೇವೆ ಮಾಡುವವನು"
ಬೋರ,noun,ಮರಾ ,1,ಮಾಸಲುಗೆಂಪು ಬಣ್ಣ
ಬೋರಲು,noun,ದೇ ,1,"ತಲೆಕೆಳಗು, ಬುಡಮೇಲು"
ಬೋರೆ,noun,ದೇ ,1,"ಸಣ್ಣ ಗುಡ್ಡ, ದಿಬ್ಬ"
ಬೋಳ,noun,ದೇ ,1,"ಸಾವು, ಮೃತ್ಯು"
ಬೋಳೆ,noun,ದೇ ,1,ಒಂದು ಬಗೆಯ ಹರಿತವಾದ ಬಾಣ
ಬೋವಿ,noun,= ಬೋಯಿ ,1,"ಪಲ್ಲಕ್ಕಿಯನ್ನು ಹೊರುವವನು, ಬೋಯಿ"
ಬ್ರಯ,noun,<ಸಂ. ವ್ಯಯ ,1,"ಖರ್ಚು, ವ್ಯಯ"
ಬ್ರಹ್ಮ,noun,ಸಂ ,1,ಮೋಕ್ಷ
ಬ್ರಹ್ಮಗಂಟು,noun,<ಸಂ. ಬ್ರಹ್ಮ + ಗ್ರಂಥಿ ,1,"ಯಜ್ಞೋಪವೀತವನ್ನು ಧರಿಸುವಾಗ ಅದಕ್ಕೆ ಹಾಕುವ ವಿಧ್ಯುಕ್ತವಾದ ಗಂಟು, ಪವಿತ್ರದ ಗಂಟು"
ಬ್ರಹ್ಮಚರ್ಯ,noun,ಸಂ ,1,ಇಂದ್ರಿಯ ನಿಗ್ರಹ
ಬ್ರಹ್ಮಚಾರಿ,noun,<ಸಂ. ಬ್ರಹ್ಮಚಾರಿನ್ ,1,ಬ್ರಹ್ಮ ಚರ್ಯವನ್ನು ಪಾಲಿಸುವವನು
ಬ್ರಹ್ಮಜ್ಞ,noun,ಸಂ ,1,"ಬ್ರಹ್ಮ ತತ್ವವನ್ನು ತಿಳಿದವನು, ಪರಬ್ರಹ್ಮವನ್ನು ಅರಿತವನು"
ಬ್ರಹ್ಮರಂದ್ರ,noun,ಸಂ ,1,ನೆತ್ತಿಯ ಮಧ್ಯದಲ್ಲಿರುವ ಸೂಕ್ಷ್ಮವಾದ ರಂಧ್ರ
ಬ್ರಹ್ಮಲಿಪಿ,noun,ಸಂ ,1,"ಬ್ರಹ್ಮನಿಂದ ಬರೆಯಲ್ಪ ಟ್ಟುದ್ದು, ವಿಧಿಲಿಖಿತ, ಹಣೆಯ ಬರಹ, ಓದುವುದಕ್ಕೆ ಸಾಧ್ಯವಿಲ್ಲದಂತಿರುವ ಬರಹ, ಓದಲು ಬಾರದ ಲಿಪಿ"
ಬ್ರಹ್ಮಸೂತ್ರ,noun,ಸಂ ,1,"ಜನಿವಾರ, ಯಜ್ಞೋ ಪವೀತ"
ಬ್ರಹ್ಮಾಂಡ,noun,ಸಂ ,1,"ವಿಶ್ವ, ಜಗತ್ತು"
ಬ್ರಹ್ಮಾನಂದ,noun,ಸಂ ,1,ಬ್ರಹ್ಮ ಸಾಕ್ಷಾತ್ಕಾರದಿಂದ ಉಂಟಾಗುವ ಆನಂದ
ಬ್ರಹ್ಮಾಸ್ತ್ರ,noun,ಸಂ ,1,ಬ್ರಹ್ಮನು ಅಧಿದೇವತೆಯಾಗಿರುವ ಮಂತ್ರಾಸ್ತ್ರ
ಬ್ರಹ್ಮೇತಿ,noun,<ಸಂ. ಬ್ರಹ್ಮಹತ್ಯೆ ,1,ಬ್ರಹ್ಮಹತ್ಯೆ
ಬ್ರಹ್ಮೋಪದೇಶ,noun,ಸಂ ,1,"ವೇದಮಂತ್ರಗಳನ್ನು ಹೇಳಿಕೊಡುವುದು, ವೇದಾಧ್ಯಾಪನ"
ಬ್ರಾಹ್ಮಣ,noun,ಸಂ ,1,"ನಾಲ್ಕು ವರ್ಣಗಳಲ್ಲಿ ಒಂದು ಮತ್ತು ಅದಕ್ಕೆ ಸೇರಿದವನು, ವಿಪ್ರ, ಹಾರವ"
ಬ್ರಾಹ್ಮಿ,noun,<ಸಂ. ಬ್ರಾಹ್ಮೀ ,1,"ಬ್ರಹ್ಮನ ಪರಾ ಶಕ್ತಿ, ಆದಿಶಕ್ತಿ"
ಭಂಗ,noun,ಸಂ ,1,"ಮುರಿಯುವಿಕೆ, ಚೂರು ಮಾಡುವಿಕೆ"
ಭಂಗಿ,noun,ಸಂ ,1,"ಮುರಿಯುವುದು, ಸೀಳುವುದು"
ಭಂಗುರ,noun,ಸಂ ,1,"ಚಂಚಲವಾದುದು, ಕ್ಷಣಿಕವಾದುದು"
ಭಂಜನೆ,noun,<ಸಂ. ಭಂಜನಾ ,1,"ಸೋಲಿಸುವಿಕೆ, ಅಡಗಿಸುವಿಕೆ"
ಭಂಟ,noun,<ಸಂ. ಭಟ ,1,"ವೀರ, ಪರಾಕ್ರಮಿ"
ಭಂಡ,noun,ಸಂ ,1,"ನಾಚಿಕೆ, ಲಜ್ಜೆ"
ಭಂಡತನ,noun,ಸಂ ,1,"ನಾಚಿಕೆಯಿಲ್ಲದಿರುವಿಕೆ, ನಿರ್ಲಜ್ಜೆ"
ಭಂಡನ,noun,ಸಂ ,1,"ಕಾಳಗ, ಯುದ್ಧ"
ಭಂಡಾರ,noun,ಸಂ ,1,"ಬೊಕ್ಕಸ, ಖಜಾನೆ"
ಭಕ್ಷ,noun,ಸಂ ,1,"ತಿಂಡಿ, ಭಕ್ಷ್ಯ"
ಭಕ್ಷಕ,noun,ಸಂ ,1,ತಿನ್ನುವವನು
ಭಕ್ಷ್ಯ,noun,ಸಂ ,1,"ತಿನ್ನತಕ್ಕದು, ತಿಂಡಿ"
ಭಗ,noun,ಸಂ ,1,ಸೂರ್ಯ
ಭಗಣ,noun,ಸಂ ,1,"ನಕ್ಷತ್ರಗಳ ಗುಂಪು, ಸಮೂಹ"
ಭಗಿನಿ,noun,<ಸಂ. ಭಗಿನೀ ,1,"ಒಡಹುಟ್ಟಿದವಳು, ಸೋದರಿ"
ಭಗ್ನ,noun,ಸಂ ,1,ಮುರಿದಿರುವುದು
ಭಜನೆ,noun,<ಸಂ. ಭಜನ ,1,"ಆರಾಧನೆ, ಪೂಜೆ"
ಭಟ,noun,ಸಂ ,1,"ಯುದ್ಧದಲ್ಲಿ ಕಾದುವವನು, ಸೈನಿಕ"
ಭಟಾರ,noun,<ಸಂ. ಭಟ್ಟಾರ ,1,"ಪೂಜ್ಯವ್ಯಕ್ತಿ, ಗೌರವಾನ್ವಿತ"
ಭಟಾಳಿ,noun,ಸಂ ,1,"ಯೋಧರ ಗುಂಪು, ಸಮೂಹ"
ಭಟ್ಟ,noun,ಸಂ ,1,"ವಿದ್ವಾಂಸ, ಪಂಡಿತ"
ಭಟ್ಟಿ,noun,<ಹಿಂ. ಮರಾ. ಭಟ್ಟೀ ,1,ಮದ್ಯ ಮೊ.ವುಗಳನ್ನು ತಯಾರಿಸಲು ಬಳಸುವ ಒಂದು ಬಗೆಯ ಹಬೆಯ ಸಾಧನ
ಭಟ್ಟಿನಿ,noun,<ಸಂ. ಭಟ್ಟಿನೀ ,1,"ಒಡತಿ, ಯಜಮಾನಿತಿ"
ಭಡವ,noun,<ಹಿಂ. ಭಡುಅ ,1,"ವ್ಯಭಿಚಾರಕ್ಕಾಗಿ ಗಂಡುಹೆಣ್ಣಗಳನ್ನು ಹೊಂದಿಸುವವನು, ತಲೆಹಿಡುಕ, ಕುಂಟಣಿಗ"
ಭಣಿತಿ,noun,ಸಂ ,1,"ಮಾತು, ವಚನ"
ಭದ್ರ,noun,ಸಂ ,1,"ಸುಖ, ಶ್ರೇಯಸ್ಸು"
ಭದ್ರೆ,noun,<ಸಂ. ಭದ್ರಾ ,1,ಮಂಗಳ ಸ್ವರೂಪದವಳು
ಭಯಂಕರ,noun,ಸಂ ,1,"ಭಯವನ್ನುಂಟು ಮಾಡುವಂತಹದು, ಹೆದರಿಕೆಯನ್ನುಂಟು ಮಾಡುವಂತಹುದು"
ಭಯಾನಕ,noun,ಸಂ ,1,"ಭಯಂಕರವಾದುದು, ಘೋರವಾದುದು"
ಭರ,noun,ಸಂ ,1,"ತೆಗೆದುಕೊಳ್ಳುವುದು, ಹೊತ್ತುಕೊಳ್ಳುವುದು"
ಭರಡಿ,noun,<ಮರಾ. ಭರಡೀ ,1,"ನುಚ್ಚು, ತರಿ"
ಭರಣ,noun,ಸಂ ,1,"ವಹಿಸುವುದು, ಧರಿಸುವುದು"
ಭರಣಿ,noun,ಸಂ ,1,"ಒಡವೆ, ವಸ್ತು ಮೊ.ವು ಗಳನ್ನು ಇಡುವ ಮುಚ್ಚಳವಿರುವ ಸಂಪುಟ, ಡಬ್ಬಿ"
ಭರತ,noun,ಸಂ ,1,"ಅಭಿನಯಿಸುವವನು, ನಟ"
ಭರತವಾಕ್ಯ,noun,ಸಂ ,1,"ನಾಟಕದ ಕೊನೆಯಲ್ಲಿ ಬರುವ - ಮಂಗಳಾಶಂಸನೆಯ ಶ್ಲೋಕ, ಆಶೀರ್ವಚನ ಶ್ಲೋಕ"
ಭರತಿ,noun,<ಮರಾ. ಭರತೀ ,1,ಸಮುದ್ರ ಯಾ ನದಿಯ ಉಬ್ಬರ
ಭರದ್ವಾಜ,noun,ಸಂ ,1,"ಒಂದು ಜಾತಿಯ ಹಕ್ಕಿ, ಹೆಗ್ಗಾರ"
ಭರವಸೆ,noun,<ಹಿಂ. ಭರೋಸಾ ,1,"ನಂಬಿಕೆ, ವಿಶ್ವಾಸ"
ಭರಾಟೆ,noun,<ಮರಾ. ಭರಾಟಾ ,1,"ವೇಗ, ರಭಸ"
ಭರ್ಗ,noun,ಸಂ ,1,"ಕಾಂತಿ, ಶೋಭೆ"
ಭರ್ತ,noun,<ಸಂ. ಭರ್ತೃ ,1,"ಗಂಡ, ಪತಿ"
ಭರ್ತೃ,noun,ಸಂ ,1,ಭರ್ತ
ಭರ್ತ್ಸನ,noun,ಸಂ ,1,"ಹೆದರಿಸುವುದು, ಅಂಜಿಸುವುದು"
ಭರ್ಮ,noun,<ಸಂ. ಭರ್ಮನ್ ,1,"ಬೆಂಬಲ, ಆಧಾರ"
ಭಲ್ಲ,noun,ಸಂ ,1,ಅರ್ಧಚಂದ್ರಾಕಾರವಾದ ತುದಿಯುಳ್ಳ ಒಂದು ಬಗೆಯ ಬಾಣ
ಭಲ್ಲೆ(ಯ),noun,<ಸಂ. ಭಲ್ಲ ,1,"ಈಟಿ, ಭರ್ಜಿ"
ಭವ,noun,ಸಂ ,1,"ಇರುವಿಕೆ, ಅಸ್ತಿತ್ವ"
ಭವನ,noun,ಸಂ ,1,"ಇರುವಿಕೆ, ಅಸ್ತಿತ್ವ"
ಭವಿ,noun,<ಸಂ. ಭವಿನ್ ,1,ಸಂಸಾರ ಬಂಧನಕ್ಕೊಳಗಾದವನು
ಭವಿತವ್ಯ,noun,ಸಂ ,1,"ಹಿಂದೆ ಮಾಡಿದ ಪಾಪ ಪುಣ್ಯಗಳ - ಫಲ, ವಿಧಿ"
ಭವ್ಯ,noun,ಸಂ ,1,"ಮುಂದೆ ಆಗಬೇಕಾದುದು, ಆಗಲಿರುವುದು"
ಭಸಿತ,noun,ಸಂ ,1,"ಬೂದಿ, ಭಸ್ಮ"
ಭಸ್ತ್ರೆ,noun,<ಸಂ. ಭಸ್ತ್ರಾ ,1,"ತಿದಿ, ತಿತ್ತಿ"
ಭಸ್ಮ,noun,ಸಂ ,1,ಬೂದಿ
ಭಾಂಗಿ,noun,<ಹಿಂ. ಬಹಂಗೀ ,1,"ಅಂಚೆಯ ಮೂಲಕ ಕಳುಹಿಸುವ ಗಂಟು, ಪಾರ್ಸಲ್ಲು"
ಭಾಂಡ,noun,ಸಂ ,1,"ಲೋಹ, ಮರ ಮುಂ.ವುಗಳ ಪಾತ್ರೆ, ಭಾಜನ"
ಭಾಕ್ತ,noun,ಸಂ ,1,"ಅನ್ನ, ಆಹಾರ"
ಭಾಗ,noun,ಸಂ ,1,"ಪೂರ್ಣವಾದ ಒಂದು ಪದಾರ್ಥದ - ಅಂಶ, ಪಾಲು"
ಭಾಗವತ,noun,ಸಂ ,1,"ಹರಿದಾಸ, ವಿಷ್ಣು ಭಕ್ತ"
ಭಾಗಸ್ಥ,noun,ಸಂ ,1,"ಪಾಲುಗಾರ, ಭಾಗಿ"
ಭಾಗಿ,noun,<ಸಂ. ಭಾಗಿನ್ ,1,"ಪಾಲುದಾರ, ಹಿಸ್ಸೆ ದಾರ"
ಭಾಗ್ಯ,noun,ಸಂ ,1,"ವಿಧಿ, ಹಣೆಬರಹ"
ಭಾಜಕ,noun,ಸಂ ,1,ಭಾಗ ಮಾಡುವವನು
ಭಾಜನ,noun,ಸಂ ,1,ಭಾಗಿಸುವುದು
ಭಾಜ್ಯ,noun,ಸಂ ,1,ಭಾಗ ಮಾಡಬೇಕಾದುದು
ಭಾತು,noun,<ಹಿಂ. ಮರಾ. ಭಾತ್ ,1,"ಭತ್ತ, ನೆಲ್ಲು"
ಭಾನ,noun,ಸಂ ,1,"ಕಾಣಿಸುವುದು, ಗೋಚರಿಸುವುದು"
ಭಾನಗಡಿ,noun,<ಮರಾ. ಭಾನಗಡ ,1,"ಅವ್ಯವಸ್ಥೆ, ಗೊಂದಲ"
ಭಾನು,noun,ಸಂ ,1,"ಹೊಳಪು, ಪ್ರಕಾಶ"
ಭಾಮಿನಿ,noun,<ಸಂ. ಭಾಮಿನೀ ,1,"ಕೋಪಗೊಂಡಿರುವ ಹೆಣ್ಣು, ಸ್ತ್ರೀ"
ಭಾಮೆ,noun,<ಸಂ. ಭಾಮಾ ,1,"ಹೆಂಗಸು, ಸ್ತ್ರೀ"
ಭಾರ,noun,ಸಂ ,1,"ಹೊರೆ, ತೂಕ"
ಭಾರತಿ,noun,ಸಂ ,1,"ಭಾಷೆ, ನುಡಿ"
ಭಾರವಣಿ,noun,<ಮರಾ. ಭಾರಾವಣೇ ,1,"ಹೊರೆ, ತೂಕ"
ಭಾರಿ,noun,<ಸಂ. ಭಾರ/ ಹಿಂ. ಭಾರೀ ,1,"ಭಾರವಾದುದು, ತೂಕವಾದುದು"
ಭಾವ,noun,ದೇ ,1,ಸೋದರಿಯ ಗಂಡ
ಭಾವನೆ,noun,<ಸಂ. ಭಾವನಾ ,1,"ಮನಸ್ಸಿನ ಅಭಿಪ್ರಾಯ, ಆಶಯ"
ಭಾವಾನುವಾದ,noun,<ಸಂ. ಭಾವನಾ ,1,ಕಾವ್ಯ ಯಾ ಗ್ರಂಥದ ಗದ್ಯಾನುವಾದ
ಭಾವಿ,noun,ಸಂ ,1,"ಕರ್ಮವಶದಿಂದ ಯಾ ಕಾರಣಾಂತರದಿಂದ ಆಗಿಯೇ ತೀರಬೇಕಾದುದು, ನಡೆಯಲಿರುವುದು"
ಭಾವುಕ,noun,ಸಂ ,1,"ಅಕ್ಕ ಯಾ ತಂಗಿಯ ಗಂಡ, ಭಾವ"
ಭಾಷಣ,noun,ಸಂ ,1,ಮಾತನಾಡುವುದು
ಭಾಷೆ,noun,<ಸಂ. ಭಾಷಾ ,1,"ಮಾತು, ನುಡಿ"
ಭಾಷ್ಯ,noun,ಸಂ ,1,"ವ್ಯಾಕರಣ, ವೇದಾಂತ ಮೊ. ಶಾಸ್ತ್ರಗಳ ಮೂಲಭೂತವಾದ ಸೂತ್ರಗಳ ಅರ್ಥವನ್ನು ವಿವರಿಸುವ ಗ್ರಂಥ"
ಭಾಷ್ಯಕಾರ,noun,ಸಂ ,1,ಯಾವುದೇ ಸೂತ್ರಗ್ರಂಥದ ವ್ಯಾಖ್ಯಾನವನ್ನು ರಚಿಸಿದವನು
ಭಾಸ,noun,ಸಂ ,1,"ಹೊಳಪು, ಕಾಂತಿ"
ಭಾಸುರ,noun,ಸಂ ,1,"ಅಂದ, ಸೊಗಸು"
ಭಿಕ್ಷು,noun,ಸಂ ,1,"ಭಿಕ್ಷುಕ, ತಿರುಪೆಯವನು"
ಭಿಕ್ಷೆ,noun,<ಸಂ. ಭಿಕ್ಷಾ ,1,"ತಿರುಪೆ, ಯಾಚನೆ, ಬೇಡುವಿಕೆ"
ಭಿಡೆ,noun,<ಪ್ರಾ. ವಿಡ್ಡಾ / <ಸಂ. ವ್ರೀಡಾ ,1,"ದಾಕ್ಷಿಣ್ಯ, ಸಂಕೋಚ"
ಭಿತ್ತಿ,noun,ಸಂ ,1,"ಮುರಿಯುವುದು, ಒಡೆಯುವವನು"
ಭಿನ್ನ,noun,ಸಂ ,1,"ಚೂರು, ತುಂಡು"
ಭಿನ್ನರಾಶಿ,noun,ಸಂ ,1,"ಒಂದು ಪೂರ್ಣಾಂಕವನ್ನು ಒಡೆದರೆ ಬರುವ ಭಾಗ, ಒಂದು ಎಂಬ ಸಂಖ್ಯೆಗಿಂತ ಕಡಮೆಯಾದ ಭಾಗ, ಅಪೂರ್ಣಾಂಕ"
ಭೀತಿ,noun,ಸಂ ,1,"ಭಯ, ಹೆದರಿಕೆ"
ಭೀಮ,noun,ಸಂ ,1,ಭಯಂಕರವಾದುದು
ಭೀಷ್ಮ,noun,ಸಂ ,1,"ಭಯ, ಹೆದರಿಕೆ"
ಭುಂಭಕ,noun,ಸಂ ,1,"ಅತಿಶಯವಾದುದು, ಅದ್ಭು ತವಾದುದು"
ಭುಕ್ತ,noun,ಸಂ ,1,"ತಿಂದುದು, ಊಟ ಮಾಡಿದುದು"
ಭುಕ್ತಿ,noun,ಸಂ ,1,"ಊಟ, ಭೋಜನ"
ಭುಗಿಲ್,noun,ಅನುಕರಣ ಶಬ್ದ ,1,ಒಂದು ಅನುಕರಣ ಶಬ್ದ
ಭುಜ,noun,ಸಂ ,1,"ತೋಳು, ಬಾಹು"
ಭುಜ(ಂ)ಗ,noun,ಸಂ ,1,"ಹಾವು, ಸರ್ಪ"
ಭುವನ,noun,ಸಂ ,1,"ಜಗತ್ತು, ಪ್ರಪಂಚ"
ಭೂತ,noun,ಸಂ ,1,"ಹಿಂದೆ ಆದುದು, ಕಳೆದುದು"
ಭೂತಕಾಲ,noun,ಸಂ ,1,ಕಳೆದುಹೊದ ಕಾಲ
ಭೂತಿ,noun,ಸಂ ,1,"ಇರುವಿಕೆ, ಅಸ್ತಿತ್ವ"
ಭೂಮ,noun,<ಸಂ. ಭೂಮನ್ ,1,"ಭೂಮಿ, ಧರಣಿ"
ಭೂಮಿ,noun,ಸಂ ,1,"ಮನುಷ್ಯರು ವಾಸ ಮಾಡು ತ್ತಿರುವ ಲೋಕ, ಭೂಲೋಕ"
ಭೂಮಿಕೆ,noun,<ಸಂ. ಭೂಮಿಕಾ ,1,"ನೆಲ, ಭೂಮಿ"
ಭೂರಿ,noun,ಸಂ ,1,"ಹೆಚ್ಚು, ಅಧಿಕ"
ಭೂಷಣ,noun,ಸಂ ,1,"ಅಲಂಕರಿಸುವುದು, ಶೃಂಗರಿಸುವುದು"
ಭೃಂಗ,noun,ಸಂ ,1,"ಬಂಡುಣಿ, ತುಂಬಿ"
ಭೃಂಗಿ,noun,ಸಂ ,1,ಜೀರುಂಡೆ
ಭೃಗು,noun,ಸಂ ,1,"ದೈತ್ಯರ ಗುರು, ಶುಕ್ರ"
ಭೃತಿ,noun,ಸಂ ,1,"ರಕ್ಷಣೆ, ಪೋಷಣೆ"
ಭೃತ್ಯ,noun,ಸಂ ,1,"ಆಳು, ಸೇವಕ"
ಭೇಕ,noun,ಸಂ ,1,"ಕಪ್ಪೆ, ಮಂಡೂಕ"
ಭೇದ,noun,ಸಂ ,1,"ಮುರಿಯುವುದು, ಒಡೆಯುವುದು"
ಭೇದಿ,noun,<ಸಂ. ಭೇದಿನ್ ,1,"ಜುಲಾಬು, ವಿರೇಚನ"
ಭೇಷಜ,noun,ಸಂ ,1,"ಮದ್ದು, ಔಷಧಿ"
ಭೈಷಜ್ಯ,noun,ಸಂ ,1,"ಮದ್ದು, ಔಷಧ"
ಭೋಕ್ತ,noun,ಸಂ ,1,"ಅನುಭವಿಸುವವನು, ಭೋಗಿಸುವವನು"
ಭೋಗ,noun,ಸಂ ,1,"ಸುಖವನ್ನು ಅನುಭವಿಸುವುದು, ಹೊಂದುವುದು"
ಭೋಗಿ,noun,<ಸಂ. ಭೋಗಿನ್ ,1,"ಸುಖವನ್ನು ಅನುಭವಿಸುವವನು, ಸುಖಪುರುಷ"
ಭೋಗ್ಯ,noun,ಸಂ ,1,"ಸುಖಾನುಭವಕ್ಕೆ ಯೋಗ್ಯವಾದ ವಸ್ತು, ಭೋಗ ಪರಿಕರ"
ಭೋಸ(ಸು)ಡಿ,noun,<ಮರಾ. ಭೋಸಡಿ ,1,"ಹೆಂಗಸಿನ ಜನನೇಂದ್ರಿಯ, ಯೋನಿ"
ಭೌಮ,noun,ಸಂ ,1,"ಮಂಗಳ ಗ್ರಹ, ಅಂಗಾರಕ"
ಭ್ರಂಶ,noun,ಸಂ ,1,"ಕೆಳಕ್ಕೆ ಬೀಳುವುದು, ಪತನ"
ಭ್ರಮ,noun,<ಸಂ. ಭ್ರಮಣ ,1,"ತಿರುಗಾಟ, ಅಲೆ ದಾಟ"
ಭ್ರಮ(ಣ)ಣೆ,noun,<ಸಂ. ಭ್ರಮಣ ,1,"ಸುತ್ತುವಿಕೆ, ತಿರುಗುವಿಕೆ"
ಭ್ರಮರ,noun,ಸಂ ,1,"ದುಂಬಿ, ಭೃಂಗ, ಅಳಿ"
ಭ್ರಮೆ,noun,<ಸಂ. ಭ್ರಮಾ ,1,"ಇದ್ದುದನ್ನು ಇದ್ದ ಹಾಗೆ ಗ್ರಹಿಸದೆ ಬೇರೆ ರೀತಿಯಲ್ಲಿ ಗ್ರಹಿಸುವುದು, ಭ್ರಾಂತಿ"
ಭ್ರಷ್ಟ,noun,ಸಂ ,1,"ಗೌರವ, ಅಧಿಕಾರ, ಜಾತಿ, ಧರ್ಮ ಮೊ.ವುಗಳಿಂದ ಹೊರಗೆ ಹಾಕಲ್ಪಟ್ಟವನು, ಬಹಿಷ್ಕರಿಸಿದವನು"
ಭ್ರಷ್ಟಾಚಾರ,noun,= ,1,ದುರಾಚಾರ
ಭ್ರಾಂತಿ,noun,ಸಂ ,1,"ತಿರುಗುವಿಕೆ, ಸಂಚಾರ"
ಭ್ರಾಮಕ,noun,ಸಂ ,1,"ತಪ್ಪು ತಿಳಿವಳಿಕೆ, ಭ್ರಾಂತಿ"
ಭ್ರೂಣ,noun,ಸಂ ,1,"ಗರ್ಭಸ್ಥ ಶಿಶು, ಪಿಂಡ"
ಮಂಕ,noun,ದೇ ,1,"ಕಳೆಗುಂದಿದವನು, ಪೆಚ್ಚು ಮೋರೆ ಹಾಕಿಕೊಂಡಿರುವವನು"
ಮಂಕಡ,noun,<ಸಂ. ಮರ್ಕಟ ,1,"ಕೋತಿ, ಮಂಗ"
ಮಂಕಣಿ,noun,ದೇ ,1,"ಬಿದಿರಿನ ಸಾಧನ, ಮಂಕರಿ"
ಮಂಕು,noun,ದೇ ,1,"ಮಬ್ಬು, ಮಸುಕು, ಕಾಂತಿಯಿಲ್ಲದಿರುವಿಕೆ"
ಮಂಗ,noun,ದೇ ,1,"ಕೋತಿ, ಕಪಿ"
ಮಂಗಲ(ಳ),noun,ಸಂ ,1,"ಶುಭ, ಕಲ್ಯಾಣ, ಶ್ರೇಯಸ್ಸು"
ಮಂಗಳದ್ರವ್ಯ,noun,= ,1,"ಶುಭ ಸಮಾರಂಭಗಳಲ್ಲಿ ಉಪಯೋಗಿಸುವ ಅರಿಸಿನ, ಕುಂಕುಮ, ಗಂಧ ಮೊ. ಪದಾರ್ಥಗಳು"
ಮಂಗಳಾರತಿ,noun,= ,1,"ದೇವರ ಪೂಜೆಯ ಕಾಲದಲ್ಲಿ ಬತ್ತಿ, ಕರ್ಪೂರಗಳನ್ನು ಹಚ್ಚಿ ಆರತಿಯನ್ನು ಬೆಳಗುವುದು"
ಮಂಚ,noun,ಸಂ ,1,ಮಲಗಲು ಉಪಯೋಗಿಸುವ ನಾಲ್ಕು ಕಾಲುಗಳುಳ್ಳ ಮರ ಯಾ ಲೋಹದ ಸಾಧನ; ಪರ್ಯಂಕ
ಮಂಚಲು,noun,ದೇ ,1,"ಮೋಸ, ಕಪಟ, ವಂಚನೆ"
ಮಂಜರಿ,noun,<ಸಂ. ಮಂಜರೀ ,1,"ಗೊಂಚಲು, ಗುಚ್ಛ"
ಮಂಜಿ,noun,ದೇ ,1,"ಉದ್ದವಾದ ನಾಡುದೋಣಿ, ಹಾಯಿ ಹಡಗು"
ಮಂಜೀರ,noun,ಸಂ ,1,"ಕಾಲಿಗೆ ಹಾಕಿಕೊಳ್ಳುವ ಆಭರಣ, ಗೆಜ್ಜೆ"
ಮಂಜು,noun,ದೇ ,1,"ಇಬ್ಬನಿ, ಹಿಮ"
ಮಂಜೂಷ,noun,ಸಂ ,1,"ಪೆಟ್ಟಿಗೆ, ಸಂದೂಕ"
ಮಂಟಪ,noun,<ಸಂ. ಮಂಡಪ ,1,"ಹೆದ್ದಾರಿ, ನದೀ ತೀರ ಮೊ. ಕಡೆಗಳಲ್ಲಿ ಜನರ ಉಪಯೋಗ ಕ್ಕಾಗಿ ನಿರ್ಮಿಸುತ್ತಿದ್ದ ಸಮತಲವಾದ ಚಾವಣಿ ಯುಳ್ಳ ಬಾಗಿಲಿಲ್ಲದ ಚಪ್ಪರದಾಕಾರದ ಕಲ್ಲಿನ ಕಟ್ಟಡ"
ಮಂಡ,noun,ತುಳು ,1,"ಅಂಗಡಿಯಲ್ಲಿ ವರ್ತಕನು ಕುಳಿತುಕೊಳ್ಳುವ ಸ್ಥಳ, ಗಲ್ಲೆ, ಒಂದು ಬಗೆಯ ಸುಗಂಧ ದ್ರವ್ಯ"
ಮಂಡನ,noun,ಸಂ ,1,"ಸಿಂಗರಿಸುವುದು, ಅಲಂಕರಿಸುವುದು"
ಮಂಡಲ(ಳ),noun,ಸಂ ,1,"ವರ್ತುಲಾಕಾರವಾದುದು, ದುಂಡಾದ ವಸ್ತು"
ಮಂಡಲಸೇವೆ,noun,ಸಂ ,1,"ಯಾವುದಾದರೂ ದೇವತೆಯ ಪ್ರೀತ್ಯರ್ಥವಾಗಿ ಕೈಗೊಳ್ಳುವ ನಲವತ್ತೆಂಟು ದಿನಗಳ ಪೂಜೆ, ಉಪಾಸನೆ"
ಮಂಡಲಿ,noun,<ಸಂ. ಮಂಡಲಿನ್ ,1,ಸುಂಟರ ಗಾಳಿ
ಮಂಡಲಿ(ಳಿ),noun,<ಸಂ. ಮಂಡಲೀ ,1,"ವೃತ್ತಾ ಕಾರವಾದುದು, ವರ್ತುಲ ಗುಂಪು, ಸಮೂಹ"
ಮಂಡಿ,noun,ದೇ ,1,ತೊಡೆ ಮತ್ತು ಕಣಕಾಲಿನ ಮಧ್ಯದ ಕೀಲುಸಂಧಿ
ಮಂಡೆ,noun,ದೇ ,1,"ತಲೆ, ಶಿರಸ್ಸು"
ಮಂತಣ,noun,<ಸಂ. ಮಂಥನ ,1,"ಆಪ್ತರೊಂದಿಗೆ ಯಾವುದಾದರೂ ಗಹನವಾದ ವಿಷಯವನ್ನು ಗುಟ್ಟಾಗಿ ಆಲೋಚಿಸುವುದು, ಮಂತ್ರಾಲೋಚನೆ"
ಮಂತಣಿ,noun,<ಸಂ. ಮಂಥನೀ ,1,"ಮೊಸರಿನ ಪಾತ್ರೆ, ಗಡಿಗೆ"
ಮಂತವ್ಯ,noun,ಸಂ ,1,"ನೆನೆಯತಕ್ಕುದು, ಮನನ ಮಾಡಬೇಕಾದುದು"
ಮಂತು,noun,<ಸಂ. ಮಂಥ ,1,ಕಡೆಗೋಲು
ಮಂತ್ರ,noun,ಸಂ ,1,ವೇದದಲ್ಲಿರುವ ಛಂದೋ ಬದ್ಧವೂ ಪವಿತ್ರವೂ ಆದ ದೇವತಾಸ್ತುತಿ
ಮಂತ್ರಿ,noun,ಸಂ ,1,ವೇದವನ್ನು ಬಲ್ಲವನು
ಮಂಥ,noun,<ಸಂ. ಮಂಥ ,1,"ಕಡೆಯುವುದು, ಮಥಿಸುವುದು"
ಮಂಥನ,noun,ಸಂ ,1,ಮಂಥ
ಮಂಥರೆ,noun,<ಸಂ. ಮಂಥರಾ ,1,"ಚಟು ವಟಿಕೆಯಿಲ್ಲದವಳು, ಸೋಮಾರಿ"
ಮಂದ,noun,ಸಂ ,1,ನಿಧಾನ ಗತಿಯುಳ್ಳದು
ಮಂದಸ್ಮಿತ,noun,= ,1,"ಮೆಲುನಗೆ, ಮುಗುಳುನಗೆ"
ಮಂದಾಗ್ನಿ,noun,= ,1,"ಹೆಚ್ಚು ಉರಿಯಿಲ್ಲದಿರುವ ಬೆಂಕಿ; ಪ್ರಖರವಾದ, ಶಾಖವಿಲ್ಲದಿರುವ ಬೆಂಕಿ"
ಮಂದಾನಿಲ,noun,= ,1,ಮಂದಮಾರುತ
ಮಂದಿ(ದೆ)ವಾಳ,noun,<ದೇ. ಮಂದಿ ,1,"ಜನ ಸಾಮಾನ್ಯ, ನಾಡಾಡಿ"
ಮಂದಿರ,noun,ಸಂ ,1,"ಮನೆ, ನಿವಾಸ ಸ್ಥಳ"
ಮಂದು,noun,ದೇ ,1,"ಆವರಣವಿಲ್ಲದ ನಿವೇಶನ, ಬಯಲು"
ಮಂದೆ,noun,ದೇ ,1,"ಗುಂಪು, ಸಮೂಹ, ತಂಡ"
ಮಂದ್ರ,noun,ಸಂ ,1,"ತಗ್ಗಾದ ಧ್ವನಿ, ಕೆಳದನಿ"
ಮಕರ,noun,ಸಂ ,1,"ಮೊಸಳೆ, ನಕ್ರ"
ಮಕ್ಷಿಕ,noun,ಸಂ ,1,ನೊಣ
ಮಗ್ಗಲು,noun,ದೇ ,1,"ಪಕ್ಕ, ಬದಿ, ಪಾರ್ಶ್ವ"
ಮಗ್ನ,noun,ಸಂ ,1,"ಮುಳುಗಿದ ವ್ಯಕ್ತಿ, ಒಳಸೇರಿದ ವ್ಯಕ್ತಿ"
ಮಚ್ಚ,noun,ದೇ ,1,"ಚಿನ್ನ, ಬೆಳ್ಳಿ ಮುಂ. ಲೋಹಗಳ ಶುದ್ಧತೆಯ ಪ್ರಮಾಣ"
ಮಚ್ಚಿಕೆ,noun,ದೇ ,1,"ಇಷ್ಟ, ಪ್ರೀತಿ"
ಮಚ್ಚು,noun,<ದೇ. ಮೆಚ್ಚು ,1,"ಪ್ರೀತಿ, ಇಷ್ಟ, ಒಲುಮೆ"
ಮಜ(ಜಾ),noun,<ಪಾರ. ಮಜಾಹ್ ,1,"ಮೋಜು, ಗಮ್ಮತ್ತು"
ಮಜಕೂರು,noun,<ಅರ. ಹಿಂ. ಮಜಕೂರ್ ,1,"ಸುದ್ದಿ, ಸಮಾಚಾರ"
ಮಜಲು,noun,<ಅರ. ಮಂಜಿಲ್/ಮಂಝಿಲ್ ,1,"ಹಂತ, ಘಟ್ಟ"
ಮಜ್ಜ(ಜ್ಜೆ),noun,<ಸಂ. ಮಜ್ಜಾ ,1,"ಮೂಳೆಯ ಒಳಗಿನ ಸಾರವತ್ತಾದ ಭಾಗ, ಅಸ್ಥಿಸಾರ"
ಮಟ(ಡ)ಂಬ,noun,<ಪ್ರಾ. ಮಡಂಬ ,1,ದೇಶದ ಒಂದು ಭಾಗ
ಮಟ್ಟ,noun,ದೇ ,1,"ಸಮತಟ್ಟು, ಸಪಾಟು"
ಮಟ್ಟಿ,noun,ದೇ ,1,"ಮಣ್ಣು, ಮೃತ್ತಿಕೆ"
ಮಟ್ಟು,noun,ದೇ ,1,"ಪೊದರು, ಮೆಳೆ"
ಮಟ್ಟೆ,noun,ದೇ ,1,"ತಾಳೆ, ಈಚಲು, ತೆಂಗು ಮುಂ. ಮರಗಳ ಗರಿ, ಸೋಗೆ"
ಮಠ,noun,ಸಂ ,1,"ಸಂನ್ಯಾಸಿಗಳು ವಾಸಿಸುವ ಕುಟೀರ, ಆಶ್ರಯ"
ಮಡ,noun,ದೇ ,1,"ಪಾದದ ಹಿಂಭಾಗ, ಹರಡು, ಹಿಮ್ಮಡಿ"
ಮಡಕೆ,noun,ದೇ ,1,ಮಣ್ಣಿನ ಪಾತ್ರೆ
ಮಡದಿ,noun,ದೇ ,1,"ಹೆಂಗಸು, ಸ್ತ್ರೀ"
ಮಡಲು,noun,ದೇ ,1,"ಹರಹು, ವಿಸ್ತಾರ"
ಮಡಿ,noun,ದೇ ,1,"ಮಡಿಚುವಿಕೆ, ಮಡಿಸುವಿಕೆ"
ಮಡಿಕೆ,noun,ದೇ ,1,"ಮಡಿಸಿದುದು, ಪದರ, ಸುಕ್ಕು, ನೆರಿಗೆ"
ಮಡಿಲ್(ಲು),noun,ದೇ ,1,"ಉಡಿ, ಸೋಗಿಲು"
ಮಡು,noun,ದೇ ,1,"ನದಿ, ಹೊಳೆ ಮುಂ.ವುಗಳಲ್ಲಿ ಆಳವಾದ ನೀರಿರುವ ಪ್ರದೇಶ; ಮಡುವು"
ಮಡೆ,noun,ದೇ ,1,"ಒಡ್ಡು, ಅಣೆಕಟ್ಟು"
ಮಡ್ಡಿ,noun,ದೇ ,1,"ದ್ರವ ಪದಾರ್ಥಗಳ ತಳದಲ್ಲಿ ನಿಲ್ಲುವ ಗಷ್ಟು, ಗಸಿ"
ಮಡ್ಡು,noun,ದೇ ,1,"ಗಷ್ಟು, ಗಸಿ"
ಮಣಕ,noun,ದೇ ,1,"ಪ್ರಾಯಕ್ಕೆ ಬರುತ್ತಿರುವ - ಎಮ್ಮೆ ಯಾ ಹಸು, ಕಡಸು, ಪಡ್ಡೆ"
ಮಣಕು,noun,ದೇ ,1,"ಹಳೆಯ ಎಣ್ಣೆಯ ಜಿಡ್ಡಿನ ವಾಸನೆ, ಕಮಟು ವಾಸನೆ"
ಮಣಿ,noun,ಸಂ ,1,ಗಂಟೆ
ಮಣಿಯ,noun,ದೇ ,1,"ದೇವಾಲಯ, ಮಠ, ಅರ ಮನೆ, ಸುಂಕದಕಟ್ಟೆ ಮುಂ.ವುಗಳ ಉಸ್ತುವಾರಿಯ - ಅಧಿಕಾರ, ಪಾರುಪತ್ಯ"
ಮಣ್ಣು,noun,ದೇ ,1,"ಭೂಮಿ, ನೆಲ"
ಮಣ್ಣುಪಾಲು,noun,= ,1,"ಸಾವು, ಮರಣ"
ಮತ,noun,ಸಂ ,1,"ಅಭಿಪ್ರಾಯ, ಆಶಯ"
ಮತಂಗ,noun,ಸಂ ,1,"ಆನೆ, ಗಜ"
ಮತಾಪು,noun,<ಪಾರ. ಮಹ್‌ತಾಬ್ ,1,ಒಂದು ಬಗೆಯ ಸುಡುಮದ್ದು
ಮತ್),noun,ಸಂ ,1,ಪೂರ್ತಿಯಾಗಿ
ಮತ್ಸರ,noun,ಸಂ ,1,"ಹೊಟ್ಟೆಕಿಚ್ಚು, ಮಾತ್ಸರ್ಯ"
ಮಥನ,noun,ಸಂ ,1,"ಕಡೆಯುವುದು, ಮಂಥನ"
ಮದ,noun,ಸಂ ,1,"ಮತ್ತು, ಅಮಲು"
ಮದಗ,noun,ದೇ ,1,"ನೀರು ಹರಿಯಲು ಮಾಡಿರುವ ಕಾಲುವೆ, ತೂಬು"
ಮದನ,noun,ಸಂ ,1,"ಕಾಮ, ವಿಷಯಾಸಕ್ತಿ"
ಮದಿಪು,noun,ದೇ ,1,"ಗೌರವ, ಮರ್ಯಾದೆ"
ಮದಿಲು,noun,ದೇ ,1,ಗೋಡೆ
ಮದೋನ್ಮತ್ತ,noun,ಸಂ ,1,"ಅಮಲೇರಿದವನು, ಮತ್ತೇರಿದವನು"
ಮದ್ಗು,noun,ಸಂ ,1,"ಒಂದು ಬಗೆಯ ಕಾಗೆ, ನೀರು ಕಾಗೆ"
ಮದ್ದು,noun,<ದೇ. ಮರ್ದು ,1,ಔಷಧ
ಮಧು,noun,ಸಂ ,1,ಜೇನುತುಪ್ಪ
ಮಧುರ,noun,ಸಂ ,1,"ಸಿಹಿಯಾದುದು, ಸವಿಯಾದುದು"
ಮಧ್ಯ,noun,ಸಂ ,1,ನಡುವಿನ ಭಾಗ
ಮಧ್ಯಮ,noun,ಸಂ ,1,"ದೇಹದ ಮಧ್ಯಭಾಗ, ಸೊಂಟ"
ಮಧ್ಯಮೆ,noun,<ಸಂ. ಮಧ್ಯಮಾ ,1,"ನಡುಬೆರಳು, ಮಧ್ಯದ ಬೆರಳು"
ಮಧ್ಯಸ್ಥ,noun,ಸಂ ,1,"ಯಾವ ಪಕ್ಷಕ್ಕೂ ಸೇರದವನು, ತಟಸ್ಥ"
ಮಧ್ಯೆ,noun,<ಸಂ. ಮಧ್ಯಾ ,1,"ನಾಯಿಕೆಯರಲ್ಲಿ ಒಂದು ಬಗೆ, ನಡುಹರೆಯದ ಹೆಂಗಸು"
ಮನ,noun,<ಸಂ. ಮನಸ್ ,1,"ಮನಸ್ಸು, ಅಂತ ರಂಗ, ಚಿತ್ತ"
ಮನವಿ,noun,ತೆಲು ,1,"ಕೇಳಿಕೆ, ಬೇಡಿಕೆ"
ಮನಸ್ತಾಪ,noun,ಸಂ ,1,"ಮನಸ್ಸಿನ ತಳಮಳ, ವ್ಯಥೆ"
ಮನಸ್ಸು,noun,<ಸಂ. ಮನಸ್ ,1,"ಚಿತ್ತ, ಬುದ್ಧಿ"
ಮನೀಷೆ,noun,<ಸಂ. ಮನೀಷಾ ,1,"ತಿಳಿವಳಿಕೆ, ಅರಿವು"
ಮನು,noun,ಸಂ ,1,ಮಂತ್ರ
ಮನೆ,noun,ದೇ ,1,"ಬೀಡು, ಆಶ್ರಯಸ್ಥಾನ, ವಾಸಸ್ಥಳ"
ಮನೆತನ,noun,<ಮನೆ + ತನ ,1,"ಕುಲ, ವಂಶ"
ಮನೆಮಾತು,noun,<ಮನೆ + ತನ ,1,"ಮನೆಯಲ್ಲಿ ಆಡುವ ಭಾಷೆ, ಮಾತೃಭಾಷೆ"
ಮನೆವಾಳ್ತನ,noun,<ದೇ. ಮನೆವಾೞ + ತನ ,1,"ಮನೆಯ ನಿರ್ವಹಣೆ, ಸಂಸಾರದ ಜವಾಬ್ದಾರಿ"
ಮನೋಹರ,noun,ಸಂ ,1,"ಸುಂದರವಾದುದು, ಸೊಗಸಾದುದು"
ಮನೋಹರಿ,noun,ಸಂ ,1,"ಚೆಲುವೆ, ಸುಂದರಿ"
ಮನ್ನಣೆ,noun,<ಸಂ. ಮಾನನ ,1,"ಗೌರವ, ಮರ್ಯಾದೆ"
ಮನ್ನಾ,noun,<ಅರ. ಮನ್‌ಅ ,1,"ಅಡ್ಡಿ, ಪ್ರತಿಬಂಧ"
ಮನ್ಮಥ,noun,ಸಂ ,1,"ಕಾಮ, ಅನಂಗ"
ಮನ್ಯು,noun,ಸಂ ,1,"ಕೋಪ, ಸಿಟ್ಟು"
ಮನ್ವಂತರ,noun,ಸಂ ,1,ಪುರಾಣಗಳಲ್ಲಿ ಹೇಳಿರುವ ಹದಿನಾಲ್ಕು ಮನುಗಳಲ್ಲಿ ಪ್ರತಿಯೊಬ್ಬ ಮನುವಿನ ಆಳ್ವಿಕೆಯ ಕಾಲ
ಮಬ್ಬು,noun,<ದೇ. ಮರ್ವು ,1,"ನಸುಗತ್ತಲೆ, ಮಸುಕು"
ಮಮಕಾರ,noun,ಸಂ ,1,"ನನ್ನದೆಂಬ ಭಾವನೆ, ಸ್ವಾರ್ಥಪರತೆ"
ಮಯ,noun,ಸಂ ,1,ರಾಕ್ಷಸರ ಶಿಲ್ಪಿ
ಮಯಣ,noun,<ಸಂ. ಮದನ ,1,"ಜೇನುಹುಟ್ಟಿನಿಂದ ಸಿಗುವ ಒಂದು ಬಗೆಯ ಅಂಟುದ್ರವ್ಯ, ಮೇಣ"
ಮಯೂಖ,noun,ಸಂ ,1,"ಕಿರಣ, ರಶ್ಮಿ"
ಮಯೂರ,noun,ಸಂ ,1,ನವಿಲು
ಮಯ್ಮೆ,noun,<ಸಂ. ಮಹಿಮನ್ <ಮಹಿಮ ,1,"ಶ್ರೇಷ್ಠತೆ, ಹಿರಿಮೆ, ಮಹಿಮೆ"
ಮರ,noun,ದೇ ,1,"ವೃಕ್ಷ, ತರು"
ಮರಣ,noun,ಸಂ ,1,"ಜೀವಹೋಗುವಿಕೆ, ಸಾವು"
ಮರಣಶಾಸನ,noun,ಸಂ ,1,ಸಾಯಿಸಲು ನೀಡುವ ಅಪ್ಪಣೆ
ಮರವು,noun,<ದೇ. ಮಱವು ,1,ಎಚ್ಚರವಿಲ್ಲದಿರುವ ಸ್ಥಿತಿ
ಮರವೆ,noun,<ಮರವು ,1,"ಮರವು, ಜ್ಞಾಪಕವಿಲ್ಲದಿರುವುದು"
ಮರಾಲ,noun,ಸಂ ,1,ಹಂಸಪಕ್ಷಿ
ಮರಾಳ,noun,<ಸಂ. ಮರಾಲ ,1,ಹಂಸಪಕ್ಷಿ
ಮರಿ,noun,<ದೇ. ಮಱ ,1,"ಪ್ರಾಣಿ, ಪಕ್ಷಿ ಮುಂ.ವುಗಳಲ್ಲಿ ಎಳೆಯದು, ಶಾಬ"
ಮರಿಯಾದೆ,noun,<ಸಂ. ಮರ್ಯಾದಾ ,1,"ಎಲ್ಲೆ, ಗಡಿ"
ಮರೀಚಿ,noun,ಸಂ ,1,"ಕಿರಣ, ರಶ್ಮಿ"
ಮರುಕ,noun,<ದೇ. ಮಱುಕ ,1,"ಬೇಗುದಿ, ಅಳಲು"
ಮರುತ,noun,<ಸಂ. ಮರುತ್ ,1,"ಗಾಳಿ, ವಾಯು"
ಮರುಳ,noun,ದೇ ,1,"ತಿಳಿಗೇಡಿ, ದಡ್ಡ"
ಮರುಳು,noun,ದೇ ,1,"ಬುದ್ಧಿಭ್ರಮೆ, ಹುಚ್ಚು"
ಮರುವ,noun,ದೇ ,1,ಮರುಗ
ಮರೆ,noun,<ದೇ. ಮಱ ,1,"ಗುಟ್ಟು, ರಹಸ್ಯ"
ಮರೆನುಡಿ,noun,<ದೇ. ಮಱ + ನುಡಿ ,1,ಅಶರೀರವಾಣಿ
ಮರ್ಜಿ,noun,<ಅರ. ಮರ್ಝೀ ,1,"ಇಷ್ಟ, ಆಸಕ್ತಿ"
ಮರ್ದನ,noun,ಸಂ ,1,ಪುಡಿ ಮಾಡುವುದು
ಮರ್ದು,noun,ದೇ ,1,ಔಷಧ
ಮರ್ಮ,noun,<ದೇ. ಮೊಮ್ಮ ಮೊಮ್ಮಗ; <ಸಂ. ಮರ್ಮನ್ ,1,ದೇಹದ ಆಯಕಟ್ಟಿನ ಸ್ಥಳ
ಮರ್ಯಾದೆ,noun,<ಸಂ. ಮರ್ಯಾದಾ ,1,"ಎಲ್ಲೆ, ಮೇರೆ"
ಮಲ(ಳ),noun,ಸಂ ,1,"ಕೊಳೆ, ಹೊಲಸು"
ಮಲ(ಳ)ಯ,noun,ಸಂ ,1,"ಸಪ್ತಕುಲ ಪರ್ವತಗಳಲ್ಲಿ ಒಂದು, ಭಾರತದ ದಕ್ಷಿಣಕ್ಕಿರುವ ಶ್ರೀಗಂಧದ ಮರಗಳಿಂದ ಆವೃತವಾದ ಬೆಟ್ಟದ ಸಾಲು"
ಮಲಕು,noun,ದೇ ,1,"ಜೋಡನೆ, ಹೆಣಿಗೆ"
ಮಲಗು,noun,ದೇ ,1,"ಒರಗುದಿಂಬು, ಲೋಡು"
ಮಲತ್ರಯ,noun,ದೇ ,1,"ಶರೀರದಿಂದ ಹೊರಬೀಳುವ ಸ್ವೇದ, ಮೂತ್ರ ಮತ್ತು ಪುರೀಷಗಳೆಂಬ ಮೂರು ಬಗೆಯ ಅಶುಚಿ ದ್ರವ್ಯಗಳು"
ಮಲಧಾರಿ,noun,ದೇ ,1,ಜೈನ ಸಂನ್ಯಾಸಿ
ಮಲಾಮತ್ತು,noun,<ಅರ. ಮಲಾಮತ್ ,1,"ತೊಂದರೆ, ವಿಪತ್ತು"
ಮಲಾಮೆ,noun,<ಪಾರ. ಮಲಾಮ್ ,1,"ಅಗ್ಗ, ಸಸ್ತಾ, ಬೆಲೆ ಇಳಿದುಹೋಗುವಿಕೆ"
ಮಲಾರ,noun,ದೇ ,1,"ಬಳೆಗಳನ್ನು ಒಟ್ಟಾಗಿ ಕಟ್ಟಿದ ಗೊಂಚಲು, ಬಳೆಸರ"
ಮಲಿನ,noun,ಸಂ ,1,"ಕೊಳೆ, ಹೊಲಸು"
ಮಲೆ,noun,ದೇ ,1,"ಬೆಟ್ಟ, ಪರ್ವತ"
ಮಲೆಪು,noun,<ದೇ. ಮಲೆ ,1,"ಸೊಕ್ಕು, ಅಹಂಕಾರ"
ಮಲ್ಲ,noun,ಸಂ ,1,"ಕುಸ್ತಿಪಟು, ಜಟ್ಟಿ"
ಮಲ್ಲಗಂಬ,noun,= ,1,ಜಟ್ಟಿಗಳು ಕಸರತ್ತು ಮಾಡಲು ಗರಡಿಮನೆಯಲ್ಲಿ ನೆಟ್ಟಿರುವ ಕಂಬ
ಮಲ್ಲಣಿ,noun,<ದೇ. ಮಲ್ಲೞ ,1,ದೇಹಕ್ಕೆ ಉಂಟಾಗುವ ತೊಂದರೆ
ಮಲ್ಲಳಿ,noun,<ದೇ. ಮಲ್ಲೞ ,1,"ಸುತ್ತಾಟ, ತಿರು ಗಾಟ"
ಮಳಲು,noun,<ದೇ. ಮಣಲು ,1,"ಮರಳು, ಹೊಯಿಗೆ"
ಮಳವೆ,noun,ದೇ ,1,"ಸರಕಿನ ಮೂಟೆ, ಗಂಟು"
ಮಳಿಗೆ,noun,<ದೇ. ಮೞಗೆ ,1,"ಅಂಗಡಿ, ಮಾರಾಟ ಸ್ಥಳ"
ಮಶಿ,noun,<ಸಂ. ಮಷಿ ,1,"ಕರಿಯ ಬಣ್ಣ, ಕಪ್ಪು"
ಮಸಕ,noun,ದೇ ,1,"ಆಧಿಕ್ಯ, ಹೆಚ್ಚಳ"
ಮಸಕು,noun,<ದೇ. ಮಸಕ ,1,"ಆಹಾರದೊಡನೆ ಬೆರೆಸಿಕೊಡುವ ಒಂದು ಬಗೆಯ ಮಂದವಿಷ, ಇಕ್ಕು ಮದ್ದು"
ಮಸಿ,noun,<ಸಂ. ಮಷಿ ,1,"ಕರಿಯ ಬಣ್ಣ, ಕಪ್ಪು"
ಮಸೂರ,noun,ಸಂ ,1,"ಒಂದು ಬಗೆಯ ದ್ವಿದಳ ಧಾನ್ಯ, ಕಡಲೆ"
ಮಸೂರಿಕೆ,noun,<ಸಂ. ಮಸೂರಿಕಾ ,1,ಕಡಲೆ
ಮಸೆ,noun,ದೇ ,1,"ಹರಿತವಾದುದು, ಚೂಪಾದುದು"
ಮಸ್ಕಾ,noun,<ಪಾರ. ಮಸ್ಕ್ ,1,"ಬೆಣ್ಣೆ, ನವನೀತ"
ಮಸ್ತಕ,noun,ಸಂ ,1,ಮಸ್ತ
ಮಸ್ತಿ,noun,<ಪಾರ. ಹಿಂ. ಮರಾ. ಮಸ್ತೀ ,1,"ಸೊಕ್ಕು, ಗರ್ವ"
ಮಹ,noun,ಸಂ ,1,"ಉತ್ಸವ, ಹಬ್ಬ"
ಮಹ(ಹಾ)ಲು,noun,"<ಪಾರ. ಮಹಲ್ ವಿಶಾಲವಾದ ಕಟ್ಟಡ, ಭವನ, ಸೌಧ ಮಹಸೂಲು <ಅರ. ಹಿಂ. ಮರಾ. ಮಹಸೂಲ್; <ಪಾರ. ಮಹಲ್ ",1,"ಕಂದಾಯ, ತೆರಿಗೆ"
ಮಹಂತ,noun,ಸಂ ,1,"ಆದರಕ್ಕೆ ಪಾತ್ರನಾದ ವ್ಯಕ್ತಿ, ಪೂಜ್ಯ"
ಮಹತಿ,noun,<ಸಂ. ಮಹತೀ ,1,"ಹಿರಿಮೆ, ಮಹತ್ವ"
ಮಹತ್ತರ,noun,ಸಂ ,1,"ಹಿರಿದಾದುದು, ಶ್ರೇಷ್ಠವಾದುದು"
ಮಹತ್ತು,noun,<ಸಂ. ಮಹತ್ ,1,"ಹಿರಿದು, ಶ್ರೇಷ್ಠವಾದುದು"
ಮಹತ್ತ್ವ(ತ್ವ),noun,ಸಂ ,1,"ಹಿರಿಮೆ, ಶ್ರೇಷ್ಠತೆ, ಘನತೆ"
ಮಹಾ,noun,<ಸಂ. ಮಹತ್ ,1,"ದೊಡ್ಡದು, ಮಹತ್ತ್ವವಾದುದು"
ಮಹಾಪ್ರಾಣ,noun,<ಸಂ. ಮಹತ್ ,1,ಡೊಂಬ ಕಾಗೆ
ಮಹಾರಾಯ,noun,<ಸಂ. ಮಹಾರಾಜನ್ ,1,"ಮಹಾರಾಜ, ದೊರೆ"
ಮಹಾಲಯ,noun,ಸಂ ,1,"ಭಾರೀ ಪ್ರಳಯ, ನಾಶ"
ಮಹಿಮ,noun,<ಸಂ. ಮಹಿಮನ್ ,1,"ಹಿರಿಮೆ ಯುಳ್ಳವನು, ಮಹಾತ್ಮ"
ಮಹಿಮೆ,noun,<ಸಂ. ಮಹಿಮಾ ,1,"ಶ್ರೇಷ್ಠತೆ, ಔನ್ನತ್ಯ"
ಮಹಿಷ,noun,ಸಂ ,1,ಕೋಣ
ಮಹಿಷಿ,noun,ಸಂ ,1,ಎಮ್ಮೆ
ಮಹೋತ್ಸವ,noun,ಸಂ ,1,"ದೊಡ್ಡ ಉತ್ಸವ, ಭಾರೀ ಸಮಾರಂಭ"
ಮಹೋದರ,noun,ಸಂ ,1,ದೊಡ್ಡ ಹೊಟ್ಟೆ
ಮಾ,noun,ದೇ ,1,"ಆನೆ, ಹಸ್ತಿ"
ಮಾಂದ್ಯ,noun,ಸಂ ,1,"ಜಡತೆ, ಆಲಸ್ಯ"
ಮಾಂಸಲ,noun,ಸಂ ,1,"ಮಾಂಸಭರಿತವಾದುದು, ಪುಷ್ಟವಾದುದು"
ಮಾಕ್ಷಿಕ,noun,ಸಂ ,1,ಜೇನುತುಪ್ಪ
ಮಾಗಣಿ,noun,<ಮರಾ. ಮಾಗಣೀ ,1,"ಅಪೇಕ್ಷೆ, ಬೇಡಿಕೆ"
ಮಾಗಧ,noun,ಸಂ ,1,ಮಗಧ ದೇಶದ ದೊರೆ
ಮಾಘ,noun,ಸಂ ,1,ಚಾಂದ್ರಮಾನದ ಹನ್ನೊಂದ ನೆಯ ತಿಂಗಳು
ಮಾಟ,noun,<ದೇ. ಮಾಡು + ಅ ,1,"ಮಾಡಿದ ಕೆಲಸ, ಕೈಗೊಂಡ ಕಾರ್ಯ"
ಮಾಡ,noun,ದೇ ,1,"ಉಪ್ಪರಿಗೆ ಮನೆ, ಭವನ"
ಮಾಡು,noun,ದೇ ,1,"ಮನೆ, ನಿವಾಸ"
ಮಾಣಿ,noun,ದೇ ,1,"ಹುಡುಗ, ಬಾಲಕ"
ಮಾತಂಗ,noun,ಸಂ ,1,"ಆನೆ, ಗಜ"
ಮಾತಂಗಿ,noun,ಸಂ ,1,ಮಾದಿಗಿತ್ತಿ
ಮಾತು,noun,ದೇ ,1,"ನುಡಿ, ಸೊಲ್ಲು"
ಮಾತೃ,noun,ಸಂ ,1,"ತಾಯಿ, ಜನನಿ"
ಮಾತೃಕೆ,noun,ಸಂ ,1,"ತಾಯಿ, ಜನನಿ"
ಮಾತ್ರೆ,noun,<ಸಂ. ಮಾತ್ರಾ ,1,"ಸ್ವಲ್ಪಭಾಗ, ಅಂಶ"
ಮಾದಕತೆ,noun,<ಸಂ. ಮಾದಕತಾ ,1,"ಅಮಲು, ಸೊಕ್ಕು"
ಮಾದರಿ,noun,ದೇ ,1,"ನಮೂನೆ, ರಖಮು, ಅಚ್ಚು"
ಮಾಧವ,noun,ಸಂ ,1,"ವಸಂತಋತು, ಮಧು ಮಾಸ"
ಮಾಧುರಿ,noun,<ಸಂ. ಮಾಧುರೀ ,1,"ಸವಿ, ರುಚಿ"
ಮಾಧುರ್ಯ,noun,ಸಂ ,1,"ಸವಿ, ಸಿಹಿ"
ಮಾನ,noun,ಸಂ ,1,"ಮರ್ಯಾದೆ, ಗೌರವ"
ಮಾನಸ,noun,ಸಂ ,1,"ಮನುಷ್ಯ, ಮಾನವ"
ಮಾನಿನಿ,noun,<ಸಂ. ಮಾನಿನೀ ,1,"ಹೆಂಗಸು, ಸ್ತ್ರೀ"
ಮಾನುಷ,noun,ಸಂ ,1,"ಮನುಷ್ಯ, ಮಾನವ"
ಮಾನ್ಯ,noun,ಸಂ ,1,"ಗೌರವ, ಮನ್ನಣೆ"
ಮಾಫು(ಫೀ),noun,<ಅರ. ಮುಅಫ್ ,1,"ತಪ್ಪನ್ನು ಮನ್ನಿಸುವುದು, ಕ್ಷಮೆ"
ಮಾಮೂಲ್),noun,<ಅರ. ಮುಅಫ್ ,1,"ರೂಢಿ, ಅಭ್ಯಾಸ"
ಮಾಯ,noun,ಸಂ ,1,"ಗಾರುಡಿ, ಇಂದ್ರಜಾಲ"
ಮಾಯಕ,noun,<ಸಂ. ಮಾಯಿಕ ,1,"ಕೃತಕವಾದುದು, ಕೃತ್ರಿಮವಾದುದು"
ಮಾಯಾವಿ,noun,ಸಂ ,1,"ಮಾಟ, ಮಂತ್ರ ಮೊ. ಮಾಯಾ ವಿದ್ಯೆಗಳನ್ನು ಬಲ್ಲ ವ್ಯಕ್ತಿ; ಮಂತ್ರಗಾರ"
ಮಾಯೆ,noun,ಸಂ ,1,"ಗಾರುಡಿ, ಇಂದ್ರಜಾಲ"
ಮಾರ,noun,ಸಂ ,1,"ಕಾಮ, ಮನ್ಮಥ"
ಮಾರಕ,noun,ಸಂ ,1,"ನಾಶವನ್ನುಂಟುಮಾಡು ವಂಥಾದ್ದು, ಹಾನಿಕಾರಕವಾದುದು"
ಮಾರಣ,noun,ಸಂ ,1,"ಕೊಲೆ, ವಧೆ"
ಮಾರಣಹೋಮ,noun,ಸಂ ,1,"ಶತ್ರುನಾಶಕ್ಕಾಗಿ ಮಾಡುವ ಹೋಮ, ಯಜ್ಞ"
ಮಾರಿ,noun,ಸಂ ,1,"ಸಾವು, ಅಳಿವು, ಕೊಲ್ಲುವಿಕೆ"
ಮಾರು,noun,ದೇ ,1,"ಇನ್ನೊಂದು, ಪ್ರತಿ, ಮರು"
ಮಾರುತ,noun,ಸಂ ,1,"ಗಾಳಿ, ವಾಯು"
ಮಾರುತ್ತರ,noun,ಮಾರು + ಸಂ. ಉತ್ತರ ,1,"ಎದುರುಮಾತು, ಪ್ರತ್ಯುತ್ತರ"
ಮಾರ್ಗ,noun,ಸಂ ,1,"ದಾರಿ, ಹಾದಿ"
ಮಾರ್ಗಣ,noun,ಸಂ ,1,"ಹುಡುಕುವಿಕೆ, ಶೋಧನೆ, ಯಾಚಕ, ಬೇಡುವವನು"
ಮಾರ್ಗಣೆ,noun,<ದೇ. ಮಾರು + ಕಣೆ ,1,"ಪ್ರತಿಯಾಗಿ ಬಿಡುವ ಬಾಣ, ಎದುರು ಬಾಣ"
ಮಾರ್ಗದರ್ಶಕ,noun,ಸಂ ,1,"ಸರಿಯಾದ ಮಾರ್ಗದಲ್ಲಿ ನಡೆಯುವಂತೆ ಪ್ರೇರಿಸುವಂಥದು, ಮೇಲ್ಪಂಕ್ತಿಯಾಗಿ ಇರುವಂತಹುದು"
ಮಾರ್ಜನ,noun,ಸಂ ,1,ತೊಳೆಯುವುದು
ಮಾಲಿ,noun,<ಸಂ. ಮಾಲಿನ್ ,1,ಮಾಲೆಯನ್ನು ಧರಿಸಿಕೊಂಡಿರುವವನು
ಮಾಲಿಕೆ,noun,<ಸಂ. ಮಾಲಿಕಾ ,1,"ಹೂವುಗಳನ್ನು ಸೇರಿಸಿ ಕಟ್ಟಿದ ಮಾಲೆ, ಹಾರ"
ಮಾಲಿನಿ,noun,<ಸಂ. ಮಾಲಿನೀ ,1,"ಹೂವು ಕಟ್ಟುವವಳು, ಹೂವಾಡಗಿತ್ತಿ"
ಮಾಲಿನ್ಯ,noun,ಸಂ ,1,"ಕಲ್ಮಷ, ಕೊಳೆ"
ಮಾಲೀಸು,noun,<ಪಾರ. ಹಿಂ. ಮಾಲಿಶ್ ,1,"ಉಜ್ಜುವುದು, ತಿಕ್ಕುವುದು"
ಮಾಲೆ,noun,<ಸಂ. ಮಾಲಾ ,1,"ಹೂವಿನ ಹಾರ, ಸರ"
ಮಾಳ,noun,<ಸಂ. ಮಹಾಲಯ ,1,ಮಹಳ
ಮಾಳಿಗೆ,noun,ದೇ ,1,"ಮೇಲಿನ ಅಂತಸ್ತು, ಮಹಡಿ"
ಮಾಷ,noun,ಸಂ ,1,"ಒಂದು ಬಗೆಯ ದ್ವಿದಳ ಧಾನ್ಯ, ಉದ್ದು"
ಮಾಸ,noun,ಸಂ ,1,"ಮೂವತ್ತು ದಿವಸಗಳ ಅವಧಿ, ತಿಂಗಳು"
ಮಾಸತಿ,noun,<ಸಂ. ಮಹಾಸತಿ ,1,"ಮಹಾಪತಿ ವ್ರತೆ, ಸಾಧ್ವಿ"
ಮಾಸರ,noun,ದೇ ,1,"ಅಂದ, ಸೊಗಸು"
ಮಾಸಲು,noun,ದೇ ,1,"ಮಲಿನವಾದುದು, ಕೊಳೆಯಾದುದು"
ಮಾಸಿಕ,noun,ಸಂ ,1,ವ್ಯಕ್ತಿ ಸತ್ತ ಮೊದಲನೇ ವರ್ಷದಲ್ಲಿ ತಿಂಗಳಿಗೊಮ್ಮೆ ಮಾಡುವ ಶ್ರಾದ್ಧ
ಮಾಸು,noun,"<ಮರಾ. ಮಾಸ್ ಬಾಡು, ಮಾಂಸ; ದೇ ",1,"ಕೊಳೆ, ಹೊಲಸು"
ಮಾಹಿತಿ,noun,< ಅರ. ಹಿಂ. ಮಾಹಿಯತ್ ,1,"ಅರಿವು, ತಿಳಿವಳಿಕೆ"
ಮಿಂಚು,noun,ದೇ ,1,"ಹೊಳಪು, ಕಾಂತಿ"
ಮಿಂಟೆ,noun,ದೇ ,1,"ಉರುಳೆ, ಗುಂಡು"
ಮಿಂಡ,noun,ದೇ ,1,"ವೀರ, ಶೂರ"
ಮಿಂಡಿ,noun,ದೇ ,1,"ತುಂಬು ಯೌವನೆ, ನವತರುಣಿ"
ಮಿಗ(ಕ),noun,<ಸಂ. ಮೃಗ ,1,"ಹಂದಿ, ಸೂಕರ"
ಮಿಟ್ಟೆ,noun,ದೇ ,1,"ದಿಣ್ಣೆ, ಏರಿ, ಮಣ್ಣಿನ ಮುದ್ದೆ, ಹೆಂಟೆ"
ಮಿಡಿ,noun,ದೇ ,1,"ಕಸುಗಾಯಿ, ಹೀಚು"
ಮಿಡಿತ,noun,ದೇ ,1,"ಹೊಯ್ದಾಟ, ಬಡಿತ"
ಮಿಡಿತೆ,noun,ದೇ ,1,"ಒಂದು ಬಗೆಯ ಹಾರುವ ಹುಳು, ಮಿಡತೆ"
ಮಿಡುಕು,noun,ದೇ ,1,"ಕಣ್ಣು ರೆಪ್ಪೆಯ ಅಲುಗಾಟ, ಚಲನೆ"
ಮಿಣಿ(ಳಿ),noun,ದೇ ,1,"ಚರ್ಮದ ಪಟ್ಟಿಗಳನ್ನು ಹೆಣೆದು ಮಾಡಿದ ಹಗ್ಗ, ತೊಗಲಿನ ಹಗ್ಗ"
ಮಿತಿ,noun,ಸಂ ,1,"ಅಳತೆ, ಪ್ರಮಾಣ"
ಮಿತ್ತು(ಳ್ತು),noun,<ಸಂ. ಮೃತ್ಯು ,1,"ಸಾವು, ಮೃತ್ಯು"
ಮಿತ್ರ,noun,ಸಂ ,1,"ನೇಸರು, ಸೂರ್ಯ"
ಮಿಥುನ,noun,ಸಂ ,1,"ಜೋಡಿ, ಯುಗ್ಮ"
ಮಿಥ್ಯೆ,noun,<ಸಂ. ಮಿಥ್ಯಾ ,1,"ಸುಳ್ಳು, ಹುಸಿ"
ಮಿದು,noun,<ಸಂ. ಮೃದು ,1,"ಮೃದುವಾದುದು, ಮೆತ್ತಗಿರುವುದು"
ಮಿನುಗು,noun,ದೇ ,1,"ಹೊಳಪು, ಕಾಂತಿ"
ಮಿರುಗು,noun,<ದೇ. ಮಿಱುಗು ,1,"ಕಾಂತಿ, ಹೊಳಪು"
ಮಿಲ(ಳ)ನ,noun,ಸಂ ,1,"ಕೂಡುವಿಕೆ, ಕೂಟ, ಸಂಯೋಗ"
ಮಿಲಾವಣೆ,noun,<ಹಿಂ. ಮಿಲವಾನಾ ,1,"ಸೇರುವುದು, ಕೂಡುವುದು"
ಮಿಲಿ(ಳಿ)ತ,noun,ಸಂ ,1,ಸೇರುವಿಕೆ
ಮಿಳ್ಳೆ,noun,ದೇ ,1,ಮಿಳ್ಳಿ
ಮಿಶ್ರ,noun,ಸಂ ,1,"ಸೇರಿಕೆ, ಮಿಶ್ರಣ, ಬೆರಕೆ"
ಮಿಶ್ರಣ,noun,ಸಂ ,1,"ಸೇರಿಸುವುದು, ಕೂಡಿಸುವುದು"
ಮಿಶ್ರಿ,noun,<ಅರ. ಮಿಸ್ರೀ ,1,ಈಜಿಪ್ಟ್ ದೇಶದ ಒಂದು ಬಗೆಯ ಸಕ್ಕರೆ
ಮಿಷ,noun,ಸಂ ,1,"ನೆಪ, ವ್ಯಾಜ"
ಮಿಸುಕು,noun,ದೇ ,1,"ಅಲುಗಾಟ, ಅಲ್ಲಾಟ"
ಮಿಸುನಿ,noun,ದೇ ,1,"ಚಿನ್ನ, ಬಂಗಾರ"
ಮೀ(ಂ)ಟು,noun,ದೇ ,1,ಉತ್ತಮವಾದುದು
ಮೀಂಗುಲಿ,noun,ದೇ ,1,"ಮೀನನ್ನು ಕೊಲ್ಲುವವನು, ಬೆಸ್ತ"
ಮೀನ,noun,ಸಂ ,1,"ಮೀನು, ಮತ್ಸ್ಯ"
ಮೀಮಾಂ(ಸ)ಸೆ,noun,ಸಂ ,1,"ಆಳವಾಗಿ ವಿಚಾರ ಮಾಡುವುದು, ಜಿಜ್ಞಾಸೆ"
ಮೀಮಾಂಸಕ,noun,ಸಂ ,1,"ಆಳವಾಗಿ ವಿಚಾರ ಮಾಡುವವನು, ಕೂಲಂಕಷವಾಗಿ ಪರಿಶೀಲಿಸುವವನು"
ಮೀಸಲು,noun,ದೇ ,1,ಮುಡಿಪು
ಮೀಹ,noun,ದೇ ,1,"ಸ್ನಾನ, ಜಳಕ"
ಮುಂಗಾರು,noun,<ದೇ. ಮುನ್ + ಕಾರು ,1,"ಮೊದಲ ಮಳೆಗಾಲ, ವರ್ಷಾರಂಭ"
ಮುಂಗುಡಿ,noun,ದೇ ,1,"ಮುಂದಿನ ತುದಿ, ಅಗ್ರಭಾಗ"
ಮುಂಚು,noun,ದೇ ,1,"ಮೊದಲು, ಮುಂದು"
ಮುಂಜ,noun,ಸಂ ,1,"ವ್ಯವಸಾಯದ ಒಂದು ಉಪಕರಣ, ನೇಗಿಲಗುಳ"
ಮುಂಜಾನೆ,noun,<ದೇ. ಮುಂಜಾವ ,1,"ಬೆಳಗಿನ ಜಾವ, ನಸುಕು"
ಮುಂಜಿ,noun,<ಸಂ. ಮುಂಜ ,1,"ಒಂದು ಬಗೆಯ ಹುಲ್ಲು, ನೊಸೆಹುಲ್ಲು"
ಮುಂಡ,noun,ಸಂ ,1,"ತಲೆಯಿಲ್ಲದ ದೇಹ, ಅಟ್ಟೆ"
ಮುಂಡಿ,noun,<ಸಂ. ಮುಂಡಿನ್ ,1,ಸಂನ್ಯಾಸಿ
ಮುಂಡಿಗೆ,noun,<ಸಂ. ಮುಂಡ + ಇಗೆ ,1,"ಕಟ್ಟು, ಕಂತೆ"
ಮುಂಡು,noun,<ದೇ. ತಮಿ. ಮುಂಟೂ ,1,ರುಮಾಲಿನಂತೆ ಯಾ ಪಂಚೆಯಂತೆ ಉಪಯೋಗಿಸುವ ತುಂಡುಬಟ್ಟೆ
ಮುಂಡೆ,noun,<ಸಂ. ಮುಂಡ + ಎ ,1,"ಗಂಡನನ್ನು ಕಳೆದುಕೊಂಡವಳು, ವಿಧವೆ"
ಮುಂತೆ,noun,<ದೇ. ಮುಂತು + ಎ ,1,"ಮುಂಭಾಗ, ಮುಂದುಗಡೆ"
ಮುಂದಲೆ,noun,ದೇ ,1,ತಲೆಯ ಮುಂಭಾಗ
ಮುಂದಾಳು,noun,ದೇ ,1,"ಮುಖಂಡ, ನಾಯಕ"
ಮುಂದು,noun,ದೇ ,1,"ಮುಂಭಾಗ, ಮುಂದುಗಡೆ"
ಮುಕುಳಿ,noun,ದೇ ,1,ಯೋನಿ
ಮುಕ್ಕ,noun,ದೇ ,1,ಮಣ್ಣು ಮೊ.ವನ್ನು ಮುಕ್ಕುವಂಥದು
ಮುಕ್ಕು,noun,ದೇ ,1,"ವಸ್ತುವಿನ ಸ್ವಲ್ಪಭಾಗ ಮುರಿದು ಹೋಗಿರುವುದು ಮತ್ತು ಹಾಗೆ ಭಾಗಶಃ ಮುರಿದುಹೋದ ವಸ್ತು, ರಂಧ್ರ, ಪೊಟರೆ"
ಮುಕ್ತ,noun,ಸಂ ,1,"ಬಿಡುಗಡೆ ಹೊಂದಿದವನು, ಪಾರಾದವನು"
ಮುಕ್ತಹಸ್ತ,noun,= ,1,ಧಾರಾಳವಾಗಿ ನೀಡುವ ಕೈ
ಮುಕ್ತಾಫಲ,noun,ಸಂ ,1,"ಮುತ್ತು, ಮೌಕ್ತಿಕ"
ಮುಕ್ತಾಯ,noun,<ದೇ. ಮುಗಿತಾಯ ,1,"ಕೊನೆ, ಅಂತ್ಯ"
ಮುಕ್ತಿ,noun,ಸಂ ,1,"ಬಿಡುಗಡೆ, ವಿಮೋಚನೆ"
ಮುಖ,noun,<ಸಂ. ಮುಖಂ ,1,ಬಾಯಿ
ಮುಖಬೆಲೆ,noun,<ಸಂ. ಮುಖಂ ,1,"ಹಣ ಯಾ ವಸ್ತುವಿನ ಮೇಲೆ ನಮೂದಿಸುವ ಬೆಲೆ, ನಮೂದು ಬೆಲೆ"
ಮುಖ್ಯ,noun,ಸಂ ,1,"ಪ್ರಮುಖವಾದುದು, ಪ್ರಧಾನವಾದುದು"
ಮುಗಿತಾಯ,noun,ದೇ ,1,"ಕೊನೆ, ಅಂತ್ಯ"
ಮುಗಿಲು,noun,ದೇ ,1,"ಮೋಡ, ಮೇಘ"
ಮುಗಿವು,noun,ದೇ ,1,"ಕೊನೆ, ಮುಕ್ತಾಯ"
ಮುಗುದ,noun,<ಸಂ. ಮುಗ್ಧ ,1,"ಕಪಟವನ್ನು ತಿಳಿಯದವನು, ಸರಳ ಸ್ವಭಾವದವನು"
ಮುಗುದೆ,noun,<ಸಂ. ಮುಗ್ಧಾ ,1,"ಕಪಟವರಿಯದವಳು, ಮುಗ್ಧೆ"
ಮುಗುಳಿ,noun,ದೇ ,1,ಒಂದು ಬಗೆಯ ಮುಳ್ಳಿನ ಮರ
ಮುಗುವಳಿ,noun,<ದೇ. ಮುಗಿ + ವಳಿ ,1,"ಸಂಬಳ, ಬಾಡಿಗೆ, ಕೆಲಸ ಮುಂ.ವುಗಳ ಬಗ್ಗೆ ಮಾತುಕತೆ ಮುಗಿದ ಮೇಲೆ ಮಾಡಿಕೊಳ್ಳುವ - ಒಪ್ಪಂದ, ಕರಾರು"
ಮುಗ್ಗಟ್ಟು,noun,<ದೇ. ಮುಗಿ+ ಕಟ್ಟು ,1,"ಪೇಚು, ತೊಂದರೆ"
ಮುಗ್ಧ,noun,ಸಂ ,1,"ಮೌಢ್ಯ, ಮೂಢತನ"
ಮುಗ್ಧತೆ,noun,<ಸಂ. ಮುಗ್ಧತಾ ,1,"ಮೂಢತನ, ಮೌಢ್ಯ"
ಮುಗ್ಧೆ,noun,<ಸಂ. ಮುಗ್ಧಾ ,1,"ಕಪಟವನ್ನು ತಿಳಿಯದವಳು, ಸರಳ ಸ್ವಭಾವದವಳು"
ಮುಚ್ಚಟೆ,noun,ದೇ ,1,"ಅಕ್ಕರೆ, ಮಮತೆ"
ಮುಚ್ಚಳ,noun,<ದೇ. ಮುಚ್ಚು ,1,"ಪೆಟ್ಟಿಗೆ, ಕರಡಿಗೆ ಪಾತ್ರೆ ಮುಂ.ವುಗಳ ಮುಚ್ಚುವ ಸಾಧನ"
ಮುಚ್ಚಿಗ,noun,<ದೇ. ಮುಚ್ಚಿಗೆ + ಅ ,1,"ಇಟ್ಟಿಗೆ ಯಾ ಗಾರೆ ಕೆಲಸ ಮಾಡುವವನು, ಉಪ್ಪಾರ"
ಮುಚ್ಚು,noun,ದೇ ,1,ಹೂವಿನ ದಳಗಳು ಮುಚ್ಚಿರುವುದು
ಮುಜ(ಜು)ಗರ,noun,<ದೇ. ಮುಸುಗರೆ ,1,"ಸಂಕೋಚ, ದಾಕ್ಷಿಣ್ಯ"
ಮುಜರೆ,noun,<ಹಿಂ. ಪಾರ. ಮುಜರಾ ,1,"ಗೌರವಪೂರ್ವಕವಾಗಿ ಬಿಟ್ಟುಕೊಡುವುದು, ಮಾಫಿ"
ಮುಟ್ಟಿ,noun,ದೇ ,1,"ಮುಚ್ಚಿದ ಅಂಗೈ, ಮುಷ್ಟಿ, ಹಿಡಿ"
ಮುಟ್ಟಿಗೆ,noun,ದೇ ,1,"ಮುಚ್ಚಿದ ಅಂಗೈ, ಮುಷ್ಟಿ"
ಮುಟ್ಟು,noun,ದೇ ,1,"ಸೋಕುವುದು, ಸ್ಪರ್ಶ"
ಮುಡಿ,noun,ದೇ ,1,ತಲೆಗೂದಲು
ಮುಡಿಗೆ,noun,<ದೇ. ಮುಂಡಿಗೆ ,1,"ಸವಾಲು, ಸಮಸ್ಯೆ"
ಮುಡಿಪು,noun,ದೇ ,1,"ಹೊರೆ, ಮೂಟೆ"
ಮುಡುಕು,noun,ದೇ ,1,"ಬಾಗಿರುವುದು, ಕೊಂಕಿರುವುದು"
ಮುಡುಪು,noun,ದೇ ,1,"ಹೊರೆ, ಮೂಟೆ"
ಮುಡುಹು,noun,ದೇ ,1,"ಹೆಗಲು, ಭುಜಾಗ್ರ"
ಮುತುವರ್ಜಿ,noun,<ಅರ. ಹಿಂ. ಮುತ್‌ವಜ್ಜಹ್ ,1,"ಆಸಕ್ತಿ, ಶ್ರದ್ಧೆ"
ಮುತ್ತ,noun,ದೇ ,1,"ವಯಸ್ಸಾದವನು, ಮುದುಕ"
ಮುತ್ತಿಗೆ,noun,<ದೇ. ಮುತ್ತು + ಇಗೆ ,1,"ಆವರಿಸುವಿಕೆ, ವ್ಯಾಪಿಸುವಿಕೆ, ಹಬ್ಬುಗೆ"
ಮುತ್ತು,noun,ದೇ ,1,"ಚುಂಬನ, ಮುದ್ದು"
ಮುತ್ಸದ್ದಿ,noun,<ಅರ. ಮುತ್ಸದ್ದೀ ,1,ರಾಜ್ಯದ ವ್ಯವಹಾರಗಳನ್ನು ನೋಡಿಕೊಳ್ಳುವ ಒಬ್ಬ ಅಧಿಕಾರಿ
ಮುದಿ,noun,ದೇ ,1,ಇಳಿವಯಸ್ಸು
ಮುದಿತ,noun,ಸಂ ,1,"ನಲಿವು, ಹಿಗ್ಗು"
ಮುದುಡು,noun,ದೇ ,1,"ಬಾಗು, ಕೊಂಕು"
ಮುದ್ದಾಟ,noun,ದೇ ,1,"ಮುದ್ದು ಮಾಡುವಿಕೆ, ಲಲ್ಲೆ"
ಮುದ್ದು,noun,ದೇ ,1,"ಪ್ರೀತಿ, ಒಲವು"
ಮುದ್ದೆ,noun,<ಅರ. ಮದ್ದಆ/ಮರಾ. ಮುದ್ದಾ ,1,"ವಿಚಾರ, ಸಂಗತಿ"
ಮುದ್ರಾಂಕಿತ,noun,ಸಂ ,1,"ಮೊಹರ ಮಾಡಿದುದು, ಮುದ್ರೆಯುಳ್ಳದು"
ಮುದ್ರಿಕೆ,noun,<ಸಂ. ಮುದ್ರಿಕಾ ,1,"ಮೊಹರು ಮಾಡಲು ಬಳಸುವ ಲೋಹದ ವಸ್ತು, ಮುದ್ರೆ, ಉಂಡಿಗೆ"
ಮುದ್ರೆ,noun,<ಸಂ. ಮುದ್ರಾ ,1,"ಉಂಡಿಗೆ, ಮೊಹರು ಮಾಡಲು ಬಳಸುವ ಲೋಹದ ವಸ್ತು, ಮುದ್ರಿಕೆ"
ಮುನಿ,noun,ಸಂ ,1,"ತಪಸ್ಸನ್ನು ಆಚರಿಸುವವನು, ತಪಸ್ವಿ, ಋಷಿ"
ಮುನಿಸು,noun,ದೇ ,1,"ಕೋಪ, ಸಿಟ್ಟು"
ಮುನ್ನ,noun,ದೇ ,1,"ಆದಿ, ಆರಂಭ, ಮೊದಲು"
ಮುನ್ಸೂಚನೆ,noun,ದೇ ,1,ಮುಂದೆ ಆಗುವುದರ ಬಗೆಗೆ ಮೊದಲೇ ಕೊಡುವ ತಿಳಿವಳಿಕೆ
ಮುಮುಕ್ಷು,noun,ಸಂ ,1,ಮುಕ್ತಿಯನ್ನು ಬಯಸುವವನು
ಮುಮ್ಮಡಿ,noun,ದೇ ,1,"ಮೂರು ಪಟ್ಟು, ಮೂರ ರಷ್ಟು"
ಮುಮ್ಮೊನೆ,noun,ದೇ ,1,ಯಾವುದಾದರೊಂದು ಆಯುಧದ ಚೂಪಾಗಿರುವ ತುದಿ
ಮುಯಿ(ಯ್ಯಿ),noun,ದೇ ,1,ಗೌರವ ಸೂಚಕವಾಗಿ ಕೊಡುವ ಉಡುಗೊರೆ
ಮುರವತ್ತು,noun,<ಅರ. ಮುರವ್ವತ್ ,1,"ಹಂಗು, ದಾಕ್ಷಿಣ್ಯ"
ಮುರಿ,noun,ದೇ ,1,"ಬಾಗಿರುವುದು, ತಿರುವು"
ಮುರಿಗೆ,noun,ದೇ ,1,"ಸುತ್ತು, ಸುರುಳಿ"
ಮುರಿವು,noun,ದೇ ,1,"ಬಾಗು, ತಿರುವು"
ಮುರುಕ,noun,<ದೇ. ಮುಱುಕ ,1,"ಬಿಂಕ, ಬಿನ್ನಾಣ"
ಮುರುಕು,noun,ದೇ ,1,"ಬಿಂಕ, ಬಿನ್ನಾಣ"
ಮುರುಟು,noun,ದೇ ,1,"ಡೊಂಕಾದುದು, ಸೊಟ್ಟಗಿರುವುದು"
ಮುರುಡ,noun,ದೇ ,1,ಮೈಯೆಲ್ಲಾ ಗಂಟುಗಂಟಾಗಿರುವವನು
ಮುರುಡು,noun,ದೇ ,1,"ಡೊಂಕಾದುದು, ಸೊಟ್ಟಗಿರುವುದು"
ಮುರುವು,noun,ದೇ ,1,"ತಿರುವು, ಬಾಗಿರುವಿಕೆ"
ಮುಲಾಖತ್ತು,noun,<ಅರ. ಹಿಂ. ಮುಲಾಕಾತ್ ,1,"ಭೇಟಿ, ಸಂದರ್ಶನ"
ಮುಲಾಜು,noun,<ಅರ. ಮುಲಹಝೂ ,1,"ದಾಕ್ಷಿಣ್ಯ, ಭಿಡೆ"
ಮುಲಾಮು,noun,<ಅರ. ಮುಲಮ್ಮಅ ,1,"ಲೋಹಗಳಿಂದ ಮಾಡಿದ ಲೇಪನ ವಸ್ತು, ಗಿಲೀಟು"
ಮುಲುಕು,noun,ದೇ ,1,"ಹೆರಿಗೆಯ ಸಮಯದಲ್ಲಿ ನೋವಿನಿಂದ ಮುಕ್ಕಿರಿಯುವಿಕೆ, ತಿಣಕುವಿಕೆ"
ಮುಳಿ,noun,ದೇ ,1,"ಸಿಟ್ಟು, ಕೋಪ"
ಮುಳ್ಳು,noun,ದೇ ,1,ಕಂಟಕ
ಮುಷ್ಕರ,noun,<ಅರ. ಮುಶ್ಕಿಲ್ ,1,"ಸತ್ಯಾಗ್ರಹ, ಚಳುವಳಿ"
ಮುಷ್ಟಿ,noun,ಸಂ ,1,"ಮುಚ್ಚಿದ ಅಂಗೈ, ಮುಟ್ಟಿಗೆ"
ಮುಸ(ಸು)ರೆ,noun,ದೇ ,1,"ಪಾತ್ರೆಯಲ್ಲಿ ಬೇಯಿ ಸಿದ ಆಹಾರ ಪದಾರ್ಥಗಳನ್ನು ತೊಳೆಯದೆ ಇರುವು ದರಿಂದ ಉಂಟಾಗುವ ಅಶುಚಿ, ಕೊಳೆ"
ಮುಸಲ,noun,ಸಂ ,1,"ಬತ್ತ ಮುಂ.ವನ್ನು ಕುಟ್ಟುವ ಸಾಧನ, ಒನಕೆ"
ಮುಸಲಿ,noun,<ಸಂ. ಮುಸಲಿನ್ ,1,ಗದೆಯನ್ನು ಹಿಡಿದಿರುವವನು
ಮುಸುಂಡಿತನ,noun,"ದೇ ಮುಖಹೇಡಿತನ, ಸಂಕೋಚ ಸ್ವಭಾವ; ದೇ ",1,"ತೆರೆ, ಪರದೆ"
ಮುಸುಡಿ,noun,ದೇ ,1,ಪ್ರಾಣಿಗಳ ಉದ್ದವಾಗಿರುವ ಮೂತಿ
ಮುಹೂರ್ತ,noun,ಸಂ ,1,ಅಲ್ಪ ಸಮಯ
ಮೂಗು,noun,ದೇ ,1,"ವಾಸನೆಯನ್ನು ಗ್ರಹಿಸುವ ಇಂದ್ರಿಯ, ನಾಸಿಕ"
ಮೂಡಿಗೆ,noun,ದೇ ,1,"ಬಾಣಗಳನ್ನಿಡುವ ಚೀಲ, ಬತ್ತಳಿಕೆ"
ಮೂಡೆ,noun,ದೇ ,1,ಮೂಟೆ
ಮೂಢ,noun,ಸಂ ,1,"ತಿಳಿವಳಿಕೆಯಿಲ್ಲದವನು, ತಿಳಿಗೇಡಿ, ಮೂರ್ಖ"
ಮೂತಿ,noun,ದೇ ,1,"ಸಾಮಾನ್ಯವಾಗಿ ಹೀನಾರ್ಥದಲ್ಲಿ ಹೇಳುವಾಗ ಮನುಷ್ಯರ ಮುಖ, ಮೋರೆ"
ಮೂದೇವಿ,noun,ಮೂಲೆ + ದೇವಿ ,1,"ಒಬ್ಬ ದೇವತೆಯ ಹೆಸರು, ಜ್ಯೇಷ್ಠಾದೇವಿ"
ಮೂರಿ,noun,ದೇ ,1,ಯಮನ ಭಯಂಕರವಾದ ಕೋಣ
ಮೂರ್ಛೆ,noun,<ಸಂ. ಮೂರ್ಛಾ ,1,"ಎಚ್ಚರವನ್ನು ಕಳೆದುಕೊಂಡಿರುವ ಸ್ಥಿತಿ, ಮೈಮರೆವು"
ಮೂರ್ತ,noun,<ಸಂ. ಮುಹೂರ್ತ ,1,"ಮುಹೂರ್ತ, ಶುಭಗಳಿಗೆ; <ಸಂ. ಮೂರ್ತಿ"
ಮೂರ್ತಿ,noun,ಸಂ ,1,"ಆಕಾರ, ಸ್ವರೂಪ"
ಮೂರ್ಧ,noun,<ಸಂ. ಮೂರ್ಧನ್ ,1,"ತಲೆಯ ಮುಂಭಾಗ, ಮುಂದಲೆ"
ಮೂರ್ಧನ್ಯ,noun,ಸಂ ,1,ತಲೆಗೆ ಸಂಬಂಧಿಸಿದುದು
ಮೂಲ,noun,ಸಂ ,1,"ಮರ, ಗಿಡ ಮುಂ.ವುಗಳ ಭೂಮಿಯೊಳಗಿರುವ ಭಾಗ; ಬೇರು"
ಮೂಲಪ್ರತಿ,noun,ಸಂ ,1,ಕವಿಯು ಬರೆದ ಸ್ವಹಸ್ತಾಕ್ಷರದ ಪ್ರತಿ
ಮೂಲಿಕೆ,noun,<ಸಂ. ಮೂಲಿಕಾ ,1,ಬೇರು
ಮೂಲೆ,noun,ದೇ ,1,"ಎರಡು ದಿಕ್ಕುಗಳ ನಡುವಿನ ದಿಕ್ಕು, ವಿದಿಕ್ಕು"
ಮೂಲ್ಯ,noun,ಸಂ ,1,"ಬೆಲೆ, ಧಾರಣೆ"
ಮೂಳ,noun,ದೇ ,1,"ಕಿವಿಯು ಹರಿದುಹೋದವನು, ಕಿವಿಹರುಕ"
ಮೂಷಕ,noun,ಸಂ ,1,ಇಲಿ
ಮೂಷೆ,noun,<ಸಂ. ಮೂಷಾ ,1,ಹೆಣ್ಣು ಇಲಿ
ಮೃಗ,noun,ಸಂ ,1,"ಚತುಷ್ಪಾದಿ ಪ್ರಾಣಿ, ಪಶು"
ಮೃಗನಾಭಿ,noun,ಸಂ ,1,"ಒಂದು ಬಗೆಯ ಸುಗಂಧ ದ್ರವ್ಯ, ಕಸ್ತೂರಿ"
ಮೃಗರಿಪು,noun,ಸಂ ,1,ಸಿಂಹ
ಮೃತ,noun,ಸಂ ,1,"ಸಾಯುವವನು, ಮರಣ ಹೊಂದುವವನು"
ಮೃತ್ತಿಕೆ,noun,ಸಂ ,1,ಮಣ್ಣು
ಮೃತ್ಯು,noun,ಸಂ ,1,"ಸಾವು, ಮರಣ"
ಮೃದು,noun,ಸಂ ,1,"ಮಿದುವು, ಮೆತುವು"
ಮೃದ್ವಂಗಿ,noun,ಸಂ ,1,"ಕೋಮಲವಾದ ಶರೀರವನ್ನು ಉಳ್ಳವಳು, ಕೋಮಲಾಂಗಿ"
ಮೆಕ್ಕೆ,noun,ದೇ ,1,ಬೆಳೆ ಹುಲುಸಾಗಿ ಬೆಳೆಯದ ಎತ್ತರವಾದ ಜಮೀನು
ಮೆಚ್ಚಿಕೆ(ಗೆ),noun,ದೇ ,1,"ಇಷ್ಟ, ಪ್ರೀತಿ"
ಮೆಚ್ಚು,noun,ದೇ ,1,"ಒಲುಮೆ, ಪ್ರೀತಿ, ಇಷ್ಟ"
ಮೆಚ್ಚುಗೆ,noun,<ದೇ. ಮೆಚ್ಚು + ಗೆ ,1,"ಪ್ರೀತಿ, ವಿಶ್ವಾಸ, ಅಭಿಮಾನ"
ಮೆಟ್ಟ(ಟ್ಟಿ)ಲು,noun,ದೇ ,1,"ಪಾವಟಿಗೆ, ಸೋಪಾನ"
ಮೆಟ್ಟು,noun,ದೇ ,1,ತುಳಿತ
ಮೆಡ್ಡಗಣ್ಣು,noun,ದೇ ,1,"ಮಾಲುಗಣ್ಣು, ಓರೆಯಾಗಿರುವ ಕಣ್ಣು"
ಮೆತ್ತೆ,noun,ದೇ ,1,"ಮೃದುವಾದ ಹಾಸು, ಸುಪ್ಪತ್ತಿಗೆ"
ಮೆದು,noun,<ಸಂ. ಮೃದು ,1,"ಮೃದುವಾದುದು, ಮೆತ್ತಗಿರುವುದು"
ಮೆದೆ,noun,ದೇ ,1,"ಹುಲ್ಲಿನ ರಾಶಿ, ಒಟ್ಟಲು"
ಮೆಯ್(ಮೇ),noun,ದೇ ,1,"ದೇಹ, ಶರೀರ"
ಮೆಯ್ದುನ,noun,ದೇ ,1,ಗಂಡನ ಯಾ ಹೆಂಡತಿಯ ತಮ್ಮ
ಮೆಯ್ಮೆ,noun,<ಸಂ. ಮಹಿಮೆ ,1,"ಹಿರಿಮೆ, ಘನತೆ"
ಮೆಯ್ಸಿರಿ,noun,<ಮೆಯ್ + ಸಿರಿ <ಸಂ. ಶ್ರೀ ,1,"ದೇಹದ ಸೊಬಗು, ಸೌಂದರ್ಯ"
ಮೆರುಗು,noun,ದೇ ,1,"ಹೊಳಪು, ಕಾಂತಿ"
ಮೆಲುಪು,noun,ದೇ ,1,"ಕೋಮಲತೆ, ಮೃದುತ್ವ"
ಮೆಲ್ಪು,noun,ದೇ ,1,"ಕೋಮಲತೆ, ಮೃದುತ್ವ"
ಮೇ(ಂ)ಟಿ,noun,ದೇ ,1,"ಶೌರ್ಯದ ಯಾ ಗೆಲುವಿನ ನೆನಪಿಗಾಗಿ ನೆಡುವ ಕಂಬ, ಸ್ತಂಭ"
ಮೇಕು,noun,ದೇ ,1,"ಒನಪು, ಬೆಡಗು"
ಮೇಖಲೆ,noun,ಸಂ ,1,"ಒಡ್ಯಾಣ, ಡಾಬು"
ಮೇಗು,noun,ದೇ ,1,"ಮೇಲುಭಾಗ, ಮೇಲು ಗಡೆ"
ಮೇಘ,noun,ಸಂ ,1,"ಮೋಡ, ಮುಗಿಲು"
ಮೇಘನಾದ,noun,ಸಂ ,1,ಗುಡುಗು
ಮೇಚಕ,noun,ಸಂ ,1,"ಕಡು ನೀಲಿ ಬಣ್ಣ, ದಟ್ಟವಾದ ನೀಲವರ್ಣ"
ಮೇಜು,noun,<ಪಾರ. ಮೇಝು ,1,"ಮರ, ಲೋಹ ಮುಂ.ವುಗಳಿಂದ ಮಾಡಿದ ಬರವಣಿಗೆ ಇತ್ಯಾದಿಗಳಿಗೆ ಉಪಯೋಗಿಸುವ ಎತ್ತರವಾದ ಉಪಕರಣ; ಟೇಬಲ್ಲು"
ಮೇಜುಕಟ್ಟು,noun,ಮೇಜು +ಕಟ್ಟು ,1,ಗೋಡೆಯ ಕೆಳಭಾಗದಲ್ಲಿ ಮೇಲು ಗೋಡೆಗಿಂತ ಸ್ವಲ್ಪ ಉಬ್ಬಿರುವಂತೆ ಕಟ್ಟಿರುವ ಭಾಗ
ಮೇಡು,noun,ದೇ ,1,"ಎತ್ತರವಾದ ನೆಲ, ದಿಣ್ಣೆ, ದಿಬ್ಬ"
ಮೇಣ,noun,<ಸಂ. ಮಯಣ ,1,ಜೇನುಹುಟ್ಟಿನಿಂದ ಸಿಗುವ ಒಂದು ಬಗೆಯ ಅಂಟುದ್ರವ್ಯ
ಮೇದ,noun,ದೇ ,1,"ಬಿದಿರಿನಿಂದ ಬುಟ್ಟಿ, ಚಾಪೆ, ಮೊರ ಮೊ.ವನ್ನು ಹೆಣೆದು ಮಾರಿ ಜೀವಿಸುವ ವೃತ್ತಿ ಯವರನ್ನುಳ್ಳ ಒಂದು ಜನಾಂಗ ಮತ್ತು ಆ ಜನಾಂಗಕ್ಕೆ ಸೇರಿದ ವ್ಯಕ್ತಿ"
ಮೇದಸ್ಸು,noun,<ಸಂ. ಮೇದಸ್ ,1,"ದೇಹದ ಸಪ್ತ ಧಾತುಗಳಲ್ಲಿ ಒಂದು, ಕೊಬ್ಬು"
ಮೇದಿನಿ,noun,<ಸಂ. ಮೇದಿನೀ ,1,"ಭೂಮಿ, ಇಳೆ"
ಮೇದುರ,noun,ಸಂ ,1,"ಅತಿಶಯ, ಆಧಿಕ್ಯ"
ಮೇಧಾವಿ,noun,<ಸಂ. ಮೇಧಾವಿನ್ ,1,"ಬುದ್ಧಿ ವಂತ, ಬುದ್ಧಿಶಕ್ತಿಯು ಬಲವಾಗಿರುವವನು"
ಮೇಪು,noun,<ದೇ. ಮೆಯ್ + ಪು ,1,ಜಾನು ವಾರುಗಳು ಹುಲ್ಲು ಮೊ. ಆಹಾರವನ್ನು ಮೇಯುವಿಕೆ
ಮೇರು,noun,ಸಂ ,1,"ಪುರಾಣೋಕ್ತವಾದ ಒಂದು ಪರ್ವತದ ಹೆಸರು, ಕನಕಾದ್ರಿ"
ಮೇರೆ,noun,ದೇ ,1,"ಎಲ್ಲೆ, ಗಡಿ"
ಮೇಲಾ(ಳಾ)ಪ,noun,ಸಂ ,1,"ಜೋಡಣೆ, ಹೊಂದಾ ಣಿಕೆ"
ಮೇಲಾಟ,noun,ದೇ ,1,"ಪೈಪೋಟಿ, ಸ್ಪರ್ಧೆ"
ಮೇಲಾಯ,noun,ದೇ ,1,ಮೇಲುತೆರಿಗೆ
ಮೇಲು,noun,ದೇ ,1,"ತುದಿ, ಅಗ್ರಭಾಗ"
ಮೇಲುಗೈ,noun,ದೇ ,1,"ಮಿಗಿಲು, ಹೆಚ್ಚುಗಾರಿಕೆ"
ಮೇಲುದು,noun,ದೇ ,1,"ಮೈ ಮೇಲೆ ಹೊದ್ದುಕೊಳ್ಳುವ ವಸ್ತ್ರ, ಶಲ್ಯ"
ಮೇಲುನೋಟ,noun,ದೇ ,1,"ಹೊರನೋಟ, ಸ್ಥೂಲದೃಷ್ಟಿ"
ಮೇಲುಪಂಕ್ತಿ,noun,<ಮೇಲು + ಸಂ ಪಂಕ್ತಿ ,1,"ಅನುಕರಿಸಲು ಯೋಗ್ಯವಾದ ಉತ್ತಮವಾದ ಮಾದರಿ, ಉಚಿತವಾದ ಆದರ್ಶ"
ಮೇಲುಮುಸುಕು,noun,ದೇ ,1,"ಮೈ ಮೇಲೆ ಹೊದೆಯುವ ವಸ್ತ್ರ, ಉತ್ತರೀಯ"
ಮೇಲೋಗರ,noun,ಓಗರದ + ಮೇಲೆ ,1,"ಅನ್ನದ ಜೊತೆಗೆ ಬಡಿಸುವ ಸಾರು, ಹುಳಿ, ಕೂಟು ಮುಂ. ವ್ಯಂಜನ ಪದಾರ್ಥ"
ಮೇಲ್ಮನೆ,noun,ದೇ ,1,"ಉಪ್ಪರಿಗೆ, ಮೇಲ್ಮಾಳಿಗೆ"
ಮೇಳ,noun,<ಸಂ. ಮೇಲ ,1,"ಸೇರುವಿಕೆ, ಕೂಡುವಿಕೆ"
ಮೇಳವ,noun,<ಸಂ. ಮೇಳನ ,1,"ಕೂಟ, ಸೇರಿಕೆ"
ಮೇಷ,noun,ಸಂ ,1,"ಗಂಡು ಕುರಿ, ಟಗರು"
ಮೇಹ,noun,ಸಂ ,1,ಮೂತ್ರ
ಮೈ,noun,ದೇ ,1,"ದೇಹ, ಶರೀರ"
ಮೈದುನ,noun,ದೇ ,1,ಗಂಡ ಯಾ ಹೆಂಡತಿಯ ತಮ್ಮ
ಮೈಲಿಗಲ್ಲು,noun,ದೇ ,1,ಮಾರ್ಗದಲ್ಲಿ ದೂರವನ್ನು ಸೂಚಿಸಲು ದಾರಿಯ ಪಕ್ಕದಲ್ಲಿ ನಟ್ಟಿರುವ ಕಲ್ಲು
ಮೈಲಿಗೆ,noun,ದೇ ,1,"ಮಲಿನತೆ, ಅಪವಿತ್ರತೆ"
ಮೊಂಡ,noun,ದೇ ,1,"ಚೂಪಿಲ್ಲದುದು, ಹರಿತವಿಲ್ಲದುದು"
ಮೊಕಾಬಿಲೆ,noun,<ಅರ. ಮುಕಾಬಲಹ್ ,1,"ಎದುರು, ಸಮ್ಮುಖ"
ಮೊಕ್ಕಳ,noun,ದೇ ,1,"ಹೆಚ್ಚಳ, ಅತಿಶಯ"
ಮೊಗ,noun,<ಸಂ. ಮುಖ ,1,"ಮುಖ, ಮೋರೆ"
ಮೊಗವಾಡ,noun,<ಸಂ. ಮುಖಪಟ ,1,"ಮೇಲು ಮುಸುಕು, ಅವಕುಂಠನ"
ಮೊಗಸು,noun,ದೇ ,1,"ಬಯಕೆ, ಅಪೇಕ್ಷೆ"
ಮೊಗೆ,noun,ದೇ ,1,ನೀರು ತುಂಬಿಕೊಳ್ಳಲು ಬಳಸುವ ಮಣ್ಣಿನ ಪಾತ್ರೆ
ಮೊಗ್ಗರ,noun,ದೇ ,1,"ಮೊತ್ತ, ರಾಶಿ"
ಮೊಗ್ಗು,noun,ದೇ ,1,"ಪೂರ್ತಿಯಾಗಿ ಅರಳದೆ ಇರುವ ಹೂವು, ಮುಗುಳು"
ಮೊಟ್ಟೆ,noun,ದೇ ,1,"ಗಂಟು, ಹೊರೆ"
ಮೊತ್ತ,noun,ದೇ ,1,"ರಾಶಿ, ಒಟ್ಟಲು"
ಮೊದಲು,noun,ದೇ ,1,"ಆರಂಭ, ಆದಿ"
ಮೊನೆ,noun,ದೇ ,1,"ತುದಿ, ಕೊನೆ"
ಮೊರೆ,noun,ದೇ ,1,"ದುಂಬಿಯ ಧ್ವನಿ, ಝೇಂಕಾರ"
ಮೊಳಕೆ,noun,ದೇ ,1,"ಅಂಕುರ, ಕುಡಿ"
ಮೊಳಗು,noun,ದೇ ,1,"ವಾದ್ಯದ ಧ್ವನಿ, ಸದ್ದು"
ಮೊಳೆ,noun,ದೇ ,1,"ಕುಡಿ, ಮೊಳಕೆ"
ಮೊಹರು,noun,<ಪಾರ. ಮುಹರ್ ,1,ಬಂಗಾರದ ನಾಣ್ಯ
ಮೋಕಳೀಕ(ಕು),noun,<ಮರಾ. ಮೋಕಳೀಕ್ ,1,"ಬಂಧನವಿಲ್ಲದಿರುವುದು, ಸ್ವತಂತ್ರವಾದುದು"
ಮೋಕ್ಷ,noun,ಸಂ ,1,"ಬಿಡುಗಡೆ, ವಿಮೋಚನೆ, ಆತ್ಮವು ಜನನ ಮರಣಗಳಿಂದ ದೂರವಾಗುವುದು, ಮುಕ್ತಿ"
ಮೋಚಕ,noun,ಸಂ ,1,"ಬಿಡುಗಡೆ, ಮುಕ್ತಿ"
ಮೋಜು,noun,<ಹಿಂ. ಮೌಜ್ ,1,"ವಿನೋದ, ತಮಾಷೆ"
ಮೋಟ,noun,ದೇ ,1,"ಕೈಕಾಲುಗಳಿಲ್ಲದವನು, ಅಂಗ ಹೀನ"
ಮೋಟು,noun,ದೇ ,1,"ಮೊಂಡಾದುದು, ಮೊನಚಿಲ್ಲದುದು"
ಮೋಡ,noun,ದೇ ,1,"ಮುಗಿಲು, ಮೇಘ"
ಮೋಡಿ,noun,ದೇ ,1,"ರೀತಿ, ಶೈಲಿ"
ಮೋತೆ,noun,ದೇ ,1,ಬಾಳೆಯ ಗೊನೆಯ ತುದಿಯಲ್ಲಿ ಇರುವ ದೊಡ್ಡ ಹೂವು
ಮೋದ,noun,ಸಂ ,1,"ಸಂತೋಷ, ಆನಂದ"
ಮೋದನ,noun,ಸಂ ,1,"ಸಂತೋಷ, ಆನಂದ"
ಮೋಪು,noun,ದೇ ,1,"ಕಟ್ಟಡಗಳ ಕಂಬ ಮುಂ.ವುಗಳಿಗೆ ಬಳಸುವ ಮರದ ದಿಮ್ಮಿ, ನಾಟಾ"
ಮೋರೆ,noun,ದೇ ,1,"ಮುಖ, ಆನನ"
ಮೋರ್ಚೆ,noun,<ಹಿಂ. ಮೋರ್ಚಾ ,1,ಕೋಟೆಯ ಬತೇರಿಯ ಮೇಲೆ ತುಪಾಕಿಯನ್ನು ಇರಿಸುವ ಜಗಲಿ
ಮೋಳಿಗೆ,noun,ದೇ ,1,"ಸೌದೆಯ ಕಟ್ಟು, ಕಟ್ಟಿಗೆಯ ಹೊರೆ"
ಮೋಳೆ,noun,ದೇ ,1,"ಗದ್ದೆಯ ಬದು ಯಾ ಕೆರೆಯ ಒಡ್ಡುಗಳ ರಂಧ್ರ, ಸೀಳು"
ಮೋಸ,noun,ದೇ ,1,"ಕಪಟ, ವಂಚನೆ"
ಮೋಸು,noun,ದೇ ,1,"ಮೊಳಕೆ, ಅಂಕುರ"
ಮೋಹ,noun,ಸಂ ,1,ಮೈ ಮರೆಯುವಿಕೆ ಎಚ್ಚರ ತಪ್ಪುವಿಕೆ
ಮೋಹಕ,noun,ಸಂ ,1,"ಭ್ರಮೆ, ಭ್ರಾಂತಿ"
ಮೋಹನ,noun,ಸಂ ,1,"ಮೂರ್ಛೆ, ಮೈ ಮರೆವು"
ಮೋಹರ,noun,ಸಂ ,1,"ಸೈನ್ಯ, ದಂಡು"
ಮೋಹಿನಿ,noun,ಸಂ ,1,"ಚೆಲುವೆ, ಸುಂದರಿ"
ಮೌನ,noun,ಸಂ ,1,"ಮಾತನ್ನಾಡದೆ ಇರುವಿಕೆ, ಸುಮ್ಮನಿರುವಿಕೆ"
ಮೌನಿ,noun,ಸಂ ,1,ಮಾತನ್ನಾಡದೆ ಇರುವವನು
ಮೌಲಿ(ಳಿ),noun,ಸಂ ,1,"ತುದಿ, ಶಿಖರ"
ಮೌಲಿಕ,noun,ಸಂ ,1,"ಮೂಲಭೂತವಾದುದು, ಪ್ರಾಚೀನವಾದುದು"
ಮೌಲ್ಯ,noun,ಸಂ ,1,"ಬೆಲೆ, ಕಿಮ್ಮತ್ತು"
ಮ್ಲಾನ,noun,ಸಂ ,1,"ಬಾಡಿದುದು, ಕಳೆಗುಂದಿದುದು"
ಮ್ಲೇಚ್ಛ,noun,ಸಂ ,1,ಮ್ಲೇಂಛ
ಯಂತ್ರ,noun,ಸಂ ,1,"ಗಾಲಿ, ಕೀಲುಗಳ ಜೋಡಣೆಯಿಂದ ಕೆಲಸ ಮಾಡುವ ಸಾಧನ, ಉಪಕರಣ"
ಯಕ್ಷ,noun,ಸಂ ,1,ದೇವತೆಗಳಲ್ಲಿ ಒಂದು ವರ್ಗ
ಯಕ್ಷಪ್ರಶ್ನೆ,noun,ಸಂ ,1,ಯಕ್ಷರೂಪಿಯಾದ ಯಮಧರ್ಮ ರಾಯನು ಯುಧಿಷ್ಠಿರನಿಗೆ ಕೇಳಿದ ಪ್ರಶ್ನೆ ಮಹಾ ಭಾರತ
ಯಕ್ಷಿ,noun,ಸಂ ,1,ಯಕ್ಷ ಸ್ತ್ರೀ
ಯಕ್ಷಿಣಿ,noun,ಸಂ ,1,ಯಕ್ಷಲೋಕದ ಹೆಣ್ಣು
ಯಜನ,noun,ಸಂ ,1,"ಯಜ್ಞ, ಯಾಗ"
ಯಜಮಾನ,noun,ಸಂ ,1,"ಯಾಗಗಳನ್ನು ಮಾಡುವವನು, ಯಜ್ಞ ಕರ್ತೃ"
ಯಜಮಾನಿ,noun,ಸಂ ,1,"ಒಡತಿ, ಸ್ವಾಮಿನಿ"
ಯಜ್ಞ,noun,ಸಂ ,1,"ಯಾಗ, ಯಜನ"
ಯಜ್ಞಪಶು,noun,ಸಂ ,1,"ಯಜ್ಞದಲ್ಲಿ ಬಲಿಕೊಡುವ ಪ್ರಾಣಿ, ಬಲಿಪಶು"
ಯತಿ,noun,ಸಂ ,1,ಇಂದ್ರಿಯ ನಿಗ್ರಹ
ಯತ್ನ,noun,ಸಂ ,1,"ಪ್ರಯತ್ನ, ಸಾಧನೆ"
ಯಥಾರ್ಥ,noun,ಸಂ ,1,"ಸತ್ಯ, ನಿಜಸ್ಥಿತಿ"
ಯಥೇಚ್ಛ,noun,ಸಂ ,1,"ಮನಸ್ಸಿಗೆ ಬಂದಷ್ಟು, ಬೇಕಾದಷ್ಟು"
ಯಥೇಷ್ಟ,noun,ಸಂ ,1,"ಮನಸ್ಸಿಗೆ ಬಂದದ್ದು, ಸ್ವೇಚ್ಛೆ, ಸ್ವೈರವೃತ್ತಿ"
ಯದೃಚ್ಛೆ,noun,ಸಂ ,1,"ಸ್ವೇಚ್ಛಾವರ್ತನೆ, ಸ್ವಚ್ಛಂ ದತೆ"
ಯಮ,noun,ಸಂ ,1,"ಇಂದ್ರಿಯ ನಿಗ್ರಹ, ಸಂಯಮ"
ಯಮಕ,noun,ಸಂ ,1,"ತಡೆ, ಸಂಯಮ"
ಯಮಳ,noun,<ಸಂ. ಯಮಲ ,1,ಅವಳಿ ಮಕ್ಕಳು
ಯಮಿ,noun,ಸಂ ,1,"ಇಂದ್ರಿಯಗಳನ್ನು ನಿಗ್ರಹಿಸಿದವನು, ಯತಿ, ಸಂಯಮಿ"
ಯವ,noun,ಸಂ ,1,"ಒಂದು ಬಗೆಯ ಗೋಧಿ, ಜವೆ ಗೋಧಿ"
ಯವನ,noun,ಸಂ ,1,"ಗ್ರೀಸ್, ಟರ್ಕಿ ಮುಂ. ದೇಶದವನು"
ಯವ್ವನ,noun,<ಸಂ. ಯೌವನ ,1,"ತಾರುಣ್ಯ, ಹರೆಯ"
ಯಶ,noun,<ಸಂ. ಯಶಸ್ ,1,"ಕೀರ್ತಿ, ಖ್ಯಾತಿ"
ಯಷ್ಟಿ,noun,ಸಂ ,1,"ಕೋಲು, ಬಡಿಗೆ"
ಯಾಗ,noun,ಸಂ ,1,"ಯಜ್ಞ, ಕ್ರತು"
ಯಾಚಕ,noun,ಸಂ ,1,"ಬೇಡುವವನು, ಪ್ರಾರ್ಥಿಸುವವನು"
ಯಾಜಕ,noun,ಸಂ ,1,ಯಜ್ಞವನ್ನು ಮಾಡುವವನು
ಯಾಜಮಾನ್ಯ,noun,ಸಂ ,1,ಯಜ್ಞಕರ್ತನಾಗಿರುವಿಕೆ
ಯಾಜಿ,noun,ಸಂ ,1,"ಯಜ್ಞ, ಯಾಗ"
ಯಾತುಧಾನ,noun,<ಸಂ ,1,ರಾಕ್ಷಸ
ಯಾತ್ರೆ,noun,<ಸಂ. ಯಾತ್ರಾ ,1,"ಪ್ರಯಾಣ, ಸಂಚಾರ"
ಯಾದವೀಕಲಹ,noun,ಸಂ ,1,ಯದುವಂಶದ ನಾಶವನ್ನು ತಿಳಿಸುವ ಕಥೆ
ಯಾನ,noun,ಸಂ ,1,"ಚಲನೆ, ಸಂಚಾರ"
ಯಾಮ,noun,ಸಂ ,1,"ಹತೋಟಿ, ಹಿಡಿತ"
ಯುಕುತ,noun,<ಸಂ. ಯುಕ್ತ ,1,"ಯುಕ್ತವಾದುದು,"
ಯುಕ್ತ,noun,ಸಂ ,1,"ಜೋಡಣೆ, ಸೇರಿಕೆ"
ಯುಗ,noun,ಸಂ ,1,ನೇಗಿಲಿನ ಯಾ ಬಂಡಿಯ ನೊಗ
ಯುಗಪ್ರವರ್ತಕ,noun,ಸಂ ,1,ಒಂದು ಹೊಸ ಕಾಲವನ್ನು ಉಂಟುಮಾಡುವವನು
ಯುಗಳ,noun,<ಸಂ. ಯುಗಲಂ ,1,"ಜೊತೆ, ಜೋಡಿ"
ಯುಗಾಂತ,noun,<ಸಂ. ಯುಗಲಂ ,1,ಒಂದು ಯುಗದ ಕೊನೆ
ಯುಗ್ಮ,noun,ಸಂ ,1,"ಜೊತೆ, ಜೋಡಿ"
ಯುನಾನಿ,noun,<ಪಾರ. ಯುನಾನೀ ,1,"ಗ್ರೀಸ್ ದೇಶದವನು, ಯವನ"
ಯುವ,noun,<ಸಂ. ಯೌವನ್ ,1,"ತರುಣ, ಯುವಕ"
ಯುವತಿ,noun,<ಸಂ. ಯುವತೀ ,1,"ಹರಯದವಳು, ತರುಣಿ"
ಯುವನಿಕೆ,noun,<ಸಂ. ಯವನಿಕಾ ,1,ಯವನ ಜಾತಿಯ ಸ್ತ್ರೀ
ಯೂಕ,noun,ಸಂ ,1,"ಒಂದು ಬಗೆಯ ಕ್ರಿಮಿ, ಕೂರೆ"
ಯೋಗ,noun,ಸಂ ,1,"ಹೊಂದಿಸುವಿಕೆ, ಜೋಡಿಸುವಿಕೆ"
ಯೋಗಕ್ಷೇಮ,noun,ಸಂ ,1,"ಧನ, ಆಸ್ತಿ, ಮೊ.ವುಗಳ ಗಳಿಕೆ ಹಾಗೂ ಅವುಗಳ ರಕ್ಷಣೆ"
ಯೋಗದಂಡ,noun,ಸಂ ,1,"ಮಂತ್ರದ ಕೋಲು, ಮಾಯಾದಂಡ"
ಯೋಗಿ,noun,<ಸಂ. ಯೋಗಿನ್ ,1,"ಚಿತ್ತವೃತ್ತಿ ನಿರೋಧ ಮಾಡುವವನು, ಯತಿ"
ಯೋಗಿಣಿ,noun,<ಸಂ. ಯೋಗಿನೀ ,1,ಯೋಗಾ ಭ್ಯಾಸ ಮಾಡುವವಳು
ಯೋಗಿನಿ,noun,<ಸಂ. ಯೋಗಿನೀ ,1,ಯೋಗಿಣಿ
ಯೋಗ್ಯ,noun,ಸಂ ,1,"ಯೋಗ್ಯತೆ, ಅರ್ಹತೆ"
ಯೋಗ್ಯತಾಪತ್ರ,noun,ಸಂ ,1,ಅರ್ಹತಾ ಪತ್ರ
ಯೋಚನೆ,noun,ದೇ ,1,"ಎಣಿಕೆ, ವಿಚಾರ"
ಯೋಜಕ,noun,ಸಂ ,1,ಹೊಂದಿಸುವಂತಹುದು
ಯೋಜನ,noun,ಸಂ ,1,"ಹೊಂದಿಸುವುದು, ಅಳವಡಿಸುವುದು"
ಯೋಜನೆ,noun,<ಸಂ. ಯೋಜನಾ ,1,"ಏರ್ಪಾಟು, ವ್ಯವಸ್ಥೆ"
ಯೋನಿ,noun,ಸಂ ,1,"ಸ್ತ್ರೀಯ ಜನನಾಂಗ, ಭಗ"
ಯೋಷಿತೆ,noun,ಸಂ ,1,"ಹೆಂಗಸು, ಸ್ತ್ರೀ"
ಯೌವನ,noun,ಸಂ ,1,"ಹರಯ, ತಾರುಣ್ಯ"
ರಂಗ,noun,ಸಂ ,1,"ಬಣ್ಣ, ವರ್ಣ"
ರಂಗಪೂಜೆ,noun,ಸಂ ,1,ನಾಟಕದ ಪ್ರಾರಂಭಕ್ಕೆ ಮುಂಚೆ ರಂಗಕ್ಕೆ ಮಾಡುವ ಪೂಜೆ
ರಂಗಭೂಮಿ,noun,ಸಂ ,1,"ನಾಟಕವಾಡುವ ಸ್ಥಳ, ವೇದಿಕೆ"
ರಂಗು,noun,<ಸಂ. ರಂಗ ,1,"ಬಣ್ಣ, ವರ್ಣ"
ರಂಜಕ,noun,ಸಂ ,1,"ಆಕರ್ಷಕವಾದುದು, ಮನೋಹರವಾದುದು"
ರಂಜಣಿಗೆ,noun,<ಪ್ರಾ. ರಂಜಣ ,1,"ಪನ್ನೀರು, ಗಂಧ ಮುಂ. ವುಗಳನ್ನು ತುಂಬಿಡುವ ದೊಡ್ಡ ಪಾತ್ರೆ, ಕೊಪ್ಪರಿಗೆ"
ರಂಜನೆ,noun,<ಸಂ. ರಂಜನ ,1,"ಮೆರುಗು, ಕಾಂತಿ"
ರಂಡೆ,noun,<ಸಂ. ರಂಡಾ ,1,"ಗಂಡನನ್ನು ಕಳೆದು ಕೊಂಡವಳು, ವಿಧವೆ"
ರಂದಿ,noun,<ಮರಾ. ರೇಂದ ,1,"ಅಸ್ತವ್ಯಸ್ತವಾಗಿ ಹರಡಿದ - ವಸ್ತು, ಪದಾರ್ಥ"
ರಂಧ್ರ,noun,ಸಂ ,1,"ಕಂಡಿ, ತೂತು"
ರಂಪಣಿ,noun,ದೇ ,1,"ಗದ್ದಲ, ರಗಳೆ"
ರಂಭೆ,noun,<ಸಂ. ರಂಭಾ ,1,ಬಾಳೆಯ ಗಿಡ
ರಕಂ,noun,<ಅರ. ರಕ್ಮ್ ,1,"ಧನ, ಹಣ"
ರಕ್ಕಸ,noun,<ಸಂ. ರಾಕ್ಷಸ ,1,"ಅಸುರ, ರಾಕ್ಷಸ"
ರಕ್ಕಸಿ,noun,<ರಾಕ್ಷಸೀ ,1,"ರಾಕ್ಷಸಿ, ದೈತ್ಯೆ"
ರಕ್ಕೆ,noun,<ಸಂ. ರಕ್ಷಾ ,1,"ರಕ್ಷಿಸುವುದು, ಪಾಲನೆ"
ರಕ್ತ,noun,ಸಂ ,1,ಕೆಂಪುಬಣ್ಣ
ರಕ್ಷಣೆ,noun,<ಸಂ. ರಕ್ಷಣಾ ,1,"ಕಾಪಾಡುವಿಕೆ, ಸಂರಕ್ಷಿಸುವಿಕೆ"
ರಕ್ಷೆ,noun,<ಸಂ. ರಕ್ಷಾ ,1,"ಕಾಪು, ರಕ್ಷಣೆ"
ರಖಂ,noun,<ಅರಾ. ರಕ್ಮ್ ,1,ರಕಂ
ರಗಟೆ,noun,<ಮರಾ. ರಕಟೇ ,1,"ಹರಿದ ಬಟ್ಟೆ, ಚಿಂದಿ"
ರಗಳೆ,noun,<ಹಿಂ. ರಗಡ / ತೆಲು. ರಗಾಡ ,1,"ಗದ್ದಲ, ಗೊಂದಲ"
ರಚನೆ,noun,<ಸಂ. ರಚನಾ ,1,"ನಿರ್ಮಾಣ, ಸೃಷ್ಟಿ"
ರಚ್ಚು,noun,ದೇ <ಱಚ್ಚೆ ,1,"ಹಟ, ಛಲ"
ರಜ,noun,<ಸಂ. ರಜಸ್ ,1,"ಧೂಳು, ಹುಡಿ"
ರಜತ,noun,ಸಂ ,1,ಬೆಳ್ಳಿ
ರಜನಿ,noun,<ಸಂ. ರಜನೀ ,1,"ಇರುಳು, ರಾತ್ರಿ"
ರಜನಿಕರ,noun,<ಸಂ. ರಜನೀ ,1,ಚಂದ್ರ
ರಜನೀಚರ,noun,<ಸಂ. ರಜನೀ ,1,ರಾತ್ರಿಯಲ್ಲಿ ಸಂಚರಿಸುವವನು
ರಜಸ್ಸು,noun,<ಸಂ. ರಜಸ್ ,1,"ಧೂಳು, ಹುಡಿ"
ರಜಾಯಿ,noun,<ಪಾರ. ರಜಾಈ ,1,ತೆಳ್ಳಗಿರುವ ಹಾಸಿಗೆ
ರಟ್ಟು,noun,ದೇ ,1,"ದಪ್ಪ ಬಟ್ಟೆ, ಒರಟು ಬಟ್ಟೆ"
ರಣ,noun,ಸಂ ,1,"ಕಾಳಗ, ಯುದ್ಧ"
ರತ,noun,ಸಂ ,1,"ತತ್ಪರತೆ, ಧ್ಯಾನ"
ರತಿ,noun,ಸಂ ,1,"ಸಂತೋಷ, ಆನಂದ"
ರತಿಗೇಹ,noun,= ,1,ವಿಲಾಸಗೃಹ
ರತ್ನ,noun,ಸಂ ,1,"ವಜ್ರ, ಮಾಣಿಕ್ಯ ಮುಂ. ಬೆಲೆ ಯುಳ್ಳ ಮಣಿ"
ರತ್ನಗರ್ಭ,noun,ಸಂ ,1,"ರತ್ನಗಳನ್ನು ಹೊಂದಿರುವುದು; ಭೂಮಿ, ಸಮುದ್ರ ಮೊ.ದವು"
ರತ್ನತ್ರಯ,noun,ಸಂ ,1,"ಜೈನಧರ್ಮದಲ್ಲಿ ಮೋಕ್ಷ ಸಾಧನೆಗಳಾದ ಸಮ್ಯಕ್ ದೃಷ್ಟಿ, ಜ್ಞಾನ, ಚಾರಿತ್ರ್ಯ - ಎಂಬ ಮೂರು ತತ್ವಗಳು"
ರಥ,noun,ಸಂ ,1,"ತೇರು, ಬಂಡಿ"
ರಥಕಾರ,noun,ಸಂ ,1,"ರಥಗಳನ್ನು ಮಾಡುವವನು, ಬಡಗಿ"
ರಥಾಂಗ,noun,ಸಂ ,1,ರಥದ ಯಾವುದಾದರೂ ಒಂದು ಭಾಗ
ರದ,noun,ಸಂ ,1,"ಹಲ್ಲು, ದಂತ"
ರನ್ನ,noun,<ಸಂ. ರತ್ನ ,1,"ವಜ್ರ, ಮಾಣಿಕ್ಯ ಮುಂ. ಬೆಲೆ ಬಾಳುವ ಮಣಿ"
ರಪಣ,noun,<ಸಂ. ರೈ + ದೇ. ಪಣ ,1,"ಆಸ್ತಿ, ಐಶ್ವರ್ಯ"
ರಭಸ,noun,ಸಂ ,1,"ವೇಗ, ಜೋರು"
ರಮ,noun,ಸಂ ,1,"ಹಿತಕರವಾದುದು, ಸಂತೋಷ ದಾಯಕವಾದುದು"
ರಮಣ,noun,ಸಂ ,1,"ಹಿತವನ್ನು ಉಂಟುಮಾಡುವಂತಹುದು, ಆನಂದದಾಯಕವಾದುದು"
ರಮಣಿ,noun,<ಸಂ. ರಮಣೀ ,1,"ಸುಂದರಳಾದ ತರುಣಿ, ಸುಂದರಿ"
ರಮೆ,noun,<ಸಂ. ರಮಾ ,1,"ಹೆಂಡತಿ, ಪತ್ನಿ"
ರಯ,noun,ಸಂ ,1,"ವೇಗ, ರಭಸ"
ರವಣಿ,noun,<ಸಂ. ರವಣ ,1,"ವಾದ್ಯ ಮುಂ.ವು ಗಳ ಧ್ವನಿ, ನಾದ"
ರವಳಿ,noun,<ಸಂ. ರವಣಿ ,1,"ವಾದ್ಯ ಮುಂ.ವು ಗಳ ಧ್ವನಿ, ಘೋಷ"
ರವಾನೆ,noun,<ಪಾರ. ರವಾನಾ ,1,"ಕಳುಹಿಸುವಿಕೆ, ಸಾಗಾಣಿಕೆ"
ರವಿ,noun,ಸಂ ,1,"ನೇಸರು, ಸೂರ್ಯ"
ರವೆ,noun,<ಮರಾ. ರವಾ ,1,"ಗೋಧಿ, ಅಕ್ಕಿ ಮೊ.ವುಗಳ - ಸಣ್ಣ ನುಚ್ಚು, ತರಿ"
ರಶನ(ನೆ),noun,ಸಂ ,1,"ನಡುವಿಗೆ ಧರಿಸುವ ಪಟ್ಟಿ, ಡಾಬು"
ರಶ್ಮಿ,noun,ಸಂ ,1,"ಕದಿರು, ಕಿರಣ"
ರಸ,noun,ಸಂ ,1,"ಹಣ್ಣು, ಗಿಡ, ಎಲೆ ಮುಂ.ವುಗಳ ದ್ರವ ಸಾರ"
ರಸಜ್ಞ,noun,ಸಂ ,1,ಸ್ವಾರಸ್ಯವನ್ನು ಬಲ್ಲವನು
ರಸಜ್ಞೆ,noun,ಸಂ ,1,ರಸಗಳನ್ನು ಅರಿಯುವ ನಾಲಗೆ
ರಸನ(ನೆ),noun,ಸಂ ,1,"ರುಚಿನೋಡುವಿಕೆ, ಆಸ್ವಾ ದನೆ"
ರಸಭರಿತ,noun,ಸಂ ,1,ಸಾರವತ್ತಾದುದು
ರಸಾಯನ,noun,ಸಂ ,1,ಹಿತವಾದುದು
ರಸಾಲ,noun,ಸಂ ,1,ಮಾವು
ರಸಿಕ,noun,ಸಂ ,1,"ರಸಾನುಭವ ಹೊಂದಬಲ್ಲವನು, ರಸಜ್ಞ"
ರಸಿಕೆ,noun,ದೇ ,1,"ಗಾಯದಿಂದ ಸೋರುವ ನೀರು, ಕೀವು"
ರಸೆ,noun,<ಸಂ. ರಸಾ ,1,"ನೆಲ, ಭೂಮಿ"
ರಹ,noun,<ಅರಾ. ರಹಾ ,1,"ಗುಟ್ಟು, ರಹಸ್ಯ"
ರಹದಾರಿ,noun,<ಅರಾ. ರಹಾ ,1,"ಅನುಜ್ಞಾಪತ್ರ, ಪರವಾನೆ"
ರಹಿ,noun,<ಅರಾ. ರಹಾ ,1,"ರೀತಿ, ಪ್ರಕಾರ"
ರಾಕೆ,noun,<ಸಂ. ರಾಕಾ ,1,ಹುಣ್ಣಿಮೆ
ರಾಕ್ಷಸ,noun,ಸಂ ,1,"ದೇವತೆಗಳ ಶತ್ರು, ದೈತ್ಯ"
ರಾಕ್ಷಸಿ,noun,<ಸಂ. ರಾಕ್ಷಸೀ ,1,"ರಾಕ್ಷಸರ ಹೆಣ್ಣು, ರಾಕ್ಷಸಿ"
ರಾಗ,noun,ಸಂ ,1,"ಬಣ್ಣ, ರಂಗು"
ರಾಗಾವಿಲ,noun,ಸಂ ,1,ಅತಿಮೋಹಕ್ಕೆ ಒಳಗಾದುದು
ರಾಗಿಣಿ,noun,<ಸಂ. ರಾಗಿಣೀ ,1,"ಪ್ರೀತಿಯಿರುವವಳು, ಅನುರಕ್ತೆ"
ರಾಜ,noun,<ಸಂ. ರಾಜನ್ ,1,"ದೊರೆ, ಅರಸು"
ರಾಜಕಾಯಕ,noun,<ಸಂ. ರಾಜನ್ ,1,ರಾಜನಿಗೆ ಯಾ ರಾಜ್ಯಾಡಳಿತ ಮುಂ.ವಕ್ಕೆ ಸಂಬಂಧಿಸಿದ ಕೆಲಸ
ರಾಜಕೀಯ,noun,=,1,ರಾಜನಿಗೆ ಸಂಬಂಧಿಸಿದುದು
ರಾಜನ್ಯ,noun,ಸಂ ,1,"ದೊರೆ, ಅರಸ"
ರಾಜಯೋಗ,noun,ಸಂ ,1,ನಾಲ್ಕು ಯೋಗಗಳಲ್ಲಿ ಒಂದು
ರಾಜಶ್ರೀ,noun,ಸಂ ,1,ಅರಸನ ಐಶ್ವರ್ಯ
ರಾಜಸ,noun,ಸಂ ,1,"ಕಾಮ ಕ್ರೋಧಗಳಿಂದ ಕೂಡಿದ ಗುಣ, ರಜೋಗುಣ"
ರಾಜಿ,noun,ಸಂ ,1,"ಸಾಲӁ, ಪಂಕ್ತಿ"
ರಾಜೀ,noun,<ಅರಾ. ರಾಜೀ ,1,"ಒಪ್ಪಂದ, ಒಡಂಬಡಿಕೆ"
ರಾಜೀವ,noun,ಸಂ ,1,"ಕಮಲ, ತಾವರೆ"
ರಾಜ್ಯ,noun,ಸಂ ,1,"ದೊರೆಯ ಅಧಿಕಾರಕ್ಕೆ ಒಳಪಟ್ಟ - ಭೂಮಿ, ದೇಶ"
ರಾಜ್ಯಭಾರ,noun,ಸಂ ,1,ರಾಜ್ಯಾಡಳಿತದ ಹೊಣೆ
ರಾಟೆ,noun,<ದೇ. ಱಟ ,1,"ನೂಲು ತೆಗೆಯುವ ಸಾಧನ, ಚರಕ"
ರಾಡಿ,noun,"<ಮರಾ. ರಾಡ್, ರಬಡಾ ",1,"ಕೆಸರು, ಕೊಚ್ಚೆ, ಬಗ್ಗಡ"
ರಾಣುವೆ,noun,<ದೇ. ತುಳು. ರಾಣುವ ,1,"ಪಡೆ, ಸೈನ್ಯ, ದಳ"
ರಾತೀಪು(ಬು),noun,<ಅರಾ. ರಾತಿಬ್ ,1,ಪುಷ್ಟಿ ಕರವಾದ ಆಹಾರ
ರಾದ್ಧಾಂತ,noun,ಸಂ ,1,"ವಾದ, ವಿವಾದಗಳ ನಿರ್ಣಯ"
ರಾಮ,noun,ಸಂ ,1,ಸುಂದರವಾದುದು
ರಾಮಣೀಯಕ,noun,<ಸಂ. ರಮಣೀಯ ,1,ರಮ ಣೀಯವಾದುದು
ರಾಮಬಾಣ,noun,<ಸಂ. ರಮಣೀಯ ,1,ಶ್ರೀ ರಾಮಚಂದ್ರನ ಗುರಿಯನ್ನು ತಪ್ಪದ ಬಾಣ
ರಾಮೆ,noun,<ಸಂ. ರಾಮಾ ,1,"ಹೆಂಗಸು, ಸ್ತ್ರೀ"
ರಾಯ,noun,<ಸಂ. ರಾಜನ್ ,1,"ಅರಸ, ರಾಜ, ದೊರೆ"
ರಾಯಭಾರಿ,noun,<ಸಂ. ರಾಜ್ಯಭಾರ + ಇ ,1,"ನಿಯೋಗಿ, ಪ್ರತಿನಿಧಿ"
ರಾಯಸ),noun,<ಸಂ. ರಾಜ್ಯಭಾರ + ಇ ,1,"ರಾಜ, ಗುರು ಮುಂ.ದ ಹಿರಿಯರು ಬರೆಸುವ ಪತ್ರ, ನಿರೂಪ"
ರಾಳ,noun,<ಸಂ. ರಾಲ ,1,"ಒಂದು ಬಗೆಯ ಮರ, ಅರಾಲ, ಸಜ್ಜರಸ"
ರಾವ,noun,ಸಂ ,1,"ಪ್ರಾಣಿಗಳ ಕೂಗು, ಅರಚಾಟ"
ರಾವಣ,noun,ಸಂ ,1,"ಗಟ್ಟಿಯಾದ - ಕೂಗು, ಗರ್ಜನೆ"
ರಾವು,noun,<ಸಂ. ರಾಹು ,1,ಒಂದು ಕೊಂಡಾಟದ ನುಡಿ
ರಾಶಿ,noun,ಸಂ ,1,"ಧಾನ್ಯ ಮೊ. ವಸ್ತುಗಳ ಗುಪ್ಪೆ, ಬಟ್ಟಲು"
ರಾಷ್ಟ್ರಕ,noun,ಸಂ ,1,"ರಾಷ್ಟ್ರದ ಹಕ್ಕು ಬಾದ್ಯತೆಯನ್ನು ಪಡೆದವನು, ಪ್ರಜೆ"
ರಾಷ್ಟ್ರಪತಿ,noun,ಸಂ ,1,"ದೇಶದ ಒಡೆಯ, ನಾಡಿನ ಅಧಿಪತಿ"
ರಾಷ್ಟ್ರೀಯತೆ,noun,<ಸಂ. ರಾಷ್ಟ್ರೀಯತಾ ,1,ಒಟ್ಟು ದೇಶದ ಐಕ್ಯದ ಪರಿಭಾವನೆ
ರಾಸ,noun,ಸಂ ,1,"ಶಬ್ದ, ಸದ್ದು"
ರಾಸಿ,noun,"<ರಾಸು ರಾಸು, ಜಾನುವಾರು; <ಸಂ. ರಾಶಿ ",1,ಧಾನ್ಯ ಮೊ. ವಸ್ತು ಗಳ ಗುಪ್ಪೆ
ರಾಸು,noun,? ,1,"ದನ, ಜಾನುವಾರು"
ರಾಹು,noun,ಸಂ ,1,ನವಗ್ರಹಗಳಲ್ಲಿ ಒಂದು
ರಿಂಗಣ,noun,ಸಂ ,1,ಸುತ್ತುತ್ತಾ ಮಾಡುವ ಒಂದು ಬಗೆಯ ನೃತ್ಯ
ರಿಕ್ತ,noun,ಸಂ ,1,"ಶೂನ್ಯ, ಬರಿದು"
ರಿಯಾಯಿತಿ,noun,<ಅರ. ರಿಆಯತ್ ,1,"ಬಿಟ್ಟು ಕೊಡುವುದು, ವಟ್ಟ, ಸೋಡಿ"
ರೀತಿ,noun,ಸಂ ,1,"ಗತಿ, ಚಲನೆ, ಗಮನ"
ರುಂಡ,noun,ಸಂ ,1,"ತಲೆಯಿಲ್ಲದ ದೇಹ, ಅಟ್ಟೆ, ಕಬಂಧ"
ರುಕ್ಕು,noun,<ಸಂ. ಋಕ್ ,1,ವೇದದ ಮಂತ್ರ
ರುಕ್ಮ,noun,ಸಂ ,1,"ಚಿನ್ನ, ಬಂಗಾರ"
ರುಕ್ಷ,noun,<ಸಂ. ಋಕ್ಷ ,1,ಕರಡಿ
ರುಚಿ,noun,ಸಂ ,1,"ಕಾಂತಿ, ಪ್ರಕಾಶ"
ರುಚಿರ,noun,ಸಂ ,1,"ಸೌಂದರ್ಯ, ಚೆಲುವು"
ರುಚ್ಯ,noun,ಸಂ ,1,"ಹೊಳಪು, ಕಾಂತಿ"
ರುಜಿನ,noun,<ಸಂ. ವೃಜಿನ ,1,"ಖಾಯಿಲೆ, ವ್ಯಾಧಿ"
ರುಜೆ,noun,<ಸಂ. ರುಜಾ ,1,"ಖಾಯಿಲೆ, ರೋಗ"
ರುಣ,noun,<ಸಂ. ಋಣ ,1,"ಸಾಲ, ಕಡ"
ರುತಿ,noun,ಸಂ ,1,ಧ್ವನಿ
ರುದ್ರ,noun,ಸಂ ,1,"ಭಯವನ್ನು ಹುಟ್ಟುಸುವವನು, ಭೀಕರನಾದವನು"
ರುಧಿರ,noun,ಸಂ ,1,"ಕೆಂಪು ಬಣ್ಣ, ರಕ್ತವರ್ಣ"
ರುರು,noun,ಸಂ ,1,ಮೈಮೇಲೆ ಚುಕ್ಕೆಗಳಿರುವ ಒಂದು ಬಗೆಯ ಜಿಂಕೆ
ರೂಕ್ಷ,noun,ಸಂ ,1,"ಕಾಠಿಣ್ಯ, ಗಡಸುತನ"
ರೂಢನಾಮ,noun,= ,1,"ರೂಢಿಯಿಂದ ಬಂದ ಹೆಸರು, ಖ್ಯಾತನಾಮ"
ರೂಢಿ,noun,ಸಂ ,1,"ವಾಡಿಕೆ, ಬಳಕೆ, ಅಭ್ಯಾಸ"
ರೂಪ,noun,ಸಂ ,1,"ಆಕಾರ, ಆಕೃತಿ"
ರೂಪಕ,noun,ಸಂ ,1,"ಆಕಾರ, ಪರಿಜು"
ರೂಪು,noun,<ಸಂ. ರೂಪ ,1,"ಆಕಾರ, ರೂಪ"
ರೂಪ್ಯ,noun,ಸಂ ,1,ಬೆಳ್ಳಿ
ರೂವಾರ,noun,<ಸಂ. ರೂಪಕಾರ ,1,ಶಿಲ್ಪಿ
ರೆಂಟೆ,noun,ದೇ ,1,ಹೊಲವನ್ನು ಉಳಲು ಬಳಸುವ ನೇಗಿಲಿನಂಥ ಒಂದು ಬಗೆಯ ಸಾಧನ
ರೆಪ್ಪೆ,noun,ದೇ ,1,"ಕಣ್ಣಿನ - ಎವೆ, ಎಮೆ"
ರೇಕು,noun,ದೇ ,1,ಚಿನ್ನ ಮುಂ. ಲೋಹಗಳ ತೆಳುವಾದ ತಗಡು
ರೇಕೆ,noun,<ಸಂ. ರೇಖಾ ,1,"ಗೆರೆ, ರೇಖೆ"
ರೇಖೆ,noun,<ಸಂ. ರೇಖಾ ,1,"ಗೆರೆ, ಗೀಟು"
ರೇಚಕ,noun,ದೇ ,1,ಪ್ರಾಣಾಯಾಮದಲ್ಲಿ ಒಂದು ಪ್ರಕಾರ
ರೇಚಿತ,noun,ಸಂ ,1,ಕುದುರೆಯ ನಡಗೆಯಲ್ಲಿ ಒಂದು ಬಗೆ
ರೇಜಿಗೆ,noun,ದೇ ,1,"ಹೊಲಸು, ಕೊಳಕು"
ರೇಣು,noun,ಸಂ ,1,"ಧೂಳು, ಹುಡಿ"
ರೇವೆ,noun,<ಮರಾ. ರೇವ ,1,"ಸಣ್ಣ ಕಣ, ಪುಡಿ"
ರೈ,noun,ಸಂ ,1,"ಐಶ್ವರ್ಯ, ಸಂಪತ್ತು"
ರೈತಾಪಿ,noun,<ಅರ. ರಾಈಯತ್ ,1,"ಆರಂಭ, ಬೇಸಾಯ"
ರೊಚ್ಚು,noun,"ದೇ. ಱಚ್ಚೆ ಕೆಸರು, ಪಂಕ; <ಸಂ. ರೋಷ ",1,"ಸೇಡು, ಮುಯ್ಯಿ"
ರೊಪ್ಪ,noun,ದೇ ,1,"ಕುರಿ, ಹಂದಿ ಮುಂ.ವು ಗಳನ್ನು ಕೂಡುವ - ಜಾಗ, ದೊಡ್ಡಿ"
ರೋಚನ,noun,ಸಂ ,1,"ಹಳದಿ ಬಣ್ಣದ ಒಂದು ಬಗೆಯ ಸುಗಂಧ ದ್ರವ್ಯ, ಗೋರೋಚನ"
ರೋಚಿ,noun,<ಸಂ. ರೋಚಿಸ್ ,1,"ಬೆಳಕು, ಕಾಂತಿ"
ರೋಜು,noun,<ಪಾರ. ರೋಜ್ ,1,"ದಿನ, ನಿತ್ಯ"
ರೋಜುಗಾರಿ,noun,<ಪಾರ. ರೋಜ್‌ಗಾರಿ ,1,"ಕೂಲಿ, ಮಜೂರಿ"
ರೋತೆ,noun,ದೇ ,1,"ಕೊಳಕು, ಗಲೀಜು"
ರೋಧ,noun,ಸಂ ,1,"ಅಡ್ಡಿ, ತಡೆ"
ರೋಮ,noun,ಸಂ ,1,ಮೈಮೇಲಿನ ಕೂದಲು
ರೋಮಂಥ,noun,ಸಂ ,1,ಹಸು ಮೊ. ಪ್ರಾಣಿಗಳು ತಿಂದ ಆಹಾರವನ್ನು ಮೆಲುಕು ಹಾಕುವಿಕೆ
ರೋಮಶ,noun,ಸಂ ,1,"ಮೈ ತುಂಬ ಕೂದಲುಳ್ಳ ಕುರಿ, ಕರಡಿ ಮುಂ. ಪ್ರಾಣಿವರ್ಗ"
ರೋಹಣ,noun,ಸಂ ,1,"ಏರುವುದು, ಹತ್ತುವುದು"
ರೋಹಿಣಿ,noun,<ಸಂ. ರೋಹಿಣೀ ,1,"ಶ್ರೀಗಂಧ, ಚಂದನ"
ರೋಹಿತ,noun,ಸಂ ,1,ಕೆಂಪು ಬಣ್ಣ
ರೌಕುಳ,noun,<ಮರಾ. ರವಖಳ ,1,"ಅವ್ಯವಸ್ಥೆ, ಚೆಲ್ಲಾಪಿಲ್ಲಿ"
ರೌದ್ರ,noun,ಸಂ ,1,"ಸಿಟ್ಟು, ರೋಷ"
ಲಂಘನ,noun,<ಸಂ ,1,"ಹಾರುವಿಕೆ, ಜಿಗಿತ"
ಲಂಡ,noun,<ಸಂ. ಲಡ್ಡ ,1,"ದುಷ್ಟ, ನೀಚ"
ಲಂಪಟ,noun,ಸಂ ,1,ಯಾವುದಾದರೊಂದು ಚಟವುಳ್ಳವನು
ಲಂಬ,noun,ಸಂ ,1,ಉದ್ದಳತೆ
ಲಂಬಕ,noun,ಸಂ ,1,"ಒಂದು ಬಗೆಯ ಆಭರಣ, ಸರ, ಹಾರ"
ಲಂಬಣ,noun,<ಸಂ. ಲಂಬನ ,1,ಉದ್ದವಾದ ಒಂದು ಬಗೆಯ ಮರ
ಲಂಬಿಕೆ,noun,<ಸಂ. ಲಂಬಿಕಾ ,1,ಕಿರುನಾಲಗೆ
ಲಂಬು,noun,<ಸಂ. ಲಂಬ ,1,ಉದ್ದಳತೆ
ಲಂಬೋದರ,noun,<ಸಂ. ಲಂಬ ,1,ದೊಡ್ಡ ಹೊಟ್ಟೆಯವನು
ಲಕುಚ,noun,ಸಂ ,1,ಗಜನಿಂಬೆ
ಲಕೋಟೆ,noun,<ಹಿಂ. ಲಖೋಟಾ ,1,"ಪತ್ರವನ್ನು ಇಟ್ಟು ಅಂಟಿಸಿ ಕಳುಹಿಸುವ ಕಾಗದದ ಸಣ್ಣ ಚೀಲ, ಸಣ್ಣ ಕವರು, ಅಂಟಿಸಿದ ಯಾ ಅಂಟಿಸದೆ ಮುಚ್ಚಿರುವ ಅಂಚೆಯ ಪತ್ರ"
ಲಕ್ಕ,noun,"<ಸಂ. ಲಕ್ಷ ಒಂದು ಸಂಖ್ಯೆ, ನೂರು ಸಾವಿರ, ಲಕ್ಷ; <ಸಂ. ಲಕ್ಷ್ಯ ",1,"ಗಮನ, ಲಕ್ಷ್ಯ"
ಲಕ್ಕಣ,noun,<ಸಂ. ಲಕ್ಷಣ ,1,"ಗುರುತು, ಚಿಹ್ನೆ"
ಲಕ್ಷಣ,noun,ಸಂ ,1,"ಗುರುತು, ಚಿಹ್ನೆ"
ಲಕ್ಷಣವಂತ,noun,ಸಂ ,1,ಚೆಲುವ
ಲಕ್ಷ್ಮ,noun,<ಸಂ. ಲಕ್ಷ್ಮನ್ ,1,"ಗುರುತು, ಚಿಹ್ನೆ, ಕುರುಹು"
ಲಕ್ಷ್ಮಿ,noun,<ಸಂ. ಲಕ್ಷ್ಮೀ ,1,"ಸಂಪತ್ತು, ಐಶ್ವರ್ಯ"
ಲಕ್ಷ್ಮೀಪತಿ,noun,<ಸಂ. ಲಕ್ಷ್ಮೀ ,1,"ಲಕ್ಷ್ಮಿಯ ವಲ್ಲಭ, ವಿಷ್ಣು"
ಲಕ್ಷ್ಯ,noun,ಸಂ ,1,"ಗುರುತು, ಚಿಹ್ನೆ"
ಲಗಡ,noun,ಸಂ ,1,"ಪೆಟ್ಟು, ಹೊಡೆತ"
ಲಗಾಟ,noun,<ಸಂ. ಲಘು + ಆಟ ,1,"ಲಾಗ, ಪಲ್ಟಿ"
ಲಗಾಮು,noun,<ಪಾರ. ಲಗಾಮ್ ,1,"ಕಡಿವಾಣ, ವಾಘೆ"
ಲಗು,noun,<ಸಂ. ಲಘು ,1,"ಹಗುರ, ಭಾರವಿಲ್ಲದುದು"
ಲಗ್ಗೆ,noun,ದೇ ,1,"ಮುತ್ತಿಗೆ, ಆಕ್ರಮಣ"
ಲಗ್ನ,noun,ಸಂ ,1,"ಮುಹೂರ್ತ, ನಿಶ್ಚಿತವಾದ ಕಾಲ"
ಲಗ್ನಕಾಲ,noun,= ,1,ಶುಭಮುಹೂರ್ತ
ಲಗ್ನಪತ್ರಿಕೆ,noun,= ,1,ಮದುವೆಯ ಕರೆಯೋಲೆ
ಲಘಿಮೆ,noun,<ಸಂ. ಲಘಿಮಾ ,1,"ಅಣಿಮೆ, ಮಹಿಮೆ, ಗರಿಮೆ ಲಘಿಮೆ, ಪ್ರಾಪ್ತಿ, ಪ್ರಾಕಾಮ್ಯ, ಈಶತ್ವ ಮತ್ತು ವಶಿತ್ವ ಎಂಬ ಎಂಟು ಬಗೆಯ ಸಿದ್ಧಿಗಳಲ್ಲಿ ಒಂದು; ಇಚ್ಛಿಸಿದಾಗ ದೇಹವನ್ನು ಅತ್ಯಂತ ಹಗುರವಾಗಿಸಿಕೊಳ್ಳಬಲ್ಲ ಶಕ್ತಿ"
ಲಘು,noun,ಸಂ ,1,ಛಂದಶಾಸ್ತ್ರದಲ್ಲಿ ಒಂದು ಮಾತ್ರೆಯ ಅವಧಿಯಲ್ಲಿ ಉಚ್ಚರಿಸುವ ಅಕ್ಷರ
ಲಘುತ್ವ,noun,ಸಂ ,1,"ವೇಗ, ಶೀಘ್ರತೆ"
ಲಜ್ಜಾವತಿ,noun,<ಸಂ. ಲಜ್ಜಾವತೀ ,1,"ಒಂದು ಬಗೆಯ ಗಿಡ, ಮುಟ್ಟಿದರೆ ಮುನಿ, ಲಜ್ಜರಿಕೆ"
ಲಜ್ಜಿತ,noun,ಸಂ ,1,"ನಾಚಿಕೆಗೊಂಡವನು, ಸಂಕೋಚ ಹೊಂದಿದವನು"
ಲಜ್ಜೆ,noun,<ಸಂ. ಲಜ್ಜಾ ,1,"ನಾಚಿಕೆ, ಸಿಗ್ಗು, ಸಂಕೋಚ"
ಲಟ್ಠ,noun,<ಹಿಂ. ಲಟ್ಠಾ ,1,"ದಪ್ಪ, ಸ್ಥೂಲವಾದುದು"
ಲಡ್ಡು,noun,<ದೇ. ಲೊಡ್ಡು ,1,ನಿಸ್ಸಾರವಾದ ಜೊಂಡು ಹುಲ್ಲು
ಲತೆ,noun,<ಸಂ. ಲತಾ ,1,"ಬಳ್ಳಿ, ಹಂಬು"
ಲಪನ,noun,ಸಂ ,1,ಮಾತನಾಡುವುದು
ಲಬ್ಧ,noun,ಸಂ ,1,"ಪಡೆದುದು, ಪ್ರಾಪ್ತಿ"
ಲಭ್ಯ,noun,ಸಂ ,1,"ದೊರೆತುದು, ಪ್ರಾಪ್ತಿ"
ಲಯ,noun,ಸಂ ,1,ಹಾಳು
ಲಲನೆ,noun,<ಸಂ. ಲಲನಾ ,1,"ಹೆಂಗಸು, ಸ್ತ್ರೀ"
ಲಲಾಟನೇತ್ರ,noun,<ಸಂ. ಲಲನಾ ,1,ಹಣೆಯಲ್ಲಿರುವ ಕಣ್ಣು
ಲಲಾಟಪಟ್ಟಿ,noun,<ಸಂ. ಲಲನಾ ,1,"ಹಣೆ, ನೊಸಲು"
ಲಲಾಟರೇಖೆ,noun,<ಸಂ. ಲಲನಾ ,1,ಆಯುಷ್ಯವನ್ನು ಸೂಚಿಸು ವುದೆಂದು ನಂಬಲಾದ ಹಣೆಯ ಮೇಲಿನ ಗೆರೆ
ಲಲಾಟಿಕೆ,noun,<ಸಂ. ಲಲಾಟಿಕಾ ,1,"ಮುಂದಲೆಯಲ್ಲಿ ಧರಿಸುವ ಒಂದು ಬಗೆಯ ಆಭರಣ, ಬೈತಲೆ ಮಣೆ"
ಲಲಾಮ,noun,ಸಂ ,1,"ಮುಂದಲೆಯ ಆಭರಣ, ಬೈತಲೆಮಣೆ"
ಲಲಿತ,noun,ಸಂ ,1,ಸ್ತ್ರೀಯ ಶೃಂಗಾರ ಭಾವಗಳಲ್ಲಿ ಒಂದು
ಲಲಿತೆ,noun,<ಸಂ. ಲಲಿತಾ ,1,"ಹೆಂಗಸು, ಸ್ತ್ರೀ"
ಲಲ್ಲೆ,noun,ದೇ ,1,"ಮುದ್ದು, ಪ್ರೀತಿ"
ಲವ,noun,ಸಂ ,1,"ಅಲ್ಪ, ಸ್ವಲ್ಪ"
ಲವಣ,noun,ಸಂ ,1,"ಉಪ್ಪು, ಕ್ಷಾರ"
ಲವಲವಿಕೆ,noun,<ಮರಾ. ಲವಲವ ,1,"ಉತ್ಸಾಹ, ಹುರುಪು"
ಲವುಡೀ,noun,<ಪಾರ. ಲವುಂಡ್ ,1,"ತೊತ್ತು, ಸೇವಕಿ"
ಲಷ್ಕರು,noun,<ಪಾರ. ಮರಾ. ಲಶ್ಕರ್ ,1,"ಸೈನ್ಯ, ದಂಡು"
ಲಸಿಕೆ,noun,<ಸಂ. ಲಸಿಕಾ ,1,"ರಸಿಕೆ, ಗಾಯದಿಂದ ಸೋರುವ ನೀರು, ಕೀವು"
ಲಹರಿ,noun,ಸಂ ,1,"ರಭಸ, ಆವೇಗ"
ಲಾಂಗಲ,noun,ಸಂ ,1,"ನೇಗಿಲು, ಹಲ"
ಲಾಂಗಲಿ,noun,<ಸಂ. ಲಾಂಗಲಿನ್ ,1,ಒಂದು ಬಗೆಯ ಔಷಧೀ ಸಸ್ಯ
ಲಾಂಗೂಲಚಾಲನ,noun,<ಸಂ. ಲಾಂಗಲಿನ್ ,1,ಬಾಲವನ್ನು ಅಲ್ಲಾಡಿಸುವುದು
ಲಾಂಛನ,noun,ಸಂ ,1,"ಗುರುತು, ಚಿಹ್ನೆ"
ಲಾಕುಳ,noun,<ಸಂ. ಲಕುಟ ,1,"ದೊಣ್ಣೆ, ಬಡಿಗೆ"
ಲಾಕ್ಷಣಿಕ,noun,ಸಂ ,1,"ಕಾವ್ಯ ಲಕ್ಷಣವನ್ನು ಬಲ್ಲವನು, ಕಾವ್ಯ ಶಾಸ್ತ್ರಜ್ಞ"
ಲಾಗ,noun,<ಸಂ. ಲಂಘನ ,1,"ನೆಗೆಯುವಿಕೆ, ಹಾರುವಿಕೆ"
ಲಾಗವಡು,noun,<ಮರಾ. ಲಂಗವಡ ,1,"ವ್ಯವ ಸಾಯದ ಖರ್ಚು, ವೆಚ್ಚ"
ಲಾಗು,noun,<ಸಂ. ಲಂಘನ ,1,"ನೆಗೆಯುವಿಕೆ, ಲಂಘನ"
ಲಾಘವ,noun,ಸಂ ,1,"ಹಗುರತನ, ಲಘುತ್ವ"
ಲಾಜ(ಜೆ),noun,<ಸಂ. ಲಾಜಾ ,1,ಬತ್ತದ ಅರಳು
ಲಾಡಿ,noun,<ಮರಾ. ಹಿಂ. ನಾಡಾ ,1,"ನೀಳಪಟ್ಟಿ, ದಾರ"
ಲಾಯಕ್ಕು(ಖು),noun,<ಅರಾ. ಲಾಇಕ್ ,1,"ಯೋಗ್ಯವಾದುದು, ಅರ್ಹವಾದುದು"
ಲಾಲಸ,noun,ಸಂ ,1,"ಅತಿಯಾದ - ಅಸೆ, ಬಯಕೆ"
ಲಾಲಿತ್ಯ,noun,ಸಂ ,1,"ಚೆಲುವು, ಸೌಂದರ್ಯ"
ಲಾಳ,noun,<ಸಂ. ನಾಲ ,1,"ಲೇಖನಿಗಳನ್ನು ಮಾಡಲು ಬಳಸುವ ಒಂದು ಬಗೆಯ - ಗಲಗು, ಬೆತ್ತ"
ಲಾಳವಿಂಡಿಗೆ,noun,ಲಾಳ + ಪಿಂಡಿಗೆ ,1,"ಬಾಗಿ ಲನ್ನು ಮುಚ್ಚಿ ಭದ್ರ ಪಡಿಸುವ ಸಾಧನ, ಅಗುಳಿ, ಲಾಳ ಮುಂಡಿಗೆ"
ಲಾಳಿ,noun,<ಸಂ. ನಾಲೀ ,1,"ಬಟ್ಟೆಯನ್ನು ನೇಯಲು ನೆಯ್ಗೆಯವನು ಉಪಯೋಗಿಸುವ ಒಂದು ಸಾಧನ, ನಾಳಿ"
ಲಾವಕ,noun,ಸಂ ,1,"ಚಾಡಿಕೋರ, ಪಿಸುಣ"
ಲಾವಣಿಗೆ,noun,<ಸಂ. ಲವಣ ಉಪ್ಪಿನಕಾಯಿ; ? ,1,"ಗುಂಪು, ಸಮೂಹ"
ಲಾವಣ್ಯ,noun,ಸಂ ,1,ಉಪ್ಪಿನ ರುಚಿಯುಳ್ಳದ್ದು
ಲಾಸ್ಯ,noun,ಸಂ ,1,"ಕುಣಿತ, ನೃತ್ಯ"
ಲಿಂಗ,noun,ಸಂ ,1,"ಚಿಹ್ನೆ, ಗುರುತು"
ಲಿಂಗಧಾರಿ,noun,ಸಂ ,1,ಲಿಂಗಧರ
ಲಿಂಗಿ,noun,<ಸಂ. ಲಿಂಗಿನ್ ,1,"ಸಂನ್ಯಾಸಿನಿ, ಯೋಗಿನಿ"
ಲಿಂಗೈಕ್ಯ,noun,<ಸಂ. ಲಿಂಗಿನ್ ,1,ಲಿಂಗದಲ್ಲಿ ಐಕ್ಯನಾಗುವುದು
ಲಿಕುಚ,noun,ಸಂ ,1,"ಲಿಂಬಿಬೆ, ನಿಂಬೆ"
ಲಿಖಾವಟ್ಟು,noun,<ಹಿಂ. ಮರಾ. ಲಿಖಾವಟ್ ,1,ಬರವಣಿಗೆ
ಲಿಖಿತ,noun,ಸಂ ,1,"ಬರೆದುದು, ಬರಹ"
ಲಿಪಿ,noun,ಸಂ ,1,"ಅಕ್ಷರ, ವರ್ಣ"
ಲೀನ,noun,ಸಂ ,1,ಯಾವುದಾದರೂ ಒಂದು ವಿಷಯದಲ್ಲಿ ಮಗ್ನನಾದವನು
ಲೀಲೆ,noun,"<ಸಂ. ಲೀಲಾ ಆನಂದ, ಸಂತೋಷ ",1,"ಆಟ, ಕ್ರೀಡೆ"
ಲುಂಟಾ(ಠಾ)ಕ,noun,ಸಂ ,1,"ಕದಿಯುವುದು, ಅಪ ಹರಣ"
ಲುಂದು,noun,ದೇ ,1,"ಮಲಗುವಿಕೆ, ನಿದ್ರೆ"
ಲುಪ್ತ,noun,ಸಂ ,1,"ಕೊರತೆ, ಕುಂದು"
ಲುಬ್ಧ,noun,ಸಂ ,1,"ಲೋಭಿ, ಜಿಪುಣ"
ಲುಬ್ಧಕ,noun,ಸಂ ,1,"ಲೋಭಿ, ಜಿಪುಣ"
ಲುಳಿ,noun,<ಮರಾ. ರುಳೇ ,1,"ರಭಸ, ವೇಗ"
ಲೆಂಕ,noun,ದೇ ,1,"ತನ್ನ ಒಡೆಯನ ಸಲುವಾಗಿ ಪ್ರಾಣವನ್ನು ಅರ್ಪಿಸುವ ನಿಷ್ಠಾವಂತ ಸೇವಕ, ಆಪ್ತಸೇವಕ"
ಲೆಂಕಿ,noun,ದೇ ,1,"ಸೇವಕಿ, ದಾಸಿ"
ಲೆಕ್ಕ,noun,<ಸಂ. ಲೇಖಾ ,1,"ಅಂಕೆ, ಸಂಖ್ಯೆ"
ಲೆಕ್ಕಾಚಾರ,noun,<ಸಂ. ಲೇಖಾ ,1,"ಎಣಿಸುವುದು, ಲೆಕ್ಕಮಾಡುವುದು"
ಲೆಖ್ಖ,noun,<ಸಂ. ಲೇಖಾ ,1,"ಎಣಿಸುವುದು, ಗಣನೆ"
ಲೆಜ್ಜೆಗೇಡು,noun,<ಸಂ. ಲೇಖಾ ,1,ನಾಚಿಕೆ ಇಲ್ಲದಿರುವುದು
ಲೆತ್ತ,noun,<ದೇ. ನೆತ್ತ ,1,"ಪಗಡೆಯಾಟದ ಹಾಸಂಗಿ, ದಾಳ"
ಲೆಪ್ಪ,noun,<ಸಂ. ಲೇಪ ,1,"ಬಳಿಯುವ ವಸ್ತು, ಲೇಪನ"
ಲೇಖಕ,noun,ಸಂ ,1,"ಬರೆಯುವವನು, ಲಿಪಿಕಾರ"
ಲೇಖೆ,noun,<ಸಂ. ಲೇಖಾ ,1,"ಬರೆಯುವುದು, ಬರೆಹ"
ಲೇಪ,noun,ಸಂ ,1,"ಬಳಿಯುವಿಕೆ, ಹಚ್ಚುವಿಕೆ"
ಲೇಪನ,noun,ಸಂ ,1,"ಬಳಿಯುವಿಕೆ, ಹಚ್ಚುವಿಕೆ"
ಲೇಸು,noun,ದೇ ,1,"ಒಳ್ಳೆಯದು, ಹಿತವಾದುದು"
ಲೇಹ್ಯ,noun,ಸಂ ,1,ನೆಕ್ಕಿ ತಿನ್ನ ಬೇಕಾದುದು
ಲೊಟ್ಟೆ,noun,ದೇ ,1,"ಹುರುಳಿಲ್ಲದುದು, ವ್ಯರ್ಥವಾದುದು"
ಲೊದಳೆ,noun,ದೇ ,1,"ಕಫ, ಶ್ಲೇಷ್ಮ, ಲೊದಡಿ"
ಲೋಕ,noun,ದೇ ,1,"ವಿಶ್ವ, ಪ್ರಪಂಚ"
ಲೋಕತಂತ್ರ,noun,ದೇ ,1,ಜಗತ್ತಿನ ವ್ಯವಹಾರ
ಲೋಕಾಯುತ,noun,ದೇ ,1,"ನಾಸ್ತಿಕತೆ, ಚಾರ್ವಾಕ ಮತ"
ಲೋಗ,noun,<ಸಂ. ಲೋಕ ,1,ಜನತೆ
ಲೋಪ,noun,ಸಂ ,1,"ಕೊರತೆ, ಊನ"
ಲೋಭ,noun,ಸಂ ,1,"ಅತಿಯಾಸೆ, ದುರಾಸೆ"
ಲೋಲ,noun,ಸಂ ,1,"ಅಲ್ಲಾಡುವುದು, ಅಲುಗಾಟ"
ಲೋಲುಪ,noun,ಸಂ ,1,"ಅತಿಯಾಸೆಯುಳ್ಳವನು, ಲಂಪಟ"
ಲೋಲುಪ್ತ,noun,ಸಂ ,1,"ವಿಷಯಾಸಕ್ತ, ಲಂಪಟ"
ಲೋಲುಪ್ತಿ,noun,ಸಂ ,1,"ಸುಖ, ಸಂತೋಷ"
ಲೋವೆ,noun,ದೇ ,1,ಗೋಡೆಯಿಂದ ಮುಂದಕ್ಕೆ ಚಾಚಿರುವ ಸೂರಿನ ಭಾಗ
ಲೋಹ,noun,ಸಂ ,1,ಯಾವುದಾದರೂ ಖನಿಜ ಧಾತು
ಲೋಹಿತ,noun,ಸಂ ,1,ಕೆಂಪುಬಣ್ಣ
ಲೌಕಿಕ,noun,ಸಂ ,1,"ಲೋಕಕ್ಕೆ ಸಂಬಂಧಿಸಿದುದು, ಪ್ರಾಪಂಚಿಕವಾದುದು"
ಲೌಡಿ,noun,ಹಿಂ ,1,"ತೊತ್ತು, ದಾಸಿ"
ಲೌಲ್ಯ,noun,ಸಂ ,1,"ಚಂಚಲತೆ, ಅಸ್ಥಿರತೆ"
ವಂಕ,noun,ಸಂ ,1,"ನೀರಿನ ಹರಿವು, ಪ್ರವಾಹ"
ವಂಕಿ,noun,<ಸಂ. ವಕ್ರಿನ್ ,1,"ಕೊಕ್ಕೆ, ಕೊಂಡಿ"
ವಂಗ,noun,ಸಂ ,1,"ಒಂದು ಬಗೆಯ ತವರ, ಸೀಸ"
ವಂಗಡ,noun,<ದೇ. ಪಂಗಡ ,1,"ಗುಂಪು, ಸಮೂಹ"
ವಂಚನೆ,noun,<ಸಂ. ವಂಚನಾ ,1,"ಮೋಸ, ಕಪಟ"
ವಂತಿಗೆ,noun,ದೇ. <ತುಳು ,1,"ಧರ್ಮಕಾರ್ಯ ಕ್ಕಾಗಿ ನೀಡುವ ಸಹಾಯಧನ, ಕೊಡುಗೆಯ ಹಣ"
ವಂದನ(ನೆ),noun,<ಸಂ. ವಂದನಾ ,1,"ನಮಸ್ಕಾರ, ನಮನ"
ವಂದ್ಯ,noun,ಸಂ ,1,ನಮಿಸಲು ಯೋಗ್ಯನಾದವನು
ವಂಶ,noun,ಸಂ ,1,"ಕುಲ, ಸಂತತಿ"
ವಂಶಜ,noun,ಸಂ ,1,ಕುಲದಲ್ಲಿ ಹುಟ್ಟಿದವನು
ವಂಶಿಕ,noun,ಸಂ ,1,"ವಂಶದಲ್ಲಿ ಬಂದವನು, ಕುಲಸ್ಥ"
ವಕಾಲತ್ತು,noun,<ಅರ. ಹಿಂ. ವಕಾಲತ್ ,1,ವಕೀಲಿ
ವಕೀಲ,noun,<ಅರ. ಹಿಂ. ವಕೀಲ್ ,1,"ವಕಾಲತ್ತು ಮಾಡುವವನು, ನ್ಯಾಯವಾದಿ"
ವಕ್ತಾರ,noun,ಸಂ ,1,"ಚೆನ್ನಾಗಿ ಮಾತನಾಡುವವನು, ವಾಗ್ಮಿ"
ವಕ್ತ್ರ,noun,ಸಂ ,1,ಬಾಯಿ
ವಕ್ರ,noun,ಸಂ ,1,"ಕೊಂಕಿದುದು, ಬಾಗಿದುದು"
ವಕ್ರಗತಿ,noun,= ,1,ಡೊಂಕಾದ ಚಲನೆ
ವಕ್ರತುಂಡ,noun,= ,1,"ಕೊಂಕಿದ ಸೊಂಡಿಲನ್ನುಳ್ಳವನು, ಗಣೇಶ"
ವಕ್ರತೆ,noun,<ಸಂ. ವಕ್ರತಾ ,1,"ಕೊಂಕು, ಡೊಂಕು"
ವಕ್ರದೃಷ್ಟಿ,noun,= ,1,"ಓರೆಯಾದ ನೋಟ, ಸೊಟ್ಟ ಗಣ್ಣು"
ವಕ್ರಾಂಗಿ,noun,= ,1,ಊನವಾದ ಅಂಗವುಳ್ಳವನು
ವಕ್ರೋಕ್ತಿ,noun,= ,1,ಕೊಂಕು ಮಾತು
ವಚನ,noun,ಸಂ ,1,"ನುಡಿಯುವುದು, ಮಾತಾನಾಡುವುದು"
ವಚ್ಚ,noun,ದೇ ,1,"ಓರೆ, ಪಕ್ಕ"
ವಜನ(ನು),noun,<ಅರ. ವಜನ್ ,1,"ಗೌರವ, ದೊಡ್ಡಸ್ತಿಕೆ, ತೂಕ, ಭಾರ"
ವಜೀರ,noun,<ಅರ. ಹಿಂ. ಮರಾ. ವಜೀರ್ ,1,"ಪ್ರಧಾನಮಂತ್ರಿ, ಅಮಾತ್ಯ"
ವಜೆ,noun,<ಅರ. ವಜನ್ ,1,"ತೂಕ, ಭಾರ"
ವಜ್ರ,noun,ಸಂ ,1,"ಇಂದ್ರನ ಆಯುಧ, ವಜ್ರಾಯುಧ"
ವಜ್ರಕವಚ,noun,= ,1,ವಜ್ರ ಖಚಿತವಾದ ಕವಚ
ವಜ್ರಕಾಯ,noun,= ,1,ಗಟ್ಟಿಮುಟ್ಟಾದ ದೇಹ
ವಜ್ರತುಂಡ,noun,= ,1,ಗಟ್ಟಿಯಾದ ಕೊಕ್ಕು
ವಜ್ರದಂಡ,noun,= ,1,ವಜ್ರಾಯುಧ
ವಜ್ರಮುಷ್ಟಿ,noun,= ,1,"ಒಂದು ಬಗೆಯ ಆಯುಧ,"
ವಜ್ರಾಘಾತ,noun,= ,1,ಸಿಡಿಲಿನ ಹೊಡೆತ
ವಜ್ರಾಯುಧ,noun,= ,1,"ಇಂದ್ರನ ಆಯುಧ, ಕುಲ ಇಶ"
ವಜ್ರಿ,noun,<ಸಂ. ವಜ್ರಿನ್ ,1,"ವಜ್ರಾಯುಧವನ್ನು ಹೊಂದಿದವನು, ಇಂದ್ರ"
ವಟಕ,noun,ಸಂ ,1,"ಔಷಧದ ಗುಳಿಗೆ, ಮಾತ್ರೆ"
ವಟಾ(ಠಾ)ರ,noun,<ಸಂ. ವೃತ್ತಾಗಾರ  ,1,"ದೇವ ಸ್ಥಾನ, ಶಾಲೆ, ಮಠ, ಆಸ್ಪತ್ರೆ ಮನೆ ಮೊ.ವುಗಳ ಅಂಗಳ, ಸುತ್ತುಗಟ್ಟುಳ್ಳ ಆವರಣ"
ವಟು,noun,ಸಂ ,1,"ಬಾಲಕ, ಹುಡುಗ"
ವಟ್ಟ,noun,<ಪ್ರಾ. ವಟ್ಟಾ ,1,"ಸೋಡಿ, ತಳ್ಳು ಪಡಿ"
ವಡಿ,noun,ದೇ <ತೆಲು. ವಡಿ ,1,"ಬಿಸಿ, ಉಷ್ಣ"
ವಡ್ಡಾರಾಧನೆ,noun,= ,1,"ಹಿರಿಯರ ಆರಾಧನೆ, ಪೂಜ್ಯರಿಗೆ ಮಾಡುವ ಪೂಜೆ"
ವಣಿಗ,noun,<ಸಂ. ವಣಿಜ್ ,1,ವಣಿಕ
ವತನ,noun,<ಅರ. ವತನ್ ,1,"ವಂಶ ಪರಂಪರೆಯಾಗಿ ಬಂದ - ಆಸ್ತಿ, ಭೂಮಿ"
ವತನದಾರ,noun,<ಅರ. ವತನ್ ,1,ವಂಶಪರಂಪರೆಯಾಗಿ ಬಂದ ಭೂಮಿಯನ್ನುಳ್ಳವನು
ವತ್ಸ,noun,ಸಂ ,1,ಎಳೆಯ ಕರು
ವತ್ಸೆ,noun,<ಸಂ. ವತ್ಸಾ ,1,ಹೆಣ್ಣುಕರು
ವದಂತಿ,noun,ಸಂ ,1,"ಸುದ್ದಿ, ಸಮಾಚಾರ"
ವದನ,noun,ಸಂ ,1,"ಮುಖ, ಮೋರೆ"
ವದಾನ್ಯ,noun,ಸಂ ,1,"ವಾಗ್ಮಿ, ವಾಕ್ಪಟು"
ವದ್ಯ,noun,ಸಂ ,1,ಮಾತನಾಡುವುದು
ವಧು,noun,<ಸಂ. ವಧೂ ,1,"ಮದುವೆಯ ಹೆಣ್ಣು, ಮದುಮಗಳು, ಹೆಂಗಸು, ಸ್ತ್ರೀ"
ವಧೂಟಿ,noun,ಸಂ ,1,"ತರುಣಿ, ಯುವತಿ"
ವಧ್ಯ,noun,ಸಂ ,1,ಕೊಲೆಗೆ ಅರ್ಹನಾದವನು
ವನ,noun,ಸಂ ,1,"ಕಾಡು, ಅರಣ್ಯ"
ವನಚರ,noun,ಸಂ ,1,"ಕಾಡಿನಲ್ಲಿ ಸಂಚರಿಸುವವನು, ಬೇಡ"
ವನಪಾಲಕ,noun,ಸಂ ,1,ಅರಣ್ಯ ರಕ್ಷಕ
ವನರಾಶಿ,noun,ಸಂ ,1,ದಟ್ಟವಾಗಿ ಬೆಳೆದ ಮರಗಳ ಗುಂಪು
ವನವಾಸ,noun,ಸಂ ,1,ಕಾಡಿನಲ್ಲಿ ವಾಸ ಮಾಡುವುದು
ವನವಾಸಿ,noun,ಸಂ ,1,"ಬೇಡ, ಕಿರಾತ"
ವನಸ್ಪತಿ,noun,ಸಂ ,1,"ಮರ, ವೃಕ್ಷ"
ವನಿತೆ,noun,<ಸಂ. ವನಿತಾ ,1,"ಹೆಂಗಸು, ಸ್ತ್ರೀ"
ವನೌಕಸ,noun,<ಸಂ. ವನಿತಾ ,1,ಕಾಡಿನಲ್ಲಿ ವಾಸಿಸುವವನು
ವಪನ,noun,ಸಂ ,1,"ತಲೆಯನ್ನು ಬೋಳಿಸುವಿಕೆ, ಮಂಡನ"
ವಪು,noun,<ಸಂ. ವಪುಸ್ ,1,"ದೇಹ, ಶರೀರ"
ವಪೆ,noun,<ಸಂ. ವಪಾ ,1,"ಕೊಬ್ಬು, ಮೇದಸ್ಸು"
ವಪ್ರ,noun,ಸಂ ,1,"ಹೊಲ, ಜಮೀನು"
ವಯ,noun,<ಸಂ. ವಯಸ್ ,1,"ವಯಸ್ಸು, ಪ್ರಾಯ"
ವಯಸ್ಸು,noun,<ಸಂ. ವಯಸ್ ,1,ಯಾವುದೇ ವ್ಯಕ್ತಿ ಯಾ ಜೀವಿ ತಾನು ಹುಟ್ಟಿದಂದಿನಿಂದ ಕಳೆದಿರುವ ಜೀವಿತದ ಅವಧಿ
ವಯಿನ,noun,ದೇ. <ತುಳು. ವಯಿನ ,1,"ಹಾದಿ, ಮಾರ್ಗ"
ವಯ್ಯಾರ,noun,<ದೇ. ಒಯ್ಯಾರ ,1,"ಬೆಡಗು, ಬಿನ್ನಾಣ"
ವರ,noun,ಸಂ ,1,"ಅನುಗ್ರಹ, ಕೊಡುಗೆ"
ವರ(ರಿ)ಸೆ,noun,ದೇ ,1,"ಸಾಲು, ಪಂಕ್ತಿ"
ವರಟೆ(ಟ),noun,<ಸಂ. ವರಟಾ ,1,"ಹೆಣ್ಣಂಚೆ, ಹಂಸೆ"
ವರಣ,noun,ಸಂ ,1,"ಆವರಣ, ಪ್ರಾಕಾರ"
ವರದಿ,noun,<ಮರಾ. ವರದೀ ,1,"ಸುದ್ದಿ, ಸಮಾಚಾರ"
ವರದೆ,noun,<ಸಂ. ವರದಾ ,1,ವರವನ್ನು ಕೊಡುವವಳು
ವರಾಡ,noun,"<ತುಳು. ಒರಡ, ವರಾಡ ",1,ಒಂದು ಬಗೆಯ ತೆರಿಗೆ
ವರಾತ,noun,<ಅರ. ಒರಾತ್ / ಮರಾ. ವರಾತ್ ,1,"ಒತ್ತಾಯ, ಬಲಾತ್ಕಾರ, ತಗಾದೆ"
ವರಾರ್ಥಿ,noun,= ,1,ಅನುಗ್ರಹವನ್ನು ಬಯಸುವವನು
ವರಾಹ,noun,ಸಂ ,1,"ಹಂದಿ, ಸೂಕರ"
ವರಿಷ್ಠ,noun,ಸಂ ,1,"ಶ್ರೇಷ್ಠನಾದವನು, ಅಗ್ರಗಣ್ಯ"
ವರುಣ,noun,ಸಂ ,1,ನೀರಿನ ಅಧಿದೇವತೆಯೂ ಪಶ್ಚಿಮ ದಿಕ್ಪಾಲಕನೂ ಆಗಿರುವ ಒಬ್ಬ ದೇವತೆ
ವರುಷ,noun,<ಸಂ. ವರ್ಷ ,1,"ವರ್ಷ, ಸಂವತ್ಸರ"
ವರೂಥ,noun,ಸಂ ,1,"ತೇರು, ರಥ"
ವರ್ಗ,noun,ಸಂ ,1,"ಗುಂಪು, ಸಮೂಹ"
ವರ್ಗಾವಣೆ,noun,<ವರ್ಗ + ಅಣೆ ,1,"ವರ್ಗ ಮಾಡುವಿಕೆ, ಸ್ಥಳಾಂತರಿಸುವಿಕೆ"
ವರ್ಚಸ್ವಿ,noun,<ಸಂ. ವರ್ಚಸ್ವಿನ್ ,1,"ಶಕ್ತಿಯುತವಾದುದು, ಪ್ರಭಾವಿಯಾದುದು"
ವರ್ಚಸ್ಸು,noun,<ಸಂ. ವರ್ಚಸ್ ,1,"ಶಕ್ತಿ, ಸಾಮರ್ಥ್ಯ"
ವರ್ಜನ,noun,ಸಂ ,1,"ಬಿಡುವುದು, ತ್ಯಜಿಸುವುದು"
ವರ್ಣ,noun,ಸಂ ,1,"ಬಣ್ಣ, ರಂಗು"
ವರ್ಣಪಲ್ಲಟ,noun,ಸಂ ,1,ಬಣ್ಣಗಳಲ್ಲಾಗುವ ವ್ಯತ್ಯಾಸ
ವರ್ಣಿ,noun,<ಸಂ. ವರ್ಣಿನ್ ,1,ಚತುರ್ವರ್ಣಗಳಲ್ಲಿ ಒಂದು ವರ್ಣಕ್ಕೆ ಸೇರಿದವನು
ವರ್ತಕ,noun,ಸಂ ,1,"ವ್ಯಾಪಾರ ಮಾಡುವವನು, ವ್ಯಾಪಾರಿ"
ವರ್ತನ,noun,ಸಂ ,1,"ನಡತೆ, ನಡವಳಿಕೆ"
ವರ್ತನೆ,noun,<ಸಂ. ವರ್ತನ ,1,"ರೂಢಿ, ಸಂಪ್ರ ದಾಯ"
ವರ್ತಮಾನ,noun,ಸಂ ,1,"ಘಟನೆ, ವಿದ್ಯಮಾನ"
ವರ್ತಿ,noun,ಸಂ ,1,ದೀಪದ ಬತ್ತಿ
ವರ್ಧಕ,noun,ಸಂ ,1,"ಹಿರಿಯ, ವಯಸ್ಕ"
ವರ್ಧಮಾನ,noun,"ಸಂ ಏಳಿಗೆ, ಉತ್ಕರ್ಷ, ಹರಳುಗಿಡ, ಔಡಲ ",1,ದಕ್ಷಿಣಕ್ಕೆ ಬಾಗಿಲು ಇಲ್ಲದ ಒಂದು ಬಗೆಯ ಕಟ್ಟಡ
ವರ್ಧಿಷ್ಣು,noun,ಸಂ ,1,"ಏಳಿಗೆಯಾಗುತ್ತಿರುವುದು, ಬೆಳೆಯುತ್ತಿರುವುದು"
ವರ್ಮ,noun,<ದೇ. ತಮಿ. ವನ್ಮ ,1,"ಹಗೆತನ, ವೈರ"
ವರ್ಷ,noun,ಸಂ ,1,"ಮಳೆ, ವೃಷ್ಟಿ"
ವರ್ಷಾಕಾಲ,noun,ಸಂ ,1,ಮಳೆಗಾಲ
ವಲನ,noun,ಸಂ ,1,"ಚಲನೆ, ಸರಿದಾಡುವಿಕೆ"
ವಲಯ,noun,ಸಂ ,1,"ಕಡಗ, ಬಳೆ"
ವಲಿ,noun,ಸಂ ,1,ಹೊಕ್ಕಳಿನ ಮೇಲ್ಭಾಗದಲ್ಲಿ ಅಡ್ಡವಾಗಿರುವ ಮೂರು ಅಡ್ಡಗೆರೆಗಳು
ವಲ್ಕ,noun,ಸಂ ,1,"ಮರದ ತೊಗಟೆ, ತಿಗುಡು"
ವಲ್ಗು,noun,ಸಂ ,1,"ಸೌಂದರ್ಯ, ಚೆಲುವು"
ವಲ್ಮೀಕ,noun,ಸಂ ,1,ಹುತ್ತ
ವಲ್ಲಭ,noun,ಸಂ ,1,"ಕಾದಲ, ನಲ್ಲ"
ವಲ್ಲವ,noun,ಸಂ ,1,"ದನ ಕಾಯುವವನು, ಗೊಲ್ಲ"
ವಳಕ್ಷ,noun,<ಸಂ. ವಲಕ್ಷ ,1,ಬಿಳಿಯ ಬಣ್ಣ
ವಳಯ,noun,<ಸಂ. ವಲಯ ,1,"ಕಡಗ, ಬಳೆ"
ವಳಿಗೆ,noun,<ಸಂ. ವಟಿಕಾ ,1,"ತುತ್ತು, ಕವಳ"
ವಳೆಯ,noun,<ಸಂ. ವಲಯ ,1,"ಮಂಡಲ, ಆವರಣ"
ವಶ,noun,ಸಂ ,1,"ಅಧೀನ, ಅಂಕೆ, ಹತೋಟಿ"
ವಶವರ್ತಿ,noun,= ,1,"ಹಿಡಿತಕ್ಕೆ ಒಳಪಟ್ಟದ್ದು, ಸ್ವಾಧೀನ"
ವಶಿ,noun,<ಸಂ. ವಶಾ ,1,"ಹೆಣ್ಣಾನೆ, ಪಿಡಿ"
ವಶಿತ್ವ,noun,ಸಂ ,1,"ಅಂಕೆ, ಹತೋಟಿ"
ವಶೆ,noun,<ಸಂ. ವಶಾ ,1,ಬಂಜೆ ಹೆಂಗಸು
ವಶ್ಯ,noun,ಸಂ ,1,"ವಶಮಾಡಿಕೊಳ್ಳುವಿಕೆ, ಅಧೀನ ಮಾಡಿಕೊಳ್ಳುವಿಕೆ"
ವಶ್ಯವಾಣಿ,noun,= ,1,ವಾಗ್ದೇವಿಯನ್ನು ವಶಪಡಿಸಿ ಕೊಂಡವನು
ವಷಟ್ಕಾರ,noun,ಸಂ ,1,ಯಜ್ಞದಲ್ಲಿ ದೇವತೆಗಳನ್ನು ದ್ದೇಶಿಸಿ ಹವಿಸ್ಸನ್ನು ಅರ್ಪಿಸುವಾಗ ಹೇಳುವ ಮಂತ್ರಾ ಕ್ಷರ
ವಸಂತ,noun,ಸಂ ,1,ಆರು ಋತುಗಳಲ್ಲಿ ಒಂದು
ವಸತಿ,noun,ಸಂ ,1,"ವಾಸಮಾಡುವಿಕೆ, ನೆಲಸುವಿಕೆ"
ವಸನ,noun,ಸಂ ,1,"ವಾಸಿಸುವಿಕೆ, ನೆಲಸುವಿಕೆ"
ವಸೀಲಿ,noun,<ಅರ. ಹಿಂ. ವಸೀಲಾ ,1,"ಬೆಂಬಲ, ಸಹಾಯ"
ವಸು,noun,"ಸಂ ಐಶ್ವರ್ಯ, ಸಂಪತ್ತು ",1,"ಬೆಲೆ ಯುಳ್ಳ ಮಣಿ, ರತ್ನ"
ವಸುಮತಿ,noun,"ಸಂ ಐಶ್ವರ್ಯ, ಸಂಪತ್ತು ",1,"ಭೂಮಿ, ಪೃ , ವಸುಧೆ"
ವಸ್ತಾದ,noun,<ಮರಾ. ವಸ್ತಾದ್ ,1,"ಪಳಗಿಸ ಬಲ್ಲವನು, ತರಬೇತು ಕೊಡತಕ್ಕವನು"
ವಸ್ತಾದಿ,noun,<ಮರಾ. ವಸ್ತಾದೀ ,1,ಸಮರ್ಥ ವ್ಯಕ್ತಿ
ವಸ್ತಿ,noun,"<ದೇ. ಬಸಿ ಮಳೆಯ ನೀರಿನಿಂದ ಗೋಡೆಗಳಲ್ಲಾಗುವ - ತೇವ, ತಂಪು; ಸಂ ",1,"ವಾಸಿಸುವಿಕೆ, ನೆಲಸುವಿಕೆ"
ವಸ್ತು,noun,ಸಂ ,1,"ಇಂದ್ರಿಯ ಗೋಚರವಾದ ಪದಾರ್ಥ, ದ್ರವ್ಯ"
ವಸ್ತುಕ,noun,ಸಂ ,1,"ವಸ್ತುವಿನಿಂದಾದ - ಪದಾರ್ಥ, ರಚನೆ"
ವಸ್ತ್ರ,noun,ಸಂ ,1,"ಬಟ್ಟೆ, ಅರಿವೆ"
ವಹಣಿ,noun,<ಸಂ. ವಹನ ,1,"ಬೆಡಗು, ಒಯ್ಯಾರ"
ವಹಿ,noun,<ಹಿಂ. ಮರಾ. ವಹೀ ,1,"ಪುಸ್ತಕ, ಹೊತ್ತಗೆ"
ವಹಿವಾಟ(ಟು),noun,<ಮರಾ. ವಹಿವಾಟ್ ,1,"ಕಾರ್ಯಭಾರ, ವ್ಯವಹಾರ"
ವಹ್ನಿ,noun,ಸಂ ,1,"ಬೆಂಕಿ, ಅಗ್ನಿ"
ವಾಂಛಿತ,noun,ಸಂ ,1,"ಬಯಸಿದುದು, ಅಪೇಕ್ಷಿಸಿದುದು"
ವಾಂಶ,noun,ಸಂ ,1,ಬಿದಿರಿನಿಂದ ತಯಾರಿಸಿದುದು
ವಾಂಶಿಕ,noun,ಸಂ ,1,"ಬಿದಿರನ್ನು ಕಡಿಯುವವನು, ಮೇದ"
ವಾಕು,noun,"<ಸಂ. ವಾಕ್ ಮಾತು, ನುಡಿ; <ಮರಾ. ವಾಕ ",1,"ಬಳೆ, ಕಂಕಣ"
ವಾಕ್ಕು,noun,<ಸಂ. ವಾಕ್ ,1,"ಮಾತು, ನುಡಿ"
ವಾಕ್ಪತಿ,noun,ಸಂ ,1,ನಿರರ್ಗಳವಾಗಿ ಮಾತನಾಡ ಬಲ್ಲವನು
ವಾಕ್ಯ,noun,ಸಂ ,1,"ಮಾತು, ನುಡಿ"
ವಾಗತ್ಯ,noun,<ತೆಲು. ಓಗಾತ್ಯ ,1,"ಅಮಂಗಳಕರವಾದುದು, ಅಶುಭವಾದುದು"
ವಾಗೀಶ,noun,ಸಂ ,1,ಮಾತಿನ ಮೇಲೆ ಪ್ರಭುತ್ವವುಳ್ಳವನು
ವಾಗ್ದಾನ,noun,ಸಂ ,1,"ಮಾತು, ಭಾಷೆ"
ವಾಗ್ವ,noun,ತ್ತಿ ಸಂ ,1,"ಮಾತಿನ ಚರ್ಯೆ, ರೀತಿ"
ವಾಗ್ವರ,noun,ಸಂ ,1,"ವಾಣೀಪತಿ, ಬ್ರಹ್ಮ"
ವಾಙ್ಮಯ,noun,ಸಂ ,1,ಮಾತಿನಿಂದ ತುಂಬಿದುದು
ವಾಚಕ,noun,ಸಂ ,1,ಮಾತಿಗೆ ಸಂಬಂಧಿಸಿದುದು
ವಾಚನ,noun,ಸಂ ,1,"ಓದುವುದು, ಪಠನ"
ವಾಚಸ್ಪತಿ,noun,ಸಂ ,1,"ಮಾತಿನ ಒಡೆಯ, ಬೃಹಸ್ಪತಿ"
ವಾಚಾಮತೀತ,noun,<ಸಂ. ವಾಚಾಂ + ಅತೀತ ,1,"ಮಾತಿಗೆ ಮೀರಿದುದು, ಶಬ್ದಕ್ಕೆ ನಿಲುಕದುದು"
ವಾಚಾಲ(ಳ),noun,ಸಂ ,1,"ನಾದ, ಧ್ವನಿ"
ವಾಚಿಕ,noun,ಸಂ ,1,"ಮಾತಿಗೆ ಸಂಬಂಧಿಸಿದುದು, ಶಾಬ್ದಿಕವಾದುದು"
ವಾಚ್ಯ,noun,ಸಂ ,1,"ಶಾಬ್ದಿಕವಾದ ಅರ್ಥ, ಶಬ್ದದ ನೇರವಾದ ಅರ್ಥ"
ವಾಜ,noun,ಸಂ ,1,ಪಕ್ಷಿಯ ಗರಿ
ವಾಜಿ,noun,ಸಂ ,1,"ಕುದುರೆ, ಅಶ್ವ"
ವಾಟ,noun,ಸಂ ,1,"ನೆಲ, ಛಾವಣಿ ಮುಂ. ವುಗಳ ಇಳಿಜಾರು"
ವಾಟಿಕೆ,noun,ಸಂ ,1,"ತೋಟ, ಉದ್ಯಾನ"
ವಾಟೆ,noun,<ದೇ. ಓಟೆ ,1,ಒಂದು ಬಗೆಯ ತೆಳ್ಳನೆಯ ಬಿದಿರು
ವಾಡಬ(ವ),noun,ಸಂ ,1,ಬೀಜದ ಕುದುರೆ
ವಾಡಿ,noun,<ಸಂ. ವಾಟಿ / ದೇ. ಪಾಡಿ ,1,"ಊರು, ಹಳ್ಳಿ, ಗ್ರಾಮ"
ವಾಡೆ,noun,<ದೇ. ಓಡೆ ಬಾವಿಯ ಒಳಭಾಗದ ಗೋಡೆಯನ್ನು ಕಟ್ಟಲು ಉಪಯೋಗಿಸುವ ಸುಟ್ಟ ಮಣ್ಣಿನ ವರ್ತುಲ; <ಮರಾ. ವಾಡಾ ,1,"ಅರಸರು, ಜಮೀನುದಾರರು ಮುಂ.ವರ ಭವ್ಯವಾದ ಗೃಹ, ಪ್ರಾಸಾದ"
ವಾಣಿ,noun,<ಸಂ. ವಾಣೀ ,1,"ಶಬ್ದ, ಧ್ವನಿ"
ವಾಣಿಜ್ಯ,noun,ಸಂ ,1,ವ್ಯಾಪಾರ
ವಾತ,noun,ಸಂ ,1,"ಗಾಳಿ, ವಾಯು"
ವಾತಸುತ,noun,ಸಂ ,1,ವಾಯುವಿನ ಮಗ
ವಾತಾಶನ,noun,ಸಂ ,1,ಗಾಳಿಯು ಮಾತ್ರ ಆಹಾರವಾಗಿರುವಿಕೆ
ವಾತಿ,noun,ಸಂ ,1,"ವಾಯುಪುತ್ರ, ಹನುಮಂತ"
ವಾದ,noun,ಸಂ ,1,"ಮಾತು, ಸಂಭಾಷಣೆ"
ವಾದ),noun,"ಮಸಿಯಿಂದ ಬರೆದು ಪ್ರತಿಗಳನ್ನೆತ್ತಲು ಉಪಯೋಗಿಸುವ ಕಲ್ಲಿನ ಸಾಧನ, ಶಿಲಾ ಮುದ್ರಣ; ",1,"ಪಕ್ಷಿಯು ಹಾರುವ ಎತ್ತರದಿಂದ ಕಾಣುವ - ಭೂದೃಶ್ಯ, ನೋಟ"
ವಾದಕ,noun,ಸಂ ,1,ವಾದ ಮಾಡುವವನು
ವಾದಿ,noun,ಸಂ ,1,ವಾದಿಸುವವನು
ವಾದಿತ್ರ,noun,ಸಂ ,1,ವಾದ್ಯ
ವಾದು,noun,<ಸಂ. ವಾದ ,1,"ಚರ್ಚೆ, ತರ್ಕ, ವಾದ"
ವಾದ್ಯ,noun,ಹಿಂ ,1,ಸಂಗೀತದ ಸಾಧನ
ವಾನಪ್ರಸ್ಥ,noun,ಸಂ ,1,"ಬ್ರಾಹ್ಮಣನು ಬ್ರಹ್ಮ ಚರ್ಯ ಮತ್ತು ಗೃಹಸ್ಥಾಶ್ರಮಗಳನ್ನು ತೀರಿಸಿಕೊಂಡು ತಪಸ್ಸು, ಪೂಜಾದಿ ಕಾರ್ಯಗಳಲ್ಲಿ ನಿರತನಾಗಲು ಕಾಡಿಗೆ ಹೋಗಿ ಜೀವಿಸುವುದು; ಚತುರಾಶ್ರಮಗಳಲ್ಲಿ ಮೂರನೆಯದು"
ವಾಪಿ,noun,ಸಂ ,1,"ಚಿಕ್ಕ ಹೊಂಡ, ಕುಂಟೆ"
ವಾಮ,noun,ಸಂ ,1,ಎಡಭಾಗ
ವಾಮನ,noun,ಸಂ ,1,"ಎತ್ತರವಿಲ್ಲದ ಮನುಷ್ಯ, ಕುಳ್ಳ, ಗಿಡ್ಡ"
ವಾಮಾಂಗ,noun,ಸಂ ,1,ದೇಹದ ಎಡಭಾಗ
ವಾಮೆ,noun,<ಸಂ. ವಾಮಾ ,1,"ಹೆಂಗಸು, ಸ್ತ್ರೀ"
ವಾಯ,noun,ಪ್ರಾ ,1,"ಮೋಸ, ಕಪಟ"
ವಾಯಸ,noun,ಸಂ ,1,ಕಾಗೆ
ವಾಯಿದೆ,noun,<ಅರ. ವಾಅದಾ ,1,"ವಾಗ್ದಾನ, ಮಾತು"
ವಾಯು,noun,ಸಂ ,1,"ಗಾಳಿ, ಅನಿಲ"
ವಾಯುಜ,noun,ಸಂ ,1,ವಾಯುದೇವನ ಮಗ
ವಾಯುವೇಗ,noun,ಸಂ ,1,ಗಾಳಿಯ ವೇಗ
ವಾರ,noun,ಸಂ ,1,"ಸರದಿ, ಪಾಳಿ"
ವಾರಣ,noun,ಸಂ ,1,"ಆನೆ, ಗಜ"
ವಾರಸುದಾರ,noun,ಸಂ ,1,ಪಿತ್ರಾರ್ಜಿತ ಆಸ್ತಿಯ ಹಕ್ಕುದಾರ
ವಾರಾಹಿ,noun,<ಸಂ. ವಾರಾಹೀ ,1,ಹೆಣ್ಣು ಹಂದಿ
ವಾರಿ,noun,ಸಂ ,1,"ನೀರು, ಜಲ"
ವಾರಿಧಿ,noun,ಸಂ ,1,"ಸಮುದ್ರ, ಸಾಗರ"
ವಾರುಣಿ,noun,ಸಂ ,1,"ವರುಣ ದಿಕ್ಕು, ಪಶ್ಚಿಮ"
ವಾರ್ತೆ,noun,<ಸಂ. ವಾರ್ತಾ ,1,"ಸುದ್ದಿ, ಸಮಾಚಾರ"
ವಾರ್ಧಕ,noun,ಸಂ ,1,"ಹೆಚ್ಚಳ, ಅಭಿವೃದ್ಧಿ"
ವಾಲಗ,noun,<ದೇ. ಓಲಗ ,1,"ರಾಜನ ಸಭೆ, ದರ್ಬಾರು"
ವಾಲುಕ,noun,ಸಂ ,1,"ಮರಳು, ಉಸುಕು"
ವಾಲೆ,noun,<ದೇ. ಓಲೆ ,1,"ಪತ್ರ, ಕಾಗದ"
ವಾಸ,noun,ಸಂ ,1,"ಮನೆ, ವಾಸಸ್ಥಳ"
ವಾಸಂತಿ,noun,ಸಂ ,1,ಒಂದು ಬಗೆಯ ಬಳ್ಳಿ ಮತ್ತು ಅದರ ಹೂವು
ವಾಸಂತಿಕೆ,noun,ಸಂ ,1,ವಸಂತಮಾಸ
ವಾಸನೆ,noun,<ಸಂ. ವಾಸನಾ ,1,ಹಿಂದಿನ ಸ್ಮರಣೆಯಿಂದ ಉಂಟಾಗುವ ತಿಳಿವಳಿಕೆ
ವಾಸರ,noun,<ದೇ. ಓಸರ ,1,ಏರುಪೇರು
ವಾಸಿ,noun,ದೇ ,1,"ಪ್ರತಿಜ್ಞೆ, ಶಪಥ"
ವಾಸುಕಿ,noun,ಸಂ ,1,ಅಷ್ಟ ಫಣಿಗಳಲ್ಲಿ ಒಂದು
ವಾಸ್ತವ,noun,ಸಂ ,1,"ಸ್ವಾಭಾವಿಕವಾದುದು, ಸಹಜವಾದುದು"
ವಾಸ್ತವಿಕ,noun,ಸಂ ,1,"ನಿಜವಾದುದು, ವಾಸ್ತವವಾದುದು"
ವಾಸ್ತು,noun,ಸಂ ,1,ಮನೆ ಮುಂ. ಕಟ್ಟಡಗಳನ್ನು ಕಟ್ಟಲು ಯೋಗ್ಯವಾದ ಜಾಗ
ವಾಹ,noun,ಸಂ ,1,ಹೊರುವುದು
ವಾಹಕ,noun,ಸಂ ,1,ಭಾರವನ್ನು ಹೊರುವವನು
ವಾಹನ,noun,ಸಂ ,1,ಹೊರುವಿಕೆ
ವಾಹಿನಿ,noun,ಸಂ ,1,"ಹರಿಯುವಂಥದು, ಹೊಳೆ, ನದಿ"
ವಾಹಿನೀಪತಿ,noun,ಸಂ ,1,"ನದಿಗಳ ಒಡೆಯ, ಸಮುದ್ರ"
ವಿಂಗಡ,noun,<ಸಂ. ವಿಘಟನ ,1,ಹಂಚುವಿಕೆ
ವಿಕಟ,noun,ಸಂ ,1,"ಡೊಂಕಾದುದು, ವಕ್ರವಾದುದು"
ವಿಕಟಕವಿ,noun,ಸಂ ,1,ಉತ್ತಮವಾದ ಕವಿ
ವಿಕಲ,noun,ಸಂ ,1,"ಊನವಾದುದು, ಅಸಮಗ್ರವಾದುದು"
ವಿಕಲ್ಪ,noun,ಸಂ ,1,"ಒಂದಕ್ಕಿಂತ ಹೆಚ್ಚು ವಸ್ತು, ವಿಷಯಗಳಲ್ಲಿ ಒಂದನ್ನು ಮಾತ್ರ ಆಯ್ದುಕೊಳ್ಳುವ ಅವಕಾಶ, ಐಚ್ಛಿಕತೆ"
ವಿಕಳ,noun,<ಸಂ. ವಿಕಲ ,1,"ಭ್ರಮೆ, ಭ್ರಾಂತಿ"
ವಿಕಸನ,noun,ಸಂ ,1,"ಅರಳುವಿಕೆ, ವಿಕಾಸ"
ವಿಕಾರ,noun,ಸಂ ,1,"ಬದಲಾವಣೆ, ಮಾರ್ಪಾಟು"
ವಿಕಾಸ,noun,ಸಂ ,1,"ಅರಳುವಿಕೆ, ವಿಕಸನ"
ವಿಕೃತ,noun,ಸಂ ,1,ಬದಲಾದವನು
ವಿಕೃತಿ,noun,ಸಂ ,1,"ಬದಲಾವಣೆ, ವ್ಯತ್ಯಾಸ, ಮಾರ್ಪಾಡು"
ವಿಕೋಪ,noun,ಸಂ ,1,ಅತಿಶಯವಾದ ಸಂತಾಪ
ವಿಕ್ರಮ,noun,ಸಂ ,1,"ಹೆಜ್ಜೆಯಿಡುವಿಕೆ, ಪಾದ ನ್ಯಾಸ"
ವಿಕ್ರಾಂತ,noun,ಸಂ ,1,"ಪರಾಕ್ರಮ, ಶೌರ್ಯ"
ವಿಕ್ರಿಯೆ,noun,<ಸಂ. ವಿಕ್ರಯಾ ,1,"ಬದಲಾವಣೆ, ವ್ಯತ್ಯಾಸ"
ವಿಕ್ಷೇಪ,noun,ಸಂ ,1,ಚೆದರುವಿಕೆ
ವಿಕ್ಷೇಪಣೆ,noun,ಸಂ ,1,"ಅಲುಗಾಟ, ಚಲನೆ"
ವಿಕ್ಷೋಭ,noun,ಸಂ ,1,"ಅಸ್ಥಿರತೆ, ಚಂಚಲತೆ"
ವಿಖ್ಯಾತ,noun,ಸಂ ,1,"ಪ್ರಸಿದ್ಧಿ, ಖ್ಯಾತಿ"
ವಿಗಡ,noun,<ಸಂ. ವಿಕಟ ,1,"ಶೌರ್ಯ, ಪರಾಕ್ರಮ"
ವಿಗಡತನ,noun,<ಸಂ. ವಿಕಟ+ತನ ,1,"ಪರಾಕ್ರಮಿ, ಶೌರ್ಯ"
ವಿಗಡೆ,noun,<ಸಂ. ವಿಕಟೆ ,1,ಬಲಿಷ್ಠೆ
ವಿಗುರ್ವಣಶಕ್ತಿ,noun,<ಸಂ. ವಿಕುರ್ವಾಣಶಕ್ತಿ ,1,"ಭೀಕರತೆ, ರೌದ್ರತೆ"
ವಿಗ್ರಹ,noun,ಸಂ ,1,"ಮೂರ್ತಿ, ಪ್ರತಿಮೆ"
ವಿಘಟನೆ,noun,ಸಂ ,1,ಒಡೆಯುವುದು.
ವಿಘಾಟಿ,noun,ಸಂ ,1,ನಾಶಮಾಡುವವನು
ವಿಘಾತ,noun,ಸಂ ,1,"ನಾಶ, ಧ್ವಂಸ"
ವಿಚಕ್ಷಣ,noun,ಸಂ ,1,"ವಿದ್ವಾಂಸ, ಪಂಡಿತ"
ವಿಚಕ್ಷೆ,noun,<ಸಂ. ವಿವಕ್ಷಾ ,1,ವಕ್ತೃವಿನ ಇಚ್ಛೆ
ವಿಚಲಿತ,noun,ಸಂ ,1,"ಉದ್ರೇಕ, ಕ್ಷೋಭೆ"
ವಿಚಾರ,noun,ಸಂ ,1,"ಪರ್ಯಾಲೋಚನೆ, ವಿಮರ್ಶೆ"
ವಿಚಾರಣೆ,noun,<ಸಂ. ವಿಚಾರಣ+ಎ  ,1,ಪರಿ ಶೀಲಿಸುವುದು
ವಿಚಿಕಿತ್ಸನ,noun,ಸಂ ,1,"ಶಂಕೆ, ಸಂಶಯ"
ವಿಚ್ಛಿನ್ನ,noun,ಸಂ ,1,"ಬಿರುಕು, ಒಡಕು"
ವಿಚ್ಛೇದ,noun,ಸಂ ,1,"ತುಂಡು ಮಾಡುವಿಕೆ, ಕತ್ತರಿಸುವುದು"
ವಿಚ್ಛೇದನ,noun,ಸಂ ,1,ಕತ್ತರಿಸುವಿಕೆ
ವಿಜಯ,noun,ಸಂ ,1,"ಗೆಲುವು, ಯಶಸ್ಸು"
ವಿಜಾತಿ,noun,ಸಂ ,1,ಬೇರೆ ಜಾತಿಯಿಂದ ಹುಟ್ಟಿದುದು
ವಿಜೃಂಭ,noun,ಸಂ ,1,"ಹೆಚ್ಚಳ, ಆಧಿಕ್ಯ"
ವಿಜೃಂಭಣ,noun,ಸಂ ,1,"ಅರಳುವುದು, ಬಿರಿಯುವುದು"
ವಿಜೃಂಭಣೆ,noun,<ಸಂ. ವಿಜೃಂಭಣ+ಎ ,1,"ಹೆಚ್ಚಳ, ಅತಿಶಯ"
ವಿಜ್ಞಾನ,noun,ಸಂ ,1,"ವಿಶೇಷವಾದ ಅರಿವು, ತಿಳಿವಳಿಕೆ"
ವಿಜ್ಞಾನಿ,noun,ಸಂ ,1,ವಿಶೇಷವಾದ ಜ್ಞಾನವುಳ್ಳವನು
ವಿಟ,noun,ಸಂ ,1,"ಕಾಮುಕ, ವಿಷಯಾಸಕ್ತ"
ವಿಟಂಕ,noun,ಸಂ ,1,ವಿಶೇಷವಾಗಿ ಪಾರಿ ವಾಳ ಮುಂ. ಪಕ್ಷಿಗಳು ವಾಸಿಸಲು ಸಾಧ್ಯವಾಗ ಲೆಂದು ಮನೆಯ ಸೂರಿನ ತುದಿಯಲ್ಲಿ ಅಳವಡಿಸಿರುವ ಗೂಡು; ಲೋವೆ
ವಿಟಪ,noun,ಸಂ ,1,"ಮರದ ಎಳೆಯ ಕೊಂಬೆ, ಟಿಸಿಲು"
ವಿಟಪಿ,noun,<ಸಂ. ವಿಟಪಿನ್ ,1,"ಕೊಂಬೆಗಳುಳ್ಳದ್ದು, ಮರ"
ವಿಡಂಬ,noun,ಸಂ ,1,ಅನುಸರಣೆ
ವಿಡಂಬನ(ನೆ),noun,ಸಂ ,1,"ಅನುಕರಿಸುವುದು, ಅನುಕರಣೆ"
ವಿಡಾಯ,noun,ದೇ ,1,"ಬೆಡಗು, ಒಯ್ಯಾರ"
ವಿಡ್ಡೂರ,noun,<ಸಂ. ವಿಡ್ಡರ ,1,"ತೊಂದರೆ, ಆಪತ್ತು"
ವಿತಂಡ,noun,<ಸಂ. ವಿತಂಡಾ ,1,"ಹುರುಳಿಲ್ಲದ ವಾದ, ಅರ್ಥವಿಲ್ಲದ ಮಾತು"
ವಿತತಿ,noun,ಸಂ ,1,"ವಿಸ್ತಾರ, ಹರಹು"
ವಿತಥ,noun,ಸಂ ,1,"ಸತ್ಯವಲ್ಲದ, ಸುಳ್ಳಾದ"
ವಿತರಣ(ಣೆ),noun,<ಸಂ ,1,"ದಾಟುವುದು, ಪಾರಾಗುವುದು"
ವಿತಾನ,noun,ಸಂ ,1,"ಹಬ್ಬುವಿಕೆ, ವಿಸ್ತಾರ"
ವಿತಾನಕ,noun,ಸಂ ,1,"ವಿಸ್ತಾರ, ಹರಹು"
ವಿತಾಳ,noun,<ಸಂ. ವಿತಾನ ,1,"ಚಿಂತೆ, ಅಳಲು"
ವಿತ್ತ,noun,ಸಂ ,1,ಹಣ
ವಿದಗ್ಧೆ,noun,<ಸಂ. ವಿದಗ್ಧಾ ,1,"ಚತುರಳಾದವಳು, ಜಾಣೆ"
ವಿದಲ(ಳ)ನ,noun,ಸಂ ,1,"ನಾಶಮಾಡಿದವನು, ಧ್ವಂಸಗೊಳಿಸಿದವನು"
ವಿದಾರಕ,noun,ಸಂ ,1,ಸೀಳುವವನು
ವಿದಾಹ,noun,ಸಂ ,1,"ಅತಿಯಾದ ತಾಪ, ಕಾವು"
ವಿದಿತ,noun,ಸಂ ,1,"ಎಲ್ಲರಿಗೂ ತಿಳಿದುದು, ಪ್ರಸಿದ್ಧವಾದುದು"
ವಿದೀರ್ಣ,noun,ಸಂ ,1,"ಸೀಳಿದುದು, ಭೇದಿಸ ಲ್ಪಟ್ಟುದು"
ವಿದುರ,noun,ಸಂ ,1,"ವಿದ್ವಾಂಸ, ಪಂಡಿತ"
ವಿದೂರ,noun,ಸಂ ,1,"ಬಹಳ ದೂರ, ಅತಿದೂರ"
ವಿದೂಷಕ,noun,ಸಂ ,1,"ಹೊಲೆಗೊಳಿಸುವವನು, ಭ್ರಷ್ಟಗೊಳಿಸುವವನು"
ವಿದೇಹ,noun,ಸಂ ,1,"ಶರೀರವಿಲ್ಲದವನು, ಮನ್ಮಥ"
ವಿದ್ಧ,noun,ಸಂ ,1,"ತೂತಾದುದು, ರಂಧ್ರವುಳ್ಳದ್ದು"
ವಿದ್ಯಮಾನ,noun,ಸಂ ,1,"ವಸ್ತು ಸ್ಥಿತಿ, ವಾಸ್ತವ ಸಂಗತಿ"
ವಿದ್ಯುತ್ತು,noun,<ಸಂ. ವಿದ್ಯುತ್ ,1,ಮಿಂಚು
ವಿದ್ಯುಲ್ಲತೆ,noun,<ಸಂ. ವಿದ್ಯುತ್ + ಲತೆ ,1,ಮೋಡಗಳ ಘರ್ಷಣೆಯಿಂದ ಅಂಕುಡೊಂಕಾಗಿ ಹರಿಯುವ ಮಿಂಚು ಬಳ್ಳಿ; ಮಿಂಚು
ವಿದ್ಯೆ,noun,<ಸಂ. ವಿದ್ಯಾ ,1,"ಜ್ಞಾನ, ತಿಳಿವಳಿಕೆ"
ವಿದ್ಯೋತ,noun,ಸಂ ,1,"ಬೆಳಕು, ಕಾಂತಿ"
ವಿದ್ರಾವಣ,noun,ಸಂ ,1,ಕರಗಿಸುವಿಕೆ
ವಿದ್ರುಮ,noun,ಸಂ ,1,"ನವರತ್ನಗಳಲ್ಲಿ ಒಂದು, ಹವಳ"
ವಿದ್ರೂಪ,noun,<ಸಂ. ವಿರೂಪ ,1,"ವಿಚಾರರೂಪ, ಕುರೂಪ"
ವಿದ್ರೋಹ,noun,ಸಂ ,1,"ಅತಿಯಾದ ದ್ರೋಹ, ಕೇಡಿಗತನ"
ವಿದ್ವೇಷ,noun,ಸಂ ,1,"ಹಗೆತನ, ವೈರತ್ವ"
ವಿಧರ್ಮ,noun,ಸಂ ,1,ವಿರುದ್ಧಗುಣದಿಂದ ಕೂಡಿದುದು
ವಿಧಾತ,noun,ಸಂ ,1,"ತ್ರಿಮೂರ್ತಿಗಳಲ್ಲಿ ಒಬ್ಬ, ಬ್ರಹ್ಮ"
ವಿಧಾತೃ,noun,ಸಂ ,1,ಬ್ರಹ್ಮ
ವಿಧಾನ,noun,ಸಂ ,1,"ರೀತಿ, ಬಗೆ"
ವಿಧಾಯಕ,noun,ಸಂ ,1,"ವಿಧಿಸಲ್ಪಟ್ಟುದು, ವಿದ್ಯುಕ್ತವಾದುದು"
ವಿಧಿ,noun,ಸಂ ,1,"ಆಜ್ಞೆ, ಆದೇಶ"
ವಿಧು,noun,ಸಂ ,1,"ತಿಂಗಳು, ಚಂದ್ರ"
ವಿಧುಧರ,noun,ಸಂ ,1,"ಅಗಲಿಕೆ, ವಿರಹ"
ವಿಧೇಯ,noun,ಸಂ ,1,ಅನುಸರಿಸುವಂಥದ್ದು
ವಿಧೇಯತೆ,noun,<ಸಂ. ವಿಧೇಯತಾ ,1,"ನಮ್ರತೆ, ಸೌಜನ್ಯ"
ವಿಧ್ಯುಕ್ತ,noun,ಸಂ ,1,"ವೇದಶಾಸ್ತ್ರ ಸಮ್ಮತವಾದುದು, ವಿಧಿಪೂರ್ವಕವಾದುದು"
ವಿಧ್ವಂಸ,noun,ಸಂ ,1,"ನಾಶ, ಹಾನಿ"
ವಿಧ್ವಂಸಕ,noun,ಸಂ ,1,"ಹಾನಿಕಾರಕವಾದುದು, ಕೇಡನ್ನುಂಟುಮಾಡುವಂತಹುದು"
ವಿನತಿ,noun,ಸಂ ,1,"ಬಾಗುವಿಕೆ, ನಮಸ್ಕರಿಸುವಿಕೆ"
ವಿನಯ,noun,ಸಂ ,1,"ಒಳ್ಳೆಯತನ, ಸೌಜನ್ಯ"
ವಿನಾಯ(ಯಿ)ತಿ,noun,<ಸಂ. ವಿನಾ ,1,"ಹೊರತಾದುದು, ಅಪವಾದ"
ವಿನಾಯಕ,noun,ಸಂ ,1,"ಮುಂದಾಳು, ಮಾರ್ಗ ದರ್ಶಕ"
ವಿನಿಕೆ,noun,<ತೆಲು. ವಿನಿಕಿ ,1,ಕೇಳುವಿಕೆ
ವಿನಿಮಯ,noun,ಸಂ ,1,"ಒಂದು ಪದಾರ್ಥಕ್ಕೆ ಬದಲಾಗಿ ಮತ್ತೊಂದನ್ನು ಕೊಡುವಿಕೆ, ಅದಲು ಬದಲು"
ವಿನಿಯೋಗ,noun,ಸಂ ,1,"ಬಳಕೆ, ಉಪಯೋಗ"
ವಿನೀತ,noun,ಸಂ ,1,"ಸೌಜನ್ಯದಿಂದ ಕೂಡಿದ ವ್ಯಕ್ತಿ, ನಮ್ರನಾಗಿರುವನು"
ವಿನೀತಿ,noun,ಸಂ ,1,"ಒಳ್ಳೆಯ ನಡತೆ, ಸದ್ಗುಣ"
ವಿನು(ನೂ)ತ,noun,ಸಂ ,1,ಶ್ರೇಷ್ಠವಾದುದು
ವಿನೇಯ,noun,ಸಂ ,1,"ಶಿಷ್ಟ, ಸಜ್ಜನ"
ವಿನೋದ,noun,"ಸಂ ಹಾಸ್ಯ, ತಮಾಷೆ ",1,"ವಿಹಾರ, ಕ್ರೀಡೆ"
ವಿನ್ಯಾಸ,noun,ಸಂ ,1,ಇಡುವಿಕೆ
ವಿಪಂಚಿ,noun,ಸಂ ,1,ಒಂದು ಬಗೆಯ ವೀಣೆ
ವಿಪಕ್ಷ,noun,ಸಂ ,1,ವಿರುದ್ಧವಾದ ಗುಣ
ವಿಪಣಿ,noun,ಸಂ ,1,"ಮಾರುವ ಸ್ಥಳ, ಅಂಗಡಿ"
ವಿಪರೀತ,noun,ಸಂ ,1,"ವಿರುದ್ಧವಾದುದು, ವ್ಯತಿರಿಕ್ತವಾದುದು"
ವಿಪರ್ಯಯ,noun,ಸಂ ,1,"ಅಡ್ಡಿ, ವಿರೋಧ"
ವಿಪಾಕ,noun,ಸಂ ,1,"ಫಲ, ಪರಿಣಾಮ"
ವಿಪ್ರ,noun,ಸಂ ,1,"ದ್ವಿಜ, ಬ್ರಾಹ್ಮಣ"
ವಿಪ್ರಲಂಭ,noun,ಸಂ ,1,ವಂಚನೆ
ವಿಪ್ರಲಾಪ,noun,ಸಂ ,1,"ಕೆಲಸಕ್ಕೆ ಬಾರದ ಮಾತು, ವ್ಯರ್ಥಾಲಾಪ"
ವಿಪ್ರಿಯ,noun,ಸಂ ,1,"ಪ್ರಿಯವಲ್ಲದುದು, ಅಹಿತವಾದುದು"
ವಿಪ್ಲವ,noun,ಸಂ ,1,"ಕ್ರಾಂತಿ, ದಂಗೆ"
ವಿಬುಧ,noun,ಸಂ ,1,"ಪಂಡಿತ, ವಿದ್ವಾಂಸ"
ವಿಭಕ್ತಿ,noun,ಸಂ ,1,ಬೇರೆಯಾಗುವುದು
ವಿಭವ,noun,ಸಂ ,1,"ಸಿರಿ, ಸಂಪತ್ತು"
ವಿಭಾಗ,noun,ಸಂ ,1,"ವಿಂಗಡಣೆ, ಹಂಚಿಕೆ"
ವಿಭಾವ,noun,ಸಂ ,1,ಭಾವವನ್ನು ಉದ್ದೀಪಗೊಳಿಸುವ ವಸ್ತು ಯಾ ಕಾರಣ
ವಿಭಾವಸು,noun,ಸಂ ,1,ಕಾಂತಿಯಿಂದ ಕೂಡಿದುದು
ವಿಭೀಷಣ,noun,ಸಂ ,1,"ಭಯಂಕರವಾದುದು, ಉಗ್ರವಾದುದು"
ವಿಭು,noun,ಸಂ ,1,"ಎಲ್ಲಕಡೆ ಇರುವಂತಹುದು, ಸರ್ವವ್ಯಾಪಿಯಾದುದು"
ವಿಭೂತಿ,noun,ಸಂ ,1,"ಮಹಿಮೆ, ಮಹಾತ್ಮೆ"
ವಿಭೂಷಣ,noun,ಸಂ ,1,"ಒಡವೆ, ಆಭರಣ"
ವಿಭೇದ,noun,ಸಂ ,1,"ಒಡೆಯುವಿಕೆ, ಬೇರ್ಪಡಿಸುವಿಕೆ"
ವಿಭ್ರಮ,noun,ಸಂ ,1,"ಅಲೆದಾಟ, ಸುತ್ತಾಟ"
ವಿಮಳಾಬ್ಜ,noun,ಸಂ ,1,ಬಿಳಿಯ ತಾವರೆ
ವಿಮಾನ,noun,ಸಂ ,1,"ಅವಮಾನ, ಅಪಮಾನ"
ವಿಮುಕ್ತಿ,noun,ಸಂ ,1,"ಬಿಡುಗಡೆ, ಪಾರಾಗುವಿಕೆ"
ವಿಮುಖ,noun,"ಸಂ ತಿರುಗಿಸಿರುವ ಮುಖ, ಹಿಮ್ಮೊಗ ",1,"ಸೋತವನು, ಹಿಂಜರಿದವನು"
ವಿಮೋಹ,noun,ಸಂ ,1,ಮೋಹಪರವಶತೆ
ವಿಯಚ್ಚರ,noun,ಸಂ ,1,"ಹಕ್ಕಿ, ಪಕ್ಷಿ"
ವಿಯೋಗ,noun,ಸಂ ,1,"ಬೇರ್ಪಡಿಸುವಿಕೆ, ಪ್ರತ್ಯೇಕವಾಗುವಿಕೆ"
ವಿರಕ್ತ,noun,ಸಂ ,1,"ವಿರಾಗಿ, ಸನ್ಯಾಸಿ"
ವಿರಜ,noun,ಸಂ ,1,ಪರಿಶುದ್ಧನಾದವನು
ವಿರತಿ,noun,ಸಂ ,1,"ಅಂತ್ಯ, ಕೊನೆ"
ವಿರಾಗ,noun,ಸಂ ,1,"ವಿರಕ್ತಿ, ವೈರಾಗ್ಯ"
ವಿರಾಜಿತ,noun,ಸಂ ,1,"ಪ್ರಕಾಶಿಸುವಂತಹುದು, ಕಾಂತಿಯುತವಾದುದು"
ವಿರಾಮ,noun,ಸಂ ,1,"ಬಿಡುವು, ವಿಶ್ರಾಂತಿ"
ವಿರುತ,noun,ಸಂ ,1,"ಶಬ್ದ, ಧ್ವನಿ"
ವಿರುದ್ಧ,noun,ಸಂ ,1,"ಹಗೆತನ, ವೈರತ್ವ"
ವಿರುದ್ಧಾರ್ಥ,noun,= ,1,ವಿಪರೀತಾರ್ಥ
ವಿರೇಚಕ(ನ),noun,ಸಂ ,1,"ಭೇದಿ, ವಿರೇಚನ"
ವಿರೋಚನ,noun,ಸಂ ,1,"ಸೂರ್ಯ, ರವಿ"
ವಿರೋಧ,noun,ಸಂ ,1,"ತಡೆ, ಅಡ್ಡಿ"
ವಿರೋಧಿ,noun,<ಸಂ. ವಿರೋಧಿನ್ ,1,"ಶತ್ರು, ವೈರಿ"
ವಿಲಂಘನ,noun,ಸಂ ,1,"ಹಾರುವಿಕೆ, ನೆಗೆತ"
ವಿಲಕ್ಷಣ,noun,ಸಂ ,1,"ಬೇರೆಯಾದುದು, ಭಿನ್ನವಾದುದು"
ವಿಲಗ,noun,<ಮರಾ. ವಿಲಗ ,1,ಹೊಂದಿಕೆಯಿಲ್ಲದಿರುವಿಕೆ
ವಿಲಯ,noun,ಸಂ ,1,"ಪ್ರಪಂಚದ ನಾಶ, ಪ್ರಳಯ"
ವಿಲಾಸ,noun,ಸಂ ,1,"ಕ್ರೀಡೆ, ವಿಹಾರ"
ವಿಲಾಸಿ,noun,<ಸಂ. ವಿಲಾಸಿನ್ ,1,"ಹಾಸ್ಯಗಾರ, ಚೇಷ್ಟೆಗಾರ"
ವಿಲಾಸಿನಿ,noun,<ಸಂ. ವಿಲಾಸಿನೀ ,1,"ಒಯ್ಯಾರಿ, ಬೆಡಗಿ"
ವಿಲೀನ,noun,ಸಂ ,1,ಐಕ್ಯನಾದವನು
ವಿಲೆ,noun,<ಅರ. ವಿಲ್ಹಾ / ಮರಾ. ವಿಲ್ಹೇ ,1,"ವರ್ಗ, ಶ್ರೇಣಿ, ಗುಂಪು"
ವಿಲೆ(ಲೇ)ವಾರಿ,noun,<ಮರಾ. ವಿಲ್ಹೇವಾರಿ ,1,"ವ್ಯವಸ್ಥೆಗೊಳಿಸುವುದು, ಏರ್ಪಾಟು"
ವಿಲೋಲ,noun,ಸಂ ,1,"ಹೊಯ್ದಾಟ, ನಡುಕ"
ವಿವರ,noun,ಸಂ ,1,"ತೂತು, ರಂಧ್ರ"
ವಿವರಣ(ಣೆ),noun,ಸಂ ,1,ತೆರೆಯುವುದು
ವಿವರ್ಣ,noun,ಸಂ ,1,"ಬಣ್ಣಗೆಡುವುದು, ಕಳಾಹೀನವಾಗುವುದು"
ವಿವಾದ,noun,ಸಂ ,1,"ವಾಗ್ದಾನ, ಚರ್ಚೆ"
ವಿವಿಕ್ತ,noun,ಸಂ ,1,"ಜನರಹಿತವಾದುದು, ನಿರ್ಜನವಾದುದು"
ವಿವೇಕ,noun,ಸಂ ,1,"ಯುಕ್ತಾಯುಕ್ತ ವಿಚಾರ, ವಿವೇಚನೆ"
ವಿವೇಚನೆ,noun,ಸಂ ,1,"ಯುಕ್ತಾಯುಕ್ತತೆಗಳನ್ನು ಅರಿಯುವಿಕೆ, ವಿವೇಕ"
ವಿಶಸನ,noun,ಸಂ ,1,"ಕೊಲೆ, ಸಂಹಾರ"
ವಿಶಾಖ,noun,ಸಂ ,1,ಷಣ್ಮುಖ
ವಿಶಾರದ,noun,ಸಂ ,1,"ವಿದ್ವಾಂಸ, ಪಂಡಿತ"
ವಿಶಾಲ,noun,ಸಂ ,1,"ದೊಡ್ಡದು, ಹಿರಿದು"
ವಿಶುದ್ಧ,noun,ಸಂ ,1,ಪರಿಶುದ್ಧವಾದುದು
ವಿಶೇಷ,noun,ಸಂ ,1,"ಪ್ರತ್ಯೇಕವಾದುದು, ನಿರ್ದಿಷ್ಟವಾದುದು"
ವಿಶೇಷಣ,noun,ಸಂ ,1,"ವಿಭಿನ್ನತೆ, ವೈಶಿಷ್ಟ್ಯ"
ವಿಶ್ರಮ,noun,ಸಂ ,1,"ಶ್ರಮ, ಪರಿಹಾರ"
ವಿಶ್ರಾಂತಿ,noun,ಸಂ ,1,"ಶ್ರಮ, ಪರಿಹಾರ"
ವಿಶ್ಲೇಷ,noun,ಸಂ ,1,"ಬೇರೆಯಾದುದು, ಪ್ರತ್ಯೇಕಗೊಂಡದು"
ವಿಶ್ವ,noun,ಸಂ ,1,"ಜಗತ್ತು, ಲೋಕ"
ವಿಶ್ವಸ್ತ,noun,ಸಂ ,1,"ಧರ್ಮದರ್ಶಿ, ಟ್ರಸ್ಟಿ"
ವಿಶ್ವಾಸ,noun,ಸಂ ,1,"ನಂಬಿಕೆ, ಭರವಸೆ"
ವಿಶ್ವಾಸಿ,noun,<ಸಂ. ವಿಶ್ವಾಸಿನ್ ,1,ನಂಬಿಕೆಗೆ ಪಾತ್ರವಾದುದು
ವಿಷ,noun,ಸಂ ,1,"ನಂಜು, ಗರಳ"
ವಿಷಣ್ಣ,noun,ಸಂ ,1,ಉತ್ಸಾಹವಿಲ್ಲದುದು
ವಿಷಮ,noun,ಸಂ ,1,ಸಮವಾಗಿಲ್ಲದಿರುವುದು
ವಿಷಯ,noun,ಸಂ ,1,"ಇಂದ್ರಿಯ ಗೋಚರವಾಗುವ ಶಬ್ದ, ಸ್ಪರ್ಶ, ರೂಪ, ರಸ ಮತ್ತು ಗಂಧಗಳೆಂಬ ಜ್ಞಾನೇಂದ್ರಿಯಗಳು"
ವಿಷಯಿ,noun,<ಸಂ. ವಿಷಯಿನ್ ,1,ಇಂದ್ರಿಯ
ವಿಷಾಣ,noun,ಸಂ ,1,"ಪ್ರಾಣಿಗಳ - ಕೋಡು, ಕೊಂಬು"
ವಿಷಾದ,noun,ಸಂ ,1,ನಿರುತ್ಸಾಹ
ವಿಷು,noun,ಸಂ ,1,ಸಮವಾದುದು
ವಿಷ್ಕಂಭ,noun,ಸಂ ,1,"ಅಡ್ಡಿ, ವಿಘ್ನ"
ವಿಷ್ಟರ,noun,ಸಂ ,1,ಆಸನ
ವಿಷ್ಟೆ,noun,<ಸಂ. ವಿಷ್ಟಾ ,1,"ಮಲ, ಅಮೇಧ್ಯ"
ವಿಸಂಧಿ,noun,ಸಂ ,1,ಹೊಂದಿಕೆಯಾಗದಿರುವಿಕೆ
ವಿಸರ,noun,ಸಂ ,1,"ವಿಸ್ತಾರ, ವ್ಯಾಪ್ತಿ"
ವಿಸರ್ಗ,noun,ಸಂ ,1,"ಬಿಡುವಿಕೆ, ತ್ಯಜಿಸುವಿಕೆ"
ವಿಸರ್ಜನೆ,noun,ಸಂ ,1,"ಬಿಡುವುದು, ತ್ಯಜಿಸುವುದು"
ವಿಸರ್ಪ,noun,ಸಂ ,1,"ಹರಡುವಿಕೆ, ವ್ಯಾಪಿಸುವಿಕೆ"
ವಿಸಸನ,noun,<ಸಂ. ವಿಶಸನ ,1,"ಕೊಲೆ, ಸಂಹಾರ"
ವಿಸ್ತರ,noun,ಸಂ ,1,"ಹಬ್ಬುಗೆ, ವಿಸ್ತಾರ, ವ್ಯಾಪ್ತಿ"
ವಿಸ್ತರಣ(ಣೆ),noun,ಸಂ ,1,"ವಿಸ್ತರಿಸಿದುದು, ಹಬ್ಬಿದುದು"
ವಿಸ್ತಾರ,noun,ಸಂ ,1,"ಹರಹು, ವ್ಯಾಪ್ತಿ"
ವಿಸ್ಮಿತ,noun,ಸಂ ,1,"ಗಾಬರಿ, ದಿಗ್ಭ್ರಮೆ"
ವಿಹಂಗ,noun,ಸಂ ,1,ಹಕ್ಕಿ
ವಿಹಂಗಮ,noun,ಸಂ ,1,"ಹಕ್ಕಿ, ಪಕ್ಷಿ"
ವಿಹಾರ,noun,ಸಂ ,1,"ಸಂತೋಷಕ್ಕಾಗಿ ಕಾಲ ಕಳೆಯುವುದು, ಅಲೆದಾಟ, ತಿರುಗಾಡುವುದು"
ವೀ,noun,ಸಂ ,1,"ಸಾಲು, ಓಳಿ, ಪಂಕ್ತಿ"
ವೀಕ್ಷಣ(ಣೆ),noun,ಸಂ ,1,"ದೃಷ್ಟಿ, ನೋಟ"
ವೀಜನ,noun,ಸಂ ,1,ಗಾಳಿಯನ್ನು ಬೀಸುವಿಕೆ
ವೀಟಿಕೆ,noun,<ಸಂ. ವೀಟಿಕಾ ,1,ವೀಳೆಯದ ಬಳ್ಳಿ ಮತ್ತು ಅದರ ಎಲೆ
ವೀತರಾಗ,noun,ಸಂ ,1,"ಮನೋವಿಕಾರಗಳಿಂದ ದೂರನಾದವನು, ರಾಗರಹಿತನಾದವನು"
ವೀರ,noun,ಸಂ ,1,"ಕಲಿ, ಶೂರ, ಪರಾಕ್ರಮಿ"
ವೀರ್ಯ,noun,ಸಂ ,1,"ಕಲಿತನ, ಶೌರ್ಯ"
ವೀಳೆಯ,noun,<ಸಂ. ವೀಟಕಾ ,1,ಒಂದು ಜಾತಿಯ ಬಳ್ಳಿ ಮತ್ತು ಅದರ ಎಲೆ
ವೀಸ,noun,<ಪ್ರಾ. ಸಂ. ವಿಂಶತಿ ,1,"ಒಂದು ನಾಣ್ಯ, ಒಂದು ಹಣದ ಹದಿನಾರನೆಯ ಒಂದು ಭಾಗ"
ವೀಸೆ,noun,<ವೀಸ ,1,ಒಂದು ಅಳತೆಯ ಪ್ರಮಾಣ
ವೃಂತ,noun,ಸಂ ,1,"ಎಲೆ, ಹೂ, ಹಣ್ಣುಗಳ ತೊಟ್ಟು"
ವೃಂದಾರಕ,noun,ಸಂ ,1,ದೇವತೆ
ವೃಂದಾವನ,noun,ಸಂ ,1,ತುಳಸಿಯ ಕಟ್ಟೆ
ವೃಕೋದರ,noun,ಸಂ ,1,ತೋಳದಂತೆ ಹಸಿವುಳ್ಳವನು
ವೃಜಿನ,noun,ಸಂ ,1,"ಬಾಗಿದುದು, ಕೊಂಕಿದುದು"
ವೃತ್ತ,noun,ಸಂ ,1,"ಸುದ್ದಿ, ಸಮಾಚಾರ"
ವೃತ್ತಕ,noun,ಸಂ ,1,"ಸುದ್ದಿ, ಸಮಾಚಾರ"
ವೃತ್ತಾಂತ,noun,= ,1,"ಘಟನೆ, ಸಂಗತಿ"
ವೃತ್ತಿ,noun,ಸಂ ,1,ಸ್ಥಿತಿ
ವೃದ್ಧ,noun,ಸಂ ,1,"ವಯಸ್ಸಾದವನು, ಮುದುಕ"
ವೃದ್ಧಿ,noun,ಸಂ ,1,"ಬೆಳೆಯುವುದು, ವಿಕಾಸ"
ವೃಶ್ಚಿಕ,noun,ಸಂ ,1,ಚೇಳು
ವೃಷ,noun,ಸಂ ,1,"ಎತ್ತು, ಹೋರಿ"
ವೃಷಭ,noun,ಸಂ ,1,"ಎತ್ತು, ಗೂಳಿ"
ವೃಷಲಿ,noun,<ಸಂ. ವೃಷಲೀ ,1,ಮದುವೆ ಯಾಗುವ ಮುನ್ನ ಋತುಮತಿಯಾಗುವ ಕನ್ಯೆ
ವೃಷ್ಟಿ,noun,ಸಂ ,1,"ಮಳೆ, ವರ್ಷ"
ವೆಗ,noun,ಸಂ ,1,"ಜೋರು, ತೀವ್ರತೆ"
ವೆಗಟು,noun,ತೆಲು ,1,"ಹೆಚ್ಚು ಸೇವನೆಯಿಂದ ರುಚಿಗೆಟ್ಟಿರುವುದು, ಎಗಟು"
ವೆಗ್ಗಳ,noun,<ತೆಲು. ವೆಗ್ಗಲ ,1,"ಶ್ರೇಷ್ಠತೆ, ಹಿರಿಮೆ"
ವೆಜ್ಜ,noun,<ಸಂ. ವಿದ್ಧ ,1,"ತೂತು, ರಂಧ್ರ"
ವೇಡೆ,noun,<ಸಂ. ವೇಷ್ಟ > ಪ್ರಾ. ವೇಢ ,1,ಆಕ್ರ ಮಣ
ವೇಣಿ,noun,ಸಂ ,1,"ಜಡೆ, ತರುಬು"
ವೇಣು,noun,ಸಂ ,1,"ಬಿದಿರು, ಬೊಂಬು"
ವೇತನ,noun,ಸಂ ,1,"ಸಂಬಳ, ಪಗಾರ"
ವೇತಸ,noun,ಸಂ ,1,"ಬಿದಿರು, ಬೆತ್ತ"
ವೇತ್ರ,noun,ಸಂ ,1,"ಬೆತ್ತ, ಬಿದಿರು"
ವೇದ,noun,ಸಂ ,1,"ಅರಿವು, ತಿಳಿವಳಿಕೆ"
ವೇದನೆ,noun,<ಸಂ. ವೇದನಾ ,1,ತಿಳಿವಳಿಕೆ
ವೇದವಾಕ್ಯ,noun,<ಸಂ. ವೇದನಾ ,1,ವೇದಗಳಲ್ಲಿರುವ ಉಕ್ತಿ
ವೇದಿ,noun,ಸಂ ,1,"ಪಂಡಿತ, ವಿದ್ವಾಂಸ"
ವೇದಿಕೆ,noun,<ಸಂ. ವೇದಿಕಾ ,1,"ಕಟ್ಟೆ, ಜಗಲಿ"
ವೇದ್ಯ,noun,ಸಂ ,1,"ಜ್ಞಾನಿ, ತಿಳಿದವನು"
ವೇಧ(ಧೆ),noun,ಸಂ ,1,ತೂತು
ವೇಲೆ,noun,<ಸಂ. ವೇಲಾ ,1,ಸಮುದ್ರ ತೀರ
ವೇಳೆ,noun,<ಸಂ. ವೇಲಾ ,1,ಸಮುದ್ರ ತೀರ
ವೇಳೆವಾಳಿ,noun,<ದೇ. ವೇಲೈ + ಪಾೞ ,1,ಧಣಿಯು ಸತ್ತ ಮೇಲೆ ತಾನು ಬದುಕಿರುವುದಿಲ್ಲ ಎಂಬ ಪ್ರತಿಜ್ಞೆ
ವೇಷ,noun,ಸಂ ,1,"ಉಡುಗೆ ತೊಡುಗೆ, ಪ್ರಸಾ ಧನ"
ವೇಷಧಾರಿ,noun,<ಸಂ. ವೇಷಧಾರಿನ್ ,1,ವೇಷಾಂ ತರ ಮಾಡಿಕೊಂಡವನು
ವೇಷ್ಟನ,noun,ಸಂ ,1,"ಬೇಲಿ, ಆವರಣ"
ವೈಕುಂಠ,noun,ಸಂ ,1,ವಿಷ್ಣುವಿನ ಒಂದು ಹೆಸರು
ವೈಖರಿ,noun,<ಸಂ. ವೈಖರೀ ,1,"ಶೈಲಿ, ಧಾಟಿ"
ವೈಖಾನಸ,noun,ಸಂ ,1,ವಾನಪ್ರಸ್ಥಾಶ್ರಮದಲ್ಲಿರುವ ಬ್ರಾಹ್ಮಣ
ವೈಚಿತ್ರ್ಯ,noun,ಸಂ ,1,"ವಿವಿಧತೆ, ವೈವಿಧ್ಯ"
ವೈಜಯಂತಿ,noun,<ಸಂ. ವೈಜಯಂತೀ ,1,"ಧ್ವಜ, ಬಾವುಟ"
ವೈದಿಕ,noun,ಸಂ ,1,ವೇದಗಳನ್ನು ಬಲ್ಲವನು
ವೈದೇಹಿ,noun,ಸಂ ,1,"ವಿದೇಹ ರಾಜನ ಮಗಳು, ಸೀತೆ"
ವೈದ್ಯ,noun,ಸಂ ,1,ರೋಗ ಚಿಕಿತ್ಸೆ ಮಾಡುವವನು
ವೈನ,noun,<ದೇ. ವಯಿನ ,1,"ಅಚ್ಚುಕಟ್ಟು, ಒಪ್ಪ"
ವೈನೋದಿಕ,noun,<ಸಂ. ವಿನೋದ ,1,"ಹಾಸ್ಯ, ವಿನೋದ"
ವೈಪರೀತ್ಯ,noun,ಸಂ ,1,"ವಿರೋಧ, ಪ್ರತಿಕೂಲತೆ"
ವೈಭವ,noun,<ಸಂ. ವಿಭವ ,1,"ಶಕ್ತಿ, ಸಾಮರ್ಥ್ಯ"
ವೈಮನಸ್ಯ,noun,ಸಂ ,1,"ಅಪಾರವಾದ ದುಃಖ, ಅಧಿಕವಾದ ಸಂಕಟ"
ವೈಮಾನಿಕ,noun,ಸಂ ,1,ದೇವತೆ
ವೈವಿಧ್ಯ,noun,ಸಂ ,1,"ವಿವಿಧತೆ, ನಾನಾ ಪ್ರಕಾರ"
ವೈಶಾಖ,noun,ಸಂ ,1,"ಬೇಸಿಗೆ, ವಸಂತಮಾಸ,"
ವೈಶಿಕ,noun,ಸಂ ,1,"ವೇಶ್ಯೆಯ ವಿದ್ಯೆ, ಕಲೆ"
ವೈಶೇಷಿಕ,noun,ಸಂ ,1,ವಿಶಿಷ್ಟವಾದುದು
ವೈಶ್ಯ,noun,ಸಂ ,1,ಚತುರ್ವರ್ಣಗಳಲ್ಲಿ ಮೂರನೆ ಯವನು
ವೈಶ್ವಾನರ,noun,ಸಂ ,1,"ಬೆಂಕಿ, ಅಗ್ನಿ"
ವೈಷಮ್ಯ,noun,ಸಂ ,1,"ಏರುಪೇರು, ವ್ಯತ್ಯಾಸ"
ವೈಷ್ಣವ,noun,ಸಂ ,1,ಒಂದು ಪಂಥ
ವೈಸಿಕ,noun,<ಸಂ. ವೈಶಿಕ ವೇಶ್ಯೆಯರು ವಿಟರನ್ನು ಒಲಿಸಿಕೊಳ್ಳುವ ಕಲೆ ,1,"ಠಕ್ಕು, ಮೋಸ"
ವೈಹಾಳಿ,noun,<ಸಂ. ವಾಹ್ಯಾಲಿ ,1,ಕುದುರೆ ಸವಾರಿ
ವ್ಯಂಗ್ಯ,noun,ಸಂ ,1,"ಕೊಂಕು, ಅಣಕ"
ವ್ಯಂಜನ,noun,ಸಂ ,1,‘ಕ’ ಕಾರದಿಂದ ‘ಳ’ ಕಾರದ ವರೆಗೂ ಬರುವ ಅಕ್ಷರಗಳ ಸಮೂಹ
ವ್ಯಕ್ತಿ,noun,ಸಂ ,1,"ಮನುಷ್ಯ, ಆಸಾಮಿ"
ವ್ಯತಿಕರ,noun,ಸಂ ,1,ಪರಸ್ಪರ ಕೊಡುಕೊಳ್ಳುವುದು
ವ್ಯತ್ಯಯ,noun,ಸಂ ,1,"ವಿರೋಧ, ವ್ಯತ್ಯಾಸ,"
ವ್ಯತ್ಯಾಸ,noun,ಸಂ ,1,"ಅದಲುಬದಲು, ಮಾರ್ಪಾಡು"
ವ್ಯಪದೇಶ,noun,ಸಂ ,1,"ಹೆಸರು, ಅಭಿಧಾನ"
ವ್ಯಯ,noun,ಸಂ ,1,"ನಷ್ಟ, ನಾಶ"
ವ್ಯರ್ಥ,noun,ಸಂ ,1,"ನಿರುಪಯುಕ್ತತೆ, ನಿಷ್ಪ್ರಯೋ ಜಕತೆ"
ವ್ಯವಧಾನ,noun,ಸಂ ,1,"ಬಿಡುವು, ಸಾವಕಾಶ"
ವ್ಯವಸಾಯ,noun,ಸಂ ,1,"ಪರಿಶ್ರಮ, ಪ್ರಯತ್ನ"
ವ್ಯವಸಾಯಿ,noun,<ಸಂ. ವ್ಯವಸಾಯಿನ್ ,1,ಉದ್ಯೋಗಿ
ವ್ಯವಹಾರ,noun,ಸಂ ,1,"ಕೆಲಸ, ಉದ್ಯೋಗ"
ವ್ಯಷ್ಟಿ,noun,ಸಂ ,1,ವ್ಯಕ್ತಿತ್ವ
ವ್ಯಸನ,noun,ಸಂ ,1,"ದುಃಖ, ವ್ಯಥೆ"
ವ್ಯಸನಿ,noun,<ಸಂ. ವ್ಯಸನಿನ್ ,1,ದುರಭ್ಯಾಸಿ
ವ್ಯಾಕುಲ,noun,ಸಂ ,1,"ದುಃಖ, ವ್ಯಥೆ"
ವ್ಯಾಖ್ಯಾನ,noun,ಸಂ ,1,"ಕೂಲಂಕಷವಾದ ವರ್ಣನೆ, ವಿವರಣೆ"
ವ್ಯಾಖ್ಯೆ,noun,<ಸಂ. ವ್ಯಾಖ್ಯಾ ,1,ವಿವರಣೆ
ವ್ಯಾಘಾತ,noun,ಸಂ ,1,"ಹೊಡೆತ, ಪೆಟ್ಟು"
ವ್ಯಾಘ್ರಿ,noun,<ಸಂ. ವ್ಯಾಘ್ರೀ ,1,ಹೆಣ್ಣು ಹುಲಿ
ವ್ಯಾಜ,noun,ಸಂ ,1,"ಕಪಟ, ಮೋಸ"
ವ್ಯಾಜ್ಯ,noun,ಸಂ ,1,"ಜಗಳ, ಕಲಹ"
ವ್ಯಾಪಕ,noun,ಸಂ ,1,ಸರ್ವವ್ಯಾಪಿಯಾದುದು
ವ್ಯಾಪಾರ,noun,ಸಂ ,1,"ಉದ್ಯೋಗ, ವ್ಯವಹಾರ"
ವ್ಯಾಪಾರಿ,noun,<ಸಂ. ವ್ಯಾಪಾರಿನ್ ,1,ಉದ್ಯೋ ಗಸ್ಥ
ವ್ಯಾಪಿ,noun,<ಸಂ. ವ್ಯಾಪಿನ್ ,1,ವ್ಯಾಪಿಸಿರುವವನು
ವ್ಯಾಪ್ತಿ,noun,ಸಂ ,1,"ವ್ಯಾಪಿಸಿರುವಿಕೆ, ಹರವು"
ವ್ಯಾಯಾಮ,noun,ಸಂ ,1,"ಅಂಗ ಸಾಧನೆ, ಕಸರತ್ತು"
ವ್ಯಾಲ,noun,ಸಂ ,1,"ಹಾವು, ಸರ್ಪ"
ವ್ಯಾವಹಾರಿಕ,noun,ಸಂ ,1,"ಬಳಕೆಯಲ್ಲಿರುವುದು, ರೂಢಿಯಲ್ಲಿರುವುದು"
ವ್ಯಾವೃತ್ತಿ,noun,ಸಂ ,1,ಪ್ರತ್ಯೇಕಪಡಿಸುವುದು
ವ್ಯಾಸ,noun,ಸಂ ,1,"ಭಾಗ ಮಾಡುವುದು, ವಿಭಜಿಸುವುದು"
ವ್ಯಾಸಂಗ,noun,ಸಂ ,1,"ಆಸಕ್ತಿ, ಒಲವು"
ವ್ಯಾಸಪೀಠ,noun,ಸಂ ,1,ಭಾಷಣಕಾರರು ಯಾ ವ್ಯಾಖ್ಯಾನಕಾರರು ಕುಳಿತುಕೊಳ್ಳುವ ಪೀಠ
ವ್ಯಾಹಾರ,noun,ಸಂ ,1,"ಉಚ್ಚರಿಸುವುದು, ನುಡಿಯುವುದು"
ವ್ಯುತ್ಪತ್ತಿ,noun,ಸಂ ,1,"ಶಬ್ದದ ಹುಟ್ಟು, ಮೂಲ, ನಿಷ್ಪತ್ತಿ"
ವ್ಯುತ್ಪನ್ನ,noun,ಸಂ ,1,"ಪಂಡಿತ, ನಿಪುಣ"
ವ್ಯೂಹ,noun,ಸಂ ,1,"ಗುಂಪು, ಸಮೂಹ"
ವ್ಯೋಮ,noun,ಸಂ ,1,"ಆಕಾಶ, ಗಗನ"
ವ್ರಜ,noun,ಸಂ ,1,"ಸಮೂಹ, ಗುಂಪು"
ವ್ರಣ,noun,ಸಂ ,1,ಹುಣ್ಣು
ವ್ರತ,noun,ಸಂ ,1,ನಡವಳಿಕೆ
ವ್ರತತಿ,noun,ಸಂ ,1,"ಹರವು, ವಿಸ್ತಾರ"
ವ್ರತಿ,noun,<ಸಂ. ವ್ರತಿನ್ ,1,ನಿಯಮಬದ್ಧವಾದ ನಡವಳಿಕೆಯುಳ್ಳವನು
ವ್ರಾತ,noun,ಸಂ ,1,"ಸಮೂಹ, ಗುಂಪು"
ವ್ರಾತ್ಯ,noun,ಸಂ ,1,ಜಾತಿ ಬಾಹಿರ
ಶಂಕಿತ,noun,ಸಂ ,1,"ಸಂದೇಹ, ಅನುಮಾನ,"
ಶಂಕು,noun,"<ಸಂ. ಶಂಖ ಪಂಚಮಹಾವಾದ್ಯಗಳಲ್ಲಿ ಒಂದು, ಶಂಕ; ಸಂ ",1,"ಗೂಟ, ಬೆಣೆ"
ಶಂಕೆ,noun,<ಸಂ. ಶಂಕಾ ,1,"ಸಂದೇಹ, ಸಂಶಯ"
ಶಂಖ,noun,ಸಂ ,1,ಸಮುದ್ರದಲ್ಲಿ ಸಿಗುವ ಒಂದು ಬಗೆಯ ಚಿಪ್ಪು
ಶಂಖವಾದ್ಯ,noun,= ,1,ಬೊಬ್ಬೆ
ಶಂಬರ,noun,ಸಂ ,1,"ನೀರು, ಉದಕ"
ಶಂಭು,noun,ಸಂ ,1,ಸುಖ ಸಂಪತ್ತನ್ನು ಹೊಂದಿರುವವನು
ಶಕ(ಕೆ),noun,ಸಂ ,1,"ನಿರ್ದಿಷ್ಟವಾದ ಕಾಲದಿಂದ ಆರಂಭಿಸುವ ಕಾಲಗಣನೆ, ಯುಗ"
ಶಕಟ,noun,ಸಂ ,1,"ರಥ, ಬಂಡಿ, ಗಾಡಿ"
ಶಕಪುರುಷ,noun,ಸಂ ,1,ಶಕೆಯನ್ನು ಪ್ರಾರಂಭಿಸಲು ಕಾರಣನಾದ ವ್ಯಕ್ತಿ
ಶಕಲ(ಳ),noun,ಸಂ ,1,"ತುಂಡು, ಚೂರು"
ಶಕುನ,noun,ಸಂ ,1,"ಪಕ್ಷಿ, ಹಕ್ಕಿ"
ಶಕುನಿ,noun,ಸಂ ,1,ಒಂದು ಹಕ್ಕಿ
ಶಕ್ತ,noun,ಸಂ ,1,"ಅರ್ಹನಾದವನು, ಯೋಗ್ಯನಾದವನು"
ಶಕ್ತಿ,noun,ಸಂ ,1,"ಕಸುವು, ಬಲ"
ಶಕ್ಯ,noun,ಸಂ ,1,"ಸಾಧ್ಯವಾದುದು, ಮಾಡಬಹುದಾದುದು"
ಶಠ,noun,ಸಂ ,1,"ದುಷ್ಟ, ಧೂರ್ತ"
ಶತಕ,noun,ಸಂ ,1,ನೂರು
ಶತಘ್ನಿ,noun,<ಸಂ. ಶತಘ್ನೀ ,1,"ತೋಫು, ಫಿರಂಗಿ"
ಶಪಥ,noun,ಸಂ ,1,"ಶಾಪ,"
ಶಬರ,noun,ಸಂ ,1,"ಬೇಡ, ಕಿರಾತ"
ಶಬರಿ,noun,<ಸಂ. ಶಬರೀ ,1,"ಬೇಡರ ಹೆಂಗಸು, ಬೇಡಿತಿ"
ಶಬ್ದ,noun,ಸಂ ,1,"ಸದ್ದು, ಸಪ್ಪುಳ"
ಶಬ್ದವೇಧಿ,noun,ಸಂ ,1,ಶಬ್ದಗ್ರಹಣ ಮಾತ್ರದಿಂದ ಗುರಿ ಹಿಡಿದು ಹೊಡೆಯುವ ವಿದ್ಯೆ
ಶಮ(ಮೆ),noun,ಸಂ ,1,"ನೆಮ್ಮದಿ, ಶಾಂತಿ"
ಶಮನ,noun,ಸಂ ,1,ಶಾಂತಗೊಳಿಸುವುದು
ಶಮಿ,noun,ಸಂ ,1,ಶಾಂತ ಸ್ವಭಾವದವನು
ಶಯನ,noun,ಸಂ ,1,"ಮಲಗಿರುವಿಕೆ, ಪವಡಿಸಿರುವಿಕೆ"
ಶಯ್ಯೆ,noun,<ಸಂ. ಶಯ್ಯ ,1,"ಹಾಸುಗೆ, ತಲ್ಪ"
ಶರ,noun,ಸಂ ,1,"ಬಾಣ, ಸರಳು"
ಶರಣ,noun,<ಸಂ. ಶರಣಂ ,1,"ಆಶ್ರಯ, ರಕ್ಷಣೆ"
ಶರಣಾರ್ಥಿ,noun,= ,1,ನಮಸ್ಕಾರ
ಶರಣು,noun,<ಸಂ. ಶರಣ ,1,ಆಶ್ರಯ
ಶರತ್ತು,noun,<ಅರ. ಹಿಂ. ಮರಾ. ಶರ್ತ್ ,1,"ಪಣ, ಪಂದ್ಯ, ಜೂಜು"
ಶರನಿಧಿ,noun,<ಅರ. ಹಿಂ. ಮರಾ. ಶರ್ತ್ ,1,"ಸಮುದ್ರ, ನೀರಿಗೆ ಆಶ್ರಯಸ್ಥಾನವಾದುದು"
ಶರಪಂಜರ,noun,<ಅರ. ಹಿಂ. ಮರಾ. ಶರ್ತ್ ,1,ಬಾಣಗಳಿಂದ ಮಾಡಿದ ಪಂಜರ
ಶರಭ,noun,ಸಂ ,1,ಪುರಾಣಕಾವ್ಯಗಳಲ್ಲಿ ಎಂಟು ಕಾಲುಗಳುಳ್ಳ ಒಂದು ಕಾಲ್ಪನಿಕ ಪ್ರಾಣಿ
ಶರ್ಕರೆ,noun,<ಸಂ. ಶರ್ಕರಾ ,1,ಸಕ್ಕರೆ
ಶರ್ಮ,noun,<ಸಂ. ಶರ್ಮನ್ ,1,"ಸಂತೋಷ, ಆನಂದ"
ಶಲ,noun,ಸಂ ,1,"ಮುಳ್ಳುಹಂದಿಯ ಮೈಮೇಲಿರುವ ಮುಳ್ಳು, ಕಣೆ"
ಶಲದಿ,noun,ದೇ <ತಮಿ. ಚಲತಿ  ,1,"ಜೇಡರ ಹುಳು, ಜೇಡ"
ಶಲಭ,noun,ಸಂ ,1,ದೀಪದ ಹುಳು
ಶಲಾಕೆ,noun,<ಸಂ. ಶಲಾಕಾ ,1,"ಈಟಿ, ಶಲ್ಯ"
ಶಲ್ಯ,noun,ಸಂ ,1,"ಹೊದೆಯುವ ತೆಳ್ಳಗಿನ ವಸ್ತ್ರ, ಉತ್ತರೀಯ"
ಶಶ,noun,ಸಂ ,1,ಮೊಲ
ಶಾಂತ,noun,ಸಂ ,1,ನವರಸಗಳಲ್ಲಿ ಒಂದು
ಶಾಂತಿ,noun,ಸಂ ,1,"ಮೌನ, ನೀರವತೆ"
ಶಾಕ,noun,ಸಂ ,1,ತರಕಾರಿ
ಶಾಕ್ತ,noun,ಸಂ ,1,ಶಕ್ತಿ ದೇವತೆಗೆ ಸಂಬಂಧಿ ಸಿದುದು
ಶಾಖೆ,noun,<ಸಂ. ಶಾಖಾ ,1,ಮರದ ಕೊಂಬೆ
ಶಾಟ(ಟಿ),noun,ಸಂ ,1,"ಬಟ್ಟೆ, ವಸ್ತ್ರ"
ಶಾಠ್ಯ,noun,ಸಂ ,1,"ಮೋಸ, ವಂಚನೆ"
ಶಾಣ,noun,ಸಂ ,1,"ಸಾಣೆಗಲ್ಲು, ಮಸೆಗಲ್ಲು"
ಶಾತಕುಂಭ,noun,ಸಂ ,1,"ಚಿನ್ನ, ಹೊನ್ನು"
ಶಾಪ,noun,ಸಂ ,1,ಕೆಡುಕಾಗಲೆಂದು ಬಯಸಿ ಹೇಳುವ ಮಾತು
ಶಾಬ್ದಿಕ,noun,ಸಂ ,1,"ಶಬ್ದ, ಪದ"
ಶಾಮೀಲು,noun,<ಅರ. ಪಾರ. ಹಿಂ. ಶಾಮೀಲ್ ,1,"ಒತ್ತಾಸೆ, ಜೊತೆ, ನೆರವು"
ಶಾರದೆ,noun,<ಸಂ. ಶಾರದಾ ,1,"ವಿದ್ಯೆಯ ಅಧಿ ದೇವತೆ, ಸರಸ್ವತಿ"
ಶಾರೀರ,noun,ಸಂ ,1,"ಮೈ, ದೇಹ"
ಶಾರೀರಕ,noun,ಸಂ ,1,ದೇಹದಿಂದ ಹುಟ್ಟಿದುದು
ಶಾರ್ಙ್ಗ,noun,ಸಂ ,1,"ಬಿಲ್ಲು, ಧನಸ್ಸು"
ಶಾರ್ದೂಲ,noun,ಸಂ ,1,"ಹುಲಿ, ವ್ಯಾಘ್ರ"
ಶಾರ್ವರಿ,noun,<ಸಂ. ಶಾರ್ವರೀ ,1,"ಇರುಳು, ರಾತ್ರಿ"
ಶಾಲ,noun,ಸಂ ,1,"ಮರ, ವೃಕ್ಷ"
ಶಾಲೆ,noun,<ಸಂ. ಶಾಲಾ ,1,ಮನೆ
ಶಾಶ್ವತ,noun,ಸಂ ,1,"ನಿತ್ಯವಾದುದು, ಚಿರವಾದುದು"
ಶಾಸಕ,noun,ಸಂ ,1,ಆಳುವವನು
ಶಾಸನ,noun,ಸಂ ,1,"ಆಡಳಿತ ನಡಸುವಿಕೆ, ಪ್ರಭುತ್ವ"
ಶಾಸ್ತ್ರ,noun,ಸಂ ,1,"ಧಾರ್ಮಿಕ ವಿಷಯ, ತತ್ವ ಮುಂ.ವುಗಳ ಬಗೆಗೆ ಬರೆದ ಪ್ರಮಾಣ ಗ್ರಂಥ; ದರ್ಶನ"
ಶಾಸ್ತ್ರಿ,noun,<ಸಂ. ಶಾಸ್ತ್ರಿನ್ ,1,"ಶಾಸ್ತ್ರಜ್ಞ, ವಿದ್ವಾಂಸ"
ಶಿಕಾರಿ,noun,<ಪಾರ. ಹಿಂ. ಮರಾ. ಶಿಕಾರ್ ,1,ಬೇಟೆ
ಶಿಕ್ಷಕ,noun,ಸಂ ,1,"ಉಪಾಧ್ಯಾಯ, ಗುರು"
ಶಿಕ್ಷಣ,noun,ಸಂ ,1,"ಕಲಿಯುವಿಕೆ, ಜ್ಞಾನಾರ್ಜನೆ"
ಶಿಕ್ಷೆ,noun,<ಸಂ. ಶಿಕ್ಷಾ ,1,"ಕಲಿಕೆ, ವಿದ್ಯಾಭ್ಯಾಸ"
ಶಿಖಂಡಿ,noun,<ಸಂ. ಶಿಖಂಡಿನ್ ,1,"ನವಿಲು, ಮಯೂರ"
ಶಿಖರ,noun,ಸಂ ,1,"ಮರ, ಬೆಟ್ಟ ಮುಂ.ವುಗಳ - ತುದಿ, ಅಗ್ರಭಾಗ"
ಶಿಖಾ(ಖೆ),noun,ಸಂ ,1,ಜುಟ್ಟು
ಶಿಖಾಮಣಿ,noun,ಸಂ ,1,"ಮುಡಿಯಲ್ಲಿ ಧರಿಸುವ ಆಭರಣ, ಚೂಡಾಮಣಿ"
ಶಿಖಿ,noun,<ಸಂ. ಶಿಖಿನ್ ,1,ತುದಿ
ಶಿತಿ,noun,ಸಂ ,1,ಬಿಳಿಯ ಬಣ್ಣ
ಶಿಥಿಲ,noun,ಸಂ ,1,"ನಿಶ್ಶಕ್ತವಾದುದು, ಬಲಹೀನವಾದುದು"
ಶಿಥಿಲತೆ,noun,<ಸಂ. ಶಿಥಿಲತಾ ,1,"ದುರ್ಬಲತೆ, ನಿಶ್ಶಕ್ತಿ"
ಶಿಫಾರಸು,noun,<ಪಾರ. ಶಿಫಾರಿಶ್ ,1,"ಪ್ರಭಾವವನ್ನು ಬೀರುವುದು, ವಶೀಲಿ"
ಶಿಬಿಕೆ,noun,<ಸಂ. ಶಿಬಿಕಾ ,1,"ಅಂದಣ, ಪಲ್ಲಕ್ಕಿ"
ಶಿಬಿರ,noun,ಸಂ ,1,"ಸೈನ್ಯವು ತಾತ್ಕಾಲಿಕವಾಗಿ ಬೀಡು ಬಿಡುವ ಸ್ಥಳ, ಠಾಣ್ಯ"
ಶಿರ,noun,ಸಂ ,1,"ತಲೆ, ರುಂಡ"
ಶಿರಸ್ತ್ರಾಣ,noun,ಸಂ ,1,"ತಲೆಯನ್ನು ರಕ್ಷಿಸಿಕೊಳ್ಳಲು ಧರಿಸುವ ಸಾಧನ, ತಲೆ ಕಾಪು"
ಶಿರಾ,noun,<ಹಿಂ. ಮರಾ. ಸೀರಾ ,1,ಸಕ್ಕರೆಯ ಪಾಕ
ಶಿರೋಮಣಿ,noun,ಸಂ ,1,"ಚೂಡಾಮಣಿ, ತಲೆಯಲ್ಲಿ ಧರಿಸುವ ಒಂದು ರತ್ನ"
ಶಿಲೀ(ಳಿ)ಮುಖ,noun,ಸಂ ,1,"ಬಾಣ, ಶರ"
ಶಿಲ್ಪ,noun,ಸಂ ,1,"ಸಂಗೀತ, ನೃತ್ಯ, ಚಿತ್ರಕಲೆ ಮೊ. ಲಲಿತಕಲೆ, ಕುಶಲ ವಿದ್ಯೆ"
ಶಿಲ್ಪಿ,noun,<ಸಂ. ಶಿಲ್ಪಿನ್ ,1,"ಕುಶಲಕಲೆಯನ್ನು ಬಲ್ಲವನು, ಕುಶಲ ಕರ್ಮಿ"
ಶಿವ,noun,ಸಂ ,1,"ಮಂಗಳ, ಶುಭ"
ಶಿವಾಯಿಜಮೆ,noun,= ,1,ಹಕ್ಕುದಾರರಿಲ್ಲದ ಆಸ್ತಿ ಪಾಸ್ತಿಯನ್ನು ಸರ್ಕಾರಕ್ಕೆ ಸೇರಿಸಿಕೊಳ್ಳುವಿಕೆ
ಶಿಶಿರ,noun,ಸಂ ,1,"ಹಿಮ, ಮಂಜು"
ಶಿಶು,noun,ಸಂ ,1,"ಕೂಸು, ಹಸುಳೆ"
ಶಿಷ್ಟ,noun,ಸಂ ,1,"ಒಳ್ಳೆಯ ನಡವಳಿಕೆ, ಸದಾಚಾರ"
ಶಿಷ್ಯ,noun,ಸಂ ,1,ವಿದ್ಯಾರ್ಥಿ
ಶಿಷ್ಯವೃತ್ತಿ,noun,ಸಂ ,1,ವಿದ್ಯಾರ್ಥಿಯಾಗಿರುವಿಕೆ
ಶಿಸ್ತು,noun,<ಪಾರ. ಶಿಸ್ತ್ / ಮರಾ. ಶಿಸ್ತ್ ,1,"ಅಲಂಕಾರ, ಶೃಂಗಾರ"
ಶಿಸ್ತುಗಾರ,noun,<ಪಾರ. ಶಿಸ್ತ್ / ಮರಾ. ಶಿಸ್ತ್ ,1,ಷೋಕಿಲಾಲ
ಶೀಘ್ರ,noun,ಸಂ ,1,"ಜಾಗ್ರತೆ, ತ್ವರೆ"
ಶೀತ,noun,ಸಂ ,1,"ಚಳಿ, ಥಂಡಿ"
ಶೀರ್ಷ,noun,ಸಂ ,1,"ತುದಿ, ಅಗ್ರ"
ಶೀರ್ಷಕ,noun,ಸಂ ,1,ತಲೆಬುರುಡೆ
ಶೀಲ,noun,ಸಂ ,1,"ನಡತೆ, ಸ್ವಭಾವ"
ಶುಂಡ,noun,ಸಂ ,1,"ಆನೆಯ ಸೊಂಡಿಲು, ಆನೆಯ ಮದೋದಕ"
ಶುಂಭ,noun,<ದೇ. ಸೋಂಬ ,1,"ಆಲಸಿ, ಸೋಮಾರಿ"
ಶುಕ,noun,ಸಂ ,1,"ಗಿಣಿ, ಗಿಳಿ"
ಶುಕ್ತಿ(ಕೆ),noun,ಸಂ ,1,ಕಪ್ಪೆ ಚಿಪ್ಪು
ಶುಕ್ರ,noun,ಸಂ ,1,"ನಕ್ಷತ್ರ, ತಾರೆ"
ಶುಕ್ಲ,noun,ಸಂ ,1,ಬಿಳಿಯ ಬಣ್ಣ
ಶುಚಿ,noun,ಸಂ ,1,"ನಿರ್ಮಲವಾದುದು, ಶುಭ್ರವಾದುದು"
ಶುದ್ಧ,noun,ಸಂ ,1,"ಚೊಕ್ಕಟ, ಶುಚಿ"
ಶುದ್ಧಿ,noun,ಸಂ ,1,"ಸ್ವಚ್ಛತೆ, ನೈರ್ಮಲ್ಯ"
ಶುಭ್ರ,noun,ಸಂ ,1,ಬಿಳುಪು
ಶುಲ್ಕ,noun,ಸಂ ,1,"ಸುಂಕ, ತೆರಿಗೆ"
ಶುಷ್ಕ,noun,ಸಂ ,1,"ಒಣಗಿದುದು, ತೇವವಿಲ್ಲದಿರುವುದು"
ಶೂನ್ಯ,noun,ಸಂ ,1,"ಬರಿದಾದುದು, ಇಲ್ಲವಾದುದು"
ಶೂನ್ಯವೇಳೆ,noun,= ,1,ಯಾವುದಾದರೂ ನಿಶ್ಚಿತವಾದ ಕಾರ್ಯಕ್ರಮವನ್ನು ಪ್ರಾರಂಭಿಸಲು ನಿಗದಿಯಾಗಿರುವ ಸಮಯ
ಶೂರ್ಪ,noun,ಸಂ ,1,"ಧಾನ್ಯಗಳನ್ನು ಹಸನು ಮಾಡುವ ಸಾಧನ, ಮೊರ"
ಶೂಲ,noun,ಸಂ ,1,"ಚೂಪಾದ ತುದಿಯುಳ್ಳ ಒಂದು ಬಗೆಯ ಆಯುಧ, ತ್ರಿಶೂಲ,"
ಶೃಂಗ,noun,ಸಂ ,1,"ಪ್ರಾಣಿಯ ಕೊಂಬು, ಕೋಡು"
ಶೃಂಗಾರ,noun,ಸಂ ,1,"ಅಲಂಕಾರ, ಭೂಷಣ"
ಶೃಂಗಿ,noun,<ಸಂ. ಶೃಂಗಿನ್ ,1,"ಬೆಟ್ಟ, ಪರ್ವತ"
ಶೇಕಡಾ,noun,<ಹಿಂ. ಸೈಕಡಾ ,1,"ನೂರಕ್ಕೆ ಇಷ್ಟು, ಪ್ರತಿಶತ, ಶೇಕಡ"
ಶೇಖರ,noun,"<ತಮಿ. ಚೇಕರತು / ತೆಲು. ಸೇಕರಮು ಒಟ್ಟಾದುದು, ಸಂಗ್ರಹಿಸುದುದು; ಸಂ. ",1,"ಕಿರೀಟ, ತುದಿ"
ಶೇಷ,noun,ಸಂ ,1,"ಉಳಿದುದು, ಮಿಕ್ಕಿದುದು, ಶಿಲ್ಕು"
ಶೇಷಪ್ರಶ್ನೆ,noun,= ,1,"ಬಗೆಹರಿಯದ ಪ್ರಶ್ನೆ, ಮಹಾ ಭಾರತದ ಒಂದು ಪ್ರಮುಖ ಪ್ರಸಂಗ"
ಶೈಲ,noun,ಸಂ ,1,"ಬೆಟ್ಟ, ಪರ್ವತ"
ಶೈಲಿ,noun,<ಸಂ. ಶೈಲೀ ,1,"ಕ್ರಮ, ಧಾಟಿ"
ಶೈಲೂಷ,noun,ಸಂ ,1,"ನರ್ತಿಸುವವನು, ನರ್ತಕ"
ಶೈವ,noun,ಸಂ ,1,ಶಿವನ ಅರಾಧನೆಯನ್ನು ಪ್ರತಿಪಾದಿಸುವ ಆಗಮ; ಶಿವಾಗಮ
ಶೈಶವ,noun,ಸಂ ,1,"ಬಾಲ್ಯ, ಎಳಮೆ, ಶಿಶುತನ"
ಶೋಕ,noun,ಸಂ ,1,"ಅಳಲು, ದುಃಖ"
ಶೋಣ,noun,ಸಂ ,1,ಕೆಂಪು ಬಣ್ಣ
ಶೋಣಿತ,noun,ಸಂ ,1,"ನೆತ್ತರು, ರಕ್ತ"
ಶೋಧ,noun,ಸಂ ,1,"ತನಿಖೆ, ತಪಾಸಣೆ"
ಶೋಧನ(ನೆ),noun,ಸಂ ,1,"ಹೊಸದಾಗಿ ಕಂಡು ಹಿಡಿಯುವುದು, ಸಂಶೋಧನೆ"
ಶೋಭನ,noun,ಸಂ ,1,"ಹೊಳಪು, ಕಾಂತಿ"
ಶೋಭೆ,noun,<ಸಂ. ಶೋಭಾ ,1,"ಕಾಂತಿ, ಹೊಳಪು"
ಶೋಷಣೆ,noun,ಸಂ ,1,"ಬತ್ತಿ ಹೋಗುವುದು, ಒಣಗುವುದು"
ಶೌಂಡ,noun,ಸಂ ,1,"ಆಸಕ್ತಿಯುಳ್ಳವನು, ಆಸಕ್ತ"
ಶೌಚ,noun,ಸ ,1,"ನೈರ್ಮಲ್ಯ, ಪರಿಶುದ್ಧತೆ"
ಶೌರಿ,noun,ಸಂ ,1,"ಶೂರಸೇನನ ವಂಶದವನು, ಕೃಷ್ಣ"
ಶ್ಮಶ್ರು,noun,ಸಂ ,1,ಗಡ್ಡ
ಶ್ಯಾಮ,noun,ಸಂ ,1,"ಕಪ್ಪು ಬಣ್ಣ, ಅಸಿತ ಬಣ್ಣ"
ಶ್ಯಾಮೆ,noun,<ಸಂ. ಶ್ಯಾಮಾ ,1,"ಇರುಳು, ರಾತ್ರೆ"
ಶ್ರದ್ಧಾಂಜಲಿ,noun,ಸಂ ,1,ಮೃತರಿಗಾಗಿ ಶ್ರದ್ಧೆಯಿಂದ ಬಿಡುವ ತರ್ಪಣ
ಶ್ರದ್ಧೆ,noun,<ಸಂ. ಶ್ರದ್ಧಾ ,1,"ನಂಬಿಕೆ, ವಿಶ್ವಾಸ"
ಶ್ರಮ,noun,ಸಂ ,1,"ದಣಿವು, ಆಯಾಸ"
ಶ್ರವಣ,noun,"<ತೆಲು. ಶ್ರಾವಣ ಅಕ್ಕಸಾಲಿಗನ ಚಿಮುಟ, ತಂಡಸ; ಸಂ ",1,"ಕೇಳುವಿಕೆ, ಆಲಿಸುವಿಕೆ"
ಶ್ರವ್ಯ,noun,ಸಂ ,1,ಕೇಳಲು ಯೋಗ್ಯವಾದುದು
ಶ್ರಾಂತ,noun,ಸಂ ,1,"ದಣಿದುದು, ಆಯಾಸಗೊಂಡುದು"
ಶ್ರಾವಕ,noun,ಸಂ ,1,"ಕೇಳುವವನು, ಆಲಿಸುವವನು"
ಶ್ರಾವಣ,noun,ಸಂ ,1,ಚಾಂದ್ರಮಾನದ ಐದನೆಯ ತಿಂಗಳು
ಶ್ರಾವೆ,noun,<ಸಂ. ಶರಾವ ,1,"ಅಗಲವಾಗಿರುವ ಮಣ್ಣಿನ ಪಾತ್ರೆ, ಶರಾವೆ"
ಶ್ರೀ,noun,ಸಂ ,1,"ಸಿರಿ, ಸಂಪತ್ತು, ಐಶ್ವರ್ಯ"
ಶ್ರೀಮಂತಿಕೆ,noun,<ಸಂ. ಶ್ರೀಮಂತ + ಇಕೆ ,1,"ಸಂಪತ್ತು, ಸಿರಿವಂತಿಕೆ"
ಶ್ರೀಮುಖ,noun,ಸಂ ,1,ಸುಂದರವಾದ ಮುಖ
ಶ್ರುತ,noun,ಸಂ ,1,ಕೇಳಬಹುದಾದುದು
ಶ್ರುತಿ,noun,ಸಂ ,1,"ಕೇಳುವಿಕೆ, ಶ್ರವಣ"
ಶ್ರೇಣಿ,noun,ಸಂ ,1,"ಪಂಕ್ತಿ, ಸಾಲು"
ಶ್ರೇಯಸ್ಸು,noun,<ಸಂ. ಶ್ರೇಯಸ್ ,1,"ಶುಭ, ಮಂಗಳ"
ಶ್ರೇಯಾಂಸ,noun,ಸಂ ,1,ಅಭ್ಯುದಯವನ್ನು ಹೊಂದಿದವನು ಏಳಿಗೆಯನ್ನು ಪಡೆದವನು
ಶ್ರೇಷ್ಠ,noun,ಸಂ ,1,"ಉತ್ತಮವಾದುದು, ಉತ್ಕೃಷ್ಟವಾದುದು"
ಶ್ರೇಷ್ಠಿ,noun,<ಸಂ. ಶ್ರೇಷ್ಠಿನ್ ,1,"ಒಂದೇ ವಿಧವಾದ ವ್ಯಾಪಾರ ಯಾ ಕಸುಬಿನವರ ಸಂಘದ ಮುಖಂಡ, ವಾಣಿಜ್ಯೋದ್ಯಮ ಸಂಘದ ಮುಖ್ಯಸ್ಥ"
ಶ್ಲಾಘ್ಯ,noun,ಸಂ ,1,ಹೊಗಳಲು ಯೋಗ್ಯವಾದುದು
ಶ್ಲೇಷ,noun,ಸಂ ,1,"ಸೇರುವಿಕೆ, ಕೂಡುವಿಕೆ"
ಶ್ಲೋಕ,noun,ಸಂ ,1,ಸ್ತೋತ್ರರೂಪವಾದ ಪದ್ಯ
ಶ್ವಾಸ,noun,ಸಂ ,1,ಉಸಿರು
ಶ್ವೇತ,noun,ಸಂ ,1,"ಬಿಳುಪು, ಬಿಳಿಯ ಬಣ್ಣ"
ಷಂಡ,noun,ಸಂ ,1,"ಸ್ವೇಚ್ಛೆಯಾಗಿ ತಿರುಗಾಡಲು ಬಿಟ್ಟ ಗೂಳಿ, ಬಸವ"
ಷಂಡತನ,noun,ಸಂ ,1,ನಪುಂಸಕತ್ವ
ಷಟ್ಕರ್ಮ,noun,ಸಂ ,1,"ಬ್ರಾಹ್ಮಣನು ನಿತ್ಯವೂ ಆಚರಿಸಬೇಕಾದ ಅಧ್ಯಯನ, ಅಧ್ಯಾಪನ, ಯಜನ, ಯಾಜನ, ದಾನ ಮತ್ತು ಪರಿಗ್ರಹ ಎಂಬ ಆರು ಕ್ರಿಯೆಗಳು"
ಷಟ್ಪದಿ,noun,ಸಂ ,1,ದುಂಬಿ
ಷಡಂಗ,noun,ಸಂ ,1,"ಶಿಕ್ಷೆ, ವ್ಯಾಕರಣ, ಛಂದಸ್ಸು, ನಿರುಕ್ತ, ಜ್ಯೋತಿಷ ಮತ್ತು ಕಲ್ಪ ಎಂಬ ವೇದಾ ಭ್ಯಾಸಕ್ಕೆ ಅವಶ್ಯಕವಾದ ಆರು ಅಂಗಗಳು"
ಷಡ್ಗುಣ,noun,ಸಂ ,1,"ಸಂಧಿ, ವಿಗ್ರಹ, ಯಾನ, ಆಸನ, ದ್ವೈಧೀಭಾವ, ಸಂಶ್ರಯಗಳೆಂಬ ರಾಜ ನೀತಿಯ ಆರು ನಿಯಮಗಳು"
ಷಡ್ರಸ,noun,ಸಂ ,1,"ಉಪ್ಪು, ಕಾರ, ಸಿಹಿ, ಕಹಿ, ಹುಳಿ ಮತ್ತು ಒಗರು ಎಂಬ ಆರು ಬಗೆಯ ರುಚಿಗಳು"
ಷಣ್ಮುಖ,noun,ಸಂ ,1,ಆರು ಮುಖಗಳು
ಷಷ್ಠಿ,noun,<ಸಂ. ಷಷ್ಠೀ ,1,ಪಕ್ಷದ ಆರನೆಯ ದಿನ
ಷಿಕಾರಿ,noun,<ಹಿಂ. ಶಿಕಾರಿ ,1,ಬೇಟೆ
ಷೋಕಿ,noun,<ಅರ. ಶೌಕಿ ,1,"ಚೈನಿ, ವಿಲಾಸ"
ಷೋಡಶಿ,noun,ಸಂ ,1,ಒಂದು ಬಗೆಯ ಯಜ್ಞ
ಸ,noun,<ಮರಾ. ಸತ್ತಾ ,1,"ಸಲಿಗೆ, ಸದರ"
ಸ(ಂ)ನ್ಯಾಸಿ,noun,ಸಂ ,1,"ಐಹಿಕ ಸುಖಗಳನ್ನು ತೊರೆದವನು, ವಿರಕ್ತ, ಯೋಗಿ"
ಸಂಕಟ,noun,ಸಂ ,1,ಇಕ್ಕಟ್ಟಾದುದು
ಸಂಕರ,noun,ಸಂ ,1,ಕಲಬೆರಕೆ
ಸಂಕರ್ಷಣ,noun,ಸಂ ,1,ಆಕರ್ಷಿಸುವಿಕೆ
ಸಂಕಲನ,noun,ಸಂ ,1,ಸಂಗ್ರಹಿಸುವುದು
ಸಂಕಲೆ,noun,<ಸಂ. ಶೃಂಖಲಾ ,1,"ಕಬ್ಬಿಣದ ಸರಪಣಿ, ಚೈನು"
ಸಂಕಲ್ಪ,noun,ಸಂ ,1,"ಮನಸ್ಸಿನ ನಿರ್ಧಾರ, ನಿರ್ಣಯ"
ಸಂಕಾಶ,noun,ಸಂ ,1,"ಹತ್ತಿರ, ಸಾಮೀಪ್ಯ"
ಸಂಕಿರಣ,noun,<ಸಂ. ಸಂಕೀರ್ಣ ,1,"ಕೂಟ, ಸಭೆ, ಗೋಷ್ಠಿ"
ಸಂಕೀರ್ಣ,noun,ಸಂ ,1,ಸೇರಿಕೊಂಡಿರುವುದು
ಸಂಕುಚಿತ,noun,ಸಂ ,1,ಕುಗ್ಗಿದುದು
ಸಂಕೆ,noun,<ಸಂ. ಶಂಕಾ ,1,ಅನುಮಾನ
ಸಂಕೇತ,noun,ಸಂ ,1,"ಸೂಚನೆ, ಸುಳಿವು, ಸಂಜ್ಞೆ"
ಸಂಕೋಚ,noun,ಸಂ ,1,"ಕುಗ್ಗುವಿಕೆ, ಮುದುಡಿಕೊಳ್ಳುವಿಕೆ"
ಸಂಕ್ರಮ,noun,ಸಂ ,1,ಒಟ್ಟಿಗೆ ಚಲಿಸುವುದು
ಸಂಕ್ರಮಣ,noun,ಸಂ ,1,ಒಟ್ಟಿಗೆ ಹೋಗುವಿಕೆ
ಸಂಕ್ರಾಂತಿ,noun,ಸಂ ,1,ಸೂರ್ಯನು ಒಂದು ರಾಶಿಯಿಂದ ಮತ್ತೊಂದು ರಾಶಿಗೆ ದಾಟುವ ಸಮಯ
ಸಂಕ್ಲಿಷ್ಟ,noun,ಸಂ ,1,"ಕಷ್ಟ, ಕ್ಲೇಶ"
ಸಂಕ್ಷಿಪ್ತ,noun,ಸಂ ,1,ಅಡಕಗೊಳಿಸಿದುದು
ಸಂಕ್ಷೇಪ,noun,ಸಂ ,1,"ಅಡಕ, ಸಂಗ್ರಹ"
ಸಂಖ್ಯಾನ,noun,ಸಂ ,1,"ಎಣಿಸುವಿಕೆ, ಗಣನೆ"
ಸಂಖ್ಯೆ,noun,<ಸಂ. ಸಂಖ್ಯಾ ,1,"ಎಣಿಸುವುದು, ಗಣನೆ"
ಸಂಗ,noun,ಸಂ ,1,"ಒಡನಾಟ, ಸಹವಾಸ"
ಸಂಗಟಿ,noun,ದೇ ,1,ರಾಗಿ ಮುಂತಾದ ಧಾನ್ಯಗಳ ಹಿಟ್ಟಿನಿಂದ ತಯಾರಿಸಿದ ಮುದ್ದೆ
ಸಂಗಡ,noun,<ಸಂ. ಸಂಘಾತ ,1,ಜೊತೆಯಾದುದು
ಸಂಗತ,noun,ಸಂ ,1,ಒಟ್ಟಿಗೆ ಸೇರಿಸುವುದು
ಸಂಗತಿ,noun,ಸಂ ,1,ಸೇರುವಿಕೆ
ಸಂಗಮ,noun,ಸಂ ,1,ಸಮಾಗಮ
ಸಂಗಾತಿ,noun,<ಸಂ. ಸಂಘಾತಿನ್ ,1,"ಜೊತೆಗಾರ, ಒಡನಾಡಿ"
ಸಂಗಿ,noun,<ಸಂ. ಸಂಗ ,1,"ಕೂಡಿದುದು, ಸೇರಿದುದು"
ಸಂಗೀತ,noun,ಸಂ ,1,"ಶಾಸ್ತ್ರೀಯವಾದ ಹಾಡುಗಾರಿಕೆ, ಗಾಯನ ಕಲೆ"
ಸಂಗೀತಿ,noun,ಸಂ ,1,"ಮಾತುಕತೆ, ಸಂಭಾಷಣೆ"
ಸಂಗ್ರಹ,noun,ಸಂ ,1,"ಹಿಡಿತ, ವಶ"
ಸಂಘ,noun,ಸಂ ,1,"ಗುಂಪು, ಸಮೂಹ"
ಸಂಘಟ,noun,ಸಂ ,1,ಘರ್ಷಣೆ
ಸಂಘಟನೆ,noun,<ಸಂ. ಸಂಘಟನಾ ,1,ಹೊಂದಿಸುವಿಕೆ
ಸಂಘರ್ಷ,noun,ಸಂ ,1,"ಉಜ್ಜುವಿಕೆ, ತಿಕ್ಕಾಟ"
ಸಂಘಾತ,noun,ಸಂ ,1,"ಗುಂಪು, ಸಮೂಹ"
ಸಂಚ,noun,ಸಂ ,1,ಸಂಗ್ರಹ
ಸಂಚಯ,noun,ಸಂ ,1,"ಗುಂಪು, ಸಮೂಹ"
ಸಂಚಯನ,noun,ಸಂ ,1,ಸಂಗ್ರಹಿಸುವುದು
ಸಂಚಾರ,noun,ಸಂ ,1,"ಅಡ್ಡಾಡುವುದು, ತಿರುಗಾಟ"
ಸಂಚಾರಿ,noun,<ಸಂ. ಸಂಚಾರಿನ್ ,1,ಸಂಚರಿಸುವವನು
ಸಂಚಿ,noun,ದೇ <ತೆಲು. ಸಿಂಚಿ ,1,ಚೀಲ
ಸಂಚಿಕೆ,noun,<ಸಂಚ + ಇಕೆ ,1,ತಾಳೆಗರಿಯ ಪುಸ್ತಕ
ಸಂಚಿತ,noun,ಸಂ ,1,"ಸಂಗ್ರಹಿತವಾದುದು, ಸಂಗ್ರಹ"
ಸಂಚು,noun,ದೇ ,1,"ಉಪಾಯ, ಯುಕ್ತಿ"
ಸಂಜನನ,noun,ಸಂ ,1,"ಹುಟ್ಟು, ಮೂಲ"
ಸಂಜಾತ,noun,ಸಂ ,1,"ಒದಗುವಿಕೆ, ಪ್ರಾಪ್ತವಾಗುವಿಕೆ"
ಸಂಜೀವನ,noun,ಸಂ ,1,"ಬದುಕಿ ಉಳಿಯುವಂತೆ ಮಾಡುವ ದಿವ್ಯೌಷಧ, ಸಿದ್ಧರಸ"
ಸಂಜೀವಿನಿ,noun,ಸಂ ,1,ಜೀವವನ್ನು ನೀಡುವು ದೆಂದು ನಂಬಲಾಗಿರುವ ಒಂದು ಮೂಲಿಕೆ
ಸಂಜೆಗಣ್ಣು,noun,ಸಂ ,1,"ಸಾಯಂಕಾಲದ ಸಮಯದಲ್ಲಿ ಕಣ್ಣು ಕಾಣಿಸದ ಒಂದು ಬಗೆಯ ಕಣ್ಣಿನ ರೋಗ, ಇರುಳುಗಣ್ಣು"
ಸಂಜೋಗ,noun,<ಮರಾ. ಸಂಜೋಗಣೀ ,1,ತೀವ್ರವಾದ ತಪಸ್ಸು
ಸಂಜ್ಞೆ,noun,<ಸಂ. ಸಂಜ್ಞಾ ,1,"ಎಚ್ಚರ, ಪರಿವೆ"
ಸಂತ,noun,<ಸಂ. ಶಾಂತ ,1,"ಸೌಖ್ಯ, ಕ್ಷೇಮ"
ಸಂತತಿ,noun,ಸಂ ,1,"ವಂಶ, ಪೀಳಿಗೆ"
ಸಂತರ್ಪಣ,noun,ಸಂ ,1,"ತೃಪ್ತಿ ಪಡಿಸುವಿಕೆ, ತಣಿಸುವಿಕೆ"
ಸಂತರ್ಪಣೆ,noun,<ಸಂ. ಸಂತರ್ಪಣ ,1,"ಬಹು ಜನಕ್ಕೆ ನೀಡುವ ಸಂತೃಪ್ತಿಕರವಾದ ಭೋಜನ, ಅನ್ನ ದಾನ"
ಸಂತಸ,noun,<ಸಂ. ಸಂತೋಷ ,1,"ಹಿಗ್ಗು, ಸಂತೋಷ"
ಸಂತಾನ,noun,ಸಂ ,1,"ವ್ಯಾಪ್ತಿ, ಹರವು"
ಸಂತಾನಕ,noun,ಸಂ ,1,"ಗುಂಪು, ಸಮೂಹ"
ಸಂತಾಪ,noun,ಸಂ ,1,"ಅತಿಯಾದ ಕಾವು, ಬಿಸುಪು"
ಸಂತುಷ್ಟ,noun,ಸಂ ,1,"ಸಂತೋಷ, ಹಿಗ್ಗು"
ಸಂತುಷ್ಟಿ,noun,ಸಂ ,1,"ಸಂತೋಷ, ಆನಂದ"
ಸಂತೆ,noun,<ಮರಾ. ಸಂಥಾ ,1,"ಕಂಠಪಾಠ, ಉರು"
ಸಂತ್ರಸ್ತ,noun,ಸಂ ,1,"ಅಡ್ಡಿ, ತೊಂದರೆ"
ಸಂದಂಶ,noun,ಸಂ ,1,"ಇಕ್ಕುಳ, ತಂಡಸ"
ಸಂದಣಿ,noun,ದೇ ,1,"ಗುಂಪು, ಸಮೂಹ"
ಸಂದರ್ಭ,noun,ಸಂ ,1,"ರಚನೆ, ನಿರ್ಮಾಣ"
ಸಂದರ್ಶನ,noun,ಸಂ ,1,"ನೋಡುವಿಕೆ, ಅವ ಲೋಕನ"
ಸಂದಾಯ,noun,<ದೇ. ಸಲ್ > ಸಂದ + ಆಯ ,1,"ತೆಗೆದುಕೊಂಡ ಹಣ ಮುಂ.ವನ್ನು ಸಲ್ಲಿಸುವುದು, ಪಾವತಿ"
ಸಂದಾಯಕ,noun,ಸಂ ,1,"ಕೊಡುವಂತಹುದು, ನೀಡುವಂತಹುದು"
ಸಂದಿ,noun,<ಸಂ. ಸಂಧಿ ,1,"ಸೇರಿವೆ, ಸಂಯೋಗ"
ಸಂದಿಗ್ಧ,noun,ಸಂ ,1,"ಅನುಮಾನ, ಸಂದೇಹ"
ಸಂದಿಗ್ಧತೆ,noun,= ,1,"ಅನುಮಾನ, ಸಂದೇಹ"
ಸಂದು,noun,<ಸಂ. ಸಂಧಿ ,1,"ಮೂಲೆ, ಕೋನ"
ಸಂದು(ದೂ)ಕ,noun,<ಅರ. ಹಿಂ. ಸಂದೂಕ್ ,1,"ದೊಡ್ಡ ಪೆಟ್ಟಿಗೆ, ಪೆಠಾರಿ"
ಸಂದೇಶ,noun,ಸಂ ,1,"ಆಜ್ಞೆ, ಅಪ್ಪಣೆ"
ಸಂದೇಹಿ,noun,ಸಂ ,1,ಸಂದೇಹಗ್ರಸ್ತ
ಸಂದೋಹ,noun,ಸಂ ,1,"ಗುಂಪು, ಸಮೂಹ"
ಸಂಧಾನ,noun,ಸಂ ,1,"ಸೇರಿಸುವುದು, ಹೊಂದಿಸುವುದು"
ಸಂಧಿ,noun,ಸಂ ,1,"ಸೇರಿಕೆ, ಸಂಯೋಗ"
ಸಂಧಿಕಾಲ,noun,ಸಂ ,1,ಎರಡು ಯುಗಗಳ ನಡುವಿನ ಕಾಲ
ಸಂಧ್ಯಾರಾಗ,noun,ಸಂ ,1,ಸಂಜೆಗೆಂಪು
ಸಂಧ್ಯೆ,noun,<ಸಂ. ಸಂಧ್ಯಾ ,1,"ಸಂಜೆ, ಬೈಗು"
ಸಂನ್ಯಾಸ,noun,ಸಂ ,1,"ತೊರೆಯುವಿಕೆ, ತ್ಯಜಿಸುವಿಕೆ"
ಸಂಪ(ಪಿ)ಗೆ,noun,<ಸಂ. ಚಂಪಕ ,1,"ಒಂದು ಬಗೆಯ ಮರ ಮತ್ತು ಸುಗಂಧದಿಂದ ಕೂಡಿದ ಅದರ ಹೂವು, ಚಂಪಕ"
ಸಂಪತ್ತಿ,noun,ಸಂ ,1,"ಐಶ್ವರ್ಯ, ಸಿರಿ"
ಸಂಪದ,noun,<ಸಂ. ಸಂಪದ್ ,1,"ಐಶ್ವರ್ಯ, ಸಂಪತ್ತು"
ಸಂಪನ್ನ,noun,<ಸಂ. ಸಂಪದ್ ,1,"ಶ್ರೀಮಂತ, ಧನಿಕ"
ಸಂಪನ್ನತೆ,noun,<ಸಂ. ಸಂಪದ್ ,1,"ಶ್ರೀಮಂತಿಕೆ, ಸಿರಿತನ"
ಸಂಪರ್ಕ,noun,ಸಂ ,1,"ಸಂಬಂಧ, ಸೇರಿಕೆ, ಸಹವಾಸ"
ಸಂಪಾದಕ,noun,ಸಂ ,1,ಪ್ರಕಟಿಸತಕ್ಕ ಗ್ರಂಥವನ್ನು ಸಂಗ್ರಹಿಸಿ ಪರಿಷ್ಕಾರ ಮಾಡುವವನು
ಸಂಪಾದಕಿ,noun,<ಸಂ. ಸಂಪಾದಕ + ಇ ,1,ಗ್ರಂಥವನ್ನು ಸಂಗ್ರಹಿಸಿ ಪರಿಷ್ಕರಿಸುವವಳು
ಸಂಪಾದನ(ನೆ),noun,ಸಂ ,1,"ಗಳಿಕೆ, ಅರ್ಜನೆ"
ಸಂಪುಟ,noun,ಸಂ ,1,"ಭರಣಿ, ಕರಂಡಕ, ಡಬ್ಬ"
ಸಂಪೂರ್ಣ,noun,ಸಂ ,1,ಭರ್ತಿಯಾದುದು
ಸಂಪ್ರತಿ,noun,ಸಂ ,1,"ಸದ್ಯದ ಸಮಯ, ಪ್ರಕೃತಿಕಾಲ"
ಸಂಪ್ರದಾನ,noun,ಸಂ ,1,ಕೊಡುವಿಕೆ
ಸಂಪ್ರದಾಯ,noun,ಸಂ ,1,"ಪೂರ್ವಿಕರಿಂದ ಪರಂಪರೆಯಾಗಿ ಬಂದಿರುವ ಆಚಾರ, ವ್ಯವಹಾರ"
ಸಂಪ್ರಾಪ್ತ,noun,ಸಂ ,1,ಸಂಭವಿಸಿದುದು
ಸಂಪ್ರೀತಿ,noun,ಸಂ ,1,"ಅತಿಶಯವಾದ ಪ್ರೀತಿ, ಒಲವು"
ಸಂಬಂಧ,noun,ಸಂ ,1,"ಸಂಪರ್ಕ, ಸಹವಾಸ"
ಸಂಬಂಧಿ,noun,<ಸಂ. ಸಂಬಂಧಿನ್ ,1,"ನೆಂಟ, ಬಂಧು"
ಸಂಬರ,noun,<ಸಂ. ಸಂಭಾರ ,1,"ಅಡುಗೆಯ ರುಚಿಯನ್ನು ಹೆಚ್ಚಿಸುವ ಕೊತ್ತಂಬರಿ, ಮೆಣಸು, ಜೀರಿಗೆ ಮುಂ. ಮಸಾಲೆ ವಸ್ತು, ಸಂಬಾರ ಪದಾರ್ಥ, ಉಪ ಸ್ಕರ"
ಸಂಬಳ,noun,ಸಂ ,1,"ವೇತನ, ಪಗಾರ"
ಸಂಬಳಿಗೆ,noun,ದೇ ,1,"ಮುಚ್ಚಳವಿರುವ ಡಬ್ಬಿಯಂತಹ ಒಂದು ಸಾಧನ, ಭರಣಿ"
ಸಂಬೋಧೆ,noun,ಸಂ ,1,"ಕರೆಯುವ, ರೀತಿ, ಬಗೆ"
ಸಂಭವ,noun,ಸಂ ,1,"ಹುಟ್ಟು, ಉತ್ಪತ್ತಿ"
ಸಂಭಾರ,noun,ಸಂ ,1,"ಯಾವುದಾದರೂ ಕಾರ್ಯಕ್ಕೆ ಬೇಕಾಗುವ ಸಾಮಗ್ರಿ, ಸಲಕರಣೆ"
ಸಂಭಾವನೆ,noun,<ಸಂ. ಸಂಭಾವನಾ ,1,"ಆಲೋ ಚನೆ, ಅಭಿಪ್ರಾಯ"
ಸಂಭಾವ್ಯ,noun,ಸಂ ,1,ಯೋಗ್ಯವಾದುದು
ಸಂಭೋಗ,noun,ಸಂ ,1,ಉಪಭೋಗ
ಸಂಭ್ರಮ,noun,ಸಂ ,1,"ಉತ್ಸಾಹ, ಸಡಗರ"
ಸಂಯಮ,noun,ಸಂ ,1,ಹತೋಟಿ
ಸಂಯುಕ್ತ,noun,ಸಂ ,1,ಬೆರಕೆ
ಸಂಯೋಗ,noun,ಸಂ ,1,ಒಂದಾಗುವಿಕೆ
ಸಂರಂಭ,noun,ಸಂ ,1,"ದ್ವೇಷ, ಮತ್ಸರ"
ಸಂವರಣ,noun,ಸಂ ,1,"ಮರೆಮಾಡುವುದು, ಮುಚ್ಚುವುದು"
ಸಂವರಣೆ,noun,<ಸಂವರಣ ,1,"ಸಂಗ್ರಹ, ಶೇಖರಣೆ"
ಸಂವರ್ತ,noun,ಸಂ ,1,"ಅಳಿವು, ನಾಶ"
ಸಂವಾಜ,noun,<ಸಂ. ಸಂವಾದ ,1,"ಕಲಹ, ಘರ್ಷಣೆ"
ಸಂವಾದ,noun,ಸಂ ,1,ಸಂಭಾಷಣೆ
ಸಂವಾದಿ,noun,<ಸಂ. ಸಂವಾದಿನ್ ,1,ಹೋಲುವಂಥದು
ಸಂವಿಧಾನ,noun,ಸಂ ,1,"ವಿನ್ಯಾಸ, ರಚನೆ"
ಸಂವೃತ,noun,ಸಂ ,1,"ಮುಚ್ಚಿದುದು, ಆವರಿಸಲ್ಪ ಟ್ಟುದು"
ಸಂವೇದನೆ,noun,<ಸಂ. ಸಂವೇದನಾ ,1,"ಜ್ಞಾನ, ಅನುಭವ"
ಸಂಶಯ,noun,ಸಂ ,1,"ಅನುಮಾನ, ಸಂದೇಹ"
ಸಂಶೋಧನ,noun,ಸಂ ,1,"ಶುದ್ಧಿಗೊಳಿಸುವುದು, ಪವಿತ್ರಗೊಳಿಸುವುದು"
ಸಂಶ್ರಯ,noun,ಸಂ ,1,"ಮನೆ, ವಾಸಸ್ಥಳ"
ಸಂಶ್ಲಿಷ್ಟ,noun,ಸಂ ,1,"ಗೋಜಲು, ಸಿಕ್ಕು"
ಸಂಸತ್ತು,noun,<ಸಂ. ಸಂಸದ್ ,1,"ಗೋಷ್ಠಿ, ಸಭೆ"
ಸಂಸರ್ಗ,noun,ಸಂ ,1,"ಒಡನಾಟ, ಸಹವಾಸ"
ಸಂಸಾರ,noun,ಸಂ ,1,"ಹುಟ್ಟು, ಜನ್ಮ"
ಸಂಸಾರಿ,noun,ಸಂ ,1,"ಸಾಮಾನ್ಯ, ನಾಡಾಡಿ"
ಸಂಸಿದ್ಧ,noun,ಸಂ ,1,"ಸಂಪೂರ್ಣತೆಯನ್ನು ಹೊಂದಿದುದು, ಪೂರ್ಣಗೊಂಡುದು"
ಸಂಸಿದ್ಧಿ,noun,ಸಂ ,1,"ಪೂರ್ತಿಯಾಗುವಿಕೆ, ಪೂರ್ಣಗೊಳ್ಳುವುದು"
ಸಂಸೃತಿ,noun,ಸಂ ,1,"ಐಹಿಕ ಜೀವನ, ಸಂಸಾರ"
ಸಂಸೇವ್ಯ,noun,ಸಂ ,1,"ಸೇವೆಗೆ ಪಾತ್ರವಾದುದು, ಪೂಜಿಸಲು ತಕ್ಕುದು"
ಸಂಸ್ಕ,noun,ತ ಸಂ ,1,ಪ್ರಾಚೀನ ಆರ್ಯಭಾಷೆಗಳಲ್ಲಿ ಗೀರ್ವಾಣ ಭಾಷೆ
ಸಂಸ್ಕರಣ,noun,ಸಂ ,1,ಸುಧಾರಣೆ
ಸಂಸ್ಕಾರ,noun,ಸಂ ,1,"ತಿದ್ದುಪಾಟು, ಪರಿಷ್ಕರಣ"
ಸಂಸ್ಥಾನ,noun,ಸಂ ,1,"ರಾಜ್ಯ, ಪ್ರಾಂತ್ಯ"
ಸಂಸ್ಮರಣ(ಣೆ),noun,ಸಂ ,1,"ನೆನಪು, ಸ್ಮೃತಿ"
ಸಂಹತಿ,noun,ಸಂ ,1,"ಸೇರುವೆ, ಸಂಭೋಗ"
ಸಂಹನನ,noun,ಸಂ ,1,"ಹಾಳು, ನಾಶ"
ಸಂಹರಣ,noun,ಸಂ ,1,"ಅಳಿವು, ನಾಶ"
ಸಂಹಾರ,noun,ಸಂ ,1,"ಕೂಡಿಸಿ ಕಟ್ಟುವಿಕೆ, ಹೆಣೆಯುವಿಕೆ"
ಸಂಹಿತೆ,noun,ಸಂ ,1,"ಸಂಗ್ರಹ, ಸಂಕಲನ"
ಸಂಹೃತಿ,noun,ಸಂ ,1,"ನಾಶ, ಸಂಹಾರ"
ಸಕಲ,noun,ಸಂ ,1,ಸಮಗ್ರವಾದುದು
ಸಕ್ಕಜ,noun,<ಸಂಸ್ಕೃತ ,1,"ಸಂಸ್ಕೃತ, ಆರ್ಯಭಾಷೆ"
ಸಖ್ಯ,noun,ಸಂ ,1,"ಗೆಳೆತನ, ಸ್ನೇಹ"
ಸಗಟು,noun,<ಮರಾ. ಸಗಟ್ ,1,"ಒಟ್ಟು ಮೊತ್ತ, ರಾಶಿ"
ಸಗಾಢ,noun,ಸಂ ,1,"ಜೋರು, ರಭಸ"
ಸಗುಣ,noun,<ಸಂ. ಶಕುನ ,1,"ನಿಮಿತ್ತ, ಶಕುನ"
ಸಗೋತ್ರ,noun,ಸಂ ,1,ಒಂದೇ ಗೋತ್ರಕ್ಕೆ ಸೇರಿದುದು
ಸಗ್ಗಳೆ,noun,ದೇ ,1,"ನೀರು ತುಂಬುವ ಚರ್ಮದ ಚೀಲ, ಪಕಾಲಿ"
ಸಘಾಟ,noun,ಸಂ ,1,"ಆಡಂಬರ, ವೈಭವ"
ಸಘಾಟಿಕೆ,noun,<ಸಂ. ಸಘಾಟ + ಇಕೆ ,1,"ಧೈರ್ಯ, ಸಾಹಸ"
ಸಚಿವ,noun,ಸಂ ,1,"ಮಂತ್ರಿ, ಅಮಾತ್ಯ"
ಸಚೇತನ,noun,ಸಂ ,1,"ಚೈತನ್ಯವುಳ್ಳವಳು, ಚಟು ವಟಿಕೆಯುಳ್ಳುದು"
ಸಚ್ಚರಿತ,noun,ಸಂ ,1,"ಒಳ್ಳೆಯ ನಡತೆ, ಸದಾಚಾರ"
ಸಚ್ಚರಿತೆ,noun,<ಸಂ. ಸಚ್ಚರಿತಾ ,1,"ಒಳ್ಳೆಯ ಚಾರಿತ್ರ್ಯ, ಸದಾಚಾರ"
"ಸಜ(ಜಾ,",noun,ಜೆ <ಪಾರ. ಹಿಂ. ಸಜಾ ,1,"ಶಿಕ್ಷೆ, ದಂಡನೆ"
ಸಜ್ಜಕ,noun,<ಮರಾ. ಸೋಜೀ / ಹಿಂ. ಸೂಜೀ ,1,ರವೆ
ಸಜ್ಜನ,noun,ಸಂ ,1,"ಒಳ್ಳೆಯ ವಂಶದಲ್ಲಿ ಹುಟ್ಟಿದವನು, ಸತ್ಪುರುಷ"
ಸಜ್ಜನಿಕೆ,noun,ಸಂ ,1,ಒಳ್ಳೆಯತನ
ಸಜ್ಜಿಕೆ,noun,<ದೇ. ಸೆಜ್ಜೆ <ಶಯ್ಯಾ ,1,ಸಿದ್ಧತೆ
ಸಜ್ಜೆ,noun,ದೇ ಒಂದು ಬಗೆಯ ತೃಣ ಧಾನ್ಯ; <ಸೆಜ್ಜೆ <ಸಂ. ಶಯ್ಯಾ ,1,"ಹಾಸಿಗೆ, ತಲ್ಪ"
ಸಟೆ,noun,"ದೇ ಹುಸಿ, ಸುಳ್ಳು; <ಸಂ. ಸಟಾ ",1,"ಆಯಾಲು, ಕೇಸರ"
ಸಟ್ಟುಗ,noun,ದೇ ,1,ಸೌಟು
ಸಡಗರ,noun,ದೇ ,1,"ಉತ್ಸಾಹ, ಸಂಭ್ರಮ"
ಸಡ್ಡು,noun,ದೇ ,1,"ಕುಸ್ತಿಗಾರರು ಭುಜ ಯಾ ತೊಡೆಯನ್ನು ತಟ್ಟುವಿಕೆ, ಚಪ್ಪರಿಸುವಿಕೆ"
ಸಡ್ಡೆ,noun,<ಸಂ. ಶ್ರದ್ಧಾ ,1,"ಶ್ರದ್ಧೆ, ಆಸಕ್ತಿ"
ಸಣ್ಣ,noun,ದೇ ,1,"ಚಿಕ್ಕದು, ಕಿರಿದು"
ಸತಿ,noun,<ಸಂ. ಸತೀ ,1,ಗರತಿ
ಸತು,noun,ದೇ ,1,"ಗಟ್ಟಿಯಾಗಿರುವ ಒಂದು ಬಗೆಯ ಲೋಹ, ಸತುವು"
ಸತ್ಕ,noun,ತಿ ಸಂ ,1,ಉತ್ತಮವಾದ ನಡವಳಿಕೆ
ಸತ್ತಮ,noun,ಸಂ ,1,ಮುಖ್ಯವಾದುದು
ಸತ್ಪಾತ್ರ,noun,ಸಂ ,1,"ಉತ್ತಮವಾದ ಯೋಗ್ಯತೆ, ಅರ್ಹತೆ"
ಸತ್ಯ,noun,ಸಂ ,1,"ನಿಜ, ಯಥಾರ್ಥ"
ಸತ್ರ,noun,ಸಂ ,1,"ಯಜ್ಞ, ಯಾಗ"
ಸತ್ವ,noun,ಸಂ ,1,"ಶಕ್ತಿ, ಬಲ"
ಸದನ,noun,ಸಂ ,1,"ಮನೆ, ನಿವಾಸ"
ಸದರ,noun,ದೇ ,1,"ಸಲಿಗೆ, ಸಸಾರ"
ಸದರು,noun,<ಅರ. ಸದರ್ ,1,"ಅಧಿಕಾರ ನಡೆ ಸಲು ಕುಳಿತುಕೊಳ್ಳುವ ಗದ್ದುಗೆ, ಸಿಂಹಾಸನ"
ಸದರ್,noun,ಅರ. ಹಿಂ. ಮರಾ ,1,"ಉಚ್ಚತಮ ನ್ಯಾಯಾಲಯ, ಶ್ರೇಷ್ಠ ನ್ಯಾಯಾಲಯ"
ಸದಾಚಾರ,noun,ಸಂ ,1,"ಒಳ್ಳೆಯ ನಡತೆ, ಆಚಾರ"
ಸದೆ,noun,ದೇ ,1,"ಒಣಗಿದ ಕಸ, ತರಗು"
ಸದ್ಭಾವ,noun,ಸಂ ,1,"ಇರುವಿಕೆ, ಅಸ್ತಿತ್ವ"
ಸದ್ಮ,noun,ಸಂ ,1,"ಮನೆ, ನಿವಾಸ"
ಸದ್ಯೋಜಾತ,noun,ಸಂ ,1,"ಸದ್ಯೋಜಾತ, ವಾಮ ದೇವ, ಅಘೋರ, ತತ್ಪುರುಷ ಮತ್ತು ಈಶಾನವೆಂಬ ಶಿವನ ಪಂಚಮುಖಗಳಲ್ಲಿ ಒಂದು"
ಸಧರ್ಮ,noun,ಸಂ ,1,"ಸಮಾನಗುಣ, ಸಮಾನ ಧರ್ಮ"
ಸನಗು,noun,"<ಮರಾ. ಸಣಗ, ಸನಗ ",1,"ಸಾಮಾನು, ಸರಂಜಾಮು"
ಸನಾತನ,noun,ಸಂ ,1,ಶಾಶ್ವತವಾದುದು
ಸನಾಭಿ,noun,ಸಂ ,1,"ಸಂಬಂಧವುಳ್ಳುದು, ಸಮಾನವಾದುದು"
ಸನ್ನಣ,noun,<ಸಂ. ಸನ್ನಾಹ ,1,"ಕವಚ, ಜೋಡು"
ಸನ್ನದ್ಧ,noun,ಸಂ ,1,"ಸಜ್ಜು, ಸಿದ್ಧತೆ, ಸನ್ನಹ"
ಸನ್ನಾಹ,noun,ಸಂ ,1,ಬಂಧನ
ಸನ್ನಿ,noun,<ಸಂ. ಸನ್ನಿಪಾತ ,1,"ಅತಿಶೀತದಿಂದ ಉಂಟಾಗುವ ಜ್ವರ, ಶೀತಜ್ವರ"
ಸನ್ನಿಧ,noun,ಸಂ ,1,ಹತ್ತಿರ
ಸನ್ನಿಧಾನ,noun,ಸಂ ,1,ಸಮೀಪ
ಸನ್ನಿಧಿ,noun,ಸಂ ,1,ಹತ್ತಿರ
ಸನ್ನಿಪಾತ,noun,ಸಂ ,1,"ಕೂಡುವುದು, ಸಂಯೋಗ"
ಸನ್ನಿವೇಶ,noun,ಸಂ ,1,"ಪರಿಸರ, ಸುತ್ತುಮುತ್ತ"
ಸನ್ನೆ,noun,<ಸಂ. ಸಂಜ್ಞಾ ,1,"ಮೀಟುಗೋಲು, ಸನ್ನೆ ಗೋಲು"
ಸನ್ಮತ,noun,ಸಂ ,1,ಒಳ್ಳೆಯ ಭಾವನೆ
ಸನ್ಮಾನ,noun,ಸಂ ,1,"ವಿಶೇಷವಾದ - ಗೌರವ, ಮಾನ್ಯತೆ"
ಸನ್ಮಾರ್ಗ,noun,ಸಂ ,1,ಒಳ್ಳೆಯ ದಾರಿ
ಸನ್ಯಾಸ,noun,<ಸಂ. ಸಂನ್ಯಾಸ ,1,"ವಿರಕ್ತಿ, ವೈರಾಗ್ಯ"
ಸಪತ್ನ,noun,ಸಂ ,1,"ಹಗೆ, ಶತ್ರು"
ಸಪು(ಪೂ)ರ,noun,<ಮರಾ. ಸಪುರ್ ,1,"ತೆಳುವು, ನವುರು"
ಸಪ್ತಮಿ,noun,ಸಂ ,1,ಮಾಸದ ಶುಕ್ಲ ಮತ್ತು ಕೃಷ್ಣ ಪಕ್ಷಗಳ ಏಳನೆಯ ದಿನ
ಸಪ್ಪಳ,noun,ದೇ ,1,"ಶಬ್ದ, ಸದ್ದು"
ಸಪ್ಪೆ,noun,ದೇ ,1,ರುಚಿಯಿಲ್ಲದುದು
ಸಬಲೆ,noun,<ಸಂ. ಸಬಲಾ ,1,"ಬಲಿಷ್ಠಳಾದ ಹೆಂಗಸು, ಸಶಕ್ತಳಾದವಳು"
ಸಬ್ಬವ,noun,ದೇ ,1,"ಕೂಟ, ಮೇಳ"
ಸಭಾಪತಿ,noun,ಸಂ ,1,ಸಭಾಧ್ಯಕ್ಷ
ಸಭಿಕ,noun,ಸಂ ,1,ಸಭಾಸದ
ಸಭೆ,noun,<ಸಂ. ಸಭಾ ,1,"ಒಂದು ಉದ್ದೇಶ ಅಥವಾ ಕಾರ್ಯಕ್ರಮಕ್ಕಾಗಿ ಕಲೆತ ಜನಗಳ ಸಮು ದಾಯ, ಪರಿಷತ್ತು, ಗೋಷ್ಠಿ"
ಸಭ್ಯ,noun,ಸಂ ,1,"ಶಿಷ್ಟತೆ, ಸೌಜನ್ಯ"
ಸಭ್ಯತೆ,noun,ಸಂ ,1,"ಶಿಷ್ಟಾಚಾರ, ಸನ್ನಡತೆ"
ಸಮ,noun,ಸಂ ,1,"ವರ್ಷ, ಸಂವತ್ಸರ"
ಸಮಂತು,noun,ಸಂ ,1,"ಸೊಬಗು, ಅಂದ"
ಸಮಗ್ರ,noun,ಸಂ ,1,ಸಂಪೂರ್ಣವಾದುದು
ಸಮತಲ(ಳ),noun,= ,1,"ಮಟ್ಟಸವಾದ ಪ್ರದೇಶ, ಸಮತಟ್ಟಾದ ಭೂಮಿ"
ಸಮತೆ,noun,<ಸಂ. ಸಮತಾ ,1,ಸಾದೃಶ್ಯ
ಸಮದಂಡಿ,noun,= ,1,"ತಕ್ಕಡಿಯ ಕೋಲು, ತುಲಾ ದಂಡ"
ಸಮನ್ವಯ,noun,ಸಂ ,1,"ಹೊಂದಿಕೆ, ಹೊಂದಾಣಿಕೆ"
ಸಮಯ,noun,ಸಂ ,1,"ಕಾಲ, ವೇಳೆ"
ಸಮರಸ,noun,ಸಂ ,1,ಸಮಾನವಾದ ಭಾವನೆ
ಸಮರ್ಥ,noun,ಸಂ ,1,"ಬಲಶಾಲಿ, ಗಟ್ಟಿಗ"
ಸಮರ್ಥನೆ,noun,<ಸಂ. ಸಮರ್ಥನ ,1,"ಪ್ರಯಾಣ, ಸಾಕ್ಷಿ, ರುಜುವಾತು"
ಸಮವಾಯ,noun,ಸಂ ,1,"ಅನೇಕ ವಸ್ತುಗಳು ಕೂಡಿರುವುದು, ಸೇರಿಕೆ"
ಸಮಷ್ಟಿ,noun,ಸಂ ,1,ಸಮಗ್ರವಾದುದು
ಸಮಸ್ತ,noun,ಸಂ ,1,ಒಟ್ಟಾದುದು
ಸಮಸ್ಯೆ,noun,<ಸಂ. ಸಮಸ್ಯಾ ,1,ಅಪೂರ್ಣವಾದುದನ್ನು ಪೂರ್ಣಗೊಳಿಸುವುದು
ಸಮಾಗಮ,noun,ಸಂ ,1,"ಸೇರಿಕೆ, ಸಂಯೋಗ"
ಸಮಾಚಾರ,noun,ಸಂ ,1,"ವಿಷಯ, ಸಂಗತಿ"
ಸಮಾಜ,noun,ಸಂ ,1,ಗುಂಪು
ಸಮಾಧಾನ,noun,ಸಂ ,1,"ಮನಸ್ಸಿನ ನೆಮ್ಮದಿ, ಶಾಂತಿ"
ಸಮಾಧಿ,noun,ಸಂ ,1,"ಏಕಾಗ್ರತೆ, ತನ್ಮಯತೆ"
ಸಮಾನ,noun,ಸಂ ,1,"ಎಣೆ, ಸಾಟಿ"
ಸಮಾಪ್ತಿ,noun,ಸಂ ,1,"ಕೊನೆ, ಮುಕ್ತಾಯ"
ಸಮಾಮ್ನಾಯ,noun,ಸಂ ,1,"ಸಂಪ್ರದಾಯ, ಪದ್ಧತಿ"
ಸಮಾಯೋಗ,noun,ಸಂ ,1,"ಸೇರಿಕೆ, ಸಂಯೋಗ"
ಸಮಾರಂಭ,noun,ಸಂ ,1,ಆರಂಭ
ಸಮಾರಾಧನೆ(ನ),noun,<ಸಂ ,1,ತೃಪ್ತಿಗೊಳಿಸುವ ಸಾಧನೆ
ಸಮಾವರ್ತನ(ನೆ),noun,ಸಂ ,1,ಹಿಂದಿರುಗುವುದು
ಸಮಾವೇಶ,noun,ಸಂ ,1,ಕೂಡಿಕೆ
ಸಮಾಸ,noun,ಸಂ ,1,ಒಟ್ಟುಗೂಡಿಸುವುದು
ಸಮಿತಿ,noun,ಸಂ ,1,"ಸಂಘ, ಮಂಡಲಿ"
ಸಮೀಪವರ್ತಿ,noun,= ,1,"ಹತ್ತಿರ, ಸಮೀಪ"
ಸಮೀರಣ,noun,ಸಂ ,1,ಸಮೀರ
ಸಮುಖ,noun,ಸಂ ,1,"ಎದುರು, ಅಭಿಮುಖ"
ಸಮುಚ್ಚಯ,noun,ಸಂ ,1,"ಗುಂಪು, ಸಮೂಹ"
ಸಮುತ್ಪನ್ನ,noun,ಸಂ ,1,"ಹುಟ್ಟಿದುದು, ಉಂಟಾದುದು"
ಸಮುದ್ಧರಣ,noun,ಸಂ ,1,ಮೇಲೆತ್ತುವಿಕೆ
ಸಮುದ್ಭವ,noun,ಸಂ ,1,"ಹುಟ್ಟು, ಉತ್ಪತ್ತಿ"
ಸಮುದ್ರ,noun,ಸಂ ,1,"ಕಡಲು, ಸಾಗರ"
ಸಮುದ್ರಘೋಷ,noun,ಸಂ ,1,ಕಡಲಿನ ಮೊರೆತ
ಸಮುನ್ನತಿ,noun,ಸಂ ,1,"ಎತ್ತರ, ಔನ್ನತ್ಯ"
ಸಮೂಹ,noun,ಸಂ ,1,"ಗುಂಪು, ಸಮುದಾಯ"
ಸಮೃದ್ಧ,noun,ಸಂ ,1,"ಯಥೇಚ್ಛ, ಆಧಿಕ್ಯ"
ಸಮೃದ್ಧಿ,noun,ಸಂ ,1,"ಅಭಿವೃದ್ಧಿ, ಏಳಿಗೆ"
ಸಮ್ಮತ,noun,ಸಂ ,1,ಒಪ್ಪಿಗೆಯಾದುದು
ಸಮ್ಮರ್ದ,noun,ಸಂ ,1,"ತಿಕ್ಕಾಟ, ಘರ್ಷಣೆ"
ಸಮ್ಮಾನ,noun,ಸಂ ,1,"ಮನ್ನಣೆ, ಸನ್ಮಾನ"
ಸಮ್ಮಾರ್ಜನ(ನೆ),noun,ಸಂ ,1,ಗುಡಿಸುವುದು
ಸಮ್ಮಿಶ್ರ,noun,ಸಂ ,1,"ಬೆರಕೆ, ಮಿಶ್ರಣ"
ಸಮ್ಮಿಶ್ರಣ,noun,ಸಂ ,1,"ಸರಿಯಾದ ಬೆರಕೆ, ಮಿಶ್ರಣ"
ಸಮ್ಮುಖ,noun,ಸಂ ,1,"ಎದುರುಗಡೆ, ಮುಂಭಾಗ"
ಸಮ್ಮೇಲ(ಳ)ನ,noun,ಸಂ ,1,"ಸಮಾಗಮ, ಮಿಲನ, ಗೋಷ್ಠಿ, ಚರ್ಚೆ"
ಸಮ್ಮೋಹನ,noun,ಸಂ ,1,"ಮರುಳು, ಮೈಮರೆವು"
ಸಮ್ಯಕ್ತ್ವ,noun,ಸಂ ,1,"ಸಮಗ್ರತೆ, ಸಂಪೂರ್ಣತೆ"
ಸಮ್ರಾಜ,noun,ಸಂ ,1,"ಚಕ್ರವರ್ತಿ, ಸಮ್ರಾಟ"
ಸಯ್ತು,noun,"<ದೇ, ಸಯ್ ",1,"ನೇರವಾದುದು, ವಕ್ರತೆಯಿಲ್ಲದುದು"
ಸಯ್ಪು,noun,<ದೇ. ಸಯ್ ,1,"ಪುಣ್ಯ, ಸುಕೃತ"
ಸರ,noun,ಸಂ ,1,"ಉಲಿ, ಧ್ವನಿ"
ಸರಕಾರ,noun,<ಪಾರ. ಸರ್‌ಕಾರ್ ,1,ಒಂದು ದೇಶ ಅಥವಾ ರಾಜ್ಯದ ಆಡಳಿತದ ಅಧಿಕಾರಿಗಳನ್ನು ವಹಿಸಿಕೊಂಡಿರುವ ಮಂಡಲಿ
ಸರಕು,noun,ದೇ ,1,"ವ್ಯಾಪಾರದ ಸಾಮಾನು, ಸಾಮಗ್ರಿ"
ಸರಟ,noun,ಸಂ ,1,"ಓತಿಕೇತ, ಊಸರವಳ್ಳಿ"
ಸರಣಿ,noun,ಸಂ ,1,"ದಾರಿ, ಹಾದಿ"
ಸರತಿ,noun,<ತುಳು. ಸರ್ತಿ ,1,"ಪಾಳಿ, ಅನುಕ್ರಮ"
ಸರದಾರ,noun,<ಪಾರ. ಸರ್ದಾರ್ ,1,ಮುಖ್ಯ ಅಧಿಕಾರಿ
ಸರಪಣಿ,noun,ದೇ ,1,"ಸಂಕೋಲೆ, ಶೃಂಖಲೆ"
ಸರಬರಾಯಿ,noun,<ಮರಾ. ಸರಬರಾಈ ,1,ಸರಬರಾಜು
ಸರಲ,noun,ಸಂ ,1,"ಒಂದು ಬಗೆಯ ಮರ, ಧೂಪದ ಮರ"
ಸರಳ,noun,<ಸಂ. ಸರಲ ,1,"ಒಂದು ಬಗೆಯ ಮರ, ಧೂಪದ ಮರ"
ಸರವು,noun,ದೇ ,1,"ಹಳ್ಳ ಮೊ.ವುಗಳ ಪ್ರವಾಹವು ಹರಿದು ಉಂಟಾದ-ಕೊರಕಲು, ಜಾಡು, ದಾರಿ"
ಸರವೆ,noun,<ಸಂ. ಶ್ರಾವ ,1,ಅಗಲವಾಗಿರುವ ಮಣ್ಣಿನ ಪಾತ್ರೆ
ಸರಸ,noun,ಸಂ ,1,"ಚೆಲ್ಲಾಟ, ವಿನೋದ"
ಸರಸಿ,noun,ಸಂ ,1,"ಸರಸವಾಗಿರುವ ವ್ಯಕ್ತಿ, ರಸಿಕ"
ಸರಸ್ವತಿ,noun,<ಸಂ. ಸರಸ್ವತೀ ,1,"ವಿದ್ಯೆಯ ಅಧಿ ದೇವತೆ, ಬ್ರಹ್ಮನ ಪತ್ನಿ, ಶಾರದೆ"
ಸರಾಫ,noun,<ಹಿಂ. ಸರಾಫ್ ,1,"ಚಿನ್ನ, ಬೆಳ್ಳಿಗಳ ವ್ಯಾಪಾರಿ, ಲೇವಾದೇವಿ ಮುಂ.ವನ್ನು ಮಾಡುವವನು"
ಸರಾಸರಿ,noun,<ಪಾರ. ಹಿಂ. ಸರಾಸರೀ ,1,"ಅಂದಾಜು, ಸುಮಾರು"
ಸರಿ,noun,ದೇ ,1,"ಸಮಾನ, ಸದೃಶ, ಸಾಟಿ"
ಸರಿ()ಕ,noun,<ದೇ. ಸರಿ + ಕ ,1,"ಸಮಾನ ದರ್ಜೆಯವನು, ಸಮಾನ ಯೋಗ್ಯತೆಯುಳ್ಳವನು"
ಸರಿಗೆ,noun,ದೇ ,1,"ಚಿನ್ನ, ಬೆಳ್ಳಿ ಮುಂ. ಲೋಹ ಗಳಿಂದ ಮಾಡಿದ ತೆಳುವಾದ ತಂತಿ, ಕಂಬಿ"
ಸರಿತ,noun,ದೇ ,1,"ಸಮತಳ, ಸಮತಟ್ಟು"
ಸರಿವು,noun,ದೇ ,1,"ಮಳೆಯ ಧಾರೆ, ಸುರಿತ"
ಸರಿಸ,noun,ದೇ ,1,"ಸರಳತೆ, ನೇರ ಋಜು"
ಸರು,noun,ದೇ ,1,"ಮಳೆಯ ಧಾರೆ, ಸುರಿತ"
ಸರೋಜಿನಿ,noun,<ಸಂ. ಸರೋಜಿನೀ ,1,ಕಮಲದ ಹೂ ಮತ್ತು ಬಳ್ಳಿ
ಸರ್ಗ,noun,ಸಂ ,1,ಗುಂಪು
ಸರ್ಪದಷ್ಟ,noun,ಸಂ ,1,ಹಾವಿನ ಕಡಿತ
ಸರ್ಪಮತ್ಸರ,noun,ಸಂ ,1,ಹಾವಿನ ದ್ವೇಷ
ಸರ್ವಗ್ರಾಸಿ,noun,<ಇಂ. hold all ಎಂಬುದರ ಕನ್ನಡ ಅನುವಾದ ,1,ಎಲ್ಲವನ್ನೂ ಹಿಡಿಯುವಂಥದು
ಸರ್ವಜ್ಞ,noun,ಸಂ ,1,"ಎಲ್ಲವನ್ನೂ ಬಲ್ಲವನು, ಸರ್ವಜ್ಞಾನಿ"
ಸರ್ವತೋಭದ್ರ,noun,ಸಂ ,1,"ಎಲ್ಲ ಕಡೆಯಲ್ಲಿಯೂ, ಎಲ್ಲ ದೃಷ್ಟಿಯಿಂದಲೂ - ಪ್ರಶಸ್ತವಾದುದು, ಮಂಗಳಕರವಾದುದು"
ಸರ್ವತೋಮುಖ,noun,ಸಂ ,1,"ಎಲ್ಲ ಕಡೆ, ಎಲ್ಲ ಮಗ್ಗಲು"
ಸರ್ವಸಾಮಾನ್ಯ,noun,ಸಂ ,1,"ತೀರ ಸಾಮಾನ್ಯವಾದುದು, ವಾಡಿಕೆಯಾದುದು"
ಸರ್ವಸ್ವ,noun,ಸಂ ,1,"ಸಮಸ್ತ ಸ್ವತ್ತು, ಸಕಲೈ ಶ್ವರ್ಯ"
ಸರ್ವಾಧಿಕಾರ,noun,ಸಂ ,1,ಪರಮೋಚ್ಚವಾದ ಅಧಿಕಾರ
ಸರ್ವಾಧಿಕಾರಿ,noun,ಸಂ ,1,ಅರಸನ ಕೈ ಕೆಳಗಿರುವ ಒಂದು ಪ್ರದೇಶದಲ್ಲಿ ಪರಮಾಧಿಕಾರವುಳ್ಳ ಹುದ್ದೆದಾರ
ಸರ್ವಾರ್ಥ,noun,ಸಂ ,1,"ಎಲ್ಲ ಬಗೆಯ ವಸ್ತು, ವಿಷಯ, ಉದ್ದೇಶ, ಐಶ್ವರ್ಯ ಮುಂ.ವು"
ಸರ್ಷಪ,noun,ಸಂ ,1,"ಒಂದು ಬಗೆಯ ಧಾನ್ಯ, ಸಾಸುವೆ"
ಸಲಗ,noun,ದೇ ,1,"ಬಲಿಷ್ಠವಾದ ಗಂಡಾನೆ, ಮದ್ದಾನೆ"
ಸಲಹೆ,noun,<ಅರ. ಸಲಾಹ್ ,1,"ಸೂಚನೆ, ಅಭಿಪ್ರಾಯ"
ಸಲಾಕೆ,noun,< ಸಲಾಕಿ ,1,"ಈಟಿ, ಭರ್ಜಿ"
ಸಲಿಕೆ,noun,<ದೇ. ಸಲ್ + ಇಕೆ ,1,"ಸಂದಾಯ, ಪಾವತಿ"
ಸಲುಗೆ,noun,<ದೇ. ಸಲ್ + ಗೆ ,1,"ಸದರ, ಅತಿ ಪರಿಚಯ"
ಸಲುವಳಿ,noun,<ದೇ. ಸಲ್ + ವಳಿ ,1,"ಸಲ್ಲುವುದು, ಸಂದಾಯ"
ಸಳ್ಳಿ,noun,ದೇ ,1,ಸೌತೇಕಾಯಿಯಿಂದ ತಯಾರಿಸುವ ಒಂದು ಬಗೆಯ ಉಪ್ಪಿನಕಾಯಿ
ಸವಂಗ,noun,ದೇ ,1,ಮೈಗೆ ತೊಡುವ ಒಳಅಂಗಿ
ಸವಡಿ,noun,<ಸಂ. ಯಮಲ ,1,"ಜೊತೆ, ಜೋಡಿ"
ಸವಡು,noun,<ಮರಾ. ಸವಡ್ ,1,"ಪುರಸತ್ತು, ವಿರಾಮ"
ಸವಣ,noun,<ಸಂ. ಶ್ರಮಣ ,1,"ಜೈನ ಸಂನ್ಯಾಸಿ, ಕ್ಷಪಣಕ"
ಸವತಿ,noun,<ಸಂ. ಸಪತ್ನೀ ,1,"ತನ್ನ ಗಂಡನ ಇನ್ನೊ ಬ್ಬಳು ಹೆಂಡತಿ, ಸಪತ್ನಿ"
ಸವತೆ,noun,<ದೇ. ಸವುಂತೆ ,1,"ಒಂದು ಬಗೆಯ ಬಳ್ಳಿ ಮತ್ತು ಅದರ ಕಾಯಿ, ಸೌತೆಕಾಯಿ"
ಸವನ,noun,ಸಂ ,1,"ಯಜ್ಞ, ಯಾಗ"
ಸವನೋತ್ಸವ,noun,ಸವನ + ಉತ್ಸವ ,1,"ಮದುವೆ ಮುಂ. ಸಮಾರಂಭಗಳಲ್ಲಿ ಮಾಡಿಸುವ ಮಂಗಳಕರವಾದ ಸ್ನಾನ, ಸಮಾರಂಭ"
ಸವರನ್ನು,noun,<ಇಂ. sovereign ,1,"ಚಿನ್ನದ ಒಂದು ತೂಕ, ಪವನು"
ಸವಲತ್ತು,noun,<ಪಾರ. ಸೋಹಲತ್ ,1,ಸೌಕರ್ಯ
ಸವಾರ,noun,<ಪಾರ. ಸುವಾರ್ ,1,"ಪ್ರಾಣಿ, ವಾಹನ ಮುಂ.ವನ್ನು ಏರಿದವನು, ಆರೋಹಿ"
ಸವಾರಿ,noun,<ಪಾರ. ಸುವಾರೀ ,1,"ಪ್ರಾಣಿ, ವಾಹನ ಇತ್ಯಾದಿಗಳ ಮೇಲೆ ಕುಳಿತು ಸಂಚರಿಸುವುದು"
ಸವಾಲು,noun,<ಪಾರ. ಸುವಾಲ್ ,1,"ಕೇಳುವಿಕೆ, ವಿಚಾರಣೆ"
ಸವಿ,noun,ದೇ ,1,"ರುಚಿ, ಸ್ವಾದ"
ಸವಿತೃ,noun,ಸಂ ,1,ಸವಿತ
ಸವಿಧ,noun,ಸಂ ,1,ಹತ್ತಿರ
ಸವಿವಿಲ್ಲ,noun,<ದೇ. ಸವಿ + ಬಿಲ್ಲ ,1,"ಕಬ್ಬಿನ ಬಿಲ್ಲನ್ನು ಹೊಂದಿದವನು, ಮನ್ಮಥ"
ಸವೆಯಿಸು,noun,<ದೇ. ಸಮೆ ,1,ಕಟ್ಟಿಸು
ಸವ್ಯ,noun,ಸಂ ,1,ಎಡಗಡೆ
ಸವ್ಯಸಾಚಿ,noun,ಸಂ ,1,"ಎರಡು ಕೈಗಳಿಂದಲೂ ಬಾಣವನ್ನು ಬಿಡಲು ಶಕ್ತನಾದವನು, ಅರ್ಜುನ"
ಸವ್ಯಾಪಸವ್ಯ,noun,ಸಂ ,1,"ಚಲನೆಯ ಕ್ರಮ, ಬಾಣ ಪ್ರಯೋಗ ಇತ್ಯಾದಿಗಳಿಗೆ ಸಂಬಂಧಿ ಸಿದಂತೆ ಎಡಭಾಗ ಮತ್ತು ಬಲಭಾಗ"
ಸಸಾರ,noun,ದೇ ,1,"ಸುಲಭ, ಸಲೀಸು"
ಸಸಿ,noun,<ಸಂ. ಸಸ್ಯ ,1,"ಎಳೆಯ ಗಿಡ, ಸಸ್ಯ"
ಸಸಿನ(ನೇ),noun,ದೇ ,1,"ನೇರವಾದುದು, ಓರೆಯಾಗಿಲ್ಲದಿರುವುದು"
ಸಸ್ಯ,noun,ಸಂ ,1,"ಗಿಡ, ಬಳ್ಳಿ ಮುಂ.ವು"
ಸಹಕಾರ,noun,<ಸಂ. ಸಹಕಾರಿನ್ ,1,"ಪರಸ್ಪರ ಸಹಾಯ, ನೆರವು"
ಸಹಕಾರಿ,noun,ಸಂ ,1,ಸಹಕರಿಸುವವನು
ಸಹಗಮನ,noun,= ,1,"ಪತಿಯ ಶವದ ಜೊತೆಯಲ್ಲಿಯೇ ಪತ್ನಿಯು ಚಿತೆಯೇರುವುದು, ಸತಿ ಹೋಗುವುದು"
ಸಹಚರ,noun,= ,1,"ಅನುಚರ, ಸೇವಕ"
ಸಹಚರಿ,noun,= ,1,"ಒಡನಾಡಿ, ಗೆಳತಿ"
ಸಹಜ,noun,ಸಂ ,1,"ಸ್ವಾಭಾವಿಕವಾದುದು, ನೈಜವಾದುದು"
ಸಹಭಾಗಿ,noun,= ,1,ಒಡನಾಡಿ
ಸಹವಾಸ,noun,= ,1,"ಒಡನಾಟ, ಸ್ನೇಹ"
ಸಹಸ್ರ,noun,ಸಂ ,1,"ಒಂದು ಸಂಖ್ಯೆ, ಸಾವಿರ"
ಸಹಾಯ,noun,ಸಂ ,1,"ಸ್ನೇಹಿತ, ಸಂಗಡಿಗ"
ಸಹಿತ,noun,ಸಂ ,1,"ಹಿತದಿಂದ ಕೂಡಿದುದು, ಒಳಿತಾದುದು"
ಸಹೃದಯ,noun,ಸಂ ,1,"ಸಹಾನುಭೂತಿಯುಳ್ಳವನು, ಅಂತಃಕರುಣೆ"
ಸಹ್ಯ,noun,ಸಂ ,1,"ಸೈರಿಸಬಹುದಾದುದು, ಸಹಿಸಲು ಸಾಧ್ಯವಾದುದು"
ಸಾಂಖ್ಯ,noun,ಸಂ ,1,ಸಂಖ್ಯೆಗೆ ಯಾ ಲೆಕ್ಕಾಚಾರಕ್ಕೆ ಸಂಬಂಧಿಸಿದುದು
ಸಾಂಗ,noun,ಸಂ ,1,"ಪರಿಪೂರ್ಣತೆ, ಸಮಗ್ರತೆ"
ಸಾಂಗತ್ಯ,noun,ಸಂ ,1,"ಹೊಂದಾಣಿಕೆ, ಸಾಮರಸ್ಯ"
ಸಾಂಗೋಪಾಂಗ,noun,ಸಂ ,1,"ವಿಧಿವತ್ತಾದುದು, ಶಾಸ್ತ್ರೋಕ್ತವಾದುದು"
ಸಾಂತ್ವನ,noun,ಸಂ ,1,"ಸಮಾಧಾನ, ಉಪಶಮನ"
ಸಾಂಪರಾಯ,noun,ಸಂ ,1,"ಯುದ್ಧ, ಕಾಳಗ"
ಸಾಂಪ್ರದಾಯ,noun,ಸಂ ,1,"ಪದ್ಧತಿ, ವಾಡಿಕೆ"
ಸಾಂಬ್ರಾಣಿ,noun,<ಸಂ. ಸಾಮ್ರಾಣಿ ,1,ಒಂದು ಬಗೆಯ ಸುಗಂಧದ್ರವ್ಯ
ಸಾಕೇತ,noun,ಸಂ ,1,ಮನೆಗಳಿಂದ ಕೂಡಿದುದು
ಸಾಕ್ಷರ,noun,ದೇ ,1,ಅಕ್ಷರಸ್ಥ
ಸಾಕ್ಷಾತ್ಕಾರ,noun,ಸಂ ,1,ಕಣ್ಣಿಗೆ ಕಾಣಿಸುವುದು
ಸಾಕ್ಷಿ,noun,ಸಂ ,1,"ಪುರಾವೆ, ರುಜುವಾತು"
ಸಾಕ್ಷ್ಯ,noun,ಸಂ ,1,"ಸಾಕ್ಷಿ, ರುಜುವಾತು, ಪುರಾವೆ"
ಸಾಗರ,noun,ಸಂ ,1,ಕಡಲು
ಸಾಗಾಣಿಕೆ,noun,<ದೇ. ಸಾಗು + ಅಣೆ + ಇಕೆ ,1,ಸಾಗಣೆ
ಸಾಗು,noun,ದೇ ,1,"ನಡವಳಿಕೆ, ನಡತೆ"
ಸಾಚಾ,noun,<ಹಿಂ. ಸಚ್ ,1,"ನಿಜವಾದುದು, ದಿಟವಾದುದು"
ಸಾಚಿ,noun,ಸಂಸ್ಕೃತದಲ್ಲಿ ಇದು ಒಂದು ಅವ್ಯಯ ,1,"ಒಂದು ಮಗ್ಗುಲಿನಿಂದ ಕಾಣುವ ನೋಟ, ಆಕೃತಿ, ಪಾರ್ಶ್ವದೃಶ್ಯ"
ಸಾಜ,noun,<ಸಂ. ಸಹಜ ,1,"ಸಹಜವಾದುದು, ಸ್ವಾಭಾವಿಕವಾದುದು"
ಸಾಟಿ,noun,ದೇ ,1,"ಎಣೆ, ಸಮಾನ"
ಸಾಡೇಸಾತ್,noun,<ಹಿಂ. ಮರಾ. ಸಾಡೇಸಾತಿ ,1,ಏಳೂವರೆ
ಸಾಣ,noun,<ಸಂ. ಸಾಧನ ,1,ಒಂದು ಬಗೆಯ ಕತ್ತಿ
ಸಾಣಿಗ,noun,<ಸಾಣೆ + ಇಗ ,1,ಸಾಣೆ
ಸಾಣೆ,noun,<ಸಂ. ಶಾಣ ,1,"ಗಂಧವನ್ನು ತೇಯುವ ಕಲ್ಲು, ಗಂಧದ ಕಲ್ಲು"
ಸಾತ್ತ್ವಿಕ,noun,ಸಂ ,1,"ಸಾತ್ವಿಕ, ರಾಜಸ ಮತ್ತು ತಾಮಸ ಎಂಬ ಮೂರು ಬಗೆಯ ಗುಣಗಳಲ್ಲಿ ಒಂದು, ಸತ್ವಯುಕ್ತವಾದ ಗುಣ"
ಸಾದರ,noun,<ಅರ. ಹಿಂ. ಸಾದಿರ್ ,1,"ಬಂದುದು, ತಲುಪಿದುದು"
ಸಾದಿ,noun,ಸಂ ,1,"ಕುದುರೆಯ ಸವಾರ, ರಾವುತ"
ಸಾಧಕ,noun,ಸಂ ,1,"ಅಭ್ಯಾಸ, ಪರಿಶ್ರಮ"
ಸಾಧನ,noun,ಸಂ ,1,"ಗುರಿಮುಟ್ಟುವ ಪ್ರಯತ್ನ, ಸಿದ್ಧಿಯನ್ನು ಪಡೆಯುವ ಯತ್ನ"
ಸಾಧನೆ,noun,<ಸಂ. ಸಾಧನಾ ,1,"ಆಧ್ಯಾತ್ಮ ಸಂಗೀತ ಇತ್ಯಾದಿಗಳ ಸಿದ್ಧಿಗಾಗಿ ಮಾಡುವ ಪರಿಶ್ರಮ, ಅಭ್ಯಾಸ"
ಸಾಧಾರಣ,noun,ಸಂ ,1,"ಅನೇಕರಿಗೆ ಅಥವಾ ಎಲ್ಲರಿಗೆ, ಎಲ್ಲಕ್ಕೆ ಅನ್ವಯಿಸುವಂಥದು; ಸಾರ್ವತ್ರಿಕವಾದುದು"
ಸಾಧು,noun,ಸಂ ,1,ಒಳ್ಳೆಯದು
ಸಾಧ್ಯ,noun,ಸಂ ,1,"ಸಾಧಿಸಬಹುದಾದುದು, ಕಾರ್ಯ ರೂಪಕ್ಕೆ ತರಬಹುದಾದುದು"
ಸಾಧ್ವಸ,noun,ಸಂ ,1,"ಭಯ, ಅಂಜಿಕೆ"
ಸಾಧ್ವಿ,noun,ಸಂ ,1,"ಸಚ್ಚಾರಿತ್ರ್ಯವುಳ್ಳ ಹೆಂಗಸು, ಸುಶೀಲೆ"
ಸಾನಿ,noun,<ಸಂ. ಸ್ವಾಮಿನ್ ,1,"ಒಡತಿ, ಸ್ವಾಮಿನಿ"
ಸಾನು,noun,ಸಂ ,1,"ಬೆಟ್ಟದ ಮೇಲಿನ ಸಮತಲವಾದ ಪ್ರದೇಶ, ಪ್ರಸ್ಥಭೂಮಿ"
ಸಾಫಲ್ಯ,noun,ಸಂ ,1,"ಸಫಲತೆ, ಸಾರ್ಥಕತೆ"
ಸಾಫು,noun,<ಹಿಂ. ಅರ. ಮರಾ. ಸಾಫ್ ,1,"ಶುಭ್ರವಾದುದು, ಸ್ವಚ್ಛವಾದುದು"
ಸಾಬೀತು,noun,<ಅರ. ಸಬೂತ್ ,1,ರುಜುವಾತು ಮಾಡಿದುದು
ಸಾಭಿಜ್ಞಾನ,noun,ಸಂ ,1,"ಕುರುಹು, ಗುರುತು"
ಸಾಮ,noun,<ಸಂ. ಸಾಮನ್ ,1,ಶಾಂತಗೊಳಿಸುವಿಕೆ
ಸಾಮಂಜಸ್ಯ,noun,ಸಂ ,1,ಹೊಂದಾಣಿಕೆ
ಸಾಮಗ್ರಿ,noun,<ಸಂ. ಸಾಮಗ್ರೀ ,1,"ಅಗತ್ಯವಾದ-ವಸ್ತು, ಪದಾರ್ಥ; ಅವಶ್ಯಕವಾದ-ಉಪಕರಣ, ಸಲಕರಣೆ"
ಸಾಮತಿ,noun,<ಸಂ. ಸಾಮ್ಯತಾ ,1,"ಹೋಲಿಕೆ, ಸಾದೃಶ್ಯ"
ಸಾಮಯಿಕ,noun,ಸಂ ,1,"ಕಾಲ, ವೇಳೆ"
ಸಾಮರಸ್ಯ,noun,ಸಂ ,1,"ಸಾದೃಶ್ಯ, ಸಮಾನತೆ"
ಸಾಮರ್ಥ್ಯ,noun,ಸಂ ,1,"ದಕ್ಷತೆ, ಯೋಗ್ಯತೆ"
ಸಾಮಾಜಿಕ,noun,ಸಂ ,1,"ಸಮಾಜಕ್ಕೆ ಸಂಬಂಧಿಸಿದುದು, ಸಾಂಘಿಕ ಜೀವನಕ್ಕೆ ಅನ್ವಯಿ ಸಿದುದು"
ಸಾಮಾನು,noun,<ಪಾರ. ಸಾಮಾನ್ ,1,"ಪದಾರ್ಥ, ಸಲಕರಣೆ, ಸಾಮಗ್ರಿ"
ಸಾಮಾನ್ಯ,noun,ಸಂ ,1,"ಸಾರ್ವತ್ರಿಕವಾದುದು, ಎಲ್ಲರಿಗೂ ಎಲ್ಲಕ್ಕೂ ಅನ್ವಯಿಸುವಂತಹುದು"
ಸಾಮಾನ್ಯೆ,noun,<ಸಂ. ಸಾಮಾನ್ಯಾ ,1,ಸಾಧಾರಣ ಳಾದ ಹೆಂಗಸು
ಸಾಮೀಪ್ಯ,noun,ಸಂ ,1,"ಸಮೀಪದಲ್ಲಿರುವಿಕೆ, ಸಾನ್ನಿಧ್ಯ"
ಸಾಮು,noun,<ಸಂ. ಶ್ರಮ < ತೆಲು. ಸಾಮು ,1,"ಶಾರೀರಿಕ ವ್ಯಾಯಾಮ, ಅಂಗಸಾಧನೆ"
ಸಾಮುದ್ರಿಕ,noun,ಸಂ ,1,ಮುಖ್ಯವಾಗಿ ಅಂಗೈ ರೇಖೆಗಳ ಮತ್ತು ಶರೀರದ ಮೇಲಿನ ಗುರುತುಗಳ ಆಧಾರದ ಮೇಲೆ ಮನುಷ್ಯನ ಭವಿಷ್ಯವನ್ನು ತಿಳಿಸುವ ಶಾಸ್ತ್ರ
ಸಾಮೆ,noun,<ಸಂ. ಶ್ಯಾಮ ,1,"ಒಂದು ಬಗೆಯ ತೃಣಧಾನ್ಯ, ಸಾವೆ"
ಸಾಮ್ಯ,noun,ಸಂ ,1,"ಸಮಾನ, ಸರಿಸಮ"
ಸಾಮ್ರಾಜ್ಯ,noun,ಸಂ ,1,"ಸಾರ್ವಭೌಮಾಧಿಕಾರವನ್ನುಳ್ಳ ರಾಷ್ಟ್ರ, ಚಕ್ರಾಧಿಪತ್ಯ"
ಸಾಯಕ,noun,ಸಂ ,1,"ಬಾಣ, ಶರ"
ಸಾಯಸ,noun,<ಸಂ. ಸಾಯಾಸ ,1,"ಕಷ್ಟ, ತೊಂದರೆ"
ಸಾಯುಜ್ಯ,noun,ಸಂ ,1,"ಅನ್ಯೋನ್ಯ, ಸಂಯೋಗ, ಏಕತೆ"
ಸಾರ,noun,"ಸಂ ರಥವನ್ನು ನಡೆಸುವವನು, ರ ಕ; ದೇ ",1,"ಸೇತುವೆ, ಸಂಕ, ಪೂಲು"
ಸಾರಂಗ,noun,ಸಂ ,1,"ವಿಷ್ಣುವಿನ ಬಿಲ್ಲು, ಶಾರ್ಙ್ಗ"
ಸಾರಂಗಪಾಣಿ,noun,ಸಂ ,1,"ಶಾರ್ಙ್ಗವೆಂಬ ಬಿಲ್ಲನ್ನು ಧರಿಸಿದವನು, ವಿಷ್ಣು"
ಸಾರಂಶ,noun,ಸಂ ,1,"ತಿರುಳು, ಸತ್ವ"
ಸಾರಣ,noun,ಸಂ ,1,ಗಂಧರ್ವ
ಸಾರಣಿ,noun,ದೇ ,1,"ಸುಗಂಧ ವಸ್ತು, ಗೋಮಯ ಮುಂ.ವುಗಳಿಂದ ನೆಲವನ್ನು ಸಾರಿಸುವುದು"
ಸಾರಣೆ,noun,ದೇ ,1,"ಸಾರುವಿಕೆ, ಘೋಷಿಸುವಿಕೆ"
ಸಾರಥ್ಯ,noun,ಸಂ ,1,ಸಾರತನ
ಸಾರಮೇಯ,noun,ಸಂ ,1,"ನಾಯಿ, ಶ್ವಾನ"
ಸಾರಸ,noun,ಸಂ ,1,"ಕೊಳ, ಸರೋವರ"
ಸಾರಸ್ವತ,noun,ಸಂ ,1,"ವಿದ್ವತ್ತು, ಪಾಂಡಿತ್ಯ"
ಸಾರಾಯ(ಯಿ),noun,<ಸಂ. ಸಾರ ,1,"ಒಂದು ಬಗೆಯ ಹೆಂಡ, ಮದ್ಯ, ಸಾರಾಯಿ"
ಸಾರಿಗೆ,noun,<ದೇ. ಸಾರು + ಇಗೆ ,1,"ಹತ್ತಿರ, ಸಮೀಪ"
ಸಾರುವೆ,noun,<ದೇ. ಸಾರ್ ,1,"ಸೇತುವೆ, ಸಂಕ"
ಸಾರೂಪ್ಯ,noun,ಸಂ ,1,"ಸಮಾನ ರೂಪತ್ವ, ತಾದ್ರೂಪ್ಯ"
ಸಾರೆ,noun,<ದೇ. ಸಾರ್ + ಎ ,1,"ಹತ್ತಿರ, ಸಮೀಪ"
ಸಾರೋದ್ಧಾರ,noun,ಸಂ ,1,"ಅತ್ಯುತ್ತಮವಾದುದು, ಉತ್ಕಷ್ಟವಾದುದು"
ಸಾರ್ಕೆ,noun,<ದೇ. ಸಾರ್ ,1,"ಹತ್ತಿರ, ಸಮೀಪ"
ಸಾರ್ಥ,noun,ಸಂ ,1,"ಅರ್ಥಸಹಿತವಾದುದು, ಅನ್ವರ್ಥವಾದುದು"
ಸಾರ್ಥಕತೆ,noun,<ಸಂ. ಸಾರ್ಥಕತಾ ,1,"ಅರ್ಥಪೂರ್ಣತೆ, ಯಥಾರ್ಥತೆ"
ಸಾರ್ದ್ರ,noun,ಸಂ ,1,ತೇವದಿಂದ ಕೂಡಿದುದು
ಸಾರ್ವಜನಿಕ,noun,ಸಂ ,1,"ಎಲ್ಲ - ಜನ, ಜನತೆ"
ಸಾರ್ವಭೌಮ,noun,ಸಂ ,1,ಸಮಸ್ತ ಭೂಮಂಡಲಕ್ಕೆ ಸಂಬಂಧಿಸಿದ್ದು
ಸಾರ್ವಲೌಕಿಕ,noun,ಸಂ ,1,ಎಲ್ಲರಿಗೂ ತಿಳಿದುದು
ಸಾಲ,noun,"ದೇ ಕಡ, ಉದ್ದರಿ, ಎರವು; ಸಂ ",1,"ಮರ, ವೃಕ್ಷ"
ಸಾಲು,noun,ದೇ ,1,"ಪಂಕ್ತಿ, ಓಲಿ, ಶ್ರೇಣಿ"
ಸಾಲೆ,noun,ದೇ ,1,ಗುಳ್ಳೆಗಳ ಸಾಲು
ಸಾಲೋಕ್ಯ,noun,ಸಂ ,1,ಇನ್ನೊಬ್ಬರೊಂದಿಗೆ ಒಂದೇ ಲೋಕದಲ್ಲಿರುವಿಕೆ
ಸಾಲ್,noun,ದೇ ,1,"ಪಂಕ್ತಿ, ಸಾಲು, ಶ್ರೇಣಿ"
ಸಾಳಂಗ,noun,<ಸಂ. ಸಾಲಂಗ ,1,ಒಂದು ಬಗೆಯ ವಾದ್ಯ
ಸಾವಂತ,noun,<ಸಂ. ಸಾಮಂತ ,1,"ಚಕ್ರವರ್ತಿಗೆ ಅಧೀನವಾಗಿರುವ - ರಾಜ, ಮಾಂಡಲಿಕ"
ಸಾವಕಾಶ,noun,ಸಂ ,1,"ಬಿಡುವು, ವಿರಾಮ"
ಸಾವಧಾನ,noun,ಸಂ ,1,"ಎಚ್ಚರಿಕೆ, ಲಕ್ಷ್ಯ"
ಸಾವಿ(ಸಿ)ರ,noun,<ಸಂ. ಸಹಸ್ರ ,1,"ಒಂದು ಸಂಖ್ಯೆ, ಹತ್ತುನೂರು"
ಸಾವೆ,noun,<ಸಾಮೆ ,1,ಒಂದು ಬಗೆಯ ತೃಣಧಾನ್ಯ
ಸಾಷ್ಟಾಂಗ,noun,ಸಂ ,1,ದೇಹದ ಎಂಟು ಅವಯವಗಳಿಂದ ಕೂಡಿದುದು
ಸಾಹಸ,noun,ಸಂ ,1,"ಪರಾಕ್ರಮ, ಶೌರ್ಯ"
ಸಾಹಸಿ,noun,<ಸಂ. ಸಾಹಸಿನ್ ,1,"ಪರಾಕ್ರಮಿ, ಶೂರ"
ಸಾಹಿತ್ಯ,noun,ಸಂ ,1,"ಸಾಹಚರ್ಯ, ಸಂಬಂಧ"
ಸಾಹೇಬ,noun,<ಅರ. ಸಾಹಿಬ್ ,1,"ಒಡೆಯ, ಯಜಮಾನ"
ಸಿಂಗರ,noun,<ಸಂ. ಶೃಂಗಾರ ,1,"ಶೃಂಗಾರ, ಅಲಂಕಾರ"
ಸಿಂಗಾರ,noun,ದೇ ,1,ಸಿಂಗರ
ಸಿಂಜಿನಿ,noun,<ಸಂ. ಸಿಂಜಿನೀ ,1,"ಬಿಲ್ಲಿನ ಹೆದೆ, ಜ್ಯಾ"
ಸಿಂದಿ,noun,<ಮರಾ. ಶಿಂದೀ ,1,"ಮದ್ಯವನ್ನು ತೆಗೆಯುವ ಒಂದು ಬಗೆಯ ಮರ, ಈಚಲು ಮರ"
ಸಿಂದುರ,noun,<ಸಂ. ಸಿಂಧುರ ,1,"ಆನೆ, ಗಜ"
ಸಿಂಧು,noun,ಸಂ ,1,"ಕಡಲು, ಸಮುದ್ರ"
ಸಿಂಧುರ,noun,ಸಂ ,1,"ಆನೆ, ಗಜ"
ಸಿಂಪಿ,noun,<ಮರಾ. ಸಿಂಪೀ / ಸಂ. ಶಿಲ್ಪಿನ್ ,1,"ಬಟ್ಟೆ ಹೊಲಿಯುವವನು, ಚಿಪ್ಪಿಗ"
ಸಿಂಪು,noun,<ಚಿಪ್ಪು / ಪ್ರಾ. ಸಿಪ್ಪಿ ,1,"ಸಾಮಾನ್ಯವಾಗಿ ಸಮುದ್ರದಲ್ಲಿ ದೊರಕುವ ಗಟ್ಟಿ ಕವಚವುಳ್ಳ ಒಂದು ಪದಾರ್ಥ, ಶುಕ್ತಿ"
ಸಿಂಬಿ(ಬೆ),noun,ದೇ ,1,"ಪಾತ್ರೆಗಳ ತಳದಲ್ಲಿ ಇಡುವ ಸುರುಳಿ, ಸಿವುಡು"
ಸಿಂಹ,noun,ಸಂ ,1,"ಒಂದು ವನ್ಯಮೃಗ, ಸಿಂಗ, ಕೇಸರಿ"
ಸಿಂಹಿ,noun,ಸಂ ,1,ಹೆಣ್ಣು ಸಿಂಹ
ಸಿಕತ,noun,ಸಂ ,1,"ಮರಳು, ಉಸುಕು"
ಸಿಕ್ಕು,noun,ದೇ ,1,"ಗೊಂದಲ, ತೊಡಕು"
ಸಿಗ್ಗು,noun,ದೇ ,1,"ನಾಚಿಕೆ, ಲಜ್ಜೆ"
ಸಿಡಿ,noun,ದೇ ,1,"ಸಿಡಿಯುವಿಕೆ, ಸ್ಫೋಟ"
ಸಿಡಿಗುಂಡು,noun,ದೇ ,1,"ಚಿಮ್ಮುವ ಕಲ್ಲು, ಬೀಸಿ ಎಸೆಯುವ ಕಲ್ಲು"
ಸಿಡಿತ,noun,ದೇ ,1,ಆಸ್ಫೋಟ
ಸಿಡಿದಲೆ,noun,ದೇ ,1,ದೇಹದಿಂದ ಬೇರ್ಪಟ್ಟ ತಲೆ
ಸಿಡಿಮದ್ದು,noun,ದೇ ,1,"ಬಂಡೆಯನ್ನು ಒಡೆಯಲು ಬಳಸುವ ಸ್ಫೋಟಕ ವಸ್ತು, ಡೈನಮೈಟು"
ಸಿಡಿಮಿಡಿ,noun,ದೇ ,1,"ಅಸಹನೆ, ಕೋಪ"
ಸಿಡುಬು,noun,ದೇ ,1,"ಮೈ ಮೇಲೆ ಬೊಕ್ಕೆಗಳು ಏಳುವ ಒಂದು ಸಾಂಕ್ರಾಮಿಕ ರೋಗ, ಮೈಲಿಬೇನೆ, ಅಮ್ಮ"
ಸಿತ,noun,ಸಂ ,1,"ಬಿಳಿಯ ಕಣ, ಬಿಳುಪು"
ಸಿತಗ,noun,<ಸಂ. ಷಿಡ್ಗ ,1,"ಜಾರ, ಮಿಂಡ"
ಸಿತಗತನ,noun,<ಸಂ. ಷಿಡ್ಗ ,1,"ಹಾದರ, ವ್ಯಭಿಚಾರ"
ಸಿತಪಕ್ಷ,noun,= ,1,"ತಿಂಗಳಿನ ಮೊದಲನೆಯ ಅರ್ಧ ಭಾಗ, ಶುಕ್ಲಪಕ್ಷ"
ಸಿತಾಂಗ,noun,= ,1,"ಬಿಳಿಯ ದೇಹ, ಬಿಳಿಯ ಶರೀರ"
ಸಿದಿಗೆ,noun,ದೇ ,1,"ಹೆಣವನ್ನು ಸುಡುವ ಕಟ್ಟಿಗೆಯ ರಾಶಿ, ಚಿತೆ"
ಸಿದ್ದಿಗೆ,noun,ದೇ ,1,"ಎಣ್ಣೆ, ತುಪ್ಪ ಮೊ. ದ್ರವಪದಾರ್ಥಗಳನ್ನು ತುಂಬುವುದಕ್ಕಾಗಿ ಬಳಸುವ ಚರ್ಮದ ಚೀಲ, ಬುದ್ದಲಿ"
ಸಿದ್ದೆ,noun,ದೇ ,1,"ಒಂದು ನಿರ್ದಿಷ್ಟ ಅಳತೆ, ಪ್ರಮಾಣ"
ಸಿದ್ಧ,noun,ಸಂ ,1,"ಸಾಧಿಸಿದವನು, ಅಲೌಕಿಕ ಸಾಮರ್ಥ್ಯವುಳ್ಳವನು"
ಸಿದ್ಧರಸ,noun,= ,1,ಪಾದರಸ
ಸಿದ್ಧಹಸ್ತ,noun,= ,1,"ಸಿದ್ಧಿಯನ್ನು ಪಡೆದುದು, ಎತ್ತಿದ ಕೈ"
ಸಿದ್ಧಾಂತ,noun,ಸಂ ,1,"ನಿರ್ಣಯ, ನಿರ್ಧಾರ"
ಸಿದ್ಧಾಂತಿ,noun,<ಸಂ. ಸಿದ್ಧಾಂತಿನ್ ,1,ಸಿದ್ಧಾಂತಗಳನ್ನು ನಿರೂಪಿಸುವವನು
ಸಿದ್ಧಾರ್ಥ,noun,ಸಂ ,1,"ಸಿದ್ಧಿಯನ್ನು ಪಡೆದವನು, ಗುರಿ ಸಾಧಿಸಿದವನು"
ಸಿದ್ಧಿ,noun,ಸಂ ,1,"ಸಾಧನೆ, ಗುರಿಮುಟ್ಟುವಿಕೆ"
ಸಿದ್ಧೌಷಧ,noun,ಸಂ ,1,"ರೋಗಕ್ಕೆ ತಕ್ಕ ಔಷಧ, ಪ್ರಭಾವಶಾಲಿಯಾದ ಮದ್ದು"
ಸಿಧ್ಮ,noun,ಸಂ ,1,"ಒಂದು ಬಗೆಯ ಚರ್ಮರೋಗ, ಚಿಬ್ಬು"
ಸಿಪಾಯಿ,noun,<ಹಿಂ. ಶಿಪಾಈ ,1,"ಸೈನಿಕ, ಯೋಧ"
ಸಿಪ್ಪು,noun,<ದೇ. ಚಿಪ್ಪು ,1,"ಸಾಮಾನ್ಯವಾಗಿ ಸಮುದ್ರದಲ್ಲಿ ದೊರಕುವ ಕವಚವುಳ್ಳ ಒಂದು ಪದಾರ್ಥ, ಶುಕ್ತಿ"
ಸಿಪ್ಪೆ,noun,ದೇ ,1,"ಹಣ್ಣು, ಕಾಯಿ ಮೊ.ವುಗಳ ಮೇಲಿನ ಪದರ, ತೊಗಟೆ"
ಸಿಬಿಕೆ(ಗೆ),noun,<ಸಂ. ಸಿಬಿಕಾ ,1,"ಅಂದಣ, ಪಲ್ಲಕ್ಕಿ"
ಸಿರಿ,noun,<ಸಂ. ಶ್ರೀ ,1,"ಸಂಪತ್ತು, ಐಶ್ವರ್ಯ"
ಸಿರ್ಕು,noun,ದೇ ,1,"ಬಂಧನ, ಸೆರೆ"
ಸಿಳೀಮುಖ,noun,<ಸಂ. ಶಿಳೀಮುಖ ,1,"ಬಾಣ, ಸರಳು"
ಸಿಳ್ಳು(ಳ್ಳೆ),noun,ದೇ ,1,"ಮನುಷ್ಯ, ಹಕ್ಕಿ ಮುಂ.ವು ಬಾಯಿಂದ ಊದಿ ಮಾಡುವ ಸದ್ದು, ಸೀಟಿ"
ಸಿವಡಿ,noun,ದೇ ,1,ಒಂದು ಅಳತೆ
ಸಿವುಡಿ,noun,ದೇ ,1,"ಸಿಂಬಿ, ಸಿವುಡು"
ಸಿವುಡು,noun,ದೇ ,1,"ತಲೆಯ ಮೇಲಿನ ಹೊರೆಯು ಅಲುಗಾಡದಂತಿರಲು ಹೊರೆಯ ಅಡಿಯಲ್ಲಿಡುವ ಹುಲ್ಲು, ಬಟ್ಟೆ ಮುಂ.ವುಗಳ ಸುರುಳಿ; ಸಿಂಬೆ"
ಸಿಸು,noun,<ಸಂ. ಶಿಶು ,1,"ಹಸುಳೆ, ಎಳೆಮಗು"
ಸಿಹಿ,noun,ದೇ ,1,"ಷಡ್ರಸಗಳಲ್ಲಿ ಒಂದು, ಸವಿ, ಮಧುರ"
ಸೀಕರ,noun,<ಸಂ. ಶೀಕರ ,1,"ಸಣ್ಣ ಹನಿ, ತುಂತುರ"
ಸೀಕಲು,noun,ದೇ ,1,"ಸೀದು ಹೋದುದು, ಕರಿಕು"
ಸೀಗುರಿ,noun,ದೇ ,1,ಚಾಮರ
ಸೀಟಿ,noun,<ಹಿಂ. ಸೀಟೀ ,1,"ಬಾಯಿಂದ ಊದಿ ಮಾಡುವ ಶಬ್ದ, ಸಿಳ್ಳು"
ಸೀಟು,noun,<ಇಂ. seat ,1,"ಆಸನ, ಪೀಠ"
ಸೀತ,noun,<ಸಂ. ಶೀತ ,1,"ಚಳಿ, ಕುಳಿರು"
ಸೀತಳ,noun,<ಸಂ. ಶೀತಳ ,1,"ಶೈತ್ಯ, ತಂಪು"
ಸೀತೆ,noun,<ಸಂ. ಸೀತಾ ,1,"ನೇಗಿಲಿನಿಂದ ಉತ್ತ ಗೆರೆ, ಉಕ್ಕೆ ಸಾಲು"
ಸೀತ್ಕಾರ,noun,ಸಂ ,1,"ನೋವು, ದುಃಖ, ಸಂತೋಷ ಮುಂ.ವನ್ನು ಸೂಚಿಸುವಾಗ ಮಾಡುವ ಧ್ವನಿ"
ಸೀಬು,noun,ದೇ ,1,"ಬಿದಿರು, ಬೆತ್ತ ಮೊ.ವುಗಳ ಸಣ್ಣ ಸೀಳು, ತುಂಡು"
ಸೀಮಂತ,noun,ಸಂ ,1,ಬೈತಲೆ
ಸೀಮಂತಮಣಿ,noun,ಸಂ ,1,"ಬೈತಲೆಗೆ ಧರಿಸುವ ಒಂದು ಬಗೆಯ ಒಡವೆ, ಬೈತಲೆಬಟ್ಟು, ಚೂಡಾಮಣಿ"
ಸೀಮಾಂತ,noun,ಸಂ ,1,"ಗಡಿ ಪ್ರದೇಶ, ಸರಹದ್ದು"
ಸೀಮೆ,noun,<ಸಂ. ಸೀಮಾ ,1,"ಎಲ್ಲೆ, ಗಡಿ, ಮೇರೆ"
ಸೀರೆ,noun,<ಸಂ. ಚೀರ ,1,"ಬಟ್ಟೆ, ವಸ್ತ್ರ"
ಸೀಳು,noun,ದೇ ,1,"ಚೂರು, ತುಂಡು"
ಸೀವರ,noun,<ಸಂ. ಶೀಕರ ,1,ತುಂತುರ ಮಳೆ
ಸೀಸ,noun,"<ಸಂ. ಶೀರ್ಷ ತಲೆ, ಶಿರ; <ಸಂ. ಸೀಸ ",1,ಒಂದು ಬಗೆಯ ಲೋಹ
ಸೀಸಕ,noun,<ಸಂ. ಶೀರ್ಷಕ ,1,ಮಲ್ಲಯುದ್ಧದ ಒಂದು ವರಸೆ
ಸುಂಕ,noun,ದೇ ,1,"ತೆರಿಗೆ, ಜಕಾತಿ"
ಸುಂಕು,noun,<ಸಂ. ಶೂಕ ,1,"ತೆರೆಗಟ್ಟಿರುವುದು, ಪದರವಾಗಿರುವುದು"
ಸುಂಟ(ಟಿ)ಗೆ,noun,ದೇ ,1,ಸುಂಟಗೆ
ಸುಂಡ,noun,<ಸಂ. ಶುಂಡ ,1,"ಉದ್ದವಾದ ಮೂತಿ ಇರುವ ಒಂದು ಜಾತಿಯ ಚಿಕ್ಕ ಇಲಿ, ಮೂಗಿಲಿ"
ಸುಂದರ,noun,ಸಂ ,1,"ಸೊಗಸು, ಚೆಲುವು"
ಸುಂದು,noun,ದೇ ,1,"ಕೂಟ, ಸಂಭೋಗ"
ಸುಕರ,noun,ಸಂ ,1,"ಸುಲಭವಾದುದು, ಸರಾಗವಾದುದು"
ಸುಕುಮಾರ,noun,ಸಂ ,1,"ಕೋಮಲತೆ, ಮೃದುತ್ವ"
ಸುಕುಮಾರತೆ,noun,<ಸಂ. ಸುಕುಮಾರತಾ ,1,"ಕೋಮಲತೆ, ಲಾಲಿತ್ಯ"
ಸುಕೃತ,noun,ಸಂ ,1,"ಪುಣ್ಯ, ಸೈಪು"
ಸುಕೃತಿ,noun,<ಸಂ. ಸುಕೃತೀ ,1,"ಅದೃಷ್ಟಶಾಲಿ, ಭಾಗ್ಯವಂತ"
ಸುಕೇಶಿ,noun,<ಸಂ. ಸುಕೇಶೀ ,1,ಸೊಗಸಾದ ಕೂದಲನ್ನು ಹೊಂದಿರುವವಳು
ಸುಕ್ಕು,noun,ದೇ ,1,"ತೆರೆಗಟ್ಟಿರುವುದು, ಪದರವಾಗಿರುವುದು"
ಸುಕ್ಷೇತ್ರ,noun,ಸಂ ,1,"ಸಾರವತ್ತಾದ ಭೂಮಿ, ಫಲವತ್ತಾದ ನೆಲ"
ಸುಖ,noun,ಸಂ ,1,"ಸಂತೋಷ, ನಲಿವು"
ಸುಖಾಂತ,noun,ಸಂ ,1,"ಆನಂದದೊಡನೆ ಕೊನೆಗೊಳ್ಳುವ ಕಥಾನಕ, ಸುಖಪ್ರದವಾಗಿ ಮುಕ್ತಾಯಗೊಳ್ಳುವ ಕಥೆ"
ಸುಖಾಗಮನ,noun,ಸಂ ,1,"ಕ್ಷೇಮವಾದ-ಆಗಮನ, ಬರವು"
ಸುಗಂಧ,noun,ಸಂ ,1,"ಸುವಾಸನೆ, ಕಂಪು"
ಸುಗತ,noun,ಸಂ ,1,ಬುದ್ಧನ ಒಂದು ಹೆಸರು
ಸುಗತಿ,noun,ಸಂ ,1,"ಒಳ್ಳೆಯ ನಡಗೆ, ಮೋಹಕವಾದ ನಡೆ"
ಸುಗಿ,noun,ದೇ ,1,"ಭಯ, ಹೆದರಿಕೆ"
ಸುಗುಣ,noun,ಸಂ ,1,"ಒಳ್ಳೆಯ ಗುಣ, ಸದಾಚಾರ"
ಸುಗ್ಗಿ,noun,ದೇ ,1,ಬೆಳೆಯನ್ನು ಕೊಯ್ಯುವ ಕಾಲ
ಸುಗ್ರೀವಾಜ್ಞೆ,noun,ಸಂ ,1,"ಸುಗ್ರೀವನೆಂಬ ಕಪಿ ನಾಯಕನ ಕಟ್ಟಪ್ಪಣೆ, ಆದೇಶ"
ಸುಚರಿತ,noun,ಸಂ ,1,"ಒಳ್ಳೆಯ ನಡತೆ, ಸಚ್ಚಾರಿತ್ರ್ಯ"
ಸುಚರಿತ್ರೆ,noun,<ಸಂ. ಸುಚರಿತ್ರಾ ,1,"ಒಳ್ಳೆಯ ನಡತೆ, ಸಚ್ಚಾರಿತ್ರ್ಯ"
ಸುಟಿ,noun,ದೇ ,1,"ವೇಗ, ರಭಸ"
ಸುಡುಗಾಡು,noun,= ,1,"ಹೆಣಗಳನ್ನು ಸುಡುವ ಸ್ಥಳ, ಮಸಣ"
ಸುಣ್ಣ,noun,<ಸಂ. ಚೂರ್ಣ ,1,"ಒಂದು ಬಗೆಯ ಬಿಳಿಯ ಭಸ್ಮದಿಂದ ಕೂಡಿದ ಕಲ್ಲು ಯಾ ಕಪ್ಪೆಚಿಪ್ಪು ಇತ್ಯಾದಿಗಳನ್ನು ಆವಿಗೆಯಲ್ಲಿ ಯಾ ಒಲೆಯಲ್ಲಿ ಸುಟ್ಟು ತಯಾರು ಮಾಡಿದ ಪದಾರ್ಥ, ಚೂರ್ಣ"
ಸುತ,noun,ಸಂ ,1,"ಮಗು, ಶಿಶು"
ಸುತ್ತು,noun,ದೇ ,1,"ಬಳಸಿರುವುದು, ವೇಷ್ಟನ"
ಸುತ್ತೋಲೆ,noun,ದೇ ,1,ಸುರುಳಿ ಸುತ್ತಿದ ಓಲೆ
ಸುದರ್ಶನ,noun,ಸಂ ,1,ಒಳ್ಳೆಯ ನೋಟ
ಸುದಾಮ,noun,<ಸಂ. ಸುದಾಮನ್ ,1,"ಕೊಡುಗೈ ಯವನು, ಧಾರಾಳಿ"
ಸುದ್ದ,noun,<ಸಂ. ಶುದ್ಧ ,1,"ಶುದ್ಧತೆ, ಚೊಕ್ಕಟತನ"
ಸುದ್ದಿ,noun,<ಸಂ. ಶುದ್ಧಿ ,1,"ವಾರ್ತೆ, ಸಮಾಚಾರ"
ಸುಧನ್ವ,noun,ಸಂ ,1,ಒಳ್ಳೆಯ ಬಿಲ್ಲುಗಾರ
ಸುಧರ್ಮ,noun,ಸಂ ,1,"ಒಳ್ಳೆಯ ಸಂಪ್ರದಾಯ, ಉತ್ತಮವಾದ ಆಚಾರ"
ಸುಧಾಂಶು,noun,ಸಂ ,1,"ಅಮೃತವನ್ನು ಅಂಗದಲ್ಲಿ ಹೊಂದಿರುವವನು, ಚಂದ್ರ"
ಸುಧಾರಣೆ,noun,<ಮರಾ. ಸುಧಾರಣಾ ,1,"ತಿದ್ದುವುದು, ಸಂಸ್ಕರಿಸುವುದು"
ಸುಧಾರಸ,noun,ಸಂ ,1,"ಅಮೃತ, ಸುಧೆ"
ಸುಧಾಶನ,noun,ಸಂ ,1,ಅಮೃತಾಹಾರ
ಸುಧಿ,noun,<ಸಂ. ಸುಧೀ ,1,"ಒಳ್ಳೆಯ ಜ್ಞಾನವನ್ನು ಹೊಂದಿರುವಿಕೆ, ಬುದ್ಧಿವಂತಿಕೆ"
ಸುಧೆ,noun,<ಸಂ. ಸುಧಾ ,1,"ಅಮೃತ, ಸೊದೆ"
ಸುನೀತಿ,noun,ಸಂ ,1,"ಒಳ್ಳೆಯ ನಡತೆ, ಸಚ್ಚಾರಿತ್ರ್ಯ"
ಸುಪರ್ಣ,noun,ಸಂ ,1,"ಒಳ್ಳೆಯ ರೆಕ್ಕೆಯನ್ನು ಹೊಂದಿರುವವನು, ಗರುಡ"
ಸುಪಾರಿ,noun,<ಹಿಂ. ಸುಪಾರೀ ,1,ಅಡಕೆ
ಸುಪ್ತ,noun,ಸಂ ,1,"ಮಲಗಿದುದು, ನಿದ್ರೆಹೋದುದು"
ಸುಪ್ತಾವಸ್ಥೆ,noun,ಸಂ ,1,ನಿದ್ರೆ
ಸುಪ್ಪಾಣಿ,noun,ದೇ ,1,ಶ್ರೇಷ್ಠವಾದ ಮುತ್ತು
ಸುಪ್ರತಿಷ್ಠೆ,noun,<ಸಂ. ಸುಪ್ರತಿಷ್ಠಾ ,1,"ಒಳ್ಳೆಯ ಯಶಸ್ಸು, ಉತ್ತಮವಾದ ಕೀರ್ತಿ"
ಸುಪ್ರತೀಕ,noun,ಸಂ ,1,ಒಳ್ಳೆಯ ಆಕಾರವನ್ನು ಹೊಂದಿರುವುದು
ಸುಪ್ರಭಾತ,noun,ಸಂ ,1,"ಸುಂದರವಾದ ಬೆಳಗು, ಉಷಃಕಾಲ"
ಸುಪ್ರಸಿದ್ಧ,noun,ಸಂ ,1,"ಖ್ಯಾತಿಯಾದುದು, ಹೆಸರು ವಾಸಿಯಾದುದು"
ಸುಭಗ,noun,ಸಂ ,1,"ಚೆಲುವಾದುದು, ಸುಂದರವಾದುದು"
ಸುಭದ್ರ,noun,ಸಂ ,1,"ಬಹಳ ಶುಭತರುವಂತಹುದು, ಅದೃಷ್ಟ"
ಸುಮಂಗಲಿ,noun,ಸಂ ,1,ಅದೃಷ್ಟವಂತೆ
ಸುಮತಿ,noun,ಸಂ ,1,"ಒಳ್ಳೆಯ ಮನಸ್ಸು, ಬುದ್ಧಿ"
ಸುಮನ,noun,ಸಂ ,1,ದೇವತೆ
ಸುಮನಸ,noun,ಸಂ ,1,ಒಳ್ಳೆಯ ಮನಸ್ಸು
ಸುಮಾನ,noun,<ಸಂ. ಸುಮನಸ್ ,1,"ಸಂತೋಷ, ಹಿಗ್ಗು"
ಸುಮಾರು,noun,<ಪಾರ. ಸುಮಾರ್ ,1,"ಹೆಚ್ಚು, ಕಡಮೆ, ಅಜಮಾಸು"
ಸುಮುಖ,noun,ಸಂ ,1,ಸುಂದರವಾದ ಮುಖ
ಸುಮ್ಮಾನ,noun,ಸಂ ,1,ಸುಮನ
ಸುಯಿದಾ(ಧಾ)ನ,noun,<ಸಂ. ಸುವಿಧಾನ ,1,"ಕಾವಲು, ಕಾಪು, ರಕ್ಷಣೆ"
ಸುಯ್ಯಿ,noun,<ದೇ. ಸುಯ್ ,1,"ಉಸಿರು, ಶ್ವಾಸ"
ಸುರ,noun,ಸಂ ,1,"ದೇವತೆ, ಅಮರ"
ಸುರ(ರು)ಳಿ(ಳೆ),noun,ದೇ ,1,"ಸುತ್ತಿಕೊಂಡಿರುವುದು, ಇರಿಕೆ, ಸಿಂಬೆ"
ಸುರಂಗ,noun,ಸಂ ,1,"ಕಳವು ಮೊ.ವುಗಳಿಗಾಗಿ ಗೋಡೆಯಲ್ಲಿ ಕೊರೆಯುವ ಕಂಡಿ, ಕನ್ನ, ತೂತು"
ಸುರಕುಜ,noun,ಸಂ ,1,"ದೇವಲೋಕದ ಮರ, ಕಲ್ಪವೃಕ್ಷ"
ಸುರಕ್ಷಿತ,noun,ಸಂ ,1,"ಒಳ್ಳೆಯ ರಕ್ಷಣೆ, ಜೋಪಾನ"
ಸುರಗಿ,noun,ದೇ ,1,ಸುವಾಸನೆಯ ಹೂವುಗಳನ್ನು ಬಿಡುವ ಒಂದು ಬಗೆಯ ಮರ ಮತ್ತು ಅದರ ಹೂವು
ಸುರಭಿ,noun,ಸಂ ,1,"ಸುಗಂಧ, ಸುವಾಸನೆ"
ಸುರಮ,noun,<ಪಾರ. ಸುರ್ಮಾ ,1,ಗಂಧಕ ದಂತಹ ಒಂದು ಬಗೆಯ ಮೂಲಲೋಹ
ಸುರಸುಂದರಿ,noun,<ಪಾರ. ಸುರ್ಮಾ ,1,"ದೇವಲೋಕದ ಸ್ತ್ರೀ, ಅಪ್ಸರೆ"
ಸುರುಟಿ,noun,ದೇ ,1,ಮೆರವಣಿಗೆಯಲ್ಲಿ ಹಿಡಿಯುವ ರಾಜಯೋಗ್ಯವಾದ ಸಾಧನಗಳಲ್ಲಿ ಒಂದು
ಸುರೇಖೆ,noun,ಸಂ ,1,"ಸುಂದರವಾದ-ಗೆರೆ, ರೇಖೆ"
ಸುರ್ಕು,noun,ದೇ ,1,"ಕೊಂಕಾದುದು, ಗುಂಗುರಾದುದು"
ಸುಲಕ್ಷಣ,noun,ಸಂ ,1,"ಒಳ್ಳೆಯ ಗುರುತು, ಶುಭ ಲಕ್ಷಣ"
ಸುಲಭ,noun,ಸಂ ,1,"ಕಷ್ಟವಲ್ಲದುದು, ಸಲೀಸು"
ಸುಲೋಚನ,noun,ಸಂ ,1,ಸುಂದರವಾದ ಕಣ್ಣು
ಸುಳಾದಿ,noun,ದೇ ,1,ಸಂಗೀತದಲ್ಲಿ ಹಾಡಿನ ಒಂದು ಪ್ರಕಾರ
ಸುಳಿ,noun,ದೇ ,1,"ಸಮುದ್ರ, ನದಿ, ತೊರೆಗಳಲ್ಲಿ - ತಿರು ಗಣಿ, ಜಲಾವರ್ತ"
ಸುಳಿವಾಳೆ,noun,ದೇ ,1,ಗೊನೆ ಹೊರಡದ ಎಳೆಯ ಬಾಳೆ
ಸುಳಿವು,noun,ದೇ ,1,"ಗುರುತು, ಕುರುಹು, ಜಾಡು"
ಸುಳುವು,noun,<ದೇ. ಸುಳಿವು ,1,"ಗುರುತು, ಕುರುಹು"
ಸುಳುಹು,noun,<ದೇ. ಸುಳಿವು ,1,"ಗುರುತು, ಕುರುಹು, ಜಾಡು"
ಸುವರ್ಣ,noun,ಸಂ ,1,ಒಳ್ಳೆಯ ಬಣ್ಣ
ಸುವಾರ್ತೆ,noun,<ಸಂ. ಸುವಾರ್ತಾ ,1,"ಒಳ್ಳೆಯ ಸುದ್ದಿ, ಶುಭ ಸಮಾಚಾರ"
ಸುವಾಸಿನಿ,noun,ಸಂ ,1,"ಮುತ್ತೈದೆ, ಸುಮಂಗಲಿ"
ಸುವ್ಯಕ್ತ,noun,ಸಂ ,1,ಚೆನ್ನಾಗಿ ತಿಳಿಯಲ್ಪಡುವುದು
ಸುವ್ರತ,noun,ಸಂ ,1,"ಒಳ್ಳೆಯ ವಿಧಿ, ಉತ್ತಮವಾದ ನೇಮ"
ಸುವ್ರತೆ,noun,<ಸಂ. ಸುವ್ರತಾ ,1,ನೇಮವನ್ನು ನಿಷ್ಠೆಯಿಂದ ಆಚರಿಸುವವಳು
ಸುಶೀಲ,noun,ಸಂ ,1,"ಒಳ್ಳೆಯ ನಡತೆ, ಸದಾಚಾರ"
ಸುಶ್ರುತ,noun,ಸಂ ,1,"ವೇದಗಳನ್ನು ಚೆನ್ನಾಗಿ ಬಲ್ಲವನು, ವೇದ ಪರಾಂಗತ"
ಸುಷಿರ,noun,ಸಂ ,1,"ರಂಧ್ರ, ತೂತು"
ಸುಷುಮ್ನೆ,noun,<ಸಂ. ಸುಷುಮ್ನಾ ,1,"ದೇಹದಲ್ಲಿರುವ ಇಡಾ, ಪಿಂಗಳಾ, ಸುಷಮ್ನಾ ಎಂಬ ಪ್ರಮುಖನಾಡಿಗಳಲ್ಲಿ ಒಂದು; ಬೆನ್ನುಹುರಿಯಲ್ಲಿರುವ ನಾಡಿ"
ಸುಷ್ಠು,noun,ಸಂ ,1,"ತಕ್ಕವನು, ಸಮರ್ಥ"
ಸುಸರ,noun,<ಸಂ. ಸುಸ್ವರ ,1,ಇಂಪಾದ ಧ್ವನಿ
ಸುಸಿಲು,noun,ದೇ ,1,"ಕೂಟ, ಸಂಭೋಗ"
ಸುಸ್ತಿ,noun,<ಪಾರ. ಸುಸ್ತಾ ,1,"ತಡಮಾಡುವಿಕೆ, ನಿಧಾನ"
ಸುಸ್ತು,noun,<ಮರಾ. ಸುಸ್ತ್ ,1,"ಆಯಾಸ, ಬಳ ಲಿಕೆ, ದಣಿವು"
ಸೂಕ್ತ,noun,ಸಂ ,1,"ಒಳ್ಳೆಯ ಮಾತು, ಹಿತವಚನ"
ಸೂಕ್ತಿ,noun,ಸಂ ,1,"ಒಳ್ಳೆಯ ಮಾತು, ಹಿತವಚನ"
ಸೂಕ್ಷ್ಮ,noun,ಸಂ ,1,"ಅತ್ಯಂತ ಚಿಕ್ಕದಾಗಿರುವಂಥದು, ಚಿಕ್ಕಕಣ, ಅಣು"
ಸೂಕ್ಷ್ಮದೃಷ್ಟಿ,noun,= ,1,"ಚುರುಕು ನೋಟ, ತೀಕ್ಷ್ಣವಾದ ದೃಷ್ಟಿ"
ಸೂಚನೆ,noun,<ಸಂ. ಸೂಚನಾ ,1,"ತಿಳಿಸುವಿಕೆ, ನಿರ್ದೇಶಿಸುವಿಕೆ"
ಸೂಚಿ,noun,ಸಂ ,1,ಸೂಜಿ
ಸೂಟಿ,noun,ದೇ ,1,"ವೇಗ, ರಭಸ"
ಸೂಟೆ,noun,ದೇ ,1,"ಒಣಗಿದ ತೆಂಗಿನ ಗರಿ ಮೊ.ವುಗಳಿಂದ ಮಾಡಿದ ದೀವಟಿಗೆ, ದೊಂದಿ, ಪಂಜು"
ಸೂಡಿ,noun,ದೇ ,1,"ದೀವಟಿಗೆ, ದೊಂದಿ, ಪಂಜು"
ಸೂಡು,noun,ದೇ ,1,"ಕಟ್ಟು, ಕಂತೆ, ಹೊರೆ"
ಸೂತ,noun,ಸಂ ,1,"ರಥವನ್ನು ನಡೆಸುವವನು, ಸಾರ"
ಸೂತಕ,noun,ಸಂ ,1,"ಹುಟ್ಟು, ಜನನ"
ಸೂತಕಿ,noun,<ಸಂ. ಸೂತಿಕಾ ,1,"ಹೆತ್ತವಳು, ಬಾಣಂತಿ"
ಸೂತಿ,noun,ಸಂ ,1,"ಹುಟ್ಟು, ಜನನ"
ಸೂತ್ರ,noun,ಸಂ ,1,"ದಾರ, ನೂಲು"
ಸೂತ್ರಧಾರ,noun,ಸಂ ,1,"ನಾಟಕದ-ನಿರೂಪಕ, ನಿರ್ದೇಶಕ, ವ್ಯವಸ್ಥಾಪಕ ಯಾ ನಟ"
ಸೂದ,noun,ಸಂ ,1,ಅಡುಗೆಯನ್ನು ಮಾಡುವುದು
ಸೂದನ,noun,ಸಂ ,1,"ನಾಶಗೊಳಿಸುವಿಕೆ, ಧ್ವಂಸ ಮಾಡುವಿಕೆ"
ಸೂಪಕ,noun,ಸಂ ,1,"ಅಡುಗೆಯವನು, ಬಾಣಸಿಗ"
ಸೂಪಶಾಸ್ತ್ರ,noun,ಸಂ ,1,"ಅಡುಗೆ ಮಾಡುವ ವಿದ್ಯೆ, ಕಲೆ"
ಸೂರೆ(ರ್ಯ)ಪಾನ,noun,<ಸಂ. ಸೂರ್ಯ ,1,ದೇವರ ಯಾ ರಾಜರ ಮೆರವಣಿಗೆಯಲ್ಲಿ ಗೌರವಾರ್ಥವಾಗಿ ಕೊಂಡೊಯ್ಯುವ ಒಂದು ಬಗೆಯ ಫಲಕ ಯಾ ಚಾಮರ
ಸೂರ್ಯ,noun,ಸಂ ,1,"ನೇಸರು, ರವಿ"
ಸೂಲ,noun,ದೇ ,1,"ಹೆರಿಗೆ, ಪ್ರಸವ"
ಸೂಲು,noun,ದೇ ಪ್ರಾಣಿಗಳು ,1,ಗರ್ಭಧಾರಣೆ ಮಾಡುವುದು
ಸೂಳಾಯತ,noun,<ದೇ. ಸೂೞ ,1,"ಸರದಿಯ ಪ್ರಕಾರ ಕೂಗುವವನು, ಸಾರುವವನು"
ಸೂಳು,noun,ದೇ ,1,"ಆವೃತ್ತಿ, ಬಾರಿ"
ಸೂಳ್ನುಡಿ,noun,<ದೇ. ಸೂಳು + ನುಡಿ ,1,"ಸರದಿಯ ಪ್ರಕಾರ ಆಡುವ ಮಾತು, ಸಂಭಾಷಣೆ"
ಸೂಸಕ,noun,ದೇ ,1,"ಒಂದು ಬಗೆಯ ಆಭರಣ, ಬೈತಲೆ ಬೊಟ್ಟು"
ಸೂಸಲು,noun,ದೇ ,1,"ಎಳ್ಳು, ಕಡಲೆಹಿಟ್ಟು ಮುಂ.ವನ್ನು ಸೇರಿಸಿ ಮಾಡಿದ ಒಂದು ಬಗೆಯ - ಖಾದ್ಯ, ತಿಂಡಿ"
ಸೃಷ್ಟಿ,noun,ಸಂ ,1,"ಉತ್ಪತ್ತಿ, ಹುಟ್ಟು"
ಸೃಷ್ಟಿ),noun,ಸಂ ,1,"ಅಳ್ಳಕ, ಸಡಿಲು"
ಸೆಂಡು,noun,ದೇ ,1,"ಕಂದುಕ, ಚೆಂಡು"
ಸೆಂದುರ,noun,<ಸಂ. ಸಿಂದೂರ ,1,"ಮಂಗಳ ದ್ರವ್ಯವಾಗಿ ಬಳಸುವ ಕೆಂಪುಬಣ್ಣದ ಪುಡಿ, ಸಿಂದೂರ"
ಸೆಕೆ,noun,<ಮರಾ. ಸೇಕ್ ,1,"ಶಾಖ, ಕಾವು"
ಸೆಜ್ಜೆ,noun,<ಸಂ. ಶಯ್ಯಾ ,1,"ಹಾಸಿಗೆ, ತಲ್ಪ"
ಸೆಟವಿ,noun,<ಮರಾ. ಸಟವಾಈ ,1,ಮಾನವರ ಹಣೆಯ ಬರಹವನ್ನು ಬರೆಯುವಳೆಂದು ನಂಬಲಾದ ಒಬ್ಬ ಕ್ಷುದ್ರದೇವತೆ
ಸೆಡಕು,noun,ದೇ ,1,"ಗರ್ವ, ಅಹಂಕಾರ"
ಸೆಡವು(ಹು),noun,ದೇ ,1,"ಗರ್ವ, ಅಹಂಕಾರ"
ಸೆಣಸಾಟ,noun,ದೇ ,1,"ಸ್ಪರ್ಧೆ, ಪೈಪೋಟಿ"
ಸೆಣಸು,noun,ದೇ ,1,"ಸ್ಪರ್ಧೆ, ಪೈಪೋಟಿ"
ಸೆತ್ತೆ,noun,ದೇ ,1,"ಒಣಗಿದ ಕಸ, ಕಲ್ಮಷ"
ಸೆದೆ,noun,ದೇ ,1,"ಕಸ, ಕೊಳಕು"
ಸೆರಗು,noun,ದೇ ,1,"ಸೀರೆಯಲ್ಲಿ ಹೊದೆಯುವ ಭಾಗ, ಮೇಲುದು"
ಸೆಲೆ,noun,ದೇ ,1,"ಶಬ್ದ, ಧ್ವನಿ"
ಸೆಳಕು,noun,ದೇ ,1,"ಎಳೆತ, ಆಕರ್ಷಣೆ"
ಸೆಳವು,noun,ದೇ ,1,"ಪ್ರವಾಹದ ಎಳೆತ, ಸೆಳೆತ"
ಸೆಳೆ,noun,ದೇ ,1,"ಎಳೆತ, ಸೆಳೆತ"
ಸೆಳ್ಳು,noun,ದೇ ,1,ಸೆಳ್ಳ
ಸೇಡು,noun,ದೇ ,1,"ಸೆಡೆಯುವಿಕೆ, ಮುದುಡುವಿಕೆ"
ಸೇತುವೆ,noun,<ಸಂ. ಸೇತು ,1,ಸೇತು
ಸೇದೆ,noun,<ಸಂ. ಸ್ವೇದ ,1,"ಜಗ್ಗುವಂಥದು, ಸೇದುವಂಥದು"
ಸೇನಾನಿ,noun,ಸಂ ,1,"ಸೈನ್ಯದ ಮುಖ್ಯಸ್ಥ, ದಳವಾಯಿ"
ಸೇನಾಮುಖ,noun,ಸಂ ,1,"ಸೈನ್ಯದ - ಎದುರು, ಸಮ್ಮುಖ"
ಸೇರಿಕೆ,noun,ದೇ ,1,"ಹೊಂದಿಕೆ, ಸೇರ್ಪಡೆ"
ಸೇರುವೆ,noun,ದೇ ,1,"ಹೊಂದಿಕೆ, ಮೇಳ"
ಸೇರೆ,noun,ದೇ ,1,"ಬೊಗಸೆ, ಅಂಜಲಿ"
ಸೇರ್ಪಡೆ,noun,ದೇ ,1,"ಒಳಗೊಳ್ಳುವಿಕೆ, ಸೇರಿಕೊಳ್ಳುವಿಕೆ"
ಸೇವಗೆ,noun,ದೇ ,1,"ಅಕ್ಕಿ, ರವೆ ಮೊ.ವುಗಳಿಂದ ಮಾಡುವ ಪಾಯಸಕ್ಕೆ ಉಪಯೋಗಿಸುವ ಎಳೆಎಳೆಯಾದ ಪದಾರ್ಥ"
ಸೇವನೆ,noun,<ಸಂ. ಸೇವನ ,1,"ಪೂಜೆ, ಉಪಾಸನೆ"
ಸೇವೆ,noun,<ಸಂ. ಸೇವಾ ,1,"ಊಳಿಗ, ಚಾಕರಿ"
ಸೇಸೆ,noun,<ಸಂ. ಶೇಷಾ ,1,"ಮಂಗಳಾಕ್ಷತೆ, ಮಂತ್ರಾಕ್ಷತೆ"
ಸೈಂಧವ,noun,ಸಂ ,1,ಒಂದು ಬಗೆಯ ಉಪ್ಪು
ಸೈತಾನ,noun,<ಅರ. ಶೈತಾನ್ ,1,"ಭೂತ, ಪಿಶಾಚಿ ಮುಂ. ದುಷ್ಟ ಶಕ್ತಿ; ಪಾಪ ಪ್ರೇರಕ ಶಕ್ತಿ"
ಸೈತು,noun,ದೇ ,1,"ವಕ್ರತೆಯಿಲ್ಲದುದು, ನೇರವಾದುದು"
ಸೈನಿಕ,noun,ಸಂ ,1,"ಸೈನ್ಯ, ಪಡೆ"
ಸೈಪು,noun,ದೇ ,1,"ಪುಣ್ಯ, ಸುಕೃತ"
ಸೈರಂಧ್ರಿ,noun,<ಸಂ. ಸೈರಂಧ್ರೀ ,1,ಅರಮನೆಯ ಅಂತಃಪುರದ ದಾಸಿ
ಸೊಂಕು,noun,ದೇ ,1,"ಸ್ಪರ್ಶ, ಮುಟ್ಟುವಿಕೆ"
ಸೊಂಡಿಲು,noun,<ಸಂ. ಶುಂಡಾ ,1,"ಆನೆಯ ಕೈ, ಗಜಹಸ್ತ"
ಸೊಂಡೆ,noun,<ಸಂ. ಶುಂಡಾ ,1,"ಮುಖ, ಮೂತಿ, ಮೋರೆ"
ಸೊಂದಿ,noun,ದೇ ,1,ಜಾರ ಸ್ವಭಾವದ ವ್ಯಕ್ತಿ
ಸೊಂಪು,noun,ದೇ ,1,"ಸೊಗಸು, ಚೆಲುವು"
ಸೊಕ್ಕು,noun,<ದೇ. ಸೊರ್ಕು ,1,"ಅಮಲು, ಮದ"
ಸೊಗಡು,noun,ದೇ ,1,"ಕಂಪು, ವಾಸನೆ"
ಸೊಗಸು,noun,<ಸಂ. ಸುಖ = ಸೊಗ + ಇಸು ,1,"ಅಂದ, ಚೆಲುವು"
ಸೊಟ್ಟು,noun,"ದೇ ಓರೆ, ಡೊಂಕು, ವಕ್ರತೆ; ದೇ ",1,"ನೇರವಲ್ಲದುದು, ಡೊಂಕು"
ಸೊದೆ,noun,<ಸಂ. ಸುಧಾ ,1,"ಅಮೃತ, ಪೀಯೂಷ"
ಸೊನೆ,noun,ದೇ ,1,"ವಿಶೇಷವಾಗಿ ಮಾವಿನಕಾಯಿ, ಕೆಲವು ಹೂವು ಮುಂ.ವುಗಳ ತೊಟ್ಟಿನಿಂದ ಸುರಿಯುವ ಅಂಟುಳ್ಳ ರಸ"
ಸೊನ್ನಲಿಗೆ,noun,ದೇ ,1,"ದುಂಡಾಗಿರುವುದು, ವೃತ್ತಾ ಕಾರವಾಗಿರುವುದು"
ಸೊಪ್ಪು,noun,ದೇ ,1,"ಎಲೆ, ಪರ್ಣ"
ಸೊಬಗು,noun,<ಸಂ. ಸುಭಗ ,1,"ಅಂದ, ಚೆಲುವು"
ಸೊರಹು,noun,ದೇ ,1,"ಅತಿಯಾಗಿ ಮಾತನಾಡುವಿಕೆ, ಗಳಹುವಿಕೆ"
ಸೊರ್ಕು,noun,ದೇ ,1,"ಅಮಲು, ಮತ್ತು"
ಸೊಲ್ಲು,noun,ದೇ ,1,"ಮಾತು, ನುಡಿ"
ಸೊಳ್ಳೆ,noun,ದೇ ,1,"ಮೂಗಿನ ಹೊಳ್ಳೆ, ನಾಸಾರಂಧ್ರ"
ಸೊವಡು,noun,ದೇ ,1,"ಕಂಪು, ವಾಸನೆ"
ಸೋಂಕು,noun,ದೇ ,1,"ಮುಟ್ಟುವಿಕೆ, ಸ್ಪರ್ಶ"
ಸೋಂಬ,noun,ದೇ ,1,"ಮೈಗಳ್ಳ, ಅಲಸಿ, ಸೋಮಾರಿ"
ಸೋಂಬು,noun,ದೇ ,1,"ಆಲಸ್ಯ, ಸೋಮಾರಿತನ"
ಸೋಕು,noun,ದೇ ,1,"ಮುಟ್ಟುವಿಕೆ, ಸ್ಪರ್ಶ"
ಸೋಗು,noun,ದೇ ,1,"ತೋರಿಕೆಯ ರೂಪ, ವೇಷ"
ಸೋಗೆ,noun,ದೇ ,1,"ಸಾಮಾನ್ಯವಾಗಿ ಗಂಡು ನವಿಲು, ಮಯೂರ"
ಸೋಜಿಗ,noun,ದೇ ,1,"ಆಶ್ಚರ್ಯ, ವಿಸ್ಮಯ"
ಸೋಟೆ,noun,"ದೇ ಬಾಯಿಯ ಕೊನೆಭಾಗ, ಕಟಬಾಯಿ; <ಹಿಂ. ಸೋಂಟಾ ",1,ದಪ್ಪವಾದ ಮರದ ತುಂಡು
ಸೋಡ,noun,<ಇಂ. soda ,1,ಅಡುಗೆಗೆ ಉಪ ಯೋಗಿಸುವ ಒಂದು ಬಗೆಯ ಕ್ಷಾರ
ಸೋಡಚೀಟಿ,noun,<ಮರಾ. ಸೋಡಚಿಠ್ಠೀ ,1,ತಮ್ಮ ವಶದಲ್ಲಿರುವ ವಸ್ತುವಿನ ಹಕ್ಕನ್ನು ಬಿಟ್ಟು ಕೊಡುವುದನ್ನು ಸೂಚಿಸುವ ದಾಖಲೆ
ಸೋಡಿ,noun,<ಮರಾ. ಸೋಡ್ ,1,ವಸೂಲಾಗ ಬೇಕಾಗಿರುವ ಮೊಬಲಗಿನಲ್ಲಿ ತೋರಿಸುವ ರಿಯಾ ಯಿತಿ
ಸೋಣೆ,noun,<ಸಂ. ಶ್ರಾವಣ ,1,ಶ್ರಾವಣಮಾಸ
ಸೋದರ್ಯ,noun,ಸಂ ,1,"ಒಡಹುಟ್ಟಿದವನು, ಸಹೋದರ"
ಸೋನೆ,noun,ದೇ ,1,"ಮಳೆ, ವೃಷ್ಟಿ"
ಸೋನೇರಿ,noun,ಮರಾ ,1,ಚಿನ್ನದ ಬಣ್ಣದ ಹೊಳೆಯುವ ಕಾಗದ
ಸೋಪಸ್ಕರ,noun,ಸಂ ,1,"ಅವಶ್ಯಕವಾದ ವಸ್ತು, ಅಗತ್ಯವಾದ ಸಾಮಗ್ರಿ"
ಸೋಪಾನ,noun,ಸಂ ,1,"ಮೆಟ್ಟಿಲು, ಪಾವಟಿಗೆ"
ಸೋಬನ,noun,<ಸಂ. ಶೋಭನ ,1,"ಮದುವೆ ಮುಂ. ಮಂಗಳ ಪ್ರಸಂಗಗಳಲ್ಲಿ ಹಾಡುವ ಹಾಡು, ಸೋಬಾನೆ"
ಸೋಬಾನ,noun,<ಸಂ. ಶೋಭಾನ ,1,"ಮಂಗಳ ಪ್ರಸಂಗಗಳಲ್ಲಿ ಹಾಡುವ ಹಾಡು, ಸೋಬಾನೆ"
ಸೋಬಾನೆ,noun,<ಸಂ. ಶೋಭನ ,1,ಮದುವೆ ಮುಂ. ಮಂಗಳ ಪ್ರಸಂಗಗಳಲ್ಲಿ ಹಾಡುವ ಹಾಡು
ಸೋಮ,noun,ಸಂ ,1,"ಒಂದು ಬಗೆಯ ಸಸ್ಯ, ಕೋಡಂಬಳ್ಳಿ"
ಸೋರಿಕೆ,noun,ದೇ ,1,"ದ್ರವ, ಅನಿಲ ಮುಂ.ವು ರಂಧ್ರದ ಮೂಲಕ ಸೋರಿ ಹೋಗುವಿಕೆ, ಸುರಿದು ಹೋಗುವಿಕೆ"
ಸೋರುಗಣ್ಣು,noun,ದೇ ,1,"ಯಾವಾಗಲೂ ನೀರು ಸುರಿಸುವ ಕಣ್ಣು, ಅಳುವ ಕಣ್ಣು"
ಸೋರೆ,noun,ದೇ ,1,ತರಕಾರಿಯಾಗಿ ಬಳಸುವ ಒಂದು ಬಗೆಯ ಕಾಯಿ ಮತ್ತು ಅದರ ಬಳ್ಳಿ
ಸೋಲ,noun,ದೇ ,1,"ಸೋಲು, ಪರಾಜಯ"
ಸೋಲೆ,noun,ದೇ ,1,"ಈರುಳ್ಳಿ ಮೊ.ವುಗಳ ಹೊರ ಪದರ, ಸಿಪ್ಪೆ"
ಸೋವು,noun,ದೇ ,1,"ಕಾಡಿನಲ್ಲಿ ಪ್ರಾಣಿಗಳು ನಡೆದಾಡುವುದರಿಂದ ಉಂಟಾದ-ದಾರಿ, ಜಾಡು"
ಸೋಸು,noun,ದೇ ,1,"ಚಂದ, ಸೊಗಸು"
ಸೋಹು,noun,ದೇ ,1,ಅಡಗಿರುವ ಪ್ರಾಣಿಗಳನ್ನು ಪೊದೆ ಗಳಿಂದ ಎಬ್ಬಿಸಿ ಆಡುವ ಒಂದು ಬಗೆಯ ಬೇಟೆ
ಸೌಕುಮಾರ್ಯ,noun,ಸಂ ,1,"ಮೃದುತ್ವ, ಕೋಮ ಲತೆ"
ಸೌಖ್ಯ,noun,ಸಂ ,1,"ಸುಖ, ನೆಮ್ಮದಿ"
ಸೌಗಂಧಿ,noun,ಸಂ ,1,ಮನೋಹರವಾದ ವಾಸನೆಯುಳ್ಳದು
ಸೌಗಂಧಿಕ,noun,<ಸಂ. ಸೌಗಂಧಿಕಾ ,1,"ಪರಿಮಳದಿಂದ ಕೂಡಿದುದು, ಸುವಾಸನೆಯುಳ್ಳುದು"
ಸೌಜನ್ಯ,noun,ಸಂ ,1,"ಒಳ್ಳೆಯತನ, ಸಜ್ಜನಿಕೆ"
ಸೌದಾಮಿನಿ,noun,ಸಂ ,1,"ಮಿಂಚು, ವಿದ್ಯುತ್ತು"
ಸೌದೆ,noun,<ಸಂ. ಸಮಿತ್ ,1,"ಕಟ್ಟಿಗೆ, ಉರುವಲು"
ಸೌಧ,noun,ಸಂ ,1,"ಸುಣ್ಣ ಬಳಿದ ಮನೆ, ಧವಳಾಗಾರ"
ಸೌಭಾಗ್ಯ,noun,ಸಂ ,1,"ಮಂಗಳಕರವಾದುದು, ಶುಭ"
ಸೌಮಂಗಲ್ಯ,noun,ಸಂ ,1,ಮಂಗಳಕರವಾದುದು
ಸೌಮನಸ್ಯ,noun,ಸಂ ,1,ಒಳ್ಳೆಯ ಮನಸ್ಸಿನಿಂದ ಕೂಡಿರುವಿಕೆ
ಸೌಮ್ಯ,noun,ಸಂ ,1,ತೀಕ್ಷ್ಣವಲ್ಲದುದು
ಸೌರ,noun,ಸಂ ,1,ಸೂರ್ಯನಿಗೆ ಸಂಬಂಧಿ ಸಿದುದು
ಸೌರಣೆ,noun,<ಸಂ. ಸಂವರಣ ,1,"ಸಜ್ಜು, ಸನ್ನಾಹ"
ಸೌರಭ್ಯ,noun,ಸಂ ,1,ಸೌರಭ
ಸೌಳು,noun,<ದೇ. ಚವುಳು ,1,"ಉಪ್ಪು, ಲವಣ, ಕ್ಷಾರ"
ಸೌವೀರ,noun,ಸಂ ,1,"ಗಂಜಿ, ಅಂಬಲಿ"
ಸೌಷ್ಠವ,noun,ಸಂ ,1,"ಸೊಗಸು, ಅಂದ"
ಸ್ಕಂಧ,noun,ಸಂ ,1,"ಹೆಗಲು, ಭುಜಾಗ್ರ"
ಸ್ಕಂಧಾವಾರ,noun,ಸಂ ,1,ಸೈನ್ಯ ಯಾ ಸೈನ್ಯದ ತುಕಡಿ
ಸ್ಖಲನ,noun,ಸಂ ,1,"ಜಾರಿಬೀಳುವಿಕೆ, ಕಳಚಿಬೀಳುವಿಕೆ"
ಸ್ಖಲಿತ,noun,ಸಂ ,1,"ತಪ್ಪು, ಅಪರಾಧ"
ಸ್ಖಾಲಿತ್ಯ,noun,= ,1,ಜಾರಿ ಬೀಳುವಿಕೆ
ಸ್ತಂಭ,noun,ಸಂ ,1,"ಸ್ಥಿರವಾಗಿರುವಿಕೆ, ನಿಶ್ಚಲತೆ"
ಸ್ತಂಭನ,noun,ಸಂ ,1,"ತಡೆಯುವಿಕೆ, ನಿಲ್ಲಿಸುವಿಕೆ"
ಸ್ತಬ(ವ)ಕ,noun,ಸಂ ,1,"ಹೂವು ಮೊ.ವುಗಳ ಗೊಂಚಲು, ಗುಚ್ಛ"
ಸ್ತಬ್ಧ,noun,ಸಂ ,1,"ಅಲುಗಾಡದಿರುವಿಕೆ, ನಿಶ್ಚಲವಾಗಿರುವಿಕೆ"
ಸ್ತರ,noun,ಸಂ ,1,"ಪದರ, ಮಡಿಕೆ, ಪಾತಳಿ"
ಸ್ತವ,noun,ಸಂ ,1,"ಸ್ತುತಿಸುವುದು, ಕೊಂಡಾಡುವುದು"
ಸ್ತುತಿ,noun,ಸಂ ,1,"ಹೊಗಳಿಕೆ, ಕೊಂಡಾಟ"
ಸ್ತೂಪ,noun,ಸಂ ,1,"ರಾಶಿ, ಗುಡ್ಡೆ"
ಸ್ತೇಯ,noun,ಸಂ ,1,"ಕಳವು, ಕಳ್ಳತನ"
ಸ್ತೋಕ,noun,ಸಂ ,1,"ಕಿರಿದಾದುದು, ಅಲ್ಪವಾದುದು"
ಸ್ತೋಭ,noun,ಸಂ ,1,"ತಡೆ, ನಿರೋಧ"
ಸ್ತ್ರೀ,noun,ಸಂ ,1,"ಹೆಣ್ಣು, ಹೆಂಗಸು"
ಸ್ತ್ರೀತ್ವ,noun,ಸಂ ,1,ಹೆಣ್ಣುತನ
ಸ್ತ್ರೀವಶ್ಯ,noun,ಸಂ ,1,ಹೆಂಗಸನ್ನು ವಶಪಡಿಸಿಕೊಳ್ಳುವಂತ ಹುದು
ಸ್ತ್ರೈಣ,noun,ಸಂ ,1,"ಸ್ತ್ರೀ ಲಂಪಟ, ಸ್ತ್ರೀವಶನಾದವನು"
ಸ್ಥಗಿತ,noun,ಸಂ ,1,ಮುಚ್ಚಿದುದು
ಸ್ಥಪತಿ,noun,ಸಂ ,1,"ದೊರೆ, ರಾಜ"
ಸ್ಥಲ,noun,ಸಂ ,1,"ನೆಲ, ಭೂಮಿ"
ಸ್ಥವಿರ,noun,ಸಂ ,1,"ಮುದುಕ, ವೃದ್ಧ"
ಸ್ಥಾಣು,noun,ಸಂ ,1,ಶಿವ
ಸ್ಥಾನ,noun,ಸಂ ,1,"ನೆಲೆ, ಸ್ಥಿತಿ"
ಸ್ಥಾನಿಕ,noun,ಸಂ ,1,"ಸ್ಥಳ, ಜಾಗ, ಪ್ರದೇಶ"
ಸ್ಥಾಪಕ,noun,ಸಂ ,1,ವಿಗ್ರಹವನ್ನು ಪ್ರತಿಷ್ಠೆಗೊಳಿಸುವವನು
ಸ್ಥಾಯಿ,noun,ಸಂ ,1,"ಸ್ಥಿರವಾಗಿರುವುದು, ಕಾಯಂ"
ಸ್ಥಾಸಕ,noun,ಸಂ ,1,ಗಂಧ ಮೊ. ಸುಗಂಧದ್ರವ್ಯಗಳನ್ನು ದೇಹಕ್ಕೆ ಲೇಪಿಸಿಕೊಳ್ಳುವಿಕೆ
ಸ್ಥಿತ,noun,ಸಂ ,1,"ಇಡಲ್ಪಟ್ಟುದು, ಇರಿಸಿದುದು"
ಸ್ಥಿತಿ,noun,ಸಂ ,1,"ಇರವು, ಅಸ್ತಿತ್ವ"
ಸ್ಥಿರ,noun,ಸಂ ,1,"ನಿತ್ಯವಾದುದು, ಶಾಶ್ವತವಾದುದು"
ಸ್ಥಿರತೆ,noun,= ,1,"ದೃಢತೆ, ಗಟ್ಟಿತನ"
ಸ್ಥೂಲ,noun,ಸಂ ,1,"ದಪ್ಪವಾಗಿರುವುದು, ತೋರವಾದುದು"
ಸ್ನಪನ,noun,ಸಂ ,1,"ದೇವರಿಗೆ ಸ್ನಾನ ಮಾಡಿಸುವಿಕೆ, ಅಭಿಷೇಕ"
ಸ್ನಾತಕ,noun,ಸಂ ,1,ಗುರುಕುಲದಲ್ಲಿ ವಿದ್ಯಾರ್ಜನೆ ಮುಗಿಸಿ ಗೃಹಸ್ಥಾಶ್ರಮಕ್ಕೆ ಸೇರುವವನು
ಸ್ನಿಗ್ಧ,noun,ಸಂ ,1,"ಮೃದುವಾದುದು, ಕೋಮಲವಾದುದು"
ಸ್ನೇಹ,noun,ಸಂ ,1,"ಜಿಡ್ಡು, ಜಿಗುಟು"
ಸ್ಪಂದ,noun,ಸಂ ,1,"ಕಣ್ಣು, ಭುಜ ಮೊ.ವು ಮಿಡಿಯುವಿಕೆ"
ಸ್ಪರ್ಶನ,noun,ಸಂ ,1,ಸ್ಪರ್ಶ
ಸ್ಪಷ್ಟೀಕರಣ,noun,ಸಂ ,1,ವಿವರಗಳೊಂದಿಗೆ ಸಂಪೂರ್ಣವಾಗಿ ತಿಳಿಸಿ ಹೇಳುವುದು
ಸ್ಫಟಿಕ,noun,ಸಂ ,1,"ನಿರ್ಮಲವೂ, ಪಾರದರ್ಶಕವೂ ಆದ ಒಂದು ಬಗೆಯ ಬಿಳಿಯ ಹೊಳಪಿನ ಕಲ್ಲು"
ಸ್ಫಾರ,noun,ಸಂ ,1,"ನಡುಕ, ಕಂಪನ"
ಸ್ಫುಟ,noun,ಸಂ ,1,"ಅರಳಿದುದು, ವಿಕಸಿತವಾದುದು"
ಸ್ಫುರಣ,noun,ಸಂ ,1,"ನಡುಗುವುದು, ಕಂಪನ"
ಸ್ಫೂರ್ತಿ,noun,ಸಂ ,1,ಮನಸ್ಸಿಗೆ ಹೊಳೆಯುವಿಕೆ
ಸ್ಫೋಟ,noun,ಸಂ ,1,ಒಮ್ಮೆಲೇ ಒಡೆದು ಸಿಡಿಯುವಿಕೆ
ಸ್ಫೋಟಕ,noun,ಸಂ ,1,"ಬೊಕ್ಕೆ, ಗುಳ್ಳೆ, ಹುಗುಳು"
ಸ್ಮ,noun,ತಿ ಸಂ ,1,"ನೆನಪು, ಸ್ಮರಣೆ"
ಸ್ಮಯ,noun,ಸಂ ,1,"ಆಶ್ಚರ್ಯ, ಬೆರಗು"
ಸ್ಮರ,noun,ಸಂ ,1,"ಕಾಮ, ಮನ್ಮಥ"
ಸ್ಮರಣ,noun,ಸಂ ,1,ಮರೆತುಹೋದುದನ್ನು ನೆನೆಯುವಿಕೆ
ಸ್ಮರಣೆ,noun,ಸಂ ,1,"ನೆನಪು, ಜ್ಞಾಪಕ"
ಸ್ಮಾರ್ತ,noun,ಸಂ ,1,ಸ್ಮೃತಿಗ್ರಂಥಗಳಲ್ಲಿ ವಿಧಿ ಸಿದ ಆಚರಣೆ
ಸ್ಮಿತ,noun,ಸಂ ,1,"ಅರಳುವಿಕೆ, ವಿಕಸನ"
ಸ್ರೋತ,noun,ಸಂ ,1,"ನೀರಿನ ಹರಿವು, ಪ್ರವಾಹ"
ಸ್ಲೀಬೊ),noun,ಸಂ ,1,ಕ್ರಿಸ್ತನನ್ನು ಕೊಲ್ಲಲು ನಿರ್ಮಿಸಿದ್ದ ಒಂದು ಮರದ ಸಾಧನ
ಸ್ವಂತ,noun,<ಸಂ. ಸ್ವತಃ ,1,"ತನ್ನದೇ ಆದುದು, ಖಾಸಾ"
ಸ್ವಕೀಯ,noun,ಸಂ ,1,"ತನ್ನದೇ ಆದುದು, ಸ್ವಂತವಾದುದು"
ಸ್ವಗತ,noun,ಸಂ ,1,"ತನ್ನಲ್ಲಿರುವುದು, ಅಂತರಂಗದಲ್ಲಿರುವುದು"
ಸ್ವಚ್ಛಂದ,noun,ಸಂ ,1,"ಕಟ್ಟುಪಾಡಿಲ್ಲದಿರುವಿಕೆ, ಮನಸ್ಸು ಬಂದಂತೆ ನಡೆದುಕೊಳ್ಳುವಿಕೆ, ಸ್ವೇಚ್ಛೆ"
ಸ್ವತಂತ್ರ,noun,ಸಂ ,1,"ಯಾರ ಅಧಿಕಾರಕ್ಕೂ ಒಳಪಡದಿರುವಿಕೆ, ಅನಿರ್ಬಂಧತೆ"
ಸ್ವತ್ವ,noun,ಸಂ ,1,"ಸ್ವಂತ ಹಕ್ಕು, ಒಡೆತನ"
ಸ್ವಧರ್ಮ,noun,ಸಂ ,1,"ತನ್ನ ಧರ್ಮ, ಸ್ವಂತ ಧರ್ಮ"
ಸ್ವಪಕ್ಷ,noun,ಸಂ ,1,"ಸ್ವಂತ ಪಕ್ಷ, ಗುಂಪು"
ಸ್ವಯ,noun,ಸಂ ,1,"ನಿಜಸ್ವರೂಪ, ಪ್ರತ್ಯಕ್ಷಭಾವ"
ಸ್ವಯಂಪಾಕ,noun,= ,1,ತಾನೇ ಮಾಡಿಕೊಳ್ಳುವ ಅಡಿಗೆ
ಸ್ವಯಂಭು,noun,= ,1,"ತಾನಾಗಿಯೇ ಉಂಟಾದುದು, ಮಾಡಿದುದು"
ಸ್ವರ,noun,ಸಂ ,1,"ಧ್ವನಿ, ನಾದ"
ಸ್ವರಾಜ್ಯ,noun,ಸಂ ,1,"ಸ್ವತಂತ್ರವಾದ ರಾಜ್ಯ, ಯಾರ ಅಧೀನಕ್ಕೂ ಒಳಪಡದ ರಾಜ್ಯ"
ಸ್ವರು,noun,ಸಂ ,1,ಇಂದ್ರನ ವಜ್ರಾಯುಧ
ಸ್ವರೂಪ,noun,ಸಂ ,1,"ನಿಜವಾದ ರೂಪ, ಸ್ವಂತ ಆಕೃತಿ"
ಸ್ವರ್ಗ,noun,ಸಂ ,1,"ನಾಕ, ದೇವಲೋಕ"
ಸ್ವರ್ಗವಾಸಿ,noun,ಸಂ ,1,"ದೇವಲೋಕದಲ್ಲಿ ವಾಸಿಸುವವನು, ಸ್ವರ್ಗದಲ್ಲಿ ನೆಲಸಿರುವವನು"
ಸ್ವರ್ಣ,noun,ಸಂ ,1,"ಚಿನ್ನ, ಬಂಗಾರ"
ಸ್ವಸ್ತಿ,noun,ಸಂ ,1,"ಒಳ್ಳೆಯದು, ಕ್ಷೇಮ ಶುಭ ಎಂಬರ್ಥದ ಒಂದು ಪದ"
ಸ್ವಸ್ಥ,noun,ಸಂ ,1,"ಚೆನ್ನಾಗಿರುವುದು, ಕ್ಷೇಮ, ಆರೋಗ್ಯ"
ಸ್ವಹಸ್ತ,noun,ಸಂ ,1,"ತನ್ನ ಕೈ, ಸ್ವಂತ ಹಸ್ತ"
ಸ್ವಾದ,noun,ಸಂ ,1,"ರುಚಿ, ಸವಿ"
ಸ್ವಾದು,noun,ಸಂ ,1,ರುಚಿಯಾದ ಆಹಾರ
ಸ್ವಾಧೀನ,noun,ಸಂ ,1,"ಅಂಕೆ, ಹತೋಟಿ"
ಸ್ವಾಧ್ಯಾಯ,noun,ಸಂ ,1,ತನ್ನಷ್ಟಕ್ಕೆ ತಾನೇ ಹೇಳಿಕೊಳ್ಳುವಿಕೆ
ಸ್ವಾನುಭವ,noun,ಸಂ ,1,"ತನ್ನ ಸ್ವಂತದ ಅನುಭವ, ಸ್ವಪ್ರಯತ್ನದಿಂದ ಗಳಿಸಿದ ಅರಿವು"
ಸ್ವಾಮಿ,noun,ಸಂ ,1,"ಒಡೆಯ, ಯಜಮಾನ"
ಸ್ವಾಮಿತ್ವ,noun,ಸಂ ,1,"ಒಡೆತನ, ಮಾಲೀಕತ್ವ"
ಸ್ವಾಮಿದ್ರೋಹ,noun,ಸಂ ,1,"ಒಡೆಯನಿಗೆ ಕೇಡು ಮಾಡುವಿಕೆ, ದ್ರೋಹ ಬಗೆಯುವಿಕೆ"
ಸ್ವಾಮ್ಯ,noun,ಸಂ ,1,"ಒಡೆತನ, ಯಜಮಾನಿಕೆ"
ಸ್ವಾಯಂಭುವ,noun,ಸಂ ,1,"ಹದಿನಾಲ್ಕು ಮನುಗಳಲ್ಲಿ ಮೊದಲನೆಯವನು, ಸ್ವಯಂಭುವಿನ ಮಗ"
ಸ್ವಾಯತ್ತ,noun,ಸಂ ,1,"ತನ್ನ ವಶಕ್ಕೆ ಬಂದುದು, ಸ್ವಾಧೀನವಾದುದು"
ಸ್ವಾರ,noun,<ಸವಾರ ,1,"ಅಶ್ವಾರೋಹಿ, ಕುದುರೆ ಸವಾರ"
ಸ್ವಾರಸ್ಯ,noun,ಸಂ ,1,"ಆಸಕ್ತಿಯನ್ನುಂಟು ಮಾಡುವಂಥದು, ಕುತೂಹಲಕರವಾದುದು"
ಸ್ವಾರ್ಥ,noun,ಸಂ ,1,"ತನ್ನ ಪ್ರಯೋಜನ, ಸ್ವಹಿತ"
ಸ್ವಾವಲಂಬಿ,noun,ಸಂ ,1,ತನಗಾಗಿ ಬೇರೆಯವರನ್ನು ಆಶ್ರಯಿಸದಿರುವವನು
ಸ್ವಾಸ್ಥ್ಯ,noun,ಸಂ ,1,"ಸ್ವಸ್ಥತೆ, ಆರೋಗ್ಯ, ಕ್ಷೇಮ"
ಸ್ವೇಚ್ಛಾಮರಣಿ,noun,ಸಂ ,1,ತನ್ನ ಇಚ್ಛೆಯ ಮೇರೆಗೆ ತನ್ನ ಸಾವಿನ ಸಮಯವನ್ನು ನಿರ್ಧರಿಸಲು ಸಮರ್ಥನಾದ ವ್ಯಕ್ತಿ
ಸ್ವೇಚ್ಛೆ,noun,<ಸಂ. ಸ್ವೇಚ್ಛಾ ,1,ತನ್ನ ಇಚ್ಛೆ
ಸ್ವೈರ,noun,ಸಂ ,1,"ಸ್ವಂತ ಇಚ್ಛೆ, ಸ್ವೇಚ್ಛೆ"
ಹಂಗಾಮ(ಮು),noun,<ಪಾರ. ಹಂಗಾಮ್ ,1,"ಹದಕ್ಕೆ ಬರುವ ಕಾಲ, ಋತುಸಮಯ, ಸುಗ್ಗಿ ಕಾಲ"
ಹಂಗಿನ,noun,ದೇ ,1,"ದಾಕ್ಷಿಣ್ಯಕ್ಕೆ ಕಟ್ಟುಬಿದ್ದವನು, ಋಣಿ"
ಹಂಗು,noun,<ದೇ. ಪಂಗು ,1,"ದಾಕ್ಷಿಣ್ಯ, ಆಭಾರ, ಋಣ"
ಹಂಚಿಕಡ್ಡಿ,noun,ದೇ ,1,ಹಂಚಿಯ ಹುಲ್ಲಿನ ಕಡ್ಡಿ
ಹಂಚಿಕೆ,noun,ದೇ ,1,"ಪಾಲು ಮಾಡುವಿಕೆ, ವಿತರಣೆ"
ಹಂಜಕ್ಕಿ,noun,ದೇ ,1,"ಹಾಲು ತುಂಬಿಕೊಂಡಿರುವ ಅಕ್ಕಿ, ಹಸಿಅಕ್ಕಿ"
ಹಂಜರ,noun,<ದೇ. ಪಂಜರ ,1,"ಹಕ್ಕಿ ಯಾ ಮೃಗಗಳನ್ನು ಸಾಕುವ ಸಾಧನ, ಪಂಜರ"
ಹಂಜಿ,noun,ದೇ ,1,ನೂಲನ್ನು ತಯಾರಿಸಲು ಹತ್ತಿಯ ಬೀಜ ಬಿಡಿಸಿ ಹೆಕ್ಕಿ ಹಸನುಮಾಡಿದ ಹತ್ತಿಯ ಸಣ್ಣ ಸುರುಳಿ
ಹಂಡ,noun,ದೇ ,1,"ಷಂಡ, ನಪುಂಸಕ"
ಹಂಡಬಂಡ,noun,ದೇ ,1,"ಮಿಶ್ರಬಣ್ಣದ ಪಾರಿವಾಳ, ಹೊರಸು"
ಹಂಡೆ,noun,ದೇ ,1,"ಲೋಹದ ದೊಡ್ಡ ಪಾತ್ರೆ, ಕಡಾಯಿ"
ಹಂತ,noun,ದೇ ,1,"ಪ್ರತಿಜ್ಞೆ, ಶಪಥ"
ಹಂತಿ,noun,<ಸಂ. ಪಂಕ್ತಿ> ಪಂತಿ ,1,"ಪಂಕ್ತಿ, ಸಾಲು"
ಹಂದರ,noun,<ದೇ. ಪಂದರ ,1,"ಚಪ್ಪರ, ಕಾವಣ"
ಹಂಬಲಿಕೆ,noun,<ದೇ. ಪಂಬಲಿಕೆ ,1,"ಉತ್ಕಟ ಬಯಕೆ, ಅತಿಯಾದ ಹಂಬಲ"
ಹಂಬು,noun,<ದೇ. ಪರ್ಬು ,1,"ಬಳ್ಳಿ, ಲತೆ"
ಹಂಸ,noun,ಸಂ ,1,"ಒಂದು ಬಿಳಿಯ ಬಣ್ಣದ ಪಕ್ಷಿ, ಮರಾಲ"
ಹಂಸಪಾದ,noun,ಸಂ ,1,"ಹಂಸದ - ಹೆಜ್ಜೆ, ಪಾದ"
ಹಕ್ಕರಿ(ಕೆ),noun,<ದೇ. ಪಕ್ಕರೆ ,1,"ಕುದುರೆ, ಆನೆ ಮೊ.ವುಗಳಿಗೆ ಹಾಕುವ ಮೈ ಜೋಡು"
ಹಕ್ಕು,noun,ಬಾಧ್ಯತೆ ಅಧಿಕಾರ ಮತ್ತು ಜವಾಬ್ದಾರಿ; ದೇ ,1,"ಮೂಗು, ಕಣ್ಣು ಮೊ.ವುಗಳ ಮಲ, ಪಿಸುರು, ಪಿಚ್ಚು; <ಅರ. ಹಕ್"
ಹಕ್ಕೆ,noun,<ದೇ. ಪೞ ,1,"ಹಾಸುಗೆ, ಶಯ್ಯೆ"
ಹಗರಣ,noun,<ಸಂ. ಪ್ರಕರಣ ,1,"ಯಕ್ಷಗಾನ, ಬಯಲಾಟ ಮುಂ.ವು"
ಹಗರಣಿಗ,noun,<ಹಗರಣ + ಇಗ ,1,"ವಿವಿಧ ವೇಷ, ಅಭಿನಯಗಳಿಂದ ಜನರನ್ನು ನಗಿಸುವವನು, ವೇಷಧಾರಿ"
ಹಗರು,noun,ದೇ ,1,"ಬಿದಿರಿನ ಸೀಳು, ದೆಬ್ಬೆ"
ಹಗಲುಗನಸು,noun,ದೇ ,1,"ಎಚ್ಚರವಾಗಿರುವಾಗಲೇ ಕಾಣುವ ಕನಸು, ಆಸೆ-ಆಕಾಂಕ್ಷೆಗಳ ಲಹರಿ"
ಹಗಿನ(ನು),noun,<ದೇ. ಪಗಿನ್ ,1,"ಅಂಟು, ಗೋಂದು"
ಹಗುರ,noun,ದೇ ,1,"ಭಾರವಿಲ್ಲದುದು, ತೂಕವಿಲ್ಲದುದು"
ಹಗೆ,noun,<ದೇ. ಪಗೆ ,1,"ದ್ವೇಷ, ವೈರ"
ಹಚ(ಚ್ಚ)ಡ,noun,<ದೇ. ಪಚ್ಚಡ ,1,"ದುಪ್ಪಟಿ, ಚಾದರ"
ಹಜಾಮತಿ,noun,<ಹಿಂ. ಹಜಮತಿ ,1,"ತಲೆ ಬೋಳಿಸುವುದು, ಕ್ಷೌರ"
ಹಜಾರ,noun,ದೇ. ತೆಲು ,1,"ಸಭೆಗಳು ನಡೆಯುವ ಸ್ಥಳ, ಓಲಗಶಾಲೆ"
ಹಜ್ಜೆ,noun,<ದೇ. ಪಜ್ಜೆ ,1,ಪಾದ
ಹಟ್ಟಿ,noun,<ದೇ. ಹಟ್ಟಿ < ಪಟ್ಟಿ ,1,"ದನ, ಕುರಿ ಮೊ.ವುಗಳನ್ನು ಕೂಡಿಹಾಕುವ ಸ್ಥಳ; ಕೊಟ್ಟಿಗೆ; ರೊಪ್ಪ"
ಹಠ,noun,ಸಂ ,1,"ಛಲ, ಆಗ್ರಹ"
ಹಡಕಿ(ಕೆ),noun,<ದೇ. ಪಡುಕೆ ,1,"ಕೆಟ್ಟ ವಾಸನೆ, ದುರ್ಗಂಧ"
ಹಡಗು,noun,<ದೇ. ಪಡಂಗು ,1,ಸಮುದ್ರದ ಮೇಲೆ ಪ್ರಯಾಣಿಸಲು ಉಪಯೋಗಿಸುವ ತೇಲುವ ಸಾಧನ
ಹಡಣ,noun,<ದೇ. ಪಡಣ ,1,"ಅನಿಷ್ಟ, ಕೇಡು"
ಹಡಪ,noun,<ದೇ. ಅಡಪ ,1,"ಅಡಕೆ ಎಲೆಯ ಚೀಲ, ಸಂಚಿ"
ಹಡಬೆ,noun,<ದೇ. ಹಡು ,1,"ಕೆಟ್ಟ ಚಾಳಿ, ಅಡ್ಡ ದಾರಿ"
ಹಡಹು,noun,<ದೇ. ಪಡಪು ,1,"ಪ್ರಯೋಜನ, ಲಾಭ"
ಹಡಿಕೆ,noun,<ದೇ. ಪಡುಕೆ ,1,"ದುರ್ಗಂಧ, ಕೆಟ್ಟ ವಾಸನೆ,"
ಹಡುಕು(ವು),noun,<ದೇ. ಪಡುಕು ,1,"ಅಮೇಧ್ಯ, ಮಲ"
ಹಡೆ,noun,<ದೇ. ಪಡೆ ,1,"ಸೈನ್ಯ, ದಂಡು"
ಹಣತೆ,noun,<ದೇ. ಪಣತಿ <ಸಂ. ಪ್ರಣತಿ ,1,"ಮಣ್ಣಿನ ಯಾ ಲೋಹದ ದೀಪದ ಬಟ್ಟಲು, ಸೊಡರು"
ಹಣಾಹಣಿ,noun,<ದೇ. ಸಂಘ ,1,ಹಣೆಯಿಂದ ಹಣೆಗೆ ಹೊಡೆದು ಮಾಡುವ ಜಗಳ
ಹಣೆ,noun,<ಸಂ. ಫಣಾ ,1,"ನೊಸಲು, ಲಲಾಟ"
ಹಣ್ಣು,noun,<ದೇ. ಪಣ್ಣು ,1,"ಪಕ್ವವಾದ ಫಲ, ಮಾಗಿದ ಫಲ"
ಹತಬಲ,noun,= ,1,ಶಕ್ತಿಗುಂದಿದುದು
ಹತಾಹತಿ,noun,ಸಂ ,1,"ಏಟನ ಮೇಲೆ ಏಟು, ಹೊಡೆತದ ಮೇಲೆ ಹೊಡೆತ"
ಹತಿ,noun,ಸಂ ,1,"ಪೆಟ್ಟು, ಹೊಡೆತ"
ಹತ್ತಳ,noun,<ಪ್ರಾ. ಪತ್ತಲ ,1,ಒಂದು ಬಗೆಯ ಆಯುಧ
ಹತ್ತುಗೆ,noun,<ದೇ. ಪತ್ತುಗೆ ,1,"ಸೇರಿಕೊಂಡಿರುವಿಕೆ, ಕೂಡಿಕೊಂಡಿರುವಿಕೆ"
ಹತ್ಯಾಕಾಂಡ,noun,ಸಂ ,1,ಕೊಲ್ಲುವಿಕೆಯ ಪ್ರಸಂಗ
ಹದ,noun,<ದೇ. ಪದ ,1,"ಸರಿಯಾದ ಸ್ಥಿತಿ, ಹಾಳತ"
ಹದನ(ನು),noun,<ದೇ. ಪದನು ,1,"ಸರಿಯಾದ ಸಮಯ, ಕಾಲ"
ಹದರು,noun,<ದೇ. ಪದಿರು ,1,ಹದುಡು
ಹದಿ,noun,<ದೇ. ಪದಿ ,1,"ವಾಸಸ್ಥಳ, ಹಕ್ಕೆ"
ಹದಿಟೆ,noun,<ಸಂ. ಪ್ರತಿಷ್ಠಾ ,1,ಪ್ರತಿಷ್ಠಾಪಿಸುವುದು
ಹದಿರು,noun,<ದೇ. ಪದಿರು ,1,ದ್ವಂದ್ವಾರ್ಥದ ಮಾತು
ಹದುಳ,noun,<ದೇ. ಪದುಳ ,1,"ಸೌಖ್ಯ, ಕ್ಷೇಮ"
ಹದುಳಿಗ,noun,<ದೇ. ಪದುಳಿಗ ,1,"ಸುಖದಿಂದಿರುವವನು, ಕ್ಷೇಮದಿಂದಿರುವವನು"
ಹದ್ದು,noun,<ಅರ. ಹಿಂ. ಹದ್ದ್ ,1,"ಗಡಿ, ಸೀಮೆ"
ಹದ್ದುಬಸ್ತು,noun,<ಅರ. ಹಿಂ. ಹದ್ದ್ ,1,"ಗುರುತು ಮಾಡಿದ ಮೇರೆ, ಗಡಿ"
ಹನನ,noun,ಸಂ ,1,"ಕೊಲ್ಲುವಿಕೆ, ವಧೆ"
ಹನಿ,noun,<ದೇ. ಪನಿ ,1,"ನೀರಿನ - ತೊಟ್ಟು, ಬಿಂದು"
ಹನೆ,noun,<ದೇ. ಪನೆ ,1,"ಒಂದು ಬಗೆಯ ಮರ, ತಾಳೆಮರ"
ಹಪಾಪಿ,noun,<ಮರಾ. ಹಪಾಪ್ ,1,"ದುರಾಸೆ, ಲೋಭ"
ಹಪ್ಪಳಿಗೆ,noun,<ದೇ. ಹಪ್ಪಳ ,1,ಚಪ್ಪಟೆಯಾಗಿರುವುದು
ಹಫ್ತೆ,noun,<ಪಾರ. ಹಫ್ತ್ ,1,"ಏಳು ದಿನಗಳ ಅವಧಿ, ಒಂದು ವಾರ"
ಹಬು,noun,<ಸಂ. ಪಬು ,1,"ಕಾಂತಿ, ಪ್ರಭೆ"
ಹಬ್ಬ,noun,<ಸಂ. ಪರ್ವ ,1,ಧಾರ್ಮಿಕ ವಿಧಿ ಗಳಿಗನುಸಾರವಾಗಿ ಆಚರಿಸುವ ಒಂದು ವಿಶಿಷ್ಟವಾದ ದಿನ
ಹಬ್ಬುಗೆ,noun,<ದೇ. ಪರ್ಬುಗ ,1,"ಹರವು, ವಿಸ್ತಾರ"
ಹಬ್ಬೆ,noun,ದೇ ,1,"ಒಂದು ಬಗೆಯ ಜೊಂಡು, ಬತ್ತ"
ಹಮಾಲಿ,noun,<ಹಿಂ. ಹಮಾಲೀ ,1,ಕೂಲಿಯ ಕೆಲಸ
ಹಮ್ಮದ,noun,<ಸಂ. ಪ್ರಮಾದ ,1,"ಮೈಮರೆಯುವಿಕೆ, ಮೂರ್ಛೆ"
ಹಮ್ಮುಗೆ,noun,<ದೇ. ಹಮ್ಮು ,1,"ಹಗ್ಗ, ಪಾಶ"
ಹಯ,noun,ಸಂ ,1,"ಕುದುರೆ, ಅಶ್ವ"
ಹಯನ(ನು),noun,<ದೇ. ಪಯನ್ ,1,"ಹಾಲು, ಮೊಸರು, ಬೆಣ್ಣೆ ಮುಂ.ವು"
ಹಯವದನ,noun,<ದೇ. ಪಯನ್ ,1,ಕುದುರೆಯ ಮುಖ
ಹರ,noun,ಸಂ ,1,"ಶಿವನ ದಿಕ್ಕು, ಈಶಾನ್ಯ"
ಹರ(ರೆ)ಯ,noun,<ಸಂ. ಪ್ರಾಯ ,1,"ತಾರುಣ್ಯ, ಯೌವನ"
ಹರಕತ್ತು,noun,<ಅರ. ಹರಕತ್ ,1,"ಅಡಚಣೆ, ಅಡ್ಡಿ"
ಹರಕುಬಾಯಿ,noun,<ದೇ. ಪಱವಾಯ್ ,1,ಗುಟ್ಟು ನಿಲ್ಲದ ಬಾಯಿ
ಹರಕೆ,noun,<ದೇ. ಪರಕೆ ,1,"ಆಶೀರ್ವಾದ, ಆಶೀರ್ವಚನ"
ಹರಟೆ,noun,ದೇ ,1,"ವ್ಯರ್ಥವಾದ ಮಾತು, ಗೊಡ್ಡು ಮಾತು"
ಹರಡೆ,noun,<ದೇ. ಪರಡೆ ,1,"ಹಿಮ್ಮುಡಿಯ ಗಂಟು, ಗುಲ್ಫ"
ಹರಣ,noun,ಸಂ ,1,"ಜೀವ, ಪ್ರಾಣ"
ಹರಣಭರಣ,noun,ಸಂ ,1,ತೆಗೆದುಕೊಳ್ಳುವುದು ಮತ್ತು ತುಂಬಿಕೊಡುವುದು
ಹರತಾಳ,noun,<ಮರಾ. ಹರತಾಳ ,1,"ಬಂದು ಮಾಡುವುದು, ಮುಷ್ಕರ"
ಹರದ,noun,<ದೇ. ಪರದ ,1,"ವ್ಯಾಪಾರಿ, ವರ್ತಕ"
ಹರದಿ(ದೆ),noun,<ಗರತಿ <ಸಂ. ಗೃಹಸ್ತ್ರೀ ,1,"ಗರತಿ, ಮುತ್ತೈದೆ"
ಹರಳು,noun,<ದೇ. ಪರಲ್ ,1,"ಕಲ್ಲಿನ ಚೂರು, ನೊರಜು"
ಹರಳೆ,noun,<ದೇ. ಪರಳೆ ,1,"ಹಾದರಗಿತ್ತಿ, ಜಾರೆ"
ಹರವರಿ,noun,<ದೇ. ಹರವು + ಅರಿ ,1,"ನೆಲೆ, ನಿವಾಸ"
ಹರವಸ,noun,<ಸಂ. ಪರವಶ ,1,"ಅಧೀನತೆ, ಅವಲಂಬನೆ"
ಹರವು(ಹು),noun,<ದೇ. ಪರಪು ,1,"ವಿಸ್ತಾರ, ವೈಶಾಲ್ಯ"
ಹರಹು,noun,<ದೇ. ಪರಪು ,1,"ವಿಸ್ತಾರ, ವೈಶಾಲ್ಯ"
ಹರಾಮ,noun,<ಹಿಂ. ಹರಾಮ್ ,1,"ಅಧರ್ಮ, ಅನ್ಯಾಯ"
ಹರಿ,noun,"ನೀಲಳ ಕಪ್ಪು, ನೀಲ ವರ್ಣದ ರತ್ನ; ಇಂದ್ರ ನೀಲ; <ದೇ. ಪರಿ ",1,"ಪ್ರವಾಹ, ನೀರಿನ ಹರಿವು"
ಹರಿಗೆ,noun,ದೇ ,1,ಪರಿಗೆ
ಹರಿಚಂದನ,noun,<ದೇ. ಪರಿ + ಕೆಡು ,1,ಹಳದಿ ಬಣ್ಣದ ಶ್ರೀಗಂಧದ ಮರ
ಹರಿಜ,noun,ಸಂ ,1,"ವಿಷ್ಣುವಿನ ಮಗ, ಬ್ರಹ್ಮ"
ಹರಿಣ,noun,ಸಂ ,1,"ಹುಲ್ಲೆ, ಜಿಂಕೆ"
ಹರಿಣಧರ,noun,ಸಂ ,1,"ಜಿಂಕೆಯ ಗುರುತನ್ನು ಧರಿಸಿದವನು, ಚಂದ್ರ"
ಹರಿಣಿ,noun,<ಸಂ. ಹರಣೀ ,1,ಹಸಿರು ಬಣ್ಣ
ಹರಿತ,noun,<ದೇ. ಪಱ + ತ ,1,"ಆಯುಧಗಳ ಅಲಗು ಯಾ ತುದಿ ಚೂಪಾಗಿರುವಿಕೆ, ತೀಕ್ಷ್ಣವಾಗಿರುವಿಕೆ; <ದೇ. ಪರಿ + ತ"
ಹರಿದಶ್ವ,noun,ಸಂ ,1,"ಸೂರ್ಯ, ನೇಸರು"
ಹರಿಬ,noun,ದೇ ,1,"ಕೆಲಸ, ಕಾರ್ಯ"
ಹರಿಬಲ,noun,ದೇ ,1,ಸಿಂಹಗಳ ಸಮೂಹ
ಹರಿಮೇಖಲೆ,noun,"ಇಂದ್ರಜಾಲ, ಯಕ್ಷಿಣಿ ಹರಿವೇಶ ",1,ಸೂರ್ಯವಂಶ
ಹರಿವಾಣ,noun,<ದೇ. ಪರಿವಾಣ ,1,"ತಟ್ಟೆ, ಗಂಗಾಳ"
ಹರಿವು,noun,"<ದೇ. ಪೞ ಕೊನೆಗಾಣಿಸುವ ಉಪಾಯ, ಪರಿಹಾರದ ದಾರಿ; <ದೇ. ಪರಿವು ",1,"ಹರಿಯುವಿಕೆ, ಪ್ರವಹಿಸುವಿಕೆ"
ಹರಿಶರ,noun,"<ದೇ. ಪೞ ಕೊನೆಗಾಣಿಸುವ ಉಪಾಯ, ಪರಿಹಾರದ ದಾರಿ; <ದೇ. ಪರಿವು ",1,ನಾರಾಯಣಾಸ್ತ್ರ
ಹರುಕು,noun,<ದೇ. ಪಱು ,1,"ಹರಿದುದು, ಚಿಂದಿ"
ಹರೆ,noun,<ದೇ. ಪರೆ ,1,"ಬೆಳಗಿನ ಜಾವ, ನಸುಕು"
ಹರ್ಷಗರ್ಭ,noun,ಸಂ ,1,ಸಂತೋಷದಿಂದ ತುಂಬಿದುದು
ಹಲ,noun,ಸಂ ,1,"ನೇಗಿಲು, ರೆಂಟೆ"
ಹಲಗೆ,noun,<ಸಂ. ಫಲಕ ,1,"ಪಲಗೆ, ಮರ, ಲೋಹ ಮುಂ.ವುಗಳ ಅಗಲವಾದ ಹಾಗೂ ತೆಳುವಾದ ಸೀಳು"
ಹಲಧರ,noun,= ,1,"ನೇಗಿಲನ್ನು ಹಿಡಿದವನು, ರೈತ"
ಹಲಾಕು,noun,<ಅರ. ಹಲಾಕ್ ,1,"ಬಳಲಿಕೆ, ಆಯಾಸ"
ಹಲಾಯುಧ,noun,ಸಂ ,1,ಬಲರಾಮ
ಹಲಿ,noun,"<ಸಂ. ಫಲಿನ್ ಭ್ರೂಣ, ಗರ್ಭ; ಸಂ ",1,ಬೇಸಾಯಗಾರ
ಹಲ್ಯ,noun,ಸಂ ,1,"ಉತ್ತಭೂಮಿ, ಸಾಗುವಳಿ ಭೂಮಿ"
ಹಲ್ಲಕ,noun,ಸಂ ,1,ಕೆಂಪು ಬಣ್ಣದ ತಾವರೆ
ಹಲ್ಲು,noun,<ದೇ. ಪಲ್ಲು <ಪಲ್ ,1,"ಆಹಾರವನ್ನು ನುರಿಸುವ ಅಂಗ, ಹಂತ"
ಹಲ್ಲೆ,noun,"<ಅರ. ಹಲ್ಲಾ ದಾಳಿ, ಆಕ್ರಮಣ; <ದೇ. ಪಾಲೆ ",1,"ಕಿವಿಯ ಮೃದುವಾದ ಕೆಳಭಾಗ, ಹಾಲೆ"
ಹಳ,noun,<ಸಂ. ಹಲ ,1,ಬಲರಾಮನ ಕೈಯಲ್ಲಿರುವ ನೇಗಿಲಿನ ಆಕಾರದ ಒಂದು ಆಯುಧ
ಹಳ(ಳು)ಕು,noun,<ಸಂ. ಸ್ಫಟಿಕ ,1,"ಒಂದು ಬಗೆಯ ಖನಿಜ ಶಿಲೆ, ಸ್ಫಟಿಕ"
ಹಳಬ,noun,<ದೇ. ಪೞಂಬ ,1,"ಅನುಭವಸ್ಥ, ಹಿರಿಯ"
ಹಳವಂಡ,noun,<ಮರಾ. ಹಳವಳ ,1,"ಉಮ್ಮಳ, ತಲ್ಲಣ"
ಹಳಹಳಿ,noun,<ಮರಾ. ಹಳವಳ ,1,"ರಭಸ, ತೀವ್ರತೆ"
ಹಳಹಳಿಕೆ,noun,<ದೇ. ಫಳಫಳ ,1,"ಕಾಂತಿ, ತೇಜಸ್ಸು"
ಹಳಿ,noun,<ದೇ. ಪೞ ,1,"ಅನ್ಯಾಯದ ಆರೋಪ, ನಿಂದೆ"
ಹಳಿವು,noun,<ದೇ. ಪೞವು ,1,"ಅನ್ಯಾಯದ ಆರೋಪ, ನಿಂದೆ"
ಹಳು,noun,ಮರಾ ,1,ಹಗುರವಾದುದು
"ಹವ(ವಾ,",noun,ವೆ <ಅರ. ಹವಾ ,1,"ಋತು ಮಾನ, ವಾಯುಗುಣ"
ಹವಣ(ಣು),noun,<ಸಂ. ಪ್ರಮಾಣ ,1,"ಅಳತೆ, ಪ್ರಮಾಣ"
ಹವಣಿಕೆ,noun,<ಹವಣ ,1,"ಹಂಚಿಕೆ, ಯೋಜನೆ"
ಹವಣು,noun,<ಸಂ. ಪ್ರಮಾಣ ,1,ಹವಣ
ಹವಾಲೆ,noun,<ಹಿಂ. ಹವಾಲಾ ,1,ಹವಾಲು
ಹವಿ,noun,ಸಂ ,1,"ಹೋಮದಲ್ಲಿ ದೇವತೆಗಳಿಗೆ ಆಹುತಿಯಾಗಿ ಕೊಡುವ ತುಪ್ಪ, ಹಾಲು, ಧಾನ್ಯ ಮೊ.ವು; ಚರು"
ಹವ್ಯಾಸ,noun,<ಅರ. ಹವಸ್ ,1,"ಹೆಬ್ಬಯಕೆ, ಉತ್ಕಟವಾದ ಅಪೇಕ್ಷೆ"
ಹಸ,noun,<ದೇ. ಪಸ ,1,"ಬರ, ಕ್ಷಾಮ"
ಹಸನ(ನು),noun,<ದೇ. ಪಸನ ,1,"ಸಚ್ಛತೆ, ಶುದ್ಧತೆ"
ಹಸರ,noun,<ದೇ. ಪಸರ ,1,"ಹರಡುವಿಕೆ, ವ್ಯಾಪ್ತಿ"
ಹಸಲೆ,noun,<ದೇ. ಪಸಲೆ ,1,"ಎಳೆಯ ಹುಲ್ಲು, ಹಸುರು ಹುಲ್ಲು"
ಹಸಾದ,noun,<ಸಂ. ಪ್ರಸಾದ ,1,"ಅನುಗ್ರಹ, ದಯೆ"
ಹಸಿ,noun,<ದೇ. ಪಸಿ ,1,"ಹೊಸದು, ತಾಜಾ"
ಹಸಿ(ಸು)ರು,noun,<ದೇ. ಪಸಿಸುರ್ ,1,"ಪಚ್ಚೆ ಬಣ್ಣ, ಹರಿದ್ವರ್ಣ"
ಹಸಿರುವಾಣಿ,noun,ಸಂ ,1,"ಸಸ್ಯಗಳಿಂದ ಉತ್ಪನ್ನವಾಗುವ ಸೊಪ್ಪು, ಕಾಯಿ, ತರಕಾರಿ, ಹಣ್ಣು ಮೊ. ವ್ಯಾಪಾರದ ಸರಕು"
ಹಸಿವು(ವೆ),noun,<ದೇ. ಪಸಿವುವೆ ,1,"ಕ್ಷುಧೆ, ಆಹಾರದ ಬಯಕೆ"
ಹಸು,noun,<ಸಂ. ಪಶು ,1,"ಎಳೆಯದು, ಚಿಕ್ಕ ವಯಸ್ಸಿನವ"
ಹಸು(ಂ)ಬೆ,noun,<ದೇ. ಪಸುಂಬೆ ,1,ಶಕುನದ ಹಕ್ಕಿ
ಹಸುಕು,noun,<ದೇ. ಪಸಿ ,1,ಹಸಿಯಾಗಿರುವುದು
ಹಸುಬೆ,noun,<ದೇ. ಪಸುಂಬೆ ,1,ಹಸುಂಬೆ
ಹಸೆ,noun,<ದೇ. ಪಸೆ ,1,"ಮದುವೆ ಮೊ. ಶುಭ ಕಾರ್ಯಗಳಲ್ಲಿ ಹಾಕುವ ಆಸನ, ಮಣೆ"
ಹಸ್ತ,noun,ಸಂ ,1,"ಕೈ, ಕರ"
ಹಸ್ತಕ,noun,ಸಂ ,1,ಕೈಯ ವಿನ್ಯಾಸ
ಹಸ್ತಪ್ರತಿ,noun,ಸಂ ,1,ಗ್ರಂಥವನ್ನು ಓಲೆ ಯಾ ಕಾಗದ ಮುಂ.ವುಗಳಲ್ಲಿ ಬರೆದ ಕೈಬರೆಹದ ಪ್ರತಿ
ಹಸ್ತಾಂತರ,noun,ಸಂ ,1,ಆಸ್ತಿ ಮುಂ.ವು ಒಬ್ಬರ ಕೈಯಿಂದ ಇನ್ನೊಬ್ಬರ ಕೈಗೆ ಹೋಗುವುದು
ಹಸ್ತಾಕ್ಷರ,noun,ಸಂ ,1,ಕೈಬರಹ
ಹಸ್ತಿ,noun,ಸಂ ,1,"ಆನೆ, ಗಜ"
ಹಸ್ತಿನಿ,noun,<ಸಂ. ಹಸ್ತಿನೀ ,1,"ಹೆಣ್ಣಾನೆ, ಪಿಡಿ"
ಹಸ್ತೋದಕ,noun,ಸಂ ,1,ಊಟ ಆರಂಭವಾಗುವ ಮುನ್ನ ಆಚಮನಕ್ಕಾಗಿ ಬಲಗೈಗೆ ಹನಿಸುವ ನೀರು
ಹಾಗ,noun,<ದೇ. ಪಾಗ ,1,"ಕಾಲುಭಾಗ, ನಾಲ್ಕನೆಯ ಒಂದು ಅಂಶ"
ಹಾಟಕ,noun,ಸಂ ,1,"ಚಿನ್ನ, ಬಂಗಾರ"
ಹಾಡಿ,noun,<ಸಂ. ಪಾಡಿ ,1,"ಹಳ್ಳಿ, ಪಾಡಿಗ್ರಾಮ"
ಹಾತೆ,noun,<ದೇ. ಪಾತೆ ,1,"ಪಾತರಗಿತ್ತಿ, ಚಿಟ್ಟೆ"
ಹಾಯಿ,noun,<ದೇ. ಪಾಯ್ ,1,"ಗಾಳಿಯ ಅನುಕೂಲತೆಗಾಗಿ ದೋಣಿಯ ನಡುಗಂಬಕ್ಕೆ ಕಟ್ಟುವ ನೌಕಾಪಟ, ಹಡಗಿನ ಪಟ"
ಹಾರಿಕೆ,noun,<ದೇ. ಪಾರ್ + ಇಕೆ ,1,"ಪಕ್ಷಿ ಯಂತೆ ಆಕಾಶದಲ್ಲಿ ಚಲಿಸುವಿಕೆ, ಹಾರಾಡುವಿಕೆ"
ಹಾರಿದ್ರಕ,noun,ಸಂ ,1,"ಅರಿಸಿನ, ಹರಿದ್ರೆ"
ಹಾಲೆ,noun,<ದೇ. ಪಾಲೆ ,1,ಒಂದು ಬಗೆಯ ಹಕ್ಕಿ
ಹಾಳ(ಳಿ)ತ,noun,ದೇ. ತುಳು ,1,ಅಗತ್ಯಕ್ಕೆ ತಕ್ಕ ಪ್ರಮಾಣ
ಹಾಳಿ,noun,<ದೇ. ಪಾೞ ,1,"ಗದ್ದೆ, ಮೊದಲಾದ ಭೂಮಿಯ - ಸೀಳು, ಭಾಗ"
ಹಾವ,noun,ಸಂ ,1,ಸ್ತ್ರೀಯು ಅಂಗವಿನ್ಯಾಸದಿಂದ ಸೂಚಿಸುವ ಶೃಂಗಾರ ಭಾವ
ಹಾವಸೆ,noun,<ದೇ. ಪಾವಸೆ ,1,"ಪಾಚಿ, ಶೈವಾಲ"
ಹಾಸ,noun,"<ಸಂ. ಪಾಶ ಹಗ್ಗ, ಪಾಶ; ಸಂ ",1,"ನಗು, ನಗೆ"
ಹಾಸಂಗಿ,noun,<ಸಂ. ಪಾಶಕ ,1,"ಜೂಜಿನ ದಾಳ, ಲೆತ್ತ"
ಹಾಸರೆ,noun,<ಅರ. ಹಾಸೀಲ್ ,1,"ಪ್ರಯಾಣ, ಅಂಚೆ ಮುಂ.ವುಗಳ ವೆಚ್ಚ"
ಹಾಸು,noun,<ದೇ. ಪಾಸು ,1,"ಹಾಸಿಗೆ, ಶಯ್ಯೆ"
ಹಾಸ್ಯಗಾರ,noun,<ಸಂ. ಹಾಸ್ಯ + ಗಾರ ,1,ನಗಿಸುವವನು
ಹಾಹೆ,noun,<ದೇ. ಪಾಪೆ ,1,"ಗೊಂಬೆ, ಪುತ್ತಳಿ"
ಹಿಂಗಟ್ಟು,noun,<ದೇ. ಪಿಂ + ಕಟ್ಟು ,1,"ಕೈಗಳನ್ನು ಶರೀರದ ಹಿಂಭಾಗದಲ್ಲಿ ಸೇರಿಸಿ ಹಾಕುವ ಕಟ್ಟು, ಬಂಧನ"
ಹಿಂಗಣ್ಣು,noun,ದೇ ,1,"ಡೊಂಬರು ಹಾಕುವ ಒಂದು ಬಗೆಯ ವರಸೆ, ಹಿಮ್ಮುಖವಾಗಿ ಹಾಕುವ ಲಾಗ"
ಹಿಂಗಾರು,noun,<ದೇ. ಪಿಂಗಾರ್ ,1,ಹಿಂಗಾರಿ
ಹಿಂಗೋಲು,noun,<ದೇ. ಪಿಂ + ಕೋಲು ,1,ಕಡಮೆ ತೂಕ
ಹಿಂಡಿ,noun,<ದೇ. ಪಿಂಡಿ ,1,ಎಣ್ಣೆಯ ಕಾಳು ಗಳಿಂದ ರಸ ತೆಗೆದ ಮೇಲೆ ಉಳಿಯುವ ಶೇಷ
ಹಿಂಡು,noun,<ದೇ. ಪಿಂಡು ,1,"ಗುಂಪು, ಸಮೂಹ"
ಹಿಂದಲೆ,noun,<ದೇ. ಪಿಂದಲೆ ,1,ಹಿಂತಲೆ
ಹಿಂದು,noun,<ದೇ. ಪಿಂದು ,1,"ಹಿಂಭಾಗ, ಹಿಂಬದಿ"
ಹಿಕ್ಕಟ್ಟು,noun,<ದೇ. ಪಿಂಗಟ್ಟು ,1,"ಹಿಂಭಾಗ, ಹಿಂಬದಿ"
ಹಿಕ್ಕು,noun,<ದೇ. ಪಿಕ್ಕು ,1,"ಬಿಡಿಸುವಿಕೆ, ಹಿಂಜುವಿಕೆ"
ಹಿಕ್ಕೆ,noun,<ದೇ. ಪಿಳ್ಕೆ ,1,"ಕುರಿ, ಆಡು, ಜಿಂಕೆ, ಇಲಿ ಮೊ.ವುಗಳ ಮಲ, ಪಿಚಿಕೆ"
ಹಿಟ್ಟು,noun,<ದೇ. ಪಿಟ್ಟು <ಸಂ. ಪಿಷ್ಟ ,1,"ಧಾನ್ಯದ ನಯವಾದ ಪುಡಿ, ಪಿಷ್ಟ"
ಹಿಡ,noun,<ದೇ. ಹಿಡುಕು ,1,ವೃಷಣ
ಹಿಡಿ,noun,<ದೇ. ಪಿಡಿ ,1,"ಹಿಡಿಕೆ, ಕಾವು"
ಹಿಡಿಕು,noun,ದೇ ,1,ವೃಷಣ
ಹಿಡಿಕೆ,noun,<ದೇ. ಪಿಡಿಕೆ ,1,"ಹಿಡಿದುಕೊಳ್ಳುವ ಸಾಧನ, ಹಿಡಿ"
ಹಿಡಿತ,noun,<ದೇ. ಪಿಡಿತ ,1,"ಅಂಕೆ, ಅಧೀನ, ಹತೋಟಿ"
ಹಿಡಿಸೂಡಿ,noun,<ದೇ. ಪಿಡಿಸು ,1,ಹುಲ್ಲಿನ ಸಣ್ಣಕಂತೆ
ಹಿಡಿಹು,noun,ದೇ ,1,"ಹಿಡಿದುಕೊಳ್ಳುವಿಕೆ, ಹಿಡಿತ"
ಹಿಡುವಳಿ,noun,ದೇ ,1,"ಒಡೆತನ, ಸ್ವಾಮ್ಯ"
ಹಿಡುವಳಿದಾರ,noun,ದೇ ,1,"ಭೂಮಿಯ ಒಡೆಯ, ಯಜ ಮಾನ"
ಹಿಣಿಲು,noun,<ದೇ. ಪಿಣಿಲು ,1,"ಹೆರಳು, ಜಡೆ"
ಹಿತ,noun,ಸಂ ,1,ಒಳ್ಳೆಯದು
ಹಿತೋಪದೇಶ,noun,ಸಂ ,1,"ಒಳ್ಳೆಯ ಸಲಹೆ, ಯಥೋಚಿತವಾದ ಆಲೋಚನೆ"
ಹಿನ್ನೆಲೆ,noun,<ದೇ. ಪಿನ್ನೆಲೆ ,1,"ಹಿಂಬದಿ, ಹಿಂಭಾಗ"
ಹಿಮ,noun,ಸಂ ,1,ಚಳಿಗಾಲ
ಹಿಮಕರ,noun,ಸಂ ,1,"ತಂಪಾದ ಕಿರಣಗಳಿಂದ ಕೂಡಿರುವವನು, ಚಂದ್ರ"
ಹಿಮಕಿರಣ,noun,ಸಂ ,1,ತಂಪಾದ ರಶ್ಮಿ
ಹಿಮಗಿರಿ,noun,ಸಂ ,1,"ಹಿಮವತ್ಪರ್ವತ, ಮಂಜಿನಿಂದ ಕೂಡಿದ ಪರ್ವತ"
ಹಿಮಾಂಶು,noun,ಸಂ ,1,ತಂಪಾದ ಕಿರಣ
ಹಿಮಾಚಲ,noun,ಸಂ ,1,"ಮಂಜಿನಿಂದ ಕೂಡಿದ ಪರ್ವತ, ಹಿಮಾಲಯ"
ಹಿಮ್ಮಡ(ಡಿ),noun,<ದೇ. ಪಿಮ್ಮಡ ,1,"ಅಡಿಯ ಹಿಂಭಾಗ, ಪಾದದ ಹಿಂಬದಿ"
ಹಿಮ್ಮತ್ತು,noun,<ಅರ. ಹಿಮ್ಮತ್ ,1,"ಬೆಂಬಲ, ಸಹಾಯ"
ಹಿಮ್ಮುಖ,noun,<ದೇ. ಪಿಮ್ಮುಖ ,1,ಹಿಂದೆ ಸರಿಯುವಿಕೆ
ಹಿರಣ್ಯ,noun,ಸಂ ,1,"ಚಿನ್ನ, ಬಂಗಾರ"
ಹಿರಿಯ,noun,<ದೇ. ಪಿರಿಯ ,1,"ವಯಸ್ಸು, ಪ್ರಭಾವ, ವಂಶ, ಗುಣ ಮೊ.ವುಗಳಲ್ಲಿ ದೊಡ್ಡವನು, ಶ್ರೇಷ್ಠ"
ಹಿರೇಮಣಿ,noun,<ದೇ. ಹಿರಿಯಮಾಣಿ ,1,"ಹಿರಿ ಮಣಿ, ಮಾನೀಟರು, ಶಾಲೆಯಲ್ಲಿ ತರಗತಿಯ ಶಿಸ್ತನ್ನು ನೋಡಿಕೊಳ್ಳುವವನು"
ಹಿಳಿಕು,noun,<ದೇ. ಪಿೞಕು ,1,"ಗರಿಗಳಿಂದ ಕೂಡಿದ ಬಾಣದ ಭಾಗ, ಪುಂಖ"
ಹಿಳ್ಳು,noun,ದೇ ,1,"ಯಾವುದಾದರೂ ಪ್ರಾಣಿಯ ಮರಿ, ಪೋತ"
ಹಿಳ್ಳೆ,noun,<ದೇ. ಪಿಳ್ಳೆ ,1,"ಮರಿ, ಪೋತ"
ಹಿಸುಣ,noun,<ದೇ. ಪಿಸುಣ ,1,"ಚಾಡಿ, ಕುತ್ಸಿತ"
ಹೀನ,noun,ಸಂ ,1,ಕೆಟ್ಟದು
ಹೀನಾಯ,noun,<ಸಂ. ಹೀನ ,1,"ಅವಮರ್ಯಾದೆ, ಅವಮಾನ"
ಹೀರ,noun,ಸಂ ,1,"ನವರತ್ನಗಳಲ್ಲಿ ಒಂದು, ವಜ್ರ"
ಹೀಲಿ,noun,<ದೇ. ಪೀಲಿ ,1,ನವಿಲುಗರಿ
ಹೀಹಾಳಿ,noun,ದೇ ,1,"ತೆಗಳಿಕೆ, ಅವಹೇಳನ, ನಿಂದೆ"
ಹೀಹಾಳಿಕೆ,noun,ದೇ ,1,"ನಿಂದೆ, ತೆಗಳಿಕೆ"
ಹುಂಡ,noun,ಸಂ ,1,"ಹೆಡ್ಡ, ದಡ್ಡ, ಗಾಂಪ"
ಹುಂಡಿ,noun,ದೇ ,1,"ಸಣ್ಣ ಹಳ್ಳಿ, ಚಿಕ್ಕಗ್ರಾಮ"
ಹುಗಿಲು,noun,<ದೇ. ಪುಗಿಲ್ ,1,"ಆಶ್ರಯ, ನೆಲೆ"
ಹುಗ್ಗಿ,noun,<ದೇ. ಪುಗ್ಗಿ ,1,"ಅಕ್ಕಿ ಮತ್ತು ಹೆಸರು ಬೇಳೆಯೊಂದಿಗೆ ಪರಿಕರಗಳನ್ನು ಸೇರಿಸಿ ಮಾಡುವ ಸಿಹಿ ಯಾ ಖಾರದ ಒಂದು ಬಗೆಯ ಖಾದ್ಯ, ಪೊಂಗಲ್"
ಹುಜೂರು,noun,<ಅರ. ಹುಜರ್ ,1,"ಸಮಕ್ಷಮ, ಎದುರು, ಸಮ್ಮುಖ"
ಹುಟ್ಟಿ,noun,<ದೇ. ಪುಟ್ಟಿ ,1,"ಜೇನಿನ ಗೂಡು, ಜೇನುಹುಟ್ಟು"
ಹುಟ್ಟು,noun,<ದೇ. ಪುಟ್ಟು ,1,"ಜನನ, ಉದ್ಭವ"
ಹುಡದಿ,noun,<ಮರಾ. ಹುಡದೀ ,1,"ಗೊಂದಲ, ಗಲಾಟೆ"
ಹುಡಿ,noun,<ದೇ. ಪುಡಿ ,1,"ಹಿಟ್ಟು, ಪುಡಿ, ಚೂರ್ಣ"
ಹುತ್ತರಿ,noun,<ದೇ. ಪುತ್ತರಿ ,1,ಹೊಸ ಅಕ್ಕಿ
ಹುದ(ದಿ)ಲು,noun,<ದೇ. ಹುದಿ ,1,"ಕೆಸರು, ರಾಡಿ"
ಹುದಿ,noun,<ದೇ. ಪುದಿ ,1,ಬಾಗಿಲಿನ ಪಕ್ಕ
ಹುದು,noun,<ದೇ. ಪುದು ,1,"ಕೂಡುವಿಕೆ, ಸೇರುವಿಕೆ"
ಹುದುಗಲು,noun,ದೇ ,1,"ಅಡಕವಾಗಿರುವುದು, ತುಂಬಿರುವುದು"
ಹುದುಗು,noun,<ದೇ. ಪುದುಗು ,1,"ಹೊಂದಿಕೆ, ಸಾಮರಸ್ಯ"
ಹುದುವು,noun,<ದೇ. ಪುದುವು ,1,"ಕೂಡುವಿಕೆ, ಸೇರುವಿಕೆ"
ಹುದ್ದರಿ,noun,<ಮರಾ. ಹುದ್ದಾ ,1,"ಸ್ಪರ್ಧಿ, ಸ್ಪರ್ಧಾಳು"
ಹುದ್ದೆ,noun,<ಮರಾ. ಹುದ್ದಾ ,1,"ನೌಕರಿ, ಕೆಲಸ, ಉದ್ಯೋಗ"
ಹುದ್ದೇದಾರ,noun,<ಮರಾ. ಹುದ್ದಾ ,1,"ನೌಕರಿಯಲ್ಲಿರುವವನು, ಉದ್ಯೋಗಸ್ಥ"
"ಹುನಾ(ನ್ನ,",noun,ನ್ನಾರು <ಪಾರ. ಹುನರ್ ,1,"ಯುಕ್ತಿ, ಉಪಾಯ"
ಹುಯಿಲು,noun,ದೇ ,1,"ಹೊಡೆತ, ಪೆಟ್ಟು"
ಹುಯ್ಯಲು,noun,<ದೇ. ಪೊಯ್ ,1,"ಪೆಟ್ಟು, ಹೊಡೆತ"
ಹುಯ್ಲು,noun,ದೇ ,1,"ಪೆಟ್ಟು, ಹೊಡೆತ"
ಹುರಮುಂಜಿ,noun,<ಮರಾ. ಹುರಮೂಜೀ ,1,"ಮಾಸಲು ಕಂದುಬಣ್ಣ, ಕಾವಿಬಣ್ಣ"
ಹುರಿ,noun,<ದೇ. ಪುರಿ ,1,"ದಾರ ಯಾ ಹಗ್ಗದಂತೆ ಹೊಲೆಯುವಿಕೆ, ನುಲಿಯುವಿಕೆ"
ಹುರಿಯಾಳು,noun,<ದೇ. ಪುರಿ + ಆಳು ,1,"ಕಟ್ಟಾಳು, ವೀರಭಟ"
ಹುರುಕು,noun,<ದೇ. ಪುರಿ ,1,"ಚರ್ಮವು ಒರಟಾಗಿರುವುದು, ಒರಟಾಗಿರುವ ಸ್ಥಿತಿ"
ಹುರುಡಿಗ,noun,<ದೇ. ಪುರುಡಿಗ ,1,"ಹೊಟ್ಟೆಕಿಚ್ಚಿನವನು, ಮತ್ಸರ ಬುದ್ಧಿಯುಳ್ಳವನು"
ಹುರುಡು,noun,<ದೇ. ಪುರುಡು ,1,"ಪೈಪೋಟಿ, ಸ್ಪರ್ಧೆ"
ಹುರುಪು,noun,ದೇ ,1,"ಮರ, ಧಾನ್ಯ ಮುಂ.ವುಗಳ ಹೊರಪದರ, ಸಿಪ್ಪೆ"
ಹುರುಳು,noun,<ದೇ. ಪುರುಳು ,1,"ವಸ್ತು, ಪದಾರ್ಥ"
ಹುಲಿಯುಗುರು,noun,ದೇ ,1,"ಹುಲಿಯ ಪಂಜದ ಉಗುರು, ವ್ಯಾಘ್ರನಖ"
ಹುಳಿ,noun,<ದೇ. ಪುಳಿ ,1,"ಆಮ್ಲತ್ವ, ಹುಳ್ಳಗಿರುವಿಕೆ"
ಹುಳುಕು,noun,ದೇ ,1,ಹುಳು ಹಿಡಿದ ವಸ್ತು ಹುಳು ತಿಂದು ಕೆಟ್ಟುಹೋದುದು
ಹುಳ್ಳಿ,noun,<ದೇ. ಪುಳ್ಳಿ ,1,"ಚಿಕ್ಕ ಚಿಕ್ಕ ಒಣಕಡ್ಡಿ, ಪುಳ್ಳಿ"
ಹುಷಾರಿ,noun,<ಪಾರ. ಹುಶ್ಯಾರ್ ,1,"ಎಚ್ಚರಿಕೆ, ಜಾಗರೂಕತೆ"
ಹುಷಾರು,noun,<ಪಾರ. ಹುಶ್ಯಾರ್ ,1,ಹುಷಾರಿ
ಹುಸಿ,noun,<ದೇ. ಪುಸಿ ,1,"ಸುಳ್ಳು, ಅಸತ್ಯ"
ಹುಸಿಕ(ಗ),noun,ದೇ ,1,"ಸುಳ್ಳು ಹೇಳುವವನು, ಸುಳ್ಳುಗಾರ"
ಹೂ,noun,<ದೇ. ಪೂ ,1,"ಕುಸುಮ, ಪುಷ್ಪ"
ಹೂಜಿ,noun,<ತುಳು. ಹೂಜೇ ,1,"ಮಣ್ಣು ಯಾ ಲೋಹದಿಂದ ಮಾಡಿದ ಉದ್ದವಾದ ಕಂಠವಿರುವ ನೀರು ತುಂಬಿಡುವ ಪಾತ್ರೆ, ಕೂಜ"
ಹೂಟ,noun,"<ದೇ. ಹೂಡು, ಪೂಡು ",1,"ಏರ್ಪಾಟು, ಯೋಜನೆ"
ಹೂಟೆ,noun,<ದೇ. ಹೂಡು ,1,"ಎತ್ತು, ಕುದುರೆ ಮುಂ.ವನ್ನು ಬಂಡಿ, ನೇಗಿಲು ಮೊ.ವುಗಳ ನೊಗಕ್ಕೆ ಕಟ್ಟುವಿಕೆ"
ಹೂಣಿಕೆ,noun,<ದೇ. ಪೂಣ್ಕೆ ,1,"ಶಪಥ, ಪ್ರತಿಜ್ಞೆ"
ಹೂಣಿಗ,noun,<ದೇ. ಪೂಣಿಗ ,1,"ಬಾಣವನ್ನು ಹೂಡುವವನು, ಬಿಲ್ಲುಗಾರ"
ಹೂತಿ,noun,<ದೇ. ಪೂತಿ ,1,"ಪೂತಿಬೆಕ್ಕು, ಪುನುಗಿನ ಬೆಕ್ಕು"
ಹೂಬತ್ತಿ,noun,ದೇ ,1,"ದೇವರ ದೀಪಕ್ಕಾಗಿ ಹತ್ತಿಯನ್ನು ಹೊಸೆದು ಹೂವಿನ ಆಕಾರದಲ್ಲಿ ಮಾಡಿದ ಬತ್ತಿ, ದೀಪವರ್ತಿ"
ಹೂಬಾಣ,noun,ದೇ ,1,ಹೂವುಗಳಿಂದ ಮಾಡಿದ ಬಾಣ
ಹೂರಣ,noun,<ದೇ. ಪೂರಣ ,1,"ತುಂಬುವುದು, ಭರ್ತಿಮಾಡುವುದು"
ಹೂಲಿ,noun,ದೇ ,1,"ಹೊಡೆದಾಟ, ಕದನ"
ಹೂಸಕ,noun,<ದೇ. ಹುಸಿ ,1,"ಸುಳ್ಳು, ಹುಸಿ"
ಹೂಹೆ,noun,<ದೇ. ಪಾಪೆ ,1,"ಹಸುಳೆ, ಶಿಶು"
ಹೃದಯ,noun,ಸಂ ,1,ದೇಹದ ಮಲಿನ ರಕ್ತವನ್ನು ಶುದ್ಧಗೊಳಿಸಿ ಅಂಗಾಂಗಳಿಗೆ ಶುದ್ಧರಕ್ತವನ್ನು ಒದಗಿಸುವ ರಕ್ತಕೋಶ
ಹೃದಯಂಗಮ,noun,<ಸಂ. ಹೃದಯ ,1,"ಮನ ಮುಟ್ಟುವಂತಹದು, ಹೃದಯ ಸ್ಪರ್ಶಿಯಾದುದು,"
ಹೃದ್ಯ,noun,ಸಂ ,1,"ಮನೋಹರವಾದುದು, ಸುಂದರವಾದುದು"
ಹೃದ್ರೋಗ,noun,ಸಂ ,1,"ಹೃದಯಕ್ಕೆ ಸಂಬಂಧಿಸಿದ ವ್ಯಾಧಿ, ಎದೆಬೇನೆ"
ಹೃಷೀಕ,noun,ಸಂ ,1,ಜ್ಞಾನೇಂದ್ರಿಯ
ಹೃಷೀಕೇಶ,noun,ಸಂ ,1,"ಜ್ಞಾನೇಂದ್ರಿಯಗಳ ಒಡೆಯ, ಪರಮಾತ್ಮ"
ಹೃಷ್ಟ,noun,ಸಂ ,1,"ಸಂತೋಷ, ಆಹ್ಲಾದ"
ಹೆ(ಟ್ಟ)ಟ್ಟಿ(ಟ್ಟು)ಗೆ,noun,<ದೇ. ಪೆಟ್ಟುಗೆ ,1,ಹೆಟ್ಟಿಗೆ
ಹೆಂಚು,noun,ದೇ ,1,"ಮೇಲ್ಛಾವಣಿಗೆ ಹೊದಿಸಲು ಬಳಸುವ ಮಣ್ಣಿನ ಸಾಧನ, ಹಂಚು, ಓಡು"
ಹೆಂಟೆ,noun,<ದೇ. ಪೆಂಟೆ ,1,"ಮಣ್ಣು, ಬೆಲ್ಲ ಮೊ.ವುಗಳ ಮುದ್ದೆ, ಉಂಡೆ, ಮಣ್ಣಿನ ಗಟ್ಟಿ"
ಹೆಂಪು,noun,<ದೇ. ಪೆಂಪು ,1,"ಹಿರಿಮೆ, ಘನತೆ"
ಹೆಕ್ಕಳ,noun,<ದೇ. ಪೆರ್ಕಳ ,1,"ಹೆಚ್ಚಳ, ಅತಿಶಯ"
ಹೆಕ್ಕಳಿಕೆ,noun,<ದೇ. ಪೆರ್ಕಳಿಕೆ ,1,"ಹೆಚ್ಚುಗಾರಿಕೆ, ಮೇಲ್ಮೆ"
ಹೆಗಲು,noun,<ದೇ. ಪೆಗಲು ,1,"ಭುಜ, ಸ್ಕಂದ"
ಹೆಗ್ಗಡ(ಡಿ)ತಿ,noun,<ದೇ. ಪೆರ್ಗಡಿತಿ ,1,"ಅರಮನೆ ಮುಂ. ಕಡೆಗಳಲ್ಲಿ ಒಳಾಡಳಿತವನ್ನು ನೋಡಿಕೊಳ್ಳುವವಳು, ಹೆಗ್ಗಡಿತಿ"
ಹೆಗ್ಗಡೆ,noun,<ದೇ. ಪೆರ್ಗಡೆ ,1,"ಗ್ರಾಮದ ಮುಖ್ಯಾಧಿಕಾರಿ, ಒಡೆಯ"
ಹೆಗ್ಗಳಿಕೆ,noun,<ದೇ. ಪೆರ್ಗಳಿಕೆ ,1,"ಹೆಚ್ಚುಗಾರಿಕೆ, ಮೇಲ್ಮೆ"
ಹೆಚ್ಚಳ,noun,<ದೇ. ಪೆರ್ಚಳ ,1,"ಅಧಿಕವಾಗಿರುವುದು, ಆಧಿಕ್ಯ"
ಹೆಚ್ಚಳಿಕೆ,noun,ದೇ ,1,"ಹಿರಿಮೆ, ವೈಶಿಷ್ಟ್ಯ"
ಹೆಚ್ಚು,noun,<ದೇ. ಪೆರ್ಚು ,1,"ಹೆಚ್ಚಳ, ಆಧಿಕ್ಯ, ಹಿರಿದು, ದೊಡ್ಡದು"
ಹೆಜ್ಜೆ,noun,<ದೇ. ಪಜ್ಜೆ ,1,"ಅಡಿ, ಪಾದ"
ಹೆಟ್ಟಿ,noun,ದೇ ,1,"ವ್ಯವಸಾಯದ ಒಂದು ಉಪಕರಣ, ಹೆಂಟೆಗಳನ್ನು ಒಡೆಯಲು ಉಪಯೋಗಿಸುವ ಸಾಧನ"
ಹೆಡಕು,noun,ದೇ ,1,ಹೆಕ್ಕತ್ತು
ಹೆಡಗುಡಿ,noun,ದೇ ,1,"ಹೆಡಮುರಿಗೆ, ಹಿಂಗಟ್ಟು"
ಹೆಡತ(ದ)ಲೆ,noun,ದೇ ,1,"ತಲೆಯ ಹಿಂಭಾಗ, ಹಿಂದಲೆ"
ಹೆಡಮುಡಿ,noun,ದೇ ,1,"ಕೈಗಳನ್ನು ಬೆನ್ನಿನ ಹಿಂದಕ್ಕೆ ಸೇರಿಸಿ ಕಟ್ಟುವ ಕಟ್ಟು, ಹಿಂಗಟ್ಟು"
ಹೆಡಲು,noun,ದೇ ,1,"ತೆಂಗಿನ ಗರಿ, ಸೋಗೆ"
ಹೆಡಸು,noun,<ದೇ. ಪೆಡಸು ,1,"ಬಿಂಕ, ಗರ್ವ"
ಹೆಡೆ,noun,<ದೇ. ಪೆಡೆ ,1,"ಹಾವಿನ ಬಿಚ್ಚಿದ ತಲೆ, ಫಣಿ"
ಹೆಡ್ಡ,noun,<ದೇ. ಎಡ್ಡ ,1,"ತಿಳಿಗೇಡಿ, ಮೂರ್ಖ"
ಹೆಣಿಕೆ,noun,<ದೇ. ಪೆಣಿಗೆ ,1,ಹೆಣೆಯುವುದು
ಹೆಣ್ಣಿಗ,noun,<ದೇ. ಪೆಣ್ಣಿಗ ,1,"ಹೇಡಿ, ಅಂಜುಕುಳಿ"
ಹೆದ್ದೆರೆ,noun,<ದೇ. ಪಿರಿದು + ತೆರೆ ,1,"ದೊಡ್ಡ ಅಲೆ, ತರಂಗ"
ಹೆದ್ದೊರೆ,noun,ದೇ ,1,"ದೊಡ್ಡ ಹೊಳೆ, ಮಹಾನದಿ"
ಹೆಪ್ಪು,noun,<ದೇ. ಪೆಪ್ಪು ,1,ಹಾಲಿಗೆ ಹಾಕುವ ಮೊಸರು ಯಾ ಮಜ್ಜಿಗೆ
ಹೆರೆ,noun,ದೇ ,1,"ಗಡ್ಡೆ, ಮುದ್ದೆ"
ಹೆರ್ಗಡೆ,noun,<ದೇ. ಪೆರ್ಗಡೆ ,1,"ಗ್ರಾಮದ ಮುಖ್ಯಾಧಿಕಾರಿ, ಒಡೆಯ"
ಹೆಲ್ಲಣಿ,noun,<ದೇ. ಪೆಲ್ಲಣೆ ,1,"ಖಡ್ಗಯುದ್ಧದಲ್ಲಿನ ಒಂದು ಪಟ್ಟು, ವರಸೆ"
ಹೆಸರು,noun,<ದೇ. ಪೆಸರು ,1,"ನಾಮಧೇಯ, ನಾಮಾಂಕಿತ"
ಹೇಜೀಬ,noun,<ಅರ. ಹಾಜಿಬ್ ,1,"ದೂತ, ರಾಯಭಾರಿ"
ಹೇಡಿ,noun,<ದೇ. ಪೇಡಿ ,1,"ಅಂಜುಕುಳಿ, ಹೆದರುಪುಕ್ಕ"
ಹೇತು,noun,ಸಂ ,1,"ನಿಮಿತ್ತ, ಕಾರಣ"
ಹೇನು,noun,<ದೇ. ಪೇನು ,1,"ಸಾಮಾನ್ಯವಾಗಿ ಕೊಳಕು ಬಟ್ಟೆ ಹಾಗೂ ತಲೆಯ ಕೂದಲಿನಲ್ಲಿ ಸೇರುವ ಒಂದು ಬಗೆಯ ಸಣ್ಣ ಕ್ರಿಮಿ, ಯೂಕ"
ಹೇಮ,noun,ಸಂ ,1,"ಚಿನ್ನ, ಬಂಗಾರ"
ಹೇಯ,noun,ಸಂ ,1,ಬಿಡಲು ಯೋಗ್ಯವಾದುದು
ಹೇಳೆ,noun,<ಸಂ. ಹೇಳಾ ,1,ಶೃಂಗಾರಚೇಷ್ಟೆ
ಹೇಸಿ,noun,<ದೇ. ಪೇಸಿ ,1,"ಕೊಳಕು ವಸ್ತು, ಹೊಲಸಾದುದು"
ಹೇಸಿಕೆ(ಗೆ),noun,<ದೇ. ಪೇಸಿಗೆ ,1,"ಹೊಲಸು, ಕೊಳಕು"
ಹೈರಾಣ,noun,<ಅರ. ಪಾರ. ಹೈರಾನ್ ,1,"ದಣಿವು, ಬಳಲಿಕೆ"
ಹೊಂಗು,noun,<ದೇ. ಪೊಂಗು ,1,"ಉತ್ಸಾಹ, ಹುರುಪು"
ಹೊಂಚು,noun,<ದೇ. ಪೊಂಚು ,1,"ಸೇರಿಕೆ, ಜೋಡಣೆ"
ಹೊಂಡ,noun,ದೇ ,1,"ಹಳ್ಳ, ತಗ್ಗು"
ಹೊಂತಕಾರ,noun,<ದೇ. ತುಳು ,1,"ಬಲಶಾಲಿ, ಪರಾಕ್ರಮಿ"
ಹೊಂತಕಾರಿ,noun,<ದೇ. ಹೊಂತ ,1,ಪ್ರತಿ ಸ್ಪರ್ಧಿ
ಹೊಂದು,noun,<ದೇ. ಪೊರ್ದು ,1,"ಪಕ್ಕ, ಬದಿ"
ಹೊಂಪು,noun,<ದೇ. ಪೊಂಪು ,1,"ಹೆಚ್ಚಳ, ಮೇಲ್ಮೆ"
ಹೊಂಪುಳಿ,noun,<ದೇ. ಪೊಂಪುಳಿ ,1,"ಹೆಚ್ಚಳ, ಆಧಿಕ್ಯ"
ಹೊಂಬಾಳೆ,noun,<ದೇ. ಪೊಂಬಾಳೆ ,1,"ಅಡಿಕೆ, ತೆಂಗು ಮುಂ. ಮರಗಳಲ್ಲಿ ಹೊರಡುವ ಹೊಡೆಯಾಕಾರದ ಹೂವಿನ ಗೊಂಚಲು, ಕುಹಳಿ"
ಹೊಗರು,noun,<ದೇ. ಪೊಗರು ,1,"ಕಾಂತಿ, ಪ್ರಕಾಶ"
ಹೊಗೆ,noun,<ದೇ. ಪೊಗೆ ,1,ಧೂಮ
ಹೊಟ್ಟೆ,noun,<ದೇ. ಪೊಟ್ಟೆ ,1,ಉದರ
ಹೊಡೆ,noun,<ದೇ. ಪೊಡೆ ,1,"ಏಟು, ಹೊಡೆತ"
ಹೊಣಕೆ,noun,<ದೇ. ಪೊಣರ್ಕೆ ,1,"ಜೊತೆ, ಜೋಡಿ"
ಹೊಣೆ,noun,<ದೇ. ಪೊಣೆ ,1,"ಜವಾಬ್ದಾರಿ, ಉತ್ತರದಾಯಿತ್ವ"
ಹೊಣೆಗಾರ,noun,<ದೇ. ಪೊಣೆ ,1,"ಜವಾಬ್ದಾರಿಯನ್ನು ಹೊತ್ತವನು, ಜವಾಬ್ದಾರ"
ಹೊತ್ತು,noun,<ದೇ. ಪೊತ್ತು ,1,"ಸೂರ್ಯ, ರವಿ"
ಹೊದ(ದಿ)ಕೆ,noun,<ದೇ. ಪೊದಿಕೆ ,1,"ಮುಸುಕು, ಆಚ್ಛಾದನೆ"
ಹೊದರು,noun,<ದೇ. ಪೊದರು ,1,"ಪೊದೆ, ಹಿಂಡಲು"
ಹೊದೆ,noun,<ದೇ. ಪೊದೆ ,1,"ಬಾಣಗಳನ್ನಿಡುವ ಕೋಶ, ಬತ್ತಳಿಕೆ"
ಹೊದ್ದುಗೆ,noun,<ದೇ. ಪೊರ್ದುಗೆ ,1,"ಸಹವಾಸ, ಸಂಬಂಧ"
ಹೊನಲು,noun,<ದೇ. ಪೊನಲ್ ,1,"ಪ್ರವಾಹ, ನೀರೋಟ"
ಹೊನ್ನು,noun,<ದೇ. ಪೊನ್ನು ,1,"ಚಿನ್ನ, ಬಂಗಾರ"
ಹೊಮ್ಮು,noun,ದೇ ,1,"ಹುರುಪು, ಉತ್ಸಾಹ"
ಹೊಯಿಲು,noun,ದೇ ,1,"ಏಟು, ಹೊಡೆತ"
ಹೊಯ್ಕೈ,noun,ದೇ ,1,"ಎಣೆ, ಸಾಟಿ"
ಹೊಯ್ಮಾಲಿ,noun,ದೇ ,1,"ಸೊಗಲಾಡಿ, ಒಯ್ಯಾರಿ"
ಹೊಯ್ಮಾಲೆ,noun,ದೇ ,1,"ಸೋಗು, ಒಯ್ಯಾರ"
ಹೊಯ್ಲು,noun,ದೇ ,1,"ಏಟು, ಹೊಡೆತ"
ಹೊರಕಡೆ,noun,ದೇ ,1,ಕಕ್ಕಸ್ಸು
ಹೊರಗಡೆ,noun,<ದೇ. ಪೊರಗು + ಕಡೆ ,1,"ಹೊರಭಾಗ, ಹೊರಪ್ರದೇಶ"
ಹೊರಗೆ,noun,ದೇ ,1,"ಹೊರಗಡೆಗೆ, ಆಚೆಗೆ"
ಹೊರಚಾಳಿ,noun,ದೇ ,1,"ಹೊರಗಿನ - ನಡವಳಿಕೆ, ವರ್ತನೆ"
ಹೊರಚ್ಚು,noun,ದೇ ,1,"ಬೇರೆ, ಪ್ರತ್ಯೇಕ"
ಹೊರಪು,noun,ದೇ ,1,ಮಳೆಯ ಮೋಡಗಳಿಲ್ಲದೆ ಆಕಾಶವು ನಿರ್ಮಲವಾಗಿ ಕಾಂತಿಯುಕ್ತವಾಗಿರುವುದು
ಹೊರಳಿ,noun,ದೇ ,1,"ಗುಂಪು, ಸಮೂಹ"
ಹೊರಳು,noun,<ದೇ. ಪೊರಳು ,1,"ತಿರುವು, ಬಾಗು"
ಹೊರಳೆ,noun,ದೇ ,1,"ಸುತ್ತಾಟ, ತಿರುಗಾಟ"
ಹೊರಸಲು,noun,ದೇ ,1,ಹಗ್ಗದ ಮಂಚ
ಹೊರಿಗೆ,noun,ದೇ ,1,"ಭಾರ, ಹೊರೆ"
ಹೊರೆ,noun,<ದೇ. ಪೊರೆ ,1,"ರಕ್ಷಣೆ, ಆಶ್ರಯ"
ಹೊಲ,noun,<ದೇ. ಪೊಲ ,1,"ಬೆಳೆ ಬೆಳೆಯುವ ಭೂಮಿ, ಜಮೀನು"
ಹೊಲತಿ,noun,ದೇ ,1,ಹೊಲೆಯರ ಹೆಣ್ಣು
ಹೊಲಸು,noun,<ದೇ. ಪೊಲಸು ,1,"ಕೊಳೆ, ಕೊಳಕು"
ಹೊಲಿಗೆ,noun,ದೇ ,1,ಹೊಲಿಯುವಿಕೆ
ಹೊಲೆ,noun,<ದೇ. ಪೊಲೆ ,1,ಪೊಲೆ
ಹೊಲ್ಲ,noun,<ದೇ. ಪೊಲ್ಲ ,1,"ಕೆಟ್ಟುದು, ಹೀನವಾದುದು"
ಹೊಲ್ಲಮೆ,noun,<ದೇ. ಪೊಲ್ಲಮೆ ,1,"ದುಷ್ಟತನ, ಕೆಟ್ಟತನ"
ಹೊಳಪು,noun,ದೇ ,1,"ತೇಜಸ್ಸು, ಕಾಂತಿ"
ಹೊಳಲು,noun,ದೇ ,1,"ಮರದ ಡೊಗರು, ಪೊಟರೆ"
ಹೊಳಹು,noun,ದೇ ,1,"ಕಾಂತಿ, ಪ್ರಕಾಶ"
ಹೊಳೆ,noun,<ದೇ. ಪೊಳೆ ,1,"ಕಾಂತಿ, ಹೊಳಪು"
ಹೊಳ್ಳು,noun,<ದೇ. ಪೊಳ್ಳು ,1,"ಹುರುಳಿಲ್ಲದುದು, ಜೊಳ್ಳು"
ಹೊಳ್ಳೆ,noun,<ದೇ. ಪೊಳ್ಳೆ ,1,"ಮೂಗಿನ ಸೊಳ್ಳೆ, ನಾಸಾರಂಧ್ರ"
ಹೊಸತು,noun,<ದೇ. ಪೊಸತು ,1,"ನೂತನವಾದುದು, ನವೀನವಾದುದು"
ಹೋಬಳಿ,noun,<ದೇ. ಪೋಬೞ ,1,"ಹೋದ - ದಾರಿ, ಮಾರ್ಗ"
ಹೋಮ,noun,ಸಂ ,1,"ಯಜ್ಞ, ಯಾಗ"
ಹೋರಟೆ,noun,<ದೇ. ಪೋರಟೆ ,1,"ಕಾಳಗ, ಯುದ್ಧ"
ಹೋರಾಟ,noun,ದೇ ,1,"ಕದನ, ಯುದ್ಧ"
ಹೋರಿಗ,noun,ದೇ ,1,"ಆಳು, ಕಿಂಕರ"
ಹೋರು,noun,<ದೇ. ಪೋರು ,1,"ಜಗಳ, ಕಲಹ"
ಹೋರೆ,noun,ದೇ ,1,"ಹನ್ನೆರಡು ರಾಶಿಗಳ ಉದಯ, ಲಗ್ನ"
ಹೋಳಿ,noun,ದೇ ,1,"ಕಾಮನ ಹಬ್ಬ, ಓಕುಳಿ"
ಹೋಳಿಗೆ,noun,<ಸಂ. ಪೋಲಿಕಾ ,1,"ಒಂದು ಬಗೆಯ ಸಿಹಿತಿಂಡಿ, ಒಬ್ಬಟ್ಟು"
ಹೌಸು,noun,<ಅರ. ಹವಸ್ ,1,"ಉತ್ಸಾಹ, ಹುರುಪು"
ಹ್ರಸ್ವ,noun,ಸಂ ,1,"ಚಿಕ್ಕದು, ಕಿರಿದು"
ಹ್ರಾದಿನಿ,noun,ಸಂ ,1,ಮಿಂಚು
ಹ್ರಾಸ,noun,ಸಂ ,1,"ಕಡಮೆಯಾಗುವಿಕೆ, ಕ್ಷೀಣವಾಗುವಿಕೆ"
ಹ್ರೀ,noun,ಸಂ ,1,"ಲಜ್ಜೆ, ಸಂಕೋಚ"
